S01B000062746D6573685F76656E646F725F7365727665722E73333773
S21400000000100020A9A300003BB403003BB403008B
S21400001069CB03003BB403003BB403003BB40300CE
S2140000203BB403003BB403003BB403003BB4030003
S2140000303BB40300100D050083B103003BB403007E
S214000040C5B60300B1C204003BB403003BB40300D2
S214000050B96A0300C1C20400BDC20400A172030055
S214000060B5C20400D9AB000049AD00003BB40300A4
S214000070F1130000A1B203003BB403003BB403003D
S2140000803BB403003BB4030065AD00003BB4030083
S2140000903BB403003BB403003BB403003BB4030093
S2140000A03BB403003BB403003BB403003BB4030083
S2140000B0D5720300B9C20400ED8D030035FC0000C4
S2140000C0117303003BB40300515503003BB4030017
S2140000D03BB403003BB403003BB403003BB4030053
S2140000E03BB403003BB403003BB403003BB4030043
S2140000F03BB403003BB403003BB403000000000025
S214000100013800D0FCE77047000000000000000047
S21400011001F0FF01102A2BDB10F0070F08D010F8B3
S214000120013B013A8B422DD010F0070F42B3F6D1B7
S214000130F0B441EA012141EA014122F007047FF0D0
S21400014000070023F0E80256083C85EA010586EA27
S214000150010685FA47F5A3FA87F586FA47F6A5FA63
S21400016087F68EB9EED1F0BC01F0FF0102F007026F
S21400017032B110F8013B013A83EA010313B1F8D11A
S2140001800020704701387047002D06BF35460338FB
S214000190073815F0010F07D1013015F4807F02BF34
S2140001A0013015F4C03F0130F0BC0138704700BF85
S2140001B013B51F4C01A8214601F03AF960B13BF097
S2140001C0C7F83BF0C6F81B4B1B4918683CF0F7FA1B
S2140001D00023236002B010BD184B1B78022BF9D108
S2140001E04FF47A73206890FBF3F007EE900AF8EE6F
S2140001F0E77A17EE900A39F0E3FA0BA3D3E9002367
S21400020039F050F80E4B002239F07CF939F058FBE3
S214000210DFED0C7A07EE100A67EE277AFDEEE77A36
S21400022017EE903AD5E700BFCDCCCCCCCCCCFC3F7B
S214000230B1310020E01A002058CB04002C13002017
S2140002400000404000007A4470B5414C00238AB05C
S214000250E363054618B10088236017F0E7FB3D4EC0
S2140002603D484BF0EAFC3D4B336030463C4B7360F8
S21400027041F020FF0021304632F0C4FD32A3D3E91E
S2140002800023A062C4E9062341F01FFFD4E9062339
S214000290194310434FF0FF33C4E90601CDE90001CE
S2140002A04FF0FF32A06A4BF031FD02224FF0FF31D3
S2140002B0A06A4BF02DFD012017F062F82949A06ACC
S2140002C04FF4007300224BF08AFDB0F5007F38D162
S2140002D00023CDE90733099394223C23CDE903326A
S2140002E00593A06A962303A9069332F0ADFE35B3B4
S2140002F0287C17F04FFC0546F0B9A06A4BF04CFE80
S21400030017F0F0FB17F01EF820B14FF480700021B4
S21400031014F0C0F817F026F820B14FF40060002162
S21400032014F0B8F841F095FE012032F0BFFD0E4AF9
S2140003300E49A06A41F0BCFE28460AB070BDFF20F8
S214000340D7E70725F8E700BF0DD5015520000000C8
S214000350F8130020C02C0020690345EC1172010040
S214000360B42C0020B42A0020592004009920040050
S21400037010B5054C237833B9044B13B10448AFF3DA
S21400038000800123237010BD4819002000000000E3
S2140003909455050008B5034B1BB103490348AFF35A
S2140003A0008008BD000000004C1900209455050090
S2140003B0A3F5803A704700BF174B002B08BF134BBE
S2140003C09D46FFF7F5FF00218B460F461348144A5B
S2140003D0121A4CF0AAF90E4B002B00D098470D4B82
S2140003E0002B00D098470020002104000D000D4887
S2140003F0002802D00C48AFF3008039F04FFC2000F4
S21400040029003AF0B2FE39F035FC00BF00000800C3
S21400041000000000000000000010002088130020EC
S214000420983D00200000000000000000024A13680B
S21400043003F5FA7313607047D41900207FB5234D77
S214000440234C3AF085FF3AF084FF224928683CF0B6
S214000450B6F9FFF7ADFE204B029304220123CDE947
S21400046000320223A288618820881EF097FE064686
S21400047058B13AF06DFF3AF06CFF184932462868DA
S21400048004B0BDE870403CF09AB93AF061FF3AF02B
S21400049060FF134928683CF092F9A288618820889A
S2140004A01EF09EFE044630B13AF052FF3AF051FF7D
S2140004B00C492246E3E73AF04BFF3AF04AFF0A4976
S2140004C0286804B0BDE870403CF079B9E01A002016
S2140004D08812002094CB0400B1310020B0CB040079
S2140004E0D1CB0400F7CB040010CC040010B5254C8B
S2140004F088B03AF02DFF3AF02CFF234920683CF0F4
S2140005005EF93AF025FF3AF024FF204920683CF0D7
S21400051056F909F095FB002304220F2103200BF067
S21400052059FF1B4B4FF40042C3F89C2000211622B3
S21400053002A84CF0FAF8022116483AF006FF1649CF
S21400054002A84CF01FF9012102A83AF0FEFE012392
S2140005500093124A124800234FF4FA7109F050FC37
S21400056041F2111211464CF2010300201EF026FD46
S2140005703AF0EEFE3AF0EDFE0A4920683CF01FF92C
S21400058008B010BDE01A00202CCC040040CC0400BB
S21400059000A0004650CC04005BCC04002D040000F4
S2140005A09C19002069CC040070B50368764A23F4D1
S2140005B07F4323F0070393428EB0054606D002F130
S2140005C04072934200F087800EB070BD6F4BD3F838
S2140005D0982112BBD3F89821002AFBD03AF0B8FE37
S2140005E03AF0B7FE6A4B6B4918683CF0E8F81622FA
S2140005F0002108A84CF099F8674908A84CF0C2F802
S214000600022108A83AF0A1FE1EF086FC0023634AE9
S21400061063480093642109F0F3FB5D4D3AF098FEC1
S2140006203AF097FE5F4928683CF0C9F81EF02AFCAD
S214000630044610B35C4928683CF0C1F85B4928685A
S2140006403CF0BDF83AF084FE3AF083FE584B009337
S214000650584A594928684FF48E733CF0B0F8574909
S214000660574A286823463CF0AAF8204609F070FB53
S214000670544928683CF0A3F8FEE7534C53492046FB
S21400068019F0FAFD014668B107903AF061FE3AF0BB
S21400069060FE079928680A464D490EB0BDE87040CE
S2140006A03CF08DB8162208A84CF03FF82378049347
S2140006B063780393A3780293E378019323790093F6
S2140006C06379444A162108A839F0DAFC042108A800
S2140006D03AF03BFE78E742682D4C12F020022ED00E
S2140006E0FFF766FD3AF034FE3AF033FE3A492068EA
S2140006F03CF065F8394A04210223686840060AD5AA
S2140007003AF026FE3AF025FE354920683CF057F8C8
S214000710344A01210623CDE90112334D012200920D
S214000720AA88698828881EF039FD064650B13AF036
S2140007300FFE3AF00EFE2D4932462068ADE7114610
S2140007401346DAE73AF004FE3AF003FE284920683A
S2140007503CF035F8AA88698828881EF041FD0546D1
S21400076030B13AF0F5FD3AF0F4FD22492A46E4E7C6
S2140007703AF0EEFD3AF0EDFD1F4920680EB0BDE8F8
S21400078070403CF01CB800BFA000010000201442DE
S214000790E01A002084CC040094CC040051B103007D
S2140007A064190020A2CC0400930C0500AECC040013
S2140007B096D60400B3CC04001BCD04002ACD04005A
S2140007C027CD04003FCD0400AA310020B031002020
S2140007D067CD0400A7CD0400C5CD0400B1310020CC
S2140007E0D3CD04002C13002088120020B0CB0400C8
S2140007F0D1CB0400F7CB0400E1CD04002DE9F04393
S214000800054693B03AF0A4FD414E424C3AF0A1FDA5
S2140008102A684149206832403BF0D1FF2B683F4AA6
S2140008203340934200F0658243D8A2F13C72934273
S21400083000F07B840CD8A2F58012934200F08280F0
S21400084002F5A022934200F05A8213B0BDE8F0836E
S214000850334A934200F0298202F580129342F4D183
S214000860304D2B681622013B00210CA82B604BF064
S2140008705CFF2D490CA84BF085FF02210CA83AF02E
S21400088064FD162200210CA84BF04FFF2B68274A68
S21400089016210CA839F0F4FB03210CA83AF055FDFC
S2140008A03AF056FD3AF055FD214920683BF087FFA7
S2140008B0CBE7204A934200F0098214D802F17E4228
S2140008C0934200F0FD8102F180729342BDD13AF06E
S2140008D03FFD3AF03EFDAA881749206813B0BDE8F0
S2140008E0F0433BF06CBF154A9342AED13AF030FD70
S2140008F03AF02FFDB5F807300193B5F809300093AC
S214000900B5F805302A790E4920683BF058FF9CE779
S214000910F800FFFFE01A00200ACE0400A800140327
S214000920A8001401D81900204BD6040058D604009D
S21400093066D60400A80014088ED00400A800140987
S21400094006D10400914E3AF003FD3AF002FD9049BC
S21400095020683BF034FF334633F8080B0193F379F5
S2140009600093B379B28871881EF050FC07460028C1
S21400097040F0F7803AF0ECFC3AF0EBFC8549206852
S2140009803BF01DFF2F79844D0DF13008002F00F04D
S21400099025813AF0DDFC3AF0DCFC804920683BF02B
S2140009A00EFF0DF12D0304930BAB03930DF12B03F8
S2140009B002930DF12A03CDE900830DF12E03B288D0
S2140009C0718830881EF04AFB09903AF0C1FC3AF074
S2140009D0C0FCBDF83030099A714920683BF0EFFE44
S2140009E03AF0B6FC3AF0B5FC6E4920683BF0E7FEFC
S2140009F0E86829686A6800900023CDE90133012081
S214000A00AB681EF06BFB05463AF0A2FC3AF0A1FC80
S214000A10654920682A463BF0D2FE45B13AF098FC7C
S214000A203AF097FC614920682A463BF0C8FE3AF047
S214000A308FFC3AF08EFC5E4920683BF0C0FE3AF030
S214000A4087FC3AF086FCB38801937388009332885B
S214000A505849206800233BF0B2FEB388728830887D
S214000A6000211EF08FFA58B140F20253984207D088
S214000A703AF06EFC3AF06DFC4F4920683BF09FFE62
S214000A803AF066FC3AF065FC4C4920683BF097FE6D
S214000A9000214CF201030522CDE90311CDE9003215
S214000AA00291B388728830881EF0A4FA58B140F2DA
S214000AB00253984207D03AF04BFC3AF04AFC4049C1
S214000AC020683BF07CFE3AF043FC3AF042FC3D499D
S214000AD020683BF074FEB288718830884CF20103BF
S214000AE01EF06CFA58B140F20253984207D03AF022
S214000AF02FFC3AF02EFC344920683BF060FE3AF0BA
S214000B0027FC3AF026FC314920683BF058FE0022CC
S214000B10114601201EF020FA054640B13AF018FCB6
S214000B203AF017FC214920682A463BF048FE3AF086
S214000B300FFC3AF00EFC264920683BF040FE0421EC
S214000B4002201EF0F5F9054600283FF47EAE3AF086
S214000B50FFFB3AF0FEFB154920682A463BF02FFEC5
S214000B6073E640F20253984205D13AF0F1FB3AF0B0
S214000B70F0FB184903E73AF0EBFB3AF0EAFB1649BC
S214000B8020683A463BF01BFEFCE600BF88120020B9
S214000B901ACE040031CE0400A5D604008DCE040083
S214000BA0A9CE0400E6CE0400FECE040090CF0400DA
S214000BB0A5CF0400BECF0400EFCF0400FFCF040093
S214000BC019D0040028D0040042D0040051D00400FC
S214000BD061D004004ACE040067CE04003AF0B8FBA9
S214000BE03AF0B7FB94492068944E3BF0E8FD39464E
S214000BF0404619F041FBBDF83030C3F30E03338096
S214000C003AF0A6FB3AF0A5FB32888D4920683BF007
S214000C10D6FD3AF09DFB3AF09CFB8A4920683BF0F3
S214000C20CEFD079733880497CDE905736E462B46AD
S214000C3005F1100718685968324603C20833BB42EC
S214000C401646F7D128686968AA68EB681EF026F988
S214000C50054610B37C4920683BF0B1FD7B4920680F
S214000C603BF0ADFD3AF074FB3AF073FB784B794AF3
S214000C707949009320684FF4D5733BF0A0FD77497F
S214000C80774A20682B463BF09AFD284609F060F824
S214000C90744920683BF093FDFEE700900346724AD5
S214000CA07248642109F0ACF8CFE53AF051FB3AF00F
S214000CB050FB6F49206813B0BDE8F0433BF07FBDA2
S214000CC03AF046FB3AF045FB6A49F3E73AF040FB58
S214000CD03AF03FFB28796849684AB5F8053000289D
S214000CE018BF0A466649206813B0BDE8F0433BF0DB
S214000CF066BD3AF02DFB3AF02CFB6249DAE73AF093
S214000D0027FB3AF026FB2B7D0793EB7C06936B7C48
S214000D100593B5F80F30049395F90E300393AB881E
S214000D200293AB8901936B8900932B89EA88564915
S214000D302068DFF880913BF042FD05F116066FF063
S214000D4015083746A8EB05086A7D08EB06039342AC
S214000D5022DB3AF0FDFA3AF0FCFA4C4920683BF008
S214000D602EFD95F8138008F1FF33122B2ED8DFE8FE
S214000D7013F0A3002D00FE000C0120012D002D0015
S214000D802D0034012D002D002D002D002D002D00EE
S214000D901E00320042004D003AF0DAFA3AF0D9FA74
S214000DA016F8012B206849463BF009FDCCE73AF0DF
S214000DB0CFFA3AF0CEFA364920683BF000FD3548C7
S214000DC003213AF0C2FA34483AF0DCFB00263746F4
S214000DD0B146B0467EE03AF0BBFA3AF0BAFA2F498E
S214000DE020683BF0ECFC2E4803213AF0AEFA2A4885
S214000DF03AF0C5FBEAE73AF0ABFA3AF0AAFA294924
S214000E0020683BF0DCFC28480321EEE7EE8A274A00
S214000E10334616210CA839F033F902210CA83AF013
S214000E2094FA3AF095FA3AF094FA21492068324654
S214000E303BF0C5FCCAE700BF1ACF040014310020FF
S214000E402FCF04004ACF0400930C0500AECC04005C
S214000E5083D60400B3CC04001BCD04002ACD0400C6
S214000E6027CD040061CF040051B1030064190020AF
S214000E7079D00400B5D00400FECD0400F6CD040001
S214000E80CDD00400ECD0040053D1040016D00400EA
S214000E9084D204009DD2040054D90400A2D20400D7
S214000EA0BBD20400C9D20400E4D20400ECD2040091
S214000EB0F3D2040080D204003AF04AFA3AF049FA33
S214000EC0B2492068B24E3BF07AFCFFF771F904276E
S214000ED04FF0020918F0010F20D00122CDE9057667
S214000EE0CDE90392AB4B6A7C02929A8801925A88AB
S214000EF00092B5F80F2095F90E10A8891B881EF0F1
S214000F0017F90546002800F0E8803AF021FA3AF092
S214000F1020FAA14920682A463BF051FC18F0020F3F
S214000F201FD03AF015FA3AF014FA9C492068994D09
S214000F303BF045FCCDE9017601230093AA88698839
S214000F4028884B461EF02AF90646002800F0CE8078
S214000F503AF0FEF93AF0FDF99149324620683BF046
S214000F602EFC3AF0F5F93AF0F4F98E49A2E63AF09A
S214000F70EFF901273AF0EDF98B4920688B4E3BF0EC
S214000F801EFC4FF00609B846A4E73AF0E1F93AF03D
S214000F90E0F987492068854E3BF011FC39466A7DAA
S214000FA082484BF09AFB01274FF006094FF00308E2
S214000FB090E73AF0CDF93AF0CCF97E4920687B4EBE
S214000FC03BF0FDFB39466A7D78484BF086FB0127EF
S214000FD04FF006094FF002087CE7774E6A7DDFF88F
S214000FE02482394630464BF078FB3AF0B1F93AF0B5
S214000FF0B0F93278714920683BF0E1FB36783AF078
S214001000A7F93AF0A6F96E49206832463BF0D7FBBE
S2140010103AF09EF93AF09DF96A49206832463BF06C
S214001020CEFB06F0C003802B40D02DD893B3402BC8
S21400103037D0D8F80030002B3DD03AF089F93AF096
S21400104088F9D8F80010604BB1FBF3F24EF660203A
S214001050002703FB12130197B3FBF0F3B1FBF0F785
S21400106000FB17114FF47A772068B1FBF7F1009177
S21400107056493BF0A4FB012736BB554808F0A6FEB0
S2140010804D4E4FF00A09A5E7C02BD2D1514A26F0A3
S214001090C00302E026F0C00364225343C8F80030C1
S2140010A0C7E726F0C0034FF47A72F6E726F0C003CF
S2140010B042F21072F1E73AF04BF93AF04AF9464933
S2140010C020683BF07CFBD6E70097444AD8F800102F
S2140010D03F48002308F094FED2E73AF039F93AF098
S2140010E038F93F4920683BF06AFB17E73AF030F9D9
S2140010F03AF02FF93B4920683BF061FBAA886988E3
S21400110028881EF06DF8054630B13AF021F93AF01D
S21400111020F935492A4621E73AF01AF93AF019F942
S214001120324920683BF04BFB1BE7314A136801331A
S21400113013603AF00DF93AF00CF9EA882D49206868
S2140011403BF03DFB04212C483AF0FFF841F2111227
S21400115011464CF2010300201DF030FF3AF0F8F87B
S2140011603AF0F7F8254920683BF029FB002141F2C8
S21400117011131A4608461DF005FF09903AF0E8F8E4
S2140011803AF0E7F8099A1E49FFF7A7BB05D3040013
S214001190B13100208812002041D5040078D5040023
S2140011A0B0CB040016D004005BD304002C13002040
S2140011B0A3D30400EBD30400B53100203AD40400D6
S2140011C09DD40400CAD4040080EE3600EDD404009A
S2140011D0E0190020C027090024D504003D040000C3
S2140011E064D5040094D50400F7CB0400BBD50400F6
S2140011F0D8190020D9D5040007D6040011D604005B
S2140012002BD60400DC19002001481CF019BD00BFD5
S21400121098D8040038B50AF00FFB0E480E4C012192
S21400122009F05EFF0122114600200AF039FA022575
S21400123001221146C4F8805000200AF031FA01223B
S214001240C4F88450114600200AF02AFAC4F88850E0
S214001250002038BD30253E0000400E40204B07B52C
S21400126001225A641A6842F480721A6001A80BF0D0
S2140012704FFB9DF80530012B03D89DF80430022B58
S2140012800DD9184B4FF41872C3F88C22164AC3F8BF
S2140012909022164AC3F8F022154AC3F8F822154AD7
S2140012A0D2F8A43143F4F843C2F8A4310DF07CF927
S2140012B008F0A4FE0DF014F90DF062F90DF026F911
S2140012C0FFF7A8FF3BF01FFA08F08AFE09F006F9C0
S2140012D009F056FD03B05DF804EB0DF0F1BD00BF5C
S2140012E000000E4000400E409A6F050018010004F2
S2140012F00084320800300E4008B50448012109F089
S214001300EFFEBDE80840024809F0D4B900350A00EF
S2140013100810002030B5224D0FCD97B00FAC0FC48B
S21400132095E80700302384E807008DF855301D4AFD
S2140013301D4BCDE903234FF08073059303F1022381
S21400134006934FF0F0511E23CDE90713102200211B
S2140013500BA84BF0EAF9154B4FF44020CDE90903F2
S2140013600C238DF82C300D238DF82D30104B0C935C
S21400137020230D930F4B009309A903AB0FAA0E4829
S2140013800DF048FB9DF83A30002B04460CBF0321B5
S21400139000214FF4E1303AF021F8204617B030BD76
S2140013A008D9040000000140003204001C0001407F
S2140013B0B6310020181A0020741A0020012905D81A
S2140013C0034B1B68186808B1436A1847704700BF8C
S2140013D02810002008B5044904480DF01DFEBDE89D
S2140013E00840FFF797BF00BF201000206C1A0020AF
S2140013F001483BF051BB00BF741A0020014B1A6A2B
S21400140018681047741A002008B504483AF023F804
S214001410BDE8084002483AF01EB800BF24D90400D0
S2140014203CD9040001483AF0A7B800BF54D90400DC
S214001430124B1B7870B5124C06460D4693B109F058
S2140014405FFD4FF47A73434323602B600D4A0E49C9
S2140014501368336003F57A738B4288BF00231360EA
S214001460002070BD23680B6044F6206203F57A7393
S2140014709342C8BF054B2360E8E700BFD631002083
S21400148034100020981A0020A0860100E0B1FFFF6B
S214001490F8B5084E084F0C460546084930683BF03C
S2140014A08EF9013C2A5D306839463BF088F9013CEC
S2140014B0F8D2F8BDE01A0020C0CD04006CD90400B4
S2140014C0F8B50B4E0B4F04460D4630680A493BF004
S2140014D076F92544AC42306804D1BDE8F8400749A7
S2140014E03BF06DB914F8012B39463BF068F9F1E78B
S2140014F0E01A0020C0CD04006FD9040071D90400A2
S21400150010B5074C39F024FF39F023FF0549206851
S2140015103BF055F920680449BDE810403BF04FB950
S214001520E01A002073D9040083D9040038B50446B5
S214001530D0B30368974A23F47F4323F0070393420C
S21400154004F0458401F28E83A2F13472934206F0D1
S2140015500A8600F2AD85A2F56D02934207F08787F2
S21400156000F2D682A2F56812934207F04A8400F28F
S2140015704581A2F59012934203F0FD8579D8A2F535
S214001580C022934203F03E840FD8A2F580229342F5
S21400159003F07B8002F54032934203F0A383A2F56A
S2140015A08022934202F0078538BD7B4A934203F0BF
S2140015B0E28402F54032934203F08685A2F580224B
S2140015C09342F1D1754D39F0C3FE39F0C2FE74492D
S2140015D028683BF0F4F8734928683BF0F0F8A288D6
S2140015E0714928683BF0EBF8704928683BF0E7F84B
S2140015F0E2886D4928683BF0E2F86D4928683BF0C0
S214001600DEF82289684928683BF0D9F869492868D5
S2140016103BF0D5F86289644928683BF0D0F8664903
S21400162028683BF0CCF8227B644928683BF0C7F872
S214001630634928683BF0C3F8627B604928683BF042
S214001640BEF8604928683BF0BAF8E289564928682F
S2140016503BF0B5F85C4928683BF0B1F8217C04F112
S2140016601100FFF72DFF28685849BDE838403BF0C9
S214001670A6B8574A934203F08E8737D8A2F5802241
S214001680934203F0DA8602F58032934203F03887FD
S214001690A2F50032934287D1404D39F059FE39F019
S2140016A058FE4C4928683BF08AF84B4928683BF0BE
S2140016B086F8A2883C4928683BF081F847492868A4
S2140016C03BF07DF8A2793D4928683BF078F844491C
S2140016D028683BF074F8E279384928683BF06FF8E0
S2140016E028683A49BDE838403BF069B83D4A93421D
S2140016F004F0F68502F5E022934207F01382A2F585
S214001700002293427FF450AF244D39F021FE39F089
S21400171020FE354928683BF052F8244928683BF0FB
S2140017204EF8A288204928683BF049F820492868E6
S2140017303BF045F8E2881C4928683BF040F82B4906
S21400174028683BF03CF8227A1C4928683BF037F8BA
S214001750274928683BF033F8627A184928683BF036
S2140017602EF8244928683BF02AF862890E49286832
S2140017703BF025F8204928683BF021F8A2890A4961
S21400178028683BF01CF828681049BDE838403BF054
S21400179016B800BFA8002804A8001B00E01A002006
S2140017A015E3040036E30400A0CD040021E20400A3
S2140017B047E30400C4DA040058E30400ABD904008D
S2140017C062E3040053DB04006CE3040083D90400E6
S2140017D0A80027001AE504009FE104004AE504007B
S2140017E054E50400A8002900F0EB04001AEC0400FD
S2140017F02FEC040044EC040051EC0400A54A93428C
S21400180005F0848700F2AE80A2F5A022934205F090
S2140018108E8354D8A2F54032934205F06C8002F5D0
S2140018208032934205F0AA82A2F5003293427FF4FA
S214001830BBAE994D39F08CFD39F08BFD9749286881
S2140018403AF0BDFF964928683AF0B9FFA288954954
S21400185028683AF0B4FF944928683AF0B0FFE28866
S214001860904928683AF0ABFF904928683AF0A7FFFD
S21400187022898C4928683AF0A2FF8D4928683AF0F8
S2140018809EFF6289874928683AF099FF8949286847
S2140018903AF095FF227B884928683AF090FF8749FE
S2140018A028683AF08CFFB4F80D207E4928683AF094
S2140018B086FF28688249BDE838403AF080BF814AF2
S2140018C0934205F0998502F58032934205F0D9855A
S2140018D0A2F5003293427FF467AE6F4D39F038FDC3
S2140018E039F037FD784928683AF069FF7749286863
S2140018F03AF065FFA2886B4928683AF060FF6A49AB
S21400190028683AF05CFFE288664928683AF057FF94
S214001910664928683AF053FF2289624928683AF0F7
S2140019204EFF634928683AF04AFF62895D49286895
S2140019303AF045FF664928683AF041FF227B5E4947
S21400194028683AF03CFF634928683AF038FF627B23
S214001950594928683AF033FF28685949BDE83840A5
S2140019603AF02DBF5C4A934206F0C6805DD8A2F5D9
S2140019708022934206F0B28202F58032934205F04E
S2140019805F87A2F5003293427FF40EAE424D39F0E7
S214001990DFFC39F0DEFC514928683AF010FF424976
S2140019A028683AF00CFFA2883E4928683AF007FFFC
S2140019B04B4928683AF003FFA01D0821FFF768FD91
S2140019C0484928683AF0FBFEA27B3B4928683AF073
S2140019D0F6FE454928683AF0F2FEE27B364928686A
S2140019E03AF0EDFE414928683AF0E9FE227C324999
S2140019F028683AF0E4FE3E4928683AF0E0FED4F85B
S214001A0011203C4928683AF0DAFE3B4928683AF04B
S214001A10D6FEB4F91520394928683AF0D0FE286871
S214001A202749BDE838403AF0CABE354A934206F028
S214001A305E8302F5003293427FF4B6AD164D39F060
S214001A4087FC39F086FC2F4928683AF0B8FE16491C
S214001A5028683AF0B4FEA288124928683AF0AFFE29
S214001A60294928683AF0ABFEA279134928683AF06B
S214001A70A6FE264928683AF0A2FEB4F807200949CF
S214001A8028683AF09CFE28680D49BDE838403AF0D0
S214001A9096BE00BFA8005100E01A00204CF10400DA
S214001AA047E30400A0CD040021E2040036E304006E
S214001AB0B6E204006FE40400ABD90400CAF00400E8
S214001AC083D90400A8004E00B7F5040084E20400A1
S214001AD0D3F50400E0F50400A800570012FB04004C
S214001AE030FB04003EFB04004AFB040058FB0400E5
S214001AF069FB040079FB04007DFB040063D6040048
S214001B00A8005800CB040500CADB0400E7FE04006A
S214001B10A04A934207F0398000F20881A2F58812A5
S214001B20934203F092837FD8A2F5E022934203F01B
S214001B30F18041D8A2F58022934202F0688202F535
S214001B408032934202F02E86A2F5A01293427FF4D2
S214001B502BAD914D39F0FCFB39F0FBFB8F49286823
S214001B603AF02DFE8E4928683AF029FEA2888D4963
S214001B7028683AF024FE8C4928683AF020FEA279BC
S214001B808A4928683AF01BFE894928683AF017FE09
S214001B90E279864928683AF012FE864928683AF0C3
S214001BA00EFEA268844928683AF009FE2868834930
S214001BB0BDE838403AF003BE814A934203F09F8165
S214001BC002F58032934203F0F781A2F50032934289
S214001BD07FF4EAAC704D39F0BBFB39F0BAFB7949BB
S214001BE028683AF0ECFD784928683AF0E8FDA288C3
S214001BF06C4928683AF0E3FD744928683AF0DFFD3E
S214001C00E288684928683AF0DAFD714928683AF0AF
S214001C10D6FD227A654928683AF0D1FD28686749DA
S214001C20BDE838403AF0CBBD6A4A934203F0CB8415
S214001C302FD8A2F58022934203F0208402F580324A
S214001C40934203F07E84A2F5003293427FF4ACAC5C
S214001C50514D39F07DFB39F07CFB5F4928683AF03E
S214001C60AEFD5E4928683AF0AAFDA2884D4928686C
S214001C703AF0A5FD5A4928683AF0A1FDA2794B49E9
S214001C8028683AF09CFD28684C49BDE838403AF090
S214001C9096BD544A934204F0E88002F5803293429F
S214001CA07FF482AC3C4D39F053FB39F052FB4E4981
S214001CB028683AF084FD4D4928683AF080FDA288ED
S214001CC0384928683AF07BFD494928683AF077FD9C
S214001CD0E288344928683AF072FD464928683AF0A6
S214001CE06EFD08216018FFF7D3FB434928683AF0D9
S214001CF066FD228A2B4928683AF061FD3F4928682C
S214001D003AF05DFD628A274928683AF058FD3C495A
S214001D1028683AF054FDA28A224928683AF04FFD16
S214001D2028682649BDE838403AF049BD354A93420E
S214001D3005F0018400F2B680A2F5C022934204F0BA
S214001D401F8665D8A2F50032934204F0548302F54C
S214001D508032934204F08584A2F5B81293427FF451
S214001D6023AC0D4D39F0F4FA39F0F3FA2649286819
S214001D703AF025FD254928683AF021FD22790B49DD
S214001D8028683AF01CFD28680C49BDE838403AF04F
S214001D9016BD00BFA8003001E01A0020A7E104002D
S214001DA0CBE10400A0CD0400D4E10400ABD90400CC
S214001DB0DDE10400E6E10400C7D9040083D904008D
S214001DC0A8001A01F5E20400C4DA040065E1040084
S214001DD0D2E20400A80027015EE50400B2D90400A0
S214001DE089E50400A8002801C1EF040021E20400F0
S214001DF036E3040037ED0400F6ED040081EF04003E
S214001E0005EE0400A8004F018B040500BE04050083
S214001E108A4A934205F0C78002F58032934205F065
S214001E208081A2F5403293427FF4BEAB844D39F0F8
S214001E308FFA39F08EFA834928683AF0C0FC824956
S214001E4028683AF0BCFCA288804928683AF0B7FCBB
S214001E507F4928683AF0B3FCE2887C4928683AF063
S214001E60AEFC7C4928683AF0AAFC227A7A492868AF
S214001E703AF0A5FC794928683AF0A1FC627A7649DE
S214001E8028683AF09CFC764928683AF098FCA17AD3
S214001E9004F10B00FFF714FB28687249BDE83840D0
S214001EA03AF08DBC704A934206F0838041D8A2F582
S214001EB00032934205F0668402F58032934205F0C4
S214001EC04C87A2F5003293427FF46EAB5C4D39F03E
S214001ED03FFA39F03EFA654928683AF070FC6449E2
S214001EE028683AF06CFCA288584928683AF067FCE3
S214001EF0554928683AF063FCE288544928683AF065
S214001F005EFC5C4928683AF05AFC22894F492868EA
S214001F103AF055FC584928683AF051FC62894B491A
S214001F2028683AF04CFC28684E49BDE838403AF03C
S214001F3046BC524A934205F0E18402F58032934251
S214001F407FF432AB3E4D39F003FA39F002FA4C49D1
S214001F5028683AF034FC3C4928683AF030FCA288FD
S214001F603A4928683AF02BFC3A4928683AF027FCA8
S214001F70A279394928683AF022FC424928683AF0A2
S214001F801EFCE279344928683AF019FC3E49286874
S214001F903AF015FC22892D4928683AF010FC3B4996
S214001FA028683AF00CFCA27A2B4928683AF007FC1D
S214001FB0374928683AF003FCE27A274928683AF05D
S214001FC0FEFB344928683AF0FAFB227B224928684F
S214001FD03AF0F5FB304928683AF0F1FB627B1E497F
S214001FE028683AF0ECFB2D4928683AF0E8FBA27B1B
S214001FF0194928683AF0E3FB294928683AF0DFFBDC
S214002000E27B154928683AF0DAFB264928683AF058
S214002010D6FB2269244928683AF0D1FB2349286870
S2140020203AF0CDFBA28A094928683AF0C8FB28682E
S2140020300C49BDE838403AF0C2BB00BFA8004C01CE
S214002040E01A0020FCF3040021E20400A0CD040006
S21400205047E3040006DB0400ABD904009FE104005C
S21400206029F4040083D90400A8005301EFF7040004
S21400207084E2040036E30400B6E20400A80054013B
S2140020809BF9040047F904004EF9040056F90400D1
S2140020905CF9040063F904006CF9040075F90400A7
S2140020A083F9040005E50400C7D904008CF9040090
S2140020B0AE4A934206F0738700F22083A2F57C12A4
S2140020C0934203F0FC8100F29381A2F5380293421A
S2140020D007F0EF8100F2A680A2F5E022934207F017
S2140020E03F805CD8A2F50032934206F0F58602F5F2
S2140020F08032934206F0E487A2F5102293427FF4E2
S21400210053AA9B4D39F024F939F023F999492868E8
S2140021103AF055FB984928683AF051FBA28897494F
S21400212028683AF04CFB964928683AF048FBE28863
S214002130924928683AF043FB924928683AF03FFBF8
S214002140227A914928683AF03AFB904928683AF092
S21400215036FB627A8C4928683AF031FB8C4928684D
S2140021603AF02DFBA27A884928683AF028FB89497C
S21400217028683AF024FBE27A834928683AF01FFB85
S214002180854928683AF01BFB227B7F4928683AF08D
S21400219016FB28688149BDE838403AF010BB804AF3
S2140021A0934207F0BD8002F58032934207F01A8111
S2140021B0A2F5403293427FF4F7A96D4D39F0C8F886
S2140021C039F0C7F8774928683AF0F9FA7649286866
S2140021D03AF0F5FA6268754928683AF0F0FA7449F8
S2140021E028683AF0ECFA227A674928683AF0E7FA63
S2140021F0704928683AF0E3FAB4F809205F4928687D
S2140022003AF0DDFA6C4928683AF0D9FAB4F80B20AF
S2140022105A4928683AF0D3FA28686049BDE8384039
S2140022203AF0CDBA654A934202F0958553D8A2F5A6
S2140022308022934201F00D8702F58032934202F02D
S2140022401983A2F5A01293427FF4AEA9484D39F047
S2140022507FF839F07EF85A4928683AF0B0FA5949BA
S21400226028683AF0ACFAA288444928683AF0A7FAF7
S214002270554928683AF0A3FAA279434928683AF003
S2140022809EFA3D4928683AF09AFAE2793E4928686B
S2140022903AF095FA4D4928683AF091FA228937497A
S2140022A028683AF08CFA4A4928683AF088FA62892F
S2140022B0324928683AF083FA464928683AF07FFAA5
S2140022C0A2892E4928683AF07AFA28683349BDE888
S2140022D038403AF074BA404A934202F0F28702F568
S2140022E04032934203F02980A2F5002293427FF405
S2140022F05BA91F4D39F02CF839F02BF837492868C0
S2140023003AF05DFA364928683AF059FAA2881B492D
S21400231028683AF054FA184928683AF050FAE288E1
S214002320164928683AF04BFA2E4928683AF047FAD8
S2140023302289124928683AF042FA2B4928683AF06E
S2140023403EFA62890D4928683AF039FA2749286822
S2140023503AF035FA227B0C4928683AF030FA2868B9
S2140023600E49BDE838403AF02ABA00BFA80062021B
S214002370E01A0020F904050021E20400A0CD0400C4
S214002380B2D904001AFF0400ABD9040029FF0400E8
S21400239039FF040046FF04009BF4040083D90400C0
S2140023A0A8006801DF07050065E10400C7D904003E
S2140023B0FB07050035EE040009080500A800180212
S2140023C0FAE10400CBE10400D4E1040053DB04008E
S2140023D05FDB040023DA0400A8001F02A6E3040063
S2140023E036E3040047E30400C4DA0400D1E3040043
S2140023F0A44A934204F0D18600F29380A2F5A0226C
S214002400934204F08F812FD8A2F5C012934206F0B3
S214002410018402F5B812934204F03380A2F500124C
S21400242093427FF4C1A8984D38F092FF38F091FFA0
S214002430964928683AF0C3F9954928683AF0BFF9F2
S2140024406268944928683AF0BAF9934928683AF0DD
S214002450B6F9217A04F10900FFF732F828688F49A7
S214002460BDE838403AF0ABB98D4A934204F0C284D6
S21400247002F50032934204F00586A2F540329342FC
S2140024807FF492A8804D38F063FF38F062FF8549EC
S21400249028683AF094F9844928683AF090F9A288B6
S2140024A0824928683AF08BF9814928683AF087F91A
S2140024B0E2887E4928683AF082F97E4928683AF030
S2140024C07EF92289794928683AF079F97A492868A4
S2140024D03AF075F96289754928683AF070F97749D3
S2140024E028683AF06CF9227B754928683AF067F953
S2140024F0744928683AF063F9B4F80D206B492868E7
S2140025003AF05DF9704928683AF059F9E17B04F130
S2140025101000FEF7D5FF28686049BDE838403AF05D
S2140025204EB96A4A934205F0948541D8A2F5003226
S214002530934205F0638102F58032934205F04284AF
S214002540A2F5003293427FF42FA84F4D38F000FFDB
S21400255038F0FFFE5E4928683AF031F95D49286890
S2140025603AF02DF9A288514928683AF028F95049DE
S21400257028683AF024F9E2884C4928683AF01FF9AE
S214002580494928683AF01BF92289484928683AF0F0
S21400259016F9494928683AF012F9628943492868C9
S2140025A03AF00DF928683D49BDE838403AF007B9D9
S2140025B0494A934205F0398202F5403293427EF44E
S2140025C0F3AF314D38F0C4FE38F0C3FE43492868F7
S2140025D03AF0F5F8364928683AF0F1F8A288334917
S2140025E028683AF0ECF8304928683AF0E8F8E288CB
S2140025F02E4928683AF0E3F8394928683AF0DFF8B7
S21400260022892A4928683AF0DAF8364928683AF0E2
S214002610D6F804F10A001021FEF73AFF324928687E
S2140026203AF0CDF8A27E264928683AF0C8F82F4935
S21400263028683AF0C4F8E27E214928683AF0BFF8E4
S2140026402B4928683AF0BBF8A28B184928683AF05C
S214002650B6F8284928683AF0B2F8E28B1349286899
S2140026603AF0ADF8244928683AF0A9F894F8202002
S214002670134928683AF0A3F828680849BDE83840A6
S2140026803AF09DB8A8004D02E01A00202DE704009D
S21400269065E10400C7D904004CE7040083D90400B0
S2140026A0A8004A02E6F2040036E30400A0CD0400C7
S2140026B021E2040047E30400B6E204006FE40400ED
S2140026C0ABD90400CAF0040009F30400A8005302C2
S2140026D005F8040084E20400A800550290FD0400FA
S2140026E0B3FD0400C3FD04008EE80400D5FD04001D
S2140026F002FB0400E9FD0400B1EF0400934A934294
S21400270004F0B68100F25E81A2F51C12934202F03C
S2140027105B8600F28B80A2F53702934206F0FF86B6
S2140027204BD8A2F5E022934206F04E8502F5003221
S214002730934206F0B285A2F5403293427EF434AF5F
S214002740834D38F005FE38F004FE824928683AF0DA
S21400275036F8814928683AF032F822797F492868A5
S2140027603AF02DF87E4928683AF029F862797B49D4
S21400277028683AF024F87B4928683AF020F8D4F81C
S2140027800620794928683AF01AF8784928683AF015
S21400279016F8A27A714928683AF011F87449286840
S2140027A03AF00DF8E27A6D4928683AF008F8286899
S2140027B07049BDE838403AF002B86F4A934201F0DB
S2140027C0698402F58032934202F07480A2F5A0126A
S2140027D093427EF4E9AE5E4D38F0BAFD38F0B9FDAE
S2140027E06649286839F0EBFF6549286839F0E7FF45
S2140027F0A2886449286839F0E2FF6349286839F0FE
S214002800DEFFA2795549286839F0D9FF5F49286864
S21400281039F0D5FFB4F807205A49286839F0CFFFB9
S21400282028685449BDE8384039F0C9BF584A934231
S21400283006F02E8230D8A2F50022934203F0C4831D
S21400284002F58032934203F08F85A2F50032934260
S2140028507EF4AAAE3E4D38F07BFD38F07AFD4D4949
S214002860286839F0ACFF4C49286839F0A8FFA288E0
S2140028704449286839F0A3FF4849286839F09FFF83
S214002880D4F806203849286839F099FF286839496D
S214002890BDE8384039F093BF414A934203F0708652
S2140028A002F5803293427EF47FAE294D38F050FD1B
S2140028B038F04FFD3B49286839F081FF3A492868CF
S2140028C039F07DFFA2882F49286839F078FF37490C
S2140028D0286839F074FFE2882A49286839F06FFFC3
S2140028E03349286839F06BFF22892649286839F071
S2140028F066FF3049286839F062FF628921492868F6
S21400290039F05DFF2C49286839F059FF227B1349BE
S214002910286839F054FF2949286839F050FFB4F880
S2140029200D201849286839F04AFF2549286839F0EB
S21400293046FFB4F80F201349286839F040FF28688E
S2140029400C49BDE8384039F03ABF00BFA80049033B
S214002950E01A002020070500A4060500ABD90400F5
S214002960B9060500CF060500C7D90400A405050072
S214002970E106050083D90400A80014032EE2040033
S214002980CBE10400A0CD0400D4E104005BE2040027
S214002990A80030035DE70400C4DA040065E1040023
S2140029A0A8004703FDF1040047E3040021E2040009
S2140029B036E30400B6E204006FE40400CAF0040044
S2140029C02AF204008E4A934205F02A8400F2A4807C
S2140029D0A2F5C022934205F02A8253D8A2F5A0227F
S2140029E0934204F0208402F54032934204F0F285CC
S2140029F0A2F5802293427EF4D7AD824D38F0A8FC33
S214002A0038F0A7FC8049286839F0D9FE7F49286845
S214002A1039F0D5FEA2887E49286839F0D0FE7D4977
S214002A20286839F0CCFEE2887949286839F0C7FE74
S214002A307949286839F0C3FE22897549286839F033
S214002A40BEFE7649286839F0BAFE62897049286861
S214002A5039F0B5FE7249286839F0B1FEA2896C4992
S214002A60286839F0ACFE6F49286839F0A8FEA17BCB
S214002A7004F10F00FEF724FD28686B49BDE83840D6
S214002A8039F09DBE694A934204F0FA8702F5003297
S214002A90934205F09980A2F5802293427EF484AD9D
S214002AA0584D38F055FC38F054FC6149286839F028
S214002AB086FE6049286839F082FEA2885449286854
S214002AC039F07DFE5349286839F079FEE28850498E
S214002AD0286839F074FE5049286839F070FE22895B
S214002AE04B49286839F06BFE4C49286839F067FE78
S214002AF062894749286839F062FE4F49286839F0EC
S214002B005EFE227B4D49286839F059FE2868464902
S214002B10BDE8384039F053BE494A934201F0E4829A
S214002B2042D8A2F53002934206F0798302F50032CD
S214002B30934206F0D383A2F5502293427EF434AD3E
S214002B40304D38F005FC38F004FC3E49286839F072
S214002B5036FE3049286839F032FEA2882C492868AB
S214002B6039F02DFE2C49286839F029FEE2882849DC
S214002B70286839F024FE3449286839F020FE227A85
S214002B802E49286839F01BFE3049286839F017FEB0
S214002B90B4F809201E49286839F011FE2868224931
S214002BA0BDE8384039F00BBE294A934202F036841D
S214002BB002F5A02293427EF4F7AC124D38F0C8FB23
S214002BC038F0C7FB2349286839F0F9FD2249286800
S214002BD039F0F5FDA2880E49286839F0F0FD1F4946
S214002BE0286839F0ECFDD4F806201D49286839F02D
S214002BF0E6FD28680C49BDE8384039F0E0BD00BF66
S214002C00A8005803E01A002087F5040084E20400B8
S214002C10A0CD040021E2040047E30400B6E204006D
S214002C20CAF00400A6F5040083D90400A8005503E2
S214002C30FEFC040036E304008DFC0400ABD904005F
S214002C40A8001404C0000500D4E10400E500050057
S214002C50A800220480E70400C4DA040065E104004A
S214002C60C7D904009A4A934201F02C8300F23C85AF
S214002C7002F17B4202F58A02934205F0E38500F2F8
S214002C80DF82A2F18672934204F0098300F29B81F0
S214002C90A2F57502934205F0E48200F29A80A2F54E
S214002CA07022934203F03D8749D8A2F50032934242
S214002CB003F0B58402F58032934203F0A185A2F5B5
S214002CC0F81293427EF470AC824D38F041FB38F037
S214002CD040FB8149286839F072FD8049286839F040
S214002CE06EFDA2887E49286839F069FD7D4928680E
S214002CF039F065FDE2887A49286839F060FD7A493E
S214002D00286839F05CFD08216018FEF7C1FB77499A
S214002D10286839F054FD228A7149286839F04FFD39
S214002D207349286839F04BFD628A6D49286839F086
S214002D3046FD28686F49BDE8384039F040BD6E4A08
S214002D40934204F0C18402F5E022934204F07787B0
S214002D50A2F5202293427EF427AC5E4D38F0F8FAB6
S214002D6038F0F7FA6549286839F029FD644928687B
S214002D7039F025FDA2885A49286839F020FD5749C0
S214002D80286839F01CFDE2885549286839F017FD97
S214002D905C49286839F013FD22895149286839F0C2
S214002DA00EFD5949286839F00AFD62894C492868A1
S214002DB039F005FD5549286839F001FDE2685449A7
S214002DC0286839F0FCFC28684A49BDE8384039F0E4
S214002DD0F6BC504A934203F0A08000F2B380A2F5FE
S214002DE0A012934201F0A98102F59812934202F0D4
S214002DF00C84A2F54E0293427EF4D6AB354D38F0E5
S214002E00A7FA38F0A6FA4449286839F0D8FC3349BE
S214002E10286839F0D4FCA2883149286839F0CFFCFC
S214002E203E49286839F0CBFCE2882D49286839F0FD
S214002E30C6FC3B49286839F0C2FC22892849286824
S214002E4039F0BDFC3749286839F0B9FC6289244955
S214002E50286839F0B4FC3449286839F0B0FCA289F7
S214002E601F49286839F0ABFC3049286839F0A7FCC0
S214002E70A27B2F49286839F0A2FC2E49286839F031
S214002E809EFCE27B2A49286839F099FC2A49286882
S214002E9039F095FC227C2649286839F090FC2749B1
S214002EA0286839F08CFC627C2149286839F087FC58
S214002EB02349286839F083FCA27C1D49286839F02C
S214002EC07EFC28680B49BDE8384039F078BC00BF66
S214002ED0A800140BE01A002011F0040021E2040000
S214002EE0A0CD040036E3040037ED0400F6ED040040
S214002EF005EE040083D90400A800500491F60400EF
S214002F0084E204009AE20400B6E20400BAF6040082
S214002F10C7D90400A8002805F700050047E3040009
S214002F2006DB0400E5000500B2D9040024E0040036
S214002F30ABD9040029FF04001A01050046FF04006F
S214002F409BF40400A04A934203F0B38402F5803257
S214002F50934203F02B86A2F5C81293427EF424AB6C
S214002F609A4D38F0F5F938F0F4F99949286839F0AF
S214002F7026FC9849286839F022FCA28896492868D9
S214002F8039F01DFC9549286839F019FCE288924909
S214002F90286839F014FC9249286839F010FC227A27
S214002FA09049286839F00BFC8F49286839F007FCEF
S214002FB0627A8C49286839F002FC28688B49BDE89B
S214002FC0384039F0FCBB8A4A934203F0308051D82F
S214002FD0A2F54F02934205F0F98325D8A2F50032F8
S214002FE0934204F0448602F58032934205F05A81FB
S214002FF0A2F5002293427EF4D7AA744D38F0A8F9C1
S21400300038F0A7F97B49286839F0D9FB7A4928684F
S21400301039F0D5FB2179601DFEF752FA286873490E
S214003020BDE8384039F0CBBB744A934201F0928435
S21400303002F59012934202F00983A2F59812934289
S2140030407EF4B2AA614D38F083F938F082F96C4903
S214003050286839F0B4FB5F49286839F0B0FBA288CD
S2140030605D49286839F0ABFB28686049BDE8384000
S21400307039F0A5BB634A934204F032815FD8A2F5CB
S214003080E812934205F08A8602F5C812934203F0CE
S214003090DC85A2F5001293427EF486AA4B4D38F0EA
S2140030A057F938F056F95849286839F088FB5749D7
S2140030B0286839F084FBA2884749286839F07FFBE6
S2140030C05349286839F07BFBA2794649286839F0CD
S2140030D076FB5049286839F072FBE01D0821FEF7A0
S2140030E0D7F94D49286839F06AFBD4F80F204B49C8
S2140030F0286839F064FB4A49286839F060FBB4F860
S21400310013203549286839F05AFB4649286839F0B3
S21400311056FBD4F815204149286839F050FB42493F
S214003120286839F04CFBB4F819202B49286839F088
S21400313046FB28682D49BDE8384039F040BB3B4A7D
S214003140934204F0B58502F5803293427EF42CAAB1
S2140031501E4D38F0FDF838F0FCF83549286839F08F
S2140031602EFB2A49286839F02AFBA2881A492868C3
S21400317039F025FB2F49286839F021FBE2881649EB
S214003180286839F01CFB2C49286839F018FBA2681F
S2140031902249286839F013FB1E49286839F00FFBCE
S2140031A004F10C000821FEF773F92449286839F069
S2140031B006FB217D04F11500FEF782F928680B490D
S2140031C0BDE8384039F0FBBAA8004805E01A0020F0
S2140031D001040500C4DA0400A0CD0400CBE104001D
S2140031E0D4E10400ABD90400CADB040083D9040090
S2140031F0A800280668F8040089F80400A800150648
S214003200A5DA0400A8004D0657EF040021E20400EA
S21400321075EF040037ED040041ED0400C7D9040043
S214003220F6ED040005EE040081EF0400A800570642
S2140032306BFE040036E3040090FE040097FE0400D4
S214003240964A934205F0588000F2608102F17E4271
S21400325002F57F02934204F04C8563D8A2F53C1237
S214003260934202F00E8726D8A2F59812934201F0F8
S214003270888302F59012934202F03A82A2F59812E1
S21400328093427EF491A9864D38F062F838F061F8E2
S2140032908449286839F093FA8349286839F08FFA08
S2140032A0A2888249286839F08AFA28688049BDE8E9
S2140032B0384039F084BA7F4A934203F0158502F508
S2140032C08022934204F06E80A2F5101293427EF4A0
S2140032D06BA9734D38F03CF838F03BF8764928680F
S2140032E039F06DFA7549286839F069FAA2886F498D
S2140032F0286839F064FA7249286839F060FAE2887A
S2140033006A49286839F05BFA6E49286839F057FA36
S21400331008216018FEF7BCF828686549BDE8384003
S21400332039F04DBA684A934202F0048200F2838074
S214003330A2F59812934200F0638702F5803293421A
S21400334001F05183A2F53C0293427EF42DA9544D20
S21400335037F0FEFF37F0FDFF5C49286839F02FFA9A
S2140033605649286839F02BFAA2885049286839F05F
S21400337026FA5749286839F022FAE2884B49286825
S21400338039F01DFA5349286839F019FA227A524959
S214003390286839F014FA5149286839F010FA627A28
S2140033A04D49286839F00BFA4D49286839F007FA74
S2140033B062893E49286839F002FA4A49286839F095
S2140033C0FEF9A2893949286839F0F9F9464928688A
S2140033D039F0F5F9A27B4049286839F0F0F94349FD
S2140033E0286839F0ECF9B4F80F203049286839F02D
S2140033F0E6F93F49286839F0E2F9627C36492868E0
S21400340039F0DDF93B49286839F0D9F9A27C324910
S214003410286839F0D4F93849286839F0D0F9B4F872
S21400342013202249286839F0CAF928682049BDE8DF
S214003430384039F0C4B9314A934202F0778602F533
S214003440803293427EF4B0A8154D37F081FF37F0F6
S21400345080FF2B49286839F0B2F91849286839F0F6
S214003460AEF9A2881149286839F0A9F925492868D3
S21400347039F0A5F9E2880D49286839F0A0F9224903
S214003480286839F09CF9217A04F10900FEF718F84B
S21400349028680749BDE8384039F091B9A8005808AF
S2140034A0E01A0020CDDA0400C4DA0400A0CD04003F
S2140034B083D90400A800490730F0040021E2040084
S2140034C036E3040037ED0400A80027081E020500B6
S2140034D047E30400D4E10400ABD9040024E0040070
S2140034E0B3FD0400B6E2040089F40400E9FD04001C
S2140034F0B1EF0400D5FD040002FB0400A800280874
S21400350050F0040081F0040098F00400B34A93429F
S21400351005F0C18400F29380A2F59802934201F070
S21400352094825CD8A2F53402934205F08A8402F5B0
S2140035303302934200F09086A2F53B0293427EF45B
S21400354033A8A74D37F004FF37F003FFA5492868D6
S21400355039F035F9A449286839F031F9A288A34929
S214003560286839F02CF9A249286839F028F9E28849
S2140035709E49286839F023F99E49286839F01FF9D2
S214003580227A9D49286839F01AF99C49286839F04A
S21400359016F9627A9849286839F011F99849286826
S2140035A039F00DF9A27A9449286839F008F9954956
S2140035B0286839F004F9E27A8F49286839F0FFF86C
S2140035C09149286839F0FBF8217B04F10D00FDF7DE
S2140035D077FF28688D49BDE8384039F0F0B88C4A46
S2140035E0934202F0BB8502F54412934205F08A81AD
S2140035F0A2F5481293427DF4D7AF794D37F0A8FE76
S21400360037F0A7FE8349286839F0D9F88249286838
S21400361039F0D5F8A2887549286839F0D0F87F497E
S214003620286839F0CCF8D4F806207D49286839F0A7
S214003630C6F828687549BDE8384039F0C0B8794AF8
S214003640934203F0388412D8A2F50C12934202F08B
S214003650928002F58032934202F0AA85A2F5A0126B
S21400366093427DF4A1AFBDE83840FDF749BF6E4AEE
S214003670934205F08E8102F5002293427DF494AFCA
S214003680574D37F065FE37F064FE6849286839F014
S21400369096F85549286839F092F8A2885349286860
S2140036A039F08DF86249286839F089F8D4F8062090
S2140036B05B49286839F083F85E49286839F07FF856
S2140036C004F10A000821FDF7E3FE4F49286839F0A7
S2140036D076F8A17C04F11300FDF7F2FE28684B494A
S2140036E0BDE8384039F06BB8534A934204F09E87E1
S2140036F000F24A8202F17B42934204F0978600F27F
S214003700028102F17E42934204F0428600F2A080DB
S214003710A2F57F02934205F0AD8130D8A2F544129F
S214003720934202F05D8502F54012934204F005864E
S214003730A2F5441293427DF437AF294D37F008FEC8
S21400374037F007FE3D49286839F039F832492868CD
S21400375039F035F8A2882549286839F030F82F491D
S214003760286839F02CF8D4F806202D49286839F056
S21400377026F828682549BDE8384039F020B8304A90
S214003780934202F05A8002F58032934202F0A484FB
S214003790A2F5A01293427DF407AF114D37F0D8FD85
S2140037A037F0D7FD2749286839F009F826492868F0
S2140037B039F005F862681A49286839F000F8234994
S2140037C0286838F0FCFF227A0B49286838F0F7FFA3
S2140037D028680E49BDE8384038F0F1BFA8006109F6
S2140037E0E01A00204602050021E20400A0CD0400F5
S2140037F047E30400D4E10400ABD9040024E004004D
S214003800FFDA040046FF040097FE040083D9040094
S214003810A800280937E80400C4DA040065E10400BB
S214003820C7D90400A8004A0AA800590A5C05050082
S21400383090FE040037ED0400A8005813CCE80400FE
S214003840A800270CA9DB0400BCD90400CADB0400CE
S214003850AF4A934202F0F7841DD8A2F5981293421D
S21400386001F01C8102F59012934202F00780A2F547
S214003870981293427DF498AEA64C37F069FD37F067
S21400388068FDA549206838F09AFF2068A349BDE87E
S214003890384038F094BFA24A934200F0348502F5CF
S2140038A09812934202F00C80A2F54F0293427DF4E8
S2140038B07BAE984D37F04CFD37F04BFD99492868A4
S2140038C038F07DFF9849286838F079FFA288974934
S2140038D0286838F074FF9649286838F070FFE28848
S2140038E09249286838F06BFF9249286838F067FFDD
S2140038F0217A04F10900FDF7E3FD28688749BDE851
S214003900384038F05CBF8C4A934202F0C1807BD8C6
S21400391002F17E4202F56D02934200F020853AD80D
S214003920A2F56D02934202F05B8002F544129342C8
S21400393004F0EC85A2F5880293427DF435AE754D11
S21400394037F006FD37F005FD7C49286838F037FF6C
S2140039507B49286838F033FF22797A49286838F09E
S2140039602EFF7949286838F02AFFB4F805206F49F9
S214003970286838F024FF7549286838F020FFB4F826
S21400398007206A49286838F01AFF28686349BDE8A6
S214003990384038F014BF6E4A934204F0F38502F5BF
S2140039A03C02934200F00585A2F56D0293427DF439
S2140039B0FBAD584D37F0CCFC37F0CBFC654928689A
S2140039C038F0FDFE6449286838F0F9FEA2885749A9
S2140039D0286838F0F4FE6149286838F0F0FED4F81C
S2140039E006205F49286838F0EAFE5E49286838F005
S2140039F0E6FEA27A5349286838F0E1FE286847496F
S214003A00BDE8384038F0DBBE574A934204F0E48500
S214003A1038D8A2F58802934200F0F58402F5981291
S214003A20934202F06080A2F54F0293427DF4BCAD53
S214003A30384D37F08DFC37F08CFC4C49286838F050
S214003A40BEFE3949286838F0BAFEA2883749286889
S214003A5038F0B5FE3649286838F0B1FEE2883349BA
S214003A60286838F0ACFE4249286838F0A8FE217A6B
S214003A7004F10900FDF724FD28682849BDE8384010
S214003A8038F09DBE3B4A934200F0DE8402F5981261
S214003A9093427DF489AD1F4D37F05AFC37F059FC40
S214003AA03549286838F08BFE2B49286838F087FEA1
S214003AB0A2881E49286838F082FE2849286838F00F
S214003AC07EFED4F806202649286838F078FE2B4972
S214003AD0286838F074FEA27A1A49286838F06FFE13
S214003AE02749286838F06BFEE27A1649286838F0CD
S214003AF066FE2449286838F062FEA2890B492868C9
S214003B0038F05DFE28680549BDE8384038F057BEF5
S214003B10A800280DE01A0020D2DB040083D9040098
S214003B20A800140E51FF040021E20400A0CD0400FA
S214003B3036E3040037FA0400A800271105DC040069
S214003B40FFDA0400ABD9040006DB0400FAD904004F
S214003B50A8005810C4E90400C4DA040065E10400B3
S214003B60C7D9040023DA0400A8005812F3FF0400A3
S214003B7097FE0400A800141330EA040050EA04007C
S214003B80A0E80400B3E80400B24A934200F06E8551
S214003B9000F2ED8002F17E42934200F0138574D865
S214003BA002F17F42934200F0BD842ED8A2F57F0238
S214003BB0934200F0948702F59012934201F0BE877C
S214003BC0A2F5981293427DF4EFACA34D37F0C0FBFC
S214003BD037F0BFFBA149286838F0F1FDA0492868F6
S214003BE038F0EDFD22799F49286838F0E8FD9E49B7
S214003BF0286838F0E4FD6179A01DFDF761FC2868AF
S214003C009A49BDE8384038F0DABD994A934201F047
S214003C10CA8702F54412934204F02985A2F586026B
S214003C2093427DF4C1AC8C4D37F092FB37F091FB9C
S214003C309049286838F0C3FD8F49286838F0BFFDE2
S214003C40A2888E49286838F0BAFD8D49286838F071
S214003C50B6FDA2798349286838F0B1FD89492868FD
S214003C6038F0ADFDE01D1021FDF712FC86492868EE
S214003C7038F0A5FDE27D7B49286838F0A0FD28686D
S214003C807A49BDE8384038F09ABD804A934200F041
S214003C90D5842FD8A2F56D02934201F0AF8702F5C6
S214003CA04412934204F00485A2F5860293427DF402
S214003CB07BAC694D37F04CFB37F04BFB74492868FA
S214003CC038F07DFD6C49286838F079FDA2886B498C
S214003CD0286838F074FD6F49286838F070FDE2886F
S214003CE06649286838F06BFD28686049BDE83840AA
S214003CF038F065BD684A934200F0F38402F59012EE
S214003D0093427DF451AC544D37F022FB37F021FB43
S214003D106249286838F053FD5E49286838F04FFD40
S214003D20A2885649286838F04AFD5D49286838F068
S214003D3046FDD4F806205B49286838F040FD5A490D
S214003D40286838F03CFD62894C49286838F037FD11
S214003D505649286838F033FD227B4249286838F0F7
S214003D602EFD28684149BDE8384038F028BD504A45
S214003D70934201F0C78700F2A580A2F189729342B0
S214003D8000F00C872ED8A2F56E02934201F08E87C3
S214003D9002F56D02934200F0DD83A2F57F029342A6
S214003DA07DF402AC2C4D37F0D3FA37F0D2FA414905
S214003DB0286838F004FD3349286838F000FD201DD7
S214003DC01021FDF765FB3C49286838F0F8FC227D99
S214003DD02449286838F0F3FC28682449BDE83840B0
S214003DE038F0EDBC354A934200F0D48302F58032B9
S214003DF0934200F0F386A2F56E0293427DF4D4ABB4
S214003E00154D37F0A5FA37F0A4FA2D49286838F092
S214003E10D6FC2349286838F0D2FC62682149286815
S214003E2038F0CDFC0E49286838F0C9FC227A0D49D6
S214003E30286838F0C4FC0C49286838F0C0FC617A61
S214003E4004F10A00FDF73CFB28680849BDE8384045
S214003E5038F0B5BCA8001418E01A0020C0DC040036
S214003E60D9DC0400ABD9040066DA040083D9040068
S214003E70A80027152CE004001EE00400A0CD0400D6
S214003E8024E0040041DE04004EE00400A8001417FD
S214003E9058E00400C4DA0400A8001517EFEA04008E
S214003EA065E10400C7D90400FAD9040023DA040047
S214003EB0A800271A20DE040048DE0400A800141A12
S214003EC057EB0400AD4A934201F0608726D802F112
S214003ED07F42934201F0388702F56E02934200F06B
S214003EE09D8602F17F4293427DF45EABA44D37F08F
S214003EF02FFA37F02EFAA349286838F060FCA2495A
S214003F00286838F05CFCA288A049286838F057FC7E
S214003F1028689F49BDE8384038F051BC9D4A934216
S214003F2000F0A58602F1807293427DF43DAB944D7D
S214003F3037F00EFA37F00DFA9749286838F03FFC4C
S214003F409649286838F03BFC201D1021FDF7A0FAA2
S214003F509349286838F033FC227D9249286838F067
S214003F602EFC9149286838F02AFC627D8D49286825
S214003F7038F025FC8D49286838F021FCA27D894957
S214003F80286838F01CFC8A49286838F018FCE27D5E
S214003F908449286838F013FC8649286838F00FFCF6
S214003FA0227E8049286838F00AFC28687849BDE8EF
S214003FB0384038F004BC724D37F0CAF937F0C9F90A
S214003FC07D49286838F0FBFB7C49286838F0F7FB09
S214003FD022797449286838F0F2FB7949286838F065
S214003FE0EEFBB4F805206949286838F0E8FB754907
S214003FF0286838F0E4FBD4F807207349286838F0BE
S214004000DEFB28686249BDE8384038F0D8BB5C4D16
S21400401037F09EF937F09DF96C49286838F0CFFBE9
S2140040206749286838F0CBFBA2885849286838F0DA
S214004030C6FB6449286838F0C2FBD4F806206249FB
S214004040286838F0BCFB28685149BDE8384038F08D
S214004050B6BB4B4D37F07CF937F07BF95C492868E6
S21400406038F0ADFB5B49286838F0A9FBA2884749C1
S214004070286838F0A4FB5849286838F0A0FBE28886
S2140040804249286838F09BFB28684149BDE838401B
S21400409038F095BB3A4D37F05BF937F05AF94F498F
S2140040A0286838F08CFB4B49286838F088FBA288D3
S2140040B03649286838F083FB4749286838F07FFB84
S2140040C0E2883249286838F07AFB4549286838F093
S2140040D076FB217A04F10900FDF7F2F928682C49ED
S2140040E0BDE8384038F06BBB254D37F031F937F076
S2140040F030F93C49286838F062FB3B49286838F0BC
S2140041005EFB22792749286838F059FB374928682A
S21400411038F055FB62792349286838F050FB34495B
S214004120286838F04CFBA179E01DFDF7C9F928682E
S2140041301749BDE8384038F042BB114D37F008F952
S21400414037F007F92B49286838F039FB2A492868E0
S21400415038F035FB22791349286838F030FB2749B8
S214004160286838F02CFB62790E49286838F027FB5F
S21400417028680749BDE8384038F021BBA800271C4E
S214004180E01A0020BCE00400C4DA0400A0CD04005D
S21400419083D90400A800151D3BE1040041DE04009D
S2140041A062DD0400ABD904006EDD04007BDD040094
S2140041B093DD0400ABDD040087D904009DD904001C
S2140041C0B2D90400BCD90400C7D90400CFD9040072
S2140041D0E5D90400FAD9040009DA04000EDA04006E
S2140041E023DA04002BDA040048DA040058DA040064
S2140041F066DA04006DDA040089DA040098DA04004E
S214004200AB4D37F0A5F837F0A4F8AA49286838F07F
S214004210D6FAA949286838F0D2FA2279A749286838
S21400422038F0CDFAA649286838F0C9FAB4F805205F
S214004230A449286838F0C3FAA349286838F0BFFABA
S214004240B4F807209F49286838F0B9FA28689F49CB
S214004250BDE8384038F0B3BA954D37F079F837F006
S21400426078F89B49286838F0AAFA9A49286838F0FE
S214004270A6FA22799149286838F0A1FA9649286862
S21400428038F09DFAB4F805208E49286838F097FA79
S2140042909249286838F093FAB4F8072089492868C4
S2140042A038F08DFA8E49286838F089FAB4F8092073
S2140042B08449286838F083FA28688449BDE838407D
S2140042C038F07DBA7A4D37F043F837F042F8854932
S2140042D0286838F074FA8449286838F070FA6268FA
S2140042E08249286838F06BFA8149286838F067FAFE
S2140042F0A2687E49286838F062FA28687349BDE8E3
S214004300384038F05CBA6A4D37F022F837F021F8BA
S2140043107849286838F053FA6749286838F04FFA21
S21400432022796649286838F04AFA6549286838F0DC
S21400433046FAB4F805206349286838F040FA62491E
S214004340286838F03CFAB4F807205E49286838F048
S21400435036FA28685D49BDE8384038F030BA544D22
S21400436036F0F6FF36F0F5FF6349286838F027FA8E
S2140043706249286838F023FAA2885249286838F03B
S2140043801EFA5F49286838F01AFAE2884D4928680C
S21400439038F015FA5B49286838F011FA227A47494E
S2140043A0286838F00CFA28684849BDE8384038F0E4
S2140043B006BA3F4D36F0CCFF36F0CBFF52492868A0
S2140043C038F0FDF94D49286838F0F9F9A2883D49DA
S2140043D0286838F0F4F94A49286838F0F0F9E28895
S2140043E03849286838F0EBF94849286838F0E7F982
S2140043F0A2683E49286838F0E2F928683349BDE8E3
S214004400384038F0DCB92A4D36F0A2FF36F0A1FF6E
S2140044103F49286838F0D3F93849286838F0CFF98A
S214004420A2882849286838F0CAF93549286838F03B
S214004430C6F9E2882349286838F0C1F92868234974
S214004440BDE8384038F0BBB9194D36F081FF36F07C
S21400445080FF3049286838F0B2F91B49286838F0E0
S214004460AEF9A2881749286838F0A9F92A492868B9
S21400447038F0A5F9A2791149286838F0A0F927493B
S214004480286838F09CF9E2790C49286838F097F9E2
S2140044902349286838F093F9A2681449286838F048
S2140044A08EF928680949BDE8384038F088B900BF59
S2140044B0E01A0020EBDA0400FFDA0400ABD90400AF
S2140044C006DB0400A0CD0400FAD9040083D904005A
S2140044D00EDB04002DDB040041DB040053DB04008C
S2140044E05FDB04006ADB040086DB0400C7D9040037
S2140044F096DB0400EFDB04001BDC04002FDC04006A
S2140045003ADC040045DC04004CDC040066DC0400F5
S21400451073DC04008CDC0400A6DC0400B4DC0400BD
S214004520BCD90400AF4D36F013FF36F012FFAE498B
S214004530286838F044F9AD49286838F040F9A28870
S214004540AB49286838F03BF92868AA49BDE83840E6
S21400455038F035B9A34D36F0FBFE36F0FAFEA64924
S214004560286838F02CF9A549286838F028F9227907
S214004570A349286838F023F9A249286838F01FF9BB
S2140045806179A01DFCF79CFF28689A49BDE8384071
S21400459038F015B9934D36F0DBFE36F0DAFE9A4960
S2140045A0286838F00CF99149286838F008F9A2888C
S2140045B08F49286838F003F928688E49BDE83840E6
S2140045C038F0FDB8874D36F0C3FE36F0C2FE8F4990
S2140045D0286838F0F4F88E49286838F0F0F8227920
S2140045E08749286838F0EBF88A49286838F0E7F8F1
S2140045F062798349286838F0E2F88749286838F0F5
S214004600DEF8A2797E49286838F0D9F88349286808
S21400461038F0D5F8E2797A49286838F0D0F8804939
S214004620286838F0CCF8227A7549286838F0C7F838
S21400463028687049BDE8384038F0C1B8694D36F092
S21400464087FE36F086FE7749286838F0B8F876494F
S214004650286838F0B4F8A2886549286838F0AFF8BA
S21400466028686449BDE8384038F0A9B85D4C36F093
S2140046706FFE36F06EFE6D49206838F0A0F82068B0
S2140046805C49BDE8384038F09AB8564D36F060FEC2
S21400469036F05FFE6649286838F091F86549286864
S2140046A038F08DF822795649286838F088F862493B
S2140046B0286838F084F8B4F805204D49286838F0A2
S2140046C07EF85E49286838F07AF8D4F807205C4906
S2140046D0286838F074F828684649BDE8384038F04D
S2140046E06EB8404D36F034FE36F033FE5549286835
S2140046F038F065F85449286838F061F8201D102114
S214004700FCF7C6FE5149286838F059F8227D3C4926
S214004710286838F054F84E49286838F050F8B4F84D
S21400472015203349286838F04AF84A49286838F08E
S21400473046F8E27D3249286838F041F8464928684C
S21400474038F03DF8227E2E49286838F038F843497C
S214004750286838F034F8627E2949286838F02FF83F
S2140047603F49286838F02BF8628B2149286838F0D2
S21400477026F83C49286838F022F8227F2049286825
S21400478038F01DF83849286838F019F8B4F81D20B4
S2140047901749286838F013F828681649BDE83840E5
S2140047A038F00DB80F4D36F0D3FD36F0D2FD2F4958
S2140047B0286838F004F82E49286838F000F822797E
S2140047C00F49286837F0FBFF1F49286837F0F7FFC6
S2140047D0601D1021FCF75CFE28680649BDE83840DD
S2140047E037F0EDBFE01A0020E0DC0400C4DA040075
S2140047F0A0CD040083D90400FDDC0400D9DC04004D
S214004800ABD9040066DA040021DD040049DD0400AB
S21400481062DD04006EDD04007BDD040093DD040031
S214004820ABDD0400C1DD0400DBDD0400E9DD0400CF
S214004830FFDD040015DE0400B2D90400BCD9040074
S214004840C7D9040051DE040041DE040068DE04001F
S21400485073DE040080DE04008CDE04009EDE0400AE
S214004860AFDE0400C3DE0400D4DE0400E8DE04008D
S21400487048DE0400AA4D36F06BFD36F06AFDA94905
S214004880286837F09CFFA849286837F098FFA28868
S214004890A649286837F093FFA549286837F08FFFA8
S2140048A0A01D1021FCF7F4FD2868A249BDE8384099
S2140048B037F085BF9A4D36F04BFD36F04AFD9E49DF
S2140048C0286837F07CFF9D49286837F078FFA28873
S2140048D09649286837F073FF9949286837F06FFFC4
S2140048E0D4F806209749286837F069FF9649286863
S2140048F037F065FFA27A9549286837F060FF8A4945
S214004900286837F05CFF04F10B000621FCF7C0FDB9
S2140049108F49286837F053FF627C8C49286837F047
S2140049204EFF8349286837F04AFF04F11200102131
S214004930FCF7AEFD8749286837F041FF94F922203E
S2140049408549286837F03BFF28687A49BDE8384033
S21400495037F035BF724D36F0FBFC36F0FAFC7F4977
S214004960286837F02CFF7249286837F028FF201D8A
S2140049701021FCF78DFD28686E49BDE8384037F0F9
S2140049801EBF674D36F0E4FC36F0E3FC7449286839
S21400499037F015FF7349286837F011FF22796B4905
S2140049A0286837F00CFF7049286837F008FF6279EE
S2140049B06649286837F003FF6C49286837F0FFFE21
S2140049C0A2796249286837F0FAFE5949286837F014
S2140049D0F6FEE01D1021FCF75BFD28685549BDE892
S2140049E0384037F0ECBE4E4D36F0B2FC36F0B1FC37
S2140049F05F49286837F0E3FE4D49286837F0DFFE48
S214004A00201D1021FCF744FD5A49286837F0D7FED0
S214004A10227D4E49286837F0D2FE5749286837F07D
S214004A20CEFE627D4949286837F0C9FE534928689A
S214004A3037F0C5FEA17D04F11700FCF741FD28689C
S214004A403C49BDE8384037F0BABE354D36F080FCFC
S214004A5036F07FFC4A49286837F0B1FE34492868AA
S214004A6037F0ADFE201D1021FCF712FD2E492868F8
S214004A7037F0A5FEA28A2D49286837F0A0FE4149E6
S214004A80286837F09CFEA27D3049286837F097FEEC
S214004A9028682849BDE8384037F091BE204D36F0EA
S214004AA057FC36F056FC3849286837F088FE3749F8
S214004AB0286837F084FE62682249286837F07FFE4F
S214004AC02E49286837F07BFE217A04F10900FCF7AE
S214004AD0F7FC28681749BDE8384037F070BE104D1F
S214004AE036F036FC36F035FC2949286837F067FE84
S214004AF02849286837F063FEA2880C49286837F0F2
S214004B005EFE2549286837F05AFEA2790F492868C4
S214004B1037F055FE28680749BDE8384037F04FBEE5
S214004B20E01A002006DF0400B2D90400A0CD04007D
S214004B3041DE040083D9040023DF04003BDF0400C9
S214004B404EDF0400C7D9040059DF0400ABD90400C7
S214004B5062DF040071DF040063D6040078DF04001F
S214004B6093DF0400AEDF040048DA040058DA0400DD
S214004B70B7DF040089DA040098DA040066DA040075
S214004B80D3DF040068DE0400E6DF0400F4DF040080
S214004B90FBDF04001EE0040024E00400834D36F032
S214004BA0D7FB36F0D6FB8249286837F008FE8149E5
S214004BB0286837F004FEA2887F49286837F0FFFD92
S214004BC07E49286837F0FBFDA01D1021FCF760FC2D
S214004BD028687B49BDE8384037F0F1BD734D36F0A4
S214004BE0B7FB36F0B6FB7749286837F0E8FD714921
S214004BF0286837F0E4FDA2886F49286837F0DFFDA3
S214004C006E49286837F0DBFDA01D1021FCF740FC3C
S214004C1028686B49BDE8384037F0D1BD634D36F0A3
S214004C2097FB36F096FB6849286837F0C8FD61495F
S214004C30286837F0C4FDA2885F49286837F0BFFDB2
S214004C405E49286837F0BBFDA01D1021FCF720FC4C
S214004C505E49286837F0B3FDA17D04F11700FCF724
S214004C602FFC28685649BDE8384037F0A8BD4F4DA0
S214004C7036F06EFB36F06DFB5549286837F09FFD21
S214004C804C49286837F09BFDA2884B49286837F0C6
S214004C9096FD4A49286837F092FDA01D1021FCF7C2
S214004CA0F7FB4C49286837F08AFDE28A42492868B3
S214004CB037F085FD4849286837F081FD227E474950
S214004CC0286837F07CFD4649286837F078FD617E15
S214004CD004F11A00FCF7F4FB28683949BDE83840AF
S214004CE037F06DBD314D36F033FB36F032FB3D49C3
S214004CF0286837F064FD3C49286837F060FD626834
S214004D003A49286837F05BFD28682D49BDE83840E9
S214004D1037F055BD254D36F01BFB36F01AFB3449EF
S214004D20286837F04CFD3049286837F048FD62683F
S214004D302E49286837F043FD2E49286837F03FFD96
S214004D4022891D49286837F03AFD28681C49BDE8C5
S214004D50384037F034BD154D36F0FAFA36F0F9FA29
S214004D602549286837F02BFD1F49286837F027FDAE
S214004D7062681E49286837F022FD2049286837F007
S214004D801EFD227A1549286837F019FD1C49286847
S214004D9037F015FDB4F809200749286837F00FFDED
S214004DA028680749BDE8384037F009BDE01A0020FA
S214004DB077E00400C4DA0400A0CD040041DE04005D
S214004DC083D9040098E00400DCE0040000E104005D
S214004DD007E104002AE1040033E10400ABD9040033
S214004DE066DA040050E1040065E10400C7D9040057
S214004DF06EE1040048DE040086E10400FFDA0400E9
S214004E009FE10400944D36F0A3FA36F0A2FA9349D7
S214004E10286837F0D4FC9249286837F0D0FCA2887E
S214004E209049286837F0CBFC8F49286837F0C7FCD4
S214004E30E2888C49286837F0C2FC8C49286837F02D
S214004E40BEFC22898749286837F0B9FC884928685B
S214004E5037F0B5FC62898349286837F0B0FC85498D
S214004E60286837F0ACFCA2897E49286837F0A7FC92
S214004E708149286837F0A3FC94F90E207F492868FA
S214004E8037F09DFC7E49286837F099FCB4F80F206F
S214004E907449286837F093FC7A49286837F08FFC05
S214004EA0627C7949286837F08AFC7849286837F0A8
S214004EB086FCA27C7449286837F081FC744928680F
S214004EC037F07DFCE27C7049286837F078FC714941
S214004ED0286837F074FC227D6B49286837F06FFC31
S214004EE06D49286837F06BFC617D04F11600FCF70D
S214004EF0E7FA28686949BDE8384037F060BC564D87
S214004F0036F026FA36F025FA6549286837F057FC59
S214004F106449286837F053FCA2885249286837F05D
S214004F204EFC5149286837F04AFCE2884D4928680B
S214004F3037F045FC5C49286837F041FC228949492E
S214004F40286837F03CFC5949286837F038FC6289F5
S214004F504449286837F033FC5549286837F02FFC59
S214004F60227B4949286837F02AFC28684B49BDE867
S214004F70384037F024BC384D36F0EAF936F0E9F917
S214004F804C49286837F01BFC3749286837F017FC6F
S214004F90A2883449286837F012FC4749286837F059
S214004FA00EFCA2793849286837F009FC28683B4986
S214004FB0BDE8384037F003BC274D36F0C9F936F067
S214004FC0C8F93E49286837F0FAFB3749286837F0B1
S214004FD0F6FBA2882349286837F0F1FB22492868A7
S214004FE037F0EDFBE2881F49286837F0E8FB2D49CB
S214004FF0286837F0E4FB22891A49286837F0DFFB77
S2140050001F49286837F0DBFB62891649286837F0A5
S214005010D6FB2B49286837F0D2FB227B1A49286832
S21400502037F0CDFB1149286837F0C9FBB4F80D20DE
S2140050300C49286837F0C3FB2249286837F0BFFBC5
S214005040E27B1149286837F0BAFB28681349BDE8A7
S214005050384037F0B4BB00BFE01A00206AE2040014
S21400506084E20400A0CD040021E2040053DB040027
S2140050705FDB04009AE20400ABE2040063D604009F
S214005080B6E20400C5E20400ABD90400D2E2040094
S214005090E2E2040033E10400EBE2040083D90400FA
S2140050A075E3040036E3040047E30400C4DA0400B2
S2140050B09DE30400E1E30400FEE304000AE40400C8
S2140050C062E304002AE40400A84D36F041F936F005
S2140050D040F9A749286837F072FBA649286837F0D8
S2140050E06EFBA288A449286837F069FBA3492868A4
S2140050F037F065FBE288A049286837F060FBA049D6
S214005100286837F05CFB22899B49286837F057FBF4
S2140051109C49286837F053FB62899749286837F01E
S2140051204EFB9949286837F04AFBE2689749286899
S21400513037F045FB9649286837F041FB228A8E49AE
S214005140286837F03CFB9349286837F038FBA27C88
S2140051509149286837F033FB9049286837F02FFBD1
S214005160E17C04F11400FCF7ABF928688C49BDE833
S214005170384037F024BB7D4D36F0EAF836F0E9F8D3
S2140051808849286837F01BFB7E49286837F017FBEC
S214005190A2887949286837F012FB7849286837F0E2
S2140051A00EFBE2887449286837F009FB74492868C2
S2140051B037F005FB22897049286837F000FB6D49F7
S2140051C0286837F0FCFA62896B49286837F0F7FAE6
S2140051D07549286837F0F3FAA2896749286837F0D6
S2140051E0EEFA7249286837F0EAFAD4F80E206749D2
S2140051F0286837F0E4FA6E49286837F0E0FA628AE1
S2140052005D49286837F0DBFA6149286837F0D7FA35
S214005210A28A5949286837F0D2FA5E49286837F0DA
S214005220CEFAA27D5C49286837F0C9FA5B4928683F
S21400523037F0C5FAE17D04F11800FCF741F928685B
S2140052405749BDE8384037F0BABA484D36F080F8CE
S21400525036F07FF85749286837F0B1FA474928688A
S21400526037F0ADFAA2884449286837F0A8FA4449CE
S214005270286837F0A4FAE2883F49286837F09FFA92
S2140052804149286837F09BFAA2684049286837F0F9
S21400529096FA4049286837F092FA227B3E492868F9
S2140052A037F08DFA3D49286837F089FA617B04F1BA
S2140052B00E00FCF705F928683949BDE8384037F094
S2140052C07EBA2A4D36F044F836F043F83A49286854
S2140052D037F075FA2949286837F071FAA288264906
S2140052E0286837F06CFA2649286837F068FAE288AA
S2140052F02149286837F063FA3049286837F05FFAA2
S214005300A2682249286837F05AFA2249286837F0F6
S21400531056FA227B2049286837F051FA1F49286838
S21400532037F04DFA617B04F10E00FCF7C9F82868E7
S2140053301B49BDE8384037F042BA0C4D36F008F845
S21400534036F007F81E49286837F039FA1D492868EC
S21400535037F035FAA2880849286837F030FA286806
S2140053600F49BDE8384037F02ABA00BFE01A0020DF
S2140053703EE4040036E30400A0CD040021E204006D
S2140053805FDB040047E3040060E40400C7D90400C0
S2140053906FE40400FFDA0400ABD9040077E40400ED
S2140053A083D9040084E40400B6E20400A7E4040001
S2140053B0B7E40400C2E40400E4E4040005E50400E5
S2140053C092E50400B2D90400B14D35F0C1FF35F0C6
S2140053D0C0FFB049286837F0F2F9AF49286837F0BF
S2140053E0EEF9A288AD49286837F0E9F9AC49286893
S2140053F037F0E5F9E288A949286837F0E0F9A949C5
S214005400286837F0DCF92289A449286837F0D7F9EC
S2140054102868A549BDE8384037F0D1B99C4C35F02E
S21400542097FF35F096FFA149206837F0C8F9206845
S2140054309D49BDE8384037F0C2B9954D35F088FF34
S21400544035F087FF9A49286837F0B9F999492868EE
S21400545037F0B5F9A2889149286837F0B0F996492F
S214005460286837F0ACF9E2888C49286837F0A7F945
S21400547028688D49BDE8384037F0A1B9844D35F02D
S21400548067FF35F066FF8D49286837F098F9894937
S214005490286837F094F9A2888049286837F08FF991
S2140054A08749286837F08BF9E2887C49286837F006
S2140054B086F928687C49BDE8384037F080B9744DD5
S2140054C035F046FF35F045FF7E49286837F077F916
S2140054D07849286837F073F9A2887049286837F049
S2140054E06EF97749286837F06AF9E2886B492868C8
S2140054F037F065F928686C49BDE8384037F05FB981
S214005500634D35F025FF35F024FF6F49286837F0E6
S21400551056F96849286837F052F9A2885F49286822
S21400552037F04DF96949286837F049F9E2885B4950
S214005530286837F044F928685B49BDE8384037F0FA
S2140055403EB9534D35F004FF35F003FF6049286837
S21400555037F035F95749286837F031F9A2884F49AE
S214005560286837F02CF95949286837F028F9E28876
S2140055704A49286837F023F95149286837F01FF957
S21400558022894649286837F01AF928684649BDE84E
S214005590384037F014B93E4D35F0DAFE35F0D9FE16
S2140055A04C49286837F00BF94B49286837F007F95B
S2140055B062684A49286837F002F928683A49BDE81F
S2140055C0384037F0FCB8324D35F0C2FE35F0C1FE3B
S2140055D04349286837F0F3F82F49286837F0EFF882
S2140055E0A2882E49286837F0EAF83B49286837F041
S2140055F0E6F8D4F806203949286837F0E0F8286835
S2140056002949BDE8384037F0DAB8214D35F0A0FE1C
S21400561035F09FFE3349286837F0D1F82E492868C0
S21400562037F0CDF862682D49286837F0C8F82E495B
S214005630286837F0C4F8217A04F10900FBF740FF28
S21400564028681949BDE8384037F0B9B8104D35F02C
S2140056507FFE35F07EFE2549286837F0B0F80E4903
S214005660286837F0ACF8A2880C49286837F0A7F805
S2140056701949286837F0A3F8D4F80620174928688F
S21400568037F09DF828680849BDE8384037F097B8E5
S214005690E01A0020C1E50400C4DA0400A0CD04002E
S2140056A0E8E50400F6E5040083D9040004E60400F7
S2140056B02AE60400FAD904004AE604005BE6040081
S2140056C048DE040076E6040095E60400B8E604002A
S2140056D0C6E60400E8E6040065E10400C7D9040055
S2140056E00CE70400A1E70400C0E70400D1E70400CB
S2140056F0A04D35F02DFE35F02CFE9F49286837F07A
S2140057005EF89E49286837F05AF8A2889C492868AF
S21400571037F055F89B49286837F051F8D4F806203A
S2140057209949286837F04BF828689849BDE838400A
S21400573037F045B88F4D35F00BFE35F00AFE94492C
S214005740286837F03CF88F49286837F038F86268E0
S2140057508D49286837F033F88E49286837F02FF8D7
S214005760217A04F10900FBF7ABFE28688749BDE8FB
S214005770384037F024B87F4D35F0EAFD35F0E9FDC6
S2140057808549286837F01BF87C49286837F017F8F1
S214005790A2887B49286837F012F87A49286837F0DB
S2140057A00EF8D4F806207849286837F008F87B49C0
S2140057B0286837F004F862897149286836F0FFFFD8
S2140057C07749286836F0FBFFA2896D49286836F0CD
S2140057D0F6FF7449286836F0F2FFA27B7249286803
S2140057E036F0EDFF7149286836F0E9FFE27B6E4936
S2140057F0286836F0E4FF6E49286836F0E0FF226934
S2140058006149286836F0DBFF6A49286836F0D7FF1A
S214005810227D6549286836F0D2FF6749286836F049
S214005820CEFFB4F815205649286836F0C8FF286819
S2140058305649BDE8384036F0C2BF4E4D35F088FDBB
S21400584035F087FD5D49286836F0B9FF4D49286870
S21400585036F0B5FF62684C49286836F0B0FF584904
S214005860286836F0ACFF217A04F10900FBF728FE21
S21400587028684649BDE8384036F0A1BF3D4D35F0B2
S21400588067FD35F066FD4F49286836F098FF3B49BE
S214005890286836F094FFA2883949286836F08FFFCA
S2140058A03849286836F08BFFD4F806203649286831
S2140058B036F085FF28683549BDE8384036F07FBFAA
S2140058C02C4D35F045FD35F044FD3F49286836F04F
S2140058D076FF2A49286836F072FFA2882849286889
S2140058E036F06DFF2749286836F069FFD4F80620A1
S2140058F02549286836F063FF3449286836F05FFF8C
S21400590062891F49286836F05AFF3149286836F000
S21400591056FFA2891A49286836F051FF2D49286893
S21400592036F04DFFA27B2049286836F048FF2A490A
S214005930286836F044FFE27B1B49286836F03FFFB4
S2140059401A49286836F03BFF227C1749286836F04B
S21400595036FF2249286836F032FFB4F8112008498D
S214005960286836F02CFF28680849BDE8384036F02D
S21400597026BF00BFE01A0020F4E70400C4DA0400E3
S214005980A0CD040065E10400C7D9040083D9040053
S21400599016E80400C0E704005CE80400B2D904007E
S2140059A0B6E2040080E80400ABD904008EE80400E8
S2140059B094E80400A0E80400B3E80400F0E804005B
S2140059C00DE9040019E904003AE9040084E2040041
S2140059D0FAD9040062E904006EE904007BE90400D9
S2140059E09C4D35F0B5FC35F0B4FC9B49286836F084
S2140059F0E6FE9A49286836F0E2FEA28898492868AA
S214005A0036F0DDFE9749286836F0D9FED4F8062031
S214005A109549286836F0D3FE9449286836F0CFFEBC
S214005A2062898F49286836F0CAFE9149286836F0A0
S214005A30C6FEA2898A49286836F0C1FE8D492868C4
S214005A4036F0BDFEA27B8C49286836F0B8FE8B493E
S214005A50286836F0B4FEE27B8749286836F0AFFE49
S214005A608749286836F0ABFE227C8349286836F0E2
S214005A70A6FE8449286836F0A2FE627C7E49286825
S214005A8036F09DFE28688049BDE8384036F097BE5F
S214005A90704D35F05DFC35F05CFC7C49286836F0CE
S214005AA08EFE6E49286836F08AFEA2886C49286801
S214005AB036F085FE6B49286836F081FED4F806205D
S214005AC06949286836F07BFE7149286836F077FE0B
S214005AD0A27A6949286836F072FE28686A49BDE8E5
S214005AE0384036F06CBE5B4D35F032FC35F031FC9C
S214005AF06849286836F063FE5849286836F05FFE25
S214005B00A2885749286836F05AFE5649286836F063
S214005B1056FED4F806205449286836F050FE5C49F4
S214005B20286836F04CFEA27A5349286836F047FEBD
S214005B3028685549BDE8384036F041BE454D35F039
S214005B4007FC35F006FC5449286836F038FE434911
S214005B50286836F034FEA2884149286836F02FFEC1
S214005B604049286836F02BFED4F806203E492868BF
S214005B7036F025FE4949286836F021FEA27A3E49CD
S214005B80286836F01CFE4649286836F018FEB4F839
S214005B900B203349286836F012FE28683A49BDE8DB
S214005BA0384036F00CBE2B4D35F0D2FB35F0D1FB2D
S214005BB03C49286836F003FE2849286836F0FFFD81
S214005BC0A2882749286836F0FAFD2649286836F064
S214005BD0F6FDD4F806202449286836F0F0FD2C4956
S214005BE0286836F0ECFDA27A2349286836F0E7FDEF
S214005BF028682549BDE8384036F0E1BD154D35F03A
S214005C00A7FB35F0A6FB2849286836F0D8FD1349CF
S214005C10286836F0D4FDA2881149286836F0CFFDF2
S214005C201049286836F0CBFDD4F806200E492868BF
S214005C3036F0C5FD1649286836F0C1FDA27A0E4931
S214005C40286836F0BCFD28680F49BDE8384036F0B5
S214005C50B6BD00BFE01A002086E90400C4DA0400DE
S214005C60A0CD040065E10400C7D904009AE2040050
S214005C7084E204006EE90400ABD9040062E9040083
S214005C80AEE90400B9E9040083D90400E5E904009C
S214005C9023DA04000BEA040058EA040083EA04004E
S214005CA094EA0400ABEA0400CEEA0400A74D35F0FF
S214005CB04FFB35F04EFBA649286836F080FDA54917
S214005CC0286836F07CFDA288A349286836F077FD60
S214005CD0A249286836F073FDD4F80620A049286843
S214005CE036F06DFD9F49286836F069FDD4F80A2025
S214005CF09B49286836F063FD28689B49BDE8384014
S214005D0036F05DBD914D35F023FB35F022FB97490B
S214005D10286836F054FD8F49286836F050FDA28872
S214005D208D49286836F04BFD8C49286836F047FDCB
S214005D30D4F806208A49286836F041FD28688A4942
S214005D40BDE8384036F03BBD804D35F001FB35F000
S214005D5000FB8749286836F032FD7E49286836F011
S214005D602EFDA2887C49286836F029FD7B492868E4
S214005D7036F025FDD4F806207949286836F01FFD50
S214005D8028687949BDE8384036F019BD6F4D35F0C2
S214005D90DFFA35F0DEFA7749286836F010FD7649E6
S214005DA0286836F00CFDA2886B49286836F007FD97
S214005DB07249286836F003FDE2886749286836F09D
S214005DC0FEFC28686849BDE8384036F0F8BC5F4DF0
S214005DD035F0BEFA35F0BDFA6949286836F0EFFCB2
S214005DE06849286836F0EBFCA2885B49286836F0DC
S214005DF0E6FC6549286836F0E2FCA2796349286823
S214005E0036F0DDFC6249286836F0D9FCE2795F4955
S214005E10286836F0D4FC5F49286836F0D0FC228922
S214005E204D49286836F0CBFC5B49286836F0C7FC3D
S214005E3062894949286836F0C2FC5849286836F015
S214005E40BEFC227B5149286836F0B9FC54492868C4
S214005E5036F0B5FC627B4D49286836F0B0FC286801
S214005E604149BDE8384036F0AABC384D35F070FAE6
S214005E7035F06FFA4B49286836F0A1FC414928688E
S214005E8036F09DFCA2883449286836F098FC4649CE
S214005E90286836F094FCE2882F49286836F08FFC94
S214005EA04249286836F08BFC227A3849286836F052
S214005EB086FC3F49286836F082FC627A33492868B7
S214005EC036F07DFC3B49286836F079FC04F10A0080
S214005ED00821FBF7DDFA3849286836F070FCD4F85C
S214005EE012201F49286836F06AFC3449286836F0C4
S214005EF066FCA27D2549286836F061FC3049286892
S214005F0036F05DFCE17D04F11800FBF7D9FA28684D
S214005F101549BDE8384036F052BC0C4D35F018FA3D
S214005F2035F017FA2749286836F049FC15492868DD
S214005F3036F045FCA2880849286836F040FC2868F8
S214005F400949BDE8384036F03ABC00BFE01A0020E8
S214005F501BEB0400C4DA0400A0CD040065E10400D5
S214005F60C7D9040045EB040083D9040073EB040092
S214005F7093EB0400B3EB0400D7EB0400E2EB040061
S214005F8062EC040021E204008DEC0400ABD90400AE
S214005F90A2EC0400B7EC0400CCEC0400DDEC04003A
S214005FA0F8EC040010ED040047E30400D4E104001C
S214005FB024E0040037ED040041ED04004DED04003C
S214005FC05EED040074ED0400AB4D35F0C1F935F01C
S214005FD0C0F9AA49286836F0F2FBA949286836F0C5
S214005FE0EEFBA288A749286836F0E9FBA649286890
S214005FF036F0E5FBE288A349286836F0E0FBA349C3
S214006000286836F0DCFB227AA149286836F0D7FBF0
S214006010A049286836F0D3FB617A04F10A00FBF742
S2140060204FFA28689C49BDE8384036F0C8BB924D08
S21400603035F08EF935F08DF99849286836F0BFFBB3
S2140060408F49286836F0BBFBA2888E49286836F050
S214006050B6FB9349286836F0B2FBE288894928687F
S21400606036F0ADFB8F49286836F0A9FBA2688E494A
S214006070286836F0A4FB28688749BDE8384036F023
S2140060809EBB7D4D35F064F935F063F98749286885
S21400609036F095FB7A49286836F091FBA288794954
S2140060A0286836F08CFB8249286836F088FBD4F8DE
S2140060B006207D49286836F082FB7E49286836F03F
S2140060C07EFB62896F49286836F079FB286872493A
S2140060D0BDE8384036F073BB674D35F039F935F01A
S2140060E038F97549286836F06AFB6549286836F03D
S2140060F066FBA2886349286836F061FB6249286817
S21400610036F05DFBE2885F49286836F058FB614947
S214006110286836F054FB217A04F10900FBF7D0F921
S21400612028685D49BDE8384036F049BB524D35F029
S2140061300FF935F00EF96149286836F040FB5049F2
S214006140286836F03CFBA2884E49286836F037FBB4
S21400615028685149BDE8384036F031BB464D35F029
S214006160F7F835F0F6F85649286836F028FB444923
S214006170286836F024FBA2884249286836F01FFBC0
S2140061805049286836F01BFBA2794149286836F04A
S21400619016FB4D49286836F012FBE2793C49286820
S2140061A036F00DFB28683C49BDE8384036F007BBA2
S2140061B0314D35F0CDF835F0CCF84449286836F046
S2140061C0FEFA2F49286836F0FAFAA2882D49286880
S2140061D036F0F5FA28683049BDE8384036F0EFBAB0
S2140061E0254D35F0B5F835F0B4F83949286836F05D
S2140061F0E6FA2349286836F0E2FAA2882149286898
S21400620036F0DDFA2049286836F0D9FAE2881D49CA
S214006210286836F0D4FA2F49286836F0D0FA227A61
S2140062201B49286836F0CBFA2B49286836F0C7FA9F
S214006230627A1749286836F0C2FA28681649BDE817
S214006240384036F0BCBA0C4D35F082F835F081F89F
S2140062502249286836F0B3FA0949286836F0AFFABA
S214006260A2880849286836F0AAFA28680A49BDE8CC
S214006270384036F0A4BA00BFE01A00209CED0400B7
S21400628021E20400A0CD040047E30400D4E10400AA
S214006290ABD90400C0ED040083D90400D1ED04009E
S2140062A0F6ED040005EE0400C7D9040012EE040063
S2140062B035EE04003EEE040047EE040073EE0400E4
S2140062C098EE0400C4EE0400D5EE0400E9EE0400E7
S2140062D005EF040023EF04002DEF040035EF040063
S2140062E08F4D35F035F835F034F88E49286836F09D
S2140062F066FA8D49286836F062FAA2888B492868C3
S21400630036F05DFA8A49286836F059FAE2888749F5
S214006310286836F054FA8749286836F050FA08217B
S2140063206018FBF7B5F88449286836F048FA226901
S2140063308249286836F043FA8149286836F03FFAE1
S214006340227D8049286836F03AFA7F49286836F078
S21400635036FA627D7B49286836F031FA28687B4930
S214006360BDE8384036F02BBA6D4D34F0F1FF34F00E
S214006370F0FF7749286836F022FA6B49286836F02D
S2140063801EFAA2886949286836F019FA684928680A
S21400639036F015FAE2886549286836F010FA6D4935
S2140063A0286836F00CFA22896049286836F007FA21
S2140063B06949286836F003FAD4F80A205F49286845
S2140063C036F0FDF96549286836F0F9F9D4F80E205C
S2140063D05A49286836F0F3F96149286836F0EFF92B
S2140063E0A17C04F11300FBF76BF828685749BDE859
S2140063F0384036F0E4B94A4D34F0AAFF34F0A9FF2D
S2140064005849286836F0DBF95749286836F0D7F936
S214006410A2884649286836F0D2F94349286836F0FB
S214006420CEF9E2884149286836F0C9F9404928681B
S21400643036F0C5F922893D49286836F0C0F94B493F
S214006440286836F0BCF962893849286836F0B7F90A
S2140064504749286836F0B3F9227B3A49286836F06F
S214006460AEF94449286836F0AAF9B4F80D202F4949
S214006470286836F0A4F928683449BDE8384036F074
S2140064809EB9274D34F064FF34F063FF3A4928681C
S21400649036F095F93449286836F091F9A2882349F0
S2140064A0286836F08CF92049286836F088F9E288A2
S2140064B01E49286836F083F91D49286836F07FF9AA
S2140064C022891A49286836F07AF92849286836F069
S2140064D076F962891549286836F071F924492868E2
S2140064E036F06DF9227B1749286836F068F921499D
S2140064F0286836F064F9B4F80D200C49286836F0A0
S2140065005EF91E49286836F05AF9E17B04F110005E
S214006510FAF7D6FF28680D49BDE8384036F04FB97F
S214006520E01A00208EEF040021E20400A0CD040053
S21400653036E3040037ED040041ED0400C7D904003B
S2140065404DED0400ABD90400B1EF040083D904007C
S214006550DDEF0400F6ED0400F3EF040002F00400A3
S21400656066DA0400ABF0040047E30400B6E2040079
S2140065706FE40400CAF00400D8F00400FEF0040043
S2140065808B4D34F0E5FE34F0E4FE8A49286836F098
S21400659016F98949286836F012F9A28887492868CA
S2140065A036F00DF98649286836F009F9E2888349FD
S2140065B0286836F004F98349286836F000F92289FD
S2140065C07E49286836F0FBF87F49286836F0F7F8E9
S2140065D062897A49286836F0F2F87C49286836F0ED
S2140065E0EEF8227B7A49286836F0E9F87949286877
S2140065F036F0E5F8B4F80D207049286836F0DFF874
S2140066007549286836F0DBF8E17B04F11000FAF7EC
S21400661057FF28687149BDE8384036F0D0B8644D59
S21400662034F096FE34F095FE6D49286836F0C7F8CB
S2140066306349286836F0C3F8A2886049286836F0AF
S214006640BEF86849286836F0BAF8D4F806206649D5
S214006650286836F0B4F828686049BDE8384036F057
S214006660AEB8534D34F074FE34F073FE5F492868BC
S21400667036F0A5F85049286836F0A1F8A2884F49A8
S214006680286836F09CF84E49286836F098F8E28874
S2140066904A49286836F093F84A49286836F08FF851
S2140066A022894649286836F08AF84749286836F02D
S2140066B086F862894149286836F081F84349286897
S2140066C036F07DF8227B4249286836F078F8414952
S2140066D0286836F074F8B4F80D203849286836F083
S2140066E06EF84349286836F06AF8E27B384928682D
S2140066F036F065F83F49286836F061F8227C344960
S214006700286836F05CF83C49286836F058F8617C12
S21400671004F11200FAF7D4FE28683049BDE8384084
S21400672036F04DB8224D34F013FE34F012FE3349E5
S214006730286836F044F82049286836F040F8A288E1
S2140067401E49286836F03BF81D49286836F037F8A9
S214006750E2881A49286836F032F81A49286836F06E
S2140067602EF822891549286836F029F8164928682F
S21400677036F025F862891149286836F020F8134962
S214006780286836F01CF8227B1149286836F017F87E
S2140067901049286836F013F8B4F80D200749286821
S2140067A036F00DF828680D49BDE8384036F007B8D1
S2140067B0E01A00200BF1040047E30400A0CD04001B
S2140067C021E2040036E30400B6E204006FE40400AD
S2140067D0ABD90400CAF00400FEF0040083D904001C
S2140067E031F1040094E80400C7D9040079F10400EC
S2140067F0A6F10400B7F10400C6F10400CFF10400CE
S214006800874D34F0A5FD34F0A4FD8649286835F0A0
S214006810D6FF8549286835F0D2FFA28883492868C4
S21400682035F0CDFF8249286835F0C9FFE2887F49F8
S214006830286835F0C4FF7F49286835F0C0FF2289F4
S2140068407A49286835F0BBFF7B49286835F0B7FFE2
S21400685062897649286835F0B2FF7849286835F0AD
S214006860AEFF227B7649286835F0A9FF754928686F
S21400687035F0A5FFB4F80D206C49286835F09FFF69
S2140068807149286835F09BFFB4F80F2067492868DF
S21400689035F095FF6D49286835F091FF617C04F16D
S2140068A01200FAF70DFE28686949BDE8384035F051
S2140068B086BF5B4D34F04CFD34F04BFD65492868CF
S2140068C035F07DFF5A49286835F079FFA288574988
S2140068D0286835F074FF6049286835F070FFD4F8F2
S2140068E006205E49286835F06AFF28685849BDE8E2
S2140068F0384035F064BF4A4D34F02AFD34F029FDA7
S2140069005749286835F05BFF4A49286835F057FF35
S214006910A2884649286835F052FF4549286835F070
S2140069204EFFE2884149286835F049FF3E4928680D
S21400693035F045FF22893D49286835F040FF3E493D
S214006940286835F03CFF62893849286835F037FFFB
S2140069503A49286835F033FF227B3949286835F0F4
S2140069602EFF4049286835F02AFF617B04F10E00AF
S214006970FAF7A6FD28683649BDE8384035F01FBF4F
S214006980274D34F0E5FC34F0E4FC3749286835F050
S21400699016FF2849286835F012FFA2882349286880
S2140069A035F00DFF2249286835F009FFE2881F49B7
S2140069B0286835F004FF1C49286835F000FF228956
S2140069C01A49286835F0FBFE1B49286835F0F7FEA3
S2140069D062891649286835F0F2FE1849286835F0AD
S2140069E0EEFE227B1649286835F0E9FE1549286830
S2140069F035F0E5FEB4F80D200C49286835F0DFFECA
S214006A001A49286835F0DBFEE17B04F11000FAF73E
S214006A1057FD28680E49BDE8384035F0D0BE00BFA7
S214006A20E01A002037F2040047E30400A0CD04007B
S214006A3021E2040036E30400B6E204006FE404003A
S214006A40ABD90400CAF004002AF2040064F2040081
S214006A5083D9040070F2040094E80400C7D9040047
S214006A6091F20400B6F20400C4F20400C6F1040079
S214006A70AE4D34F06DFC34F06CFCAD49286835F052
S214006A809EFEAC49286835F09AFEA288AA49286876
S214006A9035F095FEA949286835F091FEE288A649AA
S214006AA0286835F08CFEA649286835F088FE2289CD
S214006AB0A149286835F083FEA249286835F07FFE94
S214006AC062899D49286835F07AFE9F49286835F026
S214006AD076FE227B9D49286835F071FE9C49286821
S214006AE035F06DFEB4F80D209349286835F067FE42
S214006AF09849286835F063FEB4F80F208E49286858
S214006B0035F05DFE9449286835F059FE617C04F145
S214006B101200FAF7D5FC28689049BDE8384035F0F1
S214006B204EBE824D34F014FC34F013FC8C492868B9
S214006B3035F045FE7F49286835F041FEA2887E493B
S214006B40286835F03CFE7D49286835F038FEE28836
S214006B507949286835F033FE7949286835F02FFEE4
S214006B6022897549286835F02AFE7649286835F066
S214006B7026FE62897049286835F021FE7249286829
S214006B8035F01DFE227B7149286835F018FE7549E0
S214006B90286835F014FE617B04F10E00FAF790FCCD
S214006BA028686E49BDE8384035F009BE5F4D34F0C0
S214006BB0CFFB34F0CEFB6C49286835F000FE5D490B
S214006BC0286835F0FCFDA2885B49286835F0F7FD9B
S214006BD05A49286835F0F3FDE2885749286835F0A9
S214006BE0EEFD5749286835F0EAFD228952492868A3
S214006BF035F0E5FD5349286835F0E1FD62894E49D8
S214006C00286835F0DCFD5049286835F0D8FD227B31
S214006C104E49286835F0D3FD4D49286835F0CFFD3C
S214006C20B4F80D204449286835F0C9FD4D49286858
S214006C3035F0C5FDE17B04F11000FAF741FC286849
S214006C404649BDE8384035F0BABD384D34F080FBD3
S214006C5034F07FFB4549286835F0B1FD3549286892
S214006C6035F0ADFDA2883449286835F0A8FD3349D3
S214006C70286835F0A4FDE2882F49286835F09FFD86
S214006C802F49286835F09BFD22892B49286835F066
S214006C9096FD2C49286835F092FD628926492868B9
S214006CA035F08DFD2849286835F089FD227B274977
S214006CB0286835F084FD2649286835F080FDB4F84C
S214006CC00D201D49286835F07AFD2649286835F0DC
S214006CD076FDE17B04F11000FAF7F2FB28681F4905
S214006CE0BDE8384035F06BBD104D34F031FB34F064
S214006CF030FB1F49286835F062FD1049286835F0DA
S214006D005EFDA2880C49286835F059FD19492868A7
S214006D1035F055FDD4F806201749286835F04FFDA4
S214006D2028680E49BDE8384035F049BDE01A002015
S214006D3017F3040036E30400A0CD040021E20400AB
S214006D4047E30400B6E204006FE40400ABD9040095
S214006D50CAF004002AF2040064F2040083D9040096
S214006D6039F3040053F3040061F3040082F30400D3
S214006D70A3F3040094E80400C7D90400A84D34F037
S214006D80E7FA34F0E6FAA749286835F018FDA64970
S214006D90286835F014FDA288A449286835F00FFD50
S214006DA0A349286835F00BFDE288A049286835F02D
S214006DB006FDA049286835F002FD227A9E4928681B
S214006DC035F0FDFC9D49286835F0F9FC627A9A4951
S214006DD0286835F0F4FC9A49286835F0F0FCA17A6A
S214006DE004F10B00FAF76CFB28689649BDE83840BA
S214006DF035F0E5BC8A4D34F0ABFA34F0AAFA924985
S214006E00286835F0DCFC8849286835F0D8FCA2886C
S214006E108649286835F0D3FC8549286835F0CFFCCC
S214006E20E2888249286835F0CAFC8849286835F027
S214006E30C6FC227A8049286835F0C1FC8449286857
S214006E4035F0BDFC627A7C49286835F0B8FC81498B
S214006E50286835F0B4FCA27A7749286835F0AFFC8C
S214006E607D49286835F0ABFCB4F80B206F492868DC
S214006E7035F0A5FC7949286835F0A1FC627B6E499F
S214006E80286835F09CFC7649286835F098FC04F1B3
S214006E900E000821FAF7FCFA7249286835F08FFCD4
S214006EA0A27D6549286835F08AFC28686549BDE8F2
S214006EB0384035F084BC5A4D34F04AFA34F049FA7A
S214006EC06949286835F07BFC5749286835F077FC17
S214006ED0A2885649286835F072FC5549286835F06E
S214006EE06EFCE2885149286835F069FC57492868E5
S214006EF035F065FC227A5049286835F060FC554923
S214006F00286835F05CFC627A4B49286835F057FCF7
S214006F105449286835F053FCA27A4749286835F06A
S214006F204EFC28684749BDE8384035F048BC3C4D23
S214006F3034F00EFA34F00DFA4C49286835F03FFC70
S214006F404B49286835F03BFCA2883849286835F05C
S214006F5036FC3549286835F032FCE2883349286823
S214006F6035F02DFC3249286835F029FC22892F4956
S214006F70286835F024FC3F49286835F020FC6289F3
S214006F802A49286835F01BFC3B49286835F017FC71
S214006F90227B2949286835F012FC28682949BDE873
S214006FA0384035F00CBC1E4D34F0D2F934F0D1F92F
S214006FB03249286835F003FC2D49286835F0FFFB78
S214006FC0A2881A49286835F0FAFB1749286835F070
S214006FD0F6FBE2881549286835F0F1FB1449286865
S214006FE035F0EDFB22891149286835F0E8FB214988
S214006FF0286835F0E4FB62890C49286835F0DFFB29
S2140070001F49286835F0DBFB227B0B49286835F0E2
S214007010D6FB28680B49BDE8384035F0D0BB00BF2A
S214007020E01A0020BEF3040021E20400A0CD040014
S21400703047E3040006DB0400ABD904009FE104002C
S214007040EDF3040083D9040036F40400D4E1040010
S21400705024E004005AF4040073F4040089F40400E5
S21400706037ED04009BF40400A6F40400CCF40400FE
S21400707084E20400B6E20400E7F40400FBF4040033
S21400708014F50400AC4D34F063F934F062F9AB4902
S214007090286835F094FBAA49286835F090FBA2884A
S2140070A0A849286835F08BFBA749286835F087FB88
S2140070B0E288A449286835F082FBA449286835F0A0
S2140070C07EFB22899F49286835F079FBA04928680D
S2140070D035F075FB62899B49286835F070FB9D4941
S2140070E0286835F06CFB227B9B49286835F067FBE7
S2140070F09A49286835F063FB627B9749286835F023
S2140071005EFB9749286835F05AFBD4F80E2095495F
S214007110286835F054FB28689349BDE8384035F0B8
S2140071204EBB854D34F014F934F013F98F492868B6
S21400713035F045FB8249286835F041FBA288814935
S214007140286835F03CFB8049286835F038FBE28833
S2140071507C49286835F033FB8549286835F02FFBD5
S21400716022897849286835F02AFB7949286835F05D
S21400717026FB62897349286835F021FB7D4928681B
S21400718035F01DFB227B7449286835F018FB28680B
S2140071907549BDE8384035F012BB674D34F0D8F875
S2140071A034F0D7F87449286835F009FB6449286834
S2140071B035F005FBA2886349286835F000FB624974
S2140071C0286835F0FCFAE2885E49286835F0F7FA58
S2140071D06A49286835F0F3FA22895A49286835F052
S2140071E0EEFA5B49286835F0EAFA6289554928685C
S2140071F035F0E5FA6249286835F0E1FA227B56490F
S214007200286835F0DCFA5F49286835F0D8FAD4F8F3
S2140072100D205449286835F0D2FA28685249BDE84E
S214007220384035F0CCBA444D34F092F834F091F84A
S2140072305549286835F0C3FA4149286835F0BFFA41
S214007240A2884049286835F0BAFA3F49286835F0E0
S214007250B6FAE2883B49286835F0B1FA474928680B
S21400726035F0ADFA22893749286835F0A8FA38494A
S214007270286835F0A4FA62893249286835F09FFA02
S2140072804249286835F09BFA227B3349286835F056
S21400729096FA28683449BDE8384035F090BA264D4D
S2140072A034F056F834F055F83949286835F087FA3E
S2140072B02549286835F083FAA2882249286835F0DF
S2140072C07EFA3449286835F07AFAE2881D4928683B
S2140072D035F075FA28682449BDE8384035F06FBAAD
S2140072E0154D34F035F834F034F82B49286835F06D
S2140072F066FA1549286835F062FAA28811492868A6
S21400730035F05DFA2549286835F059FAA279124910
S214007310286835F054FA2249286835F050FAD4F82F
S21400732007201049286835F04AFA28680E49BDE853
S214007330384035F044BA00BFE01A002026F50400B5
S21400734084E20400A0CD040021E2040047E3040028
S214007350B6E2040048F50400ABD904005EF504006C
S21400736073F50400C7D9040083D90400F2F50400BD
S21400737036E304000CF6040017F604009AE2040054
S2140073803AF6040048F604005EF604007FF60400B1
S214007390D4F60400F9F604000FF70400CADB040074
S2140073A02CF70400AE4D33F0D3FF33F0D2FFAD49D7
S2140073B0286835F004FAAC49286835F000FAA28847
S2140073C0AA49286835F0FBF9A949286835F0F7F985
S2140073D0E288A649286835F0F2F9A649286835F00B
S2140073E0EEF92289A149286835F0E9F92868A2490A
S2140073F0BDE8384035F0E3B9994D33F0A9FF33F0D6
S214007400A8FF9E49286835F0DAF99D49286835F0C6
S214007410D6F9A2889549286835F0D1F992492868A6
S21400742035F0CDF9E2889149286835F0C8F99549D4
S214007430286835F0C4F922898C49286835F0BFF9E8
S2140074409149286835F0BBF962898849286835F083
S214007450B6F98E49286835F0B2F9A28983492868BA
S21400746035F0ADF98A49286835F0A9F9A17B04F111
S2140074700F00FAF725F828687F49BDE8384035F050
S2140074809EB9774D33F064FF33F063FF8149286877
S21400749035F095F97A49286835F091F9A28873494C
S2140074A0286835F08CF97049286835F088F9E28844
S2140074B06E49286835F083F97749286835F07FF9F2
S2140074C022896A49286835F07AF96F49286835F0C4
S2140074D076F962896549286835F071F96F49286838
S2140074E035F06DF9227B6E49286835F068F96D49EC
S2140074F0286835F064F9B4F80D205C49286835F042
S2140075005EF96949286835F05AF9B4F80F205749EA
S214007510286835F054F96549286835F050F9D4F8EC
S21400752011206349286835F04AF928685249BDE8B1
S214007530384035F044B94A4D33F00AFF33F009FFBE
S2140075405C49286835F03BF94D49286835F037F92D
S214007550A2884649286835F032F94349286835F04C
S2140075602EF9E2884149286835F029F94A49286801
S21400757035F025F922893D49286835F020F9424939
S214007580286835F01CF962893849286835F017F9FB
S2140075904249286835F013F9227B4149286835F0BE
S2140075A00EF94049286835F00AF9B4F80D202F493D
S2140075B0286835F004F94049286835F000F9E17B81
S2140075C004F11000F9F77CFF28682B49BDE8384025
S2140075D035F0F5B8224D33F0BBFE33F0BAFE37492E
S2140075E0286835F0ECF82649286835F0E8F8A288CF
S2140075F01E49286835F0E3F81B49286835F0DFF89F
S214007600E2881A49286835F0DAF82D49286835F0F6
S214007610D6F822891549286835F0D1F8194928681E
S21400762035F0CDF862891149286835F0C8F8164952
S214007630286835F0C4F8A2890C49286835F0BFF8E8
S2140076402049286835F0BBF8D4F80E201849286879
S21400765035F0B5F828680849BDE8384035F0AFB8C9
S214007660E01A00203EF7040021E20400A0CD04004A
S21400767062F7040066F7040083D904006AF7040082
S21400768084E2040036E30400B6E20400CAF0040014
S214007690A6F504008CF7040047E30400D4E10400D8
S2140076A0ABD90400A5F70400B5F7040073F5040091
S2140076B0C7D90400C4F70400E6F7040024F8040061
S2140076C03DF8040005E504007B4D33F041FE33F041
S2140076D040FE7A49286835F072F87949286835F00E
S2140076E06EF8A2887749286835F069F876492868E0
S2140076F035F065F8D4F806207449286835F05FF848
S21400770028687349BDE8384035F059B86A4D33F0FB
S2140077101FFE33F01EFE6F49286835F050F86E499C
S214007720286835F04CF8A2886649286835F047F88E
S2140077306349286835F043F8E2886249286835F0DE
S2140077403EF86649286835F03AF822895D49286887
S21400775035F035F86249286835F031F862895949BC
S214007760286835F02CF85F49286835F028F8A28993
S2140077705449286835F023F828685549BDE838404C
S21400778035F01DB84C4D33F0E3FD33F0E2FD5649BD
S214007790286835F014F85049286835F010F8A288A3
S2140077A04849286835F00BF84549286835F007F849
S2140077B0E2884449286835F002F84849286834F0D9
S2140077C0FEFF22893F49286834F0F9FF44492868BB
S2140077D034F0F5FF62893B49286834F0F0FF4149F0
S2140077E0286834F0ECFFA2893649286834F0E7FFB1
S2140077F028683749BDE8384034F0E1BF2E4D33F0F5
S214007800A7FD33F0A6FD3949286834F0D8FF2C4987
S214007810286834F0D4FFA2882A49286834F0CFFFBD
S2140078202949286834F0CBFFD4F806202749286871
S21400783034F0C5FF28682649BDE8384034F0BFBF9D
S2140078401D4D33F085FD33F084FD2949286834F05A
S214007850B6FF2349286834F0B2FFA2881949286881
S21400786034F0ADFF1649286834F0A9FFE2881549C0
S214007870286834F0A4FF1F49286834F0A0FF228946
S2140078801049286834F09BFF1649286834F097FFA3
S21400789062890C49286834F092FF1749286834F04A
S2140078A08EFFA2890749286834F089FF28680849AE
S2140078B0BDE8384034F083BFE01A00204EF80400DC
S2140078C021E20400A0CD040094E80400C7D9040017
S2140078D083D9040092F8040084E20400B0F804009F
S2140078E036E30400B6E20400BBF80400DAF804004D
S2140078F0FAF8040047E3040017F90400984D33F043
S21400790027FD33F026FD9749286834F058FF96493E
S214007910286834F054FFA2889449286834F04FFF52
S2140079209349286834F04BFFE2889049286834F081
S21400793046FF9049286834F042FF22898B49286820
S21400794034F03DFF8C49286834F039FF6289874956
S214007950286834F034FF8949286834F030FF227BE9
S2140079608749286834F02BFF8649286834F027FFBB
S214007970627B8349286834F022FF8349286834F004
S2140079801EFFE2897949286834F019FF7F49286884
S21400799034F015FF227C7A49286834F010FF7C49C1
S2140079A0286834F00CFF627C7549286834F007FFBD
S2140079B07849286834F003FFA27C7149286834F0BF
S2140079C0FEFE7549286834F0FAFEE27C6C492868A9
S2140079D034F0F5FE7149286834F0F1FE227D6849DE
S2140079E0286834F0ECFE6E49286834F0E8FE627DC4
S2140079F06349286834F0E3FE6A49286834F0DFFEFD
S214007A00D4F816206849286834F0D9FE67492868F3
S214007A1034F0D5FE628B5549286834F0D0FE2868CD
S214007A206349BDE8384034F0CABE4D4D33F090FC93
S214007A3033F08FFC5F49286834F0C1FE4C49286853
S214007A4034F0BDFEA2884949286834F0B8FE55498E
S214007A50286834F0B4FED4F806205349286834F079
S214007A60AEFE5249286834F0AAFE62893F4928686B
S214007A7034F0A5FE28684E49BDE8384034F09FBE75
S214007A80374D33F065FC33F064FC4B49286834F01E
S214007A9096FE3749286834F092FEA2883349286853
S214007AA034F08DFE3549286834F089FEA2793449D1
S214007AB0286834F084FE3A49286834F080FEE2797B
S214007AC02F49286834F07BFE3649286834F077FE64
S214007AD0A2683549286834F072FE3449286834F0C4
S214007AE06EFEA2892149286834F069FE286830496C
S214007AF0BDE8384034F063BE194D33F029FC33F04E
S214007B0028FC2E49286834F05AFE1949286834F0B3
S214007B1056FEA2881549286834F051FE1249286896
S214007B2034F04DFEE2881149286834F048FE2449B6
S214007B30286834F044FE227A1149286834F03FFE63
S214007B402049286834F03BFE617A04F10A00F9F710
S214007B50B7FC28681649BDE8384034F030BE00BF90
S214007B60E01A002023F9040036E30400A0CD040048
S214007B7021E2040047E30400B6E2040006DB04004A
S214007B80ABD9040047F904004EF9040056F9040086
S214007B905CF9040063F904006CF9040075F904004C
S214007BA083F9040005E50400C7D904008CF9040035
S214007BB083D90400C0F90400E4F904000BFA0400B9
S214007BC09BF4040037FA0400A94D33F0C1FB33F0F0
S214007BD0C0FBA849286834F0F2FDA749286834F0AD
S214007BE0EEFDA288A549286834F0E9FDA449286876
S214007BF034F0E5FDE288A149286834F0E0FDA149AB
S214007C00286834F0DCFD08216018F9F741FC9E492D
S214007C10286834F0D4FD227C9C49286834F0CFFDD7
S214007C209B49286834F0CBFD617C04F11200F9F71B
S214007C3047FC28689749BDE8384034F0C0BD8C4DF5
S214007C4033F086FB33F085FB9349286834F0B7FDA4
S214007C508949286834F0B3FDA2888849286834F03A
S214007C60AEFD28688B49BDE8384034F0A8BD804D8D
S214007C7033F06EFB33F06DFB8849286834F09FFDC7
S214007C807D49286834F09BFDA2887C49286834F03A
S214007C9096FD7B49286834F092FDE288774928688B
S214007CA034F08DFD28687B49BDE8384034F087BD48
S214007CB06F4D33F04DFB33F04CFB7949286834F0B8
S214007CC07EFD6D49286834F07AFDA2886B492868E5
S214007CD034F075FD6A49286834F071FDE28867491A
S214007CE0286834F06CFD28686A49BDE8384034F0EE
S214007CF066BD5F4D33F02CFB33F02BFB69492868DB
S214007D0034F05DFD5C49286834F059FDA2885B4973
S214007D10286834F054FD5A49286834F050FDE2884B
S214007D205649286834F04BFD5749286834F047FD1B
S214007D30227A5649286834F042FD5B49286834F0B8
S214007D403EFDB4F809204D49286834F038FD28680F
S214007D505049BDE8384034F032BD454D33F0F8FAAE
S214007D6033F0F7FA5149286834F029FD424928686B
S214007D7034F025FDA2884149286834F020FD4C499E
S214007D80286834F01CFDB4F906204A49286834F007
S214007D9016FD4949286834F012FDB4F90820454913
S214007DA0286834F00CFD4549286834F008FD04F1D5
S214007DB00A000821F9F76CFB28683649BDE8384008
S214007DC034F0FDBC2A4D33F0C3FA33F0C2FA3C4916
S214007DD0286834F0F4FC2849286834F0F0FCA288BF
S214007DE02649286834F0EBFC3649286834F0E7FC6E
S214007DF0D4F806203449286834F0E1FC3349286872
S214007E0034F0DDFCD4F80A202F49286834F0D7FC7B
S214007E102F49286834F0D3FC04F10E000821F9F746
S214007E2037FB28681B49BDE8384034F0C8BC104D05
S214007E3033F08EFA33F08DFA2649286834F0BFFC0A
S214007E400D49286834F0BBFCA2880C49286834F039
S214007E50B6FC2149286834F0B2FCA2790B492868A0
S214007E6034F0ADFC28680B49BDE8384034F0A7BCB8
S214007E70E01A002042FA040021E20400A0CD04002B
S214007E8036E3040037ED04009BF40400ABD904008D
S214007E9037FA040083D9040069FA04008DFA040056
S214007EA0A9FA0400D0FA040002FB040090FB0400C8
S214007EB0BAFB040063D60400D5FB0400ECFB040008
S214007EC001FC040028FC040079FB040040FC0400CC
S214007ED054FC04006AFC04008DFC0400B24D33F030
S214007EE037FA33F036FAB149286834F068FCB049FE
S214007EF0286834F064FCA288AE49286834F05FFC39
S214007F00AD49286834F05BFCE288AA49286834F05A
S214007F1056FCAA49286834F052FC2289A5492868EC
S214007F2034F04DFCA649286834F049FC6289A14922
S214007F30286834F044FCA349286834F040FC04F177
S214007F400C000821F9F7A4FA9F49286834F037FC9A
S214007F50227D9E49286834F032FC9D49286834F01A
S214007F602EFC627D9949286834F029FC99492868D6
S214007F7034F025FCA27D9549286834F020FC96490B
S214007F80286834F01CFCD4F817209449286834F08C
S214007F9016FC9349286834F012FCB4F91B2091496A
S214007FA0286834F00CFC28688F49BDE8384034F067
S214007FB006BC7D4D33F0CCF933F0CBF98B492868FD
S214007FC034F0FDFB7A49286834F0F9FBA288794939
S214007FD0286834F0F4FB7849286834F0F0FBE2882F
S214007FE07449286834F0EBFB7449286834F0E7FBE2
S214007FF022897049286834F0E2FB7149286834F019
S214008000DEFB62896B49286834F0D9FB784928681A
S21400801034F0D5FBB4F90C207249286834F0CFFB55
S2140080207449286834F0CBFBB4F90E206D492868F3
S21400803034F0C5FB7049286834F0C1FB04F1100029
S2140080400821F9F725FA28686749BDE8384034F072
S214008050B6BB554D33F07CF933F07BF96749286899
S21400806034F0ADFB5249286834F0A9FBA288514988
S214008070286834F0A4FB5049286834F0A0FBE28856
S2140080804C49286834F09BFB4C49286834F097FB31
S21400809022894849286834F092FB4949286834F018
S2140080A08EFB62894349286834F089FB5449286866
S2140080B034F085FBE2684949286834F080FB514972
S2140080C0286834F07CFB22694449286834F077FB42
S2140080D04D49286834F073FB04F114000821F9F7C1
S2140080E0D7F928684049BDE8384034F068BB2E4DC3
S2140080F033F02EF933F02DF94449286834F05FFB4D
S2140081002D49286834F05BFBA2882A49286834F099
S21400811056FB2749286834F052FBE2882549286830
S21400812034F04DFB3A49286834F049FB228921494E
S214008130286834F044FB3749286834F040FB6289ED
S2140081401C49286834F03BFB3349286834F037FB79
S214008150217B04F10D00F9F7B3F928682249BDE840
S214008160384034F02CBB104D33F0F2F833F0F1F811
S2140081702A49286834F023FB0F49286834F01FFB8F
S214008180A2880C49286834F01AFB0949286834F09C
S21400819016FBE2880749286834F011FB2868124964
S2140081A0BDE8384034F00BBBE01A002099FC040010
S2140081B036E30400A0CD040021E2040047E30400F7
S2140081C0B6E2040030FB04003EFB0400ABD904001A
S2140081D04AFB040058FB040069FB040079FB04001A
S2140081E07DFB040063D6040083D90400B6FC0400BB
S2140081F0BAFB0400D5FB0400ECFB0400D8FC04002A
S21400820028FC040040FC040054FC040020FD04008C
S21400821040FD04004EFD040060FD04006EFD0400F9
S214008220A04D33F095F833F094F89F49286834F061
S214008230C6FA9E49286834F0C2FAA2889C49286883
S21400824034F0BDFA9B49286834F0B9FAE2889849B8
S214008250286834F0B4FA28689749BDE8384034F006
S214008260AEBA904D33F074F833F073F8934928683B
S21400827034F0A5FA8D49286834F0A1FAA2888C4912
S214008280286834F09CFA8B49286834F098FAE2881B
S2140082908749286834F093FA28688749BDE838404B
S2140082A034F08DBA7F4D33F053F833F052F88449EA
S2140082B0286834F084FA7D49286834F080FAA28869
S2140082C07B49286834F07BFA7A49286834F077FAD4
S2140082D0E2887749286834F072FA7A49286834F0D8
S2140082E06EFA217A04F10900F9F7EAF8286872496B
S2140082F0BDE8384034F063BA6A4D33F029F833F0FD
S21400830028F87149286834F05AFA6849286834F021
S21400831056FAA2886649286834F051FA65492868F2
S21400832034F04DFAE2886249286834F048FA286842
S2140083306149BDE8384034F042BA5A4D33F008F887
S21400834033F007F86149286834F039FA5749286845
S21400835034F035FAA2885649286834F030FA5C4979
S214008360286834F02CFAA2795A49286834F027FA9B
S2140083705949286834F023FAB4F807204C4928688D
S21400838034F01DFA28684C49BDE8384034F017BA76
S214008390444D32F0DDFF32F0DCFF5049286834F0FF
S2140083A00EFA4249286834F00AFAA288404928683A
S2140083B034F005FA4A49286834F001FAE2883C4964
S2140083C0286834F0FCF94749286834F0F8F9227A2E
S2140083D04049286834F0F3F94349286834F0EFF947
S2140083E0627A3C49286834F0EAF94049286834F053
S2140083F0E6F9A27A3749286834F0E1F93C4928685A
S21400840034F0DDF9E27A3349286834F0D8F939498E
S214008410286834F0D4F9227B2E49286834F0CFF946
S21400842028682549BDE8384034F0C9B91D4D32F0FA
S2140084308FFF32F08EFF3049286834F0C0F91B49B0
S214008440286834F0BCF9A2881949286834F0B7F9CE
S2140084501849286834F0B3F9E2881549286834F0DA
S214008460AEF92649286834F0AAF9A2682449286893
S21400847034F0A5F92349286834F0A1F904F10C007A
S2140084800821F9F705F82049286834F098F9217D85
S21400849004F11500F9F714F828680749BDE83840D4
S2140084A034F08DB9E01A0020F8FD040021E2040043
S2140084B0A0CD040036E3040083D9040018FE0400AF
S2140084C041FE040037FA04009EFE0400C0FE0400CD
S2140084D0CADB0400ABD90400E7FE0400FAFE040081
S2140084E0B2D904001AFF040029FF040039FF040073
S2140084F046FF04009BF404007EFF040090FE040088
S214008500C7D9040037ED040097FE0400984D32F0FA
S2140085101FFF32F01EFF9749286834F050F996493D
S214008520286834F04CF9A2889449286834F047F952
S2140085309349286834F043F9E2889049286834F073
S2140085403EF99049286834F03AF9A2688E492868BE
S21400855034F035F98D49286834F031F904F10C000F
S2140085600821F8F795FF8A49286834F028F9217D14
S21400857004F11500F8F7A4FF28688649BDE83840DE
S21400858034F01DB97A4D32F0E3FE32F0E2FE824955
S214008590286834F014F97849286834F010F9A2886D
S2140085A07649286834F00BF97549286834F007F9DD
S2140085B0E2887249286834F002F97849286834F06D
S2140085C0FEF8217A04F10900F8F77AFF2868714965
S2140085D0BDE8384034F0F3B8654D32F0B9FE32F0FD
S2140085E0B8FE6F49286834F0EAF86349286834F022
S2140085F0E6F8A2886149286834F0E1F860492868FE
S21400860034F0DDF8E2885D49286834F0D8F860492F
S214008610286834F0D4F8217A04F10900F8F750FFFE
S21400862028685C49BDE8384034F0C9B8504D32F08F
S2140086308FFE32F08EFE5B49286834F0C0F84E4953
S214008640286834F0BCF8A2884C49286834F0B7F89B
S2140086504B49286834F0B3F8E2884849286834F073
S214008660AEF828684B49BDE8384034F0A8B8404D0D
S21400867032F06EFE32F06DFE4B49286834F09FF8FB
S2140086803D49286834F09BF8A2883C49286834F0B5
S21400869096F83B49286834F092F8E288374928680B
S2140086A034F08DF828683B49BDE8384034F087B888
S2140086B02F4D32F04DFE32F04CFE3C49286834F027
S2140086C07EF82D49286834F07AF8A2882B49286865
S2140086D034F075F82A49286834F071F8E28827499A
S2140086E0286834F06CF83249286834F068F8228933
S2140086F02249286834F063F82E49286834F05FF879
S21400870062891E49286834F05AF82B49286834F0E4
S21400871056F8A2891949286834F051F8274928687C
S21400872034F04DF8E2891549286834F048F82449B1
S214008730286834F044F8228A1049286834F03FF854
S2140087402049286834F03BF8628A0C49286834F0DF
S21400875036F81D49286834F032F8A28A0749286896
S21400876034F02DF828680B49BDE8384034F027B8B7
S214008770E01A0020A2FF040021E20400A0CD0400BD
S21400878036E3040090FE0400C7D9040037ED040069
S21400879097FE040083D90400C4FF0400EDFF040024
S2140087A01C0005003E00050064000500850005006D
S2140087B0B3FD0400A40005008EE80400B000050028
S2140087C09BF40400E9FD0400B1EF04008E4D32F086
S2140087D0BFFD32F0BEFD8D49286833F0F0FF8C49AE
S2140087E0286833F0ECFFA2888A49286833F0E7FF50
S2140087F08949286833F0E3FFE2888649286833F021
S214008800DEFF8649286833F0DAFF22898149286826
S21400881033F0D5FF8249286833F0D1FF62897D495D
S214008820286833F0CCFF7F49286833F0C8FFA28958
S2140088307849286833F0C3FF28687B49BDE838408C
S21400884033F0BDBF704D32F083FD32F082FD7749C4
S214008850286833F0B4FF6E49286833F0B0FFA2886A
S2140088606C49286833F0ABFF6B49286833F0A7FFE4
S214008870E2886849286833F0A2FF6D49286833F01B
S2140088809EFF22896349286833F099FF6949286862
S21400889033F095FF62895F49286833F090FF664998
S2140088A0286833F08CFFE2686449286833F087FF55
S2140088B06349286833F083FF22696049286833F0EB
S2140088C07EFF6049286833F07AFF62695B49286852
S2140088D033F075FF5C49286833F071FF227E5B49F0
S2140088E0286833F06CFF5A49286833F068FF617EC9
S2140088F004F11A00F8F7E4FD28684B49BDE8384053
S21400890033F05DBF404D32F023FD32F022FD514979
S214008910286833F054FF3E49286833F050FFA28899
S2140089203C49286833F04BFF3B49286833F047FF43
S214008930E2883849286833F042FF4749286833F010
S2140089403EFF227A4149286833F039FF43492868B8
S21400895033F035FFB4F809202E49286833F02FFF8E
S2140089603F49286833F02BFFB4F80B2029492868C4
S21400897033F025FF3B49286833F021FF617B04F183
S2140089800E00F8F79DFD28682749BDE8384033F00B
S21400899016BF1D4D32F0DCFC32F0DBFC3249286895
S2140089A033F00DFF1A49286833F009FFA2881949E9
S2140089B0286833F004FF1849286833F000FFE2887F
S2140089C01449286833F0FBFE2849286833F0F7FE80
S2140089D008216018F8F75CFD2549286833F0EFFE9B
S2140089E022691649286833F0EAFE1E49286833F0E3
S2140089F0E6FE217D04F11500F8F762FD28680A49B5
S214008A00BDE8384033F0DBBEE01A00202C0105003C
S214008A1021E20400A0CD040047E304005301050052
S214008A2061010500E500050083D90400700105001A
S214008A3098010500AE010500C1010500C7D9040074
S214008A40CF010500E2010500FB010500ABD90400DB
S214008A500B02050068020500D4E10400860205004A
S214008A6006DB040097FE04009402050037ED0400C0
S214008A7041ED0400A94D32F06BFC32F06AFCA849C7
S214008A80286833F09CFEA749286833F098FEA28831
S214008A90A549286833F093FEA449286833F08FFE72
S214008AA0E288A149286833F08AFEA149286833F095
S214008AB086FE227A9F49286833F081FE9E49286800
S214008AC033F07DFE627A9B49286833F078FE9B4936
S214008AD0286833F074FEA27A9649286833F06FFE51
S214008AE09749286833F06BFE04F10B000821F8F76D
S214008AF0CFFC9449286833F062FED4F813209249DC
S214008B00286833F05CFE9149286833F058FEE17D12
S214008B1004F11800F8F7D4FC28688D49BDE8384001
S214008B2033F04DBE7D4D32F013FC32F012FC894915
S214008B30286833F044FE8849286833F040FEA2884F
S214008B407949286833F03BFE8449286833F037FEBD
S214008B50E2887549286833F032FE8149286833F088
S214008B602EFE227A7349286833F029FE7D4928684C
S214008B7033F025FE627A6F49286833F020FE2868B5
S214008B807349BDE8384033F01ABE644D32F0E0FB5E
S214008B9032F0DFFB7449286833F011FE6E4928680E
S214008BA033F00DFEA2886049286833F008FE6B4952
S214008BB0286833F004FEE2885B49286833F0FFFD3E
S214008BC06A49286833F0FBFD227A5A49286833F050
S214008BD0F6FD6749286833F0F2FD627A5549286841
S214008BE033F0EDFD6349286833F0E9FDA27A514978
S214008BF0286833F0E4FD6049286833F0E0FDE27A47
S214008C004C49286833F0DBFD28685149BDE83840F8
S214008C1033F0D5BD414D32F09BFB32F09AFB5749FD
S214008C20286833F0CCFD4D49286833F0C8FDA2888B
S214008C303D49286833F0C3FD5149286833F0BFFD2D
S214008C4094F906204F49286833F0B9FD4E49286844
S214008C5033F0B5FDE01D1021F8F71AFC4B492868E3
S214008C6033F0ADFDB4F817202F49286833F0A7FD80
S214008C704749286833F0A3FDD4F8192032492868FC
S214008C8033F09DFD28683249BDE8384033F097BD83
S214008C90224D32F05DFB32F05CFB3E49286833F033
S214008CA08EFD2D49286833F08AFDA2881E49286863
S214008CB033F085FD2949286833F081FDE2881A499A
S214008CC0286833F07CFD2949286833F078FD227A3D
S214008CD01849286833F073FD2B49286833F06FFD78
S214008CE004F109001021F8F7D3FB2849286833F06F
S214008CF066FDB4F819200C49286833F060FD264953
S214008D00286833F05CFDE17E04F11C00F8F7D8FB20
S214008D1028680F49BDE8384033F051BDE01A0020FE
S214008D20B802050021E20400A0CD040047E30400D9
S214008D30DA020500ABD90400E802050046FF04008D
S214008D4037ED040041ED0400C7D9040097FE040087
S214008D5083D90400FB020500C4DA0400CBE104005A
S214008D602D0305003903050042030500D4E1040085
S214008D70CADB04006E0305007C0305008A030500B9
S214008D8071DF040063D6040041DE0400B60305006C
S214008D90EDFF0400BC030500F1030500A74D32F00B
S214008DA0D7FA32F0D6FAA649286833F008FDA54966
S214008DB0286833F004FDA288A349286833F0FFFC36
S214008DC0A249286833F0FBFCA279A149286833F051
S214008DD0F6FCA049286833F0F2FCE2799C49286842
S214008DE033F0EDFC9C49286833F0E9FC227A984978
S214008DF0286833F0E4FC28689849BDE8384033F02A
S214008E00DEBC8E4D32F0A4FA32F0A3FA94492868FC
S214008E1033F0D5FC9349286833F0D1FC201D062199
S214008E20F8F736FB9049286833F0C9FCA27A8849DF
S214008E30286833F0C4FC28688849BDE8384033F019
S214008E40BEBC7E4D32F084FA32F083FA8749286839
S214008E5033F0B5FC8649286833F0B1FCA2887A491D
S214008E60286833F0ACFC8349286833F0A8FCE28815
S214008E707549286833F0A3FC7F49286833F09FFCC7
S214008E80217A04F10900F8F71BFB28687349BDE84E
S214008E90384033F094BC694D32F05AFA32F059FA41
S214008EA07649286833F08BFC7149286833F087FCD4
S214008EB0A2886549286833F082FC6E49286833F03A
S214008EC07EFCE2886049286833F079FC28686349AC
S214008ED0BDE8384033F073BC584D32F039FA32F002
S214008EE038FA6749286833F06AFC6649286833F020
S214008EF066FCA2885449286833F061FC62492868F9
S214008F0033F05DFCD4F806206049286833F057FC3F
S214008F105F49286833F053FCA27A4D49286833F03D
S214008F204EFC5C49286833F04AFCE27A48492868D7
S214008F3033F045FC5849286833F041FC227B44490D
S214008F40286833F03CFC5549286833F038FCB4F800
S214008F500D203D49286833F032FC5149286833F02B
S214008F602EFCB4F80F203849286833F028FC4D4909
S214008F70286833F024FC627C3549286833F01FFCEF
S214008F804949286833F01BFC628A2F49286833F069
S214008F9016FC28683149BDE8384033F010BC274D30
S214008FA032F0D6F932F0D5F94049286833F007FC9C
S214008FB03449286833F003FCA2882349286833F034
S214008FC0FEFB3149286833F0FAFBD4F806202F4917
S214008FD0286833F0F4FB3649286833F0F0FBA27AB1
S214008FE01B49286833F0EBFB3249286833F0E7FB6F
S214008FF0E27A1749286833F0E2FB2F49286833F0F5
S214009000DEFBE2682149286833F0D9FB204928684E
S21400901033F0D5FB227C0E49286833F0D0FB274975
S214009020286833F0CCFB627C0949286833F0C7FB1C
S21400903028680A49BDE8384033F0C1BBE01A002072
S2140090402D040500CBE10400A0CD0400D4E104000B
S214009050ABD90400CADB040048DE040083D9040050
S21400906059040500B2D9040062DF0400200505009B
S21400907021E2040036E3040097FE04003C050500E8
S21400908076050500C4DA040065E10400C7D90400CB
S214009090A4050500BC050500D4050500F805050077
S2140090A0180605003D06050057060500790605006A
S2140090B0A4060500B9060500CF060500E106050072
S2140090C0AD4D32F045F932F044F9AC49286833F03A
S2140090D076FBAB49286833F072FB2279A9492868E9
S2140090E033F06DFBA849286833F069FB6279A5491F
S2140090F0286833F064FBA549286833F060FBA27942
S214009100A049286833F05BFBA149286833F057FB79
S214009110B4F807209F49286833F051FB9E49286819
S21400912033F04DFBB4F809209A49286833F047FB22
S2140091309A49286833F043FBE27A9249286833F06C
S2140091403EFB9749286833F03AFBA2899149286884
S21400915033F035FB28689349BDE8384033F02FBB21
S214009160854D32F0F5F832F0F4F88F49286833F080
S21400917026FB8E49286833F022FBA288854928689A
S21400918033F01DFB8A49286833F019FBD4F8062013
S2140091908849286833F013FB8749286833F00FFBAB
S2140091A0A27A7849286833F00AFB8449286833F0A5
S2140091B006FBE27A7349286833F001FB2868794990
S2140091C0BDE8384033F0FBBA6B4D32F0C1F832F0F0
S2140091D0C0F87B49286833F0F2FA7449286833F0FF
S2140091E0EEFAA2886B49286833F0E9FA70492868D5
S2140091F033F0E5FAD4F806206E49286833F0DFFA33
S2140092006D49286833F0DBFAA27A5E49286833F0A5
S214009210D6FA28686349BDE8384033F0D0BA564DD0
S21400922032F096F832F095F86649286833F0C7FAB7
S2140092305E49286833F0C3FAA2885649286833F096
S214009240BEFA5B49286833F0BAFAD4F806205949C2
S214009250286833F0B4FA5C49286833F0B0FAA27A8A
S2140092604849286833F0ABFA5849286833F0A7FA1B
S214009270B4F80B204749286833F0A1FA4E4928680D
S21400928033F09DFA627B3F49286833F098FA2868E5
S2140092904449BDE8384033F092BA374D32F058F8BA
S2140092A032F057F84A49286833F089FA4049286866
S2140092B033F085FA62683F49286833F080FA4549FA
S2140092C0286833F07CFA217A04F10900F8F7F8F8F8
S2140092D028683449BDE8384033F071BA264D32F07C
S2140092E037F832F036F83C49286833F068FA2F49E8
S2140092F0286833F064FAA2882649286833F05FFAB3
S2140093002B49286833F05BFAD4F8062029492868E8
S21400931033F055FA28682349BDE8384033F04FBA91
S214009320154D32F015F832F014F82C49286833F051
S21400933046FA1E49286833F042FAA288154928687A
S21400934033F03DFA1A49286833F039FAD4F8062083
S2140093501849286833F033FA2149286833F02FFA81
S214009360A27A0849286833F02AFA28680D49BDE829
S214009370384033F024BA00BFE01A0020F506050096
S214009380A4050500ABD90400BC050500D4050500FE
S214009390F8050500A0CD0400180605003D060500EA
S2140093A05706050083D9040048070500C4DA040000
S2140093B065E10400C7D90400CADB04007107050094
S2140093C087070500B4070500D4E10400FAD90400B5
S2140093D01608050066DA04002B0805004408050098
S2140093E023DA04005A4D31F0B3FF31F0B2FF594989
S2140093F0286833F0E4F95849286833F0E0F9A28881
S2140094005649286833F0DBF95549286833F0D7F910
S214009410E2885249286833F0D2F95249286833F076
S214009420CEF922894D49286833F0C9F94E49286893
S21400943033F0C5F962894949286833F0C0F94B49C9
S214009440286833F0BCF9227B4949286833F0B7F91D
S2140094504849286833F0B3F9627B4549286833F0F9
S214009460AEF928684449BDE8384033F0A8B9384D0D
S21400947031F06EFF31F06DFF4049286833F09FF9F8
S2140094803F49286833F09BF922793949286833F038
S21400949096F93C49286833F092F9D4F805203A4901
S2140094A0286833F08CF928683349BDE8384033F033
S2140094B086B9274D31F04CFF31F04BFF3349286811
S2140094C033F07DF93249286833F079F92279284952
S2140094D0286833F074F92F49286833F070F9B4F827
S2140094E005201E49286833F06AF92B49286833F0AE
S2140094F066F9B4F807201949286833F060F9274957
S214009500286833F05CF9B4F809201449286833F069
S21400951056F928681849BDE8384033F050B90C4D64
S21400952031F016FF31F015FF1D49286833F047F972
S2140095301C49286833F043F9A2880849286833F0A4
S2140095403EF928680C49BDE8384033F038B900BF0A
S214009550E01A002082080500AF080500A0CD040030
S214009560B5080500B6E20400BB080500C9080500FA
S214009570ABD90400DA08050083D90400E908050021
S2140095800E09050014090500C7D904001E090500C8
S21400959021E2040053DB04005FDB040023DA04004E
S2140095A04D0905007B09050073B5044600285AD00E
S2140095B003682E4A23F47F4323F00703934241D0E7
S2140095C002F1807293420FD002F17E4293424AD15A
S2140095D031F0BEFE31F0BDFE254B2649186802B0BC
S2140095E0BDE8704033F0EBB8214D31F0B1FE31F0FC
S2140095F0B0FE2149286833F0E2F8B4F8052001925D
S2140096001E492868B4F80760B4F8094033F0D7F864
S214009610019A1B49286833F0D2F81A49286833F0B3
S214009620CEF832461649286833F0C9F81649286835
S21400963033F0C5F822461249286833F0C0F81349BB
S2140096402868CCE70A4D31F083FE31F082FE1049DF
S214009650286833F0B4F8A2880E492868019233F0DF
S214009660AEF8019AE7E702B070BD00BFA0000601A1
S214009670E01A0020860905009F090500B6090500C6
S214009680A0CD0400C109050023EF040083D904001F
S214009690CB09050048DE040038B5032000F012FBB5
S2140096A060B1174C1749206833F089F831F050FE46
S2140096B031F04FFE1449206833F081F815F0D6FBE0
S2140096C00446D8B1012000F0FDFAB8B10C4D0F49A0
S2140096D0286833F074F831F03BFE31F03AFE0C495E
S2140096E00C4A2868234633F06AF8204600F030FB20
S2140096F028680949BDE8384033F061B838BD00BF76
S214009700E01A0020DE090500E3090500FF09050050
S2140097102ACD0400040A05000B0A050008B50368F4
S214009720144A23F47F4323F0070393421DD008D83E
S214009730A2F58012934211D002F58032934210D0E7
S21400974008BD0D4A93420CD002F580129342F7D121
S2140097500289C188808831F0F7FDF1E70379002B94
S214009760EED0BDE80840FFF797BFC188808831F08B
S214009770EAFDE5E7A8002400A8001401F7B51E4C92
S2140097801E4D014600260B461F4613F8012B0A2ADB
S21400979001D0002AF8D17A1A12F0FF0208D13B78DD
S2140097A00A2B24D0394608780028ECD103B0F0BD47
S2140097B0236894F82600B3F800C094F8243095F88F
S2140097C000E0019613FB02F3DBB2ACEB030394F864
S2140097D025C084440CFB0E00C0B20090C3F34703C0
S2140097E0054832F07CFC0128D9D90120DEE72B7829
S2140097F001332B70791CD6E7A01A0020D731002041
S21400980073B50646002003F0F1F9054610B33E4C4A
S2140098103E49206832F0D3FF3D49206832F0CFFF42
S21400982031F096FD31F095FD3A4B00933A4A3B49AC
S2140098302068552332F0C3FF39493A4A20682B4640
S21400984032F0BDFF284600F083FA3749206832F030
S214009850B6FFFEE7354D284603F032FA044610B34D
S214009860294D2A49286832F0AAFF2949286832F08B
S214009870A6FF31F06DFD31F06CFD264B0093264AB5
S21400988026492868582332F09AFF2549254A286831
S214009890234632F094FF204600F05AFA24492868FE
S2140098A032F08DFFFEE76FF07F43C5E901302149B6
S2140098B0284632F050FC054610B3134C1349206876
S2140098C032F07DFF1249206832F079FF31F040FD1A
S2140098D031F03FFD0F4B00930F4A104920685F237D
S2140098E032F06DFF0E490F4A20682B4632F067FFB4
S2140098F0284600F02DFA1049206832F060FFFEE797
S2140099000E4B1E6002B070BDE01A0020930C0500DE
S214009910AECC0400780B0500290A05001BCD040018
S2140099202ACD0400D70A0500DE0A0500A01A00208A
S214009930FF0A0500C40D0500210B05009C1A002037
S21400994010B504460B4832F0E8F880B90A4A0B4BCB
S21400995010701868FFF712FF40B92046FFF70EFF99
S21400996020B903F06DF9003818BF012010BD0120A2
S214009970FCE700BFA01A0020D73100209C1A002068
S21400998070B5154C06460FCC8CB06D460FC594E8E6
S2140099900300083485E803000FCC06AD0FC594E835
S2140099A0030085E8030016F0010004D00B486A4661
S2140099B0032132F0B4FAB30705D538B9074806AA2A
S2140099C0032132F0ACFA08B903F03AF9003818BFB0
S2140099D001200CB070BD00BF480B0500A01A002087
S2140099E0F0B5B3B00021C22201A8174E009142F094
S2140099F09CFE164B34781A68154FC62304FB0325C5
S214009A001A4413FB04242946684642F0ACFE163579
S214009A103946684642F0A7FEA542F4D16846FFF7ED
S214009A208FFF33781BB110B90120FFF7A9FF094B50
S214009A3032781B78013B9A4203DA10B90220FFF70E
S214009A409FFF33B0F0BD00BFD9310020CC1A0020F4
S214009A50930C0500D83100202DE9F3474E1EF3B2D3
S214009A60082B0746144656D8DFF8E0A02C4D9AF887
S214009A700090914536D8531CDBB24FF0C6082868D4
S214009A808AF8003003FB08F133F070F92860F0B96B
S214009A90244C2549206832F092FE2449206832F092
S214009AA08EFE31F055FC31F054FC214B0093214AD8
S214009AB0214920686D2332F082FE2049204A206822
S214009AC032F07DFE1F49206832F079FEFEE79AF8F4
S214009AD00020A2EB090208FB02F2002109FB0800A5
S214009AE042F023FE2D68C62304FB03551620394694
S214009AF000FB065042F046FE134B1B780020A342A4
S214009B0085F8C50002D0013C9C4205D102B0BDE8F4
S214009B10F047FFF765BF212002B0BDE8F08700BF21
S214009B20CC1A0020E01A0020930C0500AECC0400EE
S214009B30A20C0500820B05001BCD04003C0C0500A2
S214009B402B0C0500540C0500D9310020D83100201C
S214009B5008B50448FFF754FEBDE808400248022155
S214009B6031F0F3BB6A0C0500950C0500034B04218D
S214009B70002219711A6019739A607047D01A002073
S214009B802DE9F843204B1B780546ABB9DFF88090EB
S214009B901E4C4FF0020859F8043BAB4207D128464A
S214009BA031F05EFC01280CD133F07AF82060B8F171
S214009BB0010F04F1080401D1BDE8F8834FF0010855
S214009BC0E9E7284631F04CFC07460028EFD133F091
S214009BD067F82368C61AFA2005F000FEB04201D9DD
S214009BE02771E4E74FF47A7005F0F8FDB04202D929
S214009BF001232371DBE741F2883005F0EFFDB04228
S214009C008CBF02230323F4E730130020D01A002071
S214009C102C10002010B5094C2179042904D000200E
S214009C2031F09AFA04232371217B042904D0012001
S214009C3031F092FA0423237310BD00BFD01A00201F
S214009C4010B50B4C206831F00BFC012803D133F023
S214009C5027F8084B1860606831F002FC012803D131
S214009C6033F01EF8034B9860034B00221A7010BDA9
S214009C702C100020D01A002030130020054B187836
S214009C8038B9054B1A79042A03D1187B031F5842AA
S214009C905841704730130020D01A0020074B1B781D
S214009CA043B9074B1879042806D11B7B042B08BF41
S214009CB001207047012070470420704730130020B1
S214009CC0D01A00200B4B1B7802468BB10A4B1B7830
S214009CD0834234BF00200120084B1B783BB1084B61
S214009CE01B7843FA02F212F0010F08BF00207047FB
S214009CF00120F1E73113002032130020DA31002072
S214009D003313002008B5084B01221A70074B0022B7
S214009D101A70074B04221A70064B1F221A7004F0A2
S214009D206DFC054B186008BD31130020DA310020A9
S214009D303213002033130020E01A0020024B0349A0
S214009D40186832F03CBD00BFE01A0020BC0C0500CD
S214009D5070B50C4C0C490646206832F030FD04F015
S214009D604DFC0546206804F03DFC3046FFF7E6FF54
S214009D70284604F037FC20680449BDE8704032F0FD
S214009D801EBD00BFE01A0020D7DC0400BE0C050094
S214009D9038B5054631F0A4FC0B4A146800235CB1C4
S214009DA0AC4206D1A96A6BB1996231F09FFC0120E2
S214009DB007E02346A46AF2E7002DF3D031F096FCC4
S214009DC0204638BD1160F0E7E41A002010B50446BE
S214009DD090B105F059FC2046FFF7DAFF58B194F829
S214009DE02C0040B131F07CFC044A1368013B136040
S214009DF031F07CFC002010BD2220FCE7E81A002091
S214009E002DE9F04F85B005469DF838709146984686
S214009E100E4609B9002F66D12846FFF7D7FF04463D
S214009E20002840D185F82C00686305F043FD864283
S214009E303DD905F0CDFC40F2E7318C462146E6FBE5
S214009E4000C160464FF47A7200232FF089FD4FF070
S214009E50FF32002383468A462FF082FD4FF0FF3202
S214009E60E8860023584651462FF07AFDCDE9004497
S214009E7011462B461D4A284632F0EDFE044690B9A0
S214009E80C5E9089885F82D702E6331F029FC184A2C
S214009E90136833B31A469B6A002BFBD195620023E6
S214009EA0AB6231F023FC204605B0BDE8F08F47B129
S214009EB0CDE900440D4A2B463146284605F0BEFC47
S214009EC0DCE703A9304605F09BFC04460028EAD1EF
S214009ED0CDE90077054A03992B46284632F097FECF
S214009EE0CCE71560DBE72124DDE700BFF59E000028
S214009EF0E41A002091F82C3013B50C4683B98B8EEB
S214009F00CA8E93420ED243B9CDE90033114A0B46AE
S214009F1020464FF0FF3132F05EFEA38E0133A3865B
S214009F2002B010BD52B191F82D307BB101230093E1
S214009F30D1E908232046096BFFF762FF064A012392
S214009F4084F82C30136801331360E9E7084605F0FF
S214009F509BFBF3E7F59E0000E81A00202DE9F04190
S214009F60144E336823B3144F4FF0000831F0B8FB9B
S214009F703C68054624B92846BDE8F04131F0B6BB3A
S214009F8094F82C3093B1336884F82C80013B33600E
S214009F9094F82D3013B92046FFF7FAFE284631F024
S214009FA0A5FBD4E9083120469847DFE7A46AE1E735
S214009FB0BDE8F081E81A0020E41A0020034B1B6875
S214009FC0002B0CBF01200420704700BFE81A0020B9
S214009FD0024B1868B0FA80F040097047E81A002073
S214009FE008B50548012101F07BF831F0F4F8BDE82A
S214009FF0084000F04FB900BF00350A0001480121B3
S21400A00001F06EB800350A0007B5082031F09BFA5B
S21400A01002238DF800306846044B019331F0AEF908
S21400A020082003B05DF804EB31F099BA006A181006
S21400A0302DE9F0431F4E0446894690460FCE89B060
S21400A04001AD0FC596E8070085E8070025681A48A1
S21400A0506E6FAF6F012101F043F86068012101F0D7
S21400A0603FF8617B207B0023042202F0B3F9617A7B
S21400A070207A0422002302F0ADF90123284601A924
S21400A0808DF81230CDF80C90ADF8148031F0DFFC6E
S21400A090237CA27B1B0643EA022307F01F0706F079
S21400A0A001063B4346F00A060020AB676E6709B020
S21400A0B0BDE8F083C40C050000350A00024B4FF4DF
S21400A0C00052C3F8A820704700A0004013B504460D
S21400A0D005F07EFB247B00230122CDE900326400DC
S21400A0E0034AB0FBF4F1034832F075FD02B010BD30
S21400A0F0BDA00000EC1A002073B50F4B0F4E4FF4B6
S21400A1008045C3F89C500446407B05F0CFFD0423F1
S21400A11002220DF106013046ADF8063031F06DF939
S21400A120304631F07BF9A07B05F0C0FD044B0020E3
S21400A130C3F89C5002B070BD00A000463810002046
S21400A14000A0004470B5064601211248124C00F0EB
S21400A150C7FFB16811480022FFF76AFF00230422F8
S21400A1600E21032002F036F93546002304220D2185
S21400A170032002F02FF90FCD0FC42B682360084B85
S21400A180012230461A70FFF7A1FF3046FFF7B4FFF2
S21400A190002070BD00350A000C1B0020381000207F
S21400A1A0DB3100202DE9F74F0688DFF8A8B0984687
S21400A1B003795E43264B14464FF48042C3F89C2036
S21400A1C00134A4B20546407B0F4605F06FFD23021E
S21400A1D043F001031F48ADF8063002220DF10601D8
S21400A1E0013431F00AF92402F610A4B24FF0000947
S21400A1F008F1FF3AC14511D1164831F00FF9A87B96
S21400A20005F054FD144B13484FF48042C3F89C20CD
S21400A21031F009F9002003B0BDE8F08F3946324628
S21400A220584631F0EAF8CA4514BF44F0FF034FF62B
S21400A230FF7302220DF10601584604F58074ADF84E
S21400A2400630374431F0D9F809F10109A4B2D1E754
S21400A25000A000463810002000A00044034B04482D
S21400A2601B78002B08BF0020704700BFDB310020A2
S21400A2700C1B002030B5064D0FCD87B001AC0FC4C7
S21400A2802B68236001A8FFF75DFF07B030BD00BF55
S21400A290E00C05002DE9F0433B4D3C4FDFF8009104
S21400A2A0DFF800810FCD89B001AC0FC495E8070038
S21400A2B084E80700364C3748012100F011FF384685
S21400A2C0012100F00DFF0125334B039301A9204621
S21400A2D08DF8125031F0BBFB2B46042206210220DB
S21400A2E002F078F82A4600230721022002F072F8CE
S21400A2F02B4604220821022002F06CF804221146A4
S21400A3002B46002002F066F8244BA3670B236367F6
S21400A31010264FF4487005F0C9FCC9F80C601420EC
S21400A32005F0C4FCC8F80C60232005F0BFFCC9F893
S21400A3300C60B921204631F0D7FB00231A46C8F836
S21400A3400C600621022002F045F800231A46072179
S21400A350022002F03FF82B4600220821022002F0DD
S21400A36039F8002210462B46042102F033F8204626
S21400A37002F044FB0021A1673846616700F0B0FE9A
S21400A38009B0BDE8F08300BFF40C050000420400ED
S21400A3900004014000350A0000127A000B0B000B87
S21400A3A000A0004400A0004608B500F083F8124B59
S21400A3B012498B4212D3124B124900208B4218D3FB
S21400A3C0F5F7FAFF186850F82240586840F822401F
S21400A3D0013298688242F5D30C33EAE70022F8E7A8
S21400A3E01C6844F8220001325C68A242F8D30833A5
S21400A3F0E4E70022F8E700BF9C550500A8550500D5
S21400A400A8550500A85505000048704700F0490209
S21400A410104AD2F8943003F00703023B032B13D8FC
S21400A420DFE803F00C14020E0B4B1B68D2F8000199
S21400A430C0F304200130B3FBF0F07047074BF4E79D
S21400A440074B1B685B08F1E7054BEEE74FF400434C
S21400A450ECE700BF00400E405810002050100020CF
S21400A4605410002008B5FFF7D3FF054BD3F808318A
S21400A470C3F308230133B0FBF3F0024B186008BDAA
S21400A48000400E404C100020014B1868704700BF7B
S21400A49050100020054B1860054BD3F8943003F09D
S21400A4A00703022B01D1FFF7DDBF704750100020D5
S21400A4B000400E40044B054A9A60D3F8882042F4C8
S21400A4C07002C3F88820704700ED00E0000000002E
S21400A4D0014B1868704700BF581000200F4BD3F888
S21400A4E02838A3F17E62A2F58432B2F5605F10B51B
S21400A4F00ED219680A4A91420AD10A4C227812F002
S21400A500FD0F08D1DB69984708B90123237010BDF9
S21400A5104FF48170FBE70020F9E700BF0000E10F71
S21400A52007B0CD5EDC31002005490A6813180548DF
S21400A53083428CBF4FF0FF320B601046704700BF5F
S21400A5405C1000200000012037B504680121054694
S21400A550124800F0C5FD002361792079012201F040
S21400A56039FF6179207930F080FFB0FA80F35B091B
S21400A5702370A379022B0ED100F090FB0849607976
S21400A5802A4600F0B5FB0123617902462079CDE921
S21400A590003301F0D9FE002003B030BD00350A00BC
S21400A5A085B4030008B52948012100F099FD012370
S21400A5B004220221052001F00DFF002001F0B8FE64
S21400A5C0234B0122C3F810281146042001F068F836
S21400A5D0204800F0CBFE204BD3F8F02042F00102DA
S21400A5E0C3F8F020D3F8FC2042F08072C3F8FC20B9
S21400A5F0A3F55D43194A1A6000F5D520184B00F202
S21400A600FC40B0FBF3F0174B013802221861C3F888
S21400A610F0204FF48072C3F804234FF06043124AD0
S21400A620C3F8B02F114AC3F8802ED3F8002E42F498
S21400A6308072C3F8002EFF2283F82020D3F8002E65
S21400A64022F48072C3F8002E002008BD00350A00F0
S21400A6500080144206000E0000ED00E0FF030040FC
S21400A660F8590D00000004E055CEACC50900010005
S21400A6704FF0604330B5D3F8802ED20715D50124AD
S21400A6800B4D8440D5F8FC2042F08072C5F8FC20C3
S21400A690D3F8002E2243C3F8002E53F82020002AB9
S21400A6A0F0D003F82010002030BD1120FCE700BFDA
S21400A6B000ED00E02DE9FF41044601212B4800F0A3
S21400A6C00FFD23682A4A934205D002F58062934222
S21400A6D049D1284800E02848012100F001FD6179B1
S21400A6E0207901230A2201F075FEE179A079012381
S21400A6F00A2201F06FFE0A270126302522796379A7
S21400A7004FF00C0815FB028202F1884202F5204247
S21400A71006FA03F31360642005F0C8FA2379627919
S21400A72015FB038303F18C4303F5204306FA02F27C
S21400A7301A60642005F0BAFA013FDFD120680323CF
S21400A740436423895BBA9BB2836440F20113ADF87D
S21400A750003023690293E36801936946237D8DF8F0
S21400A7600C3001F0B7FE04B0BDE8F08140410500B2
S21400A77000C00040007204000062040010B5012111
S21400A7800446094800F0ACFC0848012100F0A8FC8B
S21400A790A37820786178B3FA83F35B09042201F08A
S21400A7A019FE002010BD00BF4041050000350A001C
S21400A7B02DE9F04F9A46554B85B01B78DDF83C9056
S21400A7C09DF844B0DDF8508006460F461546002B2F
S21400A7D000F08B80072A00F28A800E9B002B00F088
S21400A7E08680B9F1000F00F08280129BB3F5006FEF
S21400A7F07DDC012802D1109B002B78D0444B03EB64
S21400A80005131B7B002B74D0424C10220021684697
S21400A81041F08BFF04EB45141022002F57D1394628
S21400A820204641F082FF43F210036380BBF1000F25
S21400A83003D1E37843F00303E370364A0E9BCDF86A
S21400A84000A002EB451CCCE90193129B013BC3F32D
S21400A8500A009DF84C30690103F003039B0643EAA7
S21400A860001E53582C4818404EEA0003012E535041
S21400A87041D11323CCF80C309CE80F000CF1100EDD
S21400A8808EE80F00DCF81C20109BCCF814306FF01C
S21400A890030161F39F02012FCCF81C2003D1CCF8F2
S21400A8A01890CCF804301A4A290102EB051342F836
S21400A8B001800027159A5A6028469F605E732246DC
S21400A8C0694601F06DFE384605B0BDE8F08F002100
S21400A8D0204641F02AFF4FF444736380BBF1000F1B
S21400A8E0ABD1E37843F03003A6E70C48ECE70C481E
S21400A8F0EAE70C48E8E7B8F1000FD4D19CF802303C
S21400A90068F304138CF80230CDE700BFDD31002079
S21400A910201B0020A01B00200F80FFF3028000F009
S21400A920018000F0078000F038B5124B1B78054612
S21400A930DBB1E0B130F0D4FE0F4A00231146147BA1
S21400A94054B92B601A0101EB031301258C501D73BB
S21400A95030F0CCFE204638BD0133082B02F1100241
S21400A960EDD130F0C3FE0548F5E70548F3E70548A6
S21400A970F1E700BFDD310020201B0020048000F03E
S21400A980028000F0018000F013B530F0A9FE0C4AFA
S21400A9900023147B7CB90133082B02F11002F8D196
S21400A9A0019001F0B3FD074B01981C7030F09EFE3D
S21400A9B0204602B010BD30F099FE0348F9E700BF0C
S21400A9C0201B0020DD310020058000F00D4B1B7899
S21400A9D010B5044693B1072812D830F081FE0A4B12
S21400A9E003EB04131A7B2AB100241C7330F07EFE9E
S21400A9F0204610BD30F07AFE0448FAE70448F8E72F
S21400AA000448F6E7DD310020201B0020068000F019
S21400AA10028000F0018000F013B5164B1868019014
S21400AA2000238DF8043030F05BFE134B1C7824B105
S21400AA3030F05CFE114802B010BD01221A7030F0F2
S21400AA4055FE0F4B1C731C7783F82C4083F83C4054
S21400AA5083F84C4083F85C4083F86C4083F87C4075
S21400AA6004230DEB03008DF8073001F06FFD204640
S21400AA70E1E700BF600D0500DD310020038000F037
S21400AA80201B00200A4A127808B55AB107280BD8AE
S21400AA90084A02EB00131B7B43B1002101F04CFD7A
S21400AAA0002008BD0448FCE70448FAE70448F8E735
S21400AAB0DD310020201B0020028000F0018000F025
S21400AAC0078000F00A4A127808B55AB107280BD852
S21400AAD0084A02EB00131B7B43B1012101F02CFD59
S21400AAE0002008BD0448FCE70448FAE70448F8E7F5
S21400AAF0DD310020201B0020028000F0018000F0E5
S21400AB00078000F00A4A127808B552B107280AD81A
S21400AB10084A02EB00131B7B3BB101F093FD0020BB
S21400AB2008BD0548FCE70548FAE70548F8E700BF12
S21400AB30DD310020201B0020028000F0018000F0A4
S21400AB40078000F00D4B1B7893B1072812D889B107
S21400AB500B4B03EB00131B7B73B10A4B1A6E0123DE
S21400AB6003FA00F010401ABF00200B700870704700
S21400AB70054870470548704705487047DD31002096
S21400AB80201B002000200E40028000F0018000F014
S21400AB90078000F00B4A127810B50C4662B1072801
S21400ABA00CD859B1084A02EB00131B7B43B101F0E5
S21400ABB05FFD2070002010BD0448FCE70448FAE75B
S21400ABC00448F8E7DD310020201B0020028000F05A
S21400ABD0018000F0078000F02DE9F0471E4E1F4C64
S21400ABE0326EF36E12EA03080FD54FF00043B366D9
S21400ABF07068C0F30220030104EB0012E3584BB365
S21400AC00BDE8F047526800211847DFF85490012746
S21400AC10002518EA070F16D02368B7669BB1A1680F
S21400AC2062680131A16028469847637B012B0AD1F0
S21400AC3048B909EB45131A7B60F341021A731A7F71
S21400AC4060F341021A770135082D4FEA470704F1F1
S21400AC501004DED1BDE8F08700200E40201B002047
S21400AC60A01B002070B50C4E0446012504B970BD2B
S21400AC7094FAA4F0B0FA80F006EB001205FA00F39E
S21400AC8024EA03045368002BF0D0117B11B19168BD
S21400AC909847EBE79847E9E7A01C002008B5122084
S21400ACA000F0BCFE28B1084B4FF48022C3F8802188
S21400ACB01A600A2000F0B2FE28B1034B4FF48062FF
S21400ACC0C3F880211A6008BD00E100E038B50546EB
S21400ACD00C4630F005FD054B03EB051300225C60C7
S21400ACE01A73BDE8384030F001BD00BFA01C00203C
S21400ACF0F8B505460F46164630F0F2FC104B05F048
S21400AD00FC02D3F828140023EC1804F003041443C0
S21400AD1021FA04FC1CF0010F07D00133042BF3D1F9
S21400AD20FF2430F0E3FC2046F8BDFF2CF9D0054B9D
S21400AD3003EB04130122C3E901761A73F1E700BF9F
S21400AD4000A00040A01C0020054BD3F82804D3F830
S21400AD501C24104000F05530C3F82404FFF782BFCF
S21400AD6000A00040054BD3F82804D3F81C2410405C
S21400AD7000F0AA30C3F82404FFF774BF00A0004018
S21400AD80024B1968024B186827F0A2BC641000201A
S21400AD906010002037B5920004460D46019230F050
S21400ADA00FFE431C0BD060B9019A2946204641F09D
S21400ADB084FC0028044808BF002003B030BD0348C8
S21400ADC0FBE70348F9E700BF10E000F021E000F0E1
S21400ADD024E000F010B5044601F0F8FC431C10D047
S21400ADE088B901F0BBFD20F00300234620449842BA
S21400ADF001D1002010BD53F8042B0132F7D00348D0
S21400AE00F8E70348F6E70348F4E700BF0EE000F073
S21400AE1021E000F024E000F008B530F05AFC014BC9
S21400AE20186008BDE0240020014B186830F055BCBF
S21400AE30E0240020F0B52D4C2D4A2368002108465A
S21400AE40156845B11D68002D42D09D889688AE4293
S21400AE5084BF134601210130052802F10802EFD114
S21400AE6001B123602348244A036800210D46166872
S21400AE7046B11E68002E2ED09E889788B7423CBFEB
S21400AE80134601210135052D02F10802EFD101B16B
S21400AE9003602268194B116801B3D969127921F051
S21400AEA0FF010A43DA611A6B42F080421A630368B4
S21400AEB0124A1968B1B19B88D1691B029BB221F472
S21400AEC07F410B43D361136B43F000431363F0BD24
S21400AED013460121BFE713460121D3E71A6B22F080
S21400AEE08042E3E7136B23F00043EFE7942500204E
S21400AEF09C25002098250020C425002000300E4008
S21400AF0008B501F0E3F99FED137A07EE900AF4EE28
S21400AF10C77AF1EE10FA19D49FED0F7AF4EE477A5D
S21400AF20F1EE10FAC8BFF0EE477A17EE900A2EF050
S21400AF3047FC0A4B00222EF0E5FA094B00222EF0C1
S21400AF40E1FA2EF095FC803840B208BDF0EE477A64
S21400AF50EBE700BF000000C30000FE420000E03F39
S21400AF6000006040144A38B5136B526A134012D57D
S21400AF70124B1B681D6835B100241C605C60FFF72F
S21400AF80BFFF2146A8470C4B4FF00042DA62BDE8EF
S21400AF903840FFF74FBF5B00F9D5094B1B681C68AC
S21400AFA034B100221A605A60FFF7AAFF0121A047B9
S21400AFB0014B4FF08042E9E700300E409825002014
S21400AFC0942500200C4B984210D90C4B984210D96F
S21400AFD0022201230A490B640A49D1F8003123F002
S21400AFE0807343EA0263C1F80031704700221346BB
S21400AFF0F0E70122FBE700BF0048E8010090D0031D
S21400B0000000C84300400E400F4B5B680F4B30B546
S21400B01000221C46C9B21D798D4202D11D688542A8
S21400B0200DD20132052A03F10803F4D103220649A2
S21400B0304B6823F0407343EA02634B6030BD04EB79
S21400B040C2025279F3E700BF00000E40980D0500DB
S21400B05070B5084C41F67136256C2664FFF7D4F9B6
S21400B0600021FFF7D1FFADB2B5421CBF0023236419
S21400B07070BD00BF00000E40044BDB6B5B0604D4C3
S21400B080034AD2F8C830002BFBD1704700300E4080
S21400B0900000C64308B5FFF7EFFF024B5868C0F341
S21400B0A0014008BD00300E40044BD3F84421D207BF
S21400B0B003D4D3F840211042FBD1704700400E4025
S21400B0C070B5064C41F67136256C2664FFF79CFF7A
S21400B0D0ADB2B5421CBF0023236470BD00000E4015
S21400B0E038B5C0F30323013B092B16D8DFE803F07D
S21400B0F02616151505191C151F23124C0023C0F320
S21400B100043513B11846FFF7CFFF04F1424404F5A7
S21400B110801405EBC404A400216038BD0A4C00234B
S21400B120EDE70A4C0123EAE7094C1023E7E7094C50
S21400B1304FF48033E3E7084C0023E0E7074C002396
S21400B140DDE700BFB0400E40C0400E40E0400E407D
S21400B150E8400E40F0400E4050410E4000400E4089
S21400B160C0F30313013B092B2AD8DFE803F0050BD5
S21400B1700F1929291F23374B274BD3F80001C0F39B
S21400B18004207047244BD3F81401F8E7224BD3F879
S21400B1900001C0F30060431C01209840013870474E
S21400B1A01D4BD3F80C01C0F3082070471A4BD3F898
S21400B1B00801F8E7194B984204D0194B984207D07B
S21400B1C000207047144BD3F8203103F00F03E3E759
S21400B1D0114BD3F82031C3F30113DDE7114B98422E
S21400B1E00CD003F5B01303F580539842E8D10A4B10
S21400B1F0D3F82801C0F30120031DCDE7064BD3F892
S21400B2002831E8E7084B9842DAD1034BD3F83001EF
S21400B21000F00300704700BF00400E408006160096
S21400B22080162E0090171A00A009140000F00F00D8
S21400B2300138072844D8DFE800F0040F1943232D0F
S21400B2404335244BD3F8943003F00703023B052B19
S21400B25038D8214AD05C70471E4BD3F8803003F0B4
S21400B2600703013B042B2FD81C4AF3E7194BD3F8EE
S21400B270843003F00703013B042B25D8184AE9E77E
S21400B280144BD3F8883003F00703013B042B1BD87C
S21400B290144ADFE70F4B1B6F13F0010F0CBF07209C
S21400B2A0092070470B4BD3F85C3103F03003202B9A
S21400B2B00CD0302B0CD0102B14BF01200720704769
S21400B2C00020704705207047012070470420704713
S21400B2D00820704700400E40880D05008E0D0500C2
S21400B2E0930D05008E0D050008B50146FFF79EFF7D
S21400B2F01A4B994212D01A4B994213D0194B9942C5
S21400B30004D1194BD3F8800000F007000138042858
S21400B31022D8DFE800F00B0F17130B00124BD3F800
S21400B3208400F1E7104BD3F88800EDE7BDE808404D
S21400B33030F084B8BDE80840FFF7CAB8BDE808405A
S21400B34030F07FB8FFF764F8074BD3F80031C3F34B
S21400B35000630133D84008BD0020FCE7030020004E
S21400B3600500240002001E0000400E4000F4781382
S21400B370B3F5B01F10B5044674D025D8B3F5402FEA
S21400B3805ED010D8B3F5802F49D005D83BB1B3F5C1
S21400B390003F4FD0002010BDB3F5202FFAD1BDE8F6
S21400B3A01040FFF735B8B3F5801F00F08480B3F582
S21400B3B0A01F4DD0B3F5602FECD14A48FFF736FFFB
S21400B3C0072878D00928E9E7B3F5381F53D013D8F3
S21400B3D0B3F5001F58D00AD8B3F5D01F56D0B3F532
S21400B3E0F01FD7D14048BDE81040FFF77DBFB3F54A
S21400B3F0101FCFD13D48F6E7B3F5481F4DD0B3F543
S21400B400781F65D0B3F5401FC4D13948FFF76CFFED
S21400B410384BD3F82831C3F30123043320E0FEF77A
S21400B420F7FF344BD3F80C31C3F308230133B0FBDA
S21400B430F3F0B0E7FEF7ECFF2E4BD3F80831F3E756
S21400B440FEF7E6FF2B4BD3F81431C3F30423EDE7E6
S21400B4502648FFF749FF274BD3F8303103F00303A4
S21400B460D84098E72048FFF73FFF224BD3F820311B
S21400B47003F00F03F4E71C48FFF736FF1D4BD3F825
S21400B4802031C3F30113EBE71948ACE71848FFF780
S21400B4902BFF184BD3F82831F3E71748FFF7C6FE03
S21400B4A0072808D0082809D004287FF473AFBDE821
S21400B4B01040FEF7E9BF114B18686CE7FEF7A8FFCF
S21400B4C00C4BD3F80031C3F3042303FB000062E700
S21400B4D0FEF79EFF0146204630F0F6F8B1FBF0F08E
S21400B4E059E700BF06000E0002001E0005002400FB
S21400B4F00300200000400E40B800320084100020F8
S21400B50010B5FFF7A5FD094B07225A67FEF780FF27
S21400B510FFF758FDFEF7A6FF0446FFF7BBFD014602
S21400B5202046BDE81040FFF7CBBD00BF00400E40F0
S21400B53008B5FFF77BFE022806D00D284FF6FF70F1
S21400B54008BF4FF4FA7008BD014B1888FBE700BF30
S21400B550F6120020014B1880704700BFF61200203C
S21400B560014B1880704700BFF412002010B5042865
S21400B57013D8DFE800F047032F132100294AC1F350
S21400B5800801D2F86838002BFBD1274A136A23F447
S21400B590FF7323F001031943116210BD214A01F025
S21400B5A07F01D2F86038002BFBD11F4A136923F0C5
S21400B5B07F0319431161F0E71A4A01F07F01D2F8C0
S21400B5C06438002BFBD1184A936923F07F03194394
S21400B5D09161E2E7144AD2F89030536A23F03003C0
S21400B5E043F010035362146B104BC1F3C3100330C7
S21400B5F00F2803EA040328BF0F20194341EA00710D
S21400B6001163CAE74F29074A28BF4F21D2F874387A
S21400B610002BFBD1044A936B23F07F0319439163FD
S21400B620BBE700BF0020C84300400E4000F8FF0FF5
S21400B630104A536A13F0300F18D0202913D030293F
S21400B64014D000290C4B08BF4FF44003D2F89010DA
S21400B65033EA0101FAD15B0246BFD2F8A000C0F37C
S21400B6608020012070474FF40003EFE74FF44003BB
S21400B670ECE700BF00400E40FFF3E17F02280AD14E
S21400B68029B1064B4FF48060C3F8A800596612B182
S21400B6900220FFF7CDBF0120704700BF00400E40DC
S21400B6A02DE9F34106460F469046072868D8DFE89E
S21400B6B000F0049025208B67670D4FF400714FF45F
S21400B6C0807408230925002F69D05FE001A801F0E7
S21400B6D01FF99DF80530012B06D94FF400414FF4B1
S21400B6E080440E230F25EEE79DF80430022BF4D895
S21400B6F0FEE70124022100232546E4E700294BD07B
S21400B700364A536A13F0300F3DD1354BDB6B536A24
S21400B710DB0705D5536A23F0300343F0100353626A
S21400B7200424022303252D4A14662E4A13449B0044
S21400B73019680029FCD0B8F1000F21D01544AD00DF
S21400B7402B68002BFCD0022E1AD1CFB1234F796A7A
S21400B75011F001011CD0012220213046FFF78EFF98
S21400B760D7F89C60012200210220FFF799FFC6F35C
S21400B7700A010220FFF7FAFE3C662B68002BFCD07D
S21400B78002B0BDE8F0810424022303250027CAE79F
S21400B7903046FFF74DFFE3E70821022303250F4855
S21400B7A00122016602FA03F3D0F890201A42FBD178
S21400B7B0B8F1000FE4D00123084A03FA05F5D2F8E1
S21400B7C090302B42FBD1DBE72021102404230525F3
S21400B7D079E7802140240623072574E700400E40C1
S21400B7E000300E408004F21010B50446C0B90122A5
S21400B7F01146FFF755FFFFF72BFCB4B90D4B04229B
S21400B8005A67FEF705FEFFF7DDFBFEF72BFE044644
S21400B810FFF740FC01462046BDE81040FFF750BC4D
S21400B8200128E8D102460146E3E7012CE9D1014BA5
S21400B8300322E5E700400E4038B5FEF725FE00215E
S21400B840044600F001FB1248FFF7BCFB012211463C
S21400B8500220FFF725FFFFF7FBFB0CB1FFF70CFC00
S21400B8600C4B02225A67FEF7D3FDFFF7ABFBFEF741
S21400B870F9FD0546FFF70EFC01462846FFF720FCBB
S21400B8802CB920460121BDE8384000F0DDBA38BDAD
S21400B8900148E80100400E40184B70B51C68184B74
S21400B8A09C4227D90021204600F0CEFA1548FFF723
S21400B8B089FB012211460320FFF7F2FEFFF7C8FBC3
S21400B8C00CB1FFF7D9FB104B01265E67FEF7A0FD13
S21400B8D0FFF778FBFEF7C6FD0546FFF7DBFB0146E4
S21400B8E02846FFF7EDFB3CB931462046BDE87040E0
S21400B8F000F0AABA0024D9E770BD00BF541000209B
S21400B900002D31010148E80100400E40012210B52B
S21400B91011460320FFF7C4FEFFF79AFB084B0522EB
S21400B9205A67FEF775FDFFF74DFBFEF79BFD0446D5
S21400B930FFF7B0FB01462046BDE81040FFF7C0BB4E
S21400B94000400E4010B504461120FFF76FFC0021A2
S21400B95001220220FFF7A4FE184A217C536A23F036
S21400B9600103022908BF43F001035362144B2178F8
S21400B970C3F8A014637AA18843EAC123D362136B89
S21400B980A07A217A03F07F630343E08843EAC0236A
S21400B99043EAC11303310F2928BF0F2143EA01737D
S21400B9A01363A37B617B1B0143EA0133E17B0B43FB
S21400B9B0217B43EA0143536310BD00BF00400E40A5
S21400B9C00000C84338B50E4D01461120FFF72EFC87
S21400B9D0AA6B0C4B0C7813401C434B7844EAC324E8
S21400B9E08B7844EA0364CB7844EA0324AB6BA34227
S21400B9F005D0002101220846FFF752FEAC6338BD91
S21400BA0000400E4080E4FFF8034B5868C0F308007F
S21400BA10003818BF0120704700ED00E04209054BD2
S21400BA2053F8223000F01F0023FA00F0C04300F065
S21400BA300100704700E100E0034BD86B80F0400047
S21400BA40C0F38010704700BF00300E4042EA032368
S21400BA50B3F5007F39D016D8B3F5807F31D007D83C
S21400BA605BB3012B1ED00022134603600A607047AA
S21400BA7040F201129342F6D1184BD3F824321A0E34
S21400BA80C3F30743F1E7B3F5407F22D040F201321B
S21400BA9093420ED040F201229342E4D10F4BD3F8EA
S21400BAA0283202E00D4BD3F82432C3F30722DBB270
S21400BAB0DBE70A4BD3F82832E1E7084BD3F81C3211
S21400BAC0F3E7064BD3F81C32D9E7044BD3F8203201
S21400BAD0EBE7024BD3F82032D1E700BF0081E00F3E
S21400BAE008B5FFF7A9FF20B1024AD2F8C830002BEC
S21400BAF0FBD108BD0000C64308B5FFF79DFF80B127
S21400BB00FFF7EEFF074B19685A68C1F30121C2F32D
S21400BB10014291421A688CBF42F0100222F01002D5
S21400BB201A6008BD00300E40064B1B68DB0608D5C1
S21400BB30054B1B69C3F30443082B02BF034B044A9F
S21400BB401A60704700300E4000400E40541000202F
S21400BB50C0EA210137B5FFF76FFF38B12E4B1B78CF
S21400BB60C3F10202102393402C4A13612C492D4D39
S21400BB70D1F8804145F60E03C1F880312B6823F0DA
S21400BB80AA03DB05DB0D0B66FFF7AAFF234B1B683A
S21400BB90D80604F0010416D5D1F84031DA01FBD4FA
S21400BBA0214B1B680B61214B1B78052B0BD1204BBF
S21400BBB018680190FFF794FF184B01985968C1F375
S21400BBC00141FFF77DFA194B1B78023B0A2B0AD876
S21400BBD0DFE803F00616180909090909091B1E0003
S21400BBE00020FFF701FE2B68DB075EBF0C4B02222E
S21400BBF01A661CB10A4B0022C3F8802103B030BD80
S21400BC000120EEE7FFF718FEEDE7FFF77FFEEAE715
S21400BC10FFF776FCE7E700BFE031002000300E407B
S21400BC2000400E40EC250020F0250020DE310020EC
S21400BC305410002010B50B4C0B4BD4F890201A6013
S21400BC401120FFF7F3FA094B1870FFF749FF084B6E
S21400BC50084A5B68C3F301431370074B22691A60F6
S21400BC6010BD00BF00400E40EC250020DE31002055
S21400BC7000300E40E0310020F025002006494278D2
S21400BC800B6823F4407343EA0223022A0B6004BFC6
S21400BC90024B5B6A704700BF00300E4000400E400B
S21400BCA010B5044608B1FFF7C5FFFFF725FF164A93
S21400BCB0136943F0040313612FF063FE2FF062FE56
S21400BCC0124B1B68DB0618D52FF003FD40F040FF33
S21400BCD02FF003FD2FF057FE03F04AFB7CB1FFF771
S21400BCE039FF0A4AD2F84C3123F00043C2F84C31EF
S21400BCF044B9BDE81040FEF7B5BB30BFEAE7FFF732
S21400BD0013FFEEE710BD00BF00ED00E000300E4070
S21400BD1038B5044608B1FFF78DFFFFF7EDFE1B4B65
S21400BD201B4DD3F8802145F60E01D207C3F88011CB
S21400BD3048BF00224FF42071196648BFC3F880211F
S21400BD40144A136943F0040313612FF01AFE2B689C
S21400BD50DB0615D52FF0BDFC40F0FAFE2FF0BDFC3B
S21400BD6003F006FB74B1FFF7F5FED5F84C3123F06F
S21400BD700043C5F84C3144B9BDE83840FEF772BB05
S21400BD8030BFEDE7FFF7D0FEEFE738BD00400E40CE
S21400BD9000300E4000ED00E00378134A002B437895
S21400BDA070B514BF04260026002B8378946914BF50
S21400BDB002250025002B037924F03F0443EA040300
S21400BDC0C47814BF08210021012C08BF43F00103EA
S21400BDD033432B430B4393611368417923F4403379
S21400BDE043EA0143136070BD00300E4070B5044650
S21400BDF00E46FFF721FE10B3FFF772FE104B5B688E
S21400BE00C3F301439C421AD00E4BD3F80031FEF721
S21400BE10FFFA022C054602D12146FFF751F9C4F17C
S21400BE20020210239340064A13610EB1FFF758FE34
S21400BE302CB921462846BDE87040FFF741B970BDD1
S21400BE4000300E4000400E4013B50246FFF7F4FDEA
S21400BE50C8B152B90D4B0191D3F80041FEF7D8FA9C
S21400BE60C4F30422019902FB0002094B1B7843B17C
S21400BE70084B9A4205D8022002B0BDE81040FFF7F2
S21400BE80B5BF0020F8E702B010BD00BF00400E406E
S21400BE90DF310020002D3101034B02781A7001219A
S21400BEA00020FFF7D1BF00BFDF310020174B4AF656
S21400BEB0E85210B5596B5A639A6FD407FCD41B6CC2
S21400BEC013F003031EBF124A0124C2F8B44A834289
S21400BED016D00E4B9A6FD207FCD41A6C22F00302CF
S21400BEE002431A649A6F12F00102FBD10038084C24
S21400BEF018BF01200129C4F8B40A08BF5A6303E03A
S21400BF0010B9034BC3F8B40A10BD00BF00300E4092
S21400BF100000C6432DE9F04F002389B0CDE9023377
S21400BF20CDE90433CDE90633A0F5E163B3F5966FAA
S21400BF3004460D46914604D90025284609B0BDE8BA
S21400BF40F08FB0F5E16F674B8CBF0122002240F006
S21400BF50BC80D3F81832C3F30721DBB207910493F1
S21400BF604FF4167A4FF4966BDFF87C81D8F84C7055
S21400BF700192C7F301773B4605A902A8FFF766FDC5
S21400BF80D8F8E060019AC6F30126334606A903A84E
S21400BF90FFF75CFD049B0799A4EB0B0EA1EB030CCB
S21400BFA00EFB0CFCBCFBFAF213EB020C2CBF0123BD
S21400BFB000236145C0D3002BBED1069A0398131AFE
S21400BFC00EFB03F3B3FBFAF3C0182CBF01230023C8
S21400BFD08242B1D3002BAFD1059B02995A1A0EFBB1
S21400BFE002FEBEFBFAFA11EB0A012CBF4FF0010E5F
S21400BFF04FF0000E8B429FD3BEF1000F9CD1B9F1DB
S21400C000000F10D0D8F85C2022F4FE4222F0020284
S21400C010B4F5E16F42EA0C2218BF4FF0020E42EA76
S21400C0200E02C8F85C20002D4DD02E4B022FD3F800
S21400C03030223ED0032F3FD0012F14BFD2B2C2F31E
S21400C0400722120312F4702F7FF476AF264FFB6E92
S21400C05023F470431A43234BFA66022ED3F8302299
S21400C0602CD0032E2DD0012E14BFD2B2C2F307223D
S21400C070120312F4702F7FF45FAF1B4ED6F8E03039
S21400C08023F470431A43C6F8E020736E814238BF2B
S21400C090014623F4FF73E72923F0010328BFE721B5
S21400C0A0B4F5E16F18BF43F0010343EA410373663A
S21400C0B043E7C2F30742C4E7120EC2E7C2F30742E1
S21400C0C0D6E7120ED4E7012537E7D3F81832190E53
S21400C0D0C3F30743079104934FF4966A4FF4E16B5A
S21400C0E042E700BF0081E00F00300E40304B1A6F71
S21400C0F0D96C11F0010F02F0060244D0002A42D09B
S21400C100132851D9143813288CBF10230823284924
S21400C110013BCA6C180322F47F4240EA0323134310
S21400C120CB64244BCA6C1B88C2F30322283301322B
S21400C13002EB820003EB5303B3FBF0F3C86C013B46
S21400C140072B28BF072320F0EE6040EA036343F482
S21400C1508013CB64184BB3F90030002B12DB03F1CD
S21400C1602800C0F34E030344500800EB4202B3FB22
S21400C170F2F20B6D072A28BF072223F0700343EA6A
S21400C18002120A657047D96C01F00101114304D10F
S21400C190092809D90A380928B6E7DB6C13F0010329
S21400C1A0B5D01AB92728AFE70423B0E70023AEE7D7
S21400C1B000300E40183100201A310020064A074B86
S21400C1C0D3F88039136F23F007031843044B106726
S21400C1D01888FFF78BBF00BF00300E400000C64334
S21400C1E01631002038B504468088E388B4F90C5030
S21400C1F04A2B50D9B3F5FA7F4FD340F6C312934279
S21400C20094BF4FF000524FF040522949CB6C23F0B8
S21400C210405323F00103002DA8BF43F0010313434E
S21400C220CB64D1F8E03043F44073C1F8E030214BE2
S21400C2301880CB6E43F08073CB661F4BD3F8800913
S21400C24000B10420FFF7BAFF1C4B218919801C4B54
S21400C250B4F90C20A0881A80FFF748FFA37BFBB137
S21400C260012B21D0012260881146FFF753FE0546B8
S21400C27078B10F4AD36B43F48063D3636078FFF7DB
S21400C28015FEA37AA3F12002534253410A4AC2F88C
S21400C2909437284638BD0022B7E74FF08052B4E7FF
S21400C2A0034B084A9A65DDE7014B074AFAE700BFE9
S21400C2B000300E40163100200000C6431831002022
S21400C2C01A31002077402057372110B7144A1548F6
S21400C2D0D2F8B030C3F3074307EE103AD2F8043171
S21400C2E0DBB207EE903AB8EEE76ADFED0F7AC6EEFD
S21400C2F0276ADFED0E7A76EEA76A026A016AD2B284
S21400C300C9B28A42F9D19B1A07EE903AF8EEE77A5C
S21400C310B8EEC77A07EEA67A17EE100A704700BF87
S21400C3200081E00F00300E400000C842A8C68B3ED9
S21400C330044AD2F8443423F003031843C2F84404F2
S21400C340704700BF00A00040072AF8B501F00306BA
S21400C35014461F464FF00F0120D8950000FA05F24C
S21400C360A94016482FF014FB0321154806FA05F2DB
S21400C370A9402FF00DFB13499DF818302144890081
S21400C38001220F60C1F880300F4B02FA04F4C3F8A4
S21400C39024449DF81C30C1F80033F8BDA2F108050E
S21400C3A0AD0000FA05F2A94008482FF0F1FA032183
S21400C3B0074806FA05F2A940DBE700BF00A40040E4
S21400C3C008A400408020851000A0004004A400407F
S21400C3D00CA4004000EB4000F8B50D461F460401D3
S21400C3E016463AB1164801238B402044CFB100F1DF
S21400C3F0C0600360072D4FF00F0115D8AB00114841
S21400C40006FA03F2994020442FF0C2FA46B90C4AC5
S21400C410012101FA05F5224477B102F1C0621560E8
S21400C420F8BD00F18060E4E7A5F108039B0006482C
S21400C43006FA03F29940E6E702F18062EFE700BFF2
S21400C4400CA0004004A0004008A00040F8B5054637
S21400C4500E4614466AB3026822F44072026003F085
S21400C46003072FF036F92A6882EA072303F440739D
S21400C47053402B602FF031F936B9114B9D4219D13C
S21400C4801048FEF773FF06462B680F4BD85D6043D7
S21400C4900FD02A686FEAC4040444920704EB06032C
S21400C4A0B3FBF0F303F1FF3302D5002B08BF0123E3
S21400C4B02B61F8BD054B9D42E6D10548E1E700BF7C
S21400C4C000C0004000620400C00D050000C400402B
S21400C4D00072040038B5002303640B4BC3634A782C
S21400C4E0430103F1844382F001020C465A600B7B41
S21400C4F00546D1E90112FFF7A9FF21782846BDE8D5
S21400C50038402FF056BA00BFFFFF0700084B4FF425
S21400C5100072C3F88020BFF34F8FBFF36F8F054BB9
S21400C5200021D9664FF4AA401962FEF7D9BD00BFB4
S21400C53000E100E000200E40034B03449B0081F026
S21400C54001011960704700BFA001F11010B5044644
S21400C55001214FF4AA40FEF7C3FDB4F8013022785B
S21400C5605BBA9BB243EA02630B4A13600023136272
S21400C570D36253634FF00043D3664FF0FF339366A6
S21400C580064A4FF40071C2F88011E3785B01DBB213
S21400C59082F80933116010BD00200E4000E100E073
S21400C5A02DE9F041C3B201259D40CB7A8F7A234E08
S21400C5B0D1F800E00C464FF03008097B94F80DC027
S21400C5C0B5661B0508FB006043EA074343EA415390
S21400C5D022F00302C0F880E0C0F888C0C0F88430BB
S21400C5E0C0F898202FF07CF8F36E2B43F366237A7E
S21400C5F013B1736B2B437363637A13B1F36A2B43E4
S21400C600F3620E4B1A68237923B1DB431B0263F4F3
S21400C6107F431A4063790BB142EA0322A3790BB138
S21400C62022EA0302E3791A43044B1A60044A95622D
S21400C630DD63BDE8F0412FF059B800BF00200E4082
S21400C64000200E4410B5C0B2012484402FF048F8F4
S21400C650054AD36E23EA0403D366044B1C62BDE886
S21400C66010402FF043B800BF00200E4000200E44BC
S21400C67010B5C0B2012484402FF032F8074B1A6A76
S21400C680224209D19B6A34EA03030CBF012400242A
S21400C6902FF02CF8204610BD0024F9E700200E40AD
S21400C6A0054B5A685B68054B41F671321A649A6806
S21400C6B022F001029A60704700300E4000000E40E3
S21400C6C0034B9A6822F001029A6000221A647047AF
S21400C6D000000E40094A0A4BD969C90705D512B9A8
S21400C6E06FF002007047013AF6E7002AF8D0012200
S21400C6F01861DA60D86940F3800070478096980029
S21400C70000000E4070B5C1B10E4A0023082550F84F
S21400C710234094610C4CD5600133D669F60705D5E5
S21400C72014B96FF0020009E0013CF6E7002CF8D0DF
S21400C730D469A40703D49942E9D1002070BD6FF0F4
S21400C7400100FBE700000E40809698002DE9F843B4
S21400C7501C4B884641F671311D6C19641A49074610
S21400C76048684968996841F00101ADB29960960839
S21400C7704FF00009B14501D3002005E007EB89041E
S21400C7802046FFF7A7FF48B10E4B9A6822F0010239
S21400C7909A600DB100221A64BDE8F883C4F30A0457
S21400C7A0C4F50064A408A6EB0901A14228BF2146EF
S21400C7B04046FFF7A7FF0028E6D1894408EB81082A
S21400C7C0D8E700BF00000E4000300E40234B41F675
S21400C7D071311A6C10B5196421494C68496899681A
S21400C7E041F00101996001211861D960D9694C07AF
S21400C7F092B209D5996821F0010199600AB1002228
S21400C8001A644FF0FF3026E00221D9601549D86936
S21400C810C00700D569B9D86910F002000BD0996836
S21400C82021F0010199600AB100221A646FF001003C
S21400C83011E00139EBE741B9986820F001009860F3
S21400C84002B119646FF0020005E0996821F0010159
S21400C85099600AB1186410BD1046FCE700000E404F
S21400C86000300E40809698008B784A789B0143EA09
S21400C87082030A781343CA7843EA02130A7943EA22
S21400C880C2234A7943EA02338A79043043EA4243B0
S21400C8900001014A1350704700200440014B186005
S21400C8A0704700BF00008442427801790378002A6E
S21400C8B0827870B514BF04260026002AC27814BFFA
S21400C8C010250025002A42794FEA023242EA012268
S21400C8D042EA0302837914BF20240024002BC37984
S21400C8E042EA034343EA0603027A43EA050314BF17
S21400C8F04FF4004100212343002A14BF4FF40032B6
S21400C90000220B431343014A136070BD002004400D
S21400C9100D4AD2F8E430D2F8E0109B0003F03C0356
S21400C920C1F381110B438370D2F8E03003F03F036C
S21400C9304370D2F8E830D2F8EC2003F0F003C2F3EC
S21400C940031213430370704700FF0FE0024BD3F847
S21400C950F000D3F8F41070470081E00F044BD3F8D2
S21400C960E4301B0E0A3303F01F0301209840704783
S21400C9700081E00F70B5054616461C4619B91448E6
S21400C980FEF7F4FC0146402C1BD003D8DCB1202C6B
S21400C9901BD070BD602CFCD1042303FB06F25608A6
S21400C9A006EB4113B3FBF2F30A4A203B02EAC30349
S21400C9B02A6822F060022A602A6814432C606B61A1
S21400C9C0E7E70623E9E71023E7E70823E5E700BFE4
S21400C9D040410500F8FF7F0038B50546144619B9F2
S21400C9E00548FEF7C3FC014601396400B1FBF4F1CB
S21400C9F00902696138BD00BF4041050040F6AA63E0
S21400CA00C36041F205020023036042600C4A836063
S21400CA104361C36482640B4A03669042436702F52F
S21400CA2080628367C36704D0904202D0064988427A
S21400CA3000D1036500239042836508BFC365704735
S21400CA40F9FF010000000140000801404111064ABC
S21400CA50012300F01F0003FA00F052F821301843BB
S21400CA6042F82100704700BFF4250020044B1B68E5
S21400CA701BB1044B0360002070470120704700BFC5
S21400CA80042600201C31002070B50D4C246884B1AB
S21400CA900C4C26888518B5420DDC6688CD18B54244
S21400CAA009DC52B14BB1A080E18022816381002075
S21400CAB070BD0120FCE70420FAE70520F8E700BF78
S21400CAC0042600201C3100202DE9F74F0093444B2C
S21400CAD01B68002B7FD0DFF810910D9FB9F8063049
S21400CAE0B9F80A205D181A441FFA82FAADB24FF060
S21400CAF0010B1FB9384603B0BDE8F08FABB29A45BC
S21400CB006BD9384AB9F80840B9F80430241A02EB51
S21400CB100511009ABC4228BF3C46161E18BF0126C7
S21400CB2003447642072CA7EB04079BB2F6B221D843
S21400CB301C44BEB9A34217D2DE0803F007020BFA64
S21400CB4002F08A5D013322EA00028A559BB2F1E7C1
S21400CB50D80803F007020E5C0BFA02F232430133E8
S21400CB600A549BB2A342F3D32846FFF76FFF013562
S21400CB700020BEE74FEAD30C01EBD30813F00703FF
S21400CB8010D00BFA03F211F80CE0D2B2501E52424B
S21400CB900EEA000032401043083B01F80C0008F192
S21400CBA001081C44E20809D03146404601923FF095
S21400CBB0BCFD14F00704019AD6D090440BFA04F496
S21400CBC098F80030E4B26242013C134034401C4303
S21400CBD088F80040C8E701278CE704278AE700BFEB
S21400CBE004260020E13100201C31002037B5124D0C
S21400CBF02B68FBB9FDF73EFB044618B1012420461E
S21400CC0003B030BDFDF72AFB28600028F6D0028866
S21400CC1041880A4B1A801A814A4359809C80DC80DE
S21400CC2059812046CDE90042234622462146FFF799
S21400CC304BFFE4E70024E2E7042600201C31002036
S21400CC402DE9F8431B4FDFF874803C68DFF86890E6
S21400CC50002301251A46D8F800004188D6188E42CF
S21400CC6007D3FBB91348102200213FF05EFD0020D9
S21400CC7012E0E10708D50133D118C9060ABF57F8F4
S21400CC80254064080135E6E753B109EB0211FDF7CC
S21400CC9089FA034610B10720BDE8F883721CEBE75B
S21400CCA00132E9E7044901EB0211FDF77BFA00289F
S21400CCB0D8D0F0E7F4250020E1310020042600203B
S21400CCC030B5054687B000B300226FF07F43C0E959
S21400CCD0012301A8FFF7CAFE044698B9019B2B6002
S21400CCE01A885B88CDE90200013A013B02A9284672
S21400CCF0049205932EF041FF044618B904492846CD
S21400CD002FF029FA204607B030BD0524FAE700BF09
S21400CD10F410050038B504463FF044F80FCC044D37
S21400CD200FC594E80F0085E80F00002038BD00BF4F
S21400CD300826002047F6FF739A42F0B56BD002290A
S21400CD406BD8374D05EBC10615F83130B0780128A1
S21400CD5038BF0120012B4FEAC107044613D1F378F0
S21400CD601B1A0020984202D3E018C0B2F0BD191A70
S21400CD70A3EB5101756835F911509542CCBF01F10E
S21400CD80FF330846EEE770680028EFD0B0F90030B1
S21400CD90934204DBB0F902309342B8BF1346828850
S21400CDA0FF2A04BFB0F90610B0F908C03D440FBF13
S21400CDB001260026C8214FF0280C6D78CA1A92FB6F
S21400CDC0FCF2324412B2954201DD002A01DA6A1EF4
S21400CDD012B24FF47A7700EBC2060132F188B668D9
S21400CDE012B213FB016121EAE171954201F15C0187
S21400CDF0B1FBF7F104DD00EBC206B6888E42EAD23C
S21400CE0000EBC20232F8040C884228BF0846A04253
S21400CE1038BF2046A9E7FF20A8E70020A6E700BF06
S21400CE20082600200229F0B55FD8314B13F83100F0
S21400CE30012816D103EBC1018C78C878012C234653
S21400CE4038BF0123904294BFC3EB0003C3EB020339
S21400CE50DBB2001B4A688342C8BF002332F91300C6
S21400CE60F0BD002A3FD003EBC1014B68002B3CD03D
S21400CE708878904202D3B3F90200F1E7CC78B3F990
S21400CE8000009442ECD94C789988A1F1FF06013C49
S21400CE90714203F10405E4B2714103F10C071FFA75
S21400CEA082FCCEB2B44216D805EBC1014FF47A75B7
S21400CEB0B1F9024049686A43521A04EBD47102EB96
S21400CEC0610292FBF4F29042CADBB3F90200904290
S21400CED0C6DC10B2C4E737F831E0E64501F10106DA
S21400CEE0E2D33146DDE70348BAE70348B8E700BFB8
S21400CEF0082600200CFEFFFF0080FFFF08B5044850
S21400CF00FFF708FFBDE8084001203EF04FBF00BF16
S21400CF102414050000487047F81200207FB5094B1E
S21400CF2009490222CDE901234FF08373CDE90313AB
S21400CF304FF0FF300D2301A905933EF069FF07B0BF
S21400CF405DF804FB006A180006010C0000230C4A7A
S21400CF500360032910B50263044643630ED105211E
S21400CF602EF0BAFC636823F4407343F400736360E6
S21400CF70636823F4406343F40063636010BD00BF3E
S21400CF80200010002DE9F04F1E46044692468946C2
S21400CF901F460FCE8BB001AD0FC596E80F0085E893
S21400CFA00F000025DDF8508009952EF092FB5146C3
S21400CFB0064604F582702EF01EFC494604F5847081
S21400CFC02EF019FC394604F586702EF014FC304617
S21400CFD02EF083FB604E614BDFF8C4A12365DFF8BB
S21400CFE0C4B12EF076FBC4F850B0D4F814902EF0EE
S21400CFF074FB19F0807F19D0594B23652EF069FB1E
S21400D000C4F850B065692EF068FBEB0140F18C80E7
S21400D0102EF05FFB4146054604F588702EF0F3FBC4
S21400D02028462EF05AFB0BB0BDE8F08F19F4807F2F
S21400D0301CD14C4B2365013D9023A360636913F418
S21400D040807F494B23650ED02EF043FB394683463E
S21400D05004F580702EF0CFFB58462EF03EFB434B77
S21400D0602365434B63658823A360B8E7002D13DA76
S21400D070404B2365404B63652EF02BFB01A983468E
S21400D08004F580702EF0BFFB63695846C3F3034374
S21400D09009932EF022FB6D42384B23656369DFF857
S21400D0A008C113F4407F4FF08803A3604FF00100DF
S21400D0B06269266560656369C4F850C00ABF0121CD
S21400D0C04FF0FF3105F1FF358142C2F30722C3F36B
S21400D0D007230CD1D20706D5D80704D5284B2365DD
S21400D0E0284B6365A8E7284B2365284BF9E70131F1
S21400D0F0A2D1D10713D4DA0711D5254BC4F850A016
S21400D1006365A06501A904F580702EF074FB099B89
S21400D11003F00F03C4F848318323A3608CE71D4B4C
S21400D12023651D4B6365EDE72EF0D3FA04F5807694
S21400D1303946054630462EF05EFB28462EF0CDFAE0
S21400D140164B23652EF0C5FA4146044630462EF0AF
S21400D1505AFB204665E700BFC93E819830848801A7
S21400D16098390100C93E8101D23E8201C024D034E4
S21400D1700982010090A2848899830100D9080100E1
S21400D180C8340981E20C8201C80881E20C820100E1
S21400D19081E2148283D91081E2148201E01001003A
S21400D1A083D9341135393801DB3E01002DE9F04FC3
S21400D1B08BB080460C4615460021202202A81E464B
S21400D1C03FF0B3FA4FF00A094FF0000A98F8003023
S21400D1D0022B40D0032B07D0012B44D06FF07103F5
S21400D1E018460BB0BDE8F08F202202A93046A847AB
S21400D1F00346002BF4D100F0C1FC98F800108346DB
S21400D200FFF7A4FE2EF065FA02A907460BF582701A
S21400D2102EF0F1FA38462EF060FA3B4BCBF8503041
S21400D22058462FF05FF82EF054FA0BF580770190F1
S21400D23002A938462EF0E7FA019B18462EF04DFA62
S21400D240029B012B17D8584600F0A2FCB9F1010941
S21400D250BCD12E4BC4E71C2202A93046A847034681
S21400D260CDF824A0C5E7182202A93046A847CDF875
S21400D27020A00346F4E72EF02CFA04F10C0605462F
S21400D28021460BF584702FF031F831460BF5867089
S21400D2902FF02CF804F118010BF5887001912FF08F
S21400D2A025F828462EF019FA194BCBF85030584678
S21400D2B02FF018F8019938462FF04EF80346E8B9D3
S21400D2C0144BCBF85030144BCBF8543058462FF054
S21400D2D009F8214638462FF03FF8034670B90F4B41
S21400D2E0CBF850304FF48E73CBF8543058462EF0AF
S21400D2F0F9FF314638462FF02FF80346584601937B
S21400D30000F046FC019B6BE730C80C0100B3FFFF42
S21400D31081E11C018CE11C81D11C0100E11C81D93A
S21400D3202DE9F843064610460F4690461D4631F056
S21400D330C7FB28B129463846BDE8F84331F0AABBFA
S21400D3402B6A002B40F0AD8000F018FC31780446C4
S21400D350FFF7FCFD2EF0BDF904F5807608F1180104
S21400D360814630462EF0C2FF48462EF0B6F9574B9F
S21400D370236540F28113636520462EF0B3FF2EF03E
S21400D380A8F92946814630462EF0B0FF48462EF0D2
S21400D390A4F94F4B23650123204663652EF0A2FFB8
S21400D3A04C4B23652EF09EFF2EF093F905F10C01F1
S21400D3B0814630462EF09AFF48462EF08EF9464BB0
S21400D3C0236520462EF08EFF2EF083F908F10C0917
S21400D3D04946054604F582702EF088FF28462EF052
S21400D3E07CF93E4B236520462EF07CFF2EF071F92B
S21400D3F04146054630462EF079FF28462EF06DF958
S21400D400374B2365374B636520462EF06BFF07F1DD
S21400D410180130462EF0A0FF054600283BD1324BBF
S21400D420236520462EF05EFF304B23652EF05AFF14
S21400D4302F4B23652EF056FF2E4B23654FF48A7331
S21400D44063652EF04FFF2C4B23652EF04BFF3946BD
S21400D45030462EF081FF0546E8B9284B2365284B59
S21400D460636520462EF03EFF2EF033F9494605460A
S21400D47030462EF03BFF28462EF02FF9214B236531
S21400D480214B636520462EF02DFF07F10C01304638
S21400D4902EF062FF0546204600F07AFB2846BDE8DF
S21400D4A0F883284631F00CFB08B1414643E72B6A67
S21400D4B0002B3FF449AF012105F118002FF0E1FEE3
S21400D4C000283FF441AF114DE8E700BF8184E11C1E
S21400D4D083D91C83E11C810182D11C01C8148201FE
S21400D4E09983D91481E11C018CE11C01811C840103
S21400D4F0D91C830191D11CE0D814140181CB14816E
S21400D500D11C820181E11C84E214010080B0FFFF7F
S21400D5102DE9F04788B0904605460F4600F02EFBF2
S21400D5202978DFF854910446FFF710FD2EF0D1F865
S21400D53004F5807608F11801054630462EF0D6FE32
S21400D54028462EF0CAF840F28313C4F850902046BE
S21400D55063652EF0C7FE2EF0BCF808F10C010546F8
S21400D56030462EF0C3FE28462EF0B7F84FF0010ADC
S21400D570354B23652046C4F854A02EF0B3FE07F1C1
S21400D580180130462EF0E8FE0546002854D12F4BF1
S21400D59023654FF48673636520462EF0A3FE2EF0B7
S21400D5A098F84146054604F588702EF09FFE6946B9
S21400D5B030462EF028F928462EF08FF8244B2365A7
S21400D5C0244B6365244BA36520462EF08BFE234B2D
S21400D5D02365234B63652EF085FE224B2365224B85
S21400D5E06365C4F858A02EF07DFE394630462EF00E
S21400D5F0B3FE054600BB1D4B23651D4B63652046E9
S21400D6002EF070FE2EF065F86946054630462EF080
S21400D610F2F828462EF061F8164BC4F85090636571
S21400D6204FF48A73A36520462EF05CFE07F10C01CA
S21400D63030462EF091FE0546204600F0A9FA284610
S21400D64008B0BDE8F08700BF821CC00C91D11CC09A
S21400D650C00C81E11C82DC0C81148401E11C81C8B1
S21400D6600C0C8101D20C848BD91CE01484E2148249
S21400D670D11C8301C00C82D38182D11C2DE9F043DA
S21400D680A5B00E46054600F079FA15F8041B0446C8
S21400D69006F11807FFF75AFC1C22002105A83FF0E8
S21400D6A044F84FF0010839460CA80DF17009CDF882
S21400D6B010802EF09DFE294614A82EF099FE14AB7D
S21400D6C00CAA04A9CDF800902046FFF75BFC2EF0CC
S21400D6D000F84946054604F5867904F582702EF072
S21400D6E08AF8314648462EF001FE06F10C0104F594
S21400D6F0887003912EF0FAFD28462DF0EEFF134BAE
S21400D700236520462EF0EEFD114B23652EF0EAFD34
S21400D710104B23652EF0E6FD0F4B23652EF0E2FD41
S21400D720039904F580702EF017FE58B93146484626
S21400D7302EF012FE30B9204600F02AFA414638464E
S21400D7402FF001FC25B0BDE8F08300BF8AD11C0194
S21400D75081D91C0183D11C0181E11C0110F1860FC7
S21400D76006D038B19330044808BF6FF06F0070479A
S21400D7706FF07100704700BF009FFFFF70B58CB060
S21400D78004460D4616460021242203A83EF0CDFF8F
S21400D7904FF41053ADF80C304CB323683BB335B39D
S21400D7A01B78022B05D0042B1BD06FF071000CB039
S21400D7B070BD8023A06BADF80E304C21A0B90120BF
S21400D7C02FF0C3FAA8B1A0630B4B0093A06BF3082D
S21400D7D02A4603A900F0ACFC0CB0BDE87040FFF789
S21400D7E0BDBF4FF48073E5E702F0F2FFECE70348B5
S21400D7F0DDE70348DBE700BF0002C003009FFFFF32
S21400D800809EFFFF10B550B1046844B139B1806BFB
S21400D81028B100F0CDFCBDE81040FFF79FBF0148DF
S21400D82010BD00BF009FFFFF07B578B102686AB160
S21400D830806B58B151B100230193102201AB00F068
S21400D8401DFD03B05DF804EBFFF788BF014803B089
S21400D8505DF804FB009FFFFF10F1860F1BD010F150
S21400D860850F08DA10F1930F18D010F1870F07D044
S21400D8704FF0FF307047003818BF01204042704715
S21400D880094B99420DD00433994214BF6FF06D00D6
S21400D8906FF0730070476FF0710070476FF06F00A5
S21400D8A070476FF0720070470500000210B5064B17
S21400D8B0064C002914BF1946214600F007FA2146F7
S21400D8C0BDE81040FFF7C8BF0800000209000002CC
S21400D8D008B500F041FABDE808400149FFF7BCBFB3
S21400D8E00900000207B500230193202201AB00F0D7
S21400D8F0B7FA034903B05DF804EBFFF7ADBF00BF0E
S21400D9000900000208B5044900F0E0F9BDE8084047
S21400D9100149FFF7A1BF00BF0500000208B500F0EF
S21400D9201BFABDE808400149FFF796BF0500000254
S21400D93007B500230193142201AB00F091FA0349C6
S21400D94003B05DF804EBFFF787BF00BF05000002D9
S21400D9502DE9F74F0F9D0190F520164695F800B07B
S21400D960DDF8309088469A4600F02CF900230446ED
S21400D9700360082243600E9904F180072DF074FFBF
S21400D980294638462DF0F9FE0BF0070B2A780BF1E6
S21400D990010B002302F00702CBF1100019462A7093
S21400D9A028445A463EF0C1FE294604F184002DF074
S21400D9B0E4FE0523A360109BF34200F08E80102B3C
S21400D9C012D08EB1C3F11002B24228BF32460F33D6
S21400D9D041462B4408EB020011F801CB03F801CFB7
S21400D9E08842F9D19044B61A05F1100104F18C0072
S21400D9F02DF0C3FE5923A3600523A3604623A3602E
S21400DA00CEB1002326636363544B2365012363650D
S21400DA10B0440F2EA8EB060159D80023C5E9003301
S21400DA20C5E90233CA5CEA540133B342FAD3294645
S21400DA3038462DF0A2FE0D9B236300236363019BF3
S21400DA40002B4DD0464B2365464B6365464BA3657E
S21400DA50464BE3650123DDF8348023660026B8F1E3
S21400DA60000F21D0B8F10F0F4CD8C5E90066C5E904
S21400DA70026600231AF80320EA5401339845F9D1C8
S21400DA80294638462DF079FE294638462DF094FE74
S21400DA90B9F1000F06D00023EA5C09F80320013331
S21400DAA09845F9D14FF00008294638462DF084FEF7
S21400DAB0204600F091F8019B002B45D11846129A9B
S21400DAC0904243D1002B18BF4FF02C0838E0384660
S21400DAD02DF055FE103E9CD1ADE74623A360AAE785
S21400DAE0234B236503F1BC4303F5262303F64D437E
S21400DAF0636503F12243A3F5C053A3651D4BE3659D
S21400DB001D4BA8E7514638462DF039FEA8F11008FF
S21400DB100AF1100AB9F1000F06D0494638462DF032
S21400DB204DFE09F110099AE7294638462DF044FEC5
S21400DB3095E71199EA5CCA540133129A9342F8D1D8
S21400DB40404603B0BDE8F08F0023F6E711992A5C43
S21400DB50095C4A4013430130B1E700BF70590546DF
S21400DB60F870455905460348055163FB04480559B6
S21400DB70F803480546FB044805590100024B0348D4
S21400DB800122C3F8002670470010C84300000F406B
S21400DB90094B98420ED003F58063984209D10122C2
S21400DBA0064B03EBC2035A68054B13449B00002246
S21400DBB01A6070470022F3E700000F40DC140500EF
S21400DBC08005F210024B03480122C3F80026704776
S21400DBD00010C84300000F40044B984203D003F5E2
S21400DBE08063984201D1FFF7D3BF704700000F4013
S21400DBF02DE9F04788B006461F4688461546FFF7CB
S21400DC00BDFF2F4B9E42044657D006F17E40083893
S21400DC1001284FD80423236000236360E36462680E
S21400DC2022F44062626023636A466363A8F10403D9
S21400DC3008F11C0853F8040F00BA434542F8040BD9
S21400DC40F8D12DF046FD6946064604F582702DF0A3
S21400DC50D2FD30462DF041FD1A4B2365109BDFF8B0
S21400DC60689005EB831604F5D27A2DF032FD29462E
S21400DC70804650462DF0CFFD403540462DF02DFD18
S21400DC80AE42C4F85090F0D12DF023FD394605463B
S21400DC9004F580702DF0B7FD28462DF01EFD2046B9
S21400DCA0FFF776FF3B1F1C3753F8042F12BABB4210
S21400DCB01A60F9D108B0BDE8F0870023ABE700BFD3
S21400DCC005000002888AC801070D810138B50D4697
S21400DCD0044690B36C2200213EF027FD1A4B9D426D
S21400DCE013D001339D421CD0043B9D4228D1174BD4
S21400DCF004F10C0203F1200153F8040B42F8040B64
S21400DD008B42F9D12560002038BD114B04F10C027E
S21400DD1003F1200153F8040B42F8040B8B42F9D1AF
S21400DD20F0E70C4B04F10C0203F1200153F8040B4E
S21400DD3042F8040B8B42F9D1E4E76FF08600E3E784
S21400DD406FF08500E0E700BF080000022E15050012
S21400DD50EC1405000D1505002DE9F04F0E4685B0B4
S21400DD601446054600286FD009B9002A6CD12B68E6
S21400DD703A4A934204D003F17E43083B012B66D80F
S21400DD801CB9002005B0BDE8F08F6B6803F03F08B3
S21400DD90E3186B6022BFAB680133AB60B8F1000FCD
S21400DDA058D0C8F140094C4554D305F12C073146EC
S21400DDB04A4607EB08003EF090FC0122009205F16F
S21400DDC00C03403C444428683A461946FFF710FFC7
S21400DDD03F2C4E444FF0000811D9B1074FEA941279
S21400DDE0374605F10C0314D10092286832461946CE
S21400DDF0FFF7FEFE24F03F031E4404F03F04002C11
S21400DE00BFD005F12C002246314640443EF065FC6A
S21400DE10B7E706EB821905F12C0B4FF0010A5A46BC
S21400DE2007F1400157F8040B42F8040B8F42F9D172
S21400DE30CDF800A01946286803935A46FFF7D8FE87
S21400DE40B945039BEBD1D5E76FF086009AE76FF0F4
S21400DE50880097E73F2CC0D8D3E700BF0500000234
S21400DE602DE9F3410E461F46054608B11BB922B1FF
S21400DE706FF086044AE00029F9D02B682B498B42C4
S21400DE8048D001318B4248D004398B4248D14FF0FC
S21400DE901408904547D86A68D3008DF807305309B0
S21400DEA08DF80630530B8DF80530530D8DF8043081
S21400DEB0AB68D90001EB52718DF8031002F03F02F7
S21400DEC05909372A8DF802104FEA53318DF80110A0
S21400DED04FEA535316498DF8003094BFC2F138020A
S21400DEE0C2F178022846FFF737FF044670B90822C9
S21400DEF069462846FFF730FF044638B9C7F8008061
S21400DF00424605F10C0130463EF0E7FB204602B0E3
S21400DF10BDE8F0814FF01C08BBE74FF02008B8E7DB
S21400DF206FF08804F2E76FF08904EFE7080000025C
S21400DF304E1505002DE9F04F8FB09B469DF86C30CE
S21400DF40BDF868800090914601930E46002900F0C7
S21400DF50B3804F1E3F09FFF711FE08F1FF330F2B6A
S21400DF60044600F2D680B9F1000F00F0D280BBF173
S21400DF70100F03D0BBF1200F40F0CB802DF0A9FB93
S21400DF800023236023636363634B236563498246F0
S21400DF9004F184002DF0F1FBBBF1100F0CBF4FF025
S21400DFA0080B4FF0100B5A46494620462DF05CFCF5
S21400DFB05B4B23655B4B63655B4BA3655B4BE36524
S21400DFC04FF4C173236623699B07FCD106F00F0349
S21400DFD0C3F11003DDB2102D02A901D1002E6DD1C0
S21400DFE004F180002DF0E8FB50462DF076FB102261
S21400DFF0002106A83EF099FB009BA6EB071203EB58
S21400E000071106A83EF069FB102D4FEA071A58D0F4
S21400E0100EAB5A1B8021012D02F8101C07D0C5F14B
S21400E020110006AB6A1E002118443EF07EFB06AACD
S21400E03002A80423116850F8046B013B81EA06012C
S21400E04042F8041BF6D12DF044FB236B43F010037B
S21400E050494623635A46064604F1800720462DF0BB
S21400E06003FC384618992DF08AFB009D04F1A000A9
S21400E070AA4440F2051955452ED106A92DF07DFB80
S21400E08040F205132365256915F00305FBD10AA99F
S21400E09038462DF091FB019B3BB3199842460AA9DE
S21400E0A03EF01BFB30462DF018FB2046FFF770FDB8
S21400E0B028460FB0BDE8F08F0F464CE704F1880005
S21400E0C090E7002EB3D12A46314606A83EF02DFB37
S21400E0D080238DF81830AAE72946009010352DF0D9
S21400E0E04EFB0098C4F85090C5E7199B019A0AA900
S21400E0F0984413F8010B11F8015B984580EA050077
S21400E10042EA0002F5D1002A0CBF00256FF0940504
S21400E110C8E76FF08605CBE7308201009015050052
S21400E120F50536F024FC31FE36833624FC31FE3607
S21400E1302DE9F041DDF818800C4617461E460546C8
S21400E14010B96FF086002BE00029FAD00AB9002B30
S21400E150F7D14C22002128463EF0E7FA2388B3F593
S21400E160105F1FD108F0FE43B3F1407FE9D10F4B9B
S21400E17028F47E129A4215D16488C5F80080E20819
S21400E180B2426A62DDD8182A0CD0202A01D0102AA2
S21400E190D7D1B242D5D13946281D3EF09EFA00208E
S21400E1A0BDE8F0816FF08500FAE700BF0002C0030B
S21400E1B02DE9F74F0D4616460446002856D009B9F5
S21400E1C0002A53D123682C4A23F47E13934250D15D
S21400E1D00EB9002016E0A06CF0B1C0F11002B242F9
S21400E1E01AD23830294620443EF077FA04F1280245
S21400E1F00092616A04F13803201D2EF025FA20B142
S21400E2006FF0920003B0BDE8F08FA36CA064C3F17A
S21400E2101002103E15441E4406F10F0805EB060AD0
S21400E2204FEA18184FF0010904F1280604F1040B10
S21400E230C145AAEB05070CD3002FCAD0A06C383016
S21400E2403A46294620443EF048FAA36C3B44A36471
S21400E250BFE70096616A2B46324658462EF0F4F920
S21400E2600028CDD1103509F10109E1E76FF08600ED
S21400E270C8E76FF08800C5E70002C0037FB51D46FB
S21400E28008B301B3FAB1F3B10368154C23F47E1654
S21400E290A6421BD113F47C1FC3F3054408BF102409
S21400E2A0944216D80123CDE9024300F128030191D8
S21400E2B00093436A816C021D3830FFF73BFE58B965
S21400E2C02C6004B070BD6FF08600FAE76FF088002F
S21400E2D0F7E76FF08900F4E76FF09200F1E700BF10
S21400E2E00002C00370B5114C114E0A25236843F492
S21400E2F0807223F48073226030462360FDF736F880
S21400E3000023800A62680AB983420AD1636853B957
S21400E310013DEBD1236823F0010323606FF09200E8
S21400E32070BD0133EEE70020FAE700BF00D00140E1
S21400E330700002002DE9F04F85B0CDE90012654A65
S21400E340654DD2F8C03043F40043C2F8C0302B68A5
S21400E3508046D80719D50024DDF800A05E4D474654
S21400E360A3464FF00A09BAF1000F2DD14CB114F1B3
S21400E370940F06D05246002140463EF0D6F94FF0A4
S21400E380000B019BC3F800B01AE040F271632B60EB
S21400E390FFF7A8FF044698B96B68032BFCD9D5F89D
S21400E3A000312B61D5F800316B61D5F80031AB61D7
S21400E3B0D5F80031EB61FFF795FF04460028CAD078
S21400E3C0204605B0BDE8F08F6C68A40005D02E6B23
S21400E3D016F45C7F12D1002436E04048FCF7C6FFF6
S21400E3E0C00A844205D16B68002BF0D16FF093040D
S21400E3F0C7E76B68002BF6D10134F2E7F10515D5B7
S21400E40026F480762E636B685BB9B9F1010BEDD00C
S21400E410DDF800A047466FF093040020D9468346F7
S21400E420A1E7D5F800310393039BECE7FFF75AFF0B
S21400E430044618B916F41C7FCDD0E6E710F1930F0A
S21400E44098D010F1940FE0D06B6868689B00534535
S21400E45028BF5346BA0738463AD123F0030C9E0825
S21400E460BC44844514D16FF0030C0CFB063646B151
S21400E470D5F80021064400F8012BB0424FEA1222DC
S21400E480F9D10BEB03001F44AAEB030ACB46C5E702
S21400E490D5F8002140F8042BE3E7D5F8006100F832
S21400E4A0046C4FEA162E00F803EC4FEA164E360EB2
S21400E4B000F802EC00F8016CACF1040CBCF1030FA0
S21400E4C000F10400E9D823F003009E083844CAE7A8
S21400E4D09C46F3E700400E4000D00140700002006A
S21400E4E07FB5094B6A4603F1100615461868596849
S21400E4F0144603C40833B3422246F7D12846FDF734
S21400E50071FE002004B070BDA015050070B5184B54
S21400E51086B001AA03F11006154618685968144615
S21400E52003C40833B3422246F7D11B882380114B1D
S21400E530D3F8B420120311D4D3F8B830C3F30803C9
S21400E5400D48ADF80A30FBF7A5FF2846FDF7FAF9A7
S21400E5503220FDF705F8002006B070BD074B1A887C
S21400E5604FF6FF7140F24F138A4218BF1346E7E793
S21400E570B01505000081E00F00F049020001E00F31
S21400E58007B5084B18680190202301A88DF80430C1
S21400E590FDF718FA6420FCF7DDFF002003B05DF8F5
S21400E5A004FB00BFC215050010B50C480C4C6FF0FC
S21400E5B00402A02112F0800FD3B21BBF03F00F039A
S21400E5C0043BA3181B1802F101020CBF83F80013CA
S21400E5D019762F2AEED1002010BD00BF00ED00E016
S21400E5E000E100E010B504462DF073F8024B1C6005
S21400E5F02DF073F8002010BD2826002010B52DF051
S21400E60068F8034B1C682DF068F8204610BD00BF64
S21400E61028260020034B186800238068022219462B
S21400E6202BF068BC2412002030B5144687B005468F
S21400E63010462EF010F9636983423CBFD4E90331DB
S21400E6405B181B1A02467BB10F4903910021CDE9E6
S21400E6500131012300930494D4E9001328462CF0DA
S21400E660E2FF002007B030BD0122627694F82D202C
S21400E670002AF6D084F835301321E36920469847FF
S21400E680636A20469847ECE729E600002DE9F04744
S21400E69088B004468846174699462DF021F88246EB
S21400E6A0002F7BD0237E03F0FF02002B00F0A38018
S21400E6B020462EF0D0F86669B04205D1637ED4E9D4
S21400E6C003521544AD1B01E0F9D9851BBD4228BF96
S21400E6D03D462DF005F894F82D300646002B6ED1F9
S21400E6E061692A4640463DF0F8FF63692B44636142
S21400E6F02F4621E0037803F0FD0111295CD1216B40
S21400E700814205D1A3F111014B424B4184F83430CC
S21400E710013F6369216B8B4203F1010308BF23634A
S21400E7206361013295426069E4D1D4E90323216B29
S21400E7301344994200D12263D4E903236169207A05
S21400E740134499424FF0000508BF62616576FCF7F6
S21400E75099F920462EF07FF86369834232D194F807
S21400E7602D302576E568656103B12563636A20462A
S21400E7709847224B039300230293236901930123B6
S21400E780009321686368207A04942A462CF04BFF95
S21400E790207AFCF797F930462CF0A8FF5046C9F8C7
S21400E7A000702CF0A3FFD9F80030002B0CBF1B2004
S21400E7B0002008B0BDE8F08708F8013BA9E72F461F
S21400E7C00022AFE701232376207A0DF11E01FCF725
S21400E7D0E1F99DF81E30002BDAD00DF11F01207AEA
S21400E7E0FCF7B0F99DF81F100029D1D1207A2246F7
S21400E7F0FFF71AFFCCE71746D0E700BF29E6000070
S21400E800002808DB0123420900F01F0003FA00F08D
S21400E810014B43F82200704700E100E0002809DBC6
S21400E8204309012200F01F0002FA00F06033024A9A
S21400E83042F82300704700BF00E100E070B50446D0
S21400E8400568FFF7DBFE844202D10020FFF7CAFE10
S21400E85095F93600FFF7E2FF95F93630002B0DDB11
S21400E8605A09012103F01F0301FA03F32032184965
S21400E87041F82230BFF34F8FBFF36F8F95F9370003
S21400E880FFF7CCFF95F93730002B0DDB5A09012135
S21400E89003F01F0301FA03F320320D4941F822303A
S21400E8A0BFF34F8FBFF36F8F287AFCF72BF9287AC8
S21400E8B0FCF78CF8FCF768F80023C4E90033C4E9D9
S21400E8C00433A3602846AB6ABDE87040184700BF13
S21400E8D000E100E02DE9F0410C461546064686B0FC
S21400E8E04022002120461F463DF01FFF002395E8EA
S21400E8F003002A692376EB68E360C4E904232A7DD3
S21400E90084F82C20AA7D2363012384F8343084F80D
S21400E91035300C9B236284E803000D9B63620E9BDC
S21400E92084F82D20E761A3622B7A84F836306B7A60
S21400E93084F837302D4B73602D4BB3602D4B33610D
S21400E9402D4B346073612D4BF360FCF765F838B1DE
S21400E9502B4B984204D01024204606B0BDE8F08128
S21400E960002104F10800FBF7DFFF07460028F2D17C
S21400E970244B33624FF00108234B84F83C80B3618C
S21400E980224BF3619DF8403084F83B309DF83C30D4
S21400E99084F83A3084F83900697D84F83880204657
S21400E9A02DF06AFF95F90900FFF738FF95F9090081
S21400E9B0FFF726FF164B0494CDE902732369CDE9D1
S21400E9C000836368E2682168207A2CF02CFE0446F7
S21400E9D00028C0D195F90800FFF720FF95F9080038
S21400E9E0FFF70EFF3046FFF7FDFDB5E7C9C8030089
S21400E9F08DE6000045C803004BC803003DE8000054
S21400EA00038000F01BC8030079C8030051C8030048
S21400EA1029E600002DE9F04186B01C46524B0C9DBD
S21400EA200293524B01930126514B0093CDE90366A6
S21400EA30504B90460A462946FFF74CFF07460028EB
S21400EA4056D123682B6463686B64637A85F8493013
S21400EA50237A85F84830E37A85F84B30A37A85F830
S21400EA604A30637B85F84D30237B85F84C30E37B5A
S21400EA7085F84F30A37B85F84E303F483146FCF78B
S21400EA802FFB3E483146FCF72BFB617A207A334653
S21400EA900422FDF79FFC33460222E17AA07AFDF7B6
S21400EAA099FC60683146FCF71BFB88F8007041460D
S21400EAB020682CF08EFF2268536F43F003035367E1
S21400EAC0936FA17C23F4F85323F01F030B43617C60
S21400EAD043EA012303219367516785F8507098F83D
S21400EAE01930202B2CD007D803B3102B09D023279E
S21400EAF0384606B0BDE8F081302BF8D185F85010C6
S21400EB0002E085F850603E4600230222617B207BAF
S21400EB10FDF760FC2368E27CDA675A6E42F0040276
S21400EB205A665A6F42F010025A6766B92A6C206815
S21400EB30D36C43F00403D36405212CF043FFD7E7DE
S21400EB40022385F85030E17BA07B00230422FDF7EA
S21400EB5041FC2368217DDA6F42EA0122DA675A6FA8
S21400EB6042F020025A67E1E7F3C90300E7C9030051
S21400EB707FCA030073CA03004041050000350A003F
S21400EB80BFF35F8F074B5A6A22F480325A62D3F87B
S21400EB90942022F00102C3F89420BFF34F8FBFF3F6
S21400EBA06F8F704700ED00E0F0B5374D37493848B5
S21400EBB0002387B0CDE90333FFF7E2FF2C68354B1F
S21400EBC04FF00052C3F89840661CC3F89C20814260
S21400EBD0314AC3F8A0202E6042D005AB019304ABA7
S21400EBE00A1A009303AB2DF0A0FFDDE90372059B24
S21400EBF0DFF8A8E0072BA2EB01024FF001018CBF63
S21400EC004FEAD30C4FF0200CB2FBFCF201FA02F2F2
S21400EC10013AD2B2AEEB070EC01BBEFBFCFEB3FA47
S21400EC2083F38E44B0FBFCFC01FA0CF102FA0EF200
S21400EC300139C3F11E030A435B0002F0FF0203F032
S21400EC403E0343EA022343F04073124A43F00113A3
S21400EC500234C2F89860C2F89C70C2F8A0302C60EB
S21400EC60BFF35F8F0B4B0522C3F894205A6A42F419
S21400EC7080325A62BFF34F8FBFF36F8FBFF34F8F51
S21400EC80BFF36F8F07B0F0BD2C2600208013002046
S21400EC906813002000ED00E0390001137F13002008
S21400ECA0F0B589B00023CDE905330392FFF768FF7E
S21400ECB007AB019306AB039A009305AB2DF035FF27
S21400ECC0079A069B059D072A03F1FF338CBFD708DA
S21400ECD020275B1A4FF0010C3B44B3FBF7F30CFA0A
S21400ECE003F3013B0446DBB2E8430144B1FBF7F112
S21400ECF003FA01F123183B44B3FBF7F30CFA03FCC9
S21400ED000CF1FF33194301F0FF01FF292BD0B2FAB3
S21400ED1082F3C3F11E03154C154A2068C2F898000A
S21400ED205B0003F03E0343EA012343F0985343F0AD
S21400ED3001130130C2F89C50C2F8A0302060BFF327
S21400ED405F8F0523C2F89430536A43F480335362CE
S21400ED50BFF34F8FBFF36F8FBFF34F8FBFF36F8F2E
S21400ED60002009B0F0BD2820FBE700BF2C260020BD
S21400ED7000ED00E0BFF34F8F0549064BCA6802F46A
S21400ED80E0621343CB60BFF34F8F00BFFDE700BFC9
S21400ED9000ED00E00400FA05054B1A782AB95B7806
S21400EDA0002B14BF0220032070470120704700BFCD
S21400EDB0E93900200329F8B598BF134B054698BFDC
S21400EDC05C5C0E4688BF0024032805D8DFE800F008
S21400EDD002080B0E44F002040C4B1F684FB9F8BD36
S21400EDE044F00804F8E744F02004F5E744F0800413
S21400EDF0F2E77B681A68144203D05B6831462846FF
S21400EE0098473F68EAE700BFC6150500542600206D
S21400EE1038B5104D2B78ABB10F4C23781BB12DF0C5
S21400EE20B7FE0023237000202DF0B3FE0B4C50B12C
S21400EE3000F0BCFA002320782B700121FFF7BAFF00
S21400EE400123237038BD064B01221A70054B227829
S21400EE501A70F7E7E8390020E3390020E13900208E
S21400EE60E7390020ED39002010B52CF032FC064BB7
S21400EE701B7804461BB1BDE810402CF02EBCFFF7F3
S21400EE80C7FF2046F7E700BFE2390020094A0028FE
S21400EE90137814BF0121FF210B44137008D0064BD2
S21400EEA01B78012B04D9054B1B780BB9FFF7B0BFB5
S21400EEB0704700BFE9390020E1390020E73900201B
S21400EEC070B5144E2CF005FC33780546ABB900F04F
S21400EED0A1FB044620B128462CF0FFFB204670BD5F
S21400EEE0AFF300800C482CF0AFFA00F0C7FE0B4BD7
S21400EEF01C6000F06DFC0A4B186000F0D9F92DF08C
S21400EF004AFE084B186001232846337000242CF074
S21400EF10E4FBE3E7E4390020542600205C260020CA
S21400EF2058260020502600202DE9F341274A0138B4
S21400EF300029135C14BF0121FF210B4413543AD05F
S21400EF40234E3178012936D9FFF726FF01280446DB
S21400EF5034D8204F2CF0BDFB3B781BB31E4D2B78CE
S21400EF601BB901222A701D4A1370DFF8748098F8C6
S21400EF70003033B101902DF00BFE0023019888F885
S21400EF8000302CF0AAFB01202DF003FE2CF0A1FB94
S21400EF902B782BB1019000F009FA002301982B7012
S21400EFA000233B702CF099FB3078844203D0214636
S21400EFB0FFF700FF347002B0BDE8F0810329F3D1FB
S21400EFC00228F1D100F03EFAEEE700BFE939002052
S21400EFD0E1390020E8390020E2390020E739002036
S21400EFE0E339002068B52CF074FB094B1B78012B25
S21400EFF0064604D82CF071FB0025284668BD054B54
S21400F0001D6800F011FA054430462CF066FBF4E764
S21400F010E13900205C26002038B5416004462CF01B
S21400F02058FB2146054604482CF011FA2846BDE850
S21400F03038402CF052BB00BF54260020054B1B68FE
S21400F040584300F57420044B00F23F20B0FBF3F069
S21400F050704700BF5826002040420F002DE9F043BD
S21400F06085B0EFF3108672B6AFF300802CF01EF971
S21400F070002800F08980674D674F2B7823B1002069
S21400F080FFF704FF00232B70FFF786FE04460028D8
S21400F09000F08180841EE4B2012C40F28380FFF7EA
S21400F0A07BFE0128804604D95C4B1B780BB92DF0FB
S21400F0B06CFD5B4CDFF888912078404507D099F8C6
S21400F0C0003013B94146FFF775FE84F80080B8F1AA
S21400F0D0010F0FD9DFF8448198F8003053B9514B2F
S21400F0E01B7823B92DF053FD4F4B01221A700123D4
S21400F0F088F80030207800F081F999F8003013B1D4
S21400F1004A4B1B782370AFF3008006B962B6EFF364
S21400F110108672B6464B1A7852B100221A70434BCC
S21400F12020781B78984203D101212170FFF742FE18
S21400F130384600F0A9FA2CF0CEF8804600289CD17C
S21400F140364F3B789BB189F80000DFF8DC9099F8E1
S21400F15000301BB12DF01CFD89F8008000202DF03A
S21400F16018FD00284DD000F021F900233B702B78C5
S21400F17023B10020FFF78AFE00232B7020780021A1
S21400F180FFF718FE00232370AFF3008006B962B6BF
S21400F19005B0BDE8F0832B78002B80D0FFF776FE15
S21400F1A02C707CE703A9002000F0B2FA0446002881
S21400F1B07FF475AF1F4B039A1B689A4205D801204F
S21400F1C0FFF764FE01232B7069E71B4BD3F8008022
S21400F1D000F02AF9039B80449845F0D200F048F9E5
S21400F1E000280399154A0CBF0023042343F00203AA
S21400F1F0CDE90043A1EB0801234638462DF0CFFCAD
S21400F2004DE7012000F0FAF806B962B6EFF3108673
S21400F21072B6A3E7EC39002030260020E83900203B
S21400F220E1390020EB390020E3390020ED390020D9
S21400F230E6390020502600205C26002069EE0000FB
S21400F240E739002010B52CF044FA054B00221C7854
S21400F2501A702CF042FA00F02BFC2043C0B210BD0E
S21400F260E539002073B5104E33788342044611D03A
S21400F27000238DF8043078B101A88DF805300B4DC9
S21400F280FCF7FCFC1E204CB1FFF7D8FE2B68181AC2
S21400F2902860347002B070BD0223EDE7FFF7CEFEA3
S21400F2A02B681844F4E700BF341300206C260020B7
S21400F2B073B5284C002501A8636A636A8DF804506C
S21400F2C0FCF7EAFD2846FFF7CDFFD4F8903003F0B0
S21400F2D00403AB42204B14BF01222A461A70D4F80E
S21400F2E090301E4CC3F30033237005D04FF41670D5
S21400F2F0FFF7A4FE1A4B186023781A4DEBB11120C5
S21400F300FCF734F8134BD3F80021C2F3042202FBB7
S21400F310000292B15C6C144EC4F30B44002301341B
S21400F3201946501E04EB8404E4FB06012AF018FB81
S21400F330FFF784FE2B68184428606420FFF77EFEE3
S21400F3402B681844034B2860D3F89020074B1A60AC
S21400F35002B070BD00400E40F0390020EE390020AB
S21400F360682600206C26002040420F006026002001
S21400F37008B50B4B1B7893B1022000F04BFC70B124
S21400F38000F0F8F958B1002201210220FCF788F9B4
S21400F3902DF086FC034B1860034B01221A7008BD43
S21400F3A0F039002064260020EF39002038B50E4CD6
S21400F3B00E4D23782BB92B781BB12DF071FC0C4B1E
S21400F3C018602CF0E3FA2B786BB10A4AD2F890302A
S21400F3D01B07FBD52DF064FC054B1B68C01A064BBB
S21400F3E018600023237038BDEF390020F039002064
S21400F3F06426002000400E406826002002280AD01E
S21400F40003280BD001280CD1064A136923F0040305
S21400F410136130BF70470020FCF742BC0020FCF7A9
S21400F42077BC704700ED00E0044B1B680BB103EBA4
S21400F430D303034A10681844704700BF68260020AC
S21400F4406C260020084B45F60E02D3F88011C3F850
S21400F4508021064A126802F4A0721A66CA0744BFE0
S21400F4600022C3F88021704700400E40602600202E
S21400F470014B1878704700BFF039002010B500F037
S21400F48067FB0A4C0A4B19682368C31A01B10BB90B
S21400F490206010BD4A699A422EBFD21A9B1A0022DB
S21400F4A04A6128BF00238968F0E700BF7026002065
S21400F4B07C260020C38870B504460D463BB9FFF78E
S21400F4C091FD8542064602D22DF052FB35460F4985
S21400F4D065610B68ABB90C60A36011E0AD1A9A6861
S21400F4E0656118462AB113465A69AA42F6D950B140
S21400F4F01A4684601346A36013B15969491B5961C3
S21400F50070BD0020F0E70C60F5E700BF7C26002009
S21400F51038B5134D2B685B6993B1124A1468022004
S21400F5201C4400F049FB204600F018FB0E492A68F0
S21400F53000230B70D088800709D501230B7038BDD7
S21400F540022000F039FB022000F05CFBEEE7926838
S21400F550002AF4D050690344012BEBD9EFE700BF33
S21400F5607C26002070260020F239002070B5164652
S21400F5709DF814200271049A0260C0E90336002246
S21400F580BDF81830826004460D46C38006BB00F006
S21400F590DFFA2844A0613DB9E368656113B12168CC
S21400F5A02046984796B135462CF093F80646FFF766
S21400F5B065FF29462046FFF77DFF074B1B68A342E1
S21400F5C001D1FFF7A5FF30462CF087F8002070BD6C
S21400F5D000F0BEFA3044DDE77C2600200C490B68BC
S21400F5E000227BB183420AD183687AB19360836834
S21400F5F01BB15A6941690A445A61002070471A468D
S21400F6009B68EEE70028EFD0022070470B60EEE71D
S21400F6107C26002070B5154E2CF062F8347805462E
S21400F620FCB9134B1C60134B1C60134B1C8000F082
S21400F6304BFA012000F0C0FA00F014FB0F4B024614
S21400F640186020B928462CF051F8232070BD2346B8
S21400F6500B4840F2E7312AF083F90A4B1860012381
S21400F660337028462CF042F80020EFE7F1390020EE
S21400F6707C260020702600202831002078260020D6
S21400F68018FCFFFF742600202DE9F0410546F8B16E
S21400F6902CF01FF80F4F0646FFF7F0FE2846D7F867
S21400F6A00080FFF79BFF044628B130462CF015F883
S21400F6B02046BDE8F081A8453B6803D123B1FFF79B
S21400F6C027FFF2E7002BF0D1022000F083FAECE7E8
S21400F6D02224EDE77C26002038B50C46054698B176
S21400F6E091B100230B702BF0FBFF084B1B68012128
S21400F6F00BB122781AB12BF0F9FF002038BDAB42CF
S21400F70014BF9B682170F3E72220F7E77C260020D1
S21400F7102DE9F041074688462BF0E2FF134B1C68A4
S21400F7200546002624B928462BF0E0FF1B2016E0ED
S21400F73063691E44E388BB4215D10D4C00F008FAFD
S21400F7402368C01AB0420CD200F002FA2268324493
S21400F750121A2846C8F800202BF0C8FF0020BDE883
S21400F760F0810022F5E7A468DCE700BF7C260020D5
S21400F7707026002008B5074B187848B12DF090FA8F
S21400F780054B1B689B69C01A02288CBF002001200D
S21400F79008BD00BFF23900207C26002070B52BF093
S21400F7A09FFF064600F0D4F9084B1D88044601204A
S21400F7B0ADB200F02FFA18B100F0CAF901350446D0
S21400F7C030462BF093FF2046294670BD2831002096
S21400F7D0014B1868704700BF7826002038B5074BE5
S21400F7E01D6840F2E7340021E5FB00414FF47A72D1
S21400F7F0002320462AF0B4F838BD00BF7826002043
S21400F8000C4B1B68834270B50D4611D30A4B40F271
S21400F810E7311E6800248C462146E0FB06C14FF403
S21400F8207A72002360462AF09BF82860204670BD56
S21400F8302120FCE77426002078260020F0B587B04B
S21400F8401F4600230C4616468DF81330054658B35F
S21400F8500DF11301FFF740FF9DF8133033BB05A9E8
S21400F8602046FFF7CDFFE8B9114B059A19684C43BF
S21400F8704FF47A71B4FBF1F301FB13440C1BA4B2F2
S21400F88000238C42EB83BDF834300CBFA883AC83D6
S21400F89002939DF830301146CDE900732846334672
S21400F8A0FFF764FE07B0F0BD2220FBE70220F9E771
S21400F8B078260020014B1868704700BF7426002089
S21400F8C00F4B1A6810B59AB1531E4FF47A71134253
S21400F8D0A0FB01010ED1B2FA82F2C2F11F04531C42
S21400F8E0E040D24301FA03F3184321FA02F202433E
S21400F8F0104610BD00232AF033F80246F8E700BF92
S21400F90078260020164B8342164B8B4170B5154661
S21400F91024D3154B1A680AB34FF47A76541EA0FB0C
S21400F9200603144006FB013111D1B2FA82F3C3F18B
S21400F9301F025E1C01FA06F6DB43D04021FA03F3F1
S21400F94030431843D140C5E90001204670BD00236E
S21400F9502AF006F80024C5E90001F6E72124F4E7BA
S21400F960EFA7C64B3789410078260020C2072DE94D
S21400F970F04704460BD54B4A138801339BB21380DD
S21400F980FFF77CFD484B1B680BB1FFF7C1FDA307D3
S21400F99040F185802BF0A4FE8046FFF76FFD4FF008
S21400F9A00009414E4D464F4634680CB163698BB131
S21400F9B03E4B0022012D1A7003D119F0020F18BF1A
S21400F9C01D70002C5BD0FFF7A3FD4046BDE8F04756
S21400F9D02BF08CBE23461A792179914288BF1C46AB
S21400F9E09B6813B15A69002AF5D040462BF07EFE7C
S21400F9F0D4F81090B9F1000F45D000F0A9F8A2692C
S21400FA00A0EB02084FEAE873C14577EB03033BDA45
S21400FA1023691344A36101232269CAB1C3B9A38B26
S21400FA20B9EB080833B1E28B13449BB2B3F57A7F87
S21400FA301CD2E3832BF054FE414681462046FFF756
S21400FA4039FDA36922691344A36148462BF04EFE94
S21400FA50E368B4F80690013513B12168204698474C
S21400FA602BF03EFE8046FFF709FD9DE7A3F57A736F
S21400FA70E383A369013B18F1FF38A361DAE70220AC
S21400FA8000F0A8F8A1E7C8462BF02AFE82462046DA
S21400FA90FFF7A4FD50462BF029FE0023BCE7BDE887
S21400FAA0F08700BF283100207C260020F339002094
S21400FAB010B52BF015FE034B1C782BF017FE2046D6
S21400FAC010BD00BFF339002010B51D4B86B0186876
S21400FAD0596803AA03C2197AD3F809001170019075
S21400FAE0B3F80D201748DB7BADF8082001218DF810
S21400FAF00A300024FBF7F4FA03A88DF80C408DF8C2
S21400FB001040FCF7D1FE01A901208DF80440FCF757
S21400FB10ABFE0D4A536A23F4FF6323F007035362D8
S21400FB2040F2FF73136201209460FCF7B7FE074BA8
S21400FB304FF00042C3F880211A6006B010BD00BF27
S21400FB40CA150500A00914000020044000E100E0EA
S21400FB50014B9868704700BF0020044010B504466B
S21400FB602BF0B7FD124A9368516D9269520704D480
S21400FB70CA1A032A01D899420DD1E21A022A98BF5E
S21400FB80DC1C0B4BB4F1FF3F38BF013C5C655A6A86
S21400FB9042F004025A622BF0A0FD064A137833B1F5
S21400FBA003490B6D43F002030B650023137010BD71
S21400FBB000200440351300208207054A00F00103A8
S21400FBC0516A48BF43F004030B435362704700BFBB
S21400FBD000200440820700F0010309D5074A0121EE
S21400FBE0117007490A6D22F0030243F004030A6508
S21400FBF003494A6A22EA03034B6270473513002022
S21400FC0000200440830742BF014B0422DA6170479C
S21400FC1000200440064B01289B6904D0022805D129
S21400FC20C3F38000704703F0010070470020704760
S21400FC300020044010B52BF053FD094A9369044692
S21400FC40590703F0010003F0070348BF40F0020025
S21400FC501362FFF78BFE2046BDE810402BF046BD32
S21400FC60002004400148FBF781BB00BFA009140038
S21400FC700148FBF75DBC00BF050024000A4BD3F823
S21400FC80883003F00703013B012B10B50BD82BF08F
S21400FC9020FD012104460220FFF746F92046BDE874
S21400FCA010402BF01ABD10BD00400E4010B50446A3
S21400FCB0FAF7D8FB0B4BA0F57A729A4210D84FF49D
S21400FCC07A735C43B0FBF3F0074BB3FBF0F0B4FB86
S21400FCD0F0F0032804D9BDE810408008F0F710BA09
S21400FCE010BD00BFFFC99A3B40420F00024A0349BD
S21400FCF0034800F089BD00BFDC150500241605008A
S21400FD00FC150500044B5A680AB910467047197866
S21400FD108142FAD00833F6E730180500084B30B5B4
S21400FD200446586800B930BD85692D78A54205D1CE
S21400FD3045688D4202D145789542F4D00833F0E705
S21400FD403018050038B505460C4659B13C2200214E
S21400FD503CF0EBFCA3691B699847686320B12C60F4
S21400FD60002038BD0148FCE70148FAE7009FFFFF86
S21400FD70809EFFFF30B40468B4B12569AD0702D495
S21400FD806568954210D1012B4260037203D06578F6
S21400FD90033D022D04D8A3699B68406B30BC18470E
S21400FDA013B9A369DB68F8E7014830BC704700BFA9
S21400FDB0009FFFFF2DE9F3410768DDF820E01446B9
S21400FDC067B30025CEF800507D694DB397F80180E3
S21400FDD0B8F1010F0ED1AA4224D1CEF80020BA699C
S21400FDE054680A4690F90810406BA44602B0BDE875
S21400FDF0F0416047B8F1090F07D1CDE9002E406BFE
S21400FE002EF0B0F802B0BDE8F08199420CD1C3697B
S21400FE1023B9B2FBF5F205FB12442CB10348F1E717
S21400FE200348EFE70348EDE70348EBE7009FFFFFD3
S21400FE30809CFFFF809DFFFF809FFFFF70B590B006
S21400FE40044607A816460D4605932EF0BFFD002370
S21400FE500293159B0193149B00932046059A334604
S21400FE6007A900F00BFB044640B907A82EF028FEB1
S21400FE7050B907A928462DF034F8044607A82EF0F6
S21400FE80D4FD204610B070BD004CF7E780B0FFFFF1
S21400FE9038B50D460446002105F118002DF0F1F99D
S21400FEA050B120462CF0C2FA28B129462046BDE8BB
S21400FEB03840FDF7E3BB014838BD00BF80B1FFFF07
S21400FEC070B50C460646114620461A462DF0D5FB60
S21400FED0054698B9736E33B9321D21462046BDE8F3
S21400FEE070402DF02DBE2368002B09DB20462DF038
S21400FEF057F8B36DB0EB430F09D9184D284670BDBF
S21400FF00014620462DF0BDF90028EFD0F5E7736EC8
S21400FF102046984705460028F0D104362368002B73
S21400FF2004DA002120462DF0ACF968B931462046A7
S21400FF302DF066F90028E1DB3246214620462DF0FA
S21400FF400DFA0028F2D006E03246214620462DF073
S21400FF5074FA0028E2D00546D0E700BF80B0FFFF65
S21400FF60F0B50E4689B00121054606F118002DF0C1
S21400FF7088F9014658B928462EF01EFD012879D189
S21400FF80304601912DF07DF90028019901DA3A4CAE
S21400FF906DE006F10C0420462DF073F90028F6DB20
S21400FFA02F1D394630462DF02BF90028EFDA39465A
S21400FFB020462DF025F90028E9DA02A82CF038FFB3
S21400FFC005A82CF035FF2346224602A92846FFF74F
S21400FFD077FF0446002844D13346324605A9284612
S21400FFE0FFF76EFF044600283BD1AB697BBB05A933
S21400FFF0032208462DF066FA044690BB059B002BAC
S21401000019DB05AA334611462846FFF759FF044671
S21401001038BB05AA05F11C03114628462EF060FCE4
S2140100200446F0B905A902A82DF0EAF8124B041E01
S21401003018BF1C4615E0002105A82DF022F900285E
S214010040DFD005A93A4608462DF0F7F9D4E705AA08
S21401005005F11003114628462EF042FC04460028FE
S214010060CFD002A82CF0EAFE05A82CF0E7FE204629
S21401007009B0F0BD014CFAE780B3FFFF80B0FFFF87
S21401008038B505462EF098FC01280C4601460DD1E0
S21401009020462DF0F6F8002806DB05F14C01204637
S2140100A02DF0AEF8002803DB024838BD0248FCE715
S2140100B00020FAE780B3FFFF80B0FFFF2DE9F04F85
S2140100C0BBB00546884691469B462CF0AFF9019099
S2140100D0002862D149462846FFF7D2FF0446002889
S2140100E040F0B98059462846FFF73AFF04460028F3
S2140100F040F0B18028462EF05FFC012840F0B58123
S21401010024210220EF6D2CF020FE01377F080646E1
S214010110002800F0A88106F1240A2EF057FC50466C
S2140101202EF054FC0D9419ABE0180C343C2C3ED147
S214010130594630462EF0AEFC044600285CD1834674
S2140101405F4537D101220DA92846CDF834A02EF0FF
S21401015030FC044600284FD128462CF067F90028C9
S2140101603BD05346324651462846FDF7D9F8044659
S214010170002841D101220DA92846CDF834A02EF041
S21401018018FC0446002837D106F118002CF056FE5C
S21401019006F13C002CF052FE2EE028462CF04BF9DE
S2140101A00446002896D028462CF047F956E02CF055
S2140101B03FFEB8E70123BBFBF7F003FA00F1C9B233
S2140101C0242307FB10B003FB016240B128460092CE
S2140101D02CF02CF9009A002844D1A54C0CE04908D3
S2140101E001EBC101104606EB810100922EF052FC94
S2140101F0009A04460028E9D04FF0000A19AB03EB39
S2140102000A000AF10C0ABAF13C0F35D18CB90DF18E
S214010210100A50462CF00CFE05F14C0B0DA82CF0E4
S21401022007FE214658462CF0AAFE012827D0A4F541
S2140102309F446B6F9E420AD04EB130462EF0F5FBBE
S21401024006F124002EF0F1FB30462CF0A0FD14B18F
S21401025040462EF0EAFB019B002BA4D120463BB082
S214010260BDE8F08F11462846FDF752F904460028EE
S214010270C2D10BF1010B63E72CF0E0FDBEE721468E
S21401028048462CF07CFEB0FA80F35B09494650469E
S21401029000932CF026FE0446002855D14A465946BE
S2140102A00DA82DF0ECF8044600284DD1009A0DA9B2
S2140102B050462EF03FF80446002845D101467A1CE8
S2140102C019A80DF164093CF030FAA3464B465F4588
S2140102D002937CD0594650462CF051FE029B039364
S2140102E01978084342B207EB0B01504602922CF0F4
S2140102F046FE029A039B42EA400003F8010B0BF10B
S214010300010BE4E799F8011099F8002081EA0C0343
S2140103106FEA030A0AF0010A12FB0AF25BB252B252
S21401032003EA020E534009F8013F19F8013C01EABD
S2140103300C0C4EEA0C0C43EACA1A5FFA8CFC09F85C
S21401034001AC01308345DDD20DA82CF077FD04A861
S2140103502CF074FD002C7FF46CAF04A82EF036FB55
S2140103600DAB18190C343C2C35D107F1E8036B445E
S214010370324613F8843C414628462EF0DBFA044602
S21401038038B9449B002B58D028462CF04FF828BB90
S214010390374C04A82EF0C0FA00270DABD8190C373D
S2140103A03C2F4DD1002C7FF444AF009A414628469D
S2140103B02EF071FA044600287FF43BAF449B002BD5
S2140103C041D141462846FFF763FD044631E74FF029
S2140103D0000C0120B6E72CF02BFDC1E7DDE9442334
S2140103E041462846FCF7E2FE38B30446D1E72846E4
S2140103F0013F2CF01BF80028CAD042464146284649
S214010400FDF786F80028F0D119F80730324604A91E
S21401041028462EF08FFA0028E7D128462CF006F859
S2140104200028B5D004AB424641462846FCF778FF83
S2140104300028DAD1002FDAD1ABE70DF16409F9E72C
S2140104402CF0FCFCA9E728462BF0F0FF48B1DDE9CB
S214010450442341462846FCF7A9FE04460028B0D0AE
S214010460E7E6034CE5E6034CE3E6034CF3E600BFA0
S21401047080B1FFFF80B2FFFF80B0FFFF30B4DDE93F
S214010480024514B130BCFFF719BE014830BC7047B5
S21401049080B0FFFF37B505460C4619462EF08CFA9C
S2140104A001280FD11346009105F14C020146204662
S2140104B02DF078FB044B10F10E0F18BF03461846BB
S2140104C003B030BD014BFAE700B3FFFF80B0FFFF7A
S2140104D038B504460D462EF0ACFA20462EF084FAC6
S2140104E0032D257027D1164AE26001250823154AF7
S2140104F06262C4E90153C4E90753C4E91353C4E96A
S2140105000A53114AA363114B6265114A6564C4E933
S2140105100F35104BA364C4E90C25201D2CF040FDBB
S214010520A06504F14C002CF03BFDC4E91705002042
S214010530C4E91D0038BD002307482370FAE700BF51
S2140105400019050080180500E0180500C018050010
S214010550A01805008810002080B1FFFF37B50025E0
S214010560044629460567282274303CF0DEF820460A
S21401057040F8045B2BF062FF01230093034920231C
S2140105802A4620462EF02EFB03B030BD4DC4030094
S2140105900238C0B202289ABF024B53F8200000204E
S2140105A0704700BF3819050070B5044616460D465B
S2140105B069B360B30023C0E9013301600B79032BF3
S2140105C010D0042B0ED0022B21D16C2101202CF04F
S2140105D0BCFB606008B90F4803E02BF033FF5EB93F
S2140105E0002070BD6C2101202CF0AFFB606000285C
S2140105F0F1D02BF023FFF2E7A97902202CF0A5FB1E
S214010600A0600028ECD120462EF081FBE3E70248EB
S214010610E7E700BF80AEFFFF00AFFFFF88B10368CA
S2140106207BB11B79032B06D0042B08D0022B08D1F3
S2140106304068FDF767B901214068FDF737B9002129
S214010640FAE70148704700BF00AFFFFF68B10368D3
S2140106505BB11B79022B05D0033B012B05D8406803
S214010660FDF736B94068FDF759B90148704700BF34
S21401067000AFFFFF68B103685BB11B79022B05D0A1
S214010680033B012B05D84068FDF72CB94068FDF700
S2140106904FB90148704700BF00AFFFFF2DE9F04199
S2140106A00E4688B017460546002852D00368002B30
S2140106B04FD08268002A4CD09B79BB4213D2FFF7F9
S2140106C0ADFF044688BB3A4631462846FFF7BEFFD3
S2140106D0044650BB69462846FFF7CCFF044620BBBC
S2140106E02B685F796E462B68D5F808809A79362193
S2140106F0404608EB02043CF018F82B685C219A7916
S21401070020463CF012F8013E4346601E47449F4295
S21401071013D12846FFF782FF044630B92B684146BD
S2140107209A792846FFF792FF04462021684600F092
S2140107304FF8204608B0BDE8F08116F8011F1A7878
S2140107404A4003F8012B10F8012F31784A40027015
S214010750DDE7014CEDE700BF00AFFFFF10B438B195
S21401076004682CB183681BB15DF8044BFFF76EBFBC
S21401077001485DF8044B704700AFFFFFF0B50D462A
S21401078089B0044600B30368F3B18668E6B16946EA
S2140107909F79FFF76FFFA8B92046FFF73FFF88B99B
S2140107A02368F1199A792046FFF750FF50B923685C
S2140107B069465A792046FFF749FF18B92946204667
S2140107C0FFF758FF09B0F0BD0048FBE700AFFFFF99
S2140107D00A4619B1024B00211B681847704700BF33
S2140107E08C100020431C07B5014606D00023CDE936
S2140107F00033034A03482CF0D2F903B05DF804FB3A
S21401080037EE03009427002070B50E4615460446C1
S21401081010B309F0B1FE08B3236813F4807F114BBF
S2140108201CBF01221A70104A1B7814600F4A16600A
S2140108300F4A15601BB909F095FE09F069FE08F02C
S21401084085F809F043FD0B4B0B48197809F048FD74
S214010850BDE8704009F07EBB212070BD40F2044027
S214010860FBE700BFF5390020B8270020BC27002091
S214010870B42700206A3A002065890100F0B589B0E6
S21401088008F038F8914B924D1A789249112007F0EA
S214010890F1FD2B685A685423B2FBF3F2002392B29F
S2140108A05121184607F07CFD18B10446204609B0D0
S2140108B0F0BD07F09FFE2CF019FA04462CF018FA4A
S2140108C0844240F2CD802CF011FA81B2002301223D
S2140108D0102007F065FD0028E7D17F4B19687F4B94
S2140108E0186821F0F5FE00F055F90028DDD12B68D7
S2140108F01C7F002C00F0B780102C28BF102431F08C
S214010900BCFC621C81B20023D2B2082007F048FD6D
S2140109100028CAD1724A7349142007F077FC0028D0
S214010920C3D107F0F1FA06AA0221322000F0E8F955
S21401093028B9BDF818104FF0FF303BF04CFA02AE64
S2140109400023324606212C208DF80E3000F0D8F90F
S21401095060B9304633F038F810B1302840F0858061
S2140109603C2000F0EDF92C2000F0EAF99DF80E305D
S214010970190740F18B8096E80300ADF81410090CB6
S21401098004908DF816109DF80E3013F0280F07D13D
S214010990DDE90401ADF80C10090C02908DF80E107B
S2140109A02B68186920B132F00FFF00287FF47DAF65
S2140109B02B68586900F032F92B6893F82220D20789
S2140109C079D42CF079F904A90746024628682EF056
S2140109D036FA00287FF469AF23F0BEF82CF098F9B8
S2140109E0044600287FF462AF012008F08BF83E4BE6
S2140109F0186832F022F8044600287FF457AF33F027
S214010A0009FE04460AF040F9019033F09CF801997A
S214010A100246204630F048FB044600287FF446AFE5
S214010A202B681B689B050CD4B7F5FA7F09D92AF009
S214010A3050FE012107460846FEF776FA38462AF0A8
S214010A404CFE2B689A69294B1A602EF041FA284B06
S214010A501860304608F0F2F8264807F0D1FB25E783
S214010A602CF046F931E7042449E706AA01213C2087
S214010A7000F046F940B99DF81830012B14BF492300
S214010A8072238DF80E3071E74923FAE7FBF75EFF14
S214010A90CDE90601030C8DF81230BDF81D30ADF816
S214010AA013309DF81F308DF815304923ADF810002E
S214010AB08DF8163067E793F8230033F0E7F900283E
S214010AC03FF47FAF40F20C44F0E600BF6A3A0020E4
S214010AD0B8270020658901006410002060100020FE
S214010AE0D5EE0300D1EE0300BC270020C02700206E
S214010AF090270020E507010002480022032131F07B
S214010B0061BB00BFA42D0020F8B5114833F0A2F850
S214010B10E0B92EF0DDF90F4D0D4E286006F10C07F9
S214010B20286832F0E8FE07F02BFA0446304633F028
S214010B308DF810B9384631F055FC09F085FC08B936
S214010B40002CEDD1BDE8F84032F0FCBFF8BD00BF87
S214010B50901000209027002008B5054B1B782BB974
S214010B602EF04FF9B0FA80F0400908BD0020FCE7EE
S214010B70F439002010B5054C01232370044B1B6883
S214010B8003B198470023237010BD00BFF43900203D
S214010B90C02700200C4B98420BD8023B98420ED837
S214010BA060B1023B98420CD0C0F30C0000F5906097
S214010BB07047064B9842F7D140F21C4070472120FF
S214010BC0704740F21B4070470AE000F00BE000F06F
S214010BD0024B4FF080525A60704700BF00ED00E0B4
S214010BE0044A002352E8000F42E800310029F9D1F7
S214010BF003F0CABBC4270020064A52E8003F03435D
S214010C0042E800310029F8D1034B1B6803B11847AD
S214010C10704700BFC4270020C8270020034B044AA2
S214010C20002818BF03461360704700BFD10B0100B0
S214010C30C827002037B51C68E10705D532F04EFEFF
S214010C401649174831F0C6FAA20723D508F086FCE4
S214010C50D0B9144D01902AF043FD0446284631F0E0
S214010C60DFFB019020462AF041FD019890B14379BF
S214010C709B070CD401A8022131F015FE019808F05B
S214010C805DFC32F0AEFDE6E732F0ABFDDEE708F0E4
S214010C9049FCF6E7002003B030BD00BFA4100020D9
S214010CA0A42D0020CC27002008B5054807F038F908
S214010CB0044B1870BDE80840012107F043B900BF96
S214010CC0B4100020F639002038B5044648B12AF0A1
S214010CD007FD21460546084831F037FD28462AF02B
S214010CE005FD064B022193F9000007F02BF9BDE83C
S214010CF03840FFF73FBF00BFCC270020F639002061
S214010D0037B50D4DCDE900210C4904460968286820
S214010D1021F0DEFCFFF73EFF58B9DDE90023286825
S214010D2044F4802121F0F4FD03B0BDE83040FFF724
S214010D3031BF03B030BD00BF60100020641000203A
S214010D4038B50A4B0A4D19680446286821F0C0FCDC
S214010D50FFF720FF40B9286844F4802121F06CFE9B
S214010D60BDE83840FFF716BF38BD00BF641000204D
S214010D70601000207FB50C46194905460868496889
S214010D80134602AA03C295F82A2010326A4412F8C2
S214010D90086CB5F84420D20608D4224631462846C7
S214010DA02EF0FFFB00F5FA7004B070BD20460193EB
S214010DB031F0C0FCB5F84420019B00F10A0412F0A2
S214010DC0030F4FEAC40405D0184631F0B3FC04F50E
S214010DD00C740444701EE823584304FB0600E1E744
S214010DE05C190500014B9868704700BFD0270020AA
S214010DF0F0B5104B1E6893F804C0024635464FF016
S214010E00FF3400239C4508DC91B1631C10D090236D
S214010E1003FB046080F84620F0BD95F846709742C3
S214010E202846F9D0FF2F08BF1C4690350133E9E765
S214010E300020F1E7D027002070B5224D0446002897
S214010E403ED0083002F050FF0026FF2384F84630DB
S214010E5004F13000E66131F0C5FA04F1340031F0F6
S214010E60C1FA04F1380031F0BDFA04F13C0031F06A
S214010E70B9FA2868144B201A00115843C0B22EF054
S214010E8050F8014630462EF045F8206C10B101F0BE
S214010E9031FD2664606E18B12EF05AF800236366A1
S214010EA0A06E2EF04BF80023A36670BD286806FBE3
S214010EB00400FFF7C1FF01342B79A342F6DCF4E707
S214010EC09026F9E7D0270020398EE338F7B5044697
S214010ED031F0C2F8C0F30F23542B3ED9AA2B34BFEE
S214010EE001230223C0B27F2834BF0122022203213C
S214010EF08DF804301344B3FBF1F000EB40001B1AED
S214010F008DF805301344B3FBF1F202EB42029B1A53
S214010F1013498DF8063000234B7501AF18461D4660
S214010F201A4617F8016B44FA06FC1CF0010F06D0AE
S214010F3053009E4030430132C0B2D2B20123013584
S214010F40EDB2032DEDD103B148754B7D43EA821214
S214010F50FF234A750B7503B0F0BD0023C2E700BF3F
S214010F60D027002010B4094B1A68437ED47AD27871
S214010F701B1B9342A8BFDAB281F001015DF8044B56
S214010F80427601F001012EF043B800BFB0290020DF
S214010F90B0F860302BB9836813F4601F08BFA0F85F
S214010FA0603011B1012911D070474369417E23F0A9
S214010FB010034361064B1A68D37A92780B44934226
S214010FC0D8BFDAB2427601212EF022B8FFF7CABFA7
S214010FD0B02900202DE9F0412F4E88B00025337945
S214010FE0AB4203DC012008B0BDE8F08134689023F1
S214010FF003FB054494F84630FF2B0DD0236A980175
S21401100006D504F15008404631F08CFB074628B956
S214011010226A12F0A06F13D10135E0E7BB7994F88C
S21401102046100C333B441A8AADF81C209A7AD868CD
S214011030069006ABC2F3801238462FF035FCE2E785
S214011040B4F844301D2B18D13C23FF210020CDE9F4
S2140110500431CDE90200CDE9000004F15703C2F3E3
S214011060802201212FF097FE0028BCD04FF0A0610E
S21401107004F120002DF038FFCEE712F0807F94F8BF
S214011080293094F846004FF0000214BF43213C215A
S2140110902FF096FDE8E700BFD02700202DE9F041AC
S2140110A01F46C36904460D4616469BB1002940F00B
S2140110B0B0802AF015FB29460646A06E2DF039FFB2
S2140110C0204629462DF08CFF30462AF00FFB284695
S2140110D0BDE8F0810029FAD0036A03F01203022B5F
S2140110E000F09980236ADD0700F19D8094F8463070
S2140110F0FE2B0CD104F1480003F036F903F02CF96D
S21401110028B14FF4800104F120002DF0E5FE256A98
S2140111105D4B2B40B3F5807F00F0B280A80524D547
S214011120C5F3802504F157080022414628462DF0D4
S2140111301DFF002884F8470080F281804FF400717B
S21401114004F120002DF0D0FEB4F8442002F0030292
S214011150012A0AD1414628462DF00DFF28B14FF449
S214011160006104F120002DF0B7FE236AD9066FD581
S214011170464BE361002384F82930236AB4F86050B3
S214011180E16884F8287023F48032226221613DB937
S21401119013F0100F14BF3C25C825257605F2B315AC
S2140111A04EB1E38C40F27121C3EB06134B4342F47C
S2140111B08032E3622262236A43F400232362344BC3
S2140111C01B68DB7863762AF08BFA636943F01003B9
S2140111D00746636104F1080029462FF0DDFA012075
S2140111E005F0F0FD28B963691A075CBF43F00403F4
S2140111F0636126B130F06CFFE36A1844E062204672
S21401120005F0EAFD38462AF071FAA06E01212DF0AC
S21401121090FE00255BE7406B31F08CFA00287FF4E6
S21401122061AF0C2553E7236C002B7FF45FAF01F011
S2140112300FFB206400287FF459AF092547E70022F9
S214011240414628462DF097FE00283FF477AF7BE70E
S214011250D4E90C122046FFF78DFD012F0ED0A28C8B
S21401126040F271235A43904208D9E28C5A43904285
S21401127008D800F51C70B0FBF3F0A084054B78E7A6
S214011280122524E7452522E700014000CD13010081
S214011290B0290020E5F6030070B50A4D002490261B
S2140112A02B79A34200DC70BD286806FB040090F889
S2140112B04630FF2B04D000231A461946FFF7EEFEF0
S2140112C00134EDE7D02700202DE9F04F91F806A074
S2140112D08DB00AF10C0A04460E4601EB0A050122FE
S2140112E00AA90DF127002DF04EFE8146002866D191
S2140112F0A97A05F10C07C1F38011384601F03AFBD3
S21401130030B1304607F0B6F900200DB0BDE8F08FD9
S214011310236AD4F840B0206403F01008EB792989D9
S21401132056F80AA00793184603F0B8FF5044B8F1E0
S214011330000F37D1079B033B012B8CBF04220622EB
S214011340214B1B6840F2712A5B7963760AFB020225
S21401135005F11803B9F1000F26D09DF827C094F8BF
S21401136046E0B8F1000F24D0A97A0120C1F340115C
S21401137095F90550CDE902E1CDE90405CDE9007CFA
S2140113800121584601F072FBB8F1000F05D02EF08E
S214011390B1FB012120462DF023FE304607F06AF905
S2140113A00120B2E70222CBE795F80AC0CCF3801CF5
S2140113B0D5E794F88F00012100F00F00D8E79DF8DB
S2140113C027100AAF99E700BFB0290020012810B501
S2140113D00C461ED0022824D048BB08462EF04EF8F4
S2140113E0E38CA28C94F82A009A1AE36803F59C53BE
S2140113F040F27121083301FB02332361FFF766FDDA
S2140114000B4B9968236B0B602046BDE8104000F03B
S21401141023BD05F045FE844209D1BDE810402EF0FB
S21401142069BB20460021BDE81040FFF79BBD10BDFB
S214011430D02700202DE9F0474D4D0446A86818B185
S21401144007F018F90023AB602EF045F82B791BBB8B
S21401145000202DF06AFD1CBB002603202C712E6097
S214011460EE8206F0EBFFB4422BDC28792DF05DFD11
S214011470E0B9BDE8F087286808FB06F73844303045
S21401148030F0B0FF28683844343030F0ABFF013616
S2140114902B79B342EFDCDBE700264FF09008F7E745
S2140114A0022030F0D2FFA8600028D5D1A868002419
S2140114B02C712C60002857D100202DF036FD072016
S2140114C0D7E704EBC401090189B2334601220320A0
S2140114D006F066FF07460028E8D1032006F0DEFF87
S2140114E028600028E2D09022624339463BF01DF97D
S2140114F0DFF880A0DFF88080DFF880902B79BB4290
S214011500B3DD2C68902303FB07440026C4E9036679
S214011510DAF80030E6616661DB786376314604F11D
S21401152008002FF039F91323A4F84430236AA4F8ED
S214011530606043F0130323624FF0082363620723BE
S21401154084F82A30FF23C4E90C66C4E90E66C4E9B0
S2140115501C98C4E92098268584F8463026652046DE
S2140115602DF018FD0137C9E707F084F8AC60A3E752
S214011570D0270020B029002055555500D6BE898EAB
S214011580034B1B68C01A034B00115843C0B2704787
S214011590D0270020398EE33870B50D4CB0F8546072
S2140115A0237DE168054606F5FA7606FB1311A06869
S2140115B000F04CFB217D6B686A7E06FB0131002042
S2140115C030F08CFDA068BDE8704006F07DB900BF24
S2140115D0D027002038B5114B04461868637EC27ABE
S2140115E00D46A1B1817813448B4214DC6376216BDE
S2140115F020462DF08FFF20B194F88E0000212EF0AA
S214011600E1FA29462046BDE838402DF001BDC178F3
S2140116109B1A8B42EADA6176E9E700BFB02900201F
S21401162070B50D4D002490262B79A34200DC70BDC9
S2140116302B6806FB043393F84620FF2A03D0986EE6
S21401164018B12DF07CFC0134EEE7586E0028FAD074
S2140116502DF076FCF7E700BFD02700202DE9F84FE4
S21401166016469B4688460446FFF7BCFBDFF864A196
S21401167098F800700546304631F05CF8BAF910600B
S214011680801B20EAE0760021384600F0BFFA7B078F
S21401169048BF07303318FF2BC4BF47F01007C0F10F
S2140116A0FC0617F010090CD030F0D6FC2521B0FB53
S2140116B0F1F303FB1101C9B2002000F0F1FD84F83B
S2140116C08E00BBF1000F01D094F844B000235A46B7
S2140116D0394628462EF062F8214628462EF0C1F9F2
S2140116E0214628462EF089F82046FFF749FF2DF0BF
S2140116F018FC014628462EF0A9F8214628462EF069
S214011700EAF8B9F1000F56D094F88F2094F88E10AD
S21401171002F00F02284600F04FFA214628462EF026
S214011720EAF8B0B1636895F806C0DAF80C10EA7901
S214011730A06E19440CF10C032B44A2EB0C0253FAD5
S21401174082F200283ED02DF0F5FBC1B2284630F0DB
S21401175021FEB9F1000F39D0B4F9881028462EF0D1
S214011760CDF82046FFF70CFF2DF0DBFB014628469F
S2140117702EF098F8214628462EF0BDF820B1A06E2E
S21401178010B129462DF0D8FB314628462EF0CAF86E
S214011790B9F1000F0AD094F88F00FF2100F00F0076
S2140117A02EF0FCF80146284600F050FA88F8007042
S2140117B03046BDE8F88F94F87F2094F87E1002F04A
S2140117C00F02A7E7606E2DF0BCFBBEE7B4F97810F8
S2140117D0C4E700BFD02700202DE9F7431D4690F847
S2140117E08F308DF80710044603F00F0300211646CC
S2140117F090F88E20B0F95E002EF0E5F903F094FD26
S214011800B4F98820824204F1800704D0A4F8880045
S21401181006F034F97881384605F068FF0022114653
S21401182010462DF06CFB9DF807305B0709D5204666
S214011830FFF7A6FE2DF075FB0021024604202DF0D1
S2140118405EFBFFF7CFFA9DF80730DFF8709023F0C4
S21401185010038DF8073080469DF8283032460DF18A
S21401186007012046FFF7FAFE0746A9F812009DB1C8
S2140118700F4BE3610220D9F80C306168627E19448F
S21401188030F02CFCB9F910203B463146404606F0B4
S21401189047F803B0BDE8F0839DF80730054A13F01A
S2140118A0100F054B08BF1346E3612846E3E700BF68
S2140118B0F3F60300D3F603001D1A0100D02700201B
S2140118C073B5044690F85650406E05F0EF0548BBD8
S2140118D0A06E002830D1204645F00806FFF750FEDE
S2140118E02DF01FFB48B1C3799B0606D5636E23B95D
S2140118F08388013345F00C068380124B00221A823E
S214011900236A226B13F0020F18BF0022012113F085
S2140119100303009118BF0B4620463146FFF75CFFD4
S21401192002B070BD2DF00FFB0028D1D0236A9A07B4
S214011930D1D145F02005CEE72DF0F9FA0028F5D1F2
S214011940C9E700BFD0270020436923F0100310B574
S2140119504361B0F8603004462BB9836813F4601F06
S21401196008BFA0F860300D4BE361204600F01EFA78
S21401197020B12046BDE81040FFF70EBE216B204681
S2140119802DF0C8FD20B12046BDE81040FFF798BFF6
S21401199020460121BDE81040FFF71CBEE5F6030016
S2140119A037B504462DF06AFD28B1216B20462DF08F
S2140119B0D3FD84F85600174D94F82A00FFF786FAEF
S2140119C0B4F854306A7D03F5FA739209534303F56C
S2140119D096732046EB6000F0E9F90F4BE36163690B
S2140119E094F8561043F00103636120462DF0CAFDBA
S2140119F00DF107018DF80700012300222046FFF7AD
S214011A002DFEAB6800221A602046FFF7C5FD03B025
S214011A1030BD00BFD0270020E5F60300032837B508
S214011A200C4622D1134D91F88F002B8A6A8AFF212A
S214011A30134400F00F002B822DF0B0FFEB6894F8F2
S214011A4056101844E860B4F84430D4E90C2013F07A
S214011A50020F4FF0000318BF0246009301F0480141
S214011A602046FFF7B9FE03B030BD03B0BDE83040F5
S214011A702DF00CBED0270020F0B585B04FF0FF3119
S214011A800446002603A8039605F096FC039949B17F
S214011A90204600F099FA032806D0052856D003A858
S214011AA030F0A0FC01204AE0FFF79CF90923626BA5
S214011AB08DF80B30054601230DF10B012046FFF78B
S214011AC0CDFD0746A87905443046AB7B66F3871300
S214011AD0AB73354D617E05F08FFF616BA8686F8231
S214011AE03B4632462E8205F01BFF9DF80B302F4AEF
S214011AF0039813F0100F2E4B08BF1346E36105F051
S214011B0013FD039A93790C33D018D7580189C079FD
S214011B1003F0C4FB6368C3F196033B441844E860D2
S214011B20206A10F480550CD0039904F1500030F06F
S214011B300CFE20464FF000712DF048FA304605B0F5
S214011B40F0BD03A830F04EFC2846F8E7039D617E01
S214011B50AB79154F0C3330461D4405F04DFF226A14
S214011B60144BB868E361C2F34023A97A01938379E1
S214011B700344C2F3C0221B7BC3F38013C1F380115D
S214011B80009305F10C032DF0BDFFB868066005F063
S214011B909BFE039805F0C8FC03992046FFF794FBCB
S214011BA080F00100C0B2CAE7D0270020D3F60300B8
S214011BB01D1A0100FFF4030030B50D4685B0102153
S214011BC004462DF0DEFDE0B10F4B18681B798DF849
S214011BD00C300023ADF8043065F305038DF80430AE
S214011BE053180DEB0302029012F8082C4FF0000375
S214011BF062F3471301A9032220468DF8063030F020
S214011C00D4FB05B030BD00BF6C1905000E4A82B08A
S214011C1003461068009090889279ADF804008DF81C
S214011C2006202BB900290CBF0120022002B0704704
S214011C306A460220D90744BF117840185B0802F1B2
S214011C400102F7D1F2E700BF6419050038B58379C0
S214011C500C33C518C35C03F00F03072B0C4625D1C4
S214011C60AB789A0622D0E878C3061FD5012100F08A
S214011C700F00FFF7CBFF02350D4B9C422B5C95BF47
S214011C801E214FF49671B4FBF1F4B4FBF1F494BF4A
S214011C900021012161F3C7132B542A18937854703D
S214011CA023F01F03C4F304241C43947038BD00BF03
S214011CB0C3BF0300054B1B681B6A13F0100003D05B
S214011CC013F0030018BF0120704700BFE82700206B
S214011CD02DE9F341344B9C68A5790C356719635D92
S214011CE003F04F036355B0F844300622103B064616
S214011CF088467A700D2B32D8DFE803F052314E0752
S214011D00310C313131313131310C635D6FF3030305
S214011D10635524E0625D006A012363F303026255A2
S214011D2010F4006F4FF00C027A7006F1570107F1BC
S214011D3008020CD001924FF0FF320092C0F38020CF
S214011D401A462DF016F9635D43F08003E0E7D6F8F6
S214011D505730BB608B889380336A5B05F3D4635D31
S214011D60B6F8442062F345136355B91C30462DF08E
S214011D7051FE635D60F386136355A3797978B8F1F4
S214011D80000F03F102030B44A8BF4144E371A8BF4F
S214011D90797002B0BDE8F081635D62F30303B7E7D3
S214011DA0635D0222F9E700BFD027002038B5294934
S214011DB00B7D4A7D0133DBB2B3EB921F04460B75F4
S214011DC003D303230B75002038BD016AC90235D53C
S214011DD090F87E200323243A92FBF3F303EB4303AC
S214011DE0D21A2532D2B2B4F8441094F87F30B4F93E
S214011DF05E0084F87E2011F0100103F00F0323D15A
S214011E002DF0E1FE03F090FAB4F97820824204F155
S214011E10700504D0A4F8780005F030FE68812846E5
S214011E2005F064FC0022114610462DF068F894F87F
S214011E307E0000212DF0C6FE0120C5E75B001A4199
S214011E4002F003022532CEE702461946002005F0CD
S214011E501FFFD7E7D02700201F4B2DE9F04104468E
S214011E601860006B0E4630F065FC01462046FFF711
S214011E702FFF1A4B226B9B6820461A60FFF796FFCE
S214011E80FFF718FF164B051E164808BF184605F043
S214011E90EFFD6369676803F0100830F019F9627E98
S214011EA0B8F1000F03D13F1AB7F59B7F0BD5002D74
S214011EB0114614BF0220002005F07AFD3046BDE829
S214011EC0F04105F001BD002D616814BF022000201D
S214011ED030F004F9F2E700BFE8270020D027002001
S214011EE0791F0100AD21010070B50446FFF7E2FE3F
S214011EF0114B124E051E124808BF184605F0B8FDD4
S214011F002046FFF753FF044668B13368002D597E1B
S214011F1014BF0220002005F04BFD0A4BBDE87040BF
S214011F20986805F0D1BC05F0A3FD30682146BDE8F0
S214011F307040FFF72DB800BF791F0100E827002089
S214011F40AD210100D0270020052808B50BD00628B2
S214011F500FD1002005F08CFD064B01211868BDE865
S214011F600840FFF715B8034B1868BDE80840FFF7AF
S214011F70BBBF08BDE8270020032803D1024B186821
S214011F80FFF7B2BFFFF7E0BFE8270020032810B530
S214011F9011D10B4B1C68206B30F0CCFB0146204660
S214011FA0FFF796FE074B226B9B6820461A60BDE83A
S214011FB01040FFF799BFBDE81040FFF7C5BF00BF4F
S214011FC0E8270020D02700202DE9F7438C790C3430
S214011FD00C4406462379DA0704D44FF0FF3003B0E9
S214011FE0BDE8F083E77A252FF7D8394B9A689379BD
S214011FF00C33D118D35CA27AC3F38013B3EBD21F90
S214012000EBD1056AEB064CBF02310431062204F11E
S21401201012003AF052FB0028DFD194F80A902CF017
S214012020ACFF05F4C04580F001002A1EC9F38019F3
S21401203004F10C08C3B2414618BF0122484631F0EC
S21401204027FF014678B14FF4C045A37A03F00F038A
S214012050032B11D1A804C0D5326A9107BDD50C2F28
S214012060BBD11846BBE72CF090FF0028B5D1002D58
S214012070E9D085F4C045E8E7052BAED16A04ACD5B6
S214012080306AC307A9D500F01403142B07D004F156
S21401209018002DF003FD00289FD005209FE706F1CC
S2140120A05701C0F3802001912CF05CFF0028EED18F
S2140120B0A27A336AC2F38012C3F380239A428CD188
S2140120C00199062240463AF0F8FA0028DFD084E764
S2140120D0D02700202DE9F3474FF0FF3105460024B5
S2140120E001A8019405F068F9019949B12846FFF75E
S2140120F06BFF032806D0052847D001A830F072F9F7
S21401210001203BE0264E33681B6ADB0439D5019972
S21401211028462DF0E8F93368DFF88C80597E0020D8
S21401212005F06AFCD6F800A0D8F80870DAF8340092
S21401213030F000FBBC790C3407EB04093B5D03F07F
S214012140400343F0040305463B5509F1020150469E
S2140121502DF060FC3B5D60F386133B553368D8F881
S21401216008005B6B002DA4BF063589F8015003609B
S21401217005F0AAFB0B4805F07BFC002002B0BDE889
S214012180F08701A830F02EF9C5E7019805F0CCF9E3
S214012190019928462DF052F90028B1D02046EAE7E9
S2140121A0E82700208D1F0100D02700200E4A0328B3
S2140121B010B5146805D0042809D0BDE81040FFF713
S2140121C0C3BE617E0120BDE8104005F067BB204616
S2140121D0FFF780FF30B105F0D9F92046BDE8104081
S2140121E0FFF782BE10BD00BFE8270020044BD3F8DE
S2140121F0012002605B7903F01F030371704700BF83
S214012200F7390020F0B5254B002918BF0B46116899
S214012210C3F801101179597100218BB0197001258D
S214012220C1F3C404CFB2165D01F0070405FA04F445
S214012230264207D01C7804F128066E44013406F8BD
S214012240287C1C7001312529EAD11C7830B1224640
S2140122506946981D3AF041FA0BB0F0BD002CFBD050
S21401226006330126C0F3C405C1B2575D00F0070569
S21401227006FA05F52F4201BFB1FBF4F504FB151173
S2140122800AAD55FA81F100F1010008BF11F8281CCA
S2140122901970252803F10103E4D1DDE7F7390020A1
S2140122A0034B002818BF034619448879704700BFBE
S2140122B0F739002082EA12421FFA82FC8CEA0101F9
S2140122C091FAA1F109BA8BB203EB031363449BB2F3
S2140122D093FAA3F31BBA9BB203EB031363449BB2BB
S2140122E093FAA3F31BBA9BB203EB031363448CEA82
S2140122F00303144A9BB2A2FB0312991A02EB510282
S214012300520902EBC20C00B502EB8C020E499A1A76
S214012310002818BF0146C2F3C400084402F0070EA5
S21401232090F801C0D0B2012202FA0EF21CEA020FA6
S21401233001BF91F800C003FB0CF301EB1341887950
S2140123405DF804FB4D91CFBAF739002030B5184B34
S214012350826A1B6812065D7901D4457630BD1C7908
S214012360018FB0F8A020436B0903B1FBF3F1631BA7
S214012370B1FBF3F102B1013AD0F8A43003B1521027
S2140123801302B3FBF1F35B190CD090F8992012F00D
S214012390F00F07D01209B3EB820F4FEA8201ACBFF0
S2140123A05B1A0023A342A8BF23464376D6E700BFA5
S2140123B0B029002070B50446343015460E462EF07E
S2140123C097FE636840F2712202FB0633A3EB1021ED
S2140123D0A36A61601B0743BF064901FB0500656FE1
S2140123E055434BBF05EB400001EB5501606761604B
S2140123F070BD00BF80380100084B9A7E82420AD920
S2140124001B684FF4A87202FB0030836A13F0100FAA
S21401241008BF002070470020704700BFEC2700204F
S21401242008490A68821A08481311002A03FB00F0BB
S21401243005DB8B7E8342D8BF4FF0FF3070474FF0ED
S214012440FF307047EC2700203DCFF33C37B50446FC
S214012450019129F045F90199054604F130002DF066
S214012460DBFB2046FFF7DCFF0121814006482DF00B
S214012470D3FB4FF48070FEF7BFFB284603B0BDE8E0
S214012480304029F033B900BF10280020F8B55A4E65
S214012490338D04460F4623B9836813F4601F08BFC3
S2140124A03385F32F27D0258F618F636BB4F8A02077
S2140124B02D01B5FBF3F5ABB25B1A9A4214DC7369D6
S2140124C094F83A019B074CBF002102212DF07AFBBC
S2140124D0726940F2022393430DD1A4F8A05020461E
S2140124E02DF020FC012515E0737F002BF0D094F829
S2140124F03A010321EAE720462DF013FCB4F8A05078
S214012500002DEFD1A36A13F0800F14BF08233E23DA
S21401251084F873302046FFF719FFF32F04D0A36A1F
S214012520190701D5628F0AB901231CE013F4C05FB5
S214012530FAD1736913F00C0FF6D140F2022232EA97
S2140125400303F1D1D4F8A830002BEDD1A18F2EF0E2
S2140125507DFF031E42DD628F013293423EDC012B7A
S214012560E2D0013B9BB2A4F88030236B5A0409D514
S2140125704FF4804104F130002DF056FB0021204637
S214012580FFF764FFB4F88020A38F94F86C1013440F
S214012590A387B4F8A0309B1AA4F8A03094F86B3047
S2140125A002FB01332522B3FBF2F102FB113384F85F
S2140125B06B303DB120462CF0A6FCA18F20462EF0B4
S2140125C0C8FD0546A36A1B0702D40C4B1B68984737
S2140125D03DB12046BDE8F8402DF001BC638F0133C4
S2140125E0C0E720460221FFF731FF20460121BDE862
S2140125F0F84004F03FBC00BFEC2700202428002050
S214012600074B002210B55A77202204465A612DF056
S2140126102FFB84F83A0120462DF04BFC10BD00BF7D
S214012620EC270020012810B50C462AD0022830D00D
S21401263000283DD191F8993060F3071381F899305D
S2140126400846FFF7DDFFA36A1B07204616D501F0F3
S214012650EDF8042001F018FF50B3164A937F3BB300
S214012660D37F0133DBB2D37792F821209A421FD170
S214012670BDE810404FF08060FEF7BEBA01F0AAFA3E
S214012680E7E704F00DFD844212D1BDE8104001F0E9
S214012690C1B891F89930C3F30312013262F30713FC
S2140126A081F899302046F321BDE81040FFF7EEBED1
S2140126B010BD00BFEC27002010B501F047FF134BFB
S2140126C0FB221A7710F0020F1A7E0CBF012103219C
S2140126D061F303021A76420742BF1A7E42F00402F1
S2140126E01A761A7EC2F3030161F307121A764FF4C3
S2140126F041710022DA76DA8319845A621A611A85E0
S214012700034BBDE810401B68184700BFEC270020AC
S2140127101C2800202DE9F843464C0546A06818B150
S21401272005F0A8FF0023A360022005F087FEEFB2A4
S21401273000202CF0F8FB38462DF0B5FA06460028A6
S21401274066D138462DF0BAFA002861D1002D59D04D
S21401275005EB4501C1EBC101090189B233460122EE
S214012760022005F01DFE00284AD102204FF4A87968
S214012770A77605F093FE09FB05F842463146206030
S21401278039F0D3FF2368324603EB0901681E824203
S2140127902EDB002DA8F5A872D8BF00220021995083
S2140127A0636028462CF0BFFB90BB38462DF073FAC9
S2140127B0074668BB002D16DD02202FF046FE0223D9
S2140127C0A060C3718379C3F102020C33D2B23946D9
S2140127D0184439F0AAFFA3689A79134401211A7B99
S2140127E061F301021A73FFF767FF3046BDE8F8830D
S2140127F009FB02FC013243F80C1001F5A871C6E78B
S21401280041F207000023C4E90033A3760028C8D0AC
S21401281000202DF048FA00202DF050FA0020C4E9DF
S2140128200000A0762CF07FFB022005F007FE0726AD
S214012830DBE700BFEC270020014B987E704700BF06
S214012840EC270020014BD87E704700BFEC27002004
S21401285070B5264D28F044FF6C6824B123686B6080
S214012860EB7E0133EB7628F041FF002C3BD04FF492
S214012870A8720021204639F058FF4FF4A473A4F83B
S2140128808A3003F1A473C4F88C3003F1CE5303F5F8
S2140128909813C4F8903041F61B33A4F894300126FF
S2140128A01B2384F89630402104F1280066612DF040
S2140128B0B3F92B8BA4F8483194F83B3166F3030344
S2140128C084F83B310A4BE3672B7F84F8463144F2A8
S2140128D09023A4F84431072384F88930002104F1B9
S2140128E008002DF059FF204670BD00BFEC270020E0
S2140128F00000FFFF38B54021044628302DF094F93A
S21401290020462EF004FE04F1A8002FF06BFD04F122
S214012910AC002FF067FD04F1080001F0E5F904F1C1
S214012920A4002FF05FFD114B20461B68984728F046
S214012930D7FE0F4B5A682260DA7E5C60013ADA767F
S21401294028F0D4FE0023C4E90A332046FFF768FDC9
S214012950C4B220462CF0DFFA054620462CF0DDFAFC
S214012960014628462CF0D6FA38BD00BF18280020AC
S214012970EC2700202DE9F04106464FF480400F4633
S21401298001F082FD044630B90E4B1D6893F81A809B
S2140129906D35A04502D80020BDE8F08155F8453CCC
S2140129A0DA0609D5C3F38003BB4205D106222946C0
S2140129B0304639F082FE18B1013405F5A875E8E70E
S2140129C00B20E9E7EC27002008B5B0F898305A1C30
S2140129D062F30B03A0F89830042001F055FD70B1A6
S2140129E0074A937F0133DBB2937792F820209A420D
S2140129F005D1BDE808404FF08060FEF7FDB808BD80
S214012A00EC27002013B58B7901910C331944044649
S214012A10CB7A23B901A82FF0E5FC02B010BD8B7A62
S214012A2003F00303032B09D101212C302DF0F4F818
S214012A304FF4006104F128002DF0EEF801990448E6
S214012A408C602FF082FE4FF00050FEF7D5F8E4E7D9
S214012A50F8270020014B1877704700BFEC270020AD
S214012A60014B187F704700BFEC2700202DE9F74F78
S214012A701D4616469DF8383080F89F302A469DF848
S214012A803C7052F8103BC0F82C3104468A4600F1DF
S214012A904001381E18BF0120DDF830909DF84080B7
S214012AA09DF834B0FFF7AEFB20462EF079FB2046AA
S214012AB02DF006F92DF08CF84146024620462DF001
S214012AC0F9F8C8230DF106012046ADF806302DF0C1
S214012AD0E4F847F6FF73A4F83431AB88A4F8303134
S214012AE0AB7984F83231D9F80030C4F86D30B9F8D2
S214012AF00430A4F8713004F12809BBF1000F03D0AB
S214012B00042148462DF088F827B14FF40051484675
S214012B102DF082F84FF4607001F0B6FC10F08007DB
S214012B2018BF4027C30548BF47F08007810548BF47
S214012B3047F4807728F0D4FD4FF4826183464846F7
S214012B402DF06AF8394604F12C002DF065F8584648
S214012B5028F0CCFDAAF10203012B00F28F804FF47E
S214012B60002148462DF058F801212046FFF76EFC5B
S214012B70042120462EF01BFB6B7DC3F3040384F86F
S214012B806C306A8952006263697B2A7B42EA0122C1
S214012B906287E97BAA7B42EA012222876A7D84F862
S214012BA06B30C2F3421284F83E2000220523A2872E
S214012BB00122A4F8A030A4F880209DF944102046F4
S214012BC02DF083F801F0BCFC20F40060C4E9080194
S214012BD02046FFF7BBFB4248078D2AF002032FB9B8
S214012BE0002B40F2C71718BF4FF4D777298940F258
S214012BF0712A49000AFB01623A4E6260E661002BC7
S214012C0043D10261EB795B000AFB03F302EB53024B
S214012C10B4F87C3062600AFB03F3B3F5487FB8BFB3
S214012C204FF44873B8F1010FE3600AD094F83B31D2
S214012C3068F3030384F83B3108F00F0120462DF0BA
S214012C40ACF904F1080039462DF0A6FD012004F088
S214012C50B9F828B963691A075CBF43F004036361D6
S214012C606B8940F27121013B594320462CF0E5FF68
S214012C70204604F0B1F803B0BDE8F08FBAF1010FB9
S214012C8040F2014118BF01216FE704F1340B023114
S214012C9058462EF02DFA636800F5A056A3EB1623CE
S214012CA0636040F6080148462CF0B6FFE8790E4B03
S214012CB0616B400003FB00667600666758462EF09F
S214012CC017FAB4F87C30A0670AFB03FA636F1B0A95
S214012CD0BAF5487FACBF534403F54873A2E700BF7B
S214012CE0EC270020252601008038010070B51D461E
S214012CF0C36A1B07044616460FD408212C302CF055
S214012D008BFF0649064A31402A40C4E9081220468C
S214012D104021BDE87040FFF799BB70BD2FCF87F704
S214012D20EF1B000C2DE9F04F85B0044601910846D3
S214012D30002933D04B799A0720D42FF0FBFC78B9C1
S214012D40019B5B79DB0705D54FF4803104F1280040
S214012D502CF062FF01A82FF045FB05B0BDE8F08F0F
S214012D60A36ADF030AD54FF4803104F128002CF062
S214012D705BFF019A537943F0010353710199009166
S214012D8028F0AEFC00994B799E07054613D504F151
S214012D90B0002FF02EFD284628F0A8FCDFF894910D
S214012DA028F09EFC94F94A31022B074608DD384686
S214012DB028F09CFCD1E704F1AC002FF0C6FCEAE752
S214012DC0A36A13F4807FD4F8B03017D0002BEED06E
S214012DD09A7913441B7B2A2BE9D829FA03F3D807DF
S214012DE0E5D504F1B0002FF01BFB0090384628F023
S214012DF07DFC009920462DF08AFAD1E7D4F8AC2064
S214012E0012B9002BD3D0ECE7002BEAD194F89680C8
S214012E10039304F1AC0BD4F8AC6096F807A0B37931
S214012E20AAEB030A5FFA8AFAC24526DC58462FF057
S214012E3079FCA8EB0A0805466B796FF3C3036B713F
S214012E40294603A82FF081FCD4F8AC302BB15B796E
S214012E50990702D1B8F1000FDDDC039B002BA6D049
S214012E609B79022B40D800202FF0EFFA70BB039914
S214012E7004F1AC002FF0BDFC99E700202FF0E5FA35
S214012E80054630B9039904F1AC002FF0B2FC039566
S214012E908DE78079B1790C300C31424631442844B3
S214012EA039F01BFCEB7953FA88F3EB71B37972793D
S214012EB053FA88F3B3716B7962F300036B7173791C
S214012EC06FF3000373714FF00008B5E7039B427977
S214012ED0597961F3000242715A796FF30002014693
S214012EE05A7103A82FF080FCE36A9A0512D503985D
S214012EF0034600680028FBD1DB79C3F14503DBB24A
S214012F00032B07D82FF0A1FA01460028AFD003A85B
S214012F102FF01BFCD4F8AC3013B15B79DB0704D57A
S214012F20039A537943F008035371384628F0DEFBC1
S214012F3003995FE77C2C020070B5036BDA0786B055
S214012F40044634D5866A330724D516F4002F14BFF9
S214012F50032501252046FFF763FA94F89F30059371
S214012F600023049394F83E300393238F0293638FD8
S214012F700193636BC3F34F030093C6F3800204F11E
S214012F806D03294680B22DF006FF38B90025284684
S214012F9006B070BDB50C05F00205DBE7012104F1B2
S214012FA030002CF041FE4FF400512CF035FE236B1F
S214012FB0980410D52046FFF733FAA16AC0B2C1F3D0
S214012FC040312DF08AFC0028E0D04FF4005104F186
S214012FD030002CF029FE236BD90409D500212046A8
S214012FE0FFF7A0FE4FF4805104F130002CF01CFED8
S214012FF0236B5A0511D52046FFF712FA0023C2B2F9
S214013000194694F89F002DF0DBFD0028BED04FF442
S214013010806104F130002CF007FE236B5B0711D5AD
S2140130202046FFF7FDF9616B238F628FC1F34F01D5
S21401303080B22DF090FE0028A8D0042104F13000C3
S2140130402CF0F2FD236B1E0709D520462EF04EFC10
S21401305000289BD0082104F130002CF0E5FD236BFD
S214013060DD0618D52046FFF7DBF9E16A11F4805139
S21401307080B200F0E38000212DF004FF002885D007
S2140130804FF4805104F12C002CF0CEFD102104F1F8
S21401309030002CF0C9FD236B580615D52046FFF7E6
S2140130A0BFF994F87330009380B2D4E908232DF069
S2140130B0C9FE00283FF46AAF002384F8733040212C
S2140130C004F130002CF0B0FD236B190516D520460F
S2140130D0FFF7A6F900230093B4F89A20B4F89C30C1
S2140130E094F89E1080B22DF0ABFB00283FF44EAF53
S2140130F04FF4006104F130002CF096FD236B13F4BD
S214013100804532D19A0516D52046FFF789F994F8FD
S2140131103B1194F8732001F00F0180B201F07AF8A8
S21401312000283FF433AF84F873504FF4007104F174
S21401313030002CF079FD236B1B0616D52046FFF7D1
S2140131406FF9B4F890300093B4F88E2094F8953067
S21401315094F8941080B22DF0C7FE00283FF416AF05
S214013160802104F130002CF05FFD236B9E0612D502
S2140131702046FFF755F994F8731080B22DF099FEAA
S21401318000283FF403AF002384F87330202104F1B4
S21401319030002CF049FD236BDD0508D504F1300025
S2140131A04FF480712CF040FD20462EF0CBF9236BB6
S2140131B0180408D504F130004FF400412CF034FD1A
S2140131C020462CF0E6FE236BD90308D504F1300027
S2140131D04FF480312CF028FD20462CF066FD236B41
S2140131E09A0308D504F130004FF400312CF01CFD91
S2140131F020462CF068FD236B9B0722D50022114642
S21401320020462CF05EFD20462CF05DFD2046FFF7A3
S21401321007F994F8731080B22DF001FF05460028D7
S2140132203FF4B4AE022104F130002CF0FDFC204640
S214013230FFF760FB044B1B689847A8E62DF039FEA4
S2140132401CE70125A3E600BF1C280020134AF8B599
S214013250002302F1240151E8004F41E80035002D1A
S214013260F7D1012734B9BDB10D4829462CF0D4FC5D
S2140132702046F8BD94FAA4F0B0FA80F007FA00F6FA
S21401328024EA0604FFF7B8F80028EBD0FFF754FE4F
S2140132900028E7D13543E5E70120EAE7EC270020DF
S2140132A0102800202DE9F74F04460190002860D031
S2140132B0C579314F0C35054428F012FA4FF0000855
S2140132C0814646464046BA7E5FFA88FA524519D983
S2140132D04FF4A8733A6803FB0AFB5A44916ACB067B
S2140132E044D5B2F89820C2F30B02002A3ED0E27908
S2140132F0C2F14502D2B2032A15D802202FF0A5F852
S214013300044640B900234846FB8328F0EFF93046CF
S21401331003B0BDE8F08F014601A82FF016FAE57953
S2140133200C35254400200422012312FB0033002122
S21401333005F820A0E9543B685B4402FB005CB3F847
S21401334098308CF80230032312FB00320136A95460
S2140133503B685B440130B3F8982061F30B02A3F895
S2140133609820E3790433E371C0B2F6B208F101089C
S214013370A9E70646CBE700BFEC270020F7B568466D
S214013380FEF734FF134E00254FF4A877B37EAB4209
S21401339001DC03B0F0BD346807FB0544A36A03F003
S2140133A01803102B13D10522694604F1410039F0A8
S2140133B084F960B1012120462EF0E5F838B90120E4
S2140133C02FF043F8014610B1204601F06FFC01359D
S2140133D0DCE700BFEC2700202DE9F74F28F080F945
S2140133E0424BDA6800920022DA6028F07FF9009BEF
S2140133F013B903B0BDE8F08F68462FF011F8827953
S2140134008768019002F10C0404440A32A17A11F093
S214013410200F0CBF022103210A448271FA6A520569
S21401342010D5E17AA27A42EA0122014638462DF009
S2140134305EF938B901A82EF0D5FF3D2138462DF0AA
S21401344047F8D4E7BA6A94F80AB0019912F4007200
S2140134500BF0030013D00328ECD18A790A44127BBF
S2140134602A2AE7D8224B23FA02F2D307E2D54A7971
S21401347042F002024A71384601F02AF9B7E70328FA
S214013480F5D0487962F341004871084694F80690F1
S21401349094F905A02FF04EF9019DAC79063CE4B2F3
S2140134A00646AC713846FEF7BBFF0C3405EB040844
S2140134B00BF0030BC0F3032343EA0B13F6B288F8B1
S2140134C0033088F80200A8F804602B4605F804A02B
S2140134D088F801905A796FF341025A711B68002BE4
S2140134E0F8D128462DF010FA81E700BFEC2700201E
S2140134F07C2C020030B58BB0D37B8DF80830937BE3
S214013500C47B8DF80930537B8DF818408DF80A304E
S214013510847B137B8DF819408DF80B30447BD37A6E
S2140135208DF81A408DF80C30047B937A8DF81B4089
S2140135308DF80D30C47A537A8DF81C408DF80E3014
S214013540847A137A8DF81D408DF80F30447A037A09
S2140135508DF81E408DF81F30C3798DF820300D464A
S214013560837991798DF811108DF82130517943794D
S2140135708DF812108DF82230117903798DF8131019
S2140135808DF82330D178C378D4798DF814108DF85E
S2140135902430917883788DF810408DF81510547882
S2140135A0417812788DF8253003788DF816408DF81D
S2140135B026108DF817208DF8273006AC0094234688
S2140135C0802202A9012028F0C2FF0028F6D19DF82A
S2140135D027009DF826109DF825209DF82430287098
S2140135E069709DF823009DF82210AA70EB709DF873
S2140135F021209DF82030287169719DF81F009DF8E3
S2140136001E10AA71EB719DF81D209DF81C302872C2
S21401361069729DF81B009DF81A10AA72EB729DF84C
S21401362019209DF8183028736973AA73EB730BB0D1
S21401363030BD00BFF8B5094F044600260CB907484F
S214013640F8BDA179E5796D1AEDB20C312144B819AE
S2140136502A4639F042F82E442468EFE72C28002049
S214013660F8B5094F0446002604B9F8BDA079E579F6
S2140136702D1AEDB20C30B91920442A4639F02DF82E
S2140136802E442468F0E700BF2C28002037B50446F6
S2140136900020019104F0ECF903F078FF0B4A0C4D81
S2140136A05369019913F0400F09D02B68986A0007F7
S2140136B005D51269143A5A604FF420525A672046CB
S2140136C0FEF7E4FE00232B6003B030BDEC2700209C
S2140136D03C2900200123074A03FA00F002F11403F3
S2140136E053E8003F034302F1140C4CE80031002973
S2140136F0F4D17047EC270020F8B5234F7B6913F40B
S214013700C07F05460C4603D0990639D4012014E043
S21401371039B15A0705D4D5F8A83013B90820FFF7F0
S214013720D9FF7B699B0625D47B7FAE6A022B06F008
S214013730080604D916B114B90220F8BDE4B995F803
S214013740961095F83B01063100F00F0001F0A6FD3A
S21401375085B20EB904B16D0003F02AFBA8420DDB59
S2140137607B6913F01C0F05D116B11CB90520E4E7DF
S214013770002CFBD10020E0E70320DEE70420DCE795
S214013780002CF7D0C5E700BFEC27002038B5124D56
S2140137906B69044643F400734FF4806128306B6113
S2140137A02CF0F1FF012120462CF0D4FA002120460E
S2140137B0FFF7A2FF014620B12046BDE83840FFF7DB
S2140137C065BF6869617E80F48070BDE83840C0F3EB
S2140137D0002004F063B800BFEC2700200C4B13B5A3
S2140137E01860044600F5967003F080FF2046FEF749
S2140137F017FEC4B220462BF08EFB019020462BF01C
S2140138008CFB0199024602202BF079FB02B010BD19
S2140138103C29002008B5002004F02AF903F0B6FE82
S214013820014B00221A6008BD3C29002010B5044651
S214013830FFF7D4FF064804F01BF96168626F637EE8
S21401384001EB1222BDE81040112003F0DBBF00BFE0
S2140138501D3B010037B53E4B1C6800230193A36A4C
S214013860580514D5D4F8A430019304F1A8002EF01D
S214013870D7FDC4F8A40050B194F84A31013B84F84E
S2140138804A314FF4806104F128002CF07CFFD4F813
S214013890A4500DB92F4B9D6894F94A31022B0DDCCB
S2140138A0D4F8AC3013B1A36AD90502D5D4F8B03038
S2140138B023B14FF480512046FEF7C8FDD4F8A81076
S2140138C0A36AAA79002902F10C024FEA830314BF06
S2140138D00121002103F00C0343EA0113A95C21F046
S2140138E01C0143EA0103AB540DD11A4A02F1140339
S2140138F053E8003F23F0080302F1140040E80031CA
S2140139000029F3D102E00320FFF7E4FE284603F086
S214013910DBFF019B53B15B7903F00A03082B02D14D
S2140139202046FFF751F801A82EF05CFD6B799A0747
S2140139300BD5A36A1B0408D50820FFF7CBFE4FF46E
S214013940004104F128002CF01EFF03B030BD00BF7B
S2140139503C290020EC2700202DE9F04387B0002306
S2140139600646032105A8059303F026FD059D35B9F6
S214013970F4213046FFF78AFE07B0BDE8F083AB7945
S214013980654F0C331D447B692C7914F001086FD107
S21401399013F0100404D00720FFF79CFE002402E079
S2140139A00420FFF797FE01213046FFF7A5FE0546E6
S2140139B050B97B69717E13F4807F0CBF0220002012
S2140139C004F01AF8FFF746FF059803F0ADFDDDF8A1
S2140139D014807A6998F80630510603F10C0308EB57
S2140139E0030915D458F803303B610620FFF772FE31
S2140139F0B36A1A060CD406F1280252E8003F43F0D7
S214013A00800342E800310029F7D10120FFF762FE6A
S214013A10494630462CF0A4F999F80430DB0772D5F4
S214013A20002C72D03046FEF7FBFCC0B22BF073FAC6
S214013A3003903046FEF7F4FCB38F009382B20399ED
S214013A40CDF80480002302202BF061FA4FF0FF31FD
S214013A5005A803F0B1FC05993046FEF7D3FF002D0B
S214013A608AD029463046FFF711FE002C84D14EE05D
S214013A7023F0100301207B61FFF72CFEAB7AD806FA
S214013A8030D50220FFF726FEB36AAA7A83F0020336
S214013A90C2F38002C3F340039A4230D106F12800F4
S214013AA04FF400612CF06FFE50E8003F43F4806352
S214013AB040E80032002AF7D1B36A7A7783F002032E
S214013AC0B362B36AAC7A03F00102C4F3C001914257
S214013AD07FF464AF83F0010314F00304B36218BFEC
S214013AE0012460E707F1140353E8003F23F00403C1
S214013AF007F1140141E80032002AF3D1C4E77B7FC5
S214013B0001337B77DDE7002CA0D1002DA9D105A8D4
S214013B102EF068FC30E700BFEC27002008B5124AFB
S214013B200346042B10680BD002D8032B18D008BD0F
S214013B30053B012BFBD8BDE80840F121FFF7A6BDE8
S214013B40FFF70AFF094A02F1140353E8003F23F086
S214013B50200302F1140040E800310029F3D1E6E722
S214013B60BDE80840FFF712BE3C290020EC270020E4
S214013B70164B033810B51C68032818D8DFE800F088
S214013B800702181E2046BDE81040FFF7E5BE204696
S214013B90FFF7FCFD0E4A02F1140353E8003F23F041
S214013BA0200302F1140040E800310029F3D110BDD2
S214013BB0F1212046BDE81040FFF768BD4FF4806153
S214013BC004F128002CF0DFFDF221F2E73C29002069
S214013BD0EC27002010B50446FFF700FE054803F069
S214013BE047FFFFF737FE627E61680220BDE810409E
S214013BF02EF074BA713B0100104B1A7842F0F002B5
S214013C001A701A7C42F0F0021A7493F8202042F0DF
S214013C10F00283F8202093F8302042F0F00283F877
S214013C20302093F8402042F0F00283F8402093F8C9
S214013C30502042F0F00283F85020704740290020BF
S214013C400368054A23F07F6323F4002302EAC14197
S214013C500B430360704700BF0000F80F70B546883D
S214013C601F4C06F00702072A0546164615D127F00F
S214013C7037FD00231A019EB2A25C12090F2A04EB3B
S214013C80031125D00133062BF4D1164A13880133CC
S214013C90138027F02BFD192019E01201A35CC3F352
S214013CA00311013101F00F01042994BF61F30713D9
S214013CB06FF30713A3542EF00BFA04EB0614E0601F
S214013CC02B6823F4E02343EA06462E60002070BDED
S214013CD02B684B8011230B7027F008FDEBE700BF24
S214013CE0402900202A31002038B5448804F0070412
S214013CF0072C05460FD027F0F3FC2401064A135D76
S214013D0043F0F00313552B6843F4E0232B60BDE822
S214013D10384027F0EBBC38BD402900202DE9F0479C
S214013D20448804F00705072D0746894637D01D4C01
S214013D304FEA051804EB051A14F808602EF0C8F9C6
S214013D403609DAF80C3006EBC50604EB4606C01A4F
S214013D50708014F8083003F00F02042A9EBF013267
S214013D6062F3030304F80830B9F1030F14D114F811
S214013D70081004EB0514A01C01F00F012DF0FEFF46
S214013D80044627F0ADFC3A68074B134023433B60DB
S214013D90BDE8F04727F0AABC4FF6FF74F1E7BDE88F
S214013DA0F08700BF402900200000FF7F064A926886
S214013DB0824208B507D0427922F0030242F003029C
S214013DC04271FCF781FF08BDA029002010B5064C02
S214013DD020462EF007FB201D2EF004FB04F1080000
S214013DE0BDE810402EF0FEBAA029002010B5022032
S214013DF02EF02BFB034C606002202EF026FBA06009
S214013E0010BD00BFA029002008B5FFF7DFFF034B58
S214013E100022DA60BDE80840FFF7E8BFA0290020CD
S214013E20014B5868704700BFA0290020014B9868D5
S214013E30704700BFA029002038B50C4CE3681BB1C1
S214013E40E36898470023E36023686BB107482EF0C8
S214013E50E7FA054640B123681BB14FF00040FCF776
S214013E60CBFE28462DF0F4F838BD00BFA02900206F
S214013E7010B5064CE0604FF00040FCF7BDFEE3686D
S214013E801BB1E36898470023E36010BDA02900201A
S214013E9038B58379034404465B7B13F0300F4379CE
S214013EA023F0030308BF43F00103437127F018FC16
S214013EB02146054605482EF048FC4FF00040FCF729
S214013EC09BFE2846BDE8384027F010BCA0290020FC
S214013ED0F7B5144F7C68A3790C331C4400F036FB0D
S214013EE06679E6B116F0020519D136EA000316D155
S214013EF0E378B4F80920B4F80710A079019624797C
S214013F00009401F099FA002808BF0C25B8682A46E3
S214013F1042F2410103B0BDE8F0402CF089BC112506
S214013F20F4E700BFA029002010B50D4C6268937914
S214013F300C331A441179D078B2F80730B2F805205C
S214013F40003918BF0121003818BF012001F006FD15
S214013F5042F242010246A068BDE810402CF068BC5F
S214013F60A02900202DE9F041164E7468A3790C3380
S214013F701C44B4F803801FFA88F0FEF73DFA0746A2
S214013F80E8B1A27961792BF0AEFF0546B06802234D
S214013F902A4642F27A012CF009FC83790344A3F8FD
S214013FA01280FFF703FF45B9A37933B138462CF0E9
S214013FB068F9014638462BF080FEBDE8F0810225FF
S214013FC0E4E700BFA029002010B5084C606883799B
S214013FD018440F3000F08CF90023A0681A46BDE89B
S214013FE010404FF628412CF0E1BB00BFA02900206D
S214013FF020F00403202B0AD01D289FBF054B23FA6F
S21401400000F0C04300F0010088BF01207047002087
S214014010704700BF66002D202DE9F04F95B0FFF7E1
S214014020FFFE86790C3642F2360330F80680984554
S214014030054600EB06040ED1FFF7F2FE02212EF034
S214014040A9F9A3787F220233A370AA550023202260
S214014050627023776377E0780121FCF7C9FE0023BD
S2140140600646002800F0CF80E288CDE91233ADF88D
S2140140704820B4F80920ADF84C20A288237A8DF8A0
S2140140804A3012F01000E37A8DF84E304FF6FF7387
S21401409018BF4FF4804312F0050F25D1DDE9121247
S2140140A091421DD900251126FFF7C0FE0123324695
S2140140B04146ACB22CF07AFB002DCCBF0534053C52
S2140140C024B2002E40F0A2800A2394FBF3F4E4B25B
S2140140D0FFF7ACFEC3791844C47215B0BDE8F08F83
S2140140E01F29DFD99A42DDD8E57D00285FD0012D52
S2140140F07CD1E0782BF01CFB002872D1444A237F48
S2140141001278002A75D0042B70D8637F042B6DD8E3
S214014110A388DB0674D500200121C822084003F0DD
S214014120B7FD054694F91600B4F804E0677EE18809
S214014130B4F8092094F80C9094F815A094F818B0E7
S21401414000EB8003B5EB430FC8BF1846637B0F93A4
S214014150A37B109304F10F031193637FC8BF45003F
S214014160E07D0C93237F0B93E37E032808BF042096
S214014170032F08BF0427003B18BF01230A93A37E21
S214014180CDF80C90CDE90873119B02931FFA85FCBC
S214014190109B0193CDE9060BCDE904AC0F9B009370
S2140141A030465FFA8EF32AF08FFF06467CE705F06D
S2140141B0FD03012B7FF476AF677E7B1E022B3FF655
S2140141C071AF00F0C3F9032D08BF04250540EDB219
S2140141D0002D3FF467AF032F08BF0427384288D16C
S2140141E060E7A088FFF704FF002887D10025122684
S2140141F05AE7002B7FF456AF637F002B88D051E738
S2140142002BF0E6FC88E7054607264DE700245FE726
S214014210223A0020F8B5074601200D4616462EF034
S21401422014F90446C0B106220C212CF0D2FA691EFC
S214014230A379C9B2032998BF084A03F10C032344A2
S21401424098BF525C9F8088BF00222046DE70DA71DC
S2140142509A71FFF7ABFD0120F8BD00BF711905008B
S214014260F8B5FFF7DDFD83791844B0F80F60B0B2FA
S214014270FEF7C2F80446C0B12CF003F80138C0B20C
S214014280032814D80B4B1C5C0027FFF7CFFD05460F
S21401429004233A4642F230012CF088FAA8790C3011
S2140142A02844C68004724472F8BD0227EDE7002454
S2140142B02746EAE7711905000B4610B50649074C73
S2140142C00622002818BF2146184638F0F6F9B0FA3B
S2140142D080F0400910BD00BF243A00202A3A002091
S2140142E0024B1A6802609B8883807047243A00203C
S2140142F013B50D4C28B1036823608388A38002B0F0
S21401430010BDF8F723FBCDE900019DF80230A3703C
S214014310BDF80530BDF80020A4F803309DF807303D
S21401432022806371EBE700BF243A002010B50446F3
S21401433027F0D6F9064B22681A60A2889A80054AA9
S214014340137843F00103137027F0D0F9012010BD54
S2140143502A3A0020233A0020024B1878003818BF6A
S21401436001207047233A0020024B1A6802609B889E
S214014370838070472A3A0020024B186908B1FCF77F
S2140143803BBC7047D813002010B53A4A002302F10F
S214014390100151E8004F8C464CE800310029F6D157
S2140143A00443A20201D502F081FD230101D503F0E9
S2140143B01BF9002C01DAFFF73FFD600001D501F083
S2140143C0D1F8A10001D5FFF707F8E20007D5FCF701
S2140143D001FE20B928484FF080512CF05BFE6301A6
S2140143E007D52CF019F820B923484FF080612CF03E
S2140143F051FEA00105D52BF0E4FBFEF7BFFF2AF026
S2140144009CFDE10108D52BF044FC072804D11A488D
S2140144104FF080712CF03EFE620201D5FDF700F9E7
S214014420230201D52AF075FDE00207D52CF03AFEED
S21401443020B911484FF480112CF02CFEE10507D568
S214014440FEF704FF20B90C484FF480712CF022FED1
S214014450A20507D500F006F920B907484FF4007108
S2140144602CF018FE630503D52CF09EF92CF09DF96F
S21401447010BD00BFD8130020E813002001460148F4
S2140144802CF008BED8130020014B1B68184070475B
S214014490D8130020044B10B5D3E90642204311433C
S2140144A0C3E9060110BD00BFD8130020F8B51F4EA2
S2140144B03368002B05464FF0000402DAFFF7A4FC30
S2140144C032E01B4F4CF20C000021FFF7E3FF3C608B
S2140144D025B16B683360AB6803B13B604FF00040B9
S2140144E0FFF7CCFF3B680BB9124B3B60124B1348EE
S2140144F0B3600023337304F0DDF9FFF77DFB284634
S214014500EBF7A2FE044678B92DB1B5F90E10B5F950
S2140145100C0000F0F1FE2BF05FFB06F06DF803F0E7
S2140145209FFC04460028C9D02046F8BDD8130020B9
S214014530B02900203613002079430100DC13002047
S214014540014BD3E906017047D8130020054B9B6940
S214014550DA054CBF032001201B0548BF40F00400CC
S214014560704700BFD813002038B505460C4603F047
S21401457057FA0B4AAB7A52F8200052F82330094A10
S2140145800344A3FB04010902074B41EA1061000240
S214014590C01841F10001002325F0E2F938BD00BF43
S2140145A0D419050040420F003F420F00024B1A6823
S2140145B002601860704700BFB4290020024B002239
S2140145C01A6000F0F3B900BFB42900202DE9F047C6
S2140145D006462BF0C2FB044608B901203AE04578AE
S2140145E04DB927F07DF8237863701D4B1B68636017
S2140145F0257027F07BF8DFF86880012794F8019092
S214014600B9F1000F07D12378002BE6D04FF40070E4
S214014610FCF7F2FAE1E799FAA9F5B5FA85F507FA92
S21401462005F55FFA85FA636833B929EA0505657009
S214014630D8F800306360E1E79B681BB963681B68C4
S2140146406360F0E7514630469847012804D1636815
S2140146501B686360BDE8F0870228EFD10020F9E708
S214014660B429002070B50E4E0025FEF7E5F8A842E5
S21401467001D8012012E03068FDF7BEFE50B934685B
S214014680FEF7DAF80134B4FBF0F303FB10443460B0
S2140146900135EAE7FFF79AFF0028F0D170BD00BFA9
S2140146A0B829002010B5837903440446187B2A28CC
S2140146B008D8064B195C20462DF06CFEA0790C300C
S2140146C0204410BD2CF043FD0146F4E775190500A2
S2140146D02DE9F34105460C4601912BF031FB83068B
S2140146E005D501A82DF07EFE02B0BDE8F081DDF80B
S2140146F0048098F806700C3718F807002A280DD899
S214014700174B1E5CFF2E0DD101982DF06BFE18F88D
S2140147100720019928462CF0B2FDE5E72CF017FD9D
S2140147200646EFE701982EF005F80138B042EBD1C6
S2140147300C4B1E684EB9A379234421461A7B2846A2
S21401474002B0BDE8F0412CF09ABD73680BB936682B
S214014750F0E72146284698470028F8D0C4E700BF6E
S21401476075190500B429002037B504460D462021E9
S2140147702BF0E8FA294620462BF02EFB2146012095
S2140147802CF024FE214600202CF020FE0120044AB5
S2140147900090002321462CF0AAFD03B030BD00BFD7
S2140147A04B11040030B585B00C46039205462CF03B
S2140147B07CFF80F001002946C0B22BF0B8FA012C2C
S2140147C0039A06D02146284605B0BDE830402CF0B5
S2140147D072BFC3689A7913441022DB8A0092294675
S2140147E0034A00202CF083FD204605B030BD00BFF3
S2140147F0B716040037B504462CF09CFF032120466B
S2140148002BF0BBFA00250346044A009521460120F9
S2140148102CF06DFD284603B030BD00BF9B1504008B
S2140148202DE9F347074602200E462DF00EFE0446FC
S214014830002849D0B3790C3333440021B3F80480FF
S214014840B3F806A0B3F808902CF0C9FC2046FFF791
S21401485029FF0221054638462BF08FFAA5F8048079
S2140148606881A5F806A0A5F808902DF0F5FB08F1DB
S2140148700108B0FBF8F303FB18080223A5F8028031
S2140148806B70A079B071E379F371A179E2790C309C
S214014890521A0C31D2B22144304437F01EFF394649
S2140148A001202BF044FA1022C6606B89009239462B
S2140148B0064A01202CF01BFD384621462CF08DFCC3
S2140148C0002002B0BDE8F0870720FAE7B71604001B
S2140148D02DE9F34104460D46014601202BF027FA47
S2140148E00121074628462CF07AFC2846FFF7DAFE17
S2140148F0064600F101084046FDF778FCD6F801307F
S214014900C7F812307379BB75022120462BF035FAB1
S21401491029460746F08020462CF05FFC20230093B2
S214014920044A3B46214601202CF0E1FC002002B05F
S214014930BDE8F08183160400F7B504460D4601462E
S21401494001202BF0F4F950E8003F43F4806340E87F
S2140149500037002FF7D120462CF0A7FE002814BF01
S2140149600E21082128462CF03AFC2846FFF79AFE2D
S2140149700646FFF7E5FDC6F80510FFF7E1FD2946F7
S214014980C6F8010020462CF028FC032120462BF017
S214014990F4F9054A00970346214601202CF0A7FCAE
S2140149A0384603B0F0BD00BF9F15040008B50548A2
S2140149B0054A06492CF0E2FDBDE808400148FFF72C
S2140149C0F5BD00BFBC29002073170400314B010060
S2140149D0F0B58B790C33CD18CB5C023B85B0044621
S2140149E00E460F2B00F29C80DFE803F0089A9A9A95
S2140149F09A729A829A9A23639A9A9A4669782BF0BF
S214014A00EBF9202120462BF09DF9214601202CF0C0
S214014A10DDFC214600202CF0D9FC01250023414A6B
S214014A200095214618462CF062FC304603F022FE23
S214014A302FE0AB886A8869782BF0F0FB20462BF0D4
S214014A4084F9830708D4314620462CF073FE0121F1
S214014A5020462CF0ACFB1CE0214601202BF067F928
S214014A60314B82689A4203D1214601202CF07EFC0C
S214014A70304603F0FFFDEAE76F78AA78039208460E
S214014A8003F0F8FD162F039A06D1032120462DF0D8
S214014A9072F8012005B0F0BD2146012003922BF0EB
S214014AA046F98368039A002BF3D0032120469847E2
S214014AB0EFE7014601202BF03AF907466A780392A0
S214014AC0304603F0D7FDBB68002BE2D0039AECE733
S214014AD0014601202BF02BF907466A7803923046EF
S214014AE003F0C8FDBB68002BD3D0039A0421DDE791
S214014AF0014601202BF01BF90C4B82689A4294D197
S214014B00D5F80120D5F805302046FEF7EFF83046F7
S214014B1003F0B0FD214601202CF028FC022197E786
S214014B200020B7E7291704009B1504009F15040011
S214014B302DE9F3410C4606462CF0B7FDA3798046D5
S214014B40002868D00C33E718E35C012B40D0082B13
S214014B5038D0002B52D1798930462CF0B6FB7B88B1
S214014B60B9887A788B4294BF05460025092986BF05
S214014B7001F1FF339BB208239A4288BF00250846FD
S214014B80002AFB883A8908BF00252CF0B6FA38B906
S214014B90204603F06FFD4546284602B0BDE8F08189
S214014BA0002DF5D0314600202BF0C1F8C4607B897A
S214014BB01022013B00921C4A9BB2314600202CF089
S214014BC096FBE9E7214630462CF00DFD0125E3E78B
S214014BD0F98830462CF079FB0546781C2BF00AF84C
S214014BE00028D5D0002DD3D0314600202BF09FF8D9
S214014BF02023C4600093FB880C4ADEE7214630463A
S214014C002DF0AAF80028E1D12146304602B0BDE8D1
S214014C10F041FFF7DDBE23441B7B0E2BD2D021468D
S214014C2030462DF088F8EDE7A54701003B16040055
S214014C3038B504460D462BF088F8420709D52846B4
S214014C4003F018FD4FF400612046FDF7FFFB00203E
S214014C5038BD20462BF079F8830703D5284603F0A4
S214014C6009FDF4E729462046024ABDE838402CF003
S214014C7019BC00BFF547010013B5044601912BF09E
S214014C805FF800F018001028019906D1064A204660
S214014C9002B0BDE810402CF005BC084603F0EAFC63
S214014CA00C2002B010BD00BF21480100014A2CF0C3
S214014CB0F9BB00BFD148010070B504460D46014658
S214014CC001202BF034F8064620462BF03EF802076A
S214014CD008D5284603F0CEFC40212046FDF7B6FB5A
S214014CE0002070BD33685B0503D5284603F0C2FC7F
S214014CF0F6E729462046024ABDE870402CF0D2BBB2
S214014D003949010073B504460E462BF019F800F038
S214014D10300010284FF0020031D12DF096FB0546E9
S214014D2078B3437943F00203437102212CF057FA1A
S214014D302846FFF7B7FC2946467020462CF04DFA68
S214014D40162120462BF048F8202120462AF0FAFFAB
S214014D50214601202CF03AFB214600202CF036FBA0
S214014D6020462CF0D4FB012120462BF006F8034602
S214014D7001200090044A21462CF0B9FA002002B026
S214014D8070BD0720FBE700BFCB1504002DE9F041FD
S214014D9088B00D4604462CF06AFDAB79064600281D
S214014DA000F0A5800C33EA18EB5C033B082B00F2FD
S214014DB03B81DFE813F0090039013901860039012A
S214014DC0390139015F008000D2F80100D2F80510E0
S214014DD0B2F8098003AB03C302F1130301210B32BE
S214014DE020462BF0CBFB042128462CF0F8F9284668
S214014DF0FFF758FC0C21074605A803F045F805AB5C
S214014E0003CB3B46C7F80100C7F80510079A43F8DD
S214014E10092F00217A1C20462BF0B0FB21460020EA
S214014E202AF085FF03AA0346A0F81A8003CAC3F82E
S214014E301200C3F8161020460821FDF707FB4FF4B1
S214014E40007120462AF07EFF20462BF0B3FB294650
S214014E5020462CF0C2F9032120462AF08EFF034695
S214014E600020724A009021462CF041FA304608B0E4
S214014E70BDE8F0810B2128462CF0B1F92846FFF752
S214014E8011FC294620462CF0A8F926F029FC4FF4FF
S214014E904071054620462AF055FF4FF480512046C2
S214014EA02AF055FF284626F021FC4FF48061204663
S214014EB02AF050FFDAE7284603F0DCFB4FF40071D6
S214014EC0F5E7062128462CF08AF92846FFF7EAFB83
S214014ED020462BF0CEF9294620462CF07EF92046B6
S214014EE02BF08EFB214600202CF040FABEE72B4427
S214014EF01B7B043B072BB9D801A252F823F000BF55
S214014F00214F0100494F0100AB4F01006D4E0100DA
S214014F106D4E01006D4E01006D4E0100C14F010046
S214014F204FF4007120462AF00DFFAA790C322A446C
S214014F3002F109032046013200212BF01FFB28460F
S214014F4003F098FB012691E74FF48060FFF79CFA87
S214014F50B0B14FF4006120462AF0F4FE0027204647
S214014F60CDE90577FDF75CFA064620462AF0E6FE0F
S214014F700095034605AA3946B0B22BF0F8FFE1E7E3
S214014F80214601202AF0D3FE00F1120120462BF023
S214014F904CFB062128462CF022F92846FFF782FB17
S214014FA0294620462CF019F9CCE7284603F062FB87
S214014FB0214601202CF00AFA20462BF021FBC1E7FE
S214014FC026F08EFB4FF40071064620462AF0BAFE04
S214014FD04FF4805120462AF0BAFE304626F086FB72
S214014FE04FF4C06120462AF0B5FE294620462CF033
S214014FF0F4F8214601202AF09AFEC268054682B1DD
S21401500093790C331A4402F1130301210B32204623
S2140150102BF0B4FA20462BF0CDFAE96820462CF0A6
S214015020DCF80023EB608DE700261FE77B18040001
S21401503008B50749074800222CF0A0FA0548FFF7F3
S214015040B5FABDE8084001200021FFF723BA00BFEA
S2140150508D4D0100C829002038B58B790C460C33DC
S2140150601944E35C142B054603D0152B0FD0002002
S21401507038BD01312CF07FFC1521284622462CF044
S214015080C2FC214628462CF0A8F80120F0E701468C
S21401509001202AF04CFE0B4B82689A4203D0204630
S2140150A003F0E8FAF1E7A17921440D3128462CF006
S2140150B062FC204603F0DEFA294601202CF056F960
S2140150C0E3E700BF5D1A040037B504460A460D46FD
S2140150D014212CF098FC294620462CF07EF803215A
S2140150E020462AF04AFE3022034600922146034A11
S2140150F001202CF0FCF8002003B030BD5D1A04003E
S21401510008B507490748084A2CF038FA0548FFF75A
S2140151104DFABDE8084020200021FFF7BBB900BFCB
S21401512059500100D4290020611A040037B5ADF8A2
S21401513000208DF80230009B0193044601A82CF054
S21401514004FC9DF806209DF802309A420D4605D1D2
S214015150BDF80420BDF800309A4205D0284603F079
S21401516089FA122003B030BD20462AF014FF9DF8BC
S2140151700230827A9A4209D18288BDF800309A427A
S21401518004D1284603F076FA0020EBE7694620466C
S2140151902BF0CAF9024A294620462CF083F9E1E7AA
S2140151A0C95001002DE9F04116461A43BDF8188092
S2140151B007460C461D4605D120461146BDE8F0417E
S2140151C02CF0A2BC414620462CF06BF878B1214663
S2140151D038462AF0ACFD40238674C57421460693F2
S2140151E038464346034ABDE8F0412CF080B8BDE896
S2140151F0F08100BFC11B0400F7B505460E46014607
S21401520001202AF094FD036813F0F00F03D029461D
S21401521001202CF0DBF828462BF030F8B3790C335C
S21401522033445F789B781F400378C3F3030000EA9A
S214015230131038402CF041FC044668B928462CF07F
S21401524046FC38402CF039FC044628B928462BF099
S21401525018F800F047F80446284600212AF09DFE7B
S214015260172130462BF0BBFF3046FFF71BFA3146BD
S2140152704470847028462BF0B0FF032128462AF09C
S2140152807CFD4022034600922946034A00202CF06A
S2140152902EF803B0F0BD00BF771B040010B50C4616
S2140152A030B9054B58690279408804FB020010BDED
S2140152B001F046FDF7E700BFF813002010B50C46D5
S2140152C050B9074B58694188A1423BBF0079641A1F
S2140152D00020B4FBF0F010BD01F032FDF3E700BF93
S2140152E0F81300200138C0B203289ABF014B185C9E
S2140152F000207047A01905008BB20029054AB4BFEB
S214015300053B05331BB20A21108093FBF1F3937022
S214015310704700BF2C310020024B9B78C01A40B268
S214015320704700BF2C310020024B1B88C01A00B208
S214015330704700BF2C31002010B5084C81B204F133
S21401534008002BF029FA012001F03CFD28B9636919
S2140153501A075CBF43F00403636110BDE029002017
S214015360012303FA00F0074AC04302F1240353E87D
S214015370003F034002F1240C4CE800310029F4D12F
S214015380704700BFE02900200123074A03FA00F016
S21401539002F1240353E8003F034302F1240C4CE8D6
S2140153A000310029F4D17047E029002038B51D4CA2
S2140153B04FF01013E3624FF4E063238647F6FF7362
S2140153C0A4F8603094F86730012262F3030384F88E
S2140153D06730154A154B0025C4E916326562FFF79A
S2140153E0B5F84FF48073A4F84830114BE361114BC4
S2140153F084F856001A68656113785278A4F8BC5090
S21401540013445B10294604F108006376A4F8B450EF
S2140154102BF0C2F9294604F19400BDE838402BF080
S214015420BBB900BFE029002055555500D6BE898E70
S214015430651E0400B02900202DE9F041224C9DF89C
S2140154401C801F46636ADB070E46154626D4F8B154
S2140154500120FFF799FF626A9DF8183084F854809E
S21401546022F4C07242EAC312B8F1050F62621CD17F
S21401547001F07EFFA0B194F8673068F3030384F867
S2140154806730A685E58584F830700120BDE8F08197
S2140154900120FFF765FFDEE702220FE00020F5E7B7
S2140154A06D00ADB2B54228BF354694F85430990721
S2140154B0F2D413F0040F0CBF0122032294F86730D4
S2140154C062F30303DBE700BFE0290020024B586AC2
S2140154D0C0F38000704700BFE029002010B51C4CC7
S2140154E0626A12F0010218BF94F85420FFF7EEFF2B
S2140154F010B194F855301A4302F00502052A13D16B
S21401550001F036FF80B994F8673003F00F02012AE4
S21401551005D1032262F3030384F8673010BD01222C
S21401552062F3030384F8673094F8663094F8311018
S214015530253BDBB20133DBB2032B28BF002341FA44
S21401554003F2D207F6D5253384F86630E6E700BFC6
S214015550E0290020024B586A00F00100704700BFA6
S214015560E029002013B5114C26F0BAF8236A0193FE
S2140155700023236226F0BAF8019B5BB9636A1B0419
S21401558006D52BF084F958B1636A23F400436362AD
S21401559002B010BD01A82CF043FF2BF0E3F9EBE7B6
S2140155A04FF08040FBF728FBF2E700BFE029002020
S2140155B038B50E4C054680B10320FFF7D1FE002317
S2140155C084F845300123A4F846300420FFF7C8FECE
S2140155D0BDE838401020FFF7C3BE0520FFF7C0FE28
S2140155E00123A4F8B83084F8B650EEE7E02900208D
S2140155F0274B70B55A6A0D4609B3160747D503F10E
S214015600450603F1460428B3D1061FD52388012B8E
S2140156101CD95B0823800420FFF7A2FE1020FFF7A9
S2140156209FFE2CF019FD2388B0FBF3F202FB13005A
S214015630307055B30320BDE87040FFF791BE940665
S21401564025D503F1B60603F1B804DCE70420FFF71D
S2140156509BFEE3E7D20314D5B3F84610B3F848200F
S21401566091420ED22288520092B22280B3F848307C
S2140156709A4228BF1A4622801020FFF771FE0420A6
S214015680CDE71020FFF780FEF9E70520D3E770BDD0
S214015690E029002070B54B4A054651681068AC7980
S2140156A0127A8AB06B4603C30C3408201A702C4455
S2140156B0FEF7EAFE20B10122A11D28462CF075FE58
S2140156C0A3798DF80F30A37A03F00F0303F12802B4
S2140156D06A44002112F8282CADF81020CDF82110CC
S2140156E0ADF825108DF82010062B08D8DFE803F05A
S2140156F00450070760074C000D20FFF745FEA37A0C
S214015700C3F380138DF81230E368CDF81330238A83
S214015710ADF8173000231A460DF113010DF11200F2
S21401572029F01DFCE3798DF8193000238DF81A3025
S214015730ADF81E30AB79FF2212338DF81B207F2285
S2140157408DF81C201C216279AB7128468DF81D202E
S2140157502CF00EFFAB792B4403AC0C3309AE22467A
S21401576003CAB24218605960144603F10803F6D121
S21401577010681860294614482CF0E7FF4FF0804067
S214015780FBF73AFA0AB070BD0D20FFF7E9FDB6E760
S214015790D4F81230CDF82130E38AADF82530EB7914
S2140157A0063BEB71A37AC3F3C0138DF82030A6E74E
S2140157B0064B5B6A9B0444BF42F00102ADF8102021
S2140157C09DE700BFA4190500002A0020E02900205B
S2140157D070B584790C3404442379DA0702D44FF087
S2140157E0FF3070BDA37AE27A03F00F05082DF6D8D4
S2140157F0062D02D8911F1F29F1D8012D1ED10C2A82
S214015800EDD1234E736A13F0060F01D1DB0506D4E2
S21401581029F0B3FB28B929F0A7FB0028DFD02846DA
S214015820DFE7A37A96F83020B2EBD31F4FEAD31006
S214015830D5D104F11201FEF73FFDEEE7042DEED1BE
S2140158401349144A486A0240002AC8D0C96B002985
S214015850E5D08A790C3288188A5CC3F38013B3EBDF
S214015860D21F13D104F10C010622083036F025FFB1
S214015870B0FA80F4640929F080FB0028CFD1002C0F
S214015880CDD129F067FB0028C9DBA8E70024F2E7A1
S214015890E029002008000400F0B5194C606B87B0C1
S2140158A008B3A76BD7B1BE790C36FCF7B9FD022356
S2140158B0FF21BA5DCDE90431BD19D20995F823302F
S2140158C05B090393AB8B02936B8B01932B8B00933A
S2140158D0002105F1080380B22BF05DFA606BFDF73D
S2140158E009F800236363A06B38B102F0C3FE0023FE
S2140158F0A363636A23F00403636207B0F0BD00BFCD
S214015900E029002038B50D4D044600F041FFE86B54
S21401591018B102F0AFFE0023EB6300F08BFA0848E3
S214015920FEF7E2F9FFF7B8FF0448214601F0A2FAB4
S214015930BDE8384003482CF055BD00BFE0290020E3
S214015940E8290020002A0020034B586A10F00500C1
S21401595001D1FFF7D7BF7047E029002073B53C4C53
S2140159601646626A02F0010370B95BB125F0B8FE13
S214015970636A019023F001036362FFF7E5FF019874
S21401598025F0B4FE00202AE0002BFBD1930704D5B6
S214015990E36BBBB10120FFF70BFE94F8303003F048
S2140159A0FD03012B16D025F09BFE0546CEB10E2039
S2140159B0FFF7EAFC2CF08CFB42F2107202FB0600A9
S2140159C0A06211E002202CF040FDE0630028E1D146
S2140159D0072004E0FEF7C0FC0028E4D1122002B044
S2140159E070BD0E20FFF7BCFC0020FFF7CDFC636AFC
S2140159F013F0040329D1E364E38D40F27122023BE4
S214015A005343E26023612CF027FB0322B0FBF2F242
S214015A1002EB4202831A253384F86630FFF75EFDF7
S214015A202CF056FB60602065B4F8BC00002808BF67
S214015A30F520FFF781FC074B05481A681378527862
S214015A4013445B10637601F0C7F9284698E700BF58
S214015A50E0290020B0290020F8B53E4C054600F0AC
S214015A6097FEB4F8BC302BB9A36813F4601F08BFC7
S214015A70A4F8BC303748012101F0FCF9364BE3614C
S214015A80636A580426D42CF023FB0DB9E368184446
S214015A90E38DE66C1D1F40F271277D43AE4207FB86
S214015AA003F32CD2216DB4F82CC0A1F5967207FB36
S214015AB00C222189E768121A394491421FDA9B1B8E
S214015AC060609342D4BF23612261BDE8F84021485B
S214015AD001F082B9A26A6168521A002AD3DA23F069
S214015AE0010343F400436362FFF72EFF4FF080404B
S214015AF0FBF782F8FFF7EAFC0028C4D1F8BDA3F54E
S214015B00AF732361FFF7EAFCA38D226D40F271218A
S214015B1001FB03220023E364104B6260AE42226560
S214015B201A680BD3616A137B4907617E4CBF927971
S214015B3012780B4493420BDC6376C6E7636A117BEB
S214015B405B07637E4CBFD27952785B1A9342F3DAD5
S214015B506276BAE7E0290020651E0400B02900201D
S214015B602DE9F04F284CD4E90D958BB0236CAE7916
S214015B7007938B46002722218246C4E90D77FFF75B
S214015B808DFB079B0C3696331A18079205EB060811
S214015B9001F0FCFCAB5D08F10806C3F3C013314607
S214015BA00DF127008DF8273029F0F1F9636A079A7D
S214015BB0C3F380230393FF2302939DF827303946CE
S214015BC0CDE90063484608F10E03CDE904ABFCF7C6
S214015BD04DFF284602F04EFD636A23F02402DB07E0
S214015BE0626205D40120FFF78DFE0BB0BDE8F08F91
S214015BF0064B1A681378527813445B1001206376BB
S214015C00FFF72AFFF1E700BFE0290020B0290020B6
S214015C1010B525F065FD0446FFF758FC40B1074A6C
S214015C20536A23F004035362FFF78EFEFFF734FE38
S214015C302046BDE8104025F059BD00BFE0290020F0
S214015C40042808B508BF0320FF21FFF727FB42F20F
S214015C500F7200F5AF70064B904298BF42F2107279
S214015C60C3F898008CBFC3F89C00C3F89C2008BDFD
S214015C70E029002010B5114C0023C4F8A8300123F8
S214015C80C4F8A030B4F8B430ABB1B4F8BC100C48CA
S214015C902AF082FD012001F095F838B9D4F8A03039
S214015CA01A075CBF43F00403C4F8A030BDE81040F7
S214015CB00120FFF7C5BFF521E9E700BFE029002075
S214015CC0742A00207FB5284C01F060FC04F15803CB
S214015CD00FCB6D4685E80F0094F876309DF80F20BF
S214015CE063F303028DF80F2003F00F0394F8AC2042
S214015CF08DF80E200021C82029F065FFFFF714FB60
S214015D00BDF90820824205D0ADF8080001F0B6FEC4
S214015D10ADF80A00284601F0E9FC29F000F9002256
S214015D200146042029F0EBF8D4F8B0502CF0D0F955
S214015D30636AD4F8B06013F4003FA5EB000514BF06
S214015D40112010208C2D94F8A53006F5FA6105DC9B
S214015D501A4601F0EFFC012004B070BD0A46314638
S214015D6001F050FDF7E700BFE029002073B5437945
S214015D7001906FF30003437101221C2101A82CF04E
S214015D8037FC48B1144A536A43F40063536201A8CE
S214015D902CF028FB02B070BD019A104C537943F0E9
S214015DA001035371937913440C3304F11806254605
S214015DB003CDB542186059602C4603F10803F6D1AD
S214015DC028681860114606482CF0BFFC4FF080404A
S214015DD0FAF712FFDEE700BFE0290020482A00207C
S214015DE0002A002010B5124C636A1B051FD501203E
S214015DF02CF02BFB28B9BDE810404FF08040FAF795
S214015E00FBBEB4F86C3023F0600343F04003A4F803
S214015E106C30FFF7ABFF04F1240353E8003F23F493
S214015E20006304F1240141E80032002AF3D110BDD9
S214015E30E029002010B50D4CD4F8A8308BB101F044
S214015E402FF904F18C03834201D101F09FFB08482E
S214015E50002101F00FF80748FDF746FF0023C4F8BC
S214015E60A830BDE81040FFF7BDBF00BFE029002005
S214015E706C2A0020742A002010B5044601F010F99F
S214015E80844201D101F082FB084BB3F8B42032B949
S214015E90D3F8942012F4601F08BFA3F8B420FFF7CC
S214015EA0C9FFBDE810400120FFF7D6BDE02900205C
S214015EB0F7B53D4C05460E4617462CF009F994F801
S214015EC08B30022B05D0D4F884301B1AB3F5FA7F39
S214015ED02FD2364B364AEE61CDE9003294F8761071
S214015EE0D4F8843094F88820384601F059FC0646E8
S214015EF029F015F800220146042029F000F80020B8
S214015F0001F0B6FDA54209D1D4F8A83033B101217C
S214015F1004F18C0000F0AEFFFFF78CFFD4F884305C
S214015F20C4F8B03094F8883084F8AC30304603B00A
S214015F30F0BDA54209D1D5F8A83033B1012105F14C
S214015F408C0000F097FFFFF775FFD4F88430C4F893
S214015F50B030002194F8883084F8AC30284600F040
S214015F6089FFD4F88430C4F89030637E84F8A53075
S214015F70C4F8A860FFF7AAFA0E4B1B6890B1DB794C
S214015F8094F8A52094F8760093423CBF02F1FF33C3
S214015F90DBB284F8A530FFF753FE074800F01CFF7C
S214015FA00126C3E75B78EBE7E0290020555555004D
S214015FB0D6BE898EB02900206C2A00202DE9F04F2C
S214015FC091F806A00AF10C0A8BB001EB0A06894685
S214015FD00791F17A029031B1144662B9B04DD5F805
S214015FE0A830002B6BD007A82CF0FCF90027384608
S214015FF00BB0BDE8F08F337BA94D13F03F0B4FEA92
S214016000931759D16A6A012C22F400326A6206F1AA
S2140160100E0863D05FD9E01E0128E4D8B7FA87F0EE
S21401602040090028DFD003F03F008842DBDA002C6D
S21401603000F0F581042C07D1B5F86C30580754BF31
S2140160400A230E23A5F86C301BF0010F40F068827E
S214016050CDF80C801BF0020F40F05B821BF0040FA2
S21401606040F045821BF0080F07D0039A537802329E
S214016070C3F30313039285F87730012C37D1337BB2
S21401608003F0C003402B01D0802B30D100231BF03E
S214016090100FA5F88A3018BF039B6A6A1CBF03332A
S2140160A00393B5F86C3022F4003223F060036A6281
S2140160B09BB2A5F86C3039E096F80DB0A2E7337BB9
S2140160C013F03F0B4FEA9317F6D16A6A22F40032B7
S2140160D06A6206F10E08032FA5D184E7B5F86C00B5
S2140160E000F00300C01BB0FA80F0400999E76D4A42
S2140160F059F80A300092039995F856005A4629F045
S21401610055FC039B95F88A106A6A03440393B5F815
S2140161106C3023F060039BB20029CAD043F0200301
S214016120A5F86C3095F8893085F876301BF0200399
S214016130049300F05B8103988378C178069043EA64
S2140161400123A5F87A3000F112030393012C00F025
S214016150AF80059228F011FF1BF0100F0FD1059AA2
S214016160514980F00100C2F3C012C3B295F86E0027
S21401617005922DF08DFE059A002800F0AE80042CC5
S21401618000F28580022C00F22581002C7CD1022FA2
S2140161906A6A00F0CD8195F88B70002F40F0288157
S2140161A0049B93B14FF0000895F877203E4995F887
S2140161B06E0059F80AA029F069FD8146002840F0D2
S2140161C0A380B8F1000F40F0C7801BF0400F18BF46
S2140161D0039B079A1CBF1B7885F87830337B08929F
S2140161E003F03F086B6ADB0753D5002C40F0D680DE
S2140161F01BF0100F4DD14FF0FF3108A801F0DCF86D
S214016200B37985F86B30737985F8793008A808F189
S2140162100D012CF048FB0898002800F0D380C480BC
S214016220B5F86C30099003F06003202B6B6A0CBF45
S21401623043F4006323F400636B6243796FF3000356
S214016240437101221C2109A82CF0D2F9002840F044
S2140162504881099E154C7379B57943F00103737132
S2140162600FCC3544E86029616A61AB6107CCE8610F
S2140162702962A4F164006A6231462CF066FA4FF096
S2140162808040FAF7B9FCB2E6012C00F0B481002791
S21401629086E708A82CF0A6F838460BB0BDE8F08FC4
S2140162A0E0290020642A00204F2A0020482A0020E6
S2140162B050073ED4C2F3C012059228F05EFE80F06D
S2140162C00100059AB0490592C3B295F86E002DF00B
S2140162D0DFFD059A002840F08E81002A00F08D80AF
S2140162E0049B002B3FF47FAE95F87720A64995F8DE
S2140162F06E0059F80AA029F0C9FC00283FF473AED5
S2140163004FF00009C8464F4695F87630029306F1DD
S2140163100C002AF047FA069A03465146029829F0DD
S214016320B7FCB8F1000F17D1B9F1000F3FF45BAE1F
S2140163304BE7F90707F0010348BFA046BAD503F0BB
S214016340FF00002B61D10746049B002B7FF42CAF86
S214016350B8F1000F3FF439AFD5F8248028F00DFED0
S2140163601BF0100F02D0012C7FF42FAF80F001003C
S2140163708549C3B2C8F3C01295F86E002DF088FDAA
S21401638008F0800100287FF420AF00297FF42BAEAF
S21401639028F0FBFD00283FF418AF24E64FF0FF314C
S2140163A008A801F009F8B37985F86B30737985F898
S2140163B0793008A808F10D012CF075FA0898002824
S2140163C07FF42EAF01202CF040F8089000283FF40F
S2140163D00EAE25E795F88B70002F3FF4E1AE0298DC
S2140163E06A490022FFF764FD0746D9E60693ADE643
S2140163F002986749C2F34042F4E71146104628F076
S214016400C4FD00283FF4BBAE6AE7C2F30032009237
S2140164105D4B32460121002000F088FA93E7FF2009
S21401642095F8671085F86E007F2085F878004FF4A0
S2140164307F40A5F87600C1F3030001F00F019B0928
S2140164400529A5F86C30A5F87A4085F8750041D085
S21401645013B142F400326A621BF0010F40F0A080D3
S2140164601BF0020FCDF80C803FF4F8AD95F8300024
S214016470B27AB0FA80F35B09B3EBD21F08D00038CA
S21401648018BF01200399FDF717FF002855D1B27AEE
S2140164900399D00928F073FD049028F061FD049A51
S2140164A00346002A40F09580D5F8A8307BB100F06D
S2140164B0F7FD384B834200F09B803648002100F000
S2140164C0D9FC3548FDF710FC0023C5F8A830FFF7C6
S2140164D089FC88E5F179042908BF032185F8751040
S2140164E0B6E76B6A43F4006309A86B62D2E6039BC6
S2140164F00133039328F013FD4FF6FF730093CDF895
S21401650004900146204B95F86E20042028F0FFFCED
S214016510A8E5A31E022BA9D8039B063303939DE58A
S21401652095F86E30FF2B3BD006F11403039391E5EB
S21401653091073FF530AE274632E6B07A0399C00997
S21401654028F01DFD049028F00BFD049A0346A2B91D
S214016550002B44D1B37ADB09039885F87C300368B5
S214016560C5F87D30B5F86C300C4A8188918043F0CF
S2140165700403A5F86C30831DD0E76A6AD205E7D517
S2140165806BBBFE23E8E700BF4F2A0020E71F04008D
S214016590AB1F04006C2A0020742A00205D2A00200C
S2140165A0D6F80E30C5F86F302F4BB8F80410998026
S2140165B0B37A13F040031BBF42F48052012322F446
S2140165C080526A6212BF85F86E3085F86E306A6254
S2140165D0AAE76A6AD105D3D400283FF465AF95F8D7
S2140165E030300BB90223B7E7012B08BF0323B3E70B
S2140165F000F0CCFF61E76A6A079802F004036BBB00
S214016600BF0703D502F0030103290FD095F88B309D
S2140166104BB102981549C2F34042FFF749FC4FF0CF
S2140166200008074690E698461F468DE605932BF030
S21401663011FD059B08B96A6AE8E7B17A05934046F9
S214016640C1F3801100F026F9059B074698460028FD
S2140166503FF47AAE029A064BD36175E607F0010362
S2140166604FF000086BE600BF4F2A0020E71F04002A
S2140166700B20040004282DE9F74F0D4617D007D844
S21401668003286DD0294603B0BDE8F04F2BF055BC6A
S214016690431F012BF6D8831F584258410021FEF7AD
S2140166A0A7FF284603B0BDE8F04FFFF7E5BB01A8FA
S2140166B04FF000094FF0FF31CDF8049000F07CFE5A
S2140166C0019848B100F030FF0198FFF781F80828DB
S2140166D013D001A82BF086FE00F0E2FC854201D122
S2140166E000F054FF0121284600F0C4FBFFF7A2FB8F
S2140166F003B0BDE8F04FFFF7CFB8019CDFF8788014
S214016700A379D8F838700C33BE791C4428F025FCE0
S214016710E8B128F01FFC002819DB0C3607EB060B46
S214016720B85D0BF1080A4A465146C00928F029FC13
S21401673068B1D4F80E30CBF80830638AABF80C3069
S214016740A37ABA5DC3F3801363F3C712BA5500F098
S2140167501DFF94F9051098F87600FFF701FAB8E7DF
S214016760044B1B685978112003B0BDE8F04F01F0C7
S21401677095B800BFB0290020E0290020034B5B6AD2
S21401678013F0060F14BFF120E2207047E029002025
S21401679008B500F085FC054B834206D100F0F6FEF5
S2140167A0BDE80840002001F063B908BDE0290020DB
S2140167B073B5234C234801F05BF994F8673094F8DD
S2140167C0662003F00F030021C82029F0FCF9FEF72C
S2140167D0ABFDB4F96020824205D0A4F8600001F058
S2140167E04DF9A4F86200184800F080FF0022114617
S2140167F0104628F084FB66682BF06AFC0246FFF719
S214016800BDFFB61AB6F5FA6F05460ADC00F0CAFAFD
S214016810627EA0F5AF71284602B0BDE8704000F078
S21401682089BF6168019100F0BDFA637E0199A0F508
S214016830AF72284602B0BDE8704000F0E3BF00BF6B
S214016840E0290020B56B0100382A002038B500F099
S2140168509DFE00F0ADFAB0F5967F0D4C0CDDFFF70E
S2140168608DFF054600F09EFA627EA0F5AF712846C0
S214016870BDE8384000F05EBF2BF02AFCE36C62688E
S2140168809B1A0344E3640020BDE838402BF0F7BAB6
S214016890E02900207FB5104C94F8455006462DB1EE
S2140168A0013D84F84550002004B070BD0B4B0391A8
S2140168B01B680220597801F09FF894F83030039A4B
S2140168C0E06BCDE90053314603232BF00CFBE06B64
S2140168D000F0FAFF0120E7E7E0290020B0290020B8
S2140168E010B5104C636A9B0608D500F04FFE94F96C
S2140168F044100120BDE81040FFF732B904F124032B
S21401690053E8003F43F0080304F1240141E8003254
S214016910002AF3D1044B1B68BDE8104059780120CA
S21401692000F0BCBFE0290020B02900202DE9F04F7F
S2140169301F469C4B9D6BAC798BB00C34CDE9032183
S214016940021E01922A5D9DF850A008BF002161F346
S21401695045122A555A6A394602F0400350460293B8
S214016960C2F3801828F00BFB2B198146285D03F132
S214016970080B5946C00928F002FB029B0646A3B93C
S214016980A8B928F0FAFA80F00100C3B2424603F033
S2140169900103394650462DF07BFA804648B94FF040
S2140169A0000840460BB0BDE8F08F0123EEE7029BDE
S2140169B0ECE7029B002B00F0BC807A4B5B6A9805E3
S2140169C040F1EC8028F0C6FA0028C0F2E7800022E9
S2140169D01146104628F0CFFA81462E5DC6F3801682
S2140169E0B9F1000F0AD00023022128191A460844DB
S2140169F02BF04EFA2B5D60F386132B552A193B6854
S214016A009360BB88ABF804302B5D6AF3C7132B5534
S214016A10019BDBB9634A92F8B630BBB1013B82F801
S214016A20B630BCE70AF1FF32D2F1000A2B5D4AEB21
S214016A30020ABAEBD31FB2D106223946584635F0C0
S214016A403CFE06460028AAD18146E1E7564B1F6860
S214016A502BF03EFB2B19014603F10E00B847534BB2
S214016A60019A1B68002A59D15978022000F0C4FF08
S214016A70039BDF7900F014FB4D4BC361DFF824A1C3
S214016A80DAF8380000F020FF039B1B680593039B90
S214016A9038461989FEF702FC059B1844019B002B1A
S214016AA042D1033F012F8CBF0423062340F27122FB
S214016AB002FB0300039BCAF84000049A5B798AF83C
S214016AC04430DAF824308AB343F4806343F0200379
S214016AD0CAF82430029B8BB9019B7BB92B5D019AC6
S214016AE0C3F3C013594608A88DF8203028F04BFA96
S214016AF02B5D9DF8202062F3C7132B55B9F1000FCB
S214016B003FF44FAF002328191A46F1B202302BF09A
S214016B10BFF92B5D60F386132B5542E7D979002028
S214016B2000F06AFF0127A9E70223BFE723F4806389
S214016B30CCE7002E7FF476AFB9F1000F3FF472AFC9
S214016B4028F00BFA00283FF46DAF012208A90DF1D9
S214016B501F0028F018FA00283FF421AF9DF81F30D7
S214016B602A5D591E4B424B41B3EBD21F7FF417AF40
S214016B70062208A9584635F0A0FD064600287FF4EF
S214016B800EAF2A193B689360BB88ABF804302B5DC7
S214016B90DDF808906AF3C7132B5539E74FF0000963
S214016BA01BE700BFE029002028280020B02900208C
S214016BB07566010004282DE9FF471ED005D8032875
S214016BC000F0B28004B0BDE8F087431F012BF9D86E
S214016BD005384FF0010118BF0120FEF709FD2BF023
S214016BE077FA554AD36C51685B1A03440020D36484
S214016BF004B0BDE8F0472BF042B903A800244FF0DB
S214016C00FF31039400F0D8FB039870B100F08CFCC0
S214016C100398FEF7DDFD0828064603D8474B1F5CA0
S214016C2039070AD403A82BF0DDFB434B5B6A13F04C
S214016C30060F0DD0FFF70AFE0AE00728039D0ED1C6
S214016C4022463D482946FFF7B9F90446002CECD008
S214016C500121084604B0BDE8F047FEF7C9BCDFF8DD
S214016C60D880D8F8244014F0040010D017F00200A1
S214016C700DD0AA790C322A440120917AC1F38013EF
S214016C800093C1F3401102F10C03FFF74FFED8F851
S214016C902430DA07044643D595F8069009F10C0925
S214016CA003F0800AA94428F068F999F80AC080F030
S214016CB00100BAF10002C3B218BF012209F10C01AA
S214016CC0CCF380102DF0E4F810B3ACB9D8F824302A
S214016CD098072ED5F90715D528462BF0BBF904469B
S214016CE050B1A8790C3028440C3010F8021CC1F3BE
S214016CF08011FFF7CFFD0446042E03D1D8F82430C7
S214016D009A070DD57B070BD52846FEF7C3FC9DE7F2
S214016D10BAF1000F04D1514628F037F90028D4D033
S214016D20284601F0A7FC91E704B0BDE8F047FFF75D
S214016D30D7BD042EE6D1F3E7E0290020AE19050001
S214016D400528044B08BF03200622013802FB003049
S214016D50704700BFB819050010B5074C2368DA065E
S214016D6007D523F01003236018B9A168012028F085
S214016D70C4F80023A36010BDA02A0020014610B568
S214016D800446022028F0B9F8054B1B68D90305D440
S214016D9063691A075CBF43F00403636110BD00BF5B
S214016DA0A02A0020014BD868DC387047A02A0020B2
S214016DB010B5034BDC682BF08BF9DC3C201A10BDB8
S214016DC0A02A0020034B1B6813EA004314BF0120CE
S214016DD000207047A02A002038B5002303604369CD
S214016DE0044658070DD5204650F8081FC90C01F473
S214016DF0FC7141F00501FCF723FF636923F00403EE
S214016E0063616369D90602D52BF062F960601848A0
S214016E10024652F8043F8BB92360146083684BB175
S214016E20617E5A7E914219D26269D2060ED5002041
S214016E30FFF792FFBDE838402AF052B959686568F5
S214016E40491B0029E8DA1A461B68E4E75A681B69F9
S214016E50134462689B1A002BECDBE8E71A895B682F
S214016E60D31A62681344E268D342E3D5DFE700BF72
S214016E70A02A002038B50B4DAB680446A34208464D
S214016E8001D1FFF769FF6B68074A1BB1A342196876
S214016E9004D11160BDE838402AF022B91A460B46E3
S214016EA0F3E700BFA02A0020A42A00202DE9F3471B
S214016EB0754D2B68580700F1DC80AB68002B40F05D
S214016EC0D88055E8003F43F0040345E80032002A25
S214016ED0F7D16C683CB32BF0FBF8D4E904370646CF
S214016EE017F0100FA06805BF616882B216FA80F22B
S214016EF08A1A16BF6260921B0022F90723D4002A61
S214016F0009DAE168591AD1421FD4626816FA80F08C
S214016F1013441B1A60602068D4F80480B8B9DC33C7
S214016F204344C5E9024355E8003F23F0040345E81E
S214016F300032002AF7D1AC68002C67D102B0BDE858
S214016F40F04700F089BB002AE5DA204652E04169A5
S214016F500289D0F804E0CF0648BF06EB020E11F016
S214016F60010C08BFD0E90371AEEB020206BFC91BD4
S214016F708918114608EB03077F1A002F2ADDBB424A
S214016F8005D9E768A1EB0801DC378F423CD9D4F874
S214016F9014A01AF0010F1FD12169D0F80C90E768F0
S214016FA04144B4F80880A1EB0901A1EB0801A1EB6B
S214016FB00E01DC37B9420FDD971BBCF1000F03D180
S214016FC00169A1EB09010F44002F05DBC0F804E0BD
S214016FD04B46044600689FE7477E617E8F42F9D2A2
S214016FE0921BBCF1000F03D1D0E903135B1A1A44BC
S214016FF0002A02DAFFF7C2FE6BE71AF0100FA4D0E0
S214017000C368C0F804E0E4E70B46E3E7A36813F4BB
S214017010601FC3F3C2462FD100262B6843F010032E
S2140170202B602146002027F068FF16B3A36813F4EF
S214017030601F04F10800C3F3C841C3F3C24508D07A
S214017040013DEDB201F4FC7129430190FCF7F8FD16
S214017050019801900321FCF761FE01980DB9FCF738
S21401706043FEA268237E1344120C9BB21204134300
S214017070A36002B0BDE8F08704F10800FCF7EEFD5E
S2140170800028C9D1C9E700BFA02A002008B5034BD4
S214017090996809B127F031FF08BD00BFA02A00207A
S2140170A0014B9868704700BFA02A00200A4B70B5B4
S2140170B09C6884420FD12146012027F01EFF666896
S2140170C025892BF005F8AD1BC54221464CBF002093
S2140170D0022027F012FF70BDA02A0020024BDB6BB6
S2140170E003B11847FFF7D2BFF813002010B5064AC0
S2140170F0C043131D53E8003F0340141D44E800310C
S2140171000029F6D110BD00BFF813002010B5054ABE
S214017110131D53E8003F0343141D44E800310029C2
S214017120F6D110BDF813002007B50C4B10F0020F76
S2140171301B88ADF804304FF002000BD0FFF7E6FFD6
S2140171408DF80400064B01A9986A34F0C7FD03B018
S2140171505DF804FBFFF7CAFFF4E700BFD01905008E
S214017160F813002013B5144B04465B88ADF80430C1
S21401717040F20140FFF7BAFFE30503D54FF4806004
S214017180FFF7C4FF04F00F0001280CD0022810D02E
S21401719010B901238DF80430084B01A9986A34F020
S2140171A0B3FD02B010BD04238DF80430FFF7AEFF27
S2140171B0F2E78DF80400EFE7D0190500F813002078
S2140171C0F0B5124C85B00E46022300270546A06A8C
S2140171D0E372CDE902771BF061FE304602958DF829
S2140171E00C702AF068FF0090617AA06A02AB3A46FA
S2140171F01BF08EFE044628B9024633460121284676
S2140172002AF055FF204605B0F0BD00BFF813002058
S21401721070B582B019460446444D0193104600925B
S2140172202AF04BFFDDE9002320462AF04BFFD5E983
S214017230062300EA020401EA030654EA060314D010
S214017240630104F0806012D56B6819061DD4384BB3
S2140172502340002B39D1374A06F02003224013433E
S21401726057D1204631462AF024FF02B070BDA4F162
S2140172700803334316D0A4F10C03334310D0231F65
S214017280334331D12AF01BFFEBE72B1D53E8003FB8
S21401729023F08003291D41E80032002AF5D1E4E7F6
S2140172A02AF00CFFEB7A012B25D16A6812F0010F48
S2140172B06A8C18BF03230132EB726A840420FFF73D
S2140172C00DFF01202AF0FAFECBE7EB7A012B12D153
S2140172D06A6840F2014393430CBF03230023052051
S2140172E0EB72FFF7FBFEBCE704F17F433343AED1FD
S2140172F0EB7A022B03D004202AF0C5FEB1E76B68B7
S2140173009A070ED50423EB722B8C013303202B84B2
S214017310D5E70420FFF7FAFE4FF00060F9F76CFCA2
S2140173209FE713F02003EFD1EDE700BFF81300202D
S214017330015001000DD50155014B986A704700BFF9
S214017340F813002010B5064CA06A34F0EBFD28B9FE
S214017350A06A34F0E9FD00F0010010BD0120FAE753
S214017360F8130020014B986A34F0E0BDF8130020B2
S214017370024B5868C0F34020704700BFF813002046
S21401738010B504464FF40070FFF7B0FE094B986A3B
S21401739034F0CEFD30B154B14FF40070FFF7B6FEB5
S2140173A0002010BD002C0CBF00200C20F9E7204661
S2140173B0F7E700BFF81300202DE9F04F0468594D98
S2140173C089B006468846002C48D0A77920460C3757
S2140173D02BF0B0F927440A383C89B8F1FF3FA4EBFB
S2140173E0000402D04445A8BF4446B5F83890B0EB37
S2140173F0090713D4002C0EDD6D6B36683D44FF2C57
S214017400224629463046A8BFFF222AF0CEFF241A7C
S21401741036680544F3D109B0BDE8F08FA9EB000941
S214017420296BD6F800A0A145A8BFA14601EB000B29
S214017430C846B9F1000F0DD04246FF2A59465046BC
S214017440A8BFFF222AF0B1FFB8EB0008DAF800A0C7
S2140174508344F1D1A4EB09044F44CBE7A86A03AAFD
S214017460032134F0C0FCBDF80E700294A146E86218
S2140174700A3702AC09E023601B682B602368C3F857
S21401748000902368002F1C4611DD2B68453F002B1A
S214017490F1D101202AF0D9FF034620600028F1D15E
S2140174A0019002A82AF09EFF019B3360B3E72B1DD3
S2140174B053E8003F43F008032A1D42E80034002C3D
S2140174C0F5D14FF00060F9F797FB0298BDF8102050
S2140174D0437943F001034371069B30606B63059B60
S2140174E02A872B638379BDF80E200C3303441C7165
S2140174F01A819DF80C20297A9971072ADC711FBF21
S214017500AB8C0133AB846B8C0ABF012203F1FF33D2
S2140175101A714FF00A0118BF6B842AF03BFF3468DA
S21401752053E700BFF8130020F0B58779164E0C37E5
S21401753087B0C4196A460546D6E90A0134F057FCF5
S2140175402389B06A03336946ADF8043034F051FC40
S214017550009BEB519DF90E00FDF7DEFE6071B37ADC
S214017560022B02D8E37107B0F0BD9DF81130012B54
S21401757004D0022B04D02BB90423F3E70323F1E74D
S2140175800123EFE70023EDE7F813002038B50E4C92
S214017590E37A23B10022114610462AF087FD002522
S2140175A02846E5722AF08AFDA06A0122032134F0FA
S2140175B036FBA06A2A46012134F01DFCBDE838409E
S2140175C08020FFF793BD00BFF813002008B5FFF732
S2140175D0DDFF044AD38C0133D3840620BDE808407E
S2140175E0FFF77CBDF8130020F7B51A4E73685907EC
S2140175F004D50420FFF77AFDFFF7E8FF73681A0742
S2140176000FD524F06DF8134C0546052723681BB9E2
S21401761001202AF01AFF20602468B4B9284624F015
S21401762065F87368DB0613D51020FFF75FFD03F0DE
S21401763041F868B124F054F80190FFF7C7FF0198AC
S21401764003B0BDE8F04024F051B8013FDED1E5E7D4
S21401765003B0F0BDF813002010B50022084C104608
S21401766011462AF023FDA06A1BF018FC2AF029FD1A
S21401767020462AF0B7FEBDE810400820FFF736BDC9
S214017680F8130020014B986A34F08EBCF8130020E2
S21401769038B5154CA37A8342054610D0431E042BF9
S2140176A008D8DFE803F0030D11161800A06A1CF0D5
S2140176B0C1F820B92846A572FFF742FB606138BDC4
S2140176C0A06A2AF007FDF4E70121A06A2AF004FD6A
S2140176D0EFE70321F9E7FFF74BFE0028EAD0A06A9F
S2140176E0FFF7D0FFE5E700BFF813002073B50446A7
S2140176F00F4D408900F030FBA07B28722AF0AEFCCB
S2140177006872E07B002600F00F00FFF7C1FFD4E9A6
S2140177100021A37BA86A009634F06BFC3246314602
S214017720304627F0ECFB20682AF0CAFC02B070BD98
S214017730F8130020F0B585B00023184E00938DF89D
S2140177400C30C0F3401301278DF80E30C0F3001340
S21401775004461546F7728DF8047002918DF80D30C7
S214017760FFF700FD20B104202AF08DFC05B0F0BD26
S21401777028462AF0A0FC717A03466A46B06A1BF0D6
S214017780D3FB2A460646C4F3801138462AF08EFCFF
S21401779027F0B6FB002EE9D0E5E700BFF81300207E
S2140177A0F0B5174C85B00746104622722AF056FCF3
S2140177B01646607202460020CDE902600B980190E1
S2140177C00D460A9800900139C9B2A06A1CF03EF82D
S2140177D006462846A572FFF7B3FA01256061E572F1
S2140177E016B1002005B0F0BD3846FFF7BBFCC0B2AD
S2140177F00028F6D18020FFF789FC2846F2E700BF73
S214017800F81300202DE9F043234D85B004460E46BB
S2140178109046002110224FF0010968461F4685F860
S2140178200B9034F082FFA86A1BF038FB00238DF81A
S2140178300430E3060096CDF8088005D56B691A88F2
S2140178408DF80D904244029200238DF80C30384694
S214017850C4F340138DF80E302AF02DFC697A0346E6
S2140178606A46A86A1BF060FB28B104202AF00BFCCC
S21401787005B0BDE8F0832046FFF774FC3B4605469D
S214017880C4F38012012130462AF011FC27F038FBA0
S214017890002DEDD0E9E700BFF8130020094B10B525
S2140178A001220C46DA72FFF75DFC10B104202AF0C3
S2140178B0EAFB2246002101202AF0F8FB27F020FBF4
S2140178C010BD00BFF813002070B5044627F019FB61
S2140178D0A179E279114E521A0C3105460123B06A9C
S2140178E0D2B2214434F079FAE079A379C01A55FA74
S2140178F080F524680CB9356170BDA179E279B06A6A
S214017900521A0C310023D2B2214434F066FAE379DC
S214017910A2799B1A55FA83F5EBE700BFF81300200E
S2140179202DE9F84305460C461646984627F0E9FA2F
S214017930A979EA79DFF87490521A0C3107460123C7
S214017940D9F82800D2B2294434F047FAE879AB795D
S214017950C01A57FA80F70CB3E379A2799B1ADBB207
S214017960B3421FD3B8F1000F18DDA179E579D9F834
S21401797028006D1AEDB2AD1B454501F10C01A8BFFB
S2140179804546314421440023AAB234F026FA24683D
S2140179902F44A8EB05080026002CE3D1C9F8107087
S2140179A0BDE8F8832468F61AD5E700BFF81300206F
S2140179B073B5104E02230D46F372FFF7B5FB04466E
S2140179C028B1042002B0BDE870402AF05CBB28460E
S2140179D02AF071FB2A460190214601202AF066FB17
S2140179E0019B717AB06A22461BF084FA0028E8D11E
S2140179F002B070BDF8130020084B10B502220C46E9
S214017A00DA72FFF791FB10B104202AF03CFB224604
S214017A10002101202AF04AFB10BD00BFF813002008
S214017A20014B187B704700BFF813002058B1094A74
S214017A30134652F8041B51B9074A9B1A9B10074A72
S214017A40013B13737047054B01221A73704781423D
S214017A50EED2F1E7D8190500D4190500F813002075
S214017A60024B1B6803B11847704700BFB02A0020BD
S214017A70014BD863704700BFF813002073B50F4B56
S214017A800F4E9B7DFF2B044615D1ADF80400002355
S214017A90B06A8DF803300DF1030201A91BF086FED2
S214017AA09DF80350B06A22462946F5F743F940EAA5
S214017AB0052002B070BD034B1D78F3E72C31002082
S214017AC0F81300204431002082B0054BADF80400C5
S214017AD0C2B2C0F30721986A02B0F5F7A3B900BF96
S214017AE0F813002010B50D4C0021A06A34F0DCF824
S214017AF00B49A06A34F045F9FE21A06A34F02EF94C
S214017B00A06A1BF073FC074BB3F910208242C8BF72
S214017B1018821A8A9A805A8ADA8010BDF8130020D1
S214017B20443100202C310020F0B585B0174CADF85B
S214017B300630C823ADF80000ADF80420ADF80830D3
S214017B40ADF80A306A468223B4F91000ADF8021087
S214017B50ADF80C30ADF80E3002AD0421134632F903
S214017B60026B8642C8BF22F8020C35F9026B32F965
S214017B70027CB742C8BF22F8026C0139EFD103CBB1
S214017B80034BA060596005B0F0BD00BF2C3100204A
S214017B903431002073B50646F5F7BCF9344D036859
S214017BA02B608388334CAB80FF2E4FF00003A3700D
S214017BB0238008BFA6752B782F4E8DF8013018BF8D
S214017BC0A3750DF10303B06A0DF102020DF1010177
S214017BD034F0A3F99DF8013040B90133DBB2022B32
S214017BE08DF80130EDD9012002B070BDA27DFF2ACB
S214017BF000D0A3758DF805302B709DF802308DF8F6
S214017C0004300198FFF760FFC828C4BFC823238249
S214017C109DF803308DF80430D8BF20820198FFF715
S214017C2053FF10F5FA7FB4BF4FF60C636082B4F9C8
S214017C301000B8BF6382FFF721FFADF8040001987A
S214017C40FFF742FF2082B4F91200FFF717FFADF8E5
S214017C5004000198FFF738FF4FF6FF73A3826423F1
S214017C6060821A4618461946FFF75EFF0020BBE7FA
S214017C70443100202C310020F8130020034A03462B
S214017C80B2F906000BB1FDF74FBB70472C3100204F
S214017C90084B10B5B3F9044030B903EB4103B3F90F
S214017CA006309C42A8BF1C46A242A8BF22461046E8
S214017CB010BD00BF2C310020014BB3F912007047F4
S214017CC02C310020014BB3F9100070472C310020F5
S214017CD073B50F4D064623F003FDB5F91230B342D6
S214017CE0B8BF334604461846B5F910309842A8BFC7
S214017CF01846FFF7C3FEADF804000198FFF7E4FE4F
S214017D00E880204602B0BDE8704023F0EFBC00BF1B
S214017D102C31002073B50F4D064623F0E1FCB5F972
S214017D201030B342A8BF334604461846B5F91230A0
S214017D309842B8BF1846FFF7A1FEADF804000198B7
S214017D40FFF7C2FEA880204602B0BDE8704023F0CF
S214017D50CDBC00BF2C310020F0B5C0F3072585B09F
S214017D60FE2DADF8040027D0144C9DF8047023F0C6
S214017D70B7FC637DAB4206460ED0114B18689B8854
S214017D80ADF80C300F4B029002A9986A8DF8085096
S214017D9033F0F7FFFF232375237DBB4206D0094B43
S214017DA03946986A33F0DAFF27756575304605B0AF
S214017DB0BDE8F04023F09ABC05B0F0BD2C310020A0
S214017DC044310020F81300202DE9F047DFF84490F5
S214017DD086B007460E4614460DF10808A9F1100AAA
S214017DE0CDE900980B4B3A468021504624F0DDFB46
S214017DF00028F5D1102C254628BF102530462A46E6
S214017E00414634F06AFC641B2F442E44E8D106B088
S214017E10BDE8F087403A002030B589B02022694697
S214017E200D4DFFF7D1FF6A4604AB144603CC9C42C6
S214017E3028606960224605F10805F6D1074C08ADB1
S214017E401A4603CAAA4220606160134604F1080478
S214017E50F6D109B030BD00BF303A0020403A0020CC
S214017E6010B588B06946202000F020FE044630B9DF
S214017E706846FFF7D1FF034B012283F820202046F6
S214017E8008B010BD303A002070B5134B93F820307F
S214017E908CB005460C460BB9FFF7E2FF0023CDE98F
S214017EA00033CDE9023354B91C22214605A80494B7
S214017EB034F03BFC04A8FFF7AFFF0CB070BD102CEC
S214017EC0264628BF1026294632466846FFF77CFF1D
S214017ED03544A41BE7E700BF303A0020094A516841
S214017EE0C84390FAA0F048B1B0FA80F0042805DC47
S214017EF0012383400B43536040B270474FF0FF307D
S214017F00704700BFD02C0020034B04480021C3E972
S214017F100011282234F009BCD02C0020D82C0020D7
S214017F2013B50190FFF7DAFF054B0199044600B23D
S214017F3003EBC0002AF04EF9204602B010BD00BF88
S214017F40D82C002010B5C4B2042C14D80A4B03EB6D
S214017F50C000043050E8003F0B4340E80032002ADE
S214017F60F8D101220549A24051E8003F134341E8F8
S214017F7000300028F8D110BDD82C0020D02C0020CD
S214017F80F7B51B491B4A1C4C01250826042708681F
S214017F9010B3137805FA03F318421FD0DB4351E8F8
S214017FA0000F184041E8000CBCF1000FF7D1137820
S214017FB016FB0373234453E8000F43E800CEBEF1DB
S214017FC0000FF8D1019048B110780C4901AA04EBD2
S214017FD0C0002AF03BF9012003B0F0BD13784868D1
S214017FE083423ABF0133DBB200231370CFE700BFF1
S214017FF0D02C0020513A0020D82C0020785634127C
S214018000024B1868003818BF01207047D02C00209A
S21401801010B5044623F064FB074B1B684BB1DB68C5
S2140180201B1B002BCCBF0024012423F05FFB204642
S21401803010BD1C46F9E700BF042D002038B50546E3
S21401804023F04EFB094B1A684FF0FF341AB923F0A0
S2140180504DFB204638BDD2E903310B445B1B23F0B0
S21401806000439C42526828BF1C46EFE7042D0020BF
S2140180702DE9F3470C9F9DF82C900D469846114626
S214018080064608B103687BB937B12846B84740F2BF
S214018090034002B0BDE8F0870029F8D0002DF6DBDA
S2140180A0084600F07FFCF2E7019223F019FB8246B6
S2140180B0484600F0F3F90446504623F017FB0199B1
S2140180C064B91FB12846B8471A20E2E70029FBD059
S2140180D0002DF9DB084600F065FCF5E784F81890FA
S2140180E0DFF874900A9BA5600025C4E907876161E3
S2140180F0266023616560D9F80030984708EB0006D2
S21401810023F0EEFA07461248E66003681A4632B1D3
S214018110D168891B002913DBD1688E4210D09DB926
S21401812063600C4B04601C682CB1D9F8003098478A
S214018130FFF784FFA047384623F0D8FA0020A8E7C7
S214018140516815460A46E2E76A6862606C60F2E7C3
S214018150042D0020142D00200C2D00202DE9F74FB2
S214018160DFF8949000900C4690461D4623F0B8FA2E
S214018170DFF888B0D9F800A006460027BAF1000F4C
S21401818005D1304603B0BDE8F04F23F0AFBADAF8B8
S2140181900020009B9A421FD134B1DAF808202168EA
S2140181A022F000428A4217D185B9DAF80420BFB915
S2140181B0104BC9F800201A68019292B1DBF8001042
S2140181C08847FFF73BFF019A90470AE0DAF8140068
S2140181D04146A8470028E8D05746DAF804A0CDE77C
S2140181E07A60DAF804200192504629F09CFF019A41
S2140181F09246C3E7142D0020042D00200C2D0020EC
S214018200014B1860704700BF142D002070B50B4B52
S21401821004460E4615461978094A0A482AF02FFCE4
S214018220094A00231360094A1660094A2421156089
S21401823007202246BDE8704000F0B2B86A3A002036
S214018240F8190500523A0020042D00200C2D0020BC
S214018250102D002030B587B004461846002305933C
S214018260094B1B680D4613B9212007B030BD05A97F
S214018270039298470028F7D10090059B039A294658
S214018280204629F08BFFF0E7102D0020F8B50546B3
S21401829010200F46164600F065FB0A4B0446187878
S2140182A018B1102221462AF0EDFB44B10123E36008
S2140182B02B682360C4E9017600202C60F8BD1A20E3
S2140182C0FCE700BF523A00202DE9F843254FDFF8BE
S2140182D0A480254D38603868FFF79AFE30B9234BE5
S2140182E01B689847BDE8F843FFF7A8BE23F0F8F9E6
S2140182F0D8F80040064674B16368C8F800301C4BD5
S214018300D3F80090B9F1000F05D0184B1B689847B9
S214018310FFF794FEC847304623F0E8F92C60002C9E
S214018320D9D0A36833F0004305D1286829F0FBFEB5
S21401833000232B60CFE72368002BF6D018680028AF
S214018340F3D0A26832F00043EFD0D0E90069636948
S21401835021688068C8470028E7D1002EE5D030465E
S214018360EFE700BF082D0020002D00200C2D002077
S214018370142D0020042D002038B505460C4623F0A8
S214018380AFF9064B1B683BB1DA692A601B692360AB
S214018390BDE8384023F0AAB92B60F8E7002D00208D
S2140183A02DE9F74FDFF88C90DFF88CB009EB00155C
S2140183B003314FEA001A4FF6FC770F400024DBF832
S2140183C0003029F80A7080466A80EC6002FB07F0EC
S2140183D01646984717FB06F39BB268602B8110B3CD
S2140183E00093124A9BF8041052F8282003461048BE
S2140183F040442AF045FB21462A89686834F095F9FD
S214018400214623469E4206DCD1440020A9F802609C
S21401841003B0BDE8F08F6A68E86850505418EC6005
S21401842001333944EEE71A20F2E700BFF81A0500D7
S214018430533A002080260020182D002070B50B4EE0
S21401844006EB00150446696839B1094B2A89185CA0
S2140184502AF017FB686800F0A5FA06EB0410102254
S214018460BDE87040002134F060B900BF80260020CE
S214018470533A0020044B19601A71986002010021DA
S214018480024834F052B900BF182D00208026002083
S214018490014B185C704700BF533A002070B50A4C78
S2140184A004EB00130601DD68084B185C18B1A25BEB
S2140184B029462AF0E7FA2DB134442B68E360638835
S2140184C0013B6380284670BD80260020533A002079
S2140184D0024B03EB00108078704700BF8026002017
S2140184E0094B03EB001310B45A88DC680C600132A8
S2140184F0D9605A80054B185C18B15DF8044B2AF018
S214018500C2BA5DF8044B704780260020533A00201B
S214018510044A010102EB0013505A10B11B89B3FB48
S214018520F0F0704780260020F8B5194B9B689842FA
S21401853005460C4628DA39B3164B03EB0016010143
S21401854072681AB35B5A3289B2FBF3F20732D20869
S214018550FF21201D34F0E9F8F36801271BB92570C7
S21401856063801846F8BD726831889A1A92FBF1F258
S21401857004EBD20002F00702017907FA02F221EABF
S214018580020202711B68E9E72120EBE71120E9E707
S214018590182D002080260020F0B538B331B30378BB
S2140185A0134A4FEA031C02EB03134FF0010E1C891A
S2140185B0438832F80C70B4FBF7F4A34201D32D20A4
S2140185C011E000EBD30603F0070536790EFA05F540
S2140185D02E4203F1010507D06244526803FB0723CC
S2140185E00B6045800020F0BD2B46E6E72120FAE728
S2140185F080260020174B37B500241C70164B174DEC
S2140186001C60174B2C6020461C706C60AC60FFF73A
S2140186107FFF80B2A0F10E036B80A0F1140301303E
S21401862068812046EB80FFF733FF0E4C0190014630
S2140186300D4A601C2AF023FA01990C4A20462AF0BA
S2140186401EFA0B4A0199A01C03B0BDE830402AF07F
S21401865016BA00BF643A0020242D00204A310020BB
S214018660683A0020653A00203C1B0500451B0500C2
S2140186704F1B050070B5044680B323F031F86379CB
S2140186806FF382036371237913F01006054605D054
S21401869010232371BDE8704023F028B803F00303CC
S2140186A00F4931F82320013A21F82320304621468C
S2140186B0FFF716FF0B4B0C4E1C681CB90A4B2846DD
S2140186C01C70E7E7237A1BB933781BB92468F4E7F3
S2140186D0012BFBD1636820469847F7E770BD00BFC2
S2140186E04A310020242D0020643A00202DE9F04F65
S2140186F00546680748BF05F0F70589B0DFF8B08181
S214018700039205F00306019122F0EAFF08EB8603C7
S21401871038F826205B889A4205F0EF0B81464FEA2F
S214018720860738D20020FFF7B9FE044678B338F83A
S2140187302630013328F82630484622F0D7FF002C91
S21401874072D129071BD515F0E003029317D04744D1
S21401875022F0C6FF7B8838F82620DFF854814F4F79
S2140187609A422CBF00230123009322F0BFFF08EB9F
S2140187708603A14604934A4B1B7899450DD385F091
S21401878004005946C0F3800000F0D0F87BE0454B6A
S21401879001221A70D0E70024CEE73B78029A1A42EB
S2140187A004D0D7F804A0DAF800301BB909F10109A2
S2140187B00837E0E7079300215A79D2074DD51A7991
S2140187C050074AD50098002843D001B10793504678
S2140187D029F026FE0179079007A8009129F002FEEC
S2140187E00099002000F0A2F822F07AFF049B38F8E6
S2140187F026105B88994234BF01230023024600936A
S2140188000BD200200592FFF749FE059A079050B358
S21401881038F82630013328F82630104622F066FF55
S214018820079B002BBFD01C46002363602360A36018
S2140188306379039984F804B043F004036371019BE0
S214018840A3711944E17122F04BFF174B07461D68CF
S21401885014E002F003029642B7D09A461B68012143
S214018860002BA9D19FE70F4B01211970D5E72B7A71
S214018870012B02D16B68284698472D68002DF6D14A
S214018880384622F033FF094B985D18B14522214640
S2140188902AF0F8F8204609B0BDE8F08F282D002010
S2140188A0683A0020643A0020242D0020653A002012
S2140188B04A31002010B5044622F012FF034B1A6815
S2140188C022601C60BDE8104022F010BF242D00205D
S2140188D010B5064B1A78541C1C70054B00F0E000CE
S2140188E003F8320003EBC203596010BD683A00205A
S2140188F0282D0020014B00221A607047402D0020D1
S21401890010B5044622F0ECFE074A13682BB9146032
S2140189102360BDE8104022F0E9BEA34202D01A4609
S2140189201B68F3E710BD00BF402D0020064B70B555
S2140189301C6805460E4604B970BD63683146284674
S21401894098472468F7E700BF402D0020024B034AF2
S214018950197803482AF093B8693A00205C1B050091
S2140189606A3A002013B5033020F003021046019244
S21401897024F0DDF90A4B019A0446187818B121460D
S2140189802AF080F8019A34B911460220FFF7CEFF8B
S214018990204602B010BD0021204633F0C6FEF7E7A0
S2140189A06A3A002010B5044628B1054B187810B174
S2140189B021462AF068F82046BDE8104024F0E7B9C1
S2140189C06A3A002038B50B4C0B4B206800251D7009
S2140189D028B125F087FE2068FFF7E4FF2560074CE5
S2140189E0206830B126F0EBF82068FFF7DBFF0023A4
S2140189F0236038BD442D00206C3A0020482D00200D
S214018A00F0B5234E337885B0002B3FD1214B224F52
S214018A10224A1978224C38462AF031F824F06AF9AD
S214018A200390FFF79FFF014620603878039A08B14C
S214018A302AF028F8236883B124F05EF90390FFF743
S214018A4091FF184D039A28600146387808B12AF03C
S214018A5019F82B681BB9FFF7B5FF1A2011E020683B
S214018A6025F033FE2868F7F779FD00232A680E49BA
S214018A702068009325F04AFE28B1FFF7A3FF40F2D5
S214018A80074005B0F0BD01233370FAE70020F8E790
S214018A906C3A00206A3A00206B3A0020661B0500FB
S214018AA0442D0020482D00200FEC03000D4B1B78B1
S214018AB013B502460C465BB10B4B2146186825F0F0
S214018AC0C8FE002840F2074008BF002002B010BDD3
S214018AD0019006490648FFF793FF019A0028EBD05C
S214018AE0F4E700BF6C3A0020442D0020EFBEADDE57
S214018AF0BEBAFECA0149024829F06CBBC410002068
S214018B00A42D00200A4B1022DA8228216422C3E910
S214018B1006124FF6FF721A8402225A60002283F868
S214018B202B200F2283F82D0083F82C20704700BFDE
S214018B304C2D002038B502F041FF40B9094B1A68A8
S214018B4093F82A102832034638248B4200DB38BDBE
S214018B5004FB03F55559ED0601D40133F5E7012071
S214018B60F5E700BF4C2D002013B5114C94F82B30BF
S214018B70DBB1626812F0010217D104F1080001921C
S214018B802AF083FEFFF7D6FF019A70B194F82C30D5
S214018B9008484EF660214B434FF48271FFF75AFBAB
S214018BA018B9636843F00103636002B010BD00BFEB
S214018BB04C2D0020A42D002022F00042052A10B5DD
S214018BC00DD0B2F5827F14D0032A06D1114A53681C
S214018BD023F00203536002F001FF002010BD0D4A8E
S214018BE01B88118D99424FF00000F7D110850120A6
S214018BF0F4E7084B5A6893F82B4022F00102012C47
S214018C005A60F4D102F016F9FFF7AEFF204602F0E3
S214018C108DFFECE74C2D0020004870475B2D0020AF
S214018C20054B93F82B0003F108020F3301280CBF04
S214018C3010461846704700BF4C2D0020F0B48279CC
S214018C4012F0280F03462AD0164A0168C2F80F1000
S214018C508188A2F81310817951754FF0380C0021E4
S214018C6092F82A00884207DC536843F00403F0BCFC
S214018C705360032002F05ABF17680CFB01F6BC19BB
S214018C80A56A15F4404F08D11868B85145F0080593
S214018C909E889879A071A680A5620131E0E721201F
S214018CA0F0BC70474C2D00204379024A9B09D05CEA
S214018CB0704700BF8E1B05000B6810B503608B88DC
S214018CC08380FF2A044602D10723A37109E0032A01
S214018CD008D8054B9B5C8371072B02D1FFF7E4FF95
S214018CE0A07110BD0023F0E78A1B050010B50B68C4
S214018CF003608B888380FF2A044602D10723A37171
S214018D0010BD052A0FD8094B995C8171CB0605D594
S214018D10FFF7CAFF81421CBF0023A371204629F03A
S214018D20E3FE0028ECD10023E9E700BF741B050031
S214018D308379024A03F00703D05C70477A1B05006B
S214018D4010B582798B79094C02F0070203F007030C
S214018D50A25CE35C9A4206D1062233F0AEFCB0FA7E
S214018D6080F0400910BD0020FCE700BF821B050013
S214018D70F7B504460C2016460F461D46FFF7F2FDD2
S214018D80024620B908A829F02DFB03B0F0BD204605
S214018D9040F2035150F80C3B93F86C301370089B6B
S214018DA09360054B57801671D5800193002300937D
S214018DB029F0FDF9E9E700BF6F390400F7B504466D
S214018DC00C2016460F461D46FFF7CCFD024620B97D
S214018DD008A829F007FB03B0F0BD204640F2015178
S214018DE050F80C3B93F86C301370089B9360054B5E
S214018DF057801671D58001930023009329F0D7F987
S214018E00E9E700BF6F39040070B50A4E0D46318898
S214018E1004462BF0AFF933886189AB4228BF2B4655
S214018E20172BB8BF172363812046BDE870402BF08F
S214018E3032BC00BFFE1200202DE9F04385B0044687
S214018E4003912BF041FC039883790C33C518C75C5A
S214018E5029F070FC1E2F804615D8012F34D9BB1E71
S214018E601C2B31D8DFE803F01330133013301330E6
S214018E7013301330133013301330303013301330B7
S214018E8030303030130007F07F03522B1CD1039E85
S214018E90304696F8069029F04DFC628983B29A42D4
S214018EA024D217F001020AD107F07F03522B06D015
S214018EB01E2F04D00423394620462BF047F903A879
S214018EC029F090FA21260AE0062300223946204698
S214018ED02BF03CF903A829F085FA41F20616204644
S214018EE02BF0F7FB304605B0BDE8F0834E44013B5E
S214018EF0327B1E2A9BB241D8012AD2D9023A1C2AB9
S214018F00CFD801A151F822F0998F0100A38E01005C
S214018F109D8F0100A38E0100938F0100A38E010097
S214018F20898F0100A38E0100998F0100A38E010095
S214018F309D8F0100A38E0100A18F0100A38E010069
S214018F40898F0100A38E0100D18F0100A38E01003D
S214018F50A38E0100A38E0100D58F0100A38E010010
S214018F60D98F0100A38E0100A38E0100A38E0100FC
S214018F70A38E0100A38E0100DD8F0100522A27D0A7
S214018F80D22A8ED10D2B05E0062B0FD0142B88D1BB
S214018F900CE0052B85D909E0022BF8E7042BF6E750
S214018FA0032B7FF67EAFD9073FF57BAF022F1FFA63
S214018FB088F900F0AB8023689E6816F4007640F0CE
S214018FC0068104F1440029F00DFA039B636486E7E9
S214018FD0012BDFE7032BDDE7012BD8E7002B7FF41E
S214018FE060AFE3E720462BF002FC064600283ED1A0
S214018FF020462BF0F7FB002839D007F07F03522BD1
S21401900000F08980082F27D1B9F1150F0CBF102069
S2140190100220691D2BF0D1FBF0B16369DA0749BF65
S21401902023F0010343F00103636131465CBF6361D2
S214019030012120462BF0F2FBB5F80110B5F803200C
S214019040B9F1150F05F1050500950CBF1023022394
S214019050204629F0B6FF5EE0636913F001023FD0B7
S21401906023F001036361002120462BF0D7FB1E2F5E
S21401907045D8012F47D9BB1E162B44D801A252F85A
S21401908023F000BF0D910100079101003F910100FF
S214019090079101004F9101000791010039900100ED
S2140190A00791010071910100079101007D91010076
S2140190B0079101008D910100079101001F910100A8
S2140190C0079101009D9101000791010007910100A0
S2140190D007910100BB91010007910100C5910100B4
S2140190E043F0010363610121204602922BF096FBB7
S2140190F0029A1223394620462BF028F80BE0522F0D
S21401910054D0D22F07D006230022F3E7B5F801107A
S2140191102046FFF779FE03A829F064F944E0B5F884
S2140191200110B5F80320B9F1150F05F105050095F5
S2140191300CBF3B460223204629F09BFEEBE7B5F821
S2140191400320B5F80110204629F0EFFFE3E7A9F167
S2140191500709B5F80530B5F80320B5F801101FFA70
S21401916089F007350190009520462AF061F8D2E78C
S214019170B5F8011020462AF0C8F8CCE7B5F8032068
S214019180B5F8011020462AF0C5F8C4E71FFA88F2A0
S214019190013A691C20462AF0C1F8BCE7039AB5F8E3
S2140191A0011020462AF02FF9002698E6039AB5F812
S2140191B0011020462AF077F9F6E7039920462AF0AF
S2140191C0B1F9F1E7697820462AF012FAA3E71E2FD3
S2140191D07FF408AF20462AF02BFA9CE77FB5174AA2
S2140191E01368064623F0080342F6052013602BF0A9
S2140191F010FE054650B1684603F092F800202BF0A9
S214019200C5FA044620B929462AF060FA04B070BDB2
S214019210102204F12101684633F04FFA38B10121DA
S21401922020462BF0FBFA636923F0010363611EB14C
S214019230314620462BF0C4FE2046E0E7642E00208F
S21401924007B5837801916A46082104488DF80030F5
S21401925028F0FCFF03B05DF804FB00BFA42D00203E
S214019260054B0022C3E90322C3E905221A70DA611D
S2140192704FF6FF725A847047802D0020014B18600C
S214019280704700BF7C2D00200D4B827813B55A60C5
S214019290B0F8032091B2102910D040F60344A14241
S2140192A00CD041795B8C8DF80210ADF8042005488E
S2140192B0ADF800306A46052128F0C8FF02B010BD9F
S2140192C0802D0020A42D002037B582790190034619
S2140192D00C3210449B5C132B0ED8042B10D9053B83
S2140192E00E2B0DD8DFE803F01D0C0C1D0C0C0C0C1E
S2140192F00C16190C0C0C2100302B12D03E2B18D05A
S214019300FAF794FD019B834202D001A829F06AF87E
S21401931003B030BDFFF7B8FFF2E70E4BC2785A60D4
S214019320EEE701A902F00EFDEAE701A92AF00EFC1C
S214019330E6E7094D0024019B43B155F8043B009034
S21401934001A9013498470D2C0098F4D101A829F001
S21401935049F8D5E7802D0020941B050007B500F0DD
S214019360E7F820B103B05DF804EBFFF7ADBF00F0FE
S214019370EBF8019018B1054B1B681BB1984703B079
S2140193805DF804FB01A829F02DF8F8E77C2D0020F4
S214019390024610B1022804D070470348032128F082
S2140193A011BFFFF7DBBF00BFA42D0020024B1A78C8
S2140193B0024B53F822301847802D0020C81B0500A9
S2140193C010B504460120FFF7F1FF034B1C70BDE802
S2140193D010400020FFF7EABF802D002010B50621BF
S2140193E0044642F205002AF002FA2368C0F8033068
S2140193F0A388A0F807300648FAF73AFD2AF03BFAA8
S214019400407920B12AF037FA407940F4805010BDF7
S214019410130A040010B5062104464FF628402AF028
S214019420E6F92368C0F80330A388A0F80730064899
S214019430FAF71EFD2AF01FFA407920B12AF01BFA2E
S214019440407940F4805010BDC93F0100014828F022
S214019450E7BF00BF902D00202DE9F3410D46B0F87F
S2140194606A10019240F6FF73994205D101A828F0CF
S214019470B9FF02B0BDE8F08113460121A3BB1F4826
S214019480114629F062F9FFF7E1FF04460028F0D003
S21401949029F050F96379A66803F001086FF3000319
S2140194A0074663710421204629F086F843798179BD
S2140194B0B6F86A208660044668F300030C314371EF
S2140194C0DB4362540844C2F3032203F0010342EA79
S2140194D00313437047802246304629462AF03BFB59
S2140194E02046FAF7D5FCCEE75C79986024F00304B1
S2140194F00C435C7100211B68C0E700BF902D002063
S21401950070B5074C0546206800B970BD8368AB424C
S21401951004D10668FFF7AEF82660F4E70446F2E7E2
S214019520902D00200146014829F00FB9942D002006
S214019530014828F075BF00BF942D00200146014860
S21401954029F003B98C2D0020034BD86818B103F11C
S2140195500C0028F065BF7047802D0020044BDA68A8
S21401956022B95869003818BF01207047012070479A
S214019570802D00200138C0B20A289ABF014B185C22
S21401958000207047D01B050007B5064828F048FFA5
S214019590042101900DEB010029F085F9019803B033
S2140195A05DF804FBA82D0020F7B5186810F002003E
S2140195B01ED0164E3168D1B10024042223460DEB8D
S2140195C00200019428F004FFBDF80630DB0702D440
S2140195D0FFF7DAFF04460E4F002557F8043B23B188
S2140195E0BDF804002146984720B1336833B90120FD
S2140195F003B0F0BD0135062DEFD1F6E7054B02218C
S21401960093F90000FEF79EFCF1E700BFA82D0020AD
S214019610AC2D00206D3A002010B50948FEF780FCFD
S214019620084B09491870002420200C60FFF750F9F8
S214019630064BC3E90044C3E90244C3E9044410BD30
S214019640D41000206D3A0020A82D0020AC2D00205B
S21401965010B54178012903460BD802469B7812F8CB
S214019660030B2AF052FF0446074800F0FBFE8480F5
S21401967010BD082906D101469A7811F8030B2AF085
S214019680F5FFF0E72124EFE72002040F10B58278FA
S2140196904178007801F0B4FE0446024800F0E2FE8C
S2140196A0848010BD2002040610B5D0F801100078A1
S2140196B001F0A2FF0446024800F0D4FE848010BDEB
S2140196C02002040710B582784178007802F028F865
S2140196D00446024800F0C6FE848010BD200204093C
S2140196E073B5411D027904466846FFF7E5FA6846F8
S2140196F02AF020FE054668462AF0AAFF06460948D3
S214019700E4782AF03FFB034648B104710098C3F899
S2140197100500BDF80420A3F80920DE721D7302B00F
S21401972070BD00BFF81B050013B5C37A0093B0F8EF
S2140197300930D0F80520D0F80110007801F0C8FCF7
S2140197400446034800F08EFE848002B010BD00BFC0
S2140197502002040310B54178007801F0EBFC0446C2
S214019760024800F07FFE848010BD00BF2002040482
S21401977010B5064B064A417800781A6001F0F8FCED
S2140197800446044800F06EFE848010BDC42D0020FF
S214019790E19601002002040537B54478FE2C054603
S2140197A027D06CB91B4800F05DFE2123037144717C
S2140197B0D5F80230C0F80630EB88438103B030BDDF
S2140197C0022C17D16946532029F06EF90446E0B9F8
S2140197D02878694601F0F0FC04460E4800F042FE87
S2140197E0848003460098C3F80600BDF804205A8119
S2140197F0E4E700242246A91C6846FFF777FA9DF89D
S214019800063013F0180FE3D1212400230093CDF87E
S2140198100330E2E72008041010B5007801F0F6FCEA
S2140198200446024800F01EFE848010BD200204118A
S21401983037B5FF230DF107008DF8073001F064FD01
S214019840044604489DF8075000F00CFE848085719C
S21401985003B030BD2003040110B5007801F07EFD91
S2140198600446024800F0FEFD848010BD200204027A
S21401987010B5007801F02EFD0446024800F0F2FD16
S214019880848010BD2002040A8378132B10B50C4681
S21401989008D1054B1B6803B198472046BDE8104028
S2140198A028F0A0BD10BD00BFC42D00202DE9F04F4B
S2140198B08DB0CDE906121F469DF9583008934488AD
S2140198C0DDF85C90E106054614D5A4F110039BB2C1
S2140198D0032B1FD82F4AD65CDFF8BCA038462AF0E7
S2140198E0B7FE04F060040590D9F80030A3B90DB0B6
S2140198F0BDE8F08FE20709D4230709D414F0020F5C
S2140199000CBF0326022646F08006E5E70126FAE7A5
S2140199100426F8E70426DFE70DF12B030193EE2377
S214019920009320224023214648462AF08DFA6B7B7D
S214019930099395F90E30029395F90F300B90039326
S2140199400BAA6B780493042150469DF82B80B5F83A
S21401995010B02AF04DFA099B0028C5D048EA06083F
S21401996080F804803A68C0F80520BA88A0F8092073
S214019970059AC272C373089A029B02730374069A0D
S214019980039B42734374079A049B82738374A0F803
S21401999013B0A9E7181C05001C1C050010B5B0F88B
S2140199A00110B0F803200078002301F0E9FF044617
S2140199B008B901F0A3FF024800F054FD848010BDF1
S2140199C02002050638B50546007801F067FF044613
S2140199D020B96978287802F06FF80446024800F04A
S2140199E041FD848038BD00BF2002050310B502F09A
S2140199F08FF80446024800F035FD848010BD00BF94
S214019A002002050508B52AF0AEFD024B00201870AD
S214019A1008BD00BF6E3A0020054B1A88D20705D54F
S214019A205B88834214BF29200020704702207047BC
S214019A305631002008B50068054B002200F00101F0
S214019A40C0F340001A805A8003F0A8FB08BD00BF8F
S214019A50563100200B4A38B5138813F001050ED194
S214019A605488013443F00103A4B21380548003F0F8
S214019A7099F8054800F0F6FC8580C48038BD0024BE
S214019A802E25F6E7563100202004460010B5014683
S214019A900088FFF7C1FF044618B948882BF0A3FBDE
S214019AA00446024800F0DEFC848010BD2002460B0E
S214019AB010B501460088FFF7AFFF044618B948887D
S214019AC02BF095FB0446024800F0CCFC848010BDC8
S214019AD02002460C10B50088FFF79EFF044638B9F1
S214019AE0064A138823F00103138003F06BF804463B
S214019AF0034800F0B7FC848010BD00BF563100203B
S214019B002002460F10B50088FFF786FF044638B9D5
S214019B10064A138823F00103138003F085F90446EF
S214019B20034800F09FFC848010BD00BF5631002022
S214019B30200246101FB5B0F80110C4780391031D2A
S214019B40007802932AF01CFE60B10094029B0399F0
S214019B50002229F099FD0446034800F083FC848026
S214019B6004B010BD2524F7E720020A0F08B5064900
S214019B70064828F02FFB0649064828F02BFB064826
S214019B80FEF7BEFE002008BDFC100020CC2D0020F4
S214019B90E4100020C82D0020F410002001482AF00F
S214019BA055B800BF9010002030B5114B994285B0D2
S214019BB00D46144618D193000FD503A902A8FEF747
S214019BC0DBFB0823E1B20193039B00930022029B77
S214019BD041F00051284628F0D5FA06482AF0D2F876
S214019BE000B10471012000E0002005B030BD00BFC7
S214019BF0C82D0020801C050022F00042B2F1A04FC3
S214019C0008B504D103482AF0BDF8012008BD00209C
S214019C10FCE700BF7C1C050070B5FFF7BFFF90B1E5
S214019C20FEF7FAFF002604462046FFF781F80546B0
S214019C30064800F017FC86802268C0F80620A28835
S214019C404281057370BD024C0226EDE7200901151D
S214019C50841C05000A4B10B50020187100F0A4FD05
S214019C6004463CB901F07AFFBDE8104005490648B4
S214019C7028F0D4BA20462AF0D3FC6468F1E700BF86
S214019C805A3100200C110020A42D002070B50020B0
S214019C9000F08AFD064D0446012604B970BD2E71FA
S214019CA029F04EFF204613212AF0B6FC6468F4E73B
S214019CB05A31002038B50A4C00232360A38003687C
S214019CC0236020782AF0A4FC054630B905480649E9
S214019CD028F080FA608801F057FF284638BD00BF9B
S214019CE05A310020A42D00200C11002022F0004241
S214019CF0B2F5037F2DE9F0471C460FD840F2052345
S214019D009A420ED840F203139A426CD040F20913DD
S214019D109A4200F0F4800E2A00F0E5800020BDE8AB
S214019D20F087A2F20622062AF8D801A353F822F0F9
S214019D30999D0100219E01001D9D01001D9D0100B0
S214019D401D9D01004D9D0100499E0100666800258C
S214019D506560B379F371212333710721304628F00A
S214019D6019FBB2790C32B3186FF05F01B1540322BC
S214019D705A7006229A7001226188DA7022789A71E6
S214019D8099803179304629F09DFF684B1B79002B6D
S214019D90C4D029F0D6FEC1E720685030FEF7C8FFD0
S214019DA02568A48895F86F6095F86CA095F9719070
S214019DB095F8728007465E4829F0E4FF0028ADD08A
S214019DC02B6D4360B5F854300381731E5E425E41CD
S214019DD08772C67280F80CA080F80D9080F80E800D
S214019DE0A0F80F409AE7207800F0D0FC002895D024
S214019DF0504894F80090B4F80280A788E688257A3F
S214019E00648929F0BFFF002888D080F80490A0F864
S214019E100580A0F80770A0F80960C57284817DE707
S214019E20207800F0B3FC00283FF478AF60782578FE
S214019E30FFF7A0FB0446404829F0A4FF00283FF4A2
S214019E406DAF0571447169E7A578012D1DD0022D0E
S214019E502BD0C5B9E37894F8008094F9047066793C
S214019E60364894F90640023BDBB2022B9ABF344ACD
S214019E70D55C012529F086FF28B180F8048045715C
S214019E808771C6710472012049E7E37894F800806F
S214019E9094F9047066792B4894F90640023BDBB2CC
S214019EA0022B9CBF264AD55CE4E7E378264894F863
S214019EB00180277894F90490667994F90640023B6C
S214019EC0DBB2022B96BF1E4A0125D55C29F05AFF4C
S214019ED00028D8D0A0F804808771C57180F8089052
S214019EE046728472CFE72346184813F8014B0822BE
S214019EF0002129F058FF0028C5D00471C3E7144893
S214019F0094F800806788A688E588248929F03AFFB6
S214019F100028B8D080F80480A0F80570A0F8076083
S214019F20A0F80950A0F80B40ADE700BF5A31002059
S214019F30B41C0500B81C0500BC1C0500C81C0500A7
S214019F40A81C0500C01C0500B01C0500C41C0500AB
S214019F50AC1C0500024B1A68024B00205A60704781
S214019F60B42700209010002010B5F6F787FC0446B1
S214019F7030B9044829F040FE044608B9F6F7BCFD9E
S214019F80204610BD9010002073B522F000421C46FA
S214019F9040F20A639A4209D8B2F5C06F09D80D2A71
S214019FA065D023D8032A33D0042A58D0002002B023
S214019FB070BD6FF4C0631A44092AF7D801A353F899
S214019FC022F000BFDBA0010085A00100A9A00100CE
S214019FD0BBA00100D3A00100AD9F0100F3A00100CA
S214019FE009A1010029A1010077A10100B2F5817F35
S214019FF0DCD16248257829F0C5FE002840D101A9A8
S21401A0000A2024F067FF0199207800F043FECDE78F
S21401A01001A8F2F77DFC5A48BDF8044029F0B2FECB
S21401A0200028C3D000234371C37103724372C37205
S21401A030037343738373C3736FF07B0306228374C6
S21401A04071230271C37402224FF0FF3382710375CC
S21401A0506FF02B024C23827204824375A6E74948AF
S21401A060248829F08FFE0028A0D084809EE723460E
S21401A070042233F8044B4448002129F094FEF2E709
S21401A080057193E7207800F081FB00288ED03F48C9
S21401A090267894F90150A47829F074FE002885D01A
S21401A0A006714571847181E72478394829F06AFE82
S21401A0B000283FF47BAF047178E72578354864685B
S21401A0C029F060FE00283FF471AF0571C0F8054025
S21401A0D06CE7257830486468F2E73048257864886C
S21401A0E029F050FE00283FF461AF0571A0F8054045
S21401A0F05CE72B482578646829F044FE00283FF485
S21401A10055AF0571447151E76378264824780D2BC5
S21401A11096BF254A0125D55C29F034FE00283FF478
S21401A12045AF0471457141E76378204826780D2BC9
S21401A13098BF1D4A4FF0000198BFD55C6368A278AE
S21401A14088BF012529F02FFE08B106714571637895
S21401A150012B3FF62BAF8DF804301448247801AB61
S21401A1600122002129F01FFE00283FF41FAF012322
S21401A170047143711AE724780D4897E7F81C050027
S21401A180201D05002C1D0500241D0500081D0500C9
S21401A1901C1D0500181D0500141D05000C1D0500DD
S21401A1A0101D0500041D0500E81C0500FC1C05002B
S21401A1B0001D050002481422002132F0B6BA00BF85
S21401A1C0D02D002070B5184C054621F089FA637928
S21401A1D05B0706460ED414212046144A29F0BCFC1F
S21401A1E02179204629F06EFD20B13046BDE8704049
S21401A1F021F07CBAA3790C331C442DB92379FF2BAB
S21401A200F3D001332371F0E7012D05D16379FF2BDC
S21401A210EBD001336371E8E7022DE6D1A379FF2B7A
S21401A2201CBF0133A371E0E7D02D0020301D0500CF
S21401A23010B504460A4829F009FD60B10948002115
S21401A24029F08EFD48B18279024414610179BDE896
S21401A250104029F037BD022010BD1A20FCE700BFD0
S21401A26090100020281D05000428024B28BF00205E
S21401A270185C7047341D050070B505460B480E4640
S21401A28000F06CF8044678B900F0BEF8084B0446B6
S21401A2901B6825B1D3F806202A605A89AA800EB118
S21401A2A01B7B337000F0C8F8204670BD401D0500CA
S21401A2B0F02D0020044A0346106810B102789A4235
S21401A2C000D170470069F8E7E82D002008B5FFF7D0
S21401A2D071FF024B00221A6008BD00BFE82D002066
S21401A2E038B5104D104A0446284628F0C8FB4FF4EE
S21401A2F08270A0470D4B01461860287818B14FF4BC
S21401A300827228F0BFFB4FF48270A047084B0146CB
S21401A3101860287828B1BDE838404FF4827228F0DA
S21401A320B1BB38BD6F3A0020481D0500EC2D00205A
S21401A330F02D0020084A136833B94178036141F0D3
S21401A3400101417010607047197802789142FAD085
S21401A35003F110021B69EFE7E82D002010B5044653
S21401A3602AF0CBFF28B9034B22681C60024B1B68FE
S21401A3701A6010BDE42D0020EC2D00202DE9F347D6
S21401A38004684FEA04290F4609F4E0691946C4F344
S21401A390072349EA030909EB0205B5F5807F8246E2
S21401A3A0164605D94FF01D08404602B0BDE8F087B5
S21401A3B001912AF0A2FF80460028F5D1104B0199A1
S21401A3C0C3F800A024F47F4424F0C7040D4B44EAEC
S21401A3D015242D02ADB22C431D6845F8044B4D449F
S21401A3E03246284632F079F9012F04D1FF2ED9D80A
S21401A3F005F8016CD8E7022F08BF25F8026CD3E7F1
S21401A400E42D0020EC2D002008B5074B1A68074BF9
S21401A41052F8040B1968064B49681B689847054BA8
S21401A4201B68988808BD00BFEC2D0020E42D002095
S21401A4301C110020F02D0020024B00221A602AF089
S21401A4405EBF00BFE42D0020054B186808B1C36845
S21401A4501BB1003818BF012070470069F6E700BF3E
S21401A460E82D002010B5034C23681860F6F782FB30
S21401A470206810BDF02D0020F8B504460D4616469E
S21401A480F1F7C2FA60B124F47F4020F0C70040F42F
S21401A4900070FFF7E7FF1423037100234371F8BD33
S21401A4A0194B1A4F1B681C603B68187058709870DF
S21401A4B0D870204629F07BFB28B19DB94368220E4F
S21401A4C00BB11D684DB924F47F4020F0C70040F45D
S21401A4D00070FFF7C7FF0F23DEE75979914201D0DD
S21401A4E00833EDE73046A8473B681D68002DD6D1F6
S21401A4F024F47F4020F0C70040F40070FFF7B2FF5D
S21401A500012303714571CAE7EC2D0020F02D0020D0
S21401A510094B802283F8012383F8042383F805235B
S21401A52083F8062383F8072383F8082383F81D237B
S21401A530A02283F8222C704700E100E04FF0005380
S21401A5401860BFF34F8F0549054BCA6802F4E062F5
S21401A5501343CB60BFF34F8F00BFFDE700ED00E074
S21401A5600400FA05034AD2F8B03043F05403C2F8A7
S21401A570B030704700400E40054BD3F8E80010F4A9
S21401A58080501CBFD3F8EC0000F00100704700BFFC
S21401A5900081E00F2DE9F047164B1D68D3F80480C3
S21401A5A098FAA8F4B4FA84F40F4693F8089004EBEA
S21401A5B04401064605EB81054FF0010A4C4504DBD4
S21401A5C04FF0FF342046BDE8F0870AFA04F313EA99
S21401A5D0080F0BD0AB6803F00103B34206D1062285
S21401A5E02946384632F069F80028EBD001340C359C
S21401A5F0E4E700BFF42D0020014B00225A607047AB
S21401A600F42D0020F8B50446134D24EAE47421F035
S21401A61067F8202C2B7AA8BF2024A342064605D132
S21401A6200024304621F062F82046F8BD28682C72D6
S21401A63000276F6010B1FEF7B5F92F602B7A002B5B
S21401A640EED00C206043FEF78DF928600028E7D194
S21401A65028720724E5E700BFF42D0020084B094ABD
S21401A6601A60094B094A1A60094B0A4A1A600A4BD2
S21401A6700A4A1A600A4B0B4A1A600120704700BF4B
S21401A68020280020073F040028280020033F04005C
S21401A69024280020413F040018280020053F04001C
S21401A6A01C280020433F0400014B986D80B2704780
S21401A6B0005008400A4B586800F07060B0F1106F07
S21401A6C00CD008D8B0F1E06F08D0B0F1006F14BF1D
S21401A6D0002001207047B0F1406FF8E70120704775
S21401A6E0004008402DE9F041DFF88080D8F80040AE
S21401A6F006460D461CB900242046BDE8F08101201F
S21401A70027F0A3FE07460028F5D0D8F800305B688E
S21401A710C8F80030742294F86C800021204632F08C
S21401A72004F884F86C803368C4F85730B388A4F80A
S21401A7305B30B37984F85D3028682065AB79AA88E8
S21401A74084F85630FF2384F8713084F8723040F66E
S21401A750FF73A4F86A30044BA4F854201A68E76320
S21401A76062601C60C8E700BF042E0020002E002097
S21401A770054A0346106800B97047B0F86A209A4245
S21401A780FAD04068F7E700BF042E0020054A0346CA
S21401A790106800B9704790F86C209A42FAD0406869
S21401A7A0F7E700BF042E002010B9024B1868704767
S21401A7B040687047042E0020114A00232DE9F0411D
S21401A7C074211360804602460120FDF7E9FD044628
S21401A7D020B90C4E05463060A84502D82046BDE893
S21401A7E0F0810120FDF75AFE07467422002101354B
S21401A7F031F09BFF87F86C5037603E1DECE700BFD9
S21401A800042E0020002E002013B5012303FA01F1C7
S21401A81090F86D3023EA010149B2044680F86D10C4
S21401A820002957D129F096F9204629F053F810212E
S21401A83004F118002AF072FD2046FEF761FE04F1CD
S21401A840380027F0CFFD20462AF056FD284A136827
S21401A8501BB19C4240D163681360A3685A0515D5A5
S21401A86013F4006212D143F40063A36094F86C30D1
S21401A8708DF80030A389ADF802301E48E36BE26321
S21401A88040F20B216A46019327F0E0FC0023636047
S21401A890204627F0C7FC04F13C0027F0A3FD29F071
S21401A8A0CFFB94F86C304FF48072B2FBF0F2424367
S21401A8B00344B3FBF2F102FB1133DBB2591EC9B2FA
S21401A8C0FD29F5D884F86C30002363600A4B1A68BA
S21401A8D05AB91C6002B010BD1A465B68002BBCD08A
S21401A8E09C42F9D163685360B7E7131D5268EFE7DE
S21401A8F0042E0020A42D0020002E002010B5084CA8
S21401A900206830B9074BBDE8104018600120FDF7FC
S21401A91095BD436890F86D102360FFF775FFEFE76C
S21401A920042E0020002E0020064B1B68002003B9D1
S21401A930704793F86E205B68012A84BF0130C0B26D
S21401A940F5E700BF042E002090F8703003F00B03EB
S21401A950013BDBB20A2B9ABF014AD05C002070474C
S21401A960561D05001FB5014690F86C308DF8043071
S21401A970FFF7EAFFB1F85E30ADF80630B1F86030A7
S21401A980ADF80A30B1F862308DF80C00ADF8083039
S21401A99001AAB1F868300548ADF80E3040F203114F
S21401A9A027F054FC05B05DF804FB00BFA42D002081
S21401A9B007B590F86C308DF8051001AA40F2072112
S21401A9C003488DF8043027F041FC03B05DF804FB22
S21401A9D0A42D002038B50A4B1B6804460D462BB142
S21401A9E043699B0702D529F079FE30B120682A46D3
S21401A9F00421BDE838402AF02DBCA3699D6138BD0D
S21401AA00082E0020024B1868003818BF0120704736
S21401AA10082E002013B50446019120B901A827F09D
S21401AA20E1FC21200FE008460029FAD027F082FE3B
S21401AA3080B20028F2D0084B01991B682BB9019906
S21401AA402046FEF7F9F902B010BD204698470028C7
S21401AA50F5D00020F7E700BF082E002038B5836A3E
S21401AA605904044615D4134A92F82B20012A03F4FC
S21401AA7000430FD1C26A92040CD4002B014614BFC6
S21401AA801420532028F010F818B9A36A43F00803DD
S21401AA90A36238BD002BFCD1074D20462946FEF7A0
S21401AAA04FF90028F5D12868AA88AB792060A280E2
S21401AAB0A371EAE74C2D00205B2D00202DE9F0471D
S21401AAC0244E86F82A00002841D0C0EBC000C10001
S21401AAD089B2002301220420FDF762FC054668B90D
S21401AAE00420FDF7DBFC2F4630604FF03809A846FE
S21401AAF04FF0A00A96F82A30BB4202DC2846BDE891
S21401AB00F087346809FB07444FF4A0736362072398
S21401AB1084F8353004F11800A4F81480C4F820A095
S21401AB2084F8068027F05EFC04F11C0027F05AFC2E
S21401AB3040F2011363867F23C4F82C8084F83630F4
S21401AB40C4F82880204600F047FD0137D2E7306080
S21401AB500546D3E74C2D0020074B93F82A20824266
S21401AB6081BF1B68C0EBC00003EBC000806A8CBFCE
S21401AB7000F00100002070474C2D002008B501466A
S21401AB80FFF7EAFF40B1054B1868C1EBC10100EBC6
S21401AB90C101886AC0F3C02008BD00BF4C2D00204B
S21401ABA02DE9F04F364A93B05168064610680FAB50
S21401ABB003C39068334A18601468C6EBC60304EBF7
S21401ABC0C30412AA637D02EB430333F80C1CA36A89
S21401ABD0DD0442D4012541F010012F4694F80D8082
S21401ABE094F835A0C3F340495B0348BF49F0020916
S21401ABF088F00808012FD4E9082304F1070B89B26D
S21401AC0094F93640C8F3C00805D0022F03D0042FAC
S21401AC100CBF03270027012D05D0022D03D0042DDC
S21401AC200CBF032500253046CDE90C230B91FFF719
S21401AC30A5FFCDE907500120CDE900A0CDE90547E4
S21401AC40CDE903B9DDE90C230B99CDF80880304630
S21401AC5002F03AFC13B0BDE8F08FE26A94F8327065
S21401AC6094F83350900648BF41F02001500648BF83
S21401AC7041F04001DA0348BF41F00401AEE700BFEE
S21401AC80621D05004C2D0020014B93F82A007047E9
S21401AC904C2D00201FB504460391FFF75DFF0B46C0
S21401ACA068B1084A084912680848C4EBC40402EBB4
S21401ACB0C4040022009204F10E0227F06FFA04B0D9
S21401ACC010BD00BF4C2D002002010080A42D0020E5
S21401ACD03F4A70B51468C0EBC00304EBC3040646D4
S21401ACE0A36A5B0704D500231A46194602F0CEFC78
S21401ACF0A36A9D0706D53046FFF752FFA36A23F0E5
S21401AD000203A362A36A18070CD5A2792146C2F3EF
S21401AD10C002304602F058FC0546A0B9A36A23F0EB
S21401AD200803A362304629F09FFC054658B9A36A7A
S21401AD30D90608D5DA0408D5304600F02DFC40BB0C
S21401AD40A16A480727D4284670BD1A0611D4637D28
S21401AD50023B012BF4D8A36ADB05F1D5E169304645
S21401AD6002F076FC0023E361A36A23F48073A362F6
S21401AD70E5E7637D03F0FB03012BE8D0A1693046CC
S21401AD8002F048FCA36AA56123F08003A3620028B1
S21401AD90DDD00546D7E7637D228E012B03D1AAB10C
S21401ADA0802A28BF802211F0400F94F834304FF0EB
S21401ADB0010118BF0123304602F068FC0546002851
S21401ADC0C1D1A36A23F00403A362BCE74022EAE7E9
S21401ADD04C2D0020F8B505461646FFF7BDFE20B3FC
S21401ADE0134B37681B68C5EBC50403EBC40499B95C
S21401ADF004F1180027F0F6FAA36AA76143F080036E
S21401AE00A362A06A002310F0100033600ED028461B
S21401AE10BDE8F840FFF75CBF04F11C0027F0E2FA3A
S21401AE20A36AE76143F48073EAE72120F8BD00BF17
S21401AE304C2D00202DE9F041114D0024382695F8BF
S21401AE402A30A34201DCBDE8F081E7B23846FFF7BD
S21401AE5083FE98B1286806FB04F84044836ADA0644
S21401AE600CD55B040AD4FFF7F9FD2B68434438463A
S21401AE709A6A42F006029A62FFF72AFF0134DEE779
S21401AE804C2D00202DE9F04FDFF84092D9F8005004
S21401AE90C0EBC0032DED028B05EBC30505F1180BC6
S21401AEA087B0804658460C46174627F09BFA05F1B0
S21401AEB01C03184608EE103A27F094FA002027F0F3
S21401AEC0C4FA0646002800F0FA80012F40F27267A5
S21401AED018BF1F27012C2C7571D0022C14BF042417
S21401AEE006240221304629F02CFA0121304629F0A9
S21401AEF028FA2146304629F024FA304627F01AFC73
S21401AF0084B2391B89B202295BD9012300930A2234
S21401AF1042F60723304629F065FA0444A4B2391BE9
S21401AF2089B202294FD904230093122242F6042340
S21401AF30304629F057FA0444A4B23B1B012B049671
S21401AF40039342DC002199F82B30002B40F0B180AE
S21401AF50039B591A89B2304629F0FEF90446584631
S21401AF6027F040FAAB6AAE6143F0800203F48053E7
S21401AF702343AA6216D199F82B0098B927F065FAEF
S21401AF80059078B1394629F0E7F9002800F093805A
S21401AF9018EE100A059C27F025FAAB6AEC6143F41B
S21401AFA08073AB62A86A10F0100000F089804046FA
S21401AFB007B0BDEC028BBDE8F04FFFF789BE052454
S21401AFC08FE70020A9E70020B5E7002027F03DFA2B
S21401AFD005900028B6D0BB1E02211C1B01F090FD77
S21401AFE0A4B2844282465AD224F001018AB2411A9E
S21401AFF005A8029227F07EFC029A92460222BAF136
S21401B000000F16D00AF1010104980292C9B229F084
S21401B01098F9029A0498114629F093F9059904A81B
S21401B02027F0E6FC002027F010FAA4EB0A040590AE
S21401B030A4B20598002837D0022C38BF0224A21EDD
S21401B04092B20F2A30D91021029201F059FD029ACC
S21401B0508242044625D222F00F018BB2411A05A87E
S21401B060029327F047FC029C0622611C0498029278
S21401B070C9B229F066F9029A0498114629F061F9D5
S21401B080059904A827F0B4FC04EB0A01023189B241
S21401B090BAF1000F3FF457AF023189B253E70322EA
S21401B0A0ADE708B10722E0E705A827F09BF951466E
S21401B0B0EEE7002453E705A827F094F972E71A2073
S21401B0C007B0BDEC028BBDE8F08F00BF4C2D002011
S21401B0D070B5044615461E46FFF73EFD30B3144BC9
S21401B0E0C4EBC4001C6804EBC000826A93050BD451
S21401B0F0A1F120044FF6DF739C4217D8A5F1200476
S21401B1009C4213D8A94211D8036A8B4202D1436AE2
S21401B110AB4204D0C0E9081542F0020282629DF8F3
S21401B120103080F834300686002070BD2120FCE700
S21401B1304C2D002010B50446FFF70EFD98B14B07C5
S21401B14011D00A4B1B68C4EBC40003EBC00090F897
S21401B15035308B4205D0836A80F8351043F0020300
S21401B1608362002000E0212010BD00BF4C2D00208E
S21401B17038B504460D46FFF7EFFCC8B12046FFF789
S21401B180FDFC2B1E18BF012383420CD0094B186807
S21401B190C4EBC40400EBC404A36A35B143F40063F2
S21401B1A043F00203A362002003E023F40063F7E701
S21401B1B0212038BD4C2D002070B50446FFF7CCFC8D
S21401B1C0E8B18B7913F0180F19D00F4B1D68C4EB3B
S21401B1D0C40405EBC403E6009A6A12F0100410D109
S21401B1E00868A85122F4004242F48042888889798E
S21401B1F0997142F0080298809A62204670BD21201B
S21401B200FCE70220FAE700BF4C2D002070B501468E
S21401B210FFF7A2FCE0B1104C2568C1EBC10105EBBC
S21401B220C103CE009A6A12F0100113D112F48040C5
S21401B2300DD0D4F80F00A85122F48042607DB4F8F6
S21401B24013509D8042F0080298719A62084670BDBC
S21401B2502120FCE70220FAE74C2D0020044A116861
S21401B260C0EBC00301EBC3014A7D29F000B900BF62
S21401B2704C2D0020F8B505460C46FFF76DFC28B3AB
S21401B280052923D8124E3368C5EBC50203EBC2036A
S21401B290D700986927F04EFA1F2817D833683B4421
S21401B2A0D86927F047FA1F2810D8012C0ED0231F83
S21401B2B0012B0BD93168394422468B6A23F4825319
S21401B2C08B622846BDE8F84029F0D1B82120F8BDA8
S21401B2D04C2D002008B50146FFF73EFC80B1094A17
S21401B2E01268C1EBC10302EBC3020846936A23F05E
S21401B2F0500343F004039362BDE80840FFF7E8BC3F
S21401B300212008BD4C2D002070B50546114890F847
S21401B3102A60026800239E4201DC1A2016E0946A25
S21401B32014F0010F114602F1380210D10A4AD0F882
S21401B3300F00086044F0090490888C6292798A7143
S21401B340DCB288802046FFF72BFC2C7070BD0133E1
S21401B350E1E700BF4C2D00205B2D0020F8B5064626
S21401B360FFF7FAFB002847D0304629F081F911286B
S21401B3700546304608BF002529F075F91F4B1B68A6
S21401B380C6EBC60403EBC404A36AD90608D523F0AA
S21401B390100343F00403A3623046FFF799FC054609
S21401B3A0A36A23F00103A022A3624FF4A07300272F
S21401B3B0C4E90823072384F8353004F11800A7826E
S21401B3C0A77127F00FF804F11C0027F00BF840F2E4
S21401B3D0011363867F2384F836302046E762A7622E
S21401B3E000F0FAF83946304602F014F9394630468C
S21401B3F002F02EF92846F8BD2125FBE74C2D00204A
S21401B40070B506460D461446FFF7A6FB18B127F0A1
S21401B4103DFB054201D1212070BD04426FEA0003C5
S21401B420F9D045EA04021A42F5D1012D01D0042DC6
S21401B430F1D1631E012B01D9042CECD10B4B1B68F7
S21401B440C6EBC60003EBC00090F83230AB4203D126
S21401B45090F83330A34207D0836A80F8325043F025
S21401B460020380F8334083620020D5E74C2D00208C
S21401B470F8B58378122B0F4636D10C68A3790C33B6
S21401B4801C44E57826790DB145F480553046FFF722
S21401B49063FB58B17DB9B4F80500FFF769F928B127
S21401B4A080F872602A46294600F092FB3846BDE8CD
S21401B4B0F84026F097BF0D4AE0791468C6EBC6033C
S21401B4C004EBC3039A6A22F01001996212F040015C
S21401B4D003D022F050029A62E8E758829E731D82DA
S21401B4E03046FFF7D7FBE1E7F8BD00BF4C2D002043
S21401B4F02DE9F843DDF8209005460E4690461F4696
S21401B500FFF72AFB002841D0052E3FD8731E012BDA
S21401B5103CD9052E3AD01F4B1B68C5EBC50103EB82
S21401B520C10118F0010FCC6A8A6A14BF44F02004E6
S21401B53024F0200418F0020F14BF44F0400424F055
S21401B5404004F807CC621DD5D9F80030C1F80730A1
S21401B550B9F80430A1F80B3099F806304B7342F471
S21401B56080328A628B6ABA074CBF43F0400323F0ED
S21401B570400343F480538B6232462846BDE8F843C5
S21401B58028F075BF22F480328A62EBE72120BDE8FD
S21401B590F88300BF4C2D00200E4B1B6810B5C0EB86
S21401B5A0C00403EBC404A36A13F080030FD0637DC9
S21401B5B0A169032B08D102F04BF80023A361A36A0B
S21401B5C023F08003A36210BD02F024F8F5E71846C5
S21401B5D0F9E700BF4C2D0020064B93F82D301BB128
S21401B5E0836A43F480638362C36A43F01003C362D1
S21401B5F0704700BF4C2D002038B504460D46FFF7B6
S21401B600ABFA00284BD0284B1968C4EBC404EB07EF
S21401B61001EBC4040CD5A36AE26A23F48063D00666
S21401B620A3625FBF42F0100243F00203E262A3622C
S21401B630A90709D5E36A9A0606D4A26A43F020034D
S21401B64042F00202E362A262280709D5E36A5906BC
S21401B65006D4A26A43F0400342F00202E362A26209
S21401B660A36A5A040CD46B070AD52146142027F086
S21401B6701BFA98B9A36A43F4004343F00803A36294
S21401B68015F010000AD0E36A13F4005009D143F410
S21401B6900053E362A36A43F00203A36238BD21208C
S21401B6A0FCE70020FAE700BF4C2D0020F8B5044661
S21401B6B010680E46174627F03DF805462046FFF768
S21401B6C04BFAA8B1154B1B68C4EBC40003EBC000D2
S21401B6D0836ADA0619D5DB0402D41F2D0EDD07E0D6
S21401B6E040F272639D4203DC437D042B02D12EB1EE
S21401B6F02120F8BD032B01D1002EF9D03A46314660
S21401B7002046BDE8F840FFF765BB28F0D5FE0028C7
S21401B710E3D140F272639D42E0E700BF4C2D00206A
S21401B7202DE9F34107460E461546FFF715FA18B9F7
S21401B730212002B0BDE8F081042EF9D8052DF7D8F6
S21401B74005F0FB03012BF3D03A4B1B68C7EBC7048C
S21401B750042D03EBC40403D094F83230012B0BD034
S21401B760A36A5B0508D4E36AD806E1D4022DDFD0CC
S21401B770032E08BF002614E0022DF9D1E36AD9068C
S21401B780D6D594F83230012BD2D1042EF0D1A0694F
S21401B79026F0D0FF1F28CBD8E06926F0CBFF1F2864
S21401B7A0C6D8042E267565750AD1204628F084FE73
S21401B7B0C8B12946384602B0BDE8F041FFF75ABD88
S21401B7C0204628F079FE60B9204628F07DFE80F0FC
S21401B7D00100C2B2217D3846FFF754FB0028E4D0B1
S21401B7E0A7E70022F6E7204628F06EFE0028E0D103
S21401B7F0E36A5A06C3F34016A36A48BF46F0020638
S21401B80013F080080ED1DB050CD504F1180026F0E4
S21401B810E9FDE369C4E90638A36A23F4807343F0BB
S21401B8208003A36200230093324629463846FFF779
S21401B8305FFE7EE74C2D0020094B5A79D97A8A4261
S21401B840A8BF0A465A7419895A888A42A8BF0A4666
S21401B850DA81D9881A888A42B8BF0A469A8170471F
S21401B8600C2E002038B50B4C10252A460021201D31
S21401B87030F05BFF4FF010122260E2600522227466
S21401B880054AE5800123042125812371A1726461A3
S21401B890137038BD0C2E0020703A002010B50446F7
S21401B8A028F04DFEF8B100F091F8F0B9114B1B7875
S21401B8B0EBB1012C04D0042C13D0FFF7BDFF0220FE
S21401B8C00D4900EB400301EB43034B61062358434C
S21401B8D00C1800236288095A6079BDE8104000F010
S21401B8E04FB80120ECE7212010BD0220FCE71846E6
S21401B8F0FAE700BF703A00200C2E0020014B002210
S21401B9001A707047703A002073B5144D144C6B686A
S21401B910206803F0800200F0020010431BD05B0693
S21401B92054BFA67A0126FDF77BF901968379A28892
S21401B930217A607A83F00803C3F3C0030093E38897
S21401B94001F07EFD38B9236823F0020323606B689B
S21401B95023F080036B6002B070BD00BF4C2D002049
S21401B960242E0020054B012200204FF01011C3E9C0
S21401B9700200C3E900215A72704700BF242E00203E
S21401B980032910B510D9032A0ED991420CD30128E8
S21401B9900AD8064CA3722368207243F00203A180E2
S21401B9A0E2802360002010BD2120FCE7242E002029
S21401B9B0014B187B704700BF242E0020024BD87A1B
S21401B9C0003818BF01207047242E0020024B187B38
S21401B9D0003818BF01207047242E002038B51F4DAF
S21401B9E0696811F0020137D11D4C2368580706D546
S21401B9F0084601F04BFD236823F004032360236807
S21401BA0003F008026B6803F0040313430FD0FDF73D
S21401BA1007F983791A071CD5FDF7FCFCC0B9236822
S21401BA2023F0080323606B6823F004036B60FFF7C1
S21401BA306BFF68B9E37A5BB123685B0708D4012121
S21401BA40084601F023FD18B9236843F00403236078
S21401BA5038BDFDF7C3FCE1E71120F9E74C2D0020C6
S21401BA60242E002070B5124C257B637B22689D42F4
S21401BA70B8BF1D469207E37AEEB201D49E4215D0B6
S21401BA801BB10023E372FFF7A9FFE67275B1094BFC
S21401BA9093F82B30012B05D1236843F00203236072
S21401BAA0FDF762F8BDE87040FFF798BF002070BD53
S21401BAB0242E00204C2D0020022938B504460D46C0
S21401BAC001D9212038BD28F03AFD0028F9D00E4BC7
S21401BAD01A7BB2B91A68D10742BF22F0010242F0BE
S21401BAE002021A60094A525D1A735A7AA2421FBFAD
S21401BAF01A685C7242F002021A60BDE83840FFF72D
S21401BB00B1BF0220DEE700BF242E00206E1D050017
S21401BB10054A137B013B022B03D800231373FFF75F
S21401BB20A1BF0020704700BF242E0020032806D1A5
S21401BB30094A136843F008031360FFF74FBF012853
S21401BB4005D1054BDB7A002BF2D10020704710F0AF
S21401BB50FD0FFAD1ECE700BF242E0020094B10B5EB
S21401BB6000205862FEF720FE04461CB9BDE81040CE
S21401BB70FEF7C4BE204641F2160128F0F5FC6468C3
S21401BB80F3E700BF4C2D0020A0F11B03E02B10B5FE
S21401BB90044618D8042142F2240027F028FE6FF04C
S21401BBA06F03437142238371A0F803400748F8F7F7
S21401BBB05FF927F060FE407920B127F05CFE4079FE
S21401BBC040F4805010BD2120FCE700BF2F0D04007B
S21401BBD073B504460E465AB390F86F10828100235F
S21401BBE0012980F86E3014D154494B62ADF8042017
S21401BBF040F201216A462046009426F027FBA368FE
S21401BC0043F48063A36000212046FEF7FDFD02B0E9
S21401BC1070BD90F87230FF2BE8D048490968C3EB35
S21401BC20C30301EBC303996A21F010019962DDE7B2
S21401BC3090F86E30032BEAD190F872303F4DFF2B0F
S21401BC400ED02868C3EBC30200EBC20150F83200E5
S21401BC50C4F857008A798888A4F85B0084F85D20C8
S21401BC601B22A4F86820EA8BA4F86420FF2B2A8CF8
S21401BC70A4F8662005D194F86F30012B01D0002E70
S21401BC80C5D0022384F86E30204627F062FF204696
S21401BC9027F019FE94F86F30012B2BD100236B622D
S21401BCA00021204600F0D0F93046009400F084F9D7
S21401BCB06A46ADF8040040F20621214826F0C6FA8D
S21401BCC0002240F20221204626F07CFA2046FEF7AA
S21401BCD049FE204627F0FDFD204601F085FBA368BE
S21401BCE0012123F480432046A36002B0BDE87040E2
S21401BCF028F09ABC94F87230FF2B08D02A68C3EB60
S21401BD00C30302EBC3039A6A22F010029A6227F079
S21401BD10BAFD70B194F9713001330AD1A3680521D7
S21401BD2043F480532046A36002B0BDE8704028F07B
S21401BD3073BC0021204628F07AF9B1E74C2D00208B
S21401BD40A42D0020F0B50378302B85B004460F46AD
S21401BD5039D005D8052B25D0082B41D005B0F0BD2C
S21401BD603E2BFBD183780C2B4CD8022BF6D9033B08
S21401BD70092BF3D801A252F823F000BF15BE01002B
S21401BD804BBF01005DBD01005DBD0100E3BE0100CA
S21401BD905DBD01005DBD01005DBD01005DBD010031
S21401BDA037BF0100B0F80300FEF7E2FC28B1617965
S21401BDB009B141F4805128F0D7FB384605B0BDE8FB
S21401BDC0F04026F00FBBB0F80300FEF7D1FC0028C8
S21401BDD0F3D0A17809B141F4805128F0EDFBECE7EE
S21401BDE0B0F80300FEF7C4FC0028E6D0627990F8AC
S21401BDF0703022B143F0010380F87030E9E703F0B8
S21401BE00FE03F9E7212B00F0B280292B1FD0202B4F
S21401BE10D3D0A3E78088FEF7ABFC0028CDD0E2782C
S21401BE20002ACAD1E179A27942EA0122A0F85E206D
S21401BE30E17AA27A42EA0122A0F86020227A617AA7
S21401BE4042EA0122A0F86220FEF78CFDB5E701A8C0
S21401BE50E27904F10801FCF72FFFA67901A85EBB81
S21401BE60534B5D6A002DA8D003C8A5F85410090CE1
S21401BE70286585F85610E378ABB9A188284628F0DE
S21401BE80D3F8E27EA37E43EA0223A5F85E30E27F82
S21401BE90A37F43EA0223A5F86030237F627F43EA4B
S21401BEA00223A5F86230E2780AB142F480523146A4
S21401BEB02846FFF78DFE80E728F0A0FB054618B15F
S21401BEC040F20323A0F86E30608C4FF6FF73984261
S21401BED005D000F083F80646002DCCD16DE700268C
S21401BEE0FAE7B0F80300FEF743FC00283FF465AF1D
S21401BEF0B4F80530A0F8683090F86C208DF804206E
S21401BF00ADF80630227AE37943EA0223ADF8083029
S21401BF10A27A637A43EA0223ADF80A30227BE37AF7
S21401BF2043EA0223ADF80C3001AA40F20911214878
S21401BF3026F08CF941E78088FEF71AFC00283FF4CA
S21401BF403CAFA179FEF734FD37E78088FEF710FC99
S21401BF5090F86C308DF80430D4F80630CDF8053002
S21401BF60D4F80A30CDF8093001AA0E21DFE780881F
S21401BF70FEF7FEFB00283FF420AF90F86C308DF8FA
S21401BF800430E3788DF80530A3798DF80630E3792F
S21401BF908DF80730237A8DF80830637A8DF80930EA
S21401BFA0A37A8DF80A3001AA4FF40371BFE700BFE8
S21401BFB04C2D0020A42D002050B1074B1B68C31A3E
S21401BFC0807A0C22B3FBF2F340EA032080B270477A
S21401BFD04FF6FF70704700BF2011002009490B7A09
S21401BFE009680246FF2B01D10020704703EB43038B
S21401BFF001EB830031F82330C3F30B039342F4D0F3
S21401C000C37AEFE72011002008B5054B054A1978D9
S21401C010054826F034FD054BF7221A8008BD00BFFF
S21401C0206A3A0020711D0500713A0020FE120020B8
S21401C030A0F11703E82B9DBF024B1880002021209A
S21401C040704700BFFE120020F8B5054648200E4690
S21401C05026F01AFD1E4F0446387818B148222146AC
S21401C06026F010FD94B1FEF7CDFC98B11C2026F009
S21401C0700BFD0146A061387810B11C2226F002FDA6
S21401C080A7692FB92046FCF78DFC3C462046F8BD33
S21401C09000233B700321284627F0C9FFEB6C636041
S21401C0A0EC6417232681002663810A49256022460F
S21401C0B0267766642846FCF7E9F801F019FD324652
S21401C0C0014604F10C00FCF7E1F802232374DDE7D6
S21401C0D0713A002045C1010010B5044670B30068EE
S21401C0E0C36CA34222D16368C3641549224626F075
S21401C0F075F804F10C0026F095F804F1440026F0DA
S21401C10071F9FEF77FFC58B1A06948B1143026F0EA
S21401C11069F9A069183026F065F9A069FCF742FCB8
S21401C1202046BDE81040FCF73DBC1346002BDCD092
S21401C1305A68A242F9D162685A60D6E710BD00BFBC
S21401C14045C1010038B50D4622F0004340F20321F7
S21401C1508B42044638D0B3F5017F09D240F2012262
S21401C160934231D040F2022293420AD0002038BDD9
S21401C1706FF481610B44012BF8D8114628F0D1FAEF
S21401C180F4E7FEF73FFCC0B1154B1988172914D9FF
S21401C190A3691B788BB9636923F0020363612046A8
S21401C1A027F0C4FF48B9A36912219861204628F0F8
S21401C1B0A2FA636943F002036361204628F0EDFBAF
S21401C1C0204627F0ABFAD1E763699B0704D540F216
S21401C1D00941204628F08CFA284628F04BFAC5E794
S21401C1E0FE120020F8B5054618B3002921DB114CD4
S21401C1F02468247E8C421CDD3F291ADC01F00306EC
S21401C20000EBA1017600032404FA06F791F8314009
S21401C21002F0030224EA0704B240224381F83120E7
S21401C22013B1002128F0FAFA2846BDE8F84028F0B4
S21401C23052BBF8BD342E002070B5164600221A7087
S21401C24032800A7A0D46072A4ED8DFE802F0040942
S21401C2500D111A1E304BE86830F8023B338070BD72
S21401C260EB68981D5B88F9E7EB68981D9B88F5E7F6
S21401C270697B1E4B28F01FFB02221880328018466D
S21401C280EDE702231A483380E9E71A4C2B7B23702B
S21401C2902B88E889013363702B8801331B12A37046
S21401C2A0E11C00F031FB033030802046D7E7124C0A
S21401C2B0A889EB89A370020A1B0A20706270E370DA
S21401C2C000F0F8FB50B1C3681A88022A06D19A78A2
S21401C2D02271DB78637106233380E6E70423064880
S21401C2E03380BCE780221A700020B8E79B3A002012
S21401C2F0811D0500883A0020823A0020054A064B37
S21401C3001860136843F001031360044B828B1A8094
S21401C310704700BF642E0020342E002060310020BC
S21401C3202DE9F04F4F4F3E688FB0002316F00806F8
S21401C330CDE90433CDE9063304460CD04A4B03F16C
S21401C340100253F8041B44F8041B9342F9D1002051
S21401C3500FB0BDE8F08F1020FCF7A0F805460028C6
S21401C36077D021F07FFF0220F3F7CCFC0146284668
S21401C370F3F7E8FC00286ED1802204A92846F1F7DD
S21401C380FDF9002867D1B146384B1B68D988B2B28F
S21401C390914218D821462846F1F746FA284621F058
S21401C3A065FF29461020FCF79BF82F4B04F110027D
S21401C3B054F8041B43F8041B9442F9D13B6843F03C
S21401C3C008033B60C3E71A68ADF80E901FFA86FBB8
S21401C3D04FEA0B1802EB0B1B5846019228F078FE29
S21401C3E08246584600F03AFB20B3AAF520539BB28A
S21401C3F0032B019A02D9BAF5245F1DD132F8083011
S21401C400ADF820300DF10E0259460DF10D03002056
S21401C410ADF822A0FFF710FFBDF80E20014609A8CF
S21401C42030F05BF9BDF80E2008A904322846F1F772
S21401C430E9F980B90136A7E70AF55643FF339BB2FF
S21401C440042BF7D832F80830ADF82030ADF822A02A
S21401C450E8E71A207CE7014640F2074027F012FA87
S21401C4609CE700BF642E0020723A0020342E002084
S21401C4700F4B196810B5CC0717D40E4BDA899C8977
S21401C480944212D9490748BF0B499C6848BF0968BE
S21401C49024F81200DA894ABFC8891046801802F1CA
S21401C4A0010248BF80B2DA8110BD4FF6FF70FBE78C
S21401C4B0642E00203C2E0020382E0020144B1B68D2
S21401C4C013F0040370B5014606D0124B1C68E389CD
S21401C4D0002290B2834209D80F4A1468E5890022E7
S21401C4E090B285420AD84FF6FF7006E0A56835F887
S21401C4F012508D4202F10102EBD170BDA66836F8EA
S21401C50012608E4202F10102EAD1034498B2F4E7C6
S21401C510642E0020382E0020342E0020094B1B6884
S21401C5205B070AD5084B1A68D389834203D99368F7
S21401C53033F810007047C01A80B2044B1B689B6822
S21401C540F6E700BF642E0020382E0020342E00208F
S21401C550F0B50E4E0E4FF18832683C8802EB0112A0
S21401C560154600234FF00B0C04EB030E01339BB270
S21401C5709842A5F800E085F809C005F11005F3D842
S21401C58004440844F0803C801046F0BD3C2E002058
S21401C590623100202DE9F041254CA589E389EB1A8B
S21401C5A083428846164613DA0A35ADB26800FCF7B0
S21401C5B0D9F9074610B90020BDE8F081E289A168E3
S21401C5C0520030F08AF8A068FCF7ECF9A760A58164
S21401C5D0A58AE38AEB1A434511DA0A35ADB228017A
S21401C5E0FCF7C0F907460028E5D0E28A2169120166
S21401C5F030F073F82069FCF7D5F92761A582A58884
S21401C600E388EB1AB34211DA1435ADB22801FCF710
S21401C610A9F906460028CED0E2882168120130F03A
S21401C6205CF82068FCF7BEF92660A5800120C3E708
S21401C6303C2E0020F8B51D4CA688E388F31A8342E9
S21401C64007461DDAB0F5FA7F2CBF361806F5FA76DE
S21401C650B6B23046FCF786F90546B0B1E2882168E5
S21401C66030F03BF8124A20681368D188A5EB000C1D
S21401C67003EB011199420AD1FCF794F92560A680D3
S21401C680E38825681D443B44E3802846F8BD5A7A72
S21401C690920704D51A7A22B1013A012A01D9103338
S21401C6A0E8E7DA686244DA60F9E700BF5C2E00204A
S21401C6B03C2E00200B4B0C4A1888D188136810B505
S21401C6C003EB01118B4200D110BD5A7A940707D4AF
S21401C6D0DC88204214BF42F0040222F004025A729F
S21401C6E01033EFE7603100203C2E002010B50E4CD1
S21401C6F0206820B1FCF756F900232360A3800B4C79
S21401C700206818B1FCF74EF900232360A06818B121
S21401C710FCF748F90023A360206918B1FCF742F939
S21401C7200023236110BD00BF5C2E00203C2E00209C
S21401C73038B505464FF4FA70FCF714F9134B186038
S21401C740E0B1134C4FF4FA725A60002120222046C1
S21401C7502FF0EBFF2801FCF705F920601420FCF709
S21401C76001F9A060A020FCF7FDF82368206113B151
S21401C770A36803B118B9FFF7B9FF002038BD0A2333
S21401C780A580A381A3822046F8E700BF5C2E002087
S21401C7903C2E0020034A1368990744BF23F0020386
S21401C7A013607047642E002038B5046809490546B1
S21401C7B00C2220462FF081FF50B90749022204F1CE
S21401C7C00E002FF07AFF18B90C342C60022038BD09
S21401C7D01020FCE7841D0500921D05002DE9F74396
S21401C7E0102801914AD101A8FFF7DEFF022806D1E1
S21401C7F0019B1888FFF762FE03B0BDE8F08310289E
S21401C80002D04FF6FF70F7E71E4B019F186810F035
S21401C810040031D01C4BD3F80080B8F81660002411
S21401C820A5B2AE421AD8194BD3F80080B8F81690C4
S21401C8300025ACB24C45E4D2D8F81000102200EB2B
S21401C840051039462FF039FF01350028F1D1A0191E
S21401C8506FEA40406FEA504080B2CDE7D8F810004A
S21401C860102200EB041039462FF027FF0134002870
S21401C870D6D145F40040BFE70646D4E70228C0D12A
S21401C880B6E700BF642E0020382E0020342E00208C
S21401C89070B505460C46FFF7A1FF4FF6FF739842A9
S21401C8A02AD1022D04D12088BDE87040FFF7E0BDF3
S21401C8B0102D21D1114D2B68DA071DD4104BDE8ABD
S21401C8C09A8AB24218D91A69214602EB061204F175
S21401C8D0100051F8044B42F8044B8142F9D1D88A32
S21401C8E0421CDA822B685B0704D5064B1B68DB8A81
S21401C8F0184480B240F4004070BD00BF642E002092
S21401C9003C2E0020382E0020020408B51DD5124BFF
S21401C9101B685B07C0F30E0013D5104B1A68D38A49
S21401C92098420CD2136903EB001000F1100350F883
S21401C930042B41F8042B9842F9D1102008BDC01AE7
S21401C94080B2074B1B681B69EDE7FFF7E7FD087030
S21401C950000A48700220F1E7642E0020382E0020DD
S21401C960342E0020F8B50D4B1B68DA881D68044686
S21401C97005EB021542F6030726461034A5420AD0F7
S21401C98021B9204628F0A4FBB84204D0204628F05E
S21401C990A9FB0028F0D03046F8BD00BF342E002099
S21401C9A02DE9F0411E4E0C461146FFF7DBFFF388DA
S21401C9B0326800F1100502EB03129542074604D1D6
S21401C9C02046BDE8F041FFF7C3BD521BC2F30F126C
S21401C9D04FEA04181201294605EB04102FF08BFECE
S21401C9E04246002128462FF0A0FE0E49B6F806C0A2
S21401C9F00A88384600230B27A4B202EB030E013344
S21401CA009BB2A342A0F810E0477600F11000F4D3E1
S21401CA10224464440A80F4802846BDE8F08100BFC1
S21401CA203C2E0020623100200B4B1B6870B51D6840
S21401CA30044642F60306A54204D2204621B128F058
S21401CA4051FB38B1204670BD28F042FBB04201D1FF
S21401CA501034F7E7103CEEE7342E0020437ADA076D
S21401CA6002D5C3F380007047034BC2881B881A4265
S21401CA7014BF012000207047603100200A4B1B685C
S21401CA80DB0708D570B1094B1B68DB88834234BFCE
S21401CA9000200120704728B1054B1B88834294BFB4
S21401CAA000200120704700BF642E0020342E002095
S21401CAB06231002070B50246FFF7E0FFE8B10F4B88
S21401CAC01968CD88954209D302F18053013B0C6861
S21401CAD01E0104EB0310A35B93420ED0002398B211
S21401CAE0854201D8002008E00E681C0106EB031001
S21401CAF0345B944203F10103F1D170BD342E002062
S21401CB002DE9F3410025184F0190A8460E463B68D3
S21401CB10D988AAB291421DD91B68ACB203EB0414A2
S21401CB20B4F90430002B1CDA2046FFF797FFC0B19A
S21401CB30E1680B889E4214D132460198023125F0F5
S21401CB400EFEE3681B8882B2934207D0114601A805
S21401CB5025F0D0FE404602B0BDE8F08143441FFAFE
S21401CB6083F80135D3E700BF342E002010B5094CF9
S21401CB702368DB070CD4FFF7B9FD074B1B683BB1F5
S21401CB80064A1360DB88064A0133138001232360BB
S21401CB90002010BD642E0020382E0020342E0020E8
S21401CBA062310020064A1368D90706D413F0020042
S21401CBB003D143F002031360704741F20C00704743
S21401CBC0642E00202DE9F04F934B1B689F0795B00C
S21401CBD040F11F81914C42F6020028F040FAD4F849
S21401CBE00090B4F806B009EB0B1382460193494650
S21401CBF00027019B8B423DD1DFF82492B9F804301F
S21401CC00BB4216D03846FBF7ADFE824688B10646D3
S21401CC104FF0000BE2881FFA8BF39A427CD8D9F8C2
S21401CC200000FBF7BFFEC9F800A0A9F80470A9F838
S21401CC300670DFF8F0810025012340224FF0FF3116
S21401CC4004A8A8F8003025762FF06FFD2E46A946D9
S21401CC50E3881FFA85FA53457DD8E680FFF79AFDEB
S21401CC60B9F1000F02D004A8FCF7B8FA002015B0FD
S21401CC70BDE8F08F4B7ADE061FD49D0704D5084623
S21401CC8028F0DDF9384487B24B88534515D18E8993
S21401CC90C8460023012598B2834510D8AE4238BF56
S21401CCA02E4600F10108B6B21FFA88F809EB081300
S21401CCB03546C3451DD88E81CD81103199E7B8F828
S21401CCC000209642EAD098F80900C0060DD4AA4280
S21401CCD0039208D94046029328F004FA039A029B6D
S21401CCE0002818BF15460135ADB2013308F110080A
S21401CCF0D1E71846029328F0F5F90028DBD1029B0C
S21401CD005A7AD20658BF013508F1010858BFADB2AC
S21401CD101FFA88F81033CCE723681FFA8BF503EB6C
S21401CD2005156B7A03F01203022B09D1284628F069
S21401CD3086F9804620B12B7A2BB1013B012B02D913
S21401CD400BF1010B66E73046E96842462FF0C5FC59
S21401CD50EE604644F4E72768A9B24FEA011B07EBE9
S21401CD6001114B7AD80651D41A0744BF23F00803A1
S21401CD704B724B7A48BF4FF00109980642BF43F009
S21401CD80040323F020034B724B7A48BF4FF001098E
S21401CD905A0644BF23F044034B7237F80B30B8F8F9
S21401CDA00020029348BF4FF0010993421DD908465F
S21401CDB0019228F097F9019AB8B1029BA8F80030C1
S21401CDC0564509D207EB061701F1100351F8042B5B
S21401CDD047F8042B9942F9D1B8F8003001360133EF
S21401CDE0B6B2A8F80030013532E70B7A032B0AD128
S21401CDF04B7B207E3E2B9EBF50336B4403F8400C8A
S21401CE00431C2376487327F80B20D9E74FF0010916
S21401CE10E9E741F20C002AE7642E00203C2E0020B0
S21401CE205C2E0020623100202A4B1B689A072DE9F0
S21401CE30F0414CD5284C2568B4F80680002105EB56
S21401CE4008180E46A8450BD119B1244AD388591A99
S21401CE50D180002E38D1FFF79DFC0020BDE8F0817F
S21401CE606F7A3B0706D5731C28469EB228F0E7F872
S21401CE70084481B227F070076F721035E2E783B27B
S21401CE8002EB03135F7A3F070DD4A94209D202EBE6
S21401CE90011203F1100553F8047B42F8047BAB4200
S21401CEA0F9D1013189B20130E388226885B2AB42FB
S21401CEB0E5D89B1B9BB202EB0312E38032F8103CD1
S21401CEC0074A01331380C6E700200146ECE741F22A
S21401CED00C00C3E7642E00203C2E00205C2E0020B0
S21401CEE0623100202DE9F04F87B083469DF850A0AF
S21401CEF00193BDF840300293BAF1020FBDF84430F9
S21401CF00BDF84890DDF84C8005911646039324D071
S21401CF10994503D9212007B0BDE8F08FB9F1000F7C
S21401CF2002D0B8F1000FF5D0022E1CD1022000214C
S21401CF300646019B13F0300520D09DF85430DD07DE
S21401CF401BD4019B01309C0680B2C3F3001501D5AA
S21401CF5045F002050124032712E04FF00008C14600
S21401CF60CDF80C80E0E7102ED4D105A8FFF71CFC05
S21401CF700228DBD001210846DBE700252C460227E4
S21401CF80FFB23A46C0B2FFF705FB08B91A20C2E75E
S21401CF905846FFF78FFD83460028BBD028F0A2F83D
S21401CFA00028B7D0BAF1020F6CD0039B981D80B24F
S21401CFB0FFF740FB03460028E8D0394601225846D1
S21401CFC00493FFF7EDFC074642F6030028F047F806
S21401CFD03A4A9DF804B07A60102E4FF00502788028
S21401CFE03A720CBF30460220059987F80CB0FFF75D
S21401CFF04FFC029BBB824FF6FF72BAF1010F049BF6
S21401D000F8817882FA823FD0BAF1020F0CBF07226C
S21401D0100122BAF1020F3A7638D10023FB61169B42
S21401D02013B1169A3B8A1380002C45D042F60210A3
S21401D03028F015F8029B7884D90454BF40F6030300
S21401D04040F60313BB84029B87F82C509A0448BF12
S21401D050BB8C1B4A44BF43F40073BB84029B5B0436
S21401D06042BFBB8C43F48063BB844FF6FF73FB84E3
S21401D070032387F82830137E87F82D30591C117644
S21401D080002048E7002398E70222C2E7039AFB61E3
S21401D09083F800B05A80B9F1000FC0D0B8F1000F84
S21401D0A0BDD0BAF1010F08BFA3F804904A46414625
S21401D0B0981D2FF012FBB2E720462CE70108FFFF70
S21401D0C03C2E002010B58EB041F60103ADF8243099
S21401D0D042F60523ADF8283042F62A33ADF82C3057
S21401D0E042F62933ADF830302B4BDB88002B50D17C
S21401D0F0FFF758FD00284AD10DAB022209A90120ED
S21401D10028F021F8002842D14FF4006304210DF1E4
S21401D1103604CDE90031CDE90504CDE903000290DE
S21401D1202023BDF8340002220AA9FFF7DBFE70BBFC
S21401D13040F601031022CDE900320223CDE90504B1
S21401D140CDE9030002901A46BDF834000BA9FFF79B
S21401D150C9FEE0B90DF1230303930123CDE90133A1
S21401D16040F60303CDE905048DF8230004900093EF
S21401D170BDF834000A2302220CA9FFF7B3FE30B92A
S21401D180BDF8340028F02FF808B9FFF71BFD0EB0E4
S21401D19010BD0220FBE700BF3C2E00202DE9F04722
S21401D1A0DFF8F8A0DFF8F880DFF8F89020220646CE
S21401D1B00D46504600212FF0B8FA354A0023C2E941
S21401D1C00033C8F800300123A9F80030002E51D0F2
S21401D1D0304F3B68DB074DD52F4E3368D888143067
S21401D1E080B2FFF7A5FA044618B91A252846BDE805
S21401D1F0F08736680068F288316812012FF06DFA00
S21401D200F388E380337E2376738B6383B38BA383A8
S21401D2103B68BAF8062023F001033B60DAF80030D9
S21401D22003EB02129A421FD1FFF744FA3B6843F020
S21401D23004033B60E3880133A9F80030164B1A68F3
S21401D240C8F80020134A1C60136823F0010313601A
S21401D250002DCBD0E388CBB9FFF734FF0546002875
S21401D260C4D0FFF783FCC1E7597A41F00101597236
S21401D2701033D7E71420FFF75BFA04460028B4D032
S21401D280044A136823F004031360D7E70025ADE7CB
S21401D2905C2E0020642E0020342E00203C2E002020
S21401D2A0382E00206231002008B5002142F20E001F
S21401D2B026F09DFABDE808400148F6F7D9BD00BF43
S21401D2C0FB0C040038B590F86E30032B0446154667
S21401D2D006D1FFF7E9FF012384F86E30002019E03C
S21401D2E0D1B9012B2ED9032140F2064026F07FFA50
S21401D2F0B4F86A30A0F8033045711348F6F7B8FD64
S21401D30026F0B9FA8378002BE5D026F0B4FA8078B7
S21401D31040F4805080B238BDA3B102214FF60440DC
S21401D32026F065FAB4F86A30A0F803300748F6F735
S21401D3309FFD26F0A0FA4379002BCCD026F09BFA6D
S21401D3404079E5E70220E6E7070C0400410C0400FB
S21401D350F8B507460E4642F213000E2115461C4646
S21401D36026F045FAB7F86A30A0F80330BDF8183051
S21401D370A0F80B30BDF81C30A0F80D30BDF82030F9
S21401D380A0F80F30A0F80560A0F80750A0F80940F3
S21401D3900648F6F76DFD26F06EFA807820B126F085
S21401D3A06AFA807840F48050F8BD00BF830C040010
S21401D3B070B506460D4642F27A000421144626F060
S21401D3C016FAA0F80360457184710648F6F750FD19
S21401D3D026F051FA407920B126F04DFA407940F412
S21401D3E0805070BD653F010010B50221044642F22F
S21401D3F0300026F0FCF9B4F86A30A0F803300F4884
S21401D400F6F736FD26F037FA437963B926F033FA94
S21401D410C088FDF7ADF9044628B126F02CFA017A4A
S21401D4202046FDF7C5FA26F026FA407920B126F007
S21401D43022FA407940F4805010BD00BF61420100DD
S21401D440F8B507460E4642F24100082115461C462D
S21401D45026F0CDF99DF81830C3709DF81C30037185
S21401D46047718671A0F80750A0F809400648F6F7FC
S21401D470FFFC26F000FA407920B126F0FCF940794D
S21401D48040F48050F8BD00BFD13E010038B50546D6
S21401D4900C4642F24200062126F0A9F90023437108
S21401D4A08371C3710372C57004710648F6F7E0FC18
S21401D4B026F0E1F9407920B126F0DDF9407940F413
S21401D4C0805038BD293F01002DE9F04106460F4640
S21401D4D042F23600192115461C46DDF8248026F056
S21401D4E086F92B0AC371230A83729DF818300373D9
S21401D4F09DF81C308571447243732D0C9DF82030C5
S21401D500C670240C87800572C4728373D8F8003005
S21401D510C0F80F30B8F80430A0F813309DF8283062
S21401D52043759DF92C3083759DF83030C375002303
S21401D53003769DF8343043769DF83830C376867688
S21401D5400648F6F795FC26F096F9407920B126F0C4
S21401D55092F9407940F48050BDE8F081194001000D
S21401D56038B505460C464FF61940052126F03FF919
S21401D570C57044600648F6F77BFC26F07CF94079D6
S21401D58020B126F078F9407940F4805038BD00BFCC
S21401D590AF09040038B505460C464FF61A4005217A
S21401D5A026F025F9C57044600648F6F761FC26F0BA
S21401D5B062F9407920B126F05EF9407940F4805056
S21401D5C038BD00BFE109040070B50D4606460121CD
S21401D5D0DAB1FFF7C5FF0446A8B9072142F23500C4
S21401D5E026F005F9C6702B684360AB8803810848AE
S21401D5F0F6F73EFC26F03FF9437923B126F03BF9D6
S21401D600447944F48054204670BDFFF7C3FFE2E737
S21401D610850B040010B50A460446042142F2370081
S21401D62026F0FAF803230371002343718371C47053
S21401D6300648F6F71DFC26F01EF9407920B126F0C3
S21401D6401AF9407940F4805010BD00BF730A0400F7
S21401D65010B50A460446042142F2380026F0DCF8EA
S21401D66003230371002343718371C4700648F6F7E0
S21401D670FFFB26F000F9407920B126F0FCF840794E
S21401D68040F4805010BD00BFC10A0400F8B506463C
S21401D6900F4642F23900062114461D4626F0A7F829
S21401D6A001238471240A0371C7704671C47105721F
S21401D6B00648F6F7DDFB26F0DEF8407920B126F0C5
S21401D6C0DAF8407940F48050F8BD00BF0F0B040033
S21401D6D00148FBF7D3BD00BFDDD601002DE9F04FB1
S21401D6E0867987B00C3605900546805BC0F30B0043
S21401D6F0FDF73EF8044618B905A824F073FE4EE07F
S21401D70090F86E30022BF7D1AB5B059AC3F30B0191
S21401D71003F44053B3F5805F9060A95342D1537927
S21401D7206FF300035371836B002BE5D0042105A82A
S21401D73004F1380625F0B7F80599304625F005F8C6
S21401D740A06B00230146DAB20133A1BB012A01D93D
S21401D75025F001F9A06B24F0EDFF03281FD9D4F8BA
S21401D760389099F80670484624F0E4FF0C3709EB28
S21401D770070539F80770A0F10408474521D94A4F33
S21401D780D4F838A007F1100957F804BB53464246AF
S21401D79029462046D8474F450FD00028F4D007B079
S21401D7A0BDE8F08F383024F01DFE059A537943F01A
S21401D7B001035371BAE70968C5E70028EFD130467F
S21401D7C09BE7A06B24F0B6FF04378742F7D369883E
S21401D7D0A1F140033F2B0BD80421304625F063F816
S21401D7E0A26B6988204627F07FFD0023A363D6E756
S21401D7F005290BD0062951D00429E0D1304625F061
S21401D80052F8A16BE06CFDF705F9EEE729462046D4
S21401D81027F068FD02460028D1D12B79122B06D0BD
S21401D820132B36D06979204627F034FDC7E794F8E4
S21401D8306F30022BF6D029898B1F9BB240F67A40B7
S21401D840834224D86A89931F9BB283421FD8914290
S21401D8501DD8AB89B3F5FA7F19D2EF89A7F10A0073
S21401D86080B240F6764C604511D8B4F86600029056
S21401D870B4F86400CDE900702046FFF769FD021E8A
S21401D88018BF01226979204627F0C0FC97E70122DC
S21401D890F8E794F86F30012B91D1C3E7A16B2046CE
S21401D8A025F0F8FFA1E700BF941D0500184622F0F9
S21401D8B0004240F20A439A422DE9F04122D8B2F5DD
S21401D8C0806F02D80020BDE8F0816FF480642244A6
S21401D8D0092AF7D801A353F822F000BF21D9010085
S21401D8E02DD901004BD9010097D901006DD901004E
S21401D8F0B3D90100D7D90100DFD90100C5D801008D
S21401D900F9D901006FF4A0631A44042ADAD8042A6C
S21401D910D8D8DFE812F07A008D009500BA00CE0064
S21401D92005784488654826F02DFA3CE00578446879
S21401D930826900F108030021614826F034FA0028C4
S21401D940C0D00571C0F80540BCE706784588047963
S21401D950826900F1080300215A4826F024FA0028BB
S21401D960B0D00671A0F80550C471ABE7047907780A
S21401D9704688C5881B2C00F108020CBF0421002133
S21401D980514826F035FA00289CD00771A0F80560AA
S21401D990C471058196E7057844884269031D002114
S21401D9A04A4826F000FA00288CD00571A0F80540F8
S21401D9B088E706784588848800F1080200214448F3
S21401D9C026F016FA00283FF47DAF0671A0F8055040
S21401D9D0A0F8074076E7057844883E48A3E7047830
S21401D9E03C4826F0CFF900283FF46CAF072343717B
S21401D9F000230471837165E70478374826F0C2F97D
S21401DA0000283FF45FAF04715CE707784688057924
S21401DA10C48800F108020021304826F0E9F9002800
S21401DA203FF450AF0771A0F80560C571048149E75E
S21401DA30077846880579C488294826F0A3F9EEE7D1
S21401DA4087680479067845887FB1C78800F108029F
S21401DA500021244826F0CCF900283FF433AF0671A4
S21401DA60A0F80550C47107812CE71E483B463A468C
S21401DA70394626F098F900283FF424AF0671A0F83D
S21401DA800550C471077247721CE790F800804788FA
S21401DA900679C5880489144826F074F900283FF4ED
S21401DAA011AF80F80480A0F80570C6710581448125
S21401DAB008E7057844880D4835E700BFB41D050022
S21401DAC0D41D0500A41D0500A81D0500AC1D0500FC
S21401DAD0B01D0500B81D0500C81D0500BC1D0500CC
S21401DAE0CC1D0500D01D0500C01D0500C41D050088
S21401DAF000487047ADD8010070B518B1037813B16E
S21401DB00012B0AD070BDC58884880A4826F03AF9E8
S21401DB100028F7D08580C480F4E7868985888468E4
S21401DB20054826F02FF90028ECD08680C5800481B0
S21401DB30E8E700BFD81D0500DC1D050010B502F0A2
S21401DB40BDFB0146044806F0F5FD04460348FCF714
S21401DB5089FC848010BD00BFF9DA01002802240088
S21401DB6008B5024800F08CF8002008BD71DB010002
S21401DB7037B520F0004018280ED18B79084801915E
S21401DB800C33CA18CD5A947826F0FCF808B1858073
S21401DB90847101A824F026FC012003B030BD00BF2B
S21401DBA0F41D050030B587B0054600208DF80F102E
S21401DBB009F02AFC032806D1002024F046FC04467E
S21401DBC040B91A201DE0002009F01EFC0428F3D0FD
S21401DBD0022016E002220DF11601ADF8165024F0CF
S21401DBE0E4FB01220DF10F01204624F0DEFB0022AA
S21401DBF00023CDE9002304482246182127F0AEFC75
S21401DC00002007B030BD00BF8DDC0100F8B5064628
S21401DC100A480D4617461C4626F0B4F868B19DF82A
S21401DC2018300373BDF81C30A0F80D309DF8203075
S21401DC308780C68005814481C373F8BDF81D050041
S21401DC40024B5860184625F0D7BF00BF2C110020A4
S21401DC50014BD86824F07EBC2C110020014B1860C3
S21401DC60704700BF782E0020014B1860704700BF38
S21401DC70802E0020014B1860704700BF702E0020D8
S21401DC80014B1860704700BF6C2E0020322838B553
S21401DC9004464AD8431E2C4D312B27D8DFE803F023
S21401DCA01919263023282B2E2E3030303246464680
S21401DCB026262626303030483030302626261919BA
S21401DCC01919193030303030301919191919191934
S21401DCD019191E4B1B684BB12A5D042A8CBF002202
S21401DCE00122204618E0084627F0CAFB00231BE065
S21401DCF027F0C7FBFAE727F0C5FBF7E7144BE9E780
S21401DD00144BE7E7144B1B68002BEFD06A7B042A01
S21401DD108CBF002201220D2098470028E6D12B5DFA
S21401DD200133DBB2042BE1D82B5538BD0B4BD1E7C1
S21401DD300B4B1B68002BD9D02A7E042A8CBF0022ED
S21401DD4001221820E8E700BF9D3A0020782E002027
S21401DD50802E00207C2E0020682E0020702E0020B1
S21401DD606C2E0020014B1860704700BF742E0020F7
S21401DD70014B1860704700BF842E002003780D2BDE
S21401DD8003D90E3B052B04D97047034B1B6813B10F
S21401DD901847024BFAE77047742E0020842E0020A5
S21401DDA008B50248FFF766FF002008BDB1DD010097
S21401DDB00F2873B506460D4614460CD010280CD015
S21401DDC00E2806D10D4825F0DDFF40B12B0C8380CF
S21401DDD0C58001240FE00A48F5E70A48F3E754B185
S21401DDE0042027F0ECFB2A46CDE90001064831461F
S21401DDF027F0B4FB0024204602B070BD101E0500BB
S21401DE00141E0500181E05008DDC010008B5044827
S21401DE10FFF724FF0348FFF7A5FF002008BD00BF5A
S21401DE20D5DE01002D53040038B5054603480C46DF
S21401DE3025F0A8FF08B18580C48038BD501E0500B6
S21401DE40112A70B506460D4614460BD81AB1541E53
S21401DE50012202FA04F4044825F094FF10B18680EA
S21401DE60C580846070BD00BF4C1E050070B50646B7
S21401DE7004480D46144625F085FF10B18680C580FE
S21401DE80047270BD481E050038B505460C460448A8
S21401DE90002125F088FF08B18580C48038BD00BF09
S21401DEA03C1E050038B5054603480C4625F06AFFBA
S21401DEB008B18580C48038BD381E0500024A034972
S21401DEC0034802F0AFBE00BF29DE010041DE0100BB
S21401DED06DDE01002DE9F04F89B0431E02AF80468A
S21401DEE00C461546322B47D8DFE813F04D003300B9
S21401DEF046004600460046004600460046004600EC
S21401DF0046004600460046004600460046004600DB
S21401DF1046004600460046004600460046004600CB
S21401DF2046004600460046006F00750085008700E3
S21401DF309500460046004600460046004600B800EA
S21401DF40DD000E011801330033001A018401860139
S21401DF5055010228C1F30B09C1F30B36C1F3016A5F
S21401DF600CD1A64825F00EFF00284ED080F804A05C
S21401DF70A0F80590A0F80760012547E02E280CBF01
S21401DF809F48A048EEE7002009F03EFA81460020AF
S21401DF9027F0B9FB834627F054FC82469A4825F0C1
S21401DFA0F1FE064660B1A9F10403D3F1000949EB7D
S21401DFB0030980F80490A0F805B0C0F807A0012670
S21401DFC0FFF77CFF002ED7D11FE0904825F0DAFE40
S21401DFD0D8B18480D0E727F034FC0646002027F02D
S21401DFE092FB81468A4825F0CDFE70B1A0F80490D8
S21401DFF0C0F80660C0E78748E8E7002027F07CFA0B
S21401E000854825F0BFFE0028B6D185B928461C37BD
S21401E010BD46BDE8F08F8B79804839610C33CA184C
S21401E02051F80390566825F0ADFE60B9A5B10420FD
S21401E03027F0C5FA2246CDE900017948414627F086
S21401E0408DFA0025E2E78660C0F80490012607F104
S21401E050100024F0C7F9B5E72E46F8E7002305229D
S21401E06007F11000F96024F0B3F93B7C6D4897F88E
S21401E07011B097F812A097F813903E7D7B6025F0BB
S21401E08081FE60B17B680672037180F805B080F886
S21401E09006A080F80790012607F10C00D9E7002DAD
S21401E0A0C5D12E46F8E7E94608468AB0396124F01C
S21401E0B041FB23280DF1080B21D839697960084600
S21401E0C024F038FB796802460023584624F080F98C
S21401E0D09DF80A2054489DF808A09DF809600DF1A6
S21401E0E00B03002125F05FFE48B1467180F804A0BD
S21401E0F0012607F1100024F075F9CD4662E70DB14F
S21401E100CD4694E72E46F4E7484825F03BFE002826
S21401E1103FF47BAF230A037144712DE7444870E74F
S21401E120C1F3074A4FF0000907F1100207F10C018D
S21401E1305046C7E9039927F0BDFC3E69A3B2B34236
S21401E1400AD33C4825F01EFE00283FF45EAF80F857
S21401E150049080F805900FE7F61AFA683648642EA0
S21401E16028BF642613444946324625F01CFE002883
S21401E1703FF44BAF16FA84F680F804A0002104F4AD
S21401E1807F02B6B20020CDE9000132433021244897
S21401E19027F0E4F9F0E6C1F3074A4FF0000907F16A
S21401E1A0100207F10C015046C7E9039927F084FCD9
S21401E1B03E69A3B2B34201D32048C3E7F61AFA6810
S21401E1C01F48642E28BF642613444946324625F06C
S21401E1D0EAFD00283FF419AF16FA84F680F804A089
S21401E1E0002104F47F02B6B20020CDE900013243DB
S21401E1F03321CCE71348E9E6134802E7601E050021
S21401E200641E0500681E0500541E0500881E0500D4
S21401E210801E0500841E05008C1E05005C1E050080
S21401E2208DDC0100901E0500441E0500581E0500E9
S21401E230941E0500701E05006C1E0500781E050064
S21401E240741E0500301E0500401E0500012907B595
S21401E2500AD100210020CDE900011F21084827F03E
S21401E2607DF903B05DF804FB0329FAD100200021F3
S21401E270CDE900010AB92021F0E72121EEE700BF30
S21401E2808DDC0100B0B5102B84B00D4602AF1146EF
S21401E2901A4601D0202B25D102F10A0424F00704E6
S21401E2A0ADEB040DD31C8DF808000DF10B007B605F
S21401E2B08DF80A2002AC8DF809502EF00EFA0021D6
S21401E2C07B682246084624F07AFA0021024600209E
S21401E2D0CDE9000104482B2127F040F9002008373A
S21401E2E0BD46B0BD2120FAE78DDC010007B500234D
S21401E2F00022CDE9002341EA00222C21034827F021
S21401E3002DF9002003B05DF804FB00BF8DDC010091
S21401E31007B500230022CDE900232D21034827F06D
S21401E3201DF9002003B05DF804FB00BF8DDC010081
S21401E3301FB58DF809108DF80B3000219DF81830A7
S21401E3408DF808008DF80A208DF80C3002AA0523F6
S21401E350084624F034FA40B100220023CDE9002318
S21401E3602A210246024827F0F9F805B05DF804FBB9
S21401E3708DDC01001FB590F828300293C38C019301
S21401E380D0F822300093038C014600F110020020E1
S21401E39027F030FC04460348FCF764F8848004B098
S21401E3A010BD00BF2802140438B5054603480C46C4
S21401E3B025F0E8FC08B14560047238BD341E05003E
S21401E3C01FB5124A13689842CDE90210104B02D8C5
S21401E3D01C688C4218D210600220196024F035F8AF
S21401E3E0044688B1042203A923F0DFFF042202A910
S21401E3F0204623F0DAFF00220023CDE9002305485A
S21401E4002246232127F0AAF804B010BD8C2E002046
S21401E410882E00208DDC010013B5124CC2F30B02CE
S21401E42004EA033313430A0602F040721A4348B95A
S21401E43000210020CDE9000102210B4827F08EF8CB
S21401E44002B010BD022805D100210020CDE900014F
S21401E4502E21F2E70128F3D100210020CDE90001A9
S21401E4602F21EAE700F0FF008DDC0100F8B5074632
S21401E47007480E4615461C4625F084FC30B1077148
S21401E480A0F80560A0F80750A0F80940F8BD00BF45
S21401E4907C1E050007B500230022CDE900232221BA
S21401E4A0024827F05BF803B05DF804FB8DDC010041
S21401E4B007B500230022CDE900233221024827F0C8
S21401E4C04DF803B05DF804FB8DDC010010B527F0B4
S21401E4D01EFB04460248FBF7C5FF848010BD00BF43
S21401E4E028021415024B188808B927F0EEBA7047AF
S21401E4F06431002030B58FB00DF13705CDE90A2122
S21401E50004460993FFF7EEFF07950DF136050695CC
S21401E510124D0B992D7805950025CDE90305BDF81B
S21401E520500002909DF84C000190BDF84800009004
S21401E530DDE90932204601F0E1FD044658B90848F4
S21401E54001F0FAFE00220023CDE900230548224609
S21401E550012127F003F820460FB030BDD03A002045
S21401E5607DDD01008DDC01001FB50023CDE90133FF
S21401E57000931A4601211846FFF7BCFF04460348DC
S21401E580FBF770FF848004B010BD00BF28021400A2
S21401E59008B5002105480AF0ADFE06F091FB01F032
S21401E5A0B9F80348FFF760FB002008BDFD530400DF
S21401E5B0B5E5010020F00043082B73B506460D466D
S21401E5C0144605D0092B09D00124204602B070BD9F
S21401E5D00E4825F0D7FB58B14560F5E70C4825F005
S21401E5E0D1FB28B103230372042345604372EBE792
S21401E5F0002CEAD0042026F0E2FF2A46CDE90001ED
S21401E6000448314626F0AAFF0024DEE7AC1E0500CA
S21401E610B01E05008DDC010010B5142026F09AFF0F
S21401E620044650B1142200212EF07FF8044A1368E4
S21401E630A360013308BF01231360204610BD00BF4D
S21401E6404011002073B51E4D064628680446B4B92D
S21401E6509AB191B1FFF7E0FF044670B12B68C6602E
S21401E660436003B118602C6000220023CDE900232B
S21401E6701448A268082126F071FF02B070BDE36855
S21401E680B34201D06468E2E70029EDD122680AB1FD
S21401E69063685360636803B11A60A04208BF2B60C9
S21401E6A000220023CDE900230921A268054826F0AF
S21401E6B055FF204602B0BDE8704026F04DBF00BFB2
S21401E6C0902E00208DDC010008B50248FFF750FBB4
S21401E6D0002008BDD9E6010070B503780F3B042B76
S21401E6E011D8DFE803F00310111F2B00184B1B781D
S21401E6F04BB186688588C488164825F043FB10B15F
S21401E7008680C580048170BD114B1B78002BFAD022
S21401E71085888479104825F035FB0028F3D085805C
S21401E7208471F0E70A4B1B78002BECD084880B48E9
S21401E73025F028FB0028E6D08480E4E7044B1B780C
S21401E740002BE0D0BDE87040054825F01BBB00BF9C
S21401E750D13A0020E81E0500E01E0500DC1E05007B
S21401E760E41E050010B50378072B0FD841781F2942
S21401E7700CD8184602F01EFB002840F2034408BFDE
S21401E78000240348FBF76EFE848010BD2124F8E7C1
S21401E7902802220110B50378012B12D841780729E7
S21401E7A00FD882781F2A0CD8184627F0A1F900281E
S21401E7B040F2034408BF00240348FBF753FE84805D
S21401E7C010BD2124F8E700BF2802220313B5044632
S21401E7D00088E288A18801ABC0B226F012FE50B1D3
S21401E7E06188019826F0C7FF04460448FBF73AFE05
S21401E7F0848002B010BD40F20254F6E72802220AD5
S21401E80013B504460088A288618801ABC0B226F021
S21401E810F8FD58B1E1880198002227F010F8044667
S21401E8200448FBF71FFE848002B010BD40F202547C
S21401E830F6E700BF2802220C10B5427A037A88B0A8
S21401E84043EA0223ADF80830C278837843EA02230C
S21401E850ADF81A30837A8DF81C30C37A8DF81D30E6
S21401E860037B8DF81E30437B0446003B18BF012313
S21401E870102200210DF10A008DF81F302DF055FFF2
S21401E8802088E288A18801ABC0B226F0BAFD50B15B
S21401E890019802A926F0B6FF04460448FBF7E2FDFC
S21401E8A0848008B010BD40F20254F6E72802221117
S21401E8B02DE9F047044688B01822002102A82DF061
S21401E8C034FF2088A288618801ABC0B226F099FD8A
S21401E8D010B3019802A926F085FF04461048BDF83A
S21401E8E01AA0BDF808909DF81C809DF81D709DF833
S21401E8F01E609DF81F50FBF7B5FDC5F3000584802B
S21401E900A0F806A0A0F8089080F80A80C7720673DF
S21401E910457308B0BDE8F08740F20254DEE700BF59
S21401E920280A221310B5037853B9411CB0F8110018
S21401E93026F043FF04460848FBF794FD848010BD8B
S21401E940012B07D1B0F81110421CB0F8130026F0C5
S21401E9503EFFEFE72124EEE72802221A2DE9F04FC9
S21401E9602DED028B8FB01E469DF8743007939DF8EF
S21401E970783005939DF87C30069308EE102A804681
S21401E9800D4626F0ABFE0228DDE921ABBDF8689006
S21401E9909DF8704039D128460AA927F085F8054622
S21401E9A000287ED10DF126010AA80DF0C7FE054606
S21401E9B0002876D1BDF82630434501D0212570E0E8
S21401E9C00AADBDF86C204946304626F0BAFE074629
S21401E9D0002864D02AF0CEFA002869D0059B3F2B88
S21401E9E0ECD8374E3068002850D1209A5346032180
S21401E9F023F0E5FE306030B1032123F0B9FD30B9D4
S21401EA002F4823F0EFFC19254BE00025D9E73168A4
S21401EA10059A8B790C33C81862F03F02CA54A0F8E5
S21401EA2001903068002123F096FF069B002B41D011
S21401EA30079B002C18BF042413B144F01004E4B261
S21401EA403168BBF1000F37D15A465B46CDE9023239
S21401EA50CDE900142B4618EE101A424638462AF025
S21401EA6084F90546BBF1000F08D0164A1388ABF8A7
S21401EA7000300133C3F30E037BB113808DB93560CB
S21401EA8028460FB0BDEC028BBDE8F08F20995246A8
S21401EA9023F065FE5045C4D0B2E70123EDE740F20E
S21401EAA0025507480368002BEAD023F09BFCE7E7F2
S21401EAB00225F6E7069DE3E7024B1A88024BC5E7F7
S21401EAC0982E002002130020F9EC010070B59CB2CC
S21401EAD00646154634B1044825F054F910B186802F
S21401EAE0C480057270BD00BF041F05002DE9F04FFC
S21401EAF01F46B7B0002306463846CDE904120B93ED
S21401EB0026F0ECFD0228DDF804919DF808A158D006
S21401EB10304626F026FE0290484623F00BFE1FFAEA
S21401EB2080F8B8F1020F054651D900230322494661
S21401EB300AA823F04DFC9DF82830DFF898B003F0C2
S21401EB403F030393CAF380030193ABB203240893F4
S21401EB50304626F00AFE0690304626F004FE089B54
S21401EB6007901D1BA82DA8BFA825AAB22346494673
S21401EB700CA809922C4423F02BFC099A0B9D0CAB94
S21401EB8000215846A4B225F00EF9B8B1029BC38005
S21401EB90079B0381069B4381059B8381049BA0F809
S21401EBA00F30019B4374A8EB0402039BC3745342CA
S21401EBB053418780857380F812A00375A045C7D896
S21401EBC005E040980BA926F071FF0028A0D037B0C9
S21401EBD0BDE8F08F001F05002DE9F74F9DF8307056
S21401EBE09DF83440424D98463F2F4FF00003DDE933
S21401EBF00EB98A460193ADF802308DF8013068D817
S21401EC0026F09FFD064600286DD02AF0B3F90028AD
S21401EC106CD02868002851D14B465A46032123F070
S21401EC20CEFD2860002852D0032123F0A1FC2B68DA
S21401EC309A79134467F03F071F73A3F80DA028685D
S21401EC40002123F088FE002C34D0109B5BB1294AAA
S21401EC50109913880B80ADF8023001336FEA4343F5
S21401EC606FEA53431380022228680DEB020123F05A
S21401EC7076FD022828D1B8F1000F05D09DF80130A5
S21401EC8043F010038DF80130012228680DEB0201D4
S21401EC9023F065FD012817D1304626F068FD019066
S21401ECA010B101A823F09EFB29683046002426F007
S21401ECB060FD2C60204603B0BDE8F08F4A465946F9
S21401ECC023F04DFD4845BAD0094823F08BFB1924A3
S21401ECD0F0E721242B68002BECD0054823F082FBBB
S21401ECE000232B60E6E740F20254F3E70224F1E743
S21401ECF0942E00200013002070B5064604481446E2
S21401ED001D4625F03FF810B18680C580047270BD9F
S21401ED10041F050010B58AB000230893827B079272
S21401ED2000F10F020692427B0592027BCDE9033287
S21401ED30C37A0293B0F809300193B0F80730009314
S21401ED40B0F80530B0F8032081780088FFF706FE9A
S21401ED5004460348FBF786FB84800AB010BD00BF5B
S21401ED602802190010B586B000230493027A039294
S21401ED7000F109020292C279019282790092828898
S21401ED8041880088FFF728FF04460348FBF76AFB23
S21401ED90848006B010BD00BF2802190110B5828814
S21401EDA04188008826F0CDFC044658B12AF0E2F8E6
S21401EDB058B1204626F036FD04460548FBF752FBBF
S21401EDC0848010BD40F20254F7E70224F5E700BF45
S21401EDD02802190373B505462AF03FF8044608B120
S21401EDE0122829D1EA79402A30D805F108036FF0B4
S21401EDF007001C46401BC1188A4223D8AA88698886
S21401EE00288826F09EFC064610B32AF0B3F810BBFD
S21401EE10AB79124AE979002B114B08BF0023CDE9E3
S21401EE200032304622460F4B2AF01AF8044618B92B
S21401EE300146304626F09DFC0B48FBF713FB848009
S21401EE4002B070BD13F8011B3F29D4D92124F3E782
S21401EE5040F20254F0E70224EEE700BFCDEA0100DB
S21401EE6023540400EDEA01002802190408B50448F9
S21401EE70FBF774FA18B9BDE8084024F0F2BE08BDE5
S21401EE801C1F050008B50448FBF768FA18B9BDE869
S21401EE90084024F0E6BE08BD241F05002DE9F04316
S21401EEA085B06C4684E80F001948BDF84090DDF83F
S21401EEB04480BDF848709DF84C60FBF74FFA18BBCC
S21401EEC0144B1B680DF1100C1D1D224603CA62452A
S21401EED028606960144605F10805F6D10CAA03F10D
S21401EEE0140110A852F8044B41F8044B8242F9D1A0
S21401EEF0A3F82490C3F826805F8583F82C6005B0BC
S21401EF00BDE8F04324F0ADBE05B0BDE8F08300BF18
S21401EF10341F0500EC2D002008B50448FBF71EFA47
S21401EF2018B9BDE8084024F09CBE08BD2C1F05009A
S21401EF3038B5054606480C46FBF710FA38B9054BB6
S21401EF401B681D715C71BDE8384024F08ABE38BD6F
S21401EF50641F0500EC2D002070B5064607480D46D7
S21401EF601446FBF7FBF940B9054B1B681E715D7132
S21401EF709C71BDE8704024F074BE70BD6C1F050026
S21401EF80EC2D00202DE9F04180460A480F46164632
S21401EF901D46FBF7E3F950B9074B1C68A4F804803B
S21401EFA0E78026816581BDE8F04124F05ABEBDE8C0
S21401EFB0F08100BF4C1F0500EC2D00202DE9F0412B
S21401EFC080460A480F4616461D46FBF7C7F950B954
S21401EFD0074B1C68A4F80480E78026816581BDE89C
S21401EFE0F04124F03EBEBDE8F08100BF441F05009D
S21401EFF0EC2D00202DE9F74F804616461D46BDF83C
S21401F00030209DF8343013489DF838B09DF83CA068
S21401F0109DF8409001920F460093FBF79FF9A8B91F
S21401F0200D49019A0C68009BA4F80480E7802681AC
S21401F0306581A281A37384F80FB084F810A084F8C8
S21401F040119003B0BDE8F04F24F00BBE03B0BDE84D
S21401F050F08F00BF5C1F0500EC2D00202DE9F84F56
S21401F06083461B48DDF828A0DDE90D7689469046E3
S21401F0701D46FBF773F9044638BB164B1B68A3F80D
S21401F08004B0A3F80690A3F80880FBF7BDF9124B6D
S21401F09004461A680DB1D3882B80BAF1000F02D04E
S21401F0A01389AAF800300B9B13B10B99937A0B7056
S21401F0B00C9B13B10C99D37A0B700FB1137B3B7079
S21401F0C00EB1537B3370FBF7B7F92046BDE8F88FD6
S21401F0D0541F0500EC2D0020F02D002084B0F8B55B
S21401F0E0054607AC1048BDF82C70BDF8306084E8C2
S21401F0F00E00FBF733F998B90C4B1B680BA91D7171
S21401F1005A1D54F8040B42F8040B8C42F9D1A3F8AB
S21401F1101570A3F81760BDE8F84004B024F0A1BD4F
S21401F120BDE8F84004B070473C1F0500EC2D0020F8
S21401F1302DE9F74F1C469DF84030019307460E46D1
S21401F14015461448BDF830B0BDF834A09DF8389087
S21401F1509DF83C80DDE911230121FBF70FF9B0B9D9
S21401F1600D4B019A1B689F809E71A3F80750A3F868
S21401F1700940A3F80BB0A3F80DA083F80F9083F80D
S21401F18010805A7403B0BDE8F04F24F06ABD03B096
S21401F190BDE8F08F841F0500EC2D00202DE9F84313
S21401F1A080460F4616461D460B489DF82090DDE921
S21401F1B009230121FBF7E2F860B9084B1C68A4F8A3
S21401F1C00480E7802681A57284F80B90BDE8F84399
S21401F1D024F047BDBDE8F8838C1F0500EC2D002008
S21401F1E070B5064607480D461446FBF7B7F840B912
S21401F1F0054B1B689E80DD801C81BDE8704024F0B5
S21401F20030BD70BD7C1F0500EC2D00202DE9F041BE
S21401F21080460F4616461D460948DDE906230121AC
S21401F220FBF7ACF850B9074B1C68A4F80480E780DC
S21401F2302681A572BDE8F04124F013BDBDE8F0813A
S21401F240741F0500EC2D002070B5074B074E0D46C8
S21401F2503160014618782CF000F8044610B10023FE
S21401F2603360A847204670BDD23A00209C2E00206D
S21401F27070B51446024609481D46007800232CF056
S21401F28012F848B944B10346054822462946007893
S21401F290BDE870402CF007B870BD00BFD33A00201F
S21401F2A0D43A002008B5064B18781BF023FE28B97F
S21401F2B0044B1878BDE808401BF01CBE08BD00BF13
S21401F2C0D33A0020D43A002010B5114B1B7886B0F3
S21401F2D0B3B102AC0621204626F07DF970B99DF83F
S21401F2E00D300C4803F03F038DF80D3004AB00934E
S21401F2F094E80C00007803211BF0BCFD06B010BD9D
S21401F300044B187806B0BDE810401BF0E1BD00BF05
S21401F31048130020D23A00202DE9F04F2DED028B44
S21401F32089B008EE100A03922D4A0F4607CA99467D
S21401F3302C4B05AE93F800A086E80700BAF1040F3F
S21401F3400CBF4FF0040B4FF0010BB046002558F8E8
S21401F350040B1BF02DFD044668B12DB9204609B0FB
S21401F360BDEC028BBDE8F08F013D56F825201078E4
S21401F3701BF0D2FDF1E70135032DE8D11A4D5246B7
S21401F380287859462BF0A7FF0446D8B9039B00936B
S21401F39018EE101A234628783A461BF021FD04463B
S21401F3A080B9287849461BF03DFD044650B9014610
S21401F3B028781BF04BFD044620B9FFF785FF04466D
S21401F3C00028CBD0094B28781F78094B1E781BF0F4
S21401F3D0A3FD38461BF0A0FD30461BF09DFDBDE7A2
S21401F3E0941F050047130020D23A0020D33A00208C
S21401F3F0D43A0020064B186800B97047037E022BEA
S21401F40001D1037B0BB18068F6E70120704700BF8E
S21401F410B42E002073B560BB01A803F0F5F9019D79
S21401F4200120002600224FF6FF71ADF804608DF82A
S21401F430036025F0B3FC0446C8B10DF10303014691
S21401F44001AA002025F0CAFB9DF803309BB9BDF840
S21401F4500420022A0FD129462DF02FF958B9074B5F
S21401F4601B6804F180541868013C00EB041002B0DC
S21401F47070BD034DD4E7601C80B2D3E700100020B6
S21401F480A01F0500F8B5164605460F4626F005F8F6
S21401F490104B114984B2002D18BF19460220FDF702
S21401F4A09DF94FF6FF710246204625F077FC0B4B7F
S21401F4B00B493880002D18BF19460220FDF78EF93A
S21401F4C04FF6FF710246204625F068FC308000208A
S21401F4D0F8BD00BFA61F0500A31F0500AC1F050051
S21401F4E0A91F05002DE9FF4105460F461646CAB974
S21401F4F0314B32491B6803EB4013D87F0092134609
S21401F5002F4A128809881BF06BFC0446C7B92A4BA0
S21401F510186800EB4515E87F1BF0ECFC204604B0AC
S21401F520BDE8F081012A42D1234B264A1B682649B1
S21401F53003EB4013D87F002300931288E2E70024F0
S21401F5402249C5F3C40205F007038A5C2049CB5C57
S21401F5501A4229D0022EDFF860804FEA451717D1EC
S21401F560D8F800301B4A3B44106802909288D87F36
S21401F570ADF80C201BF0BEFCD8F800303B4402ACC2
S21401F580D87F009494E80C0031461BF073FC0446C7
S21401F590002CBCD1D8F80010C8190223C218C95BC8
S21401F5A0C07F2BF080FE0446002CB7D0AFE70029C1
S21401F5B0C5D10C46ABE700BFC02E002006130020C5
S21401F5C004130020081300200A130020F63A002036
S21401F5D0B51F0500AF1F0500CA08044B01F007015F
S21401F5E0595C835C23EA010383547047B51F050009
S21401F5F0084B1B7870B504461BB1074B074D1868BE
S21401F60000B970BD037E866855F8233021469847B9
S21401F6103046F5E7163B0020B42E0020C01F05003B
S21401F62038B5044600200D4625F037FFA8421BD109
S21401F630FFF7E0FEC0B10F4A92F900304BB1012B43
S21401F6400CD0013303D1003C18BF012414700020F4
S21401F65038BD003C18BF01246442F7E7002C08BF00
S21401F6604FF0FF331370F2E729462046BDE83840D5
S21401F67025F019BF491300200B460749097831B117
S21401F680017E022905D1818B407E1BF013BD0F2020
S21401F69070470220704700BF163B00200A4B1B78BC
S21401F6A007B51BB9002003B05DF804FB0023407EBC
S21401F6B0ADF806300DF1060124F029FE0028F1D13F
S21401F6C0BDF80600EFE700BF163B0020074B1B788E
S21401F6D010B5044643B1012025F0DFFE0146204661
S21401F6E0BDE81040FFF79CBF0F2010BD163B002061
S21401F6F0074B1B7810B5044643B1002025F0CDFE1C
S21401F70001462046BDE81040FFF78ABF0F2010BD16
S21401F710163B00202DE9F8432C4D2B78002B4ED1BB
S21401F7204520FCF785FC0120FFF774FE00B1C08878
S21401F730274C20600020FFF76DFE00B1C0882368CB
S21401F74003433ED0DFF89C80DFF89C90B8F80600B3
S21401F7504001F9F707F9C9F80000A0B30026B8F888
S21401F76006309E4211D31B491B480022F8F78EFD36
S21401F7700446C0B9194B1A4A1A6001232B70FFF7C9
S21401F780A5FF2046FFF7B4FF0DE0D9F8000000EB17
S21401F79046101F301BF00CFB7701044668B1203F72
S21401F7A017F1200F02D12046BDE8F883D9F80030C2
S21401F7B03B44D87F1BF0B0FBF1E70136CFE70024CE
S21401F7C0F1E70F24EFE71A24EDE700BF163B002010
S21401F7D0BC2E0020E7540400B02E0020B82E0020D6
S21401F7E0F1F50100D8D80400C02E00200B4B1B7881
S21401F7F070B58BB10A4D0B4E28700024F3889C42DD
S21401F80001D3002070BD297803222046FFF76AFE47
S21401F8100028F7D10134F1E70F20F3E7163B00206B
S21401F820F53A0020D8D8040010B50346F0B1826836
S21401F8300AB141685160596801B18A600C4C22686E
S21401F8409A4204BF9A6822600021202218462CF0B2
S21401F8506CFFF9F7A7F8206818B9BDE81040FFF764
S21401F860C5BF037E012B01D08068F5E710BD00BF40
S21401F870B42E00202DE9FF410323057B0376D0E952
S21401F880047804460E46FFF7CFFF45B9FFF7B2FDF1
S21401F89028B90D4B93F9005065B1012D0AD001230B
S21401F8A08DF804300296424601A92046B84704B0B6
S21401F8B0BDE8F081FF221A7025F0EFFD01462846CB
S21401F8C025F0F1FDEBE700BF4913002008B5054B15
S21401F8D01B7823B10021FFF7CDFF002008BD0F20C4
S21401F8E0FCE700BF163B00201FB50B68244A23F433
S21401F8F07F4323F007039342044623D002F180722C
S21401F90093420ED0A2F10172934219D18A79437EB5
S21401F9109A4215D10021204604B0BDE81040FFF7F9
S21401F920A9BF0A79437E9A420AD1B1F80520838B92
S21401F9309A4205D1CB79012B02D10B89DB07E9D598
S21401F94004B010BDCB79522BFAD10A79437E9A4284
S21401F950F6D1B1F80520438B9A42F1D18B7A01F1A9
S21401F9600B020021084622F02AFF02238DF80430FC
S21401F9700290D4E9043201A920469847E0E700BF87
S21401F980A0000A0210B50A68034622F47F42224804
S21401F99022F00702824286B038D000F1017082421E
S21401F9A030D1B1F805009A8B90422BD1CA79012A41
S21401F9B028D10A89D40725D5184A09791268BAB90F
S21401F9C09A7F597642F001029A770220002201922C
S21401F9D0ADF808208DF80C2001A9187603C9049209
S21401F9E0ADF81410D3E9044203A91846A04709E06C
S21401F9F0907FC00708D5507E884205D1107B1A7BC0
S21401FA009042DDD106B010BD9268D8E7012006B05D
S21401FA10BDE81040FFF7EABEA0000601B42E0020A4
S21401FA202DE9F04F85B005460193244B1B78894696
S21401FA309046002B39D0224F3E6866BB0DF10E0270
S21401FA4003A92846FFF71EFD824600BB2020BDF80D
S21401FA500CB0BDF80EA0F8F785FF044658B3202277
S21401FA6031462CF062FE3B682573C4E90498A4F87D
S21401FA701AB0A4F81CA0A36003B15C6001203C602E
S21401FA80FFF7B4FE824658B12046FFF7CDFE50463A
S21401FA9005B0BDE8F08F327E012A09D0B668CCE702
S21401FAA001232376019B1C60F1E74FF00F0AEEE776
S21401FAB04FF0020AEBE74FF01A0AE8E7163B002080
S21401FAC0B42E00202DE9F04F2DED028B1746324A59
S21401FAD085B012789DF840B008EE101A0446002A48
S21401FAE050D02E4AD288824252D9DFF8C4A0C6B27C
S21401FAF0C0F3C40500F00708002B39D0DFF8AC903E
S21401FB001AF8086019F805203240039242D14FF4E2
S21401FB107A70584325F053FD039A009204F58051FC
S21401FB20034641F000411E4822F038FB58BB19F845
S21401FB3005301E4309F805601A4B1B68620103EB8A
S21401FB4044109F5218EE101A3A4602302CF0C5FDAA
S21401FB50154A1AF80810535D0B43535501215A46AE
S21401FB60204605B0BDEC028BBDE8F04FFFF7BABCEE
S21401FB7000F580510A4822F0FBFA0C483146FFF79F
S21401FB802BFDD9E70F2005B0BDEC028BBDE8F08F49
S21401FB902120F8E70220F6E7163B0020D8D804001B
S21401FBA0B02E0020C02E0020F63A0020D53A0020C4
S21401FBB0B51F0500114B1B7813B50446CBB1104B8E
S21401FBC0DB88984217D200F580510E4822F0D0FA11
S21401FBD0E1B20D480191FFF7FFFC01990B48FFF7D1
S21401FBE0FBFC032200212046FFF77CFC002002B02C
S21401FBF010BD0F20FBE72120F9E700BF163B0020D0
S21401FC00D8D80400B02E0020D53A0020F63A0020BD
S21401FC10124B1B78F7B5DBB90F2003B0F0BD04F526
S21401FC208051304622F0A4FAE1B238460191FFF73E
S21401FC30D3FC01990A48FFF7CFFC20460322002196
S21401FC40FFF750FC0134EB889C42E8D30020E4E740
S21401FC50044D054E054F0024F5E700BF163B002076
S21401FC60F63A0020D8D80400B02E0020D53A00205D
S21401FC7037B54378314AC3F34113012B044602D109
S21401FC80137003B030BD117809B9022B01D10023DE
S21401FC90F6E7417AC06828F026FF0028F1D011F077
S21401FCA05FFD1F28617805D1254B1B78012B01D1FB
S21401FCB00B0640D401F00703032B3CD111F0600181
S21401FCC039D1E2681378002B2ED05078A0F129059F
S21401FCD0022D1FD80232013B084622F070FD024673
S21401FCE040B1E068257A4078234613F9021B009557
S21401FCF000F0EEFA134B1D68002DC2D0E26853786F
S21401FD00293B022BBDD9617AA01C2B4603B0BDE866
S21401FD1030401847242807D10B490D68002DE9D03B
S21401FD20591E901CA847E5E7084B1B68002BE1D03D
S21401FD3020469847DEE7064BF7E700BF173B002053
S21401FD4047130020C42E0020D02E0020CC2E0020E9
S21401FD50C82E0020044B187804284FF0020118BF63
S21401FD6001201BF0E1B900BF471300201FB5414B2E
S21401FD701B78002B54D003683F4A23F47F4323F0BB
S21401FD800703934233D00CD802F17F42934249D005
S21401FD9002F57F02934262D004B0BDE8104000F045
S21401FDA015B9364A9342F7D10279530738D4437BC3
S21401FDB08DF80030032A98BF314B017F94BF9B5CBE
S21401FDC0042343EA411363F07F038DF80130D0F832
S21401FDD00530CDF80230B0F80930ADF80630C37AF8
S21401FDE08DF80830837F8DF809301F3014E0437C8E
S21401FDF08DF8003003798DF80130D0F80530CDF854
S21401FE000230B0F80930ADF80630C37A8DF8083004
S21401FE10437D8DF80930163003906846FFF728FFBA
S21401FE2004B010BD03795A07FAD4427B8DF800203E
S21401FE30032B96BF124A0423D35C8DF80130D0F809
S21401FE400530CDF80230B0F80930ADF80630C37A87
S21401FE508DF80830837D8DF809301730DCE7094BC3
S21401FE6002791B789A42DBD1074C23689847002316
S21401FE702360D5E7183B0020A0000501A00005027D
S21401FE80D01F0500D23A00209C2E002070B50D4BE5
S21401FE901E780546042E0C460A4601464FF0000021
S21401FEA018BF01261BF01CF958B9022130461BF079
S21401FEB03BF930B9044B01221A70044B1D80044BE8
S21401FEC01C8070BD47130020183B002066310020BF
S21401FED06831002070B5074C204622F083FA656829
S21401FEE03DB10022A368E168AC461046BDE870400B
S21401FEF0604770BDD42E0020044A0346106800B93E
S21401FF00704702689A42FBD04069F8E7F02E00205D
S21401FF100B4910B50A6813461C465B6933B960B1D4
S21401FF2082420AD153690B60104604E08342F3D142
S21401FF305A6962611846F8F735FD002010BD00BF0A
S21401FF40F02E00202DE9F843114D1E462B68013393
S21401FF5008BF01238146884617462B602C68204639
S21401FF60FFF7CAFF80B91820F8F7FCFC094B0446D6
S21401FF701A684261286884F804902060C4E9028700
S21401FF8026611C60BDE8F88301342C60E6E700BFFB
S21401FF90E42E0020F02E00207FB5089E154604466C
S21401FFA000B903AC0A4601200021FFF7CBFF00236E
S21401FFB020600246009345F000413346024822F095
S21401FFC0EDF804B070BD00BFE82E0020064B1B689C
S21401FFD010B5044603B19847044B1B681BB1204675
S21401FFE0BDE81040184710BDA42E0020B82E0020F2
S21401FFF008B5094B1A7872B901201870F8F7B2FCE7
S214020000064B0749186002460648F8F73FF9BDE86E
S214020010084025F03ABA08BD193B0020EC2E002015
S21402002013550400E82E0020F0B591B001AC20462E
S21402003025F085FA054600284FD0ECF787FC2D4DB3
S2140200400AAE03460A4605F1100EB44628686968E9
S214020050374603C7083575453E46F7D1110E8DF86B
S2140200603810110C8DF839108DF83B20110A1A0E33
S2140200708DF83C201A0C8DF83D2005AE1A0A8DF834
S2140200803A108DF83E201821324660468DF83F30F1
S21402009025F0E4FC054698B996E80F0084E80F00C0
S2140200A09DF80B3003F00F0343F050038DF80B302E
S2140200B09DF80C3003F03F0363F07F038DF80C309D
S2140200C00D4A234603CBB342106051601C4602F130
S2140200D00802F6D1284611B0F0BD074A05AE2346FF
S2140200E003CBB342106051601C4602F10802F6D1FF
S2140200F0F0E700BFD41F05004C1300202DE9F0479F
S2140201003B4E88B005460C469146002120226846A2
S2140201109846BDF848A0149F2CF007FB3378002BB6
S21402012061D1FFF765FFBAF1000F03D004F00203B6
S2140201302B435AD0FFF778FF00284DD1BDF8403048
S2140201408DF81A309DF844308DF81B308DF8165015
S2140201509DF90C308DF817408DF818908DF819809F
S214020160ADF814A0002F3AD19DF85420002A14BFEF
S2140201700622002213438DF80C30BDF84C30ADF841
S2140201801C301C4B04931C4B00931C4B01931C4BC2
S2140201901C490293684627BB02F024FBE0B9002004
S2140201A025F071F925F0B1F9164B1878169B1870E0
S2140201B007F02AF9179B1870134843790279418889
S2140201C00088FFF7A9F838B9104B59881888FFF746
S2140201D05DFE08B90123337008B0BDE8F087062239
S2140201E0C8E7B847DAE70220F6E72120F4E700BFBF
S2140201F01A3B00204C1300204A130020481100200E
S214020200D8D804001B3B00200C1300201213002039
S214020210D3B50F4614460646EFF7DAFA4FF47A726B
S2140202200023A4FB000119F09BFB3B46CDE900012D
S21402023049F2010202493046FFF7AEFE02B0D0BDD7
S2140202404979020010B502460446064B064821F0DC
S21402025087FF2046FFF750FE18B1BDE81040FFF7B3
S21402026057BE10BD03550400E82E0020024B186846
S214020270003818BF012070474411002030B4094CE2
S214020280029D24684CB1084CC4E90001C4E9022569
S21402029030B130BC0549FEF7D7BF0F2030BC7047DF
S2140202A02120FBE744110020D42E0020D5FE0100B9
S2140202B0014B1878704700BF47130020034B1B788A
S2140202C0042B0CBF28200A20704700BF47130020CB
S2140202D0F7B52A289DF8206001921C4612D008D84D
S2140202E016281BD0292813D001A822F07BF821203B
S2140202F00CE02B28F8D10B460198324621460FF027
S21402030017FF02E010462AF060FB002003B0F0BDA3
S21402031001983246194626F094FFF6E7054B186810
S2140203200028F3D0476801980B4632462146B84764
S214020330EBE700BF942F0020014B186000207047A7
S214020340F42E0020024B1B6803B11847704700BF0B
S214020350F42E0020036830B583B1C388102B0FD863
S214020360084C034600F1300518685968224603C255
S2140203700833AB421446F7D1002030BD2320FCE7F9
S2140203801A20FAE7781100200048704778110020FA
S214020390044B1B68DA6822B1B3F83310B3F83100A5
S2140203A010477047B81100202DE9F04F284C2368FB
S2140203B08FB093F8108006F033FDC10744BF236860
S2140203C05D7C236848BF05F0010593F8129058BF7C
S2140203D0022506F025FD820745BF2368DE7C02263D
S2140203E006F0010606F01CFD430744BF23681F7D86
S2140203F0236848BF07F0010793F83BA093F83CB088
S21402040058BF0227FFF7C0FF2368C08806A903F17A
S2140204103E0208F07F0809F001095E330C4632F806
S21402042002CB21F802CB9A42F9D1CDE90304CDE9F9
S21402043001AB009733464A462946404627F045FD1B
S214020440002814BF092000200FB0BDE8F08F00BFBF
S214020450B8110020022838B51AD8104D2B681A7D1C
S214020460904217D0022A17D0022815D01875DB8CB6
S2140204705B0744BF01230B60FFF796FF084B1B6820
S21402048004461BB12A685B68107D9847204638BD33
S214020490FF24FBE70024F9E70F24F7E7B811002052
S2140204A0042F002001F0070141EAC202022810B41C
S2140204B0D2B21BD8104909684C7CA04205D191F8EB
S2140204C03C40944203D1002011E0022C12D00228B4
S2140204D010D081F83C20CA8C4874D20748BF01224B
S2140204E05DF8044B48BF1A60FFF75EBFFF205DF859
S2140204F0044B70470F20FAE7B81100200228F8B51F
S21402050004460D462DD81A4E3368DB7C98422AD014
S214020510022B0DD001280BD1164F3B6843B11B6846
S2140205209847012804D13B6813B1DB68002098473E
S2140205303368DA7C022A01D10F20F8BD022CFBD0E8
S214020540DC74DB8C9B0744BF01232B600A4B1B68C1
S214020550002BF1D02046984738B9BDE8F840FFF79F
S21402056023BFFF20E9E70020E7E70E20E5E700BF0C
S214020570B8110020642F0020102F002070B50D4601
S214020580B8B170BD0134FFF7FFFEC388A342F8D9A5
S214020590336804F11C0203EB4203B3F90610DA884F
S2140205A00029EFDAC2F30B02AA42EBD10022DA806C
S2140205B0E7E7014E0446E6E7B81100202DE9F041D0
S2140205C0054692B0002406F077FCA04200F28F8027
S2140205D0002006F077FC002106F054FD07460028AE
S2140205E000F08D80684C69492068F022D0F8688057
S2140205F02CF073F826682022C6F86880002106F1DF
S2140206003E002CF092F805B1356006F009FC23682E
S214020610C6074CBF002202225A7406F001FC236869
S21402062085074CBF00220222DA7406F0F9FB236823
S21402063040074CBF012202221A7527F0F9FB002858
S21402064000F099800023049309AB03930DF1230372
S21402065002930DF1220301930DF1210300930DF194
S2140206601F0208AB0DF11E010DF11D0027F0E3FB82
S214020670002839D1099B102B7BD89DF81D302268A3
S21402068003F07F03137406F0CBFBC10741BF9DF84E
S2140206901E30226803F0010353749DF81F3022684F
S2140206A003F00103937406F0BBFB420741BF9DF8BB
S2140206B02130226803F00103137523689DF8222077
S2140206C083F83B209DF8232083F83C200AAE0023C3
S2140206D0CDE90233CDE9003304961A461946184688
S2140206E027F0A9FB054698B141F2093009E02046F9
S2140206F006F0E8FB002106F0C5FC28B934B940F242
S214020700025012B0BDE8F081002C39D101345AE70C
S214020710236803F13E025E3336F8021B22F8021B00
S2140207209A42F9D106F07CFB830709D5184B1B6861
S21402073033B19DF82000226800F00100D07498477B
S214020740FFF722FEC388AB420CD8099B0F2B03D8B7
S214020750FFF72AFE0028C7D138460E4925F0C5FE07
S2140207600020CEE723682846997C0FF0DDFE01358F
S214020770E6E71A20C5E709F09FF80028E8D0B3E7B5
S21402078040F20340BDE700BFB8110020E81F050095
S214020790102F0020D820050008B5094B0021186844
S2140207A0F0222BF0C2FF002006F08CFB002106F0A0
S2140207B069FC20B1BDE80840002125F096BE08BDC0
S2140207C0B8110020F8B502230B700D46064606F057
S2140207D027FB820744BF00232B70314600200BF014
S2140207E0EDFF0446E0B906F01BFB830705D50D4F67
S2140207F0FFF7CAFDC3889C4201D30020F8BD3A68C1
S21402080002EB4402D38FB2F93E20002A06DAC3F383
S2140208100B02964204BFC3F341332B700134E7E761
S2140208200420EBE7B8110020012970B504460D46F6
S2140208300DD8014600200BF0C1FF50B9074B1B68CC
S2140208409B6E43B129462046BDE870401847FF20FC
S21402085070BD0420FCE71846FAE700BFB811002076
S214020860012838B5044612D80A4B1B68002598742E
S214020870FFF78AFDC3889D4203D3BDE83840FFF7E1
S21402088093BD284621460FF04FFE0135F0E7FF20C4
S21402089038BD00BFB8110020014B1B68187C70479A
S2140208A0B8110020012806D0030604D4034B1B68A7
S2140208B01874FFF779BDFF20704700BFB8110020FB
S2140208C0014B1B68D87C7047B811002010B5084B46
S2140208D01C68647C0470186890F83C0000F00700FE
S2140208E008701B6893F83C30DB08137010BD00BF1D
S2140208F0B81100207FB50DF10F02022311460646FD
S2140209000DF10E008DF80E301F4DFFF7DFFF9DF83C
S2140209100E402B68611E4C424C41D97C1A7DB3F8BE
S2140209201F30012908BF44F00204012A08BF44F020
S214020930040433B3154B1B6823B1DB68984708B130
S21402094044F008042B68B3F81F2093F82810B3F875
S2140209501D0000230093234627F025FF8EB124F0C6
S2140209601CFE2B68D3F82120C3F819104FF6FF712E
S2140209708A4218BF02F1FF32C3F8150018BFC3F847
S214020980212004B070BD00BFB8110020442F002003
S2140209902DE9F04188B001A900200EF015F80146B5
S2140209A0C0B9019BB3B10DF102020EF03FF888B94F
S2140209B0BDF802100CF080FBEDE7019B8BB10DF148
S2140209C0020202200EF032F858B9BDF802100220D8
S2140209D00CF072FB01A902200DF0F6FF014600287A
S2140209E0EBD0002406F068FAA0421AD80024DFF8FA
S2140209F07C8026464FF6FF7704F01CFEA04218D8ED
S214020A0000221146104625F073F8002025F061F802
S214020A1027F0E7FB0021084606F0FCFC08B0BDE81C
S214020A20F081204606F04EFA002106F099FA0134CB
S214020A30D8E7204604F004FE054625F000FE78B10D
S214020A40BDF81E30ADF8086003EA080302A928467E
S214020A50ADF81A70ADF81C60ADF81E3025F038FE01
S214020A60284604F0DBFF0134C6E700BF00FEFFFFA6
S214020A70014B1B68187D7047B8110020054B1B6898
S214020A8003F11502293352F8041B40F8041B9A425C
S214020A90F9D17047B81100202DE9F84F0746904665
S214020AA01D469DF82CB00E4624F077FD82468946F8
S214020AB0002039460BF082FE044618BB304624F06E
S214020AC00DFE022820D01BF0800F1FD1112D1DD83D
S214020AD00F4BBDF828201B6802F00F02C3F815A0C2
S214020AE0C3F81990A3F81D70A3F81F60C3F82180FD
S214020AF083F82550DA8483F828B006F02BF92046CE
S214020B00BDE8F88F0420FBE70120F9E7FF20F7E7AE
S214020B10B811002070B5124D2A68044602F1290366
S214020B20393253F8046B44F8046B9342F9D11B88AC
S214020B3023802B68B3F8312012B1B3F8333073B97F
S214020B400023994214BF1A467F22037243728372AD
S214020B50C372037343738373C3730274437470BDA7
S214020B60B81100202DE9F74F074600209B46154690
S214020B700E4606F0A7F92A4C824624F00EFD23689C
S214020B800C9AC3F860B0814688465A660DF1060193
S214020B90504626F073F8002840D1112D0ED838465C
S214020BA024F09CFD012800D047B9304624F096FD7B
S214020BB0012805D1BDF80630B34203D0FF202AE053
S214020BC00228FBD024683846C4F82990C4F82D8041
S214020BD024F084FD012813D1304624F07FFD01283D
S214020BE003D0C31EDBB2012B0AD84DB100237F22ED
S214020BF084F8353084F8363084F8392084F83A3070
S214020C00A4F83170A4F8336084F8375084F838506A
S214020C1006F0A0F8002003B0BDE8F08F1020FAE737
S214020C20B8110020024B1B68C3E90101DA60704765
S214020C30B811002030B4164B1B6893F838402CB31A
S214020C40B3F8315015B3B3F83340FCB185421DD129
S214020C508C421BD1B3F835403CB983F8392083F86F
S214020C603A200134A3F835400CE093F8395083F863
S214020C703A209542A8BF154683F839504FF6FF75BD
S214020C80AC42EED15B680BB130BC184730BC704743
S214020C90B8110020F8B53D4F24F07FFC3B68B3F84E
S214020CA01F2005460E46002A4AD0D3F82120002AE5
S214020CB046D093F82540002C42D04FF47A70013C7F
S214020CC000FA04F4D3F81500D3F81910281A66EBC4
S214020CD0010124F064FC844203D80120FFF70AFED7
S214020CE000202B4B241A9C4228BF1C463B6893F8D4
S214020CF03820002A48D0B3F83120002A44D0B3F86E
S214020D003320002A40D0D3F82900D3F82D10281A11
S214020D1066EB010124F043FC3E6896F837504FF428
S214020D207A73013DAB40DF17834277F1000209D2A6
S214020D30002386F83830336E33B3706E984723E05C
S214020D40134CD3E71D1A40F2E73067F10007281864
S214020D504FF000034FF47A7247F1000118F000FEDC
S214020D60112301211A46013B01FA03FC604502D217
S214020D70002BF7D11A46A54277F1000386F83820F1
S214020D8038BF2C46002AD6D02046F8BDB81100201F
S214020D90FFFFE703064A136893F83B3003F00703A6
S214020DA00370136893F83B30DB080B70704700BF84
S214020DB0B8110020072809D81F2907D8044B1B683A
S214020DC040EAC10083F83B00FFF7EEBAFF20704707
S214020DD0B81100202DE9F04F2DED028BADF5137DF5
S214020DE089461093BDF878321292119304469DF804
S214020DF08832BDF87C82DDF884A213933822002163
S214020E0025A82BF092FCB9F1020F6BD1404624F0D4
S214020E1065FC0128074665D118AB0DF15E02514606
S214020E20204624F0A2FF86B20546002E5AD011991B
S214020E3040460BF031F8504621F07CFC801B86B20F
S214020E401B2E4FD8BDF85E00314601F0ADFD0028DE
S214020E5048D01EACABB232465146204621F0B8FA14
S214020E60BDF85E5048F24D039D4207D829043FD490
S214020E70012D40F28981032D00F099829DF8C83039
S214020E80DA0702D52AA8FFF75DFABDF8A43013B335
S214020E90BC4A0DF196011068CDE90731BDF89430D1
S214020EA00693FF230593139B43F001030493109BC1
S214020EB003930022129B0293CDE90D220223CDE971
S214020EC00B22CDE909220193119B00930068434649
S214020ED0114624F0D4FE9DF8C8309B0702D50020A8
S214020EE0FFF708FD0DF5137DBDEC028BBDE8F08F14
S214020EF0A5F500434D2BC1D801A252F823F000BF3E
S214020F0089110200BD1202007D0E02007D0E020053
S214020F107D0E02007D0E02007D0E02007D0E020096
S214020F205716020009170200091702007D0E02007A
S214020F3051170200511702007D0E0200911702009F
S214020F40911702007D0E0200E3170200E31702006B
S214020F507D0E02002D1802002D1802007D0E0200E2
S214020F60671302007D0E020067130200D518020006
S214020F70D5180200D5180200D51802007D0E020010
S214020F80D5180200D5180200D5180200B71B0200B9
S214020F90B71B02007D0E0200131C0200131C020087
S214020FA07D0E0200B51A02007D0E0200B51A02007E
S214020FB07D0E0200991C02007D0E02007D0E0200CC
S214020FC07D0E02007D0E02007D0E02007D0E0200E6
S214020FD07D0E02007D0E02007D0E02007D0E0200D6
S214020FE0E31C0200E31C0200FD1D0200FD1D0200C0
S214020FF07D0E0200331F02007D0E0200331F020028
S2140210003910020039100200031102007D0E0200A0
S2140210107D0E020039100200EF200200EF200200CF
S2140210207D0E0200812102007D0E02003D2002009C
S2140210307D0E02003D20020048F240039D422688B3
S21402104026D1B6F5805F10D304238DF89630237828
S2140210508DF8973048F2440263788DF89830ADF8F0
S21402106094200323ADF8A43008E7002200920DF185
S2140210707A031146304628F0F7F8D0B340F203530D
S214021080984238D040F20153984236D00923DCE722
S21402109048F241039D4217D1109BB3422FD0B6F5BA
S2140210A0805FD1D2314600200CF006F840F202539F
S2140210B0984201D00028E9D1002319463246484614
S2140210C0FDF7AAF90023C0E7B6F5805FBCD20DF1A2
S2140210D07A01304628F0BEF840F203539842D5D043
S2140210E040F202539842AFD0002801F07A800B23D8
S2140210F0ABE78146E0E70523A7E70623A5E70C232F
S214021100A3E71AA900200DF05FFC054600287FF42D
S214021110B5AE044610E019AA214600200DF086FC62
S21402112048B9BDF864004FF4BD7333AA214624F0D3
S2140211302BFE20B1054601341A9B9C42EBD3114B81
S21402114000221868CDE90D22CDE90B22CDE909224D
S21402115033ABCDE9075348F243030693FF230593C7
S214021160139B43F001030493109B0393129B029379
S21402117002230193119B009300684346114624F014
S2140211807EFD7BE6B81100206678A27827783302C7
S2140211901201360903F470631F431643002D36D13D
S2140211A000950DF17B032A463946304628F06DF845
S2140211B000287BD040F20353984279D040F2025383
S2140211C0984277D040F2015398420CBF062009207D
S2140211D048F20303ADF8943023788DF8973063789D
S2140211E08DF89830A3788DF896008DF8993060B90E
S2140211F035B1012D60D0B5F5004F14BF0320022093
S2140212003B4632460121FDF707F904232AE7B5F5E6
S214021210004F39464FF0000020D10BF0CFFA81463E
S214021220002847D1314601200BF0C8FA90B933A9FD
S21402123030460BF0D9FA78B9BDF8CC30BB420BD1A8
S214021240314601200BF038FF002818BF092008BFDE
S2140212500020BDE74846BBE70C20B9E70BF0AEFA24
S21402126040BB314601200BF0A9FA08B10320AFE7D4
S21402127033A930460BF0B8FAA0B9BDF8CC30BB4261
S21402128010D10DF17B01304627F0E9FF40F20353FF
S214021290984209D040F202539842E7D0002818BF7D
S2140212A00B20D4E7112093E7092091E728468FE721
S2140212B005208DE704208BE72846A1E7B4F800A0B6
S2140212C0002051460BF07AFA0546002846D10DF169
S2140212D06809494601200DF077FB0646002840D1F2
S2140212E007460546D9F800309F4216D300202288CA
S2140212F0ADF865209C4A8DF8640019AB1068089317
S2140213000022032333A90793CDE90D22CDE90B2250
S214021310CDE9095148F202031FE719AA394601200E
S2140213200DF084FBC0B9BDF864000DF162010BF04C
S2140213305BFA88B9BDF8623053450DD1BDF864003A
S21402134040F2771333AA314606F1010B24F01CFD56
S2140213500028CCD085B25E460137C3E700250420BC
S214021360C5E70920C3E748F218039D420CBF0223D3
S2140213701723F61AE75AB6B2E118022E324628A802
S21402138016BFBA464FF6FF7A4F882BF0A6F906F13B
S2140213900A02BDF87860ADF8A4203046ADF8976032
S2140213A024F09CF9012804D04FF00109BFE009237C
S2140213B0DFE7304605F092FD0028F5D04FF6FF73C2
S2140213C09A4510D1394605F05DFE0446002800F025
S2140213D0AE8048F218039D4235D125F030F938B96F
S2140213E04FF00709A3E03A46514605F07BFEECE7CC
S2140213F033A9204625F03EF9002840F0B180BDF81A
S214021400CC30ADF89930DBB1BDF8DE309DF8E32084
S2140214108DF89B30D207C3F303238DF89C3044BF6C
S21402142043F010038DF89C309DF8E0308DF89D3027
S2140214309DF8E1308DF89E309DF8E2308DF89F30B1
S2140214404FF0000973E0032D4FF018024FF0000131
S21402145033A840F08B802BF068F9204625F0EFF891
S2140214600028BDD0BDF87A00ADF8CC0048BB2046B7
S21402147025F0B0F9BDF8CC309DF8E320ADF89930F0
S214021480BDF8DE308DF89B30D407C3F303238DF806
S2140214909C3044BF43F010038DF89C309DF8E0303A
S2140214A08DF89D309DF8E1308DF89E309DF8E23043
S2140214B08DF89F303B46524631460120FCF7D6FF58
S2140214C0BEE724F00BF902283FF46EAF002110228B
S2140214D00DF1CE002BF029F99DF87D109DF87C3099
S2140214E0090201F4706119430120ADF8DE100BF019
S2140214F065F9002840F0AC809DF87D209DF8E33029
S214021500121162F300038DF8E330DB0709D49DF86D
S2140215107E308DF8E03083F080037E2B0ED80023D9
S214021520A0E505F07DFC0507F1D44FF00A0948F264
S2140215301903ADF894308DF896909FE49DF87F30AD
S2140215408DF8E13033A99DF880308DF8E2302046E0
S21402155025F0BEF841F20333984279D0002889D0AC
S2140215604FF00909E3E700BFB81100202BF0DDF8C1
S214021570204625F064F800283FF432AF9DF88B1021
S2140215809DF88A30090201F4706119430120ADF812
S214021590DE100BF013F900285AD19DF88B309DF817
S2140215A0E3201B1163F300029DF88C308DF8E030C7
S2140215B083F080037E2B8DF8E320B0D99DF88D3022
S2140215C08DF8E1300DF1CE029DF88E308DF8E230C6
S2140215D00DF18A010DF17A03104653F804CB42F856
S2140215E004CB8B42F9D133A90BF0A8F80028B7D167
S2140215F033A9204625F06CF841F20333984227D0EF
S2140216000028ADD1BDF8CC309DF8E320ADF8993076
S214021610BDF8DE308DF89B30D007C3F303238DF878
S2140216209C3044BF43F010038DF89C309DF8E030A8
S2140216308DF89D309DF8E1308DF89E309DF8E230B1
S2140216408DF89F3048F21A039D427FF4F9AE31E7D7
S2140216504FF003096BE7002320781A93339306F0C2
S2140216607DFA012819AD0446287041D080280CD096
S21402167098B91AA933A806F003FB1A9800283FF473
S214021680FDAB339925F0B3FB07E08F4B18688F4B01
S2140216901A90196825F0ABFB33908D4B18681A9B8D
S2140216A00A93339B0121CDE908530223CDE9063183
S2140216B0FF210591139941F00101049110990391BC
S2140216C012990022CDE90131CDE90D22CDE90B2296
S2140216D0119B009300684346114624F0D0FA2B78FB
S2140216E0002B7FF4CBAB1A9823F036FFFFF7C6BB6E
S2140216F006F024FA0028D0D02C70836841681A932A
S214021700184625F088FBC7E748F20A039D4207D130
S2140217102078FFF7A5F8FF283FF4B0AB002200E0E0
S21402172007226B4B1B689B7C8DF8963048F20B01A8
S2140217308DF8AC309DF8C830ADF894100121ADF8A4
S214021740A4108DF8A8200B438DF8C830FFF796BB7F
S21402175048F20D039D4219D12078FFF7A3F8FF281F
S2140217603FF48CAB5A4B1B6848F20E021B7CADF85A
S21402177094208DF8963001228DF8AC309DF8C83052
S214021780ADF8A4208DF8A8701343DDE70827E9E733
S2140217900023339348F210039D421FD1207833A9C9
S2140217A0FEF758FEFF283FF469AB494B1B681B7DCA
S2140217B08DF8963048F211028DF8AC30339BADF8B6
S2140217C09420012213409340ADF8A4208DF8A890EF
S2140217D013439DF8C82022F00302D5E74FF009090B
S2140217E0E3E70023339348F213039D421CD120788B
S2140217F033A9FEF783FEFF283FF440AB0322344BA7
S2140218001B68DB7C8DF8963048F214018DF8AC30FC
S214021810339BADF8941001210B408B40ADF8A41019
S2140218208DF8A8200B43D4E70A22E8E748F216030D
S21402183000209D4226888DF8680038D1A5788DF85C
S214021840685031460AF0BAFF002839D133A930462B
S2140218500BF07AF848BB9DF8CC309D4203D0C3B952
S214021860032D7FF40BAB00251AA930460BF06CF85B
S21402187048F21703ADF8943023788DF897306378E2
S2140218808DF898309DF868308DF896508DF899301E
S214021890BBE4012B40F0AF84022D40F0AF84294612
S2140218A030460BF0E1FA0028DDD00925DCE73146A8
S2140218B00AF084FF20B91AA930460BF045F808B1A1
S2140218C00425D1E70546CFE704100020D4D804004B
S2140218D0B8110020B4F800904FF0000A4846ADF860
S2140218E0CCA023F0FBFE012883467FF4C7AA05F5A9
S2140218F0FF4365339BB2012B03D948F21E039D4278
S21402190055D1A788062E1CBF3E46E7886488ADF8E8
S214021910CC40204608BF4FF6FF7623F0DFFE0138A4
S214021920C0B201287FF6AAAA601E80B24FF6FD73E7
S21402193098423FF6A3AA0024484605F0CFFA0028AC
S21402194000F08A804FF6FF739E4256D1394605F064
S21402195099FB8246002800F09D8024F055FE002860
S21402196000F09B8005F5FF4363339BB2012B04D93D
S21402197048F222039D4240F04684504604F04EF858
S21402198090B948F21B039D423CD1BDF8CC102246CA
S214021990504604F04DF91A2800F0828040F20353B4
S2140219A098427DD000284BD04FF0090B54E005F545
S2140219B0FF4360339BB2022B10D8678A142E33A9DA
S2140219C00DF17A0016BF3E464FF6FF76A78A0AF05A
S2140219D0B5FE0028E8D10DF17A04ADE748F21D0302
S2140219E09D427FF44BAA042E678802D03E46A78803
S2140219F0A1E754464FF6FF769EE73A46314605F093
S214021A0071FBA6E748F21E039D42BED0834625F030
S214021A10020348F220029342B7D048F21C039D42CA
S214021A2003D048F221039D4213D1BDF8CC102246C2
S214021A30504604F0A3F918B140F202539842B3D1CB
S214021A403B46324649460220FCF710FD4FF0000B9B
S214021A5002E0BBF1000FF3D048F21F03BDF8CC4002
S214021A60ADF894308DF896B0ADF89790BBF1000FB4
S214021A7005D0204623F032FE022808BF00244FF687
S214021A80FF739E42ADF899400DD1ADF89B700723C7
S214021A90FFF7E8BA4FF0020BDEE74FF0080BDBE782
S214021AA04FF0050BD8E7ADF89B60ADF89D700923A3
S214021AB0FFF7D8BA2788731C9BB23846149323F0D4
S214021AC00DFE01280DF1CC0B38D04FF0010900278E
S214021AD0214632460DF169008DF868902AF0FDFD28
S214021AE0BD4B1B681868139BCDF828B048F2290234
S214021AF043F0010148F22A0448F22C03954208BF3B
S214021B0023460022CDE90D22CDE90B227F000DF1FE
S214021B10680A0997149CCDF820A0CDE90634FF2365
S214021B20CDE90413109B0393129B029302230193A5
S214021B30119B009311464346FFF721BB384605F03A
S214021B40CDF90028C1D048F229039D42618817D1F9
S214021B5005F098FA82460028B9D024F055FD20B345
S214021B60504624F08CFE87B21FB3BA2FA8BFBA27FE
S214021B70D94600218BB29F4206D84FF00009A7E74C
S214021B80A28805F0AFFAE5E71AAB19AA50461591F6
S214021B9024F079FE1599013110B14FF0090997E743
S214021BA0BDF8643029F8023BE4E707464FF008091F
S214021BB08EE7B9468CE748F224039D4227D1207867
S214021BC0C10800F00700FFF7F5F8FF283FF456A912
S214021BD004241AA833A9FFF7DDF800780A788DF8EE
S214021BE0A84048F22503ADF8943000F0070343EA14
S214021BF0C2038DF896300123ADF8A4309DF8C830A4
S214021C008DF8AC008DF8AD2043F001039CE50B2463
S214021C10DFE70023339348F227039D423AD16178E7
S214021C202078CA0833AB01F00701FEF73BFCFF2819
S214021C303FF424A9062419A9002302251AAA0DF1A5
S214021C4062008DF864308DF868308DF86250FEF7C9
S214021C503DFE097812789DF862008DF8960048F2EB
S214021C602803ADF8943001F0070343EAC2038DF867
S214021C709730339BADF8A45003F001035B008DF858
S214021C80A8408DF8AC008DF8AD108DF8AE2043F06C
S214021C9001039EE50D24CEE72588284623F01EFD87
S214021CA001287FF4EBA848F22E03ADF8943023788F
S214021CB08DF8963063788DF89730484B1B686BB179
S214021CC01B6933A92846984740B1339B6422B3FB6D
S214021CD0F2F3ADF898301B0C8DF89A300523FFF717
S214021CE0C1B91422002133A82AF01FFD48F2380396
S214021CF09D4245D0A3782188ADF8D61023B1FF2B9C
S214021D0036D14FF6FF733693E378112B3FF6B6A81B
S214021D102579B4F80520B4F80700ADF8DD20CDE942
S214021D200025369A8DF8DF508DF8DC30ADF8D400F9
S214021D30FEF7B2FE054633A8FEF7A0FE042D21D11B
S214021D4003CC2378CDF89700CDF89B108DF89F3002
S214021D500623ADF894300A238DF89650ADF8A430D9
S214021D60002D7FF48BA80120FEF7C4FDFFF786B88E
S214021D70112B3FF683A8013B012202FA03F3C2E7C6
S214021D800025D8E7369ABDF8D630ADF89730DAB9DE
S214021D908DF899209DF8DC308DF89A309DF8DF306A
S214021DA08DF89B30379BC3F30F23ADF89C30BDF8FC
S214021DB0D4304FF6FF72934208BF0023FF2DADF8D2
S214021DC09E30C5D1FFF75AB84FF6FF739A4207D135
S214021DD0FF238DF89930DDE7B8110020042F00208C
S214021DE0112301201946013B00FA03F4A24202D253
S214021DF0002BF7D119468DF89910CBE71222002155
S214021E0033A82AF092FC48F23A039D423BD10121C4
S214021E1033A8FEF77FFEBDF8D4302BB3BDF8D6301C
S214021E2013B34FF00009BDF8D430ADF89730BDF8C3
S214021E30D820BDF8D630ADF899309DF8DB308DF855
S214021E4096908DF89B30002A5DD18DF89C2048F242
S214021E503C03ADF894309DF8DC308DF89D309DF84B
S214021E60DD308DF89E3022E64FF00009ADF8D490B2
S214021E70ADF8D690ADF8D8908DF8DB908DF8DC9062
S214021E808DF8DD90CFE72279112A3EF6F7AF258846
S214021E9015B1668806B1A2B9002133A8FEF73AFE4C
S214021EA00091B44B22790846FEF75CFE8146B8B92B
S214021EB0ADF8D400ADF8D6008DF8DA008DF8DB0068
S214021EC0B1E700273146AB4B00972846FEF74AFE9D
S214021ED03946814633A8FEF71DFEB9F1000F04D03D
S214021EE0B9F1FF0F3EF4CAAF9DE79DF8DB30002B39
S214021EF097D0A14B1B689B68002B92D02279314663
S214021F00284698478FE74FF6FF739A4203D1FF237E
S214021F108DF89C309BE7112301201946013B00FAFD
S214021F2003F4A24202D2002BF7D119468DF89C1078
S214021F308DE72388184608EE103A04F0CFFF824653
S214021F4098B1B4F802B0012059460AF037FC0746A9
S214021F5000286FD1062EB4F8049017D14946504691
S214021F6005F090F8044600BB022748F23E033246CC
S214021F701EA90DF197000136ADF894308DF89670D3
S214021F802AF0ABFBADF8A460FEF778BFE2881492A5
S214021F904946504605F0A6F804460028E4D04FF617
S214021FA0FF718945149A0BD19146B9F1130F04D8E3
S214021FB0724A22FA09F2D3073ED44FF6FF7A01E0BC
S214021FC0CA46914648F23D0295421ED1204624F06A
S214021FD0E6FA87420CD35946204624F0E8FA88B936
S214021FE018EE101A4B4652460020FCF73FFA05E060
S214021FF03946204624F0D6FA834501D10027B4E7B5
S2140220000137E3E70927B0E70137204624F0C7FA8D
S214022010874205D23946204624F0C4FA8345F3D1D6
S214022020204624F0BCFA8742E8D05946204624F0DF
S214022030F4FBD4E7032798E70D2796E706F1010B92
S2140220401FFA8BF32088149304F048FF814690B160
S21402205048F24B039D4261882FD105F013F8824661
S21402206000283FD04FF0000BD946504624F097FA8E
S214022070834526D30027214632460DF169008DF8A6
S21402208068702AF02AFB3C4B1B681868139B48F2C0
S2140220904B0248F24C0443F0010148F24E039542CB
S2140220A008BF2346002233ACCDE90D22CDE90B2230
S2140220B0CDE909940DF1680A2CE5A28805F012F81C
S2140220C0CDE75946504624F06DFA40F2751333AA0E
S2140220D059460BF1010723F057FE30B11FFA80F97B
S2140220E0BB46C2E702278146C5E70746C3E748F272
S2140220F046039D42268819D133A93046FEF762FB75
S214022100FF283EF4BBAE0C210E289DF8CC301DD91C
S2140221109DF8C8208DF8A81042F00102ADF8AC6018
S2140221208DF8AE308DF8C820002014E0A1788DF826
S214022130CC103046FEF778FBFF2805D133A930468F
S214022140FEF740FBFEF79ABE0521DDE744F21022B9
S214022150C240D507DCD548F24802ADF89420227872
S2140221608DF8972062788DF896008DF89820FFF704
S2140221708DBB00BF91030200B811002033FC0C0097
S214022180802300248DF868304A238DF869301AAA15
S214022190022321462046339420F011FB3390002878
S2140221A03EF46CAE1C4B12991B680794FF220692F3
S2140221B0139A0194CDE90402CDE90844CDE902441C
S2140221C0119A00921C68109A43460220A04710B14A
S2140221D033A820F007F9FEF7DBFBFCF75BF9FEF706
S2140221E04DBE48F245094D450CBF4FF001094FF070
S2140221F00309FEF761BF022B7EF440AE032D7EF488
S2140222003DAEFFF74CBB48F21B039D423FF4BDAB0D
S2140222104FF0100BFFF7FBBBB8110020024B034A2E
S2140222201B689A66704700BFB8110020652202003C
S2140222300F2870B5044612D823F0AFF905464EF6BD
S21402224060200E4623F0BBF9054B1B680E34281897
S21402225003EBC40246EB010143F83400516070BD43
S214022260B8110020F7B505460E4604F0D9FD10F069
S214022270020063D0012E30D10DF10701284605F089
S214022280E9FF9DF80730012B03D10021284605F00F
S214022290D7FF2B4F0024FEF777F8C3889C4214D250
S2140222A03B6804F11C0203EB4203B3F90610DA881A
S2140222B0002919DAC2F30B02954215D1720302F411
S2140222C0C04221F4C0410A43DA80FEF75DF8C388B3
S2140222D09C4225D11A4F002409E0022ED9D103B020
S2140222E0BDE8F040FEF760B80134D4E70134FEF7EB
S2140222F04BF8C3889C4213D23A6804F11C0302EBE3
S2140223004302B2F90630002BF0DB730303F4C0433A
S214022310C5F30B052B436FEA43436FEA5343D3805F
S214022320FEF732F8C388A34207D0012E02D1204618
S214022330FFF77EFF05F020F9D1E70F2003B0F0BDCE
S214022340B81100200F2810B5044604D900231A46F7
S2140223501846114610BD23F020F9064B1B680E34B2
S21402236003EBC40253F83430526898429141EDD2DE
S214022370EEE700BFB81100202DE9F34D06460F46E2
S214022380002001A90CF020FB044648B9DFF888803B
S2140223904FF0000A4FF0000B019BA1B2994202D304
S2140223A002B0BDE8F08DD8F8003003EBC103D3E9E4
S2140223B01C0250EA02052DD0864277EB020229D390
S2140223C0C3E91CAB0DF1020200200CF02FFB054600
S2140223D000BBFF23BDF802008DF801300DF10101AC
S2140223E005F038FF9DF80130012B04D1BDF802003C
S2140223F0294605F025FFBDF802000DF10101FEF7A2
S214022400E1F99DF80130012B04D1BDF8020000214C
S214022410FEF70AFA0134BFE7B81100202DE9F04FA3
S2140224202DED028B83B00746BDF84060BDF83890AC
S2140224309DF844B0304608EE103A8846154623F01A
S2140224404DF9012806D02124204603B0BDEC028BAC
S214022450BDE8F08F04F030FD731E184480B223F0FE
S2140224603DF90128EFD1002004F0CEFF032829D140
S21402247006F0D4FD20B9824604F01EFD504527D84A
S21402248006F0CCFD024698BB4FEA4B01009018EED0
S214022490103A01F00201484626F0E6FE044638B33A
S2140224A006F0BCFD0028CFD1054604F005FDA84283
S2140224B0CAD9284604F006FD10B1002104F050FDEA
S2140224C00135F2E706F0AAFD0028D1D10224BBE7C7
S2140224D0504604F0F7FC002854D006EB0A0189B2F5
S2140224E004F03EFD04460028DAD10AF1010AC3E7E9
S2140224F006F094FD014620B1414638460AF028FF10
S21402250003E0DDB12A460AF07DFE002838D106F047
S21402251085FDC8B11BF0020F2BD106F07FFD10B966
S2140225201A4804F03BFE0421002004F073FF0F99C2
S2140225303246484623F059F8002485E743463A4691
S21402254029460AF08FFEE0E70F9804F0FFFD0446E6
S2140225500028DFD006F062FD014610B902200AF01C
S214022560ABFD06F05BFD00289AD149460AF0A4FDB1
S21402257096E7012004F0F0FD04460028CDD0E9E7F6
S2140225800446EEE740F203448AE700BFE245050050
S21402259070B5164E04F0CCFB06F0DAFD336803B1D4
S2140225A09847134C236803B19847124D2B6803B122
S2140225B098470DF0A1FA09F091FB04F063F80EF0CB
S2140225C029F907F08FFB0EF0D9F804F0B3FA27F0DA
S2140225D002FA02F085FB02F05DFB07F091F804F0C8
S2140225E0D7FB002030602860206070BDF82E0020E7
S2140225F0002F0020FC2E00202DE9F04788B01F4651
S21402260005460E469046DDF840A0DDF8489023F0D9
S2140226105CFA044623F05BFA0023CDE90133039308
S2140226206A4B002D08BF1D46AB7D012B00F2C98008
S214022630EB7D0F2B00F2C5802B7E1F2B00F2C18094
S2140226406B7E082B00F2BD80AB7E0F2B00F2B980AA
S214022650EB7E082B00F2B580AB8B33EA040240F027
S214022660B0801BB130EA030340F0AB80A868FDF7E8
S21402267071FE002840F0A780A86807F051F80446CB
S214022680002840F0958002F0FDFA044610B10F28AB
S21402269040F08E8002F01CFB044610B10F2840F07A
S2140226A087802B7B4A489B077BD50CF023F9044690
S2140226B000287DD13146284605F018FB044600283E
S2140226C076D1A88A04F08EFE04F048FA0446002862
S2140226D06ED101460EF066F80446002868D107F06F
S2140226E015FB0446002863D10EF078F8044600284D
S2140226F05ED12B680246014603F08AFF0446002894
S21402270056D16A68014609F043FB044600284FD1B9
S2140227100DF0CEF9044600284AD1BAF1000F43D193
S214022720B9F1000F48D1C0470446002840D1294BD2
S214022730119A1A60284B139A1F60284B1A6005F0EC
S214022740E3FD019005F004FEAB7D0290003B18BF4E
S21402275001238DF81030EB7D2149C3F340028DF83A
S21402276011202A7EADF814206A7E8DF8122003F01E
S2140227700103AA7EADF818208DF81A30EA7EAB8BDC
S2140227808DF81620ADF81C30224601AB04A806F0E0
S21402279073FC044660B904F0B9FA204608B0BDE8F6
S2140227A0F0870CF0BBF882E7D04704460028B7D083
S2140227B03078FFF7EDFEF0E7FDF7E6FD008BC84741
S2140227C0B1E72124E9E71A24E7E700BF7C290500E0
S2140227D0816F0200FC2E0020F82E0020002F002021
S2140227E0F02005001FB50023CDE90233CDE9003302
S2140227F0034A044BFFF700FF05B05DF804FB00BF79
S214022800C95D0400F55D0400014B036000207047BB
S2140228105C1300202DE9F04F144695B000220546C1
S21402282010460692DDF878A08DF80F10984604F050
S21402283049FB0DF11C0983460BAE09AF0022B8F125
S214022840000F17D121244846082126F048F90FA880
S214022850132126F044F93046102126F040F90821CB
S214022860384626F03CF906A827F0BBF8204615B0F5
S214022870BDE8F08FBAF1000FE4D02046CDE900297A
S21402288006AB01210AF05CF904460028DBD1454B71
S21402289001461B88ADF83C301022304629F045FF31
S2140228A00821384625F00FFD04460028CBD10DF14D
S2140228B01601584624F0E2F904460028C3D1012D39
S2140228C010D13B4603CB8DF83E50CDF83200CDF802
S2140228D03610BBF1000F60D0BDF816305BBAADF80B
S2140228E03A300CE0022D3CD199E8030086E803005A
S2140228F097E803000DAB83E803008DF83E50069878
S214022900314627F0DEF900284AD10DAB03CB3B4611
S214022910CDF83F00CDF8431003CB1325CDF8470082
S214022920CDF84B10BAF80020AB1D9A428AD9012284
S21402293000920DF10F030021404623F02EF90223E8
S214022940014600930322174B404623F026F90095D2
S21402295001460FAB1622404623F01FF9AAF80000E4
S21402296071E7032D0CD13B463071306003CB8DF8F6
S2140229703E508DF83150CDF83200CDF83610ABE728
S214022980002D7FF45FAF4B468DF83E0003CB0B2540
S214022990CDF83F00CDF84310C4E740F2034452E7B7
S2140229A0044650E75C13002048F24E03984220D8B3
S2140229B006280CD8304BC35C03F03F0213F0800F9E
S2140229C010460AD0814234BF00200120704780F4AE
S2140229D000434E2B4DD8294BEDE75B0607D59142B7
S2140229E045D0901C884214BF0020012070479142B7
S2140229F0F9E700F5FF4331339BB2102B0AD8A0F556
S214022A0000401F4B4F3853F82000002825DA20F0EC
S214022A100040D7E700F5FF4320339BB2082B04D8CB
S214022A20A0F50040174B6038EDE700F5FF4317337B
S214022A309BB2082B04D8A0F50040134B6938E2E796
S214022A4000F5FF430C339BB2032B12D8A0F50043CC
S214022A500E4A743B52F82300D7E7030602D520F04D
S214022A608000AFE7012303FA01F108407047012016
S214022A7070470020704700BF682105006FA1040060
S214022A80C02105004421050010210500342105005F
S214022A902DE9F04F93B022F080FD064688460920C5
S214022AA009A9F5F741FD2B4D002851D10446694688
S214022AB009A8F5F771FD0746D0B1FEF7EBF822F04C
S214022AC07EFDA84271EB04033CBF0C46054602F0AD
S214022AD057FC22F074FDA84271EB04033CBF054686
S214022AE00C462846214622F05AFD13B0BDE8F08F68
S214022AF00099D1E90223964278EB0303D7D3D1E9B2
S214022B000C9A0920B1F800B0F5F7EAFCB9F1000F0B
S214022B1011D039461C2202A829F007FE009BDA8B48
S214022B201B8CADF80420ADF8063052465B4601A970
S214022B30FE20C847BBE7009AD2E902329B1B62EB33
S214022B400802AB4272EB04013CBF1D461446AEE7D8
S214022B500024B2E7FFFFE7030A4B19684A8810B55C
S214022B6012F001040CD142F001024A800C80FDF7FB
S214022B700BFC234690F8272040210920F5F710FC8D
S214022B80002010BDC011002010B5074C23685B88DA
S214022B90DB0707D50920F5F751FC2268538823F096
S214022BA00103538010BD00BFC0110020034B1B68F9
S214022BB00BB1DB6818471846704700BF042F002089
S214022BC0092881BF034B1B681B6818768CBF002040
S214022BD021207047C4110020024B1B681B68187E18
S214022BE0704700BFC4110020074B1B6810B51B6856
S214022BF068225B6850431A181C5C8C421EBF19542C
S214022C000123537010BD00BFC4110020034B1B6884
S214022C101B6868225B685043185C7047C41100202A
S214022C200B4B1B6870B51C682588002368269D42DE
S214022C3002D80020086008E0626806FB0322B2F8A9
S214022C404420824202D10B60012070BD0133EEE7C0
S214022C50C41100201FB501238DF800300A4B0291E3
S214022C601B681A685368682101FB0030B0F84430CC
S214022C70ADF80430B0F85630ADF80C3068465369FB
S214022C80984705B05DF804FBC41100200A4B1B6888
S214022C901B685B68682202FB0131B1F8442082425D
S214022CA007D891F8543013449842ACBF0020012054
S214022CB070470020704700BFC4110020F8B50A4BC9
S214022CC01B681B681F8805460E460024A74201D8CB
S214022CD0002005E028882146FFF7D8FF08B13460B7
S214022CE0F8BD0134F2E700BFC411002038B5124B1C
S214022CF01B681D686824FF2A00FB04F4A86808BF46
S214022D006A6800EB41130CBF121900EB4210997E61
S214022D100CBF82F82F10817620221846002129F057
S214022D2004FDFF2282766868204490F82E30013B2C
S214022D3080F82E3038BD00BFC4110020164B1B6829
S214022D402DE9F0411E687368682202FB00330D46C7
S214022D5093F82F100446FF27FF2901D1BDE8F08122
S214022D60B36803EB41131A7D93F81A80101F0228EA
S214022D7002D9013A012A0DD89868AA68904209D168
S214022D80DA8AEB8A9A4205D13A462046FFF7AEFF28
S214022D904146E1E70F46FBE7C4110020F0B589B0D3
S214022DA00446BDF8387015461E46F9B1174B1B6827
S214022DB01A685068682303FB040090F82F3004203A
S214022DC0FF2B01D109B0F0BD916801EB43110B7DD9
S214022DD0012B09D1CB8AAB4206D14B89BB4203D128
S214022DE00B89B34208BF08758B7EE9E72022684646
S214022DF029F09BFC69462046ADF80860ADF80A70DB
S214022E00ADF81650FFF79AFFDCE700BFC4110020AA
S214022E10F8B50546FDF72CFEF8B11E4B1B681F6879
S214022E203C8894B3284622F059FC042803D14FF676
S214022E30FF739D422BD0002611E031462846FFF74D
S214022E4025FF58B17968682303FB061696F84800F2
S214022E5018B196F85A0080F00100F8BD0136A64275
S214022E60EBDB7E6800224FF0680C0CFB026100234D
S214022E70886905E00F6A37F81370AF4207D001334E
S214022E808342F7D101329442EFD10020E5E70120D8
S214022E90E3E700BFC41100202DE9F04387B00646E1
S214022EA00C461746ADF80E30FDF7E2FD08B3BDF846
S214022EB00E0022F013FC012805461DD105A90DF1CE
S214022EC00E00FFF7FBFEA0B1BDF80E3000932246BF
S214022ED03B4631460598FFF761FF1C4B059A1B6877
S214022EE01B685B68682101FB023383F85E50A3F817
S214022EF0604007B0BDE8F0830023DFF850800593FA
S214022F004FF06809D8F800301B681A88059B9A4269
S214022F10EFD900250DE01B6ABDF80E2033F81530F8
S214022F20934205D1009322463B463146FFF736FFD1
S214022F300135D8F8003005981B685B6809FB00333A
S214022F409A69AA42E7D801300590DBE7C41100204F
S214022F502DE9F04FDFF8C8A09DB00026FDF714FA61
S214022F6090F82630B34249D82D4D2B681B684FF097
S214022F7000021A8000246826FDF706FA90F826302A
S214022F80A3423FD81DB0BDE8F08FDAF80030D3F880
S214022F900090D9F804400BFB05F704EB070801354F
S214022FA0B8F84430019303BB68373C446822414674
S214022FB002A829F092FB21466822404629F08DFBA2
S214022FC0682202A9204629F088FB019BA4F8443017
S214022FD0D9F82040182303FB0544A4F118070FCCA8
S214022FE00FC794E8030087E80300FDF7CDF990F8D1
S214022FF02630013BAB42C8D80136AFE700254FF07A
S214023000680BF2E72B681B685A6806FB0422B2F8C4
S214023010442012B11A8801321A800134ACE700BF8C
S214023020C4110020F8B568250C4F0E46454300240F
S214023030FDF7AAF990F82130A34203DC4FF0FF34E3
S2140230402046F8BD3B681B685B682B441B6A33F856
S2140230501430B342F4D00134EAE700BFC4110020B2
S214023060094B1B681B6813B55B68682404FB0034B5
S214023070D4F81330A27CB4F84410208AE47D00947D
S21402308025F0B8FB02B010BDC41100201346084A52
S2140230901268126810B45468682202FB00405DF899
S2140230A0044BB0F84420B0F8560025F00ABC00BF26
S2140230B0C4110020F8B50446FDF766F990F82630EC
S2140230C0A34210D9682000250B4E44432F46FDF735
S2140230D05BF990F821309D4233681B6804D3586828
S2140230E004440023A361F8BD5B6823441B6A23F8EB
S2140230F015700135EBE700BFC411002010B5044679
S214023100FDF742F990F82630A34281BF054B1B68B3
S2140231101B68186A85BF182303FB04040020607C22
S21402312010BD00BFC4110020F8B50446FDF72CF907
S21402313090F82630A34216D968201F4D4443002635
S214023140FDF722F990F821309E4225D31A4E3368B5
S2140231501B685B68234400259D61FDF715F990F80E
S21402316021309D421AD3F8BD2B681B685B68234446
S2140231707A001B6A985A013728B9911C33F801C0A5
S21402318023F802C05852FDF7FFF890F82130013BB1
S2140231909F42E9D30136D3E73746F4E733681B6824
S2140231A05B6823441A6A32F8152012B19A69013212
S2140231B09A610135D1E700BFC411002010B504465C
S2140231C0FDF7E2F890F82630A3420BD9064B1B68AF
S2140231D01B68186A182202FB04000021BDE8104092
S2140231E029F0A3BA10BD00BFC411002038B50446AA
S2140231F0FDF7CAF890F82630A34226D92046FFF7F4
S2140232007DFF10B9002001461EE0FDF7BDF890F8DC
S21402321026309C42F6D20E4D2B681B6818201B6A7D
S214023220444323441B7C002BECD122F0B6F92B68D6
S2140232301B681B6A1C44D4E90232984271EB0204F2
S214023240E0D2181A62EB010138BD4FF0FF30DAE720
S214023250C4110020F7B505460C461746FDF794F84C
S21402326090F82630AB423DD900232370637003F0FA
S2140232707FFF064603F064FFC4F80300002F33D135
S214023280204B1B681B685B68682202FB0533B3F899
S214023290440023F04AFD0DF10701408809F054FB73
S2140232A09DF80700003EA0F1020318BF012658420F
S2140232B0584140EA4600A070FDF766F890F82630BE
S2140232C09D420DD20F4B1B6819684868682303FBA2
S2140232D0050595F82E3023B195F82F20FF2A05D143
S2140232E00023E37103B0F0BDA770E5E78B6803EB3C
S2140232F042131A7D012A01D0062A01D19A7EEDE7F1
S2140233000123EEE7C41100202DE9F843054688465E
S214023310FDF73AF890F82630AB421ED922F03DF976
S2140233200F4B1B6804461B68182045434046D3F8DB
S21402333020900E4622F043F909EB0507201846EBCB
S21402334001014FF4807349F80540C7E902017E6027
S2140233503B82BDE8F84303F0FDBCBDE8F88300BF3E
S214023360C4110020F8B50F461B49096801280E68EB
S21402337008D17168682000FB0711FF2091F82F1012
S214023380FF2905D1B18900238B4218DBFF2411E007
S214023390B56805EB41150C46297D06290CD129890D
S2140233A0914209D1E98A994206D102462146384617
S2140233B0FFF79CFC2046F8BDA97E2046E0E7B268EF
S2140233C002EB43121C46107B20B9107F10B9127D07
S2140233D0062AEFD10133D7E7C41100202DE9F843BE
S2140233E03A4F3B681B6868255B6845432B44064694
S2140233F093F85A300BB9FFF72DFC3046FFF75AFE0A
S2140234003B681B685B682B44B3F8440023F083FCDC
S2140234103B681B685A68D9892A44126D0A44DA81C5
S214023420FCF7B2FF90F826309E4219D23B68D3F8DA
S2140234300080D8F804402C44FF2394F82F90B9F16A
S214023440FF0F2FD1FF2B08D0D8F808001BB220227E
S214023450002100EB431029F068F94FF47F43E3851F
S2140234603B681B685A680024531954534FF0FF32C6
S214023470C3E9134483F85A405C6283F82E409A628A
S2140234809C635C6483F848403046FFF797FE3B68CF
S2140234901B68586A1822214602FB060029F045F9E5
S2140234A0BDE8F883FF2B08D0D8F808001BB220220C
S2140234B0002100EB431029F038F9D8F8083003EB66
S2140234C049124B4692F81A90B9E700BFC411002081
S2140234D038B540B9074D04462B681B681A889442D3
S2140234E002DB00221A8038BD20460021FFF776FF55
S2140234F00134F1E7C41100202DE9F04F91B0FDF739
S214023500B7FA002800F06882B84D2B681B680024C2
S2140235101B880893A2464FF0180801262B681B68E2
S2140235201A88944231D34FF0FF33CDE90633002494
S214023530AE4EA346089BA34242D8BBF1000F01D071
S214023540FFF706FD22F029F84FF0FF34DFF89CB2B1
S21402355005460E460027A1464FF0180AFCF714FF50
S21402356090F826309F42C0F0AA81069BA342079B92
S21402357073F1000320464FF0000138BFDDE9060173
S21402358011B0BDE8F04F22F00AB81A6A08FB04F739
S2140235903A44537C93B1137C83B921F0FEFF2B6827
S2140235A01B681B6A3B44D3E90272B84271EB020203
S2140235B022BF1E8206FA04F34AEA030A0134ADE782
S2140235C02AFA04F818F0010802D02046FFF7F6FDA2
S2140235D0682303FB04F733681B685D683D446B7819
S2140235E013B9B8F1000F35D000236B702046FFF7F1
S2140235F00DFB06282ED8DFE810F050010700460122
S2140236003A002D009400B100B8F1000F22D0B5F8B0
S2140236104410AA7CEB7C2F8A0B910A920993FCF742
S214023620B3FEB5F815C0CDF808C095F9145001954B
S21402363090F821000B990090DDE90932384625F012
S21402364005F94FF47A712046FFF75EFE0221204606
S214023650FFF7CAFA2046FFF7C9FD069B9842079B6A
S21402366071EB030338BFCDE90601013462E7B8F116
S214023670000FEFD02046FFF7F3FC33681B685B6849
S2140236803B44B3F85C10002941D0B3F858202046DA
S214023690FFF7FCFC33681B685A683A44002382F83A
S2140236A05A3021F07AFF326812684FF01809526ACF
S2140236B009FB04F988460121054602F809104FF471
S2140236C0FA6021F07CFF3268D2F800C0DCF82420D1
S2140236D04A440023D380DCF8043028183B4448EBE5
S2140236E00101C2E90201186C21F069FF33681A6809
S2140236F0536A526828183A444B4448EB0101C3E91E
S2140237000401B2F85C10B2F8582059809A803368E7
S2140237101B685B681F442046396CFFF7F5FD0021E5
S21402372095E7B8F1000F95D0FCF72EFE90F82630FC
S2140237309C4208D233681B685B683B449A6A9A7458
S21402374000221A745A7433681B685B683B449A7C7E
S214023750B3F84410188A25F01CF9D8E7B8F1000F20
S2140237603FF478AFFCF710FE90F826309C4275D2F4
S2140237703368D3F80080D8F8043003EB070999F8C9
S2140237802E2042B909F110012046FFF763FD2046BC
S214023790FFF766FC62E000230D9399F8303099F843
S2140237A02F102BBBFF22FF2908D0D8F8083003EBD6
S2140237B04113D87EF0B12046FFF798FA99F82F30D9
S2140237C0FF2B1AD133681B6859683944002210311E
S2140237D0DAE7D8F8085012B205EB4215EB7E002B5A
S2140237E040F0E580AA7EFF2AF3D1DCE7C411002070
S2140237F00A46F8E78AB2997ED5E7D8F8082002EB9F
S2140238004315297D012902D0062940F0B080AB7EFF
S214023810D6E70DF13808B1F84410404623F0D4F844
S2140238202B7B2A69494648461EF0C9FF6B7E2A7ED4
S214023830049069890391298902916968019129682E
S21402384000910D9098E8030023F0EDF9002800F0AF
S214023850C0800D9D7DB90DA81EF0C4FD0021204636
S214023860FFF7C2F933681B685B681F442046396C51
S214023870FFF74AFDEEE605F10C004522002128F08E
S21402388054FF2D68E6E7B8F1000F11D0002120465C
S214023890FFF7A4FD4FF0010BDCE6B8F1000F07D0EE
S2140238A095F85A30002B41F2130108BF0721EEE7C4
S2140238B02046FFF723FC00287FF4CCAED2E7DBF8E5
S2140238C000301B680AFB07F85B6A03EB080013F874
S2140238D008304BB1D0E90423954276EB030305D3B7
S2140238E01822002128F021FF013737E6D0E902230B
S2140238F0954276EB030329D3828841883846FFF740
S214023900C5FBDBF800301B685B6A43444FF4FA6081
S214023910DA880132DA8021F052FEDBF800301B68CA
S2140239205B6A4344DA88A2F1200E00FA0EFEC2F168
S214023930200C914020FA0CFC41EA0E0190404019FE
S21402394041EA0C0146EB0101C3E90201DBF8003053
S2140239501B685B6A9844D8E902325B1B62EB06027C
S214023960A34272EB09013CBF1C469146BCE7042900
S2140239701DD1E98A2889B5F80AC04FF0050E02EB78
S214023980431393F81480B8F1000F0DD0B3F81680E5
S214023990884509D1B3F80880804505D1B3F80A8076
S2140239A0E04508BF83F814E09B7EFF2BE7D133681F
S2140239B095F81C901B6859683944B9F1000F3FF41A
S2140239C028AF20464A461031FFF744FC2046FFF750
S2140239D047FB0123EB7641E7014811B0BDE8F08FC3
S2140239E0FFFFE7032DE9F04F93B016789DF970902C
S2140239F080460F4614461D46FDF73AF8002870D05A
S214023A0006F07F03013B072B6BD8DFE813F00800B4
S214023A106A0087006A00EE005E017501EB016678B7
S214023A20ADF8188016F0FE0F5BD108A906A8FFF7BE
S214023A3045F9002855D008990846FFF7E7F810F030
S214023A40FD0F4ED1AA4C23681B685B68682505FBF0
S214023A50013393F85A80B8F1000F42D10846FFF7B7
S214023A60ADFB236808981B68596805FB001191F89E
S214023A704870002F38D1012381F84830FF2381F89F
S214023A802C303A461031FFF7E5FB0898FFF712FB99
S214023A90236808981B685B6805FB0033996BFFF781
S214023AA033FC08980321FFF79FF8BDF81830ADF8ED
S214023AB02C3023688DF828701A680899536805FB1D
S214023AC001330AA8B3F85630ADF82E30536998473A
S214023AD02368089A1B685B68682101FB023383F837
S214023AE02C6013B0BDE8F08FB1F85C300BB1A1F8D2
S214023AF05C8091F82C309A1B5342534181F8303047
S214023B000621FFF771F8236808981B685B6868222D
S214023B1002FB0033996BFFF7F7FBD9E7DDE91D01DE
S214023B20637806AA5B0782E80300DAD0A378092B3B
S214023B30D7D9637921791B0443EA0123E1780B4341
S214023B406C490A3B8B42CCD8237A002BC9D092E828
S214023B50030008AB0AAD83E8030085E8030005A965
S214023B604046FFF723F8B0B1614B059A1B681B6805
S214023B705B68682101FB023395E80300B3F85660E0
S214023B8002F000FA8642ACD1059840F20341FFF7F4
S214023B9025FCFFF7DDF9564D00274FF0680BFCF7C2
S214023BA0F3FB90F826309F429BD22B681B685B681B
S214023BB00BFB07F63344B3F844A0BAF1000F00F04B
S214023BC062810137EBE700213846FFF707FCFFF773
S214023BD0BFF986E72B68E2791B685B681E44A37907
S214023BE043EA0223A6F85C307BE7DDE91D010DF10E
S214023BF0280989E8030023F03AF887427FF471AF78
S214023C003B4DB4F801B02B68B4F803701B68B3F8E8
S214023C1000A000246822A2457FF663AF2B681B68CB
S214023C205B6802FB04F63344B3F8441059454AD1A4
S214023C30B3F85630039399E8030002F0A3F9039B06
S214023C4083424FF068023ED1FCF79EFB90F8263086
S214023C509C420AD22B681B685B683344B3F8442044
S214023C605A82B3F856201A829F822B681B685868BD
S214023C7030444146838A428A008A24F056FE002156
S214023C802046FEF7B1FF2B681B685B68334493F847
S214023C905A203AB9012283F85A2041F213012046EB
S214023CA0FEF7D8FF2046FFF729FA00287FF419AF5F
S214023CB02B681B685B681E442046316C13B0BDE857
S214023CC0F04FFFF721BB0134A5E70AA94046FEF7ED
S214023CD06DFF00283FF405AF054B0A981B681B686A
S214023CE05B6A1822002102FB003028F01EFDF8E66F
S214023CF0C4110020F5BB34000AA908A8ADF820803C
S214023D00FEF7DCFF00283FF4ECAE0A990846FEF701
S214023D107DFF064600287FF4E4AE0846FFF74EFA1B
S214023D20DDF8288094F80190DFF810A3FCF72CFB4E
S214023D3090F8263098451AD2DAF800301B686827C1
S214023D405B6807FB08F73B44D3F824B0FCF71CFB80
S214023D5090F821309B450AD2DAF800301B68596881
S214023D6039448B6A994512D14046FFF7DDF90A9825
S214023D700521FEF739FF0A98DAF800301B685B68FF
S214023D80682202FB0033996BFFF7BEFAA9E6023DF2
S214023D906D08C1F82890B542E6D004EB46094046C5
S214023DA0B9F80210FFF73EF9002819DADAF80030FF
S214023DB01B685B683B44D3F818B0FCF7E5FA90F84A
S214023DC021309B450CD2DAF800301B685B683B4416
S214023DD09A69196A501C9861B9F8023021F81230B3
S214023DE00136D8E708A906A8ADF81880FEF766FFE0
S214023DF000283FF476AE023D0DF128082A46A11CA3
S214023E00404628F06AFC08990846FEF7FFFE06467A
S214023E1000287FF466AE0846FFF7D0F9089F64785C
S214023E20DFF818A2FCF7B0FA90F826309F420ED2BE
S214023E30DAF800301B684FF068095B6809FB07F97F
S214023E404B449A6A944208D13846FFF76DF90898AF
S214023E500521FEF7C9FE08988EE79C626D08344677
S214023E60A542F1D038F814103846FFF7DBF80028E0
S214023E7007DBDAF800301B685B684B441B6A23F8E2
S214023E8010600134ECE763786B4A03F0070312F81C
S214023E9003B0FCF779FA2B68D3F800C090F820300C
S214023EA0BCF80E108B4228BF0B465B451FFA8BFEF2
S214023EB0FFF417AEDCF804303344A1EB0E01A3F88E
S214023EC04480A2789A639CF81820DA63E079A27993
S214023ED042EA0022A3F8462062792079120442EAD6
S214023EE00022E0780243642042431A64C3E913BB0B
S214023EF04FF0FF32ACF80E109A62DA6AC3F824A0CA
S214023F0002F47E4242F07F4242F0FF02DA62227AF6
S214023F1083F8542051463846FEF766FE2B681A6828
S214023F20138801331380FCF72FFA90F826309F424D
S214023F30BFF449AE2B681B685B683344D3F84C80E9
S214023F40FCF722FA90F8203098453FF63CAE2B68F4
S214023F501B68B3F80080FCF717FA90F82630434542
S214023F60FFF431AE2B681B685B68DDE9080103EBE2
S214023F70060802F007F82B68A8F8560094F801E045
S214023F801A684FF00A0C92F818805368CEF3C101F3
S214023F90052010FB01C1CEF3411E10FB0EC008FB2C
S214023FA001F1334409FB1011108A93F83CE0B1FB8F
S214023FB0FCF1B3F8568093F850C0642900F1010B67
S214023FC0A2F810B0B8BF642183F812E083F813C0D9
S214023FD0A3F81500A3F81080384683F81490FFF76C
S214023FE093F92B681B6859683144B1F815300A8A70
S214023FF0B1F84400B4F809100091514622F059FE77
S21402400038460121FEF7F0FD2B68627A1B68A17A1A
S2140240105B68334442EA0122A3F85820E78822F07C
S21402402026FE87427FF4D6AD2B681B685B681E446B
S214024030A6F85CA055E500BF04220500C4110020C6
S2140240402DE9F04F8FB005460593BDF87030049306
S2140240509DF8783003931D9BBDF86CB089461646D2
S2140240606BB1039B43B91D981EF064FB029021F0CE
S214024070CAFE029B984207D20FB0BDE8F08F039BA0
S214024080002BF9D01D9B029368237343032D0193E3
S2140240901AD1764B019A1B68186843681344FF22AC
S2140240A093F82F10FF290FD0836803EB41130C46B9
S2140240B05F7D002F44D01F895F4541D1DF8A4F457F
S2140240C03ED13046FEF712FE684C23685A46D3F8B5
S2140240D000A031464B462846FFF744F9236801996B
S2140240E01A6853680B440746196D93F82E008842E7
S2140240F0C0F0A480926893F82F80FF2302EB481446
S2140241009E46217F434619B9217D11F0FB0F1AD036
S21402411094F81A80B8F1FF0FF0D1012DACD120220D
S214024120002106A828F001FB049BADF820B006A9E2
S2140241303046ADF82230ADF82E90FEF7FFFD9BE735
S214024140997E2246AEE7B8F1FF0FE6D00FCC0DF10E
S214024150180CACE80F0094E80F008CE80F007246CB
S21402416041463046FEF7C2FD9DF82C30042B4746EA
S21402417003D106A93046FEF7E1FD3C4B019A1B68C7
S2140241801B685B681344FF2293F82F10DAF8083096
S214024190FF294ED112B203EB421383F81A80DAF8E3
S2140241A0088008EB471420220021204628F0BDFA9A
S2140241B0FF23A376029B7E01002B53D02B4B059A3E
S2140241C01B681B6822769DF860206276199A48F86A
S2140241D006201A9A6260049A6281A4F808B0D3F89C
S2140241E01C8021F010FEDAF80830029A1D9907FBAF
S2140241F0008020619819002300691EF0E9F8DAF8B9
S21402420008306A1E1E44E91E534253414D424D4138
S214024210307333757575A6F81690144B019A1B68A1
S2140242201B685B68134493F82E20013283F82E2015
S21402423022E703EB41100A46817EA9E7FF2F3FF4EF
S2140242401BAF93F82F20FF2AF9B202D183F82F1062
S214024250A5E7DAF8080000EB42139A7EFF2AFAD1A5
S21402426099769CE7039B2377D7E700BFC41100200B
S2140242702DE9F04F8BB006460F469046FCF7F8FB4A
S21402428088B1DFF88890D9F800301B681B8853B1D4
S21402429000254FF0680B2C46D9F800301B681988A9
S2140242A0AAB2914202D80BB0BDE8F08F5B681FFA43
S2140242B085FA0BFB0A33B3F8440022F036FD408839
S2140242C0CEB10DF1270108F03FFB9DF827309A1E6C
S2140242D05342534143F00203CDE905430023CDE99F
S2140242E00344CDE901440094524619461846FFF7A6
S2140242F0A7FE0135D0E7002FFBD08045F9D102F0AA
S21402430037FF002814BF03230123E5E7C41100206A
S2140243102DE9F04F2DED028B8BB01D469DF85830DF
S214024320DFF8F09108EE103A9DF85C300393189B84
S2140243300493199B0593BDF868300093BDF86C3062
S21402434001931E9B0693D9F800301B6868245B68AD
S21402435004FB00FA534407468846DDE91C01B3F81D
S21402436056B0164601F00EFE83450BD1B8F1010F8A
S2140243703ED1D9F800301A685368534493F82F3068
S214024380FF2B04D10BB0BDEC028BBDE8F08F916819
S21402439001EB4313197B49B3197D012926D15989AB
S2140243A00198814222D11989009881421ED1D98A68
S2140243B0B1421BD14FF0010800231C93069B1B93AE
S2140243C0019B1A93009B1993059B1893049B1793C2
S2140243D0039B169318EE103A3A46314640460BB007
S2140243E0BDEC028BBDE8F04FFFF72ABE9B7EC7E707
S2140243F0B8F1000FE0D0B8F1030FDDD0B8F1020F2C
S214024400C0D1FBF7C1FFD9F8003090F82010D3F8DE
S2140244100080D8F804C0FBB204FB03C4002294F860
S2140244202E3094F82F40C91AC9B2FF2C59D10A442B
S214024430AA42A7DD01358D42D4442B46A8BF0B46BF
S21402444002939CF82F30FF2B57D1DFF8C8B04FF0FD
S2140244500009029B4B45ADD0009A334639460020F0
S214024460FEF780FFFF280546A4D0DBF80030186868
S214024470EBB2B9F1000F47D1FF2C45D14268524446
S21402448082F82F30D8F80840099304EB4514009BB5
S2140244902381019BC269638169010891079221F019
S2140244A0B2FC079A089905FB0020D8F8082020617C
S2140244B011444FF00003FF220B738A764FF0060377
S2140244C0DBF800200B751268CE825268099B5244B4
S2140244D009F1010992F82E10013182F82E101C46BD
S2140244E0B7E7D8F8083003EB4414237D0BB1032B4F
S2140244F001D10132D2B2A47E97E7D8F80820DCB206
S21402450002EB43139B7E9EE7D8F8082002EB441288
S2140245109376B7E7C41100202DE9F04F91B0064616
S2140245209DF86840BDF874A00B930F469046FCF7C2
S2140245309FFA002840D0474B1B681B681B88002B3D
S2140245403AD0454B1B68002B36D09B69BDF87800E5
S214024550984788B322F08BFB50452BD0012C2BD9E1
S214024560013CE4B221981EF0E5F828B3BDF87800C5
S21402457021F0B4F8012822D10FA91EA8FEF79EFB4F
S214024580D0B1DDE91F01219B089306AB83E8030047
S214024590BDF878300F98CDE904A31C9B03931B9BB0
S2140245A0CDE901430B9B00933A4643463146FFF75B
S2140245B0AFFE01E0012CD5D111B0BDE8F08F00238B
S2140245C00F93DFF890B006AB0C93DBF800300F9D2C
S2140245D01A681388AB42EFD9BDF878900D92484618
S2140245E021F07CF804280D9A0BD05168682202FB51
S2140245F0051100228B69934225D10F9B01330F933D
S214024600E3E74FF6FF718945EFD129465046FEF79C
S2140246103DFB0028F1D1219B08931FAB93E80300D2
S2140246200C9B83E803001C9B03931B9BCDE9014371
S2140246300B9B0093CDE904A943463A4631462846E9
S214024640FFF766FED9E7086A30F812004845DCD064
S2140246500132D0E7C4110020042F00202DE9F041DA
S214024660324C23681B68002B31D05B68002B58D174
S21402467023681B68986828B120F06EFF23681B68C1
S21402468000229A6023681B68D86928B120F064FF6C
S21402469023681B680022DA6123681B68186A28B13F
S2140246A020F05AFF23681B6800221A6223681B68E0
S2140246B0586A28B120F050FF23681B6800225A620D
S2140246C02368186820F048FF236800221A60184BF7
S2140246D000241C6000F00EF92046BDE8F081236835
S2140246E01B685A6806FB05F84244106A30B120F08F
S2140246F033FF23681B685B6843441F620135FBF780
S21402470043FE90F82630AB42E9DC23681B68586803
S2140247100028ADD020F020FF23681B6800225A60D4
S214024720A6E7002568262F46E9E700BFC411002049
S214024730042F00202DE9F84F654C23681B6880463D
S2140247400F46002B40F0BA8002F06AFB430740F1A6
S214024750B880FBF719FE90F8263023B940F20355CD
S2140247602846BDE8F88FFBF70FFEC38B002BF5D06B
S214024770092F40F2A8802820256820F0E9FE236849
S21402478028601B68002B00F0A08000F0A7F8054602
S21402479010B1FFF763FFE3E723681B6818805B68C6
S2140247A0002B5DD000264FF0680AFBF7EDFD90F86F
S2140247B02630B34268D823681E68FBF7E5FDB36867
S2140247C0C08BB081ABB9400120F0C2FEB0600028B9
S2140247D056D021F018FB2368D3F80090B3895843CB
S2140247E020F0B6FE2368C9F81C001B68DB69002BA4
S2140247F046D0B389F38123681B681B6A83B9FBF72B
S214024800C3FD23681E6890F8263003EB4303D800E6
S21402481020F09EFE236830621B681B6A002B2FD096
S21402482023681B685B6A7BB9FBF7AEFD23681E68CC
S21402483090F8263003EB4303D80020F089FE236865
S21402484070621B685B6ADBB1224B234A1A602368DC
S2140248501B681A7EC3F81480002A81D11F767FE770
S214024860FBF792FD236890F826001E6868235843DB
S21402487020F06EFE236870601B685B68002B91D187
S214024880FFF7ECFE1A256BE7FBF77EFD236890F830
S21402489021001B685B680AFB06F9400003EB090B64
S2140248A020F056FE2368CBF820001B685B6899440C
S2140248B0D9F82030002BE3D0013676E740F20655D1
S2140248C04EE70F254CE721254AE7192548E700BFA2
S2140248D0C4110020042F00200C22050008B508F0A1
S2140248E04FFD10B9014B024A1A6008BD082F00207E
S2140248F03C22050008B508F077FD024B00221A603C
S21402490008BD00BF082F002010B503F087FC044640
S214024910F0B1806818B120F01FFE0023A360606823
S21402492018B120F019FE00236360204620F014FE22
S214024930002003F079FC074A00231360064A13603E
S214024940064A1360064A1360064A1360064A136054
S21402495010BD00BF0C2F0020282F0020302F002073
S214024960382F0020342F0020102F002038B503F0F7
S21402497055FC0446002836D10C2020F0E9FD0546F9
S21402498060B1FBF701FD90F82A0000EB8000C00042
S21402499020F0DEFDA86018B9FFF7B6FF1A2021E066
S2140249A0FBF7F2FC90F82B00C0EBC000800020F072
S2140249B0CFFD68600028EFD00C4B0D4A1A600D4BF5
S2140249C00D4A1A600D4B0E4A1A600E4B0E4A1A60BA
S2140249D00E4B0F4A1A600F4B0F4A1A60284603F016
S2140249E023FC204638BD1220FCE700BF0C2F002017
S2140249F0D94A0200282F002049830200302F0020C7
S214024A0005780400382F002085780400342F002013
S214024A1077780400102F0020D17A020010B50D4CD2
S214024A20237823B9FFF7A2FF98B9012323700A4B14
S214024A300A4A1A600A4B0B4A1A600B4B0B4A1A6058
S214024A400B4B0C4A1A600C4B0C4A1A60FDF7E6FB3D
S214024A50002010BD1C3B00201C2F0020CDF60100BC
S214024A60202F0020F1F60100242F0020C5FA0100B5
S214024A70182F0020B5FB0100142F002011FC0100A6
S214024A802DE9F74305464FF0000801A80E46914669
S214024A901F46CDF8048021F0F4FA044688B9019A3C
S214024AA00C495672C2E9009702F10C032A6030469E
S214024AB0FAF7B6FF044640B1019821F0B5FAC5F8F8
S214024AC00080204603B0BDE8F083019B01221A72E3
S214024AD0F7E700BF956104002DE9F04FBBB003F085
S214024AE09DFB054620F059FDCDE90001002D00F0A2
S214024AF0C480AB68DFF888813BB14FF0000AFBF751
S214024B0043FC90F82A30534503D840463BB0BDE8F4
S214024B10F08FAB68282606FB0AF633441A7A022A76
S214024B2040F092801B6A002B59D0AB6803EB060953
S214024B30D9F82030002B52D009F1200B58461DF030
S214024B406FFC876805903B7CD9F80C0002930AF04C
S214024B5009F9043880B2C828A8BFC8200390059A6D
S214024B6042B9BC687A76002CDFD0FB6839681046FA
S214024B70A047DAE7976010461DF0DCFD039A397EFF
S214024B8083B293421C46A8BF1446A2B200295ED046
S214024B909B1A18BF0123029A059942EA83138DF8DD
S214024BA01830224600230DF119001DF011FCD9F829
S214024BB00C00621C06A90AF0B9F800284CD0059928
S214024BC058461DF016FED9F8200000211DF0C3FE3F
S214024BD0AB6833441B6A002B18BF4FF00108AB6862
S214024BE03344DA6982B3D3E90401009B181A019BA5
S214024BF063EB010120F0D3FC44F61F63984223D9ED
S214024C00AB6803EB060C67460FCF06AC0FC40FCF9C
S214024C100FC497E8030084E80300604621F004FA14
S214024C2006A821F0B2FAAB681E44D6E90401009B3E
S214024C30181A019B63EB010120F0B1FCC0F59C4001
S214024C4020308045A8BF80460AF1010A57E7934202
S214024C500CBF032302239EE705A821461DF023FE70
S214024C6005981DF067FD28B9059821F0D1F905A829
S214024C701DF0B8FB00233B7671E7DFF8048044E7BB
S214024C80FFFFE703024B1B6803B118470F2070476C
S214024C903C2F0020074B1B6810B543B1064B00247F
S214024CA01C60FFF731FE054B20461C7010BD0F201E
S214024CB0FCE700BF3C2F00202C2F00201C3B0020CE
S214024CC0014B024A1A607047402F00201D4A02001C
S214024CD0024B1B6803B118470F207047402F002075
S214024CE008B50A4B1B687BB1FFF70EFE084B002087
S214024CF01870084B1860084B1860084B1860084B71
S214024D001860084B186008BD0F20FCE7402F0020F3
S214024D101C3B00201C2F0020202F0020242F0020C8
S214024D20182F0020142F0020F0B5104D85B0002457
S214024D30182602F0C1F8A04202D8002005B0F0BD45
S214024D402B68186906FB040000F10907837842788D
S214024D50817B0297C778019704300090204623F0A3
S214024D603CF908B90134E4E70920E7E7CC11002052
S214024D70F8B504461E460D461746FBF705FB90F8A7
S214024D802430A3421BD3012D1BD80F490B681820D1
S214024D901B69604303445B783B700B681A690244E4
S214024DA02A44927832700B68052101FB05001969C6
S214024DB004300144069827F090FC0020F8BD01203C
S214024DC0FCE71020FAE700BFCC11002010B504461D
S214024DD0FBF7DAFA90F82430A3420DD3074B1B6890
S214024DE01869182303FB04040023638001F0B2FF52
S214024DF0BDE81040FFF798BF0B2010BDCC11002075
S214024E00F0B51D4695B0002307460E46284611A962
S214024E10CDE9123314468DF842308DF8433007F050
S214024E20E3FC00283FD10DF14601304602F07AF845
S214024E30002838D10DF14B0300930DF142020DF11B
S214024E404303E1B23046FFF793FF024658BB9DF894
S214024E5042308DF84830154BADF849701E6812ABDB
S214024E6008939DF84330033307939DF86C300593FF
S214024E709DF870300493BDF84430CDE90D00CDE9BD
S214024E800253CDE90B000123CDE909000434019356
S214024E90A4B2BDF86830009306940146BDF84630C9
S214024EA0306820F0ECFE15B0F0BD00BFCC1100203B
S214024EB070B58AB004460E4621F015FB04A90546D5
S214024EC0204621F0D7FB0446B0B90D4B1B681B6980
S214024ED0182202FB05339B7873B901F09BFF9DF8FD
S214024EE024300193BDF8103000930296BDF82230AC
S214024EF022462946FFF784FF20460AB070BD00BF4F
S214024F00CC11002010B50F4C2368186920B120F090
S214024F1023FB236800221A6120681822002127F04A
S214024F2004FC002401F0C8FFA04200D810BD0221F4
S214024F30204620F0F8FB10B1002121F0D6FA013409
S214024F40F0E700BFCC11002070B54E4D88B0044685
S214024F5018222868002127F0E8FB2B689CB11C6009
S214024F60FBF712FA90F824002C6800EB4000C00011
S214024F7020F0EEFA2B6820611B693BB9FFF7C2FFEF
S214024F801A2008B070BD404A1A60E9E707A822F066
S214024F90D5FF002859D0FBF7F7F9079B90F8242095
S214024FA09A42EBD3FBF7F0F9079B90F824209A423B
S214024FB010D80024079BA34217D801F07DFF079B59
S214024FC098424AD8314D002401F076FFA04249D8D3
S214024FD00020D6E701F070FF04F090FC0028E8D02D
S214024FE0FFF790FF41F20930CBE7002306AACDE98E
S214024FF0003202930DF1130205AB0DF112012046A9
S21402500022F0A8FF0028EBD105990529E8D8069BCF
S214025010052BE5D82A681269182606FB04229DF895
S214025020126096739DF813609170D370567002F1F9
S21402503009030432CDE90103009203460246014603
S214025040204622F087FF0134B4E7FBF79DF990F87B
S214025050240004F047FC0028C2D1FFF765FE0028B2
S214025060B0D0BDE70221204620F05DFB28B93CB94E
S214025070FFF748FF40F2025083E7294621F035FA4F
S2140250800134A1E7CC11002059FC0200542205008D
S21402509038B504460D4601F00FFFA04208D9064B6C
S2140250A01B68182044431B691B5D00202B7038BD0B
S2140250B000230120FAE700BFCC11002038B50446D1
S2140250C00D4601F0F9FEA04211D920462946F8F70E
S2140250D069FD18235C43074B1B681B6920B91D55E5
S2140250E001F038FE002038BD00221A55F8E70F20DE
S2140250F0F9E700BFCC1100202DE9F04F9BB0174610
S2140251009846BDF89090BDF894A0279C834621F05F
S214025110EAF90DF15201054601F004FF06460028A1
S21402512078D10DF14E02584614AB214620F01DFEF2
S21402513082B283461192002A6CD020461DF0FAFAFB
S214025140119A821A92B2BDF84E0011921146FDF7DC
S2140251502BFC00285ED01FFA8BF32146119A15A865
S2140251601DF036F9BDF84E4048F233039C424BD848
S21402517048F22E039C4250D848F204039C420CD0BC
S21402518004F5FF447B34A4B2012C43D89DF8541096
S2140251908DF858102846FFF791FFBDF84E2048F2CA
S2140251A006039A4236D016A92846FFF771FF9DF8E5
S2140251B058308DF86030012448F207066F4B1B68A2
S2140251C050461D68BDF85230119320F077FC18A99E
S2140251D0CDE90741FF2105919DF8A010119B069687
S2140251E008430022C0B20121CDE90380CDE9009137
S2140251F0CDE90D22CDE90B22CDE90922029711460F
S214025200284620F03CFD05E004F5FF434C339BB2F4
S214025210022B6ED91BB0BDE8F08F01F0FBFD48F201
S21402522031039C42064627D1BDF854308342F1D161
S21402523000230DF1580B8DF84C308DF84D300DF1E2
S2140252404D0213AB0121CDF800B02846FFF790FDC2
S2140252509DF84C409DF84D30ADF86160052CA8BF16
S2140252600524224659460DF163008DF8603003345A
S21402527027F033FA0526A1E704F5FF4351339BB224
S214025280012B0DD8BDF854308342C3D12846FFF710
S2140252909DFD48F22F039C42BCD1FF28C8D1B9E736
S2140252A0BDF855308342B5D19DF8548001F0B2FD69
S2140252B08642AFD12846FFF789FD0028AAD12F4B98
S2140252C01B681B69182202FB0533494683F80180D6
S2140252D048F23203E31A5C425C4152463B46284699
S2140252E0CDE90164CDF80080F8F790FCFFF71CFDCD
S2140252F090E748F234039C4210D101F0DDFD85426E
S21402530006D21E4B1B681869182303FB0505AE7BE5
S2140253108DF86060012448F237064FE79DF8546026
S2140253200F2E24D801F0C8FD854223D2134B1B68EA
S2140253301B69182202FB05339E7301F00BFDFFF773
S214025340F3FC834601F0B8FD854206D20B4B1B6880
S2140253501869182303FB0505AE7B48F236039C4208
S2140253603FF458AFBBF1FF0F3FF454AFD0E74FF016
S214025370FF0BE7E74FF00F0BE4E700BFCC1100206E
S2140253802DE9F04F8FB020F008F90025DFF8A8814C
S21402539004460E462F464FF0180901F08DFDB8421E
S2140253A018D8002D52D0644D2B68D3E90201201A7A
S2140253B066EB010120F0F3F8B0F57A7F41D82B684E
S2140253C0D3E90201201A66EB010120F0E8F8C0F5E5
S2140253D07A7527E0D8F800301A6909FB07F3D35C20
S2140253E003B101350137D8E72B6809FB07F81B69BB
S2140253F013F8081061B10139C9B23846F8F7D2FB82
S2140254002B68D0B91A6912F80830013B02F8083046
S214025410013701F051FDB842E6D82B68C3E90246CF
S2140254204FF47A75DFF810B1002701F045FDB84257
S2140254300ED828460FB0BDE8F08F1B6903F808A007
S214025440E6E700274FF01809BA46E2E73B4DE9E7E0
S2140254500221384620F067F9814600285ED008A966
S21402546021F008F98046002858D1BDF82030002BDC
S21402547054D0BDF832204FF6FF739A424ED04846BB
S21402548000F05EF850EA010348D018237B430493E9
S214025490DBF80030049A1B6913449A78002A3DD040
S2140254A09B7B002B3AD0484600F04AF8DBF80030E7
S2140254B0049A1B6903EB020A01229AF80E309A40FC
S2140254C0D31714F04DFACDE905000791DAE9040185
S2140254D0201A66EB010120F062F8069A079B9042BA
S2140254E078EB03021CD3484620F044FF814601F0C5
S2140254F091FC9DF834300193BDF82030009342466B
S214025500BDF83230CDF808903946FFF779FCDBF863
S2140255100030049A1B691344C3E90446013784E742
S214025520059A101A63F10003854278EB030338BF2D
S21402553028460546F2E700BFCC110020FFFFE7032E
S21402554010B5037B064A990902EBC10452F83100F2
S214025550626803F03F03A0FB030103FB021110BDC8
S214025560582505002DE9F04104460D4620F015F8B1
S214025570D4F8293006460F4653B1D3F80880B8F15E
S214025580000F05D0204620F0F5FE01462046C04713
S2140255906DBB2046FFF7D4FF50EA0103054605D14E
S2140255A01B4D2846BDE8F04120F009B8637B03F0A6
S2140255B0070384F8273020F002F894F82730801981
S2140255C047EB0101C4F80F00C4F81310002BE8D013
S2140255D0637B3220DB0803FB00001FF0F0FF80191C
S2140255E047EB0101C4F81700C4F81B10D9E794F87A
S2140255F02730002BD4D0013BDBB284F82730002BB7
S214025600CED0657BEB08322503FB05552846E4E73A
S214025610FFFFE70310B5064C2368586820B11FF059
S2140256209BFF236800225A60236800221A6010BD7E
S214025630D0110020014B1B6818687047D01100205B
S21402564038B5044B1B6804465D6820F0EBFE04FB8D
S214025650005038BDD011002070B51C46164B1546BA
S2140256601A681368013313600E46FFF7E9FFFF223C
S2140256700323027242728272C272827B037000231A
S21402568063F300024670037343734580848083711C
S214025690C371827380F8353080F8363080F8373040
S2140256A080F8383080F8313080F8323080F8333085
S2140256B080F8343070BD00BFD01100202DE9F04FC5
S2140256C093B0064688460792FAF75EFE90F82530B3
S2140256D0B342C0F05981AE4D2B685C68002C40F096
S2140256E0558120F09FFE0746FAF74EFE90F82500F9
S2140256F0D5F8009078431FF02BFF2B68C9F80400FA
S2140257005B68002B49D1FFF785FF1A24204613B0A9
S214025710BDE8F08F08EB070302229D78DB7804933E
S2140257201146049AAB1C11FB02335B0005933B1D2A
S214025730069308EB030B04EB05094C4518D102232C
S2140257401A46069B12FB0535049B234445441C4619
S214025750A14505F1040515D1059B0AF1010A1F446E
S214025760079B9F42D6D38B4C4FF00009002721E0BF
S21402577020463BF8023B4FF6FF725146FFF76CFF9E
S2140257800134DAE7484635F8023C35F8042C51462F
S214025790FFF762FF09F10109DAE70A27A246DFE707
S2140257A0384601F08FFB34F8061C804601F06AFC8E
S2140257B018BB013701F080FBB842F1D809F10109A4
S2140257C0B9F1100F04F11604D0D108A822F002FA9B
S2140257D0002800F0C480089BB3429946A8BFB14691
S2140257E0B34224D14FF00008C24609ADC84527D1BE
S2140257F0B145C0F0AA80002488E734F8041C40466D
S21402580001F040FC05460028D3D0A3464FF0000A1C
S21402581014F8023C5345CCD93BF8021B404601F033
S21402582031FC08B1C0F831500AF1010AF0E73046FF
S21402583004F028F804460028D4D0FFF7EBFE65E70C
S2140258404046FFF7FDFE0023CDE901AA0746009574
S2140258500AAA1946404622F0C9F904460028ECD1A5
S214025860FAF792FD0A9B42899A4201D21A24E4E789
S214025870FAF78AFD099B82899A42F7D3FAF784FDE2
S2140258804489FAF781FD8389640004EB43033933C4
S21402589039343B443C44CDE9005402930AAA07F14A
S2140258A039030CA9404622F0A1F904460028C4D1C7
S2140258B0BDF830001FF012FF022844D10BA90DF1EB
S2140258C0320001F0D1FD04460028B6D10B9B3B7294
S2140258D0BDF83030FB80BDF84230A7F809309DF89D
S2140258E04430FB729DF845203A739DF846307B7330
S2140258F09DF84730B97BC3F3000363F30001B97325
S214025900AAB102210BA822F0DEFCBDF82C00C0F3DF
S214025910080014301FF053FE04468B461FF03DFE6F
S21402592020184BEB0101C7F80F00C7F813100A9BAB
S214025930A7F83530D7F8313013B9099BA7F83730B6
S21402594008F1010852E7FF23C1E7484620F077FD39
S214025950044600287FF471AF09F1010948E7304692
S21402596003F05CFF044600287FF467AFB4423FF4BE
S21402597042AF204620F063FD054618B1FFF74AFE07
S2140259802C46C3E60134F1E72124BFE60224BDE635
S214025990D01100207E2505002DE9F043184F002384
S2140259A007EBC306B488844203D804F11F05854278
S2140259B01BDA01330F2BF3D10020BDE8F08357F832
S2140259C033C00EFB04F60CEB06090134D9F802903C
S2140259D019EA050F1EBF3CF8066022F81060013077
S2140259E0A045EAD98142EAD8E7E7001B01258540AF
S2140259F0002096F8068004464FF0060EF0E700BF39
S214025A00DC240500044B1B6810B55C68041B20F000
S214025A1009FDB4FBF0F010BDD01100202DE9F047CF
S214025A20044620F0F1FD002840D0204620F07CFC01
S214025A30204F0646002500F1FF38ABB29E4214D82E
S214025A4023461A46D3F83130002BFAD182F8373083
S214025A5082F838302046D4F83140002CFAD1FFF7CD
S214025A60D1FFBDE8F04720F0EABC3B684FEA4509A3
S214025A705BB12046D3F818A020F05EFCA8EB050325
S214025A80594230F815005941D047204620F054FCC0
S214025A9030F809001FF022FE022805D1204620F029
S214025AA058FC405D01F052FD0135C6E741F2083070
S214025AB0BDE8F087442F00202DE9F84F1FF06DFD5A
S214025AC007464248DFF808A188461FF078FD4FF0E7
S214025AD0000906460D464FF6FF7BDAF800301B68D3
S214025AE04B4505D830462946BDE8F84F1FF057BD4E
S214025AF04846FFF7A5FDC38804467BB3B0F80930D5
S214025B005B452BD0FFF71CFD50EA010311D0D4F8F9
S214025B100F30D4F813209F4278EB020141D30021C4
S214025B202046FFF71FFDB04271EB050301D2064681
S214025B300D4694F827308BB1D4F81730D4F81B20D2
S214025B409F4278EB020136D301212046FFF70AFD79
S214025B50B04271EB050301D206460D46D4F8293051
S214025B60E3B1DB68D3B1D4F81F10D4F823208F42F8
S214025B7078EB020205D320469847C4F81F00C4F803
S214025B802310D4F81F30D4F82320DB1B62EB080264
S214025B90B34272EB05013CBF1E46154609F10109E8
S214025BA09BE7DB1B62EB0802B34272EB05013CBFCC
S214025BB01E461546BDE7DB1B62EB0802B34272EBDC
S214025BC005013CBF1E461546C8E700BFFFFFE703B8
S214025BD0D01100202DE9F041DFF8508006460F462E
S214025BE00024D8F800301B68A34202D80020BDE883
S214025BF0F081BC4201D10134F3E72046FFF720FDD5
S214025C000546FAF7C1FB428905EB4202393200210A
S214025C10284620F089FB8142EDD232F8023BB3429D
S214025C2001D00131F4E70120E1E700BFD0110020E6
S214025C302DE9F743044620F077FB074620460E463A
S214025C40904620F0E1FC002800F08A8030461FF0E3
S214025C5045FD022870D1B8F1000F00F0878001A937
S214025C60404601F001FC0546002858D0FAF78CFBA6
S214025C708389BB427ED030461FF030FD022869D1B0
S214025C8001A9404601F0F0FB002857D12046019DAD
S214025C9020F05FFBC555019801F042FC204620F03B
S214025CA04BFB20F81760204620F03EFB013080B206
S214025CB023461A46D3F83130002BFAD1A2F8370021
S214025CC02046FFF79FFE01463046FFF783FF30B9B6
S214025CD0294B1B681BB15B69012130469847204659
S214025CE0D4F83140002CFAD1FFF78CFE03B0BDE8A1
S214025CF0F04320F0A4BB204620F01EFB30F81930FB
S214025D00B34207D1204620F024FB019B10F809205D
S214025D109A4227D009F10109B945ECD3A6E7814694
S214025D20FAE7204620F008FB30F81530B3421FD0C1
S214025D300135BD42F5D399E70025FAE701A94046A9
S214025D4001F0B0FB054668B92046019D20F001FB34
S214025D50C555A3E7204620F0FCFAFF23C3559DE76E
S214025D6041F20835284603B0BDE8F0832125F9E75D
S214025D700025F7E71A25F5E7442F00202DE9F8431A
S214025D8004460E46154620F03FFC002860D03046FA
S214025D901FF0A4FC022801D1002D5CD0002520466D
S214025DA020F0C2FAABB2984203D840F20250BDE8E5
S214025DB0F883204620F0C0FA1FFA85F9074630F825
S214025DC01930B34200EB490805F10105E7D1304628
S214025DD01FF084FC022806D1204620F0BAFA10F8FA
S214025DE0090001F0B3FB204620F09EFAA0EB090062
S214025DF0421E09F1010107EB41015200404626F01E
S214025E007AFC204620F090FA013880B223461A46E1
S214025E10D3F83130002BFAD1A2F837002046FFF72C
S214025E20F1FD01463046FFF7D5FE30B90B4B1B6835
S214025E301BB19B690121304698472046D4F8314071
S214025E40002CFAD1FFF7DEFDBDE8F84320F0F7BAE2
S214025E5041F20830ABE72120A9E700BF442F00201B
S214025E60014B1B689B681847D81100202DE9F04F9C
S214025E708FB08246049300230993414B1C680D465B
S214025E8090462CB10092646809AB0BAAA047044660
S214025E900AA9002008F098FD064638B98146002C6B
S214025EA051D10A9B4B4505D841F2050630460FB044
S214025EB0BDE8F08F0DF122024946204608F0B6FDF5
S214025EC000283BD1AB79BDF822B00C33EF180DF1A8
S214025ED02101EB5C0593584606F036FD70BB059B28
S214025EE0384603F07F03059320F090FE0BAF09902F
S214025EF00090CDE90157059B52465946012020F0F5
S214025F004DFEF0B19DF82120059B013A012A15D8D5
S214025F10099A0092CDE9015752465946204620F08A
S214025F203DFE58B906AF5946384620F03CFD97E884
S214025F30030088E80300C8F80440012409F10109B7
S214025F40ADE70124EEE79DF82D300499DA090A70D0
S214025F50189A03F07F031370199B099A1A600DF1C1
S214025F602E0020F041FD1A9B1B9A1860BDF83130B6
S214025F705BBA1380BDF833301C9A5BBA138095E780
S214025F80082F002007B502AB03E903009DF8003096
S214025F90BDF8020063B1012B02D1074B1B6813B98F
S214025FA04FF6FF7004E0DB6898470028F8D0408878
S214025FB003B05DF804FB00BF082F00202DE9F04F68
S214025FC09DB00AAF87E803000793BDF8A430089394
S214025FD000219DF828300993CDE90E11131E97E88B
S214025FE00300069314BF4FF008094FF00409DDE9D9
S214025FF02668BDF8A0502A9C9DF8ACA0FFF7C2FF09
S2140260000DF13701074606F09FFC834600283BD178
S2140260109DF83710099B013918BF012183BB0DF18A
S214026020360300930EAA0FAB384606F037FD8346BA
S21402603050BBBAF1030F4FEA15274FF00002EDB23C
S21402604065D18DF840A08DF8412041460DF1420001
S21402605020F0D2FC31460DF149008DF845708DF8DE
S21402606046508DF847208DF8482020F0B5FC206871
S21402607002211CF0A1FA002854D14FF01A0B03E0BB
S214026080012B17D04FF0210B10A80D2122F027FD6F
S21402609014A8102122F023FD102118A822F01FFDBB
S2140260A00EA823F09EFC0FA823F09BFC58461DB0BA
S2140260B0BDE8F08FDFF844B10991DBF80030002B21
S2140260C0E0D0DB68BDF82A0098470028DAD0DBF873
S2140260D000C0BCF1000F00F08E800DF1360EC388B2
S2140260E08288CDF810E00DF13C0ECDF80CE00DF1F3
S2140260F0380ECDF808E0B0F80AE0CDF804E00089E2
S2140261000090DCF814B009993846D8478FE7079B09
S21402611006998DF8402003F07F0343EAC1138DF8F9
S214026120413092E7206083791844089B1B0A037368
S2140261300DF1600A089B4373CDE9009A0E98226817
S214026140002310A923F021FD834600289CD1206855
S2140261504A4651461CF003FB81458ED15946102211
S21402616014A826F0E2FA31460DF1550020F034FC70
S21402617007225B4621680DF159001CF029F90F9899
S21402618014A923F09EFD834600287FF47DAF206885
S21402619007211CF011FA00283FF46FAF20609DF82B
S2140261A03630827903F07F030C3243EAC616079B29
S2140261B0865400EB020903F07F02069B42EAC312F2
S2140261C089F8012009F10200414620F015FC89F801
S2140261D0057089F8065023689A790C321344981D84
S2140261E014AA13F8014F12F8011B984281EA04011F
S2140261F01970F6D148E74FF00F0B45E7082F00203D
S2140262002DE9F0418AB00DF12008BDF85040BDF8E6
S214026210545088E80C0006469DF840200792204617
S2140262200F4620F0A1FB079A70B12946204620F0BF
S21402623056FB431C079A0DD1224B1B6813B1DA6832
S2140262400132DA60212039E029462046079220F002
S21402625071FBEEE7023007D11A4B1B68002BF1D018
S2140262601A6901321A61EDE70023059316ABCDE9F0
S2140262700353139B0193129B0093029498E8030026
S2140262809DF84430FFF79AFEC0B90F4B1A681A9B66
S2140262900593199B0493189B03939DF82030591E6F
S2140262A04B424B410293179B0193169B0093D2F8E5
S2140262B004802B46224639463046C0470AB0BDE81F
S2140262C0F08100BF602F0020D811002070B590B07A
S2140262D00CAC84E80C0000230F938DF83B309DF83D
S2140262E03030012B05460E4607D194E80300FFF72F
S2140262F049FE0146204620F056FBB54208BFB5FAD5
S21402630085F41A984FF000010CBF640901241CF0B2
S214026310C5F80F90A0B93D4B1B685CB113B1DA6AA1
S2140263200132DA620F9820F0F9FA0FA81CF05AF838
S21402633010B070BD002BF5D09A6B01329A63F1E76C
S214026340EDB9334D2B681A785B789A4210D2012148
S2140263500DF13B0021F0B7FF29689DF83B304A78E3
S2140263600978521A93FBF2F102FB11338DF83B3097
S2140263702B689DF83B201B7813448DF83B301D9B01
S2140263800A931C9B09931B9B0893012307930F9B5D
S2140263900693BDF864300593BDF860300493179BEE
S2140263A00393169B02939DF8543001939DF8503048
S2140263B000939DF83B10DDE90C233046FFF720FFE3
S2140263C0124B1B68A0B15CB11A280CBF0222032232
S2140263D0002BA7D003EB82035A6A01325A62A1E766
S2140263E0002B9FD01A3818BF012003EB8003A3E7C7
S2140263F034B113B11A6A01321A6200230F9391E77D
S214026400002BFAD05A6B01325A63F6E7602F00204F
S214026410D81100202DE9F04F97B01D46249BBDF8F9
S2140264208880BDF88C400DF1380A8AE803001646CB
S214026430002B00F0E6809DF83890B9F1000F2DD1C0
S214026440204620F091FA07462046D7B100F046FDD6
S21402645020B36D4B6FF07F021B680592249ACDF82D
S2140264600880CDE90342219A0192209A0092DC68C4
S2140264709AE803002B463246A047002017B0BDE834
S214026480F08F1FF02BF9042829D00238C3B2012B53
S21402649004D8B946FFF7CEF8484510D8012D48D1A2
S2140264A05A4B1B6813B11A6C01321A6420AC54F8AA
S2140264B0100F20F033FA20461BF094FFDDE7484623
S2140264C0FFF7BEF84FF0000B8246504620F0D7F991
S2140264D058451DD8002309F10109002BDAD024986B
S2140264E000211BF0DBFF0028D8D0474B6FF07F025D
S2140264F01B68CDE90402CDE90284219A0192209A12
S2140265000092DF68DDE90E012B463246B847C5E742
S214026510594612AB0DF14602504620F0B4F90BF183
S214026520010B0028D1D1BDF84630A342CDD10123BC
S214026530D1E7F9F79BFE002858D1DDE927B7DDF849
S21402654098A04FF0000921E048460AF07BF90D902A
S214026550D0B10AF081FAB8B1249B0D99CDF81CA0EF
S214026560CDE90543219B0393209BCDF81080CDE90E
S21402657008B7CDE9015300960EAB0CCB0846FFF7E1
S214026580A5FE0027BB46BA4609F101090AF054F9EE
S2140265904845D9D8F9F76AFE002887D0289B0A937F
S2140265A0279B0993269B0893249BCDF81080CDE960
S2140265B00543219B0393209B00960021CDE90153BE
S2140265C00791DDE90E230846FFF71AFE0F4B1B68FC
S2140265D080B1002B3FF452AFB0F11A0218BF01226D
S2140265E003EB82039A6B01329A6347E70027BB46A6
S2140265F0BA46A6E7002B3FF441AF5A6B01325A6304
S2140266003CE721203AE700BFD8110020602F002087
S2140266102DE9F041DFF868801C4605460E46D8F89C
S214026620000017460021142226F07FF8D8F8003022
S21402663084B122781A7062785A70D8F8003077B12E
S214026640DF607EB19E6085B15D6000F09BFA00203F
S214026650BDE8F081064A117819705278ECE7054ACF
S214026660DA60EEE7044A9A60EDE7044A5A60ECE71D
S214026670CC29050061BA0200C7A90400010903007B
S214026680D8110020024B14221868002126F04DB8BB
S214026690D81100202DE9F0414FF6FF7398428AB0D8
S2140266A0054601D1012422E0C31D9BB2022B78D9F4
S2140266B01FF014F8044600F0B3FBC1071BD54FF6D3
S2140266C0FE739D4217D102238DF8023005AA0023DD
S2140266D001A90DF102008DF804308DF81430FAF796
S2140266E0F5F89DF80240012C14BF00240124204630
S2140266F00AB0BDE8F081820707D54FF6FC739D42CB
S21402670003D1FAF7DDF80128EEE7430706D54FF680
S214026710FD739D4202D1FAF7ABF9F4E7224B1B68F0
S2140267201BBB012C27D0023CE4B2022C39D8002134
S21402673005A8FAF7EFF9BDF81E30AB42B2D04FF01B
S21402674000084446FEF776FF4045D0D9002CCED14D
S2140267504046FEF775FF26460746384620F08FF875
S214026760B0420FD808F10108ECE79B692846984723
S214026770002897D1D5E7284620F0F6F8041E18BF61
S2140267800124B4E701AB0DF102023146384620F08F
S2140267907AF820B9BDF80230AB4208BF01240136B0
S2140267A0DBE70024A3E700BF042F00202DE9F04F0B
S2140267B09BB00DF14E03049313AB039315AB0293F8
S2140267C014AB019316AC12ABCDE90E21009305462D
S2140267D00DF1470322460020FFF748FBDFF85882F8
S2140267E0D8F8003060B113B11A6801321A600F98F7
S2140267F020F094F80FA81BF0F5FD1BB0BDE8F08F53
S21402680013B15A6801325A60874B1B6813BB0223C6
S21402681018AA0DF14B010DF14A008DF84A30BDF869
S2140268204C60BDF84E709DF84790FAF74FF89DF809
S2140268304A30012B15D14A463946304620F07AF8BE
S214026840431C14D1D8F80030002BD0D0DA680132BD
S214026850DA60CCE794E803005B6898470028D6D055
S214026860C5E74A463946304620F039F8E8E70230AE
S21402687007D1D8F80030002BB9D01A6901321A6154
S214026880B5E79DF85830012B10D8DDE91412BDF893
S2140268904C30BDF85A0000F08BF938B9D8F8003001
S2140268A0002BA4D09A6801329A60A0E794E803000D
S2140268B09DF84730BDF84E700A93149B0B930DF16A
S2140268C0600B159B0C938BE803000F9B9DF84860AA
S2140268D0BDF84C909DF858A00D93384620F044F829
S2140268E058B9484620F040F838B9012E09D8D8F8E9
S2140268F0003013B19A6A01329A62002D00F0D580F8
S21402690037E0F9F7DDFF013EF6B2044630B9474BF1
S2140269101B68002B45D01B6898470446012C40F0A4
S2140269208D80434B1B681B69002B3CD14FF000083F
S2140269300DF1600B09F080FF844255D3002D00F064
S21402694085800D9B8DF860A0CDE905730C9B0393A3
S2140269500B9BCDF810900021CDE90163CDE908111B
S2140269600A9B009307911AAB13E90C002846FFF71F
S214026970ADFC28460AF012F80446002800F095807E
S21402698020F0AFFF002800F090802A4B1D68002DF3
S21402699000F08B800023BDF84C101A462046A8470C
S2140269A083E00220B9E738461EF098FE0128BDD1E2
S2140269B038460AF037F801460028B7D00023CDE95A
S2140269C0083307930D9BCDF81090CDE905730C9B09
S2140269D003930B9BCDE901630A9B00939BE80C0093
S2140269E02846FFF773FC88E7204609F02BFF85420E
S2140269F0014616D00D9B8DF860A0CDE905730C9B61
S214026A0003930B9BCDF81C80CDE90163CDE9088882
S214026A100A9BCDF8109000939BE80C002846FFF7DF
S214026A2055FC013486E700BF442F0020642F002067
S214026A30D8110020302F0020602F0020D8F8003018
S214026A4013B15A6A01325A62002D92D102230024EF
S214026A500DF14B020DF14A010DF149008DF8493056
S214026A608DF84A408DF84B40F9F730FF9DF84930D3
S214026A70012B02D0BAF1010F3DD10D9B8DF860A01B
S214026A80CDE905730C9B03930B9B0794CDE9016339
S214026A90CDE908440A9B0093CDF810901AAB00216A
S214026AA013E90C000846FFF711FCBDF84E001F4C18
S214026AB01FF05AFF38B31E4B0E9A1B6805920F9AA8
S214026AC00492BDF84E200392BDF84C200292159A0D
S214026AD00192149A0092DD689DF847209DF848308E
S214026AE0DDE91601A84700230F932368D3B90E9851
S214026AF001F0BCF87BE60D4B1B68002BD5D05A6A1A
S214026B0001325A62D1E7BDF84C10BDF84E00FFF7CD
S214026B10C1FD0028CFD12368002BE8D0DA69013204
S214026B20DA61E4E79A6901329A61E0E7602F0020B1
S214026B30D811002010B5084C2368186820B11EF042
S214026B400BFD236800221A6020681022BDE8104060
S214026B50002125F0EABD00BFD411002038B5F9F7B0
S214026B6013FCC089064CC00025681EF0F1FC2368A1
S214026B7028601A6812B10020586038BD1A20FCE757
S214026B80D411002070B5094D2B681E680024C3E995
S214026B9001443EB1F9F7F8FBC2892146D2003046DD
S214026BA025F0C3FD2B680122DA6070BDD4110020E7
S214026BB02DE9F0412A4C98462368DB6807460D46C5
S214026BC016460BB9FFF7DEFF23681A68002A2BD099
S214026BD026F07F469A6846EAC575002623685968F5
S214026BE0B14224D81A689E6802EBC60322F83670B1
S214026BF0C3F80250A3F80680F9F7C6FBC3892268D9
S214026C00013B9E4218BF2368556816BF9B68002347
S214026C1001339360F9F7B8FBC38922689D42236863
S214026C205B6818BF013353600120BDE8F0818AB16A
S214026C302368013A196801EBC20331F83210B942EF
S214026C4006D1D3F80210A94202D1DB88434505D00B
S214026C500136C3E7F9F798FBC289E9E70020E4E7C3
S214026C60D4110020034B1B680BB11B681847022087
S214026C70704700BF642F0020034B93F86010986D96
S214026C8001F0010120F057BF48140020F8B50B4E62
S214026C90054600240C27F9F777FB90F82620E3B286
S214026CA09A4201D8002007E0326F7B43D018D35AAD
S214026CB0AB4204F10104EED1F8BD00BF4814002037
S214026CC0034BD3E91D32125C03EB001120F0F5BE34
S214026CD0481400201FB500B131B90B4B002283F8CF
S214026CE02C2005B05DF804FB6A4622F007FF002858
S214026CF0F7D1054B009A9A6210210122684683F862
S214026D002C2021F0ECFEECE74814002008B53222D5
S214026D10054840F26661F9F77BFA044A136843F0C5
S214026D200103136008BD00BF542F00205C2F002013
S214026D3010B5064C2368DB0703D5054B18681EF012
S214026D4017FC236823F00103236010BD5C2F00208C
S214026D50542F002013B50C490B6813F0020204D01E
S214026D6043F004030B6002B010BD084C0192206889
S214026D701EF0FEFB019A40F26661204602B0BDE8B4
S214026D801040F9F745BA00BF5C2F0020542F0020B0
S214026D9010B51C4805F0F8FA1B4B1B680BB102F045
S214026DA0E9FA1A4CFEF736FCE06E18B11EF0D4FB78
S214026DB00023E366206F18B11EF0CEFB0023236784
S214026DC0606F18B11EF0C8FB00236367A06F18B18E
S214026DD01EF0C2FB0023A367606818B11EF0BCFB5E
S214026DE000236360E06808B11EF0B6FB88220748FD
S214026DF0002125F09AFC064A0023C4F8203153608D
S214026E0010BD00BF816F0200202F00204814002012
S214026E1068150020014B5B681888704748140020EC
S214026E20014B5B681889704748140020F8B50E4677
S214026E3030B3164D164BEC6E041B67105F43F9F722
S214026E40A3FAEB6E1C44D4F80650B5F1807F19D233
S214026E500368B5FBF3F2691CB1FBF3F39A42C4F87C
S214026E6006100BD16FF07F42AB1A5A425A4138468F
S214026E7020F087FD08B906B13560F8BD0122F6E7B5
S214026E802120FAE740F20350F7E700BF481400203B
S214026E90C54EECC450B1064BDB6EC0F80610C31AE2
S214026EA004485B100122584320F06BBD2120704736
S214026EB048140020C54EECC4014B186B704700BF47
S214026EC048140020044B1A6B824283BFDB6E1A22E0
S214026ED002FB0030002070474814002070B50446BC
S214026EE01EF0FCFB012806D1074B1A251A6BD96E39
S214026EF000239A4201D1002070BD05FB031086884C
S214026F00A642F9D00133F4E74814002008B51FF072
S214026F10EAFA034BDB6E1A2202FB003008BD00BF02
S214026F2048140020074B1A6B824208D939B1DB6E2F
S214026F301A2202FB003083880B8000207047212033
S214026F40704700BF48140020034BDB6EC01A034B89
S214026F5040105843704700BF48140020C54EECC48A
S214026F6040B1054B8180DB6EC01A044B401058437B
S214026F7020F050BD2120704748140020C54EECC4B6
S214026F802DE9F0430378032B89B0044620D0062B64
S214026F9026D0012B3BD141880020F9F7EFFA618811
S214026FA0002009F07FF802A86588F9F767FDBDF8AA
S214026FB01000A84206D10023CDE900331A4619462E
S214026FC0F9F76AFD608809B0BDE8F04302F0B6BC86
S214026FD04379032B1BD009B0BDE8F04323F0CBBCAA
S214026FE04188DFF89C900120F9F7C8FA61880120F1
S214026FF009F058F8B4F802800026D9F830309E42DC
S21402700008D366880024FEF715FB844226D309B00F
S214027010BDE8F0833046FFF755FF00270546D5F852
S21402702012309F4206D30027D5F816309F420BD364
S2140270300136E2E73A46002128461FF027FE41467F
S2140270401FF0EBFB0137EAE73A46012128461FF01C
S2140270501DFE41461FF0E1FB0137E5E72046FEF73D
S214027060EFFA02A905461FF005FB30B9BDF81A3043
S214027070B34202D128461FF0ADFB0134C3E700BF7E
S214027080481400202DE9F843144BD0F80A60DC6E51
S214027090D0F81280124B041B64100F465C43B044B7
S2140270A04FF6FF79464501D3002513E03046FEF73A
S2140270B0C7FA05461FF017FAA04201D00136F1E7DB
S2140270C028461FF06AFA4845F8D128461FF063FAA8
S2140270D0B842F3D12846BDE8F88300BF4814002022
S2140270E0C54EECC42DE9F843134BD0F80E60DC6EA7
S2140270F0D0F81690114B041B64100F4690465C4362
S214027100B1444E4501D3002513E03046FEF798FA07
S21402711005461FF0E8F9A04201D00136F1E72846FD
S2140271201FF03BFAB842F8D128461FF034FA404521
S214027130F3D12846BDE8F88348140020C54EECC4B7
S214027140014B986D704700BF48140020014B9865AC
S214027150FFF792BD4814002008B5044B83F8600080
S214027160FFF7F8FDBDE80840FFF786BD481400208B
S214027170014B93F8600070474814002008B51EF0D3
S214027180F9F9054B93F8632012B99B6EC01A08BD35
S2140271904FF0FF30FBE700BF4814002010B504464E
S2140271A01EF0E8F9014B001B986610BD481400203B
S2140271B008B51EF0DFF9014B986608BD481400209A
S2140271C0014B93F86400704748140020F8B5104C41
S2140271D094F86030834206460D46174602D1A36DE8
S2140271E08B4213D00B4B1B680BB19B6A984723F05C
S2140271F0C2FB94F861303BB9012384F8613084F80D
S2140272006260E56584F86570FFF7A4FD0020F8BDAE
S21402721048140020042F00202DE9F04F85B0DFF837
S21402722024810F9F0C460021396082460846164686
S2140272309B468DF80F1005F0C1FAD8F8583098F82A
S21402724060909E4205464FF0000135D1B9F1010F1C
S2140272500CD15CB998F8633043B1224631462046D9
S214027260FFF7B4FF09F0F2F8C7F800900DF10F012E
S214027270504605F069FB9DF80F30012B58D19DF85A
S2140272803830012B15D1BBF1000F14BF02240324A2
S2140272902146504605F0E8FD01233B60BBF1000F96
S2140272A007D0022C05D1264B1B6813B1DB6A504669
S2140272B0984705B0BDE8F08F78B9B9F1000F17D13D
S2140272C0B4B1F31A012B13D14A4631462046019334
S2140272D0FFF77CFF019B3B60C8E7B9F1000F23D1A3
S2140272E024B34A4631462046FFF770FF0123F2E7F1
S2140272F098F86430002BB9D0D8F830309D420BD3C2
S2140273003046FFF723FF2046FFF726FF002388F8C4
S2140273106430FFF74DFFE9E72846FFF7D3FD00216B
S214027320FFF7B8FD0135E7E70D46E5E72546E3E753
S214027330022BBED1BBF1000FBBD10324A8E700BFCE
S214027340042F00204814002038B50A4B04461D6F4F
S214027350F9F71AF890F826300C2202FB03550C3D7A
S2140273602046A84201D3002003E030F80C3F002B51
S214027370F7D038BD4814002008B5F9F705F890F89C
S214027380260038B1044B186F03881BB9BDE80840C5
S214027390FFF7DABF08BD00BF481400200048704758
S2140273A05C14002030B5064C034600F11005186840
S2140273B05968224603C20833AB421446F7D130BDA1
S2140273C05C14002008B5054B186800B18047044BD2
S2140273D09B8C23F4C073184380B208BD502F002044
S2140273E048140020014B9884704700BF48140020C0
S2140273F0044890F82C30002B00F1280008BF00202B
S214027400704700BF48140020014B1878704700BF31
S2140274104814002010B5044C0429217002D11EF035
S214027420A9F8A06610BD00BF4814002038B505466E
S2140274300C46F8F7A9FFC38AAB4211D9094B9A6FDB
S214027440525D6AB164B1586F00EB051000F110038B
S21402745050F8042B44F8042B9842F9D1002038BD8A
S2140274602120FCE748140020F8B50D4F05460E46CD
S2140274700024F8F789FFC38AA34202D840F20250DA
S2140274800BE0BB6F1B5D4BB1786F1022294600EBF9
S214027490041025F012F908B93460F8BD0134E8E7A3
S2140274A0481400202DE9F0411C4E05460F460024E4
S2140274B0F8F76AFFC38AA34202D9B36F1B5D33B9DA
S2140274C0F8F762FFC38AA34203D11A2521E00134EA
S2140274D0EEE7124E736F4FEA0418284603EB0413C6
S2140274E005F1100250F8041B43F8041B9042F9D130
S2140274F0B36F01221A552046FFF7E2FB054658B144
S214027500706F10220021404425F00FF9B36F00225D
S2140275101A552846BDE8F0813C60FAE74814002078
S21402752010B50446F8F730FFC38AA3420AD9064BC1
S2140275309A6F135D33B1013313552046BDE81040F0
S214027540FFF7BEBB212010BD4814002010B504462C
S214027550F8F71AFFC38AA3420AD9064B9A6F135D3D
S21402756033B1013B13552046BDE81040FFF7A8BBD8
S214027570212010BD481400202DE9F04F674B1B68F0
S21402758091B0002B50D098471FF012FC07A9039029
S214027590002007F019FA0446002845D1DFF8888152
S2140275A088F800031DF0F9FF4FF6FF73C8E9C20121
S2140275B0ADF816301FF095FC00283FD0584F3B68B8
S2140275C0002B34D01B68984706463D68B6F1000A81
S2140275D018BF4FF0010AADB36B68984750EA010333
S2140275E00546894608D07EB33B6813B39B680DF107
S2140275F0160098474FF0010A00270297079BA342FE
S21402760024D8029BC8F8FC3298F80033C8F8F872FF
S214027610C8E9C45933B9029B3D4343EA090955EA0E
S214027620090301D0FFF796FB11B0BDE8F08F26469E
S214027630CBE74FF6FF73ADF81630DBE7A2462546DA
S214027640A146D9E7A946D7E7B246D5E71F230020C9
S2140276500DF11A022146ADF818308DF8140007F025
S214027660E5F9002853D1BDF81A0005A9F9F7AAF8DA
S21402767000284CD19DF81460039B8DF81500012E4E
S21402768014BF9B464FF0010B13D0BDF81A000DF144
S214027690150100F0DFFD002839D19DF81530012BC9
S2140276A037D0BBF1020F4FF0010602D188F8006313
S2140276B05E469DF81530012B03D09DF81430012B41
S2140276C004D12046FAF73EFE07460291BBF1FF0FB1
S2140276D00BD11FF006FCD0B1BAF1000F17D0BDF8DF
S2140276E01630A34213D10226B34606ABBDF81A20C3
S2140276F00093062108AB5846FBF78CF8094B009618
S2140277001E68BDF81820002308A92046B047013499
S21402771074E702264FF0030BCBE700BF142F0020BE
S214027720682F0020242F0020481400202DE9F34162
S2140277307E4C94F86130002B00F09B8094F8623007
S21402774053B903F07DF80546002840F0928094F87D
S2140277506230002B00F08980E06DFFF7F7FC94F8AA
S214027760623084F86030002584F86150FFF720FD0F
S214027770FFF782FA94F86010A06DF6F715FE94F8FB
S21402778065301BB11DF0BCFF84F8655094F861307B
S214027790002B40F0858094F86030012B40F0828008
S2140277A0FFF7ECFCC0F5A82505F5C0651DF0F5FE53
S2140277B0D4E9BE3253EA020C06460F4605D098427A
S2140277C071EB020C70D3FAF7D7FDD4E9C40150EA84
S2140277D0010300F08880864277EB010374D31FF022
S2140277E08EFB4FF00108D4E9C201301A67EB0101A3
S2140277F01DF0D5FE94F800334BB14D4A904275D831
S214027800C0F5122000F5F860854228BF0546D4E987
S2140278102001301A67EB01011DF0C1FE454B98426C
S21402782066D9C4E920671DF0DEFE434CD4E90201A6
S21402783050EA010373D0864277EB010360D32368D4
S21402784023B13E49002201A801F0C6FD3A481022A3
S214027850002124F06AFFFFF78FFE63E02846FFF759
S21402786031FB0021FFF716FB0135236B9D42F5D352
S21402787075E794F86030012B88D1FFF77FFC304B18
S214027880984283D902F0DCFF00287FF47FAF94F899
S2140278906320002A7FF47AAFA16DFFF797FC75E7A5
S2140278A0322583E7274D81E7181A62EB01011DF0A6
S2140278B076FEA84289D8D4E9BE01801B61EB070197
S2140278C01DF06DFE054680E7801B61EB07011DF08B
S2140278D066FEA84207D8D4E9C401801B61EB070103
S2140278E01DF05DFE05464FF000087CE798468EE7E1
S2140278F0C0F5132000F6A970854228BF054694E716
S214027900801B61EB07011DF04AFEA84207D8D4E9A6
S2140279100201801B61EB07011DF041FE0546B8F12E
S214027920000F98D1284602B0BDE8F0814814002026
S214027930BF270900A83F090038140020597A020020
S21402794000460500FFFFE703F0B53B4D3B482B68BA
S21402795093B043F0020301AE2B603246002301339C
S214027960112B42F8040BFAD140F26663994260D1B9
S21402797007F054FF0190FFF7D9FE029008F06EFD63
S214027980039003F0D5FA049009F010FC0590FEF778
S21402799093F80690FBF77CF8294B07901B68002BA0
S2140279A041D01B689847274B08901B68002B3CD099
S2140279B09B689847099008F0AFF80A9001F0AAFF72
S2140279C0214B0B901B68002B31D098470C240C904F
S2140279D01E4B1B683BB1984712AB671C03EB840433
S2140279E044F8440C3C461A4A002356F8041B01335A
S2140279F08A4228BF0A469C42F7D12B681548590787
S214027A0044BF23F004032B602B6858BF013223F0D7
S214027A10020348BF002240F266612B6013B0BDE845
S214027A20F040F8F7F5BB0548BDE70448C2E70B246B
S214027A30CEE713B0F0BD00BF5C2F0020FFFFE703C8
S214027A40442F0020042F00200C2F0020582F002047
S214027A50FEFFE703542F002073B50C46019001F099
S214027A605FFCE8B10198214601F04EFCF8F728FFCA
S214027A70012817D11349002201A801F0ADFC7CB9F8
S214027A80114E30601DF089FD04460A200D461DF099
S214027A9096FD201845EB0101C6E902011EF008F822
S214027AA002B070BDF8F70CFF0028F9D1002CF7D110
S214027AB0FFF762FD054B1B68002BF1D02046984766
S214027AC0EEE700BF597A020038140020202F00206B
S214027AD0012857B504460DD0022809D0F8B9FFF799
S214027AE04BFD1FF035F9A8B90E4B1C6894B1A047A0
S214027AF000240FE001F022FC024670B90A4901A8F0
S214027B0001F06AFC0446074B1B680BB1012098473C
S214027B10FFF732FD204603B050BD0024F3E72124D0
S214027B20F8E700BF202F0020597A0200024B93F894
S214027B304000C0F34000704748140020064A03463F
S214027B40106810B182680AB91046704702789A42E5
S214027B50FBD00C30F5E700BF482F00200B4B1A680D
S214027B600146002032B90B0603D510F0800F08BF7D
S214027B70802070479368002BF5D013788B4203D889
S214027B80834238BF0346D8B20C32EBE7482F0020B8
S214027B9038B50346154609B9212038BD00240C60C5
S214027BA078B1802814D00E4B1B68002BF4D0FFF758
S214027BB0C5FF0028F0D0836842680B602A606BB964
S214027BC0EAE7084A5068926808602A601846E4E7BE
S214027BD0054B1B680B60054B1B6813602046DCE7F1
S214027BE0482F00204814002004100020D4D8040097
S214027BF0064A0346106810B182680AB910467047F2
S214027C0002789A42FBD00C30F5E700BF4C2F0020DA
S214027C1038B5154609B9212038BD00240C60146019
S214027C2078B1802814D00F4B1B68002BF3D0FFF7D7
S214027C30DFFF0028EFD0836842680B602A602BB90A
S214027C40E9E7094AD068126908602A600020E3E77B
S214027C502046FFF7CDFF0028F8D083680B60436804
S214027C602B60F3E74C2F002048140020034B93F9B7
S214027C70F4228242B8BF83F8F40270474814002008
S214027C802DE9F0414FF00008C1F8008005460E4687
S214027C9022F05FFC072828600ED8124B124F196894
S214027CA0386822F064FC044620B1C5F800802046FD
S214027CB0BDE8F0813B682B6028681DF049FC014650
S214027CC0306010B928601A24F1E7284622F045FCF5
S214027CD004460028EBD030681DF03EFC00233360DB
S214027CE02B60E4E704100020D4D804002DE9F04FFE
S214027CF0B74D802391B085F8F4320023CDE90333E3
S214027D00CDE905332B7804460E46002B40F0488218
S214027D10F8F73AFB90F824001A2358431DF018FC93
S214027D20E866002800F03A82F8F72EFBC08A0001C7
S214027D301DF00EFC6867002800F03082F8F724FB7E
S214027D4090F8260000EB400080001DF001FC28673A
S214027D50002800F02382F8F717FBC08A1DF0F8FB14
S214027D60A867002800F01A82234605F1340704F1BA
S214027D70200C186859683A4603C20833634517460A
S214027D80F7D1002385F8543033702069FFF70AFBD9
S214027D90904B1B681BB92124FEF7FAFFD6E18E4BE7
S214027DA01B68072BF7D904A903A8FFF769FF044647
S214027DB0002840F0CB8106A905A81FF04CF804461F
S214027DC0002840F0C381069BDDF810C00398EB60E4
S214027DD0059B2B61C5F804C0A860274626460A23E1
S214027DE04FF0020998423AD8F8F7CEFA90F82430C3
S214027DF0B342D0D3F8F7C8FA90F82530BB42CAD3BC
S214027E00EB6E2E6300271F60D5F808C0DDF810E081
S214027E10EB6E0A203E464FF00208844536D8F8F745
S214027E20B3FAB0F81680686F4FEA0812002124F001
S214027E307CFCA86F4246002124F077FC08A81FF0BD
S214027E4004FE002800F0A880089B984542D94046C8
S214027E5001F0C0FC064600283CD034469CE7A0EB66
S214027E600308B8F1030F96D90CEB03018A7891F850
S214027E7003E0911C19FB0E11B8EB410F4FEA410AC1
S214027E8089D37244534417440136ABE70EEB000223
S214027E901A601E715E719178D278C3F81210C3F818
S214027EA00A700F440231C3F81620C3F80E70174446
S214027EB018FB021200EB42001A33AEE7D5E91D1298
S214027EC02046224401EB04111FF0CEFD0646002890
S214027ED0C3D10134DDF820904C45EFD3C84551D8C4
S214027EE0D5E901123846FDF7E9FB044600287FF47F
S214027EF053AF02A906F068FD06460028ADD1029BE4
S214027F00002B14BF04210121FFF784FA85F8606074
S214027F10AE651FF0F6FD00284FD03049A1F10800EB
S214027F201FF0F2FD044600287FF436AF2F6BF8F7F9
S214027F302BFA0168019107A81FF0FFFC019900289F
S214027F404ED1384601F002FC044600287FF424AFE6
S214027F504FF01A098046A7425AD0EB6E09FB04334B
S214027F60012283F8068083F8078083F8088083F866
S214027F700980002120461FF004FD002840F01281EF
S214027F800134E8E74846FEF79BFE064600287FF4E3
S214027F9064AF09F10109A1E7404601F00DFC06466F
S214027FA000287FF45AAFB0459AD93046FEF788FECD
S214027FB0002840F0F9800136F5E701F017FC044688
S214027FC000287FF4E9AE01461FF0B5FDAAE700BF20
S214027FD04814002004100020D4D80400A81400205E
S214027FE0079B9F4238462AD901F0C0FB0446002868
S214027FF07FF4D2AE4FF000084FF0010ADDF81CB055
S214028000D8451FD34FF01A094FF000085F454DD8E8
S21402801007A81FF0D9FC00285FD1384601F0B4FB50
S214028020044600287FF4B8AEA74263D0002120465B
S2140280301FF0F0FC002840F0B5800134F4E701F0B0
S21402804085FBD3E7002308A9404608931FF081FC6E
S214028050044600287FF4A0AEE96E08981A2303FBB4
S21402806008F319449946C1F80600F8F78DF9E96E47
S21402807003680193494408F10108D1F806B0F8F7FD
S21402808083F9E96E019A01EB090301688B445142B8
S2140280900BEA0101B1F1807F31BFC3F806109C7173
S2140280A0DC711C7228BF83F809A0A7E7EB6E09FBF8
S2140280B00B33012283F8068083F8078083F8088052
S2140280C083F80980002158461FF05BFC044600280E
S2140280D07FF462AE0BF1010B98E7079B9F4239D8FB
S2140280E04FF000094FF01A0ADDF81C80464538D3D7
S2140280F0474548D82D4804F03BF9044600287FF44B
S2140281004BAE21461A2209A8089424F00EFB1E2123
S21402811008A81EF00CFE48B99DF8203033B108A816
S21402812024F038FB014608A8FEF7D4FD204E33683B
S21402813063B101F00BF92B78042B07D1F8F7C0FBDB
S2140281400128336894BF012000209847204611B0CA
S214028150BDE8F08F384601F023FB04460028BFD066
S2140281601AE608A93046ADF820901FF03AFC0446FD
S21402817000287FF411AEEB6EBDF820200AFB063312
S21402818001369A80B0E7002140461FF043FC0446C1
S21402819000287FF401AE08F10108A9E71A24FBE5DE
S2140281A00224D3E70446F7E5064656E6816F020048
S2140281B0202F002008B5054B1968054B186822F0D9
S2140281C0D6F9F6F775F9002008BD00BF04100020A6
S2140281D0D4D80400014BD3F890027047481400200C
S2140281E0014BC3F89002704748140020014BD3F8A5
S2140281F09402704748140020014BC3F8940270475B
S21402820048140020014BD3F8EC02704748140020B3
S214028210014BC3F8EC02704748140020014BD3F818
S2140282204002704748140020014BC3F840027047D2
S21402823048140020014BD3F8E80070474814002089
S214028240034B1B680BB19B6818470220704700BFA0
S214028250642F0020044B1B680A460BB15B68184764
S2140282600221117018467047642F002030B58DB079
S214028270D0F80D30069300240B2306AA05468DF887
S2140282801D308DF81E100723214620468DF81C400F
S2140282901AF095FA05901EF061FE064B059ACDE996
S2140282A00043CDE902542346292107F001FA0DB016
S2140282B030BD00BF8D70040070B506460D46FFF750
S2140282C089FF044620B910201DF042F9044668B121
S2140282D0F8F75AF890F8283003EB4303C3EBC300D1
S2140282E01DF036F9206018B91EF025FE1A2007E0A8
S2140282F0044BE3602046C4E90165FFF771FF0020E6
S21402830070BD00BF1400200000487047D826050044
S21402831070B5064610461FF08AF8044670B1084B40
S214028320084A01211830FCF7ABFB054618B1204677
S2140283301FF0C3F800243460284670BD1A25FBE7F8
S214028340C57504002D750400004870470027050017
S214028350024B186800B10047704700BF282F002064
S21402836000B50C4B1B688FB05BB169B180228DF8EB
S214028370002093F83420084B019053F822306846C8
S21402838098470FB05DF804FB81218DF800100D921E
S214028390EFE700BF702F0020F427050038B5154C14
S2140283A0236833B30021084693F84951FCF786FE4A
S2140283B0206800F59C7021F014FB20680C3021F038
S2140283C0AEFC2068103021F0AAFC23684FF4A87295
S2140283D01846002124F0A9F91DF0BEF800232360F8
S2140283E03DB92846F7F772F92846BDE83840F7F750
S2140283F0E1BB38BD702F002070B50378802B044691
S21402840017D0812B3FD1204B1A68436811689942D6
S21402841002D05268934236D1002008F053F91B4B23
S2140284201B684FF4A2605B689847BDE87040FFF790
S214028430B5BF154D002008F045F92B68616818682D
S2140284409960002281421A6015D1114B1A602B687E
S214028450002258685A606368984210D10C4B012279
S2140284601A602B68022283F83420084B1B68BDE88A
S21402847070401B681847012109F0E2F8E7E701217E
S21402848009F0DEF8EDE770BD702F00206C2F00209B
S214028490E811002038B50F4D2B680446986810B1D5
S2140284A0214622F038FD2B6893F849310BB104F0CF
S2140284B01DFF54B9084B1B6820465D6809F036F963
S2140284C0A847BDE83840FFF769BF2B680B2283F840
S2140284D0342038BD702F00206C2F002010B5144CAD
S2140284E090B02368019133B108461AF023F938B9DF
S2140284F00220FFF7CFFF01A819F074FF10B010BDDD
S214028500019B9A791A44127B12F0C00FF0D10D2A01
S21402851001D90120EDE7039323688DF8082093F82C
S2140285203420044B02A853F822309847E3E700BFF2
S214028530702F0020F427050030B50378802B85B015
S21402854004460BD006D8022B0ED0092B00F08980E9
S214028550032004E0812BFBD1002000E0072005B0B9
S214028560BDE83040FFF796BF40681AF0E3F80628E9
S21402857004D00220FFF78EFF05B030BD61680123EC
S214028580052202A819F024FF3A4A9DF8081093899A
S2140285909DF80A000B4113F0010F04D014789DF8E1
S2140285A0093044B94BB151EA0003E2D1937A002B69
S2140285B0DFD10720DEE7012BF5D80328F3D8DFE862
S2140285C000F0022D3144937A002B50D09DF80B20F8
S2140285D09DF80C301343CCD100210846FCF76EFD03
S2140285E0254B02981C689DF80C3084F8453004230D
S2140285F084F83430214BC4F841001B68DD69002D35
S214028600BAD094F8443094F8432094F8421094F880
S214028610410094F845400094A847ADE75378DB073D
S214028620A7D5D3E79478002CA3D09DF80C305D1E16
S214028630072D9ED89C429CD393889DF80B402341DD
S21402864003F00103002BC7D1ADE79479002C90D03C
S2140286509DF80C305D1E072D8BD89C4289D313895A
S214028660EBE7406805B0BDE830401EF0CFBF0029FA
S2140286709FD07EE716130020702F00206C2F00205C
S21402868070B505780C2D92B0044611D006D8092D87
S2140286907CD00A2D15D0B5B1032004E0802D28D059
S2140286A0812DF9D1002012B0BDE87040FFF7F2BE6E
S2140286B0394B1B68002B67D0606812B0BDE870406B
S2140286C01847364BF5E740681AF034F8022801D00E
S2140286D00220E8E7324E6168306801231A463530D8
S2140286E019F076FE3368284693F83510FCF7E6FC58
S2140286F008B10720D7E73368032283F83420012322
S2140287008DF80430FEF7D8FB264B8DF805009989C4
S2140287104ABAADF806205A7822F002008DF809000F
S214028720987A28B9022904BF42F002028DF809207D
S2140287301A788DF808209A788DF80A209A8852BA04
S214028740ADF80B209A791B898DF80D205BBAADF82F
S2140287500E303368DDF80520C3F83620DDF8092030
S214028760C3F83A20BDF80D20DA879DF80F2083F86B
S214028770402098680C2201A908F068FF1A2801D147
S214028780052090E70028B4D112B070BD406812B040
S214028790BDE870401EF03ABF782F0020742F0020EC
S2140287A0702F0020161300202DE9F04F0378802B3F
S2140287B0A9B004460BD006D8072B0ED0092B00F022
S2140287C0BF80032004E0812BFBD1002000E00720BD
S2140287D029B0BDE8F04FFFF75DBE406819F0AAFF6A
S2140287E0222801D00220F3E76168594C0123212296
S2140287F00EA819F0EDFDDDF85100DDF855100AABB4
S21402880003C30AAB2068059308220023CDE903328E
S214028810029317AE19230193009600F59E710EAAD5
S214028820D0F8380121F02BFA002840F08F8096E825
S2140288300F0006AD85E80F000DF16F001EF0C9F8B7
S21402884081462068BDF873A0BDF86C709DF86EB0C6
S21402885000F59C7021F0C5F820689AFA9AFA0D2164
S21402886000F59E701FFA8AF820F039F940461CF08F
S21402887035FF012803D00820FFF70CFE5DE0FEF767
S2140288801BFB08F1FF33184480B21CF027FF0128B7
S214028890F1D1236893F849217FBABFB2E2B193F8C7
S2140288A04A31012B05D11EF0E2F940450AD10920D2
S2140288B0E2E71EF0DCF94045F9D1236893F84A3125
S2140288C0012BF0D0FEF73CFC4845F0D1294638464D
S2140288D021F05FFA0028EAD120681E4BA0F84CA1CE
S2140288E01B68CDF80090CDE9018B00F22711D3F872
S2140288F008802A463B461430C04708B10720BBE72B
S21402890020682021143020F0EAF82068102100F2B6
S214028910271020F0E4F81021284620F0E0F823681B
S2140289200A2283F8342008228DF85C2098680122F7
S214028930314608F08BFE0028E0D129B0BDE8F08F62
S214028940406829B0BDE8F04F1EF060BE062093E7EF
S214028950702F00206C2F002070B5554C23680546FA
S21402896086B093F8410022F0A4FB2B78802B0646B3
S2140289707DD006D8062B0CD0092B00F0928003205F
S21402898002E0812BFBD1002006B0BDE87040FFF765
S21402899081BD686819F0CEFE0136B04201D00220D1
S2140289A0F2E720686A6800F20711012390F8410096
S2140289B022F08CFB206800F19603049300F1460334
S2140289C0039300F20713029300F114030193C368A2
S2140289D00093036900F1410200F13601353022F0BE
S2140289E0CBFA08B90420CFE720680121353020F001
S2140289F076F820680B21363020F071F820681021B6
S214028A00463020F06CF820682021963020F067F877
S214028A1020680C3021F083F92068103021F07FF9AD
S214028A202168092381F8343001F2271391F84100B6
S214028A30039301F59E73029301F59C73019301F172
S214028A40E703009301F1B70201F20713143122F093
S214028A50C4FA08B1052097E7236893F8411098688E
S214028A6003F1E70222F03EFB1A28F3D008B10720F2
S214028A708AE720680521413020F031F8206830214D
S214028A80B73020F02CF820682021E73020F027F8B5
S214028A902068202100F2071006B0BDE8704020F0E2
S214028AA01EB8686806B0BDE870401EF0AFBD00BFD5
S214028AB0702F002010B50378812B92B023D005D8F2
S214028AC0092B29D0802B21D0032020E0F02BFBD1CC
S214028AD0154B1B68021D03F14601343052F8044B55
S214028AE041F8044B8242F9D1042207248DF804206F
S214028AF0986883F83440012201A908F0A7FD1A28D5
S214028B0003D1052003E0002001E058B1072012B08F
S214028B10BDE81040FFF7BEBC406812B0BDE810408A
S214028B201EF074BD12B010BD702F002010B51E4C82
S214028B30206886B000F1B703059300F1760304932C
S214028B4000F14603039300F1E703029300F11403D6
S214028B500193C3680093036900F1410200F13601F4
S214028B60353022F0EAF928B1072006B0BDE81040F9
S214028B70FFF790BC2368082293F8411083F834204C
S214028B80986803F1760222F0D3FA1A28014601D138
S214028B900520EAE70028E7D120682022763006B0D2
S214028BA0BDE8104023F0C1BD702F002010B50D4C5B
S214028BB02368A0B069461869402221F0CCF82368E1
S214028BC040220DEB0201D86821F0C5F840220DEBD9
S214028BD00201684623F071FDB0FA80F0400920B029
S214028BE010BD00BF702F002070B50378802BA4B094
S214028BF004460BD006D8032B0ED0092B00F00281B8
S214028C00032004E0812BFBD1002000E0072024B0E3
S214028C10BDE87040FFF73EBC406819F08BFD412866
S214028C2001D00220F3E761684022012303A819F06D
S214028C30CFFB7949402203A823F03FFDB0B1774924
S214028C40402203A823F039FD80B17549402203A8CB
S214028C5023F033FD50B1734C23680022103303A96E
S214028C60104621F04DF828B1072011E00720FFF743
S214028C7011FCF9E7206890F84230002B49D16A4D82
S214028C8021682B680C31DB680020984718B1052054
S214028C90FFF700FC57E0FFF789FF0028F0D12368B2
S214028CA093F84210186903F1140200293BD10146D9
S214028CB0D86821F060F80028D6D1236893F84220BD
S214028CC0AAB903228DF84C20D86840220DF14D0136
S214028CD021F041F8002840F09B80236841229868E2
S214028CE013A908F0B3FC1A28D1D00028BCD12368F7
S214028CF093F8410003F1E70122F0E0F90028B3D12E
S214028D00206890F84330032B1DD8DFE803F0101ECE
S214028D10426F0C3021F055F80028A5D1FFF746FF28
S214028D200028BCD0A0E7114621F049F8C3E700238B
S214028D3000F1460190F841001A4622F027FA23680D
S214028D40072283F8342024B070BD90F8410022F048
S214028D50A7F9431E1F2B014686D813A821F034F824
S214028D6038B92568034613AA95F8410005F146016D
S214028D70E3E740F2025398427FF476AF2368062276
S214028D8083F83420284B1B689B6998470028DAD062
S214028D906AE790F8410022F083F9054600283FF47E
S214028DA063AF236893F8452093F84410009013AB02
S214028DB0012008F0F3FB034600287FF455AF26682F
S214028DC013AA96F8410006F1460122F0DFF9206860
S214028DD0072380F83430144B90F845101B6890F83F
S214028DE044001C6913AA2B46A047CFE7052380F848
S214028DF034300D4B90F845101B6890F844005B69C0
S214028E009847C3E7406824B0BDE870401EF0FEBB3A
S214028E101A283FF43CAF27E728270500AA270500B3
S214028E2069270500702F00206C2F002070B5114EA8
S214028E303368054693F8410022F075F904466868DF
S214028E4019F078FC0134A04205D00220FFF722FB7D
S214028E5040F2034070BD30686A68012300F1960153
S214028E6090F8410022F086F93368012283F8B62092
S214028E700020EFE7702F002008B50278802A0AD07B
S214028E8005D8052A0CD0092A17D0032004E0812A27
S214028E90FBD1002000E00720BDE80840FFF7FABA41
S214028EA0094B1B6893F8B630002BEED1FFF7BEFFD6
S214028EB040B9BDE80840FFF739BEBDE80840406843
S214028EC01EF0A4BB08BD00BF702F002010B40278AD
S214028ED0802A03461DD005D8052A27D0092A2FD076
S214028EE0032017E0812A19D0F02AF9D1174A12680E
S214028EF0011D343302F1460051F8044B40F8044B8E
S214028F009942F9D192F8B63053B15DF8044BFFF7A7
S214028F100DBE07205DF8044BFFF7BCBA0020F9E748
S214028F20072382F834305DF8044B7047074B1B6802
S214028F3093F8B630002BD3D15DF8044BFFF776BF1B
S214028F4040685DF8044B1EF061BB00BF702F002026
S214028F5030B50378802B8DB009D0812B0DD0092B2C
S214028F604DD140680DB0BDE830401EF04FBB072023
S214028F700DB0BDE83040FFF78DBA406B00283AD1FD
S214028F80204B1B685B689847FFF708FAF7F798FCD0
S214028F9001282ED81C4B1B685BB31F22ADF80E208F
S214028FA000209847194B01201B689847014600BBD2
S214028FB0174B1D68012D1CD103AA05F037FDC0B959
S214028FC0144B28461B689847044690B90DF10E03C9
S214028FD0BDF80C200093062104AB2846F9F71AFCCC
S214028FE00D4B00951D68BDF80E203C2304A92046B3
S214028FF0A8470DB030BD0720FFF74CFAC4E70320A0
S214029000B6E700BF6C2F0020182F0020202F00206C
S214029010E8110020102F0020242F0020024B186891
S21402902008B190F849017047702F0020094B1B6861
S21402903002466BB193F8490138B193F84A110129F7
S21402904005D1B3F84C31138070470346FBE7002383
S2140290501846F8E7702F0020064B1B6843B193F8BA
S214029060490130B193F84A01831E5842584170476D
S21402907018467047702F0020F0B51646314A85B064
S21402908004460D46D2F84100D2F845101F4602AB00
S21402909003C314B9212005B0F0BD237833F00102D2
S2140290A0F8D1D90708D501A8019220F08AFE002837
S2140290B0F1D101A820F033FE627812F0FC0FE9D15C
S2140290C0A0780828E6D8A38823F01F03002BE1D156
S2140290D0A1790829DED8238923F00F03002BD9D1E2
S2140290E0002DD7D02B68002BD4D06B68002BD1D0A4
S2140290F0AB68002BCED010B12B69002BCAD011B1B1
S2140291006B69002BC6D0D30702D5AB69002BC1D042
S2140291100D4B0E491D6004F10C030D4654F8042B4A
S21402912041F8042B9C42F9D123880B80AB8913B9F2
S2140291301CF0CBFCA8813A4602A9304608F0AEFAEB
S214029140A9E700BFAA2705006C2F002016130020EF
S21402915038B5084B084D094800240E2221461C60EB
S21402916023F0E3FA08F0D0FA286810B11CF0F4F9FC
S2140291702C6038BD6C2F0020702F002016130020A4
S21402918010B50446E0B143680BB102681A60226863
S21402919002B153600B4BA07D1A68A24204BF6268FC
S2140291A01A6008B107F084FBE37D6FF38203E37570
S2140291B0DB0705D5A06918B11CF0CEF90023A36120
S2140291C010BD00BF842F002038B5134B1C680D4617
S2140291D004B938BD2369984215D12A1EE37D18BF0B
S2140291E0012262F34103E375DB070ED4A3681BB1C9
S2140291F0E268294620469847002DEAD12046BDE877
S2140292003840FFF7BDBF6468E2E7002DEED0A07DD0
S21402921007F0CAF9EAE700BF842F00202DE9F843D9
S2140292200E461746314C0546F7F7AEF8216890F819
S2140292302A20002324209A424BD900FB03F801EB94
S214029240080C9CF817C01CF0040F46D185BB246896
S214029250444445F00405E37D94F8202005F0070514
S21402926023F007032B43E3756FF30002002513F088
S2140292700103C4E9026784F8202065842FD0F7F73B
S21402928083F890F82320A0695200294623F04DFA6D
S214029290174A1368636003B11C6004F11601204686
S2140292A0146007F0D9FAA8B12046FFF769FF10E06C
S2140292B0F7F76AF890F823002368400003EB0809E2
S2140292C01CF048F92368C9F8180043449B69002B30
S2140292D0BDD100242046BDE8F8830133ABE7227FE8
S2140292E0A36163F300022277D2E700BF882F002033
S2140292F0842F0020024B1860024B1960704700BF93
S2140293007C2F0020802F0020034B1B6813B1034ADA
S21402931012681847704700BF7C2F0020802F00205D
S214029320054B1B680BB918467047834201D05B6831
S214029330F8E70120704700BF842F0020024B186810
S214029340003818BF01207047842F002008B5F7F7B1
S2140293501BF890F82A0000EBC00080001CF0F8F81A
S214029360034B002818600CBF1A20002008BD00BF5F
S214029370882F00202DE9F843154D2C689CB9154D11
S2140293802B6873B1F7F700F890F82A704FF02408AC
S214029390A146A74228680AD118B11CF0DDF80023BE
S2140293A02B60BDE8F8832046FFF7EAFEE5E708FBF8
S2140293B004F63044C37DDB0707D5806928B11CF06C
S2140293C0CBF82B683344C3F818900134E1E700BFAA
S2140293D0842F0020882F002070B506460120FFF754
S2140293E01DFF044670B1084B084A00211030FBF7F7
S2140293F047FB054608B9346004462046FFF7C0FE20
S214029400284670BD1A25FBE711940200C991020096
S2140294102DE9F041984B90B01C6807922CB907A82A
S21402942018F0E0FF10B0BDE8F0812369984200F022
S21402943015816468F2E70799204607F0C7FA002309
S2140294400793ECE7002207986FF07F03114606F0B9
S2140294506FFEF4E7E37D079913F0010F0DF1260581
S21402946009A80CAA0BAF0DF1210300F0A280CDE9EA
S2140294700305CDE9017200930EAA08AB03200A91F8
S214029480FCF7F4FC0546002859D10A9819F052F95F
S21402949087B206460FB9212551E09DF82050012DCE
S2140294A0F9D19DF82130002BF5D1BDF82630002BDE
S2140294B0F1D1FDF745FE0B9B0C9ABDF82410A3EBE9
S2140294C0000CDCF1000040EB0C0000F0ABFB0346A6
S2140294D000286BD12A460A990DF1220018F078FF6F
S2140294E09DF82250012D38D0022D4AD0002DD2D11F
S2140294F0022FD0D101230A991A460DF1230018F043
S21402950067FF9DF823100129C5D800231A46204676
S2140295101EF043F903238DF8343094F82030BDF85A
S2140295203A10C3F300038DF83530638C5BBAADF89E
S21402953036300DAA042320461EF0CEF805460AA8A9
S21402954018F050FF002D7FF47AAFA38A002B7FF429
S21402955076AFBDF82430A38271E7F2079BD5ABB293
S2140295609F42D7D92B460A9902220DA818F030FF3F
S214029570BDF8341049BA89B220461EF062F80235A8
S214029580EDE7F30787D50125ABB29F42C2D92B463A
S2140295900A9902220DA818F01BFFBDF8341049BA2A
S2140295A089B220461EF073F80235EDE740F2034515
S2140295B0C5E7CDE903050DA8CDE901200DF122028C
S2140295C0009203200EAA0B91FCF750FC054628B920
S2140295D00B9819F0AFF886B216B921253846AFE7D0
S2140295E09DF82180B8F1010FF7D19DF82230002BAB
S2140295F0F3D1BDF82630002BEFD142460B992B460D
S2140296000DF1230018F0E4FE9DF82320032AE4D18E
S214029610042EE2D10B9943460AA818F0D9FE9DF80B
S2140296202820012ADAD894F8203062F3000384F85E
S2140296302030BDF829305BBA6384237F65F30003CC
S2140296402377A369002BC9D0002120469847002320
S214029650A361C3E720461EF012F9E0E60329F9D813
S21402966001A353F821F000BF37940200459402008C
S214029670559402001F940200842F002038B5084B30
S2140296801C6805460CB9204638BD10222946201D06
S21402969023F013F80028F6D0D4F82640F2E700BFED
S2140296A08C2F00200A4B1B6813B940F202507047F9
S2140296B01A88824209D11A1D143352F8040B41F853
S2140296C0040B9A42F9D100207047D3F82630EBE714
S2140296D08C2F0020014B1888704700BF6A3100208B
S2140296E038B5064D35F8103004461BB920F0D5FCC7
S2140296F025F8140035F8140038BD00BF6C31002080
S21402970008B526220021044823F00FF805F0D4FB02
S214029710024B00221A7008BD6C3100201D3B00204F
S21402972010B5084C23780BB1FFF7EAFF064826224D
S214029730002122F0FAFF01232370BDE8104005F055
S214029740B1BB00BF1D3B00206C31002038B504467B
S214029750054D0B46002003222146288020F0ABFD53
S21402976000B92C8038BD00BF6C310020054A10B409
S214029770002414800B460322014620465DF8044B63
S21402978020F086BE6C310020044B00225A81012351
S21402979000FA03F21946052020F08DBD6C31002038
S2140297A0044B00225A81012300FA03F219460520CF
S2140297B020F06EBE6C310020054B0021198230B1BC
S2140297C0012300EB00121946082020F074BD7047F2
S2140297D06C310020044B00221A82012300EB001297
S2140297E01946082020F054BE6C310020044B00229B
S2140297F05A80012305221946184620F05CBD00BF98
S2140298006C310020044B00225A8201231022194692
S214029810092020F050BD00BF6C31002070B505460F
S214029820F6F7B2FD4489F6F7AFFD8389053403EBFC
S214029830430303EB4404F6F7A7FD438905335E00B2
S214029840F6F7A2FD838903EB430333449C4214D804
S2140298500B4B00229A80F6F797FD4489F6F794FDA3
S21402986082890534640002EB42022244294601231F
S214029870BDE87040022020F01EBD1A2070BD00BF59
S2140298806C31002013B50B4B019000229A80F6F73C
S2140298907BFD4489F6F778FD8289019905346400D8
S2140298A002EB420201232244022002B0BDE810402D
S2140298B020F0EEBD6C31002010B5F6F765FDC388CA
S2140298C00433142B0AD8064B0022DA800123BDE8A3
S2140298D0104028221946032020F0EDBC1A2010BDA5
S2140298E06C310020044B00221A8101460123182203
S2140298F0042020F0E0BC00BF6C310020044B0022A4
S2140299001A81014601231822042020F0C1BD00BF9F
S2140299106C310020034B1B680BB11B6818470248CA
S214029920704700BF902F0020FFFFE703024B1B6823
S2140299300BB15B6818477047902F0020024B1B68DC
S2140299400BB19B6818477047902F0020104B1B687E
S2140299505A6830B5511E0446B2B11D68002253182B
S214029960580800EB0013EB5AC3F30E039C420DD0CB
S2140299708A4209D09C4203D2824205D0411EEEE7BB
S214029980814201D0421CEAE74FF0FF3030BD00BFF3
S214029990E0110020F7B5074608461C461646FFF7B4
S2140299A0D5FF431C05462AD0FDF7CAFB01460FB970
S2140299B000B1411E68461DF00FF8314601A81DF0A1
S2140299C01BF8124B12491B681F6805EB05157E191A
S2140299D009360722304622F070FE18B901232360AA
S2140299E003B0F0BD07223146684622F066FE2060CC
S2140299F038B97A5BD20B06D04FF0FF33EFE721205F
S214029A00EEE70020ECE71046EAE700BFE011002090
S214029A1024280500F0B589B00446FFF797FF431CDB
S214029A2023D0134D2B685A681F6800EB0016121AD3
S214029A3002EB021206F11101113A3944B81922F06A
S214029A405AFE2A685368013B53600021202268466A
S214029A5022F06BFE122368468DF80030ADF8044003
S214029A60F6F770FC002009B0F0BD40F20250FAE7AB
S214029A70E01100202DE9F0473D4D2B6888B05C6868
S214029A8006460F46F6F780FC038A9C4222D02B68D5
S214029A90D3E90002002404EB0418A24200EB0801FA
S214029AA053D12B681A6802EB080322F808604FF0BD
S214029AB0FF32C3F802202968C3F805200B689844D1
S214029AC00020C8F80920C8F80C204B6801334B6008
S214029AD03C6035E0FDF734FB012825D9411E684677
S214029AE01CF07AFF0024D5F800908DF804408DF81B
S214029AF005408DF80640D9F804A0544514D0D9F88C
S214029B00003004EB041898440722694608F1020064
S214029B1022F0D3FD002816DAB8F80000C0F30E00D3
S214029B20FFF778FF0028B2D020220021684622F0F4
S214029B30FCFD132368468DF80030F6F703FC1A2066
S214029B4008B0BDE8F0870134D7E730F808C0CCF398
S214029B500E0C664504F1010301D31C469BE7121B5B
S214029B6003EB031302EB0212184422F0C4FD98E73B
S214029B70E01100202DE9F04304468BB008460F465C
S214029B8090461E46FFF7E2FE0190013038D0FDF700
S214029B90D7FA0146002C3CD0DFF88490019DD9F814
S214029BA0003005EB05151B685C5B5819002E34D097
S214029BB06FEA44446FEA54445C5309301CF00CFFCD
S214029BC0D9F8003001981B6800EB00101844414693
S214029BD00D301CF011FF2022002102A822F0A5FD64
S214029BE0003E4FF0110318BF012602A88DF8083078
S214029BF0ADF80C708DF80E60F6F7A4FB002005E0B9
S214029C0001A93846FFF736FF0028C0D00BB0BDE8E2
S214029C10F0830028C0D0411EBEE7C4F30E04CBE793
S214029C20E0110020F0B506468DB008460D461446F3
S214029C30FFF78CFE019001300AD101A92846FFF7F2
S214029C4019FF002844D1254B1A68936801339360A4
S214029C50FDF776FA01460EB900B1411E02A81CF0C5
S214029C60BBFE214603A81CF0C7FE1C4B019C1F68C6
S214029C701B493B6804EB04141C44A61C072230460E
S214029C8022F01BFD30B1072202A9304622F015FD54
S214029C9000281FDA237C23B1BB680133BB60002394
S214029CA023740298C4F80200BDF80C209DF80E300A
S214029CB0B371B2800021202204A822F036FD1123BF
S214029CC004A88DF81030ADF81450F6F73BFB0020D0
S214029CD00DB0F0BD40F20340FAE700BFE0110020ED
S214029CE02428050010B5084C2368186820B11BF01C
S214029CF033FC236800221A6020681022BDE8104058
S214029D00002122F012BD00BFE011002037B5F6F7A1
S214029D103BFB008A104C00EB001025681BF018FC79
S214029D20236828601A68AAB100225A601EF08BF9CE
S214029D3030B91EF090F9044610B1FFF7D3FF06E0E3
S214029D400DF106001EF09CF904460028F5D12046C7
S214029D5003B030BD1A24FAE7E0110020014B1B685D
S214029D6058687047E01100202DE9F843164B1F682B
S214029D70D7E900860446002500F1020905EB051323
S214029D80AE4208EB03010FD101367E60204604F195
S214029D90100350F8042B41F8042B9842F9D10378AB
S214029DA00B700020BDE8F883228838F803309A4208
S214029DB005D107220231484622F07FFC08B1013560
S214029DC0DCE70120EEE700BFE01100202DE9F047B6
S214029DD005460B489DF820C00768BDF82C90BDF8D4
S214029DE030A0DDE909E84FB1CDE90B9ACDF820C0E5
S214029DF07C692846A446BDE8F0476047BDE8F08780
S214029E00042F0020034B1B680BB19B6918471846AA
S214029E10704700BF042F002010B4054C246824B1FC
S214029E20E469A4465DF8044B60475DF8044B70474E
S214029E30042F0020F8B50F461C461BF0AEFB064664
S214029E400D46ACB12378012B12D1636CBB420FD105
S214029E50084B1B6898681BF0B2FB801945EB0101A2
S214029E600023C4E902016364BDE8F840FCF772BF50
S214029E70F8BD00BFE41100202DE9F04F91B00E4668
S214029E80054608930DF12D019DF86C309DF868A0EB
S214029E90BDF874B0BDF8788009933046914602F05A
S214029EA053FD18B1002011B0BDE8F08FBAF1000FD3
S214029EB059D00DF12E01284602F096FC0028F1D169
S214029EC0BDF82E30B342EDD154461F9BCDF810B0EC
S214029ED0CDE905831C9B0393099B0CAFCDE901A337
S214029EE0089B009307974B462A46214601201EF000
S214029EF004FBF8B19DF82D30013B012B01D9022C51
S214029F00D0D11F9B0797CDE905831C9B0393099B22
S214029F10CDF810B0CDE901A3089B00932A464B4624
S214029F20214600201EF0E9FA0028BBD1022C01D1FE
S214029F3003F0C2F90D4B1B684046D3F804901BF0A1
S214029F40CDFB9DF88030039302281F9BCDF800803E
S214029F5018BF0027CDE9017320465B4632462946E4
S214029F60C84701209FE70224AFE700BFE4110020A4
S214029F70F8B50E4F05460E460024F6F705FA038A94
S214029F809C4202DB40F202500CE03A682301126C5B
S214029F90D35AAB4202EB041105D1D1E90223C6E93A
S214029FA000230020F8BD0134E7E700BFE4110020DB
S214029FB0054B1B6833B103EB8000D0F8D030013379
S214029FC0C0F8D030704700BF602F00202DE9F34163
S214029FD00C4600294BD007294BD041F21303994275
S214029FE049D01A2949D041F2440399420CBF0523AD
S214029FF00423234E326850254543D06B214A11680C
S21402A000284469B10522B3FBF2F202EB82029B1AE4
S21402A010DBB201EB8303D3F89C200132C3F89C2009
S21402A020406C08B1FBF71CFF3368DA6B2A44136CEA
S21402A030906C976B92F8348001931EF057F9326851
S21402A040D06B2844483018F0CDF93268D06B002126
S21402A0505022284422F069FB27B1019B4246002188
S21402A0602046B84702B0BDE8F041FCF773BE0B4687
S21402A070BFE70123BDE70223BBE70323B9E700BF1F
S21402A080E4110020602F002038B5174D2B683824C5
S21402A0904443986B154B1A6820445AB10323B1FB0C
S21402A0A0F3F303EB4303C91AC9B202EB81010B6F48
S21402A0B001330B67C06A08B1FBF7D2FE2B689B6BB5
S21402A0C02344186B1EF012F92B68986B204430302C
S21402A0D018F088F92B68986B382220440021BDE8D6
S21402A0E0384022F022BB00BFE4110020602F00207F
S21402A0F0044B1B6823B103EB8000836C013383643B
S21402A100704700BF602F00202DE9F04F1D468FB02C
S21402A1100023CDE90A33494BBDF860701B68199ECF
S21402A120824688469146002B5CD128461BF0D6FA1A
S21402A130012860D12846FFF765FE834610B11CF061
S21402A14096FD05462846FCF7C9FE0446002852D06E
S21402A15000210722084618F099F90A9000285CD0D8
S21402A16082790C32831800218154320EC7F386108E
S21402A170DA70320C40EACB1B1A71BF00320A9E71AB
S21402A18083F801B09F705A71FCF7DAFF0646FCF7B7
S21402A190EFFF08B106B1013E20460BA9FCF746FECA
S21402A1A0044620BB264B0CAF1B6851463846D3F8F4
S21402A1B000B01CF0F8FB1C9B08931B9B07931A9B92
S21402A1C00295CDE905430A9BCDE903930B9BCDE9A6
S21402A1D00063012297E803004346D847044658B96D
S21402A1E00A9009E0DB68984700289ED000242046A3
S21402A1F00FB0BDE8F08F21240A981EF077F80AA85F
S21402A20018F0F0F80F4B1B684CB9002BEED0D3F8C1
S21402A21080200132C3F88020E9E71A24ECE7002BFD
S21402A220E5D0B4F11A0218BF012203EB8203D3F879
S21402A23084200132C3F88420D9E700BF442F0020CF
S21402A240E4110020602F002008B51BF047FA044BEB
S21402A2501B6801280CBFD868D8690130C0B208BD97
S21402A260E411002008B51BF039FA044B1B680128DC
S21402A2700CBF1869D8690130C0B208BDE4110020CD
S21402A2802DE9F0410F4F04460E4600254FF05008C8
S21402A290F6F77AF8438AAB4205D93B68DB6B08FBD4
S21402A2A005339C420BD1218C638B228B0120FFF756
S21402A2B0B3FD31462846BDE8F041FFF787BE0135BB
S21402A2C0E6E700BFE41100202DE9F043077891B0DD
S21402A2D00023012FCDE90A33044612D190F830202C
S21402A2E0C16A1F2A1DBF531C07FA03F303F1FF338B
S21402A2F04FF0FF33994204D090F831600123B24206
S21402A30002D2022500272AE003FA06F50D4000F0E5
S21402A3100D810136F6B2F2E776BB608BFFF794FF4B
S21402A32094F83230834227D1E3690B93A06C18F07D
S21402A33001FAA0EB06101028A8BF10201FFA80F81A
S21402A340A16C330142460CA818F042F8002143469D
S21402A3500CAA084618F033FA0A90D8B91A25784B90
S21402A3601B68002B00F0958003EB8707D7F8C030F8
S21402A3700133C7F8C0308CE00BA94046FCF756FD07
S21402A3800028D3D005461A2DE8D0022D0CBF002790
S21402A3900227E4E7731C608B84F83130FFF732FD46
S21402A3A008B9002649E0608B1BF098F90128804620
S21402A3B079D1F5F7E9FF94F8302090F820309A42E8
S21402A3C026D8B4F81A904846FFF73EFF94F8323083
S21402A3D083421BD1D4E904010A9B079305AB83E8A9
S21402A3E00300238B03930B9B0293636A019394F8F7
S21402A3F028300093002E4FF00003218CCDF81090E9
S21402A4001A4614BF40460220FFF7E0FC002601E091
S21402A41040F203460A981DF069FF0AA817F0E2FF09
S21402A42000230A932EB994F8312094F830309A42D9
S21402A430B7D931462046FFF723FF0A9B002B6FD081
S21402A440404A04F144011268CDE907413E490691AB
S21402A45094F83410CDE90431638B0393238B029373
S21402A4600B9B0193636A0093166894F82830D4E92C
S21402A47004010022B0470646002851D10A90FCF794
S21402A48069FC2F4B1B6823B1D3F8BC200132C3F8FA
S21402A490BC200A981DF02AFF0AA817F0A3FF284638
S21402A4A011B0BDE8F083F5F76FFF94F8302090F80E
S21402A4B020309A423FF675AFB4F81A804046FFF74E
S21402A4C0C3FE94F8323083427FF46BAFD4E90401C2
S21402A4D00A9B079305AB83E80300238B03930B9B2E
S21402A4E00293636A019394F828300093002E4FF08B
S21402A4F000031A460CBF02200120218CCDF81080E2
S21402A500FFF764FC94F8312094F830309A427FF6D4
S21402A51048AF638B228B218C0120FFF77DFC40E73E
S21402A520FCF718FC002EACD035462CE7208BFCF747
S21402A530D5FC804600287FF4EFAE212502270EE7E1
S21402A540602F0020E4110020359E020038B5154B1E
S21402A5501B685021DD6B41430446681890F8322090
S21402A56090F83330013A013BD2B2DBB280F83220A7
S21402A57080F833304AB143B1002380F831300123EA
S21402A5806B54BDE83840FFF79FBE408B1BF0A6F821
S21402A590012808BF0721204618BF0021BDE8384021
S21402A5A0FFF714BDE41100202DE9F04F8FB006AC82
S21402A5B084E803001B98BDF86080BDF864A01546C9
S21402A5C0994618F0B7F80446002800F094800B2845
S21402A5D002464FF00003A8BF0B221B990BA817F0E8
S21402A5E0F7FE9DF82C3003F07F030A2B63D88D4AC2
S21402A5F052F8232094427ED38B4A52F823200AB183
S21402A600944278D8013B092B0BD8DFE813F00001FF
S21402A610000100010001000100010001000100012B
S21402A620F6001B9B08939A790C32134400265D7839
S21402A6309A78D3F803704FEA851B0BF4FE5B4BEA5D
S21402A640920BED093FBAF5F79FFE408A774B86429A
S21402A6504FF050011ADA1868C06B01FB0600B0F81A
S21402A66018C0D44504D1B0F81AC0C44502D11DB1F1
S21402A6700136E8E7002DFBD0B0F820C0DC45F7D164
S21402A680406A814502D001388145F1D1F5F77CFE5A
S21402A690438A9E42664B39D11B6823B1D3F8B42055
S21402A6A00132C3F8B42008981DF020FE08A817F05F
S21402A6B099FE00231B931B9BA3B106AA92E80300F4
S21402A6C05C4A126809AB83E803005AB101AD85E81B
S21402A6D003009DF968300093156823460BAA51467D
S21402A6E04046A847544B1B682BB106AA9C6806CA6C
S21402A6F00BAB4046A04718AC54F80C0F1DF0F6FD05
S21402A700204617F06FFE0FB0BDE8F08F474A11687B
S21402A7104FF05009C96B09FB06F901EB090BAFB9FB
S21402A720BBF81A001AF0DAFF0128414B0ED141F2AB
S21402A73013013046FFF74AFC3D4B1B68002BB2D094
S21402A740D3F8B0200132C3F8B020ACE7DBF82C0017
S21402A7501B6830EA070207D0002BA4D0D3F8B82033
S21402A7600132C3F8B8209EE738439BF83070CBF826
S21402A7702C001F2F1EBF0137012000FA07F7BBF877
S21402A7801A00059314BF07F1FF374FF0FF37FFF7A4
S21402A79069FD059B8BF8330023B1D3F8B000013076
S21402A7A0C3F8B000DBF83C304BB1DBF840109DB18B
S21402A7B000208DF82400ADF8268009A898471B4B88
S21402A7C01B68DB6B03EB0901C96AB9420CD1002195
S21402A7D03046FFF7FBFB66E70220ADF825508DF802
S21402A7E027508DF82400E8E713F80930022B7FF48F
S21402A7F05AAF3046FFF7AAFE55E79DF82D200132E4
S21402A800521BD2B251464046F6F714FA53E70B4BA8
S21402A8101B68002B3FF44FAF1B6821460BA89847D6
S21402A82049E700BF582805002C280500E41100203F
S21402A830602F0020042F0020442F0020082F002025
S21402A840F8B50024094E25465027F5F79DFD438AA4
S21402A850AB4201D82046F8BD3368DB6B23B107FB59
S21402A86005F29B5C03B101340135EEE7E4110020EA
S21402A8702DE9F0410D4F05460E4600244FF05008D4
S21402A880F5F782FD438AA34202DC0020BDE8F08190
S21402A8903B68DB6B08FB04331A8BAA4202D15B8B44
S21402A8A0B34201D00134EBE70120EFE7E4110020C8
S21402A8B02DE9F04F8FB01F461C9BBDF86890BDF87F
S21402A8C06C509DF8748093469A7913440CAE1C7BA8
S21402A8D0E40986E8030039D1DFF844A2DAF800205A
S21402A8E0002A3BD1002C40F087809DF83030002BA8
S21402A8F04BD12846FFF786FA002846D01C9B0793C2
S21402A90096E8030005AB83E80300199B0293189BA5
S21402A9102246CDE9007321465B462046CDE90395E3
S21402A920FFF754FA28461AF0D9FE01282DD118ADA1
S21402A93055F8100F1DF0DAFC284617F053FD1E9B43
S21402A940E3B9002528460FB0BDE8F08F29464846F1
S21402A950FFF78EFF0028BFD00225F3E7D2689047A4
S21402A9600028BFD018F0200FBCD0DAF800301B69E0
S21402A9709847014630461CF027F8B3E7209B1E9DF9
S21402A980424621462046A847DBE7634B00221B6867
S21402A9900892209A07921E9ACDF80890CDE9058271
S21402A9A01C9ACDE90352199A0192189A00920EA99E
S21402A9B01D6811E903003B465A46A847574B054611
S21402A9C040B91B68002BBCD0D3F8BC200132C3F8B8
S21402A9D0BC20B7E71A280DD0022818BF02241B682D
S21402A9E0002BAFD003EB8404D4F8C0300133C4F894
S21402A9F0C030A7E70124F2E71C98474C90F806B04F
S21402AA000BF10C0B00EB0B030A9317F093FE0F30BF
S21402AA100009431E0B9300264FF0500AF5F7B4FCCC
S21402AA20428A96420EDBF5F7AFFC438A9E4212D16B
S21402AA303A4B1B6823B1D3F898200132C3F898200A
S21402AA401A257FE72268D16B0AFB06F28A5C002A87
S21402AA50E9D00136E2E7DFF8C0B0DBF80010502399
S21402AA60C96B03FB06FA01200EAB01EB0A0401F8E0
S21402AA700A0013E9030004F1100C8CE80300199B8A
S21402AA80E3610A9BA4F81890658359789878189B16
S21402AA906362890101F4FE510B9B84F8287041EA37
S21402AAA090010027218484F83030E76284F8317000
S21402AAB02846FFF7C9FB84F832002846FFF7D2FB88
S21402AAC01E9B1F99A363209BE1631C9984F83300A5
S21402AAD0A164C4E9103784F83480FCF73BF9DBF84C
S21402AAE00010C86B0D490968504421B1D1F8944052
S21402AAF00134C1F89440FFF7E7FB054600283FF40F
S21402AB0021AFDBF80020D36B5344002201469A643F
S21402AB103046FFF75BFA15E7E4110020602F0020AD
S21402AB20442F00202DE9F04F2DED028B9BB008EE4E
S21402AB30903ABDF89C300C93BDF8A0300A939DF86D
S21402AB40AC300D9300230F930D9B9DF89860DDF8B3
S21402AB50A88008EE102A5A0605460C461BD506F0B3
S21402AB60FFFD10381FFA80F90D9BDB0616D4A81ECF
S21402AB7047424741404617F0DDFD031D4B4502D8CC
S21402AB80002F00F09F810D9B022E43F010030D93C1
S21402AB9006D001279DE14FF00F09E5E70127E9E717
S21402ABA000F10F060C231330B6FBF3F6B0FBF3F0FE
S21402ABB0864234BF00260126EBE74FF0FF30013015
S21402ABC018BF0120FFF7F4F921240FA81EF009FF91
S21402ABD020461BB0BDEC028BBDE8F08F6FF0010083
S21402ABE0EDE7299B002B40F08B814846EAE7022DD1
S21402ABF016D09DF83B30013B18BF012301220021ED
S21402AC00CDE90121009321460DF13A030FAA284609
S21402AC101DF090FB044628B10220FFF7C9F9D4E7DD
S21402AC200123EBE710A95046FCF700F9044600287A
S21402AC30CBD1FCF785FA0B90FCF79AFA18B10B9B6E
S21402AC400BB1013B0B93012D4FF0000314BF1D46C1
S21402AC500DF13A054046002E14BF4FF0080A4FF099
S21402AC60040A0F9CDDF840B0119317F063FD00282C
S21402AC703ED1212411981DF039FB11A817F0B2FB22
S21402AC8016AD0D2112A81DF02AFF102128461DF030
S21402AC9026FF002C40F00D8118EE101A28461BF0F5
S21402ACA082FE2E9B08932D9B07932C9B06930D9B4F
S21402ACB0CDE904830A9B03930C9B0293109B01939A
S21402ACC00B9B0093224695E8030018EE903AFFF796
S21402ACD0EFFD0446002840F0EC80944B1B68002BE6
S21402ACE03FF473AFD3F8CC200132C3F8CC206CE724
S21402ACF0CAF5C0739842BCD8299B002B40F08E80C0
S21402AD00002D08BF4FF002098DF84890002F40F042
S21402AD1091808DF8497059460DF14A001BF06CFE81
S21402AD200C9B0B991B0A8DF84D300C9B8DF84E3000
S21402AD300A9B1B0A8DF84F300DF151000A9B8DF8C5
S21402AD4050300DF158091BF047FE2046CDE900A908
S21402AD50119B424612A91EF018FF0446002889D10C
S21402AD6052464946404617F0FAFC824560D1002F0B
S21402AD707CD0003E18BF0126002D62D095F80090C8
S21402AD80404617F0D7FC0B30B0F5C67F4FF00C03E9
S21402AD90B0FBF3F3BFF46DAF003D18BF0125CBF354
S21402ADA0861709F03F0949EA851947EAC6174BF3A1
S21402ADB0050B5E1E49F080094FEA8B0B0025C24642
S21402ADC006F01F06BAF1000F3FF454AF9AF80730A8
S21402ADD09AF806209B1ADBB20B2B38D8DAF800302A
S21402ADE08BBB0421504617F0C3FB08B39AF8063013
S21402ADF00C330AEB03020AF80390C5F3C1034BEACD
S21402AE000303937046EA45135770D370DAF800A02E
S21402AE104046514617F09FFD0135D3E70021299A97
S21402AE201023084617F0CBFC119000287FF468AF79
S21402AE301A241FE7002E14BF802300238DF8493002
S21402AE4069E7A9469CE70021504617F084FD9AF868
S21402AE5007309AF806209B1ADBB20C2BC1D90C21BC
S21402AE60504617F0F2FB0028BBD1E1E7404617F048
S21402AE7061FC042806467FF6FCAE06F071FC10382C
S21402AE8086423FF6F6AE0121404617F095FB0028B3
S21402AE90CED082790C3255B12B78003D18BF0125F1
S21402AEA003F03F0343EA851585548046E2E62B46C7
S21402AEB0F3E71A2C04D0022C0CBF03200520ACE6C4
S21402AEC00420AAE6022E04D10830814534BF0026AB
S21402AED001260C981AF002FC012881467FF46DAE1A
S21402AEE00A9B002B3FF47AAE03F580739BB2F82BD5
S21402AEF07FF674AE0A981AF0F1FB02283FF471AEA0
S21402AF000C98FBF7EBFF824600283FF45BAE18EE88
S21402AF10100A0DF13B0101F017FD00283FF467AE61
S21402AF200220FFF745F840F203444EE6602F002069
S21402AF302DE9F04F89B01AF030FBDFF81CB3044657
S21402AF400D460026F5F720FA838A9E4244D3DFF8A0
S21402AF500093DFF804A34FF00008F5F715FA438ACA
S21402AF609845C0F0C7804FF00008B84EDFF8E09270
S21402AF7047464FF0500AF5F707FA438A984518D223
S21402AF80D9F800200AFB08F3D16BCA18CB5C002B59
S21402AF9000F03081012B03D1536C002B40F02A8144
S21402AFA0D2E902329C4275EB0201C0F01A810026F9
S21402AFB03746DFF89C924FF000084FF0380AF5F754
S21402AFC0E3F9838A9845C0F018813046394609B0BD
S21402AFD0BDE8F04F1AF0E3BA9D4B1B684FF03808F5
S21402AFE09B6B08FB06F803EB080C13F80830012BE2
S21402AFF003D0022B3AD00136A4E7DCE902239442BE
S21402B00075EB0303F7D3DBF80030BCF81280BCF80C
S21402B0101490BCF81CA0DCF8182023B1D3F89010CA
S21402B0200131C3F89010DCF8203006921F46FCF778
S21402B03087F83F1A78427841069A01234146FEF77E
S21402B04099FD01213046FFF71FF84046069A494609
S21402B0501AF01AFA4846FEF7D5FE0028CBD04B4621
S21402B060424651460020FEF7D7FEC4E7DCE902233B
S21402B070944275EB0303BED3DBF80000BCF8122043
S21402B080BCF81430BCF81CE020B1D0F890100131A6
S21402B090C0F890100CF12C099CF82910BCF810008E
S21402B0A0CDE903C9DFF8B491CDF80890DCF8247036
S21402B0B0CDE900E7FFF728F800289CD1644F3B68EB
S21402B0C0D86A1AF07CFA3B689B6B201803EB0802DE
S21402B0D045EB0101C2E90201012203F80820DBF870
S21402B0E0003023B1D3F88C200132C3F88C20FBF752
S21402B0F031FE80E7D9F800C05026DCF83C3006FB6B
S21402B10008F698199A5D012A04D0022A46D008F158
S21402B110010822E7436C002BF9D190F8313090F801
S21402B12030E0734514D91AF038FAD9F8003007938C
S21402B1308B46D96B074602208A198855508B069291
S21402B1401AF0CCFA0128DDE9062309D0186A0FE0C6
S21402B150C16A02FA03F70F426CD00133DBB2E0E7B2
S21402B16092F82800596900B101389B6903FB001068
S21402B1701AF025FAD9F80030DB6B38181E44DAF8D4
S21402B18000304BEB0101C6E9020123B1D3F8E820F7
S21402B1900132C3F8E820FBF7DDFDB8E7D0E9022369
S21402B1A0944275EB0303B2D32A4F3B686BB1DB685C
S21402B1B0984750B1D9F80030DB6B1E44D6E904013B
S21402B1C0FAF7E0FE3B68DB699847DAF8003023B10D
S21402B1D0D3F8EC200132C3F8EC204046FFF7B6F96C
S21402B1E095E71B1B62EB0502B34272EB07013CBFFD
S21402B1F01E46174608F10108BDE6D9F800200AFBEC
S21402B20008F3916BCA18CB5C73B1D2E902329C4246
S21402B21075EB02010BD21B1B62EB0502B34272EB0B
S21402B22007013CBF1E46174608F10108C7E600267E
S21402B2303746CAE6DCF808302BB1D0E90223A24230
S21402B240AB41BFF464AFFFF73FF860E7FFFFE703E9
S21402B250E4110020442F0020602F00200583040004
S21402B2600D4B1B6830B5083348B100F1300250F878
S21402B270041B43F8041B9042F9D1002030BD074C52
S21402B28004F13005224603CAAA42186059601446E1
S21402B29003F10803F6D1F0E7E4110020D0290500F7
S21402B2A02DE9F843DFF86090064690461F464FF0B9
S21402B2B0FF340025F5F768F8038AAB4206DDD9F8B5
S21402B2C000301A6C2B01D35AB34211D1F5F75CF851
S21402B2D0038AAB4213D02C460B4B1B681B6C220115
S21402B2E003EB04149E52C4E902870020BDE8F883EB
S21402B2F0621C02D1002B08BF2C460135DAE7631C1C
S21402B300EAD140F20250F1E7E41100202DE9F04FB5
S21402B3102DED028B9FB0CDE911239DF8B430BDF818
S21402B320AC700A93BDF8A860099181461AF035F907
S21402B33001231B93099B002B0CBF14231023CDE97A
S21402B340170119931BF042FD0C903846FEF75AFD82
S21402B3501390FBF7F5FE01462C980A9A83790C3374
S21402B360C418002A34D1C35CC3F3801203F03F032F
S21402B3700D9363781592DB09A578E2781493EB00B7
S21402B38003F0180343EA521310930A9B002B14BFD0
S21402B39008230C230E93109B02F01F0A9A451BD219
S21402B3A00320FEF7A5FE21242AAD55F8080F1CF04F
S21402B3B09DFF284617F016F82CB9874B1B6813B169
S21402B3C05A6C01325A641FB0BDEC028BBDE8F08F96
S21402B3D000230D931593CFE706D91CF07AFF0E9B38
S21402B3E0984201D00020DCE70A9B1BB19DF8B830DA
S21402B3F0002BF7D0BAF11F0F1EBF01230AF101027C
S21402B4009340647814BF03F1FF334FF0FF330F937A
S21402B410A401129B04F4FE5444EA9504B3F5005FBB
S21402B4200B940DD323F4FF5323F01F0323430B93F4
S21402B4300B9A129B93423EBF1346A3F500530B93FF
S21402B440119BCA1A5342534108EE103A0B9A18EE51
S21402B450100A1BAB3146FEF79DFA002877D11B9BDC
S21402B460002B7ADA04209CE7B8F1FF3F03D1435C55
S21402B470002B08BFA8460135F4F786FF838A9D4253
S21402B4804FF038021CDADBF80030986B02FB05F14D
S21402B4904318B3F812C0B445E6D1B3F814C0BC459D
S21402B4A0E2D19B690B9A9A420AD928460221FEF7F4
S21402B4B0EBFDF4F769FFB8F1FF3F08BFA846858A9F
S21402B4C00A9B003B18BF01231693F4F75DFF838A9D
S21402B4D0AB42A4B240F09D811B9B002B41D10022BF
S21402B4E00023CDE91C231AF058F805468846304654
S21402B4F01CA9FEF73DFD28BB1C9B9D421D9B78EBBD
S21402B50003031FD3099B0C990290002B0F9B324614
S21402B51008BF0021CDE90300CDE9004348463B467B
S21402B520FEF7F2FD2D4B1B68186B9B6A03FB0003AC
S21402B53003EB50001AF043F82A1848EB0103304692
S21402B540FFF7AEFE0520FEF7D3FD00242CE74FF0F2
S21402B550FF380025DFF884B08EE74FF0FF38054647
S21402B560F8E7B8F1FF3F14D1099A0C99009400232A
S21402B5709A42CDE90333CDE9013332463B4608BF52
S21402B58000214846FEF7C0FD0620FEF7B1FD1A244C
S21402B5900AE7139B2BB138461AF0A0F8012800F0F0
S21402B5A02B810E9B0AFB0330169B18441DF01EFAD5
S21402B5B00546A8B9099B0C990094002BCDE90355C2
S21402B5C0CDE901553B46324608BF00214846FEF704
S21402B5D09BFD0720D9E700BF602F0020E411002062
S21402B5E0139BF3B1F4F7D0FE90F820200AF1010382
S21402B5F09A4280F0038138461AF070F8012840F02B
S21402B600FD80099A0C99009400239A42CDE90333EF
S21402B610CDE9013332463B4608BF00214846FEF7D5
S21402B62073FD994B19684FF0380B886B0BFB08FBC0
S21402B630012200F80B20C86A19F0C1FF924B159A36
S21402B6401B689B6B9B44179BABF810901818189BB3
S21402B650ABF8126043EB0101CBE902010D99099B9D
S21402B660ABF8147042EA4101149AABF81C4041EA66
S21402B670C211002B0A9A0C9B8BF82A1008BF0023D3
S21402B6809BF834108BF829300B9BCBF8183062F3FA
S21402B6900001119BCBF820308BF8341000231146A2
S21402B6A0CBE90B35CBF824308BF828A0012219B150
S21402B6B02EA928461DF0B7F9FBF74CFB734B1B6807
S21402B6C03BB1D3F88C200132C3F88C20DA6E0132FB
S21402B6D0DA66109BDFF8B0B14FF0010A0AFA03F3FC
S21402B6E00D93DBF800300D9A9B6B382505FB08F5A9
S21402B6F02B445B6A1A4240F0CB803046FBF7EEFBE7
S21402B700E8B9DBF800309B6B2B44DDE92F015A6A5F
S21402B710002A93F828202C9B079305AB83E80300A6
S21402B720129B0293119B0193099B0093CDE9036739
S21402B7300A9B214614BF50460220FEF747FB139B86
S21402B74023B1384619F0CAFF01281AD04E4B2C985E
S21402B7501B689B6B2B44D3F830B083790C33C1182B
S21402B760C35CDB090CBF013104311CF0B2FD109A38
S21402B770169B84460E9802FB0033624658461DF01E
S21402B78052F9DFF804A10D9BDAF80020926B02EB67
S21402B790050BDBF824201A43CBF82420109B9BF8D9
S21402B7A028209A421FD12C981CF093FD0E9B191A42
S21402B7B019D00BF1300017F09DF8DAF80020926BE2
S21402B7C02A44106B16F0B6FF68B9DAF80020926BBE
S21402B7D02A44106B1CF08AFDDAF80030986B284475
S21402B7E0303016F0FFFD294B1B6813B1DA6F0132B9
S21402B7F0DA674FF0010B4DE00025F3E6002D7FF4EB
S21402B80010AF01201DF0F2F8054600287FF409AFBC
S21402B810D0E61D4B1B68996B382303FB05110B8A78
S21402B8204B451ED10B6A119A9A421AD191F82A30C8
S21402B830159803F00102824213D10D98C3F3450214
S21402B84082420ED1149AB2EBD31F0AD191F8283055
S21402B850534506D191F834300A9A03F00103934215
S21402B86001D008209DE50A9B5BB100230122096BEB
S21402B8701CA816F0ADFD9DF870209DF8B8309A42CF
S21402B880EFD1A84625E700BFE4110020602F002074
S21402B8904FF0000BDFF8C4A10F99DAF800309B6B6B
S21402B8A02B445A6A914240F08280988A19F016FF19
S21402B8B0012826D1099A0C9900239A42CDE903332E
S21402B8C002930F9B08BF0021CDE9004332463B4658
S21402B8D04846FEF719FCA0B919F05FFEDAF8003008
S21402B8E08346186B9B6A03FB000303EB50008946F2
S21402B8F019F065FE1BEB000249EB01033046FFF729
S21402B900CFFC3846FEF77EFA28B13B463246214641
S21402B9100120FEF781FADAF800309A6B2A4492F890
S21402B9203430108ADB0728D4199B92F82A10059324
S21402B930136B0493938A0393538A02939369019336
S21402B94092F82A30C3F345030093126A01F001030A
S21402B950C9091CF056FEDAF800309B6B1D44002421
S21402B960214640462C63FEF78FFB0B9A18EE100A10
S21402B97023463146FEF7FEF816E51CAC0146204685
S21402B9801BF011F8DAF800309B6B2B44196B93F816
S21402B990292003916FF07F010291998A0191598AB9
S21402B9A0009194E803001B6AFEF7FEFDD3E7294BDD
S21402B9B01B68002B37D1BBF1000F39D1DAF80040F3
S21402B9C0A66B735D022B06EB05073FF4BEADB88A85
S21402B9D019F084FE01287FF4B8AD02237355A26ADB
S21402B9E097F82830206B93423ABF420800FB0320A8
S21402B9F0504319F0E4FDDAF800309B6B1D44179BA8
S21402BA001818189B43EB0101C5E90201FBF7A2F9DE
S21402BA10114B1B68002B3FF498ADD3F88C200132F3
S21402BA20C3F88C2091E5DB6898470028C3D08CE5E4
S21402BA30DAF800309B6B2B44D86A0028BED0FAF79F
S21402BA400FFADAF800309B6B2B440022DA62FBF71F
S21402BA5081F9B3E7442F0020602F0020E411002074
S21402BA602DE9F04F8FB01E1E1C9FDDF86080BDF8DA
S21402BA706850BDF86C9097F806A008920EAC04E9E0
S21402BA8003000CBF0423002338460B9316F052FE25
S21402BA900446002859D0574408993B7BDA09002906
S21402BAA041D1002A3CD105284FD905F059FE0F385E
S21402BAB084424AD800211C9816F04DFFDDF870A08B
S21402BAC09AF806B00BF10C0B0AEB0B031AF80B40B4
S21402BAD00993FBF735FBA0EB080778427841199AE1
S21402BAE02946FEF79FF898BBE4091AF80B3040D0B7
S21402BAF0C3F38013C3F10203DBB207464846099339
S21402BB0019F0ECFD089B002B40F0CA80099B022B23
S21402BB1040F0C28001285DD004285BD0012015E0E9
S21402BB20441F0B2CC5E7F2B923B10A2B0BD0441ED7
S21402BB300F2CBEE7A0F1070CDCF1000444EB0C046A
S21402BB40002CB7D101E00428B4D00020FEF7D0FACA
S21402BB5018AC54F8100F1CF0C9FB204616F042FC35
S21402BB600FB0BDE8F08F441F072C8CBF00240124C1
S21402BB70E6E75B062BD1099B5F789B78BF0107F44B
S21402BB80FE5747EA93070323FFB20A932846FBF7BA
S21402BB90A5F9024690B91C9B07930EA911E903006A
S21402BBA005AB83E80300199B0A980096CDE901834A
S21402BBB0CDE90359089B3946FEF708F91AF80B3007
S21402BBC0099FC3F38013C3F10203DBB296E727464D
S21402BBD00A94DBE70DF1300A9AE80300FAF7D2F985
S21402BBE04FF6FF7398428346B2D04CBB01211CA885
S21402BBF016F059FE0B9A3B7805921C9A0295CDE9EF
S21402BC000392199A019203F03F020092C3F3801343
S21402BC104246214658461CF0F4FC2E4B1B6813B1D4
S21402BC205A6C01325A6400231C932B4B1B68002B60
S21402BC308ED09C689AE8060000232846A04787E72D
S21402BC409AE8030005AB83E803001C9B00950024DA
S21402BC50CDE90193CDE90344199B42463146584645
S21402BC60FFF754FB1C94E0E797E8030005AB83E874
S21402BC7003001AF80B3003F07F030493089BCDE908
S21402BC800059CDE902233146199B42466046FFF72A
S21402BC903DFB00231C935BE700289BD1022055E75F
S21402BCA00028FBD00CAF97E80300FAF76BF91C9A52
S21402BCB08446002CD8D19DF974300392CDE90193C5
S21402BCC0009597E8030043463246FEF76DFC1C9447
S21402BCD03EE700BF602F0020442F0020F8B52B4C13
S21402BCE00025382723689B6B03BB00255027236853
S21402BCF0DB6B002B2FD12368186C002840D12368F9
S21402BD00986B20B119F028FC236800229A632368F6
S21402BD10D86B20B119F020FC23680022DA63206871
S21402BD204422BDE8F840002120F0FFBCF4F72CFBCB
S21402BD30838AAB42D9D923689B6B07FB05F633444B
S21402BD400135186B1CF0D2FA2368986B30443030F9
S21402BD5016F048FBC6E7F4F717FB438AAB42CAD98C
S21402BD602368DB6B07FB05F633440135986C1CF041
S21402BD70BDFA2368D86B3044483016F033FBB6E77A
S21402BD8019F0EAFB236800221A64B8E7E4110020DF
S21402BD902DE9F04F3C4C8DB007460E462068002138
S21402BDA09046442220F0C1FCF4F7EEFA808A256819
S21402BDB04FF0380909FB00F019F0CAFB2368A863A4
S21402BDC09B6B2BB9FFF78AFF1A200DB0BDE8F08FE8
S21402BDD0F4F7DAFA438A25685020584319F0B8FB7C
S21402BDE02368E863DB6B002BECD00025AA46F4F749
S21402BDF0CBFA838AAB4227D8F4F7C6FA008A2568BC
S21402BE00000119F0A5FB236828641B6C002BD9D00F
S21402BE100025DFF880A0A9464FF0000BF4F7B4FA2D
S21402BE20038AAB4223681FD847B31F604EB35E60D7
S21402BE306C4620461EF0BFFB002814BF4046204634
S21402BE40FFF70EFA0020C0E723689B6B09FB053359
S21402BE500135A3F812A0A3F814A0A3F81CA0C3F8F7
S21402BE6024A0C3F830A0C2E71B6C290103EB05121D
S21402BE7023F801900135C2E902ABCFE7034A1A6004
S21402BE80D4E7034A5A60D3E7E4110020156402009F
S21402BE9047A70400FFFFE7032DE9F041114F3B6877
S21402BEA0DB6B05460E46C3B9BDE8F0810134F4F7F4
S21402BEB06BFA438AA342F7D93B68DB6B08FB043371
S21402BEC01A8BAA42F2D15B8BB342EFD1204641F2E3
S21402BED04401BDE8F041FEF779B800244FF050085F
S21402BEE0E5E700BFE41100200CB42DE9F04385B06D
S21402BEF00D460C9C0746002800F0C48089B3002C2F
S21402BF0000F0C2800DABDFF88481039300204FF06F
S21402BF100A09237823B3252B04F101066DD1637831
S21402BF20622B24D018D8252B63D0303B092B17D888
S21402BF30002316F8012BA2F13001092955D9732ADC
S21402BF400ED1039A0093111D1368039101462A46E7
S21402BF5038461CF03CFD2CE06C2B34D0732B16D0EC
S21402BF600546284605B0BDE8F04302B07047039B7D
S21402BF701A1D1B688DF8083001230093039202AB4A
S21402BF8001462A4638461CF022FDA61C11E0A3787C
S21402BF906C2B10D1039B1A1D1B680392ADF8083058
S21402BFA002230093014602AB2A4638461CF00FFDD8
S21402BFB0E61C3446ADE7622BD2D1039B1A1D1B68E2
S21402BFC003925BBAEAE7A3786C2B06D1039B1A1D91
S21402BFD01B68039202930423E3E7622BC0D1039B00
S21402BFE01A1D1B6803921BBAF4E709FB0323303BB6
S21402BFF09FE7012300934346C2E75C2B3ED163785A
S21402C000002BADD0782B35D1A378A3F13002D1B274
S21402C010092913D812018DF80820E378A3F130021B
S21402C020092A1AD803F00F039DF8082013438DF847
S21402C030083001230093261D02AB87E7A3F16102B5
S21402C040052A04D8573B1B018DF80830E5E7A3F113
S21402C0504102052A84D8373BF5E7A3F16102052A97
S21402C06001D8573BE0E7A3F14102052A3FF678AF35
S21402C070373BD9E701230093334681E70123009338
S21402C080234663E705466CE725466AE784280500EB
S21402C0902DE9F04107461CF03DFD0446002845D137
S21402C0A00C2019F055FA054670B126464FF6FF7871
S21402C0B0F9F7C0FA844209D39EB1700119F04AFA20
S21402C0C0A86078B91CF0B6FE1A201FE02046F9F7E1
S21402C0D0B7FA1AF062FA40451CBF0136B6B201340E
S21402C0E0E6E7AE60124BDFF84C80AE800024A74233
S21402C0F008BF1F462F60EC804FF6FF77F9F79AFAD3
S21402C100844205D32846FCF783F80020BDE8F08178
S21402C1102046F9F795FA06461AF03FFAB84203D0D7
S21402C120414630461AF0E1F90134E7E71220EDE71E
S21402C13059FC02008828050041F20213984259D899
S21402C140B0F5885F6FD2152823D9A0F5805083B248
S21402C150152B0FD90F207047A0F5985001380C28E0
S21402C16061D8DFE800F0646060646060606460600C
S21402C170606064001528EDD8DFE800F05555555587
S21402C180555555595555595555555559555555554C
S21402C19055551528DED801A353F820F033C2020005
S21402C1A033C2020027C2020033C2020033C20200B8
S21402C1B033C2020055C1020055C1020055C1020039
S21402C1C055C1020033C2020033C2020033C202006B
S21402C1D033C2020033C2020033C2020055C102005B
S21402C1E055C1020033C2020033C2020033C202004B
S21402C1F033C2020041F21133984210D8B0F5985F6C
S21402C200AAD2A0F5905083B2082BA3D80828A1D8AA
S21402C210DFE800F0090F09090D09090D0900A0F56C
S21402C220A050052896D803230B70002070470123E0
S21402C230FAE7002008707047034B1B681B6813B1AF
S21402C240DB6E03B118477047BC110020F8B50446F0
S21402C250F4F79AF80B4BC6881B68186820B10023BF
S21402C2601C27B34201D30020F8BDC16D07FB03F2C1
S21402C27009688D188A5AA24201D00133F1E728468E
S21402C280F2E700BFBC11002038B50446F4F77CF88C
S21402C2900A4B05891B68186818B10023AB4201D304
S21402C2A0002038BD026E126802EB830132F82320AA
S21402C2B0A24201D00133F1E70846F2E7BC110020A2
S21402C2C02DE9F04F244F3B681B6889B00446002BCB
S21402C2D03FD0838902934389019303890093C388DD
S21402C2E01E4A092105A8FFF7FFFD04F110050646C0
S21402C2F04FF00008284605F1040A1DF072FB50466E
S21402C3001DF06FFB3B68A28818680021D0F810B0B9
S21402C31000684346D84750B90C35B8F1000F03D031
S21402C320002009B0BDE8F08F4FF00108E2E73B6855
S21402C330A188186805F10803CDE902A3CDE90065D6
S21402C34005ABD0F804A000684246D0470028E3D0E8
S21402C350E7E71120E5E700BFBC110020A028050092
S21402C360024B1B680BB11B6918477047082F002049
S21402C370044B1B681B6813B1D86600207047112057
S21402C380704700BFBC110020064B1B681B6833B108
S21402C390DA6E82424FF0000002D1D8667047112052
S21402C3A0704700BFBC110020F0B51D461A4B1B6833
S21402C3B087B01B68064600200F4601904BB301ABC0
S21402C3C0FF2102F0BFFA0446C8B9019802AB3A460A
S21402C3D031461DF0A6FB044601A81DF002FB74B907
S21402C3E0204601AB02AAFF2102F0ACFA044630B99D
S21402C3F0DDE90C23019829461DF093FB044602A8AA
S21402C40010211CF06CFB01A81DF0EBFA204607B0C9
S21402C410F0BD1124FAE700BFBC1100202DE9F04F51
S21402C42097B09B46102A4FF00003074688461646EA
S21402C430009309AD00F29C804E4801AA04211DF02B
S21402C4405DFB044600287CD16B4601AAFF2102F060
S21402C45079FA0446002874D1009805AB10223946B2
S21402C4601DF05FFB044668461DF0BBFA002C68D13F
S21402C4700DAF32464146384620F02FF906F15803F2
S21402C4806B44012203F8242C20466B4605AAFF21A2
S21402C49002F058FA0446002853D100982B46721C24
S21402C4A039461DF03EFB044600284AD19DF833303B
S21402C4B0219A03F07F03137095E80F0087E80F00B8
S21402C4C03246414611A820F008F906F168030DEB42
S21402C4D0030906F1110A022309F8243C00982B46A8
S21402C4E0524639461DF01DFB044650BB2C465B46A1
S21402C4F0224603CABA4218605960144603F108037A
S21402C500F6D195E80F000DAF87E80F003246414698
S21402C51011A820F0E2F8032309F8243C00982B46E1
S21402C520524639461DF0FDFA044650B9209A2E4668
S21402C530334603CBBB42106051601E4602F108022E
S21402C540F6D101A810211CF0CAFA05A810211CF089
S21402C550C6FA284610211CF0C2FA21210DA81CF0AA
S21402C560BEFA68461DF03DFA204617B0BDE8F08FC9
S21402C5702124E6E7AE28050070B58EB000230646F5
S21402C5800D462048019306AA04211DF0B7FA044678
S21402C59030BB01AB06AAFF2102F0D4F90446F8B973
S21402C5A001980AAB102231461DF0BBFA044601A8D8
S21402C5B01DF017FAA4B9204601AB0AAAFF2102F021
S21402C5C0C1F9044660B91049019802AB04221DF075
S21402C5D0A8FA044620B99DF8173003F03F032B70E3
S21402C5E006A810211CF07BFA0AA810211CF077FA84
S21402C5F0102102A81CF073FA01A81DF0F2F92046D9
S21402C6000EB070BDB3280500B828050030B5144634
S21402C61087B0A8B1A1B19AB1042302AD00930A462D
S21402C620084B01952021FFF7BFFE014628B9FF21DE
S21402C63023462A4602F086F90146084607B030BD70
S21402C6402121FAE7BD280500F0B50D469BB01E462F
S21402C65068B361B35AB353B304460AAF00F1200C71
S21402C660206861683B4603C3083464451F46F7D119
S21402C6702C4604F1200712AD206861682B4603C3DE
S21402C6800834BC421D46F7D102ACCDE90024402155
S21402C690084A07230AA81CF009FD014620B92146CC
S21402C6A0324602F069F9014608461BB0F0BD212168
S21402C6B0FAE700BFC22805002DE9F0470E468AB009
S21402C6C017461D46804698B391B38AB383B306AB2A
S21402C6D04FF0040A01930A46164BCDF800A020211B
S21402C6E0FFF762FE0446F8B90DF10809CDE900A984
S21402C6F0114B324620214046FFF756FE044698B9B3
S21402C7003B464A46082102F01DF9044660B90DF17F
S21402C7101B022B460DF1270152F8040B43F8040BBB
S21402C7208A42F9D112781A7020460AB0BDE8F0871C
S21402C7302124F9E7CA280500CF28050070B58AB07B
S21402C740002306460D461C48019302AA04211DF04A
S21402C750D5F90446E8B901AB02AAFF2102F0F2F8C5
S21402C7600446B0B9019806AB102231461DF0D9F93D
S21402C770044670B99DF826301B0203F47C529DF8DD
S21402C78027301343ADF802306FEA43436FEA534350
S21402C7902B8002A810211CF0A2F906A810211CF07A
S21402C7A09EF902210DEB01001CF099F901A81DF07B
S21402C7B018F920460AB070BDD428050038B5094BD2
S21402C7C01B681C680A4654B1014625692068012385
S21402C7D0A847002840F2025018BF002038BD11209A
S21402C7E0FCE700BFBC1100200B4B1B6873B51D682D
S21402C7F002460C465DB161B1EE69286801AB0121C3
S21402C800B04710B9BDF80630238002B070BD1120C3
S21402C810FBE72120F9E700BFBC1100202DE9F74312
S21402C8201B4E33681B68054663B300884FF6FF73DA
S21402C830984229D00DF10601FFF7D6FF0446E8B963
S21402C84005F1020833682A88186804F00107D0F850
S21402C850109000683B460121C84718B9012C0DD03C
S21402C8600124EFE73368298818683A46D0F80C9016
S21402C870006808EB0403C8470028EFD0002003B086
S21402C880BDE8F0831120FAE740F20250F7E700BF56
S21402C890BC1100202DE9F043DFF8A8801F46D8F827
S21402C8A000301B6887B006460D461446002B44D05F
S21402C8B01DF093F834EA000141D1D8F80030186828
S21402C8C02A46D0F8109000680123C84728B940F2DB
S21402C8D00254204607B0BDE8F0830DF10A01304647
S21402C8E0FFF782FF18B9BDF80A30AB42EFD1D8F88D
S21402C8F000308DF80C4018680E9BADF80E50CDE94E
S21402C90000733246446A006803AB0121A04704461E
S21402C91028B140F20343984208BF0024D9E73046C4
S21402C9201CF02BFC052304A88DF81030ADF812601D
S21402C930ADF81450FFF780FCCBE71124C9E7212499
S21402C940C7E700BFBC1100200B4B1B6873B51D6800
S21402C95002460C465DB161B1EE69286801AB002162
S21402C960B04710B99DF80630237002B070BD112092
S21402C970FBE72120F9E700BFBC1100202DE9F04FAC
S21402C980264F87B000238DF817303B681B68044695
S21402C990002B3ED000884FF6FF7398423BD00DF135
S21402C9A01601FFF7D1FF064618B1002007B0BDE812
S21402C9B0F08F251D4FF0010A284605F104091DF0E7
S21402C9C010F848461DF00DF83B682288186806F0F5
S21402C9D00108D0F810B0006843460021D84728B9AD
S21402C9E0012E05F10C05E0D00126E5E73B6821881B
S21402C9F0186805F10803CDE90293CDE900A50DF10B
S21402CA001703D0F8049000684246C8470028E7D0CB
S21402CA10CBE71120CAE740F20250C7E7BC1100205C
S21402CA202DE9F041DFF870801E46D8F800301B680A
S21402CA3086B005460F4614464BB31CF0CEFF34EACA
S21402CA40000126D1D8F800308DF80C4018680C9BEF
S21402CA508DF80E70CDE900632A46446A006803AB7F
S21402CA60A047044640B140F20343984208BF002460
S21402CA70204606B0BDE8F08128461CF0A2FB04A8BA
S21402CA808DF81040ADF81250FFF7D6FBF0E71124F0
S21402CA90EEE72124ECE700BFBC1100202DE9F043AD
S21402CAA01E4685B00023CDE90233244BDDF83090D4
S21402CAB01B681B6888461746002B3AD0FFF7C6FB52
S21402CAC00446002837D000880DF10701FFF73CFF27
S21402CAD0054608BBB8F1000F02D19DF807302BB30C
S21402CAE00C2101FB08446068A3680290247B039330
S21402CAF01CF075FF03981CF072FF1FB1029B3B608F
S21402CB00002302931EB1039B336000230393B9F103
S21402CB10000F01D089F8004002A81CF062FF03A8AB
S21402CB201CF05FFF284605B0BDE8F08340F20255D0
S21402CB30F2E71125F6E740F20255F3E7BC110020B2
S21402CB402DE9F04F8DB0324D05930023CDE9073322
S21402CB5009932B681B680F461646002B53D0FFF727
S21402CB6075FB8146002850D000880DF11B01FFF7A7
S21402CB70EBFE0DF1280804460DF1240B0DF1200AF8
S21402CB8000282CD11FB99DF81B10002938D02A681E
S21402CB90B9F800101068CDF800A0CDE901B807ABCF
S21402CBA0846800683A46A0470446C0B916B1079B97
S21402CBB033600790059B23B1059A089B13600023F8
S21402CBC00893179B23B1434603CB179B1860596003
S21402CBD0169B23B1169A099B13600023099307A894
S21402CBE01CF0FFFE58461CF0FCFE50461CF0F9FEF8
S21402CBF0082140461BF073FF20460DB0BDE8F08FBB
S21402CC0040F20254EBE71124F6E740F20254F3E74F
S21402CC10BC1100202DE9F341164F05461CF0DDF944
S21402CC203B681B6806461BB35B6E23B9002420468E
S21402CC3002B0BDE8F0810DF107012846FFF784FE39
S21402CC4004460028F3D14FF02808B442EED03B68E1
S21402CC501B685B6E586808FB04008388AB4201D0F1
S21402CC600134F2E7FFF72CFB0028F9D00446DEE792
S21402CC701124DCE7BC1100202DE9F04F8FB00646E8
S21402CC8005930023CDE90933754BBDF860A01B68F8
S21402CC90BDF864B01B6888469146002B00F0DD8024
S21402CCA00DF122015F6EFFF74FFE0546002840F0A9
S21402CCB09680B8F1000F04D19DF82230002B00F0C8
S21402CCC0CA80002F00F097801CF087F900234FF0EF
S21402CCD0280C984209D11CF080F97B680693002143
S21402CCE007900B464FF0FF323DE07C680CFB034496
S21402CCF0A188B1420CD1E188494509D12189059A1A
S21402CD00914205D16189514502D1A18959453FD049
S21402CD100133DEE7282000FB03FC069800EB0C0438
S21402CD204FF6FF70B4F804E0864523D0764510D15E
S21402CD30B4F806E0CE450CD1B4F808E0059886456E
S21402CD4007D1B4F80AE0D64503D0B4F80CE0DE45C5
S21402CD5010D1069850F80C408C4201D3501C48D192
S21402CD601A460133214607989842D3D106992823BA
S21402CD7003FB0214059BA680A4F806902381A4F860
S21402CD800AA0A4F80CB02046FFF79AFA00285DD154
S21402CD903B6823600C2101FB084401333B60636956
S21402CDA020690A93237E09908DF823301CF017FE23
S21402CDB00A981CF014FE1A9B23B11A9A099B136058
S21402CDC0002309931B9B23B11B9A0A9B1360002323
S21402CDD00A931C9B1BB11C9A9DF82330137009A85A
S21402CDE01CF0FFFD0AA81CF0FCFD28460FB0BDE8AB
S21402CDF0F08F0C46B5E7059B1A4A0093CDE901ABC6
S21402CE004B460921DFF858900BA8FFF76DF8D9F8C2
S21402CE100030044618683246D0F810A00068434630
S21402CE203946D047A0B1D9F8003018680DF123036F
S21402CE3003930AAB029309ABCDE90043424644682A
S21402CE4000680BAB3146A0470028B4D00546C6E7BB
S21402CE5040F20250FAE72125C1E71125C5E700BFD7
S21402CE60BC110020A02805002DE9F0414B4E336886
S21402CE700546186886B08846002800F08D80C4698A
S21402CE80006802AB2A460021A047044600287FD14C
S21402CE909DF80A70012F03D0022F0BD0212477E0D1
S21402CEA0A8F10203012BF9D8B8F1030F05D04FF011
S21402CEB002081CE0B8F1030FF0D103A9012001F02B
S21402CEC083FD0446002863D1039BA34230D833680F
S21402CED01B6829461A6C186890470446002857D1E2
S21402CEE028461CF087F92846FFF73AFAA046336828
S21402CEF01B6842461C6A18682946A0470446002852
S21402CF0046D133681B6801469E6C18682A46B047AD
S21402CF10044600283CD1032304A88DF81030ADF84F
S21402CF2012508DF814708DF81580FFF785F92FE0F2
S21402CF300DF106022146012001F078FD38BB336868
S21402CF40BDF8062018680121D0F81C80006804ABE2
S21402CF50C047E0B9BDF81230AB4201D00134B3E7A6
S21402CF603368BDF806101B685A6C1868904770B98B
S21402CF70BDF806001CF01AF93368BDF806201B68D7
S21402CF800121D3F848801868C0470028E6D0044636
S21402CF90204606B0BDE8F0811124F9E7BC11002056
S21402CFA0F0B51F4F3B680546186885B00E46002848
S21402CFB033D0C469006801AB2A460021A047044664
S21402CFC040BB9DF80630012B02D11EB9212421E078
S21402CFD0002BFBD13B681B6832461C6B186829463F
S21402CFE0A0470446B0B928461CF004F92846FFF7C5
S21402CFF0B7F93B681B6821469E6C18682A46B047FC
S21402D000044638B9022302A88DF80830ADF80A5053
S21402D010FFF712F9204605B0F0BD1124FAE700BF6B
S21402D020BC1100202DE9FF41224E336805461868E0
S21402D0300F46002839D0C469006801AB2A46012190
S21402D040A047044668BB3368BDF806201868214628
S21402D050D0F81C80006801ABC047044608BB9DF8A8
S21402D0600680B8F1010F22D133681B683A465C6B22
S21402D07018682946A047044698B928461CF096F830
S21402D08033681B682A469C6C18684146A0470446CB
S21402D09038B9072302A88DF80830ADF80A50FFF712
S21402D0A0CBF8204604B0BDE8F0811124F9E721242C
S21402D0B0F7E700BFBC1100202DE9F041504F3B6856
S21402D0C01B6886B006460D46002B00F096800128A7
S21402D0D004D8B1F5805F21D321241BE00228FBD1BE
S21402D0E00A04F9D49C6A0A4601461868A047044610
S21402D0F080B93B681B682A46DC6A18683146A04736
S21402D100044638B90A2304A88DF81030ADF8125038
S21402D110FFF792F8204606B0BDE8F081012818D144
S21402D12008461CF019F83B681B682A469C6A186871
S21402D1303146A04704460028ECD13B681B682A46C5
S21402D140DC6A18683146A04704460028E2D1062366
S21402D150D9E702A9012001F037FC04460028D9D1FC
S21402D1600646029BB34218D828461BF0E5FF3B68EA
S21402D1701B682A469C6A18680021A04704460028B5
S21402D180C8D13B681B680146DE6A18682A46B04763
S21402D19004460028BED10123B5E70DF1060221465A
S21402D1A0012001F043FC30BB3B68BDF8062018683E
S21402D1B00121D0F81C80006803ABC047D8B9BDF87F
S21402D1C00E30AB4202D001340136CAE73B68BDF8E6
S21402D1D006201B680121D3F828801868C04750B97A
S21402D1E006238DF8103004A8BDF80630ADF81230CC
S21402D1F0FFF722F8E8E704468CE711248AE700BF27
S21402D200BC110020F0B5030487B005460C4616464E
S21402D21003D52124204607B0F0BD114F3B681B689A
S21402D220E3B11CF0DAFB34EA0000F2D13B688DF879
S21402D2300C401C68CDE9006003AB666A20682A468B
S21402D2400221B04704460028E4D1092304A88DF839
S21402D2501030ADF81250FEF7EFFFDBE71124D9E7E6
S21402D260BC11002070B5044610461A46230486B048
S21402D2700D4611D480B17AB1042302AE0093019612
S21402D280064B2021FFF790F820B932462946204661
S21402D290FFF7B8FF06B070BD2120FBE7D9280500CE
S21402D2A0044B1B681B68014613B1DA6C18681047FA
S21402D2B011207047BC1100200B4B1B681B6813B56E
S21402D2C07BB15A6D18689047044638B90C23ADF8FE
S21402D2D0020068468DF80030FEF7AEFF204602B028
S21402D2E010BD1124FAE700BFBC1100200B4B1B68CF
S21402D2F01B6813B57BB19A6D18689047044638B917
S21402D3000D23ADF8020068468DF80030FEF794FF54
S21402D310204602B010BD1124FAE700BFBC1100205F
S21402D3200A4B1B681B6813B501466BB11A6D186869
S21402D3309047044628B90B2368468DF80030FEF75E
S21402D3407BFF204602B010BD1124FAE7BC11002074
S21402D35010B50A4686B070B169B1042302AC0093D8
S21402D3600194064B2021FFF71FF810B92046FFF75D
S21402D370D7FF06B010BD2120FBE700BFD928050065
S21402D380F8B5174E33681D683DB36B6E1BBB1BF0BA
S21402D39024FE0446D8B1082018F0DAF8074650B141
S21402D3A028204443204618F0D3F80346786020B974
S21402D3B0384618F0D1F81A2010E004444FF6FF72EF
S21402D3C09A802833A342FBD100233B606F66336802
S21402D3D0044A1B689A66002000E00220F8BD00BFDF
S21402D3E0BC110020E78F040010B5074C23681B68A9
S21402D3F043B19A6E32B1586E904723681B6800227A
S21402D400C3E9192210BD00BFBC1100202DE9F84364
S21402D410264D2B681B68002B38D0FFF7E5FF2B68DC
S21402D4201B681C6E6CB1F2F7AFFF028920680023FE
S21402D4304FF6FF719A422BD818F08EF8204618F055
S21402D4408BF82B681B68DE6D00241C667EB1F2F733
S21402D4509BFFC7884FF01C084FF6FF79A742336838
S21402D4601AD8184618F078F8304618F075F82E686C
S21402D47030680024C4655822214604301FF055F94E
S21402D4803068046018F068F82B681C60BDE8F88302
S21402D49020F823100133CDE708FB04F298189B5AB4
S21402D4A04B4501D01BF084FD0134D7E7BC110020A8
S21402D4B02DE9F0472E4D064670202C680F4618F0D0
S21402D4C047F82B682060D3F80080B8F1000F04D12B
S21402D4D0FFF79CFF1A20BDE8F087F2F755FFB0F879
S21402D4E00690042018F034F804460028F0D04FF0D6
S21402D4F01C0A0AFB09F018F02BF8206018BB20461D
S21402D50018F02AF8E4E70AFB03F101334252994580
S21402D510F9D82B68C8F85C40D3F80090F2F734FFCD
S21402D520B0F80880042018F013F804460028CFD07C
S21402D5304FEA880018F00CF820600028DFD000239D
S21402D5404FF6FF7206E000234FF6FF72DFE720F881
S21402D550232001339845FAD82B68C9F860401C6826
S21402D56058223946201D1FF0B8F826600020B2E780
S21402D570BC110020F8B50E4615461C46074640B1BB
S21402D58011F057FA0FF0BCFB0021024638461FF096
S21402D590CCF84EB1304611F048FA0FF0B3FB00213A
S21402D5A0024630461FF0C1F84DB128460FF046FC41
S21402D5B00FF0AAFB0021024628461FF0B6F84CB12F
S21402D5C020460FF03BFC0FF09FFB00210246204650
S21402D5D01FF0ABF8054C23689B68586917F0BCFF30
S21402D5E023689B6800225A61F8BD00BFBC11002068
S21402D5F010B5044610F0EAFB0FF080FB002102464D
S21402D60020461FF092F8024B1B689B689C6010BD78
S21402D610BC1100202DE9F047DFF898A01C46DAF886
S21402D62000309B685B6981468846174613B119200D
S21402D630BDE8F0870FF064FB05460FF063FB054478
S21402D6400FF062FB05448CB30FF05EFBDAF8003095
S21402D65028449E6817F07CFFDAF8003070619B68F9
S21402D6605B69002BE3D0C9F800300FF049FBDAF80B
S21402D67000309B685B690344C8F8003005460FF02B
S21402D68041FBDAF800309B685B6905442B443B603B
S21402D6900FF03AFB64B1DAF800309B68054458692B
S21402D6A0054425600FF030FB0020C1E72046CDE799
S21402D6B02046BDE7BC11002038B50D4D2B68B3B12E
S21402D6C09B68A3B1186817F047FF2B689B68002475
S21402D6D058691C61C3E90044C3E9024417F03CFFE1
S21402D6E02B689868446117F037FF2B689C6038BD3A
S21402D6F0BC110020F8B5214D2C68A768002F3BD13D
S21402D700182017F025FF2B68A0609B681BB9FFF74F
S21402D710D3FF1920F8BD0FF0EBFA04460FF0EEFA2D
S21402D72004440FF0E3FA04440FF0F0FA2B682044A6
S21402D7309E6817F00DFF2B6830609B681A68002AF7
S21402D740E5D05A600FF0D4FA2B689A68136803443F
S21402D750936004460FF0D2FA2B689A681368044462
S21402D7602344D3600FF0C2FA2B689B6820441C68DF
S21402D77004441C610FF0CAFA0020CBE7BC1100205B
S21402D7802DE9F843DFF878801C46D8F800309B680D
S21402D7905D6881460E4617465DB300225A60022037
S21402D7A0E2F7B0FA01462846E2F7CCFA80B98022C0
S21402D7B049462846DFF7E2FF50B93A463146284640
S21402D7C0E0F720F820B921462846E0F72DF8A0B168
S21402D7D040F20344284610F049FD0FF089FA002172
S21402D7E0024628461EF0A1FFD8F800309B685D600E
S21402D7F000E019242046BDE8F8830446EAE700BFA5
S21402D800BC1100202DE9F843DFF85890D9F8003013
S21402D8109B681C690746884616460CB300251D61A0
S21402D82020460EF00FFE2046E0F76CF842463946D8
S21402D8302046E0F773F831462046E0F779F82046AE
S21402D8400EF002FE0FF062FA2946024620461EF04D
S21402D8506CFFD9F800309B6828461C61BDE8F88347
S21402D8601920FBE7BC1100202DE9F04387B0904653
S21402D8701E4603F110020F9B9A4281460F4627D896
S21402D880154B1B689B689D6825B300249C60284640
S21402D89010F074FA80234A460221284610F072FAE3
S21402D8A0129B0593139B04930E9BCDE90283119B57
S21402D8B00193109B00933A460D233146284610F0FA
S21402D8C0A5FC2846FFF794FE204607B0BDE8F08385
S21402D8D02120FAE71920F8E7BC1100202DE9F041D3
S21402D8E086B01C460D9BA34280460E4617462CD396
S21402D8F0184B1B689B689D684DB300229A602846A9
S21402D90010F03CFA802342460221284610F03AFAEA
S21402D910109B0593119B04930C9BCDE902730F9BFE
S21402D92001930E9B009321460D233246284610F0A3
S21402D93083FC0028284641F2050408BF0024FFF7AE
S21402D94057FE204606B0BDE8F0812124F9E71924E7
S21402D950F7E700BFBC110020F7B5144F01913A68F3
S21402D9609268D4680646FCB10025D56020460EF0C3
S21402D97007FC8022314620460EF00CFC019B01215A
S21402D9801A4620460EF06AFC20460EF0FDFB0FF00B
S21402D990ADF92946024620461EF0C7FE3B689B6844
S21402D9A02846DC6003B0F0BD1920FBE7BC1100205E
S21402D9B070B586B0002305460E4605AA04A903A83C
S21402D9C0CDE903330593FFF725FE044648B90398CD
S21402D9D011F00AF803980321E2F77AFD50B140F2FB
S21402D9E003440398DDE904120023FFF7C3FD204633
S21402D9F006B070BD049810F0E9FF05980FF018FA0B
S21402DA00DDE904210B4B0398009410F02AFF00284E
S21402DA10E5D12946049820220FF0FFFA0498202226
S21402DA20A9180C300FF0F9FA0598202231460FF0AB
S21402DA30F4FAD6E7D79204002DE9F0411F469EB0CD
S21402DA400023CDE90233CDE904330D4614460028FF
S21402DA507CD000297AD0002A78D0002F76D005AB69
S21402DA6004AA03A902A8FFF7D5FD064600283FD15F
S21402DA70029810F0B9FF039810F0A8FF05980FF06F
S21402DA80D7F904980FF0D4F902980321E2F720FDA3
S21402DA9006AB224604F1200E9C46106851681C46CE
S21402DAA003C4083272452346F7D10EAB02F1200EAC
S21402DAB09846106851681C4603C4083272452346CD
S21402DAC0F7D16146202203980FF086FA03982022A7
S21402DAD041460C300FF080FA0398012118300FF0FF
S21402DAE032FADDE90201E2F73BFA58B141F20506E5
S21402DAF0DDE90423DDE90201FFF73CFD30461EB0F6
S21402DB00BDE8F08116AB2A4605F1200C1D461068CA
S21402DB1051681C4603C4083262452346F7D12022C8
S21402DB20294604980FF058FA00230193084B0093F5
S21402DB3005990298DDE90323E2F780F90028D5D19A
S21402DB400598202239460FF068FAD1E72126D5E754
S21402DB50D79204000C4A12685268034650694188FC
S21402DB60994210B503D0C18A994201D1143010BD32
S21402DB70064C002163802170D36A2046984700280D
S21402DB800CBF20460020F2E7BC1100209231002094
S21402DB9070B50446F2F7F8FB084BC1881D680022F0
S21402DBA026268A4201D3002070BD6B68586806FBA1
S21402DBB002004388A342F7D00132F2E7BC110020EC
S21402DBC070B50446F2F7E0FB084B01891D68002297
S21402DBD026268A4201D3002070BD6B68D86806FBF1
S21402DBE002004388A342F7D00132F2E7BC110020BC
S21402DBF04FF6FF729142034608461AD0042B18D8F5
S21402DC00DFE803F0030507091100FFF7C1BFFFF7BE
S21402DC10D7BFFFF79FBF084B1B685B689969122343
S21402DC2003FB00107047044B1B685B68D96922230C
S21402DC30F6E70020704700BFBC110020F0B50C4686
S21402DC4087B0114620461646FFF7D2FF0546002843
S21402DC5057D0012C1CD0022C32D0002C54D14FF6B7
S21402DC60FF734380047004711022214605301EF0B3
S21402DC705CFD1022214605F115001EF056FD234BD1
S21402DC801B685A681368013B1360204607B0F0BD54
S21402DC904FF6FF73002443808380047010222146CF
S21402DCA006301EF042FD1022214605F116001EF037
S21402DCB03CFD164B1B685A689368013B9360E4E789
S21402DCC0124BC6F30E041F686CB94FF6FF734380FF
S21402DCD004701022214604301EF027FD7A6813696C
S21402DCE0013B1361D1E70021102202A88DF804102F
S21402DCF0ADF806601EF019FD7B6801A81B6B9847FD
S21402DD00C4E740F20250C1E72120BFE7BC11002061
S21402DD102DE9F0478AB0F2F737FB0023058909930D
S21402DD20CDE90533CDE9073306AB019307AB009384
S21402DD3008AA09AB05A928461BF0DEFB0446F0B983
S21402DD400146224826274FF6FF7CA646A942DDE971
S21402DD50089318D3069A0292079A0394CDE90032E2
S21402DD600121059A4B46002001F022FA069B0093F9
S21402DD700446DDE90812079B05981BF0A8FB20461F
S21402DD800AB0BDE8F08702685268D26807FB01F65F
S21402DD903244B2F80280E04515D002F1060A163285
S21402DDA049F824A043F82420079B03F804E0059BC7
S21402DDB023F8148003685B68DB681E44069BB288FF
S21402DDC023F8142001340131C0E700BFBC11002043
S21402DDD02DE9F04389B0F2F7D7FA0023C5880193FC
S21402DDE0CDE90433CDE9063305AB009306AA07ABAB
S21402DDF004A928461BF080FB0446E0B91C4E0146E7
S21402DE0026274FF6FF7C8646A942DDE9063016D362
S21402DE10059A03940025CDE900022946049A029544
S21402DE20284601F0C5F9DDE906120446059B04986A
S21402DE3000951BF04CFB204609B0BDE8F083326823
S21402DE405268526807FB0122B2F80280E0450DD004
S21402DE5002F10509153243F8249040F82420059B68
S21402DE6003F804E0049B23F8148001340131CBE765
S21402DE70BC11002038B50D46284611461C46FFF751
S21402DE80B7FEB8B1012D05D0022D01D06DB1002428
S21402DE90204638BD002CFBD11022811D06481EF0FC
S21402DEA00CFC041E18BF0124F2E7002CF0D110224D
S21402DEB0411DF3E70446EBE76829050008B5034B66
S21402DEC01B685B685B6A9847013008BDBC1100207E
S21402DED0F0B589B0002206AB0093019207AB05A904
S21402DEE00220CDE9052207921BF006FB044668BB1A
S21402DEF0024618484FF6FF75264603685B685B695C
S21402DF0013445988A94209D0079F043347F824309E
S21402DF10069B1E55059B23F8141001341432282A3A
S21402DF20EBD1069B01930025079B059A0394009369
S21402DF3002212B460295284601F03AF9DDE906321F
S21402DF4004460095059829461BF0C1FA204609B0FA
S21402DF50F0BD00BFBC1100200129F8B503D1BDE811
S21402DF60F840FFF7D5BEA1BBFFF7D2FE0446D0B9F4
S21402DF70FFF72EFF0446B0B9F2F706FAC68870001D
S21402DF8017F0E6FA054630B3144B18684FF6FF71E1
S21402DF902627A64209D83146284619F0FEFD044631
S21402DFA0284617F0D9FA2046F8BD436825F814101B
S21402DFB05B6807FB04335A888A4208D01B791B0326
S21402DFC003F44053C2F30B02134325F81430013412
S21402DFD0DFE72124E7E71924E5E700BFBC110020AC
S21402DFE0F8B50E4605461BF021FB17490F680024BC
S21402DFF04FF0120CA04201D11A2022E07A689269F0
S21402E0000CFB04F31A4492F811E0BEF1000F19D18A
S21402E01028460132103550F8047B42F8047BA842A9
S21402E020F9D10A68526892690020D118D0540123A7
S21402E0304B74064B03EA440343F0E04343F0010308
S21402E0403360F8BD0134D5E7BC110020FEFF0100A5
S21402E0502DE9F047294F81460C4615464FF0000839
S21402E0604FF0820AF2F790F990F82830B8EB430F97
S21402E07002D340F203503BE03B685B68196A0AFB36
S21402E08008F6314491F88130A3BB481CB9F1000F61
S21402E09029D04B4609F1400253F8041B40F8041BF2
S21402E0A09342F9D13B685B68ACB11B6A3344413397
S21402E0B004F1200254F8041B43F8041B9442F9D1DD
S21402E0C03B685B681A6A002093199055012283F810
S21402E0D081202B600CE0186A304420222146413011
S21402E0E01EF023FBECE74131FFF762FC0028E7D085
S21402E0F0BDE8F08708F10108B4E700BFBC110020B4
S21402E10038B54FF400400C46FFF724FD38B14CB149
S21402E110054D28461BF0A4FB2560002038BD40F2C2
S21402E1200250FBE72046F9E701000150F0B587B040
S21402E13004460E461546FFF7C1FE02281AD9C4F356
S21402E1400E03BBB10023ADF806402A468DF8043014
S21402E15002AC103510685168234603C30832AA423F
S21402E1601C46F7D1254B1B685B6801A81B6B9847BA
S21402E17007B0F0BDFFF7A2FE022803D1C4F30E03D8
S21402E180002B33D12046FFF7E5FC58B132780378EE
S21402E1909A422DD11022294604301EF08EFA38BB40
S21402E1A00020E5E7154B19684B685B6958884FF6FF
S21402E1B0FF72904203D0D88A90421CD114332A466A
S21402E1C0181D103552F8047B40F8047BAA42F9D198
S21402E1D05C8032781A704A681369C4F30E040133FD
S21402E1E01361002CDCD1FFF773FED9E72120BFE7CD
S21402E1F040F20150BCE740F20350B9E7BC110020E0
S21402E2002DE9FF410129DDE90A4517461E4672D06F
S21402E210022900F0D880002940F0DD8034B91021B0
S21402E22068461AF050F8044640BB6C463846FFF77C
S21402E230AFFC804630B300F11501102220461EF0D6
S21402E2403CFA00286CD1B27898F80430934267D131
S21402E250317898F80020914262D1002B7BD0002DB5
S21402E2605ED0102208F1050128461EF026FA40F27A
S21402E270015440F20343002808BF1C46204604B05F
S21402E280BDE8F0814FF6FF70FFF782FC804600285B
S21402E29000F0968000F1150304F1100254F8041BF6
S21402E2A043F8041B9442F9D108F10500F5B1034680
S21402E2B005F1100255F8041B43F8041B9542F9D1E8
S21402E2C0A8F80270337888F80030B37888F80430FB
S21402E2D0424B1B685A68136801331360FFF778FDD8
S21402E2E0102168461AF0FBFB0024C7E710222946D5
S21402E2F01EF01BFAE4E73CB91021684619F0E3FF6A
S21402E30004460028BAD16C463846FFF759FC8046C8
S21402E31020B300F11601102220461EF0CEF910B1ED
S21402E32040F20154AAE7B8F8043070889842F7D150
S21402E330327898F800309A42F2D1FFF729FC037936
S21402E3404BB1002DECD0102208F1060128461EF033
S21402E350B4F90028E4D140F203448FE74FF6FF7089
S21402E360FFF72EFC804658B300F1160304F11002A4
S21402E37054F8041B43F8041B9442F9D108F1060032
S21402E380CDB1034605F1100255F8041B43F8041BF1
S21402E3909542F9D1A8F80270337888F8003073886D
S21402E3A0A8F804300D4B1B685A68936801339360D3
S21402E3B0FFF7AEFC94E7102229461EF0B6F9E9E70D
S21402E3C040F203545AE722461946384604B0BDE8DE
S21402E3D0F041FFF7ABBE212450E700BFBC1100207E
S21402E3E038B5294C23685B68002B4BD0FFF70EF834
S21402E3F023685B68586800251D6020B117F0ACF8EA
S21402E40023685B685D6023685B68D86800259D604A
S21402E41020B117F0A1F823685B68DD6023685B68AB
S21402E420586900251D6120B117F096F823685B68CD
S21402E4305D6123685B68986928B117F08DF82368D8
S21402E4405B6800229A6123685B68D86928B117F076
S21402E45083F823685B680022DA6123685B68186ABF
S21402E46028B117F079F823685B6800221A621CF05C
S21402E47019F9FFF721F92368586817F06DF8236831
S21402E48000225A6038BD00BFBC1100202DE9F04FB3
S21402E4900A4D2C681F4663688DB00646894690462C
S21402E4A0002B40F02482342017F052F82B6860606C
S21402E4B05C682CB91A24FFF793FF62E1BC110020B6
S21402E4C0169BE762C4E909982363FFF713F904462B
S21402E4D00028F0D1F1F758FF00F052FD044600285C
S21402E4E0E9D1B049FEF7E4FF04460028E3D13046FE
S21402E4F0FDF73EFF04460028DDD11BF097F82B6897
S21402E5000646122070435F6817F022F82B68B8613F
S21402E5105F68BB69002BCDD022462146964203F1A6
S21402E520120340F03281222017F012F82B68F861AD
S21402E5305B68DB69002BBDD000261E7083F8216065
S21402E540F1F722FF90F828702B687F00822078432C
S21402E550D3F8048016F0FCFF2B68C8F820005B682E
S21402E5601B6A002BA6D0BC4203F1820340F0138143
S21402E570CDE90866CDE90A66F1F706FFC7882B687B
S21402E5804FF0260808FB07F05C6816F0E1FF2B68E0
S21402E59060605B685B68002B00F04B8109AB009300
S21402E5A001960BAB0AAA08A938461AF0A5FF04463C
S21402E5B038BBDDE90A202968A74200F2F58007ABDE
S21402E5C00493099B00920021CDE901030391089B65
S21402E5D03A46084600F0F8FC044690B94FF0260A80
S21402E5E08046A74200F2EC801BF0A2F9044640B92E
S21402E5F006462627079A2B6896425B68C0F010816B
S21402E6001A6000230093DDE90A12099B08981AF0A3
S21402E6105EFF002C7FF44FAFCDE90744CDE90944F5
S21402E6200B94F1F7B1FE07892B68262606FB07F046
S21402E6305C6816F08DFF2B68E0605B68DB68002B79
S21402E64000F03E8108AB019309AB00930AAA0BAB1C
S21402E65007A938461AF050FF044600287FF42BAF6D
S21402E660DDE90A212868A74200F2E78006AB049398
S21402E670089B0393099B0092CDE901133A46079B38
S21402E6800121002000F0A0FC0446A0B906464FF087
S21402E690260B8246D5F80090069AD9F80430B7427F
S21402E6A000F2D88000262627069A2B6896425B68D8
S21402E6B0C0F0FD809A60089B0093DDE90A12099B70
S21402E6C007981AF004FF002C7FF4F5AE2B680B9423
S21402E6D028205E68CDE9094416F03AFF2B6870617F
S21402E6E05B685B69002B00F000810AAB0194009323
S21402E6F022460BAB09A902201AF0FEFE04460028A9
S21402E7007FF4D9AE2B680B9A5B685B69191D1833C8
S21402E7101160536008ABCDE903030A9B0090CDE974
S21402E72001230222099B114600F04EFC0446F0B972
S21402E73006464FF0140B8246D5F80080DDF820908E
S21402E740D8F804305B690BFB06F7B14503EB07000C
S21402E75040F2BC80099A03F807A032F816304380CC
S21402E760002E00F0B180D8F80430C3F810900021D3
S21402E770DDE90A32099800911AF0A9FE002C7FF40E
S21402E7809AAE20460DB0BDE8F08F03F8121C03F8CF
S21402E790011C0132C2E603F8826C03F8016C0134F4
S21402E7A0E1E600BF002905004B685B6808FB0433FE
S21402E7B05E1D153342F8246040F824300134FBE62F
S21402E7C0D5F80090079AD9F804305B680AFB04F67D
S21402E7D0A24203EB060009D903F80680089B33F829
S21402E7E01430438080F804800134FAE610220021B7
S21402E7F005301DF09AFFD9F80430586830441022CC
S21402E800002115301DF091FFD9F804305A6893198B
S21402E81002F806804FF6FF725A8083F80480E3E718
S21402E8205B6807FB063358881AF0CBFC18B901362A
S21402E830E0E61A24E5E60446E3E64368DB6806FB00
S21402E840043303F1060C163342F824C041F8243090
S21402E850013408E7DB680BFB06F8B24203EB08005C
S21402E8600BD903F808A0079B33F816304380089BA1
S21402E87033F81630838001360CE71022002106306A
S21402E8801DF053FFD9F80430D86840441022002106
S21402E89016301DF04AFFD9F80430DA6802EB080396
S21402E8A002F808A04FF6FF725A809A80E3E7DB6808
S21402E8B007FB063358881AF060FC18B90136F3E6EF
S21402E8C01A24F8E60446F6E6012635E71022002169
S21402E8D004301DF02AFFD8F804305B69DA1903F811
S21402E8E007A04FF6FF7353803AE71A243FE740F239
S21402E8F00154E0E507B5054B0093054A054B06496A
S21402E900FFF7C4FD03B05DF804FB00BF7B9604006E
S21402E910AF960400959604005790040007B5054B81
S21402E9200093054A054B0649FFF7B0FD03B05DF8B4
S21402E93004FB00BF579804005D980400A9940400E5
S21402E9404B90040010B40C462AB120B91BB1102912
S21402E95005D9FF2908D021205DF8044B70470549E8
S21402E96021FA04F4E107F6D55DF8044B1946104681
S21402E970FFF736BB1101010030B5E1B1D8B9D2B10B
S21402E9800F4803685B68DB6993F82140ACB9013332
S21402E99001F1200451F8045B43F8045BA142F9D16B
S21402E9A003685B68DB6900200121187083F8211078
S21402E9B0044B136030BD2120FCE71A20FAE700BFA3
S21402E9C0BC11002001000090C31E012B70B50D463D
S21402E9D027D931B3012809D002280CD0F8B9124B36
S21402E9E01B685B6818682860002070BD0E4B1B68A9
S21402E9F05B689868F7E70C4E33685B681C699B6A2D
S21402EA00984733685B685B695A88B2F5004F2044C2
S21402EA1003D0DB8AB3F5004FE5D10138E3E70020E7
S21402EA20E1E72120E1E700BFBC1100202DE9F84311
S21402EA30C31E012B0446884617463DD9002A3BD002
S21402EA4002281AD088B1012813D000251B4B0026B5
S21402EA50D3F800C04FF0140E334626214FF6FF7946
S21402EA60AB420CD140F2025019E0F1F78DFCC5889A
S21402EA70ECE7F1F789FC0589E8E70546E6E7DCF806
S21402EA80042074B9526801FB03225088484511D00D
S21402EA90B0F5004F0ED046450BD138800020BDE8B9
S21402EAA0F883012C01D1D268EDE752690EFB0322EE
S21402EAB0EBE701360133D3E72120F0E7BC11002053
S21402EAC0F8B51E46C31E012B04460D46174604D94A
S21402EAD0012804D8B1F5805F05D3212026E002285C
S21402EAE001D10B04F9D429462046FFF781F8B0B3CA
S21402EAF0012C1CD0022C2AD074BB411D10221A48AD
S21402EB001DF0DBFD690008B141F0010441F08055BB
S21402EB1045F001051FB128461AF0A2FE3D600EB36D
S21402EB2014B120461AF09CFE34600020F8BD811D08
S21402EB3010220D481DF0C1FD690030B141F00054AD
S21402EB4044F0010441F04055E2E70446FAE7074B79
S21402EB50002443EA4505DDE700242546DAE740F2CD
S21402EB600250E3E73046E1E758290500010000506D
S21402EB7070B50D468CB0064658B351B316486A4671
S21402EB8004211AF0BBFF044698B908AB102231469E
S21402EB906846FEF7F5FD044658B9104904AB05224F
S21402EBA008A8FEF7EDFD044618B906AB03CB2860AD
S21402EBB069606846102119F092FF10210DEB0100E2
S21402EBC019F08DFF08A8102119F089FF20460CB015
S21402EBD070BD2124EDE700BFDE280500E32805000E
S21402EBE02DE9F04F99B0994608460023CDE9033344
S21402EBF0DDF8908005939246FEF7CAFF0546002888
S21402EC0000F08980454814AA04211AF077FF08AF5D
S21402EC10044610AE002861D105EB0A1505354FF003
S21402EC20060A3F4B0197CDF800A014AA10212846E9
S21402EC30FDF7BAFB0446002850D13A4814AA04212C
S21402EC401AF05CFF0446002848D1CDE900A6344BF2
S21402EC5014AA10212846FDF7A7FB044600283DD13A
S21402EC60314814AA04211AF049FF0446002835D177
S21402EC700DF1300BCDE900AB294B14AA1021284622
S21402EC80FDF792FB044648BB06A92846FFF770FF2D
S21402EC90044618BB03A93846FFF7A2F90446E8B9AA
S21402ECA005A93046FFF79CF90446B8B904A95846A8
S21402ECB0FFF796F9044688B9039BC9F80030239BF0
S21402ECC0059A1A60229B049A1A6006AB0390059076
S21402ECD0049003CBC8F80000C8F8041003A81AF082
S21402ECE080FE05A81AF07DFE04A81AF07AFE10210E
S21402ECF0384619F0F4FE1021304619F0F0FE1021C5
S21402ED000CA819F0ECFE082106A819F0E8FE204629
S21402ED1019B0BDE8F08F40F20254F8E7E928050082
S21402ED20EE280500F5280500FA2805000378012BD1
S21402ED3003D1044B1B6813B11847F0F79DBC0220A1
S21402ED40704700BFAC2E00200378012B03D1044B82
S21402ED501B6813B11847F0F7B9BD0220704700BF11
S21402ED60A02E002010B50378012B05D1054B1B6899
S21402ED7033B1BDE810401847F0F790FC80B210BDE2
S21402ED800220FCE7A82E002013B5014306481446CD
S21402ED9001AB6A46006803F009FEE1F7FBFE08B91C
S21402EDA0019B236002B010BD601000207FB50F4E9D
S21402EDB0014315461C4602AA03AB3068019103F0D4
S21402EDC0F5FDE1F7E7FE70B92368039A019930680A
S21402EDD09342A8BF13462A4603F09AFDE1F7DAFEED
S21402EDE008B9039B236004B070BD00BF601000200A
S21402EDF008B513460A4640F480210348006803F02B
S21402EE003DFDE1F7C7FE08BD6010002008B5044BC3
S21402EE1040F48021186803F00FFEE1F7BBFE08BD40
S21402EE206010002008B513460A4640F4C021034885
S21402EE30006803F023FDE1F7ADFE08BD6010002078
S21402EE4008B5044B40F4C021186803F0F5FDE1F75D
S21402EE50A1FE08BD60100020044A0346106800B9EF
S21402EE60704702889A42FBD00069F8E7982F002084
S21402EE7010B588B01022019001210DEB02001DF0A2
S21402EE8054FC074A019B92E8030002AC84E80300A4
S21402EE900822214604A816F0B4FD08B010BD00BF33
S21402EEA06817002008B5DDF751FD024BC3E90001E3
S21402EEB0002008BD6817002010B5044C206800B971
S21402EEC010BD03692360E9F76DFDF7E7982F002070
S21402EED02DE9F04707460D46002401F10209A74234
S21402EEE005D80E4B18680023A8B9BDE8F08735F898
S21402EEF0240000211AF0D2FF39F824A0804600260A
S21402EF00564501D30134EAE708EB060080B2FFF764
S21402EF107DFF0136F4E783600069E5E7982F00205D
S21402EF202DE9F041804614461F46FFF795FF0D4631
S21402EF300646F8B901F11400E9F714FDE0B10F4BEB
S21402EF40C4601A68A0F80080C0E9015400F11404F5
S21402EF50026118602A46214640461AF038FF38B148
S21402EF6001233B702A46314620461DF0DEFB304622
S21402EF70BDE8F0812120FBE71920F9E7982F002051
S21402EF8008B921207047C38801335B105A1E0F2A26
S21402EF90F7D80A4A1360038901335B105A1E0F2AF8
S21402EFA0EFD8074A1360038B04339B085A1E0F2AB6
S21402EFB0E7D8044A00201360704700BFA42F002041
S21402EFC09C2F0020A02F00202DE9F04FA9B0CDE9FC
S21402EFD005230023CDE90C33CDE90E33CDE9083302
S21402EFE00A938DF82C30894600296BD16D4B1B682D
S21402EFF00393039B002B00F0D1805020E9F7B2FC6C
S21402F0000546002800F0CC8000263746394648469A
S21402F0101BF03BFB04461BF011F8002800F0BC80F6
S21402F020502220460DEB02011AF0D1FE04460028BB
S21402F0303ED150220DEB020128461DF04EFB0CA8D5
S21402F0401BF00AFB21460D2208A81DF06EFB05F1F7
S21402F0504C030193042300932A464C2308A90CA8C8
S21402F0608DF8209016F09EFC1022044600210CA873
S21402F0701DF05BFB0D22002108A81DF056FBBCB953
S21402F0802B780493049A0121222313FB021307937D
S21402F0908B46A2462346049A924502D0059A964289
S21402F0A015D3059B9E4277D0039B01379F42ADD175
S21402F0B02846E9F777FC0CB9369B1E60204629B035
S21402F0C0BDE8F08F01290CBF374B384B8FE7B9F1FB
S21402F0D0010F35F80B200BF102080DD80698C2F383
S21402F0E00B0120F816103499120B8A55329A002A10
S21402F0F045D10BF1120811E0069921F81620349A30
S21402F10005EB0801935510A81022CDE91033CDE97E
S21402F11012331DF0D2FA00230028EAD0339905EB09
S21402F120080251F8261002F1100052F804CB41F8FA
S21402F13004CB8242F9D1B9F1010F08F1100B18D1B4
S21402F14003221046079A4FEA5A0110FB012168185B
S21402F1501AF0010F427817BF8178695C120202F436
S21402F16070620ABF12090A4342EA0112359921F86F
S21402F17016200AF1010A5FFA8AFA01368BE7329AFA
S21402F180A84452F8262008F1100158F8040B42F859
S21402F190040B8845F9D1ACE7002489E711248DE7F2
S21402F1A019248BE7A42F00209C2F0020A02F0020DC
S21402F1B02DE9F04F8FB0884603930023CDE90A333A
S21402F1C0CDE90C33CDE90633059208938DF8243049
S21402F1D031B9694B1F68002F00F0CB8002260CE085
S21402F1E0012901D1654BF5E7654B1F68002F00F03A
S21402F1F0C08002290CBF042602261B9A07FB06F3D0
S21402F2009342C0F0AF805020E9F7ACFB05460028D9
S21402F21000F0AD804FF0000AD3464C21284616F087
S21402F22012FB044600283FD11B9BA3EB0A03B34202
S21402F23028BF334699462B70222303FB09F3049317
S21402F240012053464C4533D10AA81BF005FA0D227D
S21402F250002106A81DF069FA05F14C030193042368
S21402F26000932A464C2306A90AA88DF8188016F0A1
S21402F27057FBA2441022044600210AA81DF055FAA4
S21402F2800D22002106A81DF050FA6CB959464046D8
S21402F2901BF0FBF950222946FFF7AAFD044618B9CF
S21402F2A00BF1010BBB45B8D32846E9F77BFB5AE0C6
S21402F2B0B8F1010F059A98BF199932F813209EBF2C
S21402F2C0C95CC2F30B0242EA0132B8F1010F2A52BC
S21402F2D000F102020ED8039951B151F823102A44C4
S21402F2E001F1100C51F804EB42F804EB6145F9D138
S21402F2F000F11202189951F82310A81801F1100C07
S21402F30051F804EB40F804EB6145F9D1B8F1010F6E
S21402F31002F110001AD1049924F0010202EB540201
S21402F3200A441A9914F0010F02F1020C31F8131074
S21402F3302A440ED015F80CE0C1F3032141EA0E016F
S21402F34005F80C101A9931F81310D17001340133F4
S21402F35078E7091151701A9A32F81320120105F84B
S21402F3600C20F3E71A2420460FB0BDE8F08F1924CC
S21402F370F9E71124F7E700BFA42F00209C2F0020F6
S21402F380A02F002038B50A4C21688B6ACD6801335D
S21402F3908B6215B10B698968A8472068162200217E
S21402F3A008301DF0C2F9BDE83840F7F7D3BC00BFFD
S21402F3B0A81100202DE9F04104688CB002AE054683
S21402F3C00F4620460021029171601BF06CF916224E
S21402F3D0CDE9044006A81DF0A8F904AC049929B3A7
S21402F3E00023162206A812F0F3FF069B9F420DD0BA
S21402F3F094E80300E84686E80300059940461BF0B9
S21402F40075F998E8030084E80300E7E732462146E8
S21402F41028461BF051F904981BF05CF9204612F0BE
S21402F420E1FF044B1A68D36A0133D3620CB0BDE81D
S21402F430F08100BFA8110020044B1B681A6A013233
S21402F44008BF01221A62186A704700BFA81100207E
S21402F45070B51B4C2668316886B079B3B5686DBB4B
S21402F46008461BF020F92A46CDE9041004A93046C6
S21402F4701BF022F92068049903912B4616220830C5
S21402F48012F0A6FF03A8162113F00DFA039813F044
S21402F49051F928B903981BF01DF903A812F0A2FF30
S21402F4A000230849039800931A46F0F7E7FE18B9B6
S21402F4B02268536A0133536206B070BD0020FBE730
S21402F4C0A811002085F30200234B2DE9F04FD3F854
S21402F4D000900568D9F8004085B00746ACB3AB7912
S21402F4E02B44204693F821B01BF0DDF80023CBF323
S21402F4F0800B0646A0469A4698F80620424492F8A2
S21402F5002120C2F380025A450CD2C3B1514602A84A
S21402F5101BF0ECF8029CCAF800507B681C6005B031
S21402F520BDE8F08F314668461BF0E0F8DDE90021C1
S21402F530B2464346002AE9D090460E46DCE720460D
S21402F5401BF0B1F8C9F80050E7E7C9F8005005B05B
S21402F550BDE8F04FFFF77CBFA81100202DE9F04F61
S21402F5608FB0DFF848B10DF1180816F016F8002330
S21402F5700693C8F80430DBF8003001908A465968D2
S21402F58008461BF090F8CDE9081008AD0DF11009F9
S21402F5900CAF089E16B90FB0BDE8F08FB47901998A
S21402F5A00C343444E268236991427AEB030352D363
S21402F5B0237D5B0712D1099938461BF097F8DBF8D2
S21402F5C000002946424604301BF076F82846FFF72C
S21402F5D07BFF97E8030085E80300DAE731793046D7
S21402F5E012F092FF002841D1CDE90A000A9B3BB1F6
S21402F5F00AA8FFF769FF002323716371A371E37101
S21402F600237DDA1D62F30203237515F0C6FF064654
S21402F61002913846012118F056FE237DDA080A23A5
S21402F62002FB03331A219DF83020B2FBF1F20020D0
S21402F6301344039315F0C3FF029B361843EB0102F3
S21402F640039B0292184615F0BAFF029A301842EB54
S21402F6500101E060216195E8030088E8030048465E
S21402F66007991BF043F899E80300B4E7CDE90C00CC
S21402F670099B9E4205D197E803000AAB83E8030084
S21402F680B4E736683179304612F03EFF50B9029040
S21402F6900C981BF01FF8384612F0A4FE029BCDE928
S21402F6A00A33A3E70D9A10600D90E1E7A811002037
S21402F6B0F0B58BB00646139D01920C461F461046C7
S21402F6C012B921200BB0F0BD13F034F80028F8D0A0
S21402F6D0019813F02FF8FD28F3D8162C10D00198B5
S21402F6E013F028F801308DF81000022204A901A8B0
S21402F6F08DF8114013F087F8022801D01A20E1E7AE
S21402F7000DB100232B600021019B0393162204A84F
S21402F7108DF809108DF80A101DF007F82A2C09D169
S21402F720002F5CD00DF10A020DF109010DF10B005C
S21402F730F1F7CCF8FFF780FE119B0593129B069318
S21402F740003FA4F12A0318BF01275C425C419DF8E2
S21402F7502530049023F0030344EA47041C438DF843
S21402F760254015F01AFF044630460F4615F027FFCF
S21402F7709DF809309DF80A2003F0070343EAC20306
S21402F7808DF82430109B9DF82520201847EB0101A8
S21402F790003B18BF012363F38202CDE907018DF80F
S21402F7A0252004A9162203A813F02DF8C0B280B1B2
S21402F7B00398002113F0CFF803994B7943F0010325
S21402F7C04B710A4B1868043012F0BFFF0DB1049B50
S21402F7D02B60FFF7C3FEF7F7BDFA002072E70DF1C4
S21402F7E00A010DF10900F1F7D5FAA3E7A8110020E6
S21402F7F038B5094D0446286883689C4204BF002336
S21402F800C3603CB121460430FFF7D4FD2868214688
S21402F810FFF7D0FD002038BDA81100202DE9F341E6
S21402F82015F0BBFE0F460646FFF712FEFFF796FEE2
S21402F830154B164D1B685C6820461AF034FF4FF0D5
S21402F840000834B92846214602B0BDE8F04115F05A
S21402F850A6BEA1790C44A369E269B34272EB070122
S21402F8600FD39B1B62EB07029D4278EB020238BF66
S21402F8702B461D46014668461AF038FFDDE9004071
S21402F880DFE70025F6E700BFA8110020FFFFE70329
S21402F89030B51B4B82691B688BB0044608924269DE
S21402F8A007920269069290F828200592C26804928E
S21402F8B082680392428C0292028C019290F8252072
S21402F8C000921D68C28B90F82730818B90F8260034
S21402F8D0A84728B1E56855B904F10C0012F082FD7C
S21402F8E03022002120461CF020FF0BB030BD05F16F
S21402F8F00C00452200211CF018FF2D68EBE700BF24
S21402F900AC1100202DE9F04F8DB00D4607A9BDF8C9
S21402F9106040DDF864B006469146984617F0AEF9A8
S21402F9200746A8BBBDF81C3093B3A3425DD04FF682
S21402F930FF739C4209D13046F7F706FB002854D0E5
S21402F940E31D9BB2022B0DD822E04FF6FC739C42BD
S21402F9500BD1F0F7B5FF012804D13046F7F7F4FAD9
S21402F960002842D04FF0000A33E04FF6FE739C4266
S21402F97011D108AA0DF11E010DF11B00F0F7A6FF2A
S21402F9809DF81B30012B03D13046F7F7DDFA60B342
S21402F9900DB0BDE8F08F4FF6FD739C42D0D1F1F763
S21402F9A067F8D8E708AB0DF11E025146284616F056
S21402F9B06AFF204615F092FE022810D1102208A9EE
S21402F9C058461CF07AFEB0FA80F676090AF1010A69
S21402F9D05EB9284616F053FF5045E3D8D8E7BDF87F
S21402F9E01E60331B5E425E41F0E7B9F1020F59D149
S21402F9F0284616F0D2FD4FF6FF739842C8D1284625
S21402FA0016F0C9FD1328C3D801A353F820F000BF8F
S21402FA1061FA02008BFA020091F9020091F90200E3
S21402FA2061FA02008BFA020091F9020091F90200D3
S21402FA3091F9020091F9020061FA02008BFA0200C3
S21402FA4061FA02008BFA020061FA02008BFA0200E7
S21402FA5091F9020091F9020061FA02008BFA0200A3
S21402FA60B8F1000F94D19DF86C3004931A9B019460
S21402FA70CDE902B3BDF85C3000934246BDF858307B
S21402FA804946284616F072FD82E7B8F1000F3FF4A9
S21402FA907FAFE8E73946284616F084FD804507F131
S21402FAA00107E0D0284616F07AFDB842F2D86FE792
S21402FAB070B50F4D2B685B68044623B12B689CB962
S21402FAC00C4A1A6011E0F0F75FFC90F822002E68EC
S21402FAD000EB4000000115F03BFD2B6870605B6890
S21402FAE0002BEBD11A2001E01C60002070BD00BF85
S21402FAF0AC11002025AB020010B5064C23685868EE
S21402FB0020B115F029FD236800225A6023680022DE
S21402FB101A6010BDAC1100202DE9F84F15F03DFD1E
S21402FB200026244DDFF890900746884634464FF06C
S21402FB30300AF0F729FC90F82230B34205D828465E
S21402FB402146BDE8F84F15F02ABDD9F800305B68AB
S21402FB500AFB06FB03EB0B0090F82420BAB153F81D
S21402FB600B3042689F4278EB020119D3418C008C1D
S21402FB70FAF77EFE68B1052015F021FD854274EB8A
S21402FB80010304D3052015F01AFD05460C4601367E
S21402FB90CFE7D9F8003058685844FFF779FEF6E701
S21402FBA0DB1B62EB0802AB4272EB04013CBF1D4654
S21402FBB01446ECE7FFFFE703AC11002073B5254BB4
S21402FBC01B88ADF80430064600230D46144601464F
S21402FBD0012201A88DF8063012F0FAFB012803462E
S21402FBE002D0002002B070BD9DF8042091090229BF
S21402FBF009D003291AD005B12A8014B14FF6FF7234
S21402FC00228098B2EEE7024631460DF1050012F068
S21402FC10DFFB0128E5D11DB1BDF804305BBA2B80AD
S21402FC2014B14FF6FF7323800223EAE7022231461D
S21402FC300DF1050012F0CCFB0228D2D125B19DF8B9
S21402FC40043003F03F032B8014B1BDF80530238047
S21402FC500323D6E7782905002DE9F04F91B08046B8
S21402FC6003939DF870300493DDE91D63BDF8689038
S21402FC700593219B0693229B07934846239B02915A
S21402FC809246089315F02AFD02281B9F9DF87C4099
S21402FC909DF8805002D1002F00F0F180FF2D02D196
S21402FCA017F094F805462EB196F82830D90748BFC3
S21402FCB044F0400414F0040F18BF002514F0830F1C
S21402FCC000F0C180F0F760FB90F822300133019318
S21402FCD015F063FCE207CDE909014ED501210FA814
S21402FCE018F0F1FA9DF83C0000F01F00143015F0F1
S21402FCF066FC099BDFF890B11B180B930A9B4FF02A
S21402FD00000643EB01030C9331460D91F0F73CFBE2
S21402FD1090F822200D995B4B96424FF0300044D368
S21402FD201A68019E464350683044FFF7B1FD554BB2
S21402FD300B991B685A68915193190C9AA3F81EA046
S21402FD40C3E90127059ADA60069A1A61079A5A6188
S21402FD50089A9A61029A9A83039A1A84012283F86D
S21402FD602420049AA3F8229083F8252083F826807C
S21402FD7083F8275083F8284043E014F0020008D0A6
S21402FD8002210FA818F09FFABDF83C00C0F3080045
S21402FD90ACE72306ABD501210FA818F094FABDF8FC
S21402FDA03C0000F01F003C30A1E71A68D2F804C0FD
S21402FDB070430CEB000292F824E0BEF1000F26D14D
S21402FDC00B9B13600C9BA2F81EA0C2E90137059B91
S21402FDD0D360069B1361079B5361089B9361029B4A
S21402FDE09383039B1384012382F82430049BA2F896
S21402FDF0229082F8253082F8268082F8275082F8F0
S21402FE002840F6F7A7FF002011B0BDE8F08F536830
S21402FE105CF80000099A82420A9A9A410ED2099A1E
S21402FE20B0EB020E0A9A63EB020CDE457CEB010293
S21402FE3002D2019683461946013666E74FF0000B5A
S21402FE4001965946F8E70F4B089A1B682292079AC2
S21402FE502192069ACDF87090CDE91F42059A029932
S21402FE60CDE91D72039A1B92049A1A921C68524696
S21402FE702B464046A44611B0BDE8F04F604721200D
S21402FE80C2E700BFAC110020FFFFE7032DE9F043F5
S21402FE9089B000260D4604468DF81560F7F768F916
S21402FEA007A9074630460696FEF78EFD002872D151
S21402FEB0079BA3426FD90DF116022146FEF7B6FD47
S21402FEC0002868D1BDF816000DF11501FCF73CFDBF
S21402FED0044600285FD1F7F733F99DF81510494E0E
S21402FEE0494A0139814618BF0121CDE90046BDF8CD
S21402FEF016002346FCF724FE00284CD1FFB2002F42
S21402FF009DF81520414C424F14BF02230023022ABB
S21402FF1008BF43F0010363703368C4F802304FF041
S21402FF2001087368C4F80630494604F10A0084F8EA
S21402FF30008016F051FD3749627833480B46006858
S21402FF4003F8012B3268C1F8012072685A60D4F8AF
S21402FF500A30C1F809300D223B4619F0E2FD06468A
S21402FF60C8B93A68C4F80E207A68C4F81220162374
S21402FF702246014612F023FC0246069035BBCDE926
S21402FF800255CDE900552B462B212846FFF790FB5C
S21402FF9008B9002306931C4819F023FD069C44BBAF
S21402FFA006A812F01FFA1A48102118F098FD1548F4
S21402FFB0082118F094FD17480D2118F090FD1348FB
S21402FFC0162118F08CFD09B0BDE8F083284600F033
S21402FFD0E5FC0028DFD0104B1C68002CDBD0069B0B
S21402FFE00093CDE902660196334632464146A04763
S21402FFF0CEE704F10C00452200211CF096FB246893
S214030000CDE700BF6A3B0020A82F0020373B002027
S2140300105A3B00204D3B0020382F00202DE9F041AD
S2140300201F461E4BDDF81C8016461A68137C0546D1
S2140300303BBB0379C4781C44437901341C4483795D
S2140300401C4428235C43A408D5F80F00D5F81310E6
S214030050301A67EB010115F0A2FA4FF47A73B0FB7E
S214030060F3F0A0420BD39DF81830012B0DD10021DD
S2140300704046FFF70BFFC5F80F60C5F81370BDE8E1
S214030080F081013B13740524DEE7054B1B68002B48
S214030090F1D0002140469847EDE700BFB01100209D
S2140300A0AC2F0020F8B5104E33681B680D463BB1E5
S2140300B030B904461727F0F767F9C388A34200D878
S2140300C0F8BD326807FB04F31268D018D35CDB076D
S2140300D007D5B0F80130AB4203D1BDE8F8401AF0BB
S2140300E0CBBB0134E7E700BFB01100207FB521F09A
S2140300F00404132C17D117290C4909688C680CBF04
S21403010000F11305002574B1B0F811109DF92460B1
S21403011002969DF8206049BACDE9003689B21346A7
S21403012001302A46A04704B070BD00BFB0110020BE
S2140301302DE9F04F8DB0C479059383790790E41ABF
S2140301400F46002614F0FF019446099609D1079C32
S214030150002C40F0298107A812F044F90DB0BDE841
S214030160F08F03F10C0505441844027B012A12D0D4
S214030170022A00F0218132B9059B2846CDE900C347
S2140301803B46FFF7B3FF099B002BE0D00024DFF8C4
S214030190B882254603E11629F5D16C7804F00103ED
S2140301A00493C4F34004B0460DE1B8F1000F0ED13A
S2140301B0BDF822102A4640461AF096FB00286FD157
S2140301C0474605F10A0016F004FC0B9018E0DAF82F
S2140301D00030D3F814B0BBF1000F48D00BAB00933C
S2140301E0BDF8221008AB2A460020D84700283ED187
S2140301F007469DF8204004F001030493C4F340042B
S214030200F6F7B6FFA04252D10B9B9E42BBD8069A86
S214030210002A53D02A36B342B5D8BDF82260DFF899
S21403022024A24FF0000B1725F0F7AEF8C3889945C4
S21403023061D3BBF1000F75D09BF8003043F0010388
S2140302408BF800300023CBF803308BF807308BF89D
S21403025008308BF809308BF80A308BF80B308BF8A4
S2140302600C308BF80D308BF80E30584678E0DAF801
S2140302700030D3F814B0BBF1000F74D00BAB00936F
S214030280BDF8221008AB2A460120D84700286AD1B9
S2140302900127B8F1000F94D0ABE7B8F1000FE6D111
S2140302A0BDF822102A4601201AF01EFBEEE7F6F7E9
S2140302B065FF624B98427FF666AFA5E7BDF822203E
S2140302C012B19E42FFF45FAFF6F77AFF0B9B68B955
S2140302D0A2199A42A1D2F6F751FF594B98427FF6DC
S2140302E052AF0B993046EEF76BF84CE72A369E4230
S2140302F0FFF449AF91E7B8F1000F0ED1DAF80030FA
S214030300186805FB09000378DB0725D4BBF1000F4B
S21403031008BF834609F1010986E7F7F78BFF406AB2
S2140303200028EED10598F7F7A1FC09ABCDE90073D9
S2140303300B9A049BBDF822002146F6F76DFF414B4E
S2140303401B68DD68002D3FF41EAF0B9B0499BDF8B8
S21403035022002246A84716E7B0F80130B342D9D1A7
S2140303601AF08AFADEE7013741E0204600F06AFA1F
S214030370A0B100F013FB064680B117F0B2FA68B1DD
S214030380D8F8007057B1079B00930023CDE90255B8
S21403039001951A4601213046B8470795013400F007
S2140303A04BFAA042E1D8D2E604F10C004522002124
S2140303B01CF0BBF92468CBE61B297FF4E4AE4FF0B0
S2140303C0010834460496F6F7BBFE002106460846A7
S2140303D0FCF7F4F90AA906900020FEF7F5FA07469B
S2140303E000287FF4D0AEDFF85CA08DF820000A9BCF
S2140303F09F42BFF4C8AE00230DF1220239461846C9
S2140304000B93FEF713FB0028ADD1BDF822000DF1C8
S2140304102101FCF799FA81460028A4D19DF82130E2
S214030420032BA0D801A252F823F000BF9B020300BF
S214030430AB0103009B0203009B020300FF4505007C
S214030440FF8B0A00B0110020382F0020024B1B68D8
S21403045032221A74704700BFB01100202DE9F74FFF
S21403046015F09BF8DFF8B89006460F46F7F7E2FE5E
S214030470D9F800305B68054623B900284BD00378CB
S214030480002B48D0DFF89C80D8E90003341A4FF4D9
S2140304907A7067EB030A15F092F884427AEB01034D
S2140304A008D22046514615F07AF8C0F57A7003B0A4
S2140304B0BDE8F08FC8E9006700244FF001084FF04D
S2140304C0170A4FF0020BEFF75FFFC388A34202D869
S2140304D04FF47A70EBE7D9F800104A6808FA04F389
S2140304E0134208D008683246CDE900843B460AFB2F
S2140304F00400FFF793FD65B12B782341DB0708D58E
S214030500686A3246CDE900B43B460AFB0400FFF7AF
S21403051085FD0134D7E70148C9E700BFFFFFE703BE
S214030520B01100207017002038B505460C46EFF7CB
S2140305302BFFC388AB4210D9094B196801234A68BD
S21403054003FA05F02CB110434860F6F703FC0020CD
S21403055038BD22EA00004860F9E72120F8E700BF2B
S214030560B011002037B50D4604460192EFF70CFF95
S214030570C388AB4211D901995CB1F7F75BFE30B182
S214030580084B1B685BB1019928469847002003B0C7
S21403059030BD2846FFF77AFCF8E72120F7E7184630
S2140305A0F5E700BFAC2F00202DE9F04F87B0824659
S2140305B005A90020FEF708FA0746E8B9F0F780F920
S2140305C00128064607D03D4B1B681BB11B6898479E
S2140305D0012815D002263A4C23684FF6FF75ADF86E
S2140305E010507BB94FF00009F7F724FE002580462C
S2140305F0AB46059BAB421BD8384607B0BDE8F08F29
S2140306003E46E8E71B68984781460028EAD02368F9
S214030610002BE9D05B68984750EA0103E4D02368CF
S2140306201BB19B6804A89847DEE7ADF81050DBE7DC
S214030630B6FA86F40DF11202294600206409FEF785
S214030640F5F990BBB8F1000F33D098F8002092B3B9
S2140306508DF80E008DF80F0001900DF10E01BDF818
S2140306601200F7F7F7FD10B1019B8DF80E30BDF8B9
S21403067012000DF10F01F0F7A5F808B18DF80FB0D1
S2140306809DF80E30012B12D09DF80F30012B10D0A1
S214030690B9F1000F04D0BDF81030AB4208BF0124F7
S2140306A0524629462046FFF75DFF0135A1E71C4663
S2140306B0F6E70024F4E71446F2E700BF642F0020B1
S2140306C0682F002070B58AB0002850D000261C2260
S2140306D0314603A802961CF028F8F6F773FE054683
S2140306E0F6F75CFE012104460DF107008DF807605E
S2140306F017F0E9FDF6F77CFE1F4A23469670D11CD9
S214030700103453F8046B41F8046BA342F9D16DBA65
S214030710A2F8135088B10368C2F815301924631E73
S21403072013702B23537050B900231A469BB22146ED
S214030730114814F060FF0AB070BD1524EFE71D21C1
S2140307400DF10A0016F0F3FA0028EDD19DF80A30F1
S214030750002BE9D00DF10A001CF01CF82422831CA0
S21403076001308DF809208DF8080002AADEE70AB0EA
S214030770BDE8704014F04ABF1E3B002010B5084C7D
S2140307802368186820B114F0E7FE236800221A6075
S21403079020681822BDE8104000211BF0C6BF00BF2A
S2140307A0B011002038B50C4C09B12368996008B124
S2140307B02368D860EFF7E8FDC388256817205843F9
S2140307C014F0C6FE236828601A6812B10020586029
S2140307D038BD1A20FCE700BFB011002038B5EFF78C
S2140307E0D3FD90F82A300A4C062003FB0000256848
S2140307F014F0AEFE236868605A6832B100201070A9
S214030800507001221A70986038BD1A20FCE700BFAA
S214030810B411002010B5074C2368586820B114F0B3
S2140308209BFE236800225A60236800221A605A60DF
S2140308309A6010BDB4110020014B1B6818787047EE
S214030840B4110020034B1B6806225B685043185CF8
S214030850704700BFB4110020F8B5144D2B68074647
S2140308601C780E46EFF790FD90F82A3001339C4231
S21403087019D02A68946813785168013403EB43034C
S21403088008BF012494605800127A0A5401EB43030C
S21403089001215970C3F8027032702A6813780B442A
S2140308A013700020F8BD1A20FCE700BFB411002027
S2140308B0F8B5044630B1114F3E683278002306255A
S2140308C09A4201DC212016E0716805FB03FC01EB6C
S2140308D00C0011F80CC0A44503F1010C0CD1D21A7C
S2140308E0013A6A4305FB0C111BF005FF3A681378BF
S2140308F0013B13700020F8BD6346E1E7B411002006
S2140309002DE9F04F0F46234985B00968DDF84CA062
S21403091091F800C0DDE91189044601254FF0060B66
S214030920AC451CDD48680BFB05F600EB060E805D48
S214030930A04201D00135F3E717490D687DB10E9942
S214030940DEF802000091CDE9029ACDF8048000217A
S214030950A84720B10E9D95B90EA811F043FDB4B972
S214030960109B0093CDE9029ADDE90E23CDF80480AF
S2140309702A213846FEF79CFE05B0BDE8F08F05F148
S2140309800C00452200211BF0D0FE2D68E3E7002073
S214030990F2E700BFB4110020382F0020F0B50A4B51
S2140309A019680D78012306269D4201DC002008E025
S2140309B04C6806FB03F2A718A25C824202D1D7F862
S2140309C00200F0BD0133EFE7B411002073B5144BFA
S2140309D001911A6811780123062599420EDD5468A1
S2140309E005FB0344D4F80260B0420ED10199207887
S2140309F06FF07F02F5F7DAFE00230193019C34B90A
S214030A0001A811F0EFFC02B070BD0133E5E704F175
S214030A100C00452200211BF088FE2468EFE700BF88
S214030A20B4110020F8B50B4E05460124062733689B
S214030A301A78A24201D8002009E05B6807FB04335A
S214030A40D3F8020016F014FFA84201D1E0B2F8BDB5
S214030A500134ECE7B411002010B548B1FFF79EFF50
S214030A60034638B1044B1B6823B1BDE81040184752
S214030A70012010BD1846FCE7342F0020094BF0B5C3
S214030A801C682668002328279E4202D100210846B8
S214030A90F0BD256907FB03F2A918AA5C8242F6D0CB
S214030AA00133F1E7C81100201FB51C469B68CBB184
S214030AB0D4F898308B4217D10F4B1B685B69002123
S214030AC0C4F898100BB120689847A3686279013B75
S214030AD0A36002238DF80430084B01A953F8223093
S214030AE02046984704B010BDD4F89C308B42F9D109
S214030AF00023C4F89C30E8E7C8110020102B05003B
S214030B0070B50A4E05460024EFF73EFC90F82830F1
S214030B10A34201D8002070BD3368DB6853F8240075
S214030B2010B10368AB42F6D00134EDE7C8110020DC
S214030B3030B585B00C461546FFF7E2FF58B102956F
S214030B404279064BB4FA84F149098DF8041053F838
S214030B50223001A9984705B030BD00BF102B050011
S214030B6070B504460079FFF789FF0546D4F8980068
S214030B7008B1EB699847D4F89C0008B1EB6998472D
S214030B80606C28B119F02EFF04F1440011F02AFC22
S214030B9004F16405002694F84830B3421AD8A82214
S214030BA0002120461BF0C1FD204614F0D5FC0F4E55
S214030BB00025EFF7E9FB90F82830AB4209D93368F4
S214030BC0DB6803EB850253F82530A3420BD10023E1
S214030BD0136070BD286819F005FF284611F002FC63
S214030BE001361835D7E70135E3E700BFC811002003
S214030BF070B586B0044610460D46019211F09AFD74
S214030C00019B86B233B32EB32046FFF779FF044623
S214030C1000B30079FFF732FF4278019B12F001021E
S214030C202BD09A791A44127B02F00302012A1BD0B6
S214030C30022A17D072B9032E0CD904228DF80C2081
S214030C408DF81050059362790F4B03A953F82230A1
S214030C5020469847019819F0C5FE01A811F0C2FB7B
S214030C6006B070BD0522E9E7012EF3D106238DF801
S214030C700C308DF810500023E4E707218DF80C1094
S214030C808DF81020DEE700BF102B050070B50E7838
S214030C9006F0FD03012B04460D460DD0B6B903231B
S214030CA0437119F0ABFE0A4B20681B689B683246FB
S214030CB00121BDE8704018470468FFF751FF044B55
S214030CC06A681B6800219B682046F2E770BD00BF78
S214030CD0C811002070B50A7802F0FD02012A0C46FE
S214030CE00BD10568FFF73CFF044B62681B68284678
S214030CF09B68BDE870400021184770BDC8110020EE
S214030D0070B50D78044615B1012D0DD070BD0323C3
S214030D10437119F073FE094B20681B689B682A46CB
S214030D200121BDE8704018470468FFF719FF034B1D
S214030D301B6800229B6811462046F2E7C811002074
S214030D40F0B5044685B000790E46FFF797FE457862
S214030D5015F001052ED0D4F89C100023029361BB36
S214030D60012302AA08468DF8083011F028FD05462F
S214030D7003902079FFF782FEA3680133A360E3683C
S214030D800133E36004F19C03CDE900432A468769F7
S214030D900B4B20683146B847054658B1A3680398FD
S214030DA0013BA360E368013BE36019F01BFE03A865
S214030DB011F018FB284605B0F0BD0225FAE700BF80
S214030DC0D5A90400F8B5194E05460024EFF7DCFA5A
S214030DD090F828309C4204D23368DB6853F82430FA
S214030DE03BB9EFF7D1FA90F828309C4203D11A208A
S214030DF0F8BD0134EAE70D4E3368A820DF6814F027
S214030E00A9FB336847F82400DB6853F8240000285E
S214030E10EDD0A82200211BF088FC3368DB6853F86A
S214030E2024302B60F5F796FF0020E1E7C811002079
S214030E3070B51D4C00252826EFF7A6FA90F8293042
S214030E40AB4223680FD8DB6863BB2368186920B1FD
S214030E5014F082FB236800221A61236800225A607A
S214030E609A601A6070BD1B6906FB05339B6803B165
S214030E7098470135E0E7DB6853F8250008B1FFF72C
S214030E806FFE0135EFF780FA90F82830AB422368FF
S214030E90F1D8D8680028D8D014F05EFB2368002267
S214030EA0DA60D2E70025EDE7C81100202DE9F84FF8
S214030EB01F460C4690460546EFF766FA90F828005C
S214030EC02C4E8000D6F8009014F042FB3368C9F825
S214030ED00C00DB688BB1EFF757FA90F82900D6F8C9
S214030EE0009000EB8000C00014F032FB3368C9F8B2
S214030EF010001A691AB9FFF79BFF1A201CE02A682C
S214030F005A606A689A604FF0000954F82950ADB9E0
S214030F10EFF73AFA90F829304B4528D3DFF858B064
S214030F20DFF85890043C4FF0280A54F8040F40B9F1
S214030F303368C3E905871D60BDE8F88F09F1010929
S214030F40E3E743685946484698470028EDD1336897
S214030F5020681B696A1C0AFB053500F1280350F854
S214030F60041B45F8041B9842F9D11546DDE72120FA
S214030F70E2E700BFC8110020F10B0300310B0300AA
S214030F8010B5064C0144FF23884202D1D843C0B2B1
S214030F9010BD10F8012B5340E35CF5E7102A05005B
S214030FA0F7B5002504460079CDE90055FFF766FD41
S214030FB0064694F835002B46012598420BDB02A91A
S214030FC001EBE30103F0070211F8087C05FA02F2CD
S214030FD03A4301F8082C0133402BEED1082204F1E2
S214030FE0390168461BF069FB054690B973789B0781
S214030FF011D5606C94F8386019F0FCFD86420AD06F
S214031000264656F8440F19F0EDFC304611F0EAF97F
S214031010656403B0F0BD94F834102046FFF790FEE5
S21403102005460028F5D194F834302363204619F09A
S214031030E5FC054B616C1B6820685B68656403B060
S214031040BDE8F040184700BFC81100202DE9F04F57
S21403105090F8483087B00446002B00F08C80D0F818
S2140310609830002B40F087800079FFF707FD437820
S214031070DA0740F18F8094F8626094F86030B342E8
S21403108079D043881F1F002E78D13D464FF0040BBE
S2140310903746606E11F04EFBC31BAB42A8BF2B4610
S2140310A01FFA83F81BFA83F3824698B217F09EFC66
S2140310B01FFA8BF9054600285DD083790C3300EBC5
S2140310C0030B002E61D194F86020606E013A920003
S2140310D0EA54CAF307238BF801308BF802A019F001
S2140310E089FD8BF8030014F058FA064664208A46F6
S2140310F014F065FAD4E9162330184AEB01011343BA
S214031100C4E90A010CD114F048FA064647F23050F7
S2140311108A4614F054FA30184AEB0101C4E9160162
S214031120BBB2616ECDF800904246284617F0B3FC7A
S214031130B4F862300133A4F8623094F85010207982
S21403114003910595FFF79AFCA36803990133A360FF
S21403115004F19803CDE900432A468669124B2068BA
S214031160B04740B1A3680598013BA36019F03AFC69
S21403117005A811F037F907B0BDE8F08F5D1E731EA2
S21403118005FB03774FF0010B83E7B60046F0020634
S214031190C654C5E713F00403656ECED163662046D6
S2140311A019F03CFCC9E700BFA90A03002DE9F04F7C
S2140311B085B014F0F2F9DFF8EC9006460F460024EB
S2140311C02825D9F800301A68A24210D8344DDFF823
S2140311D0D8B04FF000084FF0030AEFF7D5F890F8B1
S2140311E0283043450BD8284605B0BDE8F08F1B6969
S2140311F005FB04335B6A03B198470134E1E7D9F88A
S2140312000030DB6853F82840B4B162799AB1022AF9
S2140312102CD0D4E908138E4277EB030324D30122A0
S2140312202068114619F0BFFC05E0D4E90A138E4284
S21403123077EB0303F4D2322508F10108CDE7D4E9AE
S2140312400A23964277EB0303F5D32079FFF716FCC0
S2140312504378DB07EFD5A368002BECD1A4F8623004
S2140312602046FFF7F3FEE6E7012ADED094F848307F
S214031270002BE0D0D4E9162352EA0301DFD09642CE
S21403128077EB0303DBD320468DF804A019F0C6FBE7
S214031290637901A95BF8233020469847CBE700BF64
S2140312A0FFFFE703C8110020102B050010B590F8C8
S2140312B048300446A3B190F850308B4210D1094B06
S2140312C01B689B690BB100219847204619F0A6FBC3
S2140312D094F8483023B12046BDE81040FFF7B6BE69
S2140312E010BD00BFC811002070B5044600790D4636
S2140312F0FFF7C4FB60B32B78013B052B28D8DFE848
S21403130003F003100327272820462668FFF728FC48
S214031310194B6A681B6830469B68BDE8704000211D
S214031320184743785B070AD5204619F077FB94F8ED
S2140313304830B3B12046BDE87040FFF787BE94F847
S214031340483073B1B4F8622094F860309A42F1D111
S21403135070BD29792046FFF7A9FF94F84830002B83
S214031360F6D1A368002BF3D194F8A02020680121BE
S214031370BDE8704019F017BCC81100202DE9FF47DF
S214031380044600790D46FFF779FB814600284CD0CA
S2140313902B78013B062B48D8DFE813F00700E00064
S2140313A007001A006E00C000C70026680122114617
S2140313B0304619F0F8FB2046FFF7D2FB764B6A68F7
S2140313C01B689B680021304604B0BDE8F047184709
S2140313D0D5F808A095F80480504611F0ABF9216BB8
S2140313E0002985B208DB414506D1C9B2204604B0C0
S2140313F0BDE8F047FFF7A4BC00230422514603A828
S21403140010F0E6FF9DF80D209DF80E3013430CD028
S2140314109DF80C309B0803D0B9F80230AB4204D1D8
S214031420666C2EB12046FFF7BBFD04B0BDE8F0871F
S214031430BDF80D707FBAB8B217F0D8FA606400280A
S214031440F3D09DF80C3084F834809B0884F835304C
S2140314502A1F9DF80F3084F83830E7860423009659
S21403146092B2514617F017FB0123C4F83960C4F84B
S2140314703D6084F83930D5E7D5F808802E7998F89A
S2140314800650404611F056F9216B0029844601DBCD
S214031490B142AAD0606C0028C7D094F83430B34267
S2140314A0C3D14544297B8908BFD094F83530994287
S2140314B0BBD81FFA8CF203D2B9F802309342B4D1E8
S2140314C004EBD10601F0070796F839303B41DD07F8
S2140314D01ED4B9F8023001395D1E15FB01F5043B35
S2140314E02B441FFA8CFCE58E99B21CFA83F3013B5E
S2140314F09D429ADB013A0091012392B2414617F0CE
S214031500CAFA0123BB4096F839701F4386F8397030
S214031510204604B0BDE8F047FFF742BD29792046D0
S21403152004B0BDE8F047FFF7C1BEAE68304611F021
S21403153001F900210546304610F0B0FF606400282C
S2140315403FF473AF0023C4F8393084F83530C4F859
S2140315503D300123E58684F83930D9E743785B07C5
S2140315600DD5204619F05AFA94F84830002B3FF46C
S2140315705CAF204604B0BDE8F047FFF767BD94F8BC
S2140315804830002B3FF451AFB4F8622094F8603033
S2140315909A423FF44AAFECE7C81100202DE9F7431F
S2140315A081468846684608210A9D16461F4616F059
S2140315B08AFE0446B0BB01462A4638461BF0B5F8F9
S2140315C0B9F1000F16D0B8F1030F16D9B8F1040F0E
S2140315D02FD1194D6B46002124208E4222D913F8B1
S2140315E0012BB2FBF0FC00FB1C22D2B2AA5C7A549D
S2140315F00131F2E7B8F1020F18D8104B0099013EFB
S21403160053F82620B1FBF2F302FB13127B19110EDB
S21403161003F8041C110C03F8031C110A03F8021C3C
S21403162003F8012C204603B0BDE8F083B8F1030F9E
S214031630CEE72124F6E700BF4C2B0500702B0500F0
S214031640014B1B681B691847DC11002037B504469D
S214031650002013460A460146019011F0B0F80146F1
S2140316600190B0B10C4B1B682046DB6898470446D4
S21403167020B1019D2DB901A810F0B4FE204603B099
S21403168030BD05F10C00452200211BF04EF82D68F5
S214031690F0E71A24F2E700BFDC11002070B404461A
S2140316A008461146104A136874B104F11C0554F831
S2140316B0046B43F8046BAC42F9D113681C6800232F
S2140316C0A4461A4670BC6047084C1C60084C5C6015
S2140316D0084C9C60084CDC60084C1C61084C5C6140
S2140316E0084C9C61E9E700BFDC110020AD0E030047
S2140316F065AA0400F7AA040031AC0400A7AB0400F3
S214031700310E03006BAB040010B5074C23684BB1D6
S2140317105B6903B1984720681C22BDE8104000218E
S2140317201BF003B810BD00BFDC11002070B50B4DD5
S21403173006460FCD8AB001AC0FC40FCD0FC406F01A
S2140317407F0008282B6823609BBF0AAB03EB80004F
S2140317504FF4A26050F8240C0AB070BD282B050085
S214031760024B18780230C0B2704700BF5E130020E9
S2140317702DE9F04F14469B46C36B89B007465B6959
S21403178060680E46012204A99847FB6B01225B6939
S21403179005A93046984704A81AF020F9054648B12B
S2140317A000254FF0FF33A5756575A360284609B07D
S2140317B0BDE8F08F05A81AF01EF90123A375237E52
S2140317C004EBC303DE611D846368B3420ED120605D
S2140317D005A81AF032F94FF0FF332075A360237D76
S2140317E0043B022B25D80023A375DFE72368834237
S2140317F018BFA57505A81AF020F9237D83421CBFE0
S2140318000023A37505A81AF0FAF8804604A81AF070
S214031810F6F880451CBF0023A37505A81AF0F7F851
S214031820804604A81AF0F3F880451CBF0023A3756E
S214031830D5E705A81AF0E3F878B1FB6B02225B69DB
S21403184006A93046984706A81AF0E8F8237D032B26
S2140318505ED8DFE803F05D5D040905A8F4E7227EA1
S21403186004EBC202CC211184184601F0F7F9129B4F
S214031870187094F8188005A81AF0B5F804EBC80891
S21403188088F82200237E04EBC30305A8B3F8209050
S21403189093F822801AF0B3F8039005A81AF0B7F865
S2140318A0039B8246002B38D0FB6B02225B6906A99A
S2140318B03046984706A81AF076F86075637D002BC5
S2140318C02FD10023A375A27D12B123694B44236154
S2140318D03449237E097899425ED901332376BBF1D6
S2140318E0000F5BD0002A59D0E37D002B56D0002D85
S2140318F054D1B8F1030F51D0A1684B1C4ED0129BA4
S2140319000093224601233846FFF732FFA07545E0D1
S214031910227E04EBC2021084A6E705A81AF02EF86E
S214031920CBE7A27D002ACED0B9F1000F0CD1B8F1D7
S214031930000F1DD0617E0123E37519BB984529D19D
S21403194084F819800D4615E07B6C06EB0A005942B5
S21403195086EA000C1CEA010F1CBF0021A175591E64
S21403196001405B1A9945ACD8A37D002BDFD1AAE7CB
S214031970E37DABB94B4652463146384619F0E1FD96
S214031980A060A0E7B8F1010F0AD0B8F1030FF1D1B8
S214031990A376EFE71546EDE70023A375A57D05E7D8
S2140319A0154690E7800D05002DE9F04F2DED028BCF
S2140319B08BB00E46044600254FF0FF31104698467E
S2140319C017468DF8135001F033F9C6F313039E42FE
S2140319D0019340F08F80314605AA04F1080019F000
S2140319E0B2FF451C014600F08780384601F020F917
S2140319F00DF1130301223946204619F01CFE002878
S214031A007AD09DF8133088F80030002078E0E56A35
S214031A10681C37D1616A204619F0D9FC0546B31C09
S214031A2018BF012308EE103ADFF8E890636A626C89
S214031A300293236802FB053AE36B05A95B6905225B
S214031A405046984705A81AF082F81AF0A5F85046AB
S214031A501AF0ADF84FF0000B824601464A1C05D03B
S214031A60636C81EA0A025B42134211D02946204680
S214031A7019F0ADFC029BAB422DD0BBF1000F2DD16C
S214031A800546D3E720682D1A606CB5FBF0F5C6E76C
S214031A90484601F0CDF80DF1130318EE102A494617
S214031AA0204619F0C8FD034690B1B11C03D0D9F8FF
S214031AB00020B2420CD10393144B9DF8132088F8F0
S214031AC0002049461A6838461AF007FE039B9B46D1
S214031AD0D9F80810C2E7BBF1000F10D0019B9E4255
S214031AE093D198F800307A68314604F1080000F084
S214031AF0DFFF8AE7B31C8AD0237C002B87D10448F8
S214031B000BB0BDEC028BBDE8F08F00BF840D050063
S214031B100BE000F03C2500202DE9F3410E461A4D5C
S214031B20816A044617469846E36A8B4201D04B1CEB
S214031B3002D102B0BDE8F081284601F079F80DF134
S214031B40070301222946204619F075FD38B19DF892
S214031B500720434629462046B8470028E9D0A96807
S214031B604A1C04D16968204619F0BEFC0146012EC2
S214031B70DAD16B6881EA0302636C5B421A4218BFD0
S214031B804FF0FF31D0E700BF682500202DE9F04174
S214031B90036B07689046826B9A4288BF8363426CE6
S214031BA0436A02FB0377C36B90B05B690E4605225C
S214031BB001A904463846984701A819F0C8FF01282A
S214031BC00146307057D0656CE26B2368606AD2F8C2
S214031BD014C005FB0030052206A9E04706A819F045
S214031BE0B6FF01284FF0000523D0D4E90A320121BD
S214031BF09342CDE90B458DF834800E958DF83C1055
S214031C002AD11946204619F06FFC236B626CE062FA
S214031C1014339B1A23630C9B53B99DF83C303BB19A
S214031C20626A616C2368E06B01FB023119F047FFBF
S214031C300C9DE36B05225B6901A93846984701A80A
S214031C4019F085FF3070236BA26B28469A4288BF33
S214031C50A36310B0BDE8F081237C33B91C490BAAFB
S214031C6004F1080000F076FFD5E71A4A0BAB2046CE
S214031C70FFF752FFCFE7237C23BB1749224604F125
S214031C80080000F067FF616A204619F0C1FB616A2D
S214031C90421C204619F08AFB054620B9236B626C6A
S214031CA01344143B2363A16A204619F01DFC2368E2
S214031CB0A062C31A606CB3FBF0F32046636219F0AC
S214031CC056FCB6E7054A00232046FFF725FFDAE76A
S214031CD0A12303001D23030089B604005BB604009A
S214031CE02DE9F04F89B01646534A9B469DF8483077
S214031CF0009313695B4580460D46C0F09780D2F883
S214031D0004A0D946B9F1000F00F08C80D8F83C3017
S214031D1001225B6905A95046984705A819F06BFE92
S214031D20454B1B68984240F0848005A819F06FFE67
S214031D300428074614D105A819F070FE009B044634
S214031D400AEB0700002B3ED1A64212D9361B1C46CF
S214031D505146404619F0C8FBA9EB04098246D1E771
S214031D60D8F83C3002225B6906A95046984706A875
S214031D70E2E7A41B5C4528BF5C46032C00EB060782
S214031D80ABEB040B1DD9D8F83C3029465B693846C3
S214031D90A208984724F0030304F003061F441D44D7
S214031DA0002ED5D0D8F83C3001225B6906A9384608
S214031DB098473246284606A935441AF08EFC002674
S214031DC0C6E72646ECE704F0030301932B190293B8
S214031DD0031927460393029BDD1B039BD81B019B1A
S214031DE09F420FD1002FB3D0D8F83C30012206A96A
S214031DF05B6998473A4606A928461AF05EFC78B906
S214031E003D44A5E7D8F83C30012206A95B6998470C
S214031E10042206A928461AF050FC08B9043FDAE75C
S214031E20DFF81890484609B0BDE8F08FDFF8109049
S214031E30F8E7DFF81090F5E7E424002012E000F05E
S214031E4011E000F022E000F02DE9F04F2DED028BBB
S214031E5097B00F460C920A69416C0A931439D31D46
S214031E60B3FBF1F3013302EBC303026B9A4204465E
S214031E70C0F0E7810023099307F120030F93E36A79
S214031E809B480493194600F0D3FED7E9033606931E
S214031E900A9B022B0AD1CC2E40F06D810C9B002BA3
S214031EA04BD03946204619F059FC12900C9B656CB2
S214031EB0782E94BFF87D0120002B42D100F001005C
S214031EC0002814BF08230423782E0D930AD8049AF7
S214031ED06B1E1340ED1A331D9D423CD2002E3FD09D
S214031EE0082D41D90123002505934FF0080ADFF892
S214031EF000823B6805990A98C8F80030C8F8106055
S214031F0019F09FFD4FEA9A0308EE103ADDF8109099
S214031F1088F81400002307930B9303930893616CCC
S214031F204B1E09EA03028B1A16B35544AB4221D85B
S214031F30236B5B1A1344236388E0069B1B68129388
S214031F40B4E7E36B78685B69012214A9984714A881
S214031F5019F055FDB4E7002505954FF0040AC6E7CA
S214031F6004250596AA46C2E7002304250593F9E748
S214031F705345DDD3A3EB0A039E42B04628BF9846DB
S214031F809E4209EB0A0B75D9594B196901228E42F9
S214031F90DA7575D1C3F804900392554BDA7D002A9F
S214031FA070D0197E0398CA1C03EBC2020131C2F833
S214031FB00490A2F8088090721976B8F1000F14D036
S214031FC00A9B022B61D1079B7BB90B9B4344032BD4
S214031FD00BD9E36B01229B6912A95846984705461D
S214031FE0002840F03E8101230793039B0193404A58
S214031FF0059B0093127D3968434614A800F0CCFD78
S214032000E36B18EE102A9B6914A948469847051EE9
S214032010099B18BF4B4609934346524649462046FA
S21403202019F08FFA324B9860236B08F10302A3EB87
S2140320300A0322F003029B1A2363002D40F011814A
S2140320400B9B4344A6EB08060B93D946494620460A
S21403205019F04AFA00258146002E7FF460AF244A21
S21403206039689368E36252680A9B04F1080000F03B
S2140320701FFDDDE0039B002B18BF032303938CE7B0
S2140320800223FBE7C3F8049097E70C9B002B31D1A0
S214032090B8F1030F28D9E36B06999B694FEA9802B8
S2140320A0584698470546B8B918F0030514D0069A5B
S2140320B028F00303D1185B444FF0FF32139213A8A2
S2140320C02A460E931AF009FBE26B0E9B956913A939
S2140320D001221846A8470546069B43440693002D4F
S2140320E083D0CDF824B097E706995B464546E3E7E9
S2140320F03C2500205B46FA7D7868AAB197F818E07D
S214032100089A0021CDB2AE4512D90F9D0E9135F82F
S21403211031C0944501F1010126D90E9907EBC1059B
S2140321200D99E8690A4402E00D9A08990A44104496
S214032130E26B0E93556913A90122A847089B139ACD
S21403214011920433E26B08930E9B9569184601229D
S21403215011A9A8470E9B0BEB0802D21A042A0546C0
S21403216005D930B90433C6E7A2EB0C02CAE79B468F
S214032170B5E79B46B5E73C4EDFF8F4A004F1080B41
S2140321802368606C049AA2EB0309B9FBF0F900FB21
S214032190093019F00CFDE16A8046204619F0A4F9CF
S2140321A0A36A83424FD0626CDAF808302568E0628F
S2140321B0511E1940236B9B1A0B442363099B5D1B1B
S2140321C0B5FBF2F5A94539D1049BB3EB080913D047
S2140321D0E36B4FEA99029B6941469847E36A049A80
S2140321E003904B44E362236B9B1A43442363584692
S2140321F019F07BFB039A91462368616CE06B01FB45
S214032200053119F049FC204619F0B1F8204619F0BB
S214032210AEF92063B9F1000F15D03A69616CD31D8E
S2140322201439B3FBF1F3013302EBC3039842A7D28D
S214032230304617B0BDEC028BBDE8F08F4FF00009B7
S214032240DAE70A4EF4E73A69616CD31D1439B3FB37
S214032250F1F3013302EBC303226B9A42BFF40FAED2
S214032260E6E72E4688E700BF23E000F006E000F02E
S2140322703C2500202DE9F7431E4643699DF8289028
S214032280B3420446884617463CD300258DF80750CC
S214032290204619F037F8236B83420AD2236AB5EB3C
S2140322A0430F06D200220DF107012046FFF76EFC0E
S2140322B030B39DF80730012B05D100220DF107013D
S2140322C02046FFF763FCB9F1030F06D031462046DC
S2140322D019F003F8236B834218D30D4D4FF0FF31EB
S2140322E0284600F0A5FC4B46002229462046C5E9B1
S2140322F00376C5F8008003B0BDE8F043FFF7A4BD3E
S2140323000135C5E7034803B0BDE8F0830248FAE7A2
S214032310102500200FE000F006E000F0032A2DE968
S214032320F34106460D4617461C4606D1237A012B73
S21403233023D0012002B0BDE8F081DFF86080096891
S2140323400DF107034246FFF72FFB60600028EDD12F
S2140323509DF80730032BE9D0D8F804206B689A421F
S214032360E4D1237A2969D4F80CC0012B07D172690A
S2140323700CEB0103934202D92074207CDAE7083180
S2140323806144E1603B46012229463046FFF75CFD87
S21403239060600028CAD00020CCE700BF10250020CC
S2140323A02DE9F743032A0A9C904606D1237A012B8C
S2140323B023D0012003B0BDE8F0832668DFF88C90B5
S2140323C00DF107034A463046FFF7EEFA6060002831
S2140323D0ECD12568D9F80470A96A6A6C4F40534259
S2140323E01F40E3D1237A012B09D1E068D9F81030D6
S2140323F003447069834202D92774207CDAE728688D
S214032400EB6A1B1A081AB3FBF2F3B0FBF2F0834233
S2140324100BD1706CF36A421E1340326B121A1344CC
S2140324203363284619F060F8E862D9F81020E368A9
S2140324300649206808321344E36001224346FFF747
S21403244003FD60600028B1D00020B3E7102500200C
S2140324502DE9F04F4FF0FF334FF6FF72002500F1E2
S2140324600806C0E9092387B00446C362056205630C
S2140324703046884619F039FA204618F078FF68BBCC
S2140324802046414618F0F3FF204618F070FF68BB5D
S2140324908A4D204619F09DF8D0E02368E26B606C05
S2140324A0576901A9052200FB0530B84701A819F0B2
S2140324B04EFB012807460CD12946204618F0A8FFF4
S2140324C0012F024600D101322946204618F06EFF3E
S2140324D003E019F066FB0028EED10135E3699D425F
S2140324E0DBD3204618F043FF0028C9D000254FF65B
S2140324F0FF73C4E908534FF0FF39CA46A846E36999
S21403250098450AD3A5EB0905012D2DD8636A4FF626
S214032510FF7293423DD16A4DBBE72368E26B606C62
S214032520576901A9052200FB0830B84701A819F02E
S2140325300EFB834601A819F0E1FA0746584619F040
S2140325402BFB70B15745236A38BFC4F82480B945BE
S21403255003F1010328BFB946BD42236238BF3D4697
S214032560BA4608F10108CAE74FF6FF73636200250F
S214032570E3699D42CAD2676C2068E36B05225B69F8
S21403258001A907FB0500984701A819F0B7FA01351A
S214032590EEE7E26B676C2068556901A9052207FB25
S2140325A00300A84701A819F0A9FA626A2368606CB9
S2140325B0444D00FB023019F0FAFA4FF0FF33A062E5
S2140325C0E3622A460DF103036FF001012046FFF78D
S2140325D0EBF9002836D1AD68E5622946204618F0A7
S2140325E0A1FE206320B9E16A204618F07DFFE06271
S2140325F02946204618F078FF0546A36A9D4223D154
S2140326006369656C2046A5F11402DD1CB5FBF2F583
S21403261003EBC5050335B5FBF2F518F0DAFF023513
S214032620A84280463ED2616A204618F0D0FE0027B4
S214032630064604F1400AAF4218D3234D284607B096
S214032640BDE8F08FA56AC7E72946204618F06AFE5C
S214032650236B0344294607462363204618F044FFAA
S2140326600546002FC9D1C4E90B07C6E7474512D371
S214032670626C236802FB0639E36B05225B6901A9DA
S2140326804846984701A819F039FA53460246494680
S214032690E06B19F08EFA3146204618F098FE0137A3
S2140326A00646C8E7304619F020F90023074A1946BC
S2140326B02046FFF731FA0025EBE600BF03E000F003
S2140326C016E000F01025002013E000F025B6040005
S2140326D0614B2DE9F0410025D3F800801D600E46BE
S2140326E0044618B95D4D2846BDE8F08190F834706D
S2140326F007B30A6803689A4240F0A3804A684368AF
S2140327009A4240F09E808A6883689A4240F0998095
S214032710CA68C3689A4240F094800A6943699A4239
S21403272040F08F808A69C36B9A4240F08A804B6977
S2140327308361D8E750223946856B19F0F6FF336874
S214032740236073686360336963617369A36104F12B
S2140327500800D6E90212A56319F0D9F8B369E36352
S21403276004F140009B68984720B9676C17B163680B
S214032770B3FBF7F794F84330E761002BB2D0656CF0
S214032780002D66D0002F64D02368B3FBF5F205FB5B
S2140327901233002B57D16668B6FBF5F305FB1363BC
S2140327A0002B50D1204618F0ADFDA3690433034433
S2140327B09E424AD3636940F63472CC3B934246D872
S2140327C0B5F5007F45D30321204618F0C4FDE36B1F
S2140327D0D4E900011B689847E36B0546DB680220D3
S2140327E09847DDB941462046FFF732FE1C4B984218
S2140327F0054604D141462046FFF72AFE05466DB935
S214032800636C266A143B20465E4318F07BFDA3697F
S214032810144A043303449E4238BF1546002D0CBFAA
S2140328200123002384F8343007D10F4A1368D4E910
S21403283000010133136008F040FFE06B18F032FF2D
S21403284051E70A4D4FE70A4D4DE7064D4BE7094D55
S21403285049E7094D47E700BFB02F002009E000F025
S21403286013E000F002E000F0B42F002008E000F0D0
S21403287001E000F005E000F004E000F02DE9FF4180
S2140328800E4690461F460546A0B390F834309BB3D9
S214032890C1F31303994231D1194C022118F05BFDA1
S2140328A00DF10F03224631462846FFF77DF878B12F
S2140328B00123009342463B4631462846FFF7DAFC9F
S2140328C00446E86B18F0EEFE204604B0BDE8F0813F
S2140328D09DF80F30012BEBD12269BA42E8D1009361
S2140328E002463B4641462846FFF7FAF904460028C7
S2140328F0DED1E6E7034CE7E7034CE5E7034CE3E703
S214032900E424002009E000F007E000F00AE000F00D
S2140329102DE9FF410C4616461F46054690B390F830
S21403292034308BB3C1F3130399422FD1DFF8788089
S214032930012118F010FD21460DF10F0342462846EB
S214032940FFF732F8044670B99DF80F30012B11D10A
S214032950D8F81030BB4213D10090024631462846C1
S214032960FFF7BEF90446E86B18F09CFE204604B059
S214032970BDE8F081064C0748022B18BF0446F2E771
S214032980054CF0E7054CF1E7054CEFE7054CEDE7A2
S2140329900CE000F00BE000F011E000F009E000F0BE
S2140329A007E000F00AE000F0E42400202DE9F341FC
S2140329B01E4600230C4617463360054658B390F868
S2140329C0343053B3C1F31303994228D1DFF864803C
S2140329D0012118F0C0FC21460DF1070342462846A4
S2140329E0FEF7E2FF0446A0B99DF80730032B10D08C
S2140329F0022B07BF01233B60D8F81030386008BFAE
S214032A0004233360E86B18F04DFE204602B0BDE8A1
S214032A10F081044CF6E7044CF7E7044CF5E7044C66
S214032A20F3E700BF0BE000F009E000F007E000F07A
S214032A300AE000F0E424002030B50C4685B00546D5
S214032A4030B390F834302BB3C1F31303994223D138
S214032A50022118F080FC114A0DF10F032146284687
S214032A60FEF7A2FF90B99DF80F30032B0ED0032379
S214032A7000930246034621462846FFF7FBFB04461F
S214032A80E86B18F00FFE204605B030BD044CF7E7A0
S214032A90044CF8E7044CF6E7044CF4E7E42400207F
S214032AA00BE000F009E000F007E000F00AE000F0B9
S214032AB02DE9F0434668002E47D0056898464FF048
S214032AC0000CA946AE4655F83C40C4F31307013440
S214032AD00CF1010C01D0B94218D0B4450EF1080E22
S214032AE0F1D12F46002403E0B44207F1080713D0C0
S214032AF055F83430013304F10104F5D1C1F3130161
S214032B0041EA0851C7E90012BDE8F08341EA0851DB
S214032B10CEE90012BDE8F083B8F1030F15D0002309
S214032B2003E0B34209F108090FD055F83340C4F364
S214032B300754032C03F10103F3D1C1F3130343EA50
S214032B400853C9E90032BDE8F08301230372BDE8E8
S214032B50F08300BF2DE9F043476883B0CFB1064644
S214032B60884691460024336853F83450C5F3075219
S214032B70C5F31301013503EBC403304604F1010426
S214032B8005D05B68CDF80090C04710B17768BC42AB
S214032B90E9D303B0BDE8F08337B5044600208DF8CB
S214032BA0070022489DF8185000EAC111012A23F0B5
S214032BB07C40606007D9901E012810D9073303F0C4
S214032BC07F030B4309E09DF81C00C00600F0C050CD
S214032BD042EA0103034343F06043236001E00A43F0
S214032BE02260A5B1202221460DF1070018F036FF1A
S214032BF01A220DF10700211D18F030FF63689DF8B7
S214032C00072043EA82636360082003B030BD1B22BB
S214032C100DF10700214618F021FF23689DF80720D1
S214032C2043EAC26323600420EFE700BF80FFFF0789
S214032C3038B5094B04461A680D46002119F075FD90
S214032C4000234FF0FF32C4E900252361A260E3822C
S214032C502383A37638BD00BF840D050006289ABFDC
S214032C60014B185C01207047902B05002DE9F041BD
S214032C700E46596888B007461546490A00240129B6
S214032C8022464FEA510104F10104F8D8DC7899781A
S214032C901B882403C90201F4006104F480540C4326
S214032CA0C3F30A032344540304F460441C44294B2B
S214032CB003934FF0000825F0784302A90DF10700AF
S214032CC01B2202938DF8078018F0C8FE9DF8072094
S214032CD0029B8DF80780ED4343EAC26302A90DF118
S214032CE0070025F078451B220493029518F0B6FEDC
S214032CF09DF80720029B6FEA044443EAC2630593E8
S214032D006FEA14444FF0FF3306930794BB6907A991
S214032D10012206F110009847BB6905A90446012263
S214032D2006F108009847BB69404518BF044604A946
S214032D300122301D9847BB69404518BF044601224F
S214032D4003A930469847404508BF204608B0BDE86B
S214032D50F08100BF01009AB21046044A1368591E58
S214032D60033102D80021116018477047EC11002088
S214032D70034B1868034B002808BF1846704700BF6C
S214032D80BC2F0020C02B0500014819F070B800BF07
S214032D90C02F0020014819F07DB800BFC02F0020C7
S214032DA00148002119F098B8C02F002013B50A4C2B
S214032DB00229226005D1094819F059F8002002B00B
S214032DC010BD00930A46064B0146044819F032F834
S214032DD0002818BF0220F2E7EC110020C02F0020C5
S214032DE0592D030008B5064B1B68013305D0FFF7C2
S214032DF0D1FF80F00100C0B208BD0020FCE700BF91
S214032E00EC110020F8B50D4610B900242046F8BD95
S214032E100E4F3E68002EF8D100F0A0F804460028B6
S214032E20F3D0386000F0E6F8204618F00DFF38B10E
S214032E3030463E6000F0DEF8204618F000FFE4E778
S214032E40002DE3D02046A847E0E700BFB82F0020B8
S214032E50024B1868003818BF01207047B82F0020AF
S214032E6070B50C46054619F04FFBA3780A4A137053
S214032E705A1E56425641B04205D0012B05D0314664
S214032E80284605F0F3FA002004E0204605F0C0FAD1
S214032E900028F4D070BD00BF723B0020024B002117
S214032EA05B680846184700BF0012002010B50446AA
S214032EB0FFF75EFF0B4B1B1A58425841A04209D03E
S214032EC0094B1B6843B9094A064B002C08BF134637
S214032ED0074A1360012010BD19F022FA0028F2D029
S214032EE00020F8E7982B0500B82F0020C02B05001C
S214032EF0BC2F002010B519F00BFB044618B9034B82
S214032F0001215B689847204610BD00BF00120020D1
S214032F1010B519F006FB20B9024BBDE810401B683C
S214032F20184710BD0012002010B518F0F3FE20B9A4
S214032F30024BBDE810401B68184710BD0012002066
S214032F40431E033306D8044B984228BF184664280A
S214032F5038BF6420704700BF40420F00F8B50546EF
S214032F6008F0B7FB0E4B1E68074626B9384608F02E
S214032F70B4FB344610E0B46884B1237C9C46DB077C
S214032F800CD495E80F004CF0010C84E80F0084F88D
S214032F9010C0384608F0A1FB2046F8BD3668E4E7C3
S214032FA0F011002038B505460C4641B10B6833B125
S214032FB01B68013303D0CB680BB18B684BB919F090
S214032FC0BCF8BDE838404FF486724121002000F07B
S214032FD03DBA084601F0D0F8044A00231360044AB9
S214032FE085F8DC30C5E92343136038BDDC2F0020A9
S214032FF0E02F002010B5044618B9054B054A1360A8
S21403300010BD04F037FBD4F89830002BF6D1F4E764
S21403301027BC0400F4110020014B1868704700BF5A
S214033020DC2F002010B50C4604F064FB054B002192
S2140330305B68032098471CB105F0CCFB0128FBD145
S21403304010BD00BF0012002008B502460868FFF74F
S21403305077FF08604868FFF773FF48608868FFF7E4
S2140330606FFF8860C868FFF76BFF0B69C860581C62
S21403307003D00B48834228BF03460B614B69581C99
S21403308003D00748834228BF034688694B61FFF78E
S21403309057FFBDE808408861104605F043B900BFF6
S2140330A040420F002DE9F84FD0F8903007460E4601
S2140330B013B1038B8B4244D0D7F88CB0BBF1000F0F
S2140330C042D0DBF80830002B3ED0DBF80C20002A79
S2140330D03AD0D7F8A0A0BAF1000F38D04FF00009C5
S2140330E04D46C84601E0DBF8083005EBC50403EBA4
S2140330F084040135E389B34214D8238AB34238469D
S21403310010D3B4F91220B7F924309342A0464EDD0B
S21403311097F8D010D9F70EFE7B7D8342814646D9B9
S214033120DBF80C209542DED3B8F1000F27D000233E
S214033130424619463846D0473E83C7F8908087F8FC
S214033140D9900020BDE8F88F0320BDE8F88FD1465C
S2140331505446514647F6FF7504EBC40803EB88084C
S214033160B8F80E30B34218D8B8F81030B34214D3B8
S214033170B8F91220AA4204D14FF0FF09DCE7012078
S214033180E0E797F8D0103846D9F7D4FD7B7D834225
S21403319081464146D0D9DBF80C200134A24202D93D
S2140331A0DBF80830D8E70029E9D08846C4E7A0460C
S2140331B0BDE700BF2DE9F04182B0D0F8A0801646E7
S2140331C09DF820208DF8072004460D461F46B8F1CB
S2140331D0000F2ED000220DF107031146C0471949F0
S2140331E0194A0D60194BD4F88C1011602046D4F898
S2140331F090201A6004F09AFD05461EB9284602B0D0
S214033200BDE8F081B0FA80F04FF4737233214009C1
S21403321000F01CF93946204604F044FF0C4BD4F862
S21403322090101B68054620469847284602B0BDE81E
S214033230F081417D90F8D930994228BF194604F0B1
S21403324049FDCCE7D82F0020DC2F0020E02F0020FC
S214033250F41100202DE9F04385B005460F461446C9
S2140332601E4605F069FA05F08DFA00283BD1DFF813
S2140332702481D8F800301BB1D5F88C2093421FD098
S21403328005F0A8FA012838D1D8F800308BB31A68AD
S2140332907AB3D5F88C1009688A4246D0D5F89030B0
S2140332A01A68284619F00BF938B9012400963346F4
S2140332B0224639462846FFF77DFF05B0BDE8F08372
S2140332C0304B1B68002BDBD0D5F890209342D7D128
S2140332D02D4B1B689F4222D005F07CFA0128E5D0CF
S2140332E04FF001090BE0274B00221A6005F042FA63
S2140332F0BDE7D5F88C301968D0E74FF000090120F8
S21403330004F0F8F9214B00215B680320984705F089
S21403331061FA0128FBD1B9F1000FB5D0C6E706B1B3
S21403332074B9002005B0BDE8F083164A1268D2B11E
S2140333301168D5F8902012689142B6D05968B0E764
S214033340D5F8A04001228DF80F2084B100220DF19C
S2140333500F0311462846A0470D4BD5F890101B685F
S21403336028469847DDE7D5F890201268E6E7697D9A
S21403337095F8D930994228BF1946284604F0AAFC86
S214033380EAE700BFE02F0020D82F0020001200201D
S214033390F4110020DC2F0020F8B505460E4608F091
S2140333A098F9314607462846FFF77CFE044620B1C7
S2140333B0384608F092F92046F8BD034602463146E1
S2140333C02846FFF747FF04460028F1D16B7CDB074E
S2140333D0EED5284619F038F90028E9D02246E97DCB
S2140333E0284619F0ABF80446E2E700BF13B50446D7
S2140333F0694618F0D9FC204618F0EFFFFF2802466E
S21403340006D09DF800102046D9F70CFD02B010BD7B
S2140334100048FBE70080FFFF07B54FF400730A4937
S214033420ADF806300DF1060218F0DBFCBDF80630E9
S214033430B3F5007F05D1022808BF002003B05DF86E
S21403344004FB0120FAE700BF733B002008B550B920
S2140334500548064B01601A60054B1A68054B1A604F
S2140334601868E4F7FDFA08BDF8110020E42F0020E1
S214033470B82F0020E82F0020054B1B680BB9184611
S2140334807047834201D01B69F8E70120704700BFED
S214033490EC2F0020094A13680BB91846704783427D
S2140334A007D11B691360064A1368013B13600120AA
S2140334B0704703F110021B69EEE700BFEC2F0020F4
S2140334C0F02F00202DE9F84FDFF83481DFF8349130
S2140334D02DED028B054608F003F998F8007008EE08
S2140334E0100A01233FB189F80030BDEC028BBDE81A
S2140334F0F84F08F0FBB8404E88F8003089F80070A3
S21403350018F039FD08B118F034FD34683B495CB94E
S214033510DFF8F4A0A346DAF8002033685A4533D818
S21403352036484FF0FF3143E0637D8BB12368AB42EF
S21403353002D05A1B8A420BD9626813442360A368DD
S214033540003A18BF0122003B18BF01236275A3751A
S2140335502469DCE792F816C0BCF1000F05D092F898
S21403356014C08C459CBF614610461269002AF1D1EF
S2140335700028D5D0D0E9011C03688275591AC268A1
S214033580E0470BF1010BC6E700201A46FF21EDE7E3
S2140335905A7D62B11A68AA4207D0521B824204D8E7
S2140335A0914204D311461C4601E01C4600211B69C8
S2140335B0002BEDD15CB12046FFF76CFF38B13368C2
S2140335C02361DAF8003034600133CAF80030336818
S2140335D05C7D1CB1186800F0D9F8044618F0C7FCE7
S2140335E00546002C8AD199F80030002B86D118EEB8
S2140335F0100A88F8004078E7EC2F0020FCFFFFBF96
S214033600733D0020743D0020F02F002038B505469A
S21403361008B31822002119F088F808F061F802466A
S2140336202846FFF729FF20B1104608F05FF802206E
S21403363038BD0A4B1C6854B909491D600B682C61D8
S214033640013310460B6008F051F82046F0E704F10A
S21403365010032469EFE70120EAE700BFEC2F002000
S214033660F02F002038B50446FFF706FF08F038F8B9
S21403367005462046FFF700FF637D23B9284608F07A
S21403368035F8032038BD00236375064B1B68A34239
S21403369003D118F06CFCFFF715FF284608F026F850
S2140336A00020EFE7EC2F00202DE9F84FDDF82890F7
S2140336B0DDF830B0984604460D46FFF7DDFE924629
S2140336C008F00EF8074618F052FC06462046FFF7A9
S2140336D0D3FE637D23B12046FFF7C4FF0023A37503
S2140336E0BAF1010F0FD155EA08030BD1B9F1000F58
S2140336F003D05A4631462046C847384607F0F6FFF9
S21403370000200AE03544B54203D00C4BAA1B9A426C
S21403371005D9384607F0EAFF0120BDE8F88F0123F4
S21403372063759DF82C30C4F80890C4E900582375D7
S214033730C4F80CB03046FFF7C5FEDEE7FCFFFFBF5C
S2140337402DE9F04106468846FFF796FE07F0C8FFC8
S2140337503768054618F00BFC737D7BB187420DD0A6
S214033760094B3C1A9C4209D8284607F0BFFFB8F11C
S214033770010F18BF3C462046BDE8F081284607F0F7
S214033780B5FF0024F7E700BFFCFFFFBF08B5002323
S2140337901946044A04F064F9032896BF024B032033
S2140337A0185C08BD39BF0400F42B05002DE9F74F5C
S2140337B01546032206460F462A70D3B15C681B4B98
S2140337C09C428CBF002401244FF000084FF0060AE9
S2140337D0174A5FFA88F310680AFB03F3C218517995
S2140337E0012908D92878C31E5842584103B0BDE8BA
S2140337F0F08F1C46E8E7A14202D008F10108E7E78C
S214033800117930F90390B2F902B0019100223046E3
S21403381018F076FB0028F0D001992970B7F900203C
S2140338204A45EADB5A45E8DC0020DFE7FFC99A3B56
S214033830FC110020014918F0A0BB00BF4589030016
S214033840014918F09ABB00BF198903001FB59DF8FC
S21403385024400394BDF820400294079C0194069CE0
S214033860009405F0DDF8044620B9044B01215B689B
S21403387008469847204604B010BD00BF001200203B
S21403388038B504460D46FFF7E3FA60B104F08AFF45
S21403389048B9012D07D8012018F073FE0D4B1B689D
S2140338A023B15B6898470C4B1C7038BD09F0F8F9D8
S2140338B00A4B1A68801A1860DCF702F8084B1B6874
S2140338C04FF47A7202FB003018F0B2FA012004F0CB
S2140338D071FFE8E7B03000205F1300202830002097
S2140338E02C300020054A0B46117831B100211170A7
S2140338F0034A18785268012110477047773D002025
S2140339000012002070B5154D032804460E4628788D
S2140339101DD020FA04F202F00102B2421CD070B1AC
S2140339200122A24020EA020206FA04F31343D8B2A5
S214033930287010B90A4B1B689847012070BD002EEB
S214033940EED0074B01201B6898472878E8E78307E3
S214033950DFD000F0FC00EBE7002070BD753D0020D3
S214033960F42F0020F8B5124F05460C4607F0B1FEBB
S2140339703B78064633B1012D04D01CB90D48DBF75E
S21403398083FE3C7021462846FFF7BCFF0A4B1B7894
S21403399004463BB93B782BB918F0B4FD10B1074B7E
S2140339A01B689847304607F098FE2046F8BD00BFD0
S2140339B0773D002008300020753D002000120020CF
S2140339C0124B0239012910B518701ED8FFF740FABA
S2140339D0D8B104F0E7FEC0B104F02AFDA8B90C4B39
S2140339E01C6834B123689847BDE81040002018F0DF
S2140339F0C8BD18F01BFA074B186009F051F9064BBF
S214033A001860204604F0D6FEEEE710BD5F130020D4
S214033A10B03000202C3000202830002013B588B1A9
S214033A2007F057FE012104460846DBF77DFA0B4AEA
S214033A300121012009F0A8F8204602B0BDE8104095
S214033A4007F04BBE019007F044FE0199044601209F
S214033A50DBF76AFA014A0199EBE700BF102C050071
S214033A602DE9F041354E84B007F033FE3378054632
S214033A7023B13348DBF708FE00284ED1DBF7A8FE58
S214033A8002AA03A918F027FD0446002835D018F02B
S214033A9037FD029B984221D1DFF8AC800020294BEA
S214033AA003991B6888F80000994222D90027C91A8F
S214033AB00124CDE900772248234B244A347009F0C9
S214033AC0A6F8002834D1224A1378D90718D42846F2
S214033AD007F003FE002004B0BDE8F08118F00EFDE9
S214033AE0029B984220D0174B174A1B68039300206B
S214033AF010700121FFF706FFE9E728463470E7E771
S214033B0098F800100029E2D103F0FE031370002B8F
S214033B10DDD1104B1B689847D9E7284607F0DDFD33
S214033B20032004B0BDE8F081DFF81C800220B6E76E
S214033B3003242846377088F80040EFE7773D0020D7
S214033B40083000203030002060130020E5380300E2
S214033B50753D0020F42F002038B5134D07F0B9FD4E
S214033B602B780446C3B9114A11491370114B124AF4
S214033B701A601248124A5A60DBF74EFA1149124885
S214033B80DBF74AFA114B124A1A60124B1B68124BA8
S214033B9002221A6001232B70AFF30080204607F041
S214033BA09CFD002038BD00BF763D0020773D0020F9
S214033BB0202C050000120020613A0300003000208C
S214033BC065390300182C0500F82F0020F42F002079
S214033BD01D3A030000300E40303000200D4BD3F862
S214033BE0E020D20314D50C494FF48032C3F8E82002
S214033BF0C1F8EC209A6BD1B2C2F3072299679A6791
S214033C0004229A6700229A679A679A679A679A675E
S214033C10704700BF001008400010084638B50B4C2C
S214033C20226060600D4607F054FD0123A36204235F
S214033C30A560C4F8E830064B4FF48072C3F88021C1
S214033C4007F04BFD0DB10223A36238BD00100840F8
S214033C5000E100E0044B1860044B40F6FF72196362
S214033C6058635A65704700BF343000200010084080
S214033C702DE9F04F042A83B005463AD90B788361C1
S214033C804B7883618B788361CB7883610068D5F842
S214033C9008B06E6800F007004FF00108063008FA17
S214033CA000F808F1FF3909EA0B07A2F1040AA8EBAA
S214033CB00702924501F1040446F000560DD8F019A8
S214033CC02146524618F009FD0AEB0B0348EA09029F
S214033CD01340AB6003B0BDE8F08F2146F0190192A4
S214033CE018F0FBFC019AA118AAEB080230463A44E6
S214033CF0E8E7013A032AEDD8DFE802F00B080502ED
S214033D0011F8013B836111F8013BAB6111F8013BEC
S214033D10AB610B78AB6103B0BDE8F08F38B5124CDE
S214033D20154670B10122C4F8B8200A4601460F486A
S214033D30FFF79EFF1DB10C4B0422C3F8B8200020EA
S214033D4038BD69B1D4F89C208A4284BF0122C4F8E6
S214033D50B820054A0223C2F89810C2F8B830E9E73B
S214033D600123C4F8B830E5E7001008409010084077
S214033D7010B507F0AEFC184B184901229A65C3F834
S214033D8088201A66164A5A660722C3F884200A80D1
S214033D90144900220A804FF4A021C3F8E81003F167
S214033DA0C0630446C3F8EC100F4B1A600F4BD3F8EE
S214033DB088305B020AD50E4B18680E4B4FF4800210
S214033DC0C3F88820416BA43001F0A8FB2046BDE869
S214033DD0104007F082BC00BF00100840A831002046
S214033DE0C0180020A63100203830002000400840CC
S214033DF0B82F0020004008440D4B07221A800D4BB5
S214033E0000221A800C4BC3F890204FF40052C3F8DC
S214033E109400C3F8B420094AF021116402F1007239
S214033E20A02111640122C3F8B820FFF7A1BF00BF89
S214033E30A8310020A63100200010084000000844E6
S214033E402DE9F0410446A0B13B4E3C4F07F041FC40
S214033E5031883B4B01F07802032C054601F07F0EB8
S214033E601A4456D1D7F800C0BCF1000F03D107F0AF
S214033E7034FC03204BE02CF00104386820F00100EA
S214033E80A0424BD100233B6023886FEA43436FEA8B
S214033E9053439442238036D12A4FDFF8BCC03B8875
S214033EA0ACF18008CC18083B9BB202F10801E01A7B
S214033EB0614528BF4146082B80B204D9B1F900E01A
S214033EC0BEF1000F35DB947812881F493B80C2F39E
S214033ED00C02C0B2CA6304F007043080C866C1F897
S214033EE08430FFF77BFE042C0DD1184BD3F88830B3
S214033EF0174B1868174B4FF48002C3F88820416BA2
S214033F00A43001F00BFB284607F0E7FB0020BDE8D2
S214033F10F081601E012898BF1446AEE70948734433
S214033F200088E31A48BF803308389842ACDC28463A
S214033F309DE70A46B7E700BFA631002038300020C9
S214033F40C0180020A8310020001008400040084098
S214033F50B82F002000400844401900200E480F4A9E
S214033F60038812880E491A44073A02F078020A4474
S214033F7008339BB2038090780A4900F007000428B0
S214033F80C1F8843004D101F540514B681B03FCD4BF
S214033F90054B1A60704700BFA8310020A6310020E9
S214033FA0C0180020001008403830002010B5054C1B
S214033FB0206828B1C30701D4FFF742FF002323601C
S214033FC010BD00BF38300020084B4FF48032C3F8D2
S214033FD0EC2003F17C43C3F8E420D3F88030C3F32A
S214033FE00C03782B01D8FFF7F9BD7047001008447F
S214033FF02DE9F84304460E4607F06BFB4F4B504D36
S2140340001A8881464F4802F07801032C078802F08D
S2140340107F03294417D14C4804688CB9D419073C4C
S21403402004F078042C442B44E31A48BF8033BB4285
S21403403010DB484607F051FB00242046BDE8F88312
S21403404024F00104EFE7012C02D0022CEBD1083F49
S2140340500C46E8E7002E42D08C4244D13B4AD2F8C5
S2140340603C803A490F6B07F00707BA1D01279740B4
S214034070D1F88020C2F30C029A4247DDB4F900302F
S2140340802588002BD5DBA378C5F30C0503F00703BF
S2140340907A1EA5EB08053A43052B337005EA02059D
S2140340A02CD82DB2E84340F22A420421C00FFFF772
S2140340B0CDF97580E37833747B1E03EA0808244B36
S2140340C01B6803EB0802B260AAB218FA85F5BD4274
S2140340D08BBFA7EB08070023B780B280F360484680
S2140340E007F0FBFAA9E7A4F10802AA4238BF04F1D5
S2140340F07802B2F80080C8F30C08B2E7154BDB6C05
S214034100002B0CBF00230823ED1ACAE78A6B12495B
S2140341107B1EA2EB08023B4313401DB24A685BB901
S214034120C2F30362032A0CBF082200223270738094
S214034130D1F890301B0ABEE70822F7E7A631002025
S214034140C0180020A8310020383000200010084096
S214034150343000200000084000400840431C08D0CC
S2140341600449D1F83C311B0C1B0480B20343C1F84D
S2140341703C31704700400840054BD3F8B400431C5D
S21403418014BFC0F38070012098223121FFF75EB977
S2140341900081E00F034B1A689B880260838000202F
S2140341A0704700BF241300200F4B0228D3F8883132
S2140341B004D183F40010C0F340507047012805D1A2
S2140341C013F4400F0CBF01200020704750B9074A74
S2140341D0D2F8D40010F0010005D083F48000C0F3B9
S2140341E0805070470020704700400E400081E00F6B
S2140341F00B4B5B88B3F5E16F8BBF5A23C823502262
S214034200782298428CBF172310230B70054B1B781C
S21403421023B1904294BF0020012070471846704790
S214034220241300206113002013B5234B1B78032BA4
S21403423004463ED00DF10701FFF7DAFF1E2C8CBFB4
S2140342401E491F499DF807204FF001038CBF012428
S2140342500024C1F8083170B1194B4DF60171C3F84B
S2140342600411120203F1007342F44042C3F804211E
S214034270144BA3F8D420134991F8D82022F0010256
S214034280024322F0020242EA4402D3B20E4A81F803
S214034290D83012786AB9B1F8D420A1F8D62023F022
S2140342A0040242EA800323F0080343EAC40381F8C6
S2140342B0D83002B010BD00BF2413002000400846CB
S2140342C000400844001F00217A3D0020084B094A9D
S2140342D0D3F88831DB4303F4FE1343F40053B3FAF5
S2140342E083F30E33A3EB4313013B1370704700BFF6
S2140342F000400E406513002001280CD0022802D08F
S21403430020B100207047054B18787047034B187888
S2140343100430C0B270470720704700BF6513002003
S21403432002289ABF014B185CFF207047282C050013
S2140343302DE9F743424E434F96F800901546424AFE
S214034340D2F8C820B9F1010F0446884607EA0207E7
S21403435005D147EA00600C7000232B6040E03B4A1F
S2140343601278904228BF1446002B14BF0423002360
S21403437023440B70002C48D0013CE4B24FF030636A
S2140343802B606A46204601A917F0EDFEDDE90030F2
S2140343902F4A98F800C0127847EA006040EA833054
S2140343A040F47F5040F00800002A30D0B3FA83F37D
S2140343B02849294AC3F11F035BB2B9F1020F18BF9C
S2140343C00A46591C27D0D75CFFB22A6822F07F41E1
S2140343D0BCF1000F21D141F0306141F004012960A6
S2140343E07288B2F5E16F20F47F538CBF5A22C8223D
S2140343F0944223F008039ABF180A00F47F5043F64A
S214034400C870184303B0BDE8F083144BB8E7FF2722
S2140344104FF0FF33D9E7FF27D7E7013303D07B1EDF
S214034420DBB2FD2B06D922F07F4323F0040343F0CF
S2140344307F4392E741EA076343F004038DE700BF37
S214034440241300203F00C0E0001F00216513002056
S2140344507D3D0020B883E00FB083E00F0400000B1F
S21403446073B50446C820FFF7DFFE2C4B2C4D187897
S214034470032801D0FF2C03D1FF20287002B070BDA3
S21403448001282CD1072C204628BF072001284FF0EF
S214034490000301AA0DF1030138BF0120FFF748FF0F
S2140344A00446204B204E019AC3F85821C6F8C8404C
S2140344B09DF803002870FFF7B7FE019A130203F472
S2140344C0E06343EA1263194AA6F8D03012781AB9A1
S2140344D0C6F8CC40A6F8D2309DF80300CEE790B9D4
S2140344E0042C14D803460646201A01AA0DF103012C
S2140344F0C0B2FFF71DFF4FF4800304465EB10C4ABB
S214034500C2F80831CDE700231E461846ECE7012320
S2140345101E460420E8E7074AF2E700BF24130020FC
S2140345206213002000400840001F00217A3D00204F
S214034530004008460040084408B501F033F9094B2B
S214034540094A002808BF1A46136823F47F115B083C
S21403455003F4FE130B431360044B4FF00072DA614F
S21403456008BD00BF1841084000410840004008400D
S21403457008B501F017F9064B4FF4001228B1C3F83B
S21403458000214FF000621A6208BDC3F81821F8E74D
S21403459000400844014B1868704700BF3C300020B9
S2140345A0436C012B38BF01232DE9F0479A46474B4E
S2140345B0474F9B69474E484D03F4E073A3F5C0721B
S2140345C0804646485142514102685245444A0FD1FB
S2140345D014788C420CD198F8D0C03C78A44507D107
S2140345E098F816C03478A44502D1A888BDE8F087A9
S2140345F0B3F5C07FC0F800A011704CD1D8F8944032
S21403460024B12368082B5AD994F838400F21204642
S21403461017F099FDBAFA8AF3002854D0B0FA80F25C
S2140346209B1A002BC4BFC3F10F09D840274BD8BF32
S2140346304FF00F0950454FEA0440C3F8BC0003F19E
S214034640806340F6FF7288BF09F1FF39C3F8B820CC
S21403465003F100734FEA0921C3F8B81017F096FD6B
S214034660A88000F011FE09F01F094FF4FA7304FA4C
S21403467009F45C4341F66A03B0FBF3F0194BB4FB51
S214034680F0F40A2044431C6098F8D0303B7098F846
S21403469016303370A9E798F8D030022B06D1124BA8
S2140346A01B78002B14BFC8249624AFE7012B08D031
S2140346B00D4B1B78002B14BFF024B424A6E700246C
S2140346C0A4E73224A2E72022AAE700BF006008403E
S2140346D06413002063130020241300200812002014
S2140346E0783D00203C3000207D3D002070B5064616
S2140346F00D46144617F0A8FFE0B1347D023CE3B242
S2140347000C2B06D841F6A754DC40E44314F001040E
S21403471025D000242546134B134AC3F850212B04F7
S2140347202D0503F4E02305F0F8751D430F4BC3F87E
S214034730505101E0FF2DEED1FF2C0ED0094B40F275
S214034740F712C3F85021220102F4F87204F00704AA
S21403475003F100731443C3F85041002070BD0C25C9
S214034760D9E700BF004008440000F70100400846B0
S214034770F8B5134B134E1F68134D384600F0FEFF73
S2140347803378C4B2A34201D12B78A3B1092C14D831
S2140347900E4B012C195D05D10D4B1B78012B01D156
S2140347A041F0400101F00F0238460909FFF79EFF6A
S2140347B0002334702B700020F8BD0024FA21F1E7A3
S2140347C0B82F00207B3D00207C3D00202B2C0500CD
S2140347D02413002070B5044600F0FEFC14220021CA
S2140347E03148324E17F0A1FF314B25781A783149FC
S2140347F0521B18BF01220A7022681A60C820A288BA
S2140348009A80FFF711FDD6F8C8202B4B2B4913408F
S214034810C6F8C8302A4BFF221A70D6F8C830294A81
S21403482023F08043022D23F017031AD14FF4EE40F2
S214034830C2F824014FF48A42C1F82421012243F02E
S2140348408043C1F82021194AC2F8C8301D4B032201
S214034850C3F85821FFF78CFF1B4B01221A70002068
S21403486070BD012D4FF007000ED1C2F80C010620D3
S214034870C1F80C011549C2F808114FF4404143F042
S2140348800303C2F80411DEE7C2F80C010520C1F8E1
S2140348900C01C020C2F8080143F08043812243F094
S2140348A00403C1F80821CEE7C81F0021001F00211A
S2140348B0241300207C3D00203F00C0E00040084653
S2140348C06213002000400844793D0020C1004000E8
S2140348D0014B1870704700BF7D3D002037B5264B4F
S2140348E0264D1A78032A01D0FF2804D100232B7003
S2140348F0FF2003B030BD002A3BD104288ABF012322
S21403490000230422801A0DF1030101AAC0B2FFF7A7
S2140349100FFD1B4CC4F8CC00019A130203F4E063AA
S21403492043EA1263A4F8D23094F8D83023F0040391
S21403493084F8D8309DF803000DF10201FFF758FC08
S21403494094F8D82042EA80039DF803001E288CBF03
S2140349500822002223F00803134384F8D8309DF876
S2140349600220084B43EA0223A4F8D63001232B7017
S214034970BFE700231A46C5E7241300207A3D00202C
S214034980001F002100C0FFFF104A114B00201870C3
S214034990D2F8C830C2F8CC30B2F8D030A2F8D23051
S2140349A0B2F8D430A2F8D63092F8D83003F0FB032E
S2140349B0990001F004010B4303F0F703990001F09B
S2140349C008010B4382F8D830704700BF001F002150
S2140349D07A3D00202DE9F0472D4C2E4B236000F046
S2140349E053FC4FF4FA7307464FF47A76B0FBF6F6A9
S2140349F029482A4A7343190E1B02181841F100016D
S214034A00002304F0ADFFA0F580730546A36220B92A
S214034A1062222B21FEF71AFD01254FF47A726A43B0
S214034A204FF0000A53465008310204F099FF1C4B1E
S214034A3019601C4BB7F57A7F4FEA0568894604462A
S214034A4018604FEA152505D272222B215046FEF731
S214034A50FDFC01264FF47A71A8FB01087308C01801
S214034A6001FB05814FF0000341F10001324604F0DB
S214034A7077FF0D4B023419600C4B49F10009A4086B
S214034A80186044EA8974024B013C1C63BDE8F08756
S214034A90005008400211010020A1070040420F0009
S214034AA054300020503000204C3000204830002086
S214034AB0044B4FF00052C3F880211A60024B0122C8
S214034AC05A60704700E100E000500840074B4FF083
S214034AD00052C3F88021C3F88020BFF34F8FBFF383
S214034AE06F8F034B04225A60704700BF00E100E05B
S214034AF000500840824210B5A3EB0101A2EB00046C
S214034B0004D2044B1B6B01331C440139204601F0CD
S214034B10030110BD0050084038B502010A4B0125B9
S214034B209D500A4A4FF4807383405366044606F04A
S214034B30D0FD074A137805FA04F423EA0404147034
S214034B40BDE8384006F0C9BD00510844005008408F
S214034B507E3D00202DE9F0471546044688461E464E
S214034B6006F0B7FD022D00F0B880074606F0B8FD44
S214034B706D4B6E4AD3F8189092F815A0DA6D5FFA6B
S214034B808AFA520744BFD3F818900AF1010A06F0CE
S214034B90ADFD674B674A1B6811684FEA8A7CA3FB27
S214034BA0093213F1004301FB09CCD8F800304CEB73
S214034BB0020C012D04BF01336344ACEB030C08BFA6
S214034BC0C8F80030BCF1804F0AF0030AC0F09980A1
S214034BD0594AD2F800C0594AD2F800E0524A23F0A4
S214034BE04041106B4FF000480022ECFB01820EFBA5
S214034BF0012282424FEA937381BF01330130121AB6
S214034C0003F00303A3EB0A03914588BF4649DFF885
S214034C104CC184BF096B03F1FF3303F003030CF8A5
S214034C200430A2EB0900A3B1F10742BF444B41F69F
S214034C301F71D966B30742BF414B4249D966710714
S214034C4042BF394B00211967330742BF364B002159
S214034C501965354B04F1100103EB041E0901CEF868
S214034C600C2111225A5038499A69D3F85CE04FF068
S214034C700108A2EB090908FA04FA0A785FFA8AFA25
S214034C804AEA020281450A7026D34FF48072A24094
S214034C901EEA020F20D11CF80400002840D10DB3F1
S214034CA0F0071A6608D5264B284941F61F7240F2CC
S214034CB00110DA66C866DA66B10706D5204B2349C3
S214034CC0204A2348DA66C866DA66720742BF214B73
S214034CD001229A6033071AD4384606F0FEFC0120F8
S214034CE0BDE8F0871C48240140F804805A6606F0A5
S214034CF0F0FC15490B7823EA0A0A81F800A006F0AF
S214034D00ECFC384606F0E9FC0020BDE8F0872120DD
S214034D1000F098F9044B4FF480325A603846DCE7CB
S214034D201A663846D9E700BF005008409030002086
S214034D30483000204C3000205030002054300020F3
S214034D400050084400001F1F7E3D00200050084608
S214034D500000010100400840005108444030002094
S214034D60024B1878003818BF012070477E3D00209C
S214034D701030034B0001185800F00100704700BFC5
S214034D80005008401030044B01F46001000141F06C
S214034D9003011950704700BF0050084038B506F0AD
S214034DA09FFC084B084A9D69547DDA6D520748BF3D
S214034DB09D69E4B248BF013406F098FC284604F027
S214034DC0030138BD005008409030002038B50B4B27
S214034DD003EB001210300001D2F80C411D58FFF708
S214034DE0DDFFAB0706D5844200D90139204601F022
S214034DF0030138BD844238BF0131F7E7005008404D
S214034E0008B5222000F01EF9024B4FF480225A60A8
S214034E1008BD00BF00500840064B1B68434303EB26
S214034E208171054B1B68A3FB003013F1004341EB74
S214034E30000070474C300020483000200D4A10B563
S214034E40146820F0404301464FF000420020E4FB84
S214034E500320094A126802FB0300084B1B6B9842A7
S214034E604FEA917104D901330131C01A01F00301ED
S214034E7010BD00BF503000205430002000500840C2
S214034E80F8B5064603F08EFC044608B1FFF71EFE8F
S214034E90084D094F00232B6130466B61AB617B7570
S214034EA0FFF7CCFFC9B27975A8610CB1FFF700FE16
S214034EB00020F8BD005008409030002038B5354B30
S214034EC0354C08220546C3F8C82034480121D6F7D6
S214034ED007F9334B1D702378013B012B0CD8237C39
S214034EE0E07B01229A400C21302313FB001303F1CD
S214034EF0884303F520431A602A4B00225A67002D85
S214034F0041D06368002B34D000F0BEF9626800EB32
S214034F105203B3FBF2F3013B1B0243F0F803227880
S214034F20022A28D0032A2AD0012A2FD143F00203CB
S214034F3007221D494FF6FF70C86701F10071CB6762
S214034F40184B5A6753070CD5237CE07B01229A4003
S214034F500C21302313FB001303F18C4303F520438A
S214034F601A604FF080439DB1104AC2F89430002077
S214034F7038BDF823D3E743F001030522D9E743F00E
S214034F8005030122D5E72A46F823D2E70022D0E715
S214034F90074AEAE700400E465830002000350A006C
S214034FA07F3D0020000008400000084400400846FB
S214034FB000400844F8B5064604460FCE1C4F3D464F
S214034FC00FC533682B601B4B1B480822C3F8C82049
S214034FD00121D6F785F8194A00235367A37BE17AA4
S214034FE01B0443EA0123217A0B4393673B78032B85
S214034FF01BD8DFE803F01402080E617B207B002336
S2140350000422D7F7E7F9217CE07B00230422D7F7B5
S214035010E1F9A17A607A01230422D7F7DBF9084B7A
S2140350201878BDE8F840FFF749BF0120F8BD00BF78
S2140350305830002000400E4600350A0000000840A5
S2140350407F3D0020044BD3F89430002BBCBF034BAA
S214035050C3F88000704700BF0040084000000840C7
S2140350604FF0006318B1034AC2F894307047024AFF
S214035070FAE700BF004008460040084408B5074B5F
S2140350801B681A68064B920019684FF0045017F015
S21403509024FBBDE8084000F0D5BE00BF70300020FA
S2140350A06C30002007B501A8D7F732FC134B144A1F
S2140350B0C3F8442148F2E672C3F838214FF4086275
S2140350C0C3F834210F4AC3F8A0200F4A4AF63F41DB
S2140350D0916002F580424FF0C07191620022C3F8DE
S2140350E0FC200A4AC3F89C20094B7F225A6203F12C
S2140350F0007323225A6203B05DF804FB00400840A5
S214035100C0E653517A27000F00300840806D6303D2
S21403511000300844064B1B783BB1064B064A1A6020
S214035120064B074A1A60002070470220704700BFEC
S214035130803D00206C300020782C05007030002065
S214035140E44A050038B51B4B0022C3F88820C3F891
S2140351508C20C3F89020184A4FF400715162174A06
S2140351600121D1605A6812F0706FC2F30365F9D15A
S2140351704FF00452DA671249124C0122C3F880201A
S2140351801966227017F03DF80F4B2570186820B18A
S2140351900E4B1868003818BF01204FF49A6254214A
S2140351A0FEF754F90A4B1B6898470A4B0122DA604C
S2140351B038BD00BF004008400000084000400846D5
S2140351C0A01F0021803D00206C300020703000209E
S2140351D00C12002000400844034BFD22C3F8C820ED
S2140351E00122C3F8CC20704700400E4638B5FFF7BF
S2140351F0F3FF1B4B1B481C4C1C490222C3F8C82058
S2140352001B4B1A6842B102EA0005A54204BF5D685B
S214035210156008338B42F4D1164B0222C3F8C8201C
S214035220154B164AD3F83C111160154AC3F894205F
S21403523000F056FBFFF736FF124B0322C3F8D820C5
S214035240A3F500530122C3F894204FF46072DA608A
S2140352504FF04072C3F8F820C3F8102138BD00BFE2
S21403526000400E460000FFFF00000840B081E00F3C
S2140352700080E00F00400E4400400840101200205B
S2140352800048F0000060084608B5D5F7C1F8044B9F
S214035290D3F81031C3F308230133B0FBF3F008BD92
S2140352A000400E40F8B5044620B1264E012522687C
S2140352B0531C00D1F8BDC2F30063110C36F813007B
S2140352C011F0FE0F93B243EA004318D00434CAB277
S2140352D0022A216808D9D4E90170033AC3E9001702
S2140352E098600C340C33F3E704D162680834C3E9DE
S2140352F00012DCE7012ADAD104341960D7E7120F6B
S21403530060680834072AD2D8DFE802F00A040811D6
S2140353100C0F1417C04303F1806301E01A68504072
S2140353201860C4E716F060FFC1E705FA00F003F162
S214035330C063F5E705FA00F0EDE71A6830EA020203
S214035340FBD1B4E7362C0500024B0122C3F89420A8
S214035350704700BF00400846024B0122C3F8942062
S214035360704700BF00400844024B4022C3F8942015
S214035370704700BF00400844024B4022C3F8942005
S214035380704700BF0040084608B50C4B1B68D3F8AF
S214035390943023B11A68022A01D9186A08BDFFF7A8
S2140353A073FF074B1B6D024698B20028F6D0C3F373
S2140353B00743D2085343B3FBF0F0EFE7B82F0020C0
S2140353C000600840064B5B68C3F30363984206D14C
S2140353D00448436B23F0F00242EA0112426370472B
S2140353E000400840001F002110B50446FFF7CCFF1D
S2140353F0104AD2F830311B040F4B1B6C03F4C05316
S21403540048BF4008B3F5805F0ABF136BC4F30113AC
S214035410C3F34163022B05D0032B09D0012B00D124
S214035420400810BDC4F3C4240134B0FBF4F0F8E71D
S2140354308008F6E700600840000008402DE9F84FB2
S2140354400D4616F0BBFEDFF898908046002606F061
S21403545040F9214B5968C1F303639F1E012B834612
S214035460FFB22AD0052B2AD0A3F10B01D1F1000AF3
S2140354704AEB010A012F24D8184B9968C1F3891403
S2140354800A0444BF6FEA84546FEA945424B26B1C34
S21403549003D016F093FEA0EB0806584606F01DF957
S2140354A014F5007F0FD1012F02D9BAF1000F01D0F6
S2140354B0AE42CCD32046BDE8F88F9A46DAE74FF0E3
S2140354C0010A4C46E3E7C83C24B26FF4FF739C42E0
S2140354D0B8BF1C46EEE700BF004008400070084017
S2140354E000FEFFFF024B012218619A60704700BF5F
S2140354F000200840084910B5D1F8703140B11C4669
S2140355004A68D1F870319C42F9D1C2F30362027043
S21403551003F00F0010BD00BF00400840094BD3F84E
S214035520883001F0800103F480030B4309D1064B56
S2140355304FF400129A61837F1BB1044B0122C3F818
S214035540F8207047004008400060084400600846A2
S21403555010B506F0BEF8084B1B6804463BB19847E7
S21403556028B1002200204FF4806100F07BFD204626
S214035570BDE8104006F0B1B8743000202DE9F041C4
S2140355801F4DDFF89080069FA2FB036C75196CF124
S214035590000E0024A84574EB0E0507D24FF4B47230
S2140355A00E212046FDF752FF02201BE00029FBD008
S2140355B0C0F3130001EB5305B5FBF3F3A3FB003075
S2140355C0DB0C43EA40330F4803600F4B1A600F4B64
S2140355D0994209D10E4BA6FB036103FB0C11890903
S2140355E039602046BDE8F0814FEACC4C0A46234694
S2140355F0F0044CEA563104F0B3F93860F1E700BF23
S21403560000C9E876783000207C30002000F049029C
S2140356100A3BB2DF0046C32338B5164D2B780C463B
S21403562023B9154B1B6D03F03F032B70134BD3F8B5
S21403563094305B051CD540F24D53114AB0FBF2F291
S2140356405343A3F546400C38504300F5C91000F504
S214035650556028B940F21B322B21FDF7F7FE0120D7
S2140356602B78084A5343B3FBF0F02060002038BD84
S2140356700220FCE7843D002000300840004008403C
S21403568000366E0180969800314B70B51C68314B1E
S2140356901D6B314B1B68ED024CBF1B19E31AB3F1AC
S2140356A0804F4CD82D4E002B4BD0B3FA83F5D5F153
S2140356B002052B4C54BFEB400025A34288BF5B0872
S2140356C003EB5604B4FBF6F4264E88BF0135B3420B
S2140356D004F1FF3434BF0026012644EA862444EA54
S2140356E005340C6050B3B3FBF0F1642400FB1133B4
S2140356F06343984288BF01F1FF314B08581E0728C1
S21403570001F1FF334FEA53011DD80F2B1BD8E0B925
S214035710012B94BF00230123134C2370134C06253F
S214035720C4F8945033B1124B1B781BB1114B0224AF
S214035730C3F894400B0243EA0013136070BD0E4E89
S214035740B3E72025B3E70023E6E70123E4E700BF3A
S2140357507C3000200030084078300020E0673500B9
S2140357603FBE4025401B5F13823D00200040084497
S214035770833D002000400846C0CF6A00084B5B6BA1
S21403578003F00700C3F3C20213F0380F18BF5043E9
S214035790C3F3821213F4E07F18BF5043704700BF71
S2140357A000300840034BD3F8380180F01000C0F3F4
S2140357B00010704700400840174B4FF4002210B506
S2140357C0C3F89420154C164BB0F1804F98BF1C4677
S2140357D0144BDA6CD2071DD51B6F134804F5F4245B
S2140357E004F59074B4FBF0F4033CE4B203F007034F
S2140357F0A34202D02046D6F7E1FC0C4B1B784BB1F4
S2140358000B4B4FF47022C3F8942003F10073240467
S214035810C3F8944010BD00BF00400846C0CF6A00DE
S214035820E067350000300E4040420F00813D002007
S214035830004008447FB50446D4F726FE1C4B226876
S21403584006462C33586800933146A379FFF796FE35
S214035850054648BBA379012B14BF164916491022E7
S214035860C1F83821206815495843FFF7D5FE03AA27
S21403587002A93046FFF708FF0F4A43F6FF53C2F864
S214035880A4300C4B0299C3F8A4104FF4EE611163D5
S214035890039A1A632068FFF78FFF094BA2881A62E0
S2140358A003F5405300229A63284604B070BD00BF38
S2140358B00030084000400846004008445030084086
S2140358C00000084008B5044B01221A70034B186801
S2140358D0FFF772FF002008BD813D00207C300020CA
S2140358E0024B4FF48062C3F894207047004008468A
S2140358F00D4BD3F80421D3F8B030D2B2FF2A03D02D
S21403590043F30743591C01D190221923074903EB9C
S214035910D37302EB630381F84330022381F84230EA
S214035920232381F8413070470081E00F001F0021D8
S21403593040B10368012B05D90069034B002808BF53
S21403594018467047004870473C2C0500064BD86D38
S214035950DB69C0F3011203F01F03000C02FB000017
S21403596001331844704700BF0060084038B504464A
S2140359701D480D46FFF762FA1C4AC301D2F83001F0
S21403598010F400400DD003F57442194C1949243223
S214035990B2FBF1F22A6003EB5402B2FBF4F26A6044
S2140359A001E0002CF7D1144B5A68D40219D4134AD9
S2140359B01268D3F8A810C2F3810211F4806302F1CF
S2140359C00102C9B218BFD300FF2906D00A49D1F88D
S2140359D0AC10490501D503EBC20300B10333AB603A
S2140359E038BD0023F9E700BF40420F0000600840BF
S2140359F020A1070048E801000000084000200840F6
S214035A00084B1A68C117A2FB000310F1807002FB53
S214035A10013343F10003400E40EAC310803820EA06
S214035A20E070704784300020174B072270B5C3F828
S214035A308420FFF729FC154B154A164EC408010BA4
S214035A400546E005C01841F10001002303F088FF76
S214035A50114B18604EF66020FFF7D2FF4042C6F89F
S214035A609C000E48FFF7EAF9024658B1E3015008D6
S214035A7018184FEA15714FF0000341F1000103F0C7
S214035A806FFF706770BD00BF00400840B2E60E00AF
S214035A9065CD1D00001F00218430002040420F000A
S214035AA02DE9F047154698460646002800F0B580CF
S214035AB00846FFF73DFF18F0050F074664D0346924
S214035AC0002C00F0AC80FEF765FD4FF47A735C4360
S214035AD0201A7C68A0F6AC50001BFFF791FFB48B2E
S214035AE06862002C00F09E80FEF754FD4FF47A7334
S214035AF05C43201A7C68A0F6AC50001BFFF780FFBF
S214035B00A861614BF468D3F80090DFF88CA1002CF1
S214035B1000F0B180FEF73EFD4FF47A735C4399F8CC
S214035B201230241A053B7868A4F6AC54012BA4EB78
S214035B3000047AD8DAF80020A4F53E44EB3CE317D9
S214035B40A4FB020402FB034310F1807143F100043B
S214035B50490E41EAC4114D4CA2FB0424821A63EB9E
S214035B60040312F1807243F10003520E42EAC31299
S214035B708039803AE9612A62B469FEF70BFD014673
S214035B80204616F089FB286318F0020F29D07368A5
S214035B904FF47A7058435BB13B6803F51C531033DC
S214035BA01844B37F002B46F2A81308BF00231844FB
S214035BB0FFF726FF7369E862002B5FD078684FF41F
S214035BC07A7202FB0300B37FA0F50350002BA0F10B
S214035BD0100046F2A81308BF0023C01AFFF710FFF1
S214035BE0A86218F0040F18D0B068002849D04FF404
S214035BF07A735843A0F503501038FFF701FF286166
S214035C0033684FF47A70584323B13B6803F51C534B
S214035C1010331844FFF7F4FE6861BDE8F0874CF2D2
S214035C2050305AE74CF2503068E73B68E41ADAF82B
S214035C300020E117A2FB044314F1807402FB013336
S214035C4043F10003640E44EAC314803C104BEC613A
S214035C50104CD3F884302B622368002B8CD0484634
S214035C6016F090FC002887D02368D9F848002A4607
S214035C703946984780E74CF25034D8E747F230501D
S214035C80ACE747F23050B8E7B82F0020101B0200ED
S214035C90001F0021803000208430002008B9FFF761
S214035CA055BE0348814214BFBC202F20704700BF57
S214035CB048E80100F8B5074608461E46154616F09E
S214035CC084FA104B0146D3F8F800FFF731FEBB7C8D
S214035CD00468053B012B01EB06000DD80A4B4BF677
S214035CE0EB64002D18BF1C464FF4FA73074A23448F
S214035CF093FBF2F31844F8BD002C054BA8BF4FF4F2
S214035D00FA73F3E7001F0021FBD9020018FCFFFF1C
S214035D100CFEFFFF2DE9F04F384C0A4685B00D46C2
S214035D200021814616F001FDD4F8C83043F06C021A
S214035D309A4204D00025284605B0BDE8F08F304BC4
S214035D40DB68D907F6D4FDF767F90028F2D0D4F854
S214035D501061C6F30826002EECD12A4C2A4BD3F842
S214035D601880D4F884300193284B4FF060529A6120
S214035D7003F100734FF000629A612423C4F8843061
S214035D80234B04221A604FF4804A4FF48053C4F81E
S214035D9068A0B3466362AB4512D31E4B04221A6057
S214035DA0184A019BC2F88430184B4FF06051996132
S214035DB008EA010318498B614FF480439366BAE7F8
S214035DC0226E5204FCD52268D305F9D5C4F868A020
S214035DD00136D4F888200392012EDCD9A5EB0B07F5
S214035DE0042FA8BF04273A4609EB0B0003A95F4418
S214035DF016F073FC1FFA87FBCDE700BF00400E408A
S214035E000040084000000840006008400060084466
S214035E10004008460040084400600846074BD3F895
S214035E20D8304FF604014FF605029BB28B4208BFEB
S214035E301346034A01209365704700BF0081E00FB5
S214035E400050084070B5194C0FCC86B001AD0FC595
S214035E50CC22236816482B60002116F066FC8422A9
S214035E600021144816F061FC134B144AC3F8F020C3
S214035E70FFF73EFD124B1B782BB101AD0FCD0B4E3A
S214035E800FC62B6823600F4B0F4AC3F8DC2F0F4A4D
S214035E90C3F8E02F0E4AC3F8E42F02F1957202F21C
S214035EA04952C3F8E82F06B070BD00BFC81F0021D3
S214035EB0341F0021B01E0021001F00213F003700C1
S214035EC0793D0020001000210200620609C8056E15
S214035ED00704DC060A4B197801F0FF0229B10021FA
S214035EE0197008499202C1F8A020597801F0FF0200
S214035EF029B1002159709302024AC2F8A4307047B0
S214035F008B3D002000000846074BD3F8E00E074BF6
S214035F10D3F88C301A0103D4054B1B6E1B0401D532
S214035F2000F58070704700BF001000210040084055
S214035F300000084008B505F0CCFB0F4B1A78B2B941
S214035F400E4A126812F4843F11D10D4A1021C2F88A
S214035F5094101B786BB9094B1B68DB0509D4084BF7
S214035F602022C3F89420BDE8084005F0B6BB054AD6
S214035F70ECE7044BF4E700BF863D00204019002001
S214035F800040084400400846044B00221A70044BA5
S214035F90197811B11A70FFF7CDBF7047873D0020FF
S214035FA0863D002010B505F094FB0E210446032021
S214035FB0FFF708FA044B40F2012220465A62BDE876
S214035FC0104005F08ABB00BF0000084008B505F086
S214035FD080FB234B4FF08052C3F88020BFF34F8FD4
S214035FE0BFF36F8F4FF48072C3F88020BFF34F8FD9
S214035FF0BFF36F8F0222C3F88020BFF34F8FBFF328
S2140360006F8F1022C3F88020BFF34F8FBFF36F8FBD
S2140360102022C3F88020BFF34F8FBFF36F8F4FF05C
S2140360200052C3F88020BFF34F8FBFF36F8F8022D9
S214036030C3F88020BFF34F8FBFF36F8F4022C3F8A0
S2140360408020BFF34F8FBFF36F8F0122C3F88420E6
S214036050BFF34F8FBFF36F8FBDE8084005F03DBB1E
S21403606000E100E070B5084C01232370074B1E685F
S214036070074BD3E9005332401940284001F030FA69
S2140360800023237070BD00BF853D00208C300020A8
S214036090401900202DE9F84FDDF828B003EA01087F
S2140360A00B9B06460D4602EA000903EA0B0ABBF100
S2140360B0000F40F06981031F0B4300F02D81052874
S2140360C071F1000380F0008150EA010300F07C8147
S2140360D0431E0B4300F03C81FFF778FFBB4BD3E92D
S2140360E0004724EA060427EA050744EA090447EAC0
S2140360F00807C3E90047B64BB64D1E68DFF828838A
S21403610026EA0B0646EA0A061E60FFF713FFB248A6
S21403611014F02A4FC26E14BF48F202034FF4004332
S214036120B10748BF43F4005383EA020122EA03029D
S214036130EA66AA4A81660B40D366620304F48023A8
S21403614048BF4FF48053250348BF43F48073E006EB
S21403615048BF43F40053A248A10648BF43F4007364
S214036160620648BF43F48063D0F80C22250648BF76
S21403617043F400639B4D83EA020122EA0302C5F857
S2140361800C22C0F80812984AB80507F4007503EA0B
S214036190010348BF4FF48025E10448BF45F480352A
S2140361A0C2F80C32A20348BF45F48015A30748BFC4
S2140361B045F4800514F4001F06D0D8F8000016F046
S2140361C046FA08B945F40025E00248BF45F4003511
S2140361D0F9068649864848BF45F40005620248BF6B
S2140361E045F400150A6A730748BF45F0040585EAB7
S2140361F0020323F001031A4002621D40CB617D4B6C
S2140362007D487E4A1D6216F0010F7D4B18BF13466C
S214036210826E7D0748BF43F400137A4D83EA02017A
S21403622022EA0302AA66784A41660B4000F500504C
S2140362309366C26B04F0010305F5005583EA020179
S21403624022EA0302EA63714A81630B40D363D8F8F8
S2140362500020200248BF6E4B92F8E92058BF6D4BD2
S214036260610748BF43F4806322B114F4C06F18BFBC
S21403627043F480736848694CD0F8EC10320748BF83
S21403628043F0004383EA010222F4A0221140C4F83B
S214036290EC101340C0F8E820614AC2F8EC3005F071
S2140362A018FA604B4FF080521A604FF480721A60EF
S2140362B010221A6020221A604FF000521A608022C1
S2140362C01A6040221A603DE0A0F580630B4306D0B7
S2140362D020F48063A3F500730B437FF4FDAE05F053
S2140362E0F8F93A4BD3E9004124EA060421EA05010A
S2140362F044EA090441EA0801C3E900414A4B1B6822
S21403630093F8E93013B314F4C06F1FD0444B4FF423
S2140363108072C3F8EC2015E005F0DBF92B4AD2E9CE
S214036320003123F0040343EA090341EA0801C2E902
S214036330003159EA080314BF394A384A4FF48063D8
S214036340C2F8EC30BDE8F84F05F0C7B9334BDEE7CB
S21403635005F0BFF91D4AD2E9003123F0010343EAF1
S214036360090341EA0801C2E90031304A59EA080341
S2140363704FF0010315BF93632D4902F1C062CB634F
S21403638014BFD3639363DDE750EA01037FF4A4AE3F
S214036390BBF1010F7FF4A0AE05F09BF90C4A13681E
S2140363A023F0010343EA0A031360134A4FF480639E
S2140363B0BAF1000F04D0536602F1C0629366C1E7D8
S2140363C010498B665366BDE7BDE8F88F4019002079
S2140363D08C300020000008440000084000000846F7
S2140363E0006008400060084400600846004008401B
S2140363F0004008440040084600500840041C500073
S2140364000418500000500844005008460070084620
S2140364100D0A0A09090A0A09001008400010084470
S2140364200010084600E100E0B82F00200070084086
S21403643000700844024B5868C0F3C000704700BFA2
S21403644040190020024B186800F00100704700BF97
S21403645040190020024B5868C0F3C030704700BF95
S2140364604019002010B50446FEF7C0FEFFF7AEFD48
S21403647004F14C00FDF7C0FCFEF764FEFEF7AAFA33
S214036480FEF716FBFFF7D0FA1049114AD1F8F810B9
S214036490072304F1A400FFF703FB4FF44001002099
S2140364A0FEF770FC4FF400110120FEF76BFCFFF7BC
S2140364B0B5FC20B940F2E7221421FCF7C7FFFFF72B
S2140364C001FABDE810400120FEF7F8BC001F0021CA
S2140364D0681F0021084B8022C3F8882003F17E43FF
S2140364E00822C3F88820054AD2F8B03E23F02003DA
S2140364F0C2F8B03E704700BF0040084600100021B7
S21403650008B505F0E6F8FFF7E5FF034B01229A60AE
S214036510BDE8084005F0E1B800400840F0B583B098
S2140365200646144602F03EF9002851D05D4BDD685E
S21403653015F006054CD105F0CCF823790095022B0F
S214036540074648D1237B022B34D00320FEF710FCEA
S21403655018B9554B5B685A0437D5A37B257B53493B
S214036560A2680192003B18BF0123012D0B706CD06B
S2140365704F4A504C002313702278002A70D1494E9C
S2140365800420FEF7C9FAF36E23F0F85323F4F81346
S21403659043F0506343F48033F3662A46022301A98B
S2140365A00420FEF7D7FA58B1434B0121302221705D
S2140365B0C3F89420384605F090F8002003B0F0BDE9
S2140365C00320FEF7A9FA3D4BF366384605F085F837
S2140365D0032003B0F0BD0320FEF7CAFB0028F4D166
S2140365E02279D6F8AC30012A22684BD0D51A2D4B27
S2140365F0324A0095DA6600221A67314B01221A7076
S214036600627B304B002A0CBF012200221A702E4BED
S2140366102D4AD3F8B03E0CBF43F0200323F02003EB
S214036620C2F8B03E0320FEF777FA1E4B274ADA6617
S2140366302279012369460320FEF78CFA002881D1CC
S214036640384605F04AF80120C3E72379022B8FD09A
S214036650009BD6F8AC100B441A440025019287E73A
S214036660237005F036F82378ABB1134B1022C3F82A
S214036670942023784BB1104B2022C3F8942005F0C6
S2140366802CF87CE79A42B2D3B0E7114B1B68DB05C4
S214036690F1D4104BF0E70E4B1B6813F4843FE4D1A0
S2140366A00C4BE3E70050084000400840893D0020BB
S2140366B0873D0020863D002000400846000001017B
S2140366C0883D00208A3D002000100021010C0100B7
S2140366D040190020004008442DE9F3410D460746C3
S2140366E004F0F7FF1B4BDFF8788000241C70FFF7DD
S2140366F0F1FE194BC8F86C30C8F870400646687946
S214036700431E5842584101F0C1FC40F60143C8F805
S21403671070302A792968D7F8B430012A01D1994212
S21403672000D3CC1A04230DEB030103200194FEF7D8
S21403673011FA50B9094B88223046C3F8882004F072
S214036740CCFF012002B0BDE8F081304604F0C5FF5F
S2140367500020F7E7883D00200000010100400844C0
S2140367600050084038B5164C05462078B0FA80F03D
S2140367704FF47F723E214009FCF768FE55B1114B7A
S214036780D3F8A030C3F3812323700F4B4FF440623A
S214036790C3F8A0206078B0FA80F04FF47F723E21F1
S2140367A04009FCF753FE55B1064BD3F8A430C3F3A8
S2140367B081236370044B4FF44062C3F8A42038BDB2
S2140367C08B3D00200000084000000844F8B50B4C41
S2140367D00B4DD4F888300B4F0423C5F88830D4F813
S2140367E088305B0300D4F8BD0426C7F8886002200F
S2140367F015F0FAFCC5F88860F1E700BF00400840D2
S21403680000400846004008441C4B70B5D3F8886027
S2140368101B4D03F18063A822C3F8882010221A6058
S214036820184A194B93666B66FFF754FB174B1B7896
S21403683013B90320FEF770F900242C67FFF7C6FF91
S214036840134A144BD2F8E01E0B40C2F8E03E124B3C
S2140368500422C3F88820114BB206C3F8B84008D503
S21403686003F580735B6CB3F5817F22BF034B8022F5
S2140368709A60BDE8704001F00DBE00BF00400840BE
S214036880005008400050084410000002883D0020D5
S21403689000100021DF0000FF00400844001E002116
S2140368A010B528B971B9174B4FF4C0625A6210BDC0
S2140368B041B9154A53681B0E13F00E0FF3D1136834
S2140368C09A06F0D4FFF76EFB0F4C0020FEF712FE7D
S2140368D0032801D0092806D1D4F88C30DB03F4D47E
S2140368E0636F0C2BF1D9FFF771FF084B4FF400725F
S2140368F05A62074B0122DA6003F17E430422C3F88F
S2140369008820D0E7006008440040084000000840A4
S2140369100040084608B503210920FEF753FD024B45
S21403692020229A6008BD00BF0040084038B50546DF
S21403693004F0CFFE0446FDF71BFA35B1FFF724FB40
S2140369402046BDE8384004F0C8BE084B1B78002B31
S214036950F6D0074B1D78002DF2D1FFF715FB2A461C
S2140369604FF480400021FFF77DFBE9E7873D0020D9
S214036970853D00202DE9F843144606460D4601F0F2
S21403698089FD414BA022C3F888200320FEF7F0F9C7
S21403699028B10320FEF7C0F80420FEF7BDF83B4BF2
S2140369A03B4ADA664FF00009C3F87090FFF70EFF14
S2140369B0384B3548D3F8B02E374F42F02002C3F891
S2140369C0B02EFF2202604FF48072BA60D3F8E01E46
S2140369D0324A4FF004080A40C3F8E02EC0F8888015
S2140369E0C3F8B89E56B1FFF7DDFAFEF709FAFFF7CC
S2140369F091FF4046FEF790F8FFF76CFAFB68D9075D
S214036A003FD5254A536813F0706FFBD11E4E244BB7
S214036A10244AC6F88830536B23F0F003536315B14A
S214036A202046FFF783FF204BD3F8B4305A1C01D01F
S214036A305B0001D50123F3601CB31C4BDA6E9A6628
S214036A40154A136A23F00103D361194BD3F80C22BA
S214036A50C3F80822A3F54053DA6F9A67A3F50053E9
S214036A60D3F8EC20C3F8E82003F5C043DA6B9A6347
S214036A70A3F500530F4A5A66034B4FF60842C3F872
S214036A808820BDE8F88300BF004008440050084053
S214036A90000001010010002100400840DF0000FF55
S214036AA010003000001F00210081E00F00000840A6
S214036AB0006008405000F0029E4B196EDA6E2DE916
S214036AC0F04F01EA0209C3F8689003F5805385B0D6
S214036AD0D3F8E070D3F8EC201740C3F8E87003F55A
S214036AE0A043D3F80012D3F80C2201EA020BC3F832
S214036AF008B2A3F5005359691A6A01EA02088E4AD6
S214036B0008EA0202DA618D4BD3F80022910006D41C
S214036B10D3F800319A00C3F3407640F1E48004F0E2
S214036B20D8FD874BDA68DE6D12F0060F9A6E06EA1A
S214036B30020626F4800222F4006214BF4FF0010A14
S214036B404FF0000A5A66730704D57E4A537D013315
S214036B50DBB2537504F0C1FDB9F1000F00F0E68017
S214036B6019F4004400F0D78004F0B3FD0146FFF7A4
S214036B70CBF9734C0546A269A3699A42FCD0A26975
S214036B809342FCD0FFF7C0F9A842034640F0AD801D
S214036B90084604F0A2FD6C4B1D606C4BD3F888408E
S214036BA014F4E05040F0A38025F07F4525F0DF0580
S214036BB0002D40F0AE80FFF727FE4FF0807419F0EB
S214036BC0020F16D0614B6249D3F8883003F4604253
S214036BD0C1F88820002A00F0A3801D0400F1A380DA
S214036BE013F4005F14BF4FF000634FF000531C43D1
S214036BF0002519F4005918BF4FF00209554B3B40C6
S214036C00002B4AD017F4206F0AD040F2D172062127
S214036C100020FCF71BFC0020FFF788FE27F48027E4
S214036C20F80506D54A4BFF221A6044F4C064FFF702
S214036C30B9F917F0090F0AD040F2E67208210020CE
S214036C40FCF704FCFFF766FE434B01229A6217F03B
S214036C50106F0CD040F2EF7209210020FCF7F6FB10
S214036C60FFF758FE002211461046FDF757F817F4B3
S214036C70202F0AD040F2F77207210020FCF7E6FB2C
S214036C800020FFF753FE27F48027F90301D5FDF70D
S214036C909BF9002FB8BF49F008097A070DD52E4B8C
S214036CA05B6A13F4005F14BF2C4A2D4A4FF400535B
S214036CB01ABF536244F4000453627B0548BF44F092
S214036CC0040417F4802700F0AA80FDF747F901387B
S214036CD0062847D8DFE810F02A012D012A013001E3
S214036CE0330136013601B24636E71D4643E70190C7
S214036CF0FFF78AFD164B0198C3F8880014F48055F5
S214036D000BD114F4806F14BF4FF080644FF080549F
S214036D1055E74FF08074002551E74FF08044FAE7BB
S214036D204FF0007363E74FF0004360E74C464D4671
S214036D3064E700BF000008400000F7FF00E100E042
S214036D400050084090300020883000200040084063
S214036D5000400844090B0B89001008400010084443
S214036D600010084640F6280203210020FCF76EFBBD
S214036D70824A136ED2F8800003F00703063301211C
S214036D8001FA03F3C0F30C001B1A9BB2072B13D9AB
S214036D907B4BD3F8883058020ED47A48136B126DA7
S214036DA0C06C58B103F0070306339940C2F30C03D3
S214036DB0C91A89B2072901D844F40074724B1B78A8
S214036DC06BB36E4BD3F8E03013F4A02F27D16F4B81
S214036DD06F4A1B7873B916F480530BD1117849B1F7
S214036DE06C492207D1F8E01E58BF022321FA03F3A9
S214036DF09B0714D10420FDF78FFE674B6749D966BE
S214036E00FFF7C2F8624A13782BB9654B654A1B68CD
S214036E102340134201D144F4804426F48056BBF148
S214036E20000F1DD01BF4805F18BF44F480241BF4AE
S214036E30807F18BF44F400241BF4005F18BF44F09F
S214036E4010041BF4007F18BF44F020041BF4806F6B
S214036E5018BF44F040041BF4006F18BF44F08004CE
S214036E60B8F1000F45D018F4802F18BF45F400750D
S214036E7018F4803F18BF44F4805418F4801F18BFDA
S214036E8044F4003418F4800F18BF44F0020418F4D6
S214036E90003F09D03A4BD3F88830580055D5424BBB
S214036EA01B68984704430D4318F4000F18BF45F0BA
S214036EB0100518F4002F17D0364BD3F8B03E13F056
S214036EC0C00F11D02E4B5A68C2F30362032A01D0B7
S214036ED0072A3DD1D3F88C20D10639D4D3F8902095
S214036EE0120735D444F4001418F4001F18BF44F4F2
S214036EF08004002E00F01381300540F188802B4A71
S214036F00DFF894B0D378002B56D0013B4FF40061E2
S214036F10DBB2CBF86410D3704BBB254A1278EAB1C8
S214036F20244A40F60141D16600226EE044F48034E0
S214036F301EE744F400641BE744F4806418E744F453
S214036F40807415E744F0080412E744F48014ABE7B2
S214036F504FF40022DA6128F40028C5E7DBF8703026
S214036F6013F4A05305D04FF48073CBF850300023AE
S214036F70DAE740F60142CBF87020D5E70010084068
S214036F800040084000000840863D0020873D002062
S214036F908A3D002000100021005008400000010137
S214036FA040190020088D01001C12002040300020EC
S214036FB0883D0020005008460320FDF7ADFDDBF8B2
S214036FC00C30A348A34913F0060F02BFA24B41F6A9
S214036FD01F72DA66A14A4FF400635366D36813F050
S214036FE0060308BF1367C38A13F4006269D023F449
S214036FF00063C3820B7803F0FF0B002B65D1FDF70C
S214037000FFFEFFF701FC5B4620221C431543B1013C
S2140370100BD52E20FEF716F88F4A4FF000739366B3
S21403702002F17C4245F008055366F20608D52B208C
S214037030FEF708F8884A1023936602F17C425366EB
S21403704016F4E00F05D1F3045DD5BAF1000F00F096
S214037050A380B0023CD52920FDF7F4FF45F0040ACF
S214037060FFF7E8F998B17E497C4A7E4B53668B66F8
S2140370707D49496849040AD5774920208B665366BB
S214037080FDF7E0FF2D2045F00C0AFDF7DBFF16F4B5
S214037090800B724D1ED00420FDF73EFD2720FDF722
S2140370A0D1FFFFF7B1FB4FF480036B666F4BD3F84A
S2140370B0E03E59065EBF6E4B02221A604AF0020A91
S2140370C01DE00B784FF400539FE74FF400432BE784
S2140370D0AA46DCE7F3024CD50420FDF71DFD282065
S2140370E0FDF7B0FF2B6F002B40D1FFF78DFB5A4AFD
S2140370F05C4B936602F17C424AF0010A5366574B97
S21403710000221A655546730509D55A4A9378002B0B
S21403711000F09280013B9370002349EA03094A4634
S21403712020462946FEF79EFF0FB1FCF73FFF18F4F3
S214037130002F00F086804C4B4FF40022DA6118F0E3
S214037140206F00F0828018F0007F01D0FDF7F4F97D
S21403715018F0006F01D0FDF70BFA002200204FF461
S214037160006105B0BDE8F04FFEF77CBFC5F870B010
S214037170BDE7F004C3D50420FDF7CEFC3E4BEB661B
S214037180FDF73EFEEB6D13F4A00FB8D12A20FDF7F2
S21403719059FFFFF739FB89E7364A13794BB1013BB1
S2140371A0DBB2137113B92E4B344ADA6644EA0A0487
S2140371B0A9E70420FDF7B0FC0320FDF7ADFC274B41
S2140371C02D4ADA6604F085FA82460DF10F00FEF7C3
S2140371D091F92B4B1B7883460BB1FEF7E3FEBBF10D
S2140371E0030F0ED1DFF880B00020FEF783F90328E3
S2140371F007D1DBF88C30DA03F6D4DBF874300C2BCB
S214037200F2D99DF80F30032B08D11E4B01225046AE
S2140372101A704FF0000A04F060FAC7E71A4BD3F867
S214037220E03013F4A02FF0D1FEF7AEFE504604F084
S21403723054FA4FF4804AB9E70220FDF76DFC0123A8
S2140372406BE7B8F1000F7FF47AAF05B0BDE8F08FB7
S21403725090300020883D002000500844005008402D
S21403726000500846100000020040084000100021AD
S2140372700040084440300020000001010000010DDA
S214037280893D0020873D002000100840034A012363
S214037290136202F17C42D361704700BF004008448A
S2140372A00B4B10B55C691A6A1440A2B2DA61E207A6
S2140372B004D55868C0F30360FFF7E8FF630706D5F5
S2140372C0BDE81040042200200021FEF7CBBE10BD0F
S2140372D0004008400C4A08B5136BD16B0B40936310
S2140372E0DB070FD5094B187840F65222122100F01F
S2140372F00100FCF7ABF8BDE808400022012000219E
S214037300FEF7B0BE08BD00BF00700840401900205D
S214037310044BDA6FD207FCD41A6FD96F0A409A6708
S214037320704700BF0030084070B50D46144604F0A1
S214037330D0F9064BD3F8B06E74402C407440C3F8B3
S214037340B04E04F0CAF906EA050070BD001000212D
S214037350044BD3F8B03E31EA03030CBF01200020F0
S214037360704700BF00100021431C07D0044B6FF08A
S214037370FF029A6103F1007310409861704700BFE3
S2140373800070084409490A4AD1F8EC0010B50423F2
S2140373900124C2F8EC308C624FF40051516241076D
S2140373A044BF02F10072C2F8EC3010BD0010084072
S2140373B0001008440C4BD0F8C42010B5C3F8B42012
S2140373C0027C0446D20102F400624FF40061FFF728
S2140373D0ABFF237C13F0100F14BF044A044A4FF488
S2140373E00073C2F8883010BD001E00210040084616
S2140373F00040084437B5204D0C4641B90A460721DC
S214037400FFF792FF1D4BEC625C6003B030BD0722B2
S2140374101146FFF789FF1A4B07225A60237985F82E
S2140374202C3063790193012101A815F034F9019BEF
S214037430C2B2D34000F00F0040EA031085F82D00D7
S214037440A27985F82E20E27985F82F2022682A6310
S2140374502BB102EB430132F8023B8A4205D1227973
S214037460013A1344074A9361CFE732F8020B83428B
S21403747028BF0346F1E700BF001F00212C1F002191
S214037480000008440000084010B5054C237823B1DB
S21403749001F06CFD0020207010BD0320FCE700BF48
S2140374A08F3D002008B501F04BFD024B01221A70F8
S2140374B0002008BD8F3D002000F01803182B074B53
S2140374C002D100229A647047010701D50122F9E729
S2140374D0C206F6D540F20112F4E700BF001F0021F2
S2140374E03A4B2DE9F3411D6840F2022317460B4041
S2140374F000F00102134306460C463AD0A10709D50D
S214037500334BD3F8E03E03F0C003402B02BF314BAE
S214037510022119604FF000080AB30023002201205D
S2140375200021CDE90088FEF7B5FD4FF0FF31284670
S214037530FDF784FF414668830120FBF773FD696B03
S21403754005F1A400FDF7EAFF23490868FFF70CFFDF
S2140375504FF0FF330B602B7C43F008032B74A2051C
S21403756007D50121284614F023FC24F400740643AF
S2140375700C43D5E93E233240234052EA030103D0AD
S2140375801649284609688847FB070FD51449154A44
S2140375900868136800211160134A0121117003B1B2
S2140375A09847124B00215B680220984717F00E0F8E
S2140375B008D04FF4FC723B21002002B0BDE8F04136
S2140375C0FBF744BF02B0BDE8F08100BFB82F002030
S2140375D00010002100400846181200201412002054
S2140375E0C0300020BC300020903D00200012002058
S2140375F0F7B5D0E93EC7DDE90865044687EA050125
S2140376008CEA06001040194080EA0C007940C4E971
S2140376103E0123F4004105EA010322F001000025A0
S21403762043F4007306EA000243F00203CDE9005573
S214037630FEF730FD237C9A0717D5D4F8FC309B055C
S21403764013D54FF48031204614F0B2FB237C65F348
S21403765041032374D4E93E2302400B4052EA03015C
S21403766003D00349204609688847002003B0F0BDCD
S2140376701412002038B10368044A002B08BF1346CF
S214037680034A13607047014BFAE700BFC5C2040004
S21403769014120020024B586B00F00F00704700BF17
S2140376A0001F002170B531F00F0406460D460ED1BB
S2140376B001F090F801280CD107494B6B23F00F0219
S2140376C02A434A63304614F060FF204670BD01200B
S2140376D0FCE70220FAE700BF001F0021014B986B6E
S2140376E0704700BF001F0021014B002099637047BD
S2140376F0001F002103282DE9F7434CD8274B13F826
S2140377000080274B1E5C274B13F8009003F0E1FF25
S2140377100746FEF797FE054640B10023CDE9003342
S2140377200022002301200021FEF7B4FCFEF792FEA0
S21403773048B10023CDE900330022002300204FF494
S2140377400041FEF7A7FC26B3174B5C6C04F0080455
S214037750164B31465C644046FFF7A2F84A4631466C
S2140377604046FFF707F9124B5C6465B1114B186886
S214037770416BA430FDF7D2FE0F490868FFF7F4FD0E
S2140377804FF0FF330B60384603B0BDE8F04303F019
S214037790A4BF3446DCE703B0BDE8F083442C050001
S2140377A0482C05004C2C0500000008400000084447
S2140377B000000846B82F002018120020104AD2F8FE
S2140377C0883013F0A00F16D1D2F88C0010F0040006
S2140377D013D10C4BD3F8E03E23F07F4323F0FF0393
S2140377E05BB15368C3F30363092B07D0B3F10C00F3
S2140377F018BF01207047002070470120704700BF64
S214037800004008400010002173B516461BB10191D5
S214037810FFF7B8FD01990A480368046A03F00703F3
S2140378209D1D0123AB40C4F30C041B1B9CB2B44246
S21403783028BF34462246FCF71BFA204602B070BD2A
S21403784000100840F8B50E46074688B9194B1B6862
S2140378504BBBC1F11C040125C4F11C03002BB8BFAC
S2140378605B42232B23DC7DB1134B1E700020F8BD37
S21403787000F0B0FF012818D10F4B93F90040C4F174
S2140378801C04A41B0025E7E7FE7403F022FF0B4A43
S2140378905369E40223F4FF2304F4FF241C435461D6
S2140378A003F01BFFE2E70320E1E70220DFE7012006
S2140378B0DDE700BFB82F00208E3D00200070084093
S2140378C008B5FFF777FD03F004FF074AD2F8B03E8A
S2140378D023F02003C2F8B03E03F0FFFE034B022260
S2140378E01A60002008BD00BF0010002100400846B3
S2140378F090F8C23053B9074BDA69920208D49B6FEB
S21403790013F4706F14BF01200020704700207047E7
S2140379100120704700600840F8B51446426B82EABF
S21403792004030B4053404363344A01F00B030D46F4
S21403793023EA0401516402F10072234069070646F4
S214037940536411D50121FFF7D3FF68B1FEF73EFF5D
S21403795014F0040F14BF2A4A2A4A4FF40073D36163
S214037960294B0422C3F88820EA0606D514F0100F24
S214037970264B14BF00221B22DA642B061DD52706CE
S21403798016D51F4B4FF400129A6103F17E43012272
S214037990C3F8F82003F09DFE0E2107460320FDF7EB
S2140379A011FD1A4B40F201225A62384603F095FE47
S2140379B0214606F1A400FDF7B1FDE80503D5E10570
S2140379C016D5FDF7C9FCAA0503D5A30513D5FDF700
S2140379D0D3FC15F0600F09D0D6F89410304614F097
S2140379E072FC0B4B58640B4B80229A600020F8BD48
S2140379F0FDF7AAFCE7E7FDF7B7FCEAE70000084453
S214037A000060084600600844004008440000084040
S214037A10001F002100400840014B1868704700BF54
S214037A20C430002037B5012300240022CDE90034FA
S214037A30002310461946FEF72DFB0220FDF76CF8CF
S214037A40054D064B21461C6002206B6898472B6841
S214037A5003B0BDE83040184700120020BC300020B9
S214037A602DE9FF41022903900C461546984603D19B
S214037A70FFF7D8FF00202EE0194E03F02AFE3368E6
S214037A8007460BB1AB4229D1164B3560C3F80080CD
S214037A9001230022CDE90033002310461946FEF7E2
S214037AA0F9FA114B002502201D70FDF735F8224622
S214037AB02B4603A90220FDF74DF80C4B039A1A60D8
S214037AC00B4B1B6804469847384603F006FE002C0B
S214037AD0D0D13460012004B0BDE8F0810024F3E780
S214037AE0BC300020C0300020903D0020C430002071
S214037AF000120020044BDB6D5B055ABF034B18785E
S214037B00012000F00100704700500840903D00201F
S214037B10014B9869FDF768BC00600840014B986903
S214037B2014F074BB00600840837C5A1F012A01D9F5
S214037B30082B05D14B7C2BB1012B05D0022B05D08E
S214037B4014F001BC02487047024870470248704769
S214037B5020A1070048E8010040420F0070B50E461A
S214037B6003F0B7FD054600F04FFE044620B1284655
S214037B7003F0B3FD204670BDFEF728FE114B3278A6
S214037B80D3F8E03E022A23F0F00316D0042A0CBFF3
S214037B900222002243EA02137278022A0FD0042A32
S214037BA00CBF0222002243EA8213064AC2F8E03ED2
S214037BB0054B0422C3F88820D9E70122EAE701220D
S214037BC0F1E700BF001000210040084470B50E46E0
S214037BD003F07FFD054600F02FFE044620B128463D
S214037BE003F07BFD204670BDFEF7F0FD104B3278A8
S214037BF0D3F8E03E022A23F00F0315D0042A0CBF65
S214037C000222002213437278022A0FD0042A0CBFE2
S214037C100222002243EA8203054AC2F8E03E054BED
S214037C200422C3F88820DAE70122EBE70122F1E712
S214037C300010002100400844F8B50E7890F8D07084
S214037C40044630460D46FCF7AFFAC8B384F8D06056
S214037C50AB88A4F8D4306B88A4F8D230AB886364BE
S214037C60FF23A3753046FCF75BFB04F1D006607573
S214037C703046FCF7AFFD054618BB3046FCF78AFADC
S214037C800546F0B9D4F8903053B194F8D010B94201
S214037C9006D0B3F912202046D5F74CF884F8D9005D
S214037CA02046FCF77DFC0949A4F8D400084AD1F81D
S214037CB0F810012304F1A400FDF7F2FE2846F8BDF0
S214037CC00125032384F8D030F8E700BF001F002106
S214037CD0681F002170B5054690F8D00003280C46AF
S214037CE01DD0FF291DD01AB10F4B4FF0FF321A607B
S214037CF0FCF716FB064695F8D000FCF7FDFA84421F
S214037D0028BF0446E4B2B44238BF3446E0B2A8758E
S214037D10FCF7A6FBA0F1FF035842584170BD0220B2
S214037D20FCE70120FAE700BF0812002070B5C36B1A
S214037D30012B84B003D10025284604B070BD374B11
S214037D40D0F89060D3F8F830C0F894303146058BFD
S214037D50044614F081FAB3898DF80E00D6E90121A2
S214037D60EB1A9BB201FB032202A80021ADF80C30EC
S214037D700292FDF75FFD18BB294B228BDA63FCF7F3
S214037D80F7FC05460028D7D1237C60F34103237410
S214037D9014F035FAD4F890305A69431EDBB21268F1
S214037DA00192FD2B10D9D61C0ED91E4B01321B682F
S214037DB010D0D91CC0D8024601A92046019306E07C
S214037DC00225284604B070BD024601A9204614F0D9
S214037DD09FF9B1E7DA1C05D8024601A920460193AC
S214037DE014F096F9D4F8FC309B0504D4237C43F0B6
S214037DF002032374A0E74FF48031204613F0D8FF24
S214037E00D4F8F820D4F8FC3002400B4052EA0301C1
S214037E1092D005492046096888478DE7001F002150
S214037E2000300840101200201412002038B590F8D5
S214037E30DC400546ACB103F04CFC0A4B1F22DA616A
S214037E40013C03F100731440DC6103F17A43D5F877
S214037E50E0201A66D5F8E4205A66BDE8384003F0F9
S214037E603CBC38BD006008442DE9F74F80461546F4
S214037E70084619B9012003B0BDE8F08F002AF9D0EF
S214037E80032904D80021FCF7B3F80028F2D082783F
S214037E90048803794679C788B0F90000002802F001
S214037EA00701C0F2CE80A1F1070CDCF1000040EB25
S214037EB00C00052928738CBFC2F300100020C2F300
S214037EC0801C6873900985F810C000F00200C2F3A6
S214037ED0C00C40EA0C00C2F340126874AA74AF8266
S214037EE00BB998F8CA30013BDBB2EB74D8F83430E0
S214037EF0D80600F18F800639012900F28B80524B99
S214037F00DB6C524B5A6B1B6B03F0070306330127DC
S214037F109F40013F083C42F0005A3C4000231AF8B9
S214037F2004B0AB6001343C40621D3A40531C3B40F6
S214037F30BBF1800F1AF803101AF8023098F81220D3
S214037F4018BFABF1320B43EA012314BF4FFA8BFB86
S214037F506FF07F0BC3F30B098AB30020D8F89C306D
S214037F600BB159469847631C3B40E87385F80EB03F
S214037F701AF8031001333B401AF8032001333B4041
S214037F8041EA02211AF8032001333B4041EA024149
S214037F901AF803006A7C002341EA00614046FDF7B5
S214037FA089FE286098F81230042B04D1B9F1040F27
S214037FB09CBF033028600423AB7100205BE7D90421
S214037FC024D5D8F89430A3B11A68022A11D993F8A5
S214037FD024304FEAC9000BB1B0FBF3F08642BCD89D
S214037FE00028BAD0C6EB0626B6FBF0F0C043C0B2F4
S214037FF0B4E729464046FFF797FD0190404614F044
S21403800092F9019BB3FBF0F0C3B2E2E71AF804005F
S2140380104000ECE70023EB730D4BDA68C2F307234B
S214038020120448BF63F0FF035AB212F1800F18BF61
S214038030323B4FF0000018BF5AB2AA732860A871EB
S21403804019E7022017E700BF0000084000100840A9
S2140380500070084070B50A4B0A4DD3F8EC604FF435
S2140380608064C5F8EC400020FEF760FC4FF4005334
S2140380706B65730544BF044BC3F8EC4070BD00BF8B
S214038080001008400010084400100846082318B1E2
S214038090024AC2F888307047014AFAE700400846A9
S2140380A000400844F8B504460E4619B990F9103056
S2140380B0002B5FDB484BA18BD3F88420D4F8947055
S2140380C012F4E05F04BF2022C3F810224FF6FF73BA
S2140380D0994261D0414B1B68002B5DD0404D204632
S2140380E09847D4F894102A688A4207D0204614F09A
S2140380F0EAF83C4B58643C4B80209860974250D03B
S2140381003A4B1B684BB11FB13A68002A5DD0BF6873
S214038110394620469847D4F89410084614F0ECF8ED
S21403812000284ED03249FDF721FC20460727FCF7EE
S21403813037FA002E3BD02F4B94F9132093F90030D7
S2140381402D49D4F89400C3F11C039B1A4A69DB0239
S21403815022F4FF2203F4FF231343284A4B61284BE0
S214038160286006211167204601221A7014F00DFAC2
S2140381700020F8BD037C184AD0F8947061F3C71347
S2140381800374D2F884304FF6FF7113F4E05F8183F3
S21403819002D12023C2F81032114D2A68BA4239465A
S2140381A0A4D120460127FCF7FBF9002EC3D10D4BC3
S2140381B00F4AD3F8F81004F1A4003B46FDF770FC11
S2140381C0B9E7204613F04CFDACE717463946204680
S2140381D09847D4F89410A0E700600840B830002011
S2140381E0AC300020001F002100400840A8300020CB
S2140381F0681F00218E3D00200070084000000844E0
S2140382008D3D002038B5C1F308058D421BD100F023
S214038210E1FA0128044618D1D3F73EFB00221146A3
S2140382200220D3F73DFA0A4B0A4A1A6303F1007396
S214038230ED0202201D6322462146D3F731FAD3F717
S214038240FBFA002038BD0120FCE70220FAE700BF56
S21403825000400E4400F80F0002484822002114F0A4
S21403826064BA00BFE41E0021032337B580F8D0307C
S21403827000234FF0FF35C3746423C0E92C33C0E9F1
S2140382802E33C0E907554564C0F8AC30A0F8C030BB
S2140382904575C58204461120D2F7C8FF042835D198
S2140382A01C4B5B6813F4403F30D12046FEF7DAF8E8
S2140382B02046FFF7D1FF94F913102046FFF7C2FAC2
S2140382C0154A6023536402F5805240F6FF715162EB
S2140382D05165124A5364124B4022C3F88820626BDE
S2140382E029462046FFF718FB0E230022CDE900336C
S2140382F040F2022310461946FDF7CCFEFBF7E6FFD5
S214038300204603B0BDE83040FBF786B8022003B032
S21403831030BD00BF00300E40000008400000084695
S214038320004008440A68F8B50346013208BFD3F88C
S214038330AC20B0F8D44008BF0A604A68013204BFD4
S214038340D3F8B8204A608A68571C00F1A40039D1D4
S214038350D3F8B450CA688D60561C39D1D3F8B060D0
S2140383600A69CE60013204BFD3F8A4200A614A69C1
S214038370013204BFD3F8A8204A618A69013204BFD8
S214038380D3F8BC208A618F6947B304F14102BA422D
S21403839038BF3A460C688A61C3E92B464C68C3F873
S2140383A0B450C3E92E420A69C3F8A4204A690C49AB
S2140383B0C3F8A820D1F8F8100A4A0723FDF770FB84
S2140383C00020F8BD04F14105954238BF1546C1E7C4
S2140383D004F16406964238BF1646C1E76422D9E71D
S2140383E0001F0021681F002138B5084D0446286881
S2140383F0003818BF0120621C214600F093FD2B684D
S214038400003B18BF0123A370002038BDB430002002
S21403841038B5054C054B417800782568236000F095
S214038420F7FC00B1256038BDB4300020502C0500A1
S21403843070B503F04EF90C4E054600F0CBF9012853
S21403844004D0284603F049F9022070BD736813F080
S214038450706FC3F30364F0D1F36BDB06EDD52846E8
S21403846003F03BF92046F0E700400840037C61F345
S2140384708203037429B1044B1968044B002918BFFF
S2140384801946034B19607047B43000205C2C050076
S214038490B030002038B503F01CF90B4A13884FF6AA
S2140384A0FF718B4203D103F018F9032038BD074C44
S2140384B0074DE56504F100741B04E365118003F0C2
S2140384C00CF90020F2E700BF2A13002000600844DE
S2140384D00000FFFF2DE9F34104460F461546FFF75C
S2140384E06DF9A0B1DFF84C82D8F80C30DB0704D462
S2140384F00326304602B0BDE8F08103F0EAF80646EC
S2140385000320FCF735FC20B1304603F0E6F80226DC
S214038510EFE7D8F80C3013F0060F3046F5D103F02A
S214038520DCF8784B4FF400612046D3F8E08ED3F89E
S214038530B86EFEF70DFF40B1734B4FF40072012186
S214038540C3F888200846FAF76DFD39462046FAF741
S21403855023FF6C4BC3F8B86EC3F8E08E06460028BC
S214038560C7D1237C9F0601D4002D58D0C5F3400005
S214038570FEF7F8F815F4807F14BF644A624A4FF09A
S21403858002031BBFC2F88830614AC2F88830002154
S2140385901CBFD1609362FEF719F915F0040F14BFE0
S2140385A05C4A5D4A4FF48063D361574B042215F04F
S2140385B0400FC3F8882014BF584A594A4023284618
S2140385C0C2F88030FEF778FF204613F00DFF40B167
S2140385D015F0010F14BF4D4A4B4A4FF48073C2F88F
S2140385E08830A80645D5638C4FF6FF7293420FD0AA
S2140385F04C4A4D49D26D100CC2F301120880013269
S2140386004549B3FBF2F3434A4848C8651B04D365A0
S214038610237C003D18BF012565F3451323742046CC
S21403862013F0B0FF00283DD0204613F0DDFEE0B186
S2140386304FF400312046FEF78BFE00280CBF0123C3
S2140386400223032201A9324813F019FD9DF80410F2
S214038650374A01F00703052B9DF8053018D10907A3
S2140386600AD443F48073C2F8C030002013F068FDC8
S2140386703FE7FFF70FFFCBE713F0040F08BF9DF8A4
S21403868006302B4A0CBF43F480734FF48073EAE73B
S21403869003F03001202902D113F0010FEEE79DF815
S2140386A00630E0E7204613F0CFFF0028DDD0204653
S2140386B013F09AFE0028D8D0237DA3F10C02012ADA
S2140386C01BD8238B032B1AD0194B93F8C93003F00E
S2140386D00703072B0CBF082406240D48214613F076
S2140386E0D7FC431C3FF404AFC0B2114B062C08BFA3
S2140386F000F00F0083F8C800B7E70E2BE3E7092462
S214038700EBE700BF00100021004008440040084685
S21403871000100840006008460060084400700846E1
S21403872000700844006008402A1300200000FFFF82
S214038730001E00210050084008B50B4BD3F8B43098
S2140387405A1C0FD05B000DD40320FEF7D3FF074B54
S2140387504FF08062C3F89420054A4FF400715162CB
S2140387600122DA6008BD00BF0081E00F0040084622
S21403877000000840024B4FF40022C3F888207047DD
S21403878000400844024BD3F88800C0F3C04070474B
S21403879000400840014B024A1A607047A830002088
S2140387A0F5730300024BD86800F00100704700BF62
S2140387B000500840064BDA68D20702D508B9FCF722
S2140387C085B9DB68DB0702D408B1FCF771B97047DB
S2140387D000500840094B5B68C3F30363013BDBB2FD
S2140387E00B2B02D8064AD05C7047064BDB6813F0A7
S2140387F0060F0CBF01200420704700BF004008404E
S214038800642C0500005008400A4A5368C3F303610A
S2140388100B2906D00C290AD0092914BF00200220F0
S2140388207047D2F8880010F48030EED170470220EB
S214038830704700BF004008400C4A5368C3F3036107
S214038840062906D804290CD8032914BF00200220C1
S2140388507047072907D1D2F8440110F00050ECD135
S2140388607047022070470020704700BF0040084052
S2140388700E4B30B511F0010F4FF00F04DC650C4CB6
S21403888012D08AB90125E5650A4CC3F8FC40036C8F
S214038890074CC3F31303C4F8FC3022B1064BC16480
S2140388A00222C3F8B82030BD0225ECE70060084476
S2140388B000600846FFFF0F000010084013B5837CD6
S2140388C0033BDBB2072B96BF104A0021D15C04465C
S2140388D0FEF70AFF0120FCF7C3FB0D4B4FF4F062D3
S2140388E05A6403F100734FF400725A64A37C053B89
S2140388F0012B08D8074B04211B6E019301220DEBB5
S2140389000100FBF70BFA02B010BD00BF702C050088
S2140389100000084400600840012310B580F8C23008
S2140389202823C0F8A83004238374054B044619682B
S21403893013F098F92046FFF7C1FF002010BD00BFD3
S214038940F04A0500012310B580F8C2302823C0F88A
S214038950A83002238374054B0446196813F082F982
S2140389602046FFF7ABFF002010BD00BFEC4A050012
S214038970012910B5044604D90239012914D9032064
S21403898011E00B4B19680523012284F8C2204FF42B
S214038990BC72C4F8A820A374204613F063F92046DB
S2140389A0FFF78CFF002010BD024B19680623EBE788
S2140389B0E84A0500F44A0500174B30B507245C6304
S2140389C0164C03F17C43C1B1442540F04000DD6200
S2140389D01863012363634FF4804302B989B90F4ACE
S2140389E0C2F8A03089B10C4B4FF48042C3F8A420E0
S2140389F0C3F8A820C3F8AC200DE0D96219636163FD
S214038A00E9E7054AC2F8A030EDE7C2F8A430C2F899
S214038A10A830C2F8AC3030BD000008440000084659
S214038A202DE9F04F89B09046039305460F4602F0B2
S214038A3050FE012106460020FDF732FFAB7C033BC8
S214038A40DBB2072B96BF5C4A4FF0000B12F803B05D
S214038A50032F00F2AE80DFE807F0025E6974574B1F
S214038A60DFF87C91D3F800A00222AA74012285F8CD
S214038A70C220BAF1000F00F09C80D5F88C20524536
S214038A8007D05046FBF778FB0022C5F88CA0C5F844
S214038A90902041462846FAF705FB002204460121AA
S214038AA01046FDF767FF5F4508D0D5F89020DAF843
S214038AB004101268284613F002FD0446039BDFF8F1
S214038AC024A1A3F15A00FCF7B9F9B0F57F4F3CBFD8
S214038AD03B4A126B03463CBF01329B18A3F57F4308
S214038AE0CAF8BC304846FCF78BFF0023CAF8C00020
S214038AF0CAF8C43044B9012300941A4641462846AE
S214038B00FAF758FB044608B3304602F0E6FD204663
S214038B1009B0BDE8F08F04222A4BAA740122D3F8C9
S214038B2000A0DFF8C49085F8C220A2E7264BD3F84E
S214038B3000A00522AA740122DFF8B09085F8C220AF
S214038B4097E7224B0622D3F800A0F3E7204B012237
S214038B504FF00209C3F888204146C3F80090284620
S214038B60FEF7AEFE044618B11A4BC3F80090CBE7E7
S214038B7039462846FEF7B8FD129B0593139B0693CA
S214038B80BDF85030ADF81C3005A99DF854308DF86B
S214038B901E30284613F00EFA04460028B4D10E49B8
S214038BA00E4AD1F8F810072305F1A400FCF778FF66
S214038BB0AAE70124ABE700BF702C0500EC4A0500CA
S214038BC000500840F04A0500E84A0500F44A05004C
S214038BD00040084600400844001F0021681F00218B
S214038BE0785D0200001E0021F81E0200F87D0700D3
S214038BF010B50C4CD4F8003203F00702022A0BD04F
S214038C0003F00303012B0AD102F018FCD4F8183240
S214038C1003F00303D84010BDD1F75AFCF6E7002053
S214038C20F4E700BF00400E402DE9F84FDFF8FCB034
S214038C302DED028BDBF800A081460F46FCF7AEF85D
S214038C404FF0FF3508EE100A08EE901A00202C4667
S214038C50064606F110031B015BF8033003F0030816
S214038C60B8F1010F17D13046FCF7B0F802460B46B1
S214038C7018EE100A18EE901AFBF73CFFDBF85C3090
S214038C8006F10802D340DB0738D5002F3FD0002576
S214038C903E602C4640460136052EDAD150B3234EAD
S214038CA0336B0133A4FB03345D190AF4403344F1F8
S214038CB00004B3F5003F4FF0000130D1F36A0AF425
S214038CC0405A013341F10007BAF5805F22D1B66AF4
S214038CD016F5807641F10001774303FB0171A6FB8D
S214038CE003320A445C4305FB0242A3FB05351544E5
S214038CF0C9E90035BDEC028BBDE8F88FA84271EBDD
S214038D000403C7D207B13E6005460C46C2E73D469C
S214038D103C46BFE73A0242EA13621B02E2E7B36A43
S214038D2013F5807341F10002DCE700BF00500840F2
S214038D302DE9F843254C264D264E02F0CAFC0023A7
S214038D40D4F86880A366D4F800212A612A7B12042B
S214038D5042F00302C4F800216A7B511C0746C8B2DE
S214038D600121814031614FF4807161667168083278
S214038D700131A96046F82210AA6801327168E06DD5
S214038D8010F4807913D18A42F8D13BB1384602F009
S214038D90A4FCC3221A214846FAF758FB6A7BAB6841
S214038DA008320233AB6046F822300123E4E74FF47F
S214038DB080736366084BC4F868800122C3F80021F9
S214038DC03846BDE8F84302F088BC00BF00500840B0
S214038DD0903000200040044000500844024B99683D
S214038DE05A690A401A6170470040044008B5FFF705
S214038DF0F5FF054B5B7B01330122DBB202FA03F37B
S214038E00024A136108BD00BF9030002000400440B2
S214038E100B2873B576D8012974D83B4D3B4B287382
S214038E2069731B6858002DD4394E3A4AD6F89040D9
S214038E300123A10513605FD422045FD414F08004D9
S214038E405ED140F21F121B212046FAF7FFFAD6F82E
S214038E50003223F007032343C6F800322E4B0122C9
S214038E60C3F81022A3F5202303221A60294A0723F6
S214038E70536102F17C421361244B4FF08042C3F8E6
S214038E8080211A6001214FF48A40D2F729F96B7BBF
S214038E902A7B22490133143243F4801343F480536C
S214038EA041F82230FCF7F0F941080191C407FFF7B7
S214038EB09FFE002302460199204600F051FD090259
S214038EC041EA1061C0F3C05040EA4100144B2860E9
S214038ED0986A10F5807005D14FF4E1722B21FAF7EA
S214038EE0B5FA0220024600230020012100F038FDD7
S214038EF06860002002B070BD0224A8E70524A6E738
S214038F001C46A4E70120F5E79030002000E100E0CE
S214038F1000400E400040044400400E4600600E40F1
S214038F200050084028B1054B187B08705B7B137014
S214038F30704707230B700123F9E700BF903000202A
S214038F4007B502F0C6FB0190FFF7F2FE054B01984A
S214038F5002225A60044B01221A7003B05DF804EB38
S214038F6002F0BBBB00500840913D00200C490B7833
S214038F70A3B10C4B5B7B5A1C012393400A4A5361F3
S214038F800A4B4FF08042C3F8802100230B70084B36
S214038F90D3F80C01D3F8041100F0AAB8704700BF49
S214038FA0913D0020903000200040044400E100E0A2
S214038FB00050084010B50446FFF71AFE604300F55C
S214038FC0F420034B00F59070B0FBF3F010BD00BF28
S214038FD040420F002DE9F04385B0FFF7EBFF05464F
S214038FE002F077FB3D4F0021064602A83970FFF7D3
S214038FF01BFE3B4BD3F8048003F5802304465B68D3
S21403900013F0706F1ED1374BDB6813F00603019322
S21403901018D1E8B1FCF738F9691DA1FB009100915E
S214039020FFF7E6FD019B00990246484600F098FCD0
S214039030029B090241EA106100029842039B71EB0E
S214039040030305D3304602F048FB05B0BDE8F083C2
S214039050FFF76EFE002C3BD0DDE90249FFF7C8FDA3
S214039060230A43EA0963A0FB03434FEA192100FBE3
S21403907001310091FCF708F9024620461A4C009984
S214039080002300F06DFC617BDFF854E08B000135B4
S21403909003F14023A8EB050803F58023013108EB11
S2140390A000021A625FFA81FC012202FA0CFC8A4073
S2140390B00E49CEF810C04A61DEF804201B6A2D1A4A
S2140390C0D31AAB4204D2074B2269C3F80021B9E78F
S2140390D0044B02225A6001233B70B3E7913D002004
S2140390E000400440005008409030002000400446F2
S2140390F02DE9F74F664C674A237B01911B05936066
S214039100654FDFF89C914FF40033936002237B6036
S214039110D9F80430064603F1FF384FF0000AA3EBF4
S2140391200803002B40F3A8800AF1010ABAF1020FE4
S21403913040D9CE220D210020FAF788F9564D574A1A
S2140391404FF080736B662369C5F80031237B1B05DC
S21403915043F40033936002F0BCFAD5F818C0D5F890
S2140391605CE000210A464FF4807801F110031B01EE
S214039170EB5803F00303012B0ED108FA01F313EAAD
S2140391800E0F09D105EB0117B445D7F80C717AD346
S214039190BE4201D2BC4578D201310529E5D122B1C0
S2140391A0E38A1343E3823C4B1A6603B0BDE8F04FF1
S2140391B002F093BA02F08DFA4FF080737B66D9F80B
S2140391C0043003F10108637B083349F823803B68C6
S2140391D0DB034FD5A5682368A8EB0505A5FB03E5C8
S2140391E0BB6A03F5807C6368A5FB0312AEFB03B37F
S2140391F05B1842F10002ACFB031BBEEB01010CFB48
S21403920002BB65EB0B05090A41EA0561019D29448A
S214039210B1EB1C2F4FEA1C2503D3013342F10002A6
S214039220491B043DA94228BF29463961617DBD69B2
S214039230F318C9B242F10002AE423D6B84BF01F19E
S214039240FF31C9B2B5F1FF3F0ED04FF0000E05F166
S214039250010C9D427EEB020B08D20131B3EB0C03EB
S214039260C9B262F10002F4E70A44D1B201F0030185
S2140392706175BB6102F031FAD9F80430FA6DD20198
S2140392807FF54DAF5AE7BE4284D213439AB283E7C3
S2140392909030002000500846005008400050084414
S2140392A00040044070B54FF0FF0C4CF4E06C1CEA31
S2140392B011541DBF1CEA135594EA0C0F95EA0C0FC4
S2140392C000F0DEF82C4481EA030621EA4C5123EA37
S2140392D04C5350EA013518BF52EA033541F4801166
S2140392E043F4801338D0A0FB02CE4FF00005E1FB19
S2140392F002E506F00042E0FB03E54FF00006E1FB63
S21403930003569CF0000F18BF4EF0010EA4F1FF04A5
S214039310B6F5007F64F5407404D25FEA4E0E6D41E5
S21403932046EB060642EAC62141EA55514FEAC520F6
S21403933040EA5E504FEACE2EB4F1FD0C88BFBCF572
S214039340E06F1ED8BEF1004F08BF5FEA500E50F123
S214039350000041EB045170BD06F0004646EA0101E9
S21403936040EA020081EA0301B4EB5C04C2BFD4EB1B
S2140393700C0541EA045170BD41F480114FF0000E14
S214039380013C00F3AB8014F1360FDEBF002001F082
S214039390004170BDC4F10004203C35DA0C341BDCFC
S2140393A004F11404C4F1200500FA05F320FA04F0CE
S2140393B001FA05F240EA020001F0004221F0004102
S2140393C010EBD37021FA04F642EB06015EEA430E75
S2140393D008BF20EAD37070BDC4F10C04C4F12005A5
S2140393E000FA04F320FA05F001FA04F240EA020058
S2140393F001F0004110EBD37041F100015EEA430E29
S21403940008BF20EAD37070BDC4F1200500FA05F248
S2140394104EEA020E20FA04F301FA05F243EA0203C7
S21403942021FA04F001F0004121FA04F220EA0200D6
S21403943000EBD3705EEA430E08BF20EAD37070BD1C
S21403944094F0000F0FD101F00046400041EB0101FC
S21403945011F4801F08BF013CF7D041EA060195F0DE
S214039460000F18BF704703F00046520043EB030398
S21403947013F4801F08BF013DF7D043EA0603704785
S21403948094EA0C0F0CEA135518BF95EA0C0F0CD090
S21403949050EA410618BF52EA4306D1D181EA0301D6
S2140394A001F000414FF0000070BD50EA410606BFD0
S2140394B01046194652EA430619D094EA0C0F02D115
S2140394C050EA013613D195EA0C0F05D152EA03365A
S2140394D01CBF104619460AD181EA030101F0004178
S2140394E041F0FE4141F470014FF0000070BD41F0C1
S2140394F0FE4141F4780170BD81F0004102E000BFF7
S21403950083F0004330B54FEA41044FEA430594EA3B
S214039510050F08BF90EA020F1FBF54EA000C55EA76
S214039520020C7FEA645C7FEA655C00F0E2804FEA47
S2140395305454D4EB5555B8BF6D420CDD2C4480EA29
S214039540020281EA030382EA000083EA010180EA59
S214039550020281EA0303362D88BF30BD11F0004FA7
S2140395604FEA01314FF4801C4CEA113102D04042DD
S21403957061EB410113F0004F4FEA03334CEA133318
S21403958002D0524263EB430394EA050F00F0A78030
S214039590A4F10104D5F1200E0DDB02FA0EFC22FA2B
S2140395A005F2801841F1000103FA0EF2801843FA1F
S2140395B005F359410EE0A5F120050EF1200E012A10
S2140395C003FA0EFC28BF4CF0020C43FA05F3C0184E
S2140395D051EBE37101F0004507D54FF0000EDCF1C7
S2140395E0000C7EEB00006EEB0101B1F5801F1BD370
S2140395F0B1F5001F0CD349085FEA30004FEA3C0C74
S21403960004F101044FEA445212F5800F80F09A8069
S214039610BCF1004F08BF5FEA500C50F1000041EB6D
S214039620045141EA050130BD5FEA4C0C404141EB71
S2140396300101013C28BFB1F5801FE9D291F0000F6C
S21403964004BF01460020B1FA81F308BF2033A3F11B
S2140396500B03B3F120020CDA0C3208DD02F1140C12
S214039660C2F10C0201FA0CF021FA02F10CE002F14D
S2140396701402D8BFC2F1200C01FA02F120FA0CFC46
S214039680DCBF41EA0C019040E41AA2BF01EB04518F
S214039690294330BD6FEA04041F3C1CDA0C340EDC8D
S2140396A004F11404C4F1200220FA04F001FA02F3D0
S2140396B040EA030021FA04F345EA030130BDC4F18E
S2140396C00C04C4F1200220FA02F001FA04F340EA83
S2140396D00300294630BD21FA04F0294630BD94F034
S2140396E0000F83F4801306BF81F480110134013D1B
S2140396F04EE77FEA645C18BF7FEA655C29D094EA8C
S214039700050F08BF90EA020F05D054EA000C04BF09
S2140397101946104630BD91EA030F1EBF00210020F4
S21403972030BD5FEA545C05D14000494128BF41F093
S214039730004130BD14F580043CBF01F5801130BDF7
S21403974001F0004545F0FE4141F470014FF0000082
S21403975030BD7FEA645C1ABF194610467FEA655C33
S2140397601CBF0B46024650EA013406BF52EA0335D5
S21403977091EA030F41F4002130BD00BF90F0000FC3
S21403978004BF0021704730B54FF4806404F13204FF
S2140397904FF000054FF0000150E700BF90F0000FB8
S2140397A004BF0021704730B54FF4806404F13204DF
S2140397B010F0004548BF40424FF000013EE700BFAF
S2140397C042004FEAE2014FEA31014FEA02701FBF3F
S2140397D012F07F4393F07F4F81F06051704732F071
S2140397E07F4208BF704793F07F4F04BF41F40021C8
S2140397F0704730B54FF4607401F0004521F0004126
S2140398001CE700BF50EA010208BF704730B54FF0AF
S21403981000050AE050EA010208BF704730B511F0B0
S214039820004502D5404261EB41014FF4806404F1E8
S21403983032045FEA915C3FF4D8AE4FF003025FEA6E
S214039840DC0C18BF03325FEADC0C18BF033202EBF2
S214039850DC02C2F1200300FA03FC20FA02F001FA4C
S21403986003FE40EA0E0021FA02F11444BDE600BFEF
S2140398704FEA410212F5001215D211D56FF4787330
S214039880B3EB625212D94FEAC12343F0004343EAD3
S214039890505311F0004F23FA02F018BF40427047AE
S2140398A04FF00000704750EA013005D111F0004038
S2140398B008BF6FF0004070474FF00000704700BFCE
S2140398C04FEA4102B2F1E04324BFB3F5001CDCF1DA
S2140398D0FE5C0DD901F0004C4FEAC0024CEA507012
S2140398E0B2F1004F40EB830008BF20F00100704741
S2140398F011F0804F21D113F13872BCBF01F0004044
S214039900704741F480114FEA5252C2F11802C2F175
S214039910200C10FA0CF320FA02F018BF40F00100F6
S2140399204FEAC1234FEAD32303FA0CFC40EA0C00A8
S21403993023FA02F34FEA4303CCE77FEA625307D1E5
S21403994050EA01331EBF4FF0FE4040F4400070471C
S21403995001F0004040F0FE4040F40000704700BFB6
S21403996053B94AB9002908BF00281CBF4FF0FF317E
S2140399704FF0FF3000F074B9ADF1080C6DE904CE7A
S21403998000F006F8DDF804E0DDE9022304B07047D2
S2140399902DE9F047089D04468E46002B4DD18A429A
S2140399A0944669D9B2FA82F252B101FA02F3C2F1CD
S2140399B0200120FA01F10CFA02FC41EA030E94405E
S2140399C04FEA1C48210CBEFBF8F61FFA8CF708FB7F
S2140399D016E341EA034306FB07F199420AD91CEB57
S2140399E0030306F1FF3080F01F81994240F21C8189
S2140399F0023E63445B1AA4B2B3FBF8F008FB1033D1
S214039A0044EA034400FB07F7A7420AD91CEB040405
S214039A1000F1FF3380F00A81A74240F207816444D5
S214039A20023840EA0640E41B00261DB1D44000235A
S214039A30C5E900433146BDE8F0878B4209D9002DBE
S214039A4000F0EF800026C5E9000130463146BDE848
S214039A50F087B3FA83F6002E4AD18B4202D38242B2
S214039A6000F2F980841A61EB030301209E46002D61
S214039A70E0D0C5E9004EDDE702B9FFDEB2FA82F2B6
S214039A80002A40F09280A1EB0C014FEA1C471FFA14
S214039A908CFE0126200CB1FBF7F307FB131140EAFB
S214039AA001410EFB03F0884208D91CEB010103F1C8
S214039AB0FF3802D2884200F2CB804346091AA4B28A
S214039AC0B1FBF7F007FB101144EA01440EFB00FE5E
S214039AD0A64508D91CEB040400F1FF3102D2A645C3
S214039AE000F2BB800846A4EB0E0440EA03409CE762
S214039AF0C6F12007B34022FA07FC4CEA030C20FA0F
S214039B0007F401FA06F31C43F9404FEA1C4900FA2E
S214039B1006F3B1FBF9F8200C1FFA8CFE09FB1811AB
S214039B2040EA014108FB0EF0884202FA06F20BD91E
S214039B301CEB010108F1FF3A80F08880884240F26E
S214039B408580A8F102086144091AA4B2B1FBF9F0B2
S214039B5009FB101144EA014100FB0EFE8E4508D9AD
S214039B601CEB010100F1FF346CD28E456AD9023832
S214039B70614440EA0840A0FB0294A1EB0E01A14217
S214039B80C846A64656D353D05DB1B3EB080261EB85
S214039B900E0101FA07F722FA06F3F1401F43C5E95F
S214039BA0007100263146BDE8F087C2F12003D84095
S214039BB00CFA02FC21FA03F3914001434FEA1C47D7
S214039BC01FFA8CFEB3FBF7F007FB10360B0C43EAC9
S214039BD0064300FB0EF69E4204FA02F408D91CEB79
S214039BE0030300F1FF382FD29E422DD90238634477
S214039BF09B1B89B2B3FBF7F607FB163341EA034117
S214039C0006FB0EF38B4208D91CEB010106F1FF3865
S214039C1016D28B4214D9023E6144C91A46EA00465C
S214039C2038E72E46284605E70646E3E61846F8E6EE
S214039C304B45A9D2B9EB020864EB0C0E0138A3E737
S214039C404646EAE7204694E74046D1E7D0467BE718
S214039C50023B614432E7304609E76444023842E790
S214039C60704700BF024B0A460146186812F065BDEE
S214039C702412002008B5074B044613B10021AFF3A6
S214039C800080054B1868836A03B19847204602F0A4
S214039C90A5FD00BF000000005454050070B50D4D2F
S214039CA00D4C641BA4100026A64209D10B4D0C4C88
S214039CB012F040FF641BA4100026A64205D170BD17
S214039CC055F8043B98470136EEE755F8043B9847AA
S214039CD00136F2E780130020801300208013002053
S214039CE084130020024B0146186800F077B800BFC3
S214039CF024120020024B0146186800F003B800BF88
S214039D002412002037B5002944D051F8043C0190B2
S214039D10002BA1F10404B8BFE41800F0BFFB1E4AF1
S214039D200198136833B96360146003B0BDE830402C
S214039D3000F0BABBA34208D9256861198B4201BF5C
S214039D4019685B6849192160EDE71A465B680BB131
S214039D50A342FAD911685518A5420BD124682144A9
S214039D605418A3421160E0D11C685B685360214419
S214039D701160DAE702D90C230360D6E72568611978
S214039D808B4204BF19685B68636004BF491921608E
S214039D905460CAE703B030BD0831002070B50E4EDC
S214039DA00C463168054611B900F094F83060214638
S214039DB0284600F08FF8431C0AD0C41C24F0030482
S214039DC0A04207D0211A284600F084F8013001D1BA
S214039DD04FF0FF34204670BD0C3100202DE9F041D2
S214039DE0CD1C25F0030508350C2D38BF0C25002D9A
S214039DF0074601DBA94205D90C233B600026304603
S214039E00BDE8F0812E4E00F049FB33681C4634BB98
S214039E1029463846FFF7C2FF431C04464DD1346833
S214039E202646002E40D123683146384604EB030805
S214039E3000F050F880453AD1216803356D1A25F0B5
S214039E40030508350C2D38BF0C2529463846FFF781
S214039E50A5FF01302BD023682B4423600EE0226835
S214039E60521B1ED40B2A16D96119A342256018BFAC
S214039E705960636808BF316062514B60384604F12D
S214039E800B0600F011FB26F00706231DF21AB6D0C8
S214039E909B1BA350B3E76268A3420CBF32605A60B1
S214039EA0ECE723466468B2E734467668B9E70C23E2
S214039EB03B60384600F0F8FAA1E72560DEE700BF0E
S214039EC008310020024B0A460146186812F0C7BC48
S214039ED02412002038B5064D0023044608462B609E
S214039EE0D0F722FB431C02D12B6803B1236038BD95
S214039EF0103100202DE9F7431D465D4B1F680446CD
S214039F000E46904627B1BB6913B9384600F008FAE7
S214039F10584B9C4267D17C68B8F1020F06D0B8F163
S214039F20010F00F29F80002DC0F29C80636EDB075A
S214039F3005D4A389980502D4A06D12F069FC2146C6
S214039F40384600F06FF9616B41B104F1440399425E
S214039F5002D03846FFF7D6FE002363630023A361CF
S214039F606360A389190603D521693846FFF7CAFE3D
S214039F70A38923F44A6323F00303B8F1020FA381F2
S214039F806CD001AB6A462146384612F043FCA389DF
S214039F901843A081002D30D1009D2846FFF7A2FE6E
S214039FA00646002855D1DDF80090A9454AD14FF062
S214039FB0FF350022A26004F14702226022610122DB
S214039FC0B4F90C306261626E43F00203D207A381D8
S214039FD005D413F4007F02D1A06D12F01AFC2846B4
S214039FE003B0BDE8F083244B9C4201D1BC6893E7E1
S214039FF0224B9C4208BFFC688EE7002ECDD0BB697F
S21403A00013B9384600F08CF9B8F1010F08BFA389DD
S21403A010266004BF43F00103A381A28912F008035C
S21403A020C4E904651CD0D30741BF00236D42A36077
S21403A030A56158BFA560656E15F0010515D112F42C
S21403A040007FC8E74846FFF74DFE06460028AED019
S21403A0504D46A38943F08003A381D0E70025A8E7F4
S21403A060A360E8E74FF0FF35B9E70025B7E700BF81
S21403A070241200207854050098540500585405000F
S21403A0800CB430B5174B0C1E1D689DB008DA8B2335
S21403A0902B604FF0FF301DB0BDE8304002B0704774
S21403A0A04FF40273ADF8143014BF04F1FF332346A4
S21403A0B0049307934FF6FF7302900690ADF816309D
S21403A0C0209A21AB02A92846019300F0F3F9431C1A
S21403A0D0BCBF8B232B60002CDDD0029B00221A70A2
S21403A0E0D9E700BF2412002013B50B4609490C68B4
S21403A0F0024644B1A16931B9CDE90003204600F018
S21403A1000FF9DDE90023A168204602B0BDE8104040
S21403A11000F0D0BA241200208A892DE9F0410546C2
S21403A12010070C4658D44B68002B05DC0B6C002B31
S21403A13002DC0020BDE8F081E66A002EF9D0002399
S21403A14012F480522F682B6032D0606DA3895A07B1
S21403A15005D56368C01A636B0BB1236CC01A002362
S21403A1600246E66A216A2846B047431CA38906D1FD
S21403A17029681D292CD82A4ACA40D60728D5002282
S21403A1806260D9042269226004D5421C01D12B687F
S21403A19003B96065616B2F600029CAD004F14403DC
S21403A1A0994202D02846FFF7ADFD00206063C1E761
S21403A1B0216A01232846B047411CC7D12B68002BD0
S21403A1C0C4D01D2B01D0162B01D12F60B1E7A38974
S21403A1D043F04003A381ADE70F69002FA9D093078F
S21403A1E00E6808BF4B690F6018BF0023A6EB07086D
S21403A1F08B60B8F1000F9CDD216AA66A43463A4697
S21403A2002846B047002806DCA38943F04003A38111
S21403A2104FF0FF308EE70744A8EB0008E9E700BFDE
S21403A2200100402038B50B6905460C4613B90025D6
S21403A230284638BD18B183690BB900F071F8144B82
S21403A2409C421BD16C68B4F90C30002BEFD0626EC5
S21403A250D00704D4990502D4A06D12F0D9FA284683
S21403A2602146FFF759FF636EDA070546E0D4A38954
S21403A2709B05DDD4A06D12F0CCFAD9E7054B9C42C2
S21403A28001D1AC68DFE7044B9C4208BFEC68DAE711
S21403A290785405009854050058540500002310B55B
S21403A2A00446C0E90033C0E9043383608181436612
S21403A2B0C2818361194608225C3012F036FA054BD8
S21403A2C06362054BA362054BE362054B246223637B
S21403A2D010BD00BF9FCA0400C1CA0400F9CA040027
S21403A2E01DCB0400014912F073BA00BF25A2030078
S21403A2F0014812F08DBA00BF933D0020014812F0CA
S21403A30088BA00BF933D0020014812F081BA00BF0F
S21403A310943D0020014812F07CBA00BF943D002013
S21403A32010B50446FFF7F0FFA3691BB1BDE8104064
S21403A330FFF7F0BFC4E912332365134B134A1B68B8
S21403A340A262A34204BF0123A361204600F020F8C3
S21403A3506060204600F01CF8A060204600F018F865
S21403A3600022E06004216068FFF798FFA0680122DE
S21403A3700921FFF793FFE06802221221FFF78EFF01
S21403A3800123A361D2E700BF54540500E5A20300EE
S21403A390F8B50746FFF7ACFF1E4B1E68B36913B943
S21403A3A03046FFF7BDFF4836D6E90134013B03D5F7
S21403A3B033680BB33668F7E7B4F90C50D5B9164BC8
S21403A3C0E36004F15800656612F021FAFFF796FF82
S21403A3D0C4E90155C4E904552560A5610822294648
S21403A3E004F15C0012F0A1F9C4E90D55C4E9125555
S21403A3F02046F8BD6834D9E70421384612F0D2F96E
S21403A400044630600028D5D1FFF778FF0C233B6065
S21403A410EEE700BF545405000100FFFF8B8973B5B8
S21403A4209D0706460C4607D504F1470323602361C0
S21403A4300123636102B070BD01AB6A4612F0EAF90C
S21403A440009905463046FFF7C9FC48B9B4F90C3005
S21403A4509A05EFD423F0030343F00203A381E3E753
S21403A4600D4BB362A389206043F08003A381009B56
S21403A4706361019B20615BB1B4F90E10304600F0B6
S21403A48063FC28B1A38923F0030343F00103A381EC
S21403A490A0890543A581CDE7E5A20300014812F094
S21403A4A0B7B900BF923D0020014812F0B2B900BF11
S21403A4B0923D00202DE9F04F98468B891B069DB0F0
S21403A4C007460D4614460ED50B6963B94021FFF7C0
S21403A4D085FC2860286120B90C233B604FF0FF30D1
S21403A4E0D1E040236B610023099320238DF82930A4
S21403A4F0CDF80C803023DFF8A8818DF82A304FF092
S21403A500010923469A4613F8012B0AB1252AF9D1E5
S21403A510BAEB040B0BD05B4622462946384612F0AC
S21403A520CDF9013000F0AA80099A5A4409929AF8A4
S21403A5300030002B00F0A28000234FF0FF32CDE95D
S21403A54005230AF1010A049307938DF853301A93EF
S21403A5505446052214F8011B5148C5F7D9FD049A41
S21403A560D8B9D00644BF20238DF85330110744BF13
S21403A5702B238DF853309AF800302A2B15D0079AE0
S21403A580544600204FF00A0C214611F8013B303B9D
S21403A590092B4ED9B0B1079214E0A0EB080309FAD1
S21403A5A003F313430493A246D2E7039B191D1B68C8
S21403A5B00391002BBBBF5B4242F002020793079353
S21403A5C0B8BF049223782E2B0CD163782A2B35D16F
S21403A5D0039B1A1D1B680392002BB8BF4FF0FF3373
S21403A5E002340593DFF8C8A0217803225046C5F746
S21403A5F08FFD40B14023A0EB0A0003FA00F0049B52
S21403A60003430134049314F8011B26488DF82810DD
S21403A6100622C5F77DFD002838D0234B1BBB039BC2
S21403A620073323F0070308330393099B3344099343
S21403A63067E70CFB02320C460120A5E70023013432
S21403A640059319464FF00A0C204610F8012B303AB2
S21403A650092A03D9002BC5D00591C3E70CFB0121BA
S21403A66004460123F0E703AB00932A460F4B04A9E5
S21403A6703846AFF30080421C0646D6D1AB895B064C
S21403A6803FF52CAF09981DB0BDE8F08F03AB0093E0
S21403A6902A46064B04A9384600F03CF9EBE700BF10
S21403A6A0B8540500C254050000000000BDC80400ED
S21403A6B0BE5405002DE9F04F0D469DB0144698464E
S21403A6C0064618B183690BB9FFF72AFE894B9D42EC
S21403A6D01BD175686B6ED90705D4AB899A0502D46E
S21403A6E0A86D12F095F8AB891B0701D52B69EBB95A
S21403A6F02946304600F098FAC0B16B6EDC070ED5DB
S21403A7004FF0FF301DB0BDE8F08F7B4B9D4201D16B
S21403A710B568DFE7794B9D4208BFF568DAE7AB8992
S21403A7209805EDD4A86D12F074F8E9E700230993B1
S21403A73020238DF82930CDF80C803023DFF8C08134
S21403A7408DF82A304FF0010923469A4613F8012B59
S21403A7500AB1252AF9D1BAEB040B0BD05B46224685
S21403A7602946304612F01CF9013000F0AA80099AF7
S21403A7705A4409929AF80030002B00F0A280002376
S21403A7804FF0FF32CDE905230AF1010A049307933C
S21403A7908DF853301A935446052214F8011B584873
S21403A7A0C5F7B6FC049AD8B9D10644BF20238DF862
S21403A7B05330130744BF2B238DF853309AF80030D9
S21403A7C02A2B15D0079A544600204FF00A0C214630
S21403A7D011F8013B303B092B4ED9B0B1079214E078
S21403A7E0A0EB080309FA03F313430493A246D2E744
S21403A7F0039B191D1B680391002BBBBF5B4242F0F2
S21403A800020207930793B8BF049223782E2B0CD12A
S21403A81063782A2B35D1039B1A1D1B680392002BE2
S21403A820B8BF4FF0FF3302340593DFF8E4A0217876
S21403A83003225046C5F76CFC40B14023A0EB0A0048
S21403A84003FA00F0049B03430134049314F8011B3A
S21403A8502C488DF828100622C5F75AFC00283FD04E
S21403A860294B1BBB039B073323F0070308330393D0
S21403A870099B3B44099367E70CFB02320C46012015
S21403A880A5E700230134059319464FF00A0C20462A
S21403A89010F8012B303A092A03D9002BC5D00591AD
S21403A8A0C3E70CFB012104460123F0E703AB009347
S21403A8B02A46164B04A93046AFF300800746781C99
S21403A8C0D6D16B6ED90705D4AB899A0502D4A86D89
S21403A8D011F09FFFAB895B063FF512AF099811E7AE
S21403A8E003AB00932A46094B04A9304600F012F83E
S21403A8F0E4E700BF78540500985405005854050053
S21403A900B8540500C254050000000000A1C90400A5
S21403A910BE5405002DE9FF470F7E0C9D782F914608
S21403A92080460C469A4601F1430207D8622F0AD89E
S21403A930002F00F0D880582F00F0A38004F14205C2
S21403A94084F842703AE0A7F16303152BF6D801A109
S21403A95051F823F0ADA90300C1A903003DA90300E4
S21403A9603DA903003DA903003DA90300C1A90300B7
S21403A9703DA903003DA903003DA903003DA903002B
S21403A980CDAA0300F1A90300AFAA03003DA9030063
S21403A9903DA90300EFAA03003DA90300F1A90300A4
S21403A9A03DA903003DA90300B7AA03002B681A1D9F
S21403A9B01B682A6004F1420584F842300123A3E0B1
S21403A9C020682968060601F104030AD50E682B6081
S21403A9D0002E03DA2D23764284F843305E480A239A
S21403A9E019E00E682B6010F0400F18BF36B2EFE781
S21403A9F02B682068191D2960010601D51E6802E030
S21403AA004606FBD51E8854486F2F0CBF08230A231F
S21403AA10002184F843106568A560002DA2BF216855
S21403AA2021F0040121600EB9002D4DD01546B6FB6A
S21403AA30F3F103FB1167C75D05F8017D3746BB429B
S21403AA400E46F4D9082B0BD12368DE0708D52369F5
S21403AA5061689942DEBF302305F8013C05F1FF35F6
S21403AA60521B2261CDF800A04B4603AA214640465E
S21403AA7011F0A8FF01304CD14FF0FF3004B0BDE811
S21403AA80F087354881F845702968236851F8046BC8
S21403AA9029601D0614D5DF0744BF43F02003236057
S21403AAA01EB9236823F0200323601023B0E723682E
S21403AAB043F0200323607823284884F84530E3E7EF
S21403AAC0590648BFB6B2E6E71546BBE72B682668C5
S21403AAD06169181D286035061B6801D5196002E0F8
S21403AAE07006FBD51980002323611546BAE72B6849
S21403AAF01A1D2A601D68626800212846C5F708FBF0
S21403AB0008B1401B606063682361002384F8433008
S21403AB10A8E723692A4649464046D0470130ABD0CA
S21403AB2023689B0713D4E068039B9842B8BF184674
S21403AB30A4E70123324649464046D04701309BD01E
S21403AB400135E36803995B1AAB42F2DCEBE70025B9
S21403AB5004F11906F5E700BFC9540500DA540500E9
S21403AB60F8B50E461446054618B183690BB9FFF7C8
S21403AB70D7FB214B9C422BD16C68A369A360A389A6
S21403AB801A072FD523696BB323692068C01A636934
S21403AB90F6B28342374604DC21462846FFF742FBDB
S21403ABA030BBA368013BA36023685A1C22601E7057
S21403ABB063690130834204D0A389DB0706D50A2ED6
S21403ABC004D121462846FFF72DFB88B93846F8BD41
S21403ABD00A4B9C4201D1AC68CFE7094B9C4208BFA5
S21403ABE0EC68CAE72146284600F01EF80028CBD0BA
S21403ABF04FF0FF37EAE700BF785405009854050086
S21403AC005854050038B5074D044608461146002239
S21403AC102A601A4601F0FAFD431C02D12B6803B1E1
S21403AC20236038BD10310020324B70B51D680646D0
S21403AC300C4625B1AB6913B92846FFF771FB2E4BBB
S21403AC409C420FD16C68A389B4F90C2019072CD445
S21403AC50DD0611D40923336042F04003A3814FF08D
S21403AC60FF303EE0254B9C4201D1AC68EBE7244B1A
S21403AC709C4208BFEC68E6E7580712D5616B41B102
S21403AC8004F14403994202D03046FFF73BF8002311
S21403AC906363A38923F02403A381002363602369EA
S21403ACA02360A38943F00803A38123694BB9A389CF
S21403ACB003F42073B3F5007F03D021463046FFF735
S21403ACC0ADFBA089B4F90C2010F001030AD00023D1
S21403ACD0A36063695B42A361236943B910F08000F4
S21403ACE0BAD170BD810758BF6369A360F4E700203B
S21403ACF0F7E700BF24120020785405009854050097
S21403AD005854050038B5064D0023044608462B6004
S21403AD1001F062FD431C02D12B6803B1236038BDEA
S21403AD201031002038B5074D002304460846114667
S21403AD302B6001F054FD431C02D12B6803B1236042
S21403AD4038BD00BF1031002038B5064D0023044639
S21403AD5008462B6001F048FD431C02D12B6803B163
S21403AD60236038BD1031002038B5074D0446084629
S21403AD70114600222A601A4601F038FD431C02D110
S21403AD802B6803B1236038BD1031002038B5074D5A
S21403AD9004460846114600222A601A4601F028FD9A
S21403ADA0431C02D12B6803B1236038BD1031002049
S21403ADB038B505460848DFF7D1FA044648B9DFF741
S21403ADC023FB04461DB1054B1B689B792B70DFF7ED
S21403ADD033FB204638BD00BFF4540500F02D002099
S21403ADE02DE9F84380460D489DF820900F461646F9
S21403ADF01D46DFF7B3FA78B9094B1C6884F804805C
S21403AE00C4F80570C4F80960A4F80D5084F80F90D0
S21403AE10BDE8F84308F025BFBDE8F88334550500C0
S21403AE20EC2D002038B5054606480C46DFF796FAA3
S21403AE3038B9054B1B681D715C71BDE8384008F0D6
S21403AE4010BF38BD04550500EC2D002038B5054667
S21403AE5006480C46DFF782FA38B9054B1B681D71A6
S21403AE605C71BDE8384008F0FCBE38BD2C550500C3
S21403AE70EC2D00202DE9F34180466E461148089DCF
S21403AE8086E80C000F46DFF769FA0446B0B90E4BA6
S21403AE9000981B68B28883F804805F71C3F80600C5
S21403AEA05A81DFF7B1FA044635B1084B1B68D3F86D
S21403AEB006202A605B89AB80DFF7BEFA204602B025
S21403AEC0BDE8F08124550500EC2D0020F02D002070
S21403AED010B504460548DFF741FA30B9044B1B6842
S21403AEE01C71BDE8104008F0BCBE10BDEC54050054
S21403AEF0EC2D002010B504460548DFF72FFA30B9CD
S21403AF00044B1B681C71BDE8104008F0AABE10BDB8
S21403AF1044550500EC2D002010B504460548DFF720
S21403AF201DFA30B9044B1B681C71BDE8104008F0CD
S21403AF3098BE10BDFC540500EC2D002070B50646E7
S21403AF4007480D461446DFF709FA40B9054B1B6858
S21403AF501E715D719C71BDE8704008F082BE70BDC5
S21403AF601C550500EC2D002038B5054607480C4651
S21403AF70DFF7F4F940B9064B1B681D71C3F80540AB
S21403AF80BDE8384008F06DBE38BD00BF0C5505005F
S21403AF90EC2D002038B505460C4607480121DFF79F
S21403AFA0EDF938B9054B1B681D715C71BDE8384077
S21403AFB008F057BE38BD00BF14550500EC2D002021
S21403AFC070B5064607480D461446DFF7C7F940B97D
S21403AFD0054B1B681E715D719C71BDE8704008F0DF
S21403AFE040BE70BD3C550500EC2D002038B5054627
S21403AFF00848DFF7B3F9044648B9DFF705FA04460D
S21403B0001DB1054B1B68DB882B80DFF715FA20463E
S21403B01038BD00BF5C550500F02D002038B5054649
S21403B02006480C46DFF79AF938B9054B1B689D802E
S21403B030DC80BDE8384008F014BE38BD6455050012
S21403B040EC2D002038B5054606480C46DFF786F992
S21403B05038B9054B1B689D80DC80BDE8384008F096
S21403B06000BE38BD6C550500EC2D002010B5044617
S21403B0700548DFF773F930B9044B1B689C80BDE8BD
S21403B080104008F0EEBD10BD54550500EC2D002011
S21403B09010B504460548DFF761F930B9044B1B6861
S21403B0A09C80BDE8104008F0DCBD10BD4C55050083
S21403B0B0EC2D002038B505460C4607480121DFF77E
S21403B0C05DF940B9054B1B681D71A3F80540BDE843
S21403B0D0384008F0C6BD38BD74550500EC2D002079
S21403B0E070B5064608480D461446DFF737F950B9DB
S21403B0F0064B1B681E71A3F80550A3F80740BDE86E
S21403B100704008F0AEBD70BD7C550500EC2D0020E8
S21403B11008B50448DFF722F918B9BDE8084008F077
S21403B120A0BD08BD8C55050038B5054606480C4637
S21403B130DFF714F938B9054B1B681D715C71BDE860
S21403B140384008F08EBD38BD84550500EC2D002030
S21403B150002008F02ABD7047032905D810B920201F
S21403B160DFF766B84020FBE7704708B501F0A6FD99
S21403B170C5F7BCF901F0AFFDFFF7EDFFD3F76EFFA0
S21403B180F8E7D5F72DBD08B5D4F7B0FDBDE8084000
S21403B190DEF7EABE10B50446CEF706FA2046E4F715
S21403B1A0E5FD2046C5F700FA10BD0120704700B53F
S21403B1B0C3B0D5F7A9FC03F0FAFD48B1FFF7F5FFD6
S21403B1C030B101A808F0EBFC10B901A8FFF7E2FFC5
S21403B1D043B05DF804FB00F0C8B810B50446C6F7E4
S21403B1E0A5F92046CEF79AFA2046C5F707FB10BD09
S21403B1F00120704700B5C3B0E2F72AFD48B1FFF758
S21403B200F7FF30B101A80AF041F910B901A8FFF71A
S21403B210E4FF43B05DF804FB08B5CFF7C3F9CFF7F7
S21403B2203DFDC6F769F8C6F7EFF8C6F7FBF8BDE8C5
S21403B2300840CEF7E9BE08B500F095F8D4F7EAF96A
S21403B240D3F7E8F901F02EF9D3F7AEFCBDE80840D2
S21403B250C6F7C0B808B5D1F751FED1F75FFEFFF7C2
S21403B26092FFC5F7D1FFBDE8084000F087BF08B5D9
S21403B270CEF77CFCCEF746FDBDE80840CEF768BCAB
S21403B280704708B5CEF7C6FCBDE80840CEF766BEE5
S21403B29008B5FFF78CFFBDE80840FFF7ABBF704764
S21403B2A0C6F7A6B8012070470120704710B5CEF741
S21403B2B0E5FC0446CEF78CFE002808BF0024D5F72D
S21403B2C04BFC002808BF0024FFF7ECFF002814BF40
S21403B2D02046002010BD38B5D3F7B4FF0446CEF79A
S21403B2E0DDFC042825D002284FF0000508BF012402
S21403B2F0CEF764FE04281ED0022808BF012403F0FC
S21403B30092FD042819D0022808BF0124C6F776F850
S21403B310042814D0022808BF0124FFF7C5FF042819
S21403B3200FD0022808BF0124002D18BF0024204692
S21403B33038BD0125DCE70125E1E70125E6E7012520
S21403B340EBE70024F3E7704770470022CEF784BB91
S21403B3507047704708B50422012305210020D1F762
S21403B36039F8002008BDFFF7F5BF08B500231846D7
S21403B37004220521D1F72EF8002008BD70B500245D
S21403B380064625465B210820CFF772F9102C04F1F8
S21403B390010300D170BD012B14D0022B14D0032B54
S21403B3A014D0042B14D0052B04D16A1C2946D5B21D
S21403B3B01C46E8E70D3C012C0CD9102B0CD0B21F11
S21403B3C0D15CF5E70C21F3E7D121F1E78021EFE724
S21403B3D00021EDE75A21EBE75D21E9E707B520F009
S21403B3E07F4040EA81700123019068468DF8003063
S21403B3F0FFF7C4FF03B05DF804FB70B506680C46A0
S21403B4008D18AC4201D1002070BD14F8011B91FACF
S21403B410A1F13046090E00F071FBF2E702681369EA
S21403B4209B06FCD5704710B5046823691B0600D439
S21403B43010BD204600F052FBF7E7FEE74FF400404E
S21403B44070474FF47A7070470023036070470368B1
S21403B4500B6001607047436803B1184722207047AA
S21403B460436903B11847FF20704730221C2302FBB1
S21403B470003000F1047000F5204001EBC0018900A4
S21403B4800868704738B50D682B78022B0C460CD02D
S21403B49069792879FFF7E9FFB0FA80F04009287048
S21403B4A02046BDE83840CEF76BBB38BD0368187836
S21403B4B0704710B504682378022B15D0617920797C
S21403B4C0FFF7D3FFA279012A15D10038638818BF86
S21403B4D0012040EA430363F03F039BB24FF6E0715B
S21403B4E08B4202D12270638010BD4FF6DF72934207
S21403B4F0F9D10022F6E7002AF6D1B0FA80F0400927
S21403B5002070F1E703681A78022A03D100225A80D2
S21403B510CFF71AB8704713B504682378022B10D0F8
S21403B520A379022B0BD160790021CFF7CFFB627989
S21403B53020790023CDE900331146D0F705FF022317
S21403B540237002B010BD4FF060420123D2F8001EF4
S21403B55003FA00F00843C2F8000E002070474FF0CD
S21403B56060410122D1F8003E02FA00F023EA00030C
S21403B570C1F8003E00207047D0E9000318478368EF
S21403B58000681847C36800681847437810B5012257
S21403B59004780C219A40302313FB0413817803F1BB
S21403B5A0804303F5204319B903F180631A6010BD85
S21403B5B003F1C063FAE7437810B5012204780C213F
S21403B5C09A40302313FB0413817803F1804303F579
S21403B5D0204319B903F1C0631A6010BD03F18063F9
S21403B5E0FAE74178037801228A4030214B4303F17E
S21403B5F0804303F520439A617047024600780C2186
S21403B600302313FB001303F10473517803F520432F
S21403B61001EBC3039B0018689378C0B213B9B0FA62
S21403B62080F04009704710B588B00E9C07940D9CB7
S21403B63006949DF8304005940B9C04949DF828408E
S21403B64003940024CDE9013400920B4602460121FF
S21403B6502046CFF7ADF808B010BD704713B50446C3
S21403B66001A8D1F755F99DF80630238040F201135F
S21403B6706380D1F773F96060002002B010BDD1F784
S21403B6801FB808B5D1F70CF8002008BD10B504465E
S21403B69044EA010313F00303084609D1934201D198
S21403B6A0002010BD54F8231040F823100133F5E7AB
S21403B6B09200214611F011F8F2E70A4601390144D7
S21403B6C0D3F7EEBACFF74EBC08B5CFF749FD013036
S21403B6D008BDEFF3108072B6704700B962B67047C4
S21403B6E0EFF31180602383F31188704780F311888A
S21403B6F0704784B00B6800934B6801938B68029382
S21403B700CB680393009B0360019B0360029B03606B
S21403B710039B03600023009301930293039304B0F7
S21403B720704784B003680093036801930368029329
S21403B73003680393009B0B60019B4B60029B8B602B
S21403B740039BCB600023009301930293039304B0FF
S21403B750704730B5D1E90223D1E90054056004608F
S21403B7600260036030BD30B505680468026803688C
S21403B770C1E90054C1E9022330BDFFF7EABF7FB534
S21403B7808B07044611D00B466D4601F11006186868
S21403B79059682A4603C20833B3421546F7D16946A9
S21403B7A02046FFF7D6FF04B070BD0091009904B0A1
S21403B7B0BDE87040FFF7CDBFFFF7D5BF30B58B07A9
S21403B7C085B00C4610D06946FFF7CDFF0D462346DD
S21403B7D004AC2A4603CAA24218605960154603F110
S21403B7E00803F6D105B030BD0091009905B0BDE859
S21403B7F03040FFF7B8BF10B5FFF7ABFFBDE810400A
S21403B8001031FFF7A6BF10B5FFF7ADFFBDE8104038
S21403B8101031FFF7A8BF10B5FFF79BFF0C4610319A
S21403B820FFF797FF04F12001FFF793FF04F13001C0
S21403B830BDE81040FFF78DBF00F1424303F58013C8
S21403B840102A10B54FEA43130AD101221A6000F5F5
S21403B8508870FFF74EFF1031BDE81040FFF749BF71
S21403B86000221A602430F7E7F0B50B46990789B033
S21403B8700546144629D0082A6E4618D103F1100748
S21403B88018685968324603C20833BB421646F7D1D6
S21403B890224669462846FFF7CFFF082C0CBF042232
S21403B8A008226B460021013A0CD209B0F0BD03F121
S21403B8B0200718685968324603C20833BB42164647
S21403B8C0F7D1E5E743F8041BEDE70093009909B0C9
S21403B8D0BDE8F040FFF7B0BF436823F01F030E290F
S21403B8E00BD8DFE801F008080808080B0B0B08085C
S21403B8F008080B0B0B00194341607047194341F0CE
S21403B9001001F9E710B52030FFF70BFF102A04D11A
S21403B910BDE810401031FFF704BF10BD30B58B07EC
S21403B92089B00C46154625D06946FFF7EBFF082D70
S21403B9306A4610D104AD134603CBAB422060616068
S21403B9401A4604F10804F6D104226B460021013A94
S21403B9500DD209B030BD08AD134603CBAB42206011
S21403B96061601A4604F10804F6D10822EDE743F8AD
S21403B970041BECE70091009909B0BDE83040FFF7DF
S21403B980C1BF704770477047D0F754B9D0F7E2B8D5
S21403B99070B505460E461446FFF79BFE296881EAF6
S21403B9A0040202EA06044C402C60BDE87040FFF730
S21403B9B094BE00F1424000F58010400101607047DC
S21403B9C0D0F7C4BECB435B0003F00A03C360C16079
S21403B9D0704738B50D46D1F711F8AB7C04461BB15A
S21403B9E0036843F080430360EB7C1BB12B7D43F07D
S21403B9F08003A3652A8A6B7B1343EA891343636038
S21403BA002B7BD5E901122046D0F7B4FF6B7D1BB123
S21403BA10236843F480332360AB7D1BB1236843F470
S21403BA2000432360EB7D2A7E1B07120502F4E00227
S21403BA3003F0E04313432366636F23F03003636727
S21403BA40626F6B7E134363672B78E36038BD38B54C
S21403BA500D46D0F7D3FFA97B2A8A0368002942F054
S21403BA60010214BF4FF48061002113430B432A7D68
S21403BA7003600368002A14BF4FF0005200221343EA
S21403BA800360AB7C04461BB1EB7C43F08003836509
S21403BA902B7B43F480536360D5E901122046D0F72D
S21403BAA09BFF6B7B0BB11023E3606B7D1BB123689D
S21403BAB043F480332360AB7D1BB1236843F4004318
S21403BAC02360EB7D2A7E1B07120503F0E04302F496
S21403BAD0E002134323662B78E36038BD03691B0635
S21403BAE0FCD5C069C0B2704703695A06FCD54163EA
S21403BAF003699B06FCD5C069C0B2704703695B0641
S21403BB00FCD54163704730B1026800215388128820
S21403BB100846D0F7B9BF0520704737B50446A8B125
S21403BB204568FFF7F0FF014668B922681389528912
S21403BB3053430193EBB20093C5F30742C5F30723C0
S21403BB40D0F7C2FF0146084603B030BD0521FAE729
S21403BB5010B470B1836942698489018A0133013262
S21403BB60121B5B1A20469BB25DF8044B92B2D0F7C9
S21403BB708BBF05205DF8044B7047F0B4D0B1C9B154
S21403BB800E688C68A64218DA4D68CA68954214DABD
S21403BB90002E14DB002D12DB01680F88BC420EDA80
S21403BBA049888A420BDAC0E90365C0E90542F0BC5E
S21403BBB0FFF7CEBF0520F0BC70470420FBE7032049
S21403BBC0F9E710B5040C0C70010A1170187010BD5B
S21403BBD073B50D461646044690B10C3000F0DDF9F9
S21403BBE080B1A26801230193D3B20093B1B2C2F32A
S21403BBF00723A8B2C2F30742D0F766FF02B070BDB0
S21403BC000520FBE70120F9E773B50D4616461C46EB
S21403BC1088B10C3000F0C1F978B101230193E3B287
S21403BC200093C4F30742C4F30723B1B2A8B2D0F714
S21403BC304BFF02B070BD0520FBE70120F9E7C368A0
S21403BC4010B504468B426369CCBF012000208B42AB
S21403BC50A369B8BF40F0020093422369B8BF40F01F
S21403BC6004009342C8BF40F0080010BDF0B5164666
S21403BC7085B00546002840D00269B2423FDC82699F
S21403BC80B2423CDB9942C2BF0A4619461346426992
S21403BC908A4234DBC4689C4231DC8C42B8BF0C4613
S21403BCA09A42D4BFC4EB0207C4EB03070137A0B222
S21403BCB00123BAB2B1B2D0F7E7FE0446D0B9A868FA
S21403BCC00DF10F030DF10E020DF10D01FFF779FFD4
S21403BCD09DF80F300093214620469DF80E309DF8C0
S21403BCE00D200197D0F7F0FE044618B92846FFF753
S21403BCF02FFF0446204605B0F0BD0524FAE70124CD
S21403BD00F8E7F0B50E4685B00546002840D0C16872
S21403BD10B1423FDC4169B1423CDB9A42C2BF1146A5
S21403BD201A460B468169914234DB04699C4231DC36
S21403BD309442B8BF14469942D4BFC4EB0107C4EB80
S21403BD4003070137A1B2BBB20122B0B2D0F79CFE03
S21403BD500446D0B9A8680DF10F030DF10E020DF1DC
S21403BD600D01FFF72EFF9DF80F3000932146204666
S21403BD709DF80E309DF80D200197D0F7A5FE0446DA
S21403BD8018B92846FFF7E4FE0446204605B0F0BD82
S21403BD900524FAE70124F8E72DE9F74F0C9F0C4634
S21403BDA015461E468046002800F0B180994205D10C
S21403BDB03B4603B0BDE8F04FFFF7A3BFBA4204D13A
S21403BDC003B0BDE8F04FFFF751BFFFF738FF3A4621
S21403BDD0314681464046FFF732FF0022824611462F
S21403BDE049EA0A03DBB2002B00F0958009EA0A034E
S21403BDF0DBB2002B40F08D80B9F1000F14BF4B4629
S21403BE005346D80717D5D8F80C100B1B7A1B5A4382
S21403BE10331B92FBF3F22A444046FFF710FFB9F1B7
S21403BE20000F02D117460E4603E0814615460C4620
S21403BE3050468246D4E7980702D5D8F81410E4E7AC
S21403BE40580709D5D8F81820531B311B59437B1BB9
S21403BE5091FBF3F12144DFE71B07DDD5D8F810206B
S21403BE60F2E77B1BB44224DA321B934224DC3B46C4
S21403BE7037461E462B464FF0000B25461C46A5EBC1
S21403BE800709B442A7EB050309EBD979B4BFA6EBC0
S21403BE90040AA4EB060A01934FEA6909B442D4BF25
S21403BEA001264FF0FF36BD421ADD002003B0BDE881
S21403BEB0F08FA21B93420ADD4FF0010BBD42DEDD7D
S21403BEC0234634461E462B463D461F46D7E73B468B
S21403BED037461E462B464FF0000B25461C46EDE71D
S21403BEE0BBF1000F10D02A4621464046FFF770FEEE
S21403BEF00028DBD1D144B9F1000FC2BF019BA419BE
S21403BF00A9EB03090135CEE722462946EDE70520CE
S21403BF10CCE70120CAE7BD42A3DBEB1BA2E72DE972
S21403BF20F04F884685B00646A8B3A2B3012932D996
S21403BF30D2E9009A02F1100457464B464FF0010B24
S21403BF4000253A4654F8047C1946304654F8083C13
S21403BF5000970393FFF720FF012819D8039B00B926
S21403BF6001350BF1010BD84504F10804E9D19945D5
S21403BF7001D1BA4509D00097524649463046FFF7E5
S21403BF800BFF012804D800B90135B5FA85F040093E
S21403BF9005B0BDE8F08F0520FAE778B103688B4259
S21403BFA00BDC83688B4208DB4368934205DCC0687E
S21403BFB09042B4BF002001207047002070472DE94F
S21403BFC0F04F85B090469DF838200292044600282C
S21403BFD000F08180A1F120025E2A7ED890F8282006
S21403BFE0022A8DB21AD13A291AD020291AD0303D06
S21403BFF0ADB2228CAA4270D9E26901924FF0000BCF
S21403C0001A465E4694F825101FFA8BF399420BD80E
S21403C010B6FA86F0400905B0BDE8F08F203DE7E7A5
S21403C0200A25E6E70B25E4E794F82230012B05D032
S21403C030022B1DD0019B53F825A002E0019B13F8A9
S21403C04005A04FF0000994F824301FFA89F7BB4285
S21403C05012D894F8243094F827100B449F4229DB17
S21403C06094F823301D44ADB20BF1010B0132C9E73E
S21403C070019B33F815A0E4E71AF0010F0FD008EB85
S21403C080090120460392FFF7A3FD0128C3D8039AAC
S21403C09000B901364FEA5A0A09F10109D3E7029BB0
S21403C0A0002BF7D06368039208EB09012046FFF7DD
S21403C0B0ABFDEAE7029B5BB16368039208EB0701FB
S21403C0C02046FFF7A1FD0128A5D8039A00B901363B
S21403C0D00137BFB2BDE705209DE702209BE72DE9A8
S21403C0E0F74F0C9F9DF834A09846054678B371B376
S21403C0F090F828306BB30C468E18C3464FF00009F1
S21403C100B44205D1B9FA89F0400903B0BDE8F08F0F
S21403C11014F8011B0A2907D195F825303B4495F8F6
S21403C1202670C3461F44EBE7CDF800A03B465A46AD
S21403C1302846FFF744FF0128E7D808B909F10109A3
S21403C14095F8243095F8272013449B44D8E7052018
S21403C150DBE70220D9E708B520B11C3021B910224D
S21403C16010F0E3FA052008E001F1100351F8042B60
S21403C17040F8042B9942F9D1002008BDF7F7ECBC30
S21403C1802422002110F0D1BA18B12422002110F085
S21403C190CCBA704770B515460E46242200210446D5
S21403C1A010F0C3FAC02D0DD0B5F5807F01D0802DD9
S21403C1B00BD12046EA0840F8045B314610F08DFAAE
S21403C1C0002070BD6FF07100FBE76FF01F00F8E70B
S21403C1D02DE9F3411546884624220021064610F031
S21403C1E0A4FAC02D34D0B5F5807F01D0802D32D18E
S21403C1F03560D1F7C3FC0023436003600446FFF7B2
S21403C20068FA802D0CBF08221022074641462046B6
S21403C2100192FFF729FB3846FFF75FFA0523019AD9
S21403C220A360256915F00205FBD10192FFF751FAC9
S21403C230019A311D07462046FFF770FB3846FFF785
S21403C2404CFA2046D1F7A4FC284602B0BDE8F0819C
S21403C2506FF07100F9E76FF01F00F6E72DE9F0477E
S21403C2601F460368802B05460E46914602D0B3F55B
S21403C270807F34D1D1F782FC0023436003600446F9
S21403C280FFF727FA2946804651F8043B802B0CBF5C
S21403C29008221022204604F1800AFFF7E5FA4946F1
S21403C2A05046FFF76CFA4046FFF717FA012E0CBF0D
S21403C2B005230623A360256915F00205FBD1FFF7C6
S21403C2C008FA394606465046FFF778FA3046FFF72F
S21403C2D004FA2046D1F75CFC2846BDE8F0876FF0E9
S21403C2E07100FAE703699B07FCD17047D1E9012384
S21403C2F0032A70B50ED803EB8204A342114605D178
S21403C3000023013108290360FBD170BD53F8041BD9
S21403C3100160F2E7D3E90065D3E90241072A066024
S21403C3200560046001600ED80424A242114605DCB1
S21403C3300023013108290360FBD1E6E753F82410F4
S21403C34001600134F1E7D3E90441D3E9062304602D
S21403C350016002600360D8E7F0B54A68082A89B02E
S21403C36005460C460BD1FFF7B4F9A16806462846E6
S21403C370FFF749FA3046FFF7B0F900252FE012D948
S21403C380FFF7A7F9A16806462846FFF73CFA3046AA
S21403C390FFF7A3F96268A068083A920000212030EC
S21403C3A010F0C3F9E9E76946002633460F462868C6
S21403C3B041F8040B0133002818BF1E46082BF6D19C
S21403C3C0B2420FDA3146204600F04AFD054630B940
S21403C3D0A068B200394610F080F90123236028468E
S21403C3E009B0F0BDA0689200394610F076F9C4E7AC
S21403C3F038B50D46D1E90121072A04460DD8920027
S21403C40010F06BF96868C0F10802920004EB800034
S21403C4100021BDE8384010F088B901F1200351F837
S21403C420042B44F8042B9942F9D138BD0078C31E77
S21403C43058425841704700207047704700F0FCB8D8
S21403C44000F0FAB800F0F8B800F0F6B87FB5044686
S21403C45003A801911E461546D0F75AFA9DF80D30EB
S21403C4600199012B14D19DF80C30022B10D84FF6EE
S21403C470FF72AA424FF0000428BF2A46346092B2E5
S21403C4804FF0FF300FF059FC3060204604B070BD0B
S21403C49033462A46204600F01BF9002818BF6FF0E3
S21403C4A03B00F3E77047F0B591B01546169C49225A
S21403C4B08DF8202004F10C060DF1210254F8047BBC
S21403C4C042F8047BB442F9D1247814704FF4807494
S21403C4D0ADF830409DF85C408DF832400424069455
S21403C4E0189C059410240022049408ACCDE9023469
S21403C4F0CDE900150B461146CDE90D228DF82E2009
S21403C5008DF82F508DF833200F92D1F721FA11B002
S21403C510F0BD1FB5079C02949DF81840CDE9003482
S21403C52013460A4601460020FFF7BDFF04B010BDC0
S21403C5301FB5079C02949DF81840CDE900341346B6
S21403C5400A4601460120FFF7AEFF04B010BDF7B55B
S21403C5500546B020174601911E46D1F733FB802FC0
S21403C5604FF0000343600CBF0822102201990360BA
S21403C5700446FFF779F91DB90523A3608C23A3604E
S21403C58004F1800031460190FFF7F9F8019855B1A0
S21403C59005230899A360FFF711F92046D1F71CFB82
S21403C5A0002003B0F0BD0623F3E72DE9FF478046DE
S21403C5B0B020894617461E46DDF830A0D1F702FBA9
S21403C5C00546B9F1800F4FF0000343600CBF082205
S21403C5D0102245F8843B41460446FFF745F90EB35F
S21403C5E031462846FFF7CBF84823A3600523A3600C
S21403C5F00323394604F1A000A360FFF7C0F80D99A2
S21403C60004F18000FFF7DAF8BAF1000F03D05146C1
S21403C6102846FFF7D3F82046D1F7DEFA002004B009
S21403C620BDE8F08731461022684610F07EF869466A
S21403C6302846FFF7A2F8D7E708B518B16C22002101
S21403C64010F073F8002008BD2DE9F8431546894617
S21403C65080461F46D1F792FA0023436003600446E0
S21403C660FFF737F8B9F1100F0CBF08221022064661
S21403C6704146204604F18008FFF7F6F8294640466F
S21403C680FFF77DF83046FFF728F8FFF722F839461C
S21403C690064604F1A000FFF772F80523A36023699A
S21403C6A09B07FCD408994046FFF788F83046FFF707
S21403C6B014F8089B03F1100253F8041B45F8041BF7
S21403C6C09342F9D12046D1F763FA0020BDE8F883F8
S21403C6D02DE9F0411C4600238846164623600527AD
S21403C6E025682246711B08EB0500D1F723FE236855
S21403C6F01D44B54228BF0020013F256001D0002815
S21403C700EED1BDE8F08113B50223002468460094F9
S21403C7108DF804408DF80530CFF73EFB204602B077
S21403C72010BD07B530B9CDE90012D1F767FFDDE9D3
S21403C730001230B1436823B1006803B05DF804EB20
S21403C7401847232003B05DF804FB30B51C4685B0BC
S21403C75058B9CDE90012D1F751FFDDE9001204B94B
S21403C76003AC20B9232005B030BD03B903AC8568FC
S21403C770002DF7D023460068A847F4E7F8B50E4621
S21403C7801746054690B9D1F739FF044605463046A5
S21403C7903946FDF7A9FCAC42064602D02046D1F73F
S21403C7A021FF002ED4BF37200020F8BDD1F726FF87
S21403C7B085420446EBD02846D1F714FFE7E70EB4CC
S21403C7C003B503AA52F8041B0192FFF7D7FF02B082
S21403C7D05DF804EB03B0704700207047FEE74FF4A4
S21403C7E000534B60002070470120704700207047BD
S21403C7F007B5002001AB0190FFF7A7FF01980028BB
S21403C80008BF4FF0FF3003B05DF804FB10B50020FF
S21403C8101446FFF786FF204610BD88B190F83820EF
S21403C82090F83C3032B1022B04D1012280F83C2030
S21403C83018467047042B4FF00102F7D01346F7E76C
S21403C8400123F5E780F82C10704790F82C0070470A
S21403C85090F839007047037A3022534303F180433C
S21403C86003F56223D3F89410D0E9032313449942C3
S21403C87014BF084610467047F8B590F8393004469A
S21403C8800D4681B173B990F83A60FEF722FF012195
S21403C89005463046D2F748FB2846FEF71EFF01231F
S21403C8A084F83930F8BD002BFCD090F83A70FEF7C8
S21403C8B010FF294606463846D2F736FB3046FEF7C3
S21403C8C00CFF84F83950EDE72DE9F8430446164685
S21403C8D090F82C700D46FEF703FF94F838200346B5
S21403C8E09AB1FEF703FF94F83B90FEF7F2FE0121A0
S21403C8F080464846D2F718FB4046FEF7EEFEFEF7A4
S21403C900EFFE0022034684F838201846FEF7EEFEB4
S21403C9102E44B54204D1236A0121204698473AE0C3
S21403C92094F82D3023B3FEF7DBFE237E8046E3B177
S21403C9302046FFF790FF421EE068D4F830C08242DC
S21403C9403EBF226902F1FF32121813469C450BD0F4
S21403C95013F80119112901D013291FD1A1F11103CD
S21403C9605942594184F8341022634046FEF7BEFE0E
S21403C97094F83430002BCCD037B12B780A2B03D164
S21403C980E3690D2120469847E36915F8011B204605
S21403C99098470028BDD00020BDE8F883984282BFA0
S21403C9A0236903F1FF331B18D0E790F8383073B5CB
S21403C9B0044603F0FF01A3B9036A019198470123D4
S21403C9C084F8383094F83B60FEF783FE01990546F9
S21403C9D03046D2F7A9FA2846FEF77FFE022384F8EC
S21403C9E03C3002B070BD026CD36C43F00403D364D6
S21403C9F07047026C10B5044613695906FCD500232C
S21403CA001A4694F8491094F84800CFF7E3FC00233D
S21403CA101A4694F84B1094F84A00CFF7DBFC94F8C8
S21403CA205030DA0707D5002394F84D1094F84C00DD
S21403CA301A46CFF7CFFC94F850309B0707D5002350
S21403CA4094F84F1094F84E001A46CFF7C3FC206CA8
S21403CA50C36C23F00103C364C36C23F00403C364F1
S21403CA600021FEF7AFFF606C0021CEF739FB0020F4
S21403CA7010BD08B5006CFFF741F8002008BD036C35
S21403CA80DA6C19B142F00102DA64704722F001024F
S21403CA90DA6401229A64704738B50468206C056C22
S21403CAA015F0010509D00123836403699B060FD59E
S21403CAB02046BDE83840FFF778BF042384F83C30AF
S21403CAC0237E33B9C36C23F00403C36401232376A4
S21403CAD038BD637E23B394F82D300BB384F83550FA
S21403CAE01321FFF70BF8236CDA6C42F00402DA64C6
S21403CAF0DB69DBB2112B0ED1012384F83430237AA1
S21403CB003022534303F1804303F56223D3F8943072
S21403CB10013B2363DCE7132BDAD184F83450EEE7CA
S21403CB20C36C23F00403C364D2E7013A42EA520219
S21403CB3042EA920242EA121242EA122230B542EA6C
S21403CB4012420132B2F5807F38BF4FF480725442EE
S21403CB50044015198D4205D31C60039B1D60049B7E
S21403CB601A6030BD5200F2E708B5D2F703F908BDE4
S21403CB7007B5FEF7AEFD0190D2F74AF9019803B068
S21403CB805DF804EBFEF7A9BD7047FEF7FDBE7047E0
S21403CB907047012070474FF41670D2F74FBAF0B5BE
S21403CBA087B0154605911E46044690B10027C76117
S21403CBB0D2F76AFDBDF8343002939DF830300599FC
S21403CBC0CDE900633A462B462046D2F7CFFC07B0A2
S21403CBD0F0BD2220FBE7F0B50D4685B016461F468E
S21403CBE0044690B10023C361D2F74EFDBDF82C3046
S21403CBF002939DF828302A46CDE90073294633462A
S21403CC002046D2F7B3FC05B0F0BD2220FBE7F0B513
S21403CC1087B01F4600230D4616468DF81730044688
S21403CC20A8B1C3610DF11701D2F756FD9DF8172081
S21403CC307AB9BDF8343002939DF830302946CDE9F1
S21403CC40007320463346D2F791FC07B0F0BD22208E
S21403CC50FBE70320F9E7F0B587B01F4600230D4630
S21403CC6016468DF817300446B0B1C3610DF11701AF
S21403CC70D2F732FD9DF8173083B9BDF834300293EE
S21403CC809DF830302A46CDE90073294633462046C0
S21403CC90D2F76CFC07B0F0BD2220FBE70220F9E7D1
S21403CCA038B5FEF71DFD0546D2F752FF0446284663
S21403CCB0FEF71CFD204638BDD2F7DABF08B5C4F729
S21403CCC0CDFAFEF7A9FAFEF7B6FAFEF7C3FABDE801
S21403CCD00840FEF7CCBA08B5FEF7D2FAFEF7D1FA4B
S21403CCE0FEF7D6FABDE80840FEF7D9BA2420704707
S21403CCF03C2070474C2070479C2070477420704738
S21403CD007C207047242070470C2070476C207047A7
S21403CD1008B502F03DF902F02AFDD8F747FB03F009
S21403CD201BFC04F0B5F9D8F7A5FF002008BD38B5FD
S21403CD300446FEF7CEFC05462046FCF7D3FF044622
S21403CD402846FEF7CAFC204638BD37B5044601918F
S21403CD50FEF7BFFC019905462046FCF783FF044611
S21403CD602846FEF7BAFC204603B030BD37B5044666
S21403CD700191FEF7AEFC019905462046FDF7A2F8A1
S21403CD8004462846FEF7A9FC204603B030BD38B556
S21403CD900546FEF79EFC04462846FCF7ABFF2046F6
S21403CDA0BDE83840FEF799BC01F18041013900EB3C
S21403CDB081018142034600D270471B680A681BBA8A
S21403CDC012BA40F8042B41F80439F2E72DE9F0478C
S21403CDD011F0030418BF01249846436804EB91043A
S21403CDE0A34205460E4617464FEA840AC1EB84095A
S21403CDF01BD34A46002180680FF097FC6A68A86830
S21403CE00121B9200002150440FF08FFCA968324693
S21403CE1049444046B847064620B91CB1A86821468F
S21403CE20FFF7C2FF3046BDE8F0876FF00306F9E769
S21403CE3000230122C0E900238360704710B504462F
S21403CE4068B1806830B161688900D3F7C1FCA06817
S21403CE50FFF79DFF00230122C4E90023A36010BD52
S21403CE6042F21073994270B504460D4602D96FF02C
S21403CE700F0070BD43688B4216D204212846FFF785
S21403CE8064FF06460028F2D0A16859B16268920092
S21403CE900FF023FC6168A0688900D3F799FCA068AB
S21403CEA0FFF775FFC4E901560020E2E738B50446EC
S21403CEB00D4619B9FFF7C2FF002038BD42688A4203
S21403CEC007D18068920000210FF02FFC0123236016
S21403CED0F2E7FFF7B3FF29462046BDE83840FFF7E1
S21403CEE0BFBF884270B505460E460AD04C684068F8
S21403CEF06CB9C8B1012382002B60A86821460FF0E5
S21403CF0014FC002010E0B36853F8243013B9013C36
S21403CF10002CF8D1013433682B60844205D92146AE
S21403CF202846FFF79DFF40B170BD021BA86892001C
S21403CF30002100EB84000FF0F8FBB168A868A2009C
S21403CF400FF0CBFBDDE770B50E4601210446FFF775
S21403CF5087FF054688B9626801469200A0680FF00D
S21403CF60E4FBA36886EAE672002EA2EBE6721A607A
S21403CF70B4BF4FF0FF3301232360284670BD4368D8
S21403CF80B1EB431F3FBF4A09836853F8220001F001
S21403CF901F013ABF20FA01F101F00100002070479B
S21403CFA00246406888B19268431E7BB952F8231044
S21403CFB000204FF00042114204D1013020284FEAEE
S21403CFC05202F8D10133C0EB4310704752F82310D6
S21403CFD00029EBD1013BE8E72DE9F04112F0030409
S21403CFE018BF012404EB92048846214607461546DB
S21403CFF0FFF75CFF064668B965B1BB68C5EB8400FE
S21403D0002A46414618440FF068FB1CB1B86821460F
S21403D010FFF7CAFE3046BDE8F081F8B50446084679
S21403D0206368B2EB830F4FEA83051BD9521B8E1836
S21403D03000210FF07AFB30462A46811800239A42D5
S21403D04012D10020F8BDA76823F0030C03F00301F8
S21403D050CE0057F80C10F140C9B289B90133AB4280
S21403D060F1D1EAE71346FAE7A76823F0030603F0CD
S21403D0700300C500B859E84001F8010D0133DEE7A7
S21403D0806FF00700DEE7F8B505460E464C0901F0DB
S21403D0901F07FFF785FF6B683044B0EB431F04D8C8
S21403D0A01F2E0ED86FBB00200AE010F01F0118BF1A
S21403D0B0012101EB50112846FFF7D2FE0028EFD0DE
S21403D0C0F8BD6B686FF003009A0060431946A142EF
S21403D0D0A2F104020CD8E21A9C4288BF0022134431
S21403D0E09B000022043B191DDCD0A968CA50F9E74F
S21403D0F0AE6806EB020C01395CF800C046F802C0C5
S21403D100E5E76E680022C7F1200CA642CBD9A868D3
S21403D11050F8241001FA07F3134340F8243021FA99
S21403D1200CF20134F1E74368F0B44E09B34201F060
S21403D1301F0401D304D15CB3F0BC0021FFF703BF87
S21403D1401F2927D804BB0020F0BC704782685759B4
S21403D15042F82170043501319A1B8A42F6D8002121
S21403D1609342EFD9856845F822100132F8E78668BE
S21403D17056F8235025FA04F20A4346F8232005FA04
S21403D18007F1013BF3D2DEE70021C4F12007F8E7FD
S21403D1901F29D8D9B5000021DEE730B543682BB97F
S21403D1A04A6862B9181E18BF012028E0826802EB9D
S21403D1B0830252F8042C002AF2D1013BEFE78C6875
S21403D1C004EB820555F8045C35B9013AE9E701201A
S21403D1D015E04FF0FF3012E0002BFAD09342F6D85A
S21403D1E0F7D3013B826852F8231054F82320914268
S21403D1F0EDD803F1FF33ECD35A1CF3D1002030BD36
S21403D20030B54368024623B9486858B9002B36D16F
S21403D2102FE0906800EB830050F8040C0028F3D14D
S21403D220013BF0E78C6804EB800555F8045C15BBFE
S21403D2300138EAE702D20868404221E0106809682C
S21403D240002803DD002907DA012019E0002903DDA1
S21403D25010B14FF0FF3013E0013B916851F82350B3
S21403D26054F823108D420BD803F1FF33E4D3591C33
S21403D270F3D1002004E0002BDDD08342DAD9106816
S21403D28030BD1FB581EAE173A3EBE1730029009378
S21403D290B4BF4FF0FF330123019301A90123029387
S21403D2A0CDF80CD0FFF7ACFF05B05DF804FB904259
S21403D2B02DE9F04106460F46154602D0884229D18D
S21403D2C02F4601237D68336065BB29463046FFF74A
S21403D2D0C7FD044618BBB368B9689C460746854233
S21403D2E029D103EB8503D7B17268AA4205F1010879
S21403D2F007D841463046FFF7B3FD68BBB36803EB78
S21403D30085031A68D21943F8042B2CBF012700277C
S21403D3104546E8E7FFF7E5FD04460028D0D020465B
S21403D320BDE8F081BB6803EB850353F8043C002B90
S21403D330CBD1013DC8E7DCF80020D21951F82070A4
S21403D3402CBF4FF0010E4FF0000ED2194CF8042BF1
S21403D3504EF100070130C2E70446E0E72DE9F84343
S21403D360546805460E4690463CB97168A1420ED2F3
S21403D3706FF009073846BDE8F883D8F8083003EBA2
S21403D380840353F8043C002BEFD1013CECE728461A
S21403D390FFF766FD07460028ECD17268A24209D95A
S21403D3A0A868B168121B920001EB840100EB8400AD
S21403D3B00FF093F96A687068824207D9AB68121A4D
S21403D3C09200002103EB80000FF0AFF90022A9685A
S21403D3D0D6F808E0D8F8088013469C4211D16AB103
S21403D3E0686801EB84034FF0FF36A04223D91A681E
S21403D3F0EAB151F82430013B41F8243001232B6075
S21403D400B8E75EF823C058F82360ACEB0200B042DE
S21403D4102CBF4FF000094FF00109801B41F8230091
S21403D42094452CBF4A4609F101020133D5E743F878
S21403D430046B0134D9E7DCD19AE7F8B50D681368B5
S21403D4406B4304460F46164616D511463846FFF775
S21403D450A4FE002806DB324639462046FFF77EFF49
S21403D46040B1F8BD3A4631462046FFF777FF00281D
S21403D470F7D16D422560F4E7FFF719FFF0E7F8B53B
S21403D4800D6813686B43002B04460F46164616DDDD
S21403D49011463846FFF781FE002806DB324639463A
S21403D4A02046FFF75BFF40B1F8BD3A4631462046BB
S21403D4B0FFF754FF0028F7D16D422560F4E7FFF726
S21403D4C0F6FEF0E71FB582EAE273A3EBE273002AE7
S21403D4D00093B4BF4FF0FF330123019301AA012346
S21403D4E00293CDF80CD0FFF7CAFF05B05DF804FB36
S21403D4F02DE9F0479446DD08089AA1EB030A03F0EA
S21403D500070E644603462F464FF00008013F791C7A
S21403D51003F1200304F1200413D100EB45100CEBB8
S21403D52045154FEA8E09844605EB8E0E754540F089
S21403D53088804844BAF1010A80F094804046BDE8EA
S21403D540F08754F8206C53F8201CA2FB069618EBC1
S21403D550090846F1000611EB080843F8208C54F836
S21403D5601C1C46F10006A2FB019853F81C1C16EB84
S21403D570090648F100088E1943F81C6C54F8186C19
S21403D58048F10008A2FB066918EB060853F8186C66
S21403D59049F1000916EB080643F8186C54F8146CA6
S21403D5A049F10009A2FB066819EB060953F8146C47
S21403D5B048F1000816EB090643F8146C54F8106C8F
S21403D5C048F10008A2FB066918EB060853F8106C2E
S21403D5D049F1000916EB080643F8106C54F80C6C76
S21403D5E049F10009A2FB066819EB060953F80C6C0F
S21403D5F048F1000816EB090643F80C6C54F8086C5F
S21403D60048F10008A2FB066918EB060853F8086CF5
S21403D61049F1000916EB080643F8086C54F8046C45
S21403D62049F10009A2FB066819EB060953F8046CD6
S21403D63048F1000816EB090648F1000843F8046CA5
S21403D64064E755F8044BDCF80070A2FB044618EBBD
S21403D650040846F1000417EB08074CF8047B44F172
S21403D660000863E7036813EB080340F8043B2CBF8A
S21403D6704FF001084FF000085CE72DE9F04F002358
S21403D6808BB0154688424FF00102CDE90423CDE95D
S21403D6900632CDE9083307460E4605D104A8FFF740
S21403D6A020FC044670BB04AEAF4206D1394607A839
S21403D6B0FFF717FC044628BB07ADD6F80480B8F17D
S21403D6C0000F29D14FF0010BD5F80490B9F1000FE4
S21403D6D02ED14FF0010B08EB09013846FFF7C0FBCC
S21403D6E0044678B901463846FFF72DFC044648B988
S21403D6F0824608F10101CA4524D1BBF1000F31D09F
S21403D70001233B6007A8FFF799FB04A8FFF796FBE6
S21403D71020460BB0BDE8F08FB36803EB880353F8DD
S21403D720043C13B908F1FF38C9E74FF0000BCBE709
S21403D730AB6803EB890353F8043C002BCBD109F108
S21403D740FF39C3E7AB68B86853F82A30009300EB99
S21403D7508A00B26803914346FFF7CAFE0AF1010A3C
S21403D7600399C8E733682A6853433B605C46C9E7B6
S21403D7702DE9F3414F680546884616463FB1D8F86B
S21403D780083003EB870353F8043C3BB146B900214A
S21403D790284602B0BDE8F041FFF7D5BB013FEDE7F1
S21403D7A0791C2846FFF75CFB044670B941462846B9
S21403D7B0FFF797FB044640B9013ED5E90110D8F8B8
S21403D7C0082000963B46FFF793FE204602B0BDE8CE
S21403D7D0F0812DE9F04F2DED028B074699B089466F
S21403D7E01846002108EE903A1646FFF74AFD002831
S21403D7F000F0A381032300240125139318EE901A47
S21403D80015AB3046CDE90654CDE90845CDE90A44C3
S21403D810CDE90C54CDE90E45CDE910441295149389
S21403D820FFF7BBFCA0422ADA4FB9B9F1000F1ED1AD
S21403D8300024204619B0BDEC028BBDE8F08F2146CC
S21403D8403846FFF780FB04460028EED006A8FFF70D
S21403D850F5FA09A8FFF7F2FA0CA8FFF7EFFA0FA8F4
S21403D860FFF7ECFA0C2115A8D2F7B2FFE1E7314631
S21403D8704846FFF736FB04460028E7D1D8E731468B
S21403D88006A8FFF72EFB04460028DFD10DF1240877
S21403D89018EE901A4046FFF724FB04460028D5D11D
S21403D8A07168099502310CA80695FFF7D9FA044664
S21403D8B00028CBD101460CA8FFF745FB04460028F9
S21403D8C0C4D171680FA80231FFF7CAFA04460028CC
S21403D8D0BCD14046FFF764FB00F01F001F2876D03C
S21403D8E0C0F11F03194606A808EE103AFFF7CBFB54
S21403D8F004460028AAD118EE101A4046FFF7C3FBC9
S21403D90004460028A2D1DDF81CA00A9DAAEB050355
S21403D9104FEA431B594640460193FFF7B4FB0446C0
S21403D920002893D1019B9B00414606A80193FFF76D
S21403D93067FC0028019B4DDA59464046FFF7F3FB88
S21403D9400446002882D16B1E01939B00039305F1C6
S21403D9508043023B9B0004930AF180430AF1FF389D
S21403D960013B0AF1804A5D1BAAF1020AAD004FEAA9
S21403D9708A0B019B98453CD857B10CA93846FFF74C
S21403D980B0FA10BB18EE902A3368126853433B6014
S21403D990B9F1000F3FF45AAF18EE101A06A8FFF7B6
S21403D9A0C2FB90B93368069306A94846FFF799FA6F
S21403D9B00146002840F0BF804846FFF762FC002877
S21403D9C07FF444AF0123C9F8003004463EE708EE6F
S21403D9D0104A98E70E990193CA580132CA5006A90D
S21403D9E042460846FFF74BFD019B044600289BD0A2
S21403D9F02CE74FEA8803DDF820A0039A05930B9BD8
S21403DA005AF828109A580E9B914203EB0500029091
S21403DA107AD34FF0FF325A51B8F1010F8ABF0AEB9F
S21403DA200B03002353F8043C1593B8F1000F7ED084
S21403DA305AF80B301693059B029A5AF8033017933D
S21403DA40029B1B68013313600E9A5359013B5351D3
S21403DA5000210FA8FFF777FA0028B6D1019B0B9A8F
S21403DA60002B66D0049BD158119B1960039952581A
S21403DA705A600E9B0FA95A590846FFF779FE0028ED
S21403DA80A3D112A90FA8FFF7BBFB0028DCDC0E9B73
S21403DA9009A95A590FA8FFF76BFE002895D14FEA3C
S21403DAA0C50A51460FA8FFF7EEFA00288DD106A93E
S21403DAB008460FAAFFF7E3FC014600283BD106A859
S21403DAC0FFF7DFFB002819DA09A90FA8FFF709FA01
S21403DAD000287FF47AAF51460FA8FFF7D4FA002840
S21403DAE07FF473AF06A90FAA0846FFF7A6FC002823
S21403DAF07FF46BAF0E9A5359013B535108F1FF382D
S21403DB00043DABF1040B34E75AF80B0052B1002383
S21403DB10FBF726FF4FF0FF3383424FF000038B41A2
S21403DB20024601D24FF0FF32029B1A6074E7434667
S21403DB3080E7019998E70C4688E66FF00B0478E6D1
S21403DB4070B504460D46104600211646FFF799FBAE
S21403DB50002824DB2A46334621460020FFF739FEF9
S21403DB60054638B1284670BD324621462046FFF7A3
S21403DB7064FC90B900212046FFF783FB0028F3DB03
S21403DB8031462046FFF73CFB0028EBDB32462146B6
S21403DB902046FFF774FC0028F2D00546E2E76FF054
S21403DBA00905DFE72DE9F04F002487B005469946BF
S21403DBB0104601238A46CDE901341646FFF7F0F9ED
S21403DBC0A245074600F1070B59DB51463046FFF7DF
S21403DBD058FBA04253DDBBF1270F4FF001037168DA
S21403DBE005942846CDE903348CBF4FF01E084FF04A
S21403DBF0FA08FFF75BF90446002836D1716803A8D4
S21403DC00FFF72EF9044680BB514603A8FFF79BF99E
S21403DC10044650BB4FEADB0A2BF0070BABEB0707B8
S21403DC20109B4A4651462846FFF7D0F80446E0B90B
S21403DC3039462846FFF777FA0446B0B9B8F1010823
S21403DC401AD001AA03A9284600F0A3FB044660B92C
S21403DC5002AA3146284600F09CFB044628B9019BDD
S21403DC60002BDDD1029B002BDAD003A8FFF7E6F8E2
S21403DC70204607B0BDE8F08F6FF00D04F5E76FF0B0
S21403DC800304F5E77FB5016F01F00303032B044696
S21403DC903BD1426E2AB990F86D30023B012B1DD85A
S21403DCA0C265206E94F9003094F86C50002814BFB7
S21403DCB040200020023A5208034343EAC2036A1E86
S21403DCC01343237004F10F06E36D3046321AD2B2C3
S21403DCD0954206D84BB141F0100121676FF00C0056
S21403DCE011E000F801391B0AF0E703AB009310229A
S21403DCF02346214604F12000D2F75CF818B1236FBF
S21403DD0043F01003236704B070BD0020FBE72DE942
S21403DD10F04188B01C460023CDE90333CDE9053333
S21403DD200793154603AB1022009380460E4604ABBA
S21403DD3081182030D2F73EF8074670B1D8F8703015
S21403DD4043F01003C8F8703010210DEB0100D2F732
S21403DD503FFD384608B0BDE8F0810E99234604AA75
S21403DD60941901391D4413F8012B14F8010BAB4227
S21403DD7082EA000201F8012FF5D1E5E774220021BB
S21403DD800EF0D3BC2DE9F04104461746084601229F
S21403DD9019461E46D1F7C2FF054698B14369102BB4
S21403DDA010D12034204600F061FA29462046D1F7E8
S21403DDB0C9FF48B93246394620460123BDE8F0413B
S21403DDC0D1F7D8BF6FF00C00BDE8F08110B504465C
S21403DDD040B1203000F04AFA20467421BDE81040D6
S21403DDE0D2F7F6BC10BD2DE9F0411D46073B062BC6
S21403DDF0044616462DD8EFB2C7F10F0300F11008FC
S21403DE0080F86C3080F86D10102200214046C7F170
S21403DE100E070EF08AFC2A463146277404F11100D9
S21403DE200EF05BFC681C94F86C20002140440EF056
S21403DE307CFC0123E377E0182A4631460EF04DFCBE
S21403DE40236F43F0010323672046BDE8F041FFF745
S21403DE5019BF6FF00C00BDE8F081022B30B412D06E
S21403DE60102B10D813F001050DD1B1F57F4F0AD250
S21403DE70C0E91935036F43F0020330BCC0E917212C
S21403DE800367FFF7FFBE6FF00C0030BC70472DE949
S21403DE90FF47036F0446D8060F46154649D422B9F2
S21403DEA00026304604B0BDE8F08713F0080640D1DC
S21403DEB05907226E39D4AA423BD3217881EA12212C
S21403DEC02170617843F004034A406270236704F1CB
S21403DED020080DF10C09A26E931C03F00F01C1F18B
S21403DEE01003AB4228BF2B464FF0000C5FFA8CF0B2
S21403DEF083420CF1010C1FD81A44ED1A1F440B443D
S21403DF00102BA26602D0236E9A421FD1CDF8009042
S21403DF102346102221464046D1F74CFFB0B1236F6B
S21403DF2043F0100323670646BBE7A36E2B449342D6
S21403DF30CDD96FF00C06B4E701EB000E385C14F88D
S21403DF400EA080EA0A0004F80E00CFE7002DC2D127
S21403DF50A26E236E9A42A3D1236FA56643F00803ED
S21403DF6023679EE72DE9F04F9946036FDB068BB0D8
S21403DF7004468846164600F1B480436E2BB1836E82
S21403DF801344C26D934200F2AC80149B9E4200F28F
S21403DF90A880159B04F1200B1E600EB9334683E060
S21403DFA0A36E94F86D2003F00F07C7F11005B54272
S21403DFB028BF354602F0FD022B44012AA36666D02D
S21403DFC094F86D3013F0FD0F2BD10DF1180A43466C
S21403DFD0CDF800A02A4639462046FFF798FE0346AA
S21403DFE0002861D1C2B2954200F1010066D82A46E4
S21403DFF0514648460EF071FB10215046D2F7E8FB17
S21403E0007B19102B03D0A26EE36D9A4265D105AB44
S21403E01000931022234621465846D1F7CBFE0346EB
S21403E02080BB2F44102F54D104F11F0194F86C00C9
S21403E0300A468B1ADBB298424FD913780133DBB208
S21403E04002F80139002BF4D047E0B81818F802207C
S21403E05014F800C082EA0C022254CAB2954201F1B7
S21403E0600101F2D87A19102A02D0E26D934210D138
S21403E07005AB00931022234621465846D1F79AFE55
S21403E080034630B1226F42F0100222670CE00021F3
S21403E090E3E74346CDF800902A4639462046FFF785
S21403E0A036FE034600288BD0102106A80393D2F72A
S21403E0B08FFB039B18460BB0BDE8F08F02F12803D5
S21403E0C0B9180DEB030212F8103C625C534063541C
S21403E0D088E7A26EE36D9A42A6D0761BA844A944AD
S21403E0E05BE76FF00C03E5E7036FF7B51746DA0651
S21403E0F004460E4631D4026E0AB11B0718D5E36DEB
S21403E1009BB994F86C20C2F12000002120440EF045
S21403E1100CFB00942346102200212046FFF7F7FD50
S21403E120054640B1284603B0F0BDA26E9342E8D040
S21403E1306FF00C05F6E726B13A46214630460EF058
S21403E140CCFA00212167102220460EF0EEFA1022A8
S21403E1500021A0180EF0E9FAE4E76FF06D05E1E799
S21403E160F0B585B015461A460A9B0C9F109E0446CA
S21403E170FFF739FED8B933462A4639462046FFF715
S21403E1806CFEA0B90B993A462046FFF780FE70B99D
S21403E19003ABCDE900530D990E9B2A462046FFF7A5
S21403E1A0E1FE20B90F9932462046FFF79DFF05B0E2
S21403E1B0F0BDF0B58DB008AF169D189E0696CDE956
S21403E1C00457159F0397149F0297139F0197129F57
S21403E1D000971446FFF7C4FF60B90246D3B29E42C7
S21403E1E002F1010208D828B128462146D2F7F0FAF0
S21403E1F06FF00E000DB0F0BD03F13001179F6944B8
S21403E200FB5C11F8101C4B401843E7E710B588B0C9
S21403E2100F9C06940E9C05940D9C04940C9C0394EE
S21403E2200B9C02940A9CCDE9003413460A4601214E
S21403E230FFF796FF08B010BD10B588B00F9C069484
S21403E2400E9C05940D9C04940C9C03940B9C0294C6
S21403E2500A9CCDE9003413460A460021FFF7A9FFBE
S21403E26008B010BD3C2200210EF05FBA10B504467C
S21403E27098B1806B28B14C21D2F7AAFAA06BFEF7AF
S21403E28086FD606B18B123689B695B6998472046D7
S21403E2903C21BDE81040D2F79BBA10BD10B504462A
S21403E2A0FFF794FD2046BDE81040FEF770BD10B59D
S21403E2B074210120FEF749FD044608B1FFF75EFD11
S21403E2C0204610BD13460A460221FFF75BBD10B574
S21403E2D00446FDF759FF2046BDE81040FEF757BD3C
S21403E2E010B524210120FEF730FD044608B1FDF7E2
S21403E2F047FF204610BDFDF76BBFFDF74BBFFDF78D
S21403E300ADBF431A4840594008405840C00F7047B5
S21403E310F0B504395F420025013B854200D1F0BDCC
S21403E32052F8256051F8044F3E401C4034430C60BD
S21403E3300135F2E72DE9F8430F464968054691464D
S21403E340FEF78EFD8046C8B92C687868BA68A96857
S21403E350631C3C6801345C4004EA49045C40C9F130
S21403E3600006013C4B4646EA09062C60FFF7D0FF41
S21403E370F6177B686868F643984202D84046BDE8BD
S21403E380F883A96851F82320324041F8232001334B
S21403E390F2E72DE9F74F88464168D8F804309942EA
S21403E3A0064636D10368D8F80010C3F340094B403D
S21403E3B0C3F3400409EA530313604768C9F1010332
S21403E3C0013F03D2002003B0BDE8F08FD8F8081051
S21403E3D0019351F827B0B16851F827A05846514623
S21403E3E0FFF78FFFC4F10105116805EA090505402B
S21403E3F004430D4350465946FFF783FF019BC4F180
S21403E400010C03EA000101EA0C010D431560044305
S21403E410D6E76FF00300D6E72DE9F04F502ABFB0DA
S21403E42006468846154600F2B18022AF70220021C8
S21403E43038460EF07AF90DA8FDF7A2FE0024302325
S21403E4402A46414628A88DF89F308DF898408DF8C7
S21403E45099408DF89A408DF89B500EF03EF905F1E1
S21403E460F8036B44802203F8582C05AB984603F850
S21403E470014B0134202CFAD14FF4807241460DA88B
S21403E480FDF788FE0446002864D11935814610221C
S21403E490002101A80EF049F9AB46BA4601AA0AF1D3
S21403E4A0FF330AF10F00117813F8014F61409842C9
S21403E4B002F8011BF7D101ABBBF1100F1A464FF060
S21403E4C001010DA894BFABEB0B0BABF1100BFDF7E3
S21403E4D0C5FE0AF1100A044600283BD1BBF1000F23
S21403E4E0DCD116AB01AC09EB0302234603CB434551
S21403E4F0106051601C4602F10802F6D19DF88B307D
S21403E50009F110090133B9F1300F8DF88B30BED104
S21403E5104FF4807216A90DA8FDF73CFE0446C8B951
S21403E52006F1300935461EAB1A4601210DA8FDF744
S21403E53095FE044670B90DF1780C2A46634603CB64
S21403E540BB42106051609C4602F10802F6D11035BA
S21403E550A945E8D10DA8FDF717FE70213846D2F776
S21403E56037F9302116A8D2F733F920214046D2F7DF
S21403E5702FF9102101A8D2F72BF91CB13021304610
S21403E580D2F726F920463FB0BDE8F08F6FF0370488
S21403E590F8E72DE9F0438DB004460E4630220021FD
S21403E5A068460EF0C2F8002704F12009E8460DEB92
S21403E5B0070304F10F010A780132D2B2084601F8C4
S21403E5C001290AB9A042F6D1224601214846FDF7A1
S21403E5D045FE054600BB1037302FE7D1731E2F3696
S21403E5E098F8002013F8011F4A40B34208F8012B9D
S21403E5F0F6D14FF4807269464846FDF7CBFD0546D3
S21403E60050B908AA0CAE134603CBB3422060616030
S21403E6101A4604F10804F6D168463021D2F7D8F832
S21403E62028460DB0BDE8F0832DE9F0418469502CEF
S21403E63094B00546884617461E4643D8C4F1500391
S21403E640B3423FD3C6F150031B1B93423AD3502227
S21403E650002168460EF069F86B6CA86C2246694682
S21403E660984728B16FF03304204614B0BDE8F08114
S21403E670AC6946B16B6CA86C32460DEB0401984747
S21403E6800028EFD13444B8F1000F07D037B10DEBB3
S21403E69004003A4641460EF020F83C4422466946BA
S21403E6A06846FFF7B9FE044638B969462846FFF7B9
S21403E6B070FF044608B901232B6150216846D2F740
S21403E6C087F8D1E76FF03704CEE710B54C2204463F
S21403E6D000210EF02AF84FF0FF33236142F2107345
S21403E6E0E36110BD10B5044660B12030FDF74CFD64
S21403E6F04C212046D2F76CF842F21073E3614FF0D8
S21403E700FF33236110BD0023FFF78EBF2DE9F041D1
S21403E7104FF020088AB005460F46144600214246AD
S21403E72002A81E460EF001F805EB08000190FDF75F
S21403E73027FDAB690198C5E911740BB9C5F81880B4
S21403E7402C69002C05DAAC692F2C9ABF01346408B7
S21403E75000244FF4807202A9FDF71CFD28B9109A15
S21403E760234631462846FFF75FFF0AB0BDE8F0812F
S21403E7702DE9F04190B0B2F5806FDDF8588005467C
S21403E7800F4616461C465ED8B8F5807F5ED8302204
S21403E790002104A80DF0C9FF2A69EB699A4201DC3F
S21403E7A06B699BB1214642462846FFF7ACFF0446F9
S21403E7B028BB05F1200836BB04A92846FFF7E9FE67
S21403E7C00446A0B92B6901332B6110E0B8F1000FA2
S21403E7D0EFD02146424604A8FFF71EFE044630B992
S21403E7E004A92846FFF7D5FE04460028E1D03021C9
S21403E7F004A8D1F7EDFF10216846D1F7E9FF2046BC
S21403E80010B0BDE8F08105F10F0213780133DBB2D7
S21403E810114602F801390BB9A942F6D16B462A46CE
S21403E82001214046FDF71AFD04460028DFD1102ECD
S21403E830344628BF10243846224669460DF04DFF5D
S21403E8402744361BB7E76FF03504D8E76FF0370475
S21403E850D5E707B500230093FFF78AFF03B05DF8FB
S21403E86004FB2DE9FF41DDF828801D461646434686
S21403E8702A4604460F46D1F70DFE48B9CDE9018076
S21403E880009504F128033A4631462046D1F7F6FDB3
S21403E89004B0BDE8F081F0B50D4685B004460C35EE
S21403E8A001A81646FEF7C4FA00212846FEF7E9FC3F
S21403E8B0211D07462A4601A8FEF7E1FD044648B98E
S21403E8C0002F0CBF002206F0010201A92846FFF71D
S21403E8D031FD044601A8FEF7B1FA204605B0F0BDA7
S21403E8E070B50C460546114620461A46FEF7A5FDAA
S21403E8F0064630B9043529462046FEF781FC002833
S21403E90001DA304670BD2A4621462046FEF726FD2C
S21403E9100028F0D00646F4E710B50446FEF78EFA54
S21403E92004F10C00FEF78AFA04F11800BDE8104063
S21403E930FEF784BA2DE9F74313F07E0F17460C460D
S21403E9400CBF012200220646394620461D46C3F365
S21403E95045080192FFF7EEFC40BB04F10C09019A4F
S21403E96007F10C014846FFF7E5FCF8B908F1FF3359
S21403E9705A425A4107F1240120460192FFF7DAFC76
S21403E980A0B9019A07F130014846FFF7D3FC68B9EE
S21403E990EA0921463046FFF77EFF38B9012104F124
S21403E9A0180003B0BDE8F043FEF7CDBA03B0BDE8E8
S21403E9B0F0830968D1F76CBA036B2BB1C36B002BDA
S21403E9C00CBF0220012070471846704710B5044656
S21403E9D0FEF72EFA04F10C00FEF72AFA04F11800EB
S21403E9E0BDE81040FEF724BA38B50025044600F803
S21403E9F0045BFEF71DFA04F11000FEF719FA04F1A2
S21403EA001C00FEF715FA04F12800FFF7DFFF04F1F8
S21403EA104C00FEF70DFAC4E91655C4E91855C4E9C7
S21403EA201A55C4E91C55A56738BD08B1FFF774BF6E
S21403EA30704770B5044660B3036E012B12D00430E2
S21403EA40FEF7FCF904F11000FEF7F8F904F11C00D8
S21403EA50FEF7F4F904F12800FFF7E7FF04F14C0092
S21403EA60FEF7ECF9636F8BB920467C21BDE8704056
S21403EA70D1F7AEBE06FB0500FFF7D7FF0135D4E995
S21403EA801D03AB42F6D8FEF782F9EDE700252426F0
S21403EA90F5E770BD38B504460D46FEF722FA70B9A1
S21403EAA005F10C0104F10C00FEF71BFA38B905F169
S21403EAB0180104F11800BDE83840FEF712BA38BD55
S21403EAC008B500211830FEF7DCFBB0FA80F04009E9
S21403EAD008BD2DE9F041202B8AB080460E46174626
S21403EAE01D4609D9002302AA2946384600F036F9FE
S21403EAF0044600BB02AF20258DF8046046468DF819
S21403EB00055056F8041B81B10123C8F800300222D1
S21403EB1001A93046CEF7DCFE044660B92A463946DC
S21403EB203046CEF7D5FE044605E03046CEF7BEFEA9
S21403EB3004460028E8D002A82021D1F749FE204643
S21403EB400AB0BDE8F0812DE9F0430026A3B00746DE
S21403EB500546B0466FF03B04B1463B6F98450BDB6A
S21403EB60002E08BF6FF03C0402A88021D1F730FEC8
S21403EB70204623B0BDE8F083D5F884306C6FA86FC9
S21403EB80CDF80490012B4FF0800201AB02A908BF19
S21403EB900126A04704460028E6D1019B5BB102AAE2
S21403EBA05FFA88F13846FFF794FF0028E1D1EB6F50
S21403EBB0019A1344EB6708F101081435CDE703689F
S21403EBC0013310B504460CD00430FDF739FC00239E
S21403EBD02367282104F17400D1F7FAFD4FF0FF33C1
S21403EBE0236010BD30B5056F012D0DDC142404FB26
S21403EBF005040135C4F88030039BC4F88430C4E9A7
S21403EC001D120567002030BD6FF03D00FBE72DE9C0
S21403EC10F041202A88B080460F4616466FD84FF438
S21403EC208175013D65D0D8F87030002B64D040461E
S21403EC30FFF789FF0446002840D1D8F870E0024663
S21403EC4043460120A64541DC0028EAD01F2AE8D91E
S21403EC5020220021684608F104050DF066FD69468A
S21403EC602846CEF73FFE044640BB2846FDF7E8FBA2
S21403EC702846FDF7E3FB21462846CEF717FE044653
S21403EC80E0B9202269462846CEF722FE0446A8B9F4
S21403EC9003466A462021684600F060F8044668B9D1
S21403ECA0D8F870200346142108F17C0025469A42C2
S21403ECB019DC3246694638460DF00FFD20216846BA
S21403ECC0D1F786FD204608B0BDE8F081D3E91FC121
S21403ECD08C4538BF0020D3F88410012908BF62444E
S21403ECE001341433AEE701FB03FC013340F80C5048
S21403ECF0DDE76FF03B04E1E76FF03F04DEE76FF01C
S21403ED003B04DFE70023036043608360704710B56E
S21403ED10044610B3036803B3406858B11B79032B4A
S21403ED2018D0042B16D0022B01D1FDF78DFB60689B
S21403ED30FEF72DF8A06838B1236899794900D1F712
S21403ED4047FDA068FEF723F820460C21BDE81040D7
S21403ED50D1F73EBDFDF774FBE9E710BDF0B59FB0F4
S21403ED60064603A80F4615460193FDF767FB019970
S21403ED7003A8CEF79BFD044658B93A46314603A886
S21403ED80CEF7A6FD044620B9294603A8CEF7AAFD6A
S21403ED90044603A8FDF754FB20461FB0F0BD08B594
S21403EDA0202004F06BFF003818BF012008BD08B50B
S21403EDB0FFF7F5FF20B1BDE80840202004F066BF4A
S21403EDC008BD73B506460D461446A2B104F053FFBC
S21403EDD0A84212D8304604F063FF0146019070B192
S21403EDE000232A46204603F0F3FA01A803F0FAFAB2
S21403EDF0002002B070BD2220FBE72120F9E72D207A
S21403EE00F7E708B5D9F7FCF808B1012008BD00F00C
S21403EE105FF8D9F7FDF80028F7D1DBF715FB0038C4
S21403EE2018BF0120F2E708B5D1F796FE002814BFF5
S21403EE300120042008BDD1F79DBE0020704730B5E1
S21403EE40044687B00846154602F050F914220021FE
S21403EE5001A80DF06AFCA3680293E3680393E38BAF
S21403EE60ADF81030238CADF81230ADF80450FFF730
S21403EE70E4FF029B8DF8140043F41053029304F04E
S21403EE8066FE18B1029B43F00403029301A8D5F76C
S21403EE900DFB10F0FF0516D1A38CADF800300DF175
S21403EEA00201E38CADF80230684604F034FDD1F776
S21403EEB0FBFE02F019F901210CF0A0FEDAF7ACFB19
S21403EEC0284607B030BD40F20C40FAE7D1F7FCBE47
S21403EED0FDF7E6BED0F794BC50E8003F0B4340E88E
S21403EEE00032002AF8D17047C94350E8003F0B4070
S21403EEF040E80032002AF8D17047CB6918477047BC
S21403EF0070470020704770474FF00000704700209E
S21403EF1070477047704700207047002070470020F6
S21403EF20704700207047002070470020704700207D
S21403EF3070477047002070477047704770477047A8
S21403EF4070470020704700207047704711207047B5
S21403EF50002070474FF0FF3070470020704770471F
S21403EF600020704700207047002070474FF0FF30A6
S21403EF70704711207047002070470120704700201B
S21403EF807047002070470020704700207047704786
S21403EF9001F00CBD38B50446FCF7A2FBD4E90C120D
S21403EFA005462046D1F7E6FEA28CE0600346E08CD9
S21403EFB0801A40F2712202FB003303F59C53083398
S21403EFC023612846BDE83840FCF790BB08B52030DF
S21403EFD0FFF782FFBDE808404FF08050D1F70CBE24
S21403EFE037B5044608300191D4F77EFE20460199D2
S21403EFF0D7F740FF206C0025E56110B1D3F77AFC04
S21403F000256404F1500003B0BDE8304003F0EAB9CC
S21403F01070B504460E4619B390F828208AB190F8C6
S21403F02029300133DBB29A4280F8293009D1012115
S21403F030FFF7D6FF4FF080712046BDE87040FFF71C
S21403F040C5BF236ADA030BD5E36A62689B1A002BF3
S21403F05006DA01212046FFF7C3FF4FF08061EBE796
S21403F060236A1B0427D402F0F7FF1123B0FBF3F344
S21403F07003EB0313C01A94F95D3085B213FA80F0DC
S21403F080102888BFC5F110056DB2083B2B4484F8E1
S21403F0905D3001212046D7F7EDFE76B1A38C1D44E3
S21403F0A0636840F2712202FB053363602046BDE8C5
S21403F0B07040D7F791BE0025EBE703F009F86368C5
S21403F0C0181A0028EADBF1E72DE9F04704460F4655
S21403F0D0E169DDF828A09DF830809DF838C09DF8DA
S21403F0E040009DF8489016461D469DF84C209DF816
S21403F0F05030002940F0D880E90600F1C18005F0C1
S21403F1000301032908BF05F0FD0505F0F705A90669
S21403F110BDF83410A4F85E1002F0FD0148BF05F0F8
S21403F120FC05012900F0AF80022A08BF042247F637
S21403F130FF711CF0020F84F86220A4F8781040F0E8
S21403F140A4801CF0040F00F0A28002F0FD02012A46
S21403F1500CBF0422032294F87F1062F3030103F02A
S21403F160FD02012A84F87F1000F09380022B08BF6B
S21403F170042347F6FF72A4F88820820784F86330D6
S21403F18000F18980400740F1888003F0FD03012BDE
S21403F1900CBF0421032194F88F30606E61F30303E0
S21403F1A084F88F30FFF7D1FE216B00222046D1F77B
S21403F1B0E1FD40F271237343984277D804F12000AF
S21403F1C049F6FF71FFF790FEFF2384F84730B9F145
S21403F1D0000F03D0236A43F480532362290705D51F
S21403F1E0236A062643F4841323623746236A6A0790
S21403F1F023F4C04323620CD418F0010F1CBF43F45E
S21403F2000053236218F0020F1EBF236A43F48043A1
S21403F2102362236AA4F844502B43236204F1570362
S21403F220BAF1000F3BD0DAF80020C4F85720BAF83A
S21403F23004209A809DF82430012B03D14FF480617B
S21403F240FFF74AFE236A9DF8202023F4407343EA1F
S21403F2500223236202F000FF9DF84430A784C0F324
S21403F2600B0040EA03309DF82C30A4F86C00E684CB
S21403F270204684F82A30FFF78DFE0020BDE8F0878D
S21403F2800120844643E7032251E7022263E7012273
S21403F29061E703236DE702217DE701217BE7C4F8DD
S21403F2A057A0A3F804A0CDE70C20E7E74520E5E741
S21403F2B02DE9F743894617460193044630B901A85A
S21403F2C003F090F8422003B0BDE8F083012920D074
S21403F2D0022910D089B9C369C3B900F130054FF4C8
S21403F2E00036236AD9061ED55A0726D501A803F089
S21403F2F079F80020E7E7406E20B901A803F072F81A
S21403F3000C20E0E71946FFF721FEDCE700F138059D
S21403F310E5E7C36923B900F134054FF48026E0E737
S21403F32000F13C05F9E79B0707D5B9F1000F04D1B7
S21403F33001A803F057F81220C5E704F12008404659
S21403F3403146FFF7D1FDF80702D5284603F04AF801
S21403F350019921B1284603F0F8F9002301932868A0
S21403F36003F0E8F9236AD90605D51F2801DC032F25
S21403F37016D02846DDE740F27262904204DD284646
S21403F38003F030F807209EE7B9F1000F08D1BF2835
S21403F39006DD9A0704D0284603F024F8452092E7B2
S21403F3A0D4E90E122046D1F7E5FCE3696BB1A38CD2
S21403F3B040F271225343984207D9E38C8342EAD33F
S21403F3C000F51C70B0FBF2F0A084FCF789F9E36942
S21403F3D005467BB1BB070DD531464046FFF77CFD9E
S21403F3E06368C3F57A7602F073FEF04202D52046D0
S21403F3F0D7F75CFE2846FCF779F97AE708B548B1F3
S21403F40011F0010108D020304FF40011FFF764FD1E
S21403F410002008BD4220FCE70846FAE708B548B1D5
S21403F42011F0010108D020304FF40011FFF75CFD06
S21403F430002008BD4220FCE70846FAE7D1F744BFA0
S21403F44038B5C36904460D463BB1036A13F001039E
S21403F45010D190F84620FE2A0ED004F120004FF477
S21403F4608001FFF739FD2B68A364AB88A4F84C3002
S21403F470012038BD0020FCE71846FAE7036A10B5FA
S21403F480044613F4602025D09A0307D504F1300010
S21403F49002F0A8FFA36B23630023A363236A5B0323
S21403F4A007D504F1340002F09DFFE36B636300238A
S21403F4B0E3634FF4602104F12000FFF715FD2046B7
S21403F4C0FFF768FDB4F86C305A1C62F30B03A4F81C
S21403F4D06C30012010BD08B50020D1F7ADFCBDE8A7
S21403F4E0084001F063BA10B50446503003F02DF916
S21403F4F020464FF00071BDE81040FFF767BD07B523
S21403F5000191D8F743F80198012103B05DF804EBA5
S21403F510FFF766BD10B5044609B1012010BD406E65
S21403F52080B9A06E98B9B4F844309B07F5D120464D
S21403F530D2F726F8FFF7F5FC0028EFD0C079C0F322
S21403F5404010EBE7FFF7FFFC0028EAD0E5E7FFF7FC
S21403F550EEFC0028E7D0E0E710B50446FFF7DAFF35
S21403F560236A00280CBF00201820990658BF40F0D5
S21403F57001005A0648BF40F040005B0748BF40F012
S21403F580020010BD10B50C460021FFF7C3FF30B9CB
S21403F590E3064CBF04F0180004F05B0010BD18200F
S21403F5A0FCE72DE9F04706468A46114690469946FB
S21403F5B0FFF7D2FF96F88F5005F00F05042D074688
S21403F5C004D196F86330032B18BF032596F87F40C3
S21403F5D004F00F03042B03D196F86230032B28D1D3
S21403F5E004F00F0439463046FFF7CCFF0021D2F76C
S21403F5F00DFBC11C2046D5F751FE0AF1FF341FFA56
S21403F60080FCA6F854004FF4FA704443FB060AFB4A
S21403F6100C440BD5B6F8443003F00303012B04F572
S21403F620487A08D0022B1FD09BB154462046BDE82B
S21403F630F0870324D6E724212846D5F72FFE10218A
S21403F64006462846D5F72AFE04F58A618C1900EB90
S21403F650040A404603F06EF829460246384600F090
S21403F66073F90AEB0004E1E70E212846D5F716FEE8
S21403F6700646484603F05EF829460246384600F03A
S21403F68063F904F58A6434440444CFE710B50C46A2
S21403F69006281DD8DFE800F00409111C1C1711000A
S21403F6A0BDE810400846D2F77BB9D7F7F9FC844289
S21403F6B00ED1BDE81040D7F769BF20460021BDE84C
S21403F6C01040D1F787BFBDE810400846D2F73CB9D3
S21403F6D010BD03280B4603D101211846D1F77ABF84
S21403F6E0FFF7D4BF032802D10846D2F72DB9FFF798
S21403F6F0CDBF042810B50C4609D005280DD0032825
S21403F70011D1BDE81040497E0120D8F7C7B8084696
S21403F710D2F7B2F958B1D7F739FF20460121BDE831
S21403F7201040D1F757BFBDE81040FFF7AFBF10BD7D
S21403F73070B50446FBF7D4FF002106462046D1F7F2
S21403F74057FB054628B900243046FBF7CFFF204673
S21403F75070BD406E20B1FFF7F6FB04460028F3D1D8
S21403F760A86E0028EFD0FFF7E2FB0446ECE708B5E7
S21403F77001F01CF9BDE808404FF480500021D4F78F
S21403F78089BE83790C330344987810F03F0004D085
S21403F790DB78194214BF01200020704773B58DF83B
S21403F7A0071081794FF440750C31C580002545520A
S21403F7B0455C4418072666F30305455402F0010129
S21403F7C09207A27848BF41F0020161F38712A27044
S21403F7D09DF8072002B95BB101220DF1070102F083
S21403F7E0E4FDA378012262F30503A37002B070BDA3
S21403F7F0A27863F30502A270F8E770B50C460221FF
S21403F8000246FFF7BEFF00B3957905F10C00111809
S21403F810135C6FF3C7131354D379D4F857605B1B89
S21403F820DDB251FA83F34E51B4F85B109980236A24
S21403F83013F4406F1EBF135C43F080031354BDE8FC
S21403F84070400621104602F0A5BD70BD38B50D46C2
S21403F85004210446FFF795FF30B1A91D2046012277
S21403F860BDE8384002F0A1BD38BDF7B504460F46E3
S21403F87016461D460DF10701013301228DF80730A8
S21403F88002F06DFF0DF10701012220468DF8077087
S21403F89002F065FF2A463146204603B0BDE8F04035
S21403F8A002F05DBF13B50A4604210446FFF769FF5D
S21403F8B078B140F2FF23ADF8003000238DF8023014
S21403F8C09388ADF803306A460523FF212046FFF7E9
S21403F8D0CCFF02B010BD38B50D4608210446FFF72D
S21403F8E050FF38B105F16C0120460222BDE83840CE
S21403F8F002F05BBD38BD2021FFF743BF13B50A46B0
S21403F90040210446FFF73DFF50B10A21204692FBF3
S21403F910F1F20DF107018DF80720012202F045FDF3
S21403F92002B010BD10B58479C37904F10C02024409
S21403F9301B1B0239D8B251FA83F3537093780338FA
S21403F94060F30503937010BD70B505460E4600F0D0
S21403F9506B0000211446D2F759F954FA80F4FF2CB1
S21403F96005D821463046BDE87040D5F797BCFF2141
S21403F9703046D5F793FC05F04005FC3D00F548708E
S21403F98061190446FF2904EB000302D929441C46E7
S21403F990F8E73046D5F782FC204470BD08B502313F
S21403F9A0C0B2D5F77BFC00F5FA7008BD70B5049CB1
S21403F9B0002512F01002E57102D1A271104670BD47
S21403F9C00122A2718D786E09F040C20720D54A78CD
S21403F9D005F01F0542EA052591F90020002AB4BF69
S21403F9E04FF496721E226A4398180B7820602521DE
S21403F9F003F03F03B2F5FA7FB3FBF1F501FB1533D2
S21403FA00237106F1010134BF022301236171E371FF
S21403FA100320D4E7036A37B503F4007403F4001530
S21403FA20DB0506D47CB90846D4F75AFC204603B057
S21403FA3030BD44B9826C0A60B0F84C208A80B5FAAF
S21403FA4085F46409F2E7019190F9473000930023A7
S21403FA501A4619461846B5FA85F4FFF78AFA640972
S21403FA60E4E738B50A4601210446FFF78AFEA0B14B
S21403FA70A079E37900F10C051B1A611951FA83F199
S21403FA801046FFF7C7FF635D60F386136355204692
S21403FA900621BDE8384002F07DBC38BD10B541896B
S21403FAA08389C2890446084601F027FBE8B1E27958
S21403FAB0531E072B1AD86389934217D922899A4271
S21403FAC014D8237C4BB9637C3BB9A37C2BB9E37C6A
S21403FAD01BB9237D13F0F0030AD0607D1B3000F0C2
S21403FAE01F000B288CBF0020012010BD0020FCE760
S21403FAF01846FAE708B5D7F749FDBDE808400020E1
S21403FB00D7F7B6BF2DE9F04F90F8068085B008F119
S21403FB100C0800EB08079A469DF838309DF83C40E1
S21403FB201646032205468B4607F10309FA70381D6D
S21403FB3083B994B9D4F7D4FB07F10A03BBF1000FDA
S21403FB400DD16EB9DAF80020C7F80A20BAF80420F7
S21403FB509A8012E00CB9D4F707FC0124ECE776B3DD
S21403FB600393FFF7F7F9039B0021CDE90003012375
S21403FB701A460846FFF7FDF9012607F11001A1EB27
S21403FB80090101F03F02531C7B7015F80830A401ED
S21403FB9003F00F0344EAC6141C43114605F8084055
S21403FBA00331BA70284602F0F5FB15F80830082230
S21403FBB062F3030305F8083005B0BDE8F08F0126AD
S21403FBC0C0E770477047024619460020D8F760B86A
S21403FBD0002070470020704707B500214FF0FF3321
S21403FBE06A46084600938DF80430D2F70BFB03B041
S21403FBF05DF804FB38B50546006802F081FA044652
S21403FC00287900F01F0002F07BFA2044C0B20128D6
S21403FC1094BF0020012038BD50E8003F0B4340E866
S21403FC200032002AF8D17047C94350E8003F0B4022
S21403FC3040E80032002AF8D1704738B505460C462E
S21403FC40FFF7C8FF20B149F640439C4228BF1C4635
S21403FC50EB68A3420AD2B5F87E2040F271214A43EC
S21403FC60934238BF1346A34228BF23462B6138BDB1
S21403FC70034640309A6A920404D5D3F82C21998F10
S21403FC80D2F718BB93F86B10D2F70ABB0020704765
S21403FC907047002070470020704701207047C82037
S21403FCA07047002070470020704770477047112048
S21403FCB070477047704700207047704700207047B2
S21403FCC07047012070477047704790F889305A1C78
S21403FCD002F00F02062A94BF62F303036FF30303D3
S21403FCE010B580F8893090F8893003F00F03034489
S21403FCF0044683F8821090F889306F2B4FEA13126C
S21403FD009EBF013262F3071380F88930FFF7DCFFEA
S21403FD1094F83B11204601F00F01FFF7C7FF10BD13
S21403FD20704770477047002070470020704710B137
S21403FD3001F1B400704701F1D8007047FC307047FA
S21403FD40806A70472830FFF767BFC06A70472C3059
S21403FD50FFF762BF2C30FFF767BF00F59E70704752
S21403FD6008B50B79DB0702D4FFF7DAFF08BDBDE859
S21403FD70084091F90510FFF7A8BF02290346808FB4
S21403FD8011D0032909D0012906D11A8F5B6B120102
S21403FD90B2FBF3F3184480B270475A6B4FF47A43BE
S21403FDA0B3FBF2F3F6E75B8F073000EB4300F2E7B3
S21403FDB0836A590505D4D0F8A43013B15B799A0742
S21403FDC008D4D0F8A80000B9704743799B0701D43C
S21403FDD00068F8E70120704780F87310704770B525
S21403FDE0856A15F00805044617D0836FB0F880506F
S21403FDF05D43436F05F1800203EB4203B0F87C20BA
S21403FE00436740F271214A431B0AB2F5487FACBFF1
S21403FE109B1803F548732D0AC360616B40F2712685
S21403FE20013971432046FFF708FF20460121D7F723
S21403FE3021F8636BB4F880205A43636806FB0233E9
S21403FE405D1B65602046BDE87040D6F7C5BFB0F8B9
S21403FE50343110B5A0F838310446D2F7E1FAC0B20F
S21403FE60FFF71DFF94F83B3194F83A2103F00F0394
S21403FE7004F14001FFF7A7FED5F756FAB4F934218B
S21403FE80824205D0A4F83401D7F7F8FDA4F836016A
S21403FE90B4F93821B4F934319A4209D0A36A9B03E2
S21403FEA006D520464FF40041BDE81040D2F7CEBA3F
S21403FEB010BDFFF7CCBF836A0A4600F14001C3F3C7
S21403FEC04030D2F79FB9A0F87E2040F27122A0F806
S21403FED07C105143B1F5487FB8BF4FF44871C160F9
S21403FEE00169FFF7AABE70B505460E46144692B9D9
S21403FEF028354FF4C0212846FFF796FE1EB14FF46F
S21403FF000031FFF789FE5CB14FF480212846FFF7E6
S21403FF1083FE002404E0FFF7CEFE0028E8D1112478
S21403FF20204670BD2DE9FF41836A9B0304462DD509
S21403FF30B0F93471B0F938610020D7F79FFE8742D5
S21403FF40CCBF4FF000084FF00108FFF741FE94F8CE
S21403FF503B11C82201F00F01D7F79AFE054620464B
S21403FF60D2F75EFAAF42ACBF0225002594F83B11E8
S21403FF70BE1B36B245EA08050023CDE90075029696
S21403FF801A4601F00F0180B200F0C2FC04B0BDE8CF
S21403FF90F081FFF7C7BF8A307047F7B504460E46B1
S21403FFA021B91B2380F8963003B0F0BD416B40F2B5
S21403FFB071235943A1F28A21490830460191D5F7A6
S21403FFC07DF9851F94F892000199ADB28542A8BFCA
S21403FFD005463046D5F772F9831F94F893009BB213
S21403FFE08342A6F10302A8BF0346012AB4F88C0095
S21403FFF0B4F88A202CD8B2F5296F44F29027B8BFFC
S2140400004FF42962BA421146A8BF3946B0F5296FA3
S2140400100246B8BF4FF42962BA42A8BF3A461B2D1F
S214040020B8BF1B251B2BB8BF1B2384F89450A4F819
S2140400308E1084F89530A4F890203046D5F73EF913
S214040040063880B28542A8BF054684F89650ABE7CA
S214040050B2F5A47FB8BF4FF4A472B0F5A47F1146DE
S2140400600246B8BF4FF4A472D9E770B54900466B90
S21404007089B28E4204461FBF4068616340F2712510
S21404008005FB060018BF05FB1100618F1ABF6060F0
S21404009001250025914218BF6287228F18BF0125CB
S2140400A09A4218BF2387A36A18BF01251B0713D4D7
S2140400B0238F94F83B11626B204601F00F011B015D
S2140400C0B3FBF2F3A4F8A030FFF767FF2046042141
S2140400D0BDE87040D2F7BAB9616B04F1340001F0A0
S2140400E007F8A067002DE3D170BDF0B585B00446CF
S2140400F00E4600F18A036A4600F1920718685968AA
S214040100154603C50833BB422A46F7D1186828604B
S2140401109B88AB8031462046FFF73FFF9DF80B20B7
S21404012094F895309A4211D1BDF80620B4F8903070
S2140401309A420BD19DF80A2094F894309A4205D13D
S214040140BDF80420B4F88E309A4207D04FF48141AB
S214040150204605B0BDE8F040D2F778B905B0F0BD4A
S21404016037B50446BDF8180094F892508D420BD16A
S214040170B4F88A50954207D194F893509D4203D11F
S214040180B4F88C5085421DD08DF80610ADF80420C6
S21404019084F8921094F83B11019D84F89330A4F8E7
S2140401A08C00C4F84451A4F88A2001F00F012046BC
S2140401B0FFF79BFFB4F88E30A4F88A30B4F890307A
S2140401C0A4F88C3003B030BD70B5044616460D4610
S2140401D0A1B190F83B3103F00F038B420ED00122FD
S2140401E0FFF767FD002229462046FFF760FD94F8D6
S2140401F03B3165F3030384F83B31012694F83B1145
S214040200204601F00F01FFF770FF36B120464FF489
S2140402108441BDE87040D2F719B970BDF8B51D46E3
S214040220C36A5B0704460F46164610D404212C30D6
S214040230FFF7F2FC84F89E70A4F89A60A4F89C5029
S21404024020464FF40061BDE8F840D2F7FFB8F8BD89
S21404025010B511B190F89E400C7012B1B0F89A1017
S214040260118013B1B0F89C201A80C06AC0F38000D5
S21404027010BD4FF400412830FFF7CEBC00F5A47043
S214040280704790F83B0100F00F007047B0B5044685
S214040290FBF726FA6568074601F01AFF2D1AB5F52E
S2140402A0FA7504D53846BDE8B040FBF71FBA636B51
S2140402B040F271225343A28FB5FBF3F5A9B2521A4A
S2140402C094F86B30A28794F86C2001FB1233252235
S2140402D093FBF2F002FB1033002BB8BF9B1884F894
S2140402E06B30B4F8A0305B1AA4F8A03020460D4654
S2140402F00021D6F7BFFD636B5D43636840F271224D
S21404030002FB153565602046D6F766FDCAE72DE97B
S214040310F3474E790446B0074FF0000358BF06F083
S214040320010608460D46ADF8043054BF01360326D0
S214040330FEF7EAFD074607F01F03002BE36A0BBF30
S2140403404FF000084FF001084FF002094FF0030980
S21404035099050CD59DF8043066F3010368F345133C
S2140403608DF80430019A2946204600F090F9284674
S21404037002F0E0F949468246284602F0F9F89DF86C
S2140403800430AA798DF805A066F3010368F34513D3
S2140403900C328DF80430BDF80430AB529DF80430AE
S2140403A0A9189A066B7948BF8F7043F001036B71E6
S2140403B0FBF796F906462046294650F8A88F02F021
S2140403C0C4F994F84A31013384F84A31A36A1B0706
S2140403D00CD5B4F88030012B02D92046FFF756FF1F
S2140403E0304602B0BDE8F047FBF780B9656801F017
S2140403F06FFE0746D6F754FE8442F1D1ED1BB5F5E1
S2140404007A7FEDDDB8F1000F03D0D4F8A430002BCA
S214040410E6D1D3F71FFAE3E708B5022002F015F891
S21404042010B100F0E2FD012008BD10B54FF4407194
S21404043004462830FFF7F8FB20460021BDE81040AC
S214040440D2F770BC012210B5A1F12003C1F120043B
S21404045022FA04F402FA03F323438A40D0E908415B
S21404046022400B40134314BF0120002010BDC36A72
S21404047013F0080310B513D00122A1F12003C1F133
S214040480200422FA04F402FA03F323438A40D0E950
S214040490084122400B40134314BF0120002010BD26
S2140404A01846FCE710B50C46C9B2FFF7E0FF70B17A
S2140404B0D4F746F8C4F12002A4F12003E04001FA80
S2140404C002F2104321FA03F3184300F0010010BDB2
S2140404D070B504460E46D4F747F9FBF701F984F8DD
S2140404E07360054602212046D1F7B0FF204600215E
S2140404F0D6F7C0FC2846BDE87040FBF7F7B870B5E1
S21404050004460D46FBF7ECF80646D6F7C9FD8442CA
S21404051001D1D3F77FF93046FBF7E8F829462046A1
S214040520BDE87040FFF7D4BF0B68C0F8443170478D
S21404053038B5D0F844310B6040F648059BB2AB4260
S2140405400C4604D90B21FFF7ADFF08B9258038BD4A
S21404055044F290232380FAE708B500F0FBF8D2F7BC
S214040560ABF800F04FFB00F008F8D4F727F8D4F700
S2140405705FFDBDE80840D4F7C3BD704770B51546A7
S2140405800E461C46FFF7DAFB2B684EB103606B6819
S21404059043602368C0F825302368C0F8153070BD62
S2140405A083606B68C3602368C0F829302368C0F88A
S2140405B01930F4E770B50546FFF7C0FB0446FBF7B1
S2140405C08FF84FF4807106462846FFF7BBFB4FF4BE
S2140405D000612846FFF7BBFB3046FBF787F800238D
S2140405E023612375236284F824302846FFF7A8FB8A
S2140405F0802310F0080F14BF237584F8243070BDD0
S21404060010B50446FFF711FF20461021BDE8104040
S214040610D1F71CBF10B54FF460610446FFF79AFB90
S2140406202046BDE81040FFF700BF7FB506460C46DF
S214040630FFF784FB4FF4C06105463046FFF787FB9F
S2140406404FF400613046FFF785FB4FF48060D3F724
S2140406501BFF224678B969462846D2F74BFF6B46FD
S21404066005F10F0213F8011B1170AA4202F1FF32C2
S214040670F8D104B070BD6C4602F1100610685168DB
S214040680234603C30832B2421C46F7D1E7E7F0B567
S21404069087B00D46ADF80C20FFF750FB04462846FD
S2140406A002F048F8064600B32846D2F7C3FF9DF882
S2140406B00C3005AF03F0230322463146009301971E
S2140406C004F12003FBF734FF2846D2F7C9FF0422BF
S2140406D03946284602F043F8236A0133236223B9D5
S2140406E094F82430013384F8243007B0F0BD30B5D4
S2140406F085B00391ADF80820FFF720FB0446039865
S21404070002F018F8051F002D02DC002005B030BDED
S2140407100398D2F78FFF431901939DF8083003F02E
S21404072023030093224604F110032946FBF7F1FE47
S2140407300028EAD10398D2F793FF042103A802F015
S214040740D9F823690133236113B9237D0133237553
S2140407500120DBE708B54FF40060D3F795FE40B9F7
S2140407604FF48050D3F790FE40B9BDE80840D9F75F
S21404077075BFFFF7D8FA0028F2D008BDFFF7D5FA00
S2140407800028F2D0F9E7C94350E8003F0B4040E8A0
S2140407900032002AF8D1704741F0004141F4E021CC
S2140407A001607047002070477047704710B5DC1D25
S2140407B0043383734379C47123F0030343F00303C0
S2140407C00E244371012344738371C37301828274BC
S2140407D010BDD31CC3713E2343734379827323F045
S2140407E0030343F00303437101238371C17370470A
S2140407F00F234373042383734379A0F8111023F063
S214040800030343F00303437140F20173C3800123DF
S2140408100374C2737047D31CC3714379417323F0C6
S214040820030343F003034371012382738371704708
S21404083008B50023FFF7BAFFBDE80840D3F7B6BAF9
S2140408402DE9F84380460220894617461E4601F0E5
S214040850FCFDD0B14579A0F810800C23437308231F
S214040860837325F0030540F60133C38045F0030582
S2140408709DF82030457180F81290A0F81370A0F807
S2140408801560C373D3F792FA0120BDE8F88308B560
S214040890022001F0DAFD30B101221121FFF799FFA1
S2140408A0D3F784FA012008BDF8B50F46164613217F
S2140408B009221D46FFF78DFF837904460C331C443A
S2140408C0A170E77026712B68C4F80530AB88A4F8CD
S2140408D00930BDE8F840D3F769BA70B50646022079
S2140408E00D4601F0B2FD044668B114210422FFF758
S2140408F070FF83790C331C44A170A4F803606571FF
S214040900D3F754FA012070BD08B5FEF7DFFA08BD28
S2140409102DE9F041074602200D4690461E4601F09A
S21404092094FD0446E0B109222121FFF752FF8379A2
S214040930BDF918200C331C449DF81C3063720A2140
S214040940BDF9203092FBF1F293FBF1F384F80380B7
S214040950A780A671E5712272A372D3F727FA012045
S214040960BDE8F08137B5044601F0E4FEA3790C3304
S214040970E518C0B23E22E254831E6B700D23AB70A2
S214040980AB798DF807301C38012BE87609D10023A3
S2140409901A46E91D0DF10700FEF7E1FA9DF8073047
S2140409A0AB712046D3F702FA03B030BD704713B5D7
S2140409B0D3F736FA84790C3404440021E078D0F76F
S2140409C017FA6168FEF71AFD0190D3F72FFA019A19
S2140409D000234FF6194102B0BDE81040FFF7E6BE0B
S2140409E013B5D3F71DFA84790C3404440021E07857
S2140409F0D0F7FEF96168FEF711FD0190D3F716FAF9
S214040A00019A00234FF61A4102B0BDE81040FFF7E2
S214040A10CDBE2DE9F041D3F703FA002187790446C9
S214040A20FE20D0F7E5F90546D4F750FD50B10C2565
S214040A30D3F7FCF92A460023BDE8F04142F205014B
S214040A40FFF7B4BED4F786FD06460028EFD13C4433
S214040A500F3455B121462846FEF7F2FC0028E6D0AE
S214040A602046D3F763FC3546E2E72046D3F75EFC20
S214040A70DEE773B5D3F7D4F984790C34044400253F
S214040A80E678D3F7CDF903680193D3F7C9F9A6F14D
S214040A90FE035942594105603046D0F7A9F9019B37
S214040AA022792946FEF704FC0190D3F7BFF9019A90
S214040AB02B4642F2370102B0BDE87040FFF776BE1F
S214040AC073B5D3F7ADF984790C3404440025E6787D
S214040AD0D3F7A6F903680193D3F7A2F9A6F1FE03A8
S214040AE05942594105603046D0F782F9019B227974
S214040AF00121FEF7DDFB0190D3F798F9019A2B4606
S214040B0042F2380102B0BDE87040FFF74FBE2DE94F
S214040B10F341D3F785F984790C340444277994F89F
S214040B200380D7B1053400262078E3780093A0F13B
S214040B30FE035942B4F80120019259410434D0F717
S214040B4057F9D8B1DDE900324146D0F7A7FA054691
S214040B5048B90136B742E7DC05E0B8F1010F0FD01B
S214040B60D0F79AFB3D46D3F761F900232A4642F2B2
S214040B70390102B0BDE8F041FFF718BE4225F2E79E
S214040B801225F0E710B5D3F74BF984790C340444F6
S214040B900021E078D0F72CF980B1211DFEF750FC37
S214040BA0002814BF00240C24D3F740F9224600235F
S214040BB0BDE8104042F23501FFF7F8BD4224F3E7E2
S214040BC0FE282DE9F8430646894690461F4616D069
S214040BD0022001F03AFC044690B106221221FFF7E7
S214040BE0F8FDA5790C3525441223AB7085F80390DF
S214040BF02E71A5F80580EF712046D3F7D7F80120AB
S214040C00BDE8F883704713B5D3F70AF983790C3334
S214040C10184441790191B0F80300D1F7EDFB68B1AF
S214040C200199D4F76FF884B2D3F700F9E2B240F230
S214040C30064102B0BDE81040FFF7DABD0224F3E730
S214040C4070B5D3F7EDF883791844B0F80F50FAF777
S214040C5047FD04462846D1F7CFFB80B11621FFF79F
S214040C604EFC00252046FAF741FDD3F7DFF82A4666
S214040C700023BDE870404FF60441FFF797BD0225F8
S214040C80F0E773B5D3F7CCF884790C3404440546FE
S214040C90B4F80300D1F7B0FB064648B9D3F7C6F854
S214040CA0022242F2130102B0BDE87040FFF7A0BD75
S214040CB0AB79E97903F10C022A44CB1A022000210D
S214040CC001F07DFD014618B9D3F7B0F80722E8E72E
S214040CD0837903338371B4F80F20B4F80D5001926E
S214040CE03046D3F7C9FF019A044629463046FFF733
S214040CF0EAF8D3F79BF82246D3E713B5FAF7F0FCE5
S214040D000446D4F7E3FB002814BF00220C22019209
S214040D10D3F78CF8019A42F20E01FFF789FDD4F757
S214040D2077FF204602B0BDE81040FAF7DFBC10B5E6
S214040D30D3F776F883791844B0F80F00C0B2D1F729
S214040D4089FED3F773F80023BDE810401A4642F232
S214040D502401FFF72BBD2DE9F8438146022088467F
S214040D6017461E4601F071FB044690B10A22032181
S214040D70FFF72FFDA5790C35254400232046EB709C
S214040D80A5F80490A5F806802F816E81D3F70EF897
S214040D900120BDE8F8832DE9F743804602209DF83C
S214040DA03C508DF807200E461F4601F04EFB814648
S214040DB0D8B322222921FFF70CFD99F806400C34FB
S214040DC04C4404F1140304F10E0239460DF10700F5
S214040DD0FEF7C5F89DF83830E37006F00103A371FA
S214040DE09DF80730A4F80480E3713B68A360BB88D1
S214040DF0A381BDF828306383BDF82C30A383BDF8E7
S214040E003030E38316F0FD0F9DF8343084F820303C
S214040E100ED14FF0FF3384F8215084F8223084F842
S214040E2023304846D2F7C2FF012003B0BDE8F08362
S214040E30032E0CBFADB24FF6FF75FF2384F82130A6
S214040E406584EEE737B505460220CDE9002301F0B8
S214040E50FCFA0446A0B10C220421FFF7BAFCA379DD
S214040E606A4603CA0C3323449DF81820C3F80600C8
S214040E709D802046C3F80A10DA70D2F797FF012047
S214040E8003B030BD70B5064602200D4601F0DDFA0B
S214040E90044668B103223021FFF7BDFCA3790C3366
S214040EA023442046A3F803609D70D2F77FFF0120F9
S214040EB070BD70B5064602200D4601F0C6FA04461B
S214040EC088B104220821FFF7A6FCA3790C33234437
S214040ED0B5FA85F252092046A3F803605A719D704C
S214040EE0D2F764FF012070BD2DE9F8438146022045
S214040EF0884617461E4601F0A8FA0446B0B10B22EF
S214040F000721FFF766FCA579BDF820300C3525448B
S214040F102046A5F80390A5F80580A5F80770A5F85F
S214040F200960A5F80B30D2F741FF0120BDE8F8832D
S214040F30F8B5074602200E46154601F086FA044622
S214040F40A0B10D220521FFF744FCA3790C332344FA
S214040F502046A3F80370A3F80D602A68C3F805209A
S214040F606A68C3F80920D2F721FF0120F8BD2DE9ED
S214040F70FF410A9C16466A4680460F4603F1100E49
S214040F801546186859689446ACE803000833734558
S214040F906246F6D124B9022001F057FA044608B393
S214040FA01D22ED212046FFF714FCA3790C332344BD
S214040FB0A3F80380A3F80D702EB13268C3F8052099
S214040FC07268C3F809200F3304AE2A4603CAB24235
S214040FD018605960154603F10803F6D12046D2F787
S214040FE0E5FE012004B0BDE8F08113B582790190D6
S214040FF00C321321815484184FF44072C280D2F705
S21404100051F9A07020B901A801F0ECF902B010BDA6
S2140410108000013060700198D2F7C8FEF6E770B51C
S214041020064602200D4601F010FA044678B1042262
S2140410300521FFF7F0FBA3790C3323440022204656
S214041040A3F803605D719A70D2F7B0FE012070BDFC
S21404105013B5837901900C33C418C05CD1F7CCF96E
S21404106020B901A801F0BEF902B010BD6378019959
S21404107013F0300F8B7903F104038B714B790CBF9B
S2140410800122002262F300034B71D1F74BFEEBE71B
S21404109000F073BE50E8003F0B4340E80032002ADD
S2140410A0F8D170470120704770B50E461546D1F743
S2140410B031FB044648B93046D0F7BCF9044620B99B
S2140410C02846D9F79FFA044640B10020D1F722FB00
S2140410D00020D0F7AFF90020D9F794FA204670BD67
S2140410E04FF40010CFF788BDD6F726B9D3F700B96A
S2140410F040F271235943D3F737BA884210B519D84A
S214041100052817D9B1F5486F14D8B3F5FA7F11D26C
S214041110A2F10A0080B240F67644A0420AD8581CCF
S21404112080B201FB00F35B00B3EBC20F94BF012057
S214041130002010BD0020FCE7C94350E8003F0B40E8
S21404114040E80032002AF8D1704700207047FF209C
S21404115070472DE9F04104468846002701262146BB
S21404116087F00100FEF7E3FD4FF48051FFF7E4FF3C
S21404117083684BB1028A42450CD1002201212046E5
S2140411809847002808BF002617B13046BDE8F0810E
S2140411900127E4E70268D205F6D500221146EEE7F9
S2140411A008B5FEF7DAFD00230380436008BD70B57A
S2140411B006460C46FAF794FA05463046FEF7CDFD89
S2140411C030B101780C4304704FF40070CFF714FD6F
S2140411D02846BDE87040FAF789BAD1F7A3BD07B52B
S2140411E042798DF8071022F0030242F0030242719E
S2140411F040F20332C2800DF10701012201F0D5F856
S21404120003B05DF804FB2DE9F04107460D46904611
S2140412101E46FEF79AFD10F0080424D00221384634
S214041220FFF710F92824C6F120014FF08863A6F1D1
S2140412302002F34004FA01F10B4324FA02F21343AA
S214041240DB0700D488B111212846FFF7C8FF2846DB
S214041250D3F728FA467080F8028029463846BDE857
S214041260F041D1F75FBD2046DCE70D212846FFF7A5
S214041270B6FF2846D3F716FA80F80180EDE770B576
S2140412800C460546072120461646FFF7A8FF2046CB
S214041290D3F708FA214646702846BDE87040D1F7D1
S2140412A041BD38B50C4600210546FEF766FD241AF6
S2140412B0A4B247F6FE739C4205D928462821FFF7B8
S2140412C007F9002038BD0120FCE738B504460D4672
S2140412D001460020FEF72BFD03689B0505D429462E
S2140412E02046BDE83840FFF7DCBF002038BD2DE9B6
S2140412F0F04115469DF818801F46FEF718FD044673
S214041300FAF7EEF9B8F1010F064623D154E8003F88
S21404131043F4807344E80032002AF7D105B354E856
S214041320002F42F4007244E80023002BF7D1FF217B
S2140413302046FFF701FF54E8002F48EA020244E87B
S2140413400023002BF7D1A56027823046BDE8F04184
S214041350FAF7CCB94FF480712046FFF7EDFEDDE7CF
S2140413604FF400712046FFF7E7FEE0E773B5064644
S21404137001200C46FEF7DBFC0023054600931A46C4
S21404138021463046FFF7B3FF6B6863B14FF48071B4
S2140413902046D1F75BF855E8003F43F4007345E870
S2140413A00032002AF7D1FAF79BF905462046FEF7E5
S2140413B0D4FC28B103881BB14FF40070CFF71CFC93
S2140413C0284602B0BDE87040FAF790B938B505462D
S2140413D00C46FEF7ACFC83684BB102212046002283
S2140413E0984721462846BDE83840FFF7BFBF38BDBA
S2140413F0012938B505460C4608D0CC1E012C03D866
S21404140001460120FFF7E2FF012007E02221FEF754
S214041410E3FC20462946FFF7D9FF002038BD08B56F
S214041420FEF785FC006800F0F00008BD07B501462D
S21404143001900120FFF7F3FF28B9019903B05DF886
S21404144004EBFFF7ECBF03B05DF804FB70B506468B
S2140414500C4601460120FEF76AFC3146054600208C
S214041460FEF765FC2B68026843EA0201CE0517D432
S214041470990543BF2B8A1B1B9BB24FF6FF7392053D
S21404148043BF028A101B80B24FF6FF709842A8BF73
S21404149018464FF6FF73984208BF4FF0FF3070BDF2
S2140414A00120FCE72DE9F3410446019101460120A1
S2140414B01546FEF73CFC214606460020FEF737FCA0
S2140414C080462046FEF73CFC810606D501A800F0BF
S2140414D089FF0C2002B0BDE8F081FAF701F9336801
S2140414E09A05074603D4D8F800309B0509D5019918
S2140414F0301D8D6001F029F93846FAF7F7F8002018
S214041500E8E7FAF7F3F801992046A847E2E713B5A7
S214041510014601900120FEF70AFC04460C3000F058
S21404152061FF201D00F05EFF01990020FEF7FFFB1F
S21404153004460C3000F056FF201D02B0BDE81040F3
S21404154000F050BF70B5014605460120FEF7EFFBDC
S2140415500646043001F0E6F8044670B14FF4007114
S2140415603046FFF7E9FDA36821462846984720B190
S2140415702046BDE87040D7F77DB870BD0023C0E9AB
S21404158000318260704708B50B4601461846FEF7E0
S214041590CEFB0068C0F3402008BDFFF729BFCB1E72
S2140415A0012B37B504460D4608D81A210192FEF7DA
S2140415B013FC40212046D0F749FF019A29462046CD
S2140415C003B0BDE83040FFF713BF38B504460D46F8
S2140415D0FEF7EEFB30B1012D04D120462221FEF7A2
S2140415E0FBFB002038BDF8B58B790B440C46D3F8CA
S2140415F00D60D3F8113032460746D1F777FB092140
S2140416002046FFF7ECFD2046D3F74CF8A579D2F731
S21404161097FF0C35254466F0FF060640C5F80160C2
S214041620D2F78EFF3846C5F805102146FFF7D5FDDC
S21404163002213846FFF7BBFDF8BD70B50E460546D9
S21404164001460020FEF773FB012E044603D0022E4B
S21404165011D0012070BDC1688B7919440D3128461C
S214041660FEF729FCE068D7F705F80020E060294675
S214041670FFF77CFEEDE7C068D6F7FCFF0023E360C7
S214041680E7E738B50D46044601460120FEF74FFB52
S214041690012D08D100F112012046FEF70CFC21466C
S2140416A02846FFF763FE012038BD08B5FEF748FB61
S2140416B0C0F3C00008BD2DE9F04188460746FFF791
S2140416C0F4FF80F00100C6B239463046FEF72FFB21
S2140416D0B8F1010FC468054605D0B8F1020F1DD055
S2140416E00120BDE8F081A0790C30044438462389F3
S2140416F0E288A188FEF7B9FC61886278490089B25D
S21404170052003846D0F756FEE868D6F7B3FF0023F3
S214041710EB6039463046FFF729FEE1E72046D6F768
S214041720A9FF0023EB60DBE708B5FEF70EFB00F02D
S214041730010008BD38B50C4602210546FEF707FB36
S2140417400C212046FFF74BFD2046D2F7ABFF4FF0A7
S214041750FF3383700223C3700D2343706FF02F038F
S21404176003710523437121462846BDE83840FFF738
S21404177034BD0429F7B505460C4638D1FFF795FF66
S214041780002814BF01200220D2F77EFE08B10020F4
S21404179019E000F05AFE0446002866D02846FFF7F3
S2140417A084FF90B12846FEF7D0FA4707EFD42846C0
S2140417B0FEF7CBFA8607EAD421462846D3F738FA4A
S2140417C0B0FA80F0400903B0F0BD29460120FEF7C8
S2140417D0AEFA06462846FEF7B8FA0007D7D43368AA
S2140417E05905D4D421462846D3F766FAE8E70129F2
S2140417F0CDD1FFF75AFF0028C9D02046D2F744FEC1
S2140418000028C4D12846FEF7A0FA10F00806BED178
S214041810334632460DF107012846FEF719FD9DF8BA
S2140418200730062B19D9304600F00FFE0646D0B115
S21404183029462046FEF77BFA07462846FEF785FA31
S2140418400207A4D43B685B05A1D431462846D3F7E7
S21404185033FA00289BD12046B5E701220023284608
S214041860D1F744FA93E70224F5E70220ABE708B57C
S214041870FEF766FAC0F3C00008BD2DE9F0410F4636
S21404188004469046FFF7F3FF80F00100C5B22146F8
S2140418902846FEF74CFA012F064603D0032F0FD036
S2140418A001200BE02046FEF7B5FE22212046FEF777
S2140418B093FA28462146FFF789FD0020BDE8F0810B
S2140418C0C068D6F7D7FE0023F3602046FEF7A2FED4
S2140418D05FFA88F12046FEF77FFA20462021D0F7EB
S2140418E0B5FD21462846FFF771FDD9E77FB50146C9
S2140418F004460020FEF71BFA00F1120205464FF4D8
S21404190080600292D2F7C0FD029A50B92046D0F702
S21404191087FD029A698B80B204B0BDE87040FFF779
S21404192007BB20460392D0F77BFD698B02910646DF
S2140419302046FEF703FA034600200090DDE9021273
S214041940B0B2FFF714FB04B070BD83781A2B09D825
S2140419501B2383700288B2F5A47F07D24FF4A473C6
S214041960038007E0FB2BF5D9FB23F2E744F2902330
S2140419709A42F5D87047F0B5CA798B7987B043EAAE
S2140419800223ADF80C308B888DF80E30CA788B782D
S21404199043EA02230446ADF8103003A80B888DF8FA
S2140419A01230FFF7D2FF04A8FFF7CFFF05A92046A1
S2140419B0FEF7BEFD0B212046FEF774FD44F290258B
S2140419C040F64803002808BF1D469DF80E30BDF8B3
S2140419D01460BDF81020BDF80C709DF816009DF834
S2140419E01210AF42D4BF00970095FB2BA8BFFB2371
S2140419F0B242A8BF32468142A8BF01462046FEF73F
S214041A00AFFB07B0F0BD30B585B005461046019271
S214041A10FFF7E5FB0198D2F745FE03A904462846DE
S214041A20FEF786FD0B212846FEF73CFD6FF0040307
S214041A3063700023A37040F6480244F29023002803
S214041A4008BF1346A4F803309DF80E30A4F80530FA
S214041A50BDF80C30A4F8073005B030BDFFF7C8BC9D
S214041A60022973B505460C4603D00024204602B06E
S214041A7070BD0521FEF7E6FC0028F6D0D0F7F0FF8F
S214041A801B28F2D94FF40040D2F7FEFC0028ECD114
S214041A9000F0DBFC06460028E8D001A92846FEF73D
S214041AA047FD9DF80630BDF8042031462846D3F796
S214041AB03DFBB0FA80F46409D8E738B190FAA0F098
S214041AC00123B0FA80F003FA00F0C0B2704770B594
S214041AD00646FEF73AF980F0400402060546C4F3CB
S214041AE0801406D408213046FEF7ACFC08B144F056
S214041AF00204EB0506D40B213046FEF7B8FC08B109
S214041B0044F00404204670BD2DE9F843044691468B
S214041B100F46FEF71AF9C0F340152046FEF7AEFB53
S214041B20214680462846FEF702F9494606462046E0
S214041B30FEF752F998F80110384601F00F0100F04C
S214041B4085F9062814BF014600212A462046FEF7DA
S214041B503BFB21462846FFF709FC20212046FEF7DA
S214041B60F9F856E8003F43F4805346E80032002A6A
S214041B70F7D1BDE8F883F8B50E4604461546FEF7D9
S214041B80E4F8032EC0F340170DD0042E16D0012E11
S214041B9012D122212046FEF71FF938462146FFF7C8
S214041BA015FC0020F8BDEAB200212046FFF7ACFF82
S214041BB021463846FFF70AFC0120F3E70C22F3E738
S214041BC0012910B504460BD1FEF7BFF82146C0F331
S214041BD04010FEF7ACF80022817C2046FFF794FF05
S214041BE0012010BD2DE9F7430F460546FEF7ADF874
S214041BF000F02009C0F340182846FEF73FFBBB79E7
S214041C000C333B445E789B781E400378C3F3030092
S214041C1000EA13103040FFF750FF044648B9B9F104
S214041C20000F06D12846FFF752FF3040FFF745FF66
S214041C3004462846FEF725FBD3F754FBA04223D0E0
S214041C401CB302212846FEF798F8002106462846CB
S214041C50FEF7A3F918213846FFF7C1FA3846D2F73B
S214041C6021FDB6B244708470A0F803603946284655
S214041C70FFF7B3FA00962346224629464046D3F792
S214041C8091FA03B0BDE8F08300242646E2E713B5D4
S214041C9004460191FFF7CAFB019928B9204602B011
S214041CA0BDE81040FFF79EBF40284FF016030CBF58
S214041CB023222A22204602B0BDE81040FFF7A3BA2A
S214041CC013B504460191FEF740F810F0200F019971
S214041CD005D1084602B0BDE81040D6F7CBBC204676
S214041CE002B0BDE81040FFF77DBF73B58C790C34A5
S214041CF00C4406460D46FEF728F8A278032AC0F3DD
S214041D00401014D0052A28BF00226378032B10D075
S214041D10052B28BF0023B4F8031000913146D3F7EF
S214041D2041FA284602B0BDE87040D6F7A3BC0022AC
S214041D30EBE70023EFE708B58B790B441B7B162BE8
S214041D4003D0172B05D0002008BDFFF7A0FF012005
S214041D50FAE7FFF7B5FFFAE708B58B790B441B7B68
S214041D60162B03D0182B05D0002008BDD3F744FA51
S214041D700120FAE7FFF7B9FFFAE770471FB54B1ED5
S214041D80042B0C465FD8012902D1008804B010BD8C
S214041D90022905D103884088984238BF1846F5E7DB
S214041DA04A00014601A80AF098FC032C07D1002338
S214041DB0ADF80A304FF6FF73ADF80C3001E0042C92
S214041DC0F8D0BDF80620BDF80430934284BFADF8C1
S214041DD00630ADF80420BDF80A30BDF80C20934256
S214041DE088BFADF80A20BDF80A2088BFADF80C30CD
S214041DF0BDF80430934288BFADF80A30BDF806201B
S214041E00BDF80C309A4288BFADF80630BDF80820FD
S214041E10BDF80630934284BFADF80830ADF806200E
S214041E20BDF80A30BDF808209A4288BFADF80830DD
S214041E30BDF80820BDF806309A4238BFADF8083021
S214041E40BDF80800A2E74FF6FF709FE7022808D007
S214041E50042803D0012818BF0620704701F00100AB
S214041E6003307047012804D0022804D030B9D4F7D0
S214041E709FBCD4F78DBC0020D3F7EEBD704710B1DD
S214041E80012803D070470120D3F7E6BD0020FBE706
S214041E907FB50C461946A31E012B054616460FD8D9
S214041EA00391FDF757F80023CDE90005F01A18BF93
S214041EB0012003991A46FDF75CF860B9012004E096
S214041EC02CB92846D2F70CFA002004B070BD012CB9
S214041ED004E0FF20F9E7022CF3D0032CF9D12846BE
S214041EE0D2F742FAEAE770B59DF810600D46002175
S214041EF00446817106F10C014173111E03F00F00B4
S214041F00237B18BF012140EAC11003F040031843A5
S214041F1020732B469DF8141004F10E00FFF7B8FF4B
S214041F20237B60F3861323732B686361AB88238358
S214041F30A3790E361E44E67170BD012810B50C4612
S214041F4007D002280DD088B9BDE810400846D3F75C
S214041F50B9BED5F7A5F8844208D1BDE81040D5F738
S214041F6015BBBDE810400846D3F786BF10BD73B551
S214041F7005460C4601A8002641210196D5F71CFA11
S214041F80019850B1D5F7D0FA0198D3F721FC072869
S214041F9005D001A800F026FA304602B070BD0199BB
S214041FA02A462046D4F70AF8F7E7042810B50C4664
S214041FB00FD006D8032812D02146BDE81040FFF7FC
S214041FC0BCBF431F012BF7D82046BDE81040D3F70B
S214041FD053BF0120FFF7CBFF0028F5D010BDBDE8A6
S214041FE01040D4F77DBC042810B50C4608D1032055
S214041FF0FFF7BDFF40B92046BDE81040D3F73CBF0D
S214042000BDE81040FFF7D1BF10BD032838B504461D
S2140420100D460ED0042810D005384FF0010118BF25
S2140420200120D3F7E5FA29462046BDE83840FFF7F5
S214042030BCBFBDE83840D4F753BCFFF798FF10B9CF
S2140420402846D3F719FF0121BDE838400846D3F7E0
S214042050CFBA704701207047D8F726BB0A2802D8A3
S2140420600130C0B27047242801D80230F9E7252889
S21404207005D0262805D0272818BFFF207047002043
S21404208070470C20704708B5D5F740F8BDE80840FF
S2140420904FF00060CEF7B0BD08B5D8F70BFB20B103
S2140420A0BDE808401020FFF7EEBF08BD7047704734
S2140420B070477047704700207047704770477047F6
S2140420C07047704710461946704700200021704735
S2140420D009F0ACBEF1F7B4BB09F060BF10B5044616
S2140420E008461146D5F76CF820B1BDE81040042028
S2140420F0FFF7C9BF2046D5F717F80028F5D110BD5D
S214042100430803F05533C01A00F03333800800F058
S2140421103330184400EB10104FF0013300F00F304A
S2140421205843000E704710B5044678B1036A4169F7
S2140421306BB180689847207E002310286361636033
S21404214004D82146D6F7CCF91123237610BD0029EE
S214042150F1D08368002BEEDB0846D6F723FCEAE7CB
S21404216007B5019101A9D5F7F9FF03B05DF804FBA3
S21404217007B5002301911A4601A9D5F7EFFF03B06E
S2140421805DF804FB1FB5002402949DF81C400194DE
S214042190069C0094D5F76CFF04B010BD13B5072455
S2140421A00194049C0094FFF7EDFF02B010BD1FB528
S2140421B0079C029407240194069C0094D5F758FFC4
S2140421C004B010BD07B500230093FFF7E7FF03B084
S2140421D05DF804FB03680B60016070472DE9F0416D
S2140421E0054600680E461746002408B9BDE8F08187
S2140421F0D0E90083B3420BD18368BB4208D154B9FB
S214042200C5F80080C368DB0701D5D6F7CBFB2046AC
S21404221004464046E9E7C4F80080F3E7D1E9011232
S214042220FFF7DCBF002370B51A4619460468054656
S214042230D5F794FF0CB92C6070BDE3682668DB07FD
S21404224002D52046D6F7AEFB3446F3E72DE9F8432D
S2140422500E461746054610B90020BDE8F883046804
S214042260002CF9D0D4E90089A0683B4632462946BA
S214042270C8470028F1D14446F2E72420704738B511
S214042280054614460A4600210AF04FFA6B7924F0F4
S2140422901C0444F0100443F004032C716B7138BD25
S2140422A02DE9F74F1F469DF8303001938946834643
S2140422B0002851D0002969D00D68002D68D04FF051
S2140422C0000AA979EC79641AE4B2BC4207D30C314B
S2140422D039442944E41B0BEB02085E4638E02868C0
S2140422E03F1BAA46002837D00546EAE73319984527
S2140422F038BFA8EB0604304622460AF0EEF9019BE6
S2140423002644002B3FD017F0FF0095F806C0E4B231
S21404231025D16444AC71EA79AB799A4233D1D9F8C1
S21404232000302F68AB4208BFC9F80070BAF1000F3E
S21404233001D0CAF800702846D6F79CF957B1BA7986
S214042340FC7902F10C01A41A39443D46E4B2002794
S214042350B045CBD8A6EB0B0003B0BDE8F08FEA7906
S214042360A2EB0C02D2B20119914208DA0CF10C0C61
S214042370AC44121A121B614460440AF0BCF9EA79B0
S214042380141BEC71C7E72F68AA46D7E70846E3E7AD
S2140423902846E1E7C279C2F14503DBB2994228BF79
S2140423A019460A44C2710846704738B50546C079CE
S2140423B0C0F14504E4B2944288BFD4B20C3022463D
S2140423C028440AF08AF9EB792344EB71204638BD99
S2140423D01FB503910021009103A9FFF761FF05B023
S2140423E05DF804FB38B50446206800B938BD0568B6
S2140423F0D6F740F92560F7E710B501F0EC0103467F
S21404240003B910BD1A7902F013020A431A711A1A94
S214042410544254415A7964F300025A711B68EFE738
S21404242010B580B1016802680AB113680BB90023BD
S21404243004E05C79E40704D50024146003600846CD
S21404244010BD0360EFE70146F9E700221146D6F710
S2140424504DB938B5036804460D469BB11879FFF7A5
S214042460F4FF88B1236803605B794279C3F34003C1
S21404247063F3410245235D1B4271C371857120607D
S214042480002038BD0120EAE71920FAE75318452B47
S21404249002DCC9B2D6F72AB900207047F7B5002681
S2140424A005460F4601960DB9019C09E00022114627
S2140424B03846D6F71BF9044628B901A8FFF792FF59
S2140424C0204603B0F0BDAB798371EA79C2716979AD
S2140424D0427961F3000242716A794179C2F340029B
S2140424E062F341014171EA7903F10C00D21A29180A
S2140424F0D2B220440AF0F1F8019B03B9019406B164
S21404250034602D682646CEE7002238B505460846D0
S2140425101146D6F7EBF80446D0B1AB798371EA7965
S214042520C2716979427961F3000242716A7941792C
S214042530C2F3400262F341014171EA7903F10C00EF
S214042540D21A2918D2B220440AF0C7F8002323600E
S214042550204638BD002348B1C27981790068521AF2
S21404256053FA82F310B14279D207F4D5184670476D
S21404257070B50D460446E8B186798E4203D3751AC3
S2140425808571012070BDC27906F145039B1ADBB242
S21404259099420FD806F10C010144921BA81B08446B
S2140425A0D2B20AF0A8F8E1790D440023AD1BA3715A
S2140425B0E571E6E70020E5E738B504460D46FFF783
S2140425C0D7FF98B984B12079FFF73FFF58B16379F4
S2140425D042790460C3F3400363F3410245235D1B61
S2140425E04271C371857138BD0120EDE72046FAE7D4
S2140425F070B50C461646054618B3006808B309B904
S214042600002070BD0AB145291DD8E1B2FFF7B0FF1E
S2140426100028F5D11EB92B689A799E71A41A442C09
S21404262007D8002CECD0E1B22846BDE87040FFF78E
S21404263010BF45212846FFF70CFF0028E1D1453C92
S214042640EDE72220DDE72120DBE72DE9F84390F8CB
S214042650078090F80690A8EB0907FFB2B942044633
S2140426600D4602D30020BDE8F8830079FFF7EDFE9F
S21404267006460028F6D0A17980790C317F1B2944C0
S2140426800C30BAB2214430440AF027F8F3791F44D8
S214042690F771E179236889444D44A5EB0805E57193
S2140426A0012033602660DEE738B50C46A0B19CB145
S2140426B0A579E279C379521BC3F14503D2B2DBB2E2
S2140426C0934209D305F10C012144FFF76EFE204620
S2140426D0D5F7D0FF012038BD0020FCE7F8B5076821
S2140426E006460D463C46002305B12CB90BB1002224
S2140426F01A6034603846F8BDE379A2799B1ADBB2D7
S214042700AB4207D8E379A2799B1ADBB2ED1A2346CB
S2140427102468E9E7E9B22046FFF797FF0028F1D1DD
S2140427200746E7E70346006818B102681A60002304
S21404273003607047002308B918467047C279817948
S2140427400068521A53FA82F3F5E703680BB901607E
S21404275070471A461B68002BFBD1116070472DE9A1
S214042760F8430E461446074628B331B302B303466D
S21404277099461B68002BFBD1A0464D46424631467F
S2140427802846FFF712FEA945A8EB0008064418BF22
S214042790C9F80050B8F1000F08D0B979387900228A
S2140427A0D5F7A4FFA94605460028E7D1A4EB0804FC
S2140427B02046BDE8F8830446FAE70C46F8E737B542
S2140427C01546C9B200221C46D5F790FF019040B1C9
S2140427D022462946FFF7C3FF844202D901A8FFF721
S2140427E001FE019803B030BD036803B10B600160BD
S2140427F0704739B10B461A461B68002BFBD1036899
S2140428001360016070472DE9F0470F461546804671
S214042810002844D00668002E43D0B479F2794534B3
S214042820A41AE4B2AC4228BF2C46E4B1E1B2304666
S214042830FFF79EFEB079A5EB04090C30224607EBA1
S2140428400901304409F049FF4FF0450AB9F1000F79
S21404285006D03079FFF7F9FD044630B9A5EB090533
S2140428602846BDE8F087A946EEE74A46452A28BF2B
S2140428704522D0B2C0F14503A9EB0209C0F15100CC
S214042880A37184F807A007EB090154FA80F009F055
S21404289024FFD8F800302360C8F80040D6E7054681
S2140428A0DEE73546DCE770B5046806460D4644B1F7
S2140428B02046FFF73FFFA84211D8236813B9E379EF
S2140428C0A37170BD20463360D5F7D4FE3468F4E7B0
S2140428D0ED1A236833602046D5F7CCFE3468002D05
S2140428E0EFD0A179E3795B1ADBB2AB42F0D9294485
S2140428F0A171E6E7F8B5066805460C4646B13046CB
S214042900FFF718FFA0421DD8336813B9F379B371E3
S214042910F8BD30462B60D5F7ADFE2E68F4E70646C4
S21404292038460768002FFAD1C1798379CB1ADBB20F
S214042930A34202D9091BC171EAE7E41AD5F79AFE45
S2140429403EB13760002CE3D028680028E0D000268B
S214042950E7E72E60F6E72DE9F04104460F464FF010
S2140429600008BC4201D1BDE8F081A179E5796D1A71
S214042970EDB2C5F14506B6B20EB92468F1E749B121
S2140429800C312A46214404F10C0009F0B4FEE5712A
S21404299084F806802368BB42EFD05A79D207ECD479
S2140429A09979DD79A079E2796D1AEDB2B54200F134
S2140429B00C0028BF354610440C312A4619442044DE
S2140429C009F08BFEE379206853FA85F3E371827984
S2140429D0C379761B52FA85F5EDB2AB42B6B2857171
S2140429E003D103682360D5F745FE002ED2D1C4E791
S2140429F038B50C46016809B9046038BD0D46096847
S214042A000029FBD1236823B12046FFF7A4FF2C60DE
S214042A10F3E721462846FFF747FE0028EDD1F6E700
S214042A2038B505460C4604B938BD013C55F8343073
S214042A305B68002BF7D09847F5E72DE9F04104468C
S214042A40002654F836302BB904F10408B34203D1F7
S214042A5000250FE00136F4E754F8332012685F1CB3
S214042A605AB158F833009047054630B139462046E7
S214042A70FFF7D6FF2846BDE8F0813B46E6E77047F9
S214042A807047704770477047D5F76CBF10B5D4F7DA
S214042A9059FC00280CBF01240324D4F763FC08B1B6
S214042AA044F00404204610BD532838B505460C46A9
S214042AB004D1BDE83840084600F0E7BE0620D5F746
S214042AC0F5FF60B96379142D03F03F03637104D0F6
S214042AD0722D07D163F03F036371A57138BD40F2D0
S214042AE00740FBE72120F9E7F7B54FF0FF330093E3
S214042AF0ADF804308379DA060BD5532B08BF0023D0
S214042B004FF03F028DF8052004BFADF800308DF875
S214042B1002300021451E431D6A46084615F8016F1B
S214042B2012F8014BAB4206EA040724EA060440EA1C
S214042B30070041EA0401F1D110B1081E18BF0120B4
S214042B4003B0F0BDF8B50446082016460F461D46E9
S214042B50D5F708FF024670B1204640F2025150F8FD
S214042B600C3B93F86C30137016715780D580BDE813
S214042B70F840FFF727BBF8BD38B5044604200D46D9
S214042B80D5F7F0FE024660B1204640F2055150F8F3
S214042B900C3B93F86C3013705580BDE83840FFF753
S214042BA011BB38BD2DE9F3411D469DF820300024A5
S214042BB00E468046017F0477174633B1324601F04D
S214042BC0C5FA204602B0BDE8F0810C29ADF80630FF
S214042BD008D10DF106032A46394601F0F5FABDF888
S214042BE00600EFE708291FD10221092001F05BFA4D
S214042BF004460028E5D08DF80460022201A9360AAE
S214042C008DF80560FFF7ABFD2A4639462046FFF7E8
S214042C10A6FDA3792344AA1C5A7321464046D7F737
S214042C20D9FEADF80650DAE70DF106032A46394612
S214042C3001F0B1FAD3E7F0B585B0174600240122B7
S214042C4006460D46ADF80E4001F031FF8DF80D0036
S214042C50A0BB284601F0A7FD10B1284601F060FE8F
S214042C60284601F091FE38B1327F3B46294630466D
S214042C70FFF768FF05B0F0BD0DF10D030DF10E0270
S214042C802946304601F0AAFF9DF80D305BB9BDF821
S214042C900E20BA4235BF0723D21B8DF80D30C0195B
S214042CA028BFADF80E209DF80D3000930246BDF8FF
S214042CB00E3029463046FFF775FFDBE72046F2E77D
S214042CC02DE9F341002305460E460193144600F110
S214042CD0440702BB43691A071AD4A0463846FFF7CE
S214042CE09FFB0190B8B1837903F10C0202440533CB
S214042CF0B2F80160B2F803208371314603462846D1
S214042D0001F09AFFCDF804800028E7D0044602E0DC
S214042D1023F00803436101A8FFF764FB3846FFF776
S214042D2061FB00232B777CB12346182132462846C4
S214042D3004F5885401F00AFAA1B22846FFF71CFFEE
S214042D40002002B0BDE8F081284601F08EFA214644
S214042D50F3E72DE9F84F0E469DF828A091469B46CA
S214042D60054610B1037C012B61D0284601F0ACFC6B
S214042D70304601F0F9FD002231468046284601F02F
S214042D8066FE0746304602F0E3F842F6052398420C
S214042D901CD118F0300F26D1BAF1000F34D018F039
S214042DA0200F40D0BA0740D5EB8B002B39D15B46B9
S214042DB04A463146284601F085FA0446F0B9EE83C1
S214042DC040F20A41284601F08DFC17E0284601F03F
S214042DD009FD0028DDD0284601F019FD0028D8D0CA
S214042DE041F212140AE0B907D6D03146284601F05B
S214042DF0C8FE0028D0D000F58854A4B2284601F0B6
S214042E0068FC2046BDE8F88F18F0100F0BD0FB07BF
S214042E100BD55B464A463146284601F034FA04464A
S214042E20ECE70524EAE72124E8E70224E6E707249A
S214042E30E7E72DE9F04104460A201646BDF8188057
S214042E400F461D46D5F78EFD024680B1204640F259
S214042E50045150F80C3B93F86C301370167157807D
S214042E60D580A2F80880BDE8F041FFF7ABB9BDE80D
S214042E70F0812DE9F04F2DED028B89B0804618467F
S214042E80149B01939246894609B191420AD90123BB
S214042E904A461021404609B0BDEC028BBDE8F04F0F
S214042EA001F054B90199D9F799FC08EE100A02F01A
S214042EB0F1F808B91023EBE70221112001F0F3F82A
S214042EC0B8F80AB00690ABF10603ABF102069BB263
S214042ED0B6B24C464FF0FF35029318EE102A514610
S214042EE0204601F05BFF074680B3019B51461A88D3
S214042EF001F0A4FF0446384601F02EFD40B94FF613
S214042F00FF739C4201D00134A4B2A245E5D21DE071
S214042F104FF00003ADF816300DF116020DF115034F
S214042F203946404601F05AFEBDF81620ABF10501BD
S214042F3091420299D8BF0A46002D0346ADF81620E2
S214042F4014DB954202D1EA1CB24213DB6B1C2FD170
S214042F5006A8FFF747FA0A234A461021404601F01E
S214042F60F5F809B0BDEC028BBDE8F08F351F95422D
S214042F70A8BF1546220A8DF81C708DF81F2007A9D5
S214042F800422069803933F0A8DF81D708DF81E40A0
S214042F90FFF7E5FB039B069819462A46FFF7DFFB77
S214042FA0043E4FF6FF73761B9C42B6B2ABD1CDE718
S214042FB006998B790B4404355D734046D7F70AFDB2
S214042FC0CFE72DE9F04F2DED028B87B00646DDF8EE
S214042FD048B091469A46884609B191420AD90123D7
S214042FE042460821304607B0BDEC028BBDE8F04FE0
S214042FF001F0ACB818465946D9F7F0FB022108EEA2
S214043000100A092001F04FF873890590023B9BB221
S21404301000931F4640464FF0FF3518EE102A4946E7
S21404302001F0BCFE044600284DD001F095FC0028B3
S2140430306DD001222146304601F039FD8DF80F008F
S21404304050B105A8FFF7CEF99DF80F3022460821A7
S214043050304601F07BF817E05946504601F0ADFBC8
S21404306010B1204601F05CFC204601F08DFC80B1D6
S214043070002D28DC05A8FFF7B5F9082232770023CF
S21404308021463046FFF75EFD07B0BDEC028BBDE877
S214043090F08FADF812000DF10F030DF11202214668
S2140430A0304601F09BFDBDF8122000998A4228BFE5
S2140430B00A46002D0346ADF812200CDBAA4202D1C4
S2140430C06A1CBA420BDB6B1C26D105A8FFF78AF9EB
S2140430D00A234246BBE7BD1E9542A8BF1546220AF0
S2140430E08DF8112004A90222059801938DF810404A
S2140430F0FFF735FB019B059819462A46FFF72FFB79
S214043100023F4FF6FF737F1B9C42BFB2DBD0601CAE
S21404311080B2814581D2D6E705998B790B44023576
S2140431205D733046D7F756FCAEE72DE9F04F89B00D
S214043130064600920F4609B1914208D901233A4641
S2140431400421304609B0BDE8F04F00F0FFBF02216D
S214043150052000F0A8FF74890290023C4FF6FF7821
S214043160A4B23D46C2462946304601F0F8FE504514
S21404317081464DD04FF400622946304601F097FC54
S214043180002840D1484601F0A1FF002814BF4FF0A4
S214043190100B4FF0020BD0451ED0484601F096FFA8
S2140431A00190404601F092FF019A824203D10BF14E
S2140431B00102A24211DB029CA17940460C310C4468
S2140431C001F084FF002814BF022301236370214604
S2140431D0304600F0A5FF28E0C8462A0A0DF10E0185
S2140431E048468DF80D208DF80C50023CD9F78CFB20
S2140431F002980BF1020203A9FFF7B1FAA4EB0B0441
S2140432005545A4B2D7D0009B0135ADB2AB42AAD285
S2140432104FF6FF739845CED102A8FFF7E3F80A23CA
S2140432203A460421304600F091FF09B0BDE8F08F1D
S2140432302DE9F04F89B04FF00008BDF84CB0ADF85A
S2140432400C80064691469A46ADF80E800F46002935
S21404325051D091424FD80121072000F030FF054697
S214043260002850D03B460A244B45019306D2708969
S214043270294600F0FBFE0328019B09D8B8F1000F8D
S2140432801ED02946304600F04BFF09B0BDE8F08F4B
S214043290ADF81030129B069302AA0DF10A0304A996
S2140432A03046ADF81290ADF814A0ADF81CB001F09D
S2140432B0F1FD0A280446E1D0BDF8083020B11F46C7
S2140432C0284600F023FF17E0ADF80C30BDF80A30AE
S2140432D0ADF80E3003AA04237089294600F0D1FE07
S2140432E0BDF80A304FF6FF7293421CBF01339BB2FF
S2140432F04FF00108B8E7012423463A460621304633
S21404330000F024FFC1E71124F6E70A23037700221E
S214043310FFF791BC0C230377FFF78DBC2DE9F34729
S2140433200023B0F80AA08DF80130054688460193BC
S214043330174612B112F001060ED004238DF80130A0
S214043340002401A8FFF74EF89DF8013022460E210E
S214043350284600F0FBFE53E03346324601210F2098
S21404336000F0B5FE044618B911238DF80130E8E7DD
S21404337000F07AFE0AF1FF3A0190C14639F8024B92
S21404338001222146284601F092FB8DF80100002810
S214043390D7D1204601F007FA10B1204601F0C0FA52
S2140433A0204601F0F1FA08B18023DEE70DF10103AF
S2140433B021460DF10202284601F010FC9DF801306A
S2140433C00146002BBDD1BDF802200198AAEB0603E6
S2140433D09A42C8BFADF80230BDF80220FFF7BFF925
S2140433E0BDF80230984204D31E4408EB07039945FF
S2140433F0C4D1019800F034FE0146284600F090FE41
S21404340002B0BDE8F087F0B585B0122703920777BF
S214043410022205460E4601F04AFB044668B103A89C
S214043420FEF7E0FF00232B77002C38D023463246E5
S2140434301221284600F08AFE0FE0039A937903339C
S2140434409371304601F0A0FA48B1039B00933A46C4
S214043450234631462846D5F78BFC05B0F0BD42F628
S214043460293001F0D6FCB04211D1039808B90D24D6
S214043470D5E7FFF75FF980B20128F8D1039B9A7964
S21404348013442846197B01F0E8F90446C7E72246A8
S214043490039B3146284601F0CFFB0446C2E7284684
S2140434A000F0ABFED9E72DE9FF410392042204465F
S2140434B00D4601F0FCFA074628B103A8FEF792FF72
S2140434C004B0BDE8F081039A93794FF052080333B1
S2140434D09371284684F81C8001F056FA064640B1DB
S2140434E0039B009342463B4629462046D5F740FCBC
S2140434F0E6E742F6293001F08CFCA842039B0BD188
S2140435009A7913442046197B01F0A7F903A8FEF71D
S21404351069FF00232377D3E732462946204601F085
S2140435208BFBF6E7F0B58B7985B00C330391194421
S2140435300546B1F80160B1F80370304601F00CFAA4
S214043540002853D002223146284601F0B0FA044639
S214043550F8B9304601F018FA044668B1039B1622FF
S2140435602A779979053199712846009331463B4666
S214043570D5F7FEFB05B0F0BDD4F7AAFFDDF80CC006
S21404358023466246591CCAB9DBB20633984218DC95
S214043590092403A8FEF726FF05F14400FEF722FFE0
S2140435A0234632461621284600F0D0FD092CE1D1E8
S2140435B041F209112846FFF7DFFADBE712680B46EB
S2140435C0E0E701216046FEF769FF01460028DFD0E8
S2140435D005F14400FFF7B9F8039B9A7905329A710E
S2140435E031463A46284600F016FEC3E70124D0E7E3
S2140435F013B5044641B94430FEF7F4FE204602B043
S214043600BDE8104000F031BE4269182112F00802ED
S214043610017707D000230A4600931946D5F7A8FB7E
S21404362002B010BD114602B0BDE81040FFF748BB1B
S2140436307FB5C58B04462DB342F6052001F0E9FBA1
S214043640A84207D10021204601F0E8F8636923F078
S2140436500103636140F20A41204601F049F800265E
S2140436600DF10E0229462046ADF80E6001F0EFF982
S214043670BDF80E2000920346022229462046FFF794
S214043680D8FBE68304B070BDF7B51646BDF82070C7
S214043690044618B941F2011003B0F0BD0846019380
S2140436A0009101F059F90028F4D06589033DADB2C4
S2140436B0BD4209D3DDE900123B462046089603B016
S2140436C0BDE8F040FFF745BB4920E5E77FB5012399
S2140436D0ADF80C304FF6FF7305460E46ADF80E30C7
S2140436E0044618B9204601F051F80446A4B1204611
S2140436F001F07DF8024668B93146204601F0A7F984
S214043700022807D10123009303AA04233146204646
S214043710FFF71FFB002DE5D004B070BD2DE9F04186
S214043720054688B042F6052001F073FB064604A859
S214043730D8F7F6FD102205F121010DEB020008F082
S214043740BCFF50B10121284601F068F8284601F074
S21404375018FC6B6923F001036B6142F6030303A9AB
S2140437600220ADF80C30D9F739F8012407464FF09B
S214043770000820463A464FF6FF7101F00FFB044658
S21404378010B908B0BDE8F08101F0E6F80134A4B23F
S2140437900028EED0A64203D131462846FFF796FF0E
S2140437A00DF10E0221462846ADF80E8001F04FF9C1
S2140437B00028DED0BDF80E300093012203462146D1
S2140437C02846FFF736FBD4E708B5D8F797FD002060
S2140437D0D5F704FD002008BD10B90120D5F7F0BDCB
S2140437E070470220D5F7E2BD0020D5F7DFBD38B517
S2140437F00C460546D0F714FB4379C47523F003033F
S21404380043F0030343710923837104F10C03C3716A
S214043810A0F81550153038BD2DE9F3410D4616466F
S2140438208046D0F7FDFA05F10C03C3714379019085
S21404383023F0030343F0030343710923837104460F
S214043840A0F8158000F115073046FEF773FF2844EC
S214043850E07533463BB901A83146FEF776FF384695
S21404386002B0BDE8F0815A7922F0030242F0020267
S2140438705A711B68EEE708B5D0F7D8FA83790C338B
S214043880184408BD7047002070470F2070477047E3
S2140438900020704713B5044601A80191FEF7A2FD67
S2140438A0022208210020FEF7F1FD024648B1837982
S2140438B00C3318440521D15441700621204601F0EA
S2140438C0C9FC02B010BD836843F400738360002013
S2140438D070477047704700207047704708B5D5F7A3
S2140438E0BFFCD9F7F5FED5F705F9D8F78DFBBDE88B
S2140438F00840FFF779BF10B50446D5F72FFE20B968
S2140439002046BDE81040D4F7DFBC2046D4F7DCFCE4
S214043910FFF767FFF1E773B50E4600F030FB044689
S21404392010BB42F6072001F074FA0546E0B1B6F97A
S2140439300030002BCCBF0533053B4FF00A02CCBF4A
S214043940B3FBF2F393FBF2F35BB28DF8073001237B
S2140439500DF1070200211846FEF731FF0022034648
S2140439602946104601F068F9204602B070BD10B52D
S2140439700C46C1B120F0004340F2015293420DD0F0
S21404398008D8A3F20543012B08D92046BDE8104009
S214043990D5F708B840F203529342F6D104F1080072
S2140439A0FEF720FDF1E710BD430803F05503C01AE7
S2140439B000F03303C0F3850000F03300184400EB36
S2140439C0101000F00F00704710B5421D441E002171
S2140439D014F8010FFFF7E8FF94420144F8D10846B3
S2140439E010BD08B500F090FD002008BD08B50078AD
S2140439F0D7F764F808BD704708B5D7F733FFD7F78D
S214043A00B1FF08BD2DE9F04383780D2B93B00D4626
S214043A104FD10BAC821C00F11A032646106851687D
S214043A20274603C708329A423C46F7D113883B80A0
S214043A301C212846FEF737FFBDF82E4014F00C0470
S214043A403FD1296805910846FEF774FE871EA742F3
S214043A5005990CDA4FF0FF3400239C428DF824308D
S214043A601DDBA31C012209A8FEF7B2FC17E0631CA9
S214043A70012207A80591FEF7ABFC9DF81C300599BA
S214043A80012BE9D02346012209A8FEF7A1FC9DF8E4
S214043A90243013B101331C44D9E78DF82430D7F70A
S214043AA087FF012808D002283FD050B92846FEF7E1
S214043AB099FC13B0BDE8F0839DF8243013F0010F91
S214043AC0F4D09DF83700D6F7CFFB80469DF8380033
S214043AD0D6F7CAFB0DF124099DF8302004460DF1F3
S214043AE0310107A8D5F7E8F89DF83E200DF13F010F
S214043AF04846D5F7E1F807A800F01CFC07ABCDE96B
S214043B0001050746CDF8009022464146304600F0AF
S214043B1011F82B68002BC9D0CDE9007507AB2246F7
S214043B2041463046D5F7C2FEC0E79DF8243013F070
S214043B30030FC5E77047D6F745BBD6F7FFBC7047FB
S214043B4070477047704700F0F1BB7047704700201D
S214043B507047704770477047F8B513681D0A0446E7
S214043B600F46164604350A46002108F0DEFDEDB27F
S214043B70204621223946FEF782FB20462946FEF7D8
S214043B8009FCA07933680444E360F8BD08B500F086
S214043B9092FC002008BD7047704770477047024685
S214043BA04FF482712020FBF70CB9FFF7C6BF08B5A7
S214043BB0014600F03800D6F77DFB78B1D0E9013233
S214043BC0407810F0020F08BF1346C1F30741043BC8
S214043BD053F8040F10B102788A42F9D108BD38B5FB
S214043BE005460C4604B938BD013C55F824301B691B
S214043BF0002BF7D09847F5E7F8B54378DB0705467A
S214043C0001D4D6F797FB6B786F6823F00C0343F068
S214043C1002036B70002657F826402CB905F10C01F8
S214043C202020D4F755FE0FE0A3680136002BF2D00F
S214043C30984704460028EED031463846FFF7CFFFB3
S214043C406B7823F002036B702046F8BD4078C0F30F
S214043C5040007047437813F00E0F0CBF012000207D
S214043C60704707B5D6F7D0FB0190D6F7E5FB019869
S214043C7003B05DF804FB4FF48270704708B5D6F7BE
S214043C8019FBC068003818BF012008BD08B5D6F770
S214043C9011FB20B1BDE80840C068FEF75BBC08BD58
S214043CA038B5D6F707FB044650B1F7F719FD0546B5
S214043CB004F10C00FEF7B4FB04462846F7F716FD9D
S214043CC0204638BD37B58379019003440446D86846
S214043CD000F03800D6F7EEFA054690B12046FEF717
S214043CE08BFBF7F7FDFC0199044605F10C00FEF783
S214043CF02CFD2046F7F7FAFCCCF73CFF002003B077
S214043D0030BD01A8FEF76EFB0220F8E72DE9F84364
S214043D100502984620F47F44C0F3072305F4E065C3
S214043D201D4324F0C7048B7905EB080744F0800490
S214043D3044EA17243F020C33BFB20E463C43CC5031
S214043D4001EB030930461146FFF7BCFF28B94D4482
S214043D5085F803804846BDE8F8834FF00009F9E784
S214043D60427810B50432044601F00400D2B20021B1
S214043D7040F02900FEF78AFB18B1837922680344D1
S214043D80DA6010BD10B50021FFF7EAFF044608B953
S214043D90002010BD0179FFF795FF0028F8D1A0791F
S214043DA00C302044F5E72DE9F04117461A4603681F
S214043DB01C0204F4E064C3F307231C4301F004016B
S214043DC041F02905043406463B4621462846FEF7BC
S214043DD0F6FC804650B1E1B2FEF7CAFB30683B46BB
S214043DE02A464146BDE8F041FFF790BFBDE8F081A2
S214043DF0F0B501F0040185B041F0290500240768F8
S214043E0029460646106814600390FEF7F5FA0398F0
S214043E10FEF790FC390201F4E061C7F30727394343
S214043E2001900122043103A8FEF7E2FB019B28B1AE
S214043E3003A8FEF7D7FA204605B0F0BD039930680C
S214043E402A46FFF763FFF7E72DE9F843DDE908980C
S214043E500D464946044616461F46FEF73FFC70B913
S214043E602068FEF767FCA0EB09012046FEF742FD3A
S214043E7000232068236088F80070BDE8F883236870
S214043E80002B18BF354688F80050F6E70020704728
S214043E90F0B585B00D468DF80700174622B91BB954
S214043EA00124204605B0F0BD9DF807002946FBF71F
S214043EB066F80646E8B99DF807002946FBF765F854
S214043EC0A8B9012427B9FBF748F80028E9D1E7E7A1
S214043ED09DF80700003818BF01200EB104B102ADEA
S214043EE02946D6F757FB441C18BF0124D9E73446A5
S214043EF0D7E7012202A90DF10700FBF744F80446B0
S214043F00E0E770477047914270B50D4614461E466A
S214043F1014D2FEF7A1F8641B013490FBF4F101FB04
S214043F20140425443580FEF797F833880133B0FB34
S214043F30F3F202FB1300049B188070BD1A80F2E7AC
S214043F407047704738B50446FBF742FE054658B935
S214043F50C820D3F7DFFEC82202212846D3F798FEEE
S214043F60A042A8BF204604B22046D3F7D3FEFBF7F0
S214043F702FFEBDE83840C8220221D3F789BEB0F927
S214043F800020B1F900309A422DE9F04704460D4668
S214043F9048DCF7F7A5FB8046CEF754FC00283ED154
S214043FA0D3F76CFE8246FBF713FEC8220221D3F732
S214043FB06FFEB5F9002047F6FF739A42814602D198
S214043FC0D3F780FE2880B4F9002047F6FF739A42A0
S214043FD002D1D3F771FE2080B5F90000FFF7B2FFD7
S214043FE0B4F900308342C8BF20800746B4F9000005
S214043FF0D3F76EFEFBF755FE064658B15046D3F788
S21404400067FE4846D3F786FE4046F7F76FFB304612
S214044010BDE8F087D3F732FE20802F80F4E741F224
S2140440200C06F1E72126F2E7A0F86A107047012390
S21404403003FA01F190F86D30194380F86D1070475B
S21404404008B50120D4F764FAC0B208BD08B501204B
S214044050D4F75EFA0146D6F767FC081AC0B208BD64
S21404406083790C33184470471438704710B50446E7
S214044070A1F11400FEF75EFB201A20EAE07080B27D
S21404408010BD70B51C460D461646FFF7EFFFA0425E
S21404409007D322463146A5F11400FEF760FB012043
S2140440A070BD0020FCE710B50A460446082100202F
S2140440B0FEF7ECF910B1837903441C7310BD08B500
S2140440C0FFF7F1FF10B183790C33184408BDF7B538
S2140440D00646174600200A4608211D46FEF7D6F96E
S2140440E00446019048B12A463946FEF738FB854215
S2140440F006D901A8FEF776F90024204603B0F0BDE1
S214044100019A93790C33D418D654F6E707B520B140
S2140441101438019001A8FEF765F903B05DF804FBB6
S21404412011B11439D6F756BC1A20704738B5044670
S2140441300D4602200321FFF7C2FF014608B1A0F88E
S21404414001502046BDE83840FFF7EABFF8B50446FC
S2140441500F460120052116461D46FFF7B0FF01460F
S21404416038B14770468005712046BDE8F840FFF731
S214044170D7BFF8BD38B50D46032104460846FFF7F9
S2140441809EFF014630B1A0F801502046BDE83840F5
S214044190FFF7C6BF38BDE0B54589013DADB29542CF
S2140441A028BF154606460A461F4601212B460B2005
S2140441B0FFF78DFF014628B13D803046BDE8E0405C
S2140441C0FFF7AEBF1A20E0BDE0B54589013DADB2AC
S2140441D0954228BF154606460A461F4601212B4629
S2140441E00D20FFF774FF014628B13D803046BDE838
S2140441F0E040FFF795BF1A20E0BD10B50121044644
S2140442001320FFF75CFF014620B12046BDE81040AE
S214044210FFF786BF10BDF7B54489019305461846D7
S2140442200F461646FEF786FA053CA4B2844203DA25
S214044230011B01A8FEF75EFB01980521FEF7BCF9F9
S21404424028B901A8FEF7CEF81A2003B0F0BD83798A
S2140442500C33C2181721C1540146A2F80170A2F803
S21404426003602846D6F7B6FBEFE710B501210446EF
S2140442701920FFF724FF014620B12046BDE8104070
S214044280FFF74EBF10BD70B54489033CA4B2A342E9
S21404429005460E4628BF234603211B20FFF717FFBB
S2140442A0014668B110F80F3CA0F80160012262F3E1
S2140442B0071300F80F3C2846BDE87040FFF730BFF0
S2140442C01A2070BD70B54489033CA4B2A3420546C7
S2140442D00E4628BF234603211D20FFF7F8FE01469D
S2140442E030B1A0F801602846BDE87040FFF718BF5B
S2140442F01A2070BD4B88042B07D1C36C08885B89D1
S21404430098428CBF0020012070470020704710B5EB
S2140443100C4600F035FA18B143892380002010BDFE
S2140443202520FCE70020704700F007B800207047FF
S21404433000F005B84FF0FF3070470E20704700209D
S214044340704707B501228DF807100DF10701FEF737
S21404435006FA03B05DF804FBF0B5054685B04FF4E5
S21404436028500C4600F055FD019000F0F5FAB0B365
S214044370022C019902D8002005B0F0BD00270DF1EB
S2140443800D030DF10E023846ADF80E7000F026FC53
S214044390BDF80E20631E934206461EDC072C1AD96F
S2140443A0023CADF80E400824BDF80E30002BE2D0D7
S2140443B00133D9B22846FFF7C4FF21462846FFF743
S2140443C0C0FFBDF80E2031462846FEF7C8F9BDF8F2
S2140443D00E000230D0E7ADF80E700924E4E74FF083
S2140443E0FF30C9E72DE9F043054685B018460E466A
S2140443F0174600F00EFD019000F0AEFA019988B35E
S2140444004FF000080DF10D030DF10E024046ADF815
S2140444100E8000F0E3FBBDF80E40BDF830108C4271
S21404442028BF0C468146B4429DF80D0028BF34468A
S214044430ADF80E40C8B9ACB10134A2B2964211D957
S214044440E1B22846FFF77DFF39462846FFF779FF95
S214044450BDF80E2049462846FEF781F9BDF80E3011
S2140444600233D8B205B0BDE8F0834046FAE770B52B
S2140444701546064608460C46D6F7F0FA6B1E042B7D
S2140444800BD9A36A657543F01603A362D4F76CFBD5
S2140444903046BDE87040D6F71BBC032DF1D0A37997
S2140444A0142B06D0FFF7D2FD0028EAD141F209000A
S2140444B070BD2120FCE77047836A5B055ABFC06A5B
S2140444C0C0F300100020704710B5437D042B04464B
S2140444D001D1002010BDC36ADB06FAD590F832304D
S2140444E0012BF6D1027D042A0CD18069FEF722F94D
S2140444F01F28EED8E069FEF71DF91F288CBF0020A0
S2140445000120E7E71846E5E7704737B50D46002172
S214044510044601915BB9204601AA2946D7F7C6F896
S214044520044601A8FDF75EFF204603B030BD0846EA
S214044530FEF745F901900028EDD11A24F4E710B5EA
S2140445400446FEF7A3FA10EA04020AD014F00502A1
S21404455007D0C34363F0050323420CBF01200020A9
S21404456010BD1046FCE77047002337B580F86E3060
S21404457040F6FF73A0F86A3083688181DA04044643
S2140445800D4611D443F48063A3606A4640F20321C7
S2140445902046ADF804500094FDF758FE002120464E
S2140445A0D6F732F903B030BD90F87200D6F756FE4F
S2140445B0A36823F48053E7E71FB590F870200190B2
S2140445C002F0010304468DF808300BB102F0020332
S2140445D08DF80930204694F871308DF80A30ADF81D
S2140445E00C10FFF754F901AA4FF401712046FDF7A9
S2140445F02DFE2046D6F7B6F904B010BD07B50190D7
S214044600D4F70EFB019903B05DF804EBD6F76AB84D
S214044610D6F7D2B8FFF714BD0A460021D8F752BE23
S21404462013220121D8F74EBE826838B5C2F3803211
S2140446300446B0F86A000D46D8F7BAFE20B9A36857
S2140446401DB143F40053A36038BD23F40053FAE7C6
S21404465083791A0705D413F0100F14BF0120FF2026
S214044660704700207047704700207047112070473D
S2140446701120704710B5044660B1C06C50B1D7F72E
S2140446802BFDE06C0028FAD120460321BDE810403B
S214044690D6F7BAB810BD43898B4210B5044612D07B
S2140446A00420D4F75FF9024668B1236893F86C30A7
S2140446B003706389438040F2014104F10C00BDE8B5
S2140446C01040FDF77FBD10BD436943F0040343610A
S2140446D07047436923F00403436170474069C0F39D
S2140446E080007047006847F230530022D3F7B2BD0B
S2140446F00068FDF73DBD38B543699B0704460D4683
S21404470003D540F20941FFF7F3FFD6F77BF908B16A
S214044710A3691D70204640F20941BDE83840FFF702
S214044720E1BF38B5037C012B04460D4609D040F2A0
S214044730094301209942207404D040F20A43994266
S21404474011D038BDD4F70EF902460028F9D0204619
S2140447504FF4816150F80C3B93F86C301370BDE84D
S2140447603840FDF72FBDD4F7FDF802460028E8D000
S2140447702046294650F80C3B93F86C301370EEE74D
S21404478008B5D6F703F800B1C06C08BD08B500B18B
S2140447900068D6F709F808B9034602E0C36C002B94
S2140447A0F7D0184608BD10B5044642F62A3000F085
S2140447B030FB031B5842584110BD022806D1088816
S2140447C042F62A33C31A58425841704700207047AD
S2140447D010B5044642F6293000F01BFB031B584272
S2140447E0584110BD90F8200000F0010070471FB536
S2140447F004466846D7F794FD1022694604F1210062
S21404480007F05BFFB0FA80F0400904B010BD08B5AD
S214044810FFF7EDFFB0FA80F0400908BD70B5044616
S21404482000F1210591B92846D7F77AFD236893F954
S2140448307100FFF77DFD78B120682B4690F9710072
S214044840BDE8704010220D21FFF76EBD1022002136
S214044850284607F06AFFE9E770BD38B590F82020CF
S2140448600546002341FA03F0C40703D442FA03F0D2
S214044870C0071ED40133082BF4D101F001042B68C1
S214044880224385F8202093F97100FFF751FD40B1CB
S2140448902B46012253F8200B0C2190F97100FFF7E8
S2140448A043FD24B100212846FFF7B8FF0024204624
S2140448B038BD1324FBE768B13F290AD800EBA100F2
S2140448C001F0030190F831004900084100F00300AC
S2140448D070470020704710B50368044693F97100CA
S2140448E0431C0DD0FFF724FD50B12346102253F885
S2140448F0310BBDE8104090F971000B21FFF714BD91
S21404490010BD10B590F87030DB0707D5847CFEF731
S214044910E2FF844234BF0C20002010BD0F20FCE7C9
S21404492030B585B004466846D7F7FAFC10216846C9
S21404493000F0E6FC2046D8F7BDF8C2686B4606329F
S21404494004AD1C4603CCAC4210605160234602F111
S2140449500802F6D105B030BD08B5D8F7ABF808B1F3
S214044960D8F77CF8C0B208BD013810B580B2D8F7C5
S214044970A1F8044608B9002010BD408800F099FB51
S2140449800028F8D0207BF7E708B5D8F793F818B1D5
S214044990007AC31F5842584108BD70B50546044600
S2140449A055F8213B93F97100431C04D12846BDE811
S2140449B07040D7F7B5BCFFF7BBFC0028F6D02346FB
S2140449C0102253F8310B0B2190F97100FFF7AAFC63
S2140449D02346012253F8200B0C2190F97100FFF7AF
S2140449E0A1FC20682B4690F97100BDE870401022A7
S2140449F00D21FFF797BC01302DE9F04185B228461A
S214044A000E46D8F757F842F60217044642F603084D
S214044A109CB12046D8F722F878B1204600F058FB1F
S214044A20B84205D10EB123883380607BBDE8F0819F
S214044A30204600F04DFB404502D14FF0FF30F5E72D
S214044A400135ADB22846D8F735F80446E0E72DE937
S214044A50F04707460E4690460D4642F6021942F6C1
S214044A60030A0135ADB22846D8F724F8044650B1F7
S214044A70D7F7F4FF38B1204600F02AFB48450BD19F
S214044A80237A072B10D041463046FFF7B4FF431C69
S214044A90014604D1002008E05045E2D1F3E7384649
S214044AA0BDE8F047FFF707BF0320BDE8F08770B501
S214044AB0054608461446D7F7FDFF064608B9012002
S214044AC070BDD7F7CBFF0028F9D0E20713D4A307AD
S214044AD033D4630702D5B388580731D514F0060FCC
S214044AE030D114F40060EBD0B38813F4006F14BF15
S214044AF000200620E4E7B388D80740D513F07003F7
S214044B0009D02868FFF7FDFEB38899060AD50F2852
S214044B1003D10520D4E71846F6E72A6892F87020F1
S214044B209207F6D50028CBD15906D0D52B6893F931
S214044B3071300133CBD10820C2E7B3889A07C8D4B2
S214044B400320BDE7B38813F4E06316D02868FFF7A4
S214044B50D8FEB388990506D50F28DAD02A6892F8C5
S214044B6070209207D5D50028AAD15B05B9D52B6845
S214044B7093F971300133B4D1DDE71846E9E7022032
S214044B809EE738B504460846D7F794FF054608B9A5
S214044B90012038BDD7F762FF0028F9D0AB8813F49C
S214044BA0E04317D02068FFF7ACFEAB88990406D51F
S214044BB00F2811D0226892F8702092070CD500288E
S214044BC0E7D15B04E5D5236893F97130013308BF58
S214044BD00820DEE71846E8E70520DAE72DE9F0477F
S214044BE04FF0000983F800900446A2F800900846A7
S214044BF00F4616461D46D7F75DFF804620B90123AB
S214044C002B700020BDE8F08774B1D7F727FF002883
S214044C10F5D03846FFF7DCFD30B1012385F8009067
S214044C2004F120003380EDE72B4632464146204609
S214044C30BDE8F047D7F700BB2DE9FF410646084616
S214044C40884617460393D7F735FF044638B903A8B2
S214044C50FDF7C8FB0125284604B0BDE8F0811EB167
S214044C60D7F7FCFE0028F2D0237A072B22D8DFE8F9
S214044C7003F00C1B1E04110C0C160225AF421BDDA0
S214044C8003A8FDF7AFFB0725E5E703A8FDF7AAFB96
S214044C900325E0E703A8FDF7A5FB0625DBE703A845
S214044CA0FDF7A0FB8025D6E7E2685588E6E7E268CC
S214044CB09588E3E70025E1E7022B08BFE36803983D
S214044CC008BF5D8850B1FDF735FD82B2D319AB42FB
S214044CD006DD03A8FDF786FB0D25BCE70246F5E7CF
S214044CE0257A022D27D0032D28D0012D41D1E06846
S214044CF00399063000233844FDF76AFB002E39D0AA
S214044D00237A032B41D103A8FDF76CFB0021204630
S214044D10D7F78AFE002834D00588617B3046FFF733
S214044D20CAFD01220346CDF8008029463046FEF728
S214044D3080F800258FE7E0688380D9E7039B9A799B
S214044D40D979891AC9B2481E012818D813440229E9
S214044D501A7B04BF5B7B42EA0322237B18BF92B212
S214044D6032EA030307D1617B01233046D7F73AFAC8
S214044D70C4E756B9002503A8FDF734FB6BE70D25F9
S214044D80F9E708F1FF35ADB2C7E7039B0093327F1E
S214044D903B4641463046D4F711F8CAE7884270B518
S214044DA00D46164612D8012838BF01200446204670
S214044DB0D7F780FE10B14388B34208D00134A4B2BA
S214044DC02046D7F75BFE08B1A542F0D20024204661
S214044DD070BD70B50C4616461D460146B8B1B3B153
S214044DE0022C01D0102C12D1E0B2D7F7F7FC4FF604
S214044DF0FF718842024602D141F20A1070BD304665
S214044E00FFF7CCFF0028F7D028800020F6E7212003
S214044E10F4E707B500238DF80400000A8DF80500B2
S214044E20ADF8063001220DF10603022101A8FFF7B2
S214044E30D0FFBDF8060003B05DF804FBF8B5441CCB
S214044E400F461646A4B22046D7F734FE10B9013CE6
S214044E50A0B2F8BD00F03CF90546304600F014F95F
S214044E6020B1284600F010F90028F0D1304600F0B2
S214044E7004F920B1284600F000F90028E7D10134EF
S214044E80A4B22046D7F7FAFD08B1BC42DBD94FF6E8
S214044E90FF70DEE72DE9F04F87B00D4600938B8850
S214044EA00C888DF8103082461B0A04A902208DF85F
S214044EB011309046D7F792FCAB68AF8905938146CC
S214044EC0A88800F0DAF838B1102F05D105A8D7F76E
S214044ED06BFC022808BF02274FF6FF7B33E04A46E6
S214044EE02046FFF75BFF064680B3AA886988FFF76B
S214044EF0A5FF04463046FFF72FFD00B30DF10F0360
S214044F000DF1120231465046FFF768FE9DF80F3049
S214044F102BB1A8F80060184607B0BDE8F08FBDF8BE
S214044F201220BA420BD1059901933A4607F0C5FB05
S214044F30019B20B9009AA8F800601480EBE75C4552
S214044F4001D00134A4B26988A142C8D80A23E2E792
S214044F5008B5D7F7AFFDBDE8084000F0B9B838B5D6
S214044F6005460846D7F7A6FD044610B94FF6FF7067
S214044F7038BD0DB96088FBE7D7F770FD0028F9D176
S214044F80F4E770B5044642F60520FFF742FFB0B1D9
S214044F900021FFF730FD054601462046FFF78BFC4F
S214044FA010220646002104F1310007F0BEFB32460B
S214044FB0294620460023BDE87040D7F713B970BDD4
S214044FC07FB505460C4610220021684607F0ADFB67
S214044FD00026A3575A1C1CD031462846FFF76BFC04
S214044FE0002B19460246B8BFD91C04A800EBA10141
S214044FF0584200F0030003F0030358BF434202F094
S21404500003025B0002FA03F311F8102C134301F8B1
S214045010103C0136402EDCD16B4605F1310404AE5B
S2140450201A4603CAB24220606160134604F10804BB
S214045030F6D1284604B0BDE87040FFF74CBC037AAE
S21404504023B1013B012B06D900207047C36818889A
S214045050023080B27047C36858880630F9E710B546
S2140450600446D7F72BFA4FF6FF73984204D120462E
S214045070BDE81040D7F7FCB910BDA0F520500128B4
S2140450808CBF00200120704742F60303C31A58421F
S2140450905841704708B5030409D4D7F73FFAA0F57A
S2140450A0205080B201288CBF0020012008BD0020BB
S2140450B0FCE7020408B507D4D7F730FA42F6030330
S2140450C0C31A5842584108BD0020FCE7C00B70477D
S2140450D003464088B3F90230002B01DBD7F71EBA2B
S2140450E00020704708B5FFF7F3FFA0F5205080B204
S2140450F001288CBF0020012008BD70B51D4604465B
S2140451001646D7F72FFCEB43844200D970BD617A6C
S214045110314315B961721034F6E71940FAE770B5F1
S2140451200D461646D7F7C6FC044650B1FFF7DAFF1D
S21404513038B1204633462A460121FFF7DEFF002019
S21404514070BD2120FCE72DE9F7431C46C3070191F7
S21404515015461DD510F0020F48F6010340F6010768
S2140451604FF4205818BF1F46022D06D0102D36D1F6
S21404517001A8D7F719FB022800D102250122002135
S2140451801046D7F707FA40B91A2003B0BDE8F083F3
S21404519040F6010742F60108E6E7A81CC0B2D7F7B6
S2140451A049FA1FFA85F906460028EDD02A460199E1
S2140451B020F8029B07F091FA0120D7F7C9F90546B3
S2140451C04046FFF74CFF4FF6FF7368800020AF8021
S2140451D0EB802872EE6024B12B882380D5E721204B
S2140451E0D3E72046D1E740222021FFF798BF2022AC
S2140451F04021FFF794BF4B88052B05D108880E285D
S2140452008CBF00200120704700207047F8B5054683
S2140452100F46164604210A220020FDF737F90246F7
S214045220B8B184790C340319052100204FF0060C1C
S214045230D870997002F804C013241C715F7102249C
S2140452405870D8719C711E812846BDE8F840D4F782
S21404525003B9F8BD73B50546104601920C46FDF732
S21404526069FA042186B20198FDF7A6F9024628B920
S21404527001A8FDF7B7F81A2002B070BD8379019033
S2140452800C33C1184C80C65221462846D4F7E4F89D
S2140452900020F1E72DE9F04106468846174604212A
S2140452A00A220020FDF7F2F80246B8B185790C35DB
S2140452B043190024052106209970DC7050550120FE
S2140452C01871022098715C70304683F80580DC7192
S2140452D01F81D4F7C1F82046BDE8F0811A20FBE709
S2140452E0002070470020704707B501A80192FDF71B
S2140452F079F803B05DF804FB7047002070477047E8
S21404530010B5013903461A1A914200D810BD445C00
S2140453101A7803F8014B42540139F4E70144002398
S214045320884200D1704700F8013BF9E707B50378D7
S2140453300D2B41D8DFE803F00C1A222A324B54070F
S214045340171F272F435148F209014FF6FF7039E023
S214045350031D012248F209014FF6FF7003B05DF801
S21404536004EBD8F791BD48F20C01EEE7031D0122C9
S21404537048F20C01F0E748F20F01E6E7031D0122AC
S21404538048F20F01E8E748F21201DEE7031D0122A6
S21404539048F21201E0E748F22401D6E703798DF8D3
S2140453A0043043798DF80530022201AB48F224011B
S2140453B04FF6FF70D8F768FD03B05DF804FB8088ED
S2140453C048F2420103B05DF804EBD8F76BBD831DC9
S2140453D00122808848F24201C0E748F22301B4E77C
S2140453E003798DF8043043798DF8053083798DF888
S2140453F00630032201AB48F22301D9E70122D9F78C
S21404540021B938B51C464FF6FF73994206D11146AA
S21404541000F089F908B12060012038BD00F091F948
S214045420F8E7F7B50F46154600F0A1F900260196F1
S2140454303E70044610B3ADF80260FDF77BF9022215
S214045440C31E21460DEB0200FCF7C2FF2046FDF703
S21404545071F90122431E21463846FCF7B9FFBDF810
S21404546002302B6031462046FDF718F803210190E0
S21404547001A8FDF73FFA019803B0F0BD2860FAE7EB
S21404548070477047704770477047704702464FF43E
S21404549082712820F9F795BC704708B5D9F7BAFF8A
S2140454A000B1008808BD73B506460DF106000D462A
S2140454B0F5F79CFD044658B9BDF80600A9B256B1E6
S2140454C0F5F7ACFD0446BDF806003CB1F5F7E0FD83
S2140454D0204602B070BDF5F7B5FDF3E7F5F7C6FD57
S2140454E00446F5E7704708B522F00042A2F580505E
S2140454F0DAF760FB012008BD08B1DAF72BBCF5F734
S21404550007BE081A18BF0120704700210846E2F7B4
S2140455101BBA10B518461146DAF7EEFC044660B11D
S21404552021F0004049F20102904208BF2068D4E905
S214045530033198472046DAF7EBFC002010BD0146FD
S21404554020B1102242F2300004F041BC2120704702
S214045550FDF79ABAD3F706BAD3F724BA13460A461F
S21404556001460020DAF718BD49F20101DAF76ABEEF
S214045570FFF7FABF07B5CAF711F96A46CAF7C2F9C0
S21404558048B9DDE900014FF47A720023F4F7E8F92C
S21404559003B05DF804FB0020FAE7CAF7FFB870B55D
S2140455A00D460446CAF714F94FF47A760246A4FB6D
S2140455B00601002306FB0511F4F7D2F970BD10B5F9
S2140455C00446CAF705F94FF47A720023A4FB0001D7
S2140455D0F4F7C6F910BD08B50B4601461846D3F7CE
S2140455E065FA002008BDD9F76FBE002103460246BF
S2140455F00846D8F711BF10B420B119B15DF8044BB2
S214045600D9F736BE21205DF8044B7047D9F74ABE59
S21404561038B505460024EBF70FF9A04201D8002060
S21404562038BD2046EBF70EF90146284605F0B4F9D6
S2140456300134F0E72DE9F047F2B0B3F5C67FDDF8A4
S214045640E89180460C4617461D4606D91846FFF7CD
S2140456507FFF064610B919243CE00FAE07AB04F1F1
S214045660080C206861681A4603C208346445134669
S214045670F7D12068106022791A710DF12C0A7B99F3
S2140456804A46504607F029F80023CDE90233CDE90F
S214045690049ACDE900652B463A4607A9404604F02D
S2140456A0EEFA044620B92A463146384607F015F87D
S2140456B02946304603F013FAB5F5C67F02D93046BC
S2140456C0FFF74AFF0D2107A803F009FA10215046F8
S2140456D003F005FA204672B0BDE8F087830B012B71
S2140456E00CD0022B0AD01BB9003818BF0120704713
S2140456F0B0F57F4F2CBF0420032070471846704730
S2140457000020FFF785BF07B5E1F7DCFB30B10DF1EC
S214045710060101F0B3FA20B9BDF8060003B05DF83F
S21404572004FB0020FAE707B50191E1F7CBFB28B1AB
S214045730019903B05DF804EBE1F7A4BC03B05DF88F
S21404574004FB07B5CDE90021E1F7BCFB30B1DDE988
S214045750002103B05DF804EBE1F7C4BC03B05DF8C8
S21404576004FB00F0C0BE00F018BF00F014BF01F048
S214045770A8B801F0AAB870B50E46054608B92120A7
S21404578070BD0120E7F71AF804460028F7D128462A
S21404579000F005FFA04205D831462846BDE8704013
S2140457A000F005BF2146284600F0FCFEB04201D0BA
S2140457B00134ECE740F20150E2E707B500220B465D
S2140457C00092114603F050FD03B05DF804FB13B5D8
S2140457D013460446002208460092214603F055FD6F
S2140457E002B010BD38B50D46044648B141B100F0CC
S2140457F026FF28B129462046BDE8384000F03ABFC7
S214045800212038BD38B50D46044648B141B100F0F4
S21404581016FF28B129462046BDE8384000F058BF98
S214045820212038BD10B5044638B100F008FF20B179
S2140458302046BDE8104000F0DCBD212010BDE0F796
S214045840F7B9E1F77DBC02F03EBD2DE9F04FF3B0A9
S214045850DDE97C9A884617469B46044600285DD0B8
S21404586000295BD0002A59D0002B57D009F1FF330A
S2140458700F2B53D8BAF1000F50D00BF11006B6F523
S214045880C67F06D93046FFF763FE054610B91924CD
S21404589040E00FAD434607AA08F1080E1868596899
S2140458A09446ACE80300083373456246F6D118689C
S2140458B0CCF800001B798CF804300DF12C0800237A
S2140458C0CDE902332046CDE90498CDE900565B467F
S2140458D03A4607A904F083F9044648B94A464146BD
S2140458E0504606F0FAFE5A462946384606F0F5FEB5
S2140458F03146284603F0F3F8B6F5C67F02D92846A3
S214045900FFF72AFE0D2107A803F0E9F81021404608
S21404591003F0E5F8204673B0BDE8F08F2124F9E7DC
S2140459202DE9F04385B000241646DDE90C980D46B3
S2140459301F460394024600B3F9B1F6B1EBB109F180
S214045940FF330F2B19D8B8F1000F16D0204603AB3F
S2140459504946E8F7F7FF044640B9CDE900980398AE
S2140459603B4632462946FFF770FF044603A804F078
S21404597038F8204605B0BDE8F0832124F6E7F0B4F5
S214045980DDE9047C58B151B14AB143B17C1E0F2CF9
S21404599005D8BCF1000F02D0F0BCFFF74BBE2120A7
S2140459A0F0BC70472DE9F04385B000241646DDE9C7
S2140459B00C980D461F460394024600B3F9B1F6B19F
S2140459C0EBB109F1FF330F2B19D8B8F1000F16D03D
S2140459D0204603AB4946E8F7B5FF044640B9CDE98F
S2140459E0009803983B4632462946FFF7C8FF04460C
S2140459F003A803F0F6FF204605B0BDE8F083212493
S214045A00F6E7F0B5002487B00E4617461D46024654
S214045A1001AB2046FF210194E8F794FF044698B9A9
S214045A20019802AB3A46314604F07BF8044658B96E
S214045A302B4602AE06AD324603CAAA421860596027
S214045A40164603F10803F6D101A803F0CAFF02A81C
S214045A50102103F044F8204607B0F0BD70B50E469A
S214045A6086B014460546E8B1E1B1DAB1E7F742FE7E
S214045A700346A0B901AAB1B2284604F07AF8034650
S214045A8068B901AD224605AE2C4603CCB44210607C
S214045A905160254602F10802F6D1206810601846C7
S214045AA006B070BD2123FAE7E1F7C0BCE1F7DCBC21
S214045AB0E1F750B9E2F76CB8E2F7AAB808B5FFF711
S214045AC00DFE012818BF022008BD032070470220DF
S214045AD0704737B5002501A90195DAF70FFD019B3C
S214045AE0044613B12846DAF705FF204603B030BD56
S214045AF037B5002501AB0195DAF7D4FC019B0446C3
S214045B0013B12846DAF7F6FE204603B030BD08B5D2
S214045B100020E1F779FC18B902F063FB002008BD09
S214045B20DAF736FFFAE708B5E3F778FA10B903218F
S214045B30E1F770FC0022BDE8084001211046D8F7C2
S214045B4085BB13B5044640B10020E1F75DFC03288D
S214045B5003D101210020E1F75DFCE3F75FFA58B1B9
S214045B6054B90DF10600ADF80640E3F75FFA58B1F4
S214045B70BDF80600E3F7DAFE22460321002002B051
S214045B80BDE81040D8F762BBE3F766FA0028F3D006
S214045B90E2F710FB01F097F9EEE7F8B5BDF81850F8
S214045BA00C46691C0155A61C0134A4B2B7B20255B2
S214045BB019462A4610FA86F006F08FFDE81980B2D8
S214045BC0F8BD30B585B09AB190B189B1B3F5805FB0
S214045BD00ED29DF828400394BDF824400294089CF5
S214045BE0CDE9003413460022DCF718FC05B030BDBE
S214045BF02120FBE7F0B5054685B00E461C46174641
S214045C006AB361B3B3F5805F29D2E1F7FDFB0128DF
S214045C1009D0042825D100210220E7F74DFA2146B1
S214045C200020E7F749FA03212846E1F7F3FB9DF83D
S214045C3030300393BDF82C3002930A9B0021CDE943
S214045C40004332463B460846DCF7E8FB044618B9F0
S214045C5004212846E1F7DEFB204605B0F0BD2124EA
S214045C60FAE70224F8E710B5044604B910BD04F1B7
S214045C700C004522002106F058FD2468F5E72DE9BE
S214045C80F04F8FB005460020DDF87CB0DDF884A028
S214045C90DDF88C90259C0D900E4617469846FCF72A
S214045CA0D4FB0D9050B91A240D98FFF7DCFF0DA80D
S214045CB0FCF798FB20460FB0BDE8F08FBDF87810CF
S214045CC04FF6FF720CA804F01BFD0CA902460B90BD
S214045CD00D98FCF76AFB0B9A8242E4D1BBF1000FE5
S214045CE01ED19DF8743006939DF8703005930D9B75
S214045CF0BDF868109DF864000022CDE90323BDF8C2
S214045D0060300792CDE901220093CDE90867BDF81B
S214045D106C204346A84704460028C5D10D90C3E727
S214045D2020990D985A46FCF71AFD5845BBD1BAF18E
S214045D30000FD6D022990D985246FCF710FD504518
S214045D40B1D1B9F1000FCCD024990D984A46FCF78E
S214045D5006FD4845A7D1002CC3D026990D982246A7
S214045D60FCF7FDFCA042BCD09DE710B508461146E2
S214045D701A461C46E9F722FF28B122884FF6FF731D
S214045D809A4218BF002010BD30B521F0010404EB80
S214045D90510411F0010109D1651C9D4204D8105527
S214045DA0C0F303205055A11C084630BDA11C9942DF
S214045DB097BF651C0021535D43EA00139FBF001183
S214045DC053555054E11CEFE710B50020DAF7F6FB04
S214045DD0044668B9DFF7B8F8044648B9E1F772F83C
S214045DE00321E1F74FF918B1BDE81040DCF7B4BE63
S214045DF0204610BD08B5DAF7CFFCDFF783F8BDE818
S214045E000840DCF7C1BE08B5EBF7AAFC0C3800F076
S214045E10FC0008BD37B50D4601A9DCF7C7FE0446ED
S214045E2028B10198DDF7E2F9FFF7B9FB28602046B0
S214045E3003B030BD024601210020DEF719BA002265
S214045E4011460120DEF714BA037803F07F03023B01
S214045E5010B5062B11D8DFE803F03A0434292911CB
S214045E601D00C38842795BBAC380B0F809305BBAB8
S214045E70A0F80930C3784371C27010BD01394908CF
S214045E8000238B42F9D000EB43040133628852BAF4
S214045E906280F6E70139490800238B42EDD000EB17
S214045EA043040133628852BA6280F6E7B0F80130E0
S214045EB05BBAA0F80130B0F803305BBAA0F8033040
S214045EC0DBE7B0F805305BBAA0F80530D5E7D0F8C4
S214045ED002301BBAC0F80230CFE730B4BDF8084031
S214045EE0BDF80C50CDE9024530BCE6F7C5BEE6F772
S214045EF091BEE6F78FBE00F018BF2DE9F0471D46A9
S214045F008AB00023CDE90833AB790C3305EB030ADA
S214045F10EF5C0DF124080DF11F030DF12009049325
S214045F20CDF80C80CDF808904B8901930B8900932B
S214045F300C46CB8816468A8800F001016088E6F78E
S214045F409BFE0446D0B99DF81F3007F07F07BB427E
S214045F5018D1504600F05AFE139B1860129B014657
S214045F60CDE900533046DDE9082300F04BFD044636
S214045F70484603F036FD404603F033FD20460AB09B
S214045F80BDE8F08741F20504F2E72DE9F04786B054
S214045F900646DDF838900F4690469A46E1F7ECF947
S214045FA0044610B906B0BDE8F08760880DF1170105
S214045FB0E6F7CAFC054618B12046E1F7C5F9EFE74F
S214045FC0CDE9008A3B46324621460120FFF795FF7D
S214045FD0E0B19DF81730013B012BEDD82846CDE9FA
S214045FE0008A3B4632462146FFF787FF05460028CF
S214045FF0E2D102AE2188304600F0E6FC96E80300C3
S21404600089E80300C9F804500120CBE70125F0E72E
S21404601010B5044604B910BD04F10C004522002155
S21404602006F083FB2468F5E7F8B50546044655F8FC
S2140460301C0FFFF7EDFF2846FCF7D4F9256A002766
S2140460409DB9264656F8200FFFF7E2FF3046FCF7C8
S214046050C9F9237A1BB12368294620469847282283
S2140460600021204606F061FBF8BDA96839B18E68A8
S2140460704F7626B1CB68096800220120B0472D6808
S214046080DEE7F8B50646E2F7C9F8054630B3836896
S21404609023B300242827DAF777F990F82A309C42AD
S2140460A004D2AB6807FB04331B7A3BB9DAF76CF906
S2140460B090F82A309C4203D11A200EE00134EAE715
S2140460C02822A86854430021204406F02EFBAB681F
S2140460D01C443460E0F73EFE0020F8BD1120FCE7C7
S2140460E02DE9F84F9946037ADDF82CA0022B0746D3
S2140460F08846164645D1E2F791F80446002842D071
S2140461004368002B3FD0737943F00103737103682F
S214046110013308BF01230360E2F780F8834610B911
S2140461201A20BDE8F88F4368002BF9D0DAF72CF96B
S21404613090F82B2000231C219A42F1D9DBF8045056
S21404614001FB0355687EB8B940F201132B8385F82A
S21404615010800A9BEB602368C5F808902B60BAF1A0
S214046160000F0BD107F120003146B560FCF7EDFABD
S214046170E0F7F0FD0020D4E70133DDE7CAF800308D
S214046180F0E70220CDE71120CBE703230372C068B3
S214046190E8F7DABD2DE9F34107460D46E2F73EF887
S2140461A00646002846D08368002B43D000244FF0D0
S2140461B02808DAF7E9F890F82A30A34205D9B36834
S2140461C008FB0433DB68BB4212D1DAF7DDF890F83B
S2140461D02A30A3420ED12B78022B2BD155F8040F6C
S2140461E0FFF716FF284602B0BDE8F041FCF7FAB800
S2140461F00134DEE7B06828236343C418217A0229F1
S21404620013D0032900F08680012913D12A78012AA5
S21404621000F08480022AE1D062B902222272C358B6
S214046220204602B0BDE8F04118472B78012B75D004
S214046230022B02D002B0BDE8F0816D6801952846B5
S214046240AE79FCF777FA80B201280AD935442B7B5D
S21404625013F03C0F05D1627A03F03F0642B9032ED1
S2140462600AD10198FFF7D4FE01A8FCF7BBF8E1E7D2
S214046270012A01D1032EF4D1E06930B1227EB24264
S21404628003D02046FFF781FFEBE701998D799A0941
S2140462900135DB098D7111D10028F2D14B79022A20
S2140462A06FF300034B711ED0032A25D0012A08D0B1
S2140462B063680A4631462046984709E00028EDD12F
S2140462C0DFE7FFF76AF9C4E90401019BE361267678
S2140462D0E069002301930028C3D0FCF72BFAB0F53D
S2140462E0007FBED3CDE704F11C00FCF72EFAE0696C
S2140462F00021FCF730FBEBE704F11C00FCF725FA61
S214046300E0690021FCF727FBE26901920023E361C0
S2140463106368CFE72B78012B7FF45EAF204602B08C
S214046320BDE8F041FFF780BE0346D0F831000028F0
S214046330FAD1B3F83700704710B50446D0F83100E8
S2140463400028FAD1DAF720F8408904EB4000393007
S21404635010BD38B50446D0F831000028FAD1DAF773
S21404636013F84589DAF710F88089284404EB4000CE
S214046370393038BD837B024613F00100D37A18BF48
S21404638020200BB940F00400704770B5044658B39B
S214046390C3885BB3FFF701F9054620460E46DFF7D0
S2140463A0CFF8637B03F0070384F82730FFF707F979
S2140463B094F82730281846EB0101C4F80F00C4F8F7
S2140463C013106BB1637B3220DB0803FB0000FFF77E
S2140463D0F6F8281846EB0101C4F81700C4F81B1099
S2140463E0E0F7B8FC002070BD2120FCE740F2145012
S2140463F0F9E738B5C38804468BB1D0F829304BB1D9
S2140464009D683DB1FFF7B6FF01462046A84728B968
S214046410E0F7A0FC2046FFF7B8FF002038BD40F2A6
S2140464201450FBE710B5D9F7AFFF40894400D9F7FD
S214046430ABFF808900EB40002044393010BD2DE9C5
S214046440F0438BB00646DFF7FBF80446C088ADF889
S214046450100080B2FFF742F9022808D1207A0DF125
S2140464601201E0F7E3FF40B10BB0BDE8F083102261
S21404647000210DF1120006F058F9A27A637A43EA75
S2140464800223ADF82230E37A8DF82430237B8DF88E
S2140464902530637B8DF82630A37B9DF82720C3F335
S2140464A0000363F300028DF82720D4F83130B4F8E3
S2140464B0358004F13909A3B92046FFF735FF0546B0
S2140464C02046FFF739FF07462046FFF742FF0095B0
S2140464D0CDE901704B46424604A9304601F035FC2E
S2140464E0C2E70025ECE740787047C0F8291091B160
S2140464F0CB6883B14FF0FF33C37780F8203080F841
S214046500213080F8223080F8233080F8243080F858
S214046510253080F826307047F7B546884FF6FF7763
S214046520BE4204460B4615D1B24202D0002003B048
S214046530F0BD184601AA0221DFF72EFA0023834293
S214046540F4D032F8021BA5888D4201D00133F6E759
S2140465500120ECE7D0F82930002BE7D05B681BB1AC
S21404656003B0BDE8F04018471846E0E7F0B5D0F8A9
S2140465702940BDF81450BDF818609DF824E04CB1CD
S21404658024683CB1CDE90556CDF824E0A446BDE820
S214046590F0406047F0BD8088704740887047B0F888
S2140465A03500704700EB4101B1F83900704770B50B
S2140465B00446B0F835600D46D9F7E6FE4389B34283
S2140465C00FD0B4F835305A1C04EB4303A4F8352036
S2140465D02046A3F83950DFF715FABDE87040FFF7F8
S2140465E02EBF1A2070BD10B5B0F8352042B1373032
S2140465F0002330F8024F8C4204D001339A42F8D874
S214046600212010BD0020FCE713B542884FF6FF7327
S2140466109A4210D100248DF8074080880DF10701B6
S214046620E5F78AFD28B99DF8070000F0010002B0DE
S21404663010BD2046FBE70078C0F34000F7E713B52B
S21404664042884FF6FF739A4210D100248DF8074013
S21404665080880DF10701E5F76FFD28B99DF807005E
S21404666000F0020002B010BD2046FBE7007800F000
S2140466700100F7E770B50D46044638B331B3C08859
S2140466800E4626F8020B80B2FFF728F8022817D128
S214046690207A3146E0F7CAFEA27A637A43EA0223F6
S2140466A06B82E37A2B75237B6B75637BAB75A37B5D
S2140466B0EA7DC3F3000363F30002EA75002070BDAD
S2140466C010220021304606F030F8E5E72120F6E7F0
S2140466D073B50D46044618B92126304602B070BD7F
S2140466E00029F9D0498A4FF6FF73994244D1698A42
S2140466F04FF6FF73994247D12B7D83F080037E2BA0
S214046700EAD9E088FEF7EAFF022804D1207AE0F707
S2140467101DFFFF2323722888FEF7E0FF022845D1D9
S214046720AE1C01A93046E0F79FFE002834D101983C
S2140467302072E0F7F5FE2B88E3806B8AA4F8093014
S2140467402B7DE3726B7D2373AB7D6373EB7DA27B42
S214046750C3F3000363F30002A2732046DFF752F983
S214046760FFF76DFE064618B3207AFF28B5D0E0F78B
S214046770D7FEFF232372B0E70120E6F71FF80028B0
S214046780B5D040F20256A8E72046FFF72CFF0028B3
S214046790B2D041F20336A0E7304601A9E0F782FE04
S2140467A00646002899D1019B2372C4E7FF23FBE722
S2140467B02046DEF7C5FE50EA01038ED0637B03F065
S2140467C0070384F8273031462046DEF7CBFEE0F791
S2140467D0C1FA82E730B5044687B0E0B10025294601
S2140467E010220DF10200ADF8005005F09EFF4FF6A2
S2140467F0FF73ADF81230BDF81630ADF8145023F41C
S214046800FF7323F0010369462046ADF81630FFF700
S2140468105FFF07B030BD2120FBE7F8B500F139056E
S214046820B0F8352004460E4600232F4698B282421E
S21404683001D82120F8BD2846591CB0F800C0B4453C
S21404684005F1020519D1D21A013A520007EB4101AB
S21404685005F051FFB4F83530013BA4F83530B4F8F0
S2140468600930B34202D12046FFF7B4FF2046DFF7D3
S214046870C9F8BDE8F840FFF7E2BD0B46D6E708B511
S214046880FFF752FD08BDF8B505461E46FFF74CFD5A
S21404689088420C46174612D92846FFF74DFD30F8B5
S2140468A014003880FEF71AFF022806D12846FFF7A0
S2140468B050FD3146005DE0F7B9FD002000E02120E0
S2140468C0F8BD08B1D0F82D00704708B1C0F82D10F7
S2140468D0704710B10170002070472120704738B50A
S2140468E00C461546FEF7FAFE012814D145B124B12C
S2140468F02046FEF7F3FE022804D16FF0010009E0FB
S214046900002CFAD004F58074A4B2F92C34BF6FF0CE
S2140469100100012038BD4FF0FF30FBE710B50446F8
S21404692004B910BD04F10C004522002105F0FDFE5B
S2140469302468F5E738B50C461546FEF7CFFE012861
S2140469400CD14DB16CB12046FEF7C8FE022814BF28
S21404695001206FF0010038BD002CF8E74FF0FF303F
S214046960F9E76FF00100F6E737B50546FEF7B6FE21
S214046970012816D0002003B030BD0134E0F79CFA9D
S2140469808442F7D22046E0F79DFA0DF1060100F0A6
S21404699075F90028F1D1BDF80630AB42EDD10120DF
S2140469A0E9E70024EAE782B00022ADF800200122DD
S2140469B00192ADF8021002AA034612E9030083E826
S2140469C00300184602B070470122028041804260EC
S2140469D07047006800BA70470B0E03700B0C4370C8
S2140469E00B0A8370C17070474378027880781B0264
S2140469F043EA0243184370470B0C03700B0A4370B8
S214046A00817070472DE9F04F95B082461E980F4668
S214046A1091469B46FBF78EFE0D28054615D840F298
S214046A20055B05A8092102F05AF80CA8102102F00B
S214046A3056F810A8102102F052F808A80D2102F00A
S214046A404EF8584615B0BDE8F08FEAF789FE0238CE
S214046A50A842E4D31E9E96F8068008F10C0434443B
S214046A60102200210CA805F060FE39460DF1350011
S214046A70FFF7B2FFD4F80720CDF83920B4F80B207E
S214046A80ADF83D20627B8DF83F2058460CA903F0F4
S214046A9018F983460028C4D106EB08030CA91B7B0F
S214046AA08DF8143005ABA01D1E4614F801CF11F85E
S214046AB0012B844282EA0C0203F8012FF5D10DF172
S214046AC01600FFF791FFBDF81940BAF1030F64BA38
S214046AD01CBF9DF815308DF821304FF00002A4B28B
S214046AE001460DF122000ABF8DF821208DF82020E2
S214046AF08DF820A0FFF780FF230A39460DF1290000
S214046B008DF826408DF825308DF827208DF828201E
S214046B10FFF762FF9DF815301E98DB0914BF0824A2
S214046B200424FBF707FE04F10A0383423FF677AF1B
S214046B309DF815301E99DB0914BF08230423EF1FA4
S214046B40EB1A10AD9BB222462846FBF741FC3F1BCE
S214046B500023CDE90073CDE902451E9A072308A950
S214046B60484603F06EF8834600287FF45AAF1E9B0F
S214046B709A7913441F9AB3F81330ADF81B3003CE3A
S214046B801F9B18605960337813721EA80921FBF7FF
S214046B908AFE21461EA8FBF7ADFE42E7F0B589B093
S214046BA00D4616461F460DF11702002300F001019C
S214046BB0009228461A46CDE906330391E5F76EFFA0
S214046BC00446E8B99DF817300399BB421BD10090E0
S214046BD007AB06AA2846E5F761FF044680B9109B72
S214046BE001930F9B0E9900933046DDE90623FFF7C9
S214046BF009FF044606A802F0F4FE07A802F0F1FE18
S214046C00204609B0F0BD41F20504F9E710B5044684
S214046C10E0F796FA237828B180EAD313DB0748BF57
S214046C2000F1FF3010BD30B591B00CAC84E8030021
S214046C30189800210F91C0B10690BDF85C0005902D
S214046C40BDF85800049015980390149800920FAD60
S214046C50CDE90130CDE90915CDE90711084694E8D8
S214046C600C00DFF7CDFA11B030BD2120FBE708B5E4
S214046C700020E0F727F900B1808808BD20B119B1DB
S214046C8083880B80002070472120704729B9D0F8EC
S214046C901230934208D800207047D0F816309A4233
S214046CA0F9D2D0F80E0001E0D0F80A001044DEF75E
S214046CB0C7BC2DE9F8430546884617461E46FEF728
S214046CC00DFD0128BDF8209020D12846DFF7DEFF11
S214046CD0044618B9DFF7DAFF0446C8B10020E0F727
S214046CE0F1F800B180886780B8F1000F08D0A08062
S214046CF0E5802681A4F80A9025800020BDE8F88364
S214046D00A580E080A4F808906681F5E72120F5E7E1
S214046D1040F20350F2E708B5DFF7B8FF18B10023D6
S214046D200380184608BD2120FCE7DFF7AFBF37B560
S214046D300A4605460C46002105F0F7FC013C0DF119
S214046D40070128468DF8074003F06BFC03B030BDFE
S214046D5013B500248DF802408DF80340D9F7B0FD32
S214046D60012802D1012002B010BDDFF77BFF012805
S214046D70F8D0204601A9E7F727FE0446A0B1002074
S214046D80F1E70DF102010020E1F764FA9DF8023004
S214046D90012BE7D00DF103010020D9F713FD9DF870
S214046DA00330012BDED00134019BA342E9D8E6E789
S214046DB008B5D9F785FD012806D0DFF753FF01286B
S214046DC014BFFF20022008BD0020FCE708B5E0F74A
S214046DD0ADFE30B10020E0F775F80021E0F752F977
S214046DE018B1BDE80840D9F757BD052008BD30B531
S214046DF0024602250A20884200D330BD1418E378E0
S214046E00A478023415FB034300EB4303B3F5BD7FBC
S214046E10F3D81846EFE7F0B502460020884200D3C0
S214046E20F0BD1318175C5B78841C00261F44B74219
S214046E3004D8B4F5BD7FF3D82046EFE7155DC5F357
S214046E40400CAB080CFB0333013305F001052B445F
S214046E501C440136EBE72DE9F04105460E4681B3A6
S214046E6000240C6003F089FB286080462046E0F787
S214046E70BFFE074678B1B8F1000F0CD1D0E9010186
S214046E8003F089FB044620B1C5F800802046BDE81F
S214046E90F0817B682B602868FEF75AFB0146306059
S214046EA010B928601A24F1E7284603F06AFB044662
S214046EB00028EBD03068FEF74FFB002333602B60CE
S214046EC0E4E72124E2E708B50020E0F791FE28B1C4
S214046ED0D0E9010103F05FFB002008BD03F057FB77
S214046EE0FAE708B50C210020FEF71DFC08B90020BF
S214046EF008BDFFF7E6FC0028F9D0807AF8E708B565
S214046F000C210020FEF70FFC50B1FFF7DAFC38B175
S214046F10837A2BB10023C37200220023C0E9002326
S214046F2008BD427C531C22F07F0103F07F030B4311
S214046F3043741046704710B5E1F74CF9044640B167
S214046F40006818B1FEF708FB002323602046FEF70E
S214046F5003FBBDE810400020E1F742B907B5002363
S214046F6002210DF10600ADF8063001F0ACF9E1F7A8
S214046F7031F9BDF80630C2898089B3FBF2F102FB11
S214046F801133184480B203B05DF804FB00B58DB02D
S214046F90D0F80D30069300238DF81C3003238DF8AB
S214046FA01D30D0F809300DF11E0203F1100153F81C
S214046FB0040B42F8040B8B42F9D1002106AA1623CF
S214046FC00846FBF7FCFB0590FFF7C8FF0023CDE956
S214046FD00233CDE90033059A2921E8F769FB0DB0A1
S214046FE05DF804FB2DE9F843FEF7D7FA04460F468E
S214046FF0E1F7F0F8002506464FF01509D9F7C4F96D
S21404700090F82830AB4201D8BDE8F883336809FB12
S21404701005F803EB0800027A022A16D153F8082072
S2140470204368944277EB03030FD3FFF7AFFF40F6B2
S214047030B830FEF7C4FA3268031902EB080C47EBC3
S214047040010142F80830CCF804100135D6E710B533
S2140470508CB0D0F80D3006930024072306AA2146E8
S2140470608DF81D30204606238DF81C40FBF7A7FB41
S2140470700590FFF773FFCDE90244CDE90044059A75
S21404708023462921E8F714FB0CB010BD70B51C4646
S214047090E1F7A0F80546D4B1237A042B17D1A37CD4
S2140470A00133DBB2022BA3740BD915220021204630
S2140470B005F03BFB00226B6820461146BDE8704095
S2140470C01847E17C2046BDE87040E1F7CFB870BDB4
S2140470D0F8B50646E1F77EF8002405461527D9F7E5
S2140470E053F990F82830A34204D92B6807FB0433DD
S2140470F01B7A3BB9D9F748F990F82830A34203D154
S2140471001A200CE00134EAE7286815225443204488
S214047110002105F00AFB2B681C4434600020F8BDEF
S21404712037B50023044601A815460193FFF7D0FFA0
S21404713058B9019B01221A7280225A741A7DC3F828
S214047140095042F001021A75236003B030BDF7B54A
S2140471500421002307460DEB01001546009301F0B9
S214047160B2F8044618BB6846FFF7B2FF0446F0B907
S214047170009B02221A72019AC3F80D201A7DC3F8E6
S214047180095060F3000258741A75FEF706FA0546AD
S21404719040F6B8300E46FEF712FA009B2D1846EB62
S2140471A001011D60596018463B60FFF7EFFE20465C
S2140471B003B0F0BDE8F71CBBF0B507468BB00E462F
S2140471C0104605211D46FBF7F7F90446C0B1D7F86B
S2140471D00D3004930522002304A98DF8146001F0F1
S2140471E022FCFFF7BBFE119B0393109BCDE90153D2
S2140471F00023009322462921E8F75AFA0BB0F0BD83
S2140472001A20FBE710B5037A9A1E012A044608D80A
S2140472100423037200238374C374BDE81040E1F7AB
S21404722025B8012B0CD11522002105F07EFAE0F7D3
S214047230D1FF0022436811462046BDE81040184797
S21404724010BD2DE9F0478EB00190FBF773FA019953
S21404725084B209B1052C05D801A8FBF7C3F80EB013
S214047260BDE8F0870023062202A8FBF7B1F89DF8D4
S2140472700D5005F00303032B40F0AB80AD08012D41
S2140472804DD0022D74D0002DE6D1162CE4D10199F0
S2140472900091E0F79FFF009906462B46224608A871
S2140472A0FBF796F84FF0150AD9F76EF890F82830E1
S2140472B09D422FD234680AFB05F94C4494F80880A2
S2140472C0B8F1010F18D1D4F8090010220DF12601E7
S2140472D005F0F3F9074600BB03232372089BC4F8A2
S2140472E00D3030684844FFF7B2FED6E900033A464C
S2140472F04146484498470DE0B8F1030F0DD1D4F841
S214047300090010220DF1260105F0D7F928B9204608
S214047310FFF79DFED9F738F89EE70135C4E7062C3B
S2140473209AD101990023224608A8FBF751F8E0F702
S21404733051FF002506461527D9F726F890F8283079
S2140473409D42E7D2346807FB0544237A022B0DD10D
S214047350042208A904F10D0005F0AFF9024628B985
S21404736003232372736801212046C3E70135E3E74C
S214047370072C7FF471AF22460199002308A8FBF777
S21404738027F8E0F727FF002704464FF01509D8F73B
S214047390FBFF90F828309F42BCD2266809FB07F80A
S2140473A04644337A032B12D1042208A906F10D00B1
S2140473B005F083F9054650B901461522304605F016
S2140473C0B4F9D4E900032A462946404492E7013733
S2140473D0DDE7E0F7FFFE002504464FF01508D8F772
S2140473E0D3FF90F82830AB427FF636AF216808FB0F
S2140473F005F739440B7A032B13D104220D3102A866
S21404740005F05BF9064660B9052101A8FBF74BFABF
S2140474102068A368019A9DF80C1038449847019692
S2140474201AE70135DBE7002070470F20704770B578
S2140474300546E0F7DBFE06462020FEF78BF80446FA
S21404744098B108309DB12946034605F1100251F85B
S214047450040B43F8040B9142F9D10023A361236083
S2140474603368636003B11C603460204670BD10222C
S214047470294605F05AF9F0E710B504461046FFF71A
S214047480D6FF30B1037F43F001030377206000206A
S21404749010BD1A20FCE738B505460C46E0F7A6FEF4
S2140474A018B90C20FEF754F828B1C0E90154E0F7E7
S2140474B0A3FE002038BD1A20FCE710B5044690B1A0
S2140474C0E0F794FE63680BB122681A60226802B182
S2140474D0536003689C4204BF636803602046BDE8AB
S2140474E01040FEF739B810BD13B50446E0F77EFE2B
S2140474F003680BB902B010BD9C420FD1A2697AB9D9
S21404750020460192FFF7D9FFE0F770FE019A436820
S2140475101146204602B0BDE8104018475B68E8E70D
S214047520104602B0BDE81040FEF72FBE70B5064602
S2140475300D46E0F75BFE046804B970BDA3699E427D
S2140475400DD1E0F753FE064615B92046FFF7B5FF02
S2140475507368294620460022BDE8704018476468D0
S214047560EAE738B5E0F742FE044618B938BD2846BF
S214047570FFF7A3FF2568002DF9D12046FDF7ECFFA1
S2140475802846BDE83840E0F737BE73B50446CDE973
S2140475900032DDE90656E0F729FEDDE9003201682F
S2140475A019B18C4204D1A06920B9022002B070BD82
S2140475B04968F5E70321CDE9065602B0BDE87040F8
S2140475C0FEF78EBD37B503290546019204D001A8FF
S2140475D0FAF708FF03B030BDE0F708FE0468002C95
S2140475E0F5D0A3699D4207D1E0F700FE019A8368AF
S2140475F0002120469847EDE76468F0E77047037873
S214047600812B0CBF00200320E0F744BF1FB5019078
S214047610FBF790F80228019905D0022005B05DF822
S21404762004EBE0F737BF01231A4603A8FAF7D0FEA7
S2140476309DF80C0040F08000E0F72CFF05B05DF8E4
S21404764004FBC37DDB0770B504460D4619D5D1B1DE
S214047650438C00269E420DDBD8F796FE90F8233026
S2140476609E4212D0638CA269591C618422F813507E
S214047670002007E0A26932F81620AA42F8D00136A4
S214047680E8E70F2070BD2120FCE71A20FAE7C37D47
S214047690DB0770B504461BD5E1B1438C00229A4241
S2140476A012DAA56935F812608E4205EB420002F143
S2140476B001060BD19A1A013A520005EB460105F071
S2140476C01AF8638C013B6384002070BD3246E6E7FB
S2140476D00F20FAE72120F8E72DE9F0478CB00024C4
S2140476E0884691469A4607460894DFF729FD0546DC
S2140476F02046DFF7E7FB064640B940F2034408A8F5
S214047700FAF770FE20460CB0BDE8F0870DF11E01B6
S214047710FFF7B4FA04460028F1D1BDF81E30002B5A
S214047720EBD053464A460146FBF749F80890002832
S21404773031D009A93046DFF779FB04460028E1D1A9
S214047740DFF716FD08B105B1013D0AAC20464146F7
S214047750FFF729F9BDF81E200292099A0323CDE902
S2140477600052059308AB04930023039394E80300A4
S2140477700122DEF723FC04460028C0D1CDE9000030
S2140477800346089A38690221FEF7AAFC0446002834
S214047790B5D10890B3E71A24B1E7F7B50E461146FB
S2140477A0C27DD207044613D590F82030002566F330
S2140477B0000380F820304584D8F7E6FD90F82320AF
S2140477C0A0695200294604F0B0FF284603B0F0BD75
S2140477D0057F15F0010713D145F001058361057790
S2140477E0022301AA8DF804708DF80560FFF774FF74
S2140477F00028EBD0237FA76167F300032377E5E730
S2140478000520E3E7F7B59446C27DD20704460DD5B6
S21404781090F82030DB0704D403B0BDE8F040FFF74F
S21404782010BF03B0BDE8F040FFF731BF077F17F085
S21404783001061BD1836190F8203003F00103013365
S21404784047F001074DBA8DF804300777032301AAE1
S2140478506146ADF80550FFF73FFF28B1237FA661C8
S21404786066F300032377304603B0F0BD0520FBE73C
S21404787000B1808A7047C07DC0F34000704700693D
S214047880FEF783BC37B54A1E012A0BD9C27DD20740
S21404789008D590F82020448C12F0010213D0002260
S2140478A0A24217DB099B0193089B00930069DDE95C
S2140478B00623FEF715FC03B030BD856935F8125073
S2140478C09D42EFD00132A242F7DB06A8FAF78AFD02
S2140478D00020F0E7856935F812509D42F5D0013254
S2140478E0DEE7C07D00F00100704710B50C46E1F7F6
S2140478F0C5FE58B100F114032146243053F8042B76
S21404790041F8042B8342F9D1002010BD40F2025006
S214047910FBE710B50C46E1F7B1FE58B1214614302A
S21404792004F1100351F8042B40F8042B9942F9D1C2
S214047930002010BD40F20250FBE710B504460020BC
S21404794002F0ADFB20B10020E1F7CAFE2060012062
S21404795010BD37B5044600200D46E1F7C1FEA0422F
S2140479600DD9214601AA002002F003FD044618B9E9
S21404797001A8FFF739F82860204603B030BD21245B
S214047980FAE7B1F1807F73B504460D46164603D375
S2140479902123184602B070BD0020E1F7A1FEA042E4
S2140479A0F6D9294601A8FFF727F801AA21460020A0
S2140479B002F049FD03460028EBD1002EE9D021460B
S2140479C002F0B5FA0346E4E710B50446052002F0D3
S2140479D066FB28B1052002F055FD40082060012012
S2140479E010BD30B585B004460D46DFF765FA84420F
S2140479F00ED20223009303AA63000021052002F09E
S214047A0076FC18B9BDF80C305BBA2B8005B030BDD7
S214047A102120FBE730B585B005460C46DFF74CFA67
S214047A20854210D223040ED4230A8DF80C30022388
S214047A30009303AA6B00002105208DF80D4002F088
S214047A40B3FC05B030BD2120FBE710B50446082082
S214047A5002F025FB38B1082002F014FD1123B0FB18
S214047A60F3F02060012010BDF0B589B005460C4641
S214047A701746D8F789FCC38A9D421CD2112300936B
S214047A8003AA05EB05130021082002F030FC064685
S214047A9070B903AD234607AA2C4603CC944218605B
S214047AA05960254603F10803F6D19DF81C303B7057
S214047AB0304609B0F0BD2126FAE7F0B589B0054690
S214047AC00C461646D8F760FCC38A9D4217D203AA12
S214047AD004F1100720686168134603C30834BC42E7
S214047AE01A46F7D11123009303AA05EB05130021C8
S214047AF008208DF81C6002F057FC09B0F0BD212068
S214047B00FBE7012002F0CBBA73B505460E466A467B
S214047B100021012002F02DFC044648B99DF80030EF
S214047B2003F0010333700DF10100FEF752FF2860E5
S214047B30204602B070BD07B501F001018DF80010B3
S214047B4001460DF10100FEF747FF6A4600210120B9
S214047B5002F079FC03B05DF804FB092002F09FBA3A
S214047B607FB5102205460E466846002104F0DDFD6A
S214047B706A460021092002F0FCFB044650B99DF831
S214047B80002006B132602DB152000DF101012846E5
S214047B9004F0A3FD204604B070BD7FB54E00731CF0
S214047BA0102B05460C4613D810220021684604F014
S214047BB0BCFD324629460DF101008DF8004004F064
S214047BC08CFD6A460021092002F03DFC04B070BD1D
S214047BD01A20FBE710B50446022002F060FA20B132
S214047BE00220E1F77DFD2060012010BD2DE9F84F4D
S214047BF0054602200C4690461F46E1F771FDA84252
S214047C0040F29D80022002F03DFC0646D8F7BCFBFD
S214047C10438905334FEA4309D8F7B6FB838903EB58
S214047C2043034B44B342C0F08C80D8F7ADFB46897F
S214047C30D8F7AAFB80890536760000EB400030446E
S214047C40FDF786FC824600287DD00246294602209F
S214047C5002F08FFB054668B99AF808B05A465600F3
S214047C600AEB4B0292F80990D8F78EFB42895A45E4
S214047C7006D21E255046FDF76FFC2846BDE8F88F51
S214047C80D8F782FB82894A45F3D354B3BAF8002066
S214047C906282BAF8020020809AF80420E17DD209B4
S214047CA062F30001E175FDF719FD022804F1020CE8
S214047CB009D19AF80400614600F07F00DFF7B6FBAE
S214047CC030B10546D6E710222946604604F02DFD5D
S214047CD09AF8052022759AF8062062759AF8072005
S214047CE0A275B8F1000F01D0C8F800B027B10AF1A8
S214047CF0090100225A4514D30A9BC3B90B9BD3B17E
S214047D000A36564400224A45B4D20B9B13B1318836
S214047D1023F812100C9B0BB1B17899540132033638
S214047D20F1E731F8020B27F812000132E2E70A9B6A
S214047D30C3F80090E2E70C9B002BE1D19AE72125DB
S214047D409BE71D2599E7192597E72DE9F34707468D
S214047D509A4602200023DDF8288001930D469146BA
S214047D60E1F7BEFCB8425FD9D8F70EFB4489D8F7D2
S214047D700BFB80890534640000EB40002044FDF7CB
S214047D80E7FB0446002851D06B8A03802B88438087
S214047D902888FDF7A3FC02280CD101A9A81CDFF74C
S214047DA063FB064640B12046FDF7D6FB304602B0DC
S214047DB0BDE8F0877F230193EA7D019B43EAC21363
S214047DC023712B7D63716B7DA371AB7DE37184F8A6
S214047DD008904FEA4903514604F109020AEB49099F
S214047DE04945104602F1020212D1E2180C9982F8B3
S214047DF009800B9A0A332344013902EB48084245AA
S214047E000AD122463946022002F01DFB0646CAE77E
S214047E1031F8025B0580E3E732F8020B188011F8AC
S214047E20010F98700333EAE72126BFE71926BDE75A
S214047E30032002F034B92DE9F04F8BB007460E4606
S214047E40154600216A460320DDE914BADDF8608091
S214047E50994602F08EFA044698BB9DF8072017B19F
S214047E609DF80010397016B19DF80110317015B1E7
S214047E709DF802102970B9F1000F03D09DF8031085
S214047E8089F80010BBF1000F03D09DF804308BF87E
S214047E900030BAF1000F03D09DF805308AF80030A0
S214047EA0169B1BB116999DF806300B70179B03B1F1
S214047EB01A60B8F1000F04D0520002A9404604F03C
S214047EC00CFC20460BB0BDE8F08F2DE9F0438BB0D8
S214047ED08046DDF8549009F104046400282C0F460B
S214047EE016461D4628D82022002102A804F01DFCB0
S214047EF09DF848308DF804309DF84C3016998DF86E
S214047F000530A4F108029DF850308DF8008002A8D0
S214047F108DF801708DF802608DF803508DF80630E8
S214047F208DF8079004F0D9FB6A460021032002F07E
S214047F308AFA0BB0BDE8F0831A20FAE710B50446B7
S214047F40042002F0ACF820B10420E1F7C9FB20605D
S214047F50012010BD2DE9F04F87B004460420DDF85B
S214047F6040B0DDF84890884617461E46E1F7B8FB51
S214047F70A04230D921466A46042002F0FAF90446A3
S214047F8028BB9DF802509DF803A0B8F1000F03D05B
S214047F909DF8002088F8002017B19DF801203A705B
S214047FA006B13560BBF1000F04D02A4601A9584635
S214047FB004F093FB119B0BB1C3F800A0B9F1000FBA
S214047FC005D0291D52466944484604F086FB2046DF
S214047FD007B0BDE8F08F2124F9E72DE9F04186B01B
S214047FE01C460D9E331D2344182B0546884617460B
S214047FF025D80420E1F774FBA84222D914220021D4
S21404800001A804F092FB22460C998DF8024001A8C0
S21404801004348DF800808DF801708DF8036004F048
S2140480205CFB0E9932460DEB040004F056FB6A46E0
S2140480302946042002F007FA06B0BDE8F0811A20AB
S214048040FAE72120F8E708B50C2002F028F80038F3
S21404805018BF012008BD10B5D8F796F9048AD8F7DA
S21404806093F9018A11F00F014FEA141418BF012185
S21404807021440123BDE8104090220C2002F01BB9D5
S2140480802DE9F04FB5B090220021814610A804F0E7
S2140480904CFB1122002103A804F047FBD8F774F91F
S2140480A0068AD8F771F9038A13F00F0318BF012361
S2140480B036091E44E1F752FE0446D8F765F9038AEA
S2140480C09C4280F08B804FF000084546B04515D1A1
S2140480D00024202200210DEB020004F026FB0E23D0
S2140480E008A88DF82030ADF82450ADF826600A9420
S2140480F0D8F728F9204635B0BDE8F08F10AA4146D7
S2140481000C2002F036F9BDF840300446002BE0D0CF
S2140481100028DED10DF1430704EBC40ADFF710F89C
S2140481200AF1D0030DEB030A83463AF8903CAAF111
S2140481309002002B4CD01AF88E3C00F0010103F09C
S214048140010399423FD101460DF10E000192FEF75C
S21404815043FCBB7839888DF82230ADF82010089996
S2140481600DF11200FEF748FC59460DF11500FEF716
S21404817033FCB7F803107B798DF82230ADF8201065
S2140481800DF119000899FEF737FC019A1AF8903C8D
S214048190527803A843EA0223ADF80C30E1F7E4FD75
S2140481A008B90135ADB2E1F7D9FD8246D8F7ECF847
S2140481B0038A9A450CD3B9F1000F01D0A9F80050F0
S2140481C008F1010882E71122002103A804F0ADFAA1
S2140481D00134102C07F109079ED1ECE700251A2478
S2140481E077E710B59AB00221ADF8081009200321EC
S2140481F0ADF80C10ADF81C0004210A20ADF81010E0
S214048200ADF8200005210C200122ADF81410ADF8BD
S214048210240008210D20ADF80420ADF80620ADF8A2
S2140482200E20ADF81620ADF81810ADF81E200F215C
S214048230ADF82800ADF82A2021200E22FF230024C2
S214048240ADF81A10ADF82C20ADF832001022ADF8B7
S214048250341011204FF40071ADF82E20ADF83820FC
S214048260ADF80230ADF80A30ADF81230ADF8223071
S214048270ADF82630ADF83030ADF83610ADF83A30FB
S214048280ADF83C001223ADF80040ADF83E10694648
S214048290ADF84030ADF84220E6F71AFE02F063F976
S2140482A002F075F902F043F902F047F902F04BF9CF
S2140482B002F07DF902F0B2F902F073F901F067FDFD
S2140482C020461AB010BD10B109B1FDF784B92120BB
S2140482D070478279C37910449B1A027BDBB2D209B9
S2140482E00CBF03F1FF30181F80B2704710B5044668
S2140482F004B910BD04F10C004522002104F015FA5F
S2140483002468F5E7DA6A8A4203D10022DA62DEF7E5
S21404831021BD704738B505460020FAF796F804469E
S21404832030B181790C31012245540144FAF73DF805
S214048330204638BD2DE9F04587B0984602284FF010
S2140483400003CDE901330E9F9DF840A003930E462B
S21404835015462BD1136004AACDE90433E6F7B0FB27
S214048360044608BBBAF1000F00D02EB1049B2B6064
S214048370204607B0BDE8F08505A8E4F791FF064659
S21404838048B1002FF2D105A801F02BFB04A801F098
S21404839028FB3446ECE71FB1049B2B600490F2E7FD
S2140483A0059B2B600590EEE70646ECE702AB01AAB8
S2140483B0E6F786FB0446B0B9FFB1019B039300239E
S2140483C001930127039B0BB305AA07F0010130466E
S2140483D000F01BFF044630B9039B2B609DF8143055
S2140483E0039088F8003001A801F0FBFA02A801F017
S2140483F0F8FA03A801F0F5FABAE7029B13B90F9A44
S214048400002ADAD1039300230293DBE740F20254F6
S214048410E9E72DE9F04F91B0051E88461E980593AE
S2140484204FF0000114BF08260426BDF86CA0BDF862
S21404843070B007919146FAF77DF9731C834204469F
S2140484400CAF58D81D9A0021002A4BD1059B1A99C7
S214048450002B14BF01230223002D18BF80250DF125
S21404846022008DF820308DF82150FEF7C5FA4FEA29
S2140484701A23A41B8DF8253041464FEA1B230DF121
S21404848029008DF827308DF826A08DF828B0FEF741
S214048490A3FA23461E9932463846F9F799FF079BF6
S2140484A01E9ACDE90043CDE90267002308A9484691
S2140484B001F0C7FB044618B931461EA8FAF71AFAA3
S2140484C00798FFF713FF07A8F9F78CFF08A80D21F4
S2140484D000F005FB3846102100F001FB204611B0E1
S2140484E0BDE8F08F10230846FAF769F907900028CC
S2140484F0ACD11A24E4E72124E2E72DE9F04F8FB04B
S2140485001F46BDF8703007930D460023114601221E
S214048510CDE90132099300900DF1210309AA2846FA
S2140485209DF864B0BDF87480FFF704FF0446002885
S21404853057D1012D05D19DF821209DF868309A4227
S2140485405CD14046FDF7CAF802284FF000054FD02C
S2140485501E9B099A1899CDF80880CDE90353079B0A
S21404856001931B9B009338465B46FFF752FF044675
S21404857037E051464846DEF759FF48BB0DF1220165
S2140485805046E4F7DBF8064610BBBDF822304345F8
S2140485901DD11E9B099A1899CDF80880CDE903A32E
S2140485A0079B01931B9B009338465B46FFF731FFFE
S2140485B0044660B91F9A55462B4603CB51600EA954
S2140485C08B4210601D4602F10802F5D1012635469D
S2140485D009F10109D7F7D8FEC38A4B450CD9002DFB
S2140485E0C7D009A801F0FDF920460FB0BDE8F08F0A
S2140485F0A9460DF1280AEDE7002DF2D141F2050453
S214048600EFE72DE9F04F8DB00646BDF86490099368
S21404861048469DF85830BDF860A09DF86CB00893A5
S2140486200F469046E1F7EEFB78B14846FDF756F85C
S21404863001280AD116AC54F8100FFFF757FE20464F
S214048640F9F7D0FE0DB0BDE8F08F099BC3F1020523
S214048650EDB2DFF76BFA50B3022D28D11A9BCDF892
S21404866018B0CDE90493179B0293089B019300234B
S2140486700093CDF80CA043463A4631465046E1F7FF
S214048680FBFB0028DED11A9ACDF818B0CDE9049287
S214048690179A0292089ACDF80CA0CDE90002434638
S2140486A03A463146E1F7E8FB0028C3D0CAE70BA9EF
S2140486B02846E6F789F904460028BBD10B9BA3425B
S2140486C0B8D921460DF12A022846E6F7AFF9013457
S2140486D00028F3D11A9BBDF82A00CDF818B0CDE9CE
S2140486E00493179B0293089B0193099B0093CDF870
S2140486F00CA043463A463146E1F7BEFB0028DDD0DF
S214048700A0E72DE9F0418EB00AAE86E8030000200B
S21404871015461F46DEF7D6FB0DF132018046FEF7FE
S214048720ADFA48B11498FFF7E1FD14A8F9F75AFE1C
S21404873002200EB0BDE8F081BDF83200FCF7CEFF93
S21404874001282ED16DB32846FCF7C8FF022828D08E
S21404875005F580739BB2F82B23D9DEF7F1FC0446AB
S214048760DEF706FD08B104B1013C0DA94046DEF76C
S2140487705DFB0028DDD19DF854300593149B0690CC
S214048780CDE90353BDF8323002930D9BCDE90700C3
S214048790CDE90043012296E803003B46E2F788F859
S2140487A0C7E72120C5E72DE9F041804686B00A20B8
S2140487B00D4617461C46FFF7ADFD0646B8B164BA2B
S2140487C00322ADF80D4003A904AC8DF80C50F9F75C
S2140487D0ECFD41462046FEF7E6F89DF83030CDE93C
S2140487E000633A4694E803002B46FFF78AFF06B078
S2140487F0BDE8F08170B586B002200D4602938DF870
S2140488000F20FFF787FD0446F0B1029B01221BBA36
S2140488100DF10F010293F9F7C8FD042202A92046C0
S214048820F9F7C3FD04AE01220AA92046F9F7BDFDF7
S21404883029463046FEF7C8F80023CDE900432A4609
S21404884096E80300FFF75DFF06B070BDF0B587B08D
S214048850074604200E468DF80F208DF80E30FFF7DD
S21404886059FD044658B3BDF8383001225BBA0DF101
S2140488700F01ADF83830F9F798FD01220DF10E011D
S2140488802046F9F792FD01220CA92046F9F78DFD42
S21404889001220DA92046F9F788FD04AD02220EA98F
S2140488A02046F9F782FD39462846FEF77CF8002371
S2140488B0CDE90043324695E80300FFF722FF07B0F0
S2140488C0F0BDF0B587B0074605200E46ADF80E207D
S2140488D0ADF80C30FFF71EFD044620B3BDF80E308D
S2140488E05BBAADF80E30BDF80C3002225BBA0DF15F
S2140488F00E01ADF80C30F9F758FD022203A9204604
S214048900F9F753FDFEF762FA04AD0290394628469D
S214048910FEF749F80022CDE90042029B95E80300E1
S2140489203246FFF7EEFE07B0F0BDF0B587B0074657
S21404893006200E46ADF80E20ADF80C30FFF7EAFC24
S214048940044620B3BDF80E305BBAADF80E30BDF861
S2140489500C3002225BBA0DF10E01ADF80C30F9F7BB
S21404896024FD022203A92046F9F71FFDFEF72EFA7E
S21404897004AD029039462846FEF715F80022CDE9E4
S2140489800042029B95E803003246FFF7BAFE07B0A2
S214048990F0BD70B586B009200C468DF80F20FFF7A1
S2140489A0B9FC054688B101220DF10F0104AEF9F7B2
S2140489B0FCFC21463046FEF707F80023CDE90053B9
S2140489C0224696E80300FFF79CFE06B070BD38B555
S2140489D00C469442049D194606D2121BAA42A8BF0E
S2140489E02A46204403F079FE601938BD37B50023C3
S2140489F0044601937CB13C2C22464FF00001A8BFEC
S214048A003C22084695B2D2B2F9F740FD014601A8C9
S214048A1021B9F9F7E7FC019803B030BD641BF9F7F8
S214048A2094FEA4B2E6E72DE9F84F002406468A46EB
S214048A3090469B46A146444501D3BDE8F88FB079DD
S214048A40F5792D1AEBB20C30D9451D46304419D2AF
S214048A5009EB03025A4510DBABEB090C1FFA8CFC3E
S214048A60A3EB0C074745A8BF4746BAB20AEB040176
S214048A70604403F032FE3C44A4B2A94436681FFAAC
S214048A8089F9D8E7A8EB04079F42A8BF1F46BAB2E5
S214048A900AEB0401EDE72DE9F04790B00746BDF870
S214048AA060A08846164699460024A64202DC10B00A
S214048AB0BDE8F087351B402DA8BF402509EB04030D
S214048AC02A4641466846F9F783FC0AEB04039BB240
S214048AD0AAB269463846FFF7A6FF2C44E5E708B174
S214048AE0FCF71CBC704710B558B1022910D90023F6
S214048AF0C25C541C23448B420AD832B18B42F7D34F
S214048B00012010BDC25C1AB901338B42FAD3F7E7D1
S214048B100020F6E708B5DFF775FB003818BF01201C
S214048B2008BD70B504460D46DFF76CFBC28800230B
S214048B309A4201D8212006E0866859017158A1425C
S214048B4002D12B60002070BD0133F1E770B5012916
S214048B5086B00446154619D105A9FFF7E2FFA8B961
S214048B60DFF750FB059A836803EB42131E696EB168
S214048B709DF8383002930D9B01930C9B0093BDF82F
S214048B802820BDF82C3029462046B04706B070BDD4
S214048B902DE9F047914680460C46DFF733FB4FF647
S214048BA0FF739945054602D10020BDE8F0873F2CA7
S214048BB0FAD80121A4F12006C4F1200301FA06F62E
S214048BC021FA03F31E4301FA04F40027EB88BB42A0
S214048BD0EAD9AB684FEA471A53F80A30434501D03E
S214048BE00137F3E74046FDF7D8FC4845F8D1AB68B3
S214048BF05344D3E90223224033401343F0D00120E8
S214048C00D3E72DE9F0419AB00023CDE912330546A7
S214048C100F4611938DF83F30DFF7F4FA12A9064693
S214048C202846FFF77EFF044658BB14A92846FDF7DE
S214048C3021FD044628BB2846FDF755FCDEF742F91D
S214048C4010A9FEF71BF80446D8B9BDF84030002B2F
S214048C505CD0BDF862000DF14201E3F7C5FD0446A1
S214048C6078B9B368129A03EB42135B692BB113AA63
S214048C700DF13F01284698471190119840B940F2EB
S214048C80034411A8F9F7AEFB20461AB0BDE8F081FC
S214048C90F9F750FD0028F2D09DF83F40BDF8621069
S214048CA0BDF84220BDF840300D913C43BDF85070ED
S214048CB08DF83F4038460C920B93FCF70FFD0228C4
S214048CC01398D6F800800D994FF0000CCDE908C033
S214048CD01298B66806EB401018BFE64680690790FF
S214048CE09DF864000097CDE90540119808BF0DF182
S214048CF0520ECDE90350DDE90B32CDE901EC01203B
S214048D00C04704460028BCD11190BAE72124B8E72E
S214048D102DE9F04706460F4690469946DFF772FA65
S214048D2000250446E388AB4201D8212019E0A36855
S214048D304FEA451A53F80A00FDF72FFCB84212D141
S214048D40A36853F80A00FDF726FC40450BD1A36838
S214048D5053F80A00FDF7C7FBB04204D1C9F8005027
S214048D600020BDE8F0870135DCE72DE9F0438DB03F
S214048D7004460D4616461F46DFF744FA8046FFF7BC
S214048D80C9FE002854D03046FCF7A8FC022804D1BB
S214048D901FB921200DB0BDE8F083002CF9D00BA933
S214048DA02046FFF7BEFE81460028F2D12046FDF796
S214048DB0F6FB484505D949462046FDF7F3FBA8428D
S214048DC033D12046FDF7EBFB4845E2D02046FDF7BD
S214048DD08AFBDEF777F80DF12A01FDF74FFF00282E
S214048DE0D8D1BDF82A30002BD3D00AA92846E3F7F9
S214048DF0FBFC0028CED1179B0096CDE90803169BF2
S214048E000793FF2306939DF854300593149BBDF8EF
S214048E102820CDE90343CDE90170BDF82A30D8F8FF
S214048E20004029460120A047B4E709F10109BDE73F
S214048E301120AFE710B5DFF7E5F9044658B18068AE
S214048E4008B1FCF789FB2046FCF786FB0020DFF719
S214048E50DFF9002010BD1120FCE70020E3F718B965
S214048E602DE9F04F85B004460E4617460193FFF7EA
S214048E7051FE00287AD0DFF7C5F905461CB9212033
S214048E8005B0BDE8F08F03A92046FFF74AFE002888
S214048E90F5D0EA88AB889A426AD0B91900263A46D1
S214048EA04FF0010C374691422DD1DFF7ABF98046DF
S214048EB02046FDF718FB00902046FDF76EFB4FF0AA
S214048EC000098346B8F8061089452DD30E9B002B5F
S214048ED014BF032102212046FDF7FBFC0028CFD156
S214048EE0EB88A9684FEA431C01EB431241F80C4097
S214048EF0019911610E99516101330F999161C2E98B
S214048F000267EB80BCE712F8010BA0F12003C0F166
S214048F10200E0CFA03F32CFA0EFE43EA0E030CFAA8
S214048F2000F006431F43BEE7D8F808004FEA491A84
S214048F3050F80A00FDF7D7FA009B834202D009F1E5
S214048F400109BFE7D8F8080050F80A00FDF725FB2A
S214048F508345F4D1D8F8080000EB0A01D1E90201F0
S214048F603040394050EA0103E9D088E7112087E70A
S214048F701A2085E730B585B00446FFF7CBFDA8B1C7
S214048F802046FDF7B0FA05462046FDF706FB01909D
S214048F902046FDF700FB0199024603AB2846FFF77F
S214048FA0B7FEB0FA80F0400905B030BD1120FBE7EB
S214048FB010B50446043000F014FD04F1080000F077
S214048FC010FD04F1100000F00CFD04F1140000F094
S214048FD008FD4FF6FF73238010BD08B5D7F7D4F904
S214048FE090F8260008BD2DE9F041054658B3FFF772
S214048FF0F4FF002607464FF02808B742686806D1F3
S214049000FCF7AAFA2846BDE8F041FCF7A5BA08FB27
S214049010060423691BB104F1100000F0E2FC636946
S2140490201BB104F1140000F0DCFCE3691BB104F18D
S2140490301C0000F0D6FC236A1BB104F1200000F0EB
S214049040D0FC0136D9E7BDE8F08108B5D7F79CF91E
S214049050008B013008BDFFF7F8BFF0B500248BB0D5
S21404906005460E46174621461C2203A8029403F022
S2140490705CFB0194C5B1BEB1B7B1204601AA02A9F2
S214049080E5F77AFC044648B901983B463246294639
S21404909000F05BFD044601A800F0A3FC01A800F064
S2140490A0A0FC20460BB0F0BD2124FAE72DE9F043DE
S2140490B08BB01E46002389461546DDE91218019337
S2140490C0074688B3B9F11F0F2ED96AB366B359B3EE
S2140490D0B8F1000F28D001AA1846E5F74DFC04465F
S2140490E0D8B9019802AB4A46394600F02EFD04462C
S2140490F001A800F076FC84B9204601AA02A9E5F787
S2140491003BFC044648B9019843463246294600F0DB
S2140491101CFD044601A800F064FC01A800F061FCF4
S21404912020460BB0BDE8F0832124F6E708B5D7F750
S2140491302BF9C088800008BD08B5E3F787F840B16E
S21404914002884FF6FF739A4201D0FFF731FF0020E2
S21404915001E040F2025008BD08B5E3F795F820B1E7
S2140491604FF6FF730380002008BD40F20250FBE771
S21404917008B5FFF732FF800008BD38B50546E3F7AB
S21404918083F868B94FF6FF70E3F77EF8044650B1EB
S2140491900580E3F743FB10B14FF6FF73238038BD19
S2140491A040F20150FBE740F20350F8E708B5E3F756
S2140491B06BF818B1BDE80840E3F730BB40F2025044
S2140491C008BD38B50546E3F741F868B94FF6FF70B1
S2140491D0E3F73CF8044650B10580E3F7CFFB10B143
S2140491E04FF6FF73238038BD40F20150FBE740F290
S2140491F00350F8E708B5E3F729F818B1BDE80840C6
S214049200E3F7BCBB40F2025008BD73B50E461546E4
S214049210E3F73AF8044618B940F2025002B070BDBB
S21404922000880DF10601E3F7DFFA0028F6D1BDF851
S21404923006000DF10501E3F787FB0028EED11EB901
S2140492409DF80530002BE7D0002DE7D03444A378F2
S2140492502B70E3E709B1E3F7A3BE2120704709B1F9
S214049260E3F7E0BE2120704710B4B0F5805F019CA0
S21404927007D233B101B924B901945DF8044BE3F77E
S214049280CFBB21205DF8044B7047F0B587B0B0F52E
S214049290805F0C9F05460C461E4602D3212007B06D
S2140492A0F0BDB1F5805F0392F8D2002BF6D00DF135
S2140492B017012046E3F748FB0028F0D19DF8173045
S2140492C0039A0BB9002FE9D1009733462146284666
S2140492D0E3F7E0FAE3E708B51046CFF7E7FB00202C
S2140492E008BDF0B585B0074601A81C460D461646CF
S2140492F0F5F708FD0420C7F74BF90122014601A83B
S214049300C7F752F93946202201A8C7F7C7F93246EB
S214049310294601A8C7F722FA214601A8C7F72EFA5C
S21404932001A8F5F7F4FC002005B0F0BD2DE9F043E4
S2140493308046ADF54F7D894614461D468BB31846C8
S214049340F9F7F8F91028074640D8024629460023BC
S21404935006A8F9F73DF806AD2046F9F7EBF9B0F59F
S214049360C07F064634D80246002321460AA8F9F7E9
S2140493702FF8D79B0593D69B0295CDE9037306F188
S21404938010036AAF0193009733460AAA494640463B
S214049390E4F76AFA0546B0B128460DF54F7DBDE8F8
S2140493A0F0831F46D8E7A079E7793F1AFFB20C305E
S2140493B0414620443A4603F090F92468B944B84438
S2140493C0B145F0D3E8E78146B846F9E71925E3E75F
S2140493D02125E1E72DE9F04FADF54B7DDDE9D456C7
S2140493E082468B46144698466EB33046F9F7A2F981
S2140493F01028074654D802463146002306A8F8F734
S214049400E7FF06AEB5F5C07F4CD843462A4621464C
S2140494100AA8F8F7DDFFD79B0593D69B0DF5D479FC
S214049420CDE90373CDE90156CDF800902B460AAA80
S21404943059465046E4F752FA064678B330460DF5D8
S2140494404B7DBDE8F08F3746DCE7E379A2799B1ABB
S21404945057FA83F343458BBF43462468A8EB0700BB
S21404946000201F464745F0D3A844B845E6D9A3795B
S214049470E579ED1AEDB22D1AA8EB0702954203F131
S2140494800C03A8BF15461844494620442A4603F050
S21404949024F92F442468A9440020E6E70746E1E7B8
S2140494A01926CBE72126C9E740F20250704721B1BE
S2140494B01AB1490F1170002070472120704721B15E
S2140494C01AB1490811800020704721207047F8B56A
S2140494D00E4615461C46069FFCF73EF83046FCF73B
S2140494E03BF82846FCF738F82046FCF735F83846AB
S2140494F0BDE8F840FCF730B82DE9F04F440085B0DD
S21404950080462046DDF83C90039117469B46FCF7C0
S2140495101FF80646A8B1B9F1000F07D02046FCF79D
S21404952017F8054618B9044682460DE04D464FEA3C
S2140495308804AFB12046FCF70BF8824688B9044687
S21404954002E0044682460546192730460095002365
S21404955022465146FFF7BBFF384605B0BDE8F08FFC
S214049560BA462046FBF7F4FF04460028ECD04046F3
S214049570FBF7EEFF0028E7D0039B1E60B9F1000F4F
S21404958002D0C9F8005000251FB1C7F800A04FF05C
S214049590000A0E9BCBF80040002418602646274697
S2140495A0D3E710B508461446E4F7F2FA10B104718E
S2140495B0002010BD40F20250FBE738B5450FC0F35B
S2140495C00074C0F34F012846E4F712FB48B1042D9B
S2140495D010D8DFE805F003070B0D0D0000EB0410B0
S2140495E0053038BD00EB04100630FAE70430F8E71F
S2140495F00130F6E70020F4E738B50C46204611465D
S2140496001D46E4F7F5FA70B103782CB1012C08D1A5
S2140496102B7083886B8002E02B700379AB7000207C
S21404962038BD2B70FBE740F20250F9E710B5FFF7A0
S2140496307DFD0446FFF79CFD2044043010BD08B5AC
S2140496400846E4F7BDFA30B110220021063003F0D4
S2140496506CF8002008BD40F20250FBE708B5084647
S214049660E4F796FA30B110220021053003F05DF8D5
S214049670002008BD40F20250FBE71FB504466946C9
S2140496804088E0F70FF818B9211D6846FEF741F93F
S21404969004B010BD1FB5044669464088E0F702F8DA
S2140496A018B9211D6846FEF720F904B010BDE0F78E
S2140496B011B810B50846E4F783FA88B1841D00F1A2
S2140496C016032246194652F8040B41F8040B9A4234
S2140496D0F9D110220021204603F027F8002010BDFF
S2140496E040F20250FBE738B50846E4F751FA044660
S2140496F088B1053004F115020346114653F8045B9D
S21404970041F8045B9342F9D11022002103F00DF8CE
S2140497100020207138BD40F20250FBE730B5084601
S21404972085B01446E4F74CFA054628B344B100F174
S21404973016011022204602F0C0FF40B905B030BD25
S21404974010216846FEF7BFFD0028F7D16C4605F1E8
S2140497501603A91D1A46263552F8040B41F8040BC5
S214049760AA42F9D104F1100254F8041B43F8041B6E
S2140497709442F9D10020E1E740F20250DEE77FB5DB
S21404978008461446E4F704FA054678B30379012B31
S2140497900CD174B300F115011022204602F08DFF9F
S2140497A0002814BF2120002004B070BD34B9102155
S2140497B06846FEF788FD0028F6D16C4605F11503C9
S2140497C01A46691D05F1250052F8046B41F8046B2E
S2140497D08242F9D104F1100254F8041B43F8041B26
S2140497E09442F9D101232B710020DDE740F20250A8
S2140497F0DAE72120D8E737B5084615461C46E4F7CD
S214049800DFF960B100EB05100DF107010630E2F751
S214049810B3FE10B99DF80730237003B030BD40F294
S2140498200250FAE738B50020E4F794F9054668B123
S2140498304FF40040E4F78EF958B100244FF6FF7356
S21404984044806B80E4F744FB204638BD40F2025067
S214049850FBE70220F9E740F2025070470020704709
S21404986038B508B3450FC0F30074C0F34F0128465B
S214049870E4F7BEF9D0B1032D09D0042D0DD0022D86
S21404988009D1002C40F2025018BF002038BD6CB13C
S214049890437C013343740020F8E73CB190F8213050
S2140498A0013380F82130F6E72120EFE740F202503A
S2140498B0ECE710B500210446E4F722FC38B920464C
S2140498C04FF40042BDE810400221E4F7B7B9022085
S2140498D010BD1FB501910021E4F712FC50B100231E
S2140498E0019A039303A94FF40040E4F71FFC05B064
S2140498F05DF804FB0220FAE708B531B9E4F708FA84
S21404990098B9BDE80840E4F763BA012903D1BDE875
S2140499100840E4F7FDB9022906D1C2F30E022AB9BB
S214049920BDE80840E4F7D4BA212008BD0020FCE7CF
S2140499302DE9F04385B000240394D6F725FDC688A8
S214049940720010460192FBF703FE054600283ED03F
S214049950019AFF2102F0E9FEFEF7FFF858B320460D
S21404996003A9FEF7FDF8044650BB039BB34230D868
S21404997001462846FEF7F4F8044608BB80464FF630
S214049980FF79B04508D3039BB34219D23146284623
S214049990FEF703F9044613E035F818704F4507D070
S2140499A0C7F30B00E4F7F4F810B1C7F301370771F7
S2140499B008F10108E5E7DFF725FF04460028E5D0AF
S2140499C02846FBF7C9FD204605B0BDE8F0831924F8
S2140499D0F6E71A24F4E7E4F703BD00207047FFF720
S2140499E03FBF70B5044670B30068F8B1460FC0F3C5
S2140499F00075C0F34F013046E4F7FAF830B1032E91
S214049A0007D0042E13D0022E0ED16DB940F20250A8
S214049A100CE0002DFAD0417C0139C9B2417419B961
S214049A201022013002F081FE0020206070BD002D5F
S214049A30ECD090F821100139C9B280F82110002921
S214049A40F2D12022EDE72120F0E72DE9F0418EB097
S214049A501C4608460023DDE91565CDE90433179F47
S214049A609046E4F795F8F8B100EB08100DF10F03F3
S214049A700DF1280801932146149ACDF8008006AB10
S214049A800530E2F7CBFC044618BB002E33D004A9FD
S214049A9006A8E4F7A5FA50B104461AE0049B33601E
S214049AA0002304936DB910E040F202541FE0002D29
S214049AB0F4D005A94046E4F793FA0028ECD1002E2A
S214049AC0ECD1059B2B600023059317B19DF80F304E
S214049AD03B7004A8FFF785FF05A8FFF782FF102157
S214049AE006A8FEF7FCFF10214046FEF7F8FF2046C6
S214049AF00EB0BDE8F081002DDBD1E6E71FB50023EC
S214049B00CDE90033CDE9023348B142B113468AB2F7
S214049B1001466846E3F734FE05B05DF804FB2120F1
S214049B20FAE713B51446420F042A0191009309D0AC
S214049B30FFF743FD009B0199A2B202B0BDE81040B6
S214049B40E3F71EBE212002B010BD1FB5440F042C3F
S214049B50CDE90221019309D1FFF72FFDDDE901329A
S214049B60039904B0BDE81040FFF7BBBB212004B046
S214049B7010BD10B428B121B11AB15DF8044BE3F757
S214049B8041BE21205DF8044B7047F0B5440F8BB0FE
S214049B90042CCDE9042103931FD0FFF70EFD06AD78
S214049BA0109C0094DDE9033205990195FFF7BEFB8E
S214049BB0044658B9119A2E460AAF334603CBBB4225
S214049BC0106051601E4602F10802F6D110212846A4
S214049BD0FEF785FF20460BB0F0BD2124FAE7F0B56A
S214049BE0440F8FB0042CCDE90821079327D0FFF744
S214049BF0E4FC189C0494179C0394169C0294159CED
S214049C0001940AAD149C0094DDE907320999059580
S214049C10E3F72AFE044658B9199A2E460EAF334681
S214049C2003CBBB42106051601E4602F10802F6D117
S214049C3010212846FEF753FF20460FB0F0BD21241E
S214049C40FAE72DE9FF41440F042CCDE90221DDE9B2
S214049C500A56DDE90C7801930DD0FFF7AEFCDDE97A
S214049C6001320399CDE90C78CDE90A5604B0BDE873
S214049C70F041FFF7AFBB212004B0BDE8F0812DE929
S214049C80FF47440F042CCDE90221DDE90C56DDE93B
S214049C900E78DDE9109A01930FD0FFF78EFCDDE90C
S214049CA001320399CDE9109ACDE90E78CDE90C5628
S214049CB004B0BDE8F047E3F711BE212004B0BDE8C8
S214049CC0F08707B5430F042B019107D0FFF775FC07
S214049CD0019903B05DF804EBE3F73EBE212003B020
S214049CE05DF804FBE2F792BCE2F7AEBCE2F7E4BC34
S214049CF00A46014610B90AB1E4F7AAB9212070470A
S214049D0010B40446084611461A4624B91BB15DF839
S214049D10044BE4F79DB921205DF8044B704738B531
S214049D200546B0B1006898B190F88140013CE4B2B1
S214049D3080F8814054B940222146013002F0F5FCF7
S214049D40286820222146413002F0EFFC00202860DB
S214049D5038BD2120FCE760B159B13F2A09D9431C1C
S214049D60413053F8042B41F8042B8342F9D10020E8
S214049D70704721207047134638B131B12AB14A1CC6
S214049D8000F141010130E3F757BE2120704700205F
S214049D90704710B50C46E3F7FBFE58B16CB100F102
S214049DA015011022204602F088FC002814BF21204A
S214049DB0002010BD40F20250FBE72120F9E70F20F7
S214049DC0704740F20250704740F20250704713B595
S214049DD01446019201AB0A4601464FF48020E4F78C
S214049DE0E5FF18B9019BA34218BF022002B010BDBC
S214049DF00A4601464FF48020E4F7C6BF13460A46D7
S214049E0001464FF4C020E4F7D1BF0A4601464FF49A
S214049E10C020E4F7B9BF4FF48050704773B50024F0
S214049E20054601944E1CB54202D1204602B070BDD0
S214049E3001A9A8B2FFF7E9FF0028F6D1019B002B81
S214049E40F3D01C440135EEE72DE9F3410F461646E0
S214049E5005469846FFF7E2FF013704463060BD42E8
S214049E600AD100203368002CA3EB040308BF0020AB
S214049E70336002B0BDE8F081FE2C234601AAA8BFD9
S214049E80FE234146A8B20193FFF7B8FF0028E9D1A4
S214049E90019BE41A9844E5D00135E0E70F2803D186
S214049EA041F4085080B27047112802D141F4105092
S214049EB0F8E7102802D141F43C50F3E7FF280AD013
S214049EC0122889B202D141F4F850704741EA0020C2
S214049ED040F48050E6E74FF40050704708B5E4F7C6
S214049EE0BBFF003818BF012008BD10B50C46E4F7C8
S214049EF0B3FF38B1426800F11401204602F0EDFBCE
S214049F00002010BD40F21C40FBE738B50546E4F7D8
S214049F10A3FF044640B1426800F114012846E4F762
S214049F2067FF0020A06038BD40F21C40FBE708B580
S214049F30FFF7B4FF0146FFF7D1FF20B1BDE80840A4
S214049F400846FFF7E2BF08BD70B50546E4F784FF90
S214049F50044678B119B14268143002F0BEFBA36817
S214049F60E26801339342A36007D32846BDE87040F5
S214049F70FFF7CBBF40F21C4070BD0020FCE72DE984
S214049F80F0438DB01C46149E039207468846FFF79E
S214049F9042FFA04250D304F1040900234846CDE909
S214049FA00833CDE90A33CDE9043306938DF81C3023
S214049FB0CEF7D8FC0546002839D00399224671B35B
S214049FC002F08BFB08A8E4F753FF3B0A8DF8103029
S214049FD02B190193042300932A46234604A908A8B0
S214049FE08DF811708DF81280FBF79AFC1022044647
S214049FF0002108A802F099FB0D22002104A802F013
S21404A00094FB44B941463846FFF748FF56B1294603
S21404A010FFF79AFF04462846CEF7C4FC08E002F091
S21404A02084FBCFE74A462946E4F7E2FEF2E7192422
S21404A03020460DB0BDE8F0831D24F9E707B501A955
S21404A040FFF7D6FE18B9019803B05DF804FB0020AC
S21404A050FAE7F8B500210746FFF720FFFFF7EEFF03
S21404A060C0B1FF213846FFF719FFFFF7E7FF0446A4
S21404A07088B9FF26A5196D0829463846FFF70EFF4E
S21404A080FFF7DCFF00280CBF2E462C46731EA342A7
S21404A090F0D8601CF8BDFF20FCE7FFF7DABF08B570
S21404A0A00021FFF7FBFEFFF7C9FF003818BF0120A9
S21404A0B008BD08B5E4F7D0FE00B1406808BD2DE938
S21404A0C0F04F8BB002AF9046D7E912629946002350
S21404A0D0C7E90433C7E90633C7E90033BB603B73FB
S21404A0E006F10B0323F00703ADEB030D8A46414646
S21404A0F0FFF7D4FE341D02AD83465AB3FFF7D9FFEB
S21404A100A0422CD129465846FFF7EFFE0446E0B994
S21404A11007F11000E4F7ACFE4FEA1A233B70AB19C4
S21404A1200193042300932A463346394607F1100068
S21404A13087F801A087F80280FBF734FC044620B9B0
S21404A14032462946484602F0C8FA20462437BD4619
S21404A150BDE8F08F22462946FFF739FED6E740F2DF
S21404A1600344F2E72DE9F341DDF820800D46CDE9FE
S21404A170003816461F4613460A4601460446FFF7AD
S21404A1809EFF41F2050398420ED1A4F10F03B3F5E6
S21404A190F87F09D804F11101CDE9007833462A4640
S21404A1A089B22046FFF78BFF02B0BDE8F0812DE9A7
S21404A1B0F04F2DED028B914287B0DDE912478046C1
S21404A1C016461D4659D8A34257D800296ED00BB15F
S21404A1D0A34254D1012F0FD88DB20027AE4210D916
S21404A1E029460097234600224046FFF7C8FE01464C
S21404A1F0B0B9691C8DB2F1E70434CDB2E4B2AE4214
S21404A20001D800210CE029464046FFF747FE0DF131
S21404A21017033A462146E4F783FE38B140F21B4161
S21404A220084607B0BDEC028BBDE8F08F691CCDB2C2
S21404A230E5E70023009351462B463A464046FFF78F
S21404A24091FF014688B918EE102A0390584602F08A
S21404A2506CFA03990091234651463A464046FFF766
S21404A2608EFE09F101090146D0B138460391CEF7B6
S21404A27099FB0399D4E71921D2E70F21D0E791423D
S21404A280FBD1012FF9D8201DCEF76CFB074600281A
S21404A290F1D0631B08EE103A4FF0000900EB050BF3
S21404A2A01FFA89FA5645C4D80021DEE7002B91D060
S21404A2B0A342E6D18EE707B5CDE9002300230A467C
S21404A2C01946FFF774FF03B05DF804FB08B5FFF703
S21404A2D0E5FD0146FFF702FE20B1BDE8084008464A
S21404A2E0FFF7E7BEBDE808400846FFF7A7BE2DE91E
S21404A2F0F74F07468A46FFF7D1FD90461E46FFF7FE
S21404A300EDFDDDF83090834638BB51463846FFF7FE
S21404A310DDFF044618B3042824D909F104033344A2
S21404A320834222D8CEF71EFB054600B3231F0246FF
S21404A330CDF800B051463846FFF714FF044630B156
S21404A3402846CEF72FFB204603B0BDE8F08F4A46DA
S21404A350A919404602F0C1F9F2E70F24F3E740F2E8
S21404A3601C44F0E740F20344EDE72124EBE719240C
S21404A370E9E77FB5044603920D46FFF78FFDFFF726
S21404A380ADFD294606462046FFF7A0FF042808D957
S21404A390031F039A009629462046FFF7E3FE04B0FF
S21404A3A070BD40F20340FAE72DE9F04F85B006464B
S21404A3B00F46FFF773FD91469846FFF78FFDDDF8CD
S21404A3C038A0044698BB39463046FFF77FFF8346DD
S21404A3D078B3042830D90AF10403434483422ED8C0
S21404A3E0CEF7C0FA054660B3ABF104030094024608
S21404A3F0394630460393FFF7B5FE039B044630B157
S21404A4002846CEF7CFFA204605B0BDE8F08F524670
S21404A410494605EB0800039302F05FF90094039B9A
S21404A4202A4639463046FFF7AAFD0446E8E70F24D5
S21404A430E9E740F21C44E6E740F20344E3E721245C
S21404A440E1E71924DFE77FB504460D460392FFF7DC
S21404A45025FDFFF743FD294606462046FFF736FF4F
S21404A46050B104280BD9031F039A009629462046A8
S21404A470FFF785FD04B070BD40F21C40FAE740F2D9
S21404A4800340F7E708B50021FFF720FF043808BDAE
S21404A4902DE9F3410E46984604461746FFF7D9FDC4
S21404A4A005462046FFF7EEFFB54203460BD8B842F2
S21404A4B009D8CDE90078324629462046FFF777FECC
S21404A4C002B0BDE8F0812120FAE738B504460D460F
S21404A4D0AC4201D9002038BDA0B2E4F7B1FC013487
S21404A4E0F6E72DE9F04115461E460A1AFE2302FB3E
S21404A4F00333AB4204460F4617D3FFF7E6FFA742E3
S21404A5000ED3FE2DA846A8BF4FF0FE08424631469D
S21404A510A0B2E4F787FC20B9B5EB0805464402D19F
S21404A5200020BDE8F0810134E9E72120F9E708B509
S21404A530F320E4F785FC002008BD08B5F220E4F714
S21404A5407FFC002008BD08B5F120E4F779FC002064
S21404A55008BDFC21F920FFF761BC02460B46F92032
S21404A560FC21FFF771BCFC21F920FFF7AEBF0246C1
S21404A5700B46F920FC21FFF7B4BFF821F520FFF7BE
S21404A5804DBC02460B46F520F821FFF75DBCF821CA
S21404A590F520FFF79ABF02460B46F520F821FFF791
S21404A5A0A0BF08B5F420E4F74BFC002008BDEF215B
S21404A5B0E020FFF78ABF30B585B000230193054637
S21404A5C040B3D5F775FE012826D101A9DF20FFF791
S21404A5D01CFC044618B9019B082B03D023242046F0
S21404A5E005B030BD01AA02A9DF20FFF707FC044628
S21404A5F00028F4D19DF80830012BEFD129460DF13F
S21404A600090000F0D8FD05F11C010DF10D0000F065
S21404A61004FEE4E72124E2E70F24E0E7DF20E4F782
S21404A6200FBC37B505460C46F02001A9FFF7EDFB35
S21404A63070B9019B1D2B0DD8227893420AD84BB1D2
S21404A64001AA2946F020FFF7D9FB08B9019B23701D
S21404A65003B030BD2120FBE710B58AB004AC0190EE
S21404A660C2F774F91022CDE90201022106A802F00D
S21404A6705CF8DDE90201019B84E803000822214618
S21404A68006A8FBF7BEF90AB010BD01F00F0110B919
S21404A69001F500507047012801F500500CBF10303A
S21404A6A020307047704720B1036813B15A79D20737
S21404A6B000D570471846F6E74B6810B51B683AB1E4
S21404A6C014682CB1526813604B6800221A6010BDDF
S21404A6D00360F9E710B5044604B910BD04F10C0094
S21404A6E04522002102F021F82468F5E7096810B530
S21404A6F004460846FFF7D7FFC4E90010204610BDFD
S21404A7004FF6FF739A4212D17F291AD0B1F5404F03
S21404A71017D27E29CBB285BFC1F3052161F07F0134
S21404A7200370017092BF01204370022070473F29D6
S21404A73007D8427061F03F01120A0170827003204C
S21404A7407047002070472DE9F04F8FB0CDE90623FF
S21404A750BDF860909DF86C30089305460E46B9F136
S21404A760000F1DD01A980DF132020CA9E5F726FA4F
S21404A770B0B1DAF75FFFBDF832B04FF6FF739B4512
S21404A78082466DD10DACBDF8300022460221DBF7BF
S21404A79003F9002709900B941FFA8AF39F4208D303
S21404A7A01A9C002C60D11AA8F7F71CFE0FB0BDE85F
S21404A7B0F08F3846DAF744FF0446FBF7ECFE0A90BF
S21404A7C02046FBF7EAFE584520D00137E4E70B9B0A
S21404A7D00A9A33F81830934212D12046DCF796FBD7
S21404A7E0089B05931A9B0493199BCDE90293079B38
S21404A7F00193069B00932A4633462146E5F782F8E2
S21404A80008F10108099B9845E1D1DEE74FF00008FE
S21404A810F8E73846DAF714FF0446FBF7BEFEBDF841
S21404A8203220824218D1BDF830102046FBF774FE61
S21404A83090B12046DCF76AFB089B05931A9B0493A9
S21404A840199BCDE90293079B0193069B00932A4626
S21404A85033462146E5F756F801374745D9D39FE7EF
S21404A86000271FFA80F8F8E704F10C0045220021BF
S21404A87001F05BFF246894E72DE9F0410446FAF7FB
S21404A8808CFE0646D4F80700D4F80B30301A0F4670
S21404A89061EB0301FAF783FE49F63F439842054607
S21404A8A00BD90023C4F80330E378C4F807600133F7
S21404A8B0E370C4F80B70BDE8F08142F20F7398425F
S21404A8C0F2D904F1030842F21070B5FBF0F5E81C67
S21404A8D0C5F104024146204401F00DFF2A4600213A
S21404A8E0404601F022FFDFE770B58EB00446002331
S21404A8F004AE0846CDE9003604F00101154603AA65
S21404A9000393E2F71DF9044618BB08223146A81C37
S21404A91001F0D3FED8B96B788DF81830334603CBE4
S21404A920D5F80A30CDF81900CDF81D10CDF8213031
S21404A93003980AAB0D2206A9FFF7F3F8044630B9CC
S21404A940082205F10E010AA801F0B7FE08B141F28B
S21404A950050403A8FFF745F830460821FEF7BFF8BC
S21404A96006A80D21FEF7BBF80AA81021FEF7B7F8D3
S21404A97020460EB070BD10B5DDF75CFC044638B159
S21404A9800D213830FDF79FFCFAF707FEC4E90C01E9
S21404A990BDE81040FAF727BEF7B506460F46002076
S21404A9A001A9E4F711F8044618B90546019BAB4221
S21404A9B002D8204603B0F0BD29463A463046E5F7AD
S21404A9C0D1FD0135F2E7E4F713BF0A46014600203D
S21404A9D0DBF7ECBE30B4DD68013DDD6030BCE6F785
S21404A9E063B8704710B5044604B910BD04F10C00F2
S21404A9F04522002101F099FE2468F5E770B5064665
S21404AA00FAF7CBFD04464EF660200D46FAF7D7FD5E
S21404AA10241845EB0101C6E9084170BD38B590F825
S21404AA2048300446EBB1054655F8640FFFF7DAFFE5
S21404AA302846F7F7D7FC04F15003182200211846DD
S21404AA4001F073FE94F84820013AD2B284F8482004
S21404AA5002EB420204F16801D200BDE8384001F07E
S21404AA604ABE38BD2DE9F7430546984610460023EE
S21404AA70894617460193E6F701F80646002838D0BB
S21404AA8001A8E6F79FF90446C0B90198012300F12E
S21404AA901002437107712C46134605F1100154F851
S21404AAA0045B43F8045B8C42F9D1F4684B46414698
S21404AAB0A047044601982CB1E6F752F8204603B0A6
S21404AAC0BDE8F083FFF79AFFFAF767FD054647F2FD
S21404AAD030500E46FAF773FD019B28184FF0FF32EC
S21404AAE046EB01011A63C3E90A011A680A9B1A6055
S21404AAF0E4E72124E2E72DE9F341002380460F46EC
S21404AB0016460193E5F7BAFF054660B301A8E6F7D3
S21404AB1059F90446D0B9019C0223637184F8048071
S21404AB20DCF73CFC103400F1100350F8042B44F816
S21404AB30042B9842F9D101982B6900F1100239468A
S21404AB409847044601982CB1E6F70AF8204602B066
S21404AB50BDE8F0814FF0FF330363FFF74FFF019B1F
S21404AB601B683360F2E72124F0E770B5E5F7C8FF09
S21404AB700446A0B10079E5F781FF80B1637983B11B
S21404AB80FAF70BFD05464FF47A700E46FAF717FDF2
S21404AB90281846EB0101C4E90801002070BD2120F5
S21404ABA0FCE70220FAE7F8B506460F461546E5F731
S21404ABB0A7FF0446D0B10079E5F760FFB0B163792A
S21404ABC0B3B1052B09D057B9A36813B994F8483024
S21404ABD02BB10423637184F8A050002007E00523FA
S21404ABE06371036A294630469847F6E72120F8BD84
S21404ABF00220FCE737B50190F7F79CFD82B20546C4
S21404AC0010460092FAF7A6FC044678B1DDE9002166
S21404AC100023F7F7DDFBA9B22046E6F7B1F90546AF
S21404AC202046FAF799FC284603B030BD0546FAE7F5
S21404AC302DE9F843804608460E46F7F77BFD814625
S21404AC4085B216B92120BDE8F883002DFAD0404617
S21404AC50E5F756FF04460028F4D04379032B43D186
S21404AC6090F84870032F41D00079E5F707FF428833
S21404AC701FFA89F9D31E4B4534DC0435AD1A531E2E
S21404AC80ADB215FA83F599B2013D95FBF1F50135A0
S21404AC90EDB2436940469847182303FB07474FF035
S21404ACA0000887F8500094F8481003FB014201FBA3
S21404ACB0033323444FF00009C2E916894A1C0021D5
S21404ACC083F84850A3F84A10DE64D3B2012B84F804
S21404ACD0483002D12046E6F7B9F92046FFF78EFE43
S21404ACE00020B0E70125D4E70220ACE71A20AAE743
S21404ACF0F0B5B7B000788DF844000868CDF8450084
S21404AD004868CDF849000889ADF84D00897A10687E
S21404AD1012798DF84F10002414908DF854200DF1FC
S21404AD205501402218460094419EFFF714F811ADD1
S21404AD300446002837D13C9840220DF19501FFF7D0
S21404AD400AF8044678BB09AA91212846FEF785F935
S21404AD50044640BB3F993D986B4609AAFEF7C4FFDC
S21404AD60044600BB3E9B01AA03F1200C1746186854
S21404AD705968144603C4083363452246F7D1409BFA
S21404AD80009820223946FEF7E0FE044658B956B12C
S21404AD9009AA3346164603CEAE42186059603246B8
S21404ADA003F10803F6D16846FEF71BFE204637B0CB
S21404ADB0F0BDF0B5B3B000788DF834000868CDF86F
S21404ADC035004868CDF839000889ADF83D00897A21
S21404ADD0106812798DF83F10002410908DF84420E6
S21404ADE00DF145014022184600943D9DFEF7B3FF41
S21404ADF00446002843D1389840220DF18501FEF719
S21404AE00AAFF044600283AD101AA91210DA8FEF70C
S21404AE1075FE044698BB39986A4601A9FEF762FF98
S21404AE20044660BB3A9B05AE344603F11007186827
S21404AE305968224603C20833BB421446F7D13B9BEB
S21404AE4009AC03F1100718685968224603C2083390
S21404AE50BB421446F7D13C9B009820223146FEF7AD
S21404AE6060FE044658B955B101AF2B463A4603CAAC
S21404AE70B24218605960174603F10803F6D1102150
S21404AE8001A8FDF72CFE6846FEF7ABFD204633B05E
S21404AE90F0BD70B58AB006461D4608460023114626
S21404AEA006AA0193FEF72AFE044630BB02AB01AAAB
S21404AEB006A93046FEF71AFF0446F0B9019B2B603C
S21404AEC00E9B019002AA04AE154603CDB542186047
S21404AED059602A4603F10803F6D1286818602A79CF
S21404AEE01A710F9A06AD0AAE2B4603CBB342106016
S21404AEF051601D4602F10802F6D106A81021FDF79E
S21404AF00EEFD0D2102A8FDF7EAFD01A8FEF769FD96
S21404AF1020460AB070BD00B54BB2002B93B008DDD6
S21404AF2009238DF80510022201A98DF80430E6F7EE
S21404AF308DFB002013B05DF804FB2DE9F04192F878
S21404AF400080B8F1010FDDE90667DDE908C4DDE934
S21404AF500AE507D1103510340B950994BDE8F04185
S21404AF60FFF7C6BECDE90AE5CDE908C4CDE9066714
S21404AF70BDE8F041FFF71DBF2DE9F04114788EB00F
S21404AF80012C06AD4FF00004DDE9147CDDE916E87B
S21404AF90189E0594049513D108F11005CDE902E531
S21404AFA0CDE9007CFFF7A4FEA8B92022314606A806
S21404AFB001F083FBB0FA80F040090EB0BDE8F081E2
S21404AFC0CDE902E8CDE9007CFFF7F3FE18B91022BC
S21404AFD031462846ECE72046EFE72DE9F0419AB0E3
S21404AFE001289C46239FDDE921360D460DF108080D
S21404AFF002F110042DD1303220686168C646AEE8EE
S21404B000030008349442F046F6D1624602F1200E5C
S21404B0100DF1280C10685168644603C40832724562
S21404B020A446F7D1209A0DF1480C02F1200E1068C0
S21404B0305168644603C408327245A446F7D1CDE984
S21404B0400067602202A92846FFF723FF1AB0BDE86E
S21404B050F08110685168C646AEE803000832A24282
S21404B060F046F6D1624602F1100E0DF1180C106887
S21404B0705168644603C408327245A446F7D1209A40
S21404B0800DF1280C02F1100E10685168644603C4D2
S21404B09008327245A446F7D1CDE900673022D1E7DD
S21404B0A0012804D0002814BF002010207047202058
S21404B0B0704701280CBF2020102070470346012B40
S21404B0C008460CBF20211021FDF7FDB810B4044635
S21404B0D0012C08465DF8044B114614BF10222022AA
S21404B0E0F7F776B910B592B0062301298DF8043027
S21404B0F00DF105030DD102F1200152F8044B43F87B
S21404B100044B8A42F9D1212201A9E6F79FFA12B02C
S21404B11010BD02F1100152F8044B43F8044B8A4266
S21404B120F9D11122F0E701280CBF20201020704727
S21404B13010B592B0052301298DF804300ED16B4466
S21404B14002F1200152F8044B43F8044B8A42F9D129
S21404B150212201A9E6F77AFA12B010BD0DF1050313
S21404B16002F1100152F8044B43F8044B8A42F9D119
S21404B1701122EEE710B40446012C08465DF8044B91
S21404B180114614BF10222022F7F722B9012810B462
S21404B1900C4611460CD104F11000202221B15DF8B2
S21404B1A0044B194401F099BA5DF8044B01F0BDBA9A
S21404B1B020461022F2E770B369B3037803F00F0356
S21404B1C0013303EB83035B000B6003781B094B60BE
S21404B1D0437803F00F038B6043781B09013303EBBA
S21404B1E0830303EB8303CB60837803F00F030133FD
S21404B1F003EB830303EB83030B6183781B094B6127
S21404B200C37803F00F03013303EB830303EB8303D9
S21404B2108B610020704721207047E0B1D9B10378D4
S21404B22003F01F030B6003785B094B60437803F05D
S21404B2300F0241F2883302FB03338B6043781B0909
S21404B240013303EB83035B00CB60837803F00303D3
S21404B2500B61002070472120704773B506460846E8
S21404B2600191F7F767FA0090FAF774F90546C0B14A
S21404B270DDE900210023F7F7ABF8009A2B460021FE
S21404B2803046EFF787FE044628B9024604213046C6
S21404B290EFF796FE04462846FAF75EF9204602B013
S21404B2A070BD1A24FAE7F8B50E460121044617467F
S21404B2B01D46EFF759FE68B901463B46324620461E
S21404B2C0EFF768FE30B92A4620460421BDE8F84068
S21404B2D0EFF776BEF8BDEFF731BE4369406CDA1C73
S21404B2E01438B2FBF0F203EBC203CA1DB2FBF0F251
S21404B2F0013201EBC2010333B3FBF0F3023300FB6C
S21404B3000310704738B5446905462146FFF7E5FF44
S21404B3106B6CE11D143BB1FBF3F1013104EBC1048A
S21404B320204438BDF7B507460E4600257C6CA819A0
S21404B330644280EA06031C4003D02C46204603B031
S21404B340F0BDFB6B01225B6901A99847019B0133A1
S21404B350F4D10435EAE713B504460191BFF75CFD62
S21404B360E36B0198DB6802B0BDE81040184770B57F
S21404B370002586B004460562E369AB4202D8206A1B
S21404B38006B070BD666C2068E36B05225B6901A994
S21404B39006FB0500984701A800F0D9FB00F0FCFB6B
S21404B3A010B1236A013323620135E5E738B5044654
S21404B3B0456C006804F1400305FB0101E06B00F0F6
S21404B3C0F8FB05462046FFF7D2FF284638BDF0B501
S21404B3D0054687B00026EC69013CB44203D80C4607
S21404B3E0204607B0F0BD01B14C1E6F6C2868EB6BAD
S21404B3F005225B6901A907FB0400984701A800F031
S21404B400A6FB00F0C9FB0028EAD101362146E2E794
S21404B410F0B50446466CE36B00685B6987B00D467E
S21404B420052201A906FB0500984701A800F08FFB3A
S21404B43000F0B2FB20B101A800F060FB07B0F0BD3D
S21404B44029462046FFF7C3FF676CE36B0646206871
S21404B4505B69052201A907FB0600984701A800F0CE
S21404B4604DFB431CEAD0B54238BF0130E6E72DE970
S21404B470F043D0F824804FF6FF7987B004460E4692
S21404B480C84514BF454600250027E369BB4202D8D9
S21404B49007B0BDE8F083E26B2368606CD2F814C092
S21404B4A001A9052200FB0530E04701A800F04FFB88
S21404B4B0022806D0C8450CD1721C29462046FFF740
S21404B4C075FFE36901350137B5FBF3F203FB12554B
S21404B4D0DBE729462046FFF79BFFB0F1FF3F14BF8A
S21404B4E0024632460132E8E7F0B5046887B00646FD
S21404B4F00025091B446CB1FBF4F4F3693768706CDF
S21404B5005A1E954208D3706C336800FB043007B0AB
S21404B510BDE8F04000F04BBB0134B4FBF3F103FB91
S21404B5201144F36B05225B6901A900FB047098477C
S21404B53001A800F00CFB00F02FFB0028E3D1013536
S21404B540DBE710B423F0030422449B070A44436C4D
S21404B55018BF04325B4281EA0204234203D05DF83A
S21404B560044BFFF7C1BF10465DF8044B70472DE946
S21404B570F041D0E90A369E4286B0044608D1C36933
S21404B5804568142202FB1355284606B0BDE8F08130
S21404B59000252068676CE26B331AD2F81480B3FB7C
S21404B5A0F7F3052201A907FB0300C04701A800F032
S21404B5B0CEFA012804D0636C1D44013B3340ED1AD7
S21404B5C031462046FFF790FFA36A83420646E0D141
S21404B5D0DAE7F0B5002587B004462E46E369B342A1
S21404B5E002D8284607B0F0BD636C276803FB0677CD
S21404B5F0E36B05225B6901A93846984701A800F069
S21404B600A6FA00F0C9FA58B1384600F0D0FA014656
S21404B6102046FFF787FE636C143B834208BF013560
S21404B6200136DBE708B508301346D1E90012E7F720
S21404B6303FFA012008BD13B50C460021217600937D
S21404B640616813462246E6F793F818B1E37D03B122
S21404B650A07EA075A07D02B010BD73B500F10805EC
S21404B66016460C460DF107020968284600F06BF9E9
S21404B670032E06D16368834203D12168284600F06E
S21404B6804AF9012002B070BD10B5032A029C07D106
S21404B690A26A5340626C5242134201D100F03BF955
S21404B6A0012010BD08B5C36800209847BDE80840CF
S21404B6B0BFF7BABB70B5002401281C700CBF02206B
S21404B6C00420CC7D4243101D02F002024CB91AB18C
S21404B6D0012220F003001A7000F108034868184499
S21404B6E070BD1AB1012220F003001A700D7E0023EB
S21404B6F001F12006DAB2AA4201D30020F0E736F8B8
S21404B700334084421A4603F1010305D901EBC20112
S21404B71000F10803C869E2E7001BEBE737B5044607
S21404B7201D4690F842000DF10303FFF7C3FF94F89B
S21404B7304220E36B012A5B690CD101A998479DF866
S21404B740033013B1BDF806300193BDF804302B6006
S21404B75003B030BD012229469847F9E770B505467F
S21404B76086B04868EB6B00240E465B69029401229F
S21404B77002A90830984795F84230012B00F08C80D7
S21404B780312C4BD9029806B070BD05AB2246314623
S21404B7902846FFF7C3FF9DF81430002B40F0828044
S21404B7A095F84230012B43D1612C2ED803AB2246A8
S21404B7B031462846FFF7B2FF04AB621C31462846E2
S21404B7C0FFF7ACFF05ABA21C31462846FFF7A6FFE1
S21404B7D0102208230DEB02010DF107008DF8073047
S21404B7E000F03CF9102205A90DF1070000F036F927
S21404B7F0039BDAB24AB99DF80720B2EB132F04D1A3
S21404B800DDE9043203EB0243029395F84230012B40
S21404B8100CBF022301231C440134ACE742D005AB21
S21404B820224631462846FFF779FFBDF81430B4E7C0
S21404B830302CEAD803AB224631462846FFF76EFF83
S21404B84004AB621C31462846FFF768FF102320220B
S21404B8500DEB03010DF107008DF8073000F0FEF83C
S21404B860039B9AB2002AD0D19DF80720B2EB134F5F
S21404B870CBD1049BC8E70133CED0102205A90DEB2B
S21404B880020000F0EBF8059B9DF81010C3F3074286
S21404B8909142C1D19BB224E0632C3FF673AF612C76
S21404B8A07FF673AF00238DF81030224605AB314681
S21404B8B02846FFF733FF95F84230012B059BDAD173
S21404B8C04FF6FF729342A7D0082205A904A800F0F9
S21404B8D0C5F8059B9DF81010C3F3072291429BD12F
S21404B8E0DBB2029A1344029396E730B54468002309
S21404B8F04FF0FF329C4202D10023037230BD016830
S21404B90001EBC30541F833206A600133F2E7C0E96E
S21404B9100012FFF7EABF30B5456800239D420FD0FA
S21404B920026802EBC30452F83320B2F1FF3F08D09A
S21404B930C2F31302914204D14FF0FF33C4E900333B
S21404B94030BD0133EAE7F0B5456800239D4202D1D5
S21404B9504FF0FF300FE0046854F83340671C4FEA9A
S21404B960C30609D0C4F31307B94205D1240D1470D5
S21404B970036833445868F0BD0133E7E713B504465B
S21404B980002301461B220DF107008DF8073000F056
S21404B99065F822689DF80730B3EBD26F0CBF012020
S21404B9A0002002B010BD13B5002304460146202231
S21404B9B00DF107008DF8073000F050F80DF1070080
S21404B9C01A22211D00F04AF862689DF80730B3EB8E
S21404B9D0926F0CBF0120002002B010BD0068431C0B
S21404B9E0584258417047006810F07E0F0CBFC0F3F1
S21404B9F0C160002070470068C0F3D3107047006829
S21404BA0000F07F0001288CBF0020012070470368E7
S21404BA1013F07E0F0CBF082004207047036813F051
S21404BA207E0F03D1406820F07C40704713F0780006
S21404BA301CBF03F07F03D81F7047006800F07F0028
S21404BA407047032809D0022803D1002918BF012013
S21404BA507047002914BF0020072070471F2A0B6870
S21404BA609EBF4FF0FF3191408B43590801F055318A
S21404BA705B1A03F033319B0803F033330B4401782D
S21404BA8003EB13130A4403F00F334FF001314B4317
S21404BA90A2EB13630370704737B501F10C044369D6
S21404BAA005466946012220469847BDF800300193B2
S21404BAB00122AB6901A92046984703B030BD37B5CB
S21404BAC001F10C044369012269460546204698475D
S21404BAD0009B4FF6FF7299B291420DD11B0C1B04CA
S21404BAE043F4254343F0A50301930122AB6901A95E
S21404BAF02046984703B030BD0020FBE737B5044620
S21404BB001B22011D00250DF107008DF80750FFF7D5
S21404BB10A5FF60689DF80720B2EBD06F03D120F034
S21404BB20784003B030BD0DF107001B2204F1080174
S21404BB308DF80750FFF792FFA0689DF80730B3EB27
S21404BB40D06F01D1C043EAE74FF0FF30E9E703685E
S21404BB504BF29A22B2EB134F10B5044613D19BB2A4
S21404BB60012B13D1FFF7CAFF01300CD0E0684FF663
S21404BB70FF72B2EB104F4FEA104309D180B2C01ADD
S21404BB8018BF012010BD2368013303D00420F9E751
S21404BB900220F7E70320F5E701288CBF00200120E8
S21404BBA07047033801288CBF0020012070471430EA
S21404BBB0704730B585B00469019105460846CDE95D
S21404BBC00232A0470199044638B9DDE90232284614
S21404BBD0E7F74CF80199044610B12846FFF75CFFD6
S21404BBE0204605B030BD0220704700207047012073
S21404BBF070470020704700207047704737B50446EA
S21404BC0001A80D46ECF7F0FB01A8FFF7F6FF01A923
S21404BC1020468DF80650E7F723F903B030BD0846F2
S21404BC201146E7F7FFB97047431E012B03D9031FDC
S21404BC305842584170470120704700F080BA4FF4CC
S21404BC40A472002100F071BD10B50021044600F076
S21404BC5072F82046BDE81040ECF706BBEBF758BF79
S21404BC60EBF75CBFF8B50D460646E7F79BF9EF68B9
S21404BC7000224FF6FF734FF0240CD0B2874208D848
S21404BC801C4621463046E7F787FB00F05BFA204661
S21404BC90F8BDA9680CFB0011CC899C4202D2002C8A
S21404BCA0EFD023460132E8E7E7F776BB008B704710
S21404BCB00A7838B505461046FFF7B6FF60B14C78EB
S21404BCC02046FFF7B1FF38B12243530704D4284671
S21404BCD0BDE83840EBF742BF012038BDFFF7E8BFA8
S21404BCE010B504460878FFF79FFF58B14A78104607
S21404BCF0FFF79AFF30B1042A04D02046BDE810406E
S21404BD00EBF764BF012010BDFFF7EABFEBF770BC8A
S21404BD10EBF702BE37B504460D460192E7F73CFB47
S21404BD2038B9019A2946204603B0BDE83040EAF700
S21404BD30F5BB03B030BDECF72DBD37B50C4601920C
S21404BD40EFF7C7FC019905462046E9F7E3FF0446EA
S21404BD502846EFF7C2FC204603B030BD13B50446B0
S21404BD600020019100F0ECF9D4F8A03033B9019921
S21404BD70204602B0BDE8104000F0F2BA022002B03D
S21404BD8010BD38B5044648880D4600F0D9F9D4F8F5
S21404BD90A0302BB929462046BDE83840EBF74CBF07
S21404BDA0022038BD00F0CDB900F00EBBE8F790BD18
S21404BDB038B505460C46EFF78CFC296BEB6A0C404D
S21404BDC02343EB62EFF789FC00200CB9002138BD51
S21404BDD04FF40071FBE7ECF715BAEBF715BD00F06E
S21404BDE02BBB00F04BBB08461146E8F701B9ECF74D
S21404BDF03BB800F0FDBA38B50446154609B100F064
S21404BE005CFB25B12046BDE83840ECF723B938BDC5
S21404BE100846E9F7CFB810B5044600F08BF820B909
S21404BE202046BDE81040E7F7F1BB10BD00F0C6B9E8
S21404BE30E9F726B870B586B01E46CDE90421044657
S21404BE40EFF74EFC05462046FFF7E5FF0A9B0293F4
S21404BE500023CDE90063DDE904212046E7F724FC4E
S21404BE6004462846EFF742FC204606B070BD38B5B7
S21404BE700446EFF735FC05462046FFF7CCFF204680
S21404BE80E7F7F0FB04462846EFF730FCB4FA84F0F4
S21404BE90400938BD38B50446EFF722FC054620466F
S21404BEA0FFF7B9FF204600F054F804462846EFF79B
S21404BEB01DFC204638BD38B50446EFF711FC054690
S21404BEC02046FFF7A8FF204600F049F80446284617
S21404BED0EFF70CFC204638BD37B504460191EFF762
S21404BEE0FFFB05462046FFF796FF01992046E7F735
S21404BEF027FC04462846EFF7F9FB204603B030BD7E
S21404BF0007B50B460DF10700114600228DF80730E1
S21404BF1000F0D9F803B05DF804FB084611461A464B
S21404BF2000F0D1B8012070470120704700F087BBAD
S21404BF3000207047E7F7A0BA10B5EFF7D1FB044628
S21404BF4000F015F8E7F7BEFA2046BDE81040EFF714
S21404BF50CDBB08B50246E7F78FFA507D08BD08B595
S21404BF600246E7F789FA507D80F0010008BD00F02C
S21404BF7025B9EBF757BD00F0D3B9837C03B1084766
S21404BF800220704710B5044600F020FB204603212B
S21404BF90BDE81040EBF786BBFFF7F4BF837C0BB11C
S21404BFA0ECF7E6BC02207047837C0BB100F00CBBB8
S21404BFB00220704713B5827C0C46C2B1053A012AAA
S21404BFC08CBF002201224968019200F008FB206819
S21404BFD090FAA0F0000AE9F785FAA17A2089019A76
S21404BFE081F00101ECF7E8FC002002B010BD02204D
S21404BFF0FBE71FB5CDE90112ADF80C3001A99DF899
S21404C00018308DF80E30FFF7D5FF05B05DF804FB49
S21404C01000207047002070472DE9F74F05681C463E
S21404C02005F007059DF830300193AB1D01259D40B2
S21404C0300646174605F1FF380B46A1B1416804EAE7
S21404C040080BA5EB0B0A41F00059524509EB0B010E
S21404C05013D95246184600F040FB7A1B5A44494608
S21404C060504400F03AFB019B23B13C4448EA0505E2
S21404C0702C40F46003B0BDE8F08F1846F1E737B5FE
S21404C080002500951446FFF7C7FF204603B030BDD1
S21404C090026802F00702063201239340026AC2F3E2
S21404C0A00C028A4210B584BF4468C26803F1FF33A9
S21404C0B09BB283BF891844F000500B404FF0FF300A
S21404C0C088BFC05C10BDF8B50F461646054610B9C5
S21404C0D000242046F8BD0078E8F766F8044660B108
S21404C0E01FB12878E8F708F938700EB90124F0E78C
S21404C0F02878E8F715F93070EBE72B78032BE7D1AF
S21404C1000FB1FF233B70002EF0D0FF233370EDE712
S21404C11010B5044608680A46E8F720F8D4F89030C4
S21404C1204BB15B693BB11168013104BF6FF001018B
S21404C130116012681A60002010BDECF7FDBA704753
S21404C14070477047704738B50D460446E9F79CF8C3
S21404C150AC4042F2107364095C436423B0FBF3F012
S21404C160B4FBF0F038BD30B51F23B0FBF3F35C1C12
S21404C170E5B2C3EB43134FF0FF34AC40C01AE443BC
S21404C1800130E4B2C0B21460086030BD70B5054634
S21404C1900E46C0B201F00F01FFF7D5FFC6F3031138
S21404C1A00446C5F30720FFF7CEFFC6F30321044475
S21404C1B0C5F30740FFF7C7FF204470BD08B5E8F78E
S21404C1C0EDFDBDE80840E8F727BE10B50446E8F7DD
S21404C1D0E5FD844288BF01F1FF31204601F00301EA
S21404C1E0BDE81040E8F718BE38B50446FFF7E6FF8A
S21404C1F00546FFF7E3FF431BA342FAD338BD0020EE
S21404C200704708B5E8F786FF002008BD00F0300345
S21404C210202B10B513D110F4E02FC0F302431CBF3B
S21404C220C0F3C422B2FBF3F310F4C01F18BF5B00C4
S21404C230052B0DD85C08E9F7D7F8604310BDC0F3AA
S21404C2408213012B06D0042B14BF01240224F2E728
S21404C2500424F0E70224EEE770B505460C4651B117
S21404C2600B6843B15B6833B11A68032A03D99C6A26
S21404C270640E204670BDEFF72CFAD5F89060C5F82A
S21404C280904001462846E9F779FAC5F890600446D6
S21404C2900846EFF722FAECE738B14FF47A735843BE
S21404C2A0A0F6AC53581AE9F7ABBB4CF25030FAE799
S21404C2B0EAF702BCEAF700BCEAF7FEBBEAF7FCBB07
S21404C2C0EAF7FABB7047406B00F0600040280ED0D7
S21404C2D0602804D0A0F1200358425841704749B161
S21404C2E00B68012B06D9486940F00100704740F2FC
S21404C2F0011070470020704788B10368022B0BD9E1
S21404C300426A12F47F4FC2F3072307D0006AD2B200
S21404C3105043B0FBF3F07047002070471846704750
S21404C3200220E8F725BDD0F894304BB11A68022AEB
S21404C33006D993F8250028B11B6AB3FBF0F07047C2
S21404C340FFF78CBC704708B50146D0F89400FFF799
S21404C350D3FF20B9BDE808400846FFF781BC08BDF6
S21404C36010B590F8D030032B04462BD04175D0F886
S21404C370900020B3D4F8A0304BB994F8D9308B424F
S21404C3800BD320460022BDE81040EBF7A3BCB4F95B
S21404C3902420B0F912309A42F3DD94F8D910002222
S21404C3A02046EBF797FC60B9C4F890002046FFF7E8
S21404C3B07DFC01462046BDE81040E6F7EDBFFF23AE
S21404C3C0A37510BD0220FCE70346D0F8D000086031
S21404C3D0B3F8D4308B800020704790F8D030032B0D
S21404C3E014BF807DFF2070474FF48071EAF7B0BF1A
S21404C3F070B50D460646EBF797FB0446B07C053849
S21404C400012821468CBF00200120E9F747FC0223BF
S21404C410AB717CB1B0F5803F0CD863094FF224426F
S21404C42002FB00302409B0FBF4F42868041B2C60DB
S21404C430002070BD1846FCE73F2B084610B5114691
S21404C4401AD9B3FA83F4C4F11903DBB2062B01D864
S21404C450192C0FD0062B28BF06231A46941DE3B2C8
S21404C46001249C40A4B2A14228BF2146E7F7D6FB8C
S21404C470204610BD0022F1E70024F9E710B5148821
S21404C4803F2C084617D9B4FA84F4C4F11903DBB276
S21404C490062B01D8192C0CD0062B28BF06231946C8
S21404C4A08B1DDCB20123A3401380E7F7D3FB0020E7
S21404C4B010BD0021F4E70120FAE7EAF763BF10B5E0
S21404C4C0084614460121E8F7EDFE20460121E8F768
S21404C4D0E9FE002010BD37B50446CDE90021EFF78C
S21404C4E0F8F8DDE900210546204600F0B2F80446D7
S21404C4F02846EFF7F2F8204603B030BD0220704716
S21404C50003207047E8F72CBC007CC0F3800070471B
S21404C51010B5EBF7DFFF044608B9E9F7F1FF20464C
S21404C52010BD38B504461D46EBF7D4FF28B9294696
S21404C5302046BDE83840EAF7CFB838BD38B50546DA
S21404C540C175144642B100F07FF820B16B7C43F00D
S21404C55001036B74002038BD0846E8F7BFF9FF28CE
S21404C560E8750AD0284600F06FF80028F3D06B7CF4
S21404C57064F300036B742046EDE7E8F705FA012040
S21404C580E9E770478021EAF7E3BE38B50546EBF7DE
S21404C590A5F804462846EBF77DF8072811D1D5F808
S21404C5A0903024F47F41DC6921F0480104B16478BA
S21404C5B041EA042141F020012846BDE83840EBF763
S21404C5C093B824F02001F7E70320704710B504461B
S21404C5D0ECF7B8F92046BDE81040ECF76FB9D0F890
S21404C5E0E0308B4270B504460D46164603D190F8EB
S21404C5F0DC30202B1AD0EA071FD5002E0CBF55239B
S21404C600AA2393FAA3F0000B00F4702095FAA5F27F
S21404C61040EA12432364202384F8DC300023C4F861
S21404C620E050C4F8E4302046EBF700FC32462946D6
S21404C6302046BDE87040ECF71BB9AA23E1E70120C9
S21404C64070470020002170474021EAF781BE002091
S21404C6507047F0B585B005460F4602A81146ECF7BC
S21404C660E3FA0646A0B19FB1DDE902311B0A43EAAC
S21404C6700163A5FB0343090A05FB01310191E8F7B1
S21404C68003FE0199024600232046EDF769F9386057
S21404C690304605B0F0BD00228A4202D14FF0FF308A
S21404C6A0704750F8223093FAA3F30BB90132F3E73C
S21404C6B0B3FA83F000EB4210704710B50139024418
S21404C6C0904201D1002005E0037811F8014FA342FF
S21404C6D001D0181B10BD0130F2E70A44914200F164
S21404C6E0FF3300D1704710B511F8014B03F8014F22
S21404C6F09142F9D110BD884210B501EB020402D96B
S21404C7008442234607D8431EA14208D011F8012BC1
S21404C71003F8012FF8E7024401468A4200D110BD0F
S21404C72013F8014D02F8014DF7E70244034693421D
S21404C73000D1704703F8011BF9E737B5A1FB0224C3
S21404C7404CB911460192EDF749FB019A054630B9FA
S21404C750284603B030BD0C2202600025F8E72146C7
S21404C760FFF7E3FFF4E710B50246147813460132E8
S21404C770002CFAD1013B11F8012B03F8012F002AF3
S21404C780F9D110BD034611F8012B03F8012B002A3A
S21404C790F9D17047034613F8012B002AFBD1181A67
S21404C7A00138704770B568224D1E55430E4605F194
S21404C7B07401EDF713FB044640B10021C0E90016EE
S21404C7C00C30A06005F16802FFF7AFFF204670BD8D
S21404C7D02DE9F8430646884600F148040027D4E9C4
S21404C7E00195B9F1010905D52468002CF7D138461E
S21404C7F0BDE8F883AB89012B07D9B5F90E300133B0
S21404C80003D029463046C04707436835E9E77047F2
S21404C8107047704770B50E46B1F90E10002996B0F1
S21404C82014461D4608DAB6F90C3000222A601A06A9
S21404C83010D44FF480630EE06A46EEF773FA0028CD
S21404C840F1DB019A02F47042A2F500535A425A41AF
S21404C8502A60EEE740230020236016B070BD2DE961
S21404C860F041804614460E4621B9BDE8F041114613
S21404C870EDF7B4BA2AB9EDF745FA25462846BDE8D9
S21404C880F08100F04FF98442074602D8B4EB500F0B
S21404C89012D821464046EDF7A1FA05460028EDD009
S21404C8A0BC422246314628BF3A46FFF716FF3146B9
S21404C8B04046EDF727FAE1E73546DFE72DE9F0478E
S21404C8C08E689E4282460C4690461F4638D88A8911
S21404C8D012F4906F32D025680969A5EB01096569E1
S21404C8E005EB450505EBD57501334B446D109D42AC
S21404C8F038BF1D46530531D52946EDF76FFA06466F
S21404C90050B90C23CAF80030A38943F04003A3812E
S21404C9104FF0FF30BDE8F08721694A46FFF7DDFE99
S21404C920A38923F4906343F08003A38126616561A1
S21404C9304E44A5EB09052660A5603E46BE4200D9D6
S21404C9403E46206832464146FFF7D5FEA3689B1B49
S21404C950A3602368334423600020DBE72A46FFF7FE
S21404C9607EFF06460028E1D121695046EDF7CAF954
S21404C970C7E79368013B002B10B4936008DA946908
S21404C980A34201DB0A2903D15DF8044BEEF7E8B8AD
S21404C9901368581C1060197008465DF8044B7047FD
S21404C9A0F8B506460F461446D518AC4201D1002009
S21404C9B007E014F8011B3A463046FFF7DAFF431C3B
S21404C9C0F3D1F8BD2DE9F047164699468A680B69F7
S21404C9D0DDF820809342B8BF1346336091F84320B5
S21404C9E007460C460AB1013333602368990642BFF2
S21404C9F0336802333360256815F0060506D104F162
S21404CA00190AE36832689B1AAB4226DC94F8432082
S21404CA10131E226818BF012392062BD404F1430286
S21404CA2049463846C04701301ED02368E568326858
S21404CA3003F00603042B08BFAD1AA36822690CBFD3
S21404CA4025EAE57500259342C4BF9B1AED18002617
S21404CA501A34B5421AD1002008E00123524649464A
S21404CA603846C047013003D14FF0FF30BDE8F087A9
S21404CA700135C6E7E1185A1C302081F843002244E9
S21404CA8094F8451082F843100233C7E70123224680
S21404CA9049463846C0470130E6D00136D9E710B5D6
S21404CAA00C46B1F90E10EEF771F90028ABBF636DB2
S21404CAB0A3891B1823F48053ACBF6365A38110BD00
S21404CAC02DE9F0411F468B89DB0505460C461646C4
S21404CAD005D5B1F90E1002230022EEF745F9A38915
S21404CAE0B4F90E1023F48053A38132463B462846FD
S21404CAF0BDE8F041EEF786B810B50C46B1F90E1055
S21404CB00EEF732F9431CA38915BF606523F48053FE
S21404CB1043F48053A38118BFA38110BDB1F90E104E
S21404CB20EEF7F0B851F8043C181F002BBCBF0B58A6
S21404CB30C0187047F8B500BFF8BC08BC9E467047DE
S21404CB40F8B500BFF8BC08BC9E467047000000005D
S21404CB505FF800F0691300204572726F72207768E0
S21404CB60696C652072656164696E672074656D70B2
S21404CB70657261747572652073656E736F722E20AC
S21404CB80436C6561722074686520627566666572BA
S21404CB902E0D0A004E65772074656D70657261749B
S21404CBA0757265207570646174652063620D0A0091
S21404CBB0536574207075626C69636174696F6E2066
S21404CBC06572726F723A2030782530346C580D0ACC
S21404CBD000536574207075626C69636174696F6E66
S21404CBE020646F6E652E205075626C697368696E7A
S21404CBF0672E2E2E0D0A005075626C6973682065C8
S21404CC0072726F723A2030782530346C580D0A00F0
S21404CC10506572696F646963205075626C697368E5
S21404CC2020636220646F6E652E0D0A003D3D3D3D17
S21404CC303D3D3D3D3D3D3D3D3D3D3D3D3D0D0A00BB
S21404CC405365727665722F467269656E640D0A00C6
S21404CC504D4F4E49544F52494E47005365727665C0
S21404CC60722F467269656E64005B494E49545D20B6
S21404CC705375622030784330303120666F726365B6
S21404CC80640D0A00666163746F7279207265736559
S21404CC90740D0A00466163746F7279205265736579
S21404CCA074004E6F646520696E69740D0A005B43F8
S21404CCB05D20002F686F6D652F707262652F536953
S21404CCC06D706C696369747953747564696F2F76D3
S21404CCD0355F776F726B73706163652F6563656E1E
S21404CCE0353832332D61737369676E6D656E7431D2
S21404CCF0302D7072756468766962656C6964652F38
S21404CD0062746D6573685F76656E646F725F736573
S21404CD10727665722F6170702E630025733A2564EF
S21404CD20203A25733A200073630053746174757354
S21404CD303A202573203D2030782530347820004171
S21404CD407373657274696F6E206661696C65643AA4
S21404CD50204661696C656420746F20696E6974206E
S21404CD606E6F64650D0A00736C5F62745F7379732B
S21404CD7074656D5F6765745F6964656E74697479FC
S21404CD805F616464726573732829207265747572B2
S21404CD906E656420213D2030207374617475733D84
S21404CDA030782530347800253032783A2530327899
S21404CDB03A253032783A253032783A253032783A85
S21404CDC02530327800423020507265737365642EC5
S21404CDD00D0A00423120507265737365642E0D0A85
S21404CDE0005075626C69736820646F6E6520707598
S21404CDF073682E0D0A006E6574776F726B0061702F
S21404CE00706C69636174696F6E005B4556545D208F
S21404CE1030782530386C580D0A004E6F64652069EA
S21404CE206E697469616C697A6564202E2E2E0D0A0B
S21404CE30005B465249454E445D204D6F64656C2048
S21404CE40696E6974204F4B0D0A005B465249454E85
S21404CE50445D204D6F64656C206578697374732037
S21404CE602D204F4B0D0A005B465249454E445D202B
S21404CE704D6F64656C20696E6974206661696C65C3
S21404CE80643A2030782530346C580D0A004E6F64AE
S21404CE906520616C72656164792070726F7669735F
S21404CEA0696F6E65642E0D0A005075622073657492
S21404CEB074696E6720726573756C74203D203078D3
S21404CEC02530346C582C2070756220736574746930
S21404CED06E672061646472657373203D2030782524
S21404CEE03034580D0A00416464206C6F63616C2012
S21404CEF0617070206B6579202E2E2E0D0A0020207E
S21404CF00616464206B657920726573756C743A206D
S21404CF1030782530346C580D0A004E6F64652075E1
S21404CF206E70726F766973696F6E65640D0A00556C
S21404CF306E69636173742041646472657373203D23
S21404CF40203078253034580D0A0050726F76697395
S21404CF50696F6E696E6720697473656C662E0D0A58
S21404CF6000417373657274696F6E206661696C65DF
S21404CF70643A204661696C656420746F2070726F31
S21404CF80766973696F6E20697473656C660D0A0042
S21404CF902020736B69707065643A203078253034CD
S21404CFA06C580D0A0042696E64206C6F63616C20D5
S21404CFB0617070206B6579202E2E2E0D0A002020BD
S21404CFC0656C656D3D2564206170706B65793D25E3
S21404CFD0642076656E646F723D3078253034582050
S21404CFE06D6F64656C3D3078253034580D0A00202A
S21404CFF02062696E64206661696C65640D0A00537C
S21404D0006574206C6F63616C206D6F64656C207052
S21404D0107562202E2E2E0D0A002020707562206662
S21404D02061696C65640D0A00416464206C6F636119
S21404D0306C206D6F64656C20737562202E2E2E0D29
S21404D0400A002020737562206661696C65640D0AA7
S21404D050005365742072656C6179202E2E2E0D0A9D
S21404D06000536574204E6574776F726B2074782055
S21404D07073746174652E0D0A0050726F7669736955
S21404D0806F6E696E6720646F6E652E0D0A005072AF
S21404D0906F766973696F6E696E67206661696C6521
S21404D0A0642E20526573756C74203D2030782530CC
S21404D0B034780D0A0050726F766973696F6E696E04
S21404D0C06720737461727465642E0D0A00676F744A
S21404D0D0206E6577202573206B65792077697468E0
S21404D0E020696E6465782025780D0A006576745F7D
S21404D0F06E6F64655F636F6E6669675F7365745FA2
S21404D10069640D0A09006D6F64656C20636F6E6652
S21404D1106967206368616E6765642C20747970653E
S21404D1203A2025642C20656C656D5F616464723AF0
S21404D1302025782C206D6F64656C5F69643A202521
S21404D140782C2076656E646F725F69643A20257861
S21404D1500D0A005365727665723A2056656E646FE2
S21404D16072206D6F64656C206461746120726563FF
S21404D17065697665642E0D0A2020456C656D656EBE
S21404D1807420696E646578203D2025640D0A20208D
S21404D19056656E646F72206964203D2030782530B1
S21404D1A034580D0A20204D6F64656C206964203D58
S21404D1B0203078253034580D0A2020536F7572635A
S21404D1C0652061646472657373203D203078253071
S21404D1D034580D0A202044657374696E6174696F4F
S21404D1E06E2061646472657373203D203078253048
S21404D1F034580D0A202044657374696E6174696F2F
S21404D2006E206C6162656C205555494420696E64D5
S21404D2106578203D203078253032580D0A2020418C
S21404D2207070206B657920696E646578203D2030C7
S21404D23078253034580D0A20204E6F6E2D72656C9A
S21404D24061796564203D203078253032580D0A20F7
S21404D250204F70636F6465203D2030782530325847
S21404D2600D0A202046696E616C203D2030782530FA
S21404D27034580D0A20205061796C6F61643A20009E
S21404D280257820005B465249454E445D205341466E
S21404D290452072656365697665640D0A00534146E8
S21404D2A045005B465249454E445D204F50454E204E
S21404D2B072656365697665640D0A004F50454E20B5
S21404D2C04445544543544544005B465249454E4400
S21404D2D05D2054414D5045522072656365697665FC
S21404D2E0640D0A0054414D50455221004C55583A9D
S21404D2F02575005B465249454E445D204C55583DC5
S21404D30025750D0A0053656E64696E672F70756225
S21404D3106C697368696E672074656D706572617494
S21404D32075726520737461747573206173207265F9
S21404D33073706F6E736520746F2074656D7065729C
S21404D3406174757265206765742066726F6D2063FC
S21404D3506C69656E742E2E2E0D0A0053656E646914
S21404D3606E672F7075626C697368696E6720756E78
S21404D37069742073746174757320617320726573A5
S21404D380706F6E736520746F20756E6974206765A0
S21404D390742066726F6D20636C69656E742E2E2E13
S21404D3A00D0A0053656E64696E672F7075626C694A
S21404D3B07368696E6720756E69742073746174751A
S21404D3C07320617320726573706F6E736520746F5B
S21404D3D020756E6974207365742066726F6D2063A1
S21404D3E06C69656E742E2E2E0D0A005075626C697B
S21404D3F07368696E6720756E6974207374617475DA
S21404D4007320617320726573706F6E736520746F1A
S21404D41020756E69742073657420756E61636B6E17
S21404D4206F776C65646765642066726F6D20636CE5
S21404D43069656E742E2E2E0D0A005075626C697323
S21404D44068696E672055706461746520496E7465FA
S21404D4507276616C2028307825782920737461747C
S21404D460757320617320726573706F6E73652074B4
S21404D4706F207570646174655F696E746572766139
S21404D4806C5F7365745F756E61636B2066726F6D37
S21404D49020636C69656E742E2E2E0D0A0020207390
S21404D4A0657475705F706572696F6463616C5F75CF
S21404D4B07064617465282920696E74657276616C7F
S21404D4C0203D20307825780D0A0020207061727384
S21404D4D0655F706572696F64282920696E74657269
S21404D4E076616C203D20307825780D0A00557064EE
S21404D4F061746520706572696F64205B68683A6D54
S21404D5006D3A73733A6D735D3D202530326C753A0F
S21404D5102530326C753A2530326C753A2530346CC9
S21404D520750D0A0020202A2A2A20506572696F6425
S21404D530696320757064617465206F66662E0D0AD3
S21404D5400056656E646F72206D6F64656C2073653B
S21404D5506E64206572726F723A2030782530346CAF
S21404D560580D0A0041636B6E6F776C6564676520BF
S21404D57073656E742E0D0A005075626C6973686963
S21404D5806E67207374617475732075706461746556
S21404D5902E0D0A00536574207075626C696361749D
S21404D5A0696F6E20646F6E652E205075626C6973A9
S21404D5B068696E67202E2E2E0D0A005374617475EA
S21404D5C07320557064617465205075626C69736865
S21404D5D020646F6E652E0D0A005B465249454E4424
S21404D5E05D20467269656E6473686970206573743D
S21404D5F061626C697368656420206C706E3D307877
S21404D600253034580D0A00436F6E6E656374656486
S21404D610005B465249454E445D205375622030787F
S21404D62043303031207365740D0A005B4652494519
S21404D6304E445D2042696E6420726573756C743A5C
S21404D6402030782530346C580D0A00467269656EB1
S21404D65064205465726D2E004E756D467269656E53
S21404D66064733D25640020202A2A2A467269656E62
S21404D6706473686970207465726D696E617465643C
S21404D6800D0A00736C5F62746D6573685F6F6E5F1E
S21404D6906576656E7400736C5F62745F6F6E5F654B
S21404D6A076656E7400030303030303030303030393
S21404D6B00303030303000000FCD60400180018004C
S21404D6C07ED804000D000D007CD804000000000085
S21404D6D00200010001000000020001180200000020
S21404D6E002000A180C0053696C69636F6E204C6163
S21404D6F062730200281802000018000001000000EF
S21404D7000108010000000000D8D604000200020050
S21404D71001080100050000002000090003000900BC
S21404D7200008010001000000BC12002004000C00E8
S21404D73003080100030000000200000005000200C8
S21404D740010801000500000002000A0006000A00A5
S21404D7500108010001000000C612002007000200B4
S21404D76001080100050000000A000B0008000B0079
S21404D7700308010001000000DC120020090000007C
S21404D7800108010000000000F6D604000A000200AA
S21404D79001080100050000000A0003000B00030056
S21404D7A003080100010000009E1200200C00020085
S21404D7B00108010005000000020004000D0004003A
S21404D7C00108010000000000DCD604000E00000082
S21404D7D00108010000000000E0D604000F0002006B
S21404D7E00108010005000000020005001000050005
S21404D7F00108010000000000E4D604001100020045
S21404D80001080100050000000200060012000600E0
S21404D8100108010001000000AE1200201300000001
S21404D8200108010000000000F2D604001400020003
S21404D83001080100050000000400070015000700A9
S21404D84004080100070000000000000016000200A3
S21404D8500108010005000000100008001700080079
S21404D86000080100070000000000000018000C007B
S21404D8700308010003000000010100000000002866
S21404D88001280328002A012A292A232ADD2ADE2A37
S21404D890052A2A2B292B0229E01D0500FC1D05005C
S21404D8A01C1E0500B41E0500C81E0500EC1E05005F
S21404D8B0081F0500981E050000000000FF02010076
S21404D8C0140220000E0000000201000002001111E4
S21404D8D011110000160000000000010004000400FE
S21404D8E004000400040010002000040004000400E7
S21404D8F004000200020010001005050801030402DB
S21404D90002020204100000000500000000000000EF
S21404D91000C2010000050000001000000000000026
S21404D92000000000E412002049A50000B3B4030080
S21404D93005B5030017B50300ADB40300EC120020D0
S21404D94049A50000B3B4030005B5030017B50300EA
S21404D950ADB403002D1300207DA700008BB5030093
S21404D960B7B50300E3B50300FBB503003078005BEE
S21404D970005D006576743A6E6F64655F7265736504
S21404D98074280020290A006576743A6E6F64655F11
S21404D990696E697469616C697A65642800207072BE
S21404D9A06F766973696F6E65643D00307825303232
S21404D9B0780020616464726573733D002069765F45
S21404D9C0696E6465783D0030782530386C7800657B
S21404D9D076743A6E6F64655F70726F766973696F9A
S21404D9E06E656428006576743A6E6F64655F636F6F
S21404D9F06E6669675F6765742800206E65746B657C
S21404DA00795F696E6465783D002069643D006576DB
S21404DA10743A6E6F64655F636F6E6669675F73659D
S21404DA207428002076616C75653D006576743A6EE0
S21404DA306F64655F646973706C61795F6F75747029
S21404DA4075745F6F6F622800206F75747075745FED
S21404DA50616374696F6E3D00206F75747075745FD2
S21404DA6073697A653D0020646174613D006576746F
S21404DA703A6E6F64655F696E7075745F6F6F625F30
S21404DA8072657175657374280020696E7075745FAD
S21404DA90616374696F6E3D0020696E7075745F73A0
S21404DAA0697A653D006576743A6E6F64655F707278
S21404DAB06F766973696F6E696E675F73746172748B
S21404DAC06564280020726573756C743D0065767411
S21404DAD03A6E6F64655F70726F766973696F6E69AC
S21404DAE06E675F6661696C656428006576743A6E75
S21404DAF06F64655F6B65795F6164646564280020A4
S21404DB00747970653D0020696E6465783D006576BD
S21404DB10743A6E6F64655F6D6F64656C5F636F6E99
S21404DB206669675F6368616E6765642800206E6F68
S21404DB3064655F636F6E6669675F73746174653D81
S21404DB400020656C656D656E745F616464726573F0
S21404DB50733D002076656E646F725F69643D0020D5
S21404DB606D6F64656C5F69643D006576743A6E6FCC
S21404DB7064655F69767265636F766572795F6E65F4
S21404DB80656465642800206E6F64655F69765F6906
S21404DB906E6465783D00206E6574776F726B5F699E
S21404DBA0765F696E6465783D006576743A6E6F6478
S21404DBB0655F6368616E6765645F697675706461E6
S21404DBC074655F737461746528002073746174658A
S21404DBD03D006576743A6E6F64655F73746174694C
S21404DBE0635F6F6F625F7265717565737428006535
S21404DBF076743A6E6F64655F6B65795F72656D6F98
S21404DC0076656428006576743A6E6F64655F6B6546
S21404DC10795F7570646174656428006576743A6E1D
S21404DC206F64655F6865617274626561742800205C
S21404DC307372635F616464723D00206473745F6131
S21404DC406464723D0020686F70733D006576743AB4
S21404DC506E6F64655F6865617274626561745F7334
S21404DC6074617274280020706572696F645F7365EE
S21404DC70633D006576743A6E6F64655F68656172CD
S21404DC8074626561745F73746F7028006576743AA5
S21404DC906E6F64655F626561636F6E5F7265636510
S21404DCA0697665642800206B65795F7265667265BF
S21404DCB073683D002069765F7570646174653D0025
S21404DCC06576743A6E6F64655F6C6F63616C5F64EF
S21404DCD063645F64617461280020706167653D0059
S21404DCE06576743A6E6F64655F6C6F63616C5F64CF
S21404DCF063645F646174615F656E6428006576744E
S21404DD003A6E6F64655F6C6F63616C5F6D6F6465BC
S21404DD106C5F6D657461646174615F7061676528CA
S21404DD20006576743A6E6F64655F6C6F63616C5FF2
S21404DD306D6F64656C5F6D657461646174615F705A
S21404DD406167655F656E6428006576743A6E6F6415
S21404DD50655F73746172745F726563656976656422
S21404DD60280020616C676F726974686D3D002070CE
S21404DD7075626C69635F6B65793D002061757468D4
S21404DD80656E7469636174696F6E5F6D6574686FE0
S21404DD90643D002061757468656E746963617469B6
S21404DDA06F6E5F616374696F6E3D002061757468A1
S21404DDB0656E7469636174696F6E5F73697A653DD5
S21404DDC0006576743A6E6F64655F61646472657349
S21404DDD0735F757064617465642800206E65775F90
S21404DDE0616464726573733D006576743A6E6F643D
S21404DDF0655F6463645F7570646174656428006558
S21404DE0076743A70726F765F696E697469616C696C
S21404DE107A65642800206E6574776F726B733D00B4
S21404DE206576743A70726F765F70726F766973692E
S21404DE306F6E696E675F73757370656E646564286C
S21404DE400020757569643D0020726561736F6E3DD0
S21404DE50006576743A70726F765F636170616269AA
S21404DE606C6974696573280020656C656D656E74ED
S21404DE70733D0020616C676F726974686D733D0052
S21404DE8020706B65795F747970653D0020737461EA
S21404DE907469635F6F6F625F747970653D00206FAD
S21404DEA0757075745F6F6F625F73697A653D002085
S21404DEB06F75747075745F6F6F625F616374696F9A
S21404DEC06E3D0020696E7075745F6F6F625F736974
S21404DED07A653D0020696E747075745F6F6F625F5B
S21404DEE0616374696F6E3D006576743A70726F761E
S21404DEF05F70726F766973696F6E696E675F66616D
S21404DF00696C656428006576743A70726F765F642F
S21404DF1065766963655F70726F766973696F6E653F
S21404DF206428006576743A70726F765F756E7072E8
S21404DF306F765F626561636F6E2800206F6F625F45
S21404DF406361706162696C69746965733D0020750C
S21404DF5072695F686173683D00206265617265720C
S21404DF603D0020616464726573735F747970653D07
S21404DF700020727373693D006576743A70726F762A
S21404DF805F6F6F625F706B65795F726571756573DD
S21404DF907428006576743A70726F765F6F6F625F8E
S21404DFA0617574685F726571756573742800206F97
S21404DFB075747075743D006576743A70726F765F2A
S21404DFC06F6F625F646973706C61795F696E707598
S21404DFD07428006576743A70726F765F6464625F64
S21404DFE06C69737428006576743A70726F765F7520
S21404DFF07269280020686173683D006576743A701B
S21404E000726F765F6B65795F726566726573685F5B
S21404E01070686173655F7570646174652800206B51
S21404E02065793D002070686173653D006576743AD5
S21404E03070726F765F6B65795F726566726573681A
S21404E0405F6E6F64655F7570646174652800206632
S21404E05061696C7572653D006576743A70726F76A8
S21404E0605F6B65795F726566726573685F636F6D13
S21404E070706C65746528006576743A70726F765FA6
S21404E0806164645F6464625F656E7472795F636F13
S21404E0906D706C65746528006576743A70726F7678
S21404E0A05F64656C6574655F6464625F656E7472F4
S21404E0B0795F636F6D706C65746528006576743A75
S21404E0C070726F765F696E697469616C697A61747F
S21404E0D0696F6E5F6661696C656428006576743A7C
S21404E0E070726F765F70726F766973696F6E696E41
S21404E0F0675F7265636F7264735F6C69737428001C
S21404E100206C6973743D006576743A70726F765F3E
S21404E11070726F766973696F6E696E675F72656336
S21404E1206F72645F646174612800207265636F7245
S21404E130643D002066696E616C3D006576743A70D5
S21404E140726F765F73746172745F73656E742800A1
S21404E1506576743A70726F78795F636F6E6E656316
S21404E16074656428002068616E646C653D0065769D
S21404E170743A70726F78795F646973636F6E6E65F4
S21404E1806374656428006576743A70726F78795F94
S21404E19066696C7465725F737461747573280020A5
S21404E1A0636F756E743D006576743A73696C61626C
S21404E1B0735F636F6E6669675F636C69656E745FD1
S21404E1C074785F737461747573280020736572764F
S21404E1D065723D00207374617475733D0020747815
S21404E1E05F7068793D002074785F6F7074696F6E35
S21404E1F0735F6269746D61703D006576743A736925
S21404E2006C6162735F636F6E6669675F636C696592
S21404E2106E745F6D6F64656C5F7374617475732878
S21404E2200020656C656D5F696E6465783D00657693
S21404E230743A73696C6162735F636F6E6669675F75
S21404E240636C69656E745F6E6574776F726B5F700E
S21404E25064755F7374617475732800207064755FE9
S21404E2606D61785F73697A653D006576743A7665A4
S21404E2706E646F725F6D6F64656C5F72656365690B
S21404E280766528002064657374696E6174696F6EC0
S21404E2905F616464726573733D0020736F757263A7
S21404E2A0655F616464726573733D002076615F69BF
S21404E2B06E6465783D00206170706B65795F696E89
S21404E2C06465783D00206E6F6E72656C6179656476
S21404E2D03D00206D6573736167655F666C61677387
S21404E2E03D00206F70636F64653D00207061796C3B
S21404E2F06F61643D006576743A76656E646F725F2E
S21404E3006D6F64656C5F73656E645F636F6D706C70
S21404E31065746528006576743A6865616C74685F30
S21404E320636C69656E745F7365727665725F737429
S21404E33061747573280020636C69656E745F61642C
S21404E34064726573733D00207365727665725F61EF
S21404E3506464726573733D002063757272656E74CF
S21404E3603D0020746573745F69643D0020666175C2
S21404E3706C74733D006576743A6865616C74685FA6
S21404E380636C69656E745F7365727665725F7374C9
S21404E390617475735F706572696F642800207065B8
S21404E3A072696F643D006576743A6865616C74687A
S21404E3B05F636C69656E745F7365727665725F73AE
S21404E3C074617475735F617474656E74696F6E28B6
S21404E3D00020617474656E74696F6E5F7365633D67
S21404E3E0006576743A6865616C74685F7365727606
S21404E3F065725F617474656E74696F6E280020744C
S21404E400696D65725F7365633D006576743A686529
S21404E410616C74685F7365727665725F7465737435
S21404E4205F72657175657374280020726573706F0A
S21404E4306E73655F72657175697265643D006576B5
S21404E440743A67656E657269635F636C69656E745A
S21404E4505F7365727665725F737461747573280092
S21404E4602072656D61696E696E675F6D733D00202D
S21404E470666C6167733D0020706172616D657465DA
S21404E48072733D006576743A67656E657269635F9C
S21404E4907365727665725F636C69656E745F7265C8
S21404E4A071756573742800207472616E736974697B
S21404E4B06F6E5F6D733D002064656C61795F6D738C
S21404E4C03D006576743A67656E657269635F736569
S21404E4D0727665725F73746174655F6368616E6794
S21404E4E0656428006576743A67656E657269635F6D
S21404E4F07365727665725F73746174655F72656363
S21404E500616C6C2800207472616E736974696F6E36
S21404E5105F74696D655F6D733D006576743A746506
S21404E52073745F6C6F63616C5F6865617274626557
S21404E53061745F737562736372697074696F6E5F1A
S21404E540636F6D706C657465280020686F705F6D0E
S21404E550696E3D0020686F705F6D61783D0065767A
S21404E560743A746573745F7265706C61795F707207
S21404E5706F74656374696F6E5F6C6973745F656EE0
S21404E5807472795F73657428002063616E63656CCA
S21404E5903D006576743A746573745F7265706C6179
S21404E5A0795F70726F74656374696F6E5F6C69739C
S21404E5B0745F656E7472795F636C656172656428F6
S21404E5C0006576743A746573745F7265706C61790D
S21404E5D05F70726F74656374696F6E5F6C69737471
S21404E5E05F736176656428002073617665645F6393
S21404E5F06F756E743D0020746F74616C5F636F7525
S21404E6006E743D006576743A746573745F726570F3
S21404E6106C61795F70726F74656374696F6E5F6C3A
S21404E6206973745F66756C6C28006576743A6C70F2
S21404E6306E5F667269656E64736869705F6573742D
S21404E64061626C6973686564280020667269656E29
S21404E650645F616464726573733D006576743A6CD6
S21404E660706E5F667269656E64736869705F666112
S21404E670696C656428006576743A6C706E5F6672C1
S21404E68069656E64736869705F7465726D696E61DE
S21404E69074656428006576743A667269656E645FAC
S21404E6A0667269656E64736869705F6573746162C7
S21404E6B06C69736865642800206C706E5F616464BE
S21404E6C0726573733D006576743A667269656E6446
S21404E6D05F667269656E64736869705F7465726D8F
S21404E6E0696E6174656428006576743A636F6E6655
S21404E6F069675F636C69656E745F7265717565736F
S21404E700745F6D6F64696669656428006576743A3B
S21404E710636F6E6669675F636C69656E745F6E656A
S21404E720746B65795F7374617475732800657674A9
S21404E7303A636F6E6669675F636C69656E745F6E75
S21404E74065746B65795F6C6973742800206E6574F4
S21404E7506B65795F696E64696365733D006576749D
S21404E7603A636F6E6669675F636C69656E745F6E45
S21404E77065746B65795F6C6973745F656E64280095
S21404E7806576743A636F6E6669675F636C69656E17
S21404E790745F6170706B65795F73746174757328E8
S21404E7A0006576743A636F6E6669675F636C696565
S21404E7B06E745F6170706B65795F6C697374280042
S21404E7C0206170706B65795F696E64696365733D1B
S21404E7D0006576743A636F6E6669675F636C696535
S21404E7E06E745F6170706B65795F6C6973745F6576
S21404E7F06E6428006576743A636F6E6669675F6355
S21404E8006C69656E745F62696E64696E675F737463
S21404E8106174757328006576743A636F6E6669670B
S21404E8205F636C69656E745F62696E64696E677354
S21404E8305F6C69737428006576743A636F6E6669F4
S21404E840675F636C69656E745F62696E64696E6740
S21404E850735F6C6973745F656E6428006576743ADA
S21404E860636F6E6669675F636C69656E745F6D6F10
S21404E87064656C5F7075625F737461747573280089
S21404E8802063726564656E7469616C733D00207400
S21404E890746C3D0020706572696F645F6D733D0033
S21404E8A02072657472616E736D69745F636F756EE2
S21404E8B0743D002072657472616E736D69745F696D
S21404E8C06E74657276616C5F6D733D006576743A3E
S21404E8D0636F6E6669675F636C69656E745F6D6FA0
S21404E8E064656C5F7375625F737461747573280016
S21404E8F06576743A636F6E6669675F636C69656EA6
S21404E900745F737562735F6C697374280020616446
S21404E910647265737365733D006576743A636F6EEF
S21404E9206669675F636C69656E745F737562735F4F
S21404E9306C6973745F656E6428006576743A636FF9
S21404E9406E6669675F636C69656E745F686561723D
S21404E95074626561745F7075625F737461747573F5
S21404E960280020636F756E745F6C6F673D002070BF
S21404E9706572696F645F6C6F673D002066656174DD
S21404E980757265733D006576743A636F6E66696783
S21404E9905F636C69656E745F6865617274626561F5
S21404E9A0745F7375625F7374617475732800206D89
S21404E9B0696E5F686F70733D00206D61785F686F85
S21404E9C070733D006576743A636F6E6669675F635D
S21404E9D06C69656E745F626561636F6E5F737461A4
S21404E9E074757328006576743A636F6E6669675F3C
S21404E9F0636C69656E745F64656661756C745F7478
S21404EA00746C5F73746174757328006576743A6306
S21404EA106F6E6669675F636C69656E745F67617461
S21404EA20745F70726F78795F73746174757328009D
S21404EA306576743A636F6E6669675F636C69656E64
S21404EA40745F72656C61795F7374617475732800A2
S21404EA502072656C61793D006576743A636F6E6604
S21404EA6069675F636C69656E745F6E6574776F72F1
S21404EA706B5F7472616E736D69745F7374617475C1
S21404EA80732800207472616E736D69745F636F75AA
S21404EA906E743D00207472616E736D69745F696E86
S21404EAA074657276616C5F6D733D006576743A6367
S21404EAB06F6E6669675F636C69656E745F696465CB
S21404EAC06E746974795F73746174757328006576FF
S21404EAD0743A636F6E6669675F636C69656E745FCC
S21404EAE0667269656E645F73746174757328006515
S21404EAF076743A636F6E6669675F636C69656E7495
S21404EB005F6B65795F726566726573685F7068616E
S21404EB1073655F73746174757328006576743A63FD
S21404EB206F6E6669675F636C69656E745F6C706E42
S21404EB305F706F6C6C74696D656F75745F73746108
S21404EB40747573280020706F6C6C5F74696D656FE4
S21404EB5075745F6D733D006576743A636F6E6669AF
S21404EB60675F636C69656E745F6463645F64617435
S21404EB706128006576743A636F6E6669675F636CD6
S21404EB8069656E745F6463645F646174615F656E17
S21404EB906428006576743A636F6E6669675F636CB3
S21404EBA069656E745F72657365745F73746174759A
S21404EBB07328006576743A636F6E6669675F636C84
S21404EBC069656E745F6F626F5F61636B5F726563C6
S21404EBD065697665642800206C706E5F6164647293
S21404EBE03D0020667269656E645F616464723D0010
S21404EBF06576743A6D62745F636C69656E745F7390
S21404EC0065727665725F696E666F726D6174696F40
S21404EC106E5F7374617475732800206D696E5F622D
S21404EC206C6F636B5F73697A655F6C6F673D00201A
S21404EC306D61785F626C6F636B5F73697A655F6C36
S21404EC406F673D00206D61785F6368756E6B733D1A
S21404EC5000206D61785F6368756E6B5F73697A65B3
S21404EC603D006576743A6D62745F636C69656E74B4
S21404EC705F71756572795F696E666F726D617469CE
S21404EC806F6E5F636F6D706C657465280020626CD0
S21404EC906F636B5F73697A655F6C6F675F6D696ED0
S21404ECA03D0020626C6F636B5F73697A655F6C6F9F
S21404ECB0675F6D61783D00206D61785F6368756E8F
S21404ECC06B5F73697A655F6D696E3D00206D617870
S21404ECD05F6368756E6B735F6D696E3D0020737558
S21404ECE070706F727465645F7472616E7366657259
S21404ECF05F6D6F6465733D0020636F6D6D6F6E5F4F
S21404ED007472616E736665725F6D6F6465733D00E1
S21404ED106576743A6D62745F636C69656E745F736E
S21404ED2065727665725F7472616E736665725F7320
S21404ED307461747573280020626C6F625F69643D49
S21404ED400020626C6F625F73697A653D0020626CB6
S21404ED506F636B5F73697A655F6C6F673D002062F3
S21404ED606C6F636B735F6E6F745F726563656976F1
S21404ED7065643D006576743A6D62745F636C6965BC
S21404ED806E745F73746172745F7472616E736665B9
S21404ED90725F636F6D706C65746528006576743A8F
S21404EDA06D62745F636C69656E745F7365727665B5
S21404EDB0725F626C6F636B5F737461747573280043
S21404EDC0206D697373696E675F6368756E6B733DF8
S21404EDD0006576743A6D62745F636C69656E745F21
S21404EDE073746172745F626C6F636B5F636F6D7074
S21404EDF06C657465280020626C6F636B5F6E756D5E
S21404EE006265723D0020626C6F636B5F73697A653E
S21404EE103D006576743A6D62745F636C69656E7402
S21404EE205F73656E645F6368756E6B5F726571753C
S21404EE306573742800206F66667365743D00206CE5
S21404EE40656E6774683D006576743A6D62745F63D8
S21404EE506C69656E745F7365727665725F706172F5
S21404EE607469616C5F626C6F636B5F7265706F72FE
S21404EE707428006576743A6D62745F636C69656EB7
S21404EE80745F73656E645F6368756E6B735F636FE0
S21404EE906D706C65746528006576743A6D62745F8F
S21404EEA0636C69656E745F71756572795F626C6FA9
S21404EEB0636B5F7374617475735F636F6D706C6599
S21404EEC07465280020626C6F636B5F636F6D706C93
S21404EED06574653D00207472616E736665725F6367
S21404EEE06F6D706C6574653D006576743A6D62741A
S21404EEF05F636C69656E745F74785F636F6D706C66
S21404EF0065746528006576743A6D62745F636C692F
S21404EF10656E745F7365727665725F6661696C654B
S21404EF206428002074696D656F75743D00206572F1
S21404EF30726F723D006576743A6D62745F636C69D5
S21404EF40656E745F7472616E736665725F636F6D0F
S21404EF50706C65746528006576743A6D62745F73C8
S21404EF6065727665725F73746174655F6368616EFB
S21404EF706765642800206E65775F73746174653D09
S21404EF8000206368756E6B5F73697A653D0065760D
S21404EF90743A6D62745F7365727665725F747261DB
S21404EFA06E736665725F73746172745F72657128DE
S21404EFB000207472616E736665725F6D6F64653D82
S21404EFC0006576743A6D62745F7365727665725F17
S21404EFD0626C6F636B5F7374617274280065767419
S21404EFE03A6D62745F7365727665725F6368756E98
S21404EFF06B280020746F74616C5F6F66667365744B
S21404F0003D0020626C6F636B5F6F66667365743D6C
S21404F010006576743A6D62745F7365727665725FC6
S21404F020626C6F636B5F636F6D706C6574652800EC
S21404F0306576743A6D62745F7365727665725F7432
S21404F04072616E736665725F63616E63656C2800D9
S21404F0506576743A6D62745F7365727665725F7016
S21404F06061727469616C5F626C6F636B5F7265700A
S21404F0706F72745F74785F636F6D706C6574652807
S21404F08000206E756D5F7265717565737465645F77
S21404F0906368756E6B733D00207265717565737475
S21404F0A065645F6368756E6B733D006576743A736A
S21404F0B0656E736F725F7365727665725F6765748B
S21404F0C05F7265717565737428002070726F706561
S21404F0D07274795F69643D006576743A73656E731D
S21404F0E06F725F7365727665725F6765745F636F70
S21404F0F06C756D6E5F726571756573742800206338
S21404F1006F6C756D6E5F6964733D006576743A73F3
S21404F110656E736F725F7365727665725F6765742A
S21404F1205F7365726965735F72657175657374285C
S21404F130006576743A73656E736F725F7365727684
S21404F14065725F7075626C69736828006576743AD8
S21404F15073656E736F725F73657475705F736572D3
S21404F1607665725F6765745F636164656E63655F29
S21404F1707265717565737428006576743A73656E86
S21404F180736F725F73657475705F7365727665729C
S21404F1905F7365745F636164656E63655F726571F2
S21404F1A075657374280020706572696F645F64699E
S21404F1B07669736F723D0020747269676765725F63
S21404F1C0747970653D0020706172616D733D0065F1
S21404F1D076743A73656E736F725F73657475705F79
S21404F1E07365727665725F6765745F736574746958
S21404F1F06E67735F726571756573742800657674DF
S21404F2003A73656E736F725F73657475705F73655A
S21404F210727665725F6765745F73657474696E672A
S21404F2205F726571756573742800207365747469FC
S21404F2306E675F69643D006576743A73656E736FD6
S21404F240725F73657475705F7365727665725F73EB
S21404F25065745F73657474696E675F7265717565EE
S21404F26073742800207261775F76616C75653D0063
S21404F2706576743A73656E736F725F7365747570D2
S21404F2805F7365727665725F7075626C6973682801
S21404F290006576743A73656E736F725F636C696546
S21404F2A06E745F64657363726970746F725F73748F
S21404F2B06174757328002064657363726970746F73
S21404F2C072733D006576743A73656E736F725F632E
S21404F2D06C69656E745F636164656E63655F7374A1
S21404F2E06174757328006576743A73656E736F720D
S21404F2F05F636C69656E745F73657474696E677357
S21404F3005F73746174757328002073657474696E12
S21404F310675F6964733D006576743A73656E736FF0
S21404F320725F636C69656E745F73657474696E6727
S21404F3305F73746174757328006576743A73656ECA
S21404F340736F725F636C69656E745F7374617475F2
S21404F3507328002073656E736F725F646174613D19
S21404F360006576743A73656E736F725F636C696575
S21404F3706E745F636F6C756D6E5F737461747573B2
S21404F38028006576743A73656E736F725F636C6992
S21404F390656E745F7365726965735F7374617475A3
S21404F3A07328006576743A73656E736F725F636C68
S21404F3B069656E745F7075626C697368280065763B
S21404F3C0743A66775F7570646174655F636C6965CB
S21404F3D06E745F696E666F5F7374617475735F6372
S21404F3E0757272656E745F6677696428002063754B
S21404F3F07272656E745F667769643D006576743A0A
S21404F40066775F7570646174655F636C69656E7456
S21404F4105F696E666F5F7374617475735F7570642D
S21404F4206174655F7572692800207570646174651F
S21404F4305F7572693D006576743A66775F757064C9
S21404F4406174655F636C69656E745F75706461741E
S21404F450655F7374617475732800206164646974ED
S21404F460696F6E616C5F696E666F726D6174696FE9
S21404F4706E3D00207570646174655F74696D656FB8
S21404F48075745F626173653D0020646973747269A4
S21404F4906275746F725F74746C3D002066775F6982
S21404F4A06E6465783D006576743A66775F75706459
S21404F4B06174655F636C69656E745F6D65746164C1
S21404F4C06174615F73746174757328006576743A49
S21404F4D06C635F636C69656E745F6D6F64655F73A0
S21404F4E074617475732800206D6F64655F7374614E
S21404F4F07475735F76616C75653D006576743A6CF9
S21404F500635F636C69656E745F6F6D5F737461745B
S21404F51075732800206F6D5F7374617475735F76FE
S21404F520616C75653D006576743A6C635F636C69FF
S21404F530656E745F6C696768745F6F6E6F66665F2E
S21404F54073746174757328002070726573656E74C5
S21404F5505F6C696768745F6F6E6F66663D002074E3
S21404F56061726765745F6C696768745F6F6E6F66F7
S21404F570663D002072656D61696E696E675F7469C9
S21404F5806D655F6D733D006576743A6C635F636C9E
S21404F59069656E745F70726F70657274795F737488
S21404F5A06174757328002070726F70657274795F69
S21404F5B076616C75653D006576743A6C635F736559
S21404F5C0727665725F6D6F64655F7570646174658D
S21404F5D0642800206D6F64655F76616C75653D0018
S21404F5E0206D616E75616C5F6F76657272696465B5
S21404F5F03D006576743A6C635F7365727665725F18
S21404F6006F6D5F757064617465642800206F6D5F4C
S21404F61076616C75653D006576743A6C635F7365F8
S21404F620727665725F6C696768745F6F6E6F666624
S21404F6305F757064617465642800206F6E6F66661B
S21404F6405F73746174653D00206F6E6F66665F74E9
S21404F65072616E735F74696D655F6D733D00657688
S21404F660743A6C635F7365727665725F6F63637515
S21404F67070616E63795F75706461746564280020D8
S21404F6806F63637570616E63795F76616C75653DF3
S21404F690006576743A6C635F7365727665725F6153
S21404F6A06D6269656E745F6C75785F6C6576656CA3
S21404F6B05F75706461746564280020616D626965B5
S21404F6C06E745F6C75785F6C6576656C5F76616C7E
S21404F6D075653D006576743A6C635F73657276652E
S21404F6E0725F6C696E6561725F6F75747075745F56
S21404F6F0757064617465642800206C696E65617257
S21404F7005F6F75747075745F76616C75653D0065C2
S21404F71076743A6C635F7365727665725F73746150
S21404F72074655F7570646174656428002074726122
S21404F7306E736974696F6E5F74696D653D00657696
S21404F740743A6C635F7365727665725F726567752B
S21404F7506C61746F725F64656275675F696E666F0D
S21404F760280020693D00206C3D006576743A6C6381
S21404F7705F73657475705F7365727665725F7365C3
S21404F780745F70726F706572747928006576743A67
S21404F7907363656E655F636C69656E745F737461CD
S21404F7A074757328002063757272656E745F736374
S21404F7B0656E653D00207461726765745F7363658A
S21404F7C06E653D006576743A7363656E655F636C5B
S21404F7D069656E745F72656769737465725F737466
S21404F7E0617475732800207363656E65733D0065E8
S21404F7F076743A7363656E655F7365727665725F79
S21404F80067657428006576743A7363656E655F731E
S21404F81065727665725F72656769737465725F6731
S21404F820657428006576743A7363656E655F736500
S21404F830727665725F726563616C6C28002073650E
S21404F8406C65637465645F7363656E653D006576B9
S21404F850743A7363656E655F7365727665725F701E
S21404F86075626C69736828006576743A7363656EAE
S21404F870655F7365727665725F636F6D70616374DE
S21404F8805F726563616C6C280020737461746573C1
S21404F8903D006576743A7363656E655F736574756B
S21404F8A0705F7365727665725F73746F7265280035
S21404F8B0207363656E655F69643D006576743A73AC
S21404F8C063656E655F73657475705F736572766580
S21404F8D0725F64656C65746528006576743A736354
S21404F8E0656E655F73657475705F73657276657251
S21404F8F05F7075626C69736828006576743A736322
S21404F900686564756C65725F636C69656E745F7355
S21404F91074617475732800207363686564756C6518
S21404F920723D006576743A7363686564756C6572D7
S21404F9305F636C69656E745F616374696F6E5F7331
S21404F9407461747573280020796561723D00206DBA
S21404F9506F6E74683D00206461793D0020686F75A1
S21404F960723D00206D696E7574653D002073656395
S21404F9706F6E643D00206461795F6F665F776565CE
S21404F9806B3D0020616374696F6E3D002073636590
S21404F9906E655F6E756D6265723D006576743A736A
S21404F9A063686564756C65725F7365727665725FAD
S21404F9B0616374696F6E5F6368616E67656428006F
S21404F9C06576743A7363686564756C65725F7365AF
S21404F9D0727665725F7363656E655F6368616E6792
S21404F9E0656428006576743A7363686564756C6547
S21404F9F0725F7365727665725F616374696F6E5F5A
S21404FA0074726967676572656428006576743A6619
S21404FA10775F7570646174655F7365727665725F2F
S21404FA20636865636B5F66775F6D65746164617454
S21404FA30615F7265712800206D657461646174612C
S21404FA403D006576743A66775F7570646174655FC9
S21404FA507365727665725F7570646174655F7374DE
S21404FA606172745F72657128006576743A66775FB2
S21404FA707570646174655F7365727665725F7665CA
S21404FA80726966795F66775F726571280065767459
S21404FA903A66775F7570646174655F7365727665E0
S21404FAA0725F6170706C7928006576743A66775F69
S21404FAB07570646174655F7365727665725F757080
S21404FAC0646174655F63616E63656C6C656428006D
S21404FAD06576743A66775F7570646174655F73659E
S21404FAE0727665725F6469737472696275746F7234
S21404FAF05F73656C665F7570646174655F7265716B
S21404FB0028002066775F6C6973745F696E64657835
S21404FB103D006576743A74696D655F7365727665E3
S21404FB20725F74696D655F757064617465642800DE
S21404FB30207461695F7365636F6E64733D00207340
S21404FB4075627365636F6E643D0020756E636572DF
S21404FB507461696E74793D002074696D655F6175C2
S21404FB6074686F726974793D00207461695F757496
S21404FB70635F64656C74613D00256C640020746981
S21404FB806D655F7A6F6E655F6F66667365743D005C
S21404FB906576743A74696D655F7365727665725FCF
S21404FBA074696D655F7A6F6E655F6F66667365749C
S21404FBB05F7570646174656428002074696D655FA0
S21404FBC07A6F6E655F6F66667365745F637572726F
S21404FBD0656E743D002074696D655F7A6F6E655F4F
S21404FBE06F66667365745F6E65773D002074616941
S21404FBF05F6F665F7A6F6E655F6368616E67653DAB
S21404FC00006576743A74696D655F736572766572BD
S21404FC105F7461695F7574635F64656C74615F7556
S21404FC207064617465642800207461695F75746328
S21404FC305F64656C74615F63757272656E743D00B3
S21404FC40207461695F7574635F64656C74615F6E6C
S21404FC5065773D00207461695F6F665F64656C74E8
S21404FC60615F6368616E67653D006576743A7469C2
S21404FC706D655F7365727665725F74696D655F72D4
S21404FC806F6C655F757064617465642800207469C0
S21404FC906D655F726F6C653D006576743A74696D68
S21404FCA0655F636C69656E745F74696D655F7374B4
S21404FCB06174757328006576743A74696D655F635C
S21404FCC06C69656E745F74696D655F7A6F6E655F87
S21404FCD073746174757328006576743A74696D6517
S21404FCE05F636C69656E745F7461695F7574635F86
S21404FCF064656C74615F73746174757328006576EB
S21404FD00743A74696D655F636C69656E745F746973
S21404FD106D655F726F6C655F7374617475732800CC
S21404FD206576743A66775F646973745F7365727632
S21404FD3065725F6E6F6465735F61646465642800F2
S21404FD4020746F74616C5F6E6F6465733D00206E23
S21404FD50756D5F61646465645F6E6F6465733D00B2
S21404FD602061646465645F6E6F6465733D006576E8
S21404FD70743A66775F646973745F736572766572E6
S21404FD805F6E6F6465735F64656C65746564280094
S21404FD906576743A66775F646973745F73657276C2
S21404FDA065725F646973745F73746172745F72659D
S21404FDB07128002067726F75705F61646472657382
S21404FDC0733D00207669727475616C5F6164647259
S21404FDD06573733D00206170706C795F696D6D6545
S21404FDE064696174656C793D002074696D656F752E
S21404FDF0745F626173653D006576743A66775F6426
S21404FE006973745F7365727665725F646973745F31
S21404FE1063616E63656C28006576743A66775F6422
S21404FE206973745F7365727665725F646973745F11
S21404FE3063616E63656C5F636F6D706C6574652873
S21404FE40006576743A66775F646973745F73657287
S21404FE507665725F75706C6F61645F7374617274DB
S21404FE605F6D6574616461746128006576743A66D2
S21404FE70775F646973745F7365727665725F7570B5
S21404FE806C6F61645F73746172745F72657128006D
S21404FE902073697A653D0020667769643D0065765F
S21404FEA0743A66775F646973745F736572766572B5
S21404FEB05F75706C6F61645F63616E63656C280068
S21404FEC06576743A66775F646973745F7365727691
S21404FED065725F646973745F73746174655F636885
S21404FEE0616E6765642800206E756D5F6163746972
S21404FEF076655F6E6F6465733D006576743A667703
S21404FF005F646973745F7365727665725F6E6F643F
S21404FF10655F6661696C6564280020757064617449
S21404FF20655F70686173653D002075706461746513
S21404FF305F7374617475733D00206D62745F7374CF
S21404FF40617475733D002070726F67726573733DDC
S21404FF50006576743A66775F646973745F73657276
S21404FF607665725F75706C6F61645F636F6D706CDD
S21404FF706574655F6D657461646174612800657697
S21404FF80743A66775F646973745F736572766572D4
S21404FF905F75706C6F61645F636F6D706C657465BC
S21404FFA028006576743A66775F646973745F736570
S21404FFB0727665725F75706C6F61645F6661696C9A
S21404FFC0656428006576743A66775F646973745F5F
S21404FFD07365727665725F75706C6F61645F6F6F60
S21404FFE0625F73746172745F75726928002075723B
S21404FFF0693D006576743A66775F646973745F7307
S21405000065727665725F75706C6F61645F6F6F623F
S2140500105F73746172745F72657128006576743AF1
S21405002066775F646973745F7365727665725F661B
S214050030775F64656C6574655F72657128006576C3
S214050040743A66775F646973745F73657276657212
S2140500505F66775F64656C6574655F616C6C5F721F
S214050060657128006576743A66775F646973745FB0
S2140500707365727665725F646973745F73757370A2
S214050080656E6428006576743A66775F646973748E
S2140500905F7365727665725F726573756D655F729F
S2140500A065712800206170705F696E6465783D0033
S2140500B0207570646174655F706F6C6963793D0067
S2140500C06576743A66775F646973745F636C6965B1
S2140500D06E745F7265636569766572735F73746166
S2140500E07475732800206E6F6465735F6C6973742E
S2140500F05F73697A653D006576743A66775F64690D
S21405010073745F636C69656E745F72656365697643
S2140501106572735F6C6973742800207472616E7300
S2140501206665725F7374617475733D006576743ABF
S21405013066775F646973745F636C69656E745F7216
S21405014065636569766572735F6C6973745F656E02
S2140501506428002073746172745F696E6465783D07
S21405016000206E756D5F7265706F727465643D0014
S2140501706576743A66775F646973745F636C696500
S2140501806E745F6361706162696C69746965735FDB
S2140501907374617475732800206D61785F6E6F6483
S2140501A065735F6C6973745F73697A653D00206D6E
S2140501B061785F66775F6C6973745F73697A653DAE
S2140501C000206D61785F66775F73697A653D00200C
S2140501D06D61785F75706C6F61645F737061636580
S2140501E03D002072656D61696E696E675F75706C3E
S2140501F06F61645F73706163653D00206F6F625F5A
S214050200737570706F727465643D00207572695FF2
S214050210736368656D655F6E616D65733D006576D4
S214050220743A66775F646973745F636C69656E7448
S2140502305F646973747269627574696F6E5F7374EF
S2140502406174757328006576743A66775F646973BA
S214050250745F636C69656E745F75706C6F61645FFF
S21405026073746174757328006576743A66775F648F
S2140502706973745F636C69656E745F66775F7374C4
S214050280617475732800206E756D5F656E7472698E
S21405029065733D006576743A66775F646973745F67
S2140502A0636C69656E745F75706C6F61645F636FB0
S2140502B06D706C65746528006576743A66775F645C
S2140502C06973745F636C69656E745F75706C6F6176
S2140502D0645F6661696C6564280020737461747573
S2140502E0735F636F64653D0020646973745F737440
S2140502F0617475735F636F64653D006576743A7205
S214050300656D6F74655F70726F766973696F6E6918
S2140503106E675F636C69656E745F7363616E5F635A
S21405032061706162696C69746965732800206D6126
S214050330785F6974656D733D0020616374697665E1
S2140503403D006576743A72656D6F74655F70726FA1
S214050350766973696F6E696E675F636C69656E74DF
S2140503605F7363616E5F7374617475732800206DC7
S21405037061785F7265706F7274733D002074696D85
S214050380656F75745F7365633D006576743A72656F
S2140503906D6F74655F70726F766973696F6E696E7F
S2140503A0675F636C69656E745F7363616E5F7265C4
S2140503B0706F72742800206F6F623D006576743A20
S2140503C072656D6F74655F70726F766973696F6E4F
S2140503D0696E675F636C69656E745F657874656E74
S2140503E06465645F7363616E5F7265706F727428AF
S2140503F0002061645F737472756374757265733D0E
S214050400006576743A72656D6F74655F70726F76A7
S2140504106973696F6E696E675F636C69656E745F35
S2140504206C696E6B5F73746174757328006576749A
S2140504303A72656D6F74655F70726F766973696F12
S2140504406E696E675F636C69656E745F6C696E6B0B
S2140504505F7265706F727428006576743A72656DA2
S2140504606F74655F70726F766973696F6E696E67B4
S2140504705F7365727665725F6C696E6B5F6F7065CC
S2140504806E5F7265717565737428006576743A7269
S214050490656D6F74655F70726F766973696F6E6987
S2140504A06E675F7365727665725F6C696E6B5F63A8
S2140504B06C6F73655F72657175657374280020636C
S2140504C06F6E6E656374696F6E3D006576743A6629
S2140504D0775F7374616E64616C6F6E655F7570646B
S2140504E0617465725F646973745F73746174655F64
S2140504F06368616E67656428006576743A66775F3B
S2140505007374616E64616C6F6E655F75706461743B
S21405051065725F6E6F64655F6661696C6564280009
S2140505206576743A6E63705F66775F6C6973745F41
S21405053066775F64656C6574656428006576743AED
S2140505406E63705F66775F6C6973745F66775F610D
S2140505506C6C5F64656C6574656428006576743AD2
S2140505606E63705F66775F6C6973745F66775F61ED
S2140505706464656428006576743A7361725F636FB8
S2140505806E6669675F636C69656E745F7361725FDB
S2140505907472616E736D69747465725F7374617479
S2140505A075732800207365676D656E745F696E7474
S2140505B0657276616C5F737465703D0020756E6953
S2140505C0636173745F72657472616E735F636F7572
S2140505D06E743D0020756E69636173745F72657431
S2140505E072616E735F776F5F70726F677265737334
S2140505F05F636F756E743D0020756E696361737415
S2140506005F72657472616E735F696E74657276612A
S2140506106C5F737465703D0020756E6963617374F5
S2140506205F72657472616E735F696E74657276610A
S2140506306C5F696E6372656D656E743D00206D75E1
S2140506406C7469636173745F72657472616E735FEF
S214050650636F756E743D00206D756C7469636173A8
S214050660745F72657472616E735F696E74657276B7
S214050670616C5F737465703D006576743A7361727C
S2140506805F636F6E6669675F636C69656E745F73DB
S21405069061725F72656365697665725F73746174AE
S2140506A075732800207365676D656E74735F74686F
S2140506B0726573686F6C643D002061636B5F64658B
S2140506C06C61795F696E6372656D656E743D002059
S2140506D0646973636172645F74696D656F75743D93
S2140506E0002061636B5F72657472616E735F636F22
S2140506F0756E743D006576743A7361725F636F6EEE
S2140507006669675F7365727665725F7361725F743B
S21405071072616E736D69747465725F7365742800B3
S2140507206576743A7361725F636F6E6669675F7349
S21405073065727665725F7361725F72656365697609
S21405074065725F73657428006576743A70726976AB
S2140507506174655F626561636F6E5F636C69656E24
S214050760745F626561636F6E5F7374617475732819
S214050770002072616E646F6D5F7570646174655F8D
S21405078073746570733D006576743A707269766148
S21405079074655F626561636F6E5F636C69656E74D1
S2140507A05F676174745F70726F78795F7374617474
S2140507B0757328006576743A707269766174655F3C
S2140507C0626561636F6E5F636C69656E745F6964AD
S2140507D0656E746974795F737461747573280065E2
S2140507E076743A6C63645F636C69656E745F6461A6
S2140507F074615F686561646572280020706167656D
S2140508005F6E756D6265723D0020746F74616C5F16
S21405081073697A653D006576743A6C63645F636CEC
S21405082069656E745F6461746128006576743A6CF8
S21405083063645F636C69656E745F646174615F654C
S2140508406E6428006576743A6F6E5F64656D616EDA
S214050850645F707269766174655F70726F78795FD0
S214050860636C69656E745F707269766174655F67DF
S2140508706174745F70726F78795F73746174757381
S21405088028006576743A736F6C6963697461746978
S2140508906F6E5F636F6E6669675F636C69656E74BE
S2140508A05F6974656D735F73746174757328002072
S2140508B07372633D00206473743D002072616E6739
S2140508C0655F73746172743D00206C656E6774684D
S2140508D05F70726573656E743D002072616E676544
S2140508E05F6C656E6774683D006576743A73696C0F
S2140508F06162735F636F6E6669675F73657276655F
S214050900725F74785F6368616E676564280020703F
S21405091068793D00206F7074696F6E733D0065766B
S214050920743A73696C6162735F636F6E6669675F5D
S2140509307365727665725F6D6F64656C5F6F7074F4
S214050940696F6E5F6368616E6765642800657674B7
S2140509503A73696C6162735F636F6E6669675F732E
S21405096065727665725F6E6574776F726B5F7064BD
S214050970755F6368616E6765642800206D61785FE2
S21405098073697A653D006576743A636F6E6E656366
S21405099074696F6E5F6F70656E656428290A0063FB
S2140509A06F6E6E656374696F6E5F706172616D659B
S2140509B074657273280020696E74657276616C3D85
S2140509C000206C6174656E63793D00636F6E6E65BD
S2140509D06374696F6E5F636C6F73656428005B494B
S2140509E05D2000467269656E64206D6F64652069DA
S2140509F06E697469616C697A6174696F6E0A005B09
S214050A00455D2000726573756C7400467269656E87
S214050A106420696E697469616C697A6174696F6E60
S214050A20206661696C65640A002F686F6D652F70B6
S214050A307262652F53696D706C6963697479537456
S214050A407564696F2F76355F776F726B7370616348
S214050A50652F6563656E353832332D617373696747
S214050A606E6D656E7431302D707275646876696268
S214050A70656C6964652F62746D6573685F76656E0F
S214050A80646F725F7365727665722F6765636B6FE9
S214050A905F73646B5F342E332E322F6170702F6256
S214050AA0746D6573682F636F6D6D6F6E2F62746DF1
S214050AB06573685F7773746B5F6C63642F736C5FC5
S214050AC062746D6573685F7773746B5F6772617068
S214050AD0686963732E63007374617475730041737C
S214050AE073657274696F6E206661696C65643A2019
S214050AF0444D4420696E6974206572726F720041B8
S214050B007373657274696F6E206661696C65643AA5
S214050B1020474C494220696E6974206572726F726F
S214050B2000417373657274696F6E206661696C65E2
S214050B30643A20466F6E742073657474696E672018
S214050B406572726F72000000010000007B000000F5
S214050B500800000078000000080000007E00000085
S214050B6077000000780000007E0000007B00000093
S214050B70770000007E0000006772617068496E6944
S214050B8074002F686F6D652F707262652F53696DDF
S214050B90706C696369747953747564696F2F7635FB
S214050BA05F776F726B73706163652F6563656E350E
S214050BB03832332D61737369676E6D656E743130C7
S214050BC02D7072756468766962656C6964652F62F6
S214050BD0746D6573685F76656E646F725F73657254
S214050BE07665722F6765636B6F5F73646B5F342E14
S214050BF0332E322F6170702F62746D6573682F63A4
S214050C006F6D6D6F6E2F62746D6573685F77737445
S214050C106B5F6C63642F736C5F62746D6573685F7E
S214050C207773746B5F6C63642E63004C43445F6438
S214050C3061746120213D204E554C4C00417373650F
S214050C407274696F6E2027257327206661696C6547
S214050C50643A20004C434420616C6C6F6361746990
S214050C606F6E206572726F722E0053494C49434F62
S214050C704E204C41424F5241544F524945530A4229
S214050C806C7565746F6F7468204D65736820446570
S214050C906D6F0A0A00696E697469616C697A696EB6
S214050CA06700736C5F62746D6573685F4C43445F81
S214050CB077726974655F7061676564003F00292017
S214050CC000000000050000000000000040420F0084
S214050CD00501000000000000000000000000000004
S214050CE08000800001010000E0C810003C060200FC
S214050CF000000000050000000000000040420F0054
S214050D0005010000000000000000000000000000D3
S214050D1013B779FAC925DDB7ADF3CFE0F1B614B848
S214050D200102000000000000FFFFFFFF200000009A
S214050D3001000000000000000000000000000000A8
S214050D400000000000000000000000000000000099
S214050D500000000000000000000000000000000089
S214050D600700000383B603007FB603005DB60300E5
S214050D705BB60300D5AD00008DB6030095AD00004B
S214050D80020000002C0000000403020B050C030201
S214050D90010A0D0302060A0D40787D0100000000D9
S214050DA0005A620200010000C0CF6A00020000007F
S214050DB0809FD50002010000002D310102020000CF
S214050DC008091108D40D0500200301640608020071
S214050DD00100000000040A0A0403060608020000D3
S214050DE0000000000E040E1F081F0C1F0E0E00004C
S214050DF01000010E0E0E0F0E071F1F0E110E1C11F2
S214050E000111110E0F0E0F1E1F11111111111F0EBC
S214050E10000E04000200010010000C000104080189
S214050E200600000000000000020000000000000CA4
S214050E30040600000000000000040A0A1E13090448
S214050E400404040400000000110611080C01021039
S214050E5011110606080002111011111109010111E0
S214050E6011040809011B11111111110104111111A9
S214050E701111100200080A00040001001000121EDD
S214050E800100000104000000000000000200000050
S214050E9000000002040802000000000000040A1F0B
S214050EA001080502020815040000001019041004C4
S214050EB00A0F010811110606041F0410101111016E
S214050EC01101010111040805011513111111110174
S214050ED0041111110A11080201081100080E0D0E61
S214050EE0160E02110D060C09040B0D0E0F160D0E2F
S214050EF00711111111111F0204081500000000004A
S214050F000004000A0E04020002080E1F001F000857
S214050F101504080809100F040E1E00000200080834
S214050F2016110F01110F0F1D1F04080301151511CA
S214050F300F110F0E04111115040A04020208000011
S214050F4000101301191107111304080504151311D0
S214050F5011191301021111110A11080104100800D4
S214050F60000000000000001F10021500020815040E
S214050F7006000004130404101F10110211100606C3
S214050F80041F0404151F11011101011111040805A0
S214050F900111191101150510041111150A04020293
S214050FA004080000001E1101111F021E110408038B
S214050FB0041511110F1E010E02111115041E04024F
S214050FC004080000000000000000000A0F190900D0
S214050FD00404040404000602110402110811110297
S214050FE01108060408000200151111110901011166
S214050FF011040909011111110109091004110A1535
S2140510001104010208080000001111111101021057
S21405101011040905041111110110011012190A1500
S2140510200A10020204080000000000000004000A7E
S2140510300418160008020000020006010E0E1F0E18
S214051040080E0E020E060002100001040E110F0E09
S214051050071F010E110E06111F11110E0116110F95
S214051060040E040A11041F0E100E001F001E0F0E9C
S2140510701E0E020E110E06090E11110E0110010F9D
S2140510800C16040A110E1F0C0406000000000000D2
S2140510900000000000000000000000000000000046
S2140510A00000000000000000000000000000000036
S2140510B00000000000000000000000000000000026
S2140510C00000000000000000000000000000000016
S2140510D00000000000000000000000000000000006
S2140510E000000000000000000000000000000000F6
S2140510F00000000004110500200301640808020032
S2140511000100000000186C6C10CE3808600C00005A
S214051110000000007C307C7CC6FE7CFE7C7C0000EB
S21405112070001C7C7C7C7E7C7EFEFE7CC63C78C685
S21405113006C6C67C7E7C7E7C7EC6C6C6C6C6FE7CCD
S214051140007C10000C000600600038000600000653
S2140511500C00000000000000000000000000003049
S21405116018188C000000000000186CFEFC6A2C188D
S21405117030186C18000000C0C638C6C6C606C6C0FD
S214051180C6C61818387C38C6C6C6C6C6C60606C637
S214051190C618306606EECEC6C6C6C6C618C6C6C6C7
S2140511A0C6C6C00C066038000C00060060000C00C1
S2140511B0061830060C0000000000000018000000AD
S2140511C0000000181830D60000000000001848FE81
S2140511D0162E2C181830381800000060C63060C06F
S2140511E0C6060660C6C618181C7C70C6F6C6C606B1
S2140511F0C6060606C618303606FEDEC6C6C6C606C9
S21405120018C6C6C66CC6600C0C606C00043C3E3C3A
S2140512107C3C3C3C3E0000660C6E3E3C3E3C363C10
S214051220186666C666667E181830620000000000FE
S2140512300018006C7C10DC001830FE7E1C7E00302A
S214051240C6303070FE7E7E307CFC00000E00E070FE
S214051250F6FE7E06C61E1EF6FE18301E06D6F6C618
S2140512607EC67E7C18C6C6D638FC300C1860C6000E
S2140512700060660666660C66661830360CD66666C8
S21405128066666E067C6666C63C66300C00600000C8
S21405129000000000000000FED0E866001830387E2A
S2140512A01C7E1C18C63018C0C0C0C618C6C0181884
S2140512B01C7C703076C6C606C60606C6C618303608
S2140512C006C6E6C606B6C6C018C6C6FE6CC0180C68
S2140512D030600000007C6606667E0C7C6618301E54
S2140512E00CD666663E56063C186666D6187C1818F2
S2140512F01830000000000000001800FE7EAC6600F6
S21405130030186C1818001C0CC6300CC6C0C6C60CA7
S214051310C6C61818387C380006C6C6C6C60606C62B
S214051320C618366606C6C6C60666C6C618C66CEEB1
S214051330C6C00C0C606000FE0066660666060C609D
S214051340661836360CC666660626066018663CD6E9
S2140513503C600C1818300000000000000018006CF7
S21405136010E6DC00600C00180C001C067C78FE7C81
S214051370C07C7C067C7C000C70001C307CC67E7CA9
S2140513807EFE06FCC63C1CC6FEC6C67C06DCC67CC7
S214051390187C38C6C67EFE7CC07C00FE007C3E3CC3
S2140513A07C3C0C3E66701C6638C6663C065C063E93
S2140513B0707C18FC663E7E301818000000000000A1
S2140513C00000000000000000000000000000000013
S2140513D00000000000000000000000000000000003
S2140513E000000000000000000000000000000000F3
S2140513F000000000000000000000000000000000E3
S21405140000000000000000000000000000000000D2
S21405141000000000000000000000000000000000C2
S21405142000000000000800FC541405000100010738
S21405143044140500000800F8981405000000000094
S2140514400000000083FFBFFFE2FFF1FFF9FFFEFF8C
S214051450000000008C00FCFEFFFF000000000000FE
S214051460FC00D2104C06FAFF75009B05F132FFFF13
S2140514703E0062020B35000025004B01885F000028
S2140514801700E0005E5D00000E008C006A4F00004D
S21405149007002500832800009600FCFEF8006D2353
S2140514A0441FEEFFC700F20E8E37FAFF5C00A4035A
S2140514B024A7FFFF3200D601AD3400001F0030011F
S2140514C0004D00001200C000CA4A00000B006E0066
S2140514D0F73C000005001F002F20000000000F400D
S2140514E00000000000040F4001000000C1059ED862
S2140514F0367CD5073070DD17F70E5939FFC00B312E
S2140515006858151164F98FA7BEFA4FA4006A09E654
S21405151067BB67AE853C6EF372A54FF53A510E5222
S2140515207F9B05688C1F83D9AB5BE0CD19006745AB
S2140515302301EFCDAB8998BADCFE10325476C3D2C0
S214051540E1F0000000000000000000000000800040
S2140515500000000000000000000000000000000081
S2140515600000000000000000000000000000000071
S2140515700000000000000000000000000000000061
S2140515800000000000000000000000000000000051
S214051590000000000000000000000000000000E160
S2140515A0000108070F000A00C8002000A00001007F
S2140515B000000000A00068010A200706020A0407CA
S2140515C000000002070001041040010000000500AD
S2140515D00000000200000300000000008C1C05004F
S2140515E0DC1B0500FC1B0500281C0500CC1C0500A3
S2140515F04C1C0500681C05000000000000000000EB
S2140516004E0C00000000000000000000B8D60400E4
S21405161000000000000000000400000000000000BC
S214051620E2FF5000A01C0500000000003C1C050061
S21405163000000000201C050000000000441C0500FA
S21405164000000000101C050074160500F01B0500C0
S21405165000000000381D050000000000E01C050025
S21405166076160500601C05007C16050000000000C7
S2140516700000000008000400FB0000000300000056
S2140516804145532D3235362D43434D2A2D4E4F2D8C
S214051690544147004145532D3139322D43434D2A98
S2140516A02D4E4F2D544147004145532D3132382D8F
S2140516B043434D2A2D4E4F2D544147004145532D4A
S2140516C03235362D43434D004145532D3139322DA4
S2140516D043434D004145532D3132382D43434D008C
S2140516E04145532D3235362D454342004145532D50
S2140516F03139322D454342004145532D3132382D7F
S214051700454342002608000080000000D416050068
S2140517100C0000000100000010000000181805006D
S2140517202909000080000000A81605000C0000002E
S2140517300100000010000000181805000201000056
S21405174080000000F81605000000000000000000FC
S214051750100000000018050027080000C000000063
S214051760C81605000C00000001000000100000006F
S214051770181805002A090000C00000009416050088
S2140517800C000000010000001000000018180500FD
S21405179003010000C0000000EC1605000000000074
S2140517A000000000100000000018050028080000D2
S2140517B000010000BC1605000C000000010000003A
S2140517C010000000181805002B0900000001000095
S2140517D0801605000C000000010000001000000047
S2140517E0181805000401000000010000E0160500B9
S2140517F000000000000000001000000000180500B2
S21405180002000000FFE20300FBE20300F7E203002C
S214051810E1E20300CFE20300020000000000000042
S214051820C5E20300C5E20300AFE203009DE2030044
S214051830020000003C170500030000009017050095
S21405184004000000E4170500260000000417050044
S214051850270000005817050028000000AC170500F3
S21405186029000000201705002A000000741705004F
S2140518702B000000C817050000000000000000004F
S2140518804B60D2273E3CCE3BF6B053CCB0061D652A
S214051890BC86987655BDEBB3E7933AAAD835C65AB3
S2140518A096C298D84539A1F4A033EB2D817D0377F0
S2140518B0F240A463E5E6BCF847422CE1F2D1176B8B
S2140518C0F551BF376840B6CBCE5E316B5733CE2B5E
S2140518D0169E0F7C4AEBE78E9B7F1AFEE242E34F8D
S2140518E0512563FCC2CAB9F3849E17A7ADFAE6BCB8
S2140518F0FFFFFFFFFFFFFFFF00000000FFFFFFFFEA
S214051900FFFFFFFFFFFFFFFFFFFFFFFF00000000D9
S214051910000000000000000001000000FFFFFFFFC0
S2140519205348413100534841005348413232340050
S2140519305348413235360000441905004C19050058
S2140519405419050020190500021440002919050040
S214051950031C400030190500042040000001010268
S214051960010202030606010203120100000001023D
S214051970020102070B0B0701160C00000108080000
S21405198000050108FFFF02FFFF0808020204FF0129
S2140519900022FFFFFFFFFFFF030404FFFFFFFF2AF0
S2140519A001020404131510801A80128080000F0EA1
S2140519B00C080C080D1810005000400008005000D8
S2140519C0240004009001500240009001AE01100072
S2140519D001010201F4010000FA0000009600000073
S2140519E0640000004B000000320000001E000000EE
S2140519F0140000000000000062675F6D6573736188
S214051A0067652072656365697665727300626762ED
S214051A1075660061636C006C6C5F636F6E6E656304
S214051A2074696F6E006C6C5F6164765F73657400D5
S214051A306761705F636F6E74657874006C6C5F7653
S214051A40616C696461746F72006D6573685F70724E
S214051A506F765F64620062675F6D65737361676565
S214051A6000736F66745F74696D65725F6D65737319
S214051A7061676500666F756E646174696F6E5F6336
S214051A806D64006C6C5F6164765F73796E63006C81
S214051A906C5F7363616E5F73796E63006761705F19
S214051AA0706572696F6469635F616476006761700B
S214051AB05F706572696F6469635F73796E63006CE6
S214051AC0326361705F636F635F6368616E6E656CDA
S214051AD0006D6573685F70726F765F64625F6170D4
S214051AE0706B6579006D626564746C735F636F6EA9
S214051AF074657874000000000D1A0500131A0500B9
S214051B00171A0500251A0500301A05003C1A0500A7
S214051B10491A0500561A0500611A0500741A0500CB
S214051B20831A05008F1A05009C1A0500AD1A0500D4
S214051B30BF1A0500D11A0500E51A05006267627529
S214051B40665F696E0062676275665F6F75740062D0
S214051B50676275665F6E6F666C6F770062675F6D4E
S214051B60616C6C6F630062675F72616E646F6D5F58
S214051B7061657300497253144972FF00010203043C
S214051B8005FF00497253144972074907CDF61453E9
S214051B9000720000053A04008998010071B401003E
S214051BA0F73904009D3B0400973B040045BD010042
S214051BB0DB3804004B3B0400993B04009B3B0400C8
S214051BC03F3B040041920100D93704009193010080
S214051BD001020C00000004000000080002000000DE
S214051BE000000000000000000000000000000000EB
S214051BF0E339040000000000A00904020400000008
S214051C0000000000000000000000000000000000CA
S214051C10ED3904000000000003040200A0120501CF
S214051C20F93904000000000005000000000000006F
S214051C30000000000000000000000000000000009A
S214051C4000000000059A01000000000046000000A4
S214051C50000000000000000000000000000000007A
S214051C60359A0100000000000A0000000000000090
S214051C70000000000000000000000000A0000104B5
S214051C80A0010107000000000000000001000000A0
S214051C90000000000000000000000000000000003A
S214051CA06D9B01000000000002040800A00906095B
S214051CB0A0070605A00D0600A00A0602A002060457
S214051CC0A0050607A0020608A005060606000000F1
S214051CD000000000000000008D9C0100559C0100DE
S214051CE0B59C010000000000000004020503060183
S214051CF007010108090A0000A0010401A0035C0110
S214051D00A0015C02A0025C00A0030F03A0030F0461
S214051D10A0020F09A0050F02A0050F00A0010F01E4
S214051D20A0120100A0030106A0040103A0020105FC
S214051D30A0030108010102048D3B04000000000019
S214051D4020000115199C01006267617069206275A3
S214051D506666657273000100020000000000000060
S214051D60030000000D00030002000100050001024B
S214051D70036761747420636F6E6E656374696F6E56
S214051D8000000000FB349B5F800000800010000010
S214051D9000000000F7510400F542040091380400E5
S214051DA0E1520400A0050902A0070904A0040903DE
S214051DB0A0060905A0030900A0030906A0070A0056
S214051DC0A0080A03A0030A04A0010A05A0060A0142
S214051DD0A0070A02A0060901A8042400A8062401F3
S214051DE024000000000000000000000000000000C5
S214051DF000000000A8031B00A80C1B011B00000028
S214051E000000000061DB010000000000000000008B
S214051E10A8042300A8042301A80423022300000025
S214051E2000000000A1DD0100000000000000000029
S214051E30A8021417A805140CA8041402A805140370
S214051E40A8001418A8031404A8051410A80814114B
S214051E50A8041412A8071400A8021405A808140B51
S214051E60A8051408A805140EA805140FA80214142E
S214051E70A8021415A8021419A802141AA80714090A
S214051E80A8061401A8021407A8021406A800140A36
S214051E90A8051416A800140D140000000000000084
S214051EA00DDE01000000000000000000A804180078
S214051EB0A806180118000000000000000000000039
S214051EC000000000000000002600000000000000E2
S214051ED091E501000000000000000000A8022202B3
S214051EE0A8032201A8002204A80622032200000057
S214051EF000000000C9E60100000000000000000028
S214051F00A8121900A8051901190000000000000014
S214051F10000000000000000000000000280024006B
S214051F203DDB01002800140069E5010028001415B2
S214051F30CDE401002829140475E301002815221AAA
S214051F4025E901002808220C01E801002808220AD4
S214051F50CDE7010028062213B1E80100280E22115C
S214051F6039E801002802220165E70100280322035B
S214051F7095E7010028081904D5ED01002806190380
S214051F809DED0100280F190015ED0100280919011E
S214051F9065ED0100D23A0020D33A0020D43A00205D
S214051FA0271800DD2A00DB2A00DE2A00DC2A0000CE
S214051FB00000000000010204081020408000000018
S214051FC09954040085F90100E9F80100E554040078
S214051FD003010200700BAFDFD5ECC39B3704A12CC1
S214051FE00767869C0000000059FC02000000000000
S214051FF000000000000000000500000000000000D2
S2140520000000000000FFFF000000000000000000C8
S21405201000000000000000000000000000000000B6
S21405202000000000000000000000000000000000A6
S2140520300000000000000000000000000000000096
S2140520400000000000000000000000000000000086
S2140520500000000000000000000000000000000076
S2140520600000000000000000000000000000000066
S2140520700000000000000000000000000000000056
S2140520800000000000000000000000000000000046
S2140520900000000000000000000000000000000036
S2140520A00000000000000000000000000000000026
S2140520B00000000000000000000000000000000016
S2140520C00000000000000000000000000000000006
S2140520D00000000000000000D50D02000000000012
S2140520E000000000000000000000000000000000E6
S2140520F0275B0400435B0400C35B0400F19C0400FB
S21405210085E20100EDE2010011E3010031E3010083
S21405211001000000020000000200000001000000AF
S214052120100000001000000001000000080000007C
S2140521300800000003000000850000000300000002
S21405214085000000010000000400000004000000F7
S214052150010000000200000002000000040000006C
S21405216008000000100000001313804B83838A03C9
S2140521700283830001010101000101000101000144
S21405218001000101020304444C594646444647549F
S2140521905454000101000202048506870205020266
S2140521A0020303000101010009000509464746121E
S2140521B0020080031202030400000485068700005F
S2140521C001000000040000000100000004000400F7
S2140521D001000000100000000000880001000080DB
S2140521E0110000800100000002000300020000004C
S2140521F0040000000C000000010000800200000042
S214052200010000800202040810204080E539020023
S214052210D1340200F9340200212C0200155E0400B8
S21405222019450200112E0200992E0200C12B02004C
S214052230D92B02003F5E0400355E0400495E0400AB
S2140522408B5F0400F35E0400F75E0400EF5E040097
S214052250DB5E0400F950020000000000B14E0200EB
S21405226000000000000000000000000000000B0059
S21405227000000100440000000300300000001010BC
S214052280010000000F10060000001510C84C0100E4
S214052290121030000000111000030000131000306B
S2140522A00000141000800000021100009E090111B4
S2140522B00000600602120000002000120000002048
S2140522C00112000000100512000000400812000070
S2140522D000800F130000040007120300000010130F
S2140522E00C0000001113100000000114000100008E
S2140522F0001440000000011480000000000003B731
S2140523006D7D01000C4892820200700000000300FB
S214052310800000000000DF2A00AF010020550050B5
S214052320020000807F000300000080000000E72A0E
S2140523300000010018550000040000804E27050027
S2140523400000B1D80A00DB0000000B0024010000E5
S2140523500C00000600000D00000800000E0000B08E
S21405236001000F000040020012000000500013009C
S2140523700000A00014000000000315000000000483
S21405238000100E0000000110100000000210E01EF4
S2140523900000031000010000041000E00000051016
S2140523A000000100061000000200071000001800DB
S2140523B008100000040009100000E02A0B100000B9
S2140523C000550A10000000800A10070000000C10D7
S2140523D0080000000D10100000000E106000000040
S2140523E00F10000300001010800000001210000CF3
S2140523F00000111000300000131000C0000000118E
S21405240000000F0001110000700000120000804857
S21405241001120000009302120000002402120100BF
S214052420000003121E0000000412C0000000051282
S2140524302000000006120003000008120004000039
S214052440001300B8AB0001130000001E0213004085
S21405245054010313000000E0031384000000061374
S214052460320000000413001E000005134901000099
S21405247007130020C02A0A1300C001000B13000032
S2140524801C000813000000800913000022550813DD
S214052490070000000F130000EE0E101300000020CA
S2140524A01113000010110412000000C0001477007C
S2140524B00000011488000000021400F50000031453
S2140524C0000A01000414000056DF05140000A820C9
S2140524D004147B0000000514840000006C2205002F
S2140524E0000003007E22050040000F00D8220500EC
S2140524F060000600FC220500008004001423050089
S214052500208004002C230500408004004423050099
S21405251060800A008023050000820C00C8230500A1
S21405252020820E001C24050040820A00582405005F
S214052530608209008E24050080820500AC24050013
S21405254000830600D024050020830200000000005A
S214052550000000000000000064000000000000000D
S214052560E80300000000000010270000000000003F
S214052570C0270900000000000A10001006000A1017
S21405258009100710061002100410000000000710BE
S21405259000100400071006100210041000000000CA
S2140525A0000000000F100E1001000F1000000000C4
S2140525B000000000000000000000111013100100CC
S2140525C011100000000000000000000000000000E0
S2140525D01210131001001210000000000000000089
S2140525E00000000000000113001006000113001390
S2140525F00710061002100410000000000413001057
S2140526000800041303130113001307100610021025
S2140526100410061302100100061300000000000057
S21405262000000000000000000B10011002000B1057
S2140526300810000000000000000000000000081060
S2140526400110010008100000000000000000000056
S21405265000000000051301100300051302130810FF
S2140526600000000000000000000002130110020038
S2140526700213081000000000000000000000000023
S21405268007120612010007120000000000000000F5
S21405269000000000000008130010080008130713C8
S2140526A00113001307100610021004100A13021077
S2140526B001000A13000000000000000000000000F2
S2140526C000000B13021001000B13000000000000B1
S2140526D0000000000000000000031800B982020098
S2140526E0376F04004F71040021710400236F040046
S2140526F0B9710400B571040005720400E56F0400A5
S21405270001004100977404006375040079740400A1
S21405271011830200277404008B7504002B740400D3
S214052720E9740400000000002C31A47B5779809ED4
S214052730F44CB5EAAF5C3E43D5F8FAAD4A8794CB80
S214052740987E9B03745C78DD919512183898DFBEE9
S214052750CD52E2408E43871FD021109117BD3ED43F
S214052760EAF8437743715D4F008D0297CCB3E7C710
S2140527706B152E0FB025E4E71E3929A0F09D2B8C8E
S21405278045F168B87E16041DE44B024CB80634FCC9
S214052790D0706C24A833EDDB2EB57151510316C9E4
S2140527A0893EE4B4BC85F6DE5900F465E43FF23DA7
S2140527B03F1B9DC7DFC04DA8758184DBC9662047D2
S2140527C096ECCF0D6CF5E16500CC0201D048BCBB9C
S2140527D0D899EEEFC424164E33C201C2B010CA6BA8
S2140527E04D43A8A155CAD8ECB27900DD8402006134
S2140527F083020000FD750400F9830200818602004D
S21405280039850200E98B0200B58A0200CD8E0200EA
S214052810798E020059890200A9870200518F0200AD
S214052820FF750400FFFFFFFFFFFFFF000700000026
S21405283002000000070000000B0000000700000073
S2140528400500000005000000000000000000000074
S214052850020000000400000007000000020000005F
S214052860070000000B000000070000000500000040
S2140528700500000002000000020000000200000043
S21405288004000000250000004D8B0400918B040019
S214052890038C04000000000000000000000000009B
S2140528A00125736225736225736225736200736D55
S2140528B06B3200736D6B34006964360100707263A9
S2140528C06B007072636B323536007072736E007013
S2140528D072736B0076746164007072646B00736D5E
S2140528E06B33006964363401006E6B626B00696495
S2140528F031323801006E6B706B006E6B696B0000D1
S2140529004B9A0400E1EB0200F797040075DE02001F
S214052910AF940400BF940400F9950400A395040041
S21405292001E202003DDC0200F99804007F970400EE
S2140529301D970400E7960400B39604005D96040010
S2140529403F96040059DF020001E10200D398040017
S21405295025980400B398040000000000000000005D
S214052960000000000000000000000000000000005D
S214052970000000000000000000000000CC29050053
S214052980D02905009C29050000000000002A050046
S214052990000000010000000000000000000001002B
S2140529A008000400040004000400100020000400D1
S2140529B004000400100004000400000000000008E5
S2140529C0041000080202030410000000000A0000BC
S2140529D0140000000700000002000000C800000008
S2140529E03200000001000000640000000300000043
S2140529F0020000001027000014000000020000007E
S214052A0053696C6162734465762D00000000000012
S214052A100091E3720796E4750E9FED7C0998EA7BB4
S214052A201C8DFF6E1B8AF8691283F1601584F667A4
S214052A3038A9DB4A3FAEDC4D36A7D54431A0D24394
S214052A4024B5C75623B2C0512ABBC9582DBCCE5F84
S214052A5070E1930277E694057EEF9D0C79E89A0B74
S214052A606CFD8F1E6BFA881962F3811065F4861764
S214052A7048D9AB3A4FDEAC3D46D7A53441D0A23354
S214052A8054C5B72653C2B0215ACBB9285DCCBE2F44
S214052A90E0710392E7760495EE7F0D9CE9780A9B34
S214052AA0FC6D1F8EFB6A1889F2631180F564168724
S214052AB0D8493BAADF4E3CADD64735A4D14032A314
S214052AC0C45527B6C35220B1CA5B29B8CD5C2EBF04
S214052AD0900173E2970674E59E0F7DEC99087AEBF4
S214052AE08C1D6FFE8B1A68F9821361F0851466F7E4
S214052AF0A8394BDAAF3E4CDDA63745D4A13042D3D4
S214052B00B42557C6B32250C1BA2B59C8BD2C5ECFC3
S214052B10E3A904008D0C0300010D03007D130300DB
S214052B20E9120300D50C0300090500000A0500009C
S214052B300B0500000C0500000D0500000E05000045
S214052B400F05000010050000110500003031323376
S214052B503435363738394142434445464748494A6D
S214052B604B4C4D4E4F505152535455565758595A33
S214052B700A00000064000000E803000010270000BB
S214052B80A086010040420F008096980000E1F505FA
S214052B900102020300000000AD2D0300A12D030075
S214052BA0892D0300E52D0300952D030035BE040091
S214052BB06FBE040095BE0400B7BE0400D9BE04006F
S214052BC0617A0300197A0300257A0300F57A030073
S214052BD021C30400E7BB0400EBBB0400F7BB0400FD
S214052BE0EFBB0400F3BB0400000000004801000032
S214052BF0781700200001030383FF00000100008012
S214052C00FF7F00000080FF7F02010080FF7F030238
S214052C105241494C0000000050000000C139030035
S214052C20A000000081380300000100FA04FA000045
S214052C3033330A0A0A00084000210000000000009D
S214052C400000000000010101000001010000000174
S214052C50118E0300D58F03006D8F0300A574030046
S214052C608974030002020302020202040504040436
S214052C70010102030000000148700E0E44709A0D13
S214052C803070DA123C70DA163870F60D34701C0E99
S214052C903070700F2C70700F2870521124706A11E6
S214052CA02070000E1C70F611187068121470FC0D5A
S214052CB0B110076001D80A7108B87F78020C7E78D3
S214052CC0641000C6A01F00218CB8707801B0076894
S214052CD00F305CB30F330111C048069846022FB07B
S214052CE006D80C7109DD087100B853A809BB111088
S214052CF0076801682148076004100112FF32215059
S214052D0007605148076000880698841300C43C1F76
S214052D10002103DD087214BA281400A000BA03DFE8
S214052D20107109DF06720298E8058CB8507800A085
S214052D304413281441158110076002D814711088B1
S214052D400698EE1B00C00C7008400698481E0091B9
S214052D5006985C020060B83020D8067190BC637C8B
S214052D60084D5412F03240DE0472404804DB087207
S214052D700DDD0C72044BEF30144806989E0700C410
S214052D80E01008404412076201322140084C287CB6
S214052D90811140D91C72B1123032CF4A013AB1DAEC
S214052DA0107208D8067104D80871B04C237C3E70A2
S214052DB0684C4412FF328722047580B8D84C81D8F7
S214052DC0307140D90472237C084B06989E0704BAD6
S214052DD088B9767900C1186008403579E0490079E8
S214052DE006B904A901D86C72BC4C307C02982E0238
S214052DF008D83C7100C14C000840141110D9307138
S214052E00104C00C11400084014111814076100C5C1
S214052E10206008405415FF35047110491814A84C55
S214052E20441207620132067102981201B84C08D89E
S214052E300C7107BA24D8047106BA187004D80C7138
S214052E4001BA40D80E7102BA0A7005BA20D80472C3
S214052E5003BA604C4411404C1814076118149111BC
S214052E60383111429111076910D90472EF3200C149
S214052E700060084014111031016911422814A1118F
S214052E800761181406982E1E181400C10060084025
S214052E9014110769FF31181400C13C30084014119D
S214052EA018140761181430880248069848060093D7
S214052EB008DB047101F800A05CB00F3000A0108894
S214052EC0B111076980D90A7100C180000840081150
S214052ED0009100A000C400010840441000A000C0F6
S214052EE020300E40041104101050F47200A0541542
S214052EF0504512710698A8070698380718B87078CE
S214052F0000B8417806983C0390BA5B7A5C7A5D7A9D
S214052F1000C218500840241200C14C1F0021281179
S214052F200698F81B2088008800C5401F0021541508
S214052F305112FF350762FF3206986602015951297C
S214052F40047511590090212920750698FA040698EB
S214052F502A050698F602009203D80C7281110761BD
S214052F6002D90472FF0FBA7018B8727800F804D840
S214052F7042710088308800C0FC1F0021041000C183
S214052F804C1F00211412012A215A00C3185008406C
S214052F903413312A1A7500C0006008400410073043
S214052FA0FE200C76381108B87F78020C7E780093E0
S214052FB0009000A000C0F41F0021041000BB1DB443
S214052FC000A000C1DC1F002114111088FF3100C5C8
S214052FD0FFFF0000311207620762513A513B0E723D
S214052FE00698160D1159011201131E70311400882A
S214052FF031100698160D1159415C41280698180D92
S214053000513801130090012B0090208807600114A9
S2140530100760FF30215D411207620762312D087691
S214053020FF34415C4128015D31100698180DFF30CC
S2140530303088011300C0E01F00210410512B0C76C8
S214053040076801150768FF356070315BFF32212B75
S2140530500C75076001150760FF354E7000C5E41F47
S21405306000215415076507655112FF35FF30012B02
S214053070087521100760327021100768FF30012B94
S2140530800A75211007600760207000C2E81F00213E
S2140530902412211007600760FF30012B08752110E8
S2140530A00768067021100760FF300093009200C184
S2140530B00060084014142C490734FE242A7614159B
S2140530C0F0BC076C513C076803680154107100C4D6
S2140530D0FF0FFFFF513C01444811311200C5E81FA0
S2140530E000215415FF35076207622143544914121F
S2140530F02155FF355152281100A000DF0672011335
S21405310014703111312B112B016300C1FF0700002C
S214053110113B012B00C278FEFFFF05B86EBD312AB4
S214053120207505B8C8BDE8221875DCBD06B8DC22D2
S214053130107507B8F0220A7508B8E822047509B8AC
S21405314000C10060084014122C490732FE2216768C
S2140531500768036800C2FF0FFFFF1414213C0144F3
S214053160481150BD544914122155FF3551522811A6
S21405317000A001D82C71008800C004700840041017
S2140531808020FF301A7100C1B01E0021141107619E
S21405319020D9087106988204067006984A0300909E
S2140531A000A002D8047200A00088069838071DB44F
S2140531B028B9112C408800C3EC1F00213414404464
S2140531C05A7144130698A805411500C000600840CA
S2140531D004100730FD20447500C20870084024100E
S2140531E00760FF3080DC34710698520D01591C4A81
S2140531F0241007600260FF300698520D0158B22071
S2140532000129541331100698520D11280A75042504
S21405321054155045EE720698A8050094009000A037
S2140532207FB9066100C01C60084006988A1304151D
S2140532305153113B3155581002988413EBBD00C00D
S2140532403C1F00210411113D10D91271FF33076B85
S21405325000C190400846381118B97479581000A076
S21405326006985C028024E4240D300472044800C1EC
S2140532701C510840141100C3D81E002191150435B1
S2140532801A72181388BB08D804716C7B04D80471AD
S2140532906A7B8CBB2F7C5B7B1670044B181388BB34
S2140532A008D804716F7B04D804716D7B217C0C30C3
S2140532B001600698240706980C0C0698D40700B8F3
S2140532C0B111076940D906720298080701BC00C209
S2140532D00060084000DC0A7124150165604A0A7022
S2140532E01C4A241507657C4A043508D92071202414
S2140532F0512A241200C180000840320C28110762AA
S21405330028110762281107622811500C00C1341FC6
S2140533100021141200DC347120D8067101B80C7037
S214053320F0DA0C720CDB087102B806982C074824F4
S21405333000C3306108403413076380DB0E7102B9A1
S214053340911308DB047203B906700C49141100C307
S21405335080000840FFB8012011410871014118138B
S2140533600824014200C12000084014110141036DE4
S214053370514191152035016D5141181328134813F5
S21405338000C37C000840341003D80C71073005DCF8
S2140533900671084B227B8CB8507800B800C1341FE4
S2140533A00021141203682150F0300152281100A0A4
S2140533B04024066400C0FFFF0100013C1DB002204A
S2140533C00158402806751EAC01EC00A0208800C0F8
S2140533D01850084004121DB4211304123052F87117
S2140533E0066C402400C3741F00213410141106987F
S2140533F0820D0669009211592129067600BB1159DE
S21405340006983A0D80B80158013A0662313B0472B7
S214053410215A412A00A000C200010840317A00A0C6
S214053420308880B9076900C30000C0FF3110312815
S21405343000BC002D0C7511541EAC01EC312DF4703A
S214053440066C51134155312C009300A000C028404E
S2140534500E400413315107610C31076911533810BA
S21405346000A00698EC0800C0F41F00210411069879
S214053470D407217A237A00C30000100006981408A2
S21405348000C0541F00211DB1181000A000C0501F19
S21405349000211DB1181000C09C1F00210410002D2E
S2140534A0067500B826A80698A80700C09C1F002128
S2140534B00410012C06750698380728B010B911595E
S2140534C011380EB9114028A880B800C1443008400C
S2140534D0081100C1F01F00211410303B067107606B
S2140534E0076000C40830084044111150FF300151F0
S2140534F018146FB8076826A8217A050C21102048ED
S214053500267800C063EF0000314026A8050C20ECA5
S214053510B11140D90872247A20EC217A184826A8D9
S21405352028B00AB901510F31115028A8050C207A88
S21405353020EC0F0C98B8467841780698660200C2CB
S214053540401F002124100151FF311150081200A020
S2140535500698EC0800B826A800C0581F00211DB123
S214053560181000A030B840780DB101D9FC72427829
S21405357000C074300E4004114CBA407A1810144836
S21405358004115C7A1810A4BB707B4E7B4F7B00C27F
S2140535900430084000A00698EC08217A227A00BB81
S2140535A00698140800C0641F00211DB11810A4BB9E
S2140535B000C040300E400411033101492872B11293
S2140535C0076207623048041121510F3118726E7B6D
S2140535D06F7B104804114CBA7C7A181014480411F5
S2140535E0607A1810B11002D81071707B30B8627806
S2140535F060780DB001D8FC7100C0F8600840041171
S21405360001D90C7100C01800084002B9181008B896
S2140536106E780EB84EB110D90C723EA8140C0FB8C1
S2140536203EA8107044A8140C01B800C1AC300E407A
S214053630081100C077801F003DB201423DAA00C0B8
S214053640FFFFFFFC013A3DAA140C00C077E01F00FF
S21405365001423DAAFFB845207D7808B87E7800C1AE
S21405366024600840141107610631087100B90698F0
S214053670D01006988A13B11101D90E710698541EFA
S21405368002D906720698520C0698841351140698A9
S2140536903807F4B845780A0C00C0601F00211DB134
S2140536A018100298AA10FFB845205D7803B8076081
S2140536B044A83EA800C1AC300E40081110B80768F3
S2140536C03DB101393DA908B86F7800A046A800C0ED
S2140536D0FFFF0000013B076356AB94BA437A01D956
S2140536E01471013C47B300C0FE20FFFF013B314487
S2140536F047AC637AFFB82120407802D90471607818
S21405370000A0C8BC066C415C512C067506983807A7
S2140537100698300EB110076805D8367140BA069877
S2140537205A138CBC7F7C08B86578911004D818713C
S21405373088B86E78577800C06400084021780698E7
S214053740F81001400872427C069896130298E40B1E
S21405375008B86C7820B859785B7800C0F440084003
S2140537607878797800C1C81F0021141040A8184938
S21405377014130449408814140C4914118112076A5D
S214053780006A01DA187188B8577800C0CC1F002186
S2140537900410016107630763076407640698540A03
S2140537A000944EB010D842724DB161B80158113828
S2140537B040B102D90A72604804BB415408702048DB
S2140537C002BB02BC4DA8F8B87078190C3EB1414151
S2140537D03EA9F4B973797378717800C4F840084047
S2140537E000C200410840227000C20000010044AA41
S2140537F0230C00C200000B0044AA00C41041084078
S21405380000C21841084004BB587C050C597C0C24A2
S2140538100F0C2FAB050CB11008D81471647A657AB5
S2140538201CB879787B7820B879787B78607CF42426
S214053830411306989E0751144044067506983807A6
S214053840727BFFB84D20050C687840EC00C05C1F05
S21405385000211DB11810911004D8147100C0B01EB7
S2140538600021041080D806711CB8737800F818B8C3
S21405387000C1D41E002100C2185008402412281189
S214053880777800F800C0B860084004110761076142
S21405389080D9047240EC00C4F84008404EB010D8F9
S2140538A00471182441130C23527C407B11512FA917
S2140538B0050C797C0A0C00C0000001020814787C0F
S2140538C0050C507C08B86D7800A000C0287008402C
S2140538D00411108800C1001800401810444804114F
S2140538E0108878480411108800884CBA757A181024
S2140538F03DB11088F4B84278442072782848737829
S214053900F8B873784FB200C4FFFF8080413A4FAADB
S21405391001BC01644113076300C06C70084003B91D
S21405392018100110011001B918100110011001102E
S214053930011068480411076101B80160003A047176
S214053940044904D9047241520760003A04710849D3
S21405395008D9047231520460003B0E72006300649D
S214053960314241424FAAB2704FAAF8B85378182090
S21405397053782848527800913DA900900091181078
S21405398000917848181000914448181000A0115965
S21405399010D906710760076008D90471076004D955
S2140539A00471036002D90471016001D904710060D5
S2140539B000A000BA01D806710148112A0069006006
S2140539C001D8F6720138F67200A08020FF30FF4855
S2140539D0812000A002EC00CA02EC00C8076A01427A
S2140539E002EC00C8076A014202EC00C8076A0142F9
S2140539F000A000C21850084024121159212912733C
S214053A0000210E7100C230500840241201212129E0
S214053A1000A00698EC0888B8577800C57C1F0021DA
S214053A205088044D88BC00C0BC1E0021811101D9F8
S214053A301E71407C009501157C4D5088044DFFBBDA
S214053A40076B315B041106987A0D3129F8750698CF
S214053A50421D54150698541E01D9087206981E096B
S214053A6006700698800988BB547B009500F8069872
S214053A702E0A0E7006980C0C06982E0A0698D61175
S214053A800698D8089112211900C0246008400A78C3
S214053A90097800F810B901BA069850130698AA10C6
S214053AA000C57C1F002100F89112033288B900C3B7
S214053AB0B01E0021341300C4A81008408CB8427804
S214053AC0707903DE0671447872707179A11020D87A
S214053AD00A7106981E0902987C0F80DB507102D881
S214053AE04C7205B830880763076302DB2A7100C38A
S214053AF0AC0008403413066380DB0472804800C3BC
S214053B00102008403413315B0472404831283128B0
S214053B1002600814076800930814A11010300248C4
S214053B20081400B808149110076008148CB8627859
S214053B30A11000DC0676517900BA80DB3A7100C028
S214053B4000000200003B307150884110344803DE07
S214053B5004719048041508200411F82058101C20FC
S214053B60217800C0A40008400E7810D904722E787B
S214053B700698A0160095911120310269911004D877
S214053B800E7200C1481F0021141101D90A71208840
S214053B900698D010009200C1180008400533054B62
S214053BA01872184C03DE0471904C441400C3FF1FB2
S214053BB00000413BFF233811B84900C33061084077
S214053BC03413076380DB0E7103BA076A0698640F21
S214053BD000BA0870076A0698640F044908790979D7
S214053BE014102140081100A000BD0698400210B927
S214053BF003DC047100B901BA0698501302D90671A0
S214053C0000404E7201B107690F310698F810FFD8CB
S214053C102872811008D8187106DD0A7106984002C8
S214053C2003DC0C7206983E11069896130C7006DD9A
S214053C30107106984411487020B802A806DD107267
S214053C4006982E0A0698D80801F840B802A800F883
S214053C5000C0B01E00210413076301DB227191101A
S214053C600111076911388CB910D808714479029882
S214053C707C0F02DBFA72A11328DBF47203BD0698EB
S214053C809E1006982E0A00C5801F00210698400241
S214053C9000BA03DC4A72044DA11002D804710C4D1B
S214053CA000C0140008400410026800C3701F0021FD
S214053CB03411112800C1306108401411076180D9FC
S214053CC00C71911108D90671FC230C4DFC23341197
S214053CD006983A0D00C10C5108400698540754152D
S214053CE0212D00C0F8600840041101D9227100C0DA
S214053CF0381F00210410033001DC147200C01400C4
S214053D0008400411FB21087607BA076A212D069894
S214053D10EA0702988A0A9110015503355150011990
S214053D2000A000C1441F0021141001D842710148AB
S214053D300760FE200E75811020D8087100C1481F47
S214053D400021141101D9287100C02460084004120E
S214053D50215107610F3107691152281000C0006014
S214053D60084004119112215120311152211900A049
S214053D70811380DB067201B800A000C30C50084012
S214053D803410063030727C4B34122C4B34100760DE
S214053D90076040302072811080D8DC713410014AEB
S214053DA007620360803021508C480A717F235523B3
S214053DB03410013000A000BD06989E1088B84778DC
S214053DC04578437800B8447800A006982E0A0698E9
S214053DD03E1100C58C1F002154150698EA07029867
S214053DE08A0A00C374000840027B06988A1350BAF4
S214053DF006985A130698F810FFD84A71911004D8F9
S214053E004872811007601CD8407220D9387211128A
S214053E10FF322151347180218021111400C0E01E2B
S214053E2000210413FFBA3151113A215111538CB9AF
S214053E3038107B7940440E7200B900C2B81E0021C6
S214053E401812067008B860780698841300F800B94A
S214053E5000C29C1008401812244A0AB9181288BADB
S214053E60507A517A577A8CB942795F7900A00698CC
S214053E70400207DC1072911000200A750698D611CC
S214053E800298280E0698D80801B9911004D804712E
S214053E9000B910BA0698501300BA00402A7100C03F
S214053EA0B01E00210411076101D9127104D9E2720E
S214053EB08110076001D8DA718CB8647800C11C518E
S214053EC00840069854070698D61100C5901F00218D
S214053ED05415212D06981E0900C5941F002100F8CB
S214053EE000BC811108D9167280D9207201B910BAA2
S214053EF00698501300400E7101BC107006983E11CE
S214053F000698961320B802A800F80698D6118111CF
S214053F100231127100B900C20C1008401812244A6A
S214053F2002B9181206983E1100C5981F00215415AF
S214053F300698CC1D02988A0A04110121147188BAC4
S214053F40737A042004122811042004110121F47246
S214053F5000A006989E0701F8911010D834710698AF
S214053F603C030698FA0406982A0500C51C51084025
S214053F70541106987A0D00C5D01E002154155129F6
S214053F80E27518B876788CB8447801B802A800F8B7
S214053F90B110076810D82E7100C04810084000C33D
S214053FA0000008403114884C44113411076101D9CA
S214053FB0FA71441228100762281007622810076253
S214053FC02810E8700298760206985C02113804728A
S214053FD0016A00BB00C1E01E0021141120390C72D5
S214053FE0911210DA0672417B00A006988A1300C269
S214053FF0B01E0021241220DA0472617B88BA527A38
S21405400000A088BA727A811204DAFC7200A088B819
S2140540106B78577800C0640008402F7800A0069893
S214054020E4100763076390B9637900B902DB227170
S21405403002EC00C909B801D9507200C2AC000840AC
S2140540400E7A10D904722E7A0698A016E03107610A
S21405405002EC00CD114502EC00CC01DB087100BB7B
S2140540600298FE1703B841110731FA211C7606217E
S214054070911210DA087102DD10721E7020B80698CB
S214054080160D3038147208B80698240700C02400A8
S21405409008402978207800F8046020D80671029830
S2140540A0581502EC00CA05B823DA187104DBDA7174
S2140540B020DAD67110DAD27290B8617800B801DAD3
S2140540C0067202EC00C8911110D9267100C1C01EF7
S2140540D0002114111150FF300C720661A110115009
S2140540E002300A7180DB0A720AB89E708CB97C7938
S2140540F00768911111402111C0311140011990B87E
S214054100411108D90471667820D904726578A11022
S21405411002D80672C0DA1E7190B8273123DD087200
S21405412010DB1072607825DD0A7121DD087208DB68
S2140541300471627803B8411107310872A11520355C
S214054140AA7102DD3272A11120D9A07102D9287296
S214054150CCDA9872411140D9927206B802DB10711A
S214054160046500C1102008401411112D112D054DB0
S2140541705C720298E61321114049C0D94E71A031F0
S21405418041154035016551410361076308DA1E7222
S21405419004DA38721049A1150235067110DB0E7265
S2140541A001340A7108DB247190B86778CC32111097
S2140541B01A300ADC0872CCDE0471FD3100C00D0F22
S2140541C00C0D0698180D01D8607207B802981014E1
S2140541D000BA411108D90C7102EC00CA05B830DAEC
S2140541E0EC720734F031026101DA0471014900C04E
S2140541F0F300A3E30698180D01D8D07100C09814F3
S21405420040680698180D4030014440DA0471204C89
S21405421004320162204A1110063000680142183146
S2140542200269114202982E14204A00C0051708504C
S2140542300698180D113001422088FFBB0DDA507123
S21405424000C1DE1B250180BC04DA107208DA0A728A
S21405425000C120841000E024A024076341430164C4
S21405426001DA06711E49024B00C0281F00210763AC
S2140542703810BC2002DA127101B91159A11380DB7E
S214054280087100C100FCFF01181002988A1700C4C7
S214054290B01E0021441080D87C710092D0DA0671D9
S2140542A00DDA0C7190BD437DEFBD0698C605036219
S2140542B00DDA8672A11105D95C7100C23810084066
S2140542C024120C24281401D9067202D9327140D959
S2140542D01E7102EC00CA211018320471FA2220D889
S2140542E004720822FE22087502EC00C8F87001D98F
S2140542F00E7102EC00C802D9067204DC187200C002
S214054300B01E00210410026801D8067190B86478C2
S21405431018B873780298FE1700C50020084000C03C
S2140543200417000008D904720A480815104D00B88D
S21405433008D90472FF200815084D00C0088400003F
S21405434008D9087200C02083B8ED0815104D207DE9
S21405435000A000B8011A00C0740008400278911049
S2140543601030011905BA06985A1302D9067101B814
S21405437002A800C0B01E0021041380DB0671029857
S214054380A61340DB067102983E198CBA7C7A01DBCF
S2140543906C7100C22C1F002124111114FF3402EC8D
S2140543A000C8FF24FA7607610698260D03611138C2
S2140543B00F3003611114011141100698260D01D81E
S2140543C0087203B8029810141C4A02DB24712410E4
S2140543D0112811280412023006710762076200C010
S2140543E0FFFF0000213800C218000840FF20081211
S2140543F0411007600698260D01D87C7120BC103345
S214054400767100BB00C1281F00211415C021112C90
S2140544105112076A0F320E714088511406985418C7
S2140544204143009451120765036A0F320E7141111C
S214054430511406985418036C41430765513B00C157
S214054440E41E00211411111231100F30127100BA3A
S214054450046101D80471114200600FD8F47231105E
S21405446002601E30047201B8003A087204B8029859
S21405447010140298161600C1306108401411076121
S21405448080D91A7102EC1DB002EC1DB10158112835
S214054490A0B91159112806758CBA637A00C0341F65
S2140544A0002104110F3103DD1A7200C000600840B8
S2140544B0041007D80E7200C01040084004B9181042
S2140544C000F80698E4100698C40500F83088508869
S2140544D0FF34087102ECFF24F87002EC00CD1410CE
S2140544E001BB5150FFD8047131440760006B10DBE7
S2140544F0F2710421FF22E4720F4C0095009300A090
S21405450000C01860084004100560073000A00CB80D
S21405451002983A1902EC00CAFFBC80BD06988818B6
S2140545200448187202EC00C92115F03500650F32F3
S214054530076A114200C4FF0F000000C1C01E00211B
S214054540141031110113413B02EC10D908712114E6
S21405455000CA2C70305206714052B472211407609E
S2140545600760FF3055DC187100CA005212710ADE6A
S2140545700E714ADE0A7155DE06713052927200C11E
S214054580C41E0021108806982E1E073111450765A2
S2140545900765414500C30C70084034130763FF33B5
S2140545A007633145009158110849281118B87578E0
S2140545B00BB8029810140763076302EC00CA02DB07
S2140545C0127155DE067202989C1854DE0672029821
S2140545D09C1801DB12710698600D06985C0D02ECBE
S2140545E000CA0298FE1700C1BC1E002114147C499F
S2140545F00698600D40522E7204DBE07190B8637821
S2140546000698881804486E7200BA0698600D21133D
S214054610141000C1FF0F0000113A105254710152D8
S214054620113A067104B88C7000BA0698600D21110F
S214054630FF3207611114911010D82271073103DD7E
S2140546401C7200C1C81E00211411FF3111520671DB
S2140546500AB8D4708CB97C790298FE17411081305F
S21405466081DC0E72076A034A076A0F4A0698181B0A
S2140546700298FE171410FFBC013C0698BE1B02EC00
S21405468000CA02EC00C902EC00CB076A3142076A91
S21405469021410F3302EC00CD02EC00CA004008723F
S2140546A0211302EC00CA07621142911110D92A7132
S2140546B021110F3103DD227200C1C81E002114111D
S2140546C0FF31076A00230C71115308710AB8029866
S2140546D0AE198CB97C79147021110F31076A02DD89
S2140546E05A7101DD067103DD4A7200880AB906981B
S2140546F0021B00902111FF32FFDE387120543872FC
S214054700FC25187202EC00CA01DE107202EC00CA23
S21405471018DE087288B877781A7006610040047249
S214054720006180D90E714CBA477A06985A1B90B824
S21405473043780298FE1704B89670FF32FF24F87582
S2140547400BB90698021B2110E03001584128E87580
S214054750F83002601F32215A0125212DDA75012A0B
S214054760D67602EC00CAFF20FA764111073101B869
S2140547700698160D003AC071BA7000400871069882
S214054780921B0470022106B81159112DAC7500A0B4
S21405479000C5A81008403110036008150111076010
S2140547A0076007690F30F03111400815076303638A
S2140547B03815281507622815076228157FBA2815A3
S2140547C000BA28157FBA281590B8437818B87378B4
S2140547D000A00698CE1B11140CB900400A7100649F
S2140547E00AB90698921B03BD514400C5A810084097
S2140547F0202A04752815481507644815181500401D
S214054800047238150764481500A00088408800C063
S214054810C81E002104100760073000C420000840A9
S2140548204414412C0472012441384050047201217D
S2140548300094009000A000C0C81E00210410076068
S2140548400730074800A000C2C01E0021241221140C
S214054850076AFF320CDE0A710D4A0671215A00A05E
S214054860FF34411200A000C1B41E0021141100A09F
S21405487030880698041E8111076102D906720298CF
S214054880E01C88BB557B076120D906710298D01CB1
S2140548900088A11007680698EE1B08211415FC254C
S2140548A090BB5C7B5D7B00C100600840141107313E
S2140548B0FE21307608D82A725113FC23341304DB04
S2140548C02071076BFF33315B00C108700840141177
S2140548D0076180490C71FF313029607590BB7B7B81
S2140548E01C707B7B7C7B00DD04717D7B01BB3815F2
S2140548F08113076B4033067118BB717BEC25541387
S21405490000DF5471042505DF5471541521112088E4
S21405491006987A0D009251293E7500C10060084040
S214054920141102DB0C710731315B31292A760C70C4
S21405493004DF0872006180D91E720698EE1B00C05F
S214054940087008400698481E0698EE1B1411FFD9F5
S21405495060720298261D0090009300A05415A111C0
S214054960076910D9A672082508D8A071082510D899
S2140549709A712088211106987A0DFC255412112A61
S214054980F82554110C2520D80871F025541110254A
S214054990202904762159181500920298921C18B9F8
S2140549A07179811010D80A7188B8447800B84178B2
S2140549B088B9747908B9677900F88110A0D80871A4
S2140549C088B9497900A0076002D8FA710698EE1BE7
S2140549D0108806988A130762076210DA087108219C
S2140549E01415F025541100C20020FEFF202912756B
S2140549F00698541E01D90A7206982E0A0698D808F3
S214054A0000941CBB41100C200698C01241110821C9
S214054A1014100698C0123128441111120761FF318F
S214054A20FF32012210521072076918140424441329
S214054A30042438140C700769214118140824081436
S214054A40029884134044147100C1B81E0021141541
S214054A505113036B0FDB0C72066D0698A8074115FC
S214054A6000A00698D80806988A1308BB511406981D
S214054A708C1D4415FC2554150298EA0788B900C311
S214054A80B01E00213413076308DB1A718113A0DBFF
S214054A900671497910706979076302DB087208B9EF
S214054AA0677900F800A08111076102D9107188B9ED
S214054AB075790698EE1B1411FF3100A0FFB900A00A
S214054AC0041008211411F421081100A081110761B2
S214054AD0076110310E710698EE1B08211411F82196
S214054AE0141100A09B070000184C05002050050077
S214054AF0F8510500844D0500DC1F04010000000088
S214054B00000000000000000000000000F01F020189
S214054B103F00370000000000FC1F010100000000F8
S214054B2004000200018101000001000018000200D7
S214054B30000000000100000028000300000000003F
S214054B400000000000000000A4000300FF4C000069
S214054B50FF4D0000FF4D0000002001000807000083
S214054B6010200100AAAAAA00182001000060DA0099
S214054B700830010013AC00013430010001000000CC
S214054B804030010000000000A04001007A27000F19
S214054B90F4400100201000003441020080080000A7
S214054BA0E687000044410100C0E6524D604104001E
S214054BB000000000000000000600000006000000DF
S214054BC014600100100000002860030000000003C8
S214054BD000000000000000006060020029417671B8
S214054BE0000000004C610100010000002070040078
S214054BF0000000008200000000008001D5000000D3
S214054C00487002003C3D0000BC19000078700100A9
S214054C1006E04900FFFFFFFFF84A05000000000018
S214054C20304C0500010000000000000000000000F8
S214054C30544C0500809C2B8F80841E0000000000CD
S214054C4027008C0020120020000000000000000055
S214054C5000000000F81F01019C5305003400040005
S214054C601000000000000000C830002020070000EB
S214054C704800010000040000540002000D0F00006B
S214054C8001010000A000010003C001003030010052
S214054C90F93D1000B840010000C083004041010006
S214054CA0E900880018600400300000461F0804006C
S214054CB00020001000500A0050600400180005008F
S214054CC0000A00000A00800011000A0078600C0047
S214054CD00F04000000000000140012005B948C1BFB
S214054CE00000000001040B192C404C59605B53472B
S214054CF036251B114AF3389667452312110900001D
S214054D00E46007008208BA8C00000000640482078D
S214054D10AC0DCB0C90200600F9541C0082940AC7F3
S214054D2004610300C7EF1100A01B00000A880000FD
S214054D3020610100FFDF0000306107004CD4E83B2E
S214054D4004196F00080E141A20262C32383E10322D
S214054D505476980A1D5F00001470011000F80700CD
S214054D6014700130F80000001870020000030000FF
S214054D706000A58370700200060102000F9C030008
S214054D80FFFFFFFFF84A0500000000009C4D0500E8
S214054D90010000000000000000000000C04D0500F6
S214054DA0809C2B8F80841E000000000027008C004E
S214054DB02012002000000000000000000000000097
S214054DC0F81F0101E8530500340004001000000038
S214054DD000000000C8300020201700004800010031
S214054DE001040000540002000D0F00000101000040
S214054DF0A000010003C0010030300100F93D10009D
S214054E00B840010000C0830040410100E900880069
S214054E1018600400300000461F080400002000103B
S214054E2000500A005060040018000500000A000043
S214054E300A00800011000A0078600C000F040000CC
S214054E4000000000140012005B948C1B000000009C
S214054E5001040B192C404C59605B534736251B1132
S214054E604AF338966745231211090000E4600700E7
S214054E708208BA8C0000000064048207AC0DCB0CD7
S214054E8090200600F9541C0082940AC704610300AA
S214054E90C7EF1100A01B00000A8800002061010072
S214054EA0FFDF0000306107004CD4E83B04196F00B3
S214054EB0080E141A20262C32383E10325476980ADC
S214054EC01D5F00001470011000F807001470013013
S214054ED0F800000018700200000300006000A583BB
S214054EE070700200060102000F9C0300FFFFFFFF23
S214054EF0F81F0101045305003400040000000000FB
S214054F000000000000000000A007000048000100A7
S214054F100000000054000200000000000000000031
S214054F20A0000100FF4C000030300100E3381000FF
S214054F30B840010000C08300404101006D008800B4
S214054F4018600400000000C61FC0010000500000E5
S214054F50008000005060040018000500410C0000A9
S214054F60080000009100040078600C008C000C001E
S214054F700000000014001A000000000000000000F9
S214054F8001040B192C404C59605B534736251B1101
S214054F904AF338966745231211090000E4600700B6
S214054FA08F0846CB0000000023086404D007CB48D2
S214054FB091200600F9541C008294EA8704610300D8
S214054FC051551100B01B000089BB0000206101008F
S214054FD0FFDF000030610700E853FA00000000001C
S214054FE000000000000000000000000000000000B7
S214054FF0000000001470011000F80700147001305E
S214055000F800000018700200000300006000A58389
S21405501070700200054100000F9C0300FFFFFFFFB4
S214055020F84A05000000000038500500040000009E
S2140550300000000000000000F04E0500809C2B8F4D
S21405504080841E00000000002400FF7F2012002040
S214055050000000000000000000000000F04E050003
S214055060809C2B8F80841E00000025002500B40040
S21405507020120020000000000000000000000000D4
S214055080F04E0500809C2B8F80841E0000002600B5
S21405509026009900201200200000000000000000F5
S2140550A000000000F04E0500809C2B8F80841E00BB
S2140550B0000027002700FF7F2012002000000000C8
S2140550C00000000000000000F81F01015053050015
S2140550D0340004000000000000000000000000008E
S2140550E0A007000048000100000000005400020070
S2140550F00000000000000000A0000100FF4C0000BA
S2140551003030010011491000B840010000C0E3002E
S21405511040410100EA00880018600400000000C64F
S2140551201FC000000050000000D032005060040090
S214055130FC006900410C000000000000110008009A
S21405514078600C000804000000000000BE031A008A
S214055150000000000000000001040C1A2F465361F1
S2140551606862584935201407C491A0635644332312
S21405517022529224E46007008108A1CB00000000BB
S214055180198407059411CB48992006000161200073
S2140551908294EA870461030065B611001E37000095
S2140551A089BB000020610100FFDF000030610700B9
S2140551B0E853FA00000000000000000000000000B0
S2140551C00000000000000000000000001470011040
S2140551D000F8070014700130F8020000187002008D
S2140551E0000300006000278470700200C300000002
S2140551F00F9C0300FFFFFFFFF84A050000000000B4
S2140552001052050006000000000000000000000027
S214055210C8500500809C2B8F80841E00000000006F
S2140552202200FF7F20120020000000000000000082
S21405523000000000C8500500809C2B8F80841E004F
S214055240000023002300B600201200200000000006
S2140552500000000000000000C8500500809C2B8F51
S21405526080841E000000240024009D0020120020DB
S214055270000000000000000000000000C850050007
S214055280809C2B8F80841E000000250025007D0055
S21405529020120020000000000000000000000000B2
S2140552A0C8500500809C2B8F80841E0000002600B9
S2140552B02600530020120020000000000000000019
S2140552C000000000C8500500809C2B8F80841E00BF
S2140552D0000027002700FF7F2012002000000000A6
S2140552E00000000000000000193F01060410010040
S2140552F00001010600102700000C00000000000059
S214055300000000000D0000001CC771000000000032
S214055310E8520500345405000000000018CC66006D
S21405532080DE800240420F0001010000E3380002E3
S2140553300000000000000000000000000000000063
S214055340000000005B420F000000000000000000A7
S2140553500D000000388EE30000000000E85205004E
S2140553603C54050000000000E070720080DE8002FC
S21405537080841E00010100001149000200000000A3
S2140553800000000000000000000000000000000013
S21405539041841E0000000000000000000D00000013
S2140553A00000800000000000E85205004454050097
S2140553B000000000201089000048E80140420F0068
S2140553C001080000F93D0002000000000000000092
S2140553D0000000000000000000000000E9410F008A
S2140553E000000000000000000D0000000000800026
S2140553F000000000E85205004C54050000000000BF
S214055400201089000048E80140420F000102000014
S214055410F93D00020000000000000000000000004A
S2140554200000000000000000E9410F000000000039
S2140554300000000028A00000C4090000B45F0000BA
S2140554405F050000FBD90200E7180000EBBE000070
S214055450E7180000281200200000000000000000E9
S2140554600000000000000000000000000000000032
S2140554700000000000000000000000000000000022
S2140554800000000000000000000000000000000012
S2140554900000000000000000000000000000000002
S2140554A000000000000000000000000000000000F2
S2140554B00000000000000000232D302B2000686C43
S2140554C04C0065666745464700303132333435361D
S2140554D03738394142434445460030313233343556
S2140554E03637383961626364656600002001041149
S2140554F019980100200004013198010020010402DA
S2140555005998010020020404559701002005040758
S214055510A99601002003040F5196010020030406F6
S2140555208D960100200804109997010020020405B5
S21405553071970100200C0403299701002003040934
S214055540C59601002001040A719801002002461044
S214055550059B01002002460FD59A01002000460053
S214055560559A01002004460B8D9A01002004460C2E
S214055570B19A010020040A0F359B01002005050697
S2140555809D99010020020503C59901002000050527
S208055590ED99010086
S20C0555941CAEFA7F01000000C1
S21005559CA855050000100020E2000000E5
S2140555A8B8D60400BCD8040000C00040020A020BA6
S2140555B80E100000000000006067010000000000F3
S2140555C802000000BD130000741A002024D9040048
S2140555D83CD90400E0B1FFFF000401400042040086
S2140555E80206FFFF02080BFF0B000000C0EA2101B8
S2140555F800F04902C0EA210100800000983D00201D
S214055608881300206810002000700700009000002E
S214055618A01E0020C8000000FE00000000000000D4
S214055628640D0500C0EA2101010000002BC704002F
S2140556382000000000000000000000000000000038
S2140556480000000000000000899F0100000000001F
S2140556580000000000000000350C010000000000F6
S2140556680000000000000000B98B010000000000E3
S2140556780000000000000000A995010000000000D9
S2140556880000000000000000A99B010000000000C3
S2140556980000000000000000373B04000000000082
S2140556A8F99B010000000000000000000000000053
S2140556B8ED9C0100000000000000000079A4010030
S2140556C80000000000FFFFFFFF00000028000000A4
S2140556D800000000000000000000000000000000B8
S2140556E8010000000100000014000000070000008B
S2140556F802000000C800000032000000010000009B
S21405570864000000030000000200000010270000E7
S2140557181400000002000000000001000800040054
S214055728040004000400100020000400040004001F
S2140557381000040004000000000005080410000816
S2140557480202030410000000381500206815002022
S214055758181500207015002090150020D414002078
S2140557688416002064170020E014002090160020F8
S214055778AC160020C8160020B4160020FC1400201D
S214055788E0160020F0160020FFFFFFFFFFFFFFFFD3
S214055798E82B050027BC0400FFFFFFFFF82B0500D4
S2140557A815C0040011C00400FFFFFFFF7D5003006D
S2140557B8FFFFFFFFC5C20400FFFFFFFF43C6040047
S2140557C8FFFFFFFF281200200000000078540500A0
S2140557D89854050058540500000000000000000015
S2140557E800000000000000000000000000000000A7
S2140557F80000000000000000000000000000000097
S2140558080000000000000000000000000000000086
S2140558180000000000000000000000000000000076
S2140558280000000000000000000011111111010E13
S2140558380102030405060708090A101112130A00CF
S21405584809000000596F7572204E616D65000200EB
S214055858080000000000000000000000200004000A
S2140558680000000000000200100000000000000014
S2140558780000000000000000000000000A0001000B
S21405588800000000000000000506020000000000F9
S21405589805070200FFFFFFFF000008070A001700BC
S2140558A800800100200020002000200020002000A5
S2140558B80107A000A000000000000000000000008E
S2140558C801000900030000000000FFFF01050401B0
S2140558D80101041F0101BF8FAF7F8700370F101026
S2140558E80004040F05140A0101FF000A53696C61D8
S2140558F8627344656661756C7455494428181D01BC
S2140559080301FFFF03FE0000044AD2F84C3143F0BA
S214055918004330BFC2F84C31704700BF00300E4018
S20C055928950300007103000061
S80400A3A9AF
