:1000000000100020A9A300003BB403003BB4030090
:1000100069CB03003BB403003BB403003BB40300D3
:100020003BB403003BB403003BB403003BB4030008
:100030003BB40300100D050083B103003BB4030083
:10004000C5B60300B1C204003BB403003BB40300D7
:10005000B96A0300C1C20400BDC20400A17203005A
:10006000B5C20400D9AB000049AD00003BB40300A9
:10007000F1130000A1B203003BB403003BB4030042
:100080003BB403003BB4030065AD00003BB4030088
:100090003BB403003BB403003BB403003BB4030098
:1000A0003BB403003BB403003BB403003BB4030088
:1000B000D5720300B9C20400ED8D030035FC0000C9
:1000C000117303003BB40300515503003BB403001C
:1000D0003BB403003BB403003BB403003BB4030058
:1000E0003BB403003BB403003BB403003BB4030048
:1000F0003BB403003BB403003BB40300000000002A
:10010000013800D0FCE7704700000000000000004C
:1001100001F0FF01102A2BDB10F0070F08D010F8B8
:10012000013B013A8B422DD010F0070F42B3F6D1BC
:10013000F0B441EA012141EA014122F007047FF0D5
:1001400000070023F0E80256083C85EA010586EA2C
:10015000010685FA47F5A3FA87F586FA47F6A5FA68
:1001600087F68EB9EED1F0BC01F0FF0102F0070274
:1001700032B110F8013B013A83EA010313B1F8D11F
:100180000020704701387047002D06BF3546033800
:10019000073815F0010F07D1013015F4807F02BF39
:1001A000013015F4C03F0130F0BC0138704700BF8A
:1001B00013B51F4C01A8214601F03AF960B13BF09C
:1001C000C7F83BF0C6F81B4B1B4918683CF0F7FA20
:1001D0000023236002B010BD184B1B78022BF9D10D
:1001E0004FF47A73206890FBF3F007EE900AF8EE74
:1001F000E77A17EE900A39F0E3FA0BA3D3E900236C
:1002000039F050F80E4B002239F07CF939F058FBE8
:10021000DFED0C7A07EE100A67EE277AFDEEE77A3B
:1002200017EE903AD5E700BFCDCCCCCCCCCCFC3F80
:10023000B1310020E01A002058CB04002C1300201C
:100240000000404000007A4470B5414C00238AB061
:10025000E363054618B10088236017F0E7FB3D4EC5
:100260003D484BF0EAFC3D4B336030463C4B7360FD
:1002700041F020FF0021304632F0C4FD32A3D3E923
:100280000023A062C4E9062341F01FFFD4E906233E
:10029000194310434FF0FF33C4E90601CDE90001D3
:1002A0004FF0FF32A06A4BF031FD02224FF0FF31D8
:1002B000A06A4BF02DFD012017F062F82949A06AD1
:1002C0004FF4007300224BF08AFDB0F5007F38D167
:1002D0000023CDE90733099394223C23CDE903326F
:1002E0000593A06A962303A9069332F0ADFE35B3B9
:1002F000287C17F04FFC0546F0B9A06A4BF04CFE85
:1003000017F0F0FB17F01EF820B14FF480700021B9
:1003100014F0C0F817F026F820B14FF40060002167
:1003200014F0B8F841F095FE012032F0BFFD0E4AFE
:100330000E49A06A41F0BCFE28460AB070BDFF20FD
:10034000D7E70725F8E700BF0DD5015520000000CD
:10035000F8130020C02C0020690345EC1172010045
:10036000B42C0020B42A0020592004009920040055
:1003700010B5054C237833B9044B13B10448AFF3DF
:1003800000800123237010BD4819002000000000E8
:100390009455050008B5034B1BB103490348AFF35F
:1003A000008008BD000000004C1900209455050095
:1003B000A3F5803A704700BF174B002B08BF134BC3
:1003C0009D46FFF7F5FF00218B460F461348144A60
:1003D000121A4CF0AAF90E4B002B00D098470D4B87
:1003E000002B00D098470020002104000D000D488C
:1003F000002802D00C48AFF3008039F04FFC2000F9
:1004000029003AF0B2FE39F035FC00BF00000800C8
:1004100000000000000000000010002088130020F1
:10042000983D00200000000000000000024A136810
:1004300003F5FA7313607047D41900207FB5234D7C
:10044000234C3AF085FF3AF084FF224928683CF0BB
:10045000B6F9FFF7ADFE204B029304220123CDE94C
:1004600000320223A288618820881EF097FE06468B
:1004700058B13AF06DFF3AF06CFF184932462868DF
:1004800004B0BDE870403CF09AB93AF061FF3AF030
:1004900060FF134928683CF092F9A288618820889F
:1004A0001EF09EFE044630B13AF052FF3AF051FF82
:1004B0000C492246E3E73AF04BFF3AF04AFF0A497B
:1004C000286804B0BDE870403CF079B9E01A00201B
:1004D0008812002094CB0400B1310020B0CB04007E
:1004E000D1CB0400F7CB040010CC040010B5254C90
:1004F00088B03AF02DFF3AF02CFF234920683CF0F9
:100500005EF93AF025FF3AF024FF204920683CF0DC
:1005100056F909F095FB002304220F2103200BF06C
:1005200059FF1B4B4FF40042C3F89C2000211622B8
:1005300002A84CF0FAF8022116483AF006FF1649D4
:1005400002A84CF01FF9012102A83AF0FEFE012397
:100550000093124A124800234FF4FA7109F050FC3C
:1005600041F2111211464CF2010300201EF026FD4B
:100570003AF0EEFE3AF0EDFE0A4920683CF01FF931
:1005800008B010BDE01A00202CCC040040CC0400C0
:1005900000A0004650CC04005BCC04002D040000F9
:1005A0009C19002069CC040070B50368764A23F4D6
:1005B0007F4323F0070393428EB0054606D002F135
:1005C0004072934200F087800EB070BD6F4BD3F83D
:1005D000982112BBD3F89821002AFBD03AF0B8FE3C
:1005E0003AF0B7FE6A4B6B4918683CF0E8F81622FF
:1005F000002108A84CF099F8674908A84CF0C2F807
:10060000022108A83AF0A1FE1EF086FC0023634AEE
:1006100063480093642109F0F3FB5D4D3AF098FEC6
:100620003AF097FE5F4928683CF0C9F81EF02AFCB2
:10063000044610B35C4928683CF0C1F85B4928685F
:100640003CF0BDF83AF084FE3AF083FE584B00933C
:10065000584A594928684FF48E733CF0B0F857490E
:10066000574A286823463CF0AAF8204609F070FB58
:10067000544928683CF0A3F8FEE7534C5349204600
:1006800019F0FAFD014668B107903AF061FE3AF0C0
:1006900060FE079928680A464D490EB0BDE87040D3
:1006A0003CF08DB8162208A84CF03FF8237804934C
:1006B00063780393A3780293E378019323790093FB
:1006C0006379444A162108A839F0DAFC042108A805
:1006D0003AF03BFE78E742682D4C12F020022ED013
:1006E000FFF766FD3AF034FE3AF033FE3A492068EF
:1006F0003CF065F8394A04210223686840060AD5AF
:100700003AF026FE3AF025FE354920683CF057F8CD
:10071000344A01210623CDE90112334D0122009212
:10072000AA88698828881EF039FD064650B13AF03B
:100730000FFE3AF00EFE2D4932462068ADE7114615
:100740001346DAE73AF004FE3AF003FE284920683F
:100750003CF035F8AA88698828881EF041FD0546D6
:1007600030B13AF0F5FD3AF0F4FD22492A46E4E7CB
:100770003AF0EEFD3AF0EDFD1F4920680EB0BDE8FD
:1007800070403CF01CB800BFA000010000201442E3
:10079000E01A002084CC040094CC040051B1030082
:1007A00064190020A2CC0400930C0500AECC040018
:1007B00096D60400B3CC04001BCD04002ACD04005F
:1007C00027CD04003FCD0400AA310020B031002025
:1007D00067CD0400A7CD0400C5CD0400B1310020D1
:1007E000D3CD04002C13002088120020B0CB0400CD
:1007F000D1CB0400F7CB0400E1CD04002DE9F04398
:10080000054693B03AF0A4FD414E424C3AF0A1FDAA
:100810002A684149206832403BF0D1FF2B683F4AAB
:100820003340934200F0658243D8A2F13C72934278
:1008300000F07B840CD8A2F58012934200F08280F5
:1008400002F5A022934200F05A8213B0BDE8F08373
:10085000334A934200F0298202F580129342F4D188
:10086000304D2B681622013B00210CA82B604BF069
:100870005CFF2D490CA84BF085FF02210CA83AF033
:1008800064FD162200210CA84BF04FFF2B68274A6D
:1008900016210CA839F0F4FB03210CA83AF055FD01
:1008A0003AF056FD3AF055FD214920683BF087FFAC
:1008B000CBE7204A934200F0098214D802F17E422D
:1008C000934200F0FD8102F180729342BDD13AF073
:1008D0003FFD3AF03EFDAA881749206813B0BDE8F5
:1008E000F0433BF06CBF154A9342AED13AF030FD75
:1008F0003AF02FFDB5F807300193B5F809300093B1
:10090000B5F805302A790E4920683BF058FF9CE77E
:10091000F800FFFFE01A00200ACE0400A80014032C
:10092000A8001401D81900204BD6040058D60400A2
:1009300066D60400A80014088ED00400A80014098C
:1009400006D10400914E3AF003FD3AF002FD9049C1
:1009500020683BF034FF334633F8080B0193F379FA
:100960000093B379B28871881EF050FC07460028C6
:1009700040F0F7803AF0ECFC3AF0EBFC8549206857
:100980003BF01DFF2F79844D0DF13008002F00F052
:1009900025813AF0DDFC3AF0DCFC804920683BF030
:1009A0000EFF0DF12D0304930BAB03930DF12B03FD
:1009B00002930DF12A03CDE900830DF12E03B288D5
:1009C000718830881EF04AFB09903AF0C1FC3AF079
:1009D000C0FCBDF83030099A714920683BF0EFFE49
:1009E0003AF0B6FC3AF0B5FC6E4920683BF0E7FE01
:1009F000E86829686A6800900023CDE90133012086
:100A0000AB681EF06BFB05463AF0A2FC3AF0A1FC85
:100A1000654920682A463BF0D2FE45B13AF098FC81
:100A20003AF097FC614920682A463BF0C8FE3AF04C
:100A30008FFC3AF08EFC5E4920683BF0C0FE3AF035
:100A400087FC3AF086FCB388019373880093328860
:100A50005849206800233BF0B2FEB3887288308882
:100A600000211EF08FFA58B140F20253984207D08D
:100A70003AF06EFC3AF06DFC4F4920683BF09FFE67
:100A80003AF066FC3AF065FC4C4920683BF097FE72
:100A900000214CF201030522CDE90311CDE900321A
:100AA0000291B388728830881EF0A4FA58B140F2DF
:100AB0000253984207D03AF04BFC3AF04AFC4049C6
:100AC00020683BF07CFE3AF043FC3AF042FC3D49A2
:100AD00020683BF074FEB288718830884CF20103C4
:100AE0001EF06CFA58B140F20253984207D03AF027
:100AF0002FFC3AF02EFC344920683BF060FE3AF0BF
:100B000027FC3AF026FC314920683BF058FE0022D1
:100B1000114601201EF020FA054640B13AF018FCBB
:100B20003AF017FC214920682A463BF048FE3AF08B
:100B30000FFC3AF00EFC264920683BF040FE0421F1
:100B400002201EF0F5F9054600283FF47EAE3AF08B
:100B5000FFFB3AF0FEFB154920682A463BF02FFECA
:100B600073E640F20253984205D13AF0F1FB3AF0B5
:100B7000F0FB184903E73AF0EBFB3AF0EAFB1649C1
:100B800020683A463BF01BFEFCE600BF88120020BE
:100B90001ACE040031CE0400A5D604008DCE040088
:100BA000A9CE0400E6CE0400FECE040090CF0400DF
:100BB000A5CF0400BECF0400EFCF0400FFCF040098
:100BC00019D0040028D0040042D0040051D0040001
:100BD00061D004004ACE040067CE04003AF0B8FBAE
:100BE0003AF0B7FB94492068944E3BF0E8FD394653
:100BF000404619F041FBBDF83030C3F30E0333809B
:100C00003AF0A6FB3AF0A5FB32888D4920683BF00C
:100C1000D6FD3AF09DFB3AF09CFB8A4920683BF0F8
:100C2000CEFD079733880497CDE905736E462B46B2
:100C300005F1100718685968324603C20833BB42F1
:100C40001646F7D128686968AA68EB681EF026F98D
:100C5000054610B37C4920683BF0B1FD7B49206814
:100C60003BF0ADFD3AF074FB3AF073FB784B794AF8
:100C70007949009320684FF4D5733BF0A0FD774984
:100C8000774A20682B463BF09AFD284609F060F829
:100C9000744920683BF093FDFEE700900346724ADA
:100CA0007248642109F0ACF8CFE53AF051FB3AF014
:100CB00050FB6F49206813B0BDE8F0433BF07FBDA7
:100CC0003AF046FB3AF045FB6A49F3E73AF040FB5D
:100CD0003AF03FFB28796849684AB5F805300028A2
:100CE00018BF0A466649206813B0BDE8F0433BF0E0
:100CF00066BD3AF02DFB3AF02CFB6249DAE73AF098
:100D000027FB3AF026FB2B7D0793EB7C06936B7C4D
:100D10000593B5F80F30049395F90E300393AB8823
:100D20000293AB8901936B8900932B89EA8856491A
:100D30002068DFF880913BF042FD05F116066FF068
:100D400015083746A8EB05086A7D08EB06039342B1
:100D500022DB3AF0FDFA3AF0FCFA4C4920683BF00D
:100D60002EFD95F8138008F1FF33122B2ED8DFE803
:100D700013F0A3002D00FE000C0120012D002D001A
:100D80002D0034012D002D002D002D002D002D00F3
:100D90001E00320042004D003AF0DAFA3AF0D9FA79
:100DA00016F8012B206849463BF009FDCCE73AF0E4
:100DB000CFFA3AF0CEFA364920683BF000FD3548CC
:100DC00003213AF0C2FA34483AF0DCFB00263746F9
:100DD000B146B0467EE03AF0BBFA3AF0BAFA2F4993
:100DE00020683BF0ECFC2E4803213AF0AEFA2A488A
:100DF0003AF0C5FBEAE73AF0ABFA3AF0AAFA294929
:100E000020683BF0DCFC28480321EEE7EE8A274A05
:100E1000334616210CA839F033F902210CA83AF018
:100E200094FA3AF095FA3AF094FA21492068324659
:100E30003BF0C5FCCAE700BF1ACF04001431002004
:100E40002FCF04004ACF0400930C0500AECC040061
:100E500083D60400B3CC04001BCD04002ACD0400CB
:100E600027CD040061CF040051B1030064190020B4
:100E700079D00400B5D00400FECD0400F6CD040006
:100E8000CDD00400ECD0040053D1040016D00400EF
:100E900084D204009DD2040054D90400A2D20400DC
:100EA000BBD20400C9D20400E4D20400ECD2040096
:100EB000F3D2040080D204003AF04AFA3AF049FA38
:100EC000B2492068B24E3BF07AFCFFF771F9042773
:100ED0004FF0020918F0010F20D00122CDE905766C
:100EE000CDE90392AB4B6A7C02929A8801925A88B0
:100EF0000092B5F80F2095F90E10A8891B881EF0F6
:100F000017F90546002800F0E8803AF021FA3AF097
:100F100020FAA14920682A463BF051FC18F0020F44
:100F20001FD03AF015FA3AF014FA9C492068994D0E
:100F30003BF045FCCDE9017601230093AA8869883E
:100F400028884B461EF02AF90646002800F0CE807D
:100F50003AF0FEF93AF0FDF99149324620683BF04B
:100F60002EFC3AF0F5F93AF0F4F98E49A2E63AF09F
:100F7000EFF901273AF0EDF98B4920688B4E3BF0F1
:100F80001EFC4FF00609B846A4E73AF0E1F93AF042
:100F9000E0F987492068854E3BF011FC39466A7DAF
:100FA00082484BF09AFB01274FF006094FF00308E7
:100FB00090E73AF0CDF93AF0CCF97E4920687B4EC3
:100FC0003BF0FDFB39466A7D78484BF086FB0127F4
:100FD0004FF006094FF002087CE7774E6A7DDFF894
:100FE0002482394630464BF078FB3AF0B1F93AF0BA
:100FF000B0F93278714920683BF0E1FB36783AF07D
:10100000A7F93AF0A6F96E49206832463BF0D7FBC3
:101010003AF09EF93AF09DF96A49206832463BF071
:10102000CEFB06F0C003802B40D02DD893B3402BCD
:1010300037D0D8F80030002B3DD03AF089F93AF09B
:1010400088F9D8F80010604BB1FBF3F24EF660203F
:10105000002703FB12130197B3FBF0F3B1FBF0F78A
:1010600000FB17114FF47A772068B1FBF7F100917C
:1010700056493BF0A4FB012736BB554808F0A6FEB5
:101080004D4E4FF00A09A5E7C02BD2D1514A26F0A8
:10109000C00302E026F0C00364225343C8F80030C6
:1010A000C7E726F0C0034FF47A72F6E726F0C003D4
:1010B00042F21072F1E73AF04BF93AF04AF9464938
:1010C00020683BF07CFBD6E70097444AD8F8001034
:1010D0003F48002308F094FED2E73AF039F93AF09D
:1010E00038F93F4920683BF06AFB17E73AF030F9DE
:1010F0003AF02FF93B4920683BF061FBAA886988E8
:1011000028881EF06DF8054630B13AF021F93AF022
:1011100020F935492A4621E73AF01AF93AF019F947
:10112000324920683BF04BFB1BE7314A136801331F
:1011300013603AF00DF93AF00CF9EA882D4920686D
:101140003BF03DFB04212C483AF0FFF841F211122C
:1011500011464CF2010300201DF030FF3AF0F8F880
:101160003AF0F7F8254920683BF029FB002141F2CD
:1011700011131A4608461DF005FF09903AF0E8F8E9
:101180003AF0E7F8099A1E49FFF7A7BB05D3040018
:10119000B13100208812002041D5040078D5040028
:1011A000B0CB040016D004005BD304002C13002045
:1011B000A3D30400EBD30400B53100203AD40400DB
:1011C0009DD40400CAD4040080EE3600EDD404009F
:1011D000E0190020C027090024D504003D040000C8
:1011E00064D5040094D50400F7CB0400BBD50400FB
:1011F000D8190020D9D5040007D6040011D6040060
:101200002BD60400DC19002001481CF019BD00BFDA
:1012100098D8040038B50AF00FFB0E480E4C012197
:1012200009F05EFF0122114600200AF039FA02257A
:1012300001221146C4F8805000200AF031FA012240
:10124000C4F88450114600200AF02AFAC4F88850E5
:10125000002038BD30253E0000400E40204B07B531
:1012600001225A641A6842F480721A6001A80BF0D5
:101270004FFB9DF80530012B03D89DF80430022B5D
:101280000DD9184B4FF41872C3F88C22164AC3F8C4
:101290009022164AC3F8F022154AC3F8F822154ADC
:1012A000D2F8A43143F4F843C2F8A4310DF07CF92C
:1012B00008F0A4FE0DF014F90DF062F90DF026F916
:1012C000FFF7A8FF3BF01FFA08F08AFE09F006F9C5
:1012D00009F056FD03B05DF804EB0DF0F1BD00BF61
:1012E00000000E4000400E409A6F050018010004F7
:1012F0000084320800300E4008B50448012109F08E
:10130000EFFEBDE80840024809F0D4B900350A00F4
:101310000810002030B5224D0FCD97B00FAC0FC490
:1013200095E80700302384E807008DF855301D4A02
:101330001D4BCDE903234FF08073059303F1022386
:1013400006934FF0F0511E23CDE907131022002120
:101350000BA84BF0EAF9154B4FF44020CDE90903F7
:101360000C238DF82C300D238DF82D30104B0C9361
:1013700020230D930F4B009309A903AB0FAA0E482E
:101380000DF048FB9DF83A30002B04460CBF0321BA
:1013900000214FF4E1303AF021F8204617B030BD7B
:1013A00008D9040000000140003204001C00014084
:1013B000B6310020181A0020741A0020012905D81F
:1013C000034B1B68186808B1436A1847704700BF91
:1013D0002810002008B5044904480DF01DFEBDE8A2
:1013E0000840FFF797BF00BF201000206C1A0020B4
:1013F00001483BF051BB00BF741A0020014B1A6A30
:1014000018681047741A002008B504483AF023F809
:10141000BDE8084002483AF01EB800BF24D90400D5
:101420003CD9040001483AF0A7B800BF54D90400E1
:10143000124B1B7870B5124C06460D4693B109F05D
:101440005FFD4FF47A73434323602B600D4A0E49CE
:101450001368336003F57A738B4288BF00231360EF
:10146000002070BD23680B6044F6206203F57A7398
:101470009342C8BF054B2360E8E700BFD631002088
:1014800034100020981A0020A0860100E0B1FFFF70
:10149000F8B5084E084F0C460546084930683BF041
:1014A0008EF9013C2A5D306839463BF088F9013CF1
:1014B000F8D2F8BDE01A0020C0CD04006CD90400B9
:1014C000F8B50B4E0B4F04460D4630680A493BF009
:1014D00076F92544AC42306804D1BDE8F8400749AC
:1014E0003BF06DB914F8012B39463BF068F9F1E790
:1014F000E01A0020C0CD04006FD9040071D90400A7
:1015000010B5074C39F024FF39F023FF0549206856
:101510003BF055F920680449BDE810403BF04FB955
:10152000E01A002073D9040083D9040038B50446BA
:10153000D0B30368974A23F47F4323F00703934211
:1015400004F0458401F28E83A2F13472934206F0D6
:101550000A8600F2AD85A2F56D02934207F08787F7
:1015600000F2D682A2F56812934207F04A8400F294
:101570004581A2F59012934203F0FD8579D8A2F53A
:10158000C022934203F03E840FD8A2F580229342FA
:1015900003F07B8002F54032934203F0A383A2F56F
:1015A0008022934202F0078538BD7B4A934203F0C4
:1015B000E28402F54032934203F08685A2F5802250
:1015C0009342F1D1754D39F0C3FE39F0C2FE744932
:1015D00028683BF0F4F8734928683BF0F0F8A288DB
:1015E000714928683BF0EBF8704928683BF0E7F850
:1015F000E2886D4928683BF0E2F86D4928683BF0C5
:10160000DEF82289684928683BF0D9F869492868DA
:101610003BF0D5F86289644928683BF0D0F8664908
:1016200028683BF0CCF8227B644928683BF0C7F877
:10163000634928683BF0C3F8627B604928683BF047
:10164000BEF8604928683BF0BAF8E2895649286834
:101650003BF0B5F85C4928683BF0B1F8217C04F117
:101660001100FFF72DFF28685849BDE838403BF0CE
:10167000A6B8574A934203F08E8737D8A2F5802246
:10168000934203F0DA8602F58032934203F0388702
:10169000A2F50032934287D1404D39F059FE39F01E
:1016A00058FE4C4928683BF08AF84B4928683BF0C3
:1016B00086F8A2883C4928683BF081F847492868A9
:1016C0003BF07DF8A2793D4928683BF078F8444921
:1016D00028683BF074F8E279384928683BF06FF8E5
:1016E00028683A49BDE838403BF069B83D4A934222
:1016F00004F0F68502F5E022934207F01382A2F58A
:10170000002293427FF450AF244D39F021FE39F08E
:1017100020FE354928683BF052F8244928683BF000
:101720004EF8A288204928683BF049F820492868EB
:101730003BF045F8E2881C4928683BF040F82B490B
:1017400028683BF03CF8227A1C4928683BF037F8BF
:10175000274928683BF033F8627A184928683BF03B
:101760002EF8244928683BF02AF862890E49286837
:101770003BF025F8204928683BF021F8A2890A4966
:1017800028683BF01CF828681049BDE838403BF059
:1017900016B800BFA8002804A8001B00E01A00200B
:1017A00015E3040036E30400A0CD040021E20400A8
:1017B00047E30400C4DA040058E30400ABD9040092
:1017C00062E3040053DB04006CE3040083D90400EB
:1017D000A80027001AE504009FE104004AE5040080
:1017E00054E50400A8002900F0EB04001AEC040002
:1017F0002FEC040044EC040051EC0400A54A934291
:1018000005F0848700F2AE80A2F5A022934205F095
:101810008E8354D8A2F54032934205F06C8002F5D5
:101820008032934205F0AA82A2F5003293427FF4FF
:10183000BBAE994D39F08CFD39F08BFD9749286886
:101840003AF0BDFF964928683AF0B9FFA288954959
:1018500028683AF0B4FF944928683AF0B0FFE2886B
:10186000904928683AF0ABFF904928683AF0A7FF02
:1018700022898C4928683AF0A2FF8D4928683AF0FD
:101880009EFF6289874928683AF099FF894928684C
:101890003AF095FF227B884928683AF090FF874903
:1018A00028683AF08CFFB4F80D207E4928683AF099
:1018B00086FF28688249BDE838403AF080BF814AF7
:1018C000934205F0998502F58032934205F0D9855F
:1018D000A2F5003293427FF467AE6F4D39F038FDC8
:1018E00039F037FD784928683AF069FF7749286868
:1018F0003AF065FFA2886B4928683AF060FF6A49B0
:1019000028683AF05CFFE288664928683AF057FF99
:10191000664928683AF053FF2289624928683AF0FC
:101920004EFF634928683AF04AFF62895D4928689A
:101930003AF045FF664928683AF041FF227B5E494C
:1019400028683AF03CFF634928683AF038FF627B28
:10195000594928683AF033FF28685949BDE83840AA
:101960003AF02DBF5C4A934206F0C6805DD8A2F5DE
:101970008022934206F0B28202F58032934205F053
:101980005F87A2F5003293427FF40EAE424D39F0EC
:10199000DFFC39F0DEFC514928683AF010FF42497B
:1019A00028683AF00CFFA2883E4928683AF007FF01
:1019B0004B4928683AF003FFA01D0821FFF768FD96
:1019C000484928683AF0FBFEA27B3B4928683AF078
:1019D000F6FE454928683AF0F2FEE27B364928686F
:1019E0003AF0EDFE414928683AF0E9FE227C32499E
:1019F00028683AF0E4FE3E4928683AF0E0FED4F860
:101A000011203C4928683AF0DAFE3B4928683AF050
:101A1000D6FEB4F91520394928683AF0D0FE286876
:101A20002749BDE838403AF0CABE354A934206F02D
:101A30005E8302F5003293427FF4B6AD164D39F065
:101A400087FC39F086FC2F4928683AF0B8FE164921
:101A500028683AF0B4FEA288124928683AF0AFFE2E
:101A6000294928683AF0ABFEA279134928683AF070
:101A7000A6FE264928683AF0A2FEB4F807200949D4
:101A800028683AF09CFE28680D49BDE838403AF0D5
:101A900096BE00BFA8005100E01A00204CF10400DF
:101AA00047E30400A0CD040021E2040036E3040073
:101AB000B6E204006FE40400ABD90400CAF00400ED
:101AC00083D90400A8004E00B7F5040084E20400A6
:101AD000D3F50400E0F50400A800570012FB040051
:101AE00030FB04003EFB04004AFB040058FB0400EA
:101AF00069FB040079FB04007DFB040063D604004D
:101B0000A8005800CB040500CADB0400E7FE04006F
:101B1000A04A934207F0398000F20881A2F58812AA
:101B2000934203F092837FD8A2F5E022934203F020
:101B3000F18041D8A2F58022934202F0688202F53A
:101B40008032934202F02E86A2F5A01293427FF4D7
:101B50002BAD914D39F0FCFB39F0FBFB8F49286828
:101B60003AF02DFE8E4928683AF029FEA2888D4968
:101B700028683AF024FE8C4928683AF020FEA279C1
:101B80008A4928683AF01BFE894928683AF017FE0E
:101B9000E279864928683AF012FE864928683AF0C8
:101BA0000EFEA268844928683AF009FE2868834935
:101BB000BDE838403AF003BE814A934203F09F816A
:101BC00002F58032934203F0F781A2F5003293428E
:101BD0007FF4EAAC704D39F0BBFB39F0BAFB7949C0
:101BE00028683AF0ECFD784928683AF0E8FDA288C8
:101BF0006C4928683AF0E3FD744928683AF0DFFD43
:101C0000E288684928683AF0DAFD714928683AF0B4
:101C1000D6FD227A654928683AF0D1FD28686749DF
:101C2000BDE838403AF0CBBD6A4A934203F0CB841A
:101C30002FD8A2F58022934203F0208402F580324F
:101C4000934203F07E84A2F5003293427FF4ACAC61
:101C5000514D39F07DFB39F07CFB5F4928683AF043
:101C6000AEFD5E4928683AF0AAFDA2884D49286871
:101C70003AF0A5FD5A4928683AF0A1FDA2794B49EE
:101C800028683AF09CFD28684C49BDE838403AF095
:101C900096BD544A934204F0E88002F580329342A4
:101CA0007FF482AC3C4D39F053FB39F052FB4E4986
:101CB00028683AF084FD4D4928683AF080FDA288F2
:101CC000384928683AF07BFD494928683AF077FDA1
:101CD000E288344928683AF072FD464928683AF0AB
:101CE0006EFD08216018FFF7D3FB434928683AF0DE
:101CF00066FD228A2B4928683AF061FD3F49286831
:101D00003AF05DFD628A274928683AF058FD3C495F
:101D100028683AF054FDA28A224928683AF04FFD1B
:101D200028682649BDE838403AF049BD354A934213
:101D300005F0018400F2B680A2F5C022934204F0BF
:101D40001F8665D8A2F50032934204F0548302F551
:101D50008032934204F08584A2F5B81293427FF456
:101D600023AC0D4D39F0F4FA39F0F3FA264928681E
:101D70003AF025FD254928683AF021FD22790B49E2
:101D800028683AF01CFD28680C49BDE838403AF054
:101D900016BD00BFA8003001E01A0020A7E1040032
:101DA000CBE10400A0CD0400D4E10400ABD90400D1
:101DB000DDE10400E6E10400C7D9040083D9040092
:101DC000A8001A01F5E20400C4DA040065E1040089
:101DD000D2E20400A80027015EE50400B2D90400A5
:101DE00089E50400A8002801C1EF040021E20400F5
:101DF00036E3040037ED0400F6ED040081EF040043
:101E000005EE0400A8004F018B040500BE04050088
:101E10008A4A934205F0C78002F58032934205F06A
:101E20008081A2F5403293427FF4BEAB844D39F0FD
:101E30008FFA39F08EFA834928683AF0C0FC82495B
:101E400028683AF0BCFCA288804928683AF0B7FCC0
:101E50007F4928683AF0B3FCE2887C4928683AF068
:101E6000AEFC7C4928683AF0AAFC227A7A492868B4
:101E70003AF0A5FC794928683AF0A1FC627A7649E3
:101E800028683AF09CFC764928683AF098FCA17AD8
:101E900004F10B00FFF714FB28687249BDE83840D5
:101EA0003AF08DBC704A934206F0838041D8A2F587
:101EB0000032934205F0668402F58032934205F0C9
:101EC0004C87A2F5003293427FF46EAB5C4D39F043
:101ED0003FFA39F03EFA654928683AF070FC6449E7
:101EE00028683AF06CFCA288584928683AF067FCE8
:101EF000554928683AF063FCE288544928683AF06A
:101F00005EFC5C4928683AF05AFC22894F492868EF
:101F10003AF055FC584928683AF051FC62894B491F
:101F200028683AF04CFC28684E49BDE838403AF041
:101F300046BC524A934205F0E18402F58032934256
:101F40007FF432AB3E4D39F003FA39F002FA4C49D6
:101F500028683AF034FC3C4928683AF030FCA28802
:101F60003A4928683AF02BFC3A4928683AF027FCAD
:101F7000A279394928683AF022FC424928683AF0A7
:101F80001EFCE279344928683AF019FC3E49286879
:101F90003AF015FC22892D4928683AF010FC3B499B
:101FA00028683AF00CFCA27A2B4928683AF007FC22
:101FB000374928683AF003FCE27A274928683AF062
:101FC000FEFB344928683AF0FAFB227B2249286854
:101FD0003AF0F5FB304928683AF0F1FB627B1E4984
:101FE00028683AF0ECFB2D4928683AF0E8FBA27B20
:101FF000194928683AF0E3FB294928683AF0DFFBE1
:10200000E27B154928683AF0DAFB264928683AF05D
:10201000D6FB2269244928683AF0D1FB2349286875
:102020003AF0CDFBA28A094928683AF0C8FB286833
:102030000C49BDE838403AF0C2BB00BFA8004C01D3
:10204000E01A0020FCF3040021E20400A0CD04000B
:1020500047E3040006DB0400ABD904009FE1040061
:1020600029F4040083D90400A8005301EFF7040009
:1020700084E2040036E30400B6E20400A800540140
:102080009BF9040047F904004EF9040056F90400D6
:102090005CF9040063F904006CF9040075F90400AC
:1020A00083F9040005E50400C7D904008CF9040095
:1020B000AE4A934206F0738700F22083A2F57C12A9
:1020C000934203F0FC8100F29381A2F5380293421F
:1020D00007F0EF8100F2A680A2F5E022934207F01C
:1020E0003F805CD8A2F50032934206F0F58602F5F7
:1020F0008032934206F0E487A2F5102293427FF4E7
:1021000053AA9B4D39F024F939F023F999492868ED
:102110003AF055FB984928683AF051FBA288974954
:1021200028683AF04CFB964928683AF048FBE28868
:10213000924928683AF043FB924928683AF03FFBFD
:10214000227A914928683AF03AFB904928683AF097
:1021500036FB627A8C4928683AF031FB8C49286852
:102160003AF02DFBA27A884928683AF028FB894981
:1021700028683AF024FBE27A834928683AF01FFB8A
:10218000854928683AF01BFB227B7F4928683AF092
:1021900016FB28688149BDE838403AF010BB804AF8
:1021A000934207F0BD8002F58032934207F01A8116
:1021B000A2F5403293427FF4F7A96D4D39F0C8F88B
:1021C00039F0C7F8774928683AF0F9FA764928686B
:1021D0003AF0F5FA6268754928683AF0F0FA7449FD
:1021E00028683AF0ECFA227A674928683AF0E7FA68
:1021F000704928683AF0E3FAB4F809205F49286882
:102200003AF0DDFA6C4928683AF0D9FAB4F80B20B4
:102210005A4928683AF0D3FA28686049BDE838403E
:102220003AF0CDBA654A934202F0958553D8A2F5AB
:102230008022934201F00D8702F58032934202F032
:102240001983A2F5A01293427FF4AEA9484D39F04C
:102250007FF839F07EF85A4928683AF0B0FA5949BF
:1022600028683AF0ACFAA288444928683AF0A7FAFC
:10227000554928683AF0A3FAA279434928683AF008
:102280009EFA3D4928683AF09AFAE2793E49286870
:102290003AF095FA4D4928683AF091FA228937497F
:1022A00028683AF08CFA4A4928683AF088FA628934
:1022B000324928683AF083FA464928683AF07FFAAA
:1022C000A2892E4928683AF07AFA28683349BDE88D
:1022D00038403AF074BA404A934202F0F28702F56D
:1022E0004032934203F02980A2F5002293427FF40A
:1022F0005BA91F4D39F02CF839F02BF837492868C5
:102300003AF05DFA364928683AF059FAA2881B4932
:1023100028683AF054FA184928683AF050FAE288E6
:10232000164928683AF04BFA2E4928683AF047FADD
:102330002289124928683AF042FA2B4928683AF073
:102340003EFA62890D4928683AF039FA2749286827
:102350003AF035FA227B0C4928683AF030FA2868BE
:102360000E49BDE838403AF02ABA00BFA800620220
:10237000E01A0020F904050021E20400A0CD0400C9
:10238000B2D904001AFF0400ABD9040029FF0400ED
:1023900039FF040046FF04009BF4040083D90400C5
:1023A000A8006801DF07050065E10400C7D9040043
:1023B000FB07050035EE040009080500A800180217
:1023C000FAE10400CBE10400D4E1040053DB040093
:1023D0005FDB040023DA0400A8001F02A6E3040068
:1023E00036E3040047E30400C4DA0400D1E3040048
:1023F000A44A934204F0D18600F29380A2F5A02271
:10240000934204F08F812FD8A2F5C012934206F0B8
:10241000018402F5B812934204F03380A2F5001251
:1024200093427FF4C1A8984D38F092FF38F091FFA5
:10243000964928683AF0C3F9954928683AF0BFF9F7
:102440006268944928683AF0BAF9934928683AF0E2
:10245000B6F9217A04F10900FFF732F828688F49AC
:10246000BDE838403AF0ABB98D4A934204F0C284DB
:1024700002F50032934204F00586A2F54032934201
:102480007FF492A8804D38F063FF38F062FF8549F1
:1024900028683AF094F9844928683AF090F9A288BB
:1024A000824928683AF08BF9814928683AF087F91F
:1024B000E2887E4928683AF082F97E4928683AF035
:1024C0007EF92289794928683AF079F97A492868A9
:1024D0003AF075F96289754928683AF070F97749D8
:1024E00028683AF06CF9227B754928683AF067F958
:1024F000744928683AF063F9B4F80D206B492868EC
:102500003AF05DF9704928683AF059F9E17B04F135
:102510001000FEF7D5FF28686049BDE838403AF062
:102520004EB96A4A934205F0948541D8A2F500322B
:10253000934205F0638102F58032934205F04284B4
:10254000A2F5003293427FF42FA84F4D38F000FFE0
:1025500038F0FFFE5E4928683AF031F95D49286895
:102560003AF02DF9A288514928683AF028F95049E3
:1025700028683AF024F9E2884C4928683AF01FF9B3
:10258000494928683AF01BF92289484928683AF0F5
:1025900016F9494928683AF012F9628943492868CE
:1025A0003AF00DF928683D49BDE838403AF007B9DE
:1025B000494A934205F0398202F5403293427EF453
:1025C000F3AF314D38F0C4FE38F0C3FE43492868FC
:1025D0003AF0F5F8364928683AF0F1F8A28833491C
:1025E00028683AF0ECF8304928683AF0E8F8E288D0
:1025F0002E4928683AF0E3F8394928683AF0DFF8BC
:1026000022892A4928683AF0DAF8364928683AF0E7
:10261000D6F804F10A001021FEF73AFF3249286883
:102620003AF0CDF8A27E264928683AF0C8F82F493A
:1026300028683AF0C4F8E27E214928683AF0BFF8E9
:102640002B4928683AF0BBF8A28B184928683AF061
:10265000B6F8284928683AF0B2F8E28B134928689E
:102660003AF0ADF8244928683AF0A9F894F8202007
:10267000134928683AF0A3F828680849BDE83840AB
:102680003AF09DB8A8004D02E01A00202DE70400A2
:1026900065E10400C7D904004CE7040083D90400B5
:1026A000A8004A02E6F2040036E30400A0CD0400CC
:1026B00021E2040047E30400B6E204006FE40400F2
:1026C000ABD90400CAF0040009F30400A8005302C7
:1026D00005F8040084E20400A800550290FD0400FF
:1026E000B3FD0400C3FD04008EE80400D5FD040022
:1026F00002FB0400E9FD0400B1EF0400934A934299
:1027000004F0B68100F25E81A2F51C12934202F041
:102710005B8600F28B80A2F53702934206F0FF86BB
:102720004BD8A2F5E022934206F04E8502F5003226
:10273000934206F0B285A2F5403293427EF434AF64
:10274000834D38F005FE38F004FE824928683AF0DF
:1027500036F8814928683AF032F822797F492868AA
:102760003AF02DF87E4928683AF029F862797B49D9
:1027700028683AF024F87B4928683AF020F8D4F821
:102780000620794928683AF01AF8784928683AF01A
:1027900016F8A27A714928683AF011F87449286845
:1027A0003AF00DF8E27A6D4928683AF008F828689E
:1027B0007049BDE838403AF002B86F4A934201F0E0
:1027C000698402F58032934202F07480A2F5A0126F
:1027D00093427EF4E9AE5E4D38F0BAFD38F0B9FDB3
:1027E0006649286839F0EBFF6549286839F0E7FF4A
:1027F000A2886449286839F0E2FF6349286839F003
:10280000DEFFA2795549286839F0D9FF5F49286869
:1028100039F0D5FFB4F807205A49286839F0CFFFBE
:1028200028685449BDE8384039F0C9BF584A934236
:1028300006F02E8230D8A2F50022934203F0C48322
:1028400002F58032934203F08F85A2F50032934265
:102850007EF4AAAE3E4D38F07BFD38F07AFD4D494E
:10286000286839F0ACFF4C49286839F0A8FFA288E5
:102870004449286839F0A3FF4849286839F09FFF88
:10288000D4F806203849286839F099FF2868394972
:10289000BDE8384039F093BF414A934203F0708657
:1028A00002F5803293427EF47FAE294D38F050FD20
:1028B00038F04FFD3B49286839F081FF3A492868D4
:1028C00039F07DFFA2882F49286839F078FF374911
:1028D000286839F074FFE2882A49286839F06FFFC8
:1028E0003349286839F06BFF22892649286839F076
:1028F00066FF3049286839F062FF628921492868FB
:1029000039F05DFF2C49286839F059FF227B1349C3
:10291000286839F054FF2949286839F050FFB4F885
:102920000D201849286839F04AFF2549286839F0F0
:1029300046FFB4F80F201349286839F040FF286893
:102940000C49BDE8384039F03ABF00BFA800490340
:10295000E01A002020070500A4060500ABD90400FA
:10296000B9060500CF060500C7D90400A405050077
:10297000E106050083D90400A80014032EE2040038
:10298000CBE10400A0CD0400D4E104005BE204002C
:10299000A80030035DE70400C4DA040065E1040028
:1029A000A8004703FDF1040047E3040021E204000E
:1029B00036E30400B6E204006FE40400CAF0040049
:1029C0002AF204008E4A934205F02A8400F2A48081
:1029D000A2F5C022934205F02A8253D8A2F5A02284
:1029E000934204F0208402F54032934204F0F285D1
:1029F000A2F5802293427EF4D7AD824D38F0A8FC38
:102A000038F0A7FC8049286839F0D9FE7F4928684A
:102A100039F0D5FEA2887E49286839F0D0FE7D497C
:102A2000286839F0CCFEE2887949286839F0C7FE79
:102A30007949286839F0C3FE22897549286839F038
:102A4000BEFE7649286839F0BAFE62897049286866
:102A500039F0B5FE7249286839F0B1FEA2896C4997
:102A6000286839F0ACFE6F49286839F0A8FEA17BD0
:102A700004F10F00FEF724FD28686B49BDE83840DB
:102A800039F09DBE694A934204F0FA8702F500329C
:102A9000934205F09980A2F5802293427EF484ADA2
:102AA000584D38F055FC38F054FC6149286839F02D
:102AB00086FE6049286839F082FEA2885449286859
:102AC00039F07DFE5349286839F079FEE288504993
:102AD000286839F074FE5049286839F070FE228960
:102AE0004B49286839F06BFE4C49286839F067FE7D
:102AF00062894749286839F062FE4F49286839F0F1
:102B00005EFE227B4D49286839F059FE2868464907
:102B1000BDE8384039F053BE494A934201F0E4829F
:102B200042D8A2F53002934206F0798302F50032D2
:102B3000934206F0D383A2F5502293427EF434AD43
:102B4000304D38F005FC38F004FC3E49286839F077
:102B500036FE3049286839F032FEA2882C492868B0
:102B600039F02DFE2C49286839F029FEE2882849E1
:102B7000286839F024FE3449286839F020FE227A8A
:102B80002E49286839F01BFE3049286839F017FEB5
:102B9000B4F809201E49286839F011FE2868224936
:102BA000BDE8384039F00BBE294A934202F0368422
:102BB00002F5A02293427EF4F7AC124D38F0C8FB28
:102BC00038F0C7FB2349286839F0F9FD2249286805
:102BD00039F0F5FDA2880E49286839F0F0FD1F494B
:102BE000286839F0ECFDD4F806201D49286839F032
:102BF000E6FD28680C49BDE8384039F0E0BD00BF6B
:102C0000A8005803E01A002087F5040084E20400BD
:102C1000A0CD040021E2040047E30400B6E2040072
:102C2000CAF00400A6F5040083D90400A8005503E7
:102C3000FEFC040036E304008DFC0400ABD9040064
:102C4000A8001404C0000500D4E10400E50005005C
:102C5000A800220480E70400C4DA040065E104004F
:102C6000C7D904009A4A934201F02C8300F23C85B4
:102C700002F17B4202F58A02934205F0E38500F2FD
:102C8000DF82A2F18672934204F0098300F29B81F5
:102C9000A2F57502934205F0E48200F29A80A2F553
:102CA0007022934203F03D8749D8A2F50032934247
:102CB00003F0B58402F58032934203F0A185A2F5BA
:102CC000F81293427EF470AC824D38F041FB38F03C
:102CD00040FB8149286839F072FD8049286839F045
:102CE0006EFDA2887E49286839F069FD7D49286813
:102CF00039F065FDE2887A49286839F060FD7A4943
:102D0000286839F05CFD08216018FEF7C1FB77499F
:102D1000286839F054FD228A7149286839F04FFD3E
:102D20007349286839F04BFD628A6D49286839F08B
:102D300046FD28686F49BDE8384039F040BD6E4A0D
:102D4000934204F0C18402F5E022934204F07787B5
:102D5000A2F5202293427EF427AC5E4D38F0F8FABB
:102D600038F0F7FA6549286839F029FD6449286880
:102D700039F025FDA2885A49286839F020FD5749C5
:102D8000286839F01CFDE2885549286839F017FD9C
:102D90005C49286839F013FD22895149286839F0C7
:102DA0000EFD5949286839F00AFD62894C492868A6
:102DB00039F005FD5549286839F001FDE2685449AC
:102DC000286839F0FCFC28684A49BDE8384039F0E9
:102DD000F6BC504A934203F0A08000F2B380A2F503
:102DE000A012934201F0A98102F59812934202F0D9
:102DF0000C84A2F54E0293427EF4D6AB354D38F0EA
:102E0000A7FA38F0A6FA4449286839F0D8FC3349C3
:102E1000286839F0D4FCA2883149286839F0CFFC01
:102E20003E49286839F0CBFCE2882D49286839F002
:102E3000C6FC3B49286839F0C2FC22892849286829
:102E400039F0BDFC3749286839F0B9FC628924495A
:102E5000286839F0B4FC3449286839F0B0FCA289FC
:102E60001F49286839F0ABFC3049286839F0A7FCC5
:102E7000A27B2F49286839F0A2FC2E49286839F036
:102E80009EFCE27B2A49286839F099FC2A49286887
:102E900039F095FC227C2649286839F090FC2749B6
:102EA000286839F08CFC627C2149286839F087FC5D
:102EB0002349286839F083FCA27C1D49286839F031
:102EC0007EFC28680B49BDE8384039F078BC00BF6B
:102ED000A800140BE01A002011F0040021E2040005
:102EE000A0CD040036E3040037ED0400F6ED040045
:102EF00005EE040083D90400A800500491F60400F4
:102F000084E204009AE20400B6E20400BAF6040087
:102F1000C7D90400A8002805F700050047E304000E
:102F200006DB0400E5000500B2D9040024E004003B
:102F3000ABD9040029FF04001A01050046FF040074
:102F40009BF40400A04A934203F0B38402F580325C
:102F5000934203F02B86A2F5C81293427EF424AB71
:102F60009A4D38F0F5F938F0F4F99949286839F0B4
:102F700026FC9849286839F022FCA28896492868DE
:102F800039F01DFC9549286839F019FCE28892490E
:102F9000286839F014FC9249286839F010FC227A2C
:102FA0009049286839F00BFC8F49286839F007FCF4
:102FB000627A8C49286839F002FC28688B49BDE8A0
:102FC000384039F0FCBB8A4A934203F0308051D834
:102FD000A2F54F02934205F0F98325D8A2F50032FD
:102FE000934204F0448602F58032934205F05A8100
:102FF000A2F5002293427EF4D7AA744D38F0A8F9C6
:1030000038F0A7F97B49286839F0D9FB7A49286854
:1030100039F0D5FB2179601DFEF752FA2868734913
:10302000BDE8384039F0CBBB744A934201F092843A
:1030300002F59012934202F00983A2F5981293428E
:103040007EF4B2AA614D38F083F938F082F96C4908
:10305000286839F0B4FB5F49286839F0B0FBA288D2
:103060005D49286839F0ABFB28686049BDE8384005
:1030700039F0A5BB634A934204F032815FD8A2F5D0
:10308000E812934205F08A8602F5C812934203F0D3
:10309000DC85A2F5001293427EF486AA4B4D38F0EF
:1030A00057F938F056F95849286839F088FB5749DC
:1030B000286839F084FBA2884749286839F07FFBEB
:1030C0005349286839F07BFBA2794649286839F0D2
:1030D00076FB5049286839F072FBE01D0821FEF7A5
:1030E000D7F94D49286839F06AFBD4F80F204B49CD
:1030F000286839F064FB4A49286839F060FBB4F865
:1031000013203549286839F05AFB4649286839F0B8
:1031100056FBD4F815204149286839F050FB424944
:10312000286839F04CFBB4F819202B49286839F08D
:1031300046FB28682D49BDE8384039F040BB3B4A82
:10314000934204F0B58502F5803293427EF42CAAB6
:103150001E4D38F0FDF838F0FCF83549286839F094
:103160002EFB2A49286839F02AFBA2881A492868C8
:1031700039F025FB2F49286839F021FBE2881649F0
:10318000286839F01CFB2C49286839F018FBA26824
:103190002249286839F013FB1E49286839F00FFBD3
:1031A00004F10C000821FEF773F92449286839F06E
:1031B00006FB217D04F11500FEF782F928680B4912
:1031C000BDE8384039F0FBBAA8004805E01A0020F5
:1031D00001040500C4DA0400A0CD0400CBE1040022
:1031E000D4E10400ABD90400CADB040083D9040095
:1031F000A800280668F8040089F80400A80015064D
:10320000A5DA0400A8004D0657EF040021E20400EF
:1032100075EF040037ED040041ED0400C7D9040048
:10322000F6ED040005EE040081EF0400A800570647
:103230006BFE040036E3040090FE040097FE0400D9
:10324000964A934205F0588000F2608102F17E4276
:1032500002F57F02934204F04C8563D8A2F53C123C
:10326000934202F00E8726D8A2F59812934201F0FD
:10327000888302F59012934202F03A82A2F59812E6
:1032800093427EF491A9864D38F062F838F061F8E7
:103290008449286839F093FA8349286839F08FFA0D
:1032A000A2888249286839F08AFA28688049BDE8EE
:1032B000384039F084BA7F4A934203F0158502F50D
:1032C0008022934204F06E80A2F5101293427EF4A5
:1032D0006BA9734D38F03CF838F03BF87649286814
:1032E00039F06DFA7549286839F069FAA2886F4992
:1032F000286839F064FA7249286839F060FAE2887F
:103300006A49286839F05BFA6E49286839F057FA3B
:1033100008216018FEF7BCF828686549BDE8384008
:1033200039F04DBA684A934202F0048200F2838079
:10333000A2F59812934200F0638702F5803293421F
:1033400001F05183A2F53C0293427EF42DA9544D25
:1033500037F0FEFF37F0FDFF5C49286839F02FFA9F
:103360005649286839F02BFAA2885049286839F064
:1033700026FA5749286839F022FAE2884B4928682A
:1033800039F01DFA5349286839F019FA227A52495E
:10339000286839F014FA5149286839F010FA627A2D
:1033A0004D49286839F00BFA4D49286839F007FA79
:1033B00062893E49286839F002FA4A49286839F09A
:1033C000FEF9A2893949286839F0F9F9464928688F
:1033D00039F0F5F9A27B4049286839F0F0F9434902
:1033E000286839F0ECF9B4F80F203049286839F032
:1033F000E6F93F49286839F0E2F9627C36492868E5
:1034000039F0DDF93B49286839F0D9F9A27C324915
:10341000286839F0D4F93849286839F0D0F9B4F877
:1034200013202249286839F0CAF928682049BDE8E4
:10343000384039F0C4B9314A934202F0778602F538
:10344000803293427EF4B0A8154D37F081FF37F0FB
:1034500080FF2B49286839F0B2F91849286839F0FB
:10346000AEF9A2881149286839F0A9F925492868D8
:1034700039F0A5F9E2880D49286839F0A0F9224908
:10348000286839F09CF9217A04F10900FEF718F850
:1034900028680749BDE8384039F091B9A8005808B4
:1034A000E01A0020CDDA0400C4DA0400A0CD040044
:1034B00083D90400A800490730F0040021E2040089
:1034C00036E3040037ED0400A80027081E020500BB
:1034D00047E30400D4E10400ABD9040024E0040075
:1034E000B3FD0400B6E2040089F40400E9FD040021
:1034F000B1EF0400D5FD040002FB0400A800280879
:1035000050F0040081F0040098F00400B34A9342A4
:1035100005F0C18400F29380A2F59802934201F075
:1035200094825CD8A2F53402934205F08A8402F5B5
:103530003302934200F09086A2F53B0293427EF460
:1035400033A8A74D37F004FF37F003FFA5492868DB
:1035500039F035F9A449286839F031F9A288A3492E
:10356000286839F02CF9A249286839F028F9E2884E
:103570009E49286839F023F99E49286839F01FF9D7
:10358000227A9D49286839F01AF99C49286839F04F
:1035900016F9627A9849286839F011F9984928682B
:1035A00039F00DF9A27A9449286839F008F995495B
:1035B000286839F004F9E27A8F49286839F0FFF871
:1035C0009149286839F0FBF8217B04F10D00FDF7E3
:1035D00077FF28688D49BDE8384039F0F0B88C4A4B
:1035E000934202F0BB8502F54412934205F08A81B2
:1035F000A2F5481293427DF4D7AF794D37F0A8FE7B
:1036000037F0A7FE8349286839F0D9F8824928683D
:1036100039F0D5F8A2887549286839F0D0F87F4983
:10362000286839F0CCF8D4F806207D49286839F0AC
:10363000C6F828687549BDE8384039F0C0B8794AFD
:10364000934203F0388412D8A2F50C12934202F090
:10365000928002F58032934202F0AA85A2F5A01270
:1036600093427DF4A1AFBDE83840FDF749BF6E4AF3
:10367000934205F08E8102F5002293427DF494AFCF
:10368000574D37F065FE37F064FE6849286839F019
:1036900096F85549286839F092F8A2885349286865
:1036A00039F08DF86249286839F089F8D4F8062095
:1036B0005B49286839F083F85E49286839F07FF85B
:1036C00004F10A000821FDF7E3FE4F49286839F0AC
:1036D00076F8A17C04F11300FDF7F2FE28684B494F
:1036E000BDE8384039F06BB8534A934204F09E87E6
:1036F00000F24A8202F17B42934204F0978600F284
:10370000028102F17E42934204F0428600F2A080E0
:10371000A2F57F02934205F0AD8130D8A2F54412A4
:10372000934202F05D8502F54012934204F0058653
:10373000A2F5441293427DF437AF294D37F008FECD
:1037400037F007FE3D49286839F039F832492868D2
:1037500039F035F8A2882549286839F030F82F4922
:10376000286839F02CF8D4F806202D49286839F05B
:1037700026F828682549BDE8384039F020B8304A95
:10378000934202F05A8002F58032934202F0A48400
:10379000A2F5A01293427DF407AF114D37F0D8FD8A
:1037A00037F0D7FD2749286839F009F826492868F5
:1037B00039F005F862681A49286839F000F8234999
:1037C000286838F0FCFF227A0B49286838F0F7FFA8
:1037D00028680E49BDE8384038F0F1BFA8006109FB
:1037E000E01A00204602050021E20400A0CD0400FA
:1037F00047E30400D4E10400ABD9040024E0040052
:10380000FFDA040046FF040097FE040083D9040099
:10381000A800280937E80400C4DA040065E10400C0
:10382000C7D90400A8004A0AA800590A5C05050087
:1038300090FE040037ED0400A8005813CCE8040003
:10384000A800270CA9DB0400BCD90400CADB0400D3
:10385000AF4A934202F0F7841DD8A2F59812934222
:1038600001F01C8102F59012934202F00780A2F54C
:10387000981293427DF498AEA64C37F069FD37F06C
:1038800068FDA549206838F09AFF2068A349BDE883
:10389000384038F094BFA24A934200F0348502F5D4
:1038A0009812934202F00C80A2F54F0293427DF4ED
:1038B0007BAE984D37F04CFD37F04BFD99492868A9
:1038C00038F07DFF9849286838F079FFA288974939
:1038D000286838F074FF9649286838F070FFE2884D
:1038E0009249286838F06BFF9249286838F067FFE2
:1038F000217A04F10900FDF7E3FD28688749BDE856
:10390000384038F05CBF8C4A934202F0C1807BD8CB
:1039100002F17E4202F56D02934200F020853AD812
:10392000A2F56D02934202F05B8002F544129342CD
:1039300004F0EC85A2F5880293427DF435AE754D16
:1039400037F006FD37F005FD7C49286838F037FF71
:103950007B49286838F033FF22797A49286838F0A3
:103960002EFF7949286838F02AFFB4F805206F49FE
:10397000286838F024FF7549286838F020FFB4F82B
:1039800007206A49286838F01AFF28686349BDE8AB
:10399000384038F014BF6E4A934204F0F38502F5C4
:1039A0003C02934200F00585A2F56D0293427DF43E
:1039B000FBAD584D37F0CCFC37F0CBFC654928689F
:1039C00038F0FDFE6449286838F0F9FEA2885749AE
:1039D000286838F0F4FE6149286838F0F0FED4F821
:1039E00006205F49286838F0EAFE5E49286838F00A
:1039F000E6FEA27A5349286838F0E1FE2868474974
:103A0000BDE8384038F0DBBE574A934204F0E48505
:103A100038D8A2F58802934200F0F58402F5981296
:103A2000934202F06080A2F54F0293427DF4BCAD58
:103A3000384D37F08DFC37F08CFC4C49286838F055
:103A4000BEFE3949286838F0BAFEA288374928688E
:103A500038F0B5FE3649286838F0B1FEE2883349BF
:103A6000286838F0ACFE4249286838F0A8FE217A70
:103A700004F10900FDF724FD28682849BDE8384015
:103A800038F09DBE3B4A934200F0DE8402F5981266
:103A900093427DF489AD1F4D37F05AFC37F059FC45
:103AA0003549286838F08BFE2B49286838F087FEA6
:103AB000A2881E49286838F082FE2849286838F014
:103AC0007EFED4F806202649286838F078FE2B4977
:103AD000286838F074FEA27A1A49286838F06FFE18
:103AE0002749286838F06BFEE27A1649286838F0D2
:103AF00066FE2449286838F062FEA2890B492868CE
:103B000038F05DFE28680549BDE8384038F057BEFA
:103B1000A800280DE01A0020D2DB040083D904009D
:103B2000A800140E51FF040021E20400A0CD0400FF
:103B300036E3040037FA0400A800271105DC04006E
:103B4000FFDA0400ABD9040006DB0400FAD9040054
:103B5000A8005810C4E90400C4DA040065E10400B8
:103B6000C7D9040023DA0400A8005812F3FF0400A8
:103B700097FE0400A800141330EA040050EA040081
:103B8000A0E80400B3E80400B24A934200F06E8556
:103B900000F2ED8002F17E42934200F0138574D86A
:103BA00002F17F42934200F0BD842ED8A2F57F023D
:103BB000934200F0948702F59012934201F0BE8781
:103BC000A2F5981293427DF4EFACA34D37F0C0FB01
:103BD00037F0BFFBA149286838F0F1FDA0492868FB
:103BE00038F0EDFD22799F49286838F0E8FD9E49BC
:103BF000286838F0E4FD6179A01DFDF761FC2868B4
:103C00009A49BDE8384038F0DABD994A934201F04C
:103C1000CA8702F54412934204F02985A2F5860270
:103C200093427DF4C1AC8C4D37F092FB37F091FBA1
:103C30009049286838F0C3FD8F49286838F0BFFDE7
:103C4000A2888E49286838F0BAFD8D49286838F076
:103C5000B6FDA2798349286838F0B1FD8949286802
:103C600038F0ADFDE01D1021FDF712FC86492868F3
:103C700038F0A5FDE27D7B49286838F0A0FD286872
:103C80007A49BDE8384038F09ABD804A934200F046
:103C9000D5842FD8A2F56D02934201F0AF8702F5CB
:103CA0004412934204F00485A2F5860293427DF407
:103CB0007BAC694D37F04CFB37F04BFB74492868FF
:103CC00038F07DFD6C49286838F079FDA2886B4991
:103CD000286838F074FD6F49286838F070FDE28874
:103CE0006649286838F06BFD28686049BDE83840AF
:103CF00038F065BD684A934200F0F38402F59012F3
:103D000093427DF451AC544D37F022FB37F021FB48
:103D10006249286838F053FD5E49286838F04FFD45
:103D2000A2885649286838F04AFD5D49286838F06D
:103D300046FDD4F806205B49286838F040FD5A4912
:103D4000286838F03CFD62894C49286838F037FD16
:103D50005649286838F033FD227B4249286838F0FC
:103D60002EFD28684149BDE8384038F028BD504A4A
:103D7000934201F0C78700F2A580A2F189729342B5
:103D800000F00C872ED8A2F56E02934201F08E87C8
:103D900002F56D02934200F0DD83A2F57F029342AB
:103DA0007DF402AC2C4D37F0D3FA37F0D2FA41490A
:103DB000286838F004FD3349286838F000FD201DDC
:103DC0001021FDF765FB3C49286838F0F8FC227D9E
:103DD0002449286838F0F3FC28682449BDE83840B5
:103DE00038F0EDBC354A934200F0D48302F58032BE
:103DF000934200F0F386A2F56E0293427DF4D4ABB9
:103E0000154D37F0A5FA37F0A4FA2D49286838F097
:103E1000D6FC2349286838F0D2FC6268214928681A
:103E200038F0CDFC0E49286838F0C9FC227A0D49DB
:103E3000286838F0C4FC0C49286838F0C0FC617A66
:103E400004F10A00FDF73CFB28680849BDE838404A
:103E500038F0B5BCA8001418E01A0020C0DC04003B
:103E6000D9DC0400ABD9040066DA040083D904006D
:103E7000A80027152CE004001EE00400A0CD0400DB
:103E800024E0040041DE04004EE00400A800141702
:103E900058E00400C4DA0400A8001517EFEA040093
:103EA00065E10400C7D90400FAD9040023DA04004C
:103EB000A800271A20DE040048DE0400A800141A17
:103EC00057EB0400AD4A934201F0608726D802F117
:103ED0007F42934201F0388702F56E02934200F070
:103EE0009D8602F17F4293427DF45EABA44D37F094
:103EF0002FFA37F02EFAA349286838F060FCA2495F
:103F0000286838F05CFCA288A049286838F057FC83
:103F100028689F49BDE8384038F051BC9D4A93421B
:103F200000F0A58602F1807293427DF43DAB944D82
:103F300037F00EFA37F00DFA9749286838F03FFC51
:103F40009649286838F03BFC201D1021FDF7A0FAA7
:103F50009349286838F033FC227D9249286838F06C
:103F60002EFC9149286838F02AFC627D8D4928682A
:103F700038F025FC8D49286838F021FCA27D89495C
:103F8000286838F01CFC8A49286838F018FCE27D63
:103F90008449286838F013FC8649286838F00FFCFB
:103FA000227E8049286838F00AFC28687849BDE8F4
:103FB000384038F004BC724D37F0CAF937F0C9F90F
:103FC0007D49286838F0FBFB7C49286838F0F7FB0E
:103FD00022797449286838F0F2FB7949286838F06A
:103FE000EEFBB4F805206949286838F0E8FB75490C
:103FF000286838F0E4FBD4F807207349286838F0C3
:10400000DEFB28686249BDE8384038F0D8BB5C4D1B
:1040100037F09EF937F09DF96C49286838F0CFFBEE
:104020006749286838F0CBFBA2885849286838F0DF
:10403000C6FB6449286838F0C2FBD4F80620624900
:10404000286838F0BCFB28685149BDE8384038F092
:10405000B6BB4B4D37F07CF937F07BF95C492868EB
:1040600038F0ADFB5B49286838F0A9FBA2884749C6
:10407000286838F0A4FB5849286838F0A0FBE2888B
:104080004249286838F09BFB28684149BDE8384020
:1040900038F095BB3A4D37F05BF937F05AF94F4994
:1040A000286838F08CFB4B49286838F088FBA288D8
:1040B0003649286838F083FB4749286838F07FFB89
:1040C000E2883249286838F07AFB4549286838F098
:1040D00076FB217A04F10900FDF7F2F928682C49F2
:1040E000BDE8384038F06BBB254D37F031F937F07B
:1040F00030F93C49286838F062FB3B49286838F0C1
:104100005EFB22792749286838F059FB374928682F
:1041100038F055FB62792349286838F050FB344960
:10412000286838F04CFBA179E01DFDF7C9F9286833
:104130001749BDE8384038F042BB114D37F008F957
:1041400037F007F92B49286838F039FB2A492868E5
:1041500038F035FB22791349286838F030FB2749BD
:10416000286838F02CFB62790E49286838F027FB64
:1041700028680749BDE8384038F021BBA800271C53
:10418000E01A0020BCE00400C4DA0400A0CD040062
:1041900083D90400A800151D3BE1040041DE0400A2
:1041A00062DD0400ABD904006EDD04007BDD040099
:1041B00093DD0400ABDD040087D904009DD9040021
:1041C000B2D90400BCD90400C7D90400CFD9040077
:1041D000E5D90400FAD9040009DA04000EDA040073
:1041E00023DA04002BDA040048DA040058DA040069
:1041F00066DA04006DDA040089DA040098DA040053
:10420000AB4D37F0A5F837F0A4F8AA49286838F084
:10421000D6FAA949286838F0D2FA2279A74928683D
:1042200038F0CDFAA649286838F0C9FAB4F8052064
:10423000A449286838F0C3FAA349286838F0BFFABF
:10424000B4F807209F49286838F0B9FA28689F49D0
:10425000BDE8384038F0B3BA954D37F079F837F00B
:1042600078F89B49286838F0AAFA9A49286838F003
:10427000A6FA22799149286838F0A1FA9649286867
:1042800038F09DFAB4F805208E49286838F097FA7E
:104290009249286838F093FAB4F8072089492868C9
:1042A00038F08DFA8E49286838F089FAB4F8092078
:1042B0008449286838F083FA28688449BDE8384082
:1042C00038F07DBA7A4D37F043F837F042F8854937
:1042D000286838F074FA8449286838F070FA6268FF
:1042E0008249286838F06BFA8149286838F067FA03
:1042F000A2687E49286838F062FA28687349BDE8E8
:10430000384038F05CBA6A4D37F022F837F021F8BF
:104310007849286838F053FA6749286838F04FFA26
:1043200022796649286838F04AFA6549286838F0E1
:1043300046FAB4F805206349286838F040FA624923
:10434000286838F03CFAB4F807205E49286838F04D
:1043500036FA28685D49BDE8384038F030BA544D27
:1043600036F0F6FF36F0F5FF6349286838F027FA93
:104370006249286838F023FAA2885249286838F040
:104380001EFA5F49286838F01AFAE2884D49286811
:1043900038F015FA5B49286838F011FA227A474953
:1043A000286838F00CFA28684849BDE8384038F0E9
:1043B00006BA3F4D36F0CCFF36F0CBFF52492868A5
:1043C00038F0FDF94D49286838F0F9F9A2883D49DF
:1043D000286838F0F4F94A49286838F0F0F9E2889A
:1043E0003849286838F0EBF94849286838F0E7F987
:1043F000A2683E49286838F0E2F928683349BDE8E8
:10440000384038F0DCB92A4D36F0A2FF36F0A1FF73
:104410003F49286838F0D3F93849286838F0CFF98F
:10442000A2882849286838F0CAF93549286838F040
:10443000C6F9E2882349286838F0C1F92868234979
:10444000BDE8384038F0BBB9194D36F081FF36F081
:1044500080FF3049286838F0B2F91B49286838F0E5
:10446000AEF9A2881749286838F0A9F92A492868BE
:1044700038F0A5F9A2791149286838F0A0F9274940
:10448000286838F09CF9E2790C49286838F097F9E7
:104490002349286838F093F9A2681449286838F04D
:1044A0008EF928680949BDE8384038F088B900BF5E
:1044B000E01A0020EBDA0400FFDA0400ABD90400B4
:1044C00006DB0400A0CD0400FAD9040083D904005F
:1044D0000EDB04002DDB040041DB040053DB040091
:1044E0005FDB04006ADB040086DB0400C7D904003C
:1044F00096DB0400EFDB04001BDC04002FDC04006F
:104500003ADC040045DC04004CDC040066DC0400FA
:1045100073DC04008CDC0400A6DC0400B4DC0400C2
:10452000BCD90400AF4D36F013FF36F012FFAE4990
:10453000286838F044F9AD49286838F040F9A28875
:10454000AB49286838F03BF92868AA49BDE83840EB
:1045500038F035B9A34D36F0FBFE36F0FAFEA64929
:10456000286838F02CF9A549286838F028F922790C
:10457000A349286838F023F9A249286838F01FF9C0
:104580006179A01DFCF79CFF28689A49BDE8384076
:1045900038F015B9934D36F0DBFE36F0DAFE9A4965
:1045A000286838F00CF99149286838F008F9A28891
:1045B0008F49286838F003F928688E49BDE83840EB
:1045C00038F0FDB8874D36F0C3FE36F0C2FE8F4995
:1045D000286838F0F4F88E49286838F0F0F8227925
:1045E0008749286838F0EBF88A49286838F0E7F8F6
:1045F00062798349286838F0E2F88749286838F0FA
:10460000DEF8A2797E49286838F0D9F8834928680D
:1046100038F0D5F8E2797A49286838F0D0F880493E
:10462000286838F0CCF8227A7549286838F0C7F83D
:1046300028687049BDE8384038F0C1B8694D36F097
:1046400087FE36F086FE7749286838F0B8F8764954
:10465000286838F0B4F8A2886549286838F0AFF8BF
:1046600028686449BDE8384038F0A9B85D4C36F098
:104670006FFE36F06EFE6D49206838F0A0F82068B5
:104680005C49BDE8384038F09AB8564D36F060FEC7
:1046900036F05FFE6649286838F091F86549286869
:1046A00038F08DF822795649286838F088F8624940
:1046B000286838F084F8B4F805204D49286838F0A7
:1046C0007EF85E49286838F07AF8D4F807205C490B
:1046D000286838F074F828684649BDE8384038F052
:1046E0006EB8404D36F034FE36F033FE554928683A
:1046F00038F065F85449286838F061F8201D102119
:10470000FCF7C6FE5149286838F059F8227D3C492B
:10471000286838F054F84E49286838F050F8B4F852
:1047200015203349286838F04AF84A49286838F093
:1047300046F8E27D3249286838F041F84649286851
:1047400038F03DF8227E2E49286838F038F8434981
:10475000286838F034F8627E2949286838F02FF844
:104760003F49286838F02BF8628B2149286838F0D7
:1047700026F83C49286838F022F8227F204928682A
:1047800038F01DF83849286838F019F8B4F81D20B9
:104790001749286838F013F828681649BDE83840EA
:1047A00038F00DB80F4D36F0D3FD36F0D2FD2F495D
:1047B000286838F004F82E49286838F000F8227983
:1047C0000F49286837F0FBFF1F49286837F0F7FFCB
:1047D000601D1021FCF75CFE28680649BDE83840E2
:1047E00037F0EDBFE01A0020E0DC0400C4DA04007A
:1047F000A0CD040083D90400FDDC0400D9DC040052
:10480000ABD9040066DA040021DD040049DD0400B0
:1048100062DD04006EDD04007BDD040093DD040036
:10482000ABDD0400C1DD0400DBDD0400E9DD0400D4
:10483000FFDD040015DE0400B2D90400BCD9040079
:10484000C7D9040051DE040041DE040068DE040024
:1048500073DE040080DE04008CDE04009EDE0400B3
:10486000AFDE0400C3DE0400D4DE0400E8DE040092
:1048700048DE0400AA4D36F06BFD36F06AFDA9490A
:10488000286837F09CFFA849286837F098FFA2886D
:10489000A649286837F093FFA549286837F08FFFAD
:1048A000A01D1021FCF7F4FD2868A249BDE838409E
:1048B00037F085BF9A4D36F04BFD36F04AFD9E49E4
:1048C000286837F07CFF9D49286837F078FFA28878
:1048D0009649286837F073FF9949286837F06FFFC9
:1048E000D4F806209749286837F069FF9649286868
:1048F00037F065FFA27A9549286837F060FF8A494A
:10490000286837F05CFF04F10B000621FCF7C0FDBE
:104910008F49286837F053FF627C8C49286837F04C
:104920004EFF8349286837F04AFF04F11200102136
:10493000FCF7AEFD8749286837F041FF94F9222043
:104940008549286837F03BFF28687A49BDE8384038
:1049500037F035BF724D36F0FBFC36F0FAFC7F497C
:10496000286837F02CFF7249286837F028FF201D8F
:104970001021FCF78DFD28686E49BDE8384037F0FE
:104980001EBF674D36F0E4FC36F0E3FC744928683E
:1049900037F015FF7349286837F011FF22796B490A
:1049A000286837F00CFF7049286837F008FF6279F3
:1049B0006649286837F003FF6C49286837F0FFFE26
:1049C000A2796249286837F0FAFE5949286837F019
:1049D000F6FEE01D1021FCF75BFD28685549BDE897
:1049E000384037F0ECBE4E4D36F0B2FC36F0B1FC3C
:1049F0005F49286837F0E3FE4D49286837F0DFFE4D
:104A0000201D1021FCF744FD5A49286837F0D7FED5
:104A1000227D4E49286837F0D2FE5749286837F082
:104A2000CEFE627D4949286837F0C9FE534928689F
:104A300037F0C5FEA17D04F11700FCF741FD2868A1
:104A40003C49BDE8384037F0BABE354D36F080FC01
:104A500036F07FFC4A49286837F0B1FE34492868AF
:104A600037F0ADFE201D1021FCF712FD2E492868FD
:104A700037F0A5FEA28A2D49286837F0A0FE4149EB
:104A8000286837F09CFEA27D3049286837F097FEF1
:104A900028682849BDE8384037F091BE204D36F0EF
:104AA00057FC36F056FC3849286837F088FE3749FD
:104AB000286837F084FE62682249286837F07FFE54
:104AC0002E49286837F07BFE217A04F10900FCF7B3
:104AD000F7FC28681749BDE8384037F070BE104D24
:104AE00036F036FC36F035FC2949286837F067FE89
:104AF0002849286837F063FEA2880C49286837F0F7
:104B00005EFE2549286837F05AFEA2790F492868C9
:104B100037F055FE28680749BDE8384037F04FBEEA
:104B2000E01A002006DF0400B2D90400A0CD040082
:104B300041DE040083D9040023DF04003BDF0400CE
:104B40004EDF0400C7D9040059DF0400ABD90400CC
:104B500062DF040071DF040063D6040078DF040024
:104B600093DF0400AEDF040048DA040058DA0400E2
:104B7000B7DF040089DA040098DA040066DA04007A
:104B8000D3DF040068DE0400E6DF0400F4DF040085
:104B9000FBDF04001EE0040024E00400834D36F037
:104BA000D7FB36F0D6FB8249286837F008FE8149EA
:104BB000286837F004FEA2887F49286837F0FFFD97
:104BC0007E49286837F0FBFDA01D1021FCF760FC32
:104BD00028687B49BDE8384037F0F1BD734D36F0A9
:104BE000B7FB36F0B6FB7749286837F0E8FD714926
:104BF000286837F0E4FDA2886F49286837F0DFFDA8
:104C00006E49286837F0DBFDA01D1021FCF740FC41
:104C100028686B49BDE8384037F0D1BD634D36F0A8
:104C200097FB36F096FB6849286837F0C8FD614964
:104C3000286837F0C4FDA2885F49286837F0BFFDB7
:104C40005E49286837F0BBFDA01D1021FCF720FC51
:104C50005E49286837F0B3FDA17D04F11700FCF729
:104C60002FFC28685649BDE8384037F0A8BD4F4DA5
:104C700036F06EFB36F06DFB5549286837F09FFD26
:104C80004C49286837F09BFDA2884B49286837F0CB
:104C900096FD4A49286837F092FDA01D1021FCF7C7
:104CA000F7FB4C49286837F08AFDE28A42492868B8
:104CB00037F085FD4849286837F081FD227E474955
:104CC000286837F07CFD4649286837F078FD617E1A
:104CD00004F11A00FCF7F4FB28683949BDE83840B4
:104CE00037F06DBD314D36F033FB36F032FB3D49C8
:104CF000286837F064FD3C49286837F060FD626839
:104D00003A49286837F05BFD28682D49BDE83840EE
:104D100037F055BD254D36F01BFB36F01AFB3449F4
:104D2000286837F04CFD3049286837F048FD626844
:104D30002E49286837F043FD2E49286837F03FFD9B
:104D400022891D49286837F03AFD28681C49BDE8CA
:104D5000384037F034BD154D36F0FAFA36F0F9FA2E
:104D60002549286837F02BFD1F49286837F027FDB3
:104D700062681E49286837F022FD2049286837F00C
:104D80001EFD227A1549286837F019FD1C4928684C
:104D900037F015FDB4F809200749286837F00FFDF2
:104DA00028680749BDE8384037F009BDE01A0020FF
:104DB00077E00400C4DA0400A0CD040041DE040062
:104DC00083D9040098E00400DCE0040000E1040062
:104DD00007E104002AE1040033E10400ABD9040038
:104DE00066DA040050E1040065E10400C7D904005C
:104DF0006EE1040048DE040086E10400FFDA0400EE
:104E00009FE10400944D36F0A3FA36F0A2FA9349DC
:104E1000286837F0D4FC9249286837F0D0FCA28883
:104E20009049286837F0CBFC8F49286837F0C7FCD9
:104E3000E2888C49286837F0C2FC8C49286837F032
:104E4000BEFC22898749286837F0B9FC8849286860
:104E500037F0B5FC62898349286837F0B0FC854992
:104E6000286837F0ACFCA2897E49286837F0A7FC97
:104E70008149286837F0A3FC94F90E207F492868FF
:104E800037F09DFC7E49286837F099FCB4F80F2074
:104E90007449286837F093FC7A49286837F08FFC0A
:104EA000627C7949286837F08AFC7849286837F0AD
:104EB00086FCA27C7449286837F081FC7449286814
:104EC00037F07DFCE27C7049286837F078FC714946
:104ED000286837F074FC227D6B49286837F06FFC36
:104EE0006D49286837F06BFC617D04F11600FCF712
:104EF000E7FA28686949BDE8384037F060BC564D8C
:104F000036F026FA36F025FA6549286837F057FC5E
:104F10006449286837F053FCA2885249286837F062
:104F20004EFC5149286837F04AFCE2884D49286810
:104F300037F045FC5C49286837F041FC2289494933
:104F4000286837F03CFC5949286837F038FC6289FA
:104F50004449286837F033FC5549286837F02FFC5E
:104F6000227B4949286837F02AFC28684B49BDE86C
:104F7000384037F024BC384D36F0EAF936F0E9F91C
:104F80004C49286837F01BFC3749286837F017FC74
:104F9000A2883449286837F012FC4749286837F05E
:104FA0000EFCA2793849286837F009FC28683B498B
:104FB000BDE8384037F003BC274D36F0C9F936F06C
:104FC000C8F93E49286837F0FAFB3749286837F0B6
:104FD000F6FBA2882349286837F0F1FB22492868AC
:104FE00037F0EDFBE2881F49286837F0E8FB2D49D0
:104FF000286837F0E4FB22891A49286837F0DFFB7C
:105000001F49286837F0DBFB62891649286837F0AA
:10501000D6FB2B49286837F0D2FB227B1A49286837
:1050200037F0CDFB1149286837F0C9FBB4F80D20E3
:105030000C49286837F0C3FB2249286837F0BFFBCA
:10504000E27B1149286837F0BAFB28681349BDE8AC
:10505000384037F0B4BB00BFE01A00206AE2040019
:1050600084E20400A0CD040021E2040053DB04002C
:105070005FDB04009AE20400ABE2040063D60400A4
:10508000B6E20400C5E20400ABD90400D2E2040099
:10509000E2E2040033E10400EBE2040083D90400FF
:1050A00075E3040036E3040047E30400C4DA0400B7
:1050B0009DE30400E1E30400FEE304000AE40400CD
:1050C00062E304002AE40400A84D36F041F936F00A
:1050D00040F9A749286837F072FBA649286837F0DD
:1050E0006EFBA288A449286837F069FBA3492868A9
:1050F00037F065FBE288A049286837F060FBA049DB
:10510000286837F05CFB22899B49286837F057FBF9
:105110009C49286837F053FB62899749286837F023
:105120004EFB9949286837F04AFBE268974928689E
:1051300037F045FB9649286837F041FB228A8E49B3
:10514000286837F03CFB9349286837F038FBA27C8D
:105150009149286837F033FB9049286837F02FFBD6
:10516000E17C04F11400FCF7ABF928688C49BDE838
:10517000384037F024BB7D4D36F0EAF836F0E9F8D8
:105180008849286837F01BFB7E49286837F017FBF1
:10519000A2887949286837F012FB7849286837F0E7
:1051A0000EFBE2887449286837F009FB74492868C7
:1051B00037F005FB22897049286837F000FB6D49FC
:1051C000286837F0FCFA62896B49286837F0F7FAEB
:1051D0007549286837F0F3FAA2896749286837F0DB
:1051E000EEFA7249286837F0EAFAD4F80E206749D7
:1051F000286837F0E4FA6E49286837F0E0FA628AE6
:105200005D49286837F0DBFA6149286837F0D7FA3A
:10521000A28A5949286837F0D2FA5E49286837F0DF
:10522000CEFAA27D5C49286837F0C9FA5B49286844
:1052300037F0C5FAE17D04F11800FCF741F9286860
:105240005749BDE8384037F0BABA484D36F080F8D3
:1052500036F07FF85749286837F0B1FA474928688F
:1052600037F0ADFAA2884449286837F0A8FA4449D3
:10527000286837F0A4FAE2883F49286837F09FFA97
:105280004149286837F09BFAA2684049286837F0FE
:1052900096FA4049286837F092FA227B3E492868FE
:1052A00037F08DFA3D49286837F089FA617B04F1BF
:1052B0000E00FCF705F928683949BDE8384037F099
:1052C0007EBA2A4D36F044F836F043F83A49286859
:1052D00037F075FA2949286837F071FAA28826490B
:1052E000286837F06CFA2649286837F068FAE288AF
:1052F0002149286837F063FA3049286837F05FFAA7
:10530000A2682249286837F05AFA2249286837F0FB
:1053100056FA227B2049286837F051FA1F4928683D
:1053200037F04DFA617B04F10E00FCF7C9F82868EC
:105330001B49BDE8384037F042BA0C4D36F008F84A
:1053400036F007F81E49286837F039FA1D492868F1
:1053500037F035FAA2880849286837F030FA28680B
:105360000F49BDE8384037F02ABA00BFE01A0020E4
:105370003EE4040036E30400A0CD040021E2040072
:105380005FDB040047E3040060E40400C7D90400C5
:105390006FE40400FFDA0400ABD9040077E40400F2
:1053A00083D9040084E40400B6E20400A7E4040006
:1053B000B7E40400C2E40400E4E4040005E50400EA
:1053C00092E50400B2D90400B14D35F0C1FF35F0CB
:1053D000C0FFB049286837F0F2F9AF49286837F0C4
:1053E000EEF9A288AD49286837F0E9F9AC49286898
:1053F00037F0E5F9E288A949286837F0E0F9A949CA
:10540000286837F0DCF92289A449286837F0D7F9F1
:105410002868A549BDE8384037F0D1B99C4C35F033
:1054200097FF35F096FFA149206837F0C8F920684A
:105430009D49BDE8384037F0C2B9954D35F088FF39
:1054400035F087FF9A49286837F0B9F999492868F3
:1054500037F0B5F9A2889149286837F0B0F9964934
:10546000286837F0ACF9E2888C49286837F0A7F94A
:1054700028688D49BDE8384037F0A1B9844D35F032
:1054800067FF35F066FF8D49286837F098F989493C
:10549000286837F094F9A2888049286837F08FF996
:1054A0008749286837F08BF9E2887C49286837F00B
:1054B00086F928687C49BDE8384037F080B9744DDA
:1054C00035F046FF35F045FF7E49286837F077F91B
:1054D0007849286837F073F9A2887049286837F04E
:1054E0006EF97749286837F06AF9E2886B492868CD
:1054F00037F065F928686C49BDE8384037F05FB986
:10550000634D35F025FF35F024FF6F49286837F0EB
:1055100056F96849286837F052F9A2885F49286827
:1055200037F04DF96949286837F049F9E2885B4955
:10553000286837F044F928685B49BDE8384037F0FF
:105540003EB9534D35F004FF35F003FF604928683C
:1055500037F035F95749286837F031F9A2884F49B3
:10556000286837F02CF95949286837F028F9E2887B
:105570004A49286837F023F95149286837F01FF95C
:1055800022894649286837F01AF928684649BDE853
:10559000384037F014B93E4D35F0DAFE35F0D9FE1B
:1055A0004C49286837F00BF94B49286837F007F960
:1055B00062684A49286837F002F928683A49BDE824
:1055C000384037F0FCB8324D35F0C2FE35F0C1FE40
:1055D0004349286837F0F3F82F49286837F0EFF887
:1055E000A2882E49286837F0EAF83B49286837F046
:1055F000E6F8D4F806203949286837F0E0F828683A
:105600002949BDE8384037F0DAB8214D35F0A0FE21
:1056100035F09FFE3349286837F0D1F82E492868C5
:1056200037F0CDF862682D49286837F0C8F82E4960
:10563000286837F0C4F8217A04F10900FBF740FF2D
:1056400028681949BDE8384037F0B9B8104D35F031
:105650007FFE35F07EFE2549286837F0B0F80E4908
:10566000286837F0ACF8A2880C49286837F0A7F80A
:105670001949286837F0A3F8D4F806201749286894
:1056800037F09DF828680849BDE8384037F097B8EA
:10569000E01A0020C1E50400C4DA0400A0CD040033
:1056A000E8E50400F6E5040083D9040004E60400FC
:1056B0002AE60400FAD904004AE604005BE6040086
:1056C00048DE040076E6040095E60400B8E604002F
:1056D000C6E60400E8E6040065E10400C7D904005A
:1056E0000CE70400A1E70400C0E70400D1E70400D0
:1056F000A04D35F02DFE35F02CFE9F49286837F07F
:105700005EF89E49286837F05AF8A2889C492868B4
:1057100037F055F89B49286837F051F8D4F806203F
:105720009949286837F04BF828689849BDE838400F
:1057300037F045B88F4D35F00BFE35F00AFE944931
:10574000286837F03CF88F49286837F038F86268E5
:105750008D49286837F033F88E49286837F02FF8DC
:10576000217A04F10900FBF7ABFE28688749BDE800
:10577000384037F024B87F4D35F0EAFD35F0E9FDCB
:105780008549286837F01BF87C49286837F017F8F6
:10579000A2887B49286837F012F87A49286837F0E0
:1057A0000EF8D4F806207849286837F008F87B49C5
:1057B000286837F004F862897149286836F0FFFFDD
:1057C0007749286836F0FBFFA2896D49286836F0D2
:1057D000F6FF7449286836F0F2FFA27B7249286808
:1057E00036F0EDFF7149286836F0E9FFE27B6E493B
:1057F000286836F0E4FF6E49286836F0E0FF226939
:105800006149286836F0DBFF6A49286836F0D7FF1F
:10581000227D6549286836F0D2FF6749286836F04E
:10582000CEFFB4F815205649286836F0C8FF28681E
:105830005649BDE8384036F0C2BF4E4D35F088FDC0
:1058400035F087FD5D49286836F0B9FF4D49286875
:1058500036F0B5FF62684C49286836F0B0FF584909
:10586000286836F0ACFF217A04F10900FBF728FE26
:1058700028684649BDE8384036F0A1BF3D4D35F0B7
:1058800067FD35F066FD4F49286836F098FF3B49C3
:10589000286836F094FFA2883949286836F08FFFCF
:1058A0003849286836F08BFFD4F806203649286836
:1058B00036F085FF28683549BDE8384036F07FBFAF
:1058C0002C4D35F045FD35F044FD3F49286836F054
:1058D00076FF2A49286836F072FFA288284928688E
:1058E00036F06DFF2749286836F069FFD4F80620A6
:1058F0002549286836F063FF3449286836F05FFF91
:1059000062891F49286836F05AFF3149286836F005
:1059100056FFA2891A49286836F051FF2D49286898
:1059200036F04DFFA27B2049286836F048FF2A490F
:10593000286836F044FFE27B1B49286836F03FFFB9
:105940001A49286836F03BFF227C1749286836F050
:1059500036FF2249286836F032FFB4F81120084992
:10596000286836F02CFF28680849BDE8384036F032
:1059700026BF00BFE01A0020F4E70400C4DA0400E8
:10598000A0CD040065E10400C7D9040083D9040058
:1059900016E80400C0E704005CE80400B2D9040083
:1059A000B6E2040080E80400ABD904008EE80400ED
:1059B00094E80400A0E80400B3E80400F0E8040060
:1059C0000DE9040019E904003AE9040084E2040046
:1059D000FAD9040062E904006EE904007BE90400DE
:1059E0009C4D35F0B5FC35F0B4FC9B49286836F089
:1059F000E6FE9A49286836F0E2FEA28898492868AF
:105A000036F0DDFE9749286836F0D9FED4F8062036
:105A10009549286836F0D3FE9449286836F0CFFEC1
:105A200062898F49286836F0CAFE9149286836F0A5
:105A3000C6FEA2898A49286836F0C1FE8D492868C9
:105A400036F0BDFEA27B8C49286836F0B8FE8B4943
:105A5000286836F0B4FEE27B8749286836F0AFFE4E
:105A60008749286836F0ABFE227C8349286836F0E7
:105A7000A6FE8449286836F0A2FE627C7E4928682A
:105A800036F09DFE28688049BDE8384036F097BE64
:105A9000704D35F05DFC35F05CFC7C49286836F0D3
:105AA0008EFE6E49286836F08AFEA2886C49286806
:105AB00036F085FE6B49286836F081FED4F8062062
:105AC0006949286836F07BFE7149286836F077FE10
:105AD000A27A6949286836F072FE28686A49BDE8EA
:105AE000384036F06CBE5B4D35F032FC35F031FCA1
:105AF0006849286836F063FE5849286836F05FFE2A
:105B0000A2885749286836F05AFE5649286836F068
:105B100056FED4F806205449286836F050FE5C49F9
:105B2000286836F04CFEA27A5349286836F047FEC2
:105B300028685549BDE8384036F041BE454D35F03E
:105B400007FC35F006FC5449286836F038FE434916
:105B5000286836F034FEA2884149286836F02FFEC6
:105B60004049286836F02BFED4F806203E492868C4
:105B700036F025FE4949286836F021FEA27A3E49D2
:105B8000286836F01CFE4649286836F018FEB4F83E
:105B90000B203349286836F012FE28683A49BDE8E0
:105BA000384036F00CBE2B4D35F0D2FB35F0D1FB32
:105BB0003C49286836F003FE2849286836F0FFFD86
:105BC000A2882749286836F0FAFD2649286836F069
:105BD000F6FDD4F806202449286836F0F0FD2C495B
:105BE000286836F0ECFDA27A2349286836F0E7FDF4
:105BF00028682549BDE8384036F0E1BD154D35F03F
:105C0000A7FB35F0A6FB2849286836F0D8FD1349D4
:105C1000286836F0D4FDA2881149286836F0CFFDF7
:105C20001049286836F0CBFDD4F806200E492868C4
:105C300036F0C5FD1649286836F0C1FDA27A0E4936
:105C4000286836F0BCFD28680F49BDE8384036F0BA
:105C5000B6BD00BFE01A002086E90400C4DA0400E3
:105C6000A0CD040065E10400C7D904009AE2040055
:105C700084E204006EE90400ABD9040062E9040088
:105C8000AEE90400B9E9040083D90400E5E90400A1
:105C900023DA04000BEA040058EA040083EA040053
:105CA00094EA0400ABEA0400CEEA0400A74D35F004
:105CB0004FFB35F04EFBA649286836F080FDA5491C
:105CC000286836F07CFDA288A349286836F077FD65
:105CD000A249286836F073FDD4F80620A049286848
:105CE00036F06DFD9F49286836F069FDD4F80A202A
:105CF0009B49286836F063FD28689B49BDE8384019
:105D000036F05DBD914D35F023FB35F022FB974910
:105D1000286836F054FD8F49286836F050FDA28877
:105D20008D49286836F04BFD8C49286836F047FDD0
:105D3000D4F806208A49286836F041FD28688A4947
:105D4000BDE8384036F03BBD804D35F001FB35F005
:105D500000FB8749286836F032FD7E49286836F016
:105D60002EFDA2887C49286836F029FD7B492868E9
:105D700036F025FDD4F806207949286836F01FFD55
:105D800028687949BDE8384036F019BD6F4D35F0C7
:105D9000DFFA35F0DEFA7749286836F010FD7649EB
:105DA000286836F00CFDA2886B49286836F007FD9C
:105DB0007249286836F003FDE2886749286836F0A2
:105DC000FEFC28686849BDE8384036F0F8BC5F4DF5
:105DD00035F0BEFA35F0BDFA6949286836F0EFFCB7
:105DE0006849286836F0EBFCA2885B49286836F0E1
:105DF000E6FC6549286836F0E2FCA2796349286828
:105E000036F0DDFC6249286836F0D9FCE2795F495A
:105E1000286836F0D4FC5F49286836F0D0FC228927
:105E20004D49286836F0CBFC5B49286836F0C7FC42
:105E300062894949286836F0C2FC5849286836F01A
:105E4000BEFC227B5149286836F0B9FC54492868C9
:105E500036F0B5FC627B4D49286836F0B0FC286806
:105E60004149BDE8384036F0AABC384D35F070FAEB
:105E700035F06FFA4B49286836F0A1FC4149286893
:105E800036F09DFCA2883449286836F098FC4649D3
:105E9000286836F094FCE2882F49286836F08FFC99
:105EA0004249286836F08BFC227A3849286836F057
:105EB00086FC3F49286836F082FC627A33492868BC
:105EC00036F07DFC3B49286836F079FC04F10A0085
:105ED0000821FBF7DDFA3849286836F070FCD4F861
:105EE00012201F49286836F06AFC3449286836F0C9
:105EF00066FCA27D2549286836F061FC3049286897
:105F000036F05DFCE17D04F11800FBF7D9FA286852
:105F10001549BDE8384036F052BC0C4D35F018FA42
:105F200035F017FA2749286836F049FC15492868E2
:105F300036F045FCA2880849286836F040FC2868FD
:105F40000949BDE8384036F03ABC00BFE01A0020ED
:105F50001BEB0400C4DA0400A0CD040065E10400DA
:105F6000C7D9040045EB040083D9040073EB040097
:105F700093EB0400B3EB0400D7EB0400E2EB040066
:105F800062EC040021E204008DEC0400ABD90400B3
:105F9000A2EC0400B7EC0400CCEC0400DDEC04003F
:105FA000F8EC040010ED040047E30400D4E1040021
:105FB00024E0040037ED040041ED04004DED040041
:105FC0005EED040074ED0400AB4D35F0C1F935F021
:105FD000C0F9AA49286836F0F2FBA949286836F0CA
:105FE000EEFBA288A749286836F0E9FBA649286895
:105FF00036F0E5FBE288A349286836F0E0FBA349C8
:10600000286836F0DCFB227AA149286836F0D7FBF5
:10601000A049286836F0D3FB617A04F10A00FBF747
:106020004FFA28689C49BDE8384036F0C8BB924D0D
:1060300035F08EF935F08DF99849286836F0BFFBB8
:106040008F49286836F0BBFBA2888E49286836F055
:10605000B6FB9349286836F0B2FBE2888949286884
:1060600036F0ADFB8F49286836F0A9FBA2688E494F
:10607000286836F0A4FB28688749BDE8384036F028
:106080009EBB7D4D35F064F935F063F9874928688A
:1060900036F095FB7A49286836F091FBA288794959
:1060A000286836F08CFB8249286836F088FBD4F8E3
:1060B00006207D49286836F082FB7E49286836F044
:1060C0007EFB62896F49286836F079FB286872493F
:1060D000BDE8384036F073BB674D35F039F935F01F
:1060E00038F97549286836F06AFB6549286836F042
:1060F00066FBA2886349286836F061FB624928681C
:1061000036F05DFBE2885F49286836F058FB61494C
:10611000286836F054FB217A04F10900FBF7D0F926
:1061200028685D49BDE8384036F049BB524D35F02E
:106130000FF935F00EF96149286836F040FB5049F7
:10614000286836F03CFBA2884E49286836F037FBB9
:1061500028685149BDE8384036F031BB464D35F02E
:10616000F7F835F0F6F85649286836F028FB444928
:10617000286836F024FBA2884249286836F01FFBC5
:106180005049286836F01BFBA2794149286836F04F
:1061900016FB4D49286836F012FBE2793C49286825
:1061A00036F00DFB28683C49BDE8384036F007BBA7
:1061B000314D35F0CDF835F0CCF84449286836F04B
:1061C000FEFA2F49286836F0FAFAA2882D49286885
:1061D00036F0F5FA28683049BDE8384036F0EFBAB5
:1061E000254D35F0B5F835F0B4F83949286836F062
:1061F000E6FA2349286836F0E2FAA288214928689D
:1062000036F0DDFA2049286836F0D9FAE2881D49CF
:10621000286836F0D4FA2F49286836F0D0FA227A66
:106220001B49286836F0CBFA2B49286836F0C7FAA4
:10623000627A1749286836F0C2FA28681649BDE81C
:10624000384036F0BCBA0C4D35F082F835F081F8A4
:106250002249286836F0B3FA0949286836F0AFFABF
:10626000A2880849286836F0AAFA28680A49BDE8D1
:10627000384036F0A4BA00BFE01A00209CED0400BC
:1062800021E20400A0CD040047E30400D4E10400AF
:10629000ABD90400C0ED040083D90400D1ED0400A3
:1062A000F6ED040005EE0400C7D9040012EE040068
:1062B00035EE04003EEE040047EE040073EE0400E9
:1062C00098EE0400C4EE0400D5EE0400E9EE0400EC
:1062D00005EF040023EF04002DEF040035EF040068
:1062E0008F4D35F035F835F034F88E49286836F0A2
:1062F00066FA8D49286836F062FAA2888B492868C8
:1063000036F05DFA8A49286836F059FAE2888749FA
:10631000286836F054FA8749286836F050FA082180
:106320006018FBF7B5F88449286836F048FA226906
:106330008249286836F043FA8149286836F03FFAE6
:10634000227D8049286836F03AFA7F49286836F07D
:1063500036FA627D7B49286836F031FA28687B4935
:10636000BDE8384036F02BBA6D4D34F0F1FF34F013
:10637000F0FF7749286836F022FA6B49286836F032
:106380001EFAA2886949286836F019FA684928680F
:1063900036F015FAE2886549286836F010FA6D493A
:1063A000286836F00CFA22896049286836F007FA26
:1063B0006949286836F003FAD4F80A205F4928684A
:1063C00036F0FDF96549286836F0F9F9D4F80E2061
:1063D0005A49286836F0F3F96149286836F0EFF930
:1063E000A17C04F11300FBF76BF828685749BDE85E
:1063F000384036F0E4B94A4D34F0AAFF34F0A9FF32
:106400005849286836F0DBF95749286836F0D7F93B
:10641000A2884649286836F0D2F94349286836F000
:10642000CEF9E2884149286836F0C9F94049286820
:1064300036F0C5F922893D49286836F0C0F94B4944
:10644000286836F0BCF962893849286836F0B7F90F
:106450004749286836F0B3F9227B3A49286836F074
:10646000AEF94449286836F0AAF9B4F80D202F494E
:10647000286836F0A4F928683449BDE8384036F079
:106480009EB9274D34F064FF34F063FF3A49286821
:1064900036F095F93449286836F091F9A2882349F5
:1064A000286836F08CF92049286836F088F9E288A7
:1064B0001E49286836F083F91D49286836F07FF9AF
:1064C00022891A49286836F07AF92849286836F06E
:1064D00076F962891549286836F071F924492868E7
:1064E00036F06DF9227B1749286836F068F92149A2
:1064F000286836F064F9B4F80D200C49286836F0A5
:106500005EF91E49286836F05AF9E17B04F1100063
:10651000FAF7D6FF28680D49BDE8384036F04FB984
:10652000E01A00208EEF040021E20400A0CD040058
:1065300036E3040037ED040041ED0400C7D9040040
:106540004DED0400ABD90400B1EF040083D9040081
:10655000DDEF0400F6ED0400F3EF040002F00400A8
:1065600066DA0400ABF0040047E30400B6E204007E
:106570006FE40400CAF00400D8F00400FEF0040048
:106580008B4D34F0E5FE34F0E4FE8A49286836F09D
:1065900016F98949286836F012F9A28887492868CF
:1065A00036F00DF98649286836F009F9E288834902
:1065B000286836F004F98349286836F000F9228902
:1065C0007E49286836F0FBF87F49286836F0F7F8EE
:1065D00062897A49286836F0F2F87C49286836F0F2
:1065E000EEF8227B7A49286836F0E9F8794928687C
:1065F00036F0E5F8B4F80D207049286836F0DFF879
:106600007549286836F0DBF8E17B04F11000FAF7F1
:1066100057FF28687149BDE8384036F0D0B8644D5E
:1066200034F096FE34F095FE6D49286836F0C7F8D0
:106630006349286836F0C3F8A2886049286836F0B4
:10664000BEF86849286836F0BAF8D4F806206649DA
:10665000286836F0B4F828686049BDE8384036F05C
:10666000AEB8534D34F074FE34F073FE5F492868C1
:1066700036F0A5F85049286836F0A1F8A2884F49AD
:10668000286836F09CF84E49286836F098F8E28879
:106690004A49286836F093F84A49286836F08FF856
:1066A00022894649286836F08AF84749286836F032
:1066B00086F862894149286836F081F8434928689C
:1066C00036F07DF8227B4249286836F078F8414957
:1066D000286836F074F8B4F80D203849286836F088
:1066E0006EF84349286836F06AF8E27B3849286832
:1066F00036F065F83F49286836F061F8227C344965
:10670000286836F05CF83C49286836F058F8617C17
:1067100004F11200FAF7D4FE28683049BDE8384089
:1067200036F04DB8224D34F013FE34F012FE3349EA
:10673000286836F044F82049286836F040F8A288E6
:106740001E49286836F03BF81D49286836F037F8AE
:10675000E2881A49286836F032F81A49286836F073
:106760002EF822891549286836F029F81649286834
:1067700036F025F862891149286836F020F8134967
:10678000286836F01CF8227B1149286836F017F883
:106790001049286836F013F8B4F80D200749286826
:1067A00036F00DF828680D49BDE8384036F007B8D6
:1067B000E01A00200BF1040047E30400A0CD040020
:1067C00021E2040036E30400B6E204006FE40400B2
:1067D000ABD90400CAF00400FEF0040083D9040021
:1067E00031F1040094E80400C7D9040079F10400F1
:1067F000A6F10400B7F10400C6F10400CFF10400D3
:10680000874D34F0A5FD34F0A4FD8649286835F0A5
:10681000D6FF8549286835F0D2FFA28883492868C9
:1068200035F0CDFF8249286835F0C9FFE2887F49FD
:10683000286835F0C4FF7F49286835F0C0FF2289F9
:106840007A49286835F0BBFF7B49286835F0B7FFE7
:1068500062897649286835F0B2FF7849286835F0B2
:10686000AEFF227B7649286835F0A9FF7549286874
:1068700035F0A5FFB4F80D206C49286835F09FFF6E
:106880007149286835F09BFFB4F80F2067492868E4
:1068900035F095FF6D49286835F091FF617C04F172
:1068A0001200FAF70DFE28686949BDE8384035F056
:1068B00086BF5B4D34F04CFD34F04BFD65492868D4
:1068C00035F07DFF5A49286835F079FFA28857498D
:1068D000286835F074FF6049286835F070FFD4F8F7
:1068E00006205E49286835F06AFF28685849BDE8E7
:1068F000384035F064BF4A4D34F02AFD34F029FDAC
:106900005749286835F05BFF4A49286835F057FF3A
:10691000A2884649286835F052FF4549286835F075
:106920004EFFE2884149286835F049FF3E49286812
:1069300035F045FF22893D49286835F040FF3E4942
:10694000286835F03CFF62893849286835F037FF00
:106950003A49286835F033FF227B3949286835F0F9
:106960002EFF4049286835F02AFF617B04F10E00B4
:10697000FAF7A6FD28683649BDE8384035F01FBF54
:10698000274D34F0E5FC34F0E4FC3749286835F055
:1069900016FF2849286835F012FFA2882349286885
:1069A00035F00DFF2249286835F009FFE2881F49BC
:1069B000286835F004FF1C49286835F000FF22895B
:1069C0001A49286835F0FBFE1B49286835F0F7FEA8
:1069D00062891649286835F0F2FE1849286835F0B2
:1069E000EEFE227B1649286835F0E9FE1549286835
:1069F00035F0E5FEB4F80D200C49286835F0DFFECF
:106A00001A49286835F0DBFEE17B04F11000FAF743
:106A100057FD28680E49BDE8384035F0D0BE00BFAC
:106A2000E01A002037F2040047E30400A0CD040080
:106A300021E2040036E30400B6E204006FE404003F
:106A4000ABD90400CAF004002AF2040064F2040086
:106A500083D9040070F2040094E80400C7D904004C
:106A600091F20400B6F20400C4F20400C6F104007E
:106A7000AE4D34F06DFC34F06CFCAD49286835F057
:106A80009EFEAC49286835F09AFEA288AA4928687B
:106A900035F095FEA949286835F091FEE288A649AF
:106AA000286835F08CFEA649286835F088FE2289D2
:106AB000A149286835F083FEA249286835F07FFE99
:106AC00062899D49286835F07AFE9F49286835F02B
:106AD00076FE227B9D49286835F071FE9C49286826
:106AE00035F06DFEB4F80D209349286835F067FE47
:106AF0009849286835F063FEB4F80F208E4928685D
:106B000035F05DFE9449286835F059FE617C04F14A
:106B10001200FAF7D5FC28689049BDE8384035F0F6
:106B20004EBE824D34F014FC34F013FC8C492868BE
:106B300035F045FE7F49286835F041FEA2887E4940
:106B4000286835F03CFE7D49286835F038FEE2883B
:106B50007949286835F033FE7949286835F02FFEE9
:106B600022897549286835F02AFE7649286835F06B
:106B700026FE62897049286835F021FE724928682E
:106B800035F01DFE227B7149286835F018FE7549E5
:106B9000286835F014FE617B04F10E00FAF790FCD2
:106BA00028686E49BDE8384035F009BE5F4D34F0C5
:106BB000CFFB34F0CEFB6C49286835F000FE5D4910
:106BC000286835F0FCFDA2885B49286835F0F7FDA0
:106BD0005A49286835F0F3FDE2885749286835F0AE
:106BE000EEFD5749286835F0EAFD228952492868A8
:106BF00035F0E5FD5349286835F0E1FD62894E49DD
:106C0000286835F0DCFD5049286835F0D8FD227B36
:106C10004E49286835F0D3FD4D49286835F0CFFD41
:106C2000B4F80D204449286835F0C9FD4D4928685D
:106C300035F0C5FDE17B04F11000FAF741FC28684E
:106C40004649BDE8384035F0BABD384D34F080FBD8
:106C500034F07FFB4549286835F0B1FD3549286897
:106C600035F0ADFDA2883449286835F0A8FD3349D8
:106C7000286835F0A4FDE2882F49286835F09FFD8B
:106C80002F49286835F09BFD22892B49286835F06B
:106C900096FD2C49286835F092FD628926492868BE
:106CA00035F08DFD2849286835F089FD227B27497C
:106CB000286835F084FD2649286835F080FDB4F851
:106CC0000D201D49286835F07AFD2649286835F0E1
:106CD00076FDE17B04F11000FAF7F2FB28681F490A
:106CE000BDE8384035F06BBD104D34F031FB34F069
:106CF00030FB1F49286835F062FD1049286835F0DF
:106D00005EFDA2880C49286835F059FD19492868AC
:106D100035F055FDD4F806201749286835F04FFDA9
:106D200028680E49BDE8384035F049BDE01A00201A
:106D300017F3040036E30400A0CD040021E20400B0
:106D400047E30400B6E204006FE40400ABD904009A
:106D5000CAF004002AF2040064F2040083D904009B
:106D600039F3040053F3040061F3040082F30400D8
:106D7000A3F3040094E80400C7D90400A84D34F03C
:106D8000E7FA34F0E6FAA749286835F018FDA64975
:106D9000286835F014FDA288A449286835F00FFD55
:106DA000A349286835F00BFDE288A049286835F032
:106DB00006FDA049286835F002FD227A9E49286820
:106DC00035F0FDFC9D49286835F0F9FC627A9A4956
:106DD000286835F0F4FC9A49286835F0F0FCA17A6F
:106DE00004F10B00FAF76CFB28689649BDE83840BF
:106DF00035F0E5BC8A4D34F0ABFA34F0AAFA92498A
:106E0000286835F0DCFC8849286835F0D8FCA28871
:106E10008649286835F0D3FC8549286835F0CFFCD1
:106E2000E2888249286835F0CAFC8849286835F02C
:106E3000C6FC227A8049286835F0C1FC844928685C
:106E400035F0BDFC627A7C49286835F0B8FC814990
:106E5000286835F0B4FCA27A7749286835F0AFFC91
:106E60007D49286835F0ABFCB4F80B206F492868E1
:106E700035F0A5FC7949286835F0A1FC627B6E49A4
:106E8000286835F09CFC7649286835F098FC04F1B8
:106E90000E000821FAF7FCFA7249286835F08FFCD9
:106EA000A27D6549286835F08AFC28686549BDE8F7
:106EB000384035F084BC5A4D34F04AFA34F049FA7F
:106EC0006949286835F07BFC5749286835F077FC1C
:106ED000A2885649286835F072FC5549286835F073
:106EE0006EFCE2885149286835F069FC57492868EA
:106EF00035F065FC227A5049286835F060FC554928
:106F0000286835F05CFC627A4B49286835F057FCFC
:106F10005449286835F053FCA27A4749286835F06F
:106F20004EFC28684749BDE8384035F048BC3C4D28
:106F300034F00EFA34F00DFA4C49286835F03FFC75
:106F40004B49286835F03BFCA2883849286835F061
:106F500036FC3549286835F032FCE2883349286828
:106F600035F02DFC3249286835F029FC22892F495B
:106F7000286835F024FC3F49286835F020FC6289F8
:106F80002A49286835F01BFC3B49286835F017FC76
:106F9000227B2949286835F012FC28682949BDE878
:106FA000384035F00CBC1E4D34F0D2F934F0D1F934
:106FB0003249286835F003FC2D49286835F0FFFB7D
:106FC000A2881A49286835F0FAFB1749286835F075
:106FD000F6FBE2881549286835F0F1FB144928686A
:106FE00035F0EDFB22891149286835F0E8FB21498D
:106FF000286835F0E4FB62890C49286835F0DFFB2E
:107000001F49286835F0DBFB227B0B49286835F0E7
:10701000D6FB28680B49BDE8384035F0D0BB00BF2F
:10702000E01A0020BEF3040021E20400A0CD040019
:1070300047E3040006DB0400ABD904009FE1040031
:10704000EDF3040083D9040036F40400D4E1040015
:1070500024E004005AF4040073F4040089F40400EA
:1070600037ED04009BF40400A6F40400CCF4040003
:1070700084E20400B6E20400E7F40400FBF4040038
:1070800014F50400AC4D34F063F934F062F9AB4907
:10709000286835F094FBAA49286835F090FBA2884F
:1070A000A849286835F08BFBA749286835F087FB8D
:1070B000E288A449286835F082FBA449286835F0A5
:1070C0007EFB22899F49286835F079FBA049286812
:1070D00035F075FB62899B49286835F070FB9D4946
:1070E000286835F06CFB227B9B49286835F067FBEC
:1070F0009A49286835F063FB627B9749286835F028
:107100005EFB9749286835F05AFBD4F80E20954964
:10711000286835F054FB28689349BDE8384035F0BD
:107120004EBB854D34F014F934F013F98F492868BB
:1071300035F045FB8249286835F041FBA28881493A
:10714000286835F03CFB8049286835F038FBE28838
:107150007C49286835F033FB8549286835F02FFBDA
:1071600022897849286835F02AFB7949286835F062
:1071700026FB62897349286835F021FB7D49286820
:1071800035F01DFB227B7449286835F018FB286810
:107190007549BDE8384035F012BB674D34F0D8F87A
:1071A00034F0D7F87449286835F009FB6449286839
:1071B00035F005FBA2886349286835F000FB624979
:1071C000286835F0FCFAE2885E49286835F0F7FA5D
:1071D0006A49286835F0F3FA22895A49286835F057
:1071E000EEFA5B49286835F0EAFA62895549286861
:1071F00035F0E5FA6249286835F0E1FA227B564914
:10720000286835F0DCFA5F49286835F0D8FAD4F8F8
:107210000D205449286835F0D2FA28685249BDE853
:10722000384035F0CCBA444D34F092F834F091F84F
:107230005549286835F0C3FA4149286835F0BFFA46
:10724000A2884049286835F0BAFA3F49286835F0E5
:10725000B6FAE2883B49286835F0B1FA4749286810
:1072600035F0ADFA22893749286835F0A8FA38494F
:10727000286835F0A4FA62893249286835F09FFA07
:107280004249286835F09BFA227B3349286835F05B
:1072900096FA28683449BDE8384035F090BA264D52
:1072A00034F056F834F055F83949286835F087FA43
:1072B0002549286835F083FAA2882249286835F0E4
:1072C0007EFA3449286835F07AFAE2881D49286840
:1072D00035F075FA28682449BDE8384035F06FBAB2
:1072E000154D34F035F834F034F82B49286835F072
:1072F00066FA1549286835F062FAA28811492868AB
:1073000035F05DFA2549286835F059FAA279124915
:10731000286835F054FA2249286835F050FAD4F834
:1073200007201049286835F04AFA28680E49BDE858
:10733000384035F044BA00BFE01A002026F50400BA
:1073400084E20400A0CD040021E2040047E304002D
:10735000B6E2040048F50400ABD904005EF5040071
:1073600073F50400C7D9040083D90400F2F50400C2
:1073700036E304000CF6040017F604009AE2040059
:107380003AF6040048F604005EF604007FF60400B6
:10739000D4F60400F9F604000FF70400CADB040079
:1073A0002CF70400AE4D33F0D3FF33F0D2FFAD49DC
:1073B000286835F004FAAC49286835F000FAA2884C
:1073C000AA49286835F0FBF9A949286835F0F7F98A
:1073D000E288A649286835F0F2F9A649286835F010
:1073E000EEF92289A149286835F0E9F92868A2490F
:1073F000BDE8384035F0E3B9994D33F0A9FF33F0DB
:10740000A8FF9E49286835F0DAF99D49286835F0CB
:10741000D6F9A2889549286835F0D1F992492868AB
:1074200035F0CDF9E2889149286835F0C8F99549D9
:10743000286835F0C4F922898C49286835F0BFF9ED
:107440009149286835F0BBF962898849286835F088
:10745000B6F98E49286835F0B2F9A28983492868BF
:1074600035F0ADF98A49286835F0A9F9A17B04F116
:107470000F00FAF725F828687F49BDE8384035F055
:107480009EB9774D33F064FF33F063FF814928687C
:1074900035F095F97A49286835F091F9A288734951
:1074A000286835F08CF97049286835F088F9E28849
:1074B0006E49286835F083F97749286835F07FF9F7
:1074C00022896A49286835F07AF96F49286835F0C9
:1074D00076F962896549286835F071F96F4928683D
:1074E00035F06DF9227B6E49286835F068F96D49F1
:1074F000286835F064F9B4F80D205C49286835F047
:107500005EF96949286835F05AF9B4F80F205749EF
:10751000286835F054F96549286835F050F9D4F8F1
:1075200011206349286835F04AF928685249BDE8B6
:10753000384035F044B94A4D33F00AFF33F009FFC3
:107540005C49286835F03BF94D49286835F037F932
:10755000A2884649286835F032F94349286835F051
:107560002EF9E2884149286835F029F94A49286806
:1075700035F025F922893D49286835F020F942493E
:10758000286835F01CF962893849286835F017F900
:107590004249286835F013F9227B4149286835F0C3
:1075A0000EF94049286835F00AF9B4F80D202F4942
:1075B000286835F004F94049286835F000F9E17B86
:1075C00004F11000F9F77CFF28682B49BDE838402A
:1075D00035F0F5B8224D33F0BBFE33F0BAFE374933
:1075E000286835F0ECF82649286835F0E8F8A288D4
:1075F0001E49286835F0E3F81B49286835F0DFF8A4
:10760000E2881A49286835F0DAF82D49286835F0FB
:10761000D6F822891549286835F0D1F81949286823
:1076200035F0CDF862891149286835F0C8F8164957
:10763000286835F0C4F8A2890C49286835F0BFF8ED
:107640002049286835F0BBF8D4F80E20184928687E
:1076500035F0B5F828680849BDE8384035F0AFB8CE
:10766000E01A00203EF7040021E20400A0CD04004F
:1076700062F7040066F7040083D904006AF7040087
:1076800084E2040036E30400B6E20400CAF0040019
:10769000A6F504008CF7040047E30400D4E10400DD
:1076A000ABD90400A5F70400B5F7040073F5040096
:1076B000C7D90400C4F70400E6F7040024F8040066
:1076C0003DF8040005E504007B4D33F041FE33F046
:1076D00040FE7A49286835F072F87949286835F013
:1076E0006EF8A2887749286835F069F876492868E5
:1076F00035F065F8D4F806207449286835F05FF84D
:1077000028687349BDE8384035F059B86A4D33F000
:107710001FFE33F01EFE6F49286835F050F86E49A1
:10772000286835F04CF8A2886649286835F047F893
:107730006349286835F043F8E2886249286835F0E3
:107740003EF86649286835F03AF822895D4928688C
:1077500035F035F86249286835F031F862895949C1
:10776000286835F02CF85F49286835F028F8A28998
:107770005449286835F023F828685549BDE8384051
:1077800035F01DB84C4D33F0E3FD33F0E2FD5649C2
:10779000286835F014F85049286835F010F8A288A8
:1077A0004849286835F00BF84549286835F007F84E
:1077B000E2884449286835F002F84849286834F0DE
:1077C000FEFF22893F49286834F0F9FF44492868C0
:1077D00034F0F5FF62893B49286834F0F0FF4149F5
:1077E000286834F0ECFFA2893649286834F0E7FFB6
:1077F00028683749BDE8384034F0E1BF2E4D33F0FA
:10780000A7FD33F0A6FD3949286834F0D8FF2C498C
:10781000286834F0D4FFA2882A49286834F0CFFFC2
:107820002949286834F0CBFFD4F806202749286876
:1078300034F0C5FF28682649BDE8384034F0BFBFA2
:107840001D4D33F085FD33F084FD2949286834F05F
:10785000B6FF2349286834F0B2FFA2881949286886
:1078600034F0ADFF1649286834F0A9FFE2881549C5
:10787000286834F0A4FF1F49286834F0A0FF22894B
:107880001049286834F09BFF1649286834F097FFA8
:1078900062890C49286834F092FF1749286834F04F
:1078A0008EFFA2890749286834F089FF28680849B3
:1078B000BDE8384034F083BFE01A00204EF80400E1
:1078C00021E20400A0CD040094E80400C7D904001C
:1078D00083D9040092F8040084E20400B0F80400A4
:1078E00036E30400B6E20400BBF80400DAF8040052
:1078F000FAF8040047E3040017F90400984D33F048
:1079000027FD33F026FD9749286834F058FF964943
:10791000286834F054FFA2889449286834F04FFF57
:107920009349286834F04BFFE2889049286834F086
:1079300046FF9049286834F042FF22898B49286825
:1079400034F03DFF8C49286834F039FF628987495B
:10795000286834F034FF8949286834F030FF227BEE
:107960008749286834F02BFF8649286834F027FFC0
:10797000627B8349286834F022FF8349286834F009
:107980001EFFE2897949286834F019FF7F49286889
:1079900034F015FF227C7A49286834F010FF7C49C6
:1079A000286834F00CFF627C7549286834F007FFC2
:1079B0007849286834F003FFA27C7149286834F0C4
:1079C000FEFE7549286834F0FAFEE27C6C492868AE
:1079D00034F0F5FE7149286834F0F1FE227D6849E3
:1079E000286834F0ECFE6E49286834F0E8FE627DC9
:1079F0006349286834F0E3FE6A49286834F0DFFE02
:107A0000D4F816206849286834F0D9FE67492868F8
:107A100034F0D5FE628B5549286834F0D0FE2868D2
:107A20006349BDE8384034F0CABE4D4D33F090FC98
:107A300033F08FFC5F49286834F0C1FE4C49286858
:107A400034F0BDFEA2884949286834F0B8FE554993
:107A5000286834F0B4FED4F806205349286834F07E
:107A6000AEFE5249286834F0AAFE62893F49286870
:107A700034F0A5FE28684E49BDE8384034F09FBE7A
:107A8000374D33F065FC33F064FC4B49286834F023
:107A900096FE3749286834F092FEA2883349286858
:107AA00034F08DFE3549286834F089FEA2793449D6
:107AB000286834F084FE3A49286834F080FEE27980
:107AC0002F49286834F07BFE3649286834F077FE69
:107AD000A2683549286834F072FE3449286834F0C9
:107AE0006EFEA2892149286834F069FE2868304971
:107AF000BDE8384034F063BE194D33F029FC33F053
:107B000028FC2E49286834F05AFE1949286834F0B8
:107B100056FEA2881549286834F051FE124928689B
:107B200034F04DFEE2881149286834F048FE2449BB
:107B3000286834F044FE227A1149286834F03FFE68
:107B40002049286834F03BFE617A04F10A00F9F715
:107B5000B7FC28681649BDE8384034F030BE00BF95
:107B6000E01A002023F9040036E30400A0CD04004D
:107B700021E2040047E30400B6E2040006DB04004F
:107B8000ABD9040047F904004EF9040056F904008B
:107B90005CF9040063F904006CF9040075F9040051
:107BA00083F9040005E50400C7D904008CF904003A
:107BB00083D90400C0F90400E4F904000BFA0400BE
:107BC0009BF4040037FA0400A94D33F0C1FB33F0F5
:107BD000C0FBA849286834F0F2FDA749286834F0B2
:107BE000EEFDA288A549286834F0E9FDA44928687B
:107BF00034F0E5FDE288A149286834F0E0FDA149B0
:107C0000286834F0DCFD08216018F9F741FC9E4932
:107C1000286834F0D4FD227C9C49286834F0CFFDDC
:107C20009B49286834F0CBFD617C04F11200F9F720
:107C300047FC28689749BDE8384034F0C0BD8C4DFA
:107C400033F086FB33F085FB9349286834F0B7FDA9
:107C50008949286834F0B3FDA2888849286834F03F
:107C6000AEFD28688B49BDE8384034F0A8BD804D92
:107C700033F06EFB33F06DFB8849286834F09FFDCC
:107C80007D49286834F09BFDA2887C49286834F03F
:107C900096FD7B49286834F092FDE2887749286890
:107CA00034F08DFD28687B49BDE8384034F087BD4D
:107CB0006F4D33F04DFB33F04CFB7949286834F0BD
:107CC0007EFD6D49286834F07AFDA2886B492868EA
:107CD00034F075FD6A49286834F071FDE28867491F
:107CE000286834F06CFD28686A49BDE8384034F0F3
:107CF00066BD5F4D33F02CFB33F02BFB69492868E0
:107D000034F05DFD5C49286834F059FDA2885B4978
:107D1000286834F054FD5A49286834F050FDE28850
:107D20005649286834F04BFD5749286834F047FD20
:107D3000227A5649286834F042FD5B49286834F0BD
:107D40003EFDB4F809204D49286834F038FD286814
:107D50005049BDE8384034F032BD454D33F0F8FAB3
:107D600033F0F7FA5149286834F029FD4249286870
:107D700034F025FDA2884149286834F020FD4C49A3
:107D8000286834F01CFDB4F906204A49286834F00C
:107D900016FD4949286834F012FDB4F90820454918
:107DA000286834F00CFD4549286834F008FD04F1DA
:107DB0000A000821F9F76CFB28683649BDE838400D
:107DC00034F0FDBC2A4D33F0C3FA33F0C2FA3C491B
:107DD000286834F0F4FC2849286834F0F0FCA288C4
:107DE0002649286834F0EBFC3649286834F0E7FC73
:107DF000D4F806203449286834F0E1FC3349286877
:107E000034F0DDFCD4F80A202F49286834F0D7FC80
:107E10002F49286834F0D3FC04F10E000821F9F74B
:107E200037FB28681B49BDE8384034F0C8BC104D0A
:107E300033F08EFA33F08DFA2649286834F0BFFC0F
:107E40000D49286834F0BBFCA2880C49286834F03E
:107E5000B6FC2149286834F0B2FCA2790B492868A5
:107E600034F0ADFC28680B49BDE8384034F0A7BCBD
:107E7000E01A002042FA040021E20400A0CD040030
:107E800036E3040037ED04009BF40400ABD9040092
:107E900037FA040083D9040069FA04008DFA04005B
:107EA000A9FA0400D0FA040002FB040090FB0400CD
:107EB000BAFB040063D60400D5FB0400ECFB04000D
:107EC00001FC040028FC040079FB040040FC0400D1
:107ED00054FC04006AFC04008DFC0400B24D33F035
:107EE00037FA33F036FAB149286834F068FCB04903
:107EF000286834F064FCA288AE49286834F05FFC3E
:107F0000AD49286834F05BFCE288AA49286834F05F
:107F100056FCAA49286834F052FC2289A5492868F1
:107F200034F04DFCA649286834F049FC6289A14927
:107F3000286834F044FCA349286834F040FC04F17C
:107F40000C000821F9F7A4FA9F49286834F037FC9F
:107F5000227D9E49286834F032FC9D49286834F01F
:107F60002EFC627D9949286834F029FC99492868DB
:107F700034F025FCA27D9549286834F020FC964910
:107F8000286834F01CFCD4F817209449286834F091
:107F900016FC9349286834F012FCB4F91B2091496F
:107FA000286834F00CFC28688F49BDE8384034F06C
:107FB00006BC7D4D33F0CCF933F0CBF98B49286802
:107FC00034F0FDFB7A49286834F0F9FBA28879493E
:107FD000286834F0F4FB7849286834F0F0FBE28834
:107FE0007449286834F0EBFB7449286834F0E7FBE7
:107FF00022897049286834F0E2FB7149286834F01E
:10800000DEFB62896B49286834F0D9FB784928681F
:1080100034F0D5FBB4F90C207249286834F0CFFB5A
:108020007449286834F0CBFBB4F90E206D492868F8
:1080300034F0C5FB7049286834F0C1FB04F110002E
:108040000821F9F725FA28686749BDE8384034F077
:10805000B6BB554D33F07CF933F07BF9674928689E
:1080600034F0ADFB5249286834F0A9FBA28851498D
:10807000286834F0A4FB5049286834F0A0FBE2885B
:108080004C49286834F09BFB4C49286834F097FB36
:1080900022894849286834F092FB4949286834F01D
:1080A0008EFB62894349286834F089FB544928686B
:1080B00034F085FBE2684949286834F080FB514977
:1080C000286834F07CFB22694449286834F077FB47
:1080D0004D49286834F073FB04F114000821F9F7C6
:1080E000D7F928684049BDE8384034F068BB2E4DC8
:1080F00033F02EF933F02DF94449286834F05FFB52
:108100002D49286834F05BFBA2882A49286834F09E
:1081100056FB2749286834F052FBE2882549286835
:1081200034F04DFB3A49286834F049FB2289214953
:10813000286834F044FB3749286834F040FB6289F2
:108140001C49286834F03BFB3349286834F037FB7E
:10815000217B04F10D00F9F7B3F928682249BDE845
:10816000384034F02CBB104D33F0F2F833F0F1F816
:108170002A49286834F023FB0F49286834F01FFB94
:10818000A2880C49286834F01AFB0949286834F0A1
:1081900016FBE2880749286834F011FB2868124969
:1081A000BDE8384034F00BBBE01A002099FC040015
:1081B00036E30400A0CD040021E2040047E30400FC
:1081C000B6E2040030FB04003EFB0400ABD904001F
:1081D0004AFB040058FB040069FB040079FB04001F
:1081E0007DFB040063D6040083D90400B6FC0400C0
:1081F000BAFB0400D5FB0400ECFB0400D8FC04002F
:1082000028FC040040FC040054FC040020FD040091
:1082100040FD04004EFD040060FD04006EFD0400FE
:10822000A04D33F095F833F094F89F49286834F066
:10823000C6FA9E49286834F0C2FAA2889C49286888
:1082400034F0BDFA9B49286834F0B9FAE2889849BD
:10825000286834F0B4FA28689749BDE8384034F00B
:10826000AEBA904D33F074F833F073F89349286840
:1082700034F0A5FA8D49286834F0A1FAA2888C4917
:10828000286834F09CFA8B49286834F098FAE28820
:108290008749286834F093FA28688749BDE8384050
:1082A00034F08DBA7F4D33F053F833F052F88449EF
:1082B000286834F084FA7D49286834F080FAA2886E
:1082C0007B49286834F07BFA7A49286834F077FAD9
:1082D000E2887749286834F072FA7A49286834F0DD
:1082E0006EFA217A04F10900F9F7EAF82868724970
:1082F000BDE8384034F063BA6A4D33F029F833F002
:1083000028F87149286834F05AFA6849286834F026
:1083100056FAA2886649286834F051FA65492868F7
:1083200034F04DFAE2886249286834F048FA286847
:108330006149BDE8384034F042BA5A4D33F008F88C
:1083400033F007F86149286834F039FA574928684A
:1083500034F035FAA2885649286834F030FA5C497E
:10836000286834F02CFAA2795A49286834F027FAA0
:108370005949286834F023FAB4F807204C49286892
:1083800034F01DFA28684C49BDE8384034F017BA7B
:10839000444D32F0DDFF32F0DCFF5049286834F004
:1083A0000EFA4249286834F00AFAA288404928683F
:1083B00034F005FA4A49286834F001FAE2883C4969
:1083C000286834F0FCF94749286834F0F8F9227A33
:1083D0004049286834F0F3F94349286834F0EFF94C
:1083E000627A3C49286834F0EAF94049286834F058
:1083F000E6F9A27A3749286834F0E1F93C4928685F
:1084000034F0DDF9E27A3349286834F0D8F9394993
:10841000286834F0D4F9227B2E49286834F0CFF94B
:1084200028682549BDE8384034F0C9B91D4D32F0FF
:108430008FFF32F08EFF3049286834F0C0F91B49B5
:10844000286834F0BCF9A2881949286834F0B7F9D3
:108450001849286834F0B3F9E2881549286834F0DF
:10846000AEF92649286834F0AAF9A2682449286898
:1084700034F0A5F92349286834F0A1F904F10C007F
:108480000821F9F705F82049286834F098F9217D8A
:1084900004F11500F9F714F828680749BDE83840D9
:1084A00034F08DB9E01A0020F8FD040021E2040048
:1084B000A0CD040036E3040083D9040018FE0400B4
:1084C00041FE040037FA04009EFE0400C0FE0400D2
:1084D000CADB0400ABD90400E7FE0400FAFE040086
:1084E000B2D904001AFF040029FF040039FF040078
:1084F00046FF04009BF404007EFF040090FE04008D
:10850000C7D9040037ED040097FE0400984D32F0FF
:108510001FFF32F01EFF9749286834F050F9964942
:10852000286834F04CF9A2889449286834F047F957
:108530009349286834F043F9E2889049286834F078
:108540003EF99049286834F03AF9A2688E492868C3
:1085500034F035F98D49286834F031F904F10C0014
:108560000821F8F795FF8A49286834F028F9217D19
:1085700004F11500F8F7A4FF28688649BDE83840E3
:1085800034F01DB97A4D32F0E3FE32F0E2FE82495A
:10859000286834F014F97849286834F010F9A28872
:1085A0007649286834F00BF97549286834F007F9E2
:1085B000E2887249286834F002F97849286834F072
:1085C000FEF8217A04F10900F8F77AFF286871496A
:1085D000BDE8384034F0F3B8654D32F0B9FE32F002
:1085E000B8FE6F49286834F0EAF86349286834F027
:1085F000E6F8A2886149286834F0E1F86049286803
:1086000034F0DDF8E2885D49286834F0D8F8604934
:10861000286834F0D4F8217A04F10900F8F750FF03
:1086200028685C49BDE8384034F0C9B8504D32F094
:108630008FFE32F08EFE5B49286834F0C0F84E4958
:10864000286834F0BCF8A2884C49286834F0B7F8A0
:108650004B49286834F0B3F8E2884849286834F078
:10866000AEF828684B49BDE8384034F0A8B8404D12
:1086700032F06EFE32F06DFE4B49286834F09FF800
:108680003D49286834F09BF8A2883C49286834F0BA
:1086900096F83B49286834F092F8E2883749286810
:1086A00034F08DF828683B49BDE8384034F087B88D
:1086B0002F4D32F04DFE32F04CFE3C49286834F02C
:1086C0007EF82D49286834F07AF8A2882B4928686A
:1086D00034F075F82A49286834F071F8E28827499F
:1086E000286834F06CF83249286834F068F8228938
:1086F0002249286834F063F82E49286834F05FF87E
:1087000062891E49286834F05AF82B49286834F0E9
:1087100056F8A2891949286834F051F82749286881
:1087200034F04DF8E2891549286834F048F82449B6
:10873000286834F044F8228A1049286834F03FF859
:108740002049286834F03BF8628A0C49286834F0E4
:1087500036F81D49286834F032F8A28A074928689B
:1087600034F02DF828680B49BDE8384034F027B8BC
:10877000E01A0020A2FF040021E20400A0CD0400C2
:1087800036E3040090FE0400C7D9040037ED04006E
:1087900097FE040083D90400C4FF0400EDFF040029
:1087A0001C0005003E000500640005008500050072
:1087B000B3FD0400A40005008EE80400B00005002D
:1087C0009BF40400E9FD0400B1EF04008E4D32F08B
:1087D000BFFD32F0BEFD8D49286833F0F0FF8C49B3
:1087E000286833F0ECFFA2888A49286833F0E7FF55
:1087F0008949286833F0E3FFE2888649286833F026
:10880000DEFF8649286833F0DAFF2289814928682B
:1088100033F0D5FF8249286833F0D1FF62897D4962
:10882000286833F0CCFF7F49286833F0C8FFA2895D
:108830007849286833F0C3FF28687B49BDE8384091
:1088400033F0BDBF704D32F083FD32F082FD7749C9
:10885000286833F0B4FF6E49286833F0B0FFA2886F
:108860006C49286833F0ABFF6B49286833F0A7FFE9
:10887000E2886849286833F0A2FF6D49286833F020
:108880009EFF22896349286833F099FF6949286867
:1088900033F095FF62895F49286833F090FF66499D
:1088A000286833F08CFFE2686449286833F087FF5A
:1088B0006349286833F083FF22696049286833F0F0
:1088C0007EFF6049286833F07AFF62695B49286857
:1088D00033F075FF5C49286833F071FF227E5B49F5
:1088E000286833F06CFF5A49286833F068FF617ECE
:1088F00004F11A00F8F7E4FD28684B49BDE8384058
:1089000033F05DBF404D32F023FD32F022FD51497E
:10891000286833F054FF3E49286833F050FFA2889E
:108920003C49286833F04BFF3B49286833F047FF48
:10893000E2883849286833F042FF4749286833F015
:108940003EFF227A4149286833F039FF43492868BD
:1089500033F035FFB4F809202E49286833F02FFF93
:108960003F49286833F02BFFB4F80B2029492868C9
:1089700033F025FF3B49286833F021FF617B04F188
:108980000E00F8F79DFD28682749BDE8384033F010
:1089900016BF1D4D32F0DCFC32F0DBFC324928689A
:1089A00033F00DFF1A49286833F009FFA2881949EE
:1089B000286833F004FF1849286833F000FFE28884
:1089C0001449286833F0FBFE2849286833F0F7FE85
:1089D00008216018F8F75CFD2549286833F0EFFEA0
:1089E00022691649286833F0EAFE1E49286833F0E8
:1089F000E6FE217D04F11500F8F762FD28680A49BA
:108A0000BDE8384033F0DBBEE01A00202C01050041
:108A100021E20400A0CD040047E304005301050057
:108A200061010500E500050083D90400700105001F
:108A300098010500AE010500C1010500C7D9040079
:108A4000CF010500E2010500FB010500ABD90400E0
:108A50000B02050068020500D4E10400860205004F
:108A600006DB040097FE04009402050037ED0400C5
:108A700041ED0400A94D32F06BFC32F06AFCA849CC
:108A8000286833F09CFEA749286833F098FEA28836
:108A9000A549286833F093FEA449286833F08FFE77
:108AA000E288A149286833F08AFEA149286833F09A
:108AB00086FE227A9F49286833F081FE9E49286805
:108AC00033F07DFE627A9B49286833F078FE9B493B
:108AD000286833F074FEA27A9649286833F06FFE56
:108AE0009749286833F06BFE04F10B000821F8F772
:108AF000CFFC9449286833F062FED4F813209249E1
:108B0000286833F05CFE9149286833F058FEE17D17
:108B100004F11800F8F7D4FC28688D49BDE8384006
:108B200033F04DBE7D4D32F013FC32F012FC89491A
:108B3000286833F044FE8849286833F040FEA28854
:108B40007949286833F03BFE8449286833F037FEC2
:108B5000E2887549286833F032FE8149286833F08D
:108B60002EFE227A7349286833F029FE7D49286851
:108B700033F025FE627A6F49286833F020FE2868BA
:108B80007349BDE8384033F01ABE644D32F0E0FB63
:108B900032F0DFFB7449286833F011FE6E49286813
:108BA00033F00DFEA2886049286833F008FE6B4957
:108BB000286833F004FEE2885B49286833F0FFFD43
:108BC0006A49286833F0FBFD227A5A49286833F055
:108BD000F6FD6749286833F0F2FD627A5549286846
:108BE00033F0EDFD6349286833F0E9FDA27A51497D
:108BF000286833F0E4FD6049286833F0E0FDE27A4C
:108C00004C49286833F0DBFD28685149BDE83840FD
:108C100033F0D5BD414D32F09BFB32F09AFB574902
:108C2000286833F0CCFD4D49286833F0C8FDA28890
:108C30003D49286833F0C3FD5149286833F0BFFD32
:108C400094F906204F49286833F0B9FD4E49286849
:108C500033F0B5FDE01D1021F8F71AFC4B492868E8
:108C600033F0ADFDB4F817202F49286833F0A7FD85
:108C70004749286833F0A3FDD4F819203249286801
:108C800033F09DFD28683249BDE8384033F097BD88
:108C9000224D32F05DFB32F05CFB3E49286833F038
:108CA0008EFD2D49286833F08AFDA2881E49286868
:108CB00033F085FD2949286833F081FDE2881A499F
:108CC000286833F07CFD2949286833F078FD227A42
:108CD0001849286833F073FD2B49286833F06FFD7D
:108CE00004F109001021F8F7D3FB2849286833F074
:108CF00066FDB4F819200C49286833F060FD264958
:108D0000286833F05CFDE17E04F11C00F8F7D8FB25
:108D100028680F49BDE8384033F051BDE01A002003
:108D2000B802050021E20400A0CD040047E30400DE
:108D3000DA020500ABD90400E802050046FF040092
:108D400037ED040041ED0400C7D9040097FE04008C
:108D500083D90400FB020500C4DA0400CBE104005F
:108D60002D0305003903050042030500D4E104008A
:108D7000CADB04006E0305007C0305008A030500BE
:108D800071DF040063D6040041DE0400B603050071
:108D9000EDFF0400BC030500F1030500A74D32F010
:108DA000D7FA32F0D6FAA649286833F008FDA5496B
:108DB000286833F004FDA288A349286833F0FFFC3B
:108DC000A249286833F0FBFCA279A149286833F056
:108DD000F6FCA049286833F0F2FCE2799C49286847
:108DE00033F0EDFC9C49286833F0E9FC227A98497D
:108DF000286833F0E4FC28689849BDE8384033F02F
:108E0000DEBC8E4D32F0A4FA32F0A3FA9449286801
:108E100033F0D5FC9349286833F0D1FC201D06219E
:108E2000F8F736FB9049286833F0C9FCA27A8849E4
:108E3000286833F0C4FC28688849BDE8384033F01E
:108E4000BEBC7E4D32F084FA32F083FA874928683E
:108E500033F0B5FC8649286833F0B1FCA2887A4922
:108E6000286833F0ACFC8349286833F0A8FCE2881A
:108E70007549286833F0A3FC7F49286833F09FFCCC
:108E8000217A04F10900F8F71BFB28687349BDE853
:108E9000384033F094BC694D32F05AFA32F059FA46
:108EA0007649286833F08BFC7149286833F087FCD9
:108EB000A2886549286833F082FC6E49286833F03F
:108EC0007EFCE2886049286833F079FC28686349B1
:108ED000BDE8384033F073BC584D32F039FA32F007
:108EE00038FA6749286833F06AFC6649286833F025
:108EF00066FCA2885449286833F061FC62492868FE
:108F000033F05DFCD4F806206049286833F057FC44
:108F10005F49286833F053FCA27A4D49286833F042
:108F20004EFC5C49286833F04AFCE27A48492868DC
:108F300033F045FC5849286833F041FC227B444912
:108F4000286833F03CFC5549286833F038FCB4F805
:108F50000D203D49286833F032FC5149286833F030
:108F60002EFCB4F80F203849286833F028FC4D490E
:108F7000286833F024FC627C3549286833F01FFCF4
:108F80004949286833F01BFC628A2F49286833F06E
:108F900016FC28683149BDE8384033F010BC274D35
:108FA00032F0D6F932F0D5F94049286833F007FCA1
:108FB0003449286833F003FCA2882349286833F039
:108FC000FEFB3149286833F0FAFBD4F806202F491C
:108FD000286833F0F4FB3649286833F0F0FBA27AB6
:108FE0001B49286833F0EBFB3249286833F0E7FB74
:108FF000E27A1749286833F0E2FB2F49286833F0FA
:10900000DEFBE2682149286833F0D9FB2049286853
:1090100033F0D5FB227C0E49286833F0D0FB27497A
:10902000286833F0CCFB627C0949286833F0C7FB21
:1090300028680A49BDE8384033F0C1BBE01A002077
:109040002D040500CBE10400A0CD0400D4E1040010
:10905000ABD90400CADB040048DE040083D9040055
:1090600059040500B2D9040062DF040020050500A0
:1090700021E2040036E3040097FE04003C050500ED
:1090800076050500C4DA040065E10400C7D90400D0
:10909000A4050500BC050500D4050500F80505007C
:1090A000180605003D06050057060500790605006F
:1090B000A4060500B9060500CF060500E106050077
:1090C000AD4D32F045F932F044F9AC49286833F03F
:1090D00076FBAB49286833F072FB2279A9492868EE
:1090E00033F06DFBA849286833F069FB6279A54924
:1090F000286833F064FBA549286833F060FBA27947
:10910000A049286833F05BFBA149286833F057FB7E
:10911000B4F807209F49286833F051FB9E4928681E
:1091200033F04DFBB4F809209A49286833F047FB27
:109130009A49286833F043FBE27A9249286833F071
:109140003EFB9749286833F03AFBA2899149286889
:1091500033F035FB28689349BDE8384033F02FBB26
:10916000854D32F0F5F832F0F4F88F49286833F085
:1091700026FB8E49286833F022FBA288854928689F
:1091800033F01DFB8A49286833F019FBD4F8062018
:109190008849286833F013FB8749286833F00FFBB0
:1091A000A27A7849286833F00AFB8449286833F0AA
:1091B00006FBE27A7349286833F001FB2868794995
:1091C000BDE8384033F0FBBA6B4D32F0C1F832F0F5
:1091D000C0F87B49286833F0F2FA7449286833F004
:1091E000EEFAA2886B49286833F0E9FA70492868DA
:1091F00033F0E5FAD4F806206E49286833F0DFFA38
:109200006D49286833F0DBFAA27A5E49286833F0AA
:10921000D6FA28686349BDE8384033F0D0BA564DD5
:1092200032F096F832F095F86649286833F0C7FABC
:109230005E49286833F0C3FAA2885649286833F09B
:10924000BEFA5B49286833F0BAFAD4F806205949C7
:10925000286833F0B4FA5C49286833F0B0FAA27A8F
:109260004849286833F0ABFA5849286833F0A7FA20
:10927000B4F80B204749286833F0A1FA4E49286812
:1092800033F09DFA627B3F49286833F098FA2868EA
:109290004449BDE8384033F092BA374D32F058F8BF
:1092A00032F057F84A49286833F089FA404928686B
:1092B00033F085FA62683F49286833F080FA4549FF
:1092C000286833F07CFA217A04F10900F8F7F8F8FD
:1092D00028683449BDE8384033F071BA264D32F081
:1092E00037F832F036F83C49286833F068FA2F49ED
:1092F000286833F064FAA2882649286833F05FFAB8
:109300002B49286833F05BFAD4F8062029492868ED
:1093100033F055FA28682349BDE8384033F04FBA96
:10932000154D32F015F832F014F82C49286833F056
:1093300046FA1E49286833F042FAA288154928687F
:1093400033F03DFA1A49286833F039FAD4F8062088
:109350001849286833F033FA2149286833F02FFA86
:10936000A27A0849286833F02AFA28680D49BDE82E
:10937000384033F024BA00BFE01A0020F50605009B
:10938000A4050500ABD90400BC050500D405050003
:10939000F8050500A0CD0400180605003D060500EF
:1093A0005706050083D9040048070500C4DA040005
:1093B00065E10400C7D90400CADB04007107050099
:1093C00087070500B4070500D4E10400FAD90400BA
:1093D0001608050066DA04002B080500440805009D
:1093E00023DA04005A4D31F0B3FF31F0B2FF59498E
:1093F000286833F0E4F95849286833F0E0F9A28886
:109400005649286833F0DBF95549286833F0D7F915
:10941000E2885249286833F0D2F95249286833F07B
:10942000CEF922894D49286833F0C9F94E49286898
:1094300033F0C5F962894949286833F0C0F94B49CE
:10944000286833F0BCF9227B4949286833F0B7F922
:109450004849286833F0B3F9627B4549286833F0FE
:10946000AEF928684449BDE8384033F0A8B9384D12
:1094700031F06EFF31F06DFF4049286833F09FF9FD
:109480003F49286833F09BF922793949286833F03D
:1094900096F93C49286833F092F9D4F805203A4906
:1094A000286833F08CF928683349BDE8384033F038
:1094B00086B9274D31F04CFF31F04BFF3349286816
:1094C00033F07DF93249286833F079F92279284957
:1094D000286833F074F92F49286833F070F9B4F82C
:1094E00005201E49286833F06AF92B49286833F0B3
:1094F00066F9B4F807201949286833F060F927495C
:10950000286833F05CF9B4F809201449286833F06E
:1095100056F928681849BDE8384033F050B90C4D69
:1095200031F016FF31F015FF1D49286833F047F977
:109530001C49286833F043F9A2880849286833F0A9
:109540003EF928680C49BDE8384033F038B900BF0F
:10955000E01A002082080500AF080500A0CD040035
:10956000B5080500B6E20400BB080500C9080500FF
:10957000ABD90400DA08050083D90400E908050026
:109580000E09050014090500C7D904001E090500CD
:1095900021E2040053DB04005FDB040023DA040053
:1095A0004D0905007B09050073B5044600285AD013
:1095B00003682E4A23F47F4323F00703934241D0EC
:1095C00002F1807293420FD002F17E4293424AD15F
:1095D00031F0BEFE31F0BDFE254B2649186802B0C1
:1095E000BDE8704033F0EBB8214D31F0B1FE31F001
:1095F000B0FE2149286833F0E2F8B4F80520019262
:109600001E492868B4F80760B4F8094033F0D7F869
:10961000019A1B49286833F0D2F81A49286833F0B8
:10962000CEF832461649286833F0C9F8164928683A
:1096300033F0C5F822461249286833F0C0F81349C0
:109640002868CCE70A4D31F083FE31F082FE1049E4
:10965000286833F0B4F8A2880E492868019233F0E4
:10966000AEF8019AE7E702B070BD00BFA0000601A6
:10967000E01A0020860905009F090500B6090500CB
:10968000A0CD0400C109050023EF040083D9040024
:10969000CB09050048DE040038B5032000F012FBBA
:1096A00060B1174C1749206833F089F831F050FE4B
:1096B00031F04FFE1449206833F081F815F0D6FBE5
:1096C0000446D8B1012000F0FDFAB8B10C4D0F49A5
:1096D000286833F074F831F03BFE31F03AFE0C4963
:1096E0000C4A2868234633F06AF8204600F030FB25
:1096F00028680949BDE8384033F061B838BD00BF7B
:10970000E01A0020DE090500E3090500FF09050055
:109710002ACD0400040A05000B0A050008B50368F9
:10972000144A23F47F4323F0070393421DD008D843
:10973000A2F58012934211D002F58032934210D0EC
:1097400008BD0D4A93420CD002F580129342F7D126
:109750000289C188808831F0F7FDF1E70379002B99
:10976000EED0BDE80840FFF797BFC188808831F090
:10977000EAFDE5E7A8002400A8001401F7B51E4C97
:109780001E4D014600260B461F4613F8012B0A2AE0
:1097900001D0002AF8D17A1A12F0FF0208D13B78E2
:1097A0000A2B24D0394608780028ECD103B0F0BD4C
:1097B000236894F82600B3F800C094F8243095F894
:1097C00000E0019613FB02F3DBB2ACEB030394F869
:1097D00025C084440CFB0E00C0B20090C3F34703C5
:1097E000054832F07CFC0128D9D90120DEE72B782E
:1097F00001332B70791CD6E7A01A0020D731002046
:1098000073B50646002003F0F1F9054610B33E4C4F
:109810003E49206832F0D3FF3D49206832F0CFFF47
:1098200031F096FD31F095FD3A4B00933A4A3B49B1
:109830002068552332F0C3FF39493A4A20682B4645
:1098400032F0BDFF284600F083FA3749206832F035
:10985000B6FFFEE7354D284603F032FA044610B352
:10986000294D2A49286832F0AAFF2949286832F090
:10987000A6FF31F06DFD31F06CFD264B0093264ABA
:1098800026492868582332F09AFF2549254A286836
:10989000234632F094FF204600F05AFA2449286803
:1098A00032F08DFFFEE76FF07F43C5E901302149BB
:1098B000284632F050FC054610B3134C134920687B
:1098C00032F07DFF1249206832F079FF31F040FD1F
:1098D00031F03FFD0F4B00930F4A104920685F2382
:1098E00032F06DFF0E490F4A20682B4632F067FFB9
:1098F000284600F02DFA1049206832F060FFFEE79C
:109900000E4B1E6002B070BDE01A0020930C0500E3
:10991000AECC0400780B0500290A05001BCD04001D
:109920002ACD0400D70A0500DE0A0500A01A00208F
:10993000FF0A0500C40D0500210B05009C1A00203C
:1099400010B504460B4832F0E8F880B90A4A0B4BD0
:1099500010701868FFF712FF40B92046FFF70EFF9E
:1099600020B903F06DF9003818BF012010BD0120A7
:10997000FCE700BFA01A0020D73100209C1A00206D
:1099800070B5154C06460FCC8CB06D460FC594E8EB
:109990000300083485E803000FCC06AD0FC594E83A
:1099A000030085E8030016F0010004D00B486A4666
:1099B000032132F0B4FAB30705D538B9074806AA2F
:1099C000032132F0ACFA08B903F03AF9003818BFB5
:1099D00001200CB070BD00BF480B0500A01A00208C
:1099E000F0B5B3B00021C22201A8174E009142F099
:1099F0009CFE164B34781A68154FC62304FB0325CA
:109A00001A4413FB04242946684642F0ACFE16357E
:109A10003946684642F0A7FEA542F4D16846FFF7F2
:109A20008FFF33781BB110B90120FFF7A9FF094B55
:109A300032781B78013B9A4203DA10B90220FFF713
:109A40009FFF33B0F0BD00BFD9310020CC1A0020F9
:109A5000930C0500D83100202DE9F3474E1EF3B2D8
:109A6000082B0746144656D8DFF8E0A02C4D9AF88C
:109A70000090914536D8531CDBB24FF0C6082868D9
:109A80008AF8003003FB08F133F070F92860F0B970
:109A9000244C2549206832F092FE2449206832F097
:109AA0008EFE31F055FC31F054FC214B0093214ADD
:109AB000214920686D2332F082FE2049204A206827
:109AC00032F07DFE1F49206832F079FEFEE79AF8F9
:109AD0000020A2EB090208FB02F2002109FB0800AA
:109AE00042F023FE2D68C62304FB03551620394699
:109AF00000FB065042F046FE134B1B780020A342A9
:109B000085F8C50002D0013C9C4205D102B0BDE8F9
:109B1000F047FFF765BF212002B0BDE8F08700BF26
:109B2000CC1A0020E01A0020930C0500AECC0400F3
:109B3000A20C0500820B05001BCD04003C0C0500A7
:109B40002B0C0500540C0500D9310020D831002021
:109B500008B50448FFF754FEBDE80840024802215A
:109B600031F0F3BB6A0C0500950C0500034B042192
:109B7000002219711A6019739A607047D01A002078
:109B80002DE9F843204B1B780546ABB9DFF88090F0
:109B90001E4C4FF0020859F8043BAB4207D128464F
:109BA00031F05EFC01280CD133F07AF82060B8F176
:109BB000010F04F1080401D1BDE8F8834FF001085A
:109BC000E9E7284631F04CFC07460028EFD133F096
:109BD00067F82368C61AFA2005F000FEB04201D9E2
:109BE0002771E4E74FF47A7005F0F8FDB04202D92E
:109BF00001232371DBE741F2883005F0EFFDB0422D
:109C00008CBF02230323F4E730130020D01A002076
:109C10002C10002010B5094C2179042904D0002013
:109C200031F09AFA04232371217B042904D0012006
:109C300031F092FA0423237310BD00BFD01A002024
:109C400010B50B4C206831F00BFC012803D133F028
:109C500027F8084B1860606831F002FC012803D136
:109C600033F01EF8034B9860034B00221A7010BDAE
:109C70002C100020D01A002030130020054B18783B
:109C800038B9054B1A79042A03D1187B031F5842AF
:109C90005841704730130020D01A0020074B1B7822
:109CA00043B9074B1879042806D11B7B042B08BF46
:109CB00001207047012070470420704730130020B6
:109CC000D01A00200B4B1B7802468BB10A4B1B7835
:109CD000834234BF00200120084B1B783BB1084B66
:109CE0001B7843FA02F212F0010F08BF0020704700
:109CF0000120F1E73113002032130020DA31002077
:109D00003313002008B5084B01221A70074B0022BC
:109D10001A70074B04221A70064B1F221A7004F0A7
:109D20006DFC054B186008BD31130020DA310020AE
:109D30003213002033130020E01A0020024B0349A5
:109D4000186832F03CBD00BFE01A0020BC0C0500D2
:109D500070B50C4C0C490646206832F030FD04F01A
:109D60004DFC0546206804F03DFC3046FFF7E6FF59
:109D7000284604F037FC20680449BDE8704032F002
:109D80001EBD00BFE01A0020D7DC0400BE0C050099
:109D900038B5054631F0A4FC0B4A146800235CB1C9
:109DA000AC4206D1A96A6BB1996231F09FFC0120E7
:109DB00007E02346A46AF2E7002DF3D031F096FCC9
:109DC000204638BD1160F0E7E41A002010B50446C3
:109DD00090B105F059FC2046FFF7DAFF58B194F82E
:109DE0002C0040B131F07CFC044A1368013B136045
:109DF00031F07CFC002010BD2220FCE7E81A002096
:109E00002DE9F04F85B005469DF83870914698468B
:109E10000E4609B9002F66D12846FFF7D7FF044642
:109E2000002840D185F82C00686305F043FD864288
:109E30003DD905F0CDFC40F2E7318C462146E6FBEA
:109E400000C160464FF47A7200232FF089FD4FF075
:109E5000FF32002383468A462FF082FD4FF0FF3207
:109E6000E8860023584651462FF07AFDCDE900449C
:109E700011462B461D4A284632F0EDFE044690B9A5
:109E8000C5E9089885F82D702E6331F029FC184A31
:109E9000136833B31A469B6A002BFBD195620023EB
:109EA000AB6231F023FC204605B0BDE8F08F47B12E
:109EB000CDE900440D4A2B463146284605F0BEFC4C
:109EC000DCE703A9304605F09BFC04460028EAD1F4
:109ED000CDE90077054A03992B46284632F097FED4
:109EE000CCE71560DBE72124DDE700BFF59E00002D
:109EF000E41A002091F82C3013B50C4683B98B8EF0
:109F0000CA8E93420ED243B9CDE90033114A0B46B3
:109F100020464FF0FF3132F05EFEA38E0133A38660
:109F200002B010BD52B191F82D307BB101230093E6
:109F3000D1E908232046096BFFF762FF064A012397
:109F400084F82C30136801331360E9E7084605F004
:109F50009BFBF3E7F59E0000E81A00202DE9F04195
:109F6000144E336823B3144F4FF0000831F0B8FBA0
:109F70003C68054624B92846BDE8F04131F0B6BB3F
:109F800094F82C3093B1336884F82C80013B336013
:109F900094F82D3013B92046FFF7FAFE284631F029
:109FA000A5FBD4E9083120469847DFE7A46AE1E73A
:109FB000BDE8F081E81A0020E41A0020034B1B687A
:109FC000002B0CBF01200420704700BFE81A0020BE
:109FD000024B1868B0FA80F040097047E81A002078
:109FE00008B50548012101F07BF831F0F4F8BDE82F
:109FF000084000F04FB900BF00350A0001480121B8
:10A0000001F06EB800350A0007B5082031F09BFA60
:10A0100002238DF800306846044B019331F0AEF90D
:10A02000082003B05DF804EB31F099BA006A18100B
:10A030002DE9F0431F4E0446894690460FCE89B065
:10A0400001AD0FC596E8070085E8070025681A48A6
:10A050006E6FAF6F012101F043F86068012101F0DC
:10A060003FF8617B207B0023042202F0B3F9617A80
:10A07000207A0422002302F0ADF90123284601A929
:10A080008DF81230CDF80C90ADF8148031F0DFFC73
:10A09000237CA27B1B0643EA022307F01F0706F07E
:10A0A00001063B4346F00A060020AB676E6709B025
:10A0B000BDE8F083C40C050000350A00024B4FF4E4
:10A0C0000052C3F8A820704700A0004013B5044612
:10A0D00005F07EFB247B00230122CDE900326400E1
:10A0E000034AB0FBF4F1034832F075FD02B010BD35
:10A0F000BDA00000EC1A002073B50F4B0F4E4FF4BB
:10A100008045C3F89C500446407B05F0CFFD0423F6
:10A1100002220DF106013046ADF8063031F06DF93E
:10A12000304631F07BF9A07B05F0C0FD044B0020E8
:10A13000C3F89C5002B070BD00A00046381000204B
:10A1400000A0004470B5064601211248124C00F0F0
:10A15000C7FFB16811480022FFF76AFF00230422FD
:10A160000E21032002F036F93546002304220D218A
:10A17000032002F02FF90FCD0FC42B682360084B8A
:10A18000012230461A70FFF7A1FF3046FFF7B4FFF7
:10A19000002070BD00350A000C1B00203810002084
:10A1A000DB3100202DE9F74F0688DFF8A8B098468C
:10A1B00003795E43264B14464FF48042C3F89C203B
:10A1C0000134A4B20546407B0F4605F06FFD230223
:10A1D00043F001031F48ADF8063002220DF10601DD
:10A1E000013431F00AF92402F610A4B24FF000094C
:10A1F00008F1FF3AC14511D1164831F00FF9A87B9B
:10A2000005F054FD144B13484FF48042C3F89C20D2
:10A2100031F009F9002003B0BDE8F08F394632462D
:10A22000584631F0EAF8CA4514BF44F0FF034FF630
:10A23000FF7302220DF10601584604F58074ADF853
:10A240000630374431F0D9F809F10109A4B2D1E759
:10A2500000A000463810002000A00044034B044832
:10A260001B78002B08BF0020704700BFDB310020A7
:10A270000C1B002030B5064D0FCD87B001AC0FC4CC
:10A280002B68236001A8FFF75DFF07B030BD00BF5A
:10A29000E00C05002DE9F0433B4D3C4FDFF8009109
:10A2A000DFF800810FCD89B001AC0FC495E807003D
:10A2B00084E80700364C3748012100F011FF38468A
:10A2C000012100F00DFF0125334B039301A9204626
:10A2D0008DF8125031F0BBFB2B46042206210220E0
:10A2E00002F078F82A4600230721022002F072F8D3
:10A2F0002B4604220821022002F06CF804221146A9
:10A300002B46002002F066F8244BA3670B236367FB
:10A3100010264FF4487005F0C9FCC9F80C601420F1
:10A3200005F0C4FCC8F80C60232005F0BFFCC9F898
:10A330000C60B921204631F0D7FB00231A46C8F83B
:10A340000C600621022002F045F800231A4607217E
:10A35000022002F03FF82B4600220821022002F0E2
:10A3600039F8002210462B46042102F033F820462B
:10A3700002F044FB0021A1673846616700F0B0FE9F
:10A3800009B0BDE8F08300BFF40C050000420400F2
:10A390000004014000350A0000127A000B0B000B8C
:10A3A00000A0004400A0004608B500F083F8124B5E
:10A3B00012498B4212D3124B124900208B4218D300
:10A3C000F5F7FAFF186850F82240586840F8224024
:10A3D000013298688242F5D30C33EAE70022F8E7AD
:10A3E0001C6844F8220001325C68A242F8D30833AA
:10A3F000E4E70022F8E700BF9C550500A8550500DA
:10A40000A8550500A85505000048704700F049020E
:10A41000104AD2F8943003F00703023B032B13D801
:10A42000DFE803F00C14020E0B4B1B68D2F800019E
:10A43000C0F304200130B3FBF0F07047074BF4E7A2
:10A44000074B1B685B08F1E7054BEEE74FF4004351
:10A45000ECE700BF00400E405810002050100020D4
:10A460005410002008B5FFF7D3FF054BD3F808318F
:10A47000C3F308230133B0FBF3F0024B186008BDAF
:10A4800000400E404C100020014B1868704700BF80
:10A4900050100020054B1860054BD3F8943003F0A2
:10A4A0000703022B01D1FFF7DDBF704750100020DA
:10A4B00000400E40044B054A9A60D3F8882042F4CD
:10A4C0007002C3F88820704700ED00E00000000033
:10A4D000014B1868704700BF581000200F4BD3F88D
:10A4E0002838A3F17E62A2F58432B2F5605F10B520
:10A4F0000ED219680A4A91420AD10A4C227812F007
:10A50000FD0F08D1DB69984708B90123237010BDFE
:10A510004FF48170FBE70020F9E700BF0000E10F76
:10A5200007B0CD5EDC31002005490A6813180548E4
:10A5300083428CBF4FF0FF320B601046704700BF64
:10A540005C1000200000012037B504680121054699
:10A55000124800F0C5FD002361792079012201F045
:10A5600039FF6179207930F080FFB0FA80F35B0920
:10A570002370A379022B0ED100F090FB084960797B
:10A580002A4600F0B5FB0123617902462079CDE926
:10A59000003301F0D9FE002003B030BD00350A00C1
:10A5A00085B4030008B52948012100F099FD012375
:10A5B00004220221052001F00DFF002001F0B8FE69
:10A5C000234B0122C3F810281146042001F068F83B
:10A5D000204800F0CBFE204BD3F8F02042F00102DF
:10A5E000C3F8F020D3F8FC2042F08072C3F8FC20BE
:10A5F000A3F55D43194A1A6000F5D520184B00F207
:10A60000FC40B0FBF3F0174B013802221861C3F88D
:10A61000F0204FF48072C3F804234FF06043124AD5
:10A62000C3F8B02F114AC3F8802ED3F8002E42F49D
:10A630008072C3F8002EFF2283F82020D3F8002E6A
:10A6400022F48072C3F8002E002008BD00350A00F5
:10A650000080144206000E0000ED00E0FF03004001
:10A66000F8590D00000004E055CEACC5090001000A
:10A670004FF0604330B5D3F8802ED20715D50124B2
:10A680000B4D8440D5F8FC2042F08072C5F8FC20C8
:10A69000D3F8002E2243C3F8002E53F82020002ABE
:10A6A000F0D003F82010002030BD1120FCE700BFDF
:10A6B00000ED00E02DE9FF41044601212B4800F0A8
:10A6C0000FFD23682A4A934205D002F58062934227
:10A6D00049D1284800E02848012100F001FD6179B6
:10A6E000207901230A2201F075FEE179A079012386
:10A6F0000A2201F06FFE0A270126302522796379AC
:10A700004FF00C0815FB028202F1884202F520424C
:10A7100006FA03F31360642005F0C8FA237962791E
:10A7200015FB038303F18C4303F5204306FA02F281
:10A730001A60642005F0BAFA013FDFD120680323D4
:10A74000436423895BBA9BB2836440F20113ADF882
:10A75000003023690293E36801936946237D8DF8F5
:10A760000C3001F0B7FE04B0BDE8F08140410500B7
:10A7700000C00040007204000062040010B5012116
:10A780000446094800F0ACFC0848012100F0A8FC90
:10A79000A37820786178B3FA83F35B09042201F08F
:10A7A00019FE002010BD00BF4041050000350A0021
:10A7B0002DE9F04F9A46554B85B01B78DDF83C905B
:10A7C0009DF844B0DDF8508006460F461546002B34
:10A7D00000F08B80072A00F28A800E9B002B00F08D
:10A7E0008680B9F1000F00F08280129BB3F5006FF4
:10A7F0007DDC012802D1109B002B78D0444B03EB69
:10A8000005131B7B002B74D0424C1022002168469C
:10A8100041F08BFF04EB45141022002F57D139462D
:10A82000204641F082FF43F210036380BBF1000F2A
:10A8300003D1E37843F00303E370364A0E9BCDF86F
:10A8400000A002EB451CCCE90193129B013BC3F332
:10A850000A009DF84C30690103F003039B0643EAAC
:10A86000001E53582C4818404EEA0003012E535046
:10A8700041D11323CCF80C309CE80F000CF1100EE2
:10A880008EE80F00DCF81C20109BCCF814306FF021
:10A89000030161F39F02012FCCF81C2003D1CCF8F7
:10A8A0001890CCF804301A4A290102EB051342F83B
:10A8B00001800027159A5A6028469F605E732246E1
:10A8C000694601F06DFE384605B0BDE8F08F002105
:10A8D000204641F02AFF4FF444736380BBF1000F20
:10A8E000ABD1E37843F03003A6E70C48ECE70C4823
:10A8F000EAE70C48E8E7B8F1000FD4D19CF8023041
:10A9000068F304138CF80230CDE700BFDD3100207E
:10A91000201B0020A01B00200F80FFF3028000F00E
:10A92000018000F0078000F038B5124B1B78054617
:10A93000DBB1E0B130F0D4FE0F4A00231146147BA6
:10A9400054B92B601A0101EB031301258C501D73C0
:10A9500030F0CCFE204638BD0133082B02F1100246
:10A96000EDD130F0C3FE0548F5E70548F3E70548AB
:10A97000F1E700BFDD310020201B0020048000F043
:10A98000028000F0018000F013B530F0A9FE0C4AFF
:10A990000023147B7CB90133082B02F11002F8D19B
:10A9A000019001F0B3FD074B01981C7030F09EFE42
:10A9B000204602B010BD30F099FE0348F9E700BF11
:10A9C000201B0020DD310020058000F00D4B1B789E
:10A9D00010B5044693B1072812D830F081FE0A4B17
:10A9E00003EB04131A7B2AB100241C7330F07EFEA3
:10A9F000204610BD30F07AFE0448FAE70448F8E734
:10AA00000448F6E7DD310020201B0020068000F01E
:10AA1000028000F0018000F013B5164B1868019019
:10AA200000238DF8043030F05BFE134B1C7824B10A
:10AA300030F05CFE114802B010BD01221A7030F0F7
:10AA400055FE0F4B1C731C7783F82C4083F83C4059
:10AA500083F84C4083F85C4083F86C4083F87C407A
:10AA600004230DEB03008DF8073001F06FFD204645
:10AA7000E1E700BF600D0500DD310020038000F03C
:10AA8000201B00200A4A127808B55AB107280BD8B3
:10AA9000084A02EB00131B7B43B1002101F04CFD7F
:10AAA000002008BD0448FCE70448FAE70448F8E73A
:10AAB000DD310020201B0020028000F0018000F02A
:10AAC000078000F00A4A127808B55AB107280BD857
:10AAD000084A02EB00131B7B43B1012101F02CFD5E
:10AAE000002008BD0448FCE70448FAE70448F8E7FA
:10AAF000DD310020201B0020028000F0018000F0EA
:10AB0000078000F00A4A127808B552B107280AD81F
:10AB1000084A02EB00131B7B3BB101F093FD0020C0
:10AB200008BD0548FCE70548FAE70548F8E700BF17
:10AB3000DD310020201B0020028000F0018000F0A9
:10AB4000078000F00D4B1B7893B1072812D889B10C
:10AB50000B4B03EB00131B7B73B10A4B1A6E0123E3
:10AB600003FA00F010401ABF00200B700870704705
:10AB7000054870470548704705487047DD3100209B
:10AB8000201B002000200E40028000F0018000F019
:10AB9000078000F00B4A127810B50C4662B1072806
:10ABA0000CD859B1084A02EB00131B7B43B101F0EA
:10ABB0005FFD2070002010BD0448FCE70448FAE760
:10ABC0000448F8E7DD310020201B0020028000F05F
:10ABD000018000F0078000F02DE9F0471E4E1F4C69
:10ABE000326EF36E12EA03080FD54FF00043B366DE
:10ABF0007068C0F30220030104EB0012E3584BB36A
:10AC0000BDE8F047526800211847DFF8549001274B
:10AC1000002518EA070F16D02368B7669BB1A16814
:10AC200062680131A16028469847637B012B0AD1F5
:10AC300048B909EB45131A7B60F341021A731A7F76
:10AC400060F341021A770135082D4FEA470704F1F6
:10AC50001004DED1BDE8F08700200E40201B00204C
:10AC6000A01B002070B50C4E0446012504B970BD30
:10AC700094FAA4F0B0FA80F006EB001205FA00F3A3
:10AC800024EA03045368002BF0D0117B11B19168C2
:10AC90009847EBE79847E9E7A01C002008B5122089
:10ACA00000F0BCFE28B1084B4FF48022C3F880218D
:10ACB0001A600A2000F0B2FE28B1034B4FF4806204
:10ACC000C3F880211A6008BD00E100E038B50546F0
:10ACD0000C4630F005FD054B03EB051300225C60CC
:10ACE0001A73BDE8384030F001BD00BFA01C002041
:10ACF000F8B505460F46164630F0F2FC104B05F04D
:10AD0000FC02D3F828140023EC1804F003041443C5
:10AD100021FA04FC1CF0010F07D00133042BF3D1FE
:10AD2000FF2430F0E3FC2046F8BDFF2CF9D0054BA2
:10AD300003EB04130122C3E901761A73F1E700BFA4
:10AD400000A00040A01C0020054BD3F82804D3F835
:10AD50001C24104000F05530C3F82404FFF782BFD4
:10AD600000A00040054BD3F82804D3F81C24104061
:10AD700000F0AA30C3F82404FFF774BF00A000401D
:10AD8000024B1968024B186827F0A2BC641000201F
:10AD90006010002037B5920004460D46019230F055
:10ADA0000FFE431C0BD060B9019A2946204641F0A2
:10ADB00084FC0028044808BF002003B030BD0348CD
:10ADC000FBE70348F9E700BF10E000F021E000F0E6
:10ADD00024E000F010B5044601F0F8FC431C10D04C
:10ADE00088B901F0BBFD20F00300234620449842BF
:10ADF00001D1002010BD53F8042B0132F7D00348D5
:10AE0000F8E70348F6E70348F4E700BF0EE000F078
:10AE100021E000F024E000F008B530F05AFC014BCE
:10AE2000186008BDE0240020014B186830F055BCC4
:10AE3000E0240020F0B52D4C2D4A2368002108465F
:10AE4000156845B11D68002D42D09D889688AE4298
:10AE500084BF134601210130052802F10802EFD119
:10AE600001B123602348244A036800210D46166877
:10AE700046B11E68002E2ED09E889788B7423CBFF0
:10AE8000134601210135052D02F10802EFD101B170
:10AE900003602268194B116801B3D969127921F056
:10AEA000FF010A43DA611A6B42F080421A630368B9
:10AEB000124A1968B1B19B88D1691B029BB221F477
:10AEC0007F410B43D361136B43F000431363F0BD29
:10AED00013460121BFE713460121D3E71A6B22F085
:10AEE0008042E3E7136B23F00043EFE79425002053
:10AEF0009C25002098250020C425002000300E400D
:10AF000008B501F0E3F99FED137A07EE900AF4EE2D
:10AF1000C77AF1EE10FA19D49FED0F7AF4EE477A62
:10AF2000F1EE10FAC8BFF0EE477A17EE900A2EF055
:10AF300047FC0A4B00222EF0E5FA094B00222EF0C6
:10AF4000E1FA2EF095FC803840B208BDF0EE477A69
:10AF5000EBE700BF000000C30000FE420000E03F3E
:10AF600000006040144A38B5136B526A134012D582
:10AF7000124B1B681D6835B100241C605C60FFF734
:10AF8000BFFF2146A8470C4B4FF00042DA62BDE8F4
:10AF90003840FFF74FBF5B00F9D5094B1B681C68B1
:10AFA00034B100221A605A60FFF7AAFF0121A047BE
:10AFB000014B4FF08042E9E700300E409825002019
:10AFC000942500200C4B984210D90C4B984210D974
:10AFD000022201230A490B640A49D1F8003123F007
:10AFE000807343EA0263C1F80031704700221346C0
:10AFF000F0E70122FBE700BF0048E8010090D00322
:10B000000000C84300400E400F4B5B680F4B30B54B
:10B0100000221C46C9B21D798D4202D11D688542AD
:10B020000DD20132052A03F10803F4D103220649A7
:10B030004B6823F0407343EA02634B6030BD04EB7E
:10B04000C2025279F3E700BF00000E40980D0500E0
:10B0500070B5084C41F67136256C2664FFF7D4F9BB
:10B060000021FFF7D1FFADB2B5421CBF002323641E
:10B0700070BD00BF00000E40044BDB6B5B0604D4C8
:10B08000034AD2F8C830002BFBD1704700300E4085
:10B090000000C64308B5FFF7EFFF024B5868C0F346
:10B0A000014008BD00300E40044BD3F84421D207C4
:10B0B00003D4D3F840211042FBD1704700400E402A
:10B0C00070B5064C41F67136256C2664FFF79CFF7F
:10B0D000ADB2B5421CBF0023236470BD00000E401A
:10B0E00038B5C0F30323013B092B16D8DFE803F082
:10B0F0002616151505191C151F23124C0023C0F325
:10B10000043513B11846FFF7CFFF04F1424404F5AC
:10B11000801405EBC404A400216038BD0A4C002350
:10B12000EDE70A4C0123EAE7094C1023E7E7094C55
:10B130004FF48033E3E7084C0023E0E7074C00239B
:10B14000DDE700BFB0400E40C0400E40E0400E4082
:10B15000E8400E40F0400E4050410E4000400E408E
:10B16000C0F30313013B092B2AD8DFE803F0050BDA
:10B170000F1929291F23374B274BD3F80001C0F3A0
:10B1800004207047244BD3F81401F8E7224BD3F87E
:10B190000001C0F30060431C012098400138704753
:10B1A0001D4BD3F80C01C0F3082070471A4BD3F89D
:10B1B0000801F8E7194B984204D0194B984207D080
:10B1C00000207047144BD3F8203103F00F03E3E75E
:10B1D000114BD3F82031C3F30113DDE7114B984233
:10B1E0000CD003F5B01303F580539842E8D10A4B15
:10B1F000D3F82801C0F30120031DCDE7064BD3F897
:10B200002831E8E7084B9842DAD1034BD3F83001F4
:10B2100000F00300704700BF00400E40800616009B
:10B2200080162E0090171A00A009140000F00F00DD
:10B230000138072844D8DFE800F0040F1943232D14
:10B240004335244BD3F8943003F00703023B052B1E
:10B2500038D8214AD05C70471E4BD3F8803003F0B9
:10B260000703013B042B2FD81C4AF3E7194BD3F8F3
:10B27000843003F00703013B042B25D8184AE9E783
:10B28000144BD3F8883003F00703013B042B1BD881
:10B29000144ADFE70F4B1B6F13F0010F0CBF0720A1
:10B2A000092070470B4BD3F85C3103F03003202B9F
:10B2B0000CD0302B0CD0102B14BF0120072070476E
:10B2C0000020704705207047012070470420704718
:10B2D0000820704700400E40880D05008E0D0500C7
:10B2E000930D05008E0D050008B50146FFF79EFF82
:10B2F0001A4B994212D01A4B994213D0194B9942CA
:10B3000004D1194BD3F8800000F00700013804285D
:10B3100022D8DFE800F00B0F17130B00124BD3F805
:10B320008400F1E7104BD3F88800EDE7BDE8084052
:10B3300030F084B8BDE80840FFF7CAB8BDE808405F
:10B3400030F07FB8FFF764F8074BD3F80031C3F350
:10B3500000630133D84008BD0020FCE70300200053
:10B360000500240002001E0000400E4000F4781387
:10B37000B3F5B01F10B5044674D025D8B3F5402FEF
:10B380005ED010D8B3F5802F49D005D83BB1B3F5C6
:10B39000003F4FD0002010BDB3F5202FFAD1BDE8FB
:10B3A0001040FFF735B8B3F5801F00F08480B3F587
:10B3B000A01F4DD0B3F5602FECD14A48FFF736FF00
:10B3C000072878D00928E9E7B3F5381F53D013D8F8
:10B3D000B3F5001F58D00AD8B3F5D01F56D0B3F537
:10B3E000F01FD7D14048BDE81040FFF77DBFB3F54F
:10B3F000101FCFD13D48F6E7B3F5481F4DD0B3F548
:10B40000781F65D0B3F5401FC4D13948FFF76CFFF2
:10B41000384BD3F82831C3F30123043320E0FEF77F
:10B42000F7FF344BD3F80C31C3F308230133B0FBDF
:10B43000F3F0B0E7FEF7ECFF2E4BD3F80831F3E75B
:10B44000FEF7E6FF2B4BD3F81431C3F30423EDE7EB
:10B450002648FFF749FF274BD3F8303103F00303A9
:10B46000D84098E72048FFF73FFF224BD3F8203120
:10B4700003F00F03F4E71C48FFF736FF1D4BD3F82A
:10B480002031C3F30113EBE71948ACE71848FFF785
:10B490002BFF184BD3F82831F3E71748FFF7C6FE08
:10B4A000072808D0082809D004287FF473AFBDE826
:10B4B0001040FEF7E9BF114B18686CE7FEF7A8FFD4
:10B4C0000C4BD3F80031C3F3042303FB000062E705
:10B4D000FEF79EFF0146204630F0F6F8B1FBF0F093
:10B4E00059E700BF06000E0002001E000500240000
:10B4F0000300200000400E40B800320084100020FD
:10B5000010B5FFF7A5FD094B07225A67FEF780FF2C
:10B51000FFF758FDFEF7A6FF0446FFF7BBFD014607
:10B520002046BDE81040FFF7CBBD00BF00400E40F5
:10B5300008B5FFF77BFE022806D00D284FF6FF70F6
:10B5400008BF4FF4FA7008BD014B1888FBE700BF35
:10B55000F6120020014B1880704700BFF612002041
:10B56000014B1880704700BFF412002010B504286A
:10B5700013D8DFE800F047032F132100294AC1F355
:10B580000801D2F86838002BFBD1274A136A23F44C
:10B59000FF7323F001031943116210BD214A01F02A
:10B5A0007F01D2F86038002BFBD11F4A136923F0CA
:10B5B0007F0319431161F0E71A4A01F07F01D2F8C5
:10B5C0006438002BFBD1184A936923F07F03194399
:10B5D0009161E2E7144AD2F89030536A23F03003C5
:10B5E00043F010035362146B104BC1F3C3100330CC
:10B5F0000F2803EA040328BF0F20194341EA007112
:10B600001163CAE74F29074A28BF4F21D2F874387F
:10B61000002BFBD1044A936B23F07F031943916302
:10B62000BBE700BF0020C84300400E4000F8FF0FFA
:10B63000104A536A13F0300F18D0202913D0302944
:10B6400014D000290C4B08BF4FF44003D2F89010DF
:10B6500033EA0101FAD15B0246BFD2F8A000C0F381
:10B660008020012070474FF40003EFE74FF44003C0
:10B67000ECE700BF00400E40FFF3E17F02280AD153
:10B6800029B1064B4FF48060C3F8A800596612B187
:10B690000220FFF7CDBF0120704700BF00400E40E1
:10B6A0002DE9F34106460F469046072868D8DFE8A3
:10B6B00000F0049025208B67670D4FF400714FF464
:10B6C000807408230925002F69D05FE001A801F0EC
:10B6D0001FF99DF80530012B06D94FF400414FF4B6
:10B6E00080440E230F25EEE79DF80430022BF4D89A
:10B6F000FEE70124022100232546E4E700294BD080
:10B70000364A536A13F0300F3DD1354BDB6B536A29
:10B71000DB0705D5536A23F0300343F0100353626F
:10B720000424022303252D4A14662E4A13449B0049
:10B7300019680029FCD0B8F1000F21D01544AD00E4
:10B740002B68002BFCD0022E1AD1CFB1234F796A7F
:10B7500011F001011CD0012220213046FFF78EFF9D
:10B76000D7F89C60012200210220FFF799FFC6F361
:10B770000A010220FFF7FAFE3C662B68002BFCD082
:10B7800002B0BDE8F0810424022303250027CAE7A4
:10B790003046FFF74DFFE3E70821022303250F485A
:10B7A0000122016602FA03F3D0F890201A42FBD17D
:10B7B000B8F1000FE4D00123084A03FA05F5D2F8E6
:10B7C00090302B42FBD1DBE72021102404230525F8
:10B7D00079E7802140240623072574E700400E40C6
:10B7E00000300E408004F21010B50446C0B90122AA
:10B7F0001146FFF755FFFFF72BFCB4B90D4B0422A0
:10B800005A67FEF705FEFFF7DDFBFEF72BFE044649
:10B81000FFF740FC01462046BDE81040FFF750BC52
:10B820000128E8D102460146E3E7012CE9D1014BAA
:10B830000322E5E700400E4038B5FEF725FE002163
:10B84000044600F001FB1248FFF7BCFB0122114641
:10B850000220FFF725FFFFF7FBFB0CB1FFF70CFC05
:10B860000C4B02225A67FEF7D3FDFFF7ABFBFEF746
:10B87000F9FD0546FFF70EFC01462846FFF720FCC0
:10B880002CB920460121BDE8384000F0DDBA38BDB2
:10B890000148E80100400E40184B70B51C68184B79
:10B8A0009C4227D90021204600F0CEFA1548FFF728
:10B8B00089FB012211460320FFF7F2FEFFF7C8FBC8
:10B8C0000CB1FFF7D9FB104B01265E67FEF7A0FD18
:10B8D000FFF778FBFEF7C6FD0546FFF7DBFB0146E9
:10B8E0002846FFF7EDFB3CB931462046BDE87040E5
:10B8F00000F0AABA0024D9E770BD00BF54100020A0
:10B90000002D31010148E80100400E40012210B530
:10B9100011460320FFF7C4FEFFF79AFB084B0522F0
:10B920005A67FEF775FDFFF74DFBFEF79BFD0446DA
:10B93000FFF7B0FB01462046BDE81040FFF7C0BB53
:10B9400000400E4010B504461120FFF76FFC0021A7
:10B9500001220220FFF7A4FE184A217C536A23F03B
:10B960000103022908BF43F001035362144B2178FD
:10B97000C3F8A014637AA18843EAC123D362136B8E
:10B98000A07A217A03F07F630343E08843EAC0236F
:10B9900043EAC11303310F2928BF0F2143EA017382
:10B9A0001363A37B617B1B0143EA0133E17B0B4300
:10B9B000217B43EA0143536310BD00BF00400E40AA
:10B9C0000000C84338B50E4D01461120FFF72EFC8C
:10B9D000AA6B0C4B0C7813401C434B7844EAC324ED
:10B9E0008B7844EA0364CB7844EA0324AB6BA3422C
:10B9F00005D0002101220846FFF752FEAC6338BD96
:10BA000000400E4080E4FFF8034B5868C0F3080084
:10BA1000003818BF0120704700ED00E04209054BD7
:10BA200053F8223000F01F0023FA00F0C04300F06A
:10BA30000100704700E100E0034BD86B80F040004C
:10BA4000C0F38010704700BF00300E4042EA03236D
:10BA5000B3F5007F39D016D8B3F5807F31D007D841
:10BA60005BB3012B1ED00022134603600A607047AF
:10BA700040F201129342F6D1184BD3F824321A0E39
:10BA8000C3F30743F1E7B3F5407F22D040F2013220
:10BA900093420ED040F201229342E4D10F4BD3F8EF
:10BAA000283202E00D4BD3F82432C3F30722DBB275
:10BAB000DBE70A4BD3F82832E1E7084BD3F81C3216
:10BAC000F3E7064BD3F81C32D9E7044BD3F8203206
:10BAD000EBE7024BD3F82032D1E700BF0081E00F43
:10BAE00008B5FFF7A9FF20B1024AD2F8C830002BF1
:10BAF000FBD108BD0000C64308B5FFF79DFF80B12C
:10BB0000FFF7EEFF074B19685A68C1F30121C2F332
:10BB1000014291421A688CBF42F0100222F01002DA
:10BB20001A6008BD00300E40064B1B68DB0608D5C6
:10BB3000054B1B69C3F30443082B02BF034B044AA4
:10BB40001A60704700300E4000400E405410002034
:10BB5000C0EA210137B5FFF76FFF38B12E4B1B78D4
:10BB6000C3F10202102393402C4A13612C492D4D3E
:10BB7000D1F8804145F60E03C1F880312B6823F0DF
:10BB8000AA03DB05DB0D0B66FFF7AAFF234B1B683F
:10BB9000D80604F0010416D5D1F84031DA01FBD4FF
:10BBA000214B1B680B61214B1B78052B0BD1204BC4
:10BBB00018680190FFF794FF184B01985968C1F37A
:10BBC0000141FFF77DFA194B1B78023B0A2B0AD87B
:10BBD000DFE803F00616180909090909091B1E0008
:10BBE0000020FFF701FE2B68DB075EBF0C4B022233
:10BBF0001A661CB10A4B0022C3F8802103B030BD85
:10BC00000120EEE7FFF718FEEDE7FFF77FFEEAE71A
:10BC1000FFF776FCE7E700BFE031002000300E4080
:10BC200000400E40EC250020F0250020DE310020F1
:10BC30005410002010B50B4C0B4BD4F890201A6018
:10BC40001120FFF7F3FA094B1870FFF749FF084B73
:10BC5000084A5B68C3F301431370074B22691A60FB
:10BC600010BD00BF00400E40EC250020DE3100205A
:10BC700000300E40E0310020F025002006494278D7
:10BC80000B6823F4407343EA0223022A0B6004BFCB
:10BC9000024B5B6A704700BF00300E4000400E4010
:10BCA00010B5044608B1FFF7C5FFFFF725FF164A98
:10BCB000136943F0040313612FF063FE2FF062FE5B
:10BCC000124B1B68DB0618D52FF003FD40F040FF38
:10BCD0002FF003FD2FF057FE03F04AFB7CB1FFF776
:10BCE00039FF0A4AD2F84C3123F00043C2F84C31F4
:10BCF00044B9BDE81040FEF7B5BB30BFEAE7FFF737
:10BD000013FFEEE710BD00BF00ED00E000300E4075
:10BD100038B5044608B1FFF78DFFFFF7EDFE1B4B6A
:10BD20001B4DD3F8802145F60E01D207C3F88011D0
:10BD300048BF00224FF42071196648BFC3F8802124
:10BD4000144A136943F0040313612FF01AFE2B68A1
:10BD5000DB0615D52FF0BDFC40F0FAFE2FF0BDFC40
:10BD600003F006FB74B1FFF7F5FED5F84C3123F074
:10BD70000043C5F84C3144B9BDE83840FEF772BB0A
:10BD800030BFEDE7FFF7D0FEEFE738BD00400E40D3
:10BD900000300E4000ED00E00378134A002B43789A
:10BDA00070B514BF04260026002B8378946914BF55
:10BDB00002250025002B037924F03F0443EA040305
:10BDC000C47814BF08210021012C08BF43F00103EF
:10BDD00033432B430B4393611368417923F440337E
:10BDE00043EA0143136070BD00300E4070B5044655
:10BDF0000E46FFF721FE10B3FFF772FE104B5B6893
:10BE0000C3F301439C421AD00E4BD3F80031FEF726
:10BE1000FFFA022C054602D12146FFF751F9C4F181
:10BE2000020210239340064A13610EB1FFF758FE39
:10BE30002CB921462846BDE87040FFF741B970BDD6
:10BE400000300E4000400E4013B50246FFF7F4FDEF
:10BE5000C8B152B90D4B0191D3F80041FEF7D8FAA1
:10BE6000C4F30422019902FB0002094B1B7843B181
:10BE7000084B9A4205D8022002B0BDE81040FFF7F7
:10BE8000B5BF0020F8E702B010BD00BF00400E4073
:10BE9000DF310020002D3101034B02781A7001219F
:10BEA0000020FFF7D1BF00BFDF310020174B4AF65B
:10BEB000E85210B5596B5A639A6FD407FCD41B6CC7
:10BEC00013F003031EBF124A0124C2F8B44A83428E
:10BED00016D00E4B9A6FD207FCD41A6C22F00302D4
:10BEE00002431A649A6F12F00102FBD10038084C29
:10BEF00018BF01200129C4F8B40A08BF5A6303E03F
:10BF000010B9034BC3F8B40A10BD00BF00300E4097
:10BF10000000C6432DE9F04F002389B0CDE902337C
:10BF2000CDE90433CDE90633A0F5E163B3F5966FAF
:10BF300004460D46914604D90025284609B0BDE8BF
:10BF4000F08FB0F5E16F674B8CBF0122002240F00B
:10BF5000BC80D3F81832C3F30721DBB207910493F6
:10BF60004FF4167A4FF4966BDFF87C81D8F84C705A
:10BF70000192C7F301773B4605A902A8FFF766FDCA
:10BF8000D8F8E060019AC6F30126334606A903A853
:10BF9000FFF75CFD049B0799A4EB0B0EA1EB030CD0
:10BFA0000EFB0CFCBCFBFAF213EB020C2CBF0123C2
:10BFB00000236145C0D3002BBED1069A0398131A03
:10BFC0000EFB03F3B3FBFAF3C0182CBF01230023CD
:10BFD0008242B1D3002BAFD1059B02995A1A0EFBB6
:10BFE00002FEBEFBFAFA11EB0A012CBF4FF0010E64
:10BFF0004FF0000E8B429FD3BEF1000F9CD1B9F1E0
:10C00000000F10D0D8F85C2022F4FE4222F0020289
:10C01000B4F5E16F42EA0C2218BF4FF0020E42EA7B
:10C020000E02C8F85C20002D4DD02E4B022FD3F805
:10C0300030223ED0032F3FD0012F14BFD2B2C2F323
:10C040000722120312F4702F7FF476AF264FFB6E97
:10C0500023F470431A43234BFA66022ED3F830229E
:10C060002CD0032E2DD0012E14BFD2B2C2F3072242
:10C07000120312F4702F7FF45FAF1B4ED6F8E0303E
:10C0800023F470431A43C6F8E020736E814238BF30
:10C09000014623F4FF73E72923F0010328BFE721BA
:10C0A000B4F5E16F18BF43F0010343EA410373663F
:10C0B00043E7C2F30742C4E7120EC2E7C2F30742E6
:10C0C000D6E7120ED4E7012537E7D3F81832190E58
:10C0D000C3F30743079104934FF4966A4FF4E16B5F
:10C0E00042E700BF0081E00F00300E40304B1A6F76
:10C0F000D96C11F0010F02F0060244D0002A42D0A0
:10C10000132851D9143813288CBF10230823284929
:10C11000013BCA6C180322F47F4240EA0323134315
:10C12000CB64244BCA6C1B88C2F303222833013230
:10C1300002EB820003EB5303B3FBF0F3C86C013B4B
:10C14000072B28BF072320F0EE6040EA036343F487
:10C150008013CB64184BB3F90030002B12DB03F1D2
:10C160002800C0F34E030344500800EB4202B3FB27
:10C17000F2F20B6D072A28BF072223F0700343EA6F
:10C1800002120A657047D96C01F00101114304D114
:10C19000092809D90A380928B6E7DB6C13F001032E
:10C1A000B5D01AB92728AFE70423B0E70023AEE7DC
:10C1B00000300E40183100201A310020064A074B8B
:10C1C000D3F88039136F23F007031843044B10672B
:10C1D0001888FFF78BBF00BF00300E400000C64339
:10C1E0001631002038B504468088E388B4F90C5035
:10C1F0004A2B50D9B3F5FA7F4FD340F6C31293427E
:10C2000094BF4FF000524FF040522949CB6C23F0BD
:10C21000405323F00103002DA8BF43F00103134353
:10C22000CB64D1F8E03043F44073C1F8E030214BE7
:10C230001880CB6E43F08073CB661F4BD3F8800918
:10C2400000B10420FFF7BAFF1C4B218919801C4B59
:10C25000B4F90C20A0881A80FFF748FFA37BFBB13C
:10C26000012B21D0012260881146FFF753FE0546BD
:10C2700078B10F4AD36B43F48063D3636078FFF7E0
:10C2800015FEA37AA3F12002534253410A4AC2F891
:10C290009437284638BD0022B7E74FF08052B4E704
:10C2A000034B084A9A65DDE7014B074AFAE700BFEE
:10C2B00000300E40163100200000C6431831002027
:10C2C0001A31002077402057372110B7144A1548FB
:10C2D000D2F8B030C3F3074307EE103AD2F8043176
:10C2E000DBB207EE903AB8EEE76ADFED0F7AC6EE02
:10C2F000276ADFED0E7A76EEA76A026A016AD2B289
:10C30000C9B28A42F9D19B1A07EE903AF8EEE77A61
:10C31000B8EEC77A07EEA67A17EE100A704700BF8C
:10C320000081E00F00300E400000C842A8C68B3EDE
:10C33000044AD2F8443423F003031843C2F84404F7
:10C34000704700BF00A00040072AF8B501F00306BF
:10C3500014461F464FF00F0120D8950000FA05F251
:10C36000A94016482FF014FB0321154806FA05F2E0
:10C37000A9402FF00DFB13499DF818302144890086
:10C3800001220F60C1F880300F4B02FA04F4C3F8A9
:10C3900024449DF81C30C1F80033F8BDA2F1080513
:10C3A000AD0000FA05F2A94008482FF0F1FA032188
:10C3B000074806FA05F2A940DBE700BF00A40040E9
:10C3C00008A400408020851000A0004004A4004084
:10C3D0000CA4004000EB4000F8B50D461F460401D8
:10C3E00016463AB1164801238B402044CFB100F1E4
:10C3F000C0600360072D4FF00F0115D8AB00114846
:10C4000006FA03F2994020442FF0C2FA46B90C4ACA
:10C41000012101FA05F5224477B102F1C0621560ED
:10C42000F8BD00F18060E4E7A5F108039B00064831
:10C4300006FA03F29940E6E702F18062EFE700BFF7
:10C440000CA0004004A0004008A00040F8B505463C
:10C450000E4614466AB3026822F44072026003F08A
:10C4600003072FF036F92A6882EA072303F44073A2
:10C4700053402B602FF031F936B9114B9D4219D141
:10C480001048FEF773FF06462B680F4BD85D6043DC
:10C490000FD02A686FEAC4040444920704EB060331
:10C4A000B3FBF0F303F1FF3302D5002B08BF0123E8
:10C4B0002B61F8BD054B9D42E6D10548E1E700BF81
:10C4C00000C0004000620400C00D050000C4004030
:10C4D0000072040038B5002303640B4BC3634A7831
:10C4E000430103F1844382F001020C465A600B7B46
:10C4F0000546D1E90112FFF7A9FF21782846BDE8DA
:10C5000038402FF056BA00BFFFFF0700084B4FF42A
:10C510000072C3F88020BFF34F8FBFF36F8F054BBE
:10C520000021D9664FF4AA401962FEF7D9BD00BFB9
:10C5300000E100E000200E40034B03449B0081F02B
:10C5400001011960704700BFA001F11010B5044649
:10C5500001214FF4AA40FEF7C3FDB4F80130227860
:10C560005BBA9BB243EA02630B4A13600023136277
:10C57000D36253634FF00043D3664FF0FF339366AB
:10C58000064A4FF40071C2F88011E3785B01DBB218
:10C5900082F80933116010BD00200E4000E100E078
:10C5A0002DE9F041C3B201259D40CB7A8F7A234E0D
:10C5B000D1F800E00C464FF03008097B94F80DC02C
:10C5C000B5661B0508FB006043EA074343EA415395
:10C5D00022F00302C0F880E0C0F888C0C0F88430C0
:10C5E000C0F898202FF07CF8F36E2B43F366237A83
:10C5F00013B1736B2B437363637A13B1F36A2B43E9
:10C60000F3620E4B1A68237923B1DB431B0263F4F8
:10C610007F431A4063790BB142EA0322A3790BB13D
:10C6200022EA0302E3791A43044B1A60044A956232
:10C63000DD63BDE8F0412FF059B800BF00200E4087
:10C6400000200E4410B5C0B2012484402FF048F8F9
:10C65000054AD36E23EA0403D366044B1C62BDE88B
:10C6600010402FF043B800BF00200E4000200E44C1
:10C6700010B5C0B2012484402FF032F8074B1A6A7B
:10C68000224209D19B6A34EA03030CBF012400242F
:10C690002FF02CF8204610BD0024F9E700200E40B2
:10C6A000054B5A685B68054B41F671321A649A680B
:10C6B00022F001029A60704700300E4000000E40E8
:10C6C000034B9A6822F001029A6000221A647047B4
:10C6D00000000E40094A0A4BD969C90705D512B9AD
:10C6E0006FF002007047013AF6E7002AF8D0012205
:10C6F0001861DA60D86940F380007047809698002E
:10C7000000000E4070B5C1B10E4A0023082550F854
:10C71000234094610C4CD5600133D669F60705D5EA
:10C7200014B96FF0020009E0013CF6E7002CF8D0E4
:10C73000D469A40703D49942E9D1002070BD6FF0F9
:10C740000100FBE700000E40809698002DE9F843B9
:10C750001C4B884641F671311D6C19641A49074615
:10C7600048684968996841F00101ADB2996096083E
:10C770004FF00009B14501D3002005E007EB890423
:10C780002046FFF7A7FF48B10E4B9A6822F001023E
:10C790009A600DB100221A64BDE8F883C4F30A045C
:10C7A000C4F50064A408A6EB0901A14228BF2146F4
:10C7B0004046FFF7A7FF0028E6D1894408EB81082F
:10C7C000D8E700BF00000E4000300E40234B41F67A
:10C7D00071311A6C10B5196421494C68496899681F
:10C7E00041F00101996001211861D960D9694C07B4
:10C7F00092B209D5996821F0010199600AB100222D
:10C800001A644FF0FF3026E00221D9601549D8693B
:10C81000C00700D569B9D86910F002000BD099683B
:10C8200021F0010199600AB100221A646FF0010041
:10C8300011E00139EBE741B9986820F001009860F8
:10C8400002B119646FF0020005E0996821F001015E
:10C8500099600AB1186410BD1046FCE700000E4054
:10C8600000300E40809698008B784A789B0143EA0E
:10C8700082030A781343CA7843EA02130A7943EA27
:10C88000C2234A7943EA02338A79043043EA4243B5
:10C890000001014A1350704700200440014B18600A
:10C8A000704700BF00008442427801790378002A73
:10C8B000827870B514BF04260026002AC27814BFFF
:10C8C00010250025002A42794FEA023242EA01226D
:10C8D00042EA0302837914BF20240024002BC37989
:10C8E00042EA034343EA0603027A43EA050314BF1C
:10C8F0004FF4004100212343002A14BF4FF40032BB
:10C9000000220B431343014A136070BD0020044012
:10C910000D4AD2F8E430D2F8E0109B0003F03C035B
:10C92000C1F381110B438370D2F8E03003F03F0371
:10C930004370D2F8E830D2F8EC2003F0F003C2F3F1
:10C94000031213430370704700FF0FE0024BD3F84C
:10C95000F000D3F8F41070470081E00F044BD3F8D7
:10C96000E4301B0E0A3303F01F0301209840704788
:10C970000081E00F70B5054616461C4619B91448EB
:10C98000FEF7F4FC0146402C1BD003D8DCB1202C70
:10C990001BD070BD602CFCD1042303FB06F25608AB
:10C9A00006EB4113B3FBF2F30A4A203B02EAC3034E
:10C9B0002A6822F060022A602A6814432C606B61A6
:10C9C000E7E70623E9E71023E7E70823E5E700BFE9
:10C9D00040410500F8FF7F0038B50546144619B9F7
:10C9E0000548FEF7C3FC014601396400B1FBF4F1D0
:10C9F0000902696138BD00BF4041050040F6AA63E5
:10CA0000C36041F205020023036042600C4A836068
:10CA10004361C36482640B4A03669042436702F534
:10CA200080628367C36704D0904202D0064988427F
:10CA300000D1036500239042836508BFC36570473A
:10CA4000F9FF010000000140000801404111064AC1
:10CA5000012300F01F0003FA00F052F821301843C0
:10CA600042F82100704700BFF4250020044B1B68EA
:10CA70001BB1044B0360002070470120704700BFCA
:10CA8000042600201C31002070B50D4C246884B1B0
:10CA90000C4C26888518B5420DDC6688CD18B54249
:10CAA00009DC52B14BB1A080E1802281638100207A
:10CAB00070BD0120FCE70420FAE70520F8E700BF7D
:10CAC000042600201C3100202DE9F74F0093444B31
:10CAD0001B68002B7FD0DFF810910D9FB9F806304E
:10CAE000B9F80A205D181A441FFA82FAADB24FF065
:10CAF000010B1FB9384603B0BDE8F08FABB29A45C1
:10CB00006BD9384AB9F80840B9F80430241A02EB56
:10CB10000511009ABC4228BF3C46161E18BF0126CC
:10CB200003447642072CA7EB04079BB2F6B221D848
:10CB30001C44BEB9A34217D2DE0803F007020BFA69
:10CB400002F08A5D013322EA00028A559BB2F1E7C6
:10CB5000D80803F007020E5C0BFA02F232430133ED
:10CB60000A549BB2A342F3D32846FFF76FFF013567
:10CB70000020BEE74FEAD30C01EBD30813F0070304
:10CB800010D00BFA03F211F80CE0D2B2501E524250
:10CB90000EEA000032401043083B01F80C0008F197
:10CBA00001081C44E20809D03146404601923FF09A
:10CBB000BCFD14F00704019AD6D090440BFA04F49B
:10CBC00098F80030E4B26242013C134034401C4308
:10CBD00088F80040C8E701278CE704278AE700BFF0
:10CBE00004260020E13100201C31002037B5124D11
:10CBF0002B68FBB9FDF73EFB044618B10124204623
:10CC000003B030BDFDF72AFB28600028F6D002886B
:10CC100041880A4B1A801A814A4359809C80DC80E3
:10CC200059812046CDE90042234622462146FFF79E
:10CC30004BFFE4E70024E2E7042600201C3100203B
:10CC40002DE9F8431B4FDFF874803C68DFF86890EB
:10CC5000002301251A46D8F800004188D6188E42D4
:10CC600007D3FBB91348102200213FF05EFD0020DE
:10CC700012E0E10708D50133D118C9060ABF57F8F9
:10CC8000254064080135E6E753B109EB0211FDF7D1
:10CC900089FA034610B10720BDE8F883721CEBE760
:10CCA0000132E9E7044901EB0211FDF77BFA0028A4
:10CCB000D8D0F0E7F4250020E13100200426002040
:10CCC00030B5054687B000B300226FF07F43C0E95E
:10CCD000012301A8FFF7CAFE044698B9019B2B6007
:10CCE0001A885B88CDE90200013A013B02A9284677
:10CCF000049205932EF041FF044618B904492846D2
:10CD00002FF029FA204607B030BD0524FAE700BF0E
:10CD1000F410050038B504463FF044F80FCC044D3C
:10CD20000FC594E80F0085E80F00002038BD00BF54
:10CD30000826002047F6FF739A42F0B56BD002290F
:10CD40006BD8374D05EBC10615F83130B0780128A6
:10CD500038BF0120012B4FEAC107044613D1F378F5
:10CD60001B1A0020984202D3E018C0B2F0BD191A75
:10CD7000A3EB5101756835F911509542CCBF01F113
:10CD8000FF330846EEE770680028EFD0B0F90030B6
:10CD9000934204DBB0F902309342B8BF1346828855
:10CDA000FF2A04BFB0F90610B0F908C03D440FBF18
:10CDB00001260026C8214FF0280C6D78CA1A92FB74
:10CDC000FCF2324412B2954201DD002A01DA6A1EF9
:10CDD00012B24FF47A7700EBC2060132F188B668DE
:10CDE00012B213FB016121EAE171954201F15C018C
:10CDF000B1FBF7F104DD00EBC206B6888E42EAD241
:10CE000000EBC20232F8040C884228BF0846A04258
:10CE100038BF2046A9E7FF20A8E70020A6E700BF0B
:10CE2000082600200229F0B55FD8314B13F83100F5
:10CE3000012816D103EBC1018C78C878012C234658
:10CE400038BF0123904294BFC3EB0003C3EB02033E
:10CE5000DBB2001B4A688342C8BF002332F91300CB
:10CE6000F0BD002A3FD003EBC1014B68002B3CD042
:10CE70008878904202D3B3F90200F1E7CC78B3F995
:10CE800000009442ECD94C789988A1F1FF06013C4E
:10CE9000714203F10405E4B2714103F10C071FFA7A
:10CEA00082FCCEB2B44216D805EBC1014FF47A75BC
:10CEB000B1F9024049686A43521A04EBD47102EB9B
:10CEC000610292FBF4F29042CADBB3F90200904295
:10CED000C6DC10B2C4E737F831E0E64501F10106DF
:10CEE000E2D33146DDE70348BAE70348B8E700BFBD
:10CEF000082600200CFEFFFF0080FFFF08B5044855
:10CF0000FFF708FFBDE8084001203EF04FBF00BF1B
:10CF10002414050000487047F81200207FB5094B23
:10CF200009490222CDE901234FF08373CDE90313B0
:10CF30004FF0FF300D2301A905933EF069FF07B0C4
:10CF40005DF804FB006A180006010C0000230C4A7F
:10CF50000360032910B50263044643630ED1052123
:10CF60002EF0BAFC636823F4407343F400736360EB
:10CF7000636823F4406343F40063636010BD00BF43
:10CF8000200010002DE9F04F1E46044692468946C7
:10CF90001F460FCE8BB001AD0FC596E80F0085E898
:10CFA0000F000025DDF8508009952EF092FB5146C8
:10CFB000064604F582702EF01EFC494604F5847086
:10CFC0002EF019FC394604F586702EF014FC30461C
:10CFD0002EF083FB604E614BDFF8C4A12365DFF8C0
:10CFE000C4B12EF076FBC4F850B0D4F814902EF0F3
:10CFF00074FB19F0807F19D0594B23652EF069FB23
:10D00000C4F850B065692EF068FBEB0140F18C80EC
:10D010002EF05FFB4146054604F588702EF0F3FBC9
:10D0200028462EF05AFB0BB0BDE8F08F19F4807F34
:10D030001CD14C4B2365013D9023A360636913F41D
:10D04000807F494B23650ED02EF043FB3946834643
:10D0500004F580702EF0CFFB58462EF03EFB434B7C
:10D060002365434B63658823A360B8E7002D13DA7B
:10D07000404B2365404B63652EF02BFB01A9834693
:10D0800004F580702EF0BFFB63695846C3F3034379
:10D0900009932EF022FB6D42384B23656369DFF85C
:10D0A00008C113F4407F4FF08803A3604FF00100E4
:10D0B0006269266560656369C4F850C00ABF0121D2
:10D0C0004FF0FF3105F1FF358142C2F30722C3F370
:10D0D00007230CD1D20706D5D80704D5284B2365E2
:10D0E000284B6365A8E7284B2365284BF9E70131F6
:10D0F000A2D1D10713D4DA0711D5254BC4F850A01B
:10D100006365A06501A904F580702EF074FB099B8E
:10D1100003F00F03C4F848318323A3608CE71D4B51
:10D1200023651D4B6365EDE72EF0D3FA04F5807699
:10D130003946054630462EF05EFB28462EF0CDFAE5
:10D14000164B23652EF0C5FA4146044630462EF0B4
:10D150005AFB204665E700BFC93E819830848801AC
:10D1600098390100C93E8101D23E8201C024D034E9
:10D170000982010090A2848899830100D9080100E6
:10D18000C8340981E20C8201C80881E20C820100E6
:10D1900081E2148283D91081E2148201E01001003F
:10D1A00083D9341135393801DB3E01002DE9F04FC8
:10D1B0008BB080460C4615460021202202A81E4650
:10D1C0003FF0B3FA4FF00A094FF0000A98F8003028
:10D1D000022B40D0032B07D0012B44D06FF07103FA
:10D1E00018460BB0BDE8F08F202202A93046A847B0
:10D1F0000346002BF4D100F0C1FC98F800108346E0
:10D20000FFF7A4FE2EF065FA02A907460BF582701F
:10D210002EF0F1FA38462EF060FA3B4BCBF8503046
:10D2200058462FF05FF82EF054FA0BF580770190F6
:10D2300002A938462EF0E7FA019B18462EF04DFA67
:10D24000029B012B17D8584600F0A2FCB9F1010946
:10D25000BCD12E4BC4E71C2202A93046A847034686
:10D26000CDF824A0C5E7182202A93046A847CDF87A
:10D2700020A00346F4E72EF02CFA04F10C06054634
:10D2800021460BF584702FF031F831460BF586708E
:10D290002FF02CF804F118010BF5887001912FF094
:10D2A00025F828462EF019FA194BCBF8503058467D
:10D2B0002FF018F8019938462FF04EF80346E8B9D8
:10D2C000144BCBF85030144BCBF8543058462FF059
:10D2D00009F8214638462FF03FF8034670B90F4B46
:10D2E000CBF850304FF48E73CBF8543058462EF0B4
:10D2F000F9FF314638462FF02FF803465846019380
:10D3000000F046FC019B6BE730C80C0100B3FFFF47
:10D3100081E11C018CE11C81D11C0100E11C81D93F
:10D320002DE9F843064610460F4690461D4631F05B
:10D33000C7FB28B129463846BDE8F84331F0AABBFF
:10D340002B6A002B40F0AD8000F018FC31780446C9
:10D35000FFF7FCFD2EF0BDF904F5807608F1180109
:10D36000814630462EF0C2FF48462EF0B6F9574BA4
:10D37000236540F28113636520462EF0B3FF2EF043
:10D38000A8F92946814630462EF0B0FF48462EF0D7
:10D39000A4F94F4B23650123204663652EF0A2FFBD
:10D3A0004C4B23652EF09EFF2EF093F905F10C01F6
:10D3B000814630462EF09AFF48462EF08EF9464BB5
:10D3C000236520462EF08EFF2EF083F908F10C091C
:10D3D0004946054604F582702EF088FF28462EF057
:10D3E0007CF93E4B236520462EF07CFF2EF071F930
:10D3F0004146054630462EF079FF28462EF06DF95D
:10D40000374B2365374B636520462EF06BFF07F1E2
:10D41000180130462EF0A0FF054600283BD1324BC4
:10D42000236520462EF05EFF304B23652EF05AFF19
:10D430002F4B23652EF056FF2E4B23654FF48A7336
:10D4400063652EF04FFF2C4B23652EF04BFF3946C2
:10D4500030462EF081FF0546E8B9284B2365284B5E
:10D46000636520462EF03EFF2EF033F9494605460F
:10D4700030462EF03BFF28462EF02FF9214B236536
:10D48000214B636520462EF02DFF07F10C0130463D
:10D490002EF062FF0546204600F07AFB2846BDE8E4
:10D4A000F883284631F00CFB08B1414643E72B6A6C
:10D4B000002B3FF449AF012105F118002FF0E1FEE8
:10D4C00000283FF441AF114DE8E700BF8184E11C23
:10D4D00083D91C83E11C810182D11C01C814820103
:10D4E0009983D91481E11C018CE11C01811C840108
:10D4F000D91C830191D11CE0D814140181CB148173
:10D50000D11C820181E11C84E214010080B0FFFF84
:10D510002DE9F04788B0904605460F4600F02EFBF7
:10D520002978DFF854910446FFF710FD2EF0D1F86A
:10D5300004F5807608F11801054630462EF0D6FE37
:10D5400028462EF0CAF840F28313C4F850902046C3
:10D5500063652EF0C7FE2EF0BCF808F10C010546FD
:10D5600030462EF0C3FE28462EF0B7F84FF0010AE1
:10D57000354B23652046C4F854A02EF0B3FE07F1C6
:10D58000180130462EF0E8FE0546002854D12F4BF6
:10D5900023654FF48673636520462EF0A3FE2EF0BC
:10D5A00098F84146054604F588702EF09FFE6946BE
:10D5B00030462EF028F928462EF08FF8244B2365AC
:10D5C000244B6365244BA36520462EF08BFE234B32
:10D5D0002365234B63652EF085FE224B2365224B8A
:10D5E0006365C4F858A02EF07DFE394630462EF013
:10D5F000B3FE054600BB1D4B23651D4B63652046EE
:10D600002EF070FE2EF065F86946054630462EF085
:10D61000F2F828462EF061F8164BC4F85090636576
:10D620004FF48A73A36520462EF05CFE07F10C01CF
:10D6300030462EF091FE0546204600F0A9FA284615
:10D6400008B0BDE8F08700BF821CC00C91D11CC09F
:10D65000C00C81E11C82DC0C81148401E11C81C8B6
:10D660000C0C8101D20C848BD91CE01484E214824E
:10D67000D11C8301C00C82D38182D11C2DE9F043DF
:10D68000A5B00E46054600F079FA15F8041B0446CD
:10D6900006F11807FFF75AFC1C22002105A83FF0ED
:10D6A00044F84FF0010839460CA80DF17009CDF887
:10D6B00010802EF09DFE294614A82EF099FE14AB82
:10D6C0000CAA04A9CDF800902046FFF75BFC2EF0D1
:10D6D00000F84946054604F5867904F582702EF077
:10D6E0008AF8314648462EF001FE06F10C0104F599
:10D6F000887003912EF0FAFD28462DF0EEFF134BB3
:10D70000236520462EF0EEFD114B23652EF0EAFD39
:10D71000104B23652EF0E6FD0F4B23652EF0E2FD46
:10D72000039904F580702EF017FE58B9314648462B
:10D730002EF012FE30B9204600F02AFA4146384653
:10D740002FF001FC25B0BDE8F08300BF8AD11C0199
:10D7500081D91C0183D11C0181E11C0110F1860FCC
:10D7600006D038B19330044808BF6FF06F0070479F
:10D770006FF07100704700BF009FFFFF70B58CB065
:10D7800004460D4616460021242203A83EF0CDFF94
:10D790004FF41053ADF80C304CB323683BB335B3A2
:10D7A0001B78022B05D0042B1BD06FF071000CB03E
:10D7B00070BD8023A06BADF80E304C21A0B90120C4
:10D7C0002FF0C3FAA8B1A0630B4B0093A06BF30832
:10D7D0002A4603A900F0ACFC0CB0BDE87040FFF78E
:10D7E000BDBF4FF48073E5E702F0F2FFECE70348BA
:10D7F000DDE70348DBE700BF0002C003009FFFFF37
:10D80000809EFFFF10B550B1046844B139B1806B00
:10D8100028B100F0CDFCBDE81040FFF79FBF0148E4
:10D8200010BD00BF009FFFFF07B578B102686AB165
:10D83000806B58B151B100230193102201AB00F06D
:10D840001DFD03B05DF804EBFFF788BF014803B08E
:10D850005DF804FB009FFFFF10F1860F1BD010F155
:10D86000850F08DA10F1930F18D010F1870F07D049
:10D870004FF0FF307047003818BF0120404270471A
:10D88000094B99420DD00433994214BF6FF06D00DB
:10D890006FF0730070476FF0710070476FF06F00AA
:10D8A00070476FF0720070470500000210B5064B1C
:10D8B000064C002914BF1946214600F007FA2146FC
:10D8C000BDE81040FFF7C8BF0800000209000002D1
:10D8D00008B500F041FABDE808400149FFF7BCBFB8
:10D8E0000900000207B500230193202201AB00F0DC
:10D8F000B7FA034903B05DF804EBFFF7ADBF00BF13
:10D900000900000208B5044900F0E0F9BDE808404C
:10D910000149FFF7A1BF00BF0500000208B500F0F4
:10D920001BFABDE808400149FFF796BF0500000259
:10D9300007B500230193142201AB00F091FA0349CB
:10D9400003B05DF804EBFFF787BF00BF05000002DE
:10D950002DE9F74F0F9D0190F520164695F800B080
:10D96000DDF8309088469A4600F02CF900230446F2
:10D970000360082243600E9904F180072DF074FFC4
:10D98000294638462DF0F9FE0BF0070B2A780BF1EB
:10D99000010B002302F00702CBF1100019462A7098
:10D9A00028445A463EF0C1FE294604F184002DF079
:10D9B000E4FE0523A360109BF34200F08E80102B41
:10D9C00012D08EB1C3F11002B24228BF32460F33DB
:10D9D00041462B4408EB020011F801CB03F801CFBC
:10D9E0008842F9D19044B61A05F1100104F18C0077
:10D9F0002DF0C3FE5923A3600523A3604623A36033
:10DA0000CEB1002326636363544B23650123636512
:10DA1000B0440F2EA8EB060159D80023C5E9003306
:10DA2000C5E90233CA5CEA540133B342FAD329464A
:10DA300038462DF0A2FE0D9B236300236363019BF8
:10DA4000002B4DD0464B2365464B6365464BA36583
:10DA5000464BE3650123DDF8348023660026B8F1E8
:10DA6000000F21D0B8F10F0F4CD8C5E90066C5E909
:10DA7000026600231AF80320EA5401339845F9D1CD
:10DA8000294638462DF079FE294638462DF094FE79
:10DA9000B9F1000F06D00023EA5C09F80320013336
:10DAA0009845F9D14FF00008294638462DF084FEFC
:10DAB000204600F091F8019B002B45D11846129AA0
:10DAC000904243D1002B18BF4FF02C0838E0384665
:10DAD0002DF055FE103E9CD1ADE74623A360AAE78A
:10DAE000234B236503F1BC4303F5262303F64D4383
:10DAF000636503F12243A3F5C053A3651D4BE365A2
:10DB00001D4BA8E7514638462DF039FEA8F1100804
:10DB10000AF1100AB9F1000F06D0494638462DF037
:10DB20004DFE09F110099AE7294638462DF044FECA
:10DB300095E71199EA5CCA540133129A9342F8D1DD
:10DB4000404603B0BDE8F08F0023F6E711992A5C48
:10DB5000095C4A4013430130B1E700BF70590546E4
:10DB6000F870455905460348055163FB04480559BB
:10DB7000F803480546FB044805590100024B0348D9
:10DB80000122C3F8002670470010C84300000F4070
:10DB9000094B98420ED003F58063984209D10122C7
:10DBA000064B03EBC2035A68054B13449B0000224B
:10DBB0001A6070470022F3E700000F40DC140500F4
:10DBC0008005F210024B03480122C3F8002670477B
:10DBD0000010C84300000F40044B984203D003F5E7
:10DBE0008063984201D1FFF7D3BF704700000F4018
:10DBF0002DE9F04788B006461F4688461546FFF7D0
:10DC0000BDFF2F4B9E42044657D006F17E40083898
:10DC100001284FD80423236000236360E364626813
:10DC200022F44062626023636A466363A8F10403DE
:10DC300008F11C0853F8040F00BA434542F8040BDE
:10DC4000F8D12DF046FD6946064604F582702DF0A8
:10DC5000D2FD30462DF041FD1A4B2365109BDFF8B5
:10DC6000689005EB831604F5D27A2DF032FD294633
:10DC7000804650462DF0CFFD403540462DF02DFD1D
:10DC8000AE42C4F85090F0D12DF023FD3946054640
:10DC900004F580702DF0B7FD28462DF01EFD2046BE
:10DCA000FFF776FF3B1F1C3753F8042F12BABB4215
:10DCB0001A60F9D108B0BDE8F0870023ABE700BFD8
:10DCC00005000002888AC801070D810138B50D469C
:10DCD000044690B36C2200213EF027FD1A4B9D4272
:10DCE00013D001339D421CD0043B9D4228D1174BD9
:10DCF00004F10C0203F1200153F8040B42F8040B69
:10DD00008B42F9D12560002038BD114B04F10C0283
:10DD100003F1200153F8040B42F8040B8B42F9D1B4
:10DD2000F0E70C4B04F10C0203F1200153F8040B53
:10DD300042F8040B8B42F9D1E4E76FF08600E3E789
:10DD40006FF08500E0E700BF080000022E15050017
:10DD5000EC1405000D1505002DE9F04F0E4685B0B9
:10DD60001446054600286FD009B9002A6CD12B68EB
:10DD70003A4A934204D003F17E43083B012B66D814
:10DD80001CB9002005B0BDE8F08F6B6803F03F08B8
:10DD9000E3186B6022BFAB680133AB60B8F1000FD2
:10DDA00058D0C8F140094C4554D305F12C073146F1
:10DDB0004A4607EB08003EF090FC0122009205F174
:10DDC0000C03403C444428683A461946FFF710FFCC
:10DDD0003F2C4E444FF0000811D9B1074FEA94127E
:10DDE000374605F10C0314D10092286832461946D3
:10DDF000FFF7FEFE24F03F031E4404F03F04002C16
:10DE0000BFD005F12C002246314640443EF065FC6F
:10DE1000B7E706EB821905F12C0B4FF0010A5A46C1
:10DE200007F1400157F8040B42F8040B8F42F9D177
:10DE3000CDF800A01946286803935A46FFF7D8FE8C
:10DE4000B945039BEBD1D5E76FF086009AE76FF0F9
:10DE5000880097E73F2CC0D8D3E700BF0500000239
:10DE60002DE9F3410E461F46054608B11BB922B104
:10DE70006FF086044AE00029F9D02B682B498B42C9
:10DE800048D001318B4248D004398B4248D14FF001
:10DE90001408904547D86A68D3008DF807305309B5
:10DEA0008DF80630530B8DF80530530D8DF8043086
:10DEB000AB68D90001EB52718DF8031002F03F02FC
:10DEC0005909372A8DF802104FEA53318DF80110A5
:10DED0004FEA535316498DF8003094BFC2F138020F
:10DEE000C2F178022846FFF737FF044670B90822CE
:10DEF00069462846FFF730FF044638B9C7F8008066
:10DF0000424605F10C0130463EF0E7FB204602B0E8
:10DF1000BDE8F0814FF01C08BBE74FF02008B8E7E0
:10DF20006FF08804F2E76FF08904EFE70800000261
:10DF30004E1505002DE9F04F8FB09B469DF86C30D3
:10DF4000BDF868800090914601930E46002900F0CC
:10DF5000B3804F1E3F09FFF711FE08F1FF330F2B6F
:10DF6000044600F2D680B9F1000F00F0D280BBF178
:10DF7000100F03D0BBF1200F40F0CB802DF0A9FB98
:10DF80000023236023636363634B236563498246F5
:10DF900004F184002DF0F1FBBBF1100F0CBF4FF02A
:10DFA000080B4FF0100B5A46494620462DF05CFCFA
:10DFB0005B4B23655B4B63655B4BA3655B4BE36529
:10DFC0004FF4C173236623699B07FCD106F00F034E
:10DFD000C3F11003DDB2102D02A901D1002E6DD1C5
:10DFE00004F180002DF0E8FB50462DF076FB102266
:10DFF000002106A83EF099FB009BA6EB071203EB5D
:10E00000071106A83EF069FB102D4FEA071A58D0F9
:10E010000EAB5A1B8021012D02F8101C07D0C5F150
:10E02000110006AB6A1E002118443EF07EFB06AAD2
:10E0300002A80423116850F8046B013B81EA060131
:10E0400042F8041BF6D12DF044FB236B43F0100380
:10E05000494623635A46064604F1800720462DF0C0
:10E0600003FC384618992DF08AFB009D04F1A000AE
:10E07000AA4440F2051955452ED106A92DF07DFB85
:10E0800040F205132365256915F00305FBD10AA9A4
:10E0900038462DF091FB019B3BB3199842460AA9E3
:10E0A0003EF01BFB30462DF018FB2046FFF770FDBD
:10E0B00028460FB0BDE8F08F0F464CE704F188000A
:10E0C00090E7002EB3D12A46314606A83EF02DFB3C
:10E0D00080238DF81830AAE72946009010352DF0DE
:10E0E0004EFB0098C4F85090C5E7199B019A0AA905
:10E0F000984413F8010B11F8015B984580EA05007C
:10E1000042EA0002F5D1002A0CBF00256FF0940509
:10E11000C8E76FF08605CBE7308201009015050057
:10E12000F50536F024FC31FE36833624FC31FE360C
:10E130002DE9F041DDF818800C4617461E460546CD
:10E1400010B96FF086002BE00029FAD00AB9002B35
:10E15000F7D14C22002128463EF0E7FA2388B3F598
:10E16000105F1FD108F0FE43B3F1407FE9D10F4BA0
:10E1700028F47E129A4215D16488C5F80080E2081E
:10E18000B2426A62DDD8182A0CD0202A01D0102AA7
:10E19000D7D1B242D5D13946281D3EF09EFA002093
:10E1A000BDE8F0816FF08500FAE700BF0002C00310
:10E1B0002DE9F74F0D4616460446002856D009B9FA
:10E1C000002A53D123682C4A23F47E13934250D162
:10E1D0000EB9002016E0A06CF0B1C0F11002B242FE
:10E1E0001AD23830294620443EF077FA04F128024A
:10E1F0000092616A04F13803201D2EF025FA20B147
:10E200006FF0920003B0BDE8F08FA36CA064C3F17F
:10E210001002103E15441E4406F10F0805EB060AD5
:10E220004FEA18184FF0010904F1280604F1040B15
:10E23000C145AAEB05070CD3002FCAD0A06C38301B
:10E240003A46294620443EF048FAA36C3B44A36476
:10E25000BFE70096616A2B46324658462EF0F4F925
:10E260000028CDD1103509F10109E1E76FF08600F2
:10E27000C8E76FF08800C5E70002C0037FB51D4600
:10E2800008B301B3FAB1F3B10368154C23F47E1659
:10E29000A6421BD113F47C1FC3F3054408BF10240E
:10E2A000944216D80123CDE9024300F128030191DD
:10E2B0000093436A816C021D3830FFF73BFE58B96A
:10E2C0002C6004B070BD6FF08600FAE76FF0880034
:10E2D000F7E76FF08900F4E76FF09200F1E700BF15
:10E2E0000002C00370B5114C114E0A25236843F497
:10E2F000807223F48073226030462360FDF736F885
:10E300000023800A62680AB983420AD1636853B95C
:10E31000013DEBD1236823F0010323606FF09200ED
:10E3200070BD0133EEE70020FAE700BF00D00140E6
:10E33000700002002DE9F04F85B0CDE90012654A6A
:10E34000654DD2F8C03043F40043C2F8C0302B68AA
:10E350008046D80719D50024DDF800A05E4D474659
:10E36000A3464FF00A09BAF1000F2DD14CB114F1B8
:10E37000940F06D05246002140463EF0D6F94FF0A9
:10E38000000B019BC3F800B01AE040F271632B60F0
:10E39000FFF7A8FF044698B96B68032BFCD9D5F8A2
:10E3A00000312B61D5F800316B61D5F80031AB61DC
:10E3B000D5F80031EB61FFF795FF04460028CAD07D
:10E3C000204605B0BDE8F08F6C68A40005D02E6B28
:10E3D00016F45C7F12D1002436E04048FCF7C6FFFB
:10E3E000C00A844205D16B68002BF0D16FF0930412
:10E3F000C7E76B68002BF6D10134F2E7F10515D5BC
:10E4000026F480762E636B685BB9B9F1010BEDD011
:10E41000DDF800A047466FF093040020D9468346FC
:10E42000A1E7D5F800310393039BECE7FFF75AFF10
:10E43000044618B916F41C7FCDD0E6E710F1930F0F
:10E4400098D010F1940FE0D06B6868689B0053453A
:10E4500028BF5346BA0738463AD123F0030C9E082A
:10E46000BC44844514D16FF0030C0CFB063646B156
:10E47000D5F80021064400F8012BB0424FEA1222E1
:10E48000F9D10BEB03001F44AAEB030ACB46C5E707
:10E49000D5F8002140F8042BE3E7D5F8006100F837
:10E4A000046C4FEA162E00F803EC4FEA164E360EB7
:10E4B00000F802EC00F8016CACF1040CBCF1030FA5
:10E4C00000F10400E9D823F003009E083844CAE7AD
:10E4D0009C46F3E700400E4000D00140700002006F
:10E4E0007FB5094B6A4603F110061546186859684E
:10E4F000144603C40833B3422246F7D12846FDF739
:10E5000071FE002004B070BDA015050070B5184B59
:10E5100086B001AA03F1100615461868596814461A
:10E5200003C40833B3422246F7D11B882380114B22
:10E53000D3F8B420120311D4D3F8B830C3F30803CE
:10E540000D48ADF80A30FBF7A5FF2846FDF7FAF9AC
:10E550003220FDF705F8002006B070BD074B1A8881
:10E560004FF6FF7140F24F138A4218BF1346E7E798
:10E57000B01505000081E00F00F049020001E00F36
:10E5800007B5084B18680190202301A88DF80430C6
:10E59000FDF718FA6420FCF7DDFF002003B05DF8FA
:10E5A00004FB00BFC215050010B50C480C4C6FF001
:10E5B0000402A02112F0800FD3B21BBF03F00F039F
:10E5C000043BA3181B1802F101020CBF83F80013CF
:10E5D00019762F2AEED1002010BD00BF00ED00E01B
:10E5E00000E100E010B504462DF073F8024B1C600A
:10E5F0002DF073F8002010BD2826002010B52DF056
:10E6000068F8034B1C682DF068F8204610BD00BF69
:10E6100028260020034B1868002380680222194630
:10E620002BF068BC2412002030B5144687B0054694
:10E6300010462EF010F9636983423CBFD4E90331E0
:10E640005B181B1A02467BB10F4903910021CDE9EB
:10E650000131012300930494D4E9001328462CF0DF
:10E66000E2FF002007B030BD0122627694F82D2031
:10E67000002AF6D084F835301321E3692046984704
:10E68000636A20469847ECE729E600002DE9F04749
:10E6900088B004468846174699462DF021F88246F0
:10E6A000002F7BD0237E03F0FF02002B00F0A3801D
:10E6B00020462EF0D0F86669B04205D1637ED4E9D9
:10E6C00003521544AD1B01E0F9D9851BBD4228BF9B
:10E6D0003D462DF005F894F82D300646002B6ED1FE
:10E6E00061692A4640463DF0F8FF63692B44636147
:10E6F0002F4621E0037803F0FD0111295CD1216B45
:10E70000814205D1A3F111014B424B4184F83430D1
:10E71000013F6369216B8B4203F1010308BF23634F
:10E720006361013295426069E4D1D4E90323216B2E
:10E730001344994200D12263D4E903236169207A0A
:10E74000134499424FF0000508BF62616576FCF7FB
:10E7500099F920462EF07FF86369834232D194F80C
:10E760002D302576E568656103B12563636A20462F
:10E770009847224B039300230293236901930123BB
:10E78000009321686368207A04942A462CF04BFF9A
:10E79000207AFCF797F930462CF0A8FF5046C9F8CC
:10E7A00000702CF0A3FFD9F80030002B0CBF1B2009
:10E7B000002008B0BDE8F08708F8013BA9E72F4624
:10E7C0000022AFE701232376207A0DF11E01FCF72A
:10E7D000E1F99DF81E30002BDAD00DF11F01207AEF
:10E7E000FCF7B0F99DF81F100029D1D1207A2246FC
:10E7F000FFF71AFFCCE71746D0E700BF29E6000075
:10E80000002808DB0123420900F01F0003FA00F092
:10E81000014B43F82200704700E100E0002809DBCB
:10E820004309012200F01F0002FA00F06033024A9F
:10E8300042F82300704700BF00E100E070B50446D5
:10E840000568FFF7DBFE844202D10020FFF7CAFE15
:10E8500095F93600FFF7E2FF95F93630002B0DDB16
:10E860005A09012103F01F0301FA03F3203218496A
:10E8700041F82230BFF34F8FBFF36F8F95F9370008
:10E88000FFF7CCFF95F93730002B0DDB5A0901213A
:10E8900003F01F0301FA03F320320D4941F822303F
:10E8A000BFF34F8FBFF36F8F287AFCF72BF9287ACD
:10E8B000FCF78CF8FCF768F80023C4E90033C4E9DE
:10E8C0000433A3602846AB6ABDE87040184700BF18
:10E8D00000E100E02DE9F0410C461546064686B001
:10E8E0004022002120461F463DF01FFF002395E8EF
:10E8F00003002A692376EB68E360C4E904232A7DD8
:10E9000084F82C20AA7D2363012384F8343084F812
:10E9100035300C9B236284E803000D9B63620E9BE1
:10E9200084F82D20E761A3622B7A84F836306B7A65
:10E9300084F837302D4B73602D4BB3602D4B336112
:10E940002D4B346073612D4BF360FCF765F838B1E3
:10E950002B4B984204D01024204606B0BDE8F0812D
:10E96000002104F10800FBF7DFFF07460028F2D181
:10E97000244B33624FF00108234B84F83C80B36191
:10E98000224BF3619DF8403084F83B309DF83C30D9
:10E9900084F83A3084F83900697D84F8388020465C
:10E9A0002DF06AFF95F90900FFF738FF95F9090086
:10E9B000FFF726FF164B0494CDE902732369CDE9D6
:10E9C00000836368E2682168207A2CF02CFE0446FC
:10E9D0000028C0D195F90800FFF720FF95F908003D
:10E9E000FFF70EFF3046FFF7FDFDB5E7C9C803008E
:10E9F0008DE6000045C803004BC803003DE8000059
:10EA0000038000F01BC8030079C8030051C803004D
:10EA100029E600002DE9F04186B01C46524B0C9DC2
:10EA20000293524B01930126514B0093CDE90366AB
:10EA3000504B90460A462946FFF74CFF07460028F0
:10EA400056D123682B6463686B64637A85F8493018
:10EA5000237A85F84830E37A85F84B30A37A85F835
:10EA60004A30637B85F84D30237B85F84C30E37B5F
:10EA700085F84F30A37B85F84E303F483146FCF790
:10EA80002FFB3E483146FCF72BFB617A207A334658
:10EA90000422FDF79FFC33460222E17AA07AFDF7BB
:10EAA00099FC60683146FCF71BFB88F80070414612
:10EAB00020682CF08EFF2268536F43F003035367E6
:10EAC000936FA17C23F4F85323F01F030B43617C65
:10EAD00043EA012303219367516785F8507098F842
:10EAE0001930202B2CD007D803B3102B09D02327A3
:10EAF000384606B0BDE8F081302BF8D185F85010CB
:10EB000002E085F850603E4600230222617B207BB4
:10EB1000FDF760FC2368E27CDA675A6E42F004027B
:10EB20005A665A6F42F010025A6766B92A6C20681A
:10EB3000D36C43F00403D36405212CF043FFD7E7E3
:10EB4000022385F85030E17BA07B00230422FDF7EF
:10EB500041FC2368217DDA6F42EA0122DA675A6FAD
:10EB600042F020025A67E1E7F3C90300E7C9030056
:10EB70007FCA030073CA03004041050000350A0044
:10EB8000BFF35F8F074B5A6A22F480325A62D3F880
:10EB9000942022F00102C3F89420BFF34F8FBFF3FB
:10EBA0006F8F704700ED00E0F0B5374D37493848BA
:10EBB000002387B0CDE90333FFF7E2FF2C68354B24
:10EBC0004FF00052C3F89840661CC3F89C20814265
:10EBD000314AC3F8A0202E6042D005AB019304ABAC
:10EBE0000A1A009303AB2DF0A0FFDDE90372059B29
:10EBF000DFF8A8E0072BA2EB01024FF001018CBF68
:10EC00004FEAD30C4FF0200CB2FBFCF201FA02F2F7
:10EC1000013AD2B2AEEB070EC01BBEFBFCFEB3FA4C
:10EC200083F38E44B0FBFCFC01FA0CF102FA0EF205
:10EC30000139C3F11E030A435B0002F0FF0203F037
:10EC40003E0343EA022343F04073124A43F00113A8
:10EC50000234C2F89860C2F89C70C2F8A0302C60F0
:10EC6000BFF35F8F0B4B0522C3F894205A6A42F41E
:10EC700080325A62BFF34F8FBFF36F8FBFF34F8F56
:10EC8000BFF36F8F07B0F0BD2C260020801300204B
:10EC90006813002000ED00E0390001137F1300200D
:10ECA000F0B589B00023CDE905330392FFF768FF83
:10ECB00007AB019306AB039A009305AB2DF035FF2C
:10ECC000079A069B059D072A03F1FF338CBFD708DF
:10ECD00020275B1A4FF0010C3B44B3FBF7F30CFA0F
:10ECE00003F3013B0446DBB2E8430144B1FBF7F117
:10ECF00003FA01F123183B44B3FBF7F30CFA03FCCE
:10ED00000CF1FF33194301F0FF01FF292BD0B2FAB8
:10ED100082F3C3F11E03154C154A2068C2F898000F
:10ED20005B0003F03E0343EA012343F0985343F0B2
:10ED300001130130C2F89C50C2F8A0302060BFF32C
:10ED40005F8F0523C2F89430536A43F480335362D3
:10ED5000BFF34F8FBFF36F8FBFF34F8FBFF36F8F33
:10ED6000002009B0F0BD2820FBE700BF2C260020C2
:10ED700000ED00E0BFF34F8F0549064BCA6802F46F
:10ED8000E0621343CB60BFF34F8F00BFFDE700BFCE
:10ED900000ED00E00400FA05054B1A782AB95B780B
:10EDA000002B14BF0220032070470120704700BFD2
:10EDB000E93900200329F8B598BF134B054698BFE1
:10EDC0005C5C0E4688BF0024032805D8DFE800F00D
:10EDD00002080B0E44F002040C4B1F684FB9F8BD3B
:10EDE00044F00804F8E744F02004F5E744F0800418
:10EDF000F2E77B681A68144203D05B683146284604
:10EE000098473F68EAE700BFC61505005426002072
:10EE100038B5104D2B78ABB10F4C23781BB12DF0CA
:10EE2000B7FE0023237000202DF0B3FE0B4C50B131
:10EE300000F0BCFA002320782B700121FFF7BAFF05
:10EE40000123237038BD064B01221A70054B22782E
:10EE50001A70F7E7E8390020E3390020E139002093
:10EE6000E7390020ED39002010B52CF032FC064BBC
:10EE70001B7804461BB1BDE810402CF02EBCFFF7F8
:10EE8000C7FF2046F7E700BFE2390020094A002803
:10EE9000137814BF0121FF210B44137008D0064BD7
:10EEA0001B78012B04D9054B1B780BB9FFF7B0BFBA
:10EEB000704700BFE9390020E1390020E739002020
:10EEC00070B5144E2CF005FC33780546ABB900F054
:10EED000A1FB044620B128462CF0FFFB204670BD64
:10EEE000AFF300800C482CF0AFFA00F0C7FE0B4BDC
:10EEF0001C6000F06DFC0A4B186000F0D9F92DF091
:10EF00004AFE084B186001232846337000242CF079
:10EF1000E4FBE3E7E4390020542600205C260020CF
:10EF200058260020502600202DE9F341274A0138B9
:10EF30000029135C14BF0121FF210B4413543AD064
:10EF4000234E3178012936D9FFF726FF01280446E0
:10EF500034D8204F2CF0BDFB3B781BB31E4D2B78D3
:10EF60001BB901222A701D4A1370DFF8748098F8CB
:10EF7000003033B101902DF00BFE0023019888F88A
:10EF800000302CF0AAFB01202DF003FE2CF0A1FB99
:10EF90002B782BB1019000F009FA002301982B7017
:10EFA00000233B702CF099FB3078844203D021463B
:10EFB000FFF700FF347002B0BDE8F0810329F3D100
:10EFC0000228F1D100F03EFAEEE700BFE939002057
:10EFD000E1390020E8390020E2390020E73900203B
:10EFE000E339002068B52CF074FB094B1B78012B2A
:10EFF000064604D82CF071FB0025284668BD054B59
:10F000001D6800F011FA054430462CF066FBF4E769
:10F01000E13900205C26002038B5416004462CF020
:10F0200058FB2146054604482CF011FA2846BDE855
:10F0300038402CF052BB00BF54260020054B1B6803
:10F04000584300F57420044B00F23F20B0FBF3F06E
:10F05000704700BF5826002040420F002DE9F043C2
:10F0600085B0EFF3108672B6AFF300802CF01EF976
:10F07000002800F08980674D674F2B7823B100206E
:10F08000FFF704FF00232B70FFF786FE04460028DD
:10F0900000F08180841EE4B2012C40F28380FFF7EF
:10F0A0007BFE0128804604D95C4B1B780BB92DF000
:10F0B0006CFD5B4CDFF888912078404507D099F8CB
:10F0C000003013B94146FFF775FE84F80080B8F1AF
:10F0D000010F0FD9DFF8448198F8003053B9514B34
:10F0E0001B7823B92DF053FD4F4B01221A700123D9
:10F0F00088F80030207800F081F999F8003013B1D9
:10F100004A4B1B782370AFF3008006B962B6EFF369
:10F11000108672B6464B1A7852B100221A70434BD1
:10F1200020781B78984203D101212170FFF742FE1D
:10F13000384600F0A9FA2CF0CEF8804600289CD181
:10F14000364F3B789BB189F80000DFF8DC9099F8E6
:10F1500000301BB12DF01CFD89F8008000202DF03F
:10F1600018FD00284DD000F021F900233B702B78CA
:10F1700023B10020FFF78AFE00232B7020780021A6
:10F18000FFF718FE00232370AFF3008006B962B6C4
:10F1900005B0BDE8F0832B78002B80D0FFF776FE1A
:10F1A0002C707CE703A9002000F0B2FA0446002886
:10F1B0007FF475AF1F4B039A1B689A4205D8012054
:10F1C000FFF764FE01232B7069E71B4BD3F8008027
:10F1D00000F02AF9039B80449845F0D200F048F9EA
:10F1E00000280399154A0CBF0023042343F00203AF
:10F1F000CDE90043A1EB0801234638462DF0CFFCB2
:10F200004DE7012000F0FAF806B962B6EFF3108678
:10F2100072B6A3E7EC39002030260020E839002040
:10F22000E1390020EB390020E3390020ED390020DE
:10F23000E6390020502600205C26002069EE000000
:10F24000E739002010B52CF044FA054B00221C7859
:10F250001A702CF042FA00F02BFC2043C0B210BD13
:10F26000E539002073B5104E33788342044611D03F
:10F2700000238DF8043078B101A88DF805300B4DCE
:10F28000FCF7FCFC1E204CB1FFF7D8FE2B68181AC7
:10F290002860347002B070BD0223EDE7FFF7CEFEA8
:10F2A0002B681844F4E700BF341300206C260020BC
:10F2B00073B5284C002501A8636A636A8DF8045071
:10F2C000FCF7EAFD2846FFF7CDFFD4F8903003F0B5
:10F2D0000403AB42204B14BF01222A461A70D4F813
:10F2E00090301E4CC3F30033237005D04FF41670DA
:10F2F000FFF7A4FE1A4B186023781A4DEBB11120CA
:10F30000FCF734F8134BD3F80021C2F3042202FBBC
:10F31000000292B15C6C144EC4F30B440023013420
:10F320001946501E04EB8404E4FB06012AF018FB86
:10F33000FFF784FE2B68184428606420FFF77EFEE8
:10F340002B681844034B2860D3F89020074B1A60B1
:10F3500002B070BD00400E40F0390020EE390020B0
:10F36000682600206C26002040420F006026002006
:10F3700008B50B4B1B7893B1022000F04BFC70B129
:10F3800000F0F8F958B1002201210220FCF788F9B9
:10F390002DF086FC034B1860034B01221A7008BD48
:10F3A000F039002064260020EF39002038B50E4CDB
:10F3B0000E4D23782BB92B781BB12DF071FC0C4B23
:10F3C00018602CF0E3FA2B786BB10A4AD2F890302F
:10F3D0001B07FBD52DF064FC054B1B68C01A064BC0
:10F3E00018600023237038BDEF390020F039002069
:10F3F0006426002000400E406826002002280AD023
:10F4000003280BD001280CD1064A136923F004030A
:10F41000136130BF70470020FCF742BC0020FCF7AE
:10F4200077BC704700ED00E0044B1B680BB103EBA9
:10F43000D303034A10681844704700BF68260020B1
:10F440006C260020084B45F60E02D3F88011C3F855
:10F450008021064A126802F4A0721A66CA0744BFE5
:10F460000022C3F88021704700400E406026002033
:10F47000014B1878704700BFF039002010B500F03C
:10F4800067FB0A4C0A4B19682368C31A01B10BB910
:10F49000206010BD4A699A422EBFD21A9B1A0022E0
:10F4A0004A6128BF00238968F0E700BF702600206A
:10F4B0007C260020C38870B504460D463BB9FFF793
:10F4C00091FD8542064602D22DF052FB35460F498A
:10F4D00065610B68ABB90C60A36011E0AD1A9A6866
:10F4E000656118462AB113465A69AA42F6D950B145
:10F4F0001A4684601346A36013B15969491B5961C8
:10F5000070BD0020F0E70C60F5E700BF7C2600200E
:10F5100038B5134D2B685B6993B1124A1468022009
:10F520001C4400F049FB204600F018FB0E492A68F5
:10F5300000230B70D088800709D501230B7038BDDC
:10F54000022000F039FB022000F05CFBEEE792683D
:10F55000002AF4D050690344012BEBD9EFE700BF38
:10F560007C26002070260020F239002070B5164657
:10F570009DF814200271049A0260C0E9033600224B
:10F58000BDF81830826004460D46C38006BB00F00B
:10F59000DFFA2844A0613DB9E368656113B12168D1
:10F5A0002046984796B135462CF093F80646FFF76B
:10F5B00065FF29462046FFF77DFF074B1B68A342E6
:10F5C00001D1FFF7A5FF30462CF087F8002070BD71
:10F5D00000F0BEFA3044DDE77C2600200C490B68C1
:10F5E00000227BB183420AD183687AB19360836839
:10F5F0001BB15A6941690A445A61002070471A4692
:10F600009B68EEE70028EFD0022070470B60EEE722
:10F610007C26002070B5154E2CF062F83478054633
:10F62000FCB9134B1C60134B1C60134B1C8000F087
:10F630004BFA012000F0C0FA00F014FB0F4B024619
:10F64000186020B928462CF051F8232070BD2346BD
:10F650000B4840F2E7312AF083F90A4B1860012386
:10F66000337028462CF042F80020EFE7F1390020F3
:10F670007C260020702600202831002078260020DB
:10F6800018FCFFFF742600202DE9F0410546F8B173
:10F690002CF01FF80F4F0646FFF7F0FE2846D7F86C
:10F6A0000080FFF79BFF044628B130462CF015F888
:10F6B0002046BDE8F081A8453B6803D123B1FFF7A0
:10F6C00027FFF2E7002BF0D1022000F083FAECE7ED
:10F6D0002224EDE77C26002038B50C46054698B17B
:10F6E00091B100230B702BF0FBFF084B1B6801212D
:10F6F0000BB122781AB12BF0F9FF002038BDAB42D4
:10F7000014BF9B682170F3E72220F7E77C260020D6
:10F710002DE9F041074688462BF0E2FF134B1C68A9
:10F720000546002624B928462BF0E0FF1B2016E0F2
:10F7300063691E44E388BB4215D10D4C00F008FA02
:10F740002368C01AB0420CD200F002FA2268324498
:10F75000121A2846C8F800202BF0C8FF0020BDE888
:10F76000F0810022F5E7A468DCE700BF7C260020DA
:10F770007026002008B5074B187848B12DF090FA94
:10F78000054B1B689B69C01A02288CBF0020012012
:10F7900008BD00BFF23900207C26002070B52BF098
:10F7A0009FFF064600F0D4F9084B1D88044601204F
:10F7B000ADB200F02FFA18B100F0CAF901350446D5
:10F7C00030462BF093FF2046294670BD283100209B
:10F7D000014B1868704700BF7826002038B5074BEA
:10F7E0001D6840F2E7340021E5FB00414FF47A72D6
:10F7F000002320462AF0B4F838BD00BF7826002048
:10F800000C4B1B68834270B50D4611D30A4B40F276
:10F81000E7311E6800248C462146E0FB06C14FF408
:10F820007A72002360462AF09BF82860204670BD5B
:10F830002120FCE77426002078260020F0B587B050
:10F840001F4600230C4616468DF81330054658B364
:10F850000DF11301FFF740FF9DF8133033BB05A9ED
:10F860002046FFF7CDFFE8B9114B059A19684C43C4
:10F870004FF47A71B4FBF1F301FB13440C1BA4B2F7
:10F8800000238C42EB83BDF834300CBFA883AC83DB
:10F8900002939DF830301146CDE900732846334677
:10F8A000FFF764FE07B0F0BD2220FBE70220F9E776
:10F8B00078260020014B1868704700BF742600208E
:10F8C0000F4B1A6810B59AB1531E4FF47A71134258
:10F8D000A0FB01010ED1B2FA82F2C2F11F04531C47
:10F8E000E040D24301FA03F3184321FA02F2024343
:10F8F000104610BD00232AF033F80246F8E700BF97
:10F9000078260020164B8342164B8B4170B5154666
:10F9100024D3154B1A680AB34FF47A76541EA0FB11
:10F920000603144006FB013111D1B2FA82F3C3F190
:10F930001F025E1C01FA06F6DB43D04021FA03F3F6
:10F9400030431843D140C5E90001204670BD002373
:10F950002AF006F80024C5E90001F6E72124F4E7BF
:10F96000EFA7C64B3789410078260020C2072DE952
:10F97000F04704460BD54B4A138801339BB21380E2
:10F98000FFF77CFD484B1B680BB1FFF7C1FDA307D8
:10F9900040F185802BF0A4FE8046FFF76FFD4FF00D
:10F9A0000009414E4D464F4634680CB163698BB136
:10F9B0003E4B0022012D1A7003D119F0020F18BF1F
:10F9C0001D70002C5BD0FFF7A3FD4046BDE8F0475B
:10F9D0002BF08CBE23461A792179914288BF1C46B0
:10F9E0009B6813B15A69002AF5D040462BF07EFE81
:10F9F000D4F81090B9F1000F45D000F0A9F8A26931
:10FA0000A0EB02084FEAE873C14577EB03033BDA4A
:10FA100023691344A36101232269CAB1C3B9A38B2B
:10FA2000B9EB080833B1E28B13449BB2B3F57A7F8C
:10FA30001CD2E3832BF054FE414681462046FFF75B
:10FA400039FDA36922691344A36148462BF04EFE99
:10FA5000E368B4F80690013513B121682046984751
:10FA60002BF03EFE8046FFF709FD9DE7A3F57A7374
:10FA7000E383A369013B18F1FF38A361DAE70220B1
:10FA800000F0A8F8A1E7C8462BF02AFE82462046DF
:10FA9000FFF7A4FD50462BF029FE0023BCE7BDE88C
:10FAA000F08700BF283100207C260020F339002099
:10FAB00010B52BF015FE034B1C782BF017FE2046DB
:10FAC00010BD00BFF339002010B51D4B86B018687B
:10FAD000596803AA03C2197AD3F80900117001907A
:10FAE000B3F80D201748DB7BADF8082001218DF815
:10FAF0000A300024FBF7F4FA03A88DF80C408DF8C7
:10FB00001040FCF7D1FE01A901208DF80440FCF75C
:10FB1000ABFE0D4A536A23F4FF6323F007035362DD
:10FB200040F2FF73136201209460FCF7B7FE074BAD
:10FB30004FF00042C3F880211A6006B010BD00BF2C
:10FB4000CA150500A00914000020044000E100E0EF
:10FB5000014B9868704700BF0020044010B5044670
:10FB60002BF0B7FD124A9368516D9269520704D485
:10FB7000CA1A032A01D899420DD1E21A022A98BF63
:10FB8000DC1C0B4BB4F1FF3F38BF013C5C655A6A8B
:10FB900042F004025A622BF0A0FD064A137833B1FA
:10FBA00003490B6D43F002030B650023137010BD76
:10FBB00000200440351300208207054A00F00103AD
:10FBC000516A48BF43F004030B435362704700BFC0
:10FBD00000200440820700F0010309D5074A0121F3
:10FBE000117007490A6D22F0030243F004030A650D
:10FBF00003494A6A22EA03034B6270473513002027
:10FC000000200440830742BF014B0422DA617047A1
:10FC100000200440064B01289B6904D0022805D12E
:10FC2000C3F38000704703F0010070470020704765
:10FC30000020044010B52BF053FD094A9369044697
:10FC4000590703F0010003F0070348BF40F002002A
:10FC50001362FFF78BFE2046BDE810402BF046BD37
:10FC6000002004400148FBF781BB00BFA00914003D
:10FC70000148FBF75DBC00BF050024000A4BD3F828
:10FC8000883003F00703013B012B10B50BD82BF094
:10FC900020FD012104460220FFF746F92046BDE879
:10FCA00010402BF01ABD10BD00400E4010B50446A8
:10FCB000FAF7D8FB0B4BA0F57A729A4210D84FF4A2
:10FCC0007A735C43B0FBF3F0074BB3FBF0F0B4FB8B
:10FCD000F0F0032804D9BDE810408008F0F710BA0E
:10FCE00010BD00BFFFC99A3B40420F00024A0349C2
:10FCF000034800F089BD00BFDC150500241605008F
:10FD0000FC150500044B5A680AB91046704719786B
:10FD10008142FAD00833F6E730180500084B30B5B9
:10FD20000446586800B930BD85692D78A54205D1D3
:10FD300045688D4202D145789542F4D00833F0E70A
:10FD40003018050038B505460C4659B13C22002153
:10FD50003CF0EBFCA3691B699847686320B12C60F9
:10FD6000002038BD0148FCE70148FAE7009FFFFF8B
:10FD7000809EFFFF30B40468B4B12569AD0702D49A
:10FD80006568954210D1012B4260037203D06578FB
:10FD9000033D022D04D8A3699B68406B30BC184713
:10FDA00013B9A369DB68F8E7014830BC704700BFAE
:10FDB000009FFFFF2DE9F3410768DDF820E01446BE
:10FDC00067B30025CEF800507D694DB397F80180E8
:10FDD000B8F1010F0ED1AA4224D1CEF80020BA69A1
:10FDE00054680A4690F90810406BA44602B0BDE87A
:10FDF000F0416047B8F1090F07D1CDE9002E406B03
:10FE00002EF0B0F802B0BDE8F08199420CD1C36980
:10FE100023B9B2FBF5F205FB12442CB10348F1E71C
:10FE20000348EFE70348EDE70348EBE7009FFFFFD8
:10FE3000809CFFFF809DFFFF809FFFFF70B590B00B
:10FE4000044607A816460D4605932EF0BFFD002375
:10FE50000293159B0193149B00932046059A334609
:10FE600007A900F00BFB044640B907A82EF028FEB6
:10FE700050B907A928462DF034F8044607A82EF0FB
:10FE8000D4FD204610B070BD004CF7E780B0FFFFF6
:10FE900038B50D460446002105F118002DF0F1F9A2
:10FEA00050B120462CF0C2FA28B129462046BDE8C0
:10FEB0003840FDF7E3BB014838BD00BF80B1FFFF0C
:10FEC00070B50C460646114620461A462DF0D5FB65
:10FED000054698B9736E33B9321D21462046BDE8F8
:10FEE00070402DF02DBE2368002B09DB20462DF03D
:10FEF00057F8B36DB0EB430F09D9184D284670BDC4
:10FF0000014620462DF0BDF90028EFD0F5E7736ECD
:10FF10002046984705460028F0D104362368002B78
:10FF200004DA002120462DF0ACF968B931462046AC
:10FF30002DF066F90028E1DB3246214620462DF0FF
:10FF40000DFA0028F2D006E03246214620462DF078
:10FF500074FA0028E2D00546D0E700BF80B0FFFF6A
:10FF6000F0B50E4689B00121054606F118002DF0C6
:10FF700088F9014658B928462EF01EFD012879D18E
:10FF8000304601912DF07DF90028019901DA3A4CB3
:10FF90006DE006F10C0420462DF073F90028F6DB25
:10FFA0002F1D394630462DF02BF90028EFDA39465F
:10FFB00020462DF025F90028E9DA02A82CF038FFB8
:10FFC00005A82CF035FF2346224602A92846FFF754
:10FFD00077FF0446002844D13346324605A9284617
:10FFE000FFF76EFF044600283BD1AB697BBB05A938
:10FFF000032208462DF066FA044690BB059B002BB1
:020000021000EC
:1000000019DB05AA334611462846FFF759FF044677
:1000100038BB05AA05F11C03114628462EF060FCEA
:100020000446F0B905A902A82DF0EAF8124B041E07
:1000300018BF1C4615E0002105A82DF022F9002864
:10004000DFD005A93A4608462DF0F7F9D4E705AA0E
:1000500005F11003114628462EF042FC0446002804
:10006000CFD002A82CF0EAFE05A82CF0E7FE20462F
:1000700009B0F0BD014CFAE780B3FFFF80B0FFFF8D
:1000800038B505462EF098FC01280C4601460DD1E6
:1000900020462DF0F6F8002806DB05F14C0120463D
:1000A0002DF0AEF8002803DB024838BD0248FCE71B
:1000B0000020FAE780B3FFFF80B0FFFF2DE9F04F8B
:1000C000BBB00546884691469B462CF0AFF901909F
:1000D000002862D149462846FFF7D2FF044600288F
:1000E00040F0B98059462846FFF73AFF04460028F9
:1000F00040F0B18028462EF05FFC012840F0B58129
:1001000024210220EF6D2CF020FE01377F080646E7
:10011000002800F0A88106F1240A2EF057FC504672
:100120002EF054FC0D9419ABE0180C343C2C3ED14D
:10013000594630462EF0AEFC044600285CD183467A
:100140005F4537D101220DA92846CDF834A02EF005
:1001500030FC044600284FD128462CF067F90028CF
:100160003BD05346324651462846FDF7D9F804465F
:10017000002841D101220DA92846CDF834A02EF047
:1001800018FC0446002837D106F118002CF056FE62
:1001900006F13C002CF052FE2EE028462CF04BF9E4
:1001A0000446002896D028462CF047F956E02CF05B
:1001B0003FFEB8E70123BBFBF7F003FA00F1C9B239
:1001C000242307FB10B003FB016240B128460092D4
:1001D0002CF02CF9009A002844D1A54C0CE04908D9
:1001E00001EBC101104606EB810100922EF052FC9A
:1001F000009A04460028E9D04FF0000A19AB03EB3F
:100200000A000AF10C0ABAF13C0F35D18CB90DF194
:10021000100A50462CF00CFE05F14C0B0DA82CF0EA
:1002200007FE214658462CF0AAFE012827D0A4F547
:100230009F446B6F9E420AD04EB130462EF0F5FBC4
:1002400006F124002EF0F1FB30462CF0A0FD14B195
:1002500040462EF0EAFB019B002BA4D120463BB088
:10026000BDE8F08F11462846FDF752F904460028F4
:10027000C2D10BF1010B63E72CF0E0FDBEE7214694
:1002800048462CF07CFEB0FA80F35B0949465046A4
:1002900000932CF026FE0446002855D14A465946C4
:1002A0000DA82DF0ECF8044600284DD1009A0DA9B8
:1002B00050462EF03FF80446002845D101467A1CEE
:1002C00019A80DF164093CF030FAA3464B465F458E
:1002D00002937CD0594650462CF051FE029B03936A
:1002E0001978084342B207EB0B01504602922CF0FA
:1002F00046FE029A039B42EA400003F8010B0BF111
:10030000010BE4E799F8011099F8002081EA0C0349
:100310006FEA030A0AF0010A12FB0AF25BB252B258
:1003200003EA020E534009F8013F19F8013C01EAC3
:100330000C0C4EEA0C0C43EACA1A5FFA8CFC09F862
:1003400001AC01308345DDD20DA82CF077FD04A867
:100350002CF074FD002C7FF46CAF04A82EF036FB5B
:100360000DAB18190C343C2C35D107F1E8036B4464
:10037000324613F8843C414628462EF0DBFA044608
:1003800038B9449B002B58D028462CF04FF828BB96
:10039000374C04A82EF0C0FA00270DABD8190C3743
:1003A0003C2F4DD1002C7FF444AF009A41462846A3
:1003B0002EF071FA044600287FF43BAF449B002BDB
:1003C00041D141462846FFF763FD044631E74FF02F
:1003D000000C0120B6E72CF02BFDC1E7DDE944233A
:1003E00041462846FCF7E2FE38B30446D1E72846EA
:1003F000013F2CF01BF80028CAD04246414628464F
:10040000FDF786F80028F0D119F80730324604A924
:1004100028462EF08FFA0028E7D128462CF006F85F
:100420000028B5D004AB424641462846FCF778FF89
:100430000028DAD1002FDAD1ABE70DF16409F9E732
:100440002CF0FCFCA9E728462BF0F0FF48B1DDE9D1
:10045000442341462846FCF7A9FE04460028B0D0B4
:10046000E7E6034CE5E6034CE3E6034CF3E600BFA6
:1004700080B1FFFF80B2FFFF80B0FFFF30B4DDE945
:10048000024514B130BCFFF719BE014830BC7047BB
:1004900080B0FFFF37B505460C4619462EF08CFAA2
:1004A00001280FD11346009105F14C020146204668
:1004B0002DF078FB044B10F10E0F18BF03461846C1
:1004C00003B030BD014BFAE700B3FFFF80B0FFFF80
:1004D00038B504460D462EF0ACFA20462EF084FACC
:1004E000032D257027D1164AE26001250823154AFD
:1004F0006262C4E90153C4E90753C4E91353C4E970
:100500000A53114AA363114B6265114A6564C4E939
:100510000F35104BA364C4E90C25201D2CF040FDC1
:10052000A06504F14C002CF03BFDC4E91705002048
:10053000C4E91D0038BD002307482370FAE700BF57
:100540000019050080180500E0180500C018050016
:10055000A01805008810002080B1FFFF37B50025E6
:10056000044629460567282274303CF0DEF8204610
:1005700040F8045B2BF062FF012300930349202322
:100580002A4620462EF02EFB03B030BD4DC403009A
:100590000238C0B202289ABF024B53F82000002054
:1005A000704700BF3819050070B5044616460D4661
:1005B00069B360B30023C0E9013301600B79032BF9
:1005C00010D0042B0ED0022B21D16C2101202CF055
:1005D000BCFB606008B90F4803E02BF033FF5EB945
:1005E000002070BD6C2101202CF0AFFB6060002862
:1005F000F1D02BF023FFF2E7A97902202CF0A5FB24
:10060000A0600028ECD120462EF081FBE3E70248F1
:10061000E7E700BF80AEFFFF00AFFFFF88B10368D0
:100620007BB11B79032B06D0042B08D0022B08D1F9
:100630004068FDF767B901214068FDF737B900212F
:10064000FAE70148704700BF00AFFFFF68B10368D9
:100650005BB11B79022B05D0033B012B05D8406809
:10066000FDF736B94068FDF759B90148704700BF3A
:1006700000AFFFFF68B103685BB11B79022B05D0A7
:10068000033B012B05D84068FDF72CB94068FDF706
:100690004FB90148704700BF00AFFFFF2DE9F0419F
:1006A0000E4688B017460546002852D00368002B36
:1006B0004FD08268002A4CD09B79BB4213D2FFF7FF
:1006C000ADFF044688BB3A4631462846FFF7BEFFD9
:1006D000044650BB69462846FFF7CCFF044620BBC2
:1006E0002B685F796E462B68D5F808809A79362199
:1006F000404608EB02043CF018F82B685C219A791C
:1007000020463CF012F8013E4346601E47449F429B
:1007100013D12846FFF782FF044630B92B684146C3
:100720009A792846FFF792FF04462021684600F098
:100730004FF8204608B0BDE8F08116F8011F1A787E
:100740004A4003F8012B10F8012F31784A4002701B
:10075000DDE7014CEDE700BF00AFFFFF10B438B19B
:1007600004682CB183681BB15DF8044BFFF76EBFC2
:1007700001485DF8044B704700AFFFFFF0B50D4630
:1007800089B0044600B30368F3B18668E6B16946F0
:100790009F79FFF76FFFA8B92046FFF73FFF88B9A1
:1007A0002368F1199A792046FFF750FF50B9236862
:1007B00069465A792046FFF749FF18B9294620466D
:1007C000FFF758FF09B0F0BD0048FBE700AFFFFF9F
:1007D0000A4619B1024B00211B681847704700BF39
:1007E0008C100020431C07B5014606D00023CDE93C
:1007F0000033034A03482CF0D2F903B05DF804FB40
:1008000037EE03009427002070B50E4615460446C7
:1008100010B309F0B1FE08B3236813F4807F114BC5
:100820001CBF01221A70104A1B7814600F4A166010
:100830000F4A15601BB909F095FE09F069FE08F032
:1008400085F809F043FD0B4B0B48197809F048FD7A
:10085000BDE8704009F07EBB212070BD40F204402D
:10086000FBE700BFF5390020B8270020BC27002097
:10087000B42700206A3A002065890100F0B589B0EC
:1008800008F038F8914B924D1A789249112007F0F0
:10089000F1FD2B685A685423B2FBF3F2002392B2A5
:1008A0005121184607F07CFD18B10446204609B0D6
:1008B000F0BD07F09FFE2CF019FA04462CF018FA50
:1008C000844240F2CD802CF011FA81B20023012243
:1008D000102007F065FD0028E7D17F4B19687F4B9A
:1008E000186821F0F5FE00F055F90028DDD12B68DD
:1008F0001C7F002C00F0B780102C28BF102431F092
:10090000BCFC621C81B20023D2B2082007F048FD73
:100910000028CAD1724A7349142007F077FC0028D6
:10092000C3D107F0F1FA06AA0221322000F0E8F95B
:1009300028B9BDF818104FF0FF303BF04CFA02AE6A
:100940000023324606212C208DF80E3000F0D8F915
:1009500060B9304633F038F810B1302840F0858067
:100960003C2000F0EDF92C2000F0EAF99DF80E3063
:10097000190740F18B8096E80300ADF81410090CBC
:1009800004908DF816109DF80E3013F0280F07D143
:10099000DDE90401ADF80C10090C02908DF80E1081
:1009A0002B68186920B132F00FFF00287FF47DAF6B
:1009B0002B68586900F032F92B6893F82220D2078F
:1009C00079D42CF079F904A90746024628682EF05C
:1009D00036FA00287FF469AF23F0BEF82CF098F9BE
:1009E000044600287FF462AF012008F08BF83E4BEC
:1009F000186832F022F8044600287FF457AF33F02D
:100A000009FE04460AF040F9019033F09CF8019980
:100A10000246204630F048FB044600287FF446AFEB
:100A20002B681B689B050CD4B7F5FA7F09D92AF00F
:100A300050FE012107460846FEF776FA38462AF0AE
:100A40004CFE2B689A69294B1A602EF041FA284B0C
:100A50001860304608F0F2F8264807F0D1FB25E789
:100A60002CF046F931E7042449E706AA01213C208D
:100A700000F046F940B99DF81830012B14BF492306
:100A800072238DF80E3071E74923FAE7FBF75EFF1A
:100A9000CDE90601030C8DF81230BDF81D30ADF81C
:100AA00013309DF81F308DF815304923ADF8100034
:100AB0008DF8163067E793F8230033F0E7F9002844
:100AC0003FF47FAF40F20C44F0E600BF6A3A0020EA
:100AD000B827002065890100641000206010002004
:100AE000D5EE0300D1EE0300BC270020C027002074
:100AF00090270020E507010002480022032131F081
:100B000061BB00BFA42D0020F8B5114833F0A2F856
:100B1000E0B92EF0DDF90F4D0D4E286006F10C07FF
:100B2000286832F0E8FE07F02BFA0446304633F02E
:100B30008DF810B9384631F055FC09F085FC08B93C
:100B4000002CEDD1BDE8F84032F0FCBFF8BD00BF8D
:100B5000901000209027002008B5054B1B782BB97A
:100B60002EF04FF9B0FA80F0400908BD0020FCE7F4
:100B7000F439002010B5054C01232370044B1B6889
:100B800003B198470023237010BD00BFF439002043
:100B9000C02700200C4B98420BD8023B98420ED83D
:100BA00060B1023B98420CD0C0F30C0000F590609D
:100BB0007047064B9842F7D140F21C407047212005
:100BC000704740F21B4070470AE000F00BE000F075
:100BD000024B4FF080525A60704700BF00ED00E0BA
:100BE000044A002352E8000F42E800310029F9D1FD
:100BF00003F0CABBC4270020064A52E8003F034363
:100C000042E800310029F8D1034B1B6803B11847B3
:100C1000704700BFC4270020C8270020034B044AA8
:100C2000002818BF03461360704700BFD10B0100B6
:100C3000C827002037B51C68E10705D532F04EFE05
:100C40001649174831F0C6FAA20723D508F086FCEA
:100C5000D0B9144D01902AF043FD0446284631F0E6
:100C6000DFFB019020462AF041FD019890B14379C5
:100C70009B070CD401A8022131F015FE019808F061
:100C80005DFC32F0AEFDE6E732F0ABFDDEE708F0EA
:100C900049FCF6E7002003B030BD00BFA4100020DF
:100CA000A42D0020CC27002008B5054807F038F90E
:100CB000044B1870BDE80840012107F043B900BF9C
:100CC000B4100020F639002038B5044648B12AF0A7
:100CD00007FD21460546084831F037FD28462AF031
:100CE00005FD064B022193F9000007F02BF9BDE842
:100CF0003840FFF73FBF00BFCC270020F639002067
:100D000037B50D4DCDE900210C4904460968286826
:100D100021F0DEFCFFF73EFF58B9DDE9002328682B
:100D200044F4802121F0F4FD03B0BDE83040FFF72A
:100D300031BF03B030BD00BF601000206410002040
:100D400038B50A4B0A4D19680446286821F0C0FCE2
:100D5000FFF720FF40B9286844F4802121F06CFEA1
:100D6000BDE83840FFF716BF38BD00BF6410002053
:100D7000601000207FB50C4619490546086849688F
:100D8000134602AA03C295F82A2010326A4412F8C8
:100D9000086CB5F84420D20608D4224631462846CD
:100DA0002EF0FFFB00F5FA7004B070BD20460193F1
:100DB00031F0C0FCB5F84420019B00F10A0412F0A8
:100DC000030F4FEAC40405D0184631F0B3FC04F514
:100DD0000C740444701EE823584304FB0600E1E74A
:100DE0005C190500014B9868704700BFD0270020B0
:100DF000F0B5104B1E6893F804C0024635464FF01C
:100E0000FF3400239C4508DC91B1631C10D0902373
:100E100003FB046080F84620F0BD95F846709742C9
:100E20002846F9D0FF2F08BF1C4690350133E9E76B
:100E30000020F1E7D027002070B5224D044600289D
:100E40003ED0083002F050FF0026FF2384F84630E1
:100E500004F13000E66131F0C5FA04F1340031F0FC
:100E6000C1FA04F1380031F0BDFA04F13C0031F070
:100E7000B9FA2868144B201A00115843C0B22EF05A
:100E800050F8014630462EF045F8206C10B101F0C4
:100E900031FD2664606E18B12EF05AF800236366A7
:100EA000A06E2EF04BF80023A36670BD286806FBE9
:100EB0000400FFF7C1FF01342B79A342F6DCF4E70D
:100EC0009026F9E7D0270020398EE338F7B504469D
:100ED00031F0C2F8C0F30F23542B3ED9AA2B34BFF4
:100EE00001230223C0B27F2834BF01220222032142
:100EF0008DF804301344B3FBF1F000EB40001B1AF3
:100F00008DF805301344B3FBF1F202EB42029B1A59
:100F100013498DF8063000234B7501AF18461D4666
:100F20001A4617F8016B44FA06FC1CF0010F06D0B4
:100F300053009E4030430132C0B2D2B2012301358A
:100F4000EDB2032DEDD103B148754B7D43EA82121A
:100F5000FF234A750B7503B0F0BD0023C2E700BF45
:100F6000D027002010B4094B1A68437ED47AD27877
:100F70001B1B9342A8BFDAB281F001015DF8044B5C
:100F8000427601F001012EF043B800BFB0290020E5
:100F9000B0F860302BB9836813F4601F08BFA0F865
:100FA000603011B1012911D070474369417E23F0AF
:100FB00010034361064B1A68D37A92780B4493422C
:100FC000D8BFDAB2427601212EF022B8FFF7CABFAD
:100FD000B02900202DE9F0412F4E88B0002533794B
:100FE000AB4203DC012008B0BDE8F08134689023F7
:100FF00003FB054494F84630FF2B0DD0236A98017B
:1010000006D504F15008404631F08CFB074628B95C
:10101000226A12F0A06F13D10135E0E7BB7994F892
:1010200046100C333B441A8AADF81C209A7AD868D3
:10103000069006ABC2F3801238462FF035FCE2E78B
:10104000B4F844301D2B18D13C23FF210020CDE9FA
:101050000431CDE90200CDE9000004F15703C2F3E9
:10106000802201212FF097FE0028BCD04FF0A06114
:1010700004F120002DF038FFCEE712F0807F94F8C5
:10108000293094F846004FF0000214BF43213C2160
:101090002FF096FDE8E700BFD02700202DE9F041B2
:1010A0001F46C36904460D4616469BB1002940F011
:1010B000B0802AF015FB29460646A06E2DF039FFB8
:1010C000204629462DF08CFF30462AF00FFB28469B
:1010D000BDE8F0810029FAD0036A03F01203022B65
:1010E00000F09980236ADD0700F19D8094F8463076
:1010F000FE2B0CD104F1480003F036F903F02CF973
:1011000028B14FF4800104F120002DF0E5FE256A9E
:101110005D4B2B40B3F5807F00F0B280A80524D54D
:10112000C5F3802504F157080022414628462DF0DA
:101130001DFF002884F8470080F281804FF4007181
:1011400004F120002DF0D0FEB4F8442002F0030298
:10115000012A0AD1414628462DF00DFF28B14FF44F
:10116000006104F120002DF0B7FE236AD9066FD587
:10117000464BE361002384F82930236AB4F86050B9
:10118000E16884F8287023F48032226221613DB93D
:1011900013F0100F14BF3C25C825257605F2B315B2
:1011A0004EB1E38C40F27121C3EB06134B4342F482
:1011B0008032E3622262236A43F400232362344BC9
:1011C0001B68DB7863762AF08BFA636943F01003BF
:1011D0000746636104F1080029462FF0DDFA01207B
:1011E00005F0F0FD28B963691A075CBF43F00403FA
:1011F000636126B130F06CFFE36A1844E062204678
:1012000005F0EAFD38462AF071FAA06E01212DF0B2
:1012100090FE00255BE7406B31F08CFA00287FF4EC
:1012200061AF0C2553E7236C002B7FF45FAF01F017
:101230000FFB206400287FF459AF092547E70022FF
:10124000414628462DF097FE00283FF477AF7BE714
:10125000D4E90C122046FFF78DFD012F0ED0A28C91
:1012600040F271235A43904208D9E28C5A4390428B
:1012700008D800F51C70B0FBF3F0A084054B78E7AC
:10128000122524E7452522E700014000CD13010087
:10129000B0290020E5F6030070B50A4D0024902621
:1012A0002B79A34200DC70BD286806FB040090F88F
:1012B0004630FF2B04D000231A461946FFF7EEFEF6
:1012C0000134EDE7D02700202DE9F04F91F806A07A
:1012D0008DB00AF10C0A04460E4601EB0A05012204
:1012E0000AA90DF127002DF04EFE8146002866D197
:1012F000A97A05F10C07C1F38011384601F03AFBD9
:1013000030B1304607F0B6F900200DB0BDE8F08FDF
:10131000236AD4F840B0206403F01008EB792989DF
:1013200056F80AA00793184603F0B8FF5044B8F1E6
:10133000000F37D1079B033B012B8CBF04220622F1
:10134000214B1B6840F2712A5B7963760AFB02022B
:1013500005F11803B9F1000F26D09DF827C094F8C5
:1013600046E0B8F1000F24D0A97A0120C1F3401162
:1013700095F90550CDE902E1CDE90405CDE9007C00
:101380000121584601F072FBB8F1000F05D02EF094
:10139000B1FB012120462DF023FE304607F06AF90B
:1013A0000120B2E70222CBE795F80AC0CCF3801CFB
:1013B000D5E794F88F00012100F00F00D8E79DF8E1
:1013C00027100AAF99E700BFB0290020012810B507
:1013D0000C461ED0022824D048BB08462EF04EF8FA
:1013E000E38CA28C94F82A009A1AE36803F59C53C4
:1013F00040F27121083301FB02332361FFF766FDE0
:101400000B4B9968236B0B602046BDE8104000F041
:1014100023BD05F045FE844209D1BDE810402EF001
:1014200069BB20460021BDE81040FFF79BBD10BD01
:10143000D02700202DE9F0474D4D0446A86818B18B
:1014400007F018F90023AB602EF045F82B791BBB91
:1014500000202DF06AFD1CBB002603202C712E609D
:10146000EE8206F0EBFFB4422BDC28792DF05DFD17
:10147000E0B9BDE8F087286808FB06F7384430304B
:1014800030F0B0FF28683844343030F0ABFF01361C
:101490002B79B342EFDCDBE700264FF09008F7E74B
:1014A000022030F0D2FFA8600028D5D1A86800241F
:1014B0002C712C60002857D100202DF036FD07201C
:1014C000D7E704EBC401090189B2334601220320A6
:1014D00006F066FF07460028E8D1032006F0DEFF8D
:1014E00028600028E2D09022624339463BF01DF983
:1014F000DFF880A0DFF88080DFF880902B79BB4296
:10150000B3DD2C68902303FB07440026C4E903667F
:10151000DAF80030E6616661DB786376314604F123
:1015200008002FF039F91323A4F84430236AA4F8F3
:10153000606043F0130323624FF0082363620723C4
:1015400084F82A30FF23C4E90C66C4E90E66C4E9B6
:101550001C98C4E92098268584F8463026652046E4
:101560002DF018FD0137C9E707F084F8AC60A3E758
:10157000D0270020B029002055555500D6BE898EB1
:10158000034B1B68C01A034B00115843C0B270478D
:10159000D0270020398EE33870B50D4CB0F8546078
:1015A000237DE168054606F5FA7606FB1311A0686F
:1015B00000F04CFB217D6B686A7E06FB0131002048
:1015C00030F08CFDA068BDE8704006F07DB900BF2A
:1015D000D027002038B5114B04461868637EC27AC4
:1015E0000D46A1B1817813448B4214DC6376216BE4
:1015F00020462DF08FFF20B194F88E0000212EF0B0
:10160000E1FA29462046BDE838402DF001BDC178F9
:101610009B1A8B42EADA6176E9E700BFB029002025
:1016200070B50D4D002490262B79A34200DC70BDCF
:101630002B6806FB043393F84620FF2A03D0986EEC
:1016400018B12DF07CFC0134EEE7586E0028FAD07A
:101650002DF076FCF7E700BFD02700202DE9F84FEA
:1016600016469B4688460446FFF7BCFBDFF864A19C
:1016700098F800700546304631F05CF8BAF9106011
:10168000801B20EAE0760021384600F0BFFA7B0795
:1016900048BF07303318FF2BC4BF47F01007C0F115
:1016A000FC0617F010090CD030F0D6FC2521B0FB59
:1016B000F1F303FB1101C9B2002000F0F1FD84F841
:1016C0008E00BBF1000F01D094F844B000235A46BD
:1016D000394628462EF062F8214628462EF0C1F9F8
:1016E000214628462EF089F82046FFF749FF2DF0C5
:1016F00018FC014628462EF0A9F8214628462EF06F
:10170000EAF8B9F1000F56D094F88F2094F88E10B3
:1017100002F00F02284600F04FFA214628462EF02C
:10172000EAF8B0B1636895F806C0DAF80C10EA7907
:10173000A06E19440CF10C032B44A2EB0C0253FADB
:1017400082F200283ED02DF0F5FBC1B2284630F0E1
:1017500021FEB9F1000F39D0B4F9881028462EF0D7
:10176000CDF82046FFF70CFF2DF0DBFB01462846A5
:101770002EF098F8214628462EF0BDF820B1A06E34
:1017800010B129462DF0D8FB314628462EF0CAF874
:10179000B9F1000F0AD094F88F00FF2100F00F007C
:1017A0002EF0FCF80146284600F050FA88F8007048
:1017B0003046BDE8F88F94F87F2094F87E1002F050
:1017C0000F02A7E7606E2DF0BCFBBEE7B4F97810FE
:1017D000C4E700BFD02700202DE9F7431D4690F84D
:1017E0008F308DF80710044603F00F0300211646D2
:1017F00090F88E20B0F95E002EF0E5F903F094FD2C
:10180000B4F98820824204F1800704D0A4F888004B
:1018100006F034F97881384605F068FF0022114659
:1018200010462DF06CFB9DF807305B0709D520466C
:10183000FFF7A6FE2DF075FB0021024604202DF0D7
:101840005EFBFFF7CFFA9DF80730DFF8709023F0CA
:1018500010038DF8073080469DF8283032460DF190
:1018600007012046FFF7FAFE0746A9F812009DB1CE
:101870000F4BE3610220D9F80C306168627E194495
:1018800030F02CFCB9F910203B463146404606F0BA
:1018900047F803B0BDE8F0839DF80730054A13F020
:1018A000100F054B08BF1346E3612846E3E700BF6E
:1018B000F3F60300D3F603001D1A0100D027002021
:1018C00073B5044690F85650406E05F0EF0548BBDE
:1018D000A06E002830D1204645F00806FFF750FEE4
:1018E0002DF01FFB48B1C3799B0606D5636E23B963
:1018F0008388013345F00C068380124B00221A8244
:10190000236A226B13F0020F18BF0022012113F08B
:101910000303009118BF0B4620463146FFF75CFFDA
:1019200002B070BD2DF00FFB0028D1D0236A9A07BA
:10193000D1D145F02005CEE72DF0F9FA0028F5D1F8
:10194000C9E700BFD0270020436923F0100310B57A
:101950004361B0F8603004462BB9836813F4601F0C
:1019600008BFA0F860300D4BE361204600F01EFA7E
:1019700020B12046BDE81040FFF70EBE216B204687
:101980002DF0C8FD20B12046BDE81040FFF798BFFC
:1019900020460121BDE81040FFF71CBEE5F603001C
:1019A00037B504462DF06AFD28B1216B20462DF095
:1019B000D3FD84F85600174D94F82A00FFF786FAF5
:1019C000B4F854306A7D03F5FA739209534303F572
:1019D00096732046EB6000F0E9F90F4BE361636911
:1019E00094F8561043F00103636120462DF0CAFDC0
:1019F0000DF107018DF80700012300222046FFF7B3
:101A00002DFEAB6800221A602046FFF7C5FD03B02B
:101A100030BD00BFD0270020E5F60300032837B50E
:101A20000C4622D1134D91F88F002B8A6A8AFF2130
:101A3000134400F00F002B822DF0B0FFEB6894F8F8
:101A400056101844E860B4F84430D4E90C2013F080
:101A5000020F4FF0000318BF0246009301F0480147
:101A60002046FFF7B9FE03B030BD03B0BDE83040FB
:101A70002DF00CBED0270020F0B585B04FF0FF311F
:101A80000446002603A8039605F096FC039949B185
:101A9000204600F099FA032806D0052856D003A85E
:101AA00030F0A0FC01204AE0FFF79CF90923626BAB
:101AB0008DF80B30054601230DF10B012046FFF791
:101AC000CDFD0746A87905443046AB7B66F3871306
:101AD000AB73354D617E05F08FFF616BA8686F8237
:101AE0003B4632462E8205F01BFF9DF80B302F4AF5
:101AF000039813F0100F2E4B08BF1346E36105F057
:101B000013FD039A93790C33D018D7580189C07903
:101B100003F0C4FB6368C3F196033B441844E860D8
:101B2000206A10F480550CD0039904F1500030F075
:101B30000CFE20464FF000712DF048FA304605B0FB
:101B4000F0BD03A830F04EFC2846F8E7039D617E07
:101B5000AB79154F0C3330461D4405F04DFF226A1A
:101B6000144BB868E361C2F34023A97A01938379E7
:101B70000344C2F3C0221B7BC3F38013C1F3801163
:101B8000009305F10C032DF0BDFFB868066005F069
:101B90009BFE039805F0C8FC03992046FFF794FBD1
:101BA00080F00100C0B2CAE7D0270020D3F60300BE
:101BB0001D1A0100FFF4030030B50D4685B0102159
:101BC00004462DF0DEFDE0B10F4B18681B798DF84F
:101BD0000C300023ADF8043065F305038DF80430B4
:101BE00053180DEB0302029012F8082C4FF000037B
:101BF00062F3471301A9032220468DF8063030F026
:101C0000D4FB05B030BD00BF6C1905000E4A82B090
:101C100003461068009090889279ADF804008DF822
:101C200006202BB900290CBF0120022002B070470A
:101C30006A460220D90744BF117840185B0802F1B8
:101C40000102F7D1F2E700BF6419050038B58379C6
:101C50000C33C518C35C03F00F03072B0C4625D1CA
:101C6000AB789A0622D0E878C3061FD5012100F090
:101C70000F00FFF7CBFF02350D4B9C422B5C95BF4D
:101C80001E214FF49671B4FBF1F4B4FBF1F494BF50
:101C90000021012161F3C7132B542A189378547043
:101CA00023F01F03C4F304241C43947038BD00BF09
:101CB000C3BF0300054B1B681B6A13F0100003D061
:101CC00013F0030018BF0120704700BFE827002071
:101CD0002DE9F341344B9C68A5790C356719635D98
:101CE00003F04F036355B0F844300622103B06461C
:101CF00088467A700D2B32D8DFE803F052314E0758
:101D0000310C313131313131310C635D6FF303030B
:101D1000635524E0625D006A012363F303026255A8
:101D200010F4006F4FF00C027A7006F1570107F1C2
:101D300008020CD001924FF0FF320092C0F38020D5
:101D40001A462DF016F9635D43F08003E0E7D6F8FC
:101D50005730BB608B889380336A5B05F3D4635D37
:101D6000B6F8442062F345136355B91C30462DF094
:101D700051FE635D60F386136355A3797978B8F1FA
:101D8000000F03F102030B44A8BF4144E371A8BF55
:101D9000797002B0BDE8F081635D62F30303B7E7D9
:101DA000635D0222F9E700BFD027002038B529493A
:101DB0000B7D4A7D0133DBB2B3EB921F04460B75FA
:101DC00003D303230B75002038BD016AC90235D542
:101DD00090F87E200323243A92FBF3F303EB4303B2
:101DE000D21A2532D2B2B4F8441094F87F30B4F944
:101DF0005E0084F87E2011F0100103F00F0323D160
:101E00002DF0E1FE03F090FAB4F97820824204F15B
:101E1000700504D0A4F8780005F030FE68812846EB
:101E200005F064FC0022114610462DF068F894F885
:101E30007E0000212DF0C6FE0120C5E75B001A419F
:101E400002F003022532CEE702461946002005F0D3
:101E50001FFFD7E7D02700201F4B2DE9F041044694
:101E60001860006B0E4630F065FC01462046FFF717
:101E70002FFF1A4B226B9B6820461A60FFF796FFD4
:101E8000FFF718FF164B051E164808BF184605F049
:101E9000EFFD6369676803F0100830F019F9627E9E
:101EA000B8F1000F03D13F1AB7F59B7F0BD5002D7A
:101EB000114614BF0220002005F07AFD3046BDE82F
:101EC000F04105F001BD002D616814BF0220002023
:101ED00030F004F9F2E700BFE8270020D027002007
:101EE000791F0100AD21010070B50446FFF7E2FE45
:101EF000114B124E051E124808BF184605F0B8FDDA
:101F00002046FFF753FF044668B13368002D597E21
:101F100014BF0220002005F04BFD0A4BBDE87040C5
:101F2000986805F0D1BC05F0A3FD30682146BDE8F6
:101F30007040FFF72DB800BF791F0100E82700208F
:101F4000AD210100D0270020052808B50BD00628B8
:101F50000FD1002005F08CFD064B01211868BDE86B
:101F60000840FFF715B8034B1868BDE80840FFF7B5
:101F7000BBBF08BDE8270020032803D1024B186827
:101F8000FFF7B2BFFFF7E0BFE8270020032810B536
:101F900011D10B4B1C68206B30F0CCFB0146204666
:101FA000FFF796FE074B226B9B6820461A60BDE840
:101FB0001040FFF799BFBDE81040FFF7C5BF00BF55
:101FC000E8270020D02700202DE9F7438C790C3436
:101FD0000C4406462379DA0704D44FF0FF3003B0EF
:101FE000BDE8F083E77A252FF7D8394B9A689379C3
:101FF0000C33D118D35CA27AC3F38013B3EBD21F96
:10200000EBD1056AEB064CBF02310431062204F124
:1020100012003AF052FB0028DFD194F80A902CF01D
:10202000ACFF05F4C04580F001002A1EC9F38019F9
:1020300004F10C08C3B2414618BF0122484631F0F2
:1020400027FF014678B14FF4C045A37A03F00F0390
:10205000032B11D1A804C0D5326A9107BDD50C2F2E
:10206000BBD11846BBE72CF090FF0028B5D1002D5E
:10207000E9D085F4C045E8E7052BAED16A04ACD5BC
:10208000306AC307A9D500F01403142B07D004F15C
:1020900018002DF003FD00289FD005209FE706F1D2
:1020A0005701C0F3802001912CF05CFF0028EED195
:1020B000A27A336AC2F38012C3F380239A428CD18E
:1020C0000199062240463AF0F8FA0028DFD084E76A
:1020D000D02700202DE9F3474FF0FF3105460024BB
:1020E00001A8019405F068F9019949B12846FFF764
:1020F0006BFF032806D0052847D001A830F072F9FD
:1021000001203BE0264E33681B6ADB0439D5019978
:1021100028462DF0E8F93368DFF88C80597E0020DE
:1021200005F06AFCD6F800A0D8F80870DAF8340098
:1021300030F000FBBC790C3407EB04093B5D03F085
:10214000400343F0040305463B5509F102015046A4
:102150002DF060FC3B5D60F386133B553368D8F887
:1021600008005B6B002DA4BF063589F801500360A1
:1021700005F0AAFB0B4805F07BFC002002B0BDE88F
:10218000F08701A830F02EF9C5E7019805F0CCF9E9
:10219000019928462DF052F90028B1D02046EAE7EF
:1021A000E82700208D1F0100D02700200E4A0328B9
:1021B00010B5146805D0042809D0BDE81040FFF719
:1021C000C3BE617E0120BDE8104005F067BB20461C
:1021D000FFF780FF30B105F0D9F92046BDE8104087
:1021E000FFF782BE10BD00BFE8270020044BD3F8E4
:1021F000012002605B7903F01F030371704700BF89
:10220000F7390020F0B5254B002918BF0B4611689F
:10221000C3F801101179597100218BB01970012593
:10222000C1F3C404CFB2165D01F0070405FA04F44B
:10223000264207D01C7804F128066E44013406F8C3
:10224000287C1C7001312529EAD11C7830B1224646
:102250006946981D3AF041FA0BB0F0BD002CFBD056
:1022600006330126C0F3C405C1B2575D00F007056F
:1022700006FA05F52F4201BFB1FBF4F504FB151179
:102280000AAD55FA81F100F1010008BF11F8281CD0
:102290001970252803F10103E4D1DDE7F7390020A7
:1022A000034B002818BF034619448879704700BFC4
:1022B000F739002082EA12421FFA82FC8CEA0101FF
:1022C00091FAA1F109BA8BB203EB031363449BB2F9
:1022D00093FAA3F31BBA9BB203EB031363449BB2C1
:1022E00093FAA3F31BBA9BB203EB031363448CEA88
:1022F0000303144A9BB2A2FB0312991A02EB510288
:10230000520902EBC20C00B502EB8C020E499A1A7C
:10231000002818BF0146C2F3C400084402F0070EAB
:1023200090F801C0D0B2012202FA0EF21CEA020FAC
:1023300001BF91F800C003FB0CF301EB1341887956
:102340005DF804FB4D91CFBAF739002030B5184B3A
:10235000826A1B6812065D7901D4457630BD1C790E
:10236000018FB0F8A020436B0903B1FBF3F1631BAD
:10237000B1FBF3F102B1013AD0F8A43003B152102D
:102380001302B3FBF1F35B190CD090F8992012F013
:10239000F00F07D01209B3EB820F4FEA8201ACBFF6
:1023A0005B1A0023A342A8BF23464376D6E700BFAB
:1023B000B029002070B50446343015460E462EF084
:1023C00097FE636840F2712202FB0633A3EB1021F3
:1023D000A36A61601B0743BF064901FB0500656FE7
:1023E00055434BBF05EB400001EB55016067616051
:1023F00070BD00BF80380100084B9A7E82420AD926
:102400001B684FF4A87202FB0030836A13F0100FB0
:1024100008BF002070470020704700BFEC27002055
:1024200008490A68821A08481311002A03FB00F0C1
:1024300005DB8B7E8342D8BF4FF0FF3070474FF0F3
:10244000FF307047EC2700203DCFF33C37B5044602
:10245000019129F045F90199054604F130002DF06C
:10246000DBFB2046FFF7DCFF0121814006482DF011
:10247000D3FB4FF48070FEF7BFFB284603B0BDE8E6
:10248000304029F033B900BF10280020F8B55A4E6B
:10249000338D04460F4623B9836813F4601F08BFC9
:1024A0003385F32F27D0258F618F636BB4F8A0207D
:1024B0002D01B5FBF3F5ABB25B1A9A4214DC7369DC
:1024C00094F83A019B074CBF002102212DF07AFBC2
:1024D000726940F2022393430DD1A4F8A050204624
:1024E0002DF020FC012515E0737F002BF0D094F82F
:1024F0003A010321EAE720462DF013FCB4F8A0507E
:10250000002DEFD1A36A13F0800F14BF08233E23E0
:1025100084F873302046FFF719FFF32F04D0A36A25
:10252000190701D5628F0AB901231CE013F4C05FBB
:10253000FAD1736913F00C0FF6D140F2022232EA9D
:102540000303F1D1D4F8A830002BEDD1A18F2EF0E8
:102550007DFF031E42DD628F013293423EDC012B80
:10256000E2D0013B9BB2A4F88030236B5A0409D51A
:102570004FF4804104F130002DF056FB002120463D
:10258000FFF764FFB4F88020A38F94F86C10134415
:10259000A387B4F8A0309B1AA4F8A03094F86B304D
:1025A00002FB01332522B3FBF2F102FB113384F865
:1025B0006B303DB120462CF0A6FCA18F20462EF0BA
:1025C000C8FD0546A36A1B0702D40C4B1B6898473D
:1025D0003DB12046BDE8F8402DF001BC638F0133CA
:1025E000C0E720460221FFF731FF20460121BDE868
:1025F000F84004F03FBC00BFEC2700202428002056
:10260000074B002210B55A77202204465A612DF05C
:102610002FFB84F83A0120462DF04BFC10BD00BF83
:10262000EC270020012810B50C462AD0022830D013
:1026300000283DD191F8993060F3071381F8993063
:102640000846FFF7DDFFA36A1B07204616D501F0F9
:10265000EDF8042001F018FF50B3164A937F3BB306
:10266000D37F0133DBB2D37792F821209A421FD176
:10267000BDE810404FF08060FEF7BEBA01F0AAFA44
:10268000E7E704F00DFD844212D1BDE8104001F0EF
:10269000C1B891F89930C3F30312013262F3071302
:1026A00081F899302046F321BDE81040FFF7EEBED7
:1026B00010BD00BFEC27002010B501F047FF134B01
:1026C000FB221A7710F0020F1A7E0CBF01210321A2
:1026D00061F303021A76420742BF1A7E42F00402F7
:1026E0001A761A7EC2F3030161F307121A764FF4C9
:1026F00041710022DA76DA8319845A621A611A85E6
:10270000034BBDE810401B68184700BFEC270020B2
:102710001C2800202DE9F843464C0546A06818B156
:1027200005F0A8FF0023A360022005F087FEEFB2AA
:1027300000202CF0F8FB38462DF0B5FA06460028AC
:1027400066D138462DF0BAFA002861D1002D59D053
:1027500005EB4501C1EBC101090189B233460122F4
:10276000022005F01DFE00284AD102204FF4A8796E
:10277000A77605F093FE09FB05F842463146206036
:1027800039F0D3FF2368324603EB0901681E824209
:102790002EDB002DA8F5A872D8BF00220021995089
:1027A000636028462CF0BFFB90BB38462DF073FACF
:1027B000074668BB002D16DD02202FF046FE0223DF
:1027C000A060C3718379C3F102020C33D2B23946DF
:1027D000184439F0AAFFA3689A79134401211A7B9F
:1027E00061F301021A73FFF767FF3046BDE8F88313
:1027F00009FB02FC013243F80C1001F5A871C6E791
:1028000041F207000023C4E90033A3760028C8D0B2
:1028100000202DF048FA00202DF050FA0020C4E9E5
:102820000000A0762CF07FFB022005F007FE0726B3
:10283000DBE700BFEC270020014B987E704700BF0C
:10284000EC270020014BD87E704700BFEC2700200A
:1028500070B5264D28F044FF6C6824B123686B6086
:10286000EB7E0133EB7628F041FF002C3BD04FF498
:10287000A8720021204639F058FF4FF4A473A4F841
:102880008A3003F1A473C4F88C3003F1CE5303F5FE
:102890009813C4F8903041F61B33A4F89430012605
:1028A0001B2384F89630402104F1280066612DF046
:1028B000B3F92B8BA4F8483194F83B3166F303034A
:1028C00084F83B310A4BE3672B7F84F8463144F2AE
:1028D0009023A4F84431072384F88930002104F1BF
:1028E00008002DF059FF204670BD00BFEC270020E6
:1028F0000000FFFF38B54021044628302DF094F940
:1029000020462EF004FE04F1A8002FF06BFD04F128
:10291000AC002FF067FD04F1080001F0E5F904F1C7
:10292000A4002FF05FFD114B20461B68984728F04C
:10293000D7FE0F4B5A682260DA7E5C60013ADA7685
:1029400028F0D4FE0023C4E90A332046FFF768FDCF
:10295000C4B220462CF0DFFA054620462CF0DDFA02
:10296000014628462CF0D6FA38BD00BF18280020B2
:10297000EC2700202DE9F04106464FF480400F4639
:1029800001F082FD044630B90E4B1D6893F81A80A1
:102990006D35A04502D80020BDE8F08155F8453CD2
:1029A000DA0609D5C3F38003BB4205D106222946C6
:1029B000304639F082FE18B1013405F5A875E8E714
:1029C0000B20E9E7EC27002008B5B0F898305A1C36
:1029D00062F30B03A0F89830042001F055FD70B1AC
:1029E000074A937F0133DBB2937792F820209A4213
:1029F00005D1BDE808404FF08060FEF7FDB808BD86
:102A0000EC27002013B58B7901910C33194404464F
:102A1000CB7A23B901A82FF0E5FC02B010BD8B7A68
:102A200003F00303032B09D101212C302DF0F4F81E
:102A30004FF4006104F128002DF0EEF801990448EC
:102A40008C602FF082FE4FF00050FEF7D5F8E4E7DF
:102A5000F8270020014B1877704700BFEC270020B3
:102A6000014B187F704700BFEC2700202DE9F74F7E
:102A70001D4616469DF8383080F89F302A469DF84E
:102A80003C7052F8103BC0F82C3104468A4600F1E5
:102A90004001381E18BF0120DDF830909DF84080BD
:102AA0009DF834B0FFF7AEFB20462EF079FB2046B0
:102AB0002DF006F92DF08CF84146024620462DF007
:102AC000F9F8C8230DF106012046ADF806302DF0C7
:102AD000E4F847F6FF73A4F83431AB88A4F830313A
:102AE000AB7984F83231D9F80030C4F86D30B9F8D8
:102AF0000430A4F8713004F12809BBF1000F03D0B1
:102B0000042148462DF088F827B14FF4005148467B
:102B10002DF082F84FF4607001F0B6FC10F08007E1
:102B200018BF4027C30548BF47F08007810548BF4D
:102B300047F4807728F0D4FD4FF4826183464846FD
:102B40002DF06AF8394604F12C002DF065F858464E
:102B500028F0CCFDAAF10203012B00F28F804FF484
:102B6000002148462DF058F801212046FFF76EFC61
:102B7000042120462EF01BFB6B7DC3F3040384F875
:102B80006C306A8952006263697B2A7B42EA0122C7
:102B90006287E97BAA7B42EA012222876A7D84F868
:102BA0006B30C2F3421284F83E2000220523A28734
:102BB0000122A4F8A030A4F880209DF944102046FA
:102BC0002DF083F801F0BCFC20F40060C4E908019A
:102BD0002046FFF7BBFB4248078D2AF002032FB9BE
:102BE000002B40F2C71718BF4FF4D777298940F25E
:102BF000712A49000AFB01623A4E6260E661002BCD
:102C000043D10261EB795B000AFB03F302EB530251
:102C1000B4F87C3062600AFB03F3B3F5487FB8BFB9
:102C20004FF44873B8F1010FE3600AD094F83B31D8
:102C300068F3030384F83B3108F00F0120462DF0C0
:102C4000ACF904F1080039462DF0A6FD012004F08E
:102C5000B9F828B963691A075CBF43F004036361DC
:102C60006B8940F27121013B594320462CF0E5FF6E
:102C7000204604F0B1F803B0BDE8F08FBAF1010FBF
:102C800040F2014118BF01216FE704F1340B02311A
:102C900058462EF02DFA636800F5A056A3EB1623D4
:102CA000636040F6080148462CF0B6FFE8790E4B09
:102CB000616B400003FB00667600666758462EF0A5
:102CC00017FAB4F87C30A0670AFB03FA636F1B0A9B
:102CD000BAF5487FACBF534403F54873A2E700BF81
:102CE000EC270020252601008038010070B51D4624
:102CF000C36A1B07044616460FD408212C302CF05B
:102D00008BFF0649064A31402A40C4E90812204692
:102D10004021BDE87040FFF799BB70BD2FCF87F70A
:102D2000EF1B000C2DE9F04F85B0044601910846D9
:102D3000002933D04B799A0720D42FF0FBFC78B9C7
:102D4000019B5B79DB0705D54FF4803104F1280046
:102D50002CF062FF01A82FF045FB05B0BDE8F08F15
:102D6000A36ADF030AD54FF4803104F128002CF068
:102D70005BFF019A537943F001035371019900916C
:102D800028F0AEFC00994B799E07054613D504F157
:102D9000B0002FF02EFD284628F0A8FCDFF8949113
:102DA00028F09EFC94F94A31022B074608DD38468C
:102DB00028F09CFCD1E704F1AC002FF0C6FCEAE758
:102DC000A36A13F4807FD4F8B03017D0002BEED074
:102DD0009A7913441B7B2A2BE9D829FA03F3D807E5
:102DE000E5D504F1B0002FF01BFB0090384628F029
:102DF0007DFC009920462DF08AFAD1E7D4F8AC206A
:102E000012B9002BD3D0ECE7002BEAD194F89680CE
:102E1000039304F1AC0BD4F8AC6096F807A0B37937
:102E2000AAEB030A5FFA8AFAC24526DC58462FF05D
:102E300079FCA8EB0A0805466B796FF3C3036B7145
:102E4000294603A82FF081FCD4F8AC302BB15B7974
:102E5000990702D1B8F1000FDDDC039B002BA6D04F
:102E60009B79022B40D800202FF0EFFA70BB03991A
:102E700004F1AC002FF0BDFC99E700202FF0E5FA3B
:102E8000054630B9039904F1AC002FF0B2FC03956C
:102E90008DE78079B1790C300C31424631442844B9
:102EA00039F01BFCEB7953FA88F3EB71B379727943
:102EB00053FA88F3B3716B7962F300036B71737922
:102EC0006FF3000373714FF00008B5E7039B42797D
:102ED000597961F3000242715A796FF30002014699
:102EE0005A7103A82FF080FCE36A9A0512D5039863
:102EF000034600680028FBD1DB79C3F14503DBB250
:102F0000032B07D82FF0A1FA01460028AFD003A861
:102F10002FF01BFCD4F8AC3013B15B79DB0704D580
:102F2000039A537943F008035371384628F0DEFBC7
:102F300003995FE77C2C020070B5036BDA0786B05B
:102F4000044634D5866A330724D516F4002F14BFFF
:102F5000032501252046FFF763FA94F89F30059377
:102F60000023049394F83E300393238F0293638FDE
:102F70000193636BC3F34F030093C6F3800204F124
:102F80006D03294680B22DF006FF38B9002528468A
:102F900006B070BDB50C05F00205DBE7012104F1B8
:102FA00030002CF041FE4FF400512CF035FE236B25
:102FB000980410D52046FFF733FAA16AC0B2C1F3D6
:102FC00040312DF08AFC0028E0D04FF4005104F18C
:102FD00030002CF029FE236BD90409D500212046AE
:102FE000FFF7A0FE4FF4805104F130002CF01CFEDE
:102FF000236B5A0511D52046FFF712FA0023C2B2FF
:10300000194694F89F002DF0DBFD0028BED04FF448
:10301000806104F130002CF007FE236B5B0711D5B3
:103020002046FFF7FDF9616B238F628FC1F34F01DB
:1030300080B22DF090FE0028A8D0042104F13000C9
:103040002CF0F2FD236B1E0709D520462EF04EFC16
:1030500000289BD0082104F130002CF0E5FD236B03
:10306000DD0618D52046FFF7DBF9E16A11F480513F
:1030700080B200F0E38000212DF004FF002885D00D
:103080004FF4805104F12C002CF0CEFD102104F1FE
:1030900030002CF0C9FD236B580615D52046FFF7EC
:1030A000BFF994F87330009380B2D4E908232DF06F
:1030B000C9FE00283FF46AAF002384F87330402132
:1030C00004F130002CF0B0FD236B190516D5204615
:1030D000FFF7A6F900230093B4F89A20B4F89C30C7
:1030E00094F89E1080B22DF0ABFB00283FF44EAF59
:1030F0004FF4006104F130002CF096FD236B13F4C3
:10310000804532D19A0516D52046FFF789F994F803
:103110003B1194F8732001F00F0180B201F07AF8AE
:1031200000283FF433AF84F873504FF4007104F17A
:1031300030002CF079FD236B1B0616D52046FFF7D7
:103140006FF9B4F890300093B4F88E2094F895306D
:1031500094F8941080B22DF0C7FE00283FF416AF0B
:10316000802104F130002CF05FFD236B9E0612D508
:103170002046FFF755F994F8731080B22DF099FEB0
:1031800000283FF403AF002384F87330202104F1BA
:1031900030002CF049FD236BDD0508D504F130002B
:1031A0004FF480712CF040FD20462EF0CBF9236BBC
:1031B000180408D504F130004FF400412CF034FD20
:1031C00020462CF0E6FE236BD90308D504F130002D
:1031D0004FF480312CF028FD20462CF066FD236B47
:1031E0009A0308D504F130004FF400312CF01CFD97
:1031F00020462CF068FD236B9B0722D50022114648
:1032000020462CF05EFD20462CF05DFD2046FFF7A9
:1032100007F994F8731080B22DF001FF05460028DD
:103220003FF4B4AE022104F130002CF0FDFC204646
:10323000FFF760FB044B1B689847A8E62DF039FEAA
:103240001CE70125A3E600BF1C280020134AF8B59F
:10325000002302F1240151E8004F41E80035002D20
:10326000F7D1012734B9BDB10D4829462CF0D4FC63
:103270002046F8BD94FAA4F0B0FA80F007FA00F600
:1032800024EA0604FFF7B8F80028EBD0FFF754FE55
:103290000028E7D13543E5E70120EAE7EC270020E5
:1032A000102800202DE9F74F04460190002860D037
:1032B000C579314F0C35054428F012FA4FF000085B
:1032C000814646464046BA7E5FFA88FA524519D989
:1032D0004FF4A8733A6803FB0AFB5A44916ACB0681
:1032E00044D5B2F89820C2F30B02002A3ED0E2790E
:1032F000C2F14502D2B2032A15D802202FF0A5F858
:10330000044640B900234846FB8328F0EFF93046D5
:1033100003B0BDE8F08F014601A82FF016FAE57959
:103320000C35254400200422012312FB0033002128
:1033300005F820A0E9543B685B4402FB005CB3F84D
:1033400098308CF80230032312FB00320136A95466
:103350003B685B440130B3F8982061F30B02A3F89B
:103360009820E3790433E371C0B2F6B208F10108A2
:10337000A9E70646CBE700BFEC270020F7B5684673
:10338000FEF734FF134E00254FF4A877B37EAB420F
:1033900001DC03B0F0BD346807FB0544A36A03F009
:1033A0001803102B13D10522694604F1410039F0AE
:1033B00084F960B1012120462EF0E5F838B90120EA
:1033C0002FF043F8014610B1204601F06FFC0135A3
:1033D000DCE700BFEC2700202DE9F74F28F080F94B
:1033E000424BDA6800920022DA6028F07FF9009BF5
:1033F00013B903B0BDE8F08F68462FF011F8827959
:103400008768019002F10C0404440A32A17A11F099
:10341000200F0CBF022103210A448271FA6A52056F
:1034200010D5E17AA27A42EA0122014638462DF00F
:103430005EF938B901A82EF0D5FF3D2138462DF0B0
:1034400047F8D4E7BA6A94F80AB0019912F4007206
:103450000BF0030013D00328ECD18A790A44127BC5
:103460002A2AE7D8224B23FA02F2D307E2D54A7977
:1034700042F002024A71384601F02AF9B7E7032800
:10348000F5D0487962F341004871084694F80690F7
:1034900094F905A02FF04EF9019DAC79063CE4B2F9
:1034A0000646AC713846FEF7BBFF0C3405EB04084A
:1034B0000BF0030BC0F3032343EA0B13F6B288F8B7
:1034C000033088F80200A8F804602B4605F804A031
:1034D00088F801905A796FF341025A711B68002BEA
:1034E000F8D128462DF010FA81E700BFEC27002024
:1034F0007C2C020030B58BB0D37B8DF80830937BE9
:10350000C47B8DF80930537B8DF818408DF80A3054
:10351000847B137B8DF819408DF80B30447BD37A74
:103520008DF81A408DF80C30047B937A8DF81B408F
:103530008DF80D30C47A537A8DF81C408DF80E301A
:10354000847A137A8DF81D408DF80F30447A037A0F
:103550008DF81E408DF81F30C3798DF820300D4650
:10356000837991798DF811108DF821305179437953
:103570008DF812108DF82230117903798DF813101F
:103580008DF82330D178C378D4798DF814108DF864
:103590002430917883788DF810408DF81510547888
:1035A000417812788DF8253003788DF816408DF823
:1035B00026108DF817208DF8273006AC009423468E
:1035C000802202A9012028F0C2FF0028F6D19DF830
:1035D00027009DF826109DF825209DF8243028709E
:1035E00069709DF823009DF82210AA70EB709DF879
:1035F00021209DF82030287169719DF81F009DF8E9
:103600001E10AA71EB719DF81D209DF81C302872C8
:1036100069729DF81B009DF81A10AA72EB729DF852
:1036200019209DF8183028736973AA73EB730BB0D7
:1036300030BD00BFF8B5094F044600260CB9074855
:10364000F8BDA179E5796D1AEDB20C312144B819B4
:103650002A4639F042F82E442468EFE72C2800204F
:10366000F8B5094F0446002604B9F8BDA079E579FC
:103670002D1AEDB20C30B91920442A4639F02DF834
:103680002E442468F0E700BF2C28002037B50446FC
:103690000020019104F0ECF903F078FF0B4A0C4D87
:1036A0005369019913F0400F09D02B68986A0007FD
:1036B00005D51269143A5A604FF420525A672046D1
:1036C000FEF7E4FE00232B6003B030BDEC270020A2
:1036D0003C2900200123074A03FA00F002F11403F9
:1036E00053E8003F034302F1140C4CE80031002979
:1036F000F4D17047EC270020F8B5234F7B6913F411
:10370000C07F05460C4603D0990639D4012014E049
:1037100039B15A0705D4D5F8A83013B90820FFF7F6
:10372000D9FF7B699B0625D47B7FAE6A022B06F00E
:10373000080604D916B114B90220F8BDE4B995F809
:10374000961095F83B01063100F00F0001F0A6FD40
:1037500085B20EB904B16D0003F02AFBA8420DDB5F
:103760007B6913F01C0F05D116B11CB90520E4E7E5
:10377000002CFBD10020E0E70320DEE70420DCE79B
:10378000002CF7D0C5E700BFEC27002038B5124D5C
:103790006B69044643F400734FF4806128306B6119
:1037A0002CF0F1FF012120462CF0D4FA0021204614
:1037B000FFF7A2FF014620B12046BDE83840FFF7E1
:1037C00065BF6869617E80F48070BDE83840C0F3F1
:1037D000002004F063B800BFEC2700200C4B13B5A9
:1037E0001860044600F5967003F080FF2046FEF74F
:1037F00017FEC4B220462BF08EFB019020462BF022
:103800008CFB0199024602202BF079FB02B010BD1F
:103810003C29002008B5002004F02AF903F0B6FE88
:10382000014B00221A6008BD3C29002010B5044657
:10383000FFF7D4FF064804F01BF96168626F637EEE
:1038400001EB1222BDE81040112003F0DBBF00BFE6
:103850001D3B010037B53E4B1C6800230193A36A52
:10386000580514D5D4F8A430019304F1A8002EF023
:10387000D7FDC4F8A40050B194F84A31013B84F854
:103880004A314FF4806104F128002CF07CFFD4F819
:10389000A4500DB92F4B9D6894F94A31022B0DDCD1
:1038A000D4F8AC3013B1A36AD90502D5D4F8B0303E
:1038B00023B14FF480512046FEF7C8FDD4F8A8107C
:1038C000A36AAA79002902F10C024FEA830314BF0C
:1038D0000121002103F00C0343EA0113A95C21F04C
:1038E0001C0143EA0103AB540DD11A4A02F114033F
:1038F00053E8003F23F0080302F1140040E80031D0
:103900000029F3D102E00320FFF7E4FE284603F08C
:10391000DBFF019B53B15B7903F00A03082B02D153
:103920002046FFF751F801A82EF05CFD6B799A074D
:103930000BD5A36A1B0408D50820FFF7CBFE4FF474
:10394000004104F128002CF01EFF03B030BD00BF81
:103950003C290020EC2700202DE9F04387B000230C
:103960000646032105A8059303F026FD059D35B9FC
:10397000F4213046FFF78AFE07B0BDE8F083AB794B
:10398000654F0C331D447B692C7914F001086FD10D
:1039900013F0100404D00720FFF79CFE002402E07F
:1039A0000420FFF797FE01213046FFF7A5FE0546EC
:1039B00050B97B69717E13F4807F0CBF0220002018
:1039C00004F01AF8FFF746FF059803F0ADFDDDF8A7
:1039D00014807A6998F80630510603F10C0308EB5D
:1039E000030915D458F803303B610620FFF772FE37
:1039F000B36A1A060CD406F1280252E8003F43F0DD
:103A0000800342E800310029F7D10120FFF762FE70
:103A1000494630462CF0A4F999F80430DB0772D5FA
:103A2000002C72D03046FEF7FBFCC0B22BF073FACC
:103A300003903046FEF7F4FCB38F009382B20399F3
:103A4000CDF80480002302202BF061FA4FF0FF3103
:103A500005A803F0B1FC05993046FEF7D3FF002D11
:103A60008AD029463046FFF711FE002C84D14EE063
:103A700023F0100301207B61FFF72CFEAB7AD80600
:103A800030D50220FFF726FEB36AAA7A83F002033C
:103A9000C2F38002C3F340039A4230D106F12800FA
:103AA0004FF400612CF06FFE50E8003F43F4806358
:103AB00040E80032002AF7D1B36A7A7783F0020334
:103AC000B362B36AAC7A03F00102C4F3C00191425D
:103AD0007FF464AF83F0010314F00304B36218BFF2
:103AE000012460E707F1140353E8003F23F00403C7
:103AF00007F1140141E80032002AF3D1C4E77B7FCB
:103B000001337B77DDE7002CA0D1002DA9D105A8DA
:103B10002EF068FC30E700BFEC27002008B5124A01
:103B20000346042B10680BD002D8032B18D008BD15
:103B3000053B012BFBD8BDE80840F121FFF7A6BDEE
:103B4000FFF70AFF094A02F1140353E8003F23F08C
:103B5000200302F1140040E800310029F3D1E6E728
:103B6000BDE80840FFF712BE3C290020EC270020EA
:103B7000164B033810B51C68032818D8DFE800F08E
:103B80000702181E2046BDE81040FFF7E5BE20469C
:103B9000FFF7FCFD0E4A02F1140353E8003F23F047
:103BA000200302F1140040E800310029F3D110BDD8
:103BB000F1212046BDE81040FFF768BD4FF4806159
:103BC00004F128002CF0DFFDF221F2E73C2900206F
:103BD000EC27002010B50446FFF700FE054803F06F
:103BE00047FFFFF737FE627E61680220BDE81040A4
:103BF0002EF074BA713B0100104B1A7842F0F002BB
:103C00001A701A7C42F0F0021A7493F8202042F0E5
:103C1000F00283F8202093F8302042F0F00283F87D
:103C2000302093F8402042F0F00283F8402093F8CF
:103C3000502042F0F00283F85020704740290020C5
:103C40000368054A23F07F6323F4002302EAC1419D
:103C50000B430360704700BF0000F80F70B5468843
:103C60001F4C06F00702072A0546164615D127F015
:103C700037FD00231A019EB2A25C12090F2A04EB41
:103C8000031125D00133062BF4D1164A13880133D2
:103C9000138027F02BFD192019E01201A35CC3F358
:103CA0000311013101F00F01042994BF61F30713DF
:103CB0006FF30713A3542EF00BFA04EB0614E06025
:103CC0002B6823F4E02343EA06462E60002070BDF3
:103CD0002B684B8011230B7027F008FDEBE700BF2A
:103CE000402900202A31002038B5448804F0070418
:103CF000072C05460FD027F0F3FC2401064A135D7C
:103D000043F0F00313552B6843F4E0232B60BDE828
:103D1000384027F0EBBC38BD402900202DE9F047A2
:103D2000448804F00705072D0746894637D01D4C07
:103D30004FEA051804EB051A14F808602EF0C8F9CC
:103D40003609DAF80C3006EBC50604EB4606C01A55
:103D5000708014F8083003F00F02042A9EBF01326D
:103D600062F3030304F80830B9F1030F14D114F817
:103D7000081004EB0514A01C01F00F012DF0FEFF4C
:103D8000044627F0ADFC3A68074B134023433B60E1
:103D9000BDE8F04727F0AABC4FF6FF74F1E7BDE895
:103DA000F08700BF402900200000FF7F064A92688C
:103DB000824208B507D0427922F0030242F00302A2
:103DC0004271FCF781FF08BDA029002010B5064C08
:103DD00020462EF007FB201D2EF004FB04F1080006
:103DE000BDE810402EF0FEBAA029002010B5022038
:103DF0002EF02BFB034C606002202EF026FBA0600F
:103E000010BD00BFA029002008B5FFF7DFFF034B5E
:103E10000022DA60BDE80840FFF7E8BFA0290020D3
:103E2000014B5868704700BFA0290020014B9868DB
:103E3000704700BFA029002038B50C4CE3681BB1C7
:103E4000E36898470023E36023686BB107482EF0CE
:103E5000E7FA054640B123681BB14FF00040FCF77C
:103E6000CBFE28462DF0F4F838BD00BFA029002075
:103E700010B5064CE0604FF00040FCF7BDFEE36873
:103E80001BB1E36898470023E36010BDA029002020
:103E900038B58379034404465B7B13F0300F4379D4
:103EA00023F0030308BF43F00103437127F018FC1C
:103EB0002146054605482EF048FC4FF00040FCF72F
:103EC0009BFE2846BDE8384027F010BCA029002002
:103ED000F7B5144F7C68A3790C331C4400F036FB13
:103EE0006679E6B116F0020519D136EA000316D15B
:103EF000E378B4F80920B4F80710A0790196247982
:103F0000009401F099FA002808BF0C25B8682A46E9
:103F100042F2410103B0BDE8F0402CF089BC11250C
:103F2000F4E700BFA029002010B50D4C626893791A
:103F30000C331A441179D078B2F80730B2F8052062
:103F4000003918BF0121003818BF012001F006FD1B
:103F500042F242010246A068BDE810402CF068BC65
:103F6000A02900202DE9F041164E7468A3790C3386
:103F70001C44B4F803801FFA88F0FEF73DFA0746A8
:103F8000E8B1A27961792BF0AEFF0546B068022353
:103F90002A4642F27A012CF009FC83790344A3F803
:103FA0001280FFF703FF45B9A37933B138462CF0EF
:103FB00068F9014638462BF080FEBDE8F081022505
:103FC000E4E700BFA029002010B5084C60688379A1
:103FD00018440F3000F08CF90023A0681A46BDE8A1
:103FE00010404FF628412CF0E1BB00BFA029002073
:103FF00020F00403202B0AD01D289FBF054B23FA75
:1040000000F0C04300F0010088BF0120704700208D
:10401000704700BF66002D202DE9F04F95B0FFF7E7
:10402000FFFE86790C3642F2360330F8068098455A
:10403000054600EB06040ED1FFF7F2FE02212EF03A
:10404000A9F9A3787F220233A370AA550023202266
:10405000627023776377E0780121FCF7C9FE0023C3
:104060000646002800F0CF80E288CDE91233ADF893
:104070004820B4F80920ADF84C20A288237A8DF8A6
:104080004A3012F01000E37A8DF84E304FF6FF738D
:1040900018BF4FF4804312F0050F25D1DDE912124D
:1040A00091421DD900251126FFF7C0FE012332469B
:1040B0004146ACB22CF07AFB002DCCBF0534053C58
:1040C00024B2002E40F0A2800A2394FBF3F4E4B261
:1040D000FFF7ACFEC3791844C47215B0BDE8F08F89
:1040E0001F29DFD99A42DDD8E57D00285FD0012D58
:1040F0007CD1E0782BF01CFB002872D1444A237F4E
:104100001278002A75D0042B70D8637F042B6DD8E9
:10411000A388DB0674D500200121C822084003F0E3
:10412000B7FD054694F91600B4F804E0677EE1880F
:10413000B4F8092094F80C9094F815A094F818B0ED
:1041400000EB8003B5EB430FC8BF1846637B0F93AA
:10415000A37B109304F10F031193637FC8BF450045
:10416000E07D0C93237F0B93E37E032808BF04209C
:10417000032F08BF0427003B18BF01230A93A37E27
:10418000CDF80C90CDE90873119B02931FFA85FCC2
:10419000109B0193CDE9060BCDE904AC0F9B009376
:1041A00030465FFA8EF32AF08FFF06467CE705F073
:1041B000FD03012B7FF476AF677E7B1E022B3FF65B
:1041C00071AF00F0C3F9032D08BF04250540EDB21F
:1041D000002D3FF467AF032F08BF0427384288D172
:1041E00060E7A088FFF704FF002887D1002512268A
:1041F0005AE7002B7FF456AF637F002B88D051E73E
:104200002BF0E6FC88E7054607264DE700245FE72C
:10421000223A0020F8B5074601200D4616462EF03A
:1042200014F90446C0B106220C212CF0D2FA691E02
:10423000A379C9B2032998BF084A03F10C032344A8
:1042400098BF525C9F8088BF00222046DE70DA71E2
:104250009A71FFF7ABFD0120F8BD00BF7119050091
:10426000F8B5FFF7DDFD83791844B0F80F60B0B200
:10427000FEF7C2F80446C0B12CF003F80138C0B212
:10428000032814D80B4B1C5C0027FFF7CFFD054615
:1042900004233A4642F230012CF088FAA8790C3017
:1042A0002844C68004724472F8BD0227EDE700245A
:1042B0002746EAE7711905000B4610B50649074C79
:1042C0000622002818BF2146184638F0F6F9B0FA41
:1042D00080F0400910BD00BF243A00202A3A002097
:1042E000024B1A6802609B8883807047243A002042
:1042F00013B50D4C28B1036823608388A38002B0F6
:1043000010BDF8F723FBCDE900019DF80230A37042
:10431000BDF80530BDF80020A4F803309DF8073043
:1043200022806371EBE700BF243A002010B50446F9
:1043300027F0D6F9064B22681A60A2889A80054AAF
:10434000137843F00103137027F0D0F9012010BD5A
:104350002A3A0020233A0020024B1878003818BF70
:1043600001207047233A0020024B1A6802609B88A4
:10437000838070472A3A0020024B186908B1FCF785
:104380003BBC7047D813002010B53A4A002302F115
:10439000100151E8004F8C464CE800310029F6D15D
:1043A0000443A20201D502F081FD230101D503F0EF
:1043B0001BF9002C01DAFFF73FFD600001D501F089
:1043C000D1F8A10001D5FFF707F8E20007D5FCF707
:1043D00001FE20B928484FF080512CF05BFE6301AC
:1043E00007D52CF019F820B923484FF080612CF044
:1043F00051FEA00105D52BF0E4FBFEF7BFFF2AF02C
:104400009CFDE10108D52BF044FC072804D11A4893
:104410004FF080712CF03EFE620201D5FDF700F9ED
:10442000230201D52AF075FDE00207D52CF03AFEF3
:1044300020B911484FF480112CF02CFEE10507D56E
:10444000FEF704FF20B90C484FF480712CF022FED7
:10445000A20507D500F006F920B907484FF400710E
:104460002CF018FE630503D52CF09EF92CF09DF975
:1044700010BD00BFD8130020E813002001460148FA
:104480002CF008BED8130020014B1B681840704761
:10449000D8130020044B10B5D3E906422043114342
:1044A000C3E9060110BD00BFD8130020F8B51F4EA8
:1044B0003368002B05464FF0000402DAFFF7A4FC36
:1044C00032E01B4F4CF20C000021FFF7E3FF3C6091
:1044D00025B16B683360AB6803B13B604FF00040BF
:1044E000FFF7CCFF3B680BB9124B3B60124B1348F4
:1044F000B3600023337304F0DDF9FFF77DFB28463A
:10450000EBF7A2FE044678B92DB1B5F90E10B5F956
:104510000C0000F0F1FE2BF05FFB06F06DF803F0ED
:104520009FFC04460028C9D02046F8BDD8130020BF
:10453000B02900203613002079430100DC1300204D
:10454000014BD3E906017047D8130020054B9B6946
:10455000DA054CBF032001201B0548BF40F00400D2
:10456000704700BFD813002038B505460C4603F04D
:1045700057FA0B4AAB7A52F8200052F82330094A16
:104580000344A3FB04010902074B41EA1061000246
:10459000C01841F10001002325F0E2F938BD00BF49
:1045A000D419050040420F003F420F00024B1A6829
:1045B00002601860704700BFB4290020024B00223F
:1045C0001A6000F0F3B900BFB42900202DE9F047CC
:1045D00006462BF0C2FB044608B901203AE04578B4
:1045E0004DB927F07DF8237863701D4B1B6863601D
:1045F000257027F07BF8DFF86880012794F8019098
:10460000B9F1000F07D12378002BE6D04FF40070EA
:10461000FCF7F2FAE1E799FAA9F5B5FA85F507FA98
:1046200005F55FFA85FA636833B929EA050565700F
:10463000D8F800306360E1E79B681BB963681B68CA
:104640006360F0E7514630469847012804D163681B
:104650001B686360BDE8F0870228EFD10020F9E70E
:10466000B429002070B50E4E0025FEF7E5F8A842EB
:1046700001D8012012E03068FDF7BEFE50B9346861
:10468000FEF7DAF80134B4FBF0F303FB10443460B6
:104690000135EAE7FFF79AFF0028F0D170BD00BFAF
:1046A000B829002010B5837903440446187B2A28D2
:1046B00008D8064B195C20462DF06CFEA0790C3012
:1046C000204410BD2CF043FD0146F4E775190500A8
:1046D0002DE9F34105460C4601912BF031FB830691
:1046E00005D501A82DF07EFE02B0BDE8F081DDF811
:1046F000048098F806700C3718F807002A280DD89F
:10470000174B1E5CFF2E0DD101982DF06BFE18F893
:104710000720019928462CF0B2FDE5E72CF017FDA3
:104720000646EFE701982EF005F80138B042EBD1CC
:104730000C4B1E684EB9A379234421461A7B2846A8
:1047400002B0BDE8F0412CF09ABD73680BB9366831
:10475000F0E72146284698470028F8D0C4E700BF74
:1047600075190500B429002037B504460D462021EF
:104770002BF0E8FA294620462BF02EFB214601209B
:104780002CF024FE214600202CF020FE0120044ABB
:104790000090002321462CF0AAFD03B030BD00BFDD
:1047A0004B11040030B585B00C46039205462CF041
:1047B0007CFF80F001002946C0B22BF0B8FA012C32
:1047C000039A06D02146284605B0BDE830402CF0BB
:1047D00072BFC3689A7913441022DB8A009229467B
:1047E000034A00202CF083FD204605B030BD00BFF9
:1047F000B716040037B504462CF09CFF0321204671
:104800002BF0BBFA00250346044A009521460120FF
:104810002CF06DFD284603B030BD00BF9B15040091
:104820002DE9F347074602200E462DF00EFE044602
:10483000002849D0B3790C3333440021B3F8048005
:10484000B3F806A0B3F808902CF0C9FC2046FFF797
:1048500029FF0221054638462BF08FFAA5F804807F
:104860006881A5F806A0A5F808902DF0F5FB08F1E1
:104870000108B0FBF8F303FB18080223A5F8028037
:104880006B70A079B071E379F371A179E2790C30A2
:10489000521A0C31D2B22144304437F01EFF39464F
:1048A00001202BF044FA1022C6606B890092394631
:1048B000064A01202CF01BFD384621462CF08DFCC9
:1048C000002002B0BDE8F0870720FAE7B716040021
:1048D0002DE9F34104460D46014601202BF027FA4D
:1048E0000121074628462CF07AFC2846FFF7DAFE1D
:1048F000064600F101084046FDF778FCD6F8013085
:10490000C7F812307379BB75022120462BF035FAB7
:1049100029460746F08020462CF05FFC20230093B8
:10492000044A3B46214601202CF0E1FC002002B065
:10493000BDE8F08183160400F7B504460D46014634
:1049400001202BF0F4F950E8003F43F4806340E885
:104950000037002FF7D120462CF0A7FE002814BF07
:104960000E21082128462CF03AFC2846FFF79AFE33
:104970000646FFF7E5FDC6F80510FFF7E1FD2946FD
:10498000C6F8010020462CF028FC032120462BF01D
:10499000F4F9054A00970346214601202CF0A7FCB4
:1049A000384603B0F0BD00BF9F15040008B50548A8
:1049B000054A06492CF0E2FDBDE808400148FFF732
:1049C000F5BD00BFBC29002073170400314B010066
:1049D000F0B58B790C33CD18CB5C023B85B0044627
:1049E0000E460F2B00F29C80DFE803F0089A9A9A9B
:1049F0009A729A829A9A23639A9A9A4669782BF0C5
:104A0000EBF9202120462BF09DF9214601202CF0C6
:104A1000DDFC214600202CF0D9FC01250023414A71
:104A20000095214618462CF062FC304603F022FE29
:104A30002FE0AB886A8869782BF0F0FB20462BF0DA
:104A400084F9830708D4314620462CF073FE0121F7
:104A500020462CF0ACFB1CE0214601202BF067F92E
:104A6000314B82689A4203D1214601202CF07EFC12
:104A7000304603F0FFFDEAE76F78AA780392084614
:104A800003F0F8FD162F039A06D1032120462DF0DE
:104A900072F8012005B0F0BD2146012003922BF0F1
:104AA00046F98368039A002BF3D0032120469847E8
:104AB000EFE7014601202BF03AF907466A780392A6
:104AC000304603F0D7FDBB68002BE2D0039AECE739
:104AD000014601202BF02BF907466A7803923046F5
:104AE00003F0C8FDBB68002BD3D0039A0421DDE797
:104AF000014601202BF01BF90C4B82689A4294D19D
:104B0000D5F80120D5F805302046FEF7EFF83046FD
:104B100003F0B0FD214601202CF028FC022197E78C
:104B20000020B7E7291704009B1504009F15040017
:104B30002DE9F3410C4606462CF0B7FDA3798046DB
:104B4000002868D00C33E718E35C012B40D0082B19
:104B500038D0002B52D1798930462CF0B6FB7B88B7
:104B6000B9887A788B4294BF05460025092986BF0B
:104B700001F1FF339BB208239A4288BF0025084603
:104B8000002AFB883A8908BF00252CF0B6FA38B90C
:104B9000204603F06FFD4546284602B0BDE8F0818F
:104BA000002DF5D0314600202BF0C1F8C4607B8980
:104BB0001022013B00921C4A9BB2314600202CF08F
:104BC00096FBE9E7214630462CF00DFD0125E3E791
:104BD000F98830462CF079FB0546781C2BF00AF852
:104BE0000028D5D0002DD3D0314600202BF09FF8DF
:104BF0002023C4600093FB880C4ADEE72146304640
:104C00002DF0AAF80028E1D12146304602B0BDE8D7
:104C1000F041FFF7DDBE23441B7B0E2BD2D0214693
:104C200030462DF088F8EDE7A54701003B1604005B
:104C300038B504460D462BF088F8420709D52846BA
:104C400003F018FD4FF400612046FDF7FFFB002044
:104C500038BD20462BF079F8830703D5284603F0AA
:104C600009FDF4E729462046024ABDE838402CF009
:104C700019BC00BFF547010013B5044601912BF0A4
:104C80005FF800F018001028019906D1064A204666
:104C900002B0BDE810402CF005BC084603F0EAFC69
:104CA0000C2002B010BD00BF21480100014A2CF0C9
:104CB000F9BB00BFD148010070B504460D4601465E
:104CC00001202BF034F8064620462BF03EF8020770
:104CD00008D5284603F0CEFC40212046FDF7B6FB60
:104CE000002070BD33685B0503D5284603F0C2FC85
:104CF000F6E729462046024ABDE870402CF0D2BBB8
:104D00003949010073B504460E462BF019F800F03E
:104D1000300010284FF0020031D12DF096FB0546EF
:104D200078B3437943F00203437102212CF057FA20
:104D30002846FFF7B7FC2946467020462CF04DFA6E
:104D4000162120462BF048F8202120462AF0FAFFB1
:104D5000214601202CF03AFB214600202CF036FBA6
:104D600020462CF0D4FB012120462BF006F8034608
:104D700001200090044A21462CF0B9FA002002B02C
:104D800070BD0720FBE700BFCB1504002DE9F04103
:104D900088B00D4604462CF06AFDAB790646002823
:104DA00000F0A5800C33EA18EB5C033B082B00F203
:104DB0003B81DFE813F00900390139018600390130
:104DC000390139015F008000D2F80100D2F80510E6
:104DD000B2F8098003AB03C302F1130301210B32C4
:104DE00020462BF0CBFB042128462CF0F8F928466E
:104DF000FFF758FC0C21074605A803F045F805AB62
:104E000003CB3B46C7F80100C7F80510079A43F8E3
:104E1000092F00217A1C20462BF0B0FB21460020F0
:104E20002AF085FF03AA0346A0F81A8003CAC3F834
:104E30001200C3F8161020460821FDF707FB4FF4B7
:104E4000007120462AF07EFF20462BF0B3FB294656
:104E500020462CF0C2F9032120462AF08EFF03469B
:104E60000020724A009021462CF041FA304608B0EA
:104E7000BDE8F0810B2128462CF0B1F92846FFF758
:104E800011FC294620462CF0A8F926F029FC4FF405
:104E90004071054620462AF055FF4FF480512046C8
:104EA0002AF055FF284626F021FC4FF48061204669
:104EB0002AF050FFDAE7284603F0DCFB4FF40071DC
:104EC000F5E7062128462CF08AF92846FFF7EAFB89
:104ED00020462BF0CEF9294620462CF07EF92046BC
:104EE0002BF08EFB214600202CF040FABEE72B442D
:104EF0001B7B043B072BB9D801A252F823F000BF5B
:104F0000214F0100494F0100AB4F01006D4E0100E0
:104F10006D4E01006D4E01006D4E0100C14F01004C
:104F20004FF4007120462AF00DFFAA790C322A4472
:104F300002F109032046013200212BF01FFB284615
:104F400003F098FB012691E74FF48060FFF79CFA8D
:104F5000B0B14FF4006120462AF0F4FE002720464D
:104F6000CDE90577FDF75CFA064620462AF0E6FE15
:104F70000095034605AA3946B0B22BF0F8FFE1E7E9
:104F8000214601202AF0D3FE00F1120120462BF029
:104F90004CFB062128462CF022F92846FFF782FB1D
:104FA000294620462CF019F9CCE7284603F062FB8D
:104FB000214601202CF00AFA20462BF021FBC1E704
:104FC00026F08EFB4FF40071064620462AF0BAFE0A
:104FD0004FF4805120462AF0BAFE304626F086FB78
:104FE0004FF4C06120462AF0B5FE294620462CF039
:104FF000F4F8214601202AF09AFEC268054682B1E3
:1050000093790C331A4402F1130301210B32204629
:105010002BF0B4FA20462BF0CDFAE96820462CF0AC
:10502000DCF80023EB608DE700261FE77B18040007
:1050300008B50749074800222CF0A0FA0548FFF7F9
:10504000B5FABDE8084001200021FFF723BA00BFF0
:105050008D4D0100C829002038B58B790C460C33E2
:105060001944E35C142B054603D0152B0FD0002008
:1050700038BD01312CF07FFC1521284622462CF04A
:10508000C2FC214628462CF0A8F80120F0E7014692
:1050900001202AF04CFE0B4B82689A4203D0204636
:1050A00003F0E8FAF1E7A17921440D3128462CF00C
:1050B00062FC204603F0DEFA294601202CF056F966
:1050C000E3E700BF5D1A040037B504460A460D4603
:1050D00014212CF098FC294620462CF07EF8032160
:1050E00020462AF04AFE3022034600922146034A17
:1050F00001202CF0FCF8002003B030BD5D1A040044
:1051000008B507490748084A2CF038FA0548FFF760
:105110004DFABDE8084020200021FFF7BBB900BFD1
:1051200059500100D4290020611A040037B5ADF8A8
:1051300000208DF80230009B0193044601A82CF05A
:1051400004FC9DF806209DF802309A420D4605D1D8
:10515000BDF80420BDF800309A4205D0284603F07F
:1051600089FA122003B030BD20462AF014FF9DF8C2
:105170000230827A9A4209D18288BDF800309A4280
:1051800004D1284603F076FA0020EBE76946204672
:105190002BF0CAF9024A294620462CF083F9E1E7B0
:1051A000C95001002DE9F04116461A43BDF8188098
:1051B00007460C461D4605D120461146BDE8F04184
:1051C0002CF0A2BC414620462CF06BF878B1214669
:1051D00038462AF0ACFD40238674C57421460693F8
:1051E00038464346034ABDE8F0412CF080B8BDE89C
:1051F000F08100BFC11B0400F7B505460E4601460D
:1052000001202AF094FD036813F0F00F03D0294623
:1052100001202CF0DBF828462BF030F8B3790C3362
:1052200033445F789B781F400378C3F3030000EAA0
:10523000131038402CF041FC044668B928462CF085
:1052400046FC38402CF039FC044628B928462BF09F
:1052500018F800F047F80446284600212AF09DFE81
:10526000172130462BF0BBFF3046FFF71BFA3146C3
:105270004470847028462BF0B0FF032128462AF0A2
:105280007CFD4022034600922946034A00202CF070
:105290002EF803B0F0BD00BF771B040010B50C461C
:1052A00030B9054B58690279408804FB020010BDF3
:1052B00001F046FDF7E700BFF813002010B50C46DB
:1052C00050B9074B58694188A1423BBF0079641A25
:1052D0000020B4FBF0F010BD01F032FDF3E700BF99
:1052E000F81300200138C0B203289ABF014B185CA4
:1052F00000207047A01905008BB20029054AB4BFF1
:10530000053B05331BB20A21108093FBF1F3937028
:10531000704700BF2C310020024B9B78C01A40B26E
:10532000704700BF2C310020024B1B88C01A00B20E
:10533000704700BF2C31002010B5084C81B204F139
:1053400008002BF029FA012001F03CFD28B963691F
:105350001A075CBF43F00403636110BDE02900201D
:10536000012303FA00F0074AC04302F1240353E883
:10537000003F034002F1240C4CE800310029F4D135
:10538000704700BFE02900200123074A03FA00F01C
:1053900002F1240353E8003F034302F1240C4CE8DC
:1053A00000310029F4D17047E029002038B51D4CA8
:1053B0004FF01013E3624FF4E063238647F6FF7368
:1053C000A4F8603094F86730012262F3030384F894
:1053D0006730154A154B0025C4E916326562FFF7A0
:1053E000B5F84FF48073A4F84830114BE361114BCA
:1053F00084F856001A68656113785278A4F8BC5096
:1054000013445B10294604F108006376A4F8B450F5
:105410002BF0C2F9294604F19400BDE838402BF086
:10542000BBB900BFE029002055555500D6BE898E76
:10543000651E0400B02900202DE9F041224C9DF8A2
:105440001C801F46636ADB070E46154626D4F8B15A
:105450000120FFF799FF626A9DF8183084F85480A4
:1054600022F4C07242EAC312B8F1050F62621CD185
:1054700001F07EFFA0B194F8673068F3030384F86D
:105480006730A685E58584F830700120BDE8F0819D
:105490000120FFF765FFDEE702220FE00020F5E7BD
:1054A0006D00ADB2B54228BF354694F85430990727
:1054B000F2D413F0040F0CBF0122032294F86730DA
:1054C00062F30303DBE700BFE0290020024B586AC8
:1054D000C0F38000704700BFE029002010B51C4CCD
:1054E000626A12F0010218BF94F85420FFF7EEFF31
:1054F00010B194F855301A4302F00502052A13D171
:1055000001F036FF80B994F8673003F00F02012AEA
:1055100005D1032262F3030384F8673010BD012232
:1055200062F3030384F8673094F8663094F831101E
:10553000253BDBB20133DBB2032B28BF002341FA4A
:1055400003F2D207F6D5253384F86630E6E700BFCC
:10555000E0290020024B586A00F00100704700BFAC
:10556000E029002013B5114C26F0BAF8236A019304
:105570000023236226F0BAF8019B5BB9636A1B041F
:1055800006D52BF084F958B1636A23F400436362B3
:1055900002B010BD01A82CF043FF2BF0E3F9EBE7BC
:1055A0004FF08040FBF728FBF2E700BFE029002026
:1055B00038B50E4C054680B10320FFF7D1FE00231D
:1055C00084F845300123A4F846300420FFF7C8FED4
:1055D000BDE838401020FFF7C3BE0520FFF7C0FE2E
:1055E0000123A4F8B83084F8B650EEE7E029002093
:1055F000274B70B55A6A0D4609B3160747D503F114
:10560000450603F1460428B3D1061FD52388012B94
:105610001CD95B0823800420FFF7A2FE1020FFF7AF
:105620009FFE2CF019FD2388B0FBF3F202FB130060
:10563000307055B30320BDE87040FFF791BE94066B
:1056400025D503F1B60603F1B804DCE70420FFF723
:105650009BFEE3E7D20314D5B3F84610B3F8482015
:1056600091420ED22288520092B22280B3F8483082
:105670009A4228BF1A4622801020FFF771FE0420AC
:10568000CDE71020FFF780FEF9E70520D3E770BDD6
:10569000E029002070B54B4A054651681068AC7986
:1056A000127A8AB06B4603C30C3408201A702C445B
:1056B000FEF7EAFE20B10122A11D28462CF075FE5E
:1056C000A3798DF80F30A37A03F00F0303F12802BA
:1056D0006A44002112F8282CADF81020CDF82110D2
:1056E000ADF825108DF82010062B08D8DFE803F060
:1056F0000450070760074C000D20FFF745FEA37A12
:10570000C3F380138DF81230E368CDF81330238A89
:10571000ADF8173000231A460DF113010DF11200F8
:1057200029F01DFCE3798DF8193000238DF81A302B
:10573000ADF81E30AB79FF2212338DF81B207F228B
:105740008DF81C201C216279AB7128468DF81D2034
:105750002CF00EFFAB792B4403AC0C3309AE224680
:1057600003CAB24218605960144603F10803F6D127
:1057700010681860294614482CF0E7FF4FF080406D
:10578000FBF73AFA0AB070BD0D20FFF7E9FDB6E766
:10579000D4F81230CDF82130E38AADF82530EB791A
:1057A000063BEB71A37AC3F3C0138DF82030A6E754
:1057B000064B5B6A9B0444BF42F00102ADF8102027
:1057C0009DE700BFA4190500002A0020E029002061
:1057D00070B584790C3404442379DA0702D44FF08D
:1057E000FF3070BDA37AE27A03F00F05082DF6D8DA
:1057F000062D02D8911F1F29F1D8012D1ED10C2A88
:10580000EDD1234E736A13F0060F01D1DB0506D4E8
:1058100029F0B3FB28B929F0A7FB0028DFD02846E0
:10582000DFE7A37A96F83020B2EBD31F4FEAD3100C
:10583000D5D104F11201FEF73FFDEEE7042DEED1C4
:105840001349144A486A0240002AC8D0C96B00298B
:10585000E5D08A790C3288188A5CC3F38013B3EBE5
:10586000D21F13D104F10C010622083036F025FFB7
:10587000B0FA80F4640929F080FB0028CFD1002C15
:10588000CDD129F067FB0028C9DBA8E70024F2E7A7
:10589000E029002008000400F0B5194C606B87B0C7
:1058A00008B3A76BD7B1BE790C36FCF7B9FD02235C
:1058B000FF21BA5DCDE90431BD19D20995F8233035
:1058C0005B090393AB8B02936B8B01932B8B009340
:1058D000002105F1080380B22BF05DFA606BFDF743
:1058E00009F800236363A06B38B102F0C3FE002304
:1058F000A363636A23F00403636207B0F0BD00BFD3
:10590000E029002038B50D4D044600F041FFE86B5A
:1059100018B102F0AFFE0023EB6300F08BFA0848E9
:10592000FEF7E2F9FFF7B8FF0448214601F0A2FABA
:10593000BDE8384003482CF055BD00BFE0290020E9
:10594000E8290020002A0020034B586A10F00500C7
:1059500001D1FFF7D7BF7047E029002073B53C4C59
:105960001646626A02F0010370B95BB125F0B8FE19
:10597000636A019023F001036362FFF7E5FF01987A
:1059800025F0B4FE00202AE0002BFBD1930704D5BC
:10599000E36BBBB10120FFF70BFE94F8303003F04E
:1059A000FD03012B16D025F09BFE0546CEB10E203F
:1059B000FFF7EAFC2CF08CFB42F2107202FB0600AF
:1059C000A06211E002202CF040FDE0630028E1D14C
:1059D000072004E0FEF7C0FC0028E4D1122002B04A
:1059E00070BD0E20FFF7BCFC0020FFF7CDFC636A02
:1059F00013F0040329D1E364E38D40F27122023BEA
:105A00005343E26023612CF027FB0322B0FBF2F248
:105A100002EB4202831A253384F86630FFF75EFDFD
:105A20002CF056FB60602065B4F8BC00002808BF6D
:105A3000F520FFF781FC074B05481A681378527868
:105A400013445B10637601F0C7F9284698E700BF5E
:105A5000E0290020B0290020F8B53E4C054600F0B2
:105A600097FEB4F8BC302BB9A36813F4601F08BFCD
:105A7000A4F8BC303748012101F0FCF9364BE36152
:105A8000636A580426D42CF023FB0DB9E36818444C
:105A9000E38DE66C1D1F40F271277D43AE4207FB8C
:105AA00003F32CD2216DB4F82CC0A1F5967207FB3C
:105AB0000C222189E768121A394491421FDA9B1B94
:105AC00060609342D4BF23612261BDE8F840214861
:105AD00001F082B9A26A6168521A002AD3DA23F06F
:105AE000010343F400436362FFF72EFF4FF0804051
:105AF000FBF782F8FFF7EAFC0028C4D1F8BDA3F554
:105B0000AF732361FFF7EAFCA38D226D40F2712190
:105B100001FB03220023E364104B6260AE42226566
:105B20001A680BD3616A137B4907617E4CBF927977
:105B300012780B4493420BDC6376C6E7636A117BF1
:105B40005B07637E4CBFD27952785B1A9342F3DADB
:105B50006276BAE7E0290020651E0400B029002023
:105B60002DE9F04F284CD4E90D958BB0236CAE791C
:105B700007938B46002722218246C4E90D77FFF761
:105B80008DFB079B0C3696331A18079205EB060817
:105B900001F0FCFCAB5D08F10806C3F3C01331460D
:105BA0000DF127008DF8273029F0F1F9636A079A83
:105BB000C3F380230393FF2302939DF827303946D4
:105BC000CDE90063484608F10E03CDE904ABFCF7CC
:105BD0004DFF284602F04EFD636A23F02402DB07E6
:105BE000626205D40120FFF78DFE0BB0BDE8F08F97
:105BF000064B1A681378527813445B1001206376C1
:105C0000FFF72AFFF1E700BFE0290020B0290020BC
:105C100010B525F065FD0446FFF758FC40B1074A72
:105C2000536A23F004035362FFF78EFEFFF734FE3E
:105C30002046BDE8104025F059BD00BFE0290020F6
:105C4000042808B508BF0320FF21FFF727FB42F215
:105C50000F7200F5AF70064B904298BF42F210727F
:105C6000C3F898008CBFC3F89C00C3F89C2008BD03
:105C7000E029002010B5114C0023C4F8A8300123FE
:105C8000C4F8A030B4F8B430ABB1B4F8BC100C48D0
:105C90002AF082FD012001F095F838B9D4F8A0303F
:105CA0001A075CBF43F00403C4F8A030BDE81040FD
:105CB0000120FFF7C5BFF521E9E700BFE02900207B
:105CC000742A00207FB5284C01F060FC04F15803D1
:105CD0000FCB6D4685E80F0094F876309DF80F20C5
:105CE00063F303028DF80F2003F00F0394F8AC2048
:105CF0008DF80E200021C82029F065FFFFF714FB66
:105D0000BDF90820824205D0ADF8080001F0B6FECA
:105D1000ADF80A00284601F0E9FC29F000F900225C
:105D20000146042029F0EBF8D4F8B0502CF0D0F95B
:105D3000636AD4F8B06013F4003FA5EB000514BF0C
:105D4000112010208C2D94F8A53006F5FA6105DCA1
:105D50001A4601F0EFFC012004B070BD0A4631463E
:105D600001F050FDF7E700BFE029002073B543794B
:105D700001906FF30003437101221C2101A82CF054
:105D800037FC48B1144A536A43F40063536201A8D4
:105D90002CF028FB02B070BD019A104C537943F0EF
:105DA00001035371937913440C3304F1180625460B
:105DB00003CDB542186059602C4603F10803F6D1B3
:105DC00028681860114606482CF0BFFC4FF0804050
:105DD000FAF712FFDEE700BFE0290020482A002082
:105DE000002A002010B5124C636A1B051FD5012044
:105DF0002CF02BFB28B9BDE810404FF08040FAF79B
:105E0000FBBEB4F86C3023F0600343F04003A4F809
:105E10006C30FFF7ABFF04F1240353E8003F23F499
:105E2000006304F1240141E80032002AF3D110BDDF
:105E3000E029002010B50D4CD4F8A8308BB101F04A
:105E40002FF904F18C03834201D101F09FFB084834
:105E5000002101F00FF80748FDF746FF0023C4F8C2
:105E6000A830BDE81040FFF7BDBF00BFE02900200B
:105E70006C2A0020742A002010B5044601F010F9A5
:105E8000844201D101F082FB084BB3F8B42032B94F
:105E9000D3F8942012F4601F08BFA3F8B420FFF7D2
:105EA000C9FFBDE810400120FFF7D6BDE029002062
:105EB000F7B53D4C05460E4617462CF009F994F807
:105EC0008B30022B05D0D4F884301B1AB3F5FA7F3F
:105ED0002FD2364B364AEE61CDE9003294F8761077
:105EE000D4F8843094F88820384601F059FC0646EE
:105EF00029F015F800220146042029F000F80020BE
:105F000001F0B6FDA54209D1D4F8A83033B1012182
:105F100004F18C0000F0AEFFFFF78CFFD4F8843062
:105F2000C4F8B03094F8883084F8AC30304603B010
:105F3000F0BDA54209D1D5F8A83033B1012105F152
:105F40008C0000F097FFFFF775FFD4F88430C4F899
:105F5000B030002194F8883084F8AC30284600F046
:105F600089FFD4F88430C4F89030637E84F8A5307B
:105F7000C4F8A860FFF7AAFA0E4B1B6890B1DB7952
:105F800094F8A52094F8760093423CBF02F1FF33C9
:105F9000DBB284F8A530FFF753FE074800F01CFF82
:105FA0000126C3E75B78EBE7E02900205555550053
:105FB000D6BE898EB02900206C2A00202DE9F04F32
:105FC00091F806A00AF10C0A8BB001EB0A0689468B
:105FD0000791F17A029031B1144662B9B04DD5F80B
:105FE000A830002B6BD007A82CF0FCF9002738460E
:105FF0000BB0BDE8F08F337BA94D13F03F0B4FEA98
:10600000931759D16A6A012C22F400326A6206F1B0
:106010000E0863D05FD9E01E0128E4D8B7FA87F0F4
:1060200040090028DFD003F03F008842DBDA002C73
:1060300000F0F581042C07D1B5F86C30580754BF37
:106040000A230E23A5F86C301BF0010F40F0688284
:10605000CDF80C801BF0020F40F05B821BF0040FA8
:1060600040F045821BF0080F07D0039A53780232A4
:10607000C3F30313039285F87730012C37D1337BB8
:1060800003F0C003402B01D0802B30D100231BF044
:10609000100FA5F88A3018BF039B6A6A1CBF033330
:1060A0000393B5F86C3022F4003223F060036A6287
:1060B0009BB2A5F86C3039E096F80DB0A2E7337BBF
:1060C00013F03F0B4FEA9317F6D16A6A22F40032BD
:1060D0006A6206F10E08032FA5D184E7B5F86C00BB
:1060E00000F00300C01BB0FA80F0400999E76D4A48
:1060F00059F80A300092039995F856005A4629F04B
:1061000055FC039B95F88A106A6A03440393B5F81B
:106110006C3023F060039BB20029CAD043F0200307
:10612000A5F86C3095F8893085F876301BF020039F
:10613000049300F05B8103988378C178069043EA6A
:106140000123A5F87A3000F112030393012C00F02B
:10615000AF80059228F011FF1BF0100F0FD1059AA8
:10616000514980F00100C2F3C012C3B295F86E002D
:1061700005922DF08DFE059A002800F0AE80042CCB
:1061800000F28580022C00F22581002C7CD1022FA8
:106190006A6A00F0CD8195F88B70002F40F028815D
:1061A000049B93B14FF0000895F877203E4995F88D
:1061B0006E0059F80AA029F069FD8146002840F0D8
:1061C000A380B8F1000F40F0C7801BF0400F18BF4C
:1061D000039B079A1CBF1B7885F87830337B0892A5
:1061E00003F03F086B6ADB0753D5002C40F0D680E4
:1061F0001BF0100F4DD14FF0FF3108A801F0DCF873
:10620000B37985F86B30737985F8793008A808F18F
:106210000D012CF048FB0898002800F0D380C480C2
:10622000B5F86C30099003F06003202B6B6A0CBF4B
:1062300043F4006323F400636B6243796FF300035C
:10624000437101221C2109A82CF0D2F9002840F04A
:106250004881099E154C7379B57943F00103737138
:106260000FCC3544E86029616A61AB6107CCE86115
:106270002962A4F164006A6231462CF066FA4FF09C
:106280008040FAF7B9FCB2E6012C00F0B481002797
:1062900086E708A82CF0A6F838460BB0BDE8F08FCA
:1062A000E0290020642A00204F2A0020482A0020EC
:1062B00050073ED4C2F3C012059228F05EFE80F073
:1062C0000100059AB0490592C3B295F86E002DF011
:1062D000DFFD059A002840F08E81002A00F08D80B5
:1062E000049B002B3FF47FAE95F87720A64995F8E4
:1062F0006E0059F80AA029F0C9FC00283FF473AEDB
:106300004FF00009C8464F4695F87630029306F1E3
:106310000C002AF047FA069A03465146029829F0E3
:10632000B7FCB8F1000F17D1B9F1000F3FF45BAE25
:106330004BE7F90707F0010348BFA046BAD503F0C1
:10634000FF00002B61D10746049B002B7FF42CAF8C
:10635000B8F1000F3FF439AFD5F8248028F00DFED6
:106360001BF0100F02D0012C7FF42FAF80F0010042
:106370008549C3B2C8F3C01295F86E002DF088FDB0
:1063800008F0800100287FF420AF00297FF42BAEB5
:1063900028F0FBFD00283FF418AF24E64FF0FF3152
:1063A00008A801F009F8B37985F86B30737985F89E
:1063B000793008A808F10D012CF075FA089800282A
:1063C0007FF42EAF01202CF040F8089000283FF415
:1063D0000EAE25E795F88B70002F3FF4E1AE0298E2
:1063E0006A490022FFF764FD0746D9E60693ADE649
:1063F00002986749C2F34042F4E71146104628F07C
:10640000C4FD00283FF4BBAE6AE7C2F3003200923D
:106410005D4B32460121002000F088FA93E7FF200F
:1064200095F8671085F86E007F2085F878004FF4A6
:106430007F40A5F87600C1F3030001F00F019B092E
:106440000529A5F86C30A5F87A4085F8750041D08B
:1064500013B142F400326A621BF0010F40F0A080D9
:106460001BF0020FCDF80C803FF4F8AD95F830002A
:10647000B27AB0FA80F35B09B3EBD21F08D00038D0
:1064800018BF01200399FDF717FF002855D1B27AF4
:106490000399D00928F073FD049028F061FD049A57
:1064A0000346002A40F09580D5F8A8307BB100F073
:1064B000F7FD384B834200F09B803648002100F006
:1064C000D9FC3548FDF710FC0023C5F8A830FFF7CC
:1064D00089FC88E5F179042908BF032185F8751046
:1064E000B6E76B6A43F4006309A86B62D2E6039BCC
:1064F0000133039328F013FD4FF6FF730093CDF89B
:1065000004900146204B95F86E20042028F0FFFCF3
:10651000A8E5A31E022BA9D8039B063303939DE590
:1065200095F86E30FF2B3BD006F11403039391E5F1
:1065300091073FF530AE274632E6B07A0399C0099D
:1065400028F01DFD049028F00BFD049A0346A2B923
:10655000002B44D1B37ADB09039885F87C300368BB
:10656000C5F87D30B5F86C300C4A8188918043F0D5
:106570000403A5F86C30831DD0E76A6AD205E7D51D
:106580006BBBFE23E8E700BF4F2A0020E71F040093
:10659000AB1F04006C2A0020742A00205D2A002012
:1065A000D6F80E30C5F86F302F4BB8F8041099802C
:1065B000B37A13F040031BBF42F48052012322F44C
:1065C00080526A6212BF85F86E3085F86E306A625A
:1065D000AAE76A6AD105D3D400283FF465AF95F8DD
:1065E00030300BB90223B7E7012B08BF0323B3E711
:1065F00000F0CCFF61E76A6A079802F004036BBB06
:10660000BF0703D502F0030103290FD095F88B30A3
:106610004BB102981549C2F34042FFF749FC4FF0D5
:106620000008074690E698461F468DE605932BF036
:1066300011FD059B08B96A6AE8E7B17A05934046FF
:10664000C1F3801100F026F9059B07469846002803
:106650003FF47AAE029A064BD36175E607F0010368
:106660004FF000086BE600BF4F2A0020E71F040030
:106670000B20040004282DE9F74F0D4617D007D84A
:1066800003286DD0294603B0BDE8F04F2BF055BC70
:10669000431F012BF6D8831F584258410021FEF7B3
:1066A000A7FF284603B0BDE8F04FFFF7E5BB01A800
:1066B0004FF000094FF0FF31CDF8049000F07CFE60
:1066C000019848B100F030FF0198FFF781F80828E1
:1066D00013D001A82BF086FE00F0E2FC854201D128
:1066E00000F054FF0121284600F0C4FBFFF7A2FB95
:1066F00003B0BDE8F04FFFF7CFB8019CDFF878801A
:10670000A379D8F838700C33BE791C4428F025FCE6
:10671000E8B128F01FFC002819DB0C3607EB060B4C
:10672000B85D0BF1080A4A465146C00928F029FC19
:1067300068B1D4F80E30CBF80830638AABF80C306F
:10674000A37ABA5DC3F3801363F3C712BA5500F09E
:106750001DFF94F9051098F87600FFF701FAB8E7E5
:10676000044B1B685978112003B0BDE8F04F01F0CD
:1067700095B800BFB0290020E0290020034B5B6AD8
:1067800013F0060F14BFF120E2207047E02900202B
:1067900008B500F085FC054B834206D100F0F6FEFB
:1067A000BDE80840002001F063B908BDE0290020E1
:1067B00073B5234C234801F05BF994F8673094F8E3
:1067C000662003F00F030021C82029F0FCF9FEF732
:1067D000ABFDB4F96020824205D0A4F8600001F05E
:1067E0004DF9A4F86200184800F080FF002211461D
:1067F000104628F084FB66682BF06AFC0246FFF71F
:10680000BDFFB61AB6F5FA6F05460ADC00F0CAFA03
:10681000627EA0F5AF71284602B0BDE8704000F07E
:1068200089BF6168019100F0BDFA637E0199A0F50E
:10683000AF72284602B0BDE8704000F0E3BF00BF71
:10684000E0290020B56B0100382A002038B500F09F
:106850009DFE00F0ADFAB0F5967F0D4C0CDDFFF714
:106860008DFF054600F09EFA627EA0F5AF712846C6
:10687000BDE8384000F05EBF2BF02AFCE36C626894
:106880009B1A0344E3640020BDE838402BF0F7BABC
:10689000E02900207FB5104C94F8455006462DB1F4
:1068A000013D84F84550002004B070BD0B4B0391AE
:1068B0001B680220597801F09FF894F83030039A51
:1068C000E06BCDE90053314603232BF00CFBE06B6A
:1068D00000F0FAFF0120E7E7E0290020B0290020BE
:1068E00010B5104C636A9B0608D500F04FFE94F972
:1068F00044100120BDE81040FFF732B904F1240331
:1069000053E8003F43F0080304F1240141E800325A
:10691000002AF3D1044B1B68BDE8104059780120D0
:1069200000F0BCBFE0290020B02900202DE9F04F85
:106930001F469C4B9D6BAC798BB00C34CDE9032189
:10694000021E01922A5D9DF850A008BF002161F34C
:1069500045122A555A6A394602F0400350460293BE
:10696000C2F3801828F00BFB2B198146285D03F138
:10697000080B5946C00928F002FB029B0646A3B942
:10698000A8B928F0FAFA80F00100C3B2424603F039
:106990000103394650462DF07BFA804648B94FF046
:1069A000000840460BB0BDE8F08F0123EEE7029BE4
:1069B000ECE7029B002B00F0BC807A4B5B6A9805E9
:1069C00040F1EC8028F0C6FA0028C0F2E7800022EF
:1069D0001146104628F0CFFA81462E5DC6F3801688
:1069E000B9F1000F0AD00023022128191A460844E1
:1069F0002BF04EFA2B5D60F386132B552A193B685A
:106A00009360BB88ABF804302B5D6AF3C7132B553A
:106A1000019BDBB9634A92F8B630BBB1013B82F807
:106A2000B630BCE70AF1FF32D2F1000A2B5D4AEB27
:106A3000020ABAEBD31FB2D106223946584635F0C6
:106A40003CFE06460028AAD18146E1E7564B1F6866
:106A50002BF03EFB2B19014603F10E00B847534BB8
:106A6000019A1B68002A59D15978022000F0C4FF0E
:106A7000039BDF7900F014FB4D4BC361DFF824A1C9
:106A8000DAF8380000F020FF039B1B680593039B96
:106A900038461989FEF702FC059B1844019B002B20
:106AA00042D1033F012F8CBF0423062340F2712201
:106AB00002FB0300039BCAF84000049A5B798AF842
:106AC0004430DAF824308AB343F4806343F020037F
:106AD000CAF82430029B8BB9019B7BB92B5D019ACC
:106AE000C3F3C013594608A88DF8203028F04BFA9C
:106AF0002B5D9DF8202062F3C7132B55B9F1000FD1
:106B00003FF44FAF002328191A46F1B202302BF0A0
:106B1000BFF92B5D60F386132B5542E7D97900202E
:106B200000F06AFF0127A9E70223BFE723F480638F
:106B3000CCE7002E7FF476AFB9F1000F3FF472AFCF
:106B400028F00BFA00283FF46DAF012208A90DF1DF
:106B50001F0028F018FA00283FF421AF9DF81F30DD
:106B60002A5D591E4B424B41B3EBD21F7FF417AF46
:106B7000062208A9584635F0A0FD064600287FF4F5
:106B80000EAF2A193B689360BB88ABF804302B5DCD
:106B9000DDF808906AF3C7132B5539E74FF0000969
:106BA0001BE700BFE029002028280020B029002092
:106BB0007566010004282DE9FF471ED005D803287B
:106BC00000F0B28004B0BDE8F087431F012BF9D874
:106BD00005384FF0010118BF0120FEF709FD2BF029
:106BE00077FA554AD36C51685B1A03440020D3648A
:106BF00004B0BDE8F0472BF042B903A800244FF0E1
:106C0000FF31039400F0D8FB039870B100F08CFCC6
:106C10000398FEF7DDFD0828064603D8474B1F5CA6
:106C200039070AD403A82BF0DDFB434B5B6A13F052
:106C3000060F0DD0FFF70AFE0AE00728039D0ED1CC
:106C400022463D482946FFF7B9F90446002CECD00E
:106C50000121084604B0BDE8F047FEF7C9BCDFF8E3
:106C6000D880D8F8244014F0040010D017F00200A7
:106C70000DD0AA790C322A440120917AC1F38013F5
:106C80000093C1F3401102F10C03FFF74FFED8F857
:106C90002430DA07044643D595F8069009F10C092B
:106CA00003F0800AA94428F068F999F80AC080F036
:106CB0000100BAF10002C3B218BF012209F10C01B0
:106CC000CCF380102DF0E4F810B3ACB9D8F8243030
:106CD00098072ED5F90715D528462BF0BBF90446A1
:106CE00050B1A8790C3028440C3010F8021CC1F3C4
:106CF0008011FFF7CFFD0446042E03D1D8F82430CD
:106D00009A070DD57B070BD52846FEF7C3FC9DE7F8
:106D1000BAF1000F04D1514628F037F90028D4D039
:106D2000284601F0A7FC91E704B0BDE8F047FFF763
:106D3000D7BD042EE6D1F3E7E0290020AE19050007
:106D40000528044B08BF03200622013802FB00304F
:106D5000704700BFB819050010B5074C2368DA0664
:106D600007D523F01003236018B9A168012028F08B
:106D7000C4F80023A36010BDA02A0020014610B56E
:106D80000446022028F0B9F8054B1B68D90305D446
:106D900063691A075CBF43F00403636110BD00BF61
:106DA000A02A0020014BD868DC387047A02A0020B8
:106DB00010B5034BDC682BF08BF9DC3C201A10BDBE
:106DC000A02A0020034B1B6813EA004314BF0120D4
:106DD00000207047A02A002038B5002303604369D3
:106DE000044658070DD5204650F8081FC90C01F479
:106DF000FC7141F00501FCF723FF636923F00403F4
:106E000063616369D90602D52BF062F960601848A6
:106E1000024652F8043F8BB92360146083684BB17B
:106E2000617E5A7E914219D26269D2060ED5002047
:106E3000FFF792FFBDE838402AF052B959686568FB
:106E4000491B0029E8DA1A461B68E4E75A681B69FF
:106E5000134462689B1A002BECDBE8E71A895B6835
:106E6000D31A62681344E268D342E3D5DFE700BF78
:106E7000A02A002038B50B4DAB680446A342084653
:106E800001D1FFF769FF6B68074A1BB1A34219687C
:106E900004D11160BDE838402AF022B91A460B46E9
:106EA000F3E700BFA02A0020A42A00202DE9F34721
:106EB000754D2B68580700F1DC80AB68002B40F063
:106EC000D88055E8003F43F0040345E80032002A2B
:106ED000F7D16C683CB32BF0FBF8D4E904370646D5
:106EE00017F0100FA06805BF616882B216FA80F231
:106EF0008A1A16BF6260921B0022F90723D4002A67
:106F000009DAE168591AD1421FD4626816FA80F092
:106F100013441B1A60602068D4F80480B8B9DC33CD
:106F20004344C5E9024355E8003F23F0040345E824
:106F30000032002AF7D1AC68002C67D102B0BDE85E
:106F4000F04700F089BB002AE5DA204652E04169AB
:106F50000289D0F804E0CF0648BF06EB020E11F01C
:106F6000010C08BFD0E90371AEEB020206BFC91BDA
:106F70008918114608EB03077F1A002F2ADDBB4250
:106F800005D9E768A1EB0801DC378F423CD9D4F87A
:106F900014A01AF0010F1FD12169D0F80C90E768F6
:106FA0004144B4F80880A1EB0901A1EB0801A1EB71
:106FB0000E01DC37B9420FDD971BBCF1000F03D186
:106FC0000169A1EB09010F44002F05DBC0F804E0C3
:106FD0004B46044600689FE7477E617E8F42F9D2A8
:106FE000921BBCF1000F03D1D0E903135B1A1A44C2
:106FF000002A02DAFFF7C2FE6BE71AF0100FA4D0E6
:10700000C368C0F804E0E4E70B46E3E7A36813F4C1
:10701000601FC3F3C2462FD100262B6843F0100334
:107020002B602146002027F068FF16B3A36813F4F5
:10703000601F04F10800C3F3C841C3F3C24508D080
:10704000013DEDB201F4FC7129430190FCF7F8FD1C
:10705000019801900321FCF761FE01980DB9FCF73E
:1070600043FEA268237E1344120C9BB21204134306
:10707000A36002B0BDE8F08704F10800FCF7EEFD64
:107080000028C9D1C9E700BFA02A002008B5034BDA
:10709000996809B127F031FF08BD00BFA02A002080
:1070A000014B9868704700BFA02A00200A4B70B5BA
:1070B0009C6884420FD12146012027F01EFF66689C
:1070C00025892BF005F8AD1BC54221464CBF002099
:1070D000022027F012FF70BDA02A0020024BDB6BBC
:1070E00003B11847FFF7D2BFF813002010B5064AC6
:1070F000C043131D53E8003F0340141D44E8003112
:107100000029F6D110BD00BFF813002010B5054AC4
:10711000131D53E8003F0343141D44E800310029C8
:10712000F6D110BDF813002007B50C4B10F0020F7C
:107130001B88ADF804304FF002000BD0FFF7E6FFDC
:107140008DF80400064B01A9986A34F0C7FD03B01E
:107150005DF804FBFFF7CAFFF4E700BFD019050094
:10716000F813002013B5144B04465B88ADF80430C7
:1071700040F20140FFF7BAFFE30503D54FF480600A
:10718000FFF7C4FF04F00F0001280CD0022810D034
:1071900010B901238DF80430084B01A9986A34F026
:1071A000B3FD02B010BD04238DF80430FFF7AEFF2D
:1071B000F2E78DF80400EFE7D0190500F81300207E
:1071C000F0B5124C85B00E46022300270546A06A92
:1071D000E372CDE902771BF061FE304602958DF82F
:1071E0000C702AF068FF0090617AA06A02AB3A4600
:1071F0001BF08EFE044628B902463346012128467C
:107200002AF055FF204605B0F0BD00BFF81300205E
:1072100070B582B019460446444D01931046009261
:107220002AF04BFFDDE9002320462AF04BFFD5E989
:10723000062300EA020401EA030654EA060314D016
:10724000630104F0806012D56B6819061DD4384BB9
:107250002340002B39D1374A06F020032240134344
:1072600057D1204631462AF024FF02B070BDA4F168
:107270000803334316D0A4F10C03334310D0231F6B
:10728000334331D12AF01BFFEBE72B1D53E8003FBE
:1072900023F08003291D41E80032002AF5D1E4E7FC
:1072A0002AF00CFFEB7A012B25D16A6812F0010F4E
:1072B0006A8C18BF03230132EB726A840420FFF743
:1072C0000DFF01202AF0FAFECBE7EB7A012B12D159
:1072D0006A6840F2014393430CBF03230023052057
:1072E000EB72FFF7FBFEBCE704F17F433343AED103
:1072F000EB7A022B03D004202AF0C5FEB1E76B68BD
:107300009A070ED50423EB722B8C013303202B84B8
:10731000D5E70420FFF7FAFE4FF00060F9F76CFCA8
:107320009FE713F02003EFD1EDE700BFF813002033
:10733000015001000DD50155014B986A704700BFFF
:10734000F813002010B5064CA06A34F0EBFD28B904
:10735000A06A34F0E9FD00F0010010BD0120FAE759
:10736000F8130020014B986A34F0E0BDF8130020B8
:10737000024B5868C0F34020704700BFF81300204C
:1073800010B504464FF40070FFF7B0FE094B986A41
:1073900034F0CEFD30B154B14FF40070FFF7B6FEBB
:1073A000002010BD002C0CBF00200C20F9E7204667
:1073B000F7E700BFF81300202DE9F04F0468594D9E
:1073C00089B006468846002C48D0A77920460C375D
:1073D0002BF0B0F927440A383C89B8F1FF3FA4EB01
:1073E000000402D04445A8BF4446B5F83890B0EB3D
:1073F000090713D4002C0EDD6D6B36683D44FF2C5D
:10740000224629463046A8BFFF222AF0CEFF241A82
:1074100036680544F3D109B0BDE8F08FA9EB000947
:10742000296BD6F800A0A145A8BFA14601EB000B2F
:10743000C846B9F1000F0DD04246FF2A59465046C2
:10744000A8BFFF222AF0B1FFB8EB0008DAF800A0CD
:107450008344F1D1A4EB09044F44CBE7A86A03AA03
:10746000032134F0C0FCBDF80E700294A146E8621E
:107470000A3702AC09E023601B682B602368C3F85D
:1074800000902368002F1C4611DD2B68453F002B20
:10749000F1D101202AF0D9FF034620600028F1D164
:1074A000019002A82AF09EFF019B3360B3E72B1DD9
:1074B00053E8003F43F008032A1D42E80034002C43
:1074C000F5D14FF00060F9F797FB0298BDF8102056
:1074D000437943F001034371069B30606B63059B66
:1074E0002A872B638379BDF80E200C3303441C716B
:1074F0001A819DF80C20297A9971072ADC711FBF27
:10750000AB8C0133AB846B8C0ABF012203F1FF33D8
:107510001A714FF00A0118BF6B842AF03BFF3468E0
:1075200053E700BFF8130020F0B58779164E0C37EB
:1075300087B0C4196A460546D6E90A0134F057FCFB
:107540002389B06A03336946ADF8043034F051FC46
:10755000009BEB519DF90E00FDF7DEFE6071B37AE2
:10756000022B02D8E37107B0F0BD9DF81130012B5A
:1075700004D0022B04D02BB90423F3E70323F1E753
:107580000123EFE70023EDE7F813002038B50E4C98
:10759000E37A23B10022114610462AF087FD002528
:1075A0002846E5722AF08AFDA06A0122032134F000
:1075B00036FBA06A2A46012134F01DFCBDE83840A4
:1075C0008020FFF793BD00BFF813002008B5FFF738
:1075D000DDFF044AD38C0133D3840620BDE8084084
:1075E000FFF77CBDF8130020F7B51A4E73685907F2
:1075F00004D50420FFF77AFDFFF7E8FF73681A0748
:107600000FD524F06DF8134C0546052723681BB9E8
:1076100001202AF01AFF20602468B4B9284624F01B
:1076200065F87368DB0613D51020FFF75FFD03F0E4
:1076300041F868B124F054F80190FFF7C7FF0198B2
:1076400003B0BDE8F04024F051B8013FDED1E5E7DA
:1076500003B0F0BDF813002010B50022084C10460E
:1076600011462AF023FDA06A1BF018FC2AF029FD20
:1076700020462AF0B7FEBDE810400820FFF736BDCF
:10768000F8130020014B986A34F08EBCF8130020E8
:1076900038B5154CA37A8342054610D0431E042BFF
:1076A00008D8DFE803F0030D11161800A06A1CF0DB
:1076B000C1F820B92846A572FFF742FB606138BDCA
:1076C000A06A2AF007FDF4E70121A06A2AF004FD70
:1076D000EFE70321F9E7FFF74BFE0028EAD0A06AA5
:1076E000FFF7D0FFE5E700BFF813002073B50446AD
:1076F0000F4D408900F030FBA07B28722AF0AEFCD1
:107700006872E07B002600F00F00FFF7C1FFD4E9AC
:107710000021A37BA86A009634F06BFC3246314608
:10772000304627F0ECFB20682AF0CAFC02B070BD9E
:10773000F8130020F0B585B00023184E00938DF8A3
:107740000C30C0F3401301278DF80E30C0F3001346
:1077500004461546F7728DF8047002918DF80D30CD
:10776000FFF700FD20B104202AF08DFC05B0F0BD2C
:1077700028462AF0A0FC717A03466A46B06A1BF0DC
:10778000D3FB2A460646C4F3801138462AF08EFC05
:1077900027F0B6FB002EE9D0E5E700BFF813002084
:1077A000F0B5174C85B00746104622722AF056FCF9
:1077B0001646607202460020CDE902600B980190E7
:1077C0000D460A9800900139C9B2A06A1CF03EF833
:1077D00006462846A572FFF7B3FA01256061E572F7
:1077E00016B1002005B0F0BD3846FFF7BBFCC0B2B3
:1077F0000028F6D18020FFF789FC2846F2E700BF79
:10780000F81300202DE9F043234D85B004460E46C1
:107810009046002110224FF0010968461F4685F866
:107820000B9034F082FFA86A1BF038FB00238DF820
:107830000430E3060096CDF8088005D56B691A88F8
:107840008DF80D904244029200238DF80C3038469A
:10785000C4F340138DF80E302AF02DFC697A0346EC
:107860006A46A86A1BF060FB28B104202AF00BFCD2
:1078700005B0BDE8F0832046FFF774FC3B460546A3
:10788000C4F38012012130462AF011FC27F038FBA6
:10789000002DEDD0E9E700BFF8130020094B10B52B
:1078A00001220C46DA72FFF75DFC10B104202AF0C9
:1078B000EAFB2246002101202AF0F8FB27F020FBFA
:1078C00010BD00BFF813002070B5044627F019FB67
:1078D000A179E279114E521A0C3105460123B06AA2
:1078E000D2B2214434F079FAE079A379C01A55FA7A
:1078F00080F524680CB9356170BDA179E279B06A70
:10790000521A0C310023D2B2214434F066FAE379E2
:10791000A2799B1A55FA83F5EBE700BFF813002014
:107920002DE9F84305460C461646984627F0E9FA35
:10793000A979EA79DFF87490521A0C3107460123CD
:10794000D9F82800D2B2294434F047FAE879AB7963
:10795000C01A57FA80F70CB3E379A2799B1ADBB20D
:10796000B3421FD3B8F1000F18DDA179E579D9F83A
:1079700028006D1AEDB2AD1B454501F10C01A8BF01
:107980004546314421440023AAB234F026FA246843
:107990002F44A8EB05080026002CE3D1C9F810708D
:1079A000BDE8F8832468F61AD5E700BFF813002075
:1079B00073B5104E02230D46F372FFF7B5FB044674
:1079C00028B1042002B0BDE870402AF05CBB284614
:1079D0002AF071FB2A460190214601202AF066FB1D
:1079E000019B717AB06A22461BF084FA0028E8D124
:1079F00002B070BDF8130020084B10B502220C46EF
:107A0000DA72FFF791FB10B104202AF03CFB22460A
:107A1000002101202AF04AFB10BD00BFF81300200E
:107A2000014B187B704700BFF813002058B1094A7A
:107A3000134652F8041B51B9074A9B1A9B10074A78
:107A4000013B13737047054B01221A737047814243
:107A5000EED2F1E7D8190500D4190500F81300207B
:107A6000024B1B6803B11847704700BFB02A0020C3
:107A7000014BD863704700BFF813002073B50F4B5C
:107A80000F4E9B7DFF2B044615D1ADF8040000235B
:107A9000B06A8DF803300DF1030201A91BF086FED8
:107AA0009DF80350B06A22462946F5F743F940EAAB
:107AB000052002B070BD034B1D78F3E72C31002088
:107AC000F81300204431002082B0054BADF80400CB
:107AD000C2B2C0F30721986A02B0F5F7A3B900BF9C
:107AE000F813002010B50D4C0021A06A34F0DCF82A
:107AF0000B49A06A34F045F9FE21A06A34F02EF952
:107B0000A06A1BF073FC074BB3F910208242C8BF78
:107B100018821A8A9A805A8ADA8010BDF8130020D7
:107B2000443100202C310020F0B585B0174CADF861
:107B30000630C823ADF80000ADF80420ADF80830D9
:107B4000ADF80A306A468223B4F91000ADF802108D
:107B5000ADF80C30ADF80E3002AD0421134632F909
:107B6000026B8642C8BF22F8020C35F9026B32F96B
:107B7000027CB742C8BF22F8026C0139EFD103CBB7
:107B8000034BA060596005B0F0BD00BF2C31002050
:107B90003431002073B50646F5F7BCF9344D03685F
:107BA0002B608388334CAB80FF2E4FF00003A37013
:107BB000238008BFA6752B782F4E8DF8013018BF93
:107BC000A3750DF10303B06A0DF102020DF101017D
:107BD00034F0A3F99DF8013040B90133DBB2022B38
:107BE0008DF80130EDD9012002B070BDA27DFF2AD1
:107BF00000D0A3758DF805302B709DF802308DF8FC
:107C000004300198FFF760FFC828C4BFC82323824F
:107C10009DF803308DF80430D8BF20820198FFF71B
:107C200053FF10F5FA7FB4BF4FF60C636082B4F9CE
:107C30001000B8BF6382FFF721FFADF80400019880
:107C4000FFF742FF2082B4F91200FFF717FFADF8EB
:107C500004000198FFF738FF4FF6FF73A3826423F7
:107C600060821A4618461946FFF75EFF0020BBE700
:107C7000443100202C310020F8130020034A034631
:107C8000B2F906000BB1FDF74FBB70472C31002055
:107C9000084B10B5B3F9044030B903EB4103B3F915
:107CA00006309C42A8BF1C46A242A8BF22461046EE
:107CB00010BD00BF2C310020014BB3F912007047FA
:107CC0002C310020014BB3F9100070472C310020FB
:107CD00073B50F4D064623F003FDB5F91230B342DC
:107CE000B8BF334604461846B5F910309842A8BFCD
:107CF0001846FFF7C3FEADF804000198FFF7E4FE55
:107D0000E880204602B0BDE8704023F0EFBC00BF21
:107D10002C31002073B50F4D064623F0E1FCB5F978
:107D20001030B342A8BF334604461846B5F91230A6
:107D30009842B8BF1846FFF7A1FEADF804000198BD
:107D4000FFF7C2FEA880204602B0BDE8704023F0D5
:107D5000CDBC00BF2C310020F0B5C0F3072585B0A5
:107D6000FE2DADF8040027D0144C9DF8047023F0CC
:107D7000B7FC637DAB4206460ED0114B18689B885A
:107D8000ADF80C300F4B029002A9986A8DF808509C
:107D900033F0F7FFFF232375237DBB4206D0094B49
:107DA0003946986A33F0DAFF27756575304605B0B5
:107DB000BDE8F04023F09ABC05B0F0BD2C310020A6
:107DC00044310020F81300202DE9F047DFF84490FB
:107DD00086B007460E4614460DF10808A9F1100AB0
:107DE000CDE900980B4B3A468021504624F0DDFB4C
:107DF0000028F5D1102C254628BF102530462A46EC
:107E0000414634F06AFC641B2F442E44E8D106B08E
:107E1000BDE8F087403A002030B589B0202269469D
:107E20000D4DFFF7D1FF6A4604AB144603CC9C42CC
:107E300028606960224605F10805F6D1074C08ADB7
:107E40001A4603CAAA4220606160134604F108047E
:107E5000F6D109B030BD00BF303A0020403A0020D2
:107E600010B588B06946202000F020FE044630B9E5
:107E70006846FFF7D1FF034B012283F820202046FC
:107E800008B010BD303A002070B5134B93F8203085
:107E90008CB005460C460BB9FFF7E2FF0023CDE995
:107EA0000033CDE9023354B91C22214605A80494BD
:107EB00034F03BFC04A8FFF7AFFF0CB070BD102CF2
:107EC000264628BF1026294632466846FFF77CFF23
:107ED0003544A41BE7E700BF303A0020094A516847
:107EE000C84390FAA0F048B1B0FA80F0042805DC4D
:107EF000012383400B43536040B270474FF0FF3083
:107F0000704700BFD02C0020034B04480021C3E978
:107F10000011282234F009BCD02C0020D82C0020DD
:107F200013B50190FFF7DAFF054B0199044600B243
:107F300003EBC0002AF04EF9204602B010BD00BF8E
:107F4000D82C002010B5C4B2042C14D80A4B03EB73
:107F5000C000043050E8003F0B4340E80032002AE4
:107F6000F8D101220549A24051E8003F134341E8FE
:107F700000300028F8D110BDD82C0020D02C0020D3
:107F8000F7B51B491B4A1C4C012508260427086825
:107F900010B3137805FA03F318421FD0DB4351E8FE
:107FA000000F184041E8000CBCF1000FF7D1137826
:107FB00016FB0373234453E8000F43E800CEBEF1E1
:107FC000000FF8D1019048B110780C4901AA04EBD8
:107FD000C0002AF03BF9012003B0F0BD13784868D7
:107FE00083423ABF0133DBB200231370CFE700BFF7
:107FF000D02C0020513A0020D82C00207856341282
:10800000024B1868003818BF01207047D02C0020A0
:1080100010B5044623F064FB074B1B684BB1DB68CB
:108020001B1B002BCCBF0024012423F05FFB204648
:1080300010BD1C46F9E700BF042D002038B50546E9
:1080400023F04EFB094B1A684FF0FF341AB923F0A6
:108050004DFB204638BDD2E903310B445B1B23F0B6
:1080600000439C42526828BF1C46EFE7042D0020C5
:108070002DE9F3470C9F9DF82C900D46984611462C
:10808000064608B103687BB937B12846B84740F2C5
:10809000034002B0BDE8F0870029F8D0002DF6DBE0
:1080A000084600F07FFCF2E7019223F019FB8246BC
:1080B000484600F0F3F90446504623F017FB0199B7
:1080C00064B91FB12846B8471A20E2E70029FBD05F
:1080D000002DF9DB084600F065FCF5E784F8189000
:1080E000DFF874900A9BA5600025C4E907876161E9
:1080F000266023616560D9F80030984708EB0006D8
:1081000023F0EEFA07461248E66003681A4632B1D9
:10811000D168891B002913DBD1688E4210D09DB92C
:1081200063600C4B04601C682CB1D9F80030984790
:10813000FFF784FFA047384623F0D8FA0020A8E7CD
:10814000516815460A46E2E76A6862606C60F2E7C9
:10815000042D0020142D00200C2D00202DE9F74FB8
:10816000DFF8949000900C4690461D4623F0B8FA34
:10817000DFF888B0D9F800A006460027BAF1000F52
:1081800005D1304603B0BDE8F04F23F0AFBADAF8BE
:108190000020009B9A421FD134B1DAF808202168F0
:1081A00022F000428A4217D185B9DAF80420BFB91B
:1081B000104BC9F800201A68019292B1DBF8001048
:1081C0008847FFF73BFF019A90470AE0DAF814006E
:1081D0004146A8470028E8D05746DAF804A0CDE782
:1081E0007A60DAF804200192504629F09CFF019A47
:1081F0009246C3E7142D0020042D00200C2D0020F2
:10820000014B1860704700BF142D002070B50B4B58
:1082100004460E4615461978094A0A482AF02FFCEA
:10822000094A00231360094A1660094A242115608F
:1082300007202246BDE8704000F0B2B86A3A00203C
:10824000F8190500523A0020042D00200C2D0020C2
:10825000102D002030B587B0044618460023059342
:10826000094B1B680D4613B9212007B030BD05A985
:10827000039298470028F7D10090059B039A29465E
:10828000204629F08BFFF0E7102D0020F8B50546B9
:1082900010200F46164600F065FB0A4B044618787E
:1082A00018B1102221462AF0EDFB44B10123E3600E
:1082B0002B682360C4E9017600202C60F8BD1A20E9
:1082C000FCE700BF523A00202DE9F843254FDFF8C4
:1082D000A480254D38603868FFF79AFE30B9234BEB
:1082E0001B689847BDE8F843FFF7A8BE23F0F8F9EC
:1082F000D8F80040064674B16368C8F800301C4BDB
:10830000D3F80090B9F1000F05D0184B1B689847BF
:10831000FFF794FEC847304623F0E8F92C60002CA4
:10832000D9D0A36833F0004305D1286829F0FBFEBB
:1083300000232B60CFE72368002BF6D018680028B5
:10834000F3D0A26832F00043EFD0D0E9006963694E
:1083500021688068C8470028E7D1002EE5D0304664
:10836000EFE700BF082D0020002D00200C2D00207D
:10837000142D0020042D002038B505460C4623F0AE
:10838000AFF9064B1B683BB1DA692A601B692360B1
:10839000BDE8384023F0AAB92B60F8E7002D002093
:1083A0002DE9F74FDFF88C90DFF88CB009EB001562
:1083B00003314FEA001A4FF6FC770F400024DBF838
:1083C000003029F80A7080466A80EC6002FB07F0F2
:1083D0001646984717FB06F39BB268602B8110B3D3
:1083E0000093124A9BF8041052F8282003461048C4
:1083F00040442AF045FB21462A89686834F095F903
:10840000214623469E4206DCD1440020A9F80260A2
:1084100003B0BDE8F08F6A68E86850505418EC600B
:1084200001333944EEE71A20F2E700BFF81A0500DD
:10843000533A002080260020182D002070B50B4EE6
:1084400006EB00150446696839B1094B2A89185CA6
:108450002AF017FB686800F0A5FA06EB041010225A
:10846000BDE87040002134F060B900BF80260020D4
:10847000533A0020044B19601A71986002010021E0
:10848000024834F052B900BF182D00208026002089
:10849000014B185C704700BF533A002070B50A4C7E
:1084A00004EB00130601DD68084B185C18B1A25BF1
:1084B00029462AF0E7FA2DB134442B68E36063883B
:1084C000013B6380284670BD80260020533A00207F
:1084D000024B03EB00108078704700BF802600201D
:1084E000094B03EB001310B45A88DC680C600132AE
:1084F000D9605A80054B185C18B15DF8044B2AF01E
:10850000C2BA5DF8044B704780260020533A002021
:10851000044A010102EB0013505A10B11B89B3FB4E
:10852000F0F0704780260020F8B5194B9B68984200
:1085300005460C4628DA39B3164B03EB0016010149
:1085400072681AB35B5A3289B2FBF3F20732D2086F
:10855000FF21201D34F0E9F8F36801271BB92570CD
:1085600063801846F8BD726831889A1A92FBF1F25E
:1085700004EBD20002F00702017907FA02F221EAC5
:10858000020202711B68E9E72120EBE71120E9E70D
:10859000182D002080260020F0B538B331B30378C1
:1085A000134A4FEA031C02EB03134FF0010E1C8920
:1085B000438832F80C70B4FBF7F4A34201D32D20AA
:1085C00011E000EBD30603F0070536790EFA05F546
:1085D0002E4203F1010507D06244526803FB0723D2
:1085E0000B6045800020F0BD2B46E6E72120FAE72E
:1085F00080260020174B37B500241C70164B174DF2
:108600001C60174B2C6020461C706C60AC60FFF740
:108610007FFF80B2A0F10E036B80A0F11403013044
:1086200068812046EB80FFF733FF0E4C0190014636
:108630000D4A601C2AF023FA01990C4A20462AF0C0
:108640001EFA0B4A0199A01C03B0BDE830402AF085
:1086500016BA00BF643A0020242D00204A310020C1
:10866000683A0020653A00203C1B0500451B0500C8
:108670004F1B050070B5044680B323F031F86379D1
:108680006FF382036371237913F01006054605D05A
:1086900010232371BDE8704023F028B803F00303D2
:1086A0000F4931F82320013A21F823203046214692
:1086B000FFF716FF0B4B0C4E1C681CB90A4B2846E3
:1086C0001C70E7E7237A1BB933781BB92468F4E7F9
:1086D000012BFBD1636820469847F7E770BD00BFC8
:1086E0004A310020242D0020643A00202DE9F04F6B
:1086F0000546680748BF05F0F70589B0DFF8B08187
:10870000039205F00306019122F0EAFF08EB8603CD
:1087100038F826205B889A4205F0EF0B81464FEA35
:10872000860738D20020FFF7B9FE044678B338F840
:108730002630013328F82630484622F0D7FF002C97
:1087400072D129071BD515F0E003029317D04744D7
:1087500022F0C6FF7B8838F82620DFF854814F4F7F
:108760009A422CBF00230123009322F0BFFF08EBA5
:108770008603A14604934A4B1B7899450DD385F097
:1087800004005946C0F3800000F0D0F87BE0454B70
:1087900001221A70D0E70024CEE73B78029A1A42F1
:1087A00004D0D7F804A0DAF800301BB909F10109A8
:1087B0000837E0E7079300215A79D2074DD51A7997
:1087C00050074AD50098002843D001B1079350467E
:1087D00029F026FE0179079007A8009129F002FEF2
:1087E0000099002000F0A2F822F07AFF049B38F8EC
:1087F00026105B88994234BF012300230246009370
:108800000BD200200592FFF749FE059A079050B35E
:1088100038F82630013328F82630104622F066FF5B
:10882000079B002BBFD01C46002363602360A3601E
:108830006379039984F804B043F004036371019BE6
:10884000A3711944E17122F04BFF174B07461D68D5
:1088500014E002F003029642B7D09A461B68012149
:10886000002BA9D19FE70F4B01211970D5E72B7A77
:10887000012B02D16B68284698472D68002DF6D150
:10888000384622F033FF094B985D18B14522214646
:108890002AF0F8F8204609B0BDE8F08F282D002016
:1088A000683A0020643A0020242D0020653A002018
:1088B0004A31002010B5044622F012FF034B1A681B
:1088C00022601C60BDE8104022F010BF242D002063
:1088D00010B5064B1A78541C1C70054B00F0E000D4
:1088E00003F8320003EBC203596010BD683A002060
:1088F000282D0020014B00221A607047402D0020D7
:1089000010B5044622F0ECFE074A13682BB9146038
:108910002360BDE8104022F0E9BEA34202D01A460F
:108920001B68F3E710BD00BF402D0020064B70B55B
:108930001C6805460E4604B970BD6368314628467A
:1089400098472468F7E700BF402D0020024B034AF8
:10895000197803482AF093B8693A00205C1B050097
:108960006A3A002013B5033020F00302104601924A
:1089700024F0DDF90A4B019A0446187818B1214613
:108980002AF080F8019A34B911460220FFF7CEFF91
:10899000204602B010BD0021204633F0C6FEF7E7A6
:1089A0006A3A002010B5044628B1054B187810B17A
:1089B00021462AF068F82046BDE8104024F0E7B9C7
:1089C0006A3A002038B50B4C0B4B206800251D700F
:1089D00028B125F087FE2068FFF7E4FF2560074CEB
:1089E000206830B126F0EBF82068FFF7DBFF0023AA
:1089F000236038BD442D00206C3A0020482D002013
:108A0000F0B5234E337885B0002B3FD1214B224F58
:108A1000224A1978224C38462AF031F824F06AF9B3
:108A20000390FFF79FFF014620603878039A08B152
:108A30002AF028F8236883B124F05EF90390FFF749
:108A400091FF184D039A28600146387808B12AF042
:108A500019F82B681BB9FFF7B5FF1A2011E0206841
:108A600025F033FE2868F7F779FD00232A680E49C0
:108A70002068009325F04AFE28B1FFF7A3FF40F2DB
:108A8000074005B0F0BD01233370FAE70020F8E796
:108A90006C3A00206A3A00206B3A0020661B050001
:108AA000442D0020482D00200FEC03000D4B1B78B7
:108AB00013B502460C465BB10B4B2146186825F0F6
:108AC000C8FE002840F2074008BF002002B010BDD9
:108AD000019006490648FFF793FF019A0028EBD062
:108AE000F4E700BF6C3A0020442D0020EFBEADDE5D
:108AF000BEBAFECA0149024829F06CBBC41000206E
:108B0000A42D00200A4B1022DA8228216422C3E916
:108B100006124FF6FF721A8402225A60002283F86E
:108B20002B200F2283F82D0083F82C20704700BFE4
:108B30004C2D002038B502F041FF40B9094B1A68AE
:108B400093F82A102832034638248B4200DB38BDC4
:108B500004FB03F55559ED0601D40133F5E7012077
:108B6000F5E700BF4C2D002013B5114C94F82B30C5
:108B7000DBB1626812F0010217D104F10800019222
:108B80002AF083FEFFF7D6FF019A70B194F82C30DB
:108B900008484EF660214B434FF48271FFF75AFBB1
:108BA00018B9636843F00103636002B010BD00BFF1
:108BB0004C2D0020A42D002022F00042052A10B5E3
:108BC0000DD0B2F5827F14D0032A06D1114A536822
:108BD00023F00203536002F001FF002010BD0D4A94
:108BE0001B88118D99424FF00000F7D110850120AC
:108BF000F4E7084B5A6893F82B4022F00102012C4D
:108C00005A60F4D102F016F9FFF7AEFF204602F0E9
:108C10008DFFECE74C2D0020004870475B2D0020B5
:108C2000054B93F82B0003F108020F3301280CBF0A
:108C300010461846704700BF4C2D0020F0B48279D2
:108C400012F0280F03462AD0164A0168C2F80F1006
:108C50008188A2F81310817951754FF0380C0021EA
:108C600092F82A00884207DC536843F00403F0BC02
:108C70005360032002F05ABF17680CFB01F6BC19C1
:108C8000A56A15F4404F08D11868B85145F0080599
:108C90009E889879A071A680A5620131E0E7212025
:108CA000F0BC70474C2D00204379024A9B09D05CF0
:108CB000704700BF8E1B05000B6810B503608B88E2
:108CC0008380FF2A044602D10723A37109E0032A07
:108CD00008D8054B9B5C8371072B02D1FFF7E4FF9B
:108CE000A07110BD0023F0E78A1B050010B50B68CA
:108CF00003608B888380FF2A044602D10723A37177
:108D000010BD052A0FD8094B995C8171CB0605D59A
:108D1000FFF7CAFF81421CBF0023A371204629F040
:108D2000E3FE0028ECD10023E9E700BF741B050037
:108D30008379024A03F00703D05C70477A1B050071
:108D400010B582798B79094C02F0070203F0070312
:108D5000A25CE35C9A4206D1062233F0AEFCB0FA84
:108D600080F0400910BD0020FCE700BF821B050019
:108D7000F7B504460C2016460F461D46FFF7F2FDD8
:108D8000024620B908A829F02DFB03B0F0BD20460B
:108D900040F2035150F80C3B93F86C301370089B71
:108DA0009360054B57801671D58001930023009383
:108DB00029F0FDF9E9E700BF6F390400F7B5044673
:108DC0000C2016460F461D46FFF7CCFD024620B983
:108DD00008A829F007FB03B0F0BD204640F201517E
:108DE00050F80C3B93F86C301370089B9360054B64
:108DF00057801671D58001930023009329F0D7F98D
:108E0000E9E700BF6F39040070B50A4E0D4631889E
:108E100004462BF0AFF933886189AB4228BF2B465B
:108E2000172BB8BF172363812046BDE870402BF095
:108E300032BC00BFFE1200202DE9F04385B004468D
:108E400003912BF041FC039883790C33C518C75C60
:108E500029F070FC1E2F804615D8012F34D9BB1E77
:108E60001C2B31D8DFE803F01330133013301330EC
:108E700013301330133013301330303013301330BD
:108E800030303030130007F07F03522B1CD1039E8B
:108E9000304696F8069029F04DFC628983B29A42DA
:108EA00024D217F001020AD107F07F03522B06D01B
:108EB0001E2F04D00423394620462BF047F903A87F
:108EC00029F090FA21260AE006230022394620469E
:108ED0002BF03CF903A829F085FA41F2061620464A
:108EE0002BF0F7FB304605B0BDE8F0834E44013B64
:108EF000327B1E2A9BB241D8012AD2D9023A1C2ABF
:108F0000CFD801A151F822F0998F0100A38E010062
:108F10009D8F0100A38E0100938F0100A38E01009D
:108F2000898F0100A38E0100998F0100A38E01009B
:108F30009D8F0100A38E0100A18F0100A38E01006F
:108F4000898F0100A38E0100D18F0100A38E010043
:108F5000A38E0100A38E0100D58F0100A38E010016
:108F6000D98F0100A38E0100A38E0100A38E010002
:108F7000A38E0100A38E0100DD8F0100522A27D0AD
:108F8000D22A8ED10D2B05E0062B0FD0142B88D1C1
:108F90000CE0052B85D909E0022BF8E7042BF6E756
:108FA000032B7FF67EAFD9073FF57BAF022F1FFA69
:108FB00088F900F0AB8023689E6816F4007640F0D4
:108FC000068104F1440029F00DFA039B636486E7EF
:108FD000012BDFE7032BDDE7012BD8E7002B7FF424
:108FE00060AFE3E720462BF002FC064600283ED1A6
:108FF00020462BF0F7FB002839D007F07F03522BD7
:1090000000F08980082F27D1B9F1150F0CBF10206F
:109010000220691D2BF0D1FBF0B16369DA0749BF6B
:1090200023F0010343F00103636131465CBF6361D8
:10903000012120462BF0F2FBB5F80110B5F8032012
:10904000B9F1150F05F1050500950CBF102302239A
:10905000204629F0B6FF5EE0636913F001023FD0BD
:1090600023F001036361002120462BF0D7FB1E2F64
:1090700045D8012F47D9BB1E162B44D801A252F860
:1090800023F000BF0D910100079101003F91010005
:10909000079101004F9101000791010039900100F3
:1090A0000791010071910100079101007D9101007C
:1090B000079101008D910100079101001F910100AE
:1090C000079101009D9101000791010007910100A6
:1090D00007910100BB91010007910100C5910100BA
:1090E00043F0010363610121204602922BF096FBBD
:1090F000029A1223394620462BF028F80BE0522F13
:1091000054D0D22F07D006230022F3E7B5F8011080
:109110002046FFF779FE03A829F064F944E0B5F88A
:109120000110B5F80320B9F1150F05F105050095FB
:109130000CBF3B460223204629F09BFEEBE7B5F827
:109140000320B5F80110204629F0EFFFE3E7A9F16D
:109150000709B5F80530B5F80320B5F801101FFA76
:1091600089F007350190009520462AF061F8D2E792
:10917000B5F8011020462AF0C8F8CCE7B5F803206E
:10918000B5F8011020462AF0C5F8C4E71FFA88F2A6
:10919000013A691C20462AF0C1F8BCE7039AB5F8E9
:1091A000011020462AF02FF9002698E6039AB5F818
:1091B000011020462AF077F9F6E7039920462AF0B5
:1091C000B1F9F1E7697820462AF012FAA3E71E2FD9
:1091D0007FF408AF20462AF02BFA9CE77FB5174AA8
:1091E0001368064623F0080342F6052013602BF0AF
:1091F00010FE054650B1684603F092F800202BF0AF
:10920000C5FA044620B929462AF060FA04B070BDB8
:10921000102204F12101684633F04FFA38B10121E0
:1092200020462BF0FBFA636923F0010363611EB152
:10923000314620462BF0C4FE2046E0E7642E002095
:1092400007B5837801916A46082104488DF80030FB
:1092500028F0FCFF03B05DF804FB00BFA42D002044
:10926000054B0022C3E90322C3E905221A70DA6123
:109270004FF6FF725A847047802D0020014B186012
:10928000704700BF7C2D00200D4B827813B55A60CB
:10929000B0F8032091B2102910D040F60344A14247
:1092A0000CD041795B8C8DF80210ADF80420054894
:1092B000ADF800306A46052128F0C8FF02B010BDA5
:1092C000802D0020A42D002037B58279019003461F
:1092D0000C3210449B5C132B0ED8042B10D9053B89
:1092E0000E2B0DD8DFE803F01D0C0C1D0C0C0C0C24
:1092F0000C16190C0C0C2100302B12D03E2B18D060
:10930000FAF794FD019B834202D001A829F06AF884
:1093100003B030BDFFF7B8FFF2E70E4BC2785A60DA
:10932000EEE701A902F00EFDEAE701A92AF00EFC22
:10933000E6E7094D0024019B43B155F8043B00903A
:1093400001A9013498470D2C0098F4D101A829F007
:1093500049F8D5E7802D0020941B050007B500F0E3
:10936000E7F820B103B05DF804EBFFF7ADBF00F004
:10937000EBF8019018B1054B1B681BB1984703B07F
:109380005DF804FB01A829F02DF8F8E77C2D0020FA
:10939000024610B1022804D070470348032128F088
:1093A00011BFFFF7DBBF00BFA42D0020024B1A78CE
:1093B000024B53F822301847802D0020C81B0500AF
:1093C00010B504460120FFF7F1FF034B1C70BDE808
:1093D00010400020FFF7EABF802D002010B50621C5
:1093E000044642F205002AF002FA2368C0F803306E
:1093F000A388A0F807300648FAF73AFD2AF03BFAAE
:10940000407920B12AF037FA407940F4805010BDFD
:10941000130A040010B5062104464FF628402AF02E
:10942000E6F92368C0F80330A388A0F8073006489F
:10943000FAF71EFD2AF01FFA407920B12AF01BFA34
:10944000407940F4805010BDC93F0100014828F028
:10945000E7BF00BF902D00202DE9F3410D46B0F885
:109460006A10019240F6FF73994205D101A828F0D5
:10947000B9FF02B0BDE8F08113460121A3BB1F482C
:10948000114629F062F9FFF7E1FF04460028F0D009
:1094900029F050F96379A66803F001086FF300031F
:1094A000074663710421204629F086F843798179C3
:1094B000B6F86A208660044668F300030C314371F5
:1094C000DB4362540844C2F3032203F0010342EA7F
:1094D0000313437047802246304629462AF03BFB5F
:1094E0002046FAF7D5FCCEE75C79986024F00304B7
:1094F0000C435C7100211B68C0E700BF902D002069
:1095000070B5074C0546206800B970BD8368AB4252
:1095100004D10668FFF7AEF82660F4E70446F2E7E8
:10952000902D00200146014829F00FB9942D00200C
:10953000014828F075BF00BF942D00200146014866
:1095400029F003B98C2D0020034BD86818B103F122
:109550000C0028F065BF7047802D0020044BDA68AE
:1095600022B95869003818BF0120704701207047A0
:10957000802D00200138C0B20A289ABF014B185C28
:1095800000207047D01B050007B5064828F048FFAB
:10959000042101900DEB010029F085F9019803B039
:1095A0005DF804FBA82D0020F7B5186810F0020044
:1095B0001ED0164E3168D1B10024042223460DEB93
:1095C0000200019428F004FFBDF80630DB0702D446
:1095D000FFF7DAFF04460E4F002557F8043B23B18E
:1095E000BDF804002146984720B1336833B9012003
:1095F00003B0F0BD0135062DEFD1F6E7054B022192
:1096000093F90000FEF79EFCF1E700BFA82D0020B3
:10961000AC2D00206D3A002010B50948FEF780FC03
:10962000084B09491870002420200C60FFF750F9FE
:10963000064BC3E90044C3E90244C3E9044410BD36
:10964000D41000206D3A0020A82D0020AC2D002061
:1096500010B54178012903460BD802469B7812F8D1
:10966000030B2AF052FF0446074800F0FBFE8480FB
:1096700010BD082906D101469A7811F8030B2AF08B
:10968000F5FFF0E72124EFE72002040F10B5827800
:109690004178007801F0B4FE0446024800F0E2FE92
:1096A000848010BD2002040610B5D0F801100078A7
:1096B00001F0A2FF0446024800F0D4FE848010BDF1
:1096C0002002040710B582784178007802F028F86B
:1096D0000446024800F0C6FE848010BD2002040942
:1096E00073B5411D027904466846FFF7E5FA6846FE
:1096F0002AF020FE054668462AF0AAFF06460948D9
:10970000E4782AF03FFB034648B104710098C3F89F
:109710000500BDF80420A3F80920DE721D7302B015
:1097200070BD00BFF81B050013B5C37A0093B0F8F5
:109730000930D0F80520D0F80110007801F0C8FCFD
:109740000446034800F08EFE848002B010BD00BFC6
:109750002002040310B54178007801F0EBFC0446C8
:10976000024800F07FFE848010BD00BF2002040488
:1097700010B5064B064A417800781A6001F0F8FCF3
:109780000446044800F06EFE848010BDC42D002005
:10979000E19601002002040537B54478FE2C054609
:1097A00027D06CB91B4800F05DFE21230371447182
:1097B000D5F80230C0F80630EB88438103B030BDE5
:1097C000022C17D16946532029F06EF90446E0B9FE
:1097D0002878694601F0F0FC04460E4800F042FE8D
:1097E000848003460098C3F80600BDF804205A811F
:1097F000E4E700242246A91C6846FFF777FA9DF8A3
:10980000063013F0180FE3D1212400230093CDF884
:109810000330E2E72008041010B5007801F0F6FCF0
:109820000446024800F01EFE848010BD2002041190
:1098300037B5FF230DF107008DF8073001F064FD07
:10984000044604489DF8075000F00CFE84808571A2
:1098500003B030BD2003040110B5007801F07EFD97
:109860000446024800F0FEFD848010BD2002040280
:1098700010B5007801F02EFD0446024800F0F2FD1C
:10988000848010BD2002040A8378132B10B50C4687
:1098900008D1054B1B6803B198472046BDE810402E
:1098A00028F0A0BD10BD00BFC42D00202DE9F04F51
:1098B0008DB0CDE906121F469DF9583008934488B3
:1098C000DDF85C90E106054614D5A4F110039BB2C7
:1098D000032B1FD82F4AD65CDFF8BCA038462AF0ED
:1098E000B7FE04F060040590D9F80030A3B90DB0BC
:1098F000BDE8F08FE20709D4230709D414F0020F62
:109900000CBF0326022646F08006E5E70126FAE7AB
:109910000426F8E70426DFE70DF12B030193EE237D
:10992000009320224023214648462AF08DFA6B7B83
:10993000099395F90E30029395F90F300B9003932C
:109940000BAA6B780493042150469DF82B80B5F840
:1099500010B02AF04DFA099B0028C5D048EA060845
:1099600080F804803A68C0F80520BA88A0F8092079
:10997000059AC272C373089A029B02730374069A13
:10998000039B42734374079A049B82738374A0F809
:1099900013B0A9E7181C05001C1C050010B5B0F891
:1099A0000110B0F803200078002301F0E9FF04461D
:1099B00008B901F0A3FF024800F054FD848010BDF7
:1099C0002002050638B50546007801F067FF044619
:1099D00020B96978287802F06FF80446024800F050
:1099E00041FD848038BD00BF2002050310B502F0A0
:1099F0008FF80446024800F035FD848010BD00BF9A
:109A00002002050508B52AF0AEFD024B00201870B3
:109A100008BD00BF6E3A0020054B1A88D20705D555
:109A20005B88834214BF29200020704702207047C2
:109A30005631002008B50068054B002200F00101F6
:109A4000C0F340001A805A8003F0A8FB08BD00BF95
:109A5000563100200B4A38B5138813F001050ED19A
:109A60005488013443F00103A4B21380548003F0FE
:109A700099F8054800F0F6FC8580C48038BD0024C4
:109A80002E25F6E7563100202004460010B5014689
:109A90000088FFF7C1FF044618B948882BF0A3FBE4
:109AA0000446024800F0DEFC848010BD2002460B14
:109AB00010B501460088FFF7AFFF044618B9488883
:109AC0002BF095FB0446024800F0CCFC848010BDCE
:109AD0002002460C10B50088FFF79EFF044638B9F7
:109AE000064A138823F00103138003F06BF8044641
:109AF000034800F0B7FC848010BD00BF5631002041
:109B00002002460F10B50088FFF786FF044638B9DB
:109B1000064A138823F00103138003F085F90446F5
:109B2000034800F09FFC848010BD00BF5631002028
:109B3000200246101FB5B0F80110C4780391031D30
:109B4000007802932AF01CFE60B10094029B0399F6
:109B5000002229F099FD0446034800F083FC84802C
:109B600004B010BD2524F7E720020A0F08B5064906
:109B7000064828F02FFB0649064828F02BFB06482C
:109B8000FEF7BEFE002008BDFC100020CC2D0020FA
:109B9000E4100020C82D0020F410002001482AF015
:109BA00055B800BF9010002030B5114B994285B0D8
:109BB0000D46144618D193000FD503A902A8FEF74D
:109BC000DBFB0823E1B20193039B00930022029B7D
:109BD00041F00051284628F0D5FA06482AF0D2F87C
:109BE00000B10471012000E0002005B030BD00BFCD
:109BF000C82D0020801C050022F00042B2F1A04FC9
:109C000008B504D103482AF0BDF8012008BD0020A2
:109C1000FCE700BF7C1C050070B5FFF7BFFF90B1EB
:109C2000FEF7FAFF002604462046FFF781F80546B6
:109C3000064800F017FC86802268C0F80620A2883B
:109C40004281057370BD024C0226EDE72009011523
:109C5000841C05000A4B10B50020187100F0A4FD0B
:109C600004463CB901F07AFFBDE8104005490648BA
:109C700028F0D4BA20462AF0D3FC6468F1E700BF8C
:109C80005A3100200C110020A42D002070B50020B6
:109C900000F08AFD064D0446012604B970BD2E7100
:109CA00029F04EFF204613212AF0B6FC6468F4E741
:109CB0005A31002038B50A4C00232360A380036882
:109CC000236020782AF0A4FC054630B905480649EF
:109CD00028F080FA608801F057FF284638BD00BFA1
:109CE0005A310020A42D00200C11002022F0004247
:109CF000B2F5037F2DE9F0471C460FD840F205234B
:109D00009A420ED840F203139A426CD040F20913E3
:109D10009A4200F0F4800E2A00F0E5800020BDE8B1
:109D2000F087A2F20622062AF8D801A353F822F0FF
:109D3000999D0100219E01001D9D01001D9D0100B6
:109D40001D9D01004D9D0100499E01006668002592
:109D50006560B379F371212333710721304628F010
:109D600019FBB2790C32B3186FF05F01B1540322C2
:109D70005A7006229A7001226188DA7022789A71EC
:109D800099803179304629F09DFF684B1B79002B73
:109D9000C4D029F0D6FEC1E720685030FEF7C8FFD6
:109DA0002568A48895F86F6095F86CA095F9719076
:109DB00095F8728007465E4829F0E4FF0028ADD090
:109DC0002B6D4360B5F854300381731E5E425E41D3
:109DD0008772C67280F80CA080F80D9080F80E8013
:109DE000A0F80F409AE7207800F0D0FC002895D02A
:109DF000504894F80090B4F80280A788E688257A45
:109E0000648929F0BFFF002888D080F80490A0F86A
:109E10000580A0F80770A0F80960C57284817DE70D
:109E2000207800F0B3FC00283FF478AF6078257804
:109E3000FFF7A0FB0446404829F0A4FF00283FF4A8
:109E40006DAF0571447169E7A578012D1DD0022D14
:109E50002BD0C5B9E37894F8008094F90470667942
:109E6000364894F90640023BDBB2022B9ABF344AD3
:109E7000D55C012529F086FF28B180F80480457162
:109E80008771C6710472012049E7E37894F8008075
:109E900094F9047066792B4894F90640023BDBB2D2
:109EA000022B9CBF264AD55CE4E7E378264894F869
:109EB0000180277894F90490667994F90640023B72
:109EC000DBB2022B96BF1E4A0125D55C29F05AFF52
:109ED0000028D8D0A0F804808771C57180F8089058
:109EE00046728472CFE72346184813F8014B0822C4
:109EF000002129F058FF0028C5D00471C3E7144899
:109F000094F800806788A688E588248929F03AFFBC
:109F10000028B8D080F80480A0F80570A0F8076089
:109F2000A0F80950A0F80B40ADE700BF5A3100205F
:109F3000B41C0500B81C0500BC1C0500C81C0500AD
:109F4000A81C0500C01C0500B01C0500C41C0500B1
:109F5000AC1C0500024B1A68024B00205A60704787
:109F6000B42700209010002010B5F6F787FC0446B7
:109F700030B9044829F040FE044608B9F6F7BCFDA4
:109F8000204610BD9010002073B522F000421C4600
:109F900040F20A639A4209D8B2F5C06F09D80D2A77
:109FA00065D023D8032A33D0042A58D0002002B029
:109FB00070BD6FF4C0631A44092AF7D801A353F89F
:109FC00022F000BFDBA0010085A00100A9A00100D4
:109FD000BBA00100D3A00100AD9F0100F3A00100D0
:109FE00009A1010029A1010077A10100B2F5817F3B
:109FF000DCD16248257829F0C5FE002840D101A9AE
:10A000000A2024F067FF0199207800F043FECDE795
:10A0100001A8F2F77DFC5A48BDF8044029F0B2FED1
:10A020000028C3D000234371C37103724372C3720B
:10A03000037343738373C3736FF07B0306228374CC
:10A0400071230271C37402224FF0FF3382710375D2
:10A050006FF02B024C23827204824375A6E74948B5
:10A06000248829F08FFE0028A0D084809EE7234614
:10A07000042233F8044B4448002129F094FEF2E70F
:10A08000057193E7207800F081FB00288ED03F48CF
:10A09000267894F90150A47829F074FE002885D020
:10A0A00006714571847181E72478394829F06AFE88
:10A0B00000283FF47BAF047178E725783548646861
:10A0C00029F060FE00283FF471AF0571C0F805402B
:10A0D0006CE7257830486468F2E730482578648872
:10A0E00029F050FE00283FF461AF0571A0F805404B
:10A0F0005CE72B482578646829F044FE00283FF48B
:10A1000055AF0571447151E76378264824780D2BCB
:10A1100096BF254A0125D55C29F034FE00283FF47E
:10A1200045AF0471457141E76378204826780D2BCF
:10A1300098BF1D4A4FF0000198BFD55C6368A278B4
:10A1400088BF012529F02FFE08B10671457163789B
:10A15000012B3FF62BAF8DF804301448247801AB67
:10A160000122002129F01FFE00283FF41FAF012328
:10A17000047143711AE724780D4897E7F81C05002D
:10A18000201D05002C1D0500241D0500081D0500CF
:10A190001C1D0500181D0500141D05000C1D0500E3
:10A1A000101D0500041D0500E81C0500FC1C050031
:10A1B000001D050002481422002132F0B6BA00BF8B
:10A1C000D02D002070B5184C054621F089FA63792E
:10A1D0005B0706460ED414212046144A29F0BCFC25
:10A1E0002179204629F06EFD20B13046BDE870404F
:10A1F00021F07CBAA3790C331C442DB92379FF2BB1
:10A20000F3D001332371F0E7012D05D16379FF2BE2
:10A21000EBD001336371E8E7022DE6D1A379FF2B80
:10A220001CBF0133A371E0E7D02D0020301D0500D5
:10A2300010B504460A4829F009FD60B1094800211B
:10A2400029F08EFD48B18279024414610179BDE89C
:10A25000104029F037BD022010BD1A20FCE700BFD6
:10A2600090100020281D05000428024B28BF002064
:10A27000185C7047341D050070B505460B480E4646
:10A2800000F06CF8044678B900F0BEF8084B0446BC
:10A290001B6825B1D3F806202A605A89AA800EB11E
:10A2A0001B7B337000F0C8F8204670BD401D0500D0
:10A2B000F02D0020044A0346106810B102789A423B
:10A2C00000D170470069F8E7E82D002008B5FFF7D6
:10A2D00071FF024B00221A6008BD00BFE82D00206C
:10A2E00038B5104D104A0446284628F0C8FB4FF4F4
:10A2F0008270A0470D4B01461860287818B14FF4C2
:10A30000827228F0BFFB4FF48270A047084B0146D1
:10A310001860287828B1BDE838404FF4827228F0E0
:10A32000B1BB38BD6F3A0020481D0500EC2D002060
:10A33000F02D0020084A136833B94178036141F0D9
:10A340000101417010607047197802789142FAD08B
:10A3500003F110021B69EFE7E82D002010B5044659
:10A360002AF0CBFF28B9034B22681C60024B1B6804
:10A370001A6010BDE42D0020EC2D00202DE9F347DC
:10A3800004684FEA04290F4609F4E0691946C4F34A
:10A39000072349EA030909EB0205B5F5807F8246E8
:10A3A000164605D94FF01D08404602B0BDE8F087BB
:10A3B00001912AF0A2FF80460028F5D1104B0199A7
:10A3C000C3F800A024F47F4424F0C7040D4B44EAF2
:10A3D00015242D02ADB22C431D6845F8044B4D44A5
:10A3E0003246284632F079F9012F04D1FF2ED9D810
:10A3F00005F8016CD8E7022F08BF25F8026CD3E7F7
:10A40000E42D0020EC2D002008B5074B1A68074BFF
:10A4100052F8040B1968064B49681B689847054BAE
:10A420001B68988808BD00BFEC2D0020E42D00209B
:10A430001C110020F02D0020024B00221A602AF08F
:10A440005EBF00BFE42D0020054B186808B1C3684B
:10A450001BB1003818BF012070470069F6E700BF44
:10A46000E82D002010B5034C23681860F6F782FB36
:10A47000206810BDF02D0020F8B504460D461646A4
:10A48000F1F7C2FA60B124F47F4020F0C70040F435
:10A490000070FFF7E7FF1423037100234371F8BD39
:10A4A000194B1A4F1B681C603B68187058709870E5
:10A4B000D870204629F07BFB28B19DB94368220E55
:10A4C0000BB11D684DB924F47F4020F0C70040F463
:10A4D0000070FFF7C7FF0F23DEE75979914201D0E3
:10A4E0000833EDE73046A8473B681D68002DD6D1FC
:10A4F00024F47F4020F0C70040F40070FFF7B2FF63
:10A50000012303714571CAE7EC2D0020F02D0020D6
:10A51000094B802283F8012383F8042383F8052361
:10A5200083F8062383F8072383F8082383F81D2381
:10A53000A02283F8222C704700E100E04FF0005386
:10A540001860BFF34F8F0549054BCA6802F4E062FB
:10A550001343CB60BFF34F8F00BFFDE700ED00E07A
:10A560000400FA05034AD2F8B03043F05403C2F8AD
:10A57000B030704700400E40054BD3F8E80010F4AF
:10A5800080501CBFD3F8EC0000F00100704700BF02
:10A590000081E00F2DE9F047164B1D68D3F80480C9
:10A5A00098FAA8F4B4FA84F40F4693F8089004EBF0
:10A5B0004401064605EB81054FF0010A4C4504DBDA
:10A5C0004FF0FF342046BDE8F0870AFA04F313EA9F
:10A5D000080F0BD0AB6803F00103B34206D106228B
:10A5E0002946384632F069F80028EBD001340C35A2
:10A5F000E4E700BFF42D0020014B00225A607047B1
:10A60000F42D0020F8B50446134D24EAE47421F03B
:10A6100067F8202C2B7AA8BF2024A342064605D138
:10A620000024304621F062F82046F8BD28682C72DC
:10A6300000276F6010B1FEF7B5F92F602B7A002B61
:10A64000EED00C206043FEF78DF928600028E7D19A
:10A6500028720724E5E700BFF42D0020084B094AC3
:10A660001A60094B094A1A60094B0A4A1A600A4BD8
:10A670000A4A1A600A4B0B4A1A600120704700BF51
:10A6800020280020073F040028280020033F040062
:10A6900024280020413F040018280020053F040022
:10A6A0001C280020433F0400014B986D80B2704786
:10A6B000005008400A4B586800F07060B0F1106F0D
:10A6C0000CD008D8B0F1E06F08D0B0F1006F14BF23
:10A6D000002001207047B0F1406FF8E7012070477B
:10A6E000004008402DE9F041DFF88080D8F80040B4
:10A6F00006460D461CB900242046BDE8F081012025
:10A7000027F0A3FE07460028F5D0D8F800305B6894
:10A71000C8F80030742294F86C800021204632F092
:10A7200004F884F86C803368C4F85730B388A4F810
:10A730005B30B37984F85D3028682065AB79AA88EE
:10A7400084F85630FF2384F8713084F8723040F674
:10A75000FF73A4F86A30044BA4F854201A68E76326
:10A7600062601C60C8E700BF042E0020002E00209D
:10A77000054A0346106800B97047B0F86A209A424B
:10A78000FAD04068F7E700BF042E0020054A0346D0
:10A79000106800B9704790F86C209A42FAD040686F
:10A7A000F7E700BF042E002010B9024B186870476D
:10A7B00040687047042E0020114A00232DE9F04123
:10A7C00074211360804602460120FDF7E9FD04462E
:10A7D00020B90C4E05463060A84502D82046BDE899
:10A7E000F0810120FDF75AFE074674220021013551
:10A7F00031F09BFF87F86C5037603E1DECE700BFDF
:10A80000042E0020002E002013B5012303FA01F1CD
:10A8100090F86D3023EA010149B2044680F86D10CA
:10A82000002957D129F096F9204629F053F8102134
:10A8300004F118002AF072FD2046FEF761FE04F1D3
:10A84000380027F0CFFD20462AF056FD284A13682D
:10A850001BB19C4240D163681360A3685A0515D5AB
:10A8600013F4006212D143F40063A36094F86C30D7
:10A870008DF80030A389ADF802301E48E36BE26327
:10A8800040F20B216A46019327F0E0FC002363604D
:10A89000204627F0C7FC04F13C0027F0A3FD29F077
:10A8A000CFFB94F86C304FF48072B2FBF0F242436D
:10A8B0000344B3FBF2F102FB1133DBB2591EC9B200
:10A8C000FD29F5D884F86C30002363600A4B1A68C0
:10A8D0005AB91C6002B010BD1A465B68002BBCD090
:10A8E0009C42F9D163685360B7E7131D5268EFE7E4
:10A8F000042E0020A42D0020002E002010B5084CAE
:10A90000206830B9074BBDE8104018600120FDF702
:10A9100095BD436890F86D102360FFF775FFEFE772
:10A92000042E0020002E0020064B1B68002003B9D7
:10A93000704793F86E205B68012A84BF0130C0B273
:10A94000F5E700BF042E002090F8703003F00B03F1
:10A95000013BDBB20A2B9ABF014AD05C0020704752
:10A96000561D05001FB5014690F86C308DF8043077
:10A97000FFF7EAFFB1F85E30ADF80630B1F86030AD
:10A98000ADF80A30B1F862308DF80C00ADF808303F
:10A9900001AAB1F868300548ADF80E3040F2031155
:10A9A00027F054FC05B05DF804FB00BFA42D002087
:10A9B00007B590F86C308DF8051001AA40F2072118
:10A9C00003488DF8043027F041FC03B05DF804FB28
:10A9D000A42D002038B50A4B1B6804460D462BB148
:10A9E00043699B0702D529F079FE30B120682A46D9
:10A9F0000421BDE838402AF02DBCA3699D6138BD13
:10AA0000082E0020024B1868003818BF012070473C
:10AA1000082E002013B50446019120B901A827F0A3
:10AA2000E1FC21200FE008460029FAD027F082FE41
:10AA300080B20028F2D0084B01991B682BB901990C
:10AA40002046FEF7F9F902B010BD204698470028CD
:10AA5000F5D00020F7E700BF082E002038B5836A44
:10AA60005904044615D4134A92F82B20012A03F402
:10AA700000430FD1C26A92040CD4002B014614BFCC
:10AA80001420532028F010F818B9A36A43F00803E3
:10AA9000A36238BD002BFCD1074D20462946FEF7A6
:10AAA0004FF90028F5D12868AA88AB792060A280E8
:10AAB000A371EAE74C2D00205B2D00202DE9F04723
:10AAC000244E86F82A00002841D0C0EBC000C10007
:10AAD00089B2002301220420FDF762FC054668B913
:10AAE0000420FDF7DBFC2F4630604FF03809A84604
:10AAF0004FF0A00A96F82A30BB4202DC2846BDE897
:10AB0000F087346809FB07444FF4A073636207239E
:10AB100084F8353004F11800A4F81480C4F820A09B
:10AB200084F8068027F05EFC04F11C0027F05AFC34
:10AB300040F2011363867F23C4F82C8084F83630FA
:10AB4000C4F82880204600F047FD0137D2E7306086
:10AB50000546D3E74C2D0020074B93F82A2082426C
:10AB600081BF1B68C0EBC00003EBC000806A8CBFD4
:10AB700000F00100002070474C2D002008B5014670
:10AB8000FFF7EAFF40B1054B1868C1EBC10100EBCC
:10AB9000C101886AC0F3C02008BD00BF4C2D002051
:10ABA0002DE9F04F364A93B05168064610680FAB56
:10ABB00003C39068334A18601468C6EBC60304EBFD
:10ABC000C30412AA637D02EB430333F80C1CA36A8F
:10ABD000DD0442D4012541F010012F4694F80D8088
:10ABE00094F835A0C3F340495B0348BF49F002091C
:10ABF00088F00808012FD4E9082304F1070B89B273
:10AC000094F93640C8F3C00805D0022F03D0042FB2
:10AC10000CBF03270027012D05D0022D03D0042DE2
:10AC20000CBF032500253046CDE90C230B91FFF71F
:10AC3000A5FFCDE907500120CDE900A0CDE90547EA
:10AC4000CDE903B9DDE90C230B99CDF80880304636
:10AC500002F03AFC13B0BDE8F08FE26A94F832706B
:10AC600094F83350900648BF41F02001500648BF89
:10AC700041F04001DA0348BF41F00401AEE700BFF4
:10AC8000621D05004C2D0020014B93F82A007047EF
:10AC90004C2D00201FB504460391FFF75DFF0B46C6
:10ACA00068B1084A084912680848C4EBC40402EBBA
:10ACB000C4040022009204F10E0227F06FFA04B0DF
:10ACC00010BD00BF4C2D002002010080A42D0020EB
:10ACD0003F4A70B51468C0EBC00304EBC3040646DA
:10ACE000A36A5B0704D500231A46194602F0CEFC7E
:10ACF000A36A9D0706D53046FFF752FFA36A23F0EB
:10AD00000203A362A36A18070CD5A2792146C2F3F5
:10AD1000C002304602F058FC0546A0B9A36A23F0F1
:10AD20000803A362304629F09FFC054658B9A36A80
:10AD3000D90608D5DA0408D5304600F02DFC40BB12
:10AD4000A16A480727D4284670BD1A0611D4637D2E
:10AD5000023B012BF4D8A36ADB05F1D5E16930464B
:10AD600002F076FC0023E361A36A23F48073A362FC
:10AD7000E5E7637D03F0FB03012BE8D0A1693046D2
:10AD800002F048FCA36AA56123F08003A3620028B7
:10AD9000DDD00546D7E7637D228E012B03D1AAB112
:10ADA000802A28BF802211F0400F94F834304FF0F1
:10ADB000010118BF0123304602F068FC0546002857
:10ADC000C1D1A36A23F00403A362BCE74022EAE7EF
:10ADD0004C2D0020F8B505461646FFF7BDFE20B302
:10ADE000134B37681B68C5EBC50403EBC40499B962
:10ADF00004F1180027F0F6FAA36AA76143F0800374
:10AE0000A362A06A002310F0100033600ED0284621
:10AE1000BDE8F840FFF75CBF04F11C0027F0E2FA40
:10AE2000A36AE76143F48073EAE72120F8BD00BF1D
:10AE30004C2D00202DE9F041114D0024382695F8C5
:10AE40002A30A34201DCBDE8F081E7B23846FFF7C3
:10AE500083FE98B1286806FB04F84044836ADA064A
:10AE60000CD55B040AD4FFF7F9FD2B684344384640
:10AE70009A6A42F006029A62FFF72AFF0134DEE77F
:10AE80004C2D00202DE9F04FDFF84092D9F800500A
:10AE9000C0EBC0032DED028B05EBC30505F1180BCC
:10AEA00087B0804658460C46174627F09BFA05F1B6
:10AEB0001C03184608EE103A27F094FA002027F0F9
:10AEC000C4FA0646002800F0FA80012F40F27267AB
:10AED00018BF1F27012C2C7571D0022C14BF04241D
:10AEE00006240221304629F02CFA0121304629F0AF
:10AEF00028FA2146304629F024FA304627F01AFC79
:10AF000084B2391B89B202295BD9012300930A223A
:10AF100042F60723304629F065FA0444A4B2391BEF
:10AF200089B202294FD904230093122242F6042346
:10AF3000304629F057FA0444A4B23B1B012B049677
:10AF4000039342DC002199F82B30002B40F0B180B4
:10AF5000039B591A89B2304629F0FEF90446584637
:10AF600027F040FAAB6AAE6143F0800203F48053ED
:10AF70002343AA6216D199F82B0098B927F065FAF5
:10AF8000059078B1394629F0E7F9002800F0938060
:10AF900018EE100A059C27F025FAAB6AEC6143F421
:10AFA0008073AB62A86A10F0100000F08980404600
:10AFB00007B0BDEC028BBDE8F04FFFF789BE05245A
:10AFC0008FE70020A9E70020B5E7002027F03DFA31
:10AFD00005900028B6D0BB1E02211C1B01F090FD7D
:10AFE000A4B2844282465AD224F001018AB2411AA4
:10AFF00005A8029227F07EFC029A92460222BAF13C
:10B00000000F16D00AF1010104980292C9B229F08A
:10B0100098F9029A0498114629F093F9059904A821
:10B0200027F0E6FC002027F010FAA4EB0A040590B4
:10B03000A4B20598002837D0022C38BF0224A21EE3
:10B0400092B20F2A30D91021029201F059FD029AD2
:10B050008242044625D222F00F018BB2411A05A884
:10B06000029327F047FC029C0622611C049802927E
:10B07000C9B229F066F9029A0498114629F061F9DB
:10B08000059904A827F0B4FC04EB0A01023189B247
:10B09000BAF1000F3FF457AF023189B253E70322F0
:10B0A000ADE708B10722E0E705A827F09BF9514674
:10B0B000EEE7002453E705A827F094F972E71A2079
:10B0C00007B0BDEC028BBDE8F08F00BF4C2D002017
:10B0D00070B5044615461E46FFF73EFD30B3144BCF
:10B0E000C4EBC4001C6804EBC000826A93050BD457
:10B0F000A1F120044FF6DF739C4217D8A5F120047C
:10B100009C4213D8A94211D8036A8B4202D1436AE8
:10B11000AB4204D0C0E9081542F0020282629DF8F9
:10B12000103080F834300686002070BD2120FCE706
:10B130004C2D002010B50446FFF70EFD98B14B07CB
:10B1400011D00A4B1B68C4EBC40003EBC00090F89D
:10B1500035308B4205D0836A80F8351043F0020306
:10B160008362002000E0212010BD00BF4C2D002094
:10B1700038B504460D46FFF7EFFCC8B12046FFF78F
:10B18000FDFC2B1E18BF012383420CD0094B18680D
:10B19000C4EBC40400EBC404A36A35B143F40063F8
:10B1A00043F00203A362002003E023F40063F7E707
:10B1B000212038BD4C2D002070B50446FFF7CCFC93
:10B1C000E8B18B7913F0180F19D00F4B1D68C4EB41
:10B1D000C40405EBC403E6009A6A12F0100410D10F
:10B1E0000868A85122F4004242F480428888897994
:10B1F000997142F0080298809A62204670BD212021
:10B20000FCE70220FAE700BF4C2D002070B5014694
:10B21000FFF7A2FCE0B1104C2568C1EBC10105EBC2
:10B22000C103CE009A6A12F0100113D112F48040CB
:10B230000DD0D4F80F00A85122F48042607DB4F8FC
:10B2400013509D8042F0080298719A62084670BDC2
:10B250002120FCE70220FAE74C2D0020044A116867
:10B26000C0EBC00301EBC3014A7D29F000B900BF68
:10B270004C2D0020F8B505460C46FFF76DFC28B3B1
:10B28000052923D8124E3368C5EBC50203EBC20370
:10B29000D700986927F04EFA1F2817D833683B4427
:10B2A000D86927F047FA1F2810D8012C0ED0231F89
:10B2B000012B0BD93168394422468B6A23F482531F
:10B2C0008B622846BDE8F84029F0D1B82120F8BDAE
:10B2D0004C2D002008B50146FFF73EFC80B1094A1D
:10B2E0001268C1EBC10302EBC3020846936A23F064
:10B2F000500343F004039362BDE80840FFF7E8BC45
:10B30000212008BD4C2D002070B50546114890F84D
:10B310002A60026800239E4201DC1A2016E0946A2B
:10B3200014F0010F114602F1380210D10A4AD0F888
:10B330000F00086044F0090490888C6292798A7149
:10B34000DCB288802046FFF72BFC2C7070BD0133E7
:10B35000E1E700BF4C2D00205B2D0020F8B506462C
:10B36000FFF7FAFB002847D0304629F081F9112871
:10B370000546304608BF002529F075F91F4B1B68AC
:10B38000C6EBC60403EBC404A36AD90608D523F0B0
:10B39000100343F00403A3623046FFF799FC05460F
:10B3A000A36A23F00103A022A3624FF4A073002735
:10B3B000C4E90823072384F8353004F11800A78274
:10B3C000A77127F00FF804F11C0027F00BF840F2EA
:10B3D000011363867F2384F836302046E762A76234
:10B3E00000F0FAF83946304602F014F93946304692
:10B3F00002F02EF92846F8BD2125FBE74C2D002050
:10B4000070B506460D461446FFF7A6FB18B127F0A7
:10B410003DFB054201D1212070BD04426FEA0003CB
:10B42000F9D045EA04021A42F5D1012D01D0042DCC
:10B43000F1D1631E012B01D9042CECD10B4B1B68FD
:10B44000C6EBC60003EBC00090F83230AB4203D12C
:10B4500090F83330A34207D0836A80F8325043F02B
:10B46000020380F8334083620020D5E74C2D002092
:10B47000F8B58378122B0F4636D10C68A3790C33BC
:10B480001C44E57826790DB145F480553046FFF728
:10B4900063FB58B17DB9B4F80500FFF769F928B12D
:10B4A00080F872602A46294600F092FB3846BDE8D3
:10B4B000F84026F097BF0D4AE0791468C6EBC60342
:10B4C00004EBC3039A6A22F01001996212F0400162
:10B4D00003D022F050029A62E8E758829E731D82E0
:10B4E0003046FFF7D7FBE1E7F8BD00BF4C2D002049
:10B4F0002DE9F843DDF8209005460E4690461F469C
:10B50000FFF72AFB002841D0052E3FD8731E012BE0
:10B510003CD9052E3AD01F4B1B68C5EBC50103EB88
:10B52000C10118F0010FCC6A8A6A14BF44F02004EC
:10B5300024F0200418F0020F14BF44F0400424F05B
:10B540004004F807CC621DD5D9F80030C1F80730A7
:10B55000B9F80430A1F80B3099F806304B7342F477
:10B5600080328A628B6ABA074CBF43F0400323F0F3
:10B57000400343F480538B6232462846BDE8F843CB
:10B5800028F075BF22F480328A62EBE72120BDE803
:10B59000F88300BF4C2D00200E4B1B6810B5C0EB8C
:10B5A000C00403EBC404A36A13F080030FD0637DCF
:10B5B000A169032B08D102F04BF80023A361A36A11
:10B5C00023F08003A36210BD02F024F8F5E71846CB
:10B5D000F9E700BF4C2D0020064B93F82D301BB12E
:10B5E000836A43F480638362C36A43F01003C362D7
:10B5F000704700BF4C2D002038B504460D46FFF7BC
:10B60000ABFA00284BD0284B1968C4EBC404EB07F5
:10B6100001EBC4040CD5A36AE26A23F48063D0066C
:10B62000A3625FBF42F0100243F00203E262A36232
:10B63000A90709D5E36A9A0606D4A26A43F0200353
:10B6400042F00202E362A262280709D5E36A5906C2
:10B6500006D4A26A43F0400342F00202E362A2620F
:10B66000A36A5A040CD46B070AD52146142027F08C
:10B670001BFA98B9A36A43F4004343F00803A3629A
:10B6800015F010000AD0E36A13F4005009D143F416
:10B690000053E362A36A43F00203A36238BD212092
:10B6A000FCE70020FAE700BF4C2D0020F8B5044667
:10B6B00010680E46174627F03DF805462046FFF76E
:10B6C0004BFAA8B1154B1B68C4EBC40003EBC000D8
:10B6D000836ADA0619D5DB0402D41F2D0EDD07E0DC
:10B6E00040F272639D4203DC437D042B02D12EB1F4
:10B6F0002120F8BD032B01D1002EF9D03A46314666
:10B700002046BDE8F840FFF765BB28F0D5FE0028CD
:10B71000E3D140F272639D42E0E700BF4C2D002070
:10B720002DE9F34107460E461546FFF715FA18B9FD
:10B73000212002B0BDE8F081042EF9D8052DF7D8FC
:10B7400005F0FB03012BF3D03A4B1B68C7EBC70492
:10B75000042D03EBC40403D094F83230012B0BD03A
:10B76000A36A5B0508D4E36AD806E1D4022DDFD0D2
:10B77000032E08BF002614E0022DF9D1E36AD90692
:10B78000D6D594F83230012BD2D1042EF0D1A06955
:10B7900026F0D0FF1F28CBD8E06926F0CBFF1F286A
:10B7A000C6D8042E267565750AD1204628F084FE79
:10B7B000C8B12946384602B0BDE8F041FFF75ABD8E
:10B7C000204628F079FE60B9204628F07DFE80F002
:10B7D0000100C2B2217D3846FFF754FB0028E4D0B7
:10B7E000A7E70022F6E7204628F06EFE0028E0D109
:10B7F000E36A5A06C3F34016A36A48BF46F002063E
:10B8000013F080080ED1DB050CD504F1180026F0EA
:10B81000E9FDE369C4E90638A36A23F4807343F0C1
:10B820008003A36200230093324629463846FFF77F
:10B830005FFE7EE74C2D0020094B5A79D97A8A4267
:10B84000A8BF0A465A7419895A888A42A8BF0A466C
:10B85000DA81D9881A888A42B8BF0A469A81704725
:10B860000C2E002038B50B4C10252A460021201D37
:10B8700030F05BFF4FF010122260E260052222746C
:10B88000054AE5800123042125812371A1726461A9
:10B89000137038BD0C2E0020703A002010B50446FD
:10B8A00028F04DFEF8B100F091F8F0B9114B1B787B
:10B8B000EBB1012C04D0042C13D0FFF7BDFF022004
:10B8C0000D4900EB400301EB43034B610623584352
:10B8D0000C1800236288095A6079BDE8104000F016
:10B8E0004FB80120ECE7212010BD0220FCE71846EC
:10B8F000FAE700BF703A00200C2E0020014B002216
:10B900001A707047703A002073B5144D144C6B6870
:10B91000206803F0800200F0020010431BD05B0699
:10B9200054BFA67A0126FDF77BF901968379A28898
:10B93000217A607A83F00803C3F3C0030093E3889D
:10B9400001F07EFD38B9236823F0020323606B68A1
:10B9500023F080036B6002B070BD00BF4C2D00204F
:10B96000242E0020054B012200204FF01011C3E9C6
:10B970000200C3E900215A72704700BF242E002044
:10B98000032910B510D9032A0ED991420CD30128EE
:10B990000AD8064CA3722368207243F00203A180E8
:10B9A000E2802360002010BD2120FCE7242E00202F
:10B9B000014B187B704700BF242E0020024BD87A21
:10B9C000003818BF01207047242E0020024B187B3E
:10B9D000003818BF01207047242E002038B51F4DB5
:10B9E000696811F0020137D11D4C2368580706D54C
:10B9F000084601F04BFD236823F00403236023680D
:10BA000003F008026B6803F0040313430FD0FDF743
:10BA100007F983791A071CD5FDF7FCFCC0B9236828
:10BA200023F0080323606B6823F004036B60FFF7C7
:10BA30006BFF68B9E37A5BB123685B0708D4012127
:10BA4000084601F023FD18B9236843F0040323607E
:10BA500038BDFDF7C3FCE1E71120F9E74C2D0020CC
:10BA6000242E002070B5124C257B637B22689D42FA
:10BA7000B8BF1D469207E37AEEB201D49E4215D0BC
:10BA80001BB10023E372FFF7A9FFE67275B1094B02
:10BA900093F82B30012B05D1236843F00203236078
:10BAA000FDF762F8BDE87040FFF798BF002070BD59
:10BAB000242E00204C2D0020022938B504460D46C6
:10BAC00001D9212038BD28F03AFD0028F9D00E4BCD
:10BAD0001A7BB2B91A68D10742BF22F0010242F0C4
:10BAE00002021A60094A525D1A735A7AA2421FBFB3
:10BAF0001A685C7242F002021A60BDE83840FFF733
:10BB0000B1BF0220DEE700BF242E00206E1D05001D
:10BB1000054A137B013B022B03D800231373FFF765
:10BB2000A1BF0020704700BF242E0020032806D1AB
:10BB3000094A136843F008031360FFF74FBF012859
:10BB400005D1054BDB7A002BF2D10020704710F0B5
:10BB5000FD0FFAD1ECE700BF242E0020094B10B5F1
:10BB600000205862FEF720FE04461CB9BDE81040D4
:10BB7000FEF7C4BE204641F2160128F0F5FC6468C9
:10BB8000F3E700BF4C2D0020A0F11B03E02B10B504
:10BB9000044618D8042142F2240027F028FE6FF052
:10BBA0006F03437142238371A0F803400748F8F7FD
:10BBB0005FF927F060FE407920B127F05CFE407904
:10BBC00040F4805010BD2120FCE700BF2F0D040081
:10BBD00073B504460E465AB390F86F108281002365
:10BBE000012980F86E3014D154494B62ADF804201D
:10BBF00040F201216A462046009426F027FBA36804
:10BC000043F48063A36000212046FEF7FDFD02B0EF
:10BC100070BD90F87230FF2BE8D048490968C3EB3B
:10BC2000C30301EBC303996A21F010019962DDE7B8
:10BC300090F86E30032BEAD190F872303F4DFF2B15
:10BC40000ED02868C3EBC30200EBC20150F83200EB
:10BC5000C4F857008A798888A4F85B0084F85D20CE
:10BC60001B22A4F86820EA8BA4F86420FF2B2A8CFE
:10BC7000A4F8662005D194F86F30012B01D0002E76
:10BC8000C5D0022384F86E30204627F062FF20469C
:10BC900027F019FE94F86F30012B2BD100236B6233
:10BCA0000021204600F0D0F93046009400F084F9DD
:10BCB0006A46ADF8040040F20621214826F0C6FA93
:10BCC000002240F20221204626F07CFA2046FEF7B0
:10BCD00049FE204627F0FDFD204601F085FBA368C4
:10BCE000012123F480432046A36002B0BDE87040E8
:10BCF00028F09ABC94F87230FF2B08D02A68C3EB66
:10BD0000C30302EBC3039A6A22F010029A6227F07F
:10BD1000BAFD70B194F9713001330AD1A3680521DD
:10BD200043F480532046A36002B0BDE8704028F081
:10BD300073BC0021204628F07AF9B1E74C2D002091
:10BD4000A42D0020F0B50378302B85B004460F46B3
:10BD500039D005D8052B25D0082B41D005B0F0BD32
:10BD60003E2BFBD183780C2B4CD8022BF6D9033B0E
:10BD7000092BF3D801A252F823F000BF15BE010031
:10BD80004BBF01005DBD01005DBD0100E3BE0100D0
:10BD90005DBD01005DBD01005DBD01005DBD010037
:10BDA00037BF0100B0F80300FEF7E2FC28B161796B
:10BDB00009B141F4805128F0D7FB384605B0BDE801
:10BDC000F04026F00FBBB0F80300FEF7D1FC0028CE
:10BDD000F3D0A17809B141F4805128F0EDFBECE7F4
:10BDE000B0F80300FEF7C4FC0028E6D0627990F8B2
:10BDF000703022B143F0010380F87030E9E703F0BE
:10BE0000FE03F9E7212B00F0B280292B1FD0202B55
:10BE1000D3D0A3E78088FEF7ABFC0028CDD0E27832
:10BE2000002ACAD1E179A27942EA0122A0F85E2073
:10BE3000E17AA27A42EA0122A0F86020227A617AAD
:10BE400042EA0122A0F86220FEF78CFDB5E701A8C6
:10BE5000E27904F10801FCF72FFFA67901A85EBB87
:10BE6000534B5D6A002DA8D003C8A5F85410090CE7
:10BE7000286585F85610E378ABB9A188284628F0E4
:10BE8000D3F8E27EA37E43EA0223A5F85E30E27F88
:10BE9000A37F43EA0223A5F86030237F627F43EA51
:10BEA0000223A5F86230E2780AB142F480523146AA
:10BEB0002846FFF78DFE80E728F0A0FB054618B165
:10BEC00040F20323A0F86E30608C4FF6FF73984267
:10BED00005D000F083F80646002DCCD16DE7002692
:10BEE000FAE7B0F80300FEF743FC00283FF465AF23
:10BEF000B4F80530A0F8683090F86C208DF8042074
:10BF0000ADF80630227AE37943EA0223ADF808302F
:10BF1000A27A637A43EA0223ADF80A30227BE37AFD
:10BF200043EA0223ADF80C3001AA40F2091121487E
:10BF300026F08CF941E78088FEF71AFC00283FF4D0
:10BF40003CAFA179FEF734FD37E78088FEF710FC9F
:10BF500090F86C308DF80430D4F80630CDF8053008
:10BF6000D4F80A30CDF8093001AA0E21DFE7808825
:10BF7000FEF7FEFB00283FF420AF90F86C308DF800
:10BF80000430E3788DF80530A3798DF80630E37935
:10BF90008DF80730237A8DF80830637A8DF80930F0
:10BFA000A37A8DF80A3001AA4FF40371BFE700BFEE
:10BFB0004C2D0020A42D002050B1074B1B68C31A44
:10BFC000807A0C22B3FBF2F340EA032080B2704780
:10BFD0004FF6FF70704700BF2011002009490B7A0F
:10BFE00009680246FF2B01D10020704703EB430391
:10BFF00001EB830031F82330C3F30B039342F4D0F9
:10C00000C37AEFE72011002008B5054B054A1978DF
:10C01000054826F034FD054BF7221A8008BD00BF05
:10C020006A3A0020711D0500713A0020FE120020BE
:10C03000A0F11703E82B9DBF024B188000202120A0
:10C04000704700BFFE120020F8B5054648200E4696
:10C0500026F01AFD1E4F0446387818B148222146B2
:10C0600026F010FD94B1FEF7CDFC98B11C2026F00F
:10C070000BFD0146A061387810B11C2226F002FDAC
:10C08000A7692FB92046FCF78DFC3C462046F8BD39
:10C0900000233B700321284627F0C9FFEB6C636047
:10C0A000EC6417232681002663810A492560224615
:10C0B000267766642846FCF7E9F801F019FD324658
:10C0C000014604F10C00FCF7E1F802232374DDE7DC
:10C0D000713A002045C1010010B5044670B30068F4
:10C0E000C36CA34222D16368C3641549224626F07B
:10C0F00075F804F10C0026F095F804F1440026F0E0
:10C1000071F9FEF77FFC58B1A06948B1143026F0F0
:10C1100069F9A069183026F065F9A069FCF742FCBE
:10C120002046BDE81040FCF73DBC1346002BDCD098
:10C130005A68A242F9D162685A60D6E710BD00BFC2
:10C1400045C1010038B50D4622F0004340F20321FD
:10C150008B42044638D0B3F5017F09D240F2012268
:10C16000934231D040F2022293420AD0002038BDDF
:10C170006FF481610B44012BF8D8114628F0D1FAF5
:10C18000F4E7FEF73FFCC0B1154B1988172914D905
:10C19000A3691B788BB9636923F0020363612046AE
:10C1A00027F0C4FF48B9A36912219861204628F0FE
:10C1B000A2FA636943F002036361204628F0EDFBB5
:10C1C000204627F0ABFAD1E763699B0704D540F21C
:10C1D0000941204628F08CFA284628F04BFAC5E79A
:10C1E000FE120020F8B5054618B3002921DB114CDA
:10C1F0002468247E8C421CDD3F291ADC01F00306F2
:10C2000000EBA1017600032404FA06F791F831400F
:10C2100002F0030224EA0704B240224381F83120ED
:10C2200013B1002128F0FAFA2846BDE8F84028F0BA
:10C2300052BBF8BD342E002070B5164600221A708D
:10C2400032800A7A0D46072A4ED8DFE802F0040948
:10C250000D111A1E304BE86830F8023B338070BD78
:10C26000EB68981D5B88F9E7EB68981D9B88F5E7FC
:10C27000697B1E4B28F01FFB022218803280184673
:10C28000EDE702231A483380E9E71A4C2B7B237031
:10C290002B88E889013363702B8801331B12A3704C
:10C2A000E11C00F031FB033030802046D7E7124C10
:10C2B000A889EB89A370020A1B0A20706270E370E0
:10C2C00000F0F8FB50B1C3681A88022A06D19A78A8
:10C2D0002271DB78637106233380E6E70423064886
:10C2E0003380BCE780221A700020B8E79B3A002018
:10C2F000811D0500883A0020823A0020054A064B3D
:10C300001860136843F001031360044B828B1A809A
:10C31000704700BF642E0020342E002060310020C2
:10C320002DE9F04F4F4F3E688FB0002316F00806FE
:10C33000CDE90433CDE9063304460CD04A4B03F172
:10C34000100253F8041B44F8041B9342F9D1002057
:10C350000FB0BDE8F08F1020FCF7A0F805460028CC
:10C3600077D021F07FFF0220F3F7CCFC014628466E
:10C37000F3F7E8FC00286ED1802204A92846F1F7E3
:10C38000FDF9002867D1B146384B1B68D988B2B295
:10C39000914218D821462846F1F746FA284621F05E
:10C3A00065FF29461020FCF79BF82F4B04F1100283
:10C3B00054F8041B43F8041B9442F9D13B6843F042
:10C3C00008033B60C3E71A68ADF80E901FFA86FBBE
:10C3D0004FEA0B1802EB0B1B5846019228F078FE2F
:10C3E0008246584600F03AFB20B3AAF520539BB290
:10C3F000032B019A02D9BAF5245F1DD132F8083017
:10C40000ADF820300DF10E0259460DF10D0300205C
:10C41000ADF822A0FFF710FFBDF80E20014609A8D5
:10C4200030F05BF9BDF80E2008A904322846F1F778
:10C43000E9F980B90136A7E70AF55643FF339BB205
:10C44000042BF7D832F80830ADF82030ADF822A030
:10C45000E8E71A207CE7014640F2074027F012FA8D
:10C460009CE700BF642E0020723A0020342E00208A
:10C470000F4B196810B5CC0717D40E4BDA899C897D
:10C48000944212D9490748BF0B499C6848BF0968C4
:10C4900024F81200DA894ABFC8891046801802F1D0
:10C4A000010248BF80B2DA8110BD4FF6FF70FBE792
:10C4B000642E00203C2E0020382E0020144B1B68D8
:10C4C00013F0040370B5014606D0124B1C68E389D3
:10C4D000002290B2834209D80F4A1468E5890022ED
:10C4E00090B285420AD84FF6FF7006E0A56835F88D
:10C4F00012508D4202F10102EBD170BDA66836F8F0
:10C5000012608E4202F10102EAD1034498B2F4E7CC
:10C51000642E0020382E0020342E0020094B1B688A
:10C520005B070AD5084B1A68D389834203D99368FD
:10C5300033F810007047C01A80B2044B1B689B6828
:10C54000F6E700BF642E0020382E0020342E002095
:10C55000F0B50E4E0E4FF18832683C8802EB0112A6
:10C56000154600234FF00B0C04EB030E01339BB276
:10C570009842A5F800E085F809C005F11005F3D848
:10C5800004440844F0803C801046F0BD3C2E00205E
:10C59000623100202DE9F041254CA589E389EB1A91
:10C5A00083428846164613DA0A35ADB26800FCF7B6
:10C5B000D9F9074610B90020BDE8F081E289A168E9
:10C5C000520030F08AF8A068FCF7ECF9A760A5816A
:10C5D000A58AE38AEB1A434511DA0A35ADB2280180
:10C5E000FCF7C0F907460028E5D0E28A216912016C
:10C5F00030F073F82069FCF7D5F92761A582A5888A
:10C60000E388EB1AB34211DA1435ADB22801FCF716
:10C61000A9F906460028CED0E2882168120130F040
:10C620005CF82068FCF7BEF92660A5800120C3E70E
:10C630003C2E0020F8B51D4CA688E388F31A8342EF
:10C6400007461DDAB0F5FA7F2CBF361806F5FA76E4
:10C65000B6B23046FCF786F90546B0B1E2882168EB
:10C6600030F03BF8124A20681368D188A5EB000C23
:10C6700003EB011199420AD1FCF794F92560A680D9
:10C68000E38825681D443B44E3802846F8BD5A7A78
:10C69000920704D51A7A22B1013A012A01D910333E
:10C6A000E8E7DA686244DA60F9E700BF5C2E002050
:10C6B0003C2E00200B4B0C4A1888D188136810B50B
:10C6C00003EB01118B4200D110BD5A7A940707D4B5
:10C6D000DC88204214BF42F0040222F004025A72A5
:10C6E0001033EFE7603100203C2E002010B50E4CD7
:10C6F000206820B1FCF756F900232360A3800B4C7F
:10C70000206818B1FCF74EF900232360A06818B127
:10C71000FCF748F90023A360206918B1FCF742F93F
:10C720000023236110BD00BF5C2E00203C2E0020A2
:10C7300038B505464FF4FA70FCF714F9134B18603E
:10C74000E0B1134C4FF4FA725A60002120222046C7
:10C750002FF0EBFF2801FCF705F920601420FCF70F
:10C7600001F9A060A020FCF7FDF82368206113B157
:10C77000A36803B118B9FFF7B9FF002038BD0A2339
:10C78000A580A381A3822046F8E700BF5C2E00208D
:10C790003C2E0020034A1368990744BF23F002038C
:10C7A00013607047642E002038B5046809490546B7
:10C7B0000C2220462FF081FF50B90749022204F1D4
:10C7C0000E002FF07AFF18B90C342C60022038BD0F
:10C7D0001020FCE7841D0500921D05002DE9F7439C
:10C7E000102801914AD101A8FFF7DEFF022806D1E7
:10C7F000019B1888FFF762FE03B0BDE8F0831028A4
:10C8000002D04FF6FF70F7E71E4B019F186810F03B
:10C81000040031D01C4BD3F80080B8F81660002417
:10C82000A5B2AE421AD8194BD3F80080B8F81690CA
:10C830000025ACB24C45E4D2D8F81000102200EB31
:10C84000051039462FF039FF01350028F1D1A01924
:10C850006FEA40406FEA504080B2CDE7D8F8100050
:10C86000102200EB041039462FF027FF0134002876
:10C87000D6D145F40040BFE70646D4E70228C0D130
:10C88000B6E700BF642E0020382E0020342E002092
:10C8900070B505460C46FFF7A1FF4FF6FF739842AF
:10C8A0002AD1022D04D12088BDE87040FFF7E0BDF9
:10C8B000102D21D1114D2B68DA071DD4104BDE8AC3
:10C8C0009A8AB24218D91A69214602EB061204F17B
:10C8D000100051F8044B42F8044B8142F9D1D88A38
:10C8E000421CDA822B685B0704D5064B1B68DB8A87
:10C8F000184480B240F4004070BD00BF642E002098
:10C900003C2E0020382E0020020408B51DD5124B05
:10C910001B685B07C0F30E0013D5104B1A68D38A4F
:10C9200098420CD2136903EB001000F1100350F889
:10C93000042B41F8042B9842F9D1102008BDC01AED
:10C9400080B2074B1B681B69EDE7FFF7E7FD087036
:10C95000000A48700220F1E7642E0020382E0020E3
:10C96000342E0020F8B50D4B1B68DA881D6804468C
:10C9700005EB021542F6030726461034A5420AD0FD
:10C9800021B9204628F0A4FBB84204D0204628F064
:10C99000A9FB0028F0D03046F8BD00BF342E00209F
:10C9A0002DE9F0411E4E0C461146FFF7DBFFF388E0
:10C9B000326800F1100502EB03129542074604D1DC
:10C9C0002046BDE8F041FFF7C3BD521BC2F30F1272
:10C9D0004FEA04181201294605EB04102FF08BFED4
:10C9E0004246002128462FF0A0FE0E49B6F806C0A8
:10C9F0000A88384600230B27A4B202EB030E01334A
:10CA00009BB2A342A0F810E0477600F11000F4D3E7
:10CA1000224464440A80F4802846BDE8F08100BFC7
:10CA20003C2E0020623100200B4B1B6870B51D6846
:10CA3000044642F60306A54204D2204621B128F05E
:10CA400051FB38B1204670BD28F042FBB04201D105
:10CA50001034F7E7103CEEE7342E0020437ADA0773
:10CA600002D5C3F380007047034BC2881B881A426B
:10CA700014BF012000207047603100200A4B1B6862
:10CA8000DB0708D570B1094B1B68DB88834234BFD4
:10CA900000200120704728B1054B1B88834294BFBA
:10CAA00000200120704700BF642E0020342E00209B
:10CAB0006231002070B50246FFF7E0FFE8B10F4B8E
:10CAC0001968CD88954209D302F18053013B0C6867
:10CAD0001E0104EB0310A35B93420ED0002398B217
:10CAE000854201D8002008E00E681C0106EB031007
:10CAF000345B944203F10103F1D170BD342E002068
:10CB00002DE9F3410025184F0190A8460E463B68D9
:10CB1000D988AAB291421DD91B68ACB203EB0414A8
:10CB2000B4F90430002B1CDA2046FFF797FFC0B1A0
:10CB3000E1680B889E4214D132460198023125F0FB
:10CB40000EFEE3681B8882B2934207D0114601A80B
:10CB500025F0D0FE404602B0BDE8F08143441FFA04
:10CB600083F80135D3E700BF342E002010B5094CFF
:10CB70002368DB070CD4FFF7B9FD074B1B683BB1FB
:10CB8000064A1360DB88064A0133138001232360C1
:10CB9000002010BD642E0020382E0020342E0020EE
:10CBA00062310020064A1368D90706D413F0020048
:10CBB00003D143F002031360704741F20C00704749
:10CBC000642E00202DE9F04F934B1B689F0795B012
:10CBD00040F11F81914C42F6020028F040FAD4F84F
:10CBE0000090B4F806B009EB0B1382460193494656
:10CBF0000027019B8B423DD1DFF82492B9F8043025
:10CC0000BB4216D03846FBF7ADFE824688B10646D9
:10CC10004FF0000BE2881FFA8BF39A427CD8D9F8C8
:10CC20000000FBF7BFFEC9F800A0A9F80470A9F83E
:10CC30000670DFF8F0810025012340224FF0FF311C
:10CC400004A8A8F8003025762FF06FFD2E46A946DF
:10CC5000E3881FFA85FA53457DD8E680FFF79AFDF1
:10CC6000B9F1000F02D004A8FCF7B8FA002015B003
:10CC7000BDE8F08F4B7ADE061FD49D0704D5084629
:10CC800028F0DDF9384487B24B88534515D18E8999
:10CC9000C8460023012598B2834510D8AE4238BF5C
:10CCA0002E4600F10108B6B21FFA88F809EB081306
:10CCB0003546C3451DD88E81CD81103199E7B8F82E
:10CCC00000209642EAD098F80900C0060DD4AA4286
:10CCD000039208D94046029328F004FA039A029B73
:10CCE000002818BF15460135ADB2013308F1100810
:10CCF000D1E71846029328F0F5F90028DBD1029B12
:10CD00005A7AD20658BF013508F1010858BFADB2B2
:10CD10001FFA88F81033CCE723681FFA8BF503EB72
:10CD200005156B7A03F01203022B09D1284628F06F
:10CD300086F9804620B12B7A2BB1013B012B02D919
:10CD40000BF1010B66E73046E96842462FF0C5FC5F
:10CD5000EE604644F4E72768A9B24FEA011B07EBEF
:10CD600001114B7AD80651D41A0744BF23F00803A7
:10CD70004B724B7A48BF4FF00109980642BF43F00F
:10CD8000040323F020034B724B7A48BF4FF0010994
:10CD90005A0644BF23F044034B7237F80B30B8F8FF
:10CDA0000020029348BF4FF0010993421DD9084665
:10CDB000019228F097F9019AB8B1029BA8F80030C7
:10CDC000564509D207EB061701F1100351F8042B61
:10CDD00047F8042B9942F9D1B8F8003001360133F5
:10CDE000B6B2A8F80030013532E70B7A032B0AD12E
:10CDF0004B7B207E3E2B9EBF50336B4403F8400C90
:10CE0000431C2376487327F80B20D9E74FF001091C
:10CE1000E9E741F20C002AE7642E00203C2E0020B6
:10CE20005C2E0020623100202A4B1B689A072DE9F6
:10CE3000F0414CD5284C2568B4F80680002105EB5C
:10CE400008180E46A8450BD119B1244AD388591A9F
:10CE5000D180002E38D1FFF79DFC0020BDE8F08185
:10CE60006F7A3B0706D5731C28469EB228F0E7F878
:10CE7000084481B227F070076F721035E2E783B281
:10CE800002EB03135F7A3F070DD4A94209D202EBEC
:10CE9000011203F1100553F8047B42F8047BAB4206
:10CEA000F9D1013189B20130E388226885B2AB4201
:10CEB000E5D89B1B9BB202EB0312E38032F8103CD7
:10CEC000074A01331380C6E700200146ECE741F230
:10CED0000C00C3E7642E00203C2E00205C2E0020B6
:10CEE000623100202DE9F04F87B083469DF850A0B5
:10CEF0000193BDF840300293BAF1020FBDF84430FF
:10CF0000BDF84890DDF84C8005911646039324D077
:10CF1000994503D9212007B0BDE8F08FB9F1000F82
:10CF200002D0B8F1000FF5D0022E1CD10220002152
:10CF30000646019B13F0300520D09DF85430DD07E4
:10CF40001BD4019B01309C0680B2C3F3001501D5B0
:10CF500045F002050124032712E04FF00008C14606
:10CF6000CDF80C80E0E7102ED4D105A8FFF71CFC0B
:10CF70000228DBD001210846DBE700252C460227EA
:10CF8000FFB23A46C0B2FFF705FB08B91A20C2E764
:10CF90005846FFF78FFD83460028BBD028F0A2F843
:10CFA0000028B7D0BAF1020F6CD0039B981D80B255
:10CFB000FFF740FB03460028E8D0394601225846D7
:10CFC0000493FFF7EDFC074642F6030028F047F80C
:10CFD0003A4A9DF804B07A60102E4FF0050278802E
:10CFE0003A720CBF30460220059987F80CB0FFF763
:10CFF0004FFC029BBB824FF6FF72BAF1010F049BFC
:10D00000F8817882FA823FD0BAF1020F0CBF072272
:10D010000122BAF1020F3A7638D10023FB61169B48
:10D0200013B1169A3B8A1380002C45D042F60210A9
:10D0300028F015F8029B7884D90454BF40F6030306
:10D0400040F60313BB84029B87F82C509A0448BF18
:10D05000BB8C1B4A44BF43F40073BB84029B5B043C
:10D0600042BFBB8C43F48063BB844FF6FF73FB84E9
:10D07000032387F82830137E87F82D30591C11764A
:10D08000002048E7002398E70222C2E7039AFB61E9
:10D0900083F800B05A80B9F1000FC0D0B8F1000F8A
:10D0A000BDD0BAF1010F08BFA3F804904A4641462B
:10D0B000981D2FF012FBB2E720462CE70108FFFF76
:10D0C0003C2E002010B58EB041F60103ADF824309F
:10D0D00042F60523ADF8283042F62A33ADF82C305D
:10D0E00042F62933ADF830302B4BDB88002B50D182
:10D0F000FFF758FD00284AD10DAB022209A90120F3
:10D1000028F021F8002842D14FF4006304210DF1EA
:10D110003604CDE90031CDE90504CDE903000290E4
:10D120002023BDF8340002220AA9FFF7DBFE70BB02
:10D1300040F601031022CDE900320223CDE90504B7
:10D14000CDE9030002901A46BDF834000BA9FFF7A1
:10D15000C9FEE0B90DF1230303930123CDE90133A7
:10D1600040F60303CDE905048DF8230004900093F5
:10D17000BDF834000A2302220CA9FFF7B3FE30B930
:10D18000BDF8340028F02FF808B9FFF71BFD0EB0EA
:10D1900010BD0220FBE700BF3C2E00202DE9F04728
:10D1A000DFF8F8A0DFF8F880DFF8F89020220646D4
:10D1B0000D46504600212FF0B8FA354A0023C2E947
:10D1C0000033C8F800300123A9F80030002E51D0F8
:10D1D000304F3B68DB074DD52F4E3368D88814306D
:10D1E00080B2FFF7A5FA044618B91A252846BDE80B
:10D1F000F08736680068F288316812012FF06DFA06
:10D20000F388E380337E2376738B6383B38BA383AE
:10D210003B68BAF8062023F001033B60DAF80030DF
:10D2200003EB02129A421FD1FFF744FA3B6843F026
:10D2300004033B60E3880133A9F80030164B1A68F9
:10D24000C8F80020134A1C60136823F00103136020
:10D25000002DCBD0E388CBB9FFF734FF054600287B
:10D26000C4D0FFF783FCC1E7597A41F0010159723C
:10D270001033D7E71420FFF75BFA04460028B4D038
:10D28000044A136823F004031360D7E70025ADE7D1
:10D290005C2E0020642E0020342E00203C2E002026
:10D2A000382E00206231002008B5002142F20E0025
:10D2B00026F09DFABDE808400148F6F7D9BD00BF49
:10D2C000FB0C040038B590F86E30032B044615466D
:10D2D00006D1FFF7E9FF012384F86E30002019E042
:10D2E000D1B9012B2ED9032140F2064026F07FFA56
:10D2F000B4F86A30A0F8033045711348F6F7B8FD6A
:10D3000026F0B9FA8378002BE5D026F0B4FA8078BD
:10D3100040F4805080B238BDA3B102214FF60440E2
:10D3200026F065FAB4F86A30A0F803300748F6F73B
:10D330009FFD26F0A0FA4379002BCCD026F09BFA73
:10D340004079E5E70220E6E7070C0400410C040001
:10D35000F8B507460E4642F213000E2115461C464C
:10D3600026F045FAB7F86A30A0F80330BDF8183057
:10D37000A0F80B30BDF81C30A0F80D30BDF82030FF
:10D38000A0F80F30A0F80560A0F80750A0F80940F9
:10D390000648F6F76DFD26F06EFA807820B126F08B
:10D3A0006AFA807840F48050F8BD00BF830C040016
:10D3B00070B506460D4642F27A000421144626F066
:10D3C00016FAA0F80360457184710648F6F750FD1F
:10D3D00026F051FA407920B126F04DFA407940F418
:10D3E000805070BD653F010010B50221044642F235
:10D3F000300026F0FCF9B4F86A30A0F803300F488A
:10D40000F6F736FD26F037FA437963B926F033FA9A
:10D41000C088FDF7ADF9044628B126F02CFA017A50
:10D420002046FDF7C5FA26F026FA407920B126F00D
:10D4300022FA407940F4805010BD00BF61420100E3
:10D44000F8B507460E4642F24100082115461C4633
:10D4500026F0CDF99DF81830C3709DF81C3003718B
:10D4600047718671A0F80750A0F809400648F6F702
:10D47000FFFC26F000FA407920B126F0FCF9407953
:10D4800040F48050F8BD00BFD13E010038B50546DC
:10D490000C4642F24200062126F0A9F9002343710E
:10D4A0008371C3710372C57004710648F6F7E0FC1E
:10D4B00026F0E1F9407920B126F0DDF9407940F419
:10D4C000805038BD293F01002DE9F04106460F4646
:10D4D00042F23600192115461C46DDF8248026F05C
:10D4E00086F92B0AC371230A83729DF818300373DF
:10D4F0009DF81C308571447243732D0C9DF82030CB
:10D50000C670240C87800572C4728373D8F800300B
:10D51000C0F80F30B8F80430A0F813309DF8283068
:10D5200043759DF92C3083759DF83030C375002309
:10D5300003769DF8343043769DF83830C37686768E
:10D540000648F6F795FC26F096F9407920B126F0CA
:10D5500092F9407940F48050BDE8F0811940010013
:10D5600038B505460C464FF61940052126F03FF91F
:10D57000C57044600648F6F77BFC26F07CF94079DC
:10D5800020B126F078F9407940F4805038BD00BFD2
:10D59000AF09040038B505460C464FF61A40052180
:10D5A00026F025F9C57044600648F6F761FC26F0C0
:10D5B00062F9407920B126F05EF9407940F480505C
:10D5C00038BD00BFE109040070B50D4606460121D3
:10D5D000DAB1FFF7C5FF0446A8B9072142F23500CA
:10D5E00026F005F9C6702B684360AB8803810848B4
:10D5F000F6F73EFC26F03FF9437923B126F03BF9DC
:10D60000447944F48054204670BDFFF7C3FFE2E73D
:10D61000850B040010B50A460446042142F2370087
:10D6200026F0FAF803230371002343718371C47059
:10D630000648F6F71DFC26F01EF9407920B126F0C9
:10D640001AF9407940F4805010BD00BF730A0400FD
:10D6500010B50A460446042142F2380026F0DCF8F0
:10D6600003230371002343718371C4700648F6F7E6
:10D67000FFFB26F000F9407920B126F0FCF8407954
:10D6800040F4805010BD00BFC10A0400F8B5064642
:10D690000F4642F23900062114461D4626F0A7F82F
:10D6A00001238471240A0371C7704671C471057225
:10D6B0000648F6F7DDFB26F0DEF8407920B126F0CB
:10D6C000DAF8407940F48050F8BD00BF0F0B040039
:10D6D0000148FBF7D3BD00BFDDD601002DE9F04FB7
:10D6E000867987B00C3605900546805BC0F30B0049
:10D6F000FDF73EF8044618B905A824F073FE4EE085
:10D7000090F86E30022BF7D1AB5B059AC3F30B0197
:10D7100003F44053B3F5805F9060A95342D153792D
:10D720006FF300035371836B002BE5D0042105A830
:10D7300004F1380625F0B7F80599304625F005F8CC
:10D74000A06B00230146DAB20133A1BB012A01D943
:10D7500025F001F9A06B24F0EDFF03281FD9D4F8C0
:10D76000389099F80670484624F0E4FF0C3709EB2E
:10D77000070539F80770A0F10408474521D94A4F39
:10D78000D4F838A007F1100957F804BB53464246B5
:10D7900029462046D8474F450FD00028F4D007B07F
:10D7A000BDE8F08F383024F01DFE059A537943F020
:10D7B00001035371BAE70968C5E70028EFD1304685
:10D7C0009BE7A06B24F0B6FF04378742F7D3698844
:10D7D000A1F140033F2B0BD80421304625F063F81C
:10D7E000A26B6988204627F07FFD0023A363D6E75C
:10D7F00005290BD0062951D00429E0D1304625F067
:10D8000052F8A16BE06CFDF705F9EEE729462046DA
:10D8100027F068FD02460028D1D12B79122B06D0C3
:10D82000132B36D06979204627F034FDC7E794F8EA
:10D830006F30022BF6D029898B1F9BB240F67A40BD
:10D84000834224D86A89931F9BB283421FD8914296
:10D850001DD8AB89B3F5FA7F19D2EF89A7F10A0079
:10D8600080B240F6764C604511D8B4F8660002905C
:10D87000B4F86400CDE900702046FFF769FD021E90
:10D8800018BF01226979204627F0C0FC97E70122E2
:10D89000F8E794F86F30012B91D1C3E7A16B2046D4
:10D8A00025F0F8FFA1E700BF941D0500184622F0FF
:10D8B000004240F20A439A422DE9F04122D8B2F5E3
:10D8C000806F02D80020BDE8F0816FF480642244AC
:10D8D000092AF7D801A353F822F000BF21D901008B
:10D8E0002DD901004BD9010097D901006DD9010054
:10D8F000B3D90100D7D90100DFD90100C5D8010093
:10D90000F9D901006FF4A0631A44042ADAD8042A72
:10D91000D8D8DFE812F07A008D009500BA00CE006A
:10D9200005784488654826F02DFA3CE0057844687F
:10D93000826900F108030021614826F034FA0028CA
:10D94000C0D00571C0F80540BCE706784588047969
:10D95000826900F1080300215A4826F024FA0028C1
:10D96000B0D00671A0F80550C471ABE70479077810
:10D970004688C5881B2C00F108020CBF0421002139
:10D98000514826F035FA00289CD00771A0F80560B0
:10D99000C471058196E7057844884269031D00211A
:10D9A0004A4826F000FA00288CD00571A0F80540FE
:10D9B00088E706784588848800F1080200214448F9
:10D9C00026F016FA00283FF47DAF0671A0F8055046
:10D9D000A0F8074076E7057844883E48A3E7047836
:10D9E0003C4826F0CFF900283FF46CAF0723437181
:10D9F00000230471837165E70478374826F0C2F983
:10DA000000283FF45FAF04715CE70778468805792A
:10DA1000C48800F108020021304826F0E9F9002806
:10DA20003FF450AF0771A0F80560C571048149E764
:10DA3000077846880579C488294826F0A3F9EEE7D7
:10DA400087680479067845887FB1C78800F10802A5
:10DA50000021244826F0CCF900283FF433AF0671AA
:10DA6000A0F80550C47107812CE71E483B463A4692
:10DA7000394626F098F900283FF424AF0671A0F843
:10DA80000550C471077247721CE790F80080478800
:10DA90000679C5880489144826F074F900283FF4F3
:10DAA00011AF80F80480A0F80570C671058144812B
:10DAB00008E7057844880D4835E700BFB41D050028
:10DAC000D41D0500A41D0500A81D0500AC1D050002
:10DAD000B01D0500B81D0500C81D0500BC1D0500D2
:10DAE000CC1D0500D01D0500C01D0500C41D05008E
:10DAF00000487047ADD8010070B518B1037813B174
:10DB0000012B0AD070BDC58884880A4826F03AF9EE
:10DB10000028F7D08580C480F4E7868985888468EA
:10DB2000054826F02FF90028ECD08680C5800481B6
:10DB3000E8E700BFD81D0500DC1D050010B502F0A8
:10DB4000BDFB0146044806F0F5FD04460348FCF71A
:10DB500089FC848010BD00BFF9DA0100280224008E
:10DB600008B5024800F08CF8002008BD71DB010008
:10DB700037B520F0004018280ED18B790848019164
:10DB80000C33CA18CD5A947826F0FCF808B1858079
:10DB9000847101A824F026FC012003B030BD00BF31
:10DBA000F41D050030B587B0054600208DF80F1034
:10DBB00009F02AFC032806D1002024F046FC044684
:10DBC00040B91A201DE0002009F01EFC0428F3D003
:10DBD000022016E002220DF11601ADF8165024F0D5
:10DBE000E4FB01220DF10F01204624F0DEFB0022B0
:10DBF0000023CDE9002304482246182127F0AEFC7B
:10DC0000002007B030BD00BF8DDC0100F8B506462E
:10DC10000A480D4617461C4626F0B4F868B19DF830
:10DC200018300373BDF81C30A0F80D309DF820307B
:10DC30008780C68005814481C373F8BDF81D050047
:10DC4000024B5860184625F0D7BF00BF2C110020AA
:10DC5000014BD86824F07EBC2C110020014B1860C9
:10DC6000704700BF782E0020014B1860704700BF3E
:10DC7000802E0020014B1860704700BF702E0020DE
:10DC8000014B1860704700BF6C2E0020322838B559
:10DC900004464AD8431E2C4D312B27D8DFE803F029
:10DCA0001919263023282B2E2E3030303246464686
:10DCB00026262626303030483030302626261919C0
:10DCC000191919303030303030191919191919193A
:10DCD00019191E4B1B684BB12A5D042A8CBF002208
:10DCE0000122204618E0084627F0CAFB00231BE06B
:10DCF00027F0C7FBFAE727F0C5FBF7E7144BE9E786
:10DD0000144BE7E7144B1B68002BEFD06A7B042A07
:10DD10008CBF002201220D2098470028E6D12B5D00
:10DD20000133DBB2042BE1D82B5538BD0B4BD1E7C7
:10DD30000B4B1B68002BD9D02A7E042A8CBF0022F3
:10DD400001221820E8E700BF9D3A0020782E00202D
:10DD5000802E00207C2E0020682E0020702E0020B7
:10DD60006C2E0020014B1860704700BF742E0020FD
:10DD7000014B1860704700BF842E002003780D2BE4
:10DD800003D90E3B052B04D97047034B1B6813B115
:10DD90001847024BFAE77047742E0020842E0020AB
:10DDA00008B50248FFF766FF002008BDB1DD01009D
:10DDB0000F2873B506460D4614460CD010280CD01B
:10DDC0000E2806D10D4825F0DDFF40B12B0C8380D5
:10DDD000C58001240FE00A48F5E70A48F3E754B18B
:10DDE000042027F0ECFB2A46CDE900010648314625
:10DDF00027F0B4FB0024204602B070BD101E0500C1
:10DE0000141E0500181E05008DDC010008B504482D
:10DE1000FFF724FF0348FFF7A5FF002008BD00BF60
:10DE2000D5DE01002D53040038B5054603480C46E5
:10DE300025F0A8FF08B18580C48038BD501E0500BC
:10DE4000112A70B506460D4614460BD81AB1541E59
:10DE5000012202FA04F4044825F094FF10B18680F0
:10DE6000C580846070BD00BF4C1E050070B50646BD
:10DE700004480D46144625F085FF10B18680C58004
:10DE8000047270BD481E050038B505460C460448AE
:10DE9000002125F088FF08B18580C48038BD00BF0F
:10DEA0003C1E050038B5054603480C4625F06AFFC0
:10DEB00008B18580C48038BD381E0500024A034978
:10DEC000034802F0AFBE00BF29DE010041DE0100C1
:10DED0006DDE01002DE9F04F89B0431E02AF804690
:10DEE0000C461546322B47D8DFE813F04D003300BF
:10DEF00046004600460046004600460046004600F2
:10DF000046004600460046004600460046004600E1
:10DF100046004600460046004600460046004600D1
:10DF200046004600460046006F00750085008700E9
:10DF30009500460046004600460046004600B800F0
:10DF4000DD000E011801330033001A01840186013F
:10DF500055010228C1F30B09C1F30B36C1F3016A65
:10DF60000CD1A64825F00EFF00284ED080F804A062
:10DF7000A0F80590A0F80760012547E02E280CBF07
:10DF80009F48A048EEE7002009F03EFA81460020B5
:10DF900027F0B9FB834627F054FC82469A4825F0C7
:10DFA000F1FE064660B1A9F10403D3F1000949EB83
:10DFB000030980F80490A0F805B0C0F807A0012676
:10DFC000FFF77CFF002ED7D11FE0904825F0DAFE46
:10DFD000D8B18480D0E727F034FC0646002027F033
:10DFE00092FB81468A4825F0CDFE70B1A0F80490DE
:10DFF000C0F80660C0E78748E8E7002027F07CFA11
:10E00000854825F0BFFE0028B6D185B928461C37C3
:10E01000BD46BDE8F08F8B79804839610C33CA1852
:10E0200051F80390566825F0ADFE60B9A5B1042003
:10E0300027F0C5FA2246CDE900017948414627F08C
:10E040008DFA0025E2E78660C0F80490012607F10A
:10E05000100024F0C7F9B5E72E46F8E700230522A3
:10E0600007F11000F96024F0B3F93B7C6D4897F894
:10E0700011B097F812A097F813903E7D7B6025F0C1
:10E0800081FE60B17B680672037180F805B080F88C
:10E0900006A080F80790012607F10C00D9E7002DB3
:10E0A000C5D12E46F8E7E94608468AB0396124F022
:10E0B00041FB23280DF1080B21D839697960084606
:10E0C00024F038FB796802460023584624F080F992
:10E0D0009DF80A2054489DF808A09DF809600DF1AC
:10E0E0000B03002125F05FFE48B1467180F804A0C3
:10E0F000012607F1100024F075F9CD4662E70DB155
:10E10000CD4694E72E46F4E7484825F03BFE00282C
:10E110003FF47BAF230A037144712DE7444870E755
:10E12000C1F3074A4FF0000907F1100207F10C0193
:10E130005046C7E9039927F0BDFC3E69A3B2B3423C
:10E140000AD33C4825F01EFE00283FF45EAF80F85D
:10E15000049080F805900FE7F61AFA683648642EA6
:10E1600028BF642613444946324625F01CFE002889
:10E170003FF44BAF16FA84F680F804A0002104F4B3
:10E180007F02B6B20020CDE900013243302124489D
:10E1900027F0E4F9F0E6C1F3074A4FF0000907F170
:10E1A000100207F10C015046C7E9039927F084FCDF
:10E1B0003E69A3B2B34201D32048C3E7F61AFA6816
:10E1C0001F48642E28BF642613444946324625F072
:10E1D000EAFD00283FF419AF16FA84F680F804A08F
:10E1E000002104F47F02B6B20020CDE900013243E1
:10E1F0003321CCE71348E9E6134802E7601E050027
:10E20000641E0500681E0500541E0500881E0500DA
:10E21000801E0500841E05008C1E05005C1E050086
:10E220008DDC0100901E0500441E0500581E0500EF
:10E23000941E0500701E05006C1E0500781E05006A
:10E24000741E0500301E0500401E0500012907B59B
:10E250000AD100210020CDE900011F21084827F044
:10E260007DF903B05DF804FB0329FAD100200021F9
:10E27000CDE900010AB92021F0E72121EEE700BF36
:10E280008DDC0100B0B5102B84B00D4602AF1146F5
:10E290001A4601D0202B25D102F10A0424F00704EC
:10E2A000ADEB040DD31C8DF808000DF10B007B6065
:10E2B0008DF80A2002AC8DF809502EF00EFA0021DC
:10E2C0007B682246084624F07AFA002102460020A4
:10E2D000CDE9000104482B2127F040F90020083740
:10E2E000BD46B0BD2120FAE78DDC010007B5002353
:10E2F0000022CDE9002341EA00222C21034827F027
:10E300002DF9002003B05DF804FB00BF8DDC010097
:10E3100007B500230022CDE900232D21034827F073
:10E320001DF9002003B05DF804FB00BF8DDC010087
:10E330001FB58DF809108DF80B3000219DF81830AD
:10E340008DF808008DF80A208DF80C3002AA0523FC
:10E35000084624F034FA40B100220023CDE900231E
:10E360002A210246024827F0F9F805B05DF804FBBF
:10E370008DDC01001FB590F828300293C38C019307
:10E38000D0F822300093038C014600F110020020E7
:10E3900027F030FC04460348FCF764F8848004B09E
:10E3A00010BD00BF2802140438B5054603480C46CA
:10E3B00025F0E8FC08B14560047238BD341E050044
:10E3C0001FB5124A13689842CDE90210104B02D8CB
:10E3D0001C688C4218D210600220196024F035F8B5
:10E3E000044688B1042203A923F0DFFF042202A916
:10E3F000204623F0DAFF00220023CDE90023054860
:10E400002246232127F0AAF804B010BD8C2E00204C
:10E41000882E00208DDC010013B5124CC2F30B02D4
:10E4200004EA033313430A0602F040721A4348B960
:10E4300000210020CDE9000102210B4827F08EF8D1
:10E4400002B010BD022805D100210020CDE9000155
:10E450002E21F2E70128F3D100210020CDE90001AF
:10E460002F21EAE700F0FF008DDC0100F8B5074638
:10E4700007480E4615461C4625F084FC30B107714E
:10E48000A0F80560A0F80750A0F80940F8BD00BF4B
:10E490007C1E050007B500230022CDE900232221C0
:10E4A000024827F05BF803B05DF804FB8DDC010047
:10E4B00007B500230022CDE900233221024827F0CE
:10E4C0004DF803B05DF804FB8DDC010010B527F0BA
:10E4D0001EFB04460248FBF7C5FF848010BD00BF49
:10E4E00028021415024B188808B927F0EEBA7047B5
:10E4F0006431002030B58FB00DF13705CDE90A2128
:10E5000004460993FFF7EEFF07950DF136050695D2
:10E51000124D0B992D7805950025CDE90305BDF821
:10E52000500002909DF84C000190BDF8480000900A
:10E53000DDE90932204601F0E1FD044658B90848FA
:10E5400001F0FAFE00220023CDE90023054822460F
:10E55000012127F003F820460FB030BDD03A00204B
:10E560007DDD01008DDC01001FB50023CDE9013305
:10E5700000931A4601211846FFF7BCFF04460348E2
:10E58000FBF770FF848004B010BD00BF28021400A8
:10E5900008B5002105480AF0ADFE06F091FB01F038
:10E5A000B9F80348FFF760FB002008BDFD530400E5
:10E5B000B5E5010020F00043082B73B506460D4673
:10E5C000144605D0092B09D00124204602B070BDA5
:10E5D0000E4825F0D7FB58B14560F5E70C4825F00B
:10E5E000D1FB28B103230372042345604372EBE798
:10E5F000002CEAD0042026F0E2FF2A46CDE90001F3
:10E600000448314626F0AAFF0024DEE7AC1E0500D0
:10E61000B01E05008DDC010010B5142026F09AFF15
:10E62000044650B1142200212EF07FF8044A1368EA
:10E63000A360013308BF01231360204610BD00BF53
:10E640004011002073B51E4D064628680446B4B933
:10E650009AB191B1FFF7E0FF044670B12B68C66034
:10E66000436003B118602C6000220023CDE9002331
:10E670001448A268082126F071FF02B070BDE3685B
:10E68000B34201D06468E2E70029EDD122680AB103
:10E6900063685360636803B11A60A04208BF2B60CF
:10E6A00000220023CDE900230921A268054826F0B5
:10E6B00055FF204602B0BDE8704026F04DBF00BFB8
:10E6C000902E00208DDC010008B50248FFF750FBBA
:10E6D000002008BDD9E6010070B503780F3B042B7C
:10E6E00011D8DFE803F00310111F2B00184B1B7823
:10E6F0004BB186688588C488164825F043FB10B165
:10E700008680C580048170BD114B1B78002BFAD028
:10E7100085888479104825F035FB0028F3D0858062
:10E720008471F0E70A4B1B78002BECD084880B48EF
:10E7300025F028FB0028E6D08480E4E7044B1B7812
:10E74000002BE0D0BDE87040054825F01BBB00BFA2
:10E75000D13A0020E81E0500E01E0500DC1E050081
:10E76000E41E050010B50378072B0FD841781F2948
:10E770000CD8184602F01EFB002840F2034408BFE4
:10E7800000240348FBF76EFE848010BD2124F8E7C7
:10E790002802220110B50378012B12D841780729ED
:10E7A0000FD882781F2A0CD8184627F0A1F9002824
:10E7B00040F2034408BF00240348FBF753FE848063
:10E7C00010BD2124F8E700BF2802220313B5044638
:10E7D0000088E288A18801ABC0B226F012FE50B1D9
:10E7E0006188019826F0C7FF04460448FBF73AFE0B
:10E7F000848002B010BD40F20254F6E72802220ADB
:10E8000013B504460088A288618801ABC0B226F027
:10E81000F8FD58B1E1880198002227F010F804466D
:10E820000448FBF71FFE848002B010BD40F2025482
:10E83000F6E700BF2802220C10B5427A037A88B0AE
:10E8400043EA0223ADF80830C278837843EA022312
:10E85000ADF81A30837A8DF81C30C37A8DF81D30EC
:10E86000037B8DF81E30437B0446003B18BF012319
:10E87000102200210DF10A008DF81F302DF055FFF8
:10E880002088E288A18801ABC0B226F0BAFD50B161
:10E89000019802A926F0B6FF04460448FBF7E2FD02
:10E8A000848008B010BD40F20254F6E7280222111D
:10E8B0002DE9F047044688B01822002102A82DF067
:10E8C00034FF2088A288618801ABC0B226F099FD90
:10E8D00010B3019802A926F085FF04461048BDF840
:10E8E0001AA0BDF808909DF81C809DF81D709DF839
:10E8F0001E609DF81F50FBF7B5FDC5F30005848031
:10E90000A0F806A0A0F8089080F80A80C7720673E5
:10E91000457308B0BDE8F08740F20254DEE700BF5F
:10E92000280A221310B5037853B9411CB0F811001E
:10E9300026F043FF04460848FBF794FD848010BD91
:10E94000012B07D1B0F81110421CB0F8130026F0CB
:10E950003EFFEFE72124EEE72802221A2DE9F04FCF
:10E960002DED028B8FB01E469DF8743007939DF8F5
:10E97000783005939DF87C30069308EE102A804687
:10E980000D4626F0ABFE0228DDE921ABBDF868900C
:10E990009DF8704039D128460AA927F085F8054628
:10E9A00000287ED10DF126010AA80DF0C7FE05460C
:10E9B000002876D1BDF82630434501D0212570E0EE
:10E9C0000AADBDF86C204946304626F0BAFE07462F
:10E9D000002864D02AF0CEFA002869D0059B3F2B8E
:10E9E000ECD8374E3068002850D1209A5346032186
:10E9F00023F0E5FE306030B1032123F0B9FD30B9DA
:10EA00002F4823F0EFFC19254BE00025D9E73168AA
:10EA1000059A8B790C33C81862F03F02CA54A0F8EB
:10EA200001903068002123F096FF069B002B41D017
:10EA3000079B002C18BF042413B144F01004E4B267
:10EA40003168BBF1000F37D15A465B46CDE902323F
:10EA5000CDE900142B4618EE101A424638462AF02B
:10EA600084F90546BBF1000F08D0164A1388ABF8AD
:10EA700000300133C3F30E037BB113808DB93560D1
:10EA800028460FB0BDEC028BBDE8F08F20995246AE
:10EA900023F065FE5045C4D0B2E70123EDE740F214
:10EAA000025507480368002BEAD023F09BFCE7E7F8
:10EAB0000225F6E7069DE3E7024B1A88024BC5E7FD
:10EAC000982E002002130020F9EC010070B59CB2D2
:10EAD0000646154634B1044825F054F910B1868035
:10EAE000C480057270BD00BF041F05002DE9F04F02
:10EAF0001F46B7B0002306463846CDE904120B93F3
:10EB000026F0ECFD0228DDF804919DF808A158D00C
:10EB1000304626F026FE0290484623F00BFE1FFAF0
:10EB200080F8B8F1020F054651D900230322494667
:10EB30000AA823F04DFC9DF82830DFF898B003F0C8
:10EB40003F030393CAF380030193ABB203240893FA
:10EB5000304626F00AFE0690304626F004FE089B5A
:10EB600007901D1BA82DA8BFA825AAB22346494679
:10EB70000CA809922C4423F02BFC099A0B9D0CAB9A
:10EB800000215846A4B225F00EF9B8B1029BC3800B
:10EB9000079B0381069B4381059B8381049BA0F80F
:10EBA0000F30019B4374A8EB0402039BC3745342D0
:10EBB00053418780857380F812A00375A045C7D89C
:10EBC00005E040980BA926F071FF0028A0D037B0CF
:10EBD000BDE8F08F001F05002DE9F74F9DF830705C
:10EBE0009DF83440424D98463F2F4FF00003DDE939
:10EBF0000EB98A460193ADF802308DF8013068D81D
:10EC000026F09FFD064600286DD02AF0B3F90028B3
:10EC10006CD02868002851D14B465A46032123F076
:10EC2000CEFD2860002852D0032123F0A1FC2B68E0
:10EC30009A79134467F03F071F73A3F80DA0286863
:10EC4000002123F088FE002C34D0109B5BB1294AB0
:10EC5000109913880B80ADF8023001336FEA4343FB
:10EC60006FEA53431380022228680DEB020123F060
:10EC700076FD022828D1B8F1000F05D09DF80130AB
:10EC800043F010038DF80130012228680DEB0201DA
:10EC900023F065FD012817D1304626F068FD01906C
:10ECA00010B101A823F09EFB29683046002426F00D
:10ECB00060FD2C60204603B0BDE8F08F4A465946FF
:10ECC00023F04DFD4845BAD0094823F08BFB1924A9
:10ECD000F0E721242B68002BECD0054823F082FBC1
:10ECE00000232B60E6E740F20254F3E70224F1E749
:10ECF000942E00200013002070B5064604481446E8
:10ED00001D4625F03FF810B18680C580047270BDA5
:10ED1000041F050010B58AB000230893827B079278
:10ED200000F10F020692427B0592027BCDE903328D
:10ED3000C37A0293B0F809300193B0F8073000931A
:10ED4000B0F80530B0F8032081780088FFF706FEA0
:10ED500004460348FBF786FB84800AB010BD00BF61
:10ED60002802190010B586B000230493027A03929A
:10ED700000F109020292C27901928279009282889E
:10ED800041880088FFF728FF04460348FBF76AFB29
:10ED9000848006B010BD00BF2802190110B582881A
:10EDA0004188008826F0CDFC044658B12AF0E2F8EC
:10EDB00058B1204626F036FD04460548FBF752FBC5
:10EDC000848010BD40F20254F7E70224F5E700BF4B
:10EDD0002802190373B505462AF03FF8044608B126
:10EDE000122829D1EA79402A30D805F108036FF0BA
:10EDF00007001C46401BC1188A4223D8AA8869888C
:10EE0000288826F09EFC064610B32AF0B3F810BB03
:10EE1000AB79124AE979002B114B08BF0023CDE9E9
:10EE20000032304622460F4B2AF01AF8044618B931
:10EE30000146304626F09DFC0B48FBF713FB84800F
:10EE400002B070BD13F8011B3F29D4D92124F3E788
:10EE500040F20254F0E70224EEE700BFCDEA0100E1
:10EE600023540400EDEA01002802190408B50448FF
:10EE7000FBF774FA18B9BDE8084024F0F2BE08BDEB
:10EE80001C1F050008B50448FBF768FA18B9BDE86F
:10EE9000084024F0E6BE08BD241F05002DE9F0431C
:10EEA00085B06C4684E80F001948BDF84090DDF845
:10EEB0004480BDF848709DF84C60FBF74FFA18BBD2
:10EEC000144B1B680DF1100C1D1D224603CA624530
:10EED00028606960144605F10805F6D10CAA03F113
:10EEE000140110A852F8044B41F8044B8242F9D1A6
:10EEF000A3F82490C3F826805F8583F82C6005B0C2
:10EF0000BDE8F04324F0ADBE05B0BDE8F08300BF1E
:10EF1000341F0500EC2D002008B50448FBF71EFA4D
:10EF200018B9BDE8084024F09CBE08BD2C1F0500A0
:10EF300038B5054606480C46FBF710FA38B9054BBC
:10EF40001B681D715C71BDE8384024F08ABE38BD75
:10EF5000641F0500EC2D002070B5064607480D46DD
:10EF60001446FBF7FBF940B9054B1B681E715D7138
:10EF70009C71BDE8704024F074BE70BD6C1F05002C
:10EF8000EC2D00202DE9F04180460A480F46164638
:10EF90001D46FBF7E3F950B9074B1C68A4F8048041
:10EFA000E78026816581BDE8F04124F05ABEBDE8C6
:10EFB000F08100BF4C1F0500EC2D00202DE9F04131
:10EFC00080460A480F4616461D46FBF7C7F950B95A
:10EFD000074B1C68A4F80480E78026816581BDE8A2
:10EFE000F04124F03EBEBDE8F08100BF441F0500A3
:10EFF000EC2D00202DE9F74F804616461D46BDF842
:10F0000030209DF8343013489DF838B09DF83CA06E
:10F010009DF8409001920F460093FBF79FF9A8B925
:10F020000D49019A0C68009BA4F80480E7802681B2
:10F030006581A281A37384F80FB084F810A084F8CE
:10F04000119003B0BDE8F04F24F00BBE03B0BDE853
:10F05000F08F00BF5C1F0500EC2D00202DE9F84F5C
:10F0600083461B48DDF828A0DDE90D7689469046E9
:10F070001D46FBF773F9044638BB164B1B68A3F813
:10F0800004B0A3F80690A3F80880FBF7BDF9124B73
:10F0900004461A680DB1D3882B80BAF1000F02D054
:10F0A0001389AAF800300B9B13B10B99937A0B705C
:10F0B0000C9B13B10C99D37A0B700FB1137B3B707F
:10F0C0000EB1537B3370FBF7B7F92046BDE8F88FDC
:10F0D000541F0500EC2D0020F02D002084B0F8B561
:10F0E000054607AC1048BDF82C70BDF8306084E8C8
:10F0F0000E00FBF733F998B90C4B1B680BA91D7177
:10F100005A1D54F8040B42F8040B8C42F9D1A3F8B1
:10F110001570A3F81760BDE8F84004B024F0A1BD55
:10F12000BDE8F84004B070473C1F0500EC2D0020FE
:10F130002DE9F74F1C469DF84030019307460E46D7
:10F1400015461448BDF830B0BDF834A09DF838908D
:10F150009DF83C80DDE911230121FBF70FF9B0B9DF
:10F160000D4B019A1B689F809E71A3F80750A3F86E
:10F170000940A3F80BB0A3F80DA083F80F9083F813
:10F1800010805A7403B0BDE8F04F24F06ABD03B09C
:10F19000BDE8F08F841F0500EC2D00202DE9F84319
:10F1A00080460F4616461D460B489DF82090DDE927
:10F1B00009230121FBF7E2F860B9084B1C68A4F8A9
:10F1C0000480E7802681A57284F80B90BDE8F8439F
:10F1D00024F047BDBDE8F8838C1F0500EC2D00200E
:10F1E00070B5064607480D461446FBF7B7F840B918
:10F1F000054B1B689E80DD801C81BDE8704024F0BB
:10F2000030BD70BD7C1F0500EC2D00202DE9F041C4
:10F2100080460F4616461D460948DDE906230121B2
:10F22000FBF7ACF850B9074B1C68A4F80480E780E2
:10F230002681A572BDE8F04124F013BDBDE8F08140
:10F24000741F0500EC2D002070B5074B074E0D46CE
:10F250003160014618782CF000F8044610B1002304
:10F260003360A847204670BDD23A00209C2E002073
:10F2700070B51446024609481D46007800232CF05C
:10F2800012F848B944B10346054822462946007899
:10F29000BDE870402CF007B870BD00BFD33A002025
:10F2A000D43A002008B5064B18781BF023FE28B985
:10F2B000044B1878BDE808401BF01CBE08BD00BF19
:10F2C000D33A0020D43A002010B5114B1B7886B0F9
:10F2D000B3B102AC0621204626F07DF970B99DF845
:10F2E0000D300C4803F03F038DF80D3004AB009354
:10F2F00094E80C00007803211BF0BCFD06B010BDA3
:10F30000044B187806B0BDE810401BF0E1BD00BF0B
:10F3100048130020D23A00202DE9F04F2DED028B4A
:10F3200089B008EE100A03922D4A0F4607CA994683
:10F330002C4B05AE93F800A086E80700BAF1040F45
:10F340000CBF4FF0040B4FF0010BB046002558F8EE
:10F35000040B1BF02DFD044668B12DB9204609B001
:10F36000BDEC028BBDE8F08F013D56F825201078EA
:10F370001BF0D2FDF1E70135032DE8D11A4D5246BD
:10F38000287859462BF0A7FF0446D8B9039B009371
:10F3900018EE101A234628783A461BF021FD044641
:10F3A00080B9287849461BF03DFD044650B9014616
:10F3B00028781BF04BFD044620B9FFF785FF044673
:10F3C0000028CBD0094B28781F78094B1E781BF0FA
:10F3D000A3FD38461BF0A0FD30461BF09DFDBDE7A8
:10F3E000941F050047130020D23A0020D33A002092
:10F3F000D43A0020064B186800B97047037E022BF0
:10F4000001D1037B0BB18068F6E70120704700BF94
:10F41000B42E002073B560BB01A803F0F5F9019D7F
:10F420000120002600224FF6FF71ADF804608DF830
:10F43000036025F0B3FC0446C8B10DF10303014697
:10F4400001AA002025F0CAFB9DF803309BB9BDF846
:10F450000420022A0FD129462DF02FF958B9074B65
:10F460001B6804F180541868013C00EB041002B0E2
:10F4700070BD034DD4E7601C80B2D3E700100020BC
:10F48000A01F0500F8B5164605460F4626F005F8FC
:10F49000104B114984B2002D18BF19460220FDF708
:10F4A0009DF94FF6FF710246204625F077FC0B4B85
:10F4B0000B493880002D18BF19460220FDF78EF940
:10F4C0004FF6FF710246204625F068FC3080002090
:10F4D000F8BD00BFA61F0500A31F0500AC1F050057
:10F4E000A91F05002DE9FF4105460F461646CAB97A
:10F4F000314B32491B6803EB4013D87F009213460F
:10F500002F4A128809881BF06BFC0446C7B92A4BA6
:10F51000186800EB4515E87F1BF0ECFC204604B0B2
:10F52000BDE8F081012A42D1234B264A1B682649B7
:10F5300003EB4013D87F002300931288E2E70024F6
:10F540002249C5F3C40205F007038A5C2049CB5C5D
:10F550001A4229D0022EDFF860804FEA451717D1F2
:10F56000D8F800301B4A3B44106802909288D87F3C
:10F57000ADF80C201BF0BEFCD8F800303B4402ACC8
:10F58000D87F009494E80C0031461BF073FC0446CD
:10F59000002CBCD1D8F80010C8190223C218C95BCE
:10F5A000C07F2BF080FE0446002CB7D0AFE70029C7
:10F5B000C5D10C46ABE700BFC02E002006130020CB
:10F5C00004130020081300200A130020F63A00203C
:10F5D000B51F0500AF1F0500CA08044B01F0070165
:10F5E000595C835C23EA010383547047B51F05000F
:10F5F000084B1B7870B504461BB1074B074D1868C4
:10F6000000B970BD037E866855F8233021469847BF
:10F610003046F5E7163B0020B42E0020C01F050041
:10F6200038B5044600200D4625F037FFA8421BD10F
:10F63000FFF7E0FEC0B10F4A92F900304BB1012B49
:10F640000CD0013303D1003C18BF012414700020FA
:10F6500038BD003C18BF01246442F7E7002C08BF06
:10F660004FF0FF331370F2E729462046BDE83840DB
:10F6700025F019BF491300200B460749097831B11D
:10F68000017E022905D1818B407E1BF013BD0F2026
:10F6900070470220704700BF163B00200A4B1B78C2
:10F6A00007B51BB9002003B05DF804FB0023407EC2
:10F6B000ADF806300DF1060124F029FE0028F1D145
:10F6C000BDF80600EFE700BF163B0020074B1B7894
:10F6D00010B5044643B1012025F0DFFE0146204667
:10F6E000BDE81040FFF79CBF0F2010BD163B002067
:10F6F000074B1B7810B5044643B1002025F0CDFE22
:10F7000001462046BDE81040FFF78ABF0F2010BD1C
:10F71000163B00202DE9F8432C4D2B78002B4ED1C1
:10F720004520FCF785FC0120FFF774FE00B1C0887E
:10F73000274C20600020FFF76DFE00B1C0882368D1
:10F7400003433ED0DFF89C80DFF89C90B8F80600B9
:10F750004001F9F707F9C9F80000A0B30026B8F88E
:10F7600006309E4211D31B491B480022F8F78EFD3C
:10F770000446C0B9194B1A4A1A6001232B70FFF7CF
:10F78000A5FF2046FFF7B4FF0DE0D9F8000000EB1D
:10F7900046101F301BF00CFB7701044668B1203F78
:10F7A00017F1200F02D12046BDE8F883D9F80030C8
:10F7B0003B44D87F1BF0B0FBF1E70136CFE70024D4
:10F7C000F1E70F24EFE71A24EDE700BF163B002016
:10F7D000BC2E0020E7540400B02E0020B82E0020DC
:10F7E000F1F50100D8D80400C02E00200B4B1B7887
:10F7F00070B58BB10A4D0B4E28700024F3889C42E3
:10F8000001D3002070BD297803222046FFF76AFE4D
:10F810000028F7D10134F1E70F20F3E7163B002071
:10F82000F53A0020D8D8040010B50346F0B182683C
:10F830000AB141685160596801B18A600C4C226874
:10F840009A4204BF9A6822600021202218462CF0B8
:10F850006CFFF9F7A7F8206818B9BDE81040FFF76A
:10F86000C5BF037E012B01D08068F5E710BD00BF46
:10F87000B42E00202DE9FF410323057B0376D0E958
:10F88000047804460E46FFF7CFFF45B9FFF7B2FDF7
:10F8900028B90D4B93F9005065B1012D0AD0012311
:10F8A0008DF804300296424601A92046B84704B0BC
:10F8B000BDE8F081FF221A7025F0EFFD01462846D1
:10F8C00025F0F1FDEBE700BF4913002008B5054B1B
:10F8D0001B7823B10021FFF7CDFF002008BD0F20CA
:10F8E000FCE700BF163B00201FB50B68244A23F439
:10F8F0007F4323F007039342044623D002F1807232
:10F9000093420ED0A2F10172934219D18A79437EBB
:10F910009A4215D10021204604B0BDE81040FFF7FF
:10F92000A9BF0A79437E9A420AD1B1F80520838B98
:10F930009A4205D1CB79012B02D10B89DB07E9D59E
:10F9400004B010BDCB79522BFAD10A79437E9A428A
:10F95000F6D1B1F80520438B9A42F1D18B7A01F1AF
:10F960000B020021084622F02AFF02238DF8043002
:10F970000290D4E9043201A920469847E0E700BF8D
:10F98000A0000A0210B50A68034622F47F4222480A
:10F9900022F00702824286B038D000F10170824224
:10F9A00030D1B1F805009A8B90422BD1CA79012A47
:10F9B00028D10A89D40725D5184A09791268BAB915
:10F9C0009A7F597642F001029A7702200022019232
:10F9D000ADF808208DF80C2001A9187603C904920F
:10F9E000ADF81410D3E9044203A91846A04709E072
:10F9F000907FC00708D5507E884205D1107B1A7BC6
:10FA00009042DDD106B010BD9268D8E7012006B063
:10FA1000BDE81040FFF7EABEA0000601B42E0020AA
:10FA20002DE9F04F85B005460193244B1B7889469C
:10FA30009046002B39D0224F3E6866BB0DF10E0276
:10FA400003A92846FFF71EFD824600BB2020BDF813
:10FA50000CB0BDF80EA0F8F785FF044658B320227D
:10FA600031462CF062FE3B682573C4E90498A4F883
:10FA70001AB0A4F81CA0A36003B15C6001203C6034
:10FA8000FFF7B4FE824658B12046FFF7CDFE504640
:10FA900005B0BDE8F08F327E012A09D0B668CCE708
:10FAA00001232376019B1C60F1E74FF00F0AEEE77C
:10FAB0004FF0020AEBE74FF01A0AE8E7163B002086
:10FAC000B42E00202DE9F04F2DED028B1746324A5F
:10FAD00085B012789DF840B008EE101A0446002A4E
:10FAE00050D02E4AD288824252D9DFF8C4A0C6B282
:10FAF000C0F3C40500F00708002B39D0DFF8AC9044
:10FB00001AF8086019F805203240039242D14FF4E8
:10FB10007A70584325F053FD039A009204F5805102
:10FB2000034641F000411E4822F038FB58BB19F84B
:10FB300005301E4309F805601A4B1B68620103EB90
:10FB400044109F5218EE101A3A4602302CF0C5FDB0
:10FB5000154A1AF80810535D0B43535501215A46B4
:10FB6000204605B0BDEC028BBDE8F04FFFF7BABCF4
:10FB700000F580510A4822F0FBFA0C483146FFF7A5
:10FB80002BFDD9E70F2005B0BDEC028BBDE8F08F4F
:10FB90002120F8E70220F6E7163B0020D8D8040021
:10FBA000B02E0020C02E0020F63A0020D53A0020CA
:10FBB000B51F0500114B1B7813B50446CBB1104B94
:10FBC000DB88984217D200F580510E4822F0D0FA17
:10FBD000E1B20D480191FFF7FFFC01990B48FFF7D7
:10FBE000FBFC032200212046FFF77CFC002002B032
:10FBF00010BD0F20FBE72120F9E700BF163B0020D6
:10FC0000D8D80400B02E0020D53A0020F63A0020C3
:10FC1000124B1B78F7B5DBB90F2003B0F0BD04F52C
:10FC20008051304622F0A4FAE1B238460191FFF744
:10FC3000D3FC01990A48FFF7CFFC2046032200219C
:10FC4000FFF750FC0134EB889C42E8D30020E4E746
:10FC5000044D054E054F0024F5E700BF163B00207C
:10FC6000F63A0020D8D80400B02E0020D53A002063
:10FC700037B54378314AC3F34113012B044602D10F
:10FC8000137003B030BD117809B9022B01D10023E4
:10FC9000F6E7417AC06828F026FF0028F1D011F07D
:10FCA0005FFD1F28617805D1254B1B78012B01D101
:10FCB0000B0640D401F00703032B3CD111F0600187
:10FCC00039D1E2681378002B2ED05078A0F12905A5
:10FCD000022D1FD80232013B084622F070FD024679
:10FCE00040B1E068257A4078234613F9021B00955D
:10FCF00000F0EEFA134B1D68002DC2D0E268537875
:10FD0000293B022BBDD9617AA01C2B4603B0BDE86C
:10FD100030401847242807D10B490D68002DE9D041
:10FD2000591E901CA847E5E7084B1B68002BE1D043
:10FD300020469847DEE7064BF7E700BF173B002059
:10FD400047130020C42E0020D02E0020CC2E0020EF
:10FD5000C82E0020044B187804284FF0020118BF69
:10FD600001201BF0E1B900BF471300201FB5414B34
:10FD70001B78002B54D003683F4A23F47F4323F0C1
:10FD80000703934233D00CD802F17F42934249D00B
:10FD900002F57F02934262D004B0BDE8104000F04B
:10FDA00015B9364A9342F7D10279530738D4437BC9
:10FDB0008DF80030032A98BF314B017F94BF9B5CC4
:10FDC000042343EA411363F07F038DF80130D0F838
:10FDD0000530CDF80230B0F80930ADF80630C37AFE
:10FDE0008DF80830837F8DF809301F3014E0437C94
:10FDF0008DF8003003798DF80130D0F80530CDF85A
:10FE00000230B0F80930ADF80630C37A8DF808300A
:10FE1000437D8DF80930163003906846FFF728FFC0
:10FE200004B010BD03795A07FAD4427B8DF8002044
:10FE3000032B96BF124A0423D35C8DF80130D0F80F
:10FE40000530CDF80230B0F80930ADF80630C37A8D
:10FE50008DF80830837D8DF809301730DCE7094BC9
:10FE600002791B789A42DBD1074C2368984700231C
:10FE70002360D5E7183B0020A0000501A000050283
:10FE8000D01F0500D23A00209C2E002070B50D4BEB
:10FE90001E780546042E0C460A4601464FF0000027
:10FEA00018BF01261BF01CF958B9022130461BF07F
:10FEB0003BF930B9044B01221A70044B1D80044BEE
:10FEC0001C8070BD47130020183B002066310020C5
:10FED0006831002070B5074C204622F083FA65682F
:10FEE0003DB10022A368E168AC461046BDE8704011
:10FEF000604770BDD42E0020044A0346106800B944
:10FF0000704702689A42FBD04069F8E7F02E002063
:10FF10000B4910B50A6813461C465B6933B960B1DA
:10FF200082420AD153690B60104604E08342F3D148
:10FF30005A6962611846F8F735FD002010BD00BF10
:10FF4000F02E00202DE9F843114D1E462B68013399
:10FF500008BF01238146884617462B602C6820463F
:10FF6000FFF7CAFF80B91820F8F7FCFC094B0446DC
:10FF70001A684261286884F804902060C4E9028706
:10FF800026611C60BDE8F88301342C60E6E700BF01
:10FF9000E42E0020F02E00207FB5089E1546044672
:10FFA00000B903AC0A4601200021FFF7CBFF002374
:10FFB00020600246009345F000413346024822F09B
:10FFC000EDF804B070BD00BFE82E0020064B1B68A2
:10FFD00010B5044603B19847044B1B681BB120467B
:10FFE000BDE81040184710BDA42E0020B82E0020F8
:10FFF00008B5094B1A7872B901201870F8F7B2FCED
:020000022000DC
:10000000064B0749186002460648F8F73FF9BDE875
:10001000084025F03ABA08BD193B0020EC2E00201C
:1000200013550400E82E0020F0B591B001AC204635
:1000300025F085FA054600284FD0ECF787FC2D4DBA
:100040000AAE03460A4605F1100EB44628686968F0
:10005000374603C7083575453E46F7D1110E8DF872
:100060003810110C8DF839108DF83B20110A1A0E3A
:100070008DF83C201A0C8DF83D2005AE1A0A8DF83B
:100080003A108DF83E201821324660468DF83F30F8
:1000900025F0E4FC054698B996E80F0084E80F00C7
:1000A0009DF80B3003F00F0343F050038DF80B3035
:1000B0009DF80C3003F03F0363F07F038DF80C30A4
:1000C0000D4A234603CBB342106051601C4602F137
:1000D0000802F6D1284611B0F0BD074A05AE234606
:1000E00003CBB342106051601C4602F10802F6D106
:1000F000F0E700BFD41F05004C1300202DE9F047A6
:100100003B4E88B005460C469146002120226846A9
:100110009846BDF848A0149F2CF007FB3378002BBD
:1001200061D1FFF765FFBAF1000F03D004F00203BD
:100130002B435AD0FFF778FF00284DD1BDF840304F
:100140008DF81A309DF844308DF81B308DF816501C
:100150009DF90C308DF817408DF818908DF81980A6
:10016000ADF814A0002F3AD19DF85420002A14BFF6
:100170000622002213438DF80C30BDF84C30ADF848
:100180001C301C4B04931C4B00931C4B01931C4BC9
:100190001C490293684627BB02F024FBE0B900200B
:1001A00025F071F925F0B1F9164B1878169B1870E7
:1001B00007F02AF9179B1870134843790279418890
:1001C0000088FFF7A9F838B9104B59881888FFF74D
:1001D0005DFE08B90123337008B0BDE8F087062240
:1001E000C8E7B847DAE70220F6E72120F4E700BFC6
:1001F0001A3B00204C1300204A1300204811002015
:10020000D8D804001B3B00200C1300201213002040
:10021000D3B50F4614460646EFF7DAFA4FF47A7272
:100220000023A4FB000119F09BFB3B46CDE9000134
:1002300049F2010202493046FFF7AEFE02B0D0BDDE
:100240004979020010B502460446064B064821F0E3
:1002500087FF2046FFF750FE18B1BDE81040FFF7BA
:1002600057BE10BD03550400E82E0020024B18684D
:10027000003818BF012070474411002030B4094CE9
:10028000029D24684CB1084CC4E90001C4E9022570
:1002900030B130BC0549FEF7D7BF0F2030BC7047E6
:1002A0002120FBE744110020D42E0020D5FE0100C0
:1002B000014B1878704700BF47130020034B1B7891
:1002C000042B0CBF28200A20704700BF47130020D2
:1002D000F7B52A289DF8206001921C4612D008D854
:1002E00016281BD0292813D001A822F07BF8212042
:1002F0000CE02B28F8D10B460198324621460FF02E
:1003000017FF02E010462AF060FB002003B0F0BDAA
:1003100001983246194626F094FFF6E7054B186817
:100320000028F3D0476801980B4632462146B8476B
:10033000EBE700BF942F0020014B186000207047AE
:10034000F42E0020024B1B6803B11847704700BF12
:10035000F42E0020036830B583B1C388102B0FD86A
:10036000084C034600F1300518685968224603C25C
:100370000833AB421446F7D1002030BD2320FCE700
:100380001A20FAE778110020004870477811002001
:10039000044B1B68DA6822B1B3F83310B3F83100AC
:1003A00010477047B81100202DE9F04F284C236802
:1003B0008FB093F8108006F033FDC10744BF236867
:1003C0005D7C236848BF05F0010593F8129058BF83
:1003D000022506F025FD820745BF2368DE7C022644
:1003E00006F0010606F01CFD430744BF23681F7D8D
:1003F000236848BF07F0010793F83BA093F83CB08F
:1004000058BF0227FFF7C0FF2368C08806A903F181
:100410003E0208F07F0809F001095E330C4632F80D
:1004200002CB21F802CB9A42F9D1CDE90304CDE900
:1004300001AB009733464A462946404627F045FD22
:10044000002814BF092000200FB0BDE8F08F00BFC6
:10045000B8110020022838B51AD8104D2B681A7D23
:10046000904217D0022A17D0022815D01875DB8CBD
:100470005B0744BF01230B60FFF796FF084B1B6827
:1004800004461BB12A685B68107D9847204638BD3A
:10049000FF24FBE70024F9E70F24F7E7B811002059
:1004A000042F002001F0070141EAC202022810B423
:1004B000D2B21BD8104909684C7CA04205D191F8F2
:1004C0003C40944203D1002011E0022C12D00228BB
:1004D00010D081F83C20CA8C4874D20748BF012252
:1004E0005DF8044B48BF1A60FFF75EBFFF205DF860
:1004F000044B70470F20FAE7B81100200228F8B526
:1005000004460D462DD81A4E3368DB7C98422AD01B
:10051000022B0DD001280BD1164F3B6843B11B684D
:100520009847012804D13B6813B1DB680020984745
:100530003368DA7C022A01D10F20F8BD022CFBD0EF
:10054000DC74DB8C9B0744BF01232B600A4B1B68C8
:10055000002BF1D02046984738B9BDE8F840FFF7A6
:1005600023BFFF20E9E70020E7E70E20E5E700BF13
:10057000B8110020642F0020102F002070B50D4608
:10058000B8B170BD0134FFF7FFFEC388A342F8D9AC
:10059000336804F11C0203EB4203B3F90610DA8856
:1005A0000029EFDAC2F30B02AA42EBD10022DA8073
:1005B000E7E7014E0446E6E7B81100202DE9F041D7
:1005C000054692B0002406F077FCA04200F28F802E
:1005D000002006F077FC002106F054FD07460028B5
:1005E00000F08D80684C69492068F022D0F868805E
:1005F0002CF073F826682022C6F86880002106F1E6
:100600003E002CF092F805B1356006F009FC236835
:10061000C6074CBF002202225A7406F001FC236870
:1006200085074CBF00220222DA7406F0F9FB23682A
:1006300040074CBF012202221A7527F0F9FB00285F
:1006400000F099800023049309AB03930DF1230379
:1006500002930DF1220301930DF1210300930DF19B
:100660001F0208AB0DF11E010DF11D0027F0E3FB89
:10067000002839D1099B102B7BD89DF81D302268AA
:1006800003F07F03137406F0CBFBC10741BF9DF855
:100690001E30226803F0010353749DF81F30226856
:1006A00003F00103937406F0BBFB420741BF9DF8C2
:1006B0002130226803F00103137523689DF822207E
:1006C00083F83B209DF8232083F83C200AAE0023CA
:1006D000CDE90233CDE9003304961A46194618468F
:1006E00027F0A9FB054698B141F2093009E0204600
:1006F00006F0E8FB002106F0C5FC28B934B940F249
:10070000025012B0BDE8F081002C39D101345AE713
:10071000236803F13E025E3336F8021B22F8021B07
:100720009A42F9D106F07CFB830709D5184B1B6868
:1007300033B19DF82000226800F00100D074984782
:10074000FFF722FEC388AB420CD8099B0F2B03D8BE
:10075000FFF72AFE0028C7D138460E4925F0C5FE0E
:100760000020CEE723682846997C0FF0DDFE013596
:10077000E6E71A20C5E709F09FF80028E8D0B3E7BC
:1007800040F20340BDE700BFB8110020E81F05009C
:10079000102F0020D820050008B5094B002118684B
:1007A000F0222BF0C2FF002006F08CFB002106F0A7
:1007B00069FC20B1BDE80840002125F096BE08BDC7
:1007C000B8110020F8B502230B700D46064606F05E
:1007D00027FB820744BF00232B70314600200BF01B
:1007E000EDFF0446E0B906F01BFB830705D50D4F6E
:1007F000FFF7CAFDC3889C4201D30020F8BD3A68C8
:1008000002EB4402D38FB2F93E20002A06DAC3F38A
:100810000B02964204BFC3F341332B700134E7E768
:100820000420EBE7B8110020012970B504460D46FD
:100830000DD8014600200BF0C1FF50B9074B1B68D3
:100840009B6E43B129462046BDE870401847FF2003
:1008500070BD0420FCE71846FAE700BFB81100207D
:10086000012838B5044612D80A4B1B680025987435
:10087000FFF78AFDC3889D4203D3BDE83840FFF7E8
:1008800093BD284621460FF04FFE0135F0E7FF20CB
:1008900038BD00BFB8110020014B1B68187C7047A1
:1008A000B8110020012806D0030604D4034B1B68AE
:1008B0001874FFF779BDFF20704700BFB811002002
:1008C000014B1B68D87C7047B811002010B5084B4D
:1008D0001C68647C0470186890F83C0000F0070005
:1008E00008701B6893F83C30DB08137010BD00BF24
:1008F000B81100207FB50DF10F0202231146064604
:100900000DF10E008DF80E301F4DFFF7DFFF9DF843
:100910000E402B68611E4C424C41D97C1A7DB3F8C5
:100920001F30012908BF44F00204012A08BF44F027
:10093000040433B3154B1B6823B1DB68984708B137
:1009400044F008042B68B3F81F2093F82810B3F87C
:100950001D0000230093234627F025FF8EB124F0CD
:100960001CFE2B68D3F82120C3F819104FF6FF7135
:100970008A4218BF02F1FF32C3F8150018BFC3F84E
:10098000212004B070BD00BFB8110020442F00200A
:100990002DE9F04188B001A900200EF015F80146BC
:1009A000C0B9019BB3B10DF102020EF03FF888B956
:1009B000BDF802100CF080FBEDE7019B8BB10DF14F
:1009C000020202200EF032F858B9BDF802100220DF
:1009D0000CF072FB01A902200DF0F6FF0146002881
:1009E000EBD0002406F068FAA0421AD80024DFF801
:1009F0007C8026464FF6FF7704F01CFEA04218D8F4
:100A000000221146104625F073F8002025F061F809
:100A100027F0E7FB0021084606F0FCFC08B0BDE823
:100A2000F081204606F04EFA002106F099FA0134D2
:100A3000D8E7204604F004FE054625F000FE78B114
:100A4000BDF81E30ADF8086003EA080302A9284685
:100A5000ADF81A70ADF81C60ADF81E3025F038FE08
:100A6000284604F0DBFF0134C6E700BF00FEFFFFAD
:100A7000014B1B68187D7047B8110020054B1B689F
:100A800003F11502293352F8041B40F8041B9A4263
:100A9000F9D17047B81100202DE9F84F074690466C
:100AA0001D469DF82CB00E4624F077FD82468946FF
:100AB000002039460BF082FE044618BB304624F075
:100AC0000DFE022820D01BF0800F1FD1112D1DD844
:100AD0000F4BBDF828201B6802F00F02C3F815A0C9
:100AE000C3F81990A3F81D70A3F81F60C3F8218004
:100AF00083F82550DA8483F828B006F02BF92046D5
:100B0000BDE8F88F0420FBE70120F9E7FF20F7E7B5
:100B1000B811002070B5124D2A68044602F129036D
:100B2000393253F8046B44F8046B9342F9D11B88B3
:100B300023802B68B3F8312012B1B3F8333073B986
:100B40000023994214BF1A467F22037243728372B4
:100B5000C372037343738373C3730274437470BDAE
:100B6000B81100202DE9F74F074600209B46154697
:100B70000E4606F0A7F92A4C824624F00EFD2368A3
:100B80000C9AC3F860B0814688465A660DF106019A
:100B9000504626F073F8002840D1112D0ED8384663
:100BA00024F09CFD012800D047B9304624F096FD82
:100BB000012805D1BDF80630B34203D0FF202AE05A
:100BC0000228FBD024683846C4F82990C4F82D8048
:100BD00024F084FD012813D1304624F07FFD012844
:100BE00003D0C31EDBB2012B0AD84DB100237F22F4
:100BF00084F8353084F8363084F8392084F83A3077
:100C0000A4F83170A4F8336084F8375084F8385071
:100C100006F0A0F8002003B0BDE8F08F1020FAE73E
:100C2000B8110020024B1B68C3E90101DA6070476C
:100C3000B811002030B4164B1B6893F838402CB321
:100C4000B3F8315015B3B3F83340FCB185421DD130
:100C50008C421BD1B3F835403CB983F8392083F876
:100C60003A200134A3F835400CE093F8395083F86A
:100C70003A209542A8BF154683F839504FF6FF75C4
:100C8000AC42EED15B680BB130BC184730BC70474A
:100C9000B8110020F8B53D4F24F07FFC3B68B3F855
:100CA0001F2005460E46002A4AD0D3F82120002AEC
:100CB00046D093F82540002C42D04FF47A70013C86
:100CC00000FA04F4D3F81500D3F81910281A66EBCB
:100CD000010124F064FC844203D80120FFF70AFEDE
:100CE00000202B4B241A9C4228BF1C463B6893F8DB
:100CF0003820002A48D0B3F83120002A44D0B3F875
:100D00003320002A40D0D3F82900D3F82D10281A18
:100D100066EB010124F043FC3E6896F837504FF42F
:100D20007A73013DAB40DF17834277F1000209D2AD
:100D3000002386F83830336E33B3706E984723E063
:100D4000134CD3E71D1A40F2E73067F1000728186B
:100D50004FF000034FF47A7247F1000118F000FEE3
:100D6000112301211A46013B01FA03FC604502D21E
:100D7000002BF7D11A46A54277F1000386F83820F8
:100D800038BF2C46002AD6D02046F8BDB811002026
:100D9000FFFFE703064A136893F83B3003F00703AD
:100DA0000370136893F83B30DB080B70704700BF8B
:100DB000B8110020072809D81F2907D8044B1B6841
:100DC00040EAC10083F83B00FFF7EEBAFF2070470E
:100DD000B81100202DE9F04F2DED028BADF5137DFC
:100DE00089461093BDF878321292119304469DF80B
:100DF0008832BDF87C82DDF884A21393382200216A
:100E000025A82BF092FCB9F1020F6BD1404624F0DB
:100E100065FC0128074665D118AB0DF15E0251460D
:100E2000204624F0A2FF86B20546002E5AD0119922
:100E300040460BF031F8504621F07CFC801B86B216
:100E40001B2E4FD8BDF85E00314601F0ADFD0028E5
:100E500048D01EACABB232465146204621F0B8FA1B
:100E6000BDF85E5048F24D039D4207D829043FD497
:100E7000012D40F28981032D00F099829DF8C83040
:100E8000DA0702D52AA8FFF75DFABDF8A43013B33C
:100E9000BC4A0DF196011068CDE90731BDF89430D8
:100EA0000693FF230593139B43F001030493109BC8
:100EB00003930022129B0293CDE90D220223CDE978
:100EC0000B22CDE909220193119B00930068434650
:100ED000114624F0D4FE9DF8C8309B0702D50020AF
:100EE000FFF708FD0DF5137DBDEC028BBDE8F08F1B
:100EF000A5F500434D2BC1D801A252F823F000BF45
:100F000089110200BD1202007D0E02007D0E02005A
:100F10007D0E02007D0E02007D0E02007D0E02009D
:100F20005716020009170200091702007D0E020081
:100F300051170200511702007D0E020091170200A6
:100F4000911702007D0E0200E3170200E317020072
:100F50007D0E02002D1802002D1802007D0E0200E9
:100F6000671302007D0E020067130200D51802000D
:100F7000D5180200D5180200D51802007D0E020017
:100F8000D5180200D5180200D5180200B71B0200C0
:100F9000B71B02007D0E0200131C0200131C02008E
:100FA0007D0E0200B51A02007D0E0200B51A020085
:100FB0007D0E0200991C02007D0E02007D0E0200D3
:100FC0007D0E02007D0E02007D0E02007D0E0200ED
:100FD0007D0E02007D0E02007D0E02007D0E0200DD
:100FE000E31C0200E31C0200FD1D0200FD1D0200C7
:100FF0007D0E0200331F02007D0E0200331F02002F
:101000003910020039100200031102007D0E0200A7
:101010007D0E020039100200EF200200EF200200D6
:101020007D0E0200812102007D0E02003D200200A3
:101030007D0E02003D20020048F240039D422688BA
:1010400026D1B6F5805F10D304238DF8963023782F
:101050008DF8973048F2440263788DF89830ADF8F7
:1010600094200323ADF8A43008E7002200920DF18C
:101070007A031146304628F0F7F8D0B340F2035314
:10108000984238D040F20153984236D00923DCE729
:1010900048F241039D4217D1109BB3422FD0B6F5C1
:1010A000805FD1D2314600200CF006F840F20253A6
:1010B000984201D00028E9D100231946324648461B
:1010C000FDF7AAF90023C0E7B6F5805FBCD20DF1A9
:1010D0007A01304628F0BEF840F203539842D5D04A
:1010E00040F202539842AFD0002801F07A800B23DF
:1010F000ABE78146E0E70523A7E70623A5E70C2336
:10110000A3E71AA900200DF05FFC054600287FF434
:10111000B5AE044610E019AA214600200DF086FC69
:1011200048B9BDF864004FF4BD7333AA214624F0DA
:101130002BFE20B1054601341A9B9C42EBD3114B88
:1011400000221868CDE90D22CDE90B22CDE9092254
:1011500033ABCDE9075348F243030693FF230593CE
:10116000139B43F001030493109B0393129B029380
:1011700002230193119B009300684346114624F01B
:101180007EFD7BE6B81100206678A27827783302CE
:101190001201360903F470631F431643002D36D144
:1011A00000950DF17B032A463946304628F06DF84C
:1011B00000287BD040F20353984279D040F202538A
:1011C000984277D040F2015398420CBF0620092084
:1011D00048F20303ADF8943023788DF897306378A4
:1011E0008DF89830A3788DF896008DF8993060B915
:1011F00035B1012D60D0B5F5004F14BF032002209A
:101200003B4632460121FDF707F904232AE7B5F5ED
:10121000004F39464FF0000020D10BF0CFFA814645
:10122000002847D1314601200BF0C8FA90B933A904
:1012300030460BF0D9FA78B9BDF8CC30BB420BD1AF
:10124000314601200BF038FF002818BF092008BFE5
:101250000020BDE74846BBE70C20B9E70BF0AEFA2B
:1012600040BB314601200BF0A9FA08B10320AFE7DB
:1012700033A930460BF0B8FAA0B9BDF8CC30BB4268
:1012800010D10DF17B01304627F0E9FF40F2035306
:10129000984209D040F202539842E7D0002818BF84
:1012A0000B20D4E7112093E7092091E728468FE728
:1012B00005208DE704208BE72846A1E7B4F800A0BD
:1012C000002051460BF07AFA0546002846D10DF170
:1012D0006809494601200DF077FB0646002840D1F9
:1012E00007460546D9F800309F4216D300202288D1
:1012F000ADF865209C4A8DF8640019AB106808931E
:101300000022032333A90793CDE90D22CDE90B2257
:10131000CDE9095148F202031FE719AA3946012015
:101320000DF084FBC0B9BDF864000DF162010BF053
:101330005BFA88B9BDF8623053450DD1BDF8640041
:1013400040F2771333AA314606F1010B24F01CFD5D
:101350000028CCD085B25E460137C3E700250420C3
:10136000C5E70920C3E748F218039D420CBF0223DA
:101370001723F61AE75AB6B2E118022E324628A809
:1013800016BFBA464FF6FF7A4F882BF0A6F906F142
:101390000A02BDF87860ADF8A4203046ADF8976039
:1013A00024F09CF9012804D04FF00109BFE0092383
:1013B000DFE7304605F092FD0028F5D04FF6FF73C9
:1013C0009A4510D1394605F05DFE0446002800F02C
:1013D000AE8048F218039D4235D125F030F938B976
:1013E0004FF00709A3E03A46514605F07BFEECE7D3
:1013F00033A9204625F03EF9002840F0B180BDF821
:10140000CC30ADF89930DBB1BDF8DE309DF8E3208B
:101410008DF89B30D207C3F303238DF89C3044BF73
:1014200043F010038DF89C309DF8E0308DF89D302E
:101430009DF8E1308DF89E309DF8E2308DF89F30B8
:101440004FF0000973E0032D4FF018024FF0000138
:1014500033A840F08B802BF068F9204625F0EFF898
:101460000028BDD0BDF87A00ADF8CC0048BB2046BE
:1014700025F0B0F9BDF8CC309DF8E320ADF89930F7
:10148000BDF8DE308DF89B30D407C3F303238DF80D
:101490009C3044BF43F010038DF89C309DF8E03041
:1014A0008DF89D309DF8E1308DF89E309DF8E2304A
:1014B0008DF89F303B46524631460120FCF7D6FF5F
:1014C000BEE724F00BF902283FF46EAF0021102292
:1014D0000DF1CE002BF029F99DF87D109DF87C30A0
:1014E000090201F4706119430120ADF8DE100BF020
:1014F00065F9002840F0AC809DF87D209DF8E33030
:10150000121162F300038DF8E330DB0709D49DF874
:101510007E308DF8E03083F080037E2B0ED80023E0
:10152000A0E505F07DFC0507F1D44FF00A0948F26B
:101530001903ADF894308DF896909FE49DF87F30B4
:101540008DF8E13033A99DF880308DF8E2302046E7
:1015500025F0BEF841F20333984279D0002889D0B3
:101560004FF00909E3E700BFB81100202BF0DDF8C8
:10157000204625F064F800283FF432AF9DF88B1028
:101580009DF88A30090201F4706119430120ADF819
:10159000DE100BF013F900285AD19DF88B309DF81E
:1015A000E3201B1163F300029DF88C308DF8E030CE
:1015B00083F080037E2B8DF8E320B0D99DF88D3029
:1015C0008DF8E1300DF1CE029DF88E308DF8E230CD
:1015D0000DF18A010DF17A03104653F804CB42F85D
:1015E00004CB8B42F9D133A90BF0A8F80028B7D16E
:1015F00033A9204625F06CF841F20333984227D0F6
:101600000028ADD1BDF8CC309DF8E320ADF899307D
:10161000BDF8DE308DF89B30D007C3F303238DF87F
:101620009C3044BF43F010038DF89C309DF8E030AF
:101630008DF89D309DF8E1308DF89E309DF8E230B8
:101640008DF89F3048F21A039D427FF4F9AE31E7DE
:101650004FF003096BE7002320781A93339306F0C9
:101660007DFA012819AD0446287041D080280CD09D
:1016700098B91AA933A806F003FB1A9800283FF47A
:10168000FDAB339925F0B3FB07E08F4B18688F4B08
:101690001A90196825F0ABFB33908D4B18681A9B94
:1016A0000A93339B0121CDE908530223CDE906318A
:1016B000FF210591139941F00101049110990391C3
:1016C00012990022CDE90131CDE90D22CDE90B229D
:1016D000119B009300684346114624F0D0FA2B7802
:1016E000002B7FF4CBAB1A9823F036FFFFF7C6BB75
:1016F00006F024FA0028D0D02C70836841681A9331
:10170000184625F088FBC7E748F20A039D4207D137
:101710002078FFF7A5F8FF283FF4B0AB002200E0E7
:1017200007226B4B1B689B7C8DF8963048F20B01AF
:101730008DF8AC309DF8C830ADF894100121ADF8AB
:10174000A4108DF8A8200B438DF8C830FFF796BB86
:1017500048F20D039D4219D12078FFF7A3F8FF2826
:101760003FF48CAB5A4B1B6848F20E021B7CADF861
:1017700094208DF8963001228DF8AC309DF8C83059
:10178000ADF8A4208DF8A8701343DDE70827E9E73A
:101790000023339348F210039D421FD1207833A9D0
:1017A000FEF758FEFF283FF469AB494B1B681B7DD1
:1017B0008DF8963048F211028DF8AC30339BADF8BD
:1017C0009420012213409340ADF8A4208DF8A890F6
:1017D00013439DF8C82022F00302D5E74FF0090912
:1017E000E3E70023339348F213039D421CD1207892
:1017F00033A9FEF783FEFF283FF440AB0322344BAE
:101800001B68DB7C8DF8963048F214018DF8AC3003
:10181000339BADF8941001210B408B40ADF8A41020
:101820008DF8A8200B43D4E70A22E8E748F2160314
:1018300000209D4226888DF8680038D1A5788DF863
:10184000685031460AF0BAFF002839D133A9304632
:101850000BF07AF848BB9DF8CC309D4203D0C3B959
:10186000032D7FF40BAB00251AA930460BF06CF862
:1018700048F21703ADF8943023788DF897306378E9
:101880008DF898309DF868308DF896508DF8993025
:10189000BBE4012B40F0AF84022D40F0AF84294619
:1018A00030460BF0E1FA0028DDD00925DCE73146AF
:1018B0000AF084FF20B91AA930460BF045F808B1A8
:1018C0000425D1E70546CFE704100020D4D8040052
:1018D000B8110020B4F800904FF0000A4846ADF867
:1018E000CCA023F0FBFE012883467FF4C7AA05F5B0
:1018F000FF4365339BB2012B03D948F21E039D427F
:1019000055D1A788062E1CBF3E46E7886488ADF8EF
:10191000CC40204608BF4FF6FF7623F0DFFE0138AB
:10192000C0B201287FF6AAAA601E80B24FF6FD73EE
:1019300098423FF6A3AA0024484605F0CFFA0028B3
:1019400000F08A804FF6FF739E4256D1394605F06B
:1019500099FB8246002800F09D8024F055FE002867
:1019600000F09B8005F5FF4363339BB2012B04D944
:1019700048F222039D4240F04684504604F04EF85F
:1019800090B948F21B039D423CD1BDF8CC102246D1
:10199000504604F04DF91A2800F0828040F20353BB
:1019A00098427DD000284BD04FF0090B54E005F54C
:1019B000FF4360339BB2022B10D8678A142E33A9E1
:1019C0000DF17A0016BF3E464FF6FF76A78A0AF061
:1019D000B5FE0028E8D10DF17A04ADE748F21D0309
:1019E0009D427FF44BAA042E678802D03E46A7880A
:1019F000A1E754464FF6FF769EE73A46314605F09A
:101A000071FBA6E748F21E039D42BED0834625F037
:101A1000020348F220029342B7D048F21C039D42D1
:101A200003D048F221039D4213D1BDF8CC102246C9
:101A3000504604F0A3F918B140F202539842B3D1D2
:101A40003B46324649460220FCF710FD4FF0000BA2
:101A500002E0BBF1000FF3D048F21F03BDF8CC4009
:101A6000ADF894308DF896B0ADF89790BBF1000FBB
:101A700005D0204623F032FE022808BF00244FF68E
:101A8000FF739E42ADF899400DD1ADF89B700723CE
:101A9000FFF7E8BA4FF0020BDEE74FF0080BDBE789
:101AA0004FF0050BD8E7ADF89B60ADF89D700923AA
:101AB000FFF7D8BA2788731C9BB23846149323F0DB
:101AC0000DFE01280DF1CC0B38D04FF00109002795
:101AD000214632460DF169008DF868902AF0FDFD2F
:101AE000BD4B1B681868139BCDF828B048F229023B
:101AF00043F0010148F22A0448F22C03954208BF42
:101B000023460022CDE90D22CDE90B227F000DF105
:101B1000680A0997149CCDF820A0CDE90634FF236C
:101B2000CDE90413109B0393129B029302230193AC
:101B3000119B009311464346FFF721BB384605F041
:101B4000CDF90028C1D048F229039D42618817D100
:101B500005F098FA82460028B9D024F055FD20B34C
:101B6000504624F08CFE87B21FB3BA2FA8BFBA2705
:101B7000D94600218BB29F4206D84FF00009A7E753
:101B8000A28805F0AFFAE5E71AAB19AA50461591FD
:101B900024F079FE1599013110B14FF0090997E74A
:101BA000BDF8643029F8023BE4E707464FF0080926
:101BB0008EE7B9468CE748F224039D4227D120786E
:101BC000C10800F00700FFF7F5F8FF283FF456A919
:101BD00004241AA833A9FFF7DDF800780A788DF8F5
:101BE000A84048F22503ADF8943000F0070343EA1B
:101BF000C2038DF896300123ADF8A4309DF8C830AB
:101C00008DF8AC008DF8AD2043F001039CE50B246A
:101C1000DFE70023339348F227039D423AD16178EE
:101C20002078CA0833AB01F00701FEF73BFCFF2820
:101C30003FF424A9062419A9002302251AAA0DF1AC
:101C400062008DF864308DF868308DF86250FEF7D0
:101C50003DFE097812789DF862008DF8960048F2F2
:101C60002803ADF8943001F0070343EAC2038DF86E
:101C70009730339BADF8A45003F001035B008DF85F
:101C8000A8408DF8AC008DF8AD108DF8AE2043F073
:101C900001039EE50D24CEE72588284623F01EFD8E
:101CA00001287FF4EBA848F22E03ADF89430237896
:101CB0008DF8963063788DF89730484B1B686BB180
:101CC0001B6933A92846984740B1339B6422B3FB74
:101CD000F2F3ADF898301B0C8DF89A300523FFF71E
:101CE000C1B91422002133A82AF01FFD48F238039D
:101CF0009D4245D0A3782188ADF8D61023B1FF2BA3
:101D000036D14FF6FF733693E378112B3FF6B6A822
:101D10002579B4F80520B4F80700ADF8DD20CDE949
:101D20000025369A8DF8DF508DF8DC30ADF8D40000
:101D3000FEF7B2FE054633A8FEF7A0FE042D21D122
:101D400003CC2378CDF89700CDF89B108DF89F3009
:101D50000623ADF894300A238DF89650ADF8A430E0
:101D6000002D7FF48BA80120FEF7C4FDFFF786B895
:101D7000112B3FF683A8013B012202FA03F3C2E7CD
:101D80000025D8E7369ABDF8D630ADF89730DAB9E5
:101D90008DF899209DF8DC308DF89A309DF8DF3071
:101DA0008DF89B30379BC3F30F23ADF89C30BDF803
:101DB000D4304FF6FF72934208BF0023FF2DADF8D9
:101DC0009E30C5D1FFF75AB84FF6FF739A4207D13C
:101DD000FF238DF89930DDE7B8110020042F002093
:101DE000112301201946013B00FA03F4A24202D25A
:101DF000002BF7D119468DF89910CBE7122200215C
:101E000033A82AF092FC48F23A039D423BD10121CB
:101E100033A8FEF77FFEBDF8D4302BB3BDF8D63023
:101E200013B34FF00009BDF8D430ADF89730BDF8CA
:101E3000D820BDF8D630ADF899309DF8DB308DF85C
:101E400096908DF89B30002A5DD18DF89C2048F249
:101E50003C03ADF894309DF8DC308DF89D309DF852
:101E6000DD308DF89E3022E64FF00009ADF8D490B9
:101E7000ADF8D690ADF8D8908DF8DB908DF8DC9069
:101E80008DF8DD90CFE72279112A3EF6F7AF25884D
:101E900015B1668806B1A2B9002133A8FEF73AFE53
:101EA0000091B44B22790846FEF75CFE8146B8B932
:101EB000ADF8D400ADF8D6008DF8DA008DF8DB006F
:101EC000B1E700273146AB4B00972846FEF74AFEA4
:101ED0003946814633A8FEF71DFEB9F1000F04D044
:101EE000B9F1FF0F3EF4CAAF9DE79DF8DB30002B40
:101EF00097D0A14B1B689B68002B92D0227931466A
:101F0000284698478FE74FF6FF739A4203D1FF2385
:101F10008DF89C309BE7112301201946013B00FA04
:101F200003F4A24202D2002BF7D119468DF89C107F
:101F30008DE72388184608EE103A04F0CFFF82465A
:101F400098B1B4F802B0012059460AF037FC0746B0
:101F500000286FD1062EB4F8049017D14946504698
:101F600005F090F8044600BB022748F23E033246D3
:101F70001EA90DF197000136ADF894308DF89670DA
:101F80002AF0ABFBADF8A460FEF778BFE2881492AC
:101F90004946504605F0A6F804460028E4D04FF61E
:101FA000FF718945149A0BD19146B9F1130F04D8EA
:101FB000724A22FA09F2D3073ED44FF6FF7A01E0C3
:101FC000CA46914648F23D0295421ED1204624F071
:101FD000E6FA87420CD35946204624F0E8FA88B93D
:101FE00018EE101A4B4652460020FCF73FFA05E067
:101FF0003946204624F0D6FA834501D10027B4E7BC
:102000000137E3E70927B0E70137204624F0C7FA94
:10201000874205D23946204624F0C4FA8345F3D1DD
:10202000204624F0BCFA8742E8D05946204624F0E6
:10203000F4FBD4E7032798E70D2796E706F1010B99
:102040001FFA8BF32088149304F048FF814690B167
:1020500048F24B039D4261882FD105F013F8824668
:1020600000283FD04FF0000BD946504624F097FA95
:10207000834526D30027214632460DF169008DF8AD
:1020800068702AF02AFB3C4B1B681868139B48F2C7
:102090004B0248F24C0443F0010148F24E039542D2
:1020A00008BF2346002233ACCDE90D22CDE90B2237
:1020B000CDE909940DF1680A2CE5A28805F012F823
:1020C000CDE75946504624F06DFA40F2751333AA15
:1020D00059460BF1010723F057FE30B11FFA80F982
:1020E000BB46C2E702278146C5E70746C3E748F279
:1020F00046039D42268819D133A93046FEF762FB7C
:10210000FF283EF4BBAE0C210E289DF8CC301DD923
:102110009DF8C8208DF8A81042F00102ADF8AC601F
:102120008DF8AE308DF8C820002014E0A1788DF82D
:10213000CC103046FEF778FBFF2805D133A9304696
:10214000FEF740FBFEF79ABE0521DDE744F21022C0
:10215000C240D507DCD548F24802ADF89420227879
:102160008DF8972062788DF896008DF89820FFF70B
:102170008DBB00BF91030200B811002033FC0C009E
:10218000802300248DF868304A238DF869301AAA1C
:10219000022321462046339420F011FB339000287F
:1021A0003EF46CAE1C4B12991B680794FF220692FA
:1021B000139A0194CDE90402CDE90844CDE9024423
:1021C000119A00921C68109A43460220A04710B151
:1021D00033A820F007F9FEF7DBFBFCF75BF9FEF70D
:1021E0004DBE48F245094D450CBF4FF001094FF077
:1021F0000309FEF761BF022B7EF440AE032D7EF48F
:102200003DAEFFF74CBB48F21B039D423FF4BDAB14
:102210004FF0100BFFF7FBBBB8110020024B034A35
:102220001B689A66704700BFB81100206522020043
:102230000F2870B5044612D823F0AFF905464EF6C4
:1022400060200E4623F0BBF9054B1B680E3428189E
:1022500003EBC40246EB010143F83400516070BD4A
:10226000B8110020F7B505460E4604F0D9FD10F070
:10227000020063D0012E30D10DF10701284605F090
:10228000E9FF9DF80730012B03D10021284605F016
:10229000D7FF2B4F0024FEF777F8C3889C4214D257
:1022A0003B6804F11C0203EB4203B3F90610DA8821
:1022B000002919DAC2F30B02954215D1720302F418
:1022C000C04221F4C0410A43DA80FEF75DF8C388BA
:1022D0009C4225D11A4F002409E0022ED9D103B027
:1022E000BDE8F040FEF760B80134D4E70134FEF7F2
:1022F0004BF8C3889C4213D23A6804F11C0302EBEA
:102300004302B2F90630002BF0DB730303F4C04341
:10231000C5F30B052B436FEA43436FEA5343D38066
:10232000FEF732F8C388A34207D0012E02D120461F
:10233000FFF77EFF05F020F9D1E70F2003B0F0BDD5
:10234000B81100200F2810B5044604D900231A46FE
:102350001846114610BD23F020F9064B1B680E34B9
:1023600003EBC40253F83430526898429141EDD2E5
:10237000EEE700BFB81100202DE9F34D06460F46E9
:10238000002001A90CF020FB044648B9DFF8888042
:102390004FF0000A4FF0000B019BA1B2994202D30B
:1023A00002B0BDE8F08DD8F8003003EBC103D3E9EB
:1023B0001C0250EA02052DD0864277EB020229D397
:1023C000C3E91CAB0DF1020200200CF02FFB054607
:1023D00000BBFF23BDF802008DF801300DF10101B3
:1023E00005F038FF9DF80130012B04D1BDF8020043
:1023F000294605F025FFBDF802000DF10101FEF7A9
:10240000E1F99DF80130012B04D1BDF80200002153
:10241000FEF70AFA0134BFE7B81100202DE9F04FAA
:102420002DED028B83B00746BDF84060BDF83890B3
:102430009DF844B0304608EE103A8846154623F021
:102440004DF9012806D02124204603B0BDEC028BB3
:10245000BDE8F08F04F030FD731E184480B223F005
:102460003DF90128EFD1002004F0CEFF032829D147
:1024700006F0D4FD20B9824604F01EFD504527D851
:1024800006F0CCFD024698BB4FEA4B01009018EED7
:10249000103A01F00201484626F0E6FE044638B341
:1024A00006F0BCFD0028CFD1054604F005FDA8428A
:1024B000CAD9284604F006FD10B1002104F050FDF1
:1024C0000135F2E706F0AAFD0028D1D10224BBE7CE
:1024D000504604F0F7FC002854D006EB0A0189B2FC
:1024E00004F03EFD04460028DAD10AF1010AC3E7F0
:1024F00006F094FD014620B1414638460AF028FF17
:1025000003E0DDB12A460AF07DFE002838D106F04E
:1025100085FDC8B11BF0020F2BD106F07FFD10B96D
:102520001A4804F03BFE0421002004F073FF0F99C9
:102530003246484623F059F8002485E743463A4698
:1025400029460AF08FFEE0E70F9804F0FFFD0446ED
:102550000028DFD006F062FD014610B902200AF023
:10256000ABFD06F05BFD00289AD149460AF0A4FDB8
:1025700096E7012004F0F0FD04460028CDD0E9E7FD
:102580000446EEE740F203448AE700BFE245050057
:1025900070B5164E04F0CCFB06F0DAFD336803B1DB
:1025A0009847134C236803B19847124D2B6803B129
:1025B00098470DF0A1FA09F091FB04F063F80EF0D2
:1025C00029F907F08FFB0EF0D9F804F0B3FA27F0E1
:1025D00002FA02F085FB02F05DFB07F091F804F0CF
:1025E000D7FB002030602860206070BDF82E0020EE
:1025F000002F0020FC2E00202DE9F04788B01F4658
:1026000005460E469046DDF840A0DDF8489023F0E0
:102610005CFA044623F05BFA0023CDE9013303930F
:102620006A4B002D08BF1D46AB7D012B00F2C9800F
:10263000EB7D0F2B00F2C5802B7E1F2B00F2C1809B
:102640006B7E082B00F2BD80AB7E0F2B00F2B980B1
:10265000EB7E082B00F2B580AB8B33EA040240F02E
:10266000B0801BB130EA030340F0AB80A868FDF7EF
:1026700071FE002840F0A780A86807F051F80446D2
:10268000002840F0958002F0FDFA044610B10F28B2
:1026900040F08E8002F01CFB044610B10F2840F081
:1026A00087802B7B4A489B077BD50CF023F9044697
:1026B00000287DD13146284605F018FB0446002845
:1026C00076D1A88A04F08EFE04F048FA0446002869
:1026D0006ED101460EF066F80446002868D107F076
:1026E00015FB0446002863D10EF078F80446002854
:1026F0005ED12B680246014603F08AFF044600289B
:1027000056D16A68014609F043FB044600284FD1C0
:102710000DF0CEF9044600284AD1BAF1000F43D19A
:10272000B9F1000F48D1C0470446002840D1294BD9
:10273000119A1A60284B139A1F60284B1A6005F0F3
:10274000E3FD019005F004FEAB7D0290003B18BF55
:1027500001238DF81030EB7D2149C3F340028DF841
:1027600011202A7EADF814206A7E8DF8122003F025
:102770000103AA7EADF818208DF81A30EA7EAB8BE3
:102780008DF81620ADF81C30224601AB04A806F0E7
:1027900073FC044660B904F0B9FA204608B0BDE8FD
:1027A000F0870CF0BBF882E7D04704460028B7D08A
:1027B0003078FFF7EDFEF0E7FDF7E6FD008BC84748
:1027C000B1E72124E9E71A24E7E700BF7C290500E7
:1027D000816F0200FC2E0020F82E0020002F002028
:1027E000F02005001FB50023CDE90233CDE9003309
:1027F000034A044BFFF700FF05B05DF804FB00BF80
:10280000C95D0400F55D0400014B036000207047C2
:102810005C1300202DE9F04F144695B000220546C8
:1028200010460692DDF878A08DF80F10984604F057
:1028300049FB0DF11C0983460BAE09AF0022B8F12C
:10284000000F17D121244846082126F048F90FA887
:10285000132126F044F93046102126F040F90821D2
:10286000384626F03CF906A827F0BBF8204615B0FC
:10287000BDE8F08FBAF1000FE4D02046CDE9002981
:1028800006AB01210AF05CF904460028DBD1454B78
:1028900001461B88ADF83C301022304629F045FF38
:1028A0000821384625F00FFD04460028CBD10DF154
:1028B0001601584624F0E2F904460028C3D1012D40
:1028C00010D13B4603CB8DF83E50CDF83200CDF809
:1028D0003610BBF1000F60D0BDF816305BBAADF812
:1028E0003A300CE0022D3CD199E8030086E8030061
:1028F00097E803000DAB83E803008DF83E5006987F
:10290000314627F0DEF900284AD10DAB03CB3B4618
:10291000CDF83F00CDF8431003CB1325CDF8470089
:10292000CDF84B10BAF80020AB1D9A428AD901228B
:1029300000920DF10F030021404623F02EF90223EF
:10294000014600930322174B404623F026F90095D9
:1029500001460FAB1622404623F01FF9AAF80000EB
:1029600071E7032D0CD13B463071306003CB8DF8FD
:102970003E508DF83150CDF83200CDF83610ABE72F
:10298000002D7FF45FAF4B468DF83E0003CB0B2547
:10299000CDF83F00CDF84310C4E740F2034452E7BE
:1029A000044650E75C13002048F24E03984220D8BA
:1029B00006280CD8304BC35C03F03F0213F0800FA5
:1029C00010460AD0814234BF00200120704780F4B5
:1029D00000434E2B4DD8294BEDE75B0607D59142BE
:1029E00045D0901C884214BF0020012070479142BE
:1029F000F9E700F5FF4331339BB2102B0AD8A0F55D
:102A000000401F4B4F3853F82000002825DA20F0F3
:102A10000040D7E700F5FF4320339BB2082B04D8D2
:102A2000A0F50040174B6038EDE700F5FF43173382
:102A30009BB2082B04D8A0F50040134B6938E2E79D
:102A400000F5FF430C339BB2032B12D8A0F50043D3
:102A50000E4A743B52F82300D7E7030602D520F054
:102A60008000AFE7012303FA01F10840704701201D
:102A700070470020704700BF682105006FA1040067
:102A8000C021050044210500102105003421050066
:102A90002DE9F04F93B022F080FD064688460920CC
:102AA00009A9F5F741FD2B4D002851D1044669468F
:102AB00009A8F5F771FD0746D0B1FEF7EBF822F053
:102AC0007EFDA84271EB04033CBF0C46054602F0B4
:102AD00057FC22F074FDA84271EB04033CBF05468D
:102AE0000C462846214622F05AFD13B0BDE8F08F6F
:102AF0000099D1E90223964278EB0303D7D3D1E9B9
:102B00000C9A0920B1F800B0F5F7EAFCB9F1000F12
:102B100011D039461C2202A829F007FE009BDA8B4F
:102B20001B8CADF80420ADF8063052465B4601A977
:102B3000FE20C847BBE7009AD2E902329B1B62EB3A
:102B40000802AB4272EB04013CBF1D461446AEE7DF
:102B50000024B2E7FFFFE7030A4B19684A8810B563
:102B600012F001040CD142F001024A800C80FDF702
:102B70000BFC234690F8272040210920F5F710FC94
:102B8000002010BDC011002010B5074C23685B88E1
:102B9000DB0707D50920F5F751FC2268538823F09D
:102BA0000103538010BD00BFC0110020034B1B6800
:102BB0000BB1DB6818471846704700BF042F002090
:102BC000092881BF034B1B681B6818768CBF002047
:102BD00021207047C4110020024B1B681B68187E1F
:102BE000704700BFC4110020074B1B6810B51B685D
:102BF00068225B6850431A181C5C8C421EBF195433
:102C00000123537010BD00BFC4110020034B1B688B
:102C10001B6868225B685043185C7047C411002031
:102C20000B4B1B6870B51C682588002368269D42E5
:102C300002D80020086008E0626806FB0322B2F8B0
:102C40004420824202D10B60012070BD0133EEE7C7
:102C5000C41100201FB501238DF800300A4B0291EA
:102C60001B681A685368682101FB0030B0F84430D3
:102C7000ADF80430B0F85630ADF80C306846536902
:102C8000984705B05DF804FBC41100200A4B1B688F
:102C90001B685B68682202FB0131B1F84420824264
:102CA00007D891F8543013449842ACBF002001205B
:102CB00070470020704700BFC4110020F8B50A4BD0
:102CC0001B681B681F8805460E460024A74201D8D2
:102CD000002005E028882146FFF7D8FF08B13460BE
:102CE000F8BD0134F2E700BFC411002038B5124B23
:102CF0001B681D686824FF2A00FB04F4A86808BF4D
:102D00006A6800EB41130CBF121900EB4210997E68
:102D10000CBF82F82F10817620221846002129F05E
:102D200004FDFF2282766868204490F82E30013B33
:102D300080F82E3038BD00BFC4110020164B1B6830
:102D40002DE9F0411E687368682202FB00330D46CE
:102D500093F82F100446FF27FF2901D1BDE8F08129
:102D6000B36803EB41131A7D93F81A80101F0228F1
:102D700002D9013A012A0DD89868AA68904209D16F
:102D8000DA8AEB8A9A4205D13A462046FFF7AEFF2F
:102D90004146E1E70F46FBE7C4110020F0B589B0DA
:102DA0000446BDF8387015461E46F9B1174B1B682E
:102DB0001A685068682303FB040090F82F30042041
:102DC000FF2B01D109B0F0BD916801EB43110B7DE0
:102DD000012B09D1CB8AAB4206D14B89BB4203D12F
:102DE0000B89B34208BF08758B7EE9E7202268464D
:102DF00029F09BFC69462046ADF80860ADF80A70E2
:102E0000ADF81650FFF79AFFDCE700BFC4110020B1
:102E1000F8B50546FDF72CFEF8B11E4B1B681F6880
:102E20003C8894B3284622F059FC042803D14FF67D
:102E3000FF739D422BD0002611E031462846FFF754
:102E400025FF58B17968682303FB061696F84800F9
:102E500018B196F85A0080F00100F8BD0136A6427C
:102E6000EBDB7E6800224FF0680C0CFB0261002354
:102E7000886905E00F6A37F81370AF4207D0013355
:102E80008342F7D101329442EFD10020E5E70120DF
:102E9000E3E700BFC41100202DE9F04387B00646E8
:102EA0000C461746ADF80E30FDF7E2FD08B3BDF84D
:102EB0000E0022F013FC012805461DD105A90DF1D5
:102EC0000E00FFF7FBFEA0B1BDF80E3000932246C6
:102ED0003B4631460598FFF761FF1C4B059A1B687E
:102EE0001B685B68682101FB023383F85E50A3F81E
:102EF000604007B0BDE8F0830023DFF85080059301
:102F00004FF06809D8F800301B681A88059B9A4270
:102F1000EFD900250DE01B6ABDF80E2033F81530FF
:102F2000934205D1009322463B463146FFF736FFD8
:102F30000135D8F8003005981B685B6809FB003341
:102F40009A69AA42E7D801300590DBE7C411002056
:102F50002DE9F04FDFF8C8A09DB00026FDF714FA68
:102F600090F82630B34249D82D4D2B681B684FF09E
:102F700000021A8000246826FDF706FA90F8263031
:102F8000A3423FD81DB0BDE8F08FDAF80030D3F887
:102F90000090D9F804400BFB05F704EB0708013556
:102FA000B8F84430019303BB68373C44682241467B
:102FB00002A829F092FB21466822404629F08DFBA9
:102FC000682202A9204629F088FB019BA4F844301E
:102FD000D9F82040182303FB0544A4F118070FCCAF
:102FE0000FC794E8030087E80300FDF7CDF990F8D8
:102FF0002630013BAB42C8D80136AFE700254FF081
:10300000680BF2E72B681B685A6806FB0422B2F8CB
:10301000442012B11A8801321A800134ACE700BF93
:10302000C4110020F8B568250C4F0E464543002416
:10303000FDF7AAF990F82130A34203DC4FF0FF34EA
:103040002046F8BD3B681B685B682B441B6A33F85D
:103050001430B342F4D00134EAE700BFC4110020B9
:10306000094B1B681B6813B55B68682404FB0034BC
:10307000D4F81330A27CB4F84410208AE47D009484
:1030800025F0B8FB02B010BDC41100201346084A59
:103090001268126810B45468682202FB00405DF8A0
:1030A000044BB0F84420B0F8560025F00ABC00BF2D
:1030B000C4110020F8B50446FDF766F990F82630F3
:1030C000A34210D9682000250B4E44432F46FDF73C
:1030D0005BF990F821309D4233681B6804D358682F
:1030E00004440023A361F8BD5B6823441B6A23F8F2
:1030F00015700135EBE700BFC411002010B5044680
:10310000FDF742F990F82630A34281BF054B1B68BA
:103110001B68186A85BF182303FB04040020607C29
:1031200010BD00BFC4110020F8B50446FDF72CF90E
:1031300090F82630A34216D968201F4D444300263C
:10314000FDF722F990F821309E4225D31A4E3368BC
:103150001B685B68234400259D61FDF715F990F815
:1031600021309D421AD3F8BD2B681B685B6823444D
:103170007A001B6A985A013728B9911C33F801C0AC
:1031800023F802C05852FDF7FFF890F82130013BB8
:103190009F42E9D30136D3E73746F4E733681B682B
:1031A0005B6823441A6A32F8152012B19A69013219
:1031B0009A610135D1E700BFC411002010B5044663
:1031C000FDF7E2F890F82630A3420BD9064B1B68B6
:1031D0001B68186A182202FB04000021BDE8104099
:1031E00029F0A3BA10BD00BFC411002038B50446B1
:1031F000FDF7CAF890F82630A34226D92046FFF7FB
:103200007DFF10B9002001461EE0FDF7BDF890F8E3
:1032100026309C42F6D20E4D2B681B6818201B6A84
:10322000444323441B7C002BECD122F0B6F92B68DD
:103230001B681B6A1C44D4E90232984271EB0204F9
:10324000E0D2181A62EB010138BD4FF0FF30DAE727
:10325000C4110020F7B505460C461746FDF794F853
:1032600090F82630AB423DD900232370637003F001
:103270007FFF064603F064FFC4F80300002F33D13C
:10328000204B1B681B685B68682202FB0533B3F8A0
:10329000440023F04AFD0DF10701408809F054FB7A
:1032A0009DF80700003EA0F1020318BF0126584216
:1032B000584140EA4600A070FDF766F890F82630C5
:1032C0009D420DD20F4B1B6819684868682303FBA9
:1032D000050595F82E3023B195F82F20FF2A05D14A
:1032E0000023E37103B0F0BDA770E5E78B6803EB43
:1032F00042131A7D012A01D0062A01D19A7EEDE7F8
:103300000123EEE7C41100202DE9F8430546884665
:10331000FDF73AF890F82630AB421ED922F03DF97D
:103320000F4B1B6804461B68182045434046D3F8E2
:1033300020900E4622F043F909EB0507201846EBD2
:1033400001014FF4807349F80540C7E902017E602E
:103350003B82BDE8F84303F0FDBCBDE8F88300BF45
:10336000C4110020F8B50F461B49096801280E68F2
:1033700008D17168682000FB0711FF2091F82F1019
:10338000FF2905D1B18900238B4218DBFF2411E00E
:10339000B56805EB41150C46297D06290CD1298914
:1033A000914209D1E98A994206D10246214638461E
:1033B000FFF79CFC2046F8BDA97E2046E0E7B268F6
:1033C00002EB43121C46107B20B9107F10B9127D0E
:1033D000062AEFD10133D7E7C41100202DE9F843C5
:1033E0003A4F3B681B6868255B6845432B4406469B
:1033F00093F85A300BB9FFF72DFC3046FFF75AFE11
:103400003B681B685B682B44B3F8440023F083FCE3
:103410003B681B685A68D9892A44126D0A44DA81CC
:10342000FCF7B2FF90F826309E4219D23B68D3F8E1
:103430000080D8F804402C44FF2394F82F90B9F171
:10344000FF0F2FD1FF2B08D0D8F808001BB2202285
:10345000002100EB431029F068F94FF47F43E38526
:103460003B681B685A680024531954534FF0FF32CD
:10347000C3E9134483F85A405C6283F82E409A6291
:103480009C635C6483F848403046FFF797FE3B68D6
:103490001B68586A1822214602FB060029F045F9EC
:1034A000BDE8F883FF2B08D0D8F808001BB2202213
:1034B000002100EB431029F038F9D8F8083003EB6D
:1034C00049124B4692F81A90B9E700BFC411002088
:1034D00038B540B9074D04462B681B681A889442DA
:1034E00002DB00221A8038BD20460021FFF776FF5C
:1034F0000134F1E7C41100202DE9F04F91B0FDF740
:10350000B7FA002800F06882B84D2B681B680024C9
:103510001B880893A2464FF0180801262B681B68E9
:103520001A88944231D34FF0FF33CDE9063300249B
:10353000AE4EA346089BA34242D8BBF1000F01D078
:10354000FFF706FD22F029F84FF0FF34DFF89CB2B8
:1035500005460E460027A1464FF0180AFCF714FF57
:1035600090F826309F42C0F0AA81069BA342079B99
:1035700073F1000320464FF0000138BFDDE906017A
:1035800011B0BDE8F04F22F00AB81A6A08FB04F740
:103590003A44537C93B1137C83B921F0FEFF2B682E
:1035A0001B681B6A3B44D3E90272B84271EB02020A
:1035B00022BF1E8206FA04F34AEA030A0134ADE789
:1035C0002AFA04F818F0010802D02046FFF7F6FDA9
:1035D000682303FB04F733681B685D683D446B7820
:1035E00013B9B8F1000F35D000236B702046FFF7F8
:1035F0000DFB06282ED8DFE810F050010700460129
:103600003A002D009400B100B8F1000F22D0B5F8B7
:103610004410AA7CEB7C2F8A0B910A920993FCF749
:10362000B3FEB5F815C0CDF808C095F91450019552
:1036300090F821000B990090DDE90932384625F019
:1036400005F94FF47A712046FFF75EFE022120460D
:10365000FFF7CAFA2046FFF7C9FD069B9842079B71
:1036600071EB030338BFCDE90601013462E7B8F11D
:10367000000FEFD02046FFF7F3FC33681B685B6850
:103680003B44B3F85C10002941D0B3F858202046E1
:10369000FFF7FCFC33681B685A683A44002382F841
:1036A0005A3021F07AFF326812684FF01809526AD6
:1036B00009FB04F988460121054602F809104FF478
:1036C000FA6021F07CFF3268D2F800C0DCF82420D8
:1036D0004A440023D380DCF8043028183B4448EBEC
:1036E0000101C2E90201186C21F069FF33681A6810
:1036F000536A526828183A444B4448EB0101C3E925
:103700000401B2F85C10B2F8582059809A803368EE
:103710001B685B681F442046396CFFF7F5FD0021EC
:1037200095E7B8F1000F95D0FCF72EFE90F8263003
:103730009C4208D233681B685B683B449A6A9A745F
:1037400000221A745A7433681B685B683B449A7C85
:10375000B3F84410188A25F01CF9D8E7B8F1000F27
:103760003FF478AFFCF710FE90F826309C4275D2FB
:103770003368D3F80080D8F8043003EB070999F8D0
:103780002E2042B909F110012046FFF763FD2046C3
:10379000FFF766FC62E000230D9399F8303099F84A
:1037A0002F102BBBFF22FF2908D0D8F8083003EBDD
:1037B0004113D87EF0B12046FFF798FA99F82F30E0
:1037C000FF2B1AD133681B68596839440022103125
:1037D000DAE7D8F8085012B205EB4215EB7E002B61
:1037E00040F0E580AA7EFF2AF3D1DCE7C411002077
:1037F0000A46F8E78AB2997ED5E7D8F8082002EBA6
:103800004315297D012902D0062940F0B080AB7E06
:10381000D6E70DF13808B1F84410404623F0D4F84B
:103820002B7B2A69494648461EF0C9FF6B7E2A7EDB
:103830000490698903912989029169680191296835
:1038400000910D9098E8030023F0EDF9002800F0B6
:10385000C0800D9D7DB90DA81EF0C4FD002120463D
:10386000FFF7C2F933681B685B681F442046396C58
:10387000FFF74AFDEEE605F10C004522002128F095
:1038800054FF2D68E6E7B8F1000F11D00021204663
:10389000FFF7A4FD4FF0010BDCE6B8F1000F07D0F5
:1038A00095F85A30002B41F2130108BF0721EEE7CB
:1038B0002046FFF723FC00287FF4CCAED2E7DBF8EC
:1038C00000301B680AFB07F85B6A03EB080013F87B
:1038D00008304BB1D0E90423954276EB030305D3BE
:1038E0001822002128F021FF013737E6D0E9022312
:1038F000954276EB030329D3828841883846FFF747
:10390000C5FBDBF800301B685B6A43444FF4FA6088
:10391000DA880132DA8021F052FEDBF800301B68D1
:103920005B6A4344DA88A2F1200E00FA0EFEC2F16F
:10393000200C914020FA0CFC41EA0E019040401905
:1039400041EA0C0146EB0101C3E90201DBF800305A
:103950001B685B6A9844D8E902325B1B62EB060283
:10396000A34272EB09013CBF1C469146BCE7042907
:103970001DD1E98A2889B5F80AC04FF0050E02EB7F
:10398000431393F81480B8F1000F0DD0B3F81680EC
:10399000884509D1B3F80880804505D1B3F80A807D
:1039A000E04508BF83F814E09B7EFF2BE7D1336826
:1039B00095F81C901B6859683944B9F1000F3FF421
:1039C00028AF20464A461031FFF744FC2046FFF757
:1039D00047FB0123EB7641E7014811B0BDE8F08FCA
:1039E000FFFFE7032DE9F04F93B016789DF9709033
:1039F00080460F4614461D46FDF73AF8002870D061
:103A000006F07F03013B072B6BD8DFE813F00800BB
:103A10006A0087006A00EE005E017501EB016678BE
:103A2000ADF8188016F0FE0F5BD108A906A8FFF7C5
:103A300045F9002855D008990846FFF7E7F810F037
:103A4000FD0F4ED1AA4C23681B685B68682505FBF7
:103A5000013393F85A80B8F1000F42D10846FFF7BE
:103A6000ADFB236808981B68596805FB001191F8A5
:103A70004870002F38D1012381F84830FF2381F8A6
:103A80002C303A461031FFF7E5FB0898FFF712FBA0
:103A9000236808981B685B6805FB0033996BFFF788
:103AA00033FC08980321FFF79FF8BDF81830ADF8F4
:103AB0002C3023688DF828701A680899536805FB24
:103AC00001330AA8B3F85630ADF82E305369984741
:103AD0002368089A1B685B68682101FB023383F83E
:103AE0002C6013B0BDE8F08FB1F85C300BB1A1F8D9
:103AF0005C8091F82C309A1B5342534181F830304E
:103B00000621FFF771F8236808981B685B68682234
:103B100002FB0033996BFFF7F7FBD9E7DDE91D01E5
:103B2000637806AA5B0782E80300DAD0A378092B42
:103B3000D7D9637921791B0443EA0123E1780B4348
:103B40006C490A3B8B42CCD8237A002BC9D092E82F
:103B5000030008AB0AAD83E8030085E8030005A96C
:103B60004046FFF723F8B0B1614B059A1B681B680C
:103B70005B68682101FB023395E80300B3F85660E7
:103B800002F000FA8642ACD1059840F20341FFF7FB
:103B900025FCFFF7DDF9564D00274FF0680BFCF7C9
:103BA000F3FB90F826309F429BD22B681B685B6822
:103BB0000BFB07F63344B3F844A0BAF1000F00F052
:103BC00062810137EBE700213846FFF707FCFFF77A
:103BD000BFF986E72B68E2791B685B681E44A3790E
:103BE00043EA0223A6F85C307BE7DDE91D010DF115
:103BF000280989E8030023F03AF887427FF471AF7F
:103C00003B4DB4F801B02B68B4F803701B68B3F8EF
:103C100000A000246822A2457FF663AF2B681B68D2
:103C20005B6802FB04F63344B3F8441059454AD1AB
:103C3000B3F85630039399E8030002F0A3F9039B0D
:103C400083424FF068023ED1FCF79EFB90F826308D
:103C50009C420AD22B681B685B683344B3F844204B
:103C60005A82B3F856201A829F822B681B685868C4
:103C700030444146838A428A008A24F056FE00215D
:103C80002046FEF7B1FF2B681B685B68334493F84E
:103C90005A203AB9012283F85A2041F213012046F2
:103CA000FEF7D8FF2046FFF729FA00287FF419AF66
:103CB0002B681B685B681E442046316C13B0BDE85E
:103CC000F04FFFF721BB0134A5E70AA94046FEF7F4
:103CD0006DFF00283FF405AF054B0A981B681B6871
:103CE0005B6A1822002102FB003028F01EFDF8E676
:103CF000C4110020F5BB34000AA908A8ADF8208043
:103D0000FEF7DCFF00283FF4ECAE0A990846FEF708
:103D10007DFF064600287FF4E4AE0846FFF74EFA22
:103D2000DDF8288094F80190DFF810A3FCF72CFB55
:103D300090F8263098451AD2DAF800301B686827C8
:103D40005B6807FB08F73B44D3F824B0FCF71CFB87
:103D500090F821309B450AD2DAF800301B68596888
:103D600039448B6A994512D14046FFF7DDF90A982C
:103D70000521FEF739FF0A98DAF800301B685B6806
:103D8000682202FB0033996BFFF7BEFAA9E6023DF9
:103D90006D08C1F82890B542E6D004EB46094046CC
:103DA000B9F80210FFF73EF9002819DADAF8003006
:103DB0001B685B683B44D3F818B0FCF7E5FA90F851
:103DC00021309B450CD2DAF800301B685B683B441D
:103DD0009A69196A501C9861B9F8023021F81230BA
:103DE0000136D8E708A906A8ADF81880FEF766FFE7
:103DF00000283FF476AE023D0DF128082A46A11CAA
:103E0000404628F06AFC08990846FEF7FFFE064681
:103E100000287FF466AE0846FFF7D0F9089F647863
:103E2000DFF818A2FCF7B0FA90F826309F420ED2C5
:103E3000DAF800301B684FF068095B6809FB07F986
:103E40004B449A6A944208D13846FFF76DF90898B6
:103E50000521FEF7C9FE08988EE79C626D0834467E
:103E6000A542F1D038F814103846FFF7DBF80028E7
:103E700007DBDAF800301B685B684B441B6A23F8E9
:103E800010600134ECE763786B4A03F0070312F823
:103E900003B0FCF779FA2B68D3F800C090F8203013
:103EA000BCF80E108B4228BF0B465B451FFA8BFEF9
:103EB000FFF417AEDCF804303344A1EB0E01A3F895
:103EC0004480A2789A639CF81820DA63E079A2799A
:103ED00042EA0022A3F8462062792079120442EADD
:103EE0000022E0780243642042431A64C3E913BB12
:103EF0004FF0FF32ACF80E109A62DA6AC3F824A0D1
:103F000002F47E4242F07F4242F0FF02DA62227AFD
:103F100083F8542051463846FEF766FE2B681A682F
:103F2000138801331380FCF72FFA90F826309F4254
:103F3000BFF449AE2B681B685B683344D3F84C80F0
:103F4000FCF722FA90F8203098453FF63CAE2B68FB
:103F50001B68B3F80080FCF717FA90F82630434549
:103F6000FFF431AE2B681B685B68DDE9080103EBE9
:103F7000060802F007F82B68A8F8560094F801E04C
:103F80001A684FF00A0C92F818805368CEF3C101FA
:103F9000052010FB01C1CEF3411E10FB0EC008FB33
:103FA00001F1334409FB1011108A93F83CE0B1FB96
:103FB000FCF1B3F8568093F850C0642900F1010B6E
:103FC000A2F810B0B8BF642183F812E083F813C0E0
:103FD000A3F81500A3F81080384683F81490FFF773
:103FE00093F92B681B6859683144B1F815300A8A77
:103FF000B1F84400B4F809100091514622F059FE7E
:1040000038460121FEF7F0FD2B68627A1B68A17A21
:104010005B68334442EA0122A3F85820E78822F083
:1040200026FE87427FF4D6AD2B681B685B681E4472
:10403000A6F85CA055E500BF04220500C4110020CD
:104040002DE9F04F8FB005460593BDF8703004930D
:104050009DF8783003931D9BBDF86CB089461646D9
:104060006BB1039B43B91D981EF064FB029021F0D5
:10407000CAFE029B984207D20FB0BDE8F08F039BA7
:10408000002BF9D01D9B029368237343032D0193EA
:104090001AD1764B019A1B68186843681344FF22B3
:1040A00093F82F10FF290FD0836803EB41130C46C0
:1040B0005F7D002F44D01F895F4541D1DF8A4F4586
:1040C0003ED13046FEF712FE684C23685A46D3F8BC
:1040D00000A031464B462846FFF744F92368019972
:1040E0001A6853680B440746196D93F82E008842EE
:1040F000C0F0A480926893F82F80FF2302EB48144D
:104100009E46217F434619B9217D11F0FB0F1AD03D
:1041100094F81A80B8F1FF0FF0D1012DACD1202214
:10412000002106A828F001FB049BADF820B006A9E9
:104130003046ADF82230ADF82E90FEF7FFFD9BE73C
:10414000997E2246AEE7B8F1FF0FE6D00FCC0DF115
:10415000180CACE80F0094E80F008CE80F007246D2
:1041600041463046FEF7C2FD9DF82C30042B4746F1
:1041700003D106A93046FEF7E1FD3C4B019A1B68CE
:104180001B685B681344FF2293F82F10DAF808309D
:10419000FF294ED112B203EB421383F81A80DAF8EA
:1041A000088008EB471420220021204628F0BDFAA1
:1041B000FF23A376029B7E01002B53D02B4B059A45
:1041C0001B681B6822769DF860206276199A48F871
:1041D00006201A9A6260049A6281A4F808B0D3F8A3
:1041E0001C8021F010FEDAF80830029A1D9907FBB6
:1041F000008020619819002300691EF0E9F8DAF8C0
:1042000008306A1E1E44E91E534253414D424D413F
:10421000307333757575A6F81690144B019A1B68A8
:104220001B685B68134493F82E20013283F82E201C
:1042300022E703EB41100A46817EA9E7FF2F3FF4F6
:104240001BAF93F82F20FF2AF9B202D183F82F1069
:10425000A5E7DAF8080000EB42139A7EFF2AFAD1AC
:1042600099769CE7039B2377D7E700BFC411002012
:104270002DE9F04F8BB006460F469046FCF7F8FB51
:1042800088B1DFF88890D9F800301B681B8853B1DB
:1042900000254FF0680B2C46D9F800301B681988B0
:1042A000AAB2914202D80BB0BDE8F08F5B681FFA4A
:1042B00085FA0BFB0A33B3F8440022F036FD408840
:1042C000CEB10DF1270108F03FFB9DF827309A1E73
:1042D0005342534143F00203CDE905430023CDE9A6
:1042E0000344CDE901440094524619461846FFF7AD
:1042F000A7FE0135D0E7002FFBD08045F9D102F0B1
:1043000037FF002814BF03230123E5E7C411002071
:104310002DE9F04F2DED028B8BB01D469DF85830E6
:10432000DFF8F09108EE103A9DF85C300393189B8B
:104330000493199B0593BDF868300093BDF86C3069
:1043400001931E9B0693D9F800301B6868245B68B4
:1043500004FB00FA534407468846DDE91C01B3F824
:1043600056B0164601F00EFE83450BD1B8F1010F91
:104370003ED1D9F800301A685368534493F82F306F
:10438000FF2B04D10BB0BDEC028BBDE8F08F916820
:1043900001EB4313197B49B3197D012926D15989B2
:1043A0000198814222D11989009881421ED1D98A6F
:1043B000B1421BD14FF0010800231C93069B1B93B5
:1043C000019B1A93009B1993059B1893049B1793C9
:1043D000039B169318EE103A3A46314640460BB00E
:1043E000BDEC028BBDE8F04FFFF72ABE9B7EC7E70E
:1043F000B8F1000FE0D0B8F1030FDDD0B8F1020F33
:10440000C0D1FBF7C1FFD9F8003090F82010D3F8E5
:104410000080D8F804C0FBB204FB03C4002294F867
:104420002E3094F82F40C91AC9B2FF2C59D10A4432
:10443000AA42A7DD01358D42D4442B46A8BF0B46C6
:1044400002939CF82F30FF2B57D1DFF8C8B04FF004
:104450000009029B4B45ADD0009A334639460020F7
:10446000FEF780FFFF280546A4D0DBF8003018686F
:10447000EBB2B9F1000F47D1FF2C45D1426852444D
:1044800082F82F30D8F80840099304EB4514009BBC
:104490002381019BC269638169010891079221F020
:1044A000B2FC079A089905FB0020D8F80820206183
:1044B00011444FF00003FF220B738A764FF006037E
:1044C000DBF800200B751268CE825268099B5244BB
:1044D00009F1010992F82E10013182F82E101C46C4
:1044E000B7E7D8F8083003EB4414237D0BB1032B56
:1044F00001D10132D2B2A47E97E7D8F80820DCB20D
:1045000002EB43139B7E9EE7D8F8082002EB44128F
:104510009376B7E7C41100202DE9F04F91B006461D
:104520009DF86840BDF874A00B930F469046FCF7C9
:104530009FFA002840D0474B1B681B681B88002B44
:104540003AD0454B1B68002B36D09B69BDF87800EC
:10455000984788B322F08BFB50452BD0012C2BD9E8
:10456000013CE4B221981EF0E5F828B3BDF87800CC
:1045700021F0B4F8012822D10FA91EA8FEF79EFB56
:10458000D0B1DDE91F01219B089306AB83E803004E
:10459000BDF878300F98CDE904A31C9B03931B9BB7
:1045A000CDE901430B9B00933A4643463146FFF762
:1045B000AFFE01E0012CD5D111B0BDE8F08F002392
:1045C0000F93DFF890B006AB0C93DBF800300F9D33
:1045D0001A681388AB42EFD9BDF878900D9248461F
:1045E00021F07CF804280D9A0BD05168682202FB58
:1045F000051100228B69934225D10F9B01330F9344
:10460000E3E74FF6FF718945EFD129465046FEF7A3
:104610003DFB0028F1D1219B08931FAB93E80300D9
:104620000C9B83E803001C9B03931B9BCDE9014378
:104630000B9B0093CDE904A943463A4631462846F0
:10464000FFF766FED9E7086A30F812004845DCD06B
:104650000132D0E7C4110020042F00202DE9F041E1
:10466000324C23681B68002B31D05B68002B58D17B
:1046700023681B68986828B120F06EFF23681B68C8
:1046800000229A6023681B68D86928B120F064FF73
:1046900023681B680022DA6123681B68186A28B146
:1046A00020F05AFF23681B6800221A6223681B68E7
:1046B000586A28B120F050FF23681B6800225A6214
:1046C0002368186820F048FF236800221A60184BFE
:1046D00000241C6000F00EF92046BDE8F08123683C
:1046E0001B685A6806FB05F84244106A30B120F096
:1046F00033FF23681B685B6843441F620135FBF787
:1047000043FE90F82630AB42E9DC23681B6858680A
:104710000028ADD020F020FF23681B6800225A60DB
:10472000A6E7002568262F46E9E700BFC411002050
:10473000042F00202DE9F84F654C23681B68804644
:104740000F46002B40F0BA8002F06AFB430740F1AD
:10475000B880FBF719FE90F8263023B940F20355D4
:104760002846BDE8F88FFBF70FFEC38B002BF5D072
:10477000092F40F2A8802820256820F0E9FE236850
:1047800028601B68002B00F0A08000F0A7F8054609
:1047900010B1FFF763FFE3E723681B6818805B68CD
:1047A000002B5DD000264FF0680AFBF7EDFD90F876
:1047B0002630B34268D823681E68FBF7E5FDB3686E
:1047C000C08BB081ABB9400120F0C2FEB0600028C0
:1047D00056D021F018FB2368D3F80090B3895843D2
:1047E00020F0B6FE2368C9F81C001B68DB69002BAB
:1047F00046D0B389F38123681B681B6A83B9FBF732
:10480000C3FD23681E6890F8263003EB4303D800ED
:1048100020F09EFE236830621B681B6A002B2FD09D
:1048200023681B685B6A7BB9FBF7AEFD23681E68D3
:1048300090F8263003EB4303D80020F089FE23686C
:1048400070621B685B6ADBB1224B234A1A602368E3
:104850001B681A7EC3F81480002A81D11F767FE777
:10486000FBF792FD236890F826001E6868235843E2
:1048700020F06EFE236870601B685B68002B91D18E
:10488000FFF7ECFE1A256BE7FBF77EFD236890F837
:1048900021001B685B680AFB06F9400003EB090B6B
:1048A00020F056FE2368CBF820001B685B68994413
:1048B000D9F82030002BE3D0013676E740F20655D8
:1048C0004EE70F254CE721254AE7192548E700BFA9
:1048D000C4110020042F00200C22050008B508F0A8
:1048E0004FFD10B9014B024A1A6008BD082F002085
:1048F0003C22050008B508F077FD024B00221A6043
:1049000008BD00BF082F002010B503F087FC044647
:10491000F0B1806818B120F01FFE0023A36060682A
:1049200018B120F019FE00236360204620F014FE29
:10493000002003F079FC074A00231360064A136045
:10494000064A1360064A1360064A1360064A13605B
:1049500010BD00BF0C2F0020282F0020302F00207A
:10496000382F0020342F0020102F002038B503F0FE
:1049700055FC0446002836D10C2020F0E9FD054600
:1049800060B1FBF701FD90F82A0000EB8000C00049
:1049900020F0DEFDA86018B9FFF7B6FF1A2021E06D
:1049A000FBF7F2FC90F82B00C0EBC000800020F079
:1049B000CFFD68600028EFD00C4B0D4A1A600D4BFC
:1049C0000D4A1A600D4B0E4A1A600E4B0E4A1A60C1
:1049D0000E4B0F4A1A600F4B0F4A1A60284603F01D
:1049E00023FC204638BD1220FCE700BF0C2F00201E
:1049F000D94A0200282F002049830200302F0020CE
:104A000005780400382F002085780400342F00201A
:104A100077780400102F0020D17A020010B50D4CD9
:104A2000237823B9FFF7A2FF98B9012323700A4B1B
:104A30000A4A1A600A4B0B4A1A600B4B0B4A1A605F
:104A40000B4B0C4A1A600C4B0C4A1A60FDF7E6FB44
:104A5000002010BD1C3B00201C2F0020CDF60100C3
:104A6000202F0020F1F60100242F0020C5FA0100BC
:104A7000182F0020B5FB0100142F002011FC0100AD
:104A80002DE9F74305464FF0000801A80E46914670
:104A90001F46CDF8048021F0F4FA044688B9019A43
:104AA0000C495672C2E9009702F10C032A603046A5
:104AB000FAF7B6FF044640B1019821F0B5FAC5F8FF
:104AC0000080204603B0BDE8F083019B01221A72EA
:104AD000F7E700BF956104002DE9F04FBBB003F08C
:104AE0009DFB054620F059FDCDE90001002D00F0A9
:104AF000C480AB68DFF888813BB14FF0000AFBF758
:104B000043FC90F82A30534503D840463BB0BDE8FB
:104B1000F08FAB68282606FB0AF633441A7A022A7D
:104B200040F092801B6A002B59D0AB6803EB06095A
:104B3000D9F82030002B52D009F1200B58461DF037
:104B40006FFC876805903B7CD9F80C0002930AF053
:104B500009F9043880B2C828A8BFC8200390059A74
:104B600042B9BC687A76002CDFD0FB683968104601
:104B7000A047DAE7976010461DF0DCFD039A397E06
:104B800083B293421C46A8BF1446A2B200295ED04D
:104B90009B1A18BF0123029A059942EA83138DF8E4
:104BA0001830224600230DF119001DF011FCD9F830
:104BB0000C00621C06A90AF0B9F800284CD005992F
:104BC00058461DF016FED9F8200000211DF0C3FE46
:104BD000AB6833441B6A002B18BF4FF00108AB6869
:104BE0003344DA6982B3D3E90401009B181A019BAC
:104BF00063EB010120F0D3FC44F61F63984223D9F4
:104C0000AB6803EB060C67460FCF06AC0FC40FCFA3
:104C10000FC497E8030084E80300604621F004FA1B
:104C200006A821F0B2FAAB681E44D6E90401009B45
:104C3000181A019B63EB010120F0B1FCC0F59C4008
:104C400020308045A8BF80460AF1010A57E7934209
:104C50000CBF032302239EE705A821461DF023FE77
:104C600005981DF067FD28B9059821F0D1F905A830
:104C70001DF0B8FB00233B7671E7DFF8048044E7C2
:104C8000FFFFE703024B1B6803B118470F20704773
:104C90003C2F0020074B1B6810B543B1064B002486
:104CA0001C60FFF731FE054B20461C7010BD0F2025
:104CB000FCE700BF3C2F00202C2F00201C3B0020D5
:104CC000014B024A1A607047402F00201D4A020023
:104CD000024B1B6803B118470F207047402F00207C
:104CE00008B50A4B1B687BB1FFF70EFE084B00208E
:104CF0001870084B1860084B1860084B1860084B78
:104D00001860084B186008BD0F20FCE7402F0020FA
:104D10001C3B00201C2F0020202F0020242F0020CF
:104D2000182F0020142F0020F0B5104D85B000245E
:104D3000182602F0C1F8A04202D8002005B0F0BD4C
:104D40002B68186906FB040000F109078378427894
:104D5000817B0297C778019704300090204623F0AA
:104D60003CF908B90134E4E70920E7E7CC11002059
:104D7000F8B504461E460D461746FBF705FB90F8AE
:104D80002430A3421BD3012D1BD80F490B681820D8
:104D90001B69604303445B783B700B681A690244EB
:104DA0002A44927832700B68052101FB05001969CD
:104DB00004300144069827F090FC0020F8BD012043
:104DC000FCE71020FAE700BFCC11002010B5044624
:104DD000FBF7DAFA90F82430A3420DD3074B1B6897
:104DE0001869182303FB04040023638001F0B2FF59
:104DF000BDE81040FFF798BF0B2010BDCC1100207C
:104E0000F0B51D4695B0002307460E46284611A969
:104E1000CDE9123314468DF842308DF8433007F057
:104E2000E3FC00283FD10DF14601304602F07AF84C
:104E3000002838D10DF14B0300930DF142020DF122
:104E40004303E1B23046FFF793FF024658BB9DF89B
:104E500042308DF84830154BADF849701E6812ABE2
:104E600008939DF84330033307939DF86C30059306
:104E70009DF870300493BDF84430CDE90D00CDE9C4
:104E80000253CDE90B000123CDE90900043401935D
:104E9000A4B2BDF86830009306940146BDF84630D0
:104EA000306820F0ECFE15B0F0BD00BFCC11002042
:104EB00070B58AB004460E4621F015FB04A90546DC
:104EC000204621F0D7FB0446B0B90D4B1B681B6987
:104ED000182202FB05339B7873B901F09BFF9DF804
:104EE00024300193BDF8103000930296BDF82230B3
:104EF00022462946FFF784FF20460AB070BD00BF56
:104F0000CC11002010B50F4C2368186920B120F097
:104F100023FB236800221A6120681822002127F051
:104F200004FC002401F0C8FFA04200D810BD0221FB
:104F3000204620F0F8FB10B1002121F0D6FA013410
:104F4000F0E700BFCC11002070B54E4D88B004468C
:104F500018222868002127F0E8FB2B689CB11C6010
:104F6000FBF712FA90F824002C6800EB4000C00018
:104F700020F0EEFA2B6820611B693BB9FFF7C2FFF6
:104F80001A2008B070BD404A1A60E9E707A822F06D
:104F9000D5FF002859D0FBF7F7F9079B90F824209C
:104FA0009A42EBD3FBF7F0F9079B90F824209A4242
:104FB00010D80024079BA34217D801F07DFF079B60
:104FC00098424AD8314D002401F076FFA04249D8DA
:104FD0000020D6E701F070FF04F090FC0028E8D034
:104FE000FFF790FF41F20930CBE7002306AACDE995
:104FF000003202930DF1130205AB0DF112012046B0
:1050000022F0A8FF0028EBD105990529E8D8069BD6
:10501000052BE5D82A681269182606FB04229DF89C
:10502000126096739DF813609170D370567002F100
:1050300009030432CDE9010300920346024601460A
:10504000204622F087FF0134B4E7FBF79DF990F882
:10505000240004F047FC0028C2D1FFF765FE0028B9
:10506000B0D0BDE70221204620F05DFB28B93CB955
:10507000FFF748FF40F2025083E7294621F035FA56
:105080000134A1E7CC11002059FC02005422050094
:1050900038B504460D4601F00FFFA04208D9064B73
:1050A0001B68182044431B691B5D00202B7038BD12
:1050B00000230120FAE700BFCC11002038B50446D8
:1050C0000D4601F0F9FEA04211D920462946F8F715
:1050D00069FD18235C43074B1B681B6920B91D55EC
:1050E00001F038FE002038BD00221A55F8E70F20E5
:1050F000F9E700BFCC1100202DE9F04F9BB0174617
:105100009846BDF89090BDF894A0279C834621F066
:10511000EAF90DF15201054601F004FF06460028A8
:1051200078D10DF14E02584614AB214620F01DFEF9
:1051300082B283461192002A6CD020461DF0FAFA02
:10514000119A821A92B2BDF84E0011921146FDF7E3
:105150002BFC00285ED01FFA8BF32146119A15A86C
:105160001DF036F9BDF84E4048F233039C424BD84F
:1051700048F22E039C4250D848F204039C420CD0C3
:1051800004F5FF447B34A4B2012C43D89DF854109D
:105190008DF858102846FFF791FFBDF84E2048F2D1
:1051A00006039A4236D016A92846FFF771FF9DF8EC
:1051B00058308DF86030012448F207066F4B1B68A9
:1051C00050461D68BDF85230119320F077FC18A9A5
:1051D000CDE90741FF2105919DF8A010119B06968E
:1051E00008430022C0B20121CDE90380CDE900913E
:1051F000CDE90D22CDE90B22CDE909220297114616
:10520000284620F03CFD05E004F5FF434C339BB2FB
:10521000022B6ED91BB0BDE8F08F01F0FBFD48F208
:1052200031039C42064627D1BDF854308342F1D168
:1052300000230DF1580B8DF84C308DF84D300DF1E9
:105240004D0213AB0121CDF800B02846FFF790FDC9
:105250009DF84C409DF84D30ADF86160052CA8BF1D
:105260000524224659460DF163008DF86030033461
:1052700027F033FA0526A1E704F5FF4351339BB22B
:10528000012B0DD8BDF854308342C3D12846FFF717
:105290009DFD48F22F039C42BCD1FF28C8D1B9E73D
:1052A000BDF855308342B5D19DF8548001F0B2FD70
:1052B0008642AFD12846FFF789FD0028AAD12F4B9F
:1052C0001B681B69182202FB0533494683F80180DD
:1052D00048F23203E31A5C425C4152463B462846A0
:1052E000CDE90164CDF80080F8F790FCFFF71CFDD4
:1052F00090E748F234039C4210D101F0DDFD854275
:1053000006D21E4B1B681869182303FB0505AE7BEC
:105310008DF86060012448F237064FE79DF854602D
:105320000F2E24D801F0C8FD854223D2134B1B68F1
:105330001B69182202FB05339E7301F00BFDFFF77A
:10534000F3FC834601F0B8FD854206D20B4B1B6887
:105350001869182303FB0505AE7B48F236039C420F
:105360003FF458AFBBF1FF0F3FF454AFD0E74FF01D
:10537000FF0BE7E74FF00F0BE4E700BFCC11002075
:105380002DE9F04F8FB020F008F90025DFF8A88153
:1053900004460E462F464FF0180901F08DFDB84225
:1053A00018D8002D52D0644D2B68D3E90201201A81
:1053B00066EB010120F0F3F8B0F57A7F41D82B6855
:1053C000D3E90201201A66EB010120F0E8F8C0F5EC
:1053D0007A7527E0D8F800301A6909FB07F3D35C27
:1053E00003B101350137D8E72B6809FB07F81B69C2
:1053F00013F8081061B10139C9B23846F8F7D2FB89
:105400002B68D0B91A6912F80830013B02F808304D
:10541000013701F051FDB842E6D82B68C3E90246D6
:105420004FF47A75DFF810B1002701F045FDB8425E
:105430000ED828460FB0BDE8F08F1B6903F808A00E
:10544000E6E700274FF01809BA46E2E73B4DE9E7E7
:105450000221384620F067F9814600285ED008A96D
:1054600021F008F98046002858D1BDF82030002BE3
:1054700054D0BDF832204FF6FF739A424ED04846C2
:1054800000F05EF850EA010348D018237B430493F0
:10549000DBF80030049A1B6913449A78002A3DD047
:1054A0009B7B002B3AD0484600F04AF8DBF80030EE
:1054B000049A1B6903EB020A01229AF80E309A4003
:1054C000D31714F04DFACDE905000791DAE904018C
:1054D000201A66EB010120F062F8069A079B9042C1
:1054E00078EB03021CD3484620F044FF814601F0CC
:1054F00091FC9DF834300193BDF820300093424672
:10550000BDF83230CDF808903946FFF779FCDBF86A
:105510000030049A1B691344C3E90446013784E749
:10552000059A101A63F10003854278EB030338BF34
:1055300028460546F2E700BFCC110020FFFFE70335
:1055400010B5037B064A990902EBC10452F83100F9
:10555000626803F03F03A0FB030103FB021110BDCF
:10556000582505002DE9F04104460D4620F015F8B8
:10557000D4F8293006460F4653B1D3F80880B8F165
:10558000000F05D0204620F0F5FE01462046C0471A
:105590006DBB2046FFF7D4FF50EA0103054605D155
:1055A0001B4D2846BDE8F04120F009B8637B03F0AD
:1055B000070384F8273020F002F894F82730801988
:1055C00047EB0101C4F80F00C4F81310002BE8D01A
:1055D000637B3220DB0803FB00001FF0F0FF801923
:1055E00047EB0101C4F81700C4F81B10D9E794F881
:1055F0002730002BD4D0013BDBB284F82730002BBE
:10560000CED0657BEB08322503FB05552846E4E741
:10561000FFFFE70310B5064C2368586820B11FF060
:105620009BFF236800225A60236800221A6010BD85
:10563000D0110020014B1B6818687047D011002062
:1056400038B5044B1B6804465D6820F0EBFE04FB94
:10565000005038BDD011002070B51C46164B1546C1
:105660001A681368013313600E46FFF7E9FFFF2243
:105670000323027242728272C272827B0370002321
:1056800063F3000246700373437345808480837123
:10569000C371827380F8353080F8363080F8373047
:1056A00080F8383080F8313080F8323080F833308C
:1056B00080F8343070BD00BFD01100202DE9F04FCC
:1056C00093B0064688460792FAF75EFE90F82530BA
:1056D000B342C0F05981AE4D2B685C68002C40F09D
:1056E000558120F09FFE0746FAF74EFE90F8250000
:1056F000D5F8009078431FF02BFF2B68C9F8040001
:105700005B68002B49D1FFF785FF1A24204613B0B0
:10571000BDE8F08F08EB070302229D78DB78049345
:105720001146049AAB1C11FB02335B0005933B1D31
:10573000069308EB030B04EB05094C4518D1022333
:105740001A46069B12FB0535049B234445441C4620
:10575000A14505F1040515D1059B0AF1010A1F4475
:10576000079B9F42D6D38B4C4FF00009002721E0C6
:1057700020463BF8023B4FF6FF725146FFF76CFFA5
:105780000134DAE7484635F8023C35F8042C514636
:10579000FFF762FF09F10109DAE70A27A246DFE70E
:1057A000384601F08FFB34F8061C804601F06AFC95
:1057B00018BB013701F080FBB842F1D809F10109AB
:1057C000B9F1100F04F11604D0D108A822F002FAA2
:1057D000002800F0C480089BB3429946A8BFB14698
:1057E000B34224D14FF00008C24609ADC84527D1C5
:1057F000B145C0F0AA80002488E734F8041C404674
:1058000001F040FC05460028D3D0A3464FF0000A23
:1058100014F8023C5345CCD93BF8021B404601F03A
:1058200031FC08B1C0F831500AF1010AF0E7304606
:1058300004F028F804460028D4D0FFF7EBFE65E713
:105840004046FFF7FDFE0023CDE901AA074600957B
:105850000AAA1946404622F0C9F904460028ECD1AC
:10586000FAF792FD0A9B42899A4201D21A24E4E790
:10587000FAF78AFD099B82899A42F7D3FAF784FDE9
:105880004489FAF781FD8389640004EB43033933CB
:1058900039343B443C44CDE9005402930AAA07F151
:1058A00039030CA9404622F0A1F904460028C4D1CE
:1058B000BDF830001FF012FF022844D10BA90DF1F2
:1058C000320001F0D1FD04460028B6D10B9B3B729B
:1058D000BDF83030FB80BDF84230A7F809309DF8A4
:1058E0004430FB729DF845203A739DF846307B7337
:1058F0009DF84730B97BC3F3000363F30001B9732C
:10590000AAB102210BA822F0DEFCBDF82C00C0F3E6
:10591000080014301FF053FE04468B461FF03DFE76
:1059200020184BEB0101C7F80F00C7F813100A9BB2
:10593000A7F83530D7F8313013B9099BA7F83730BD
:1059400008F1010852E7FF23C1E7484620F077FD40
:10595000044600287FF471AF09F1010948E7304699
:1059600003F05CFF044600287FF467AFB4423FF4C5
:1059700042AF204620F063FD054618B1FFF74AFE0E
:105980002C46C3E60134F1E72124BFE60224BDE63C
:10599000D01100207E2505002DE9F043184F00238B
:1059A00007EBC306B488844203D804F11F0585427F
:1059B0001BDA01330F2BF3D10020BDE8F08357F839
:1059C00033C00EFB04F60CEB06090134D9F8029043
:1059D00019EA050F1EBF3CF8066022F8106001307E
:1059E000A045EAD98142EAD8E7E7001B01258540B6
:1059F000002096F8068004464FF0060EF0E700BF40
:105A0000DC240500044B1B6810B55C68041B20F007
:105A100009FDB4FBF0F010BDD01100202DE9F047D6
:105A2000044620F0F1FD002840D0204620F07CFC08
:105A3000204F0646002500F1FF38ABB29E4214D835
:105A400023461A46D3F83130002BFAD182F837308A
:105A500082F838302046D4F83140002CFAD1FFF7D4
:105A6000D1FFBDE8F04720F0EABC3B684FEA4509AA
:105A70005BB12046D3F818A020F05EFCA8EB05032C
:105A8000594230F815005941D047204620F054FCC7
:105A900030F809001FF022FE022805D1204620F030
:105AA00058FC405D01F052FD0135C6E741F2083077
:105AB000BDE8F087442F00202DE9F84F1FF06DFD61
:105AC00007464248DFF808A188461FF078FD4FF0EE
:105AD000000906460D464FF6FF7BDAF800301B68DA
:105AE0004B4505D830462946BDE8F84F1FF057BD55
:105AF0004846FFF7A5FDC38804467BB3B0F80930DC
:105B00005B452BD0FFF71CFD50EA010311D0D4F800
:105B10000F30D4F813209F4278EB020141D30021CB
:105B20002046FFF71FFDB04271EB050301D2064688
:105B30000D4694F827308BB1D4F81730D4F81B20D9
:105B40009F4278EB020136D301212046FFF70AFD80
:105B5000B04271EB050301D206460D46D4F8293058
:105B6000E3B1DB68D3B1D4F81F10D4F823208F42FF
:105B700078EB020205D320469847C4F81F00C4F80A
:105B80002310D4F81F30D4F82320DB1B62EB08026B
:105B9000B34272EB05013CBF1E46154609F10109EF
:105BA0009BE7DB1B62EB0802B34272EB05013CBFD3
:105BB0001E461546BDE7DB1B62EB0802B34272EBE3
:105BC00005013CBF1E461546C8E700BFFFFFE703BF
:105BD000D01100202DE9F041DFF8508006460F4635
:105BE0000024D8F800301B68A34202D80020BDE88A
:105BF000F081BC4201D10134F3E72046FFF720FDDC
:105C00000546FAF7C1FB428905EB42023932002111
:105C1000284620F089FB8142EDD232F8023BB342A4
:105C200001D00131F4E70120E1E700BFD0110020ED
:105C30002DE9F743044620F077FB074620460E4641
:105C4000904620F0E1FC002800F08A8030461FF0EA
:105C500045FD022870D1B8F1000F00F0878001A93E
:105C6000404601F001FC0546002858D0FAF78CFBAD
:105C70008389BB427ED030461FF030FD022869D1B7
:105C800001A9404601F0F0FB002857D12046019DB4
:105C900020F05FFBC555019801F042FC204620F042
:105CA0004BFB20F81760204620F03EFB013080B20D
:105CB00023461A46D3F83130002BFAD1A2F8370028
:105CC0002046FFF79FFE01463046FFF783FF30B9BD
:105CD000294B1B681BB15B69012130469847204660
:105CE000D4F83140002CFAD1FFF78CFE03B0BDE8A8
:105CF000F04320F0A4BB204620F01EFB30F8193002
:105D0000B34207D1204620F024FB019B10F8092064
:105D10009A4227D009F10109B945ECD3A6E781469B
:105D2000FAE7204620F008FB30F81530B3421FD0C8
:105D30000135BD42F5D399E70025FAE701A94046B0
:105D400001F0B0FB054668B92046019D20F001FB3B
:105D5000C555A3E7204620F0FCFAFF23C3559DE775
:105D600041F20835284603B0BDE8F0832125F9E764
:105D70000025F7E71A25F5E7442F00202DE9F84321
:105D800004460E46154620F03FFC002860D0304601
:105D90001FF0A4FC022801D1002D5CD00025204674
:105DA00020F0C2FAABB2984203D840F20250BDE8EC
:105DB000F883204620F0C0FA1FFA85F9074630F82C
:105DC0001930B34200EB490805F10105E7D130462F
:105DD0001FF084FC022806D1204620F0BAFA10F801
:105DE000090001F0B3FB204620F09EFAA0EB090069
:105DF000421E09F1010107EB41015200404626F025
:105E00007AFC204620F090FA013880B223461A46E8
:105E1000D3F83130002BFAD1A2F837002046FFF733
:105E2000F1FD01463046FFF7D5FE30B90B4B1B683C
:105E30001BB19B690121304698472046D4F8314078
:105E4000002CFAD1FFF7DEFDBDE8F84320F0F7BAE9
:105E500041F20830ABE72120A9E700BF442F002022
:105E6000014B1B689B681847D81100202DE9F04FA3
:105E70008FB08246049300230993414B1C680D4662
:105E800090462CB10092646809AB0BAAA047044667
:105E90000AA9002008F098FD064638B98146002C72
:105EA00051D10A9B4B4505D841F2050630460FB04B
:105EB000BDE8F08F0DF122024946204608F0B6FDFC
:105EC00000283BD1AB79BDF822B00C33EF180DF1AF
:105ED0002101EB5C0593584606F036FD70BB059B2F
:105EE000384603F07F03059320F090FE0BAF099036
:105EF0000090CDE90157059B52465946012020F0FC
:105F00004DFEF0B19DF82120059B013A012A15D8DC
:105F1000099A0092CDE9015752465946204620F091
:105F20003DFE58B906AF5946384620F03CFD97E88B
:105F3000030088E80300C8F80440012409F10109BE
:105F4000ADE70124EEE79DF82D300499DA090A70D7
:105F5000189A03F07F031370199B099A1A600DF1C8
:105F60002E0020F041FD1A9B1B9A1860BDF83130BD
:105F70005BBA1380BDF833301C9A5BBA138095E787
:105F8000082F002007B502AB03E903009DF800309D
:105F9000BDF8020063B1012B02D1074B1B6813B996
:105FA0004FF6FF7004E0DB6898470028F8D040887F
:105FB00003B05DF804FB00BF082F00202DE9F04F6F
:105FC0009DB00AAF87E803000793BDF8A43008939B
:105FD00000219DF828300993CDE90E11131E97E892
:105FE0000300069314BF4FF008094FF00409DDE9E0
:105FF0002668BDF8A0502A9C9DF8ACA0FFF7C2FF10
:106000000DF13701074606F09FFC834600283BD17F
:106010009DF83710099B013918BF012183BB0DF191
:10602000360300930EAA0FAB384606F037FD8346C1
:1060300050BBBAF1030F4FEA15274FF00002EDB243
:1060400065D18DF840A08DF8412041460DF1420008
:1060500020F0D2FC31460DF149008DF845708DF8E5
:1060600046508DF847208DF8482020F0B5FC206878
:1060700002211CF0A1FA002854D14FF01A0B03E0C2
:10608000012B17D04FF0210B10A80D2122F027FD76
:1060900014A8102122F023FD102118A822F01FFDC2
:1060A0000EA823F09EFC0FA823F09BFC58461DB0C1
:1060B000BDE8F08FDFF844B10991DBF80030002B28
:1060C000E0D0DB68BDF82A0098470028DAD0DBF87A
:1060D00000C0BCF1000F00F08E800DF1360EC388B9
:1060E0008288CDF810E00DF13C0ECDF80CE00DF1FA
:1060F000380ECDF808E0B0F80AE0CDF804E00089E9
:106100000090DCF814B009993846D8478FE7079B10
:1061100006998DF8402003F07F0343EAC1138DF800
:10612000413092E7206083791844089B1B0A03736F
:106130000DF1600A089B4373CDE9009A0E9822681E
:10614000002310A923F021FD834600289CD120685C
:106150004A4651461CF003FB81458ED15946102218
:1061600014A826F0E2FA31460DF1550020F034FC77
:1061700007225B4621680DF159001CF029F90F98A0
:1061800014A923F09EFD834600287FF47DAF20688C
:1061900007211CF011FA00283FF46FAF20609DF832
:1061A0003630827903F07F030C3243EAC616079B30
:1061B000865400EB020903F07F02069B42EAC312F9
:1061C00089F8012009F10200414620F015FC89F808
:1061D000057089F8065023689A790C321344981D8B
:1061E00014AA13F8014F12F8011B984281EA040126
:1061F0001970F6D148E74FF00F0B45E7082F002044
:106200002DE9F0418AB00DF12008BDF85040BDF8ED
:10621000545088E80C0006469DF84020079220461E
:106220000F4620F0A1FB079A70B12946204620F0C6
:1062300056FB431C079A0DD1224B1B6813B1DA6839
:106240000132DA60212039E029462046079220F009
:1062500071FBEEE7023007D11A4B1B68002BF1D01F
:106260001A6901321A61EDE70023059316ABCDE9F7
:106270000353139B0193129B0093029498E803002D
:106280009DF84430FFF79AFEC0B90F4B1A681A9B6D
:106290000593199B0493189B03939DF82030591E76
:1062A0004B424B410293179B0193169B0093D2F8EC
:1062B00004802B46224639463046C0470AB0BDE826
:1062C000F08100BF602F0020D811002070B590B081
:1062D0000CAC84E80C0000230F938DF83B309DF844
:1062E0003030012B05460E4607D194E80300FFF736
:1062F00049FE0146204620F056FBB54208BFB5FADC
:1063000085F41A984FF000010CBF640901241CF0B9
:10631000C5F80F90A0B93D4B1B685CB113B1DA6AA8
:106320000132DA620F9820F0F9FA0FA81CF05AF83F
:1063300010B070BD002BF5D09A6B01329A63F1E773
:10634000EDB9334D2B681A785B789A4210D201214F
:106350000DF13B0021F0B7FF29689DF83B304A78EA
:106360000978521A93FBF2F102FB11338DF83B309E
:106370002B689DF83B201B7813448DF83B301D9B08
:106380000A931C9B09931B9B0893012307930F9B64
:106390000693BDF864300593BDF860300493179BF5
:1063A0000393169B02939DF8543001939DF850304F
:1063B00000939DF83B10DDE90C233046FFF720FFEA
:1063C000124B1B68A0B15CB11A280CBF0222032239
:1063D000002BA7D003EB82035A6A01325A62A1E76D
:1063E000002B9FD01A3818BF012003EB8003A3E7CE
:1063F00034B113B11A6A01321A6200230F9391E784
:10640000002BFAD05A6B01325A63F6E7602F002056
:10641000D81100202DE9F04F97B01D46249BBDF800
:106420008880BDF88C400DF1380A8AE803001646D2
:10643000002B00F0E6809DF83890B9F1000F2DD1C7
:10644000204620F091FA07462046D7B100F046FDDD
:1064500020B36D4B6FF07F021B680592249ACDF834
:106460000880CDE90342219A0192209A0092DC68CB
:106470009AE803002B463246A047002017B0BDE83B
:10648000F08F1FF02BF9042829D00238C3B2012B5A
:1064900004D8B946FFF7CEF8484510D8012D48D1A9
:1064A0005A4B1B6813B11A6C01321A6420AC54F8B1
:1064B000100F20F033FA20461BF094FFDDE748462A
:1064C000FFF7BEF84FF0000B8246504620F0D7F998
:1064D00058451DD8002309F10109002BDAD0249872
:1064E00000211BF0DBFF0028D8D0474B6FF07F0264
:1064F0001B68CDE90402CDE90284219A0192209A19
:106500000092DF68DDE90E012B463246B847C5E749
:10651000594612AB0DF14602504620F0B4F90BF18A
:10652000010B0028D1D1BDF84630A342CDD10123C3
:10653000D1E7F9F79BFE002858D1DDE927B7DDF850
:1065400098A04FF0000921E048460AF07BF90D9031
:10655000D0B10AF081FAB8B1249B0D99CDF81CA0F6
:10656000CDE90543219B0393209BCDF81080CDE915
:1065700008B7CDE9015300960EAB0CCB0846FFF7E8
:10658000A5FE0027BB46BA4609F101090AF054F9F5
:106590004845D9D8F9F76AFE002887D0289B0A9386
:1065A000279B0993269B0893249BCDF81080CDE967
:1065B0000543219B0393209B00960021CDE90153C5
:1065C0000791DDE90E230846FFF71AFE0F4B1B6803
:1065D00080B1002B3FF452AFB0F11A0218BF012274
:1065E00003EB82039A6B01329A6347E70027BB46AD
:1065F000BA46A6E7002B3FF441AF5A6B01325A630B
:106600003CE721203AE700BFD8110020602F00208E
:106610002DE9F041DFF868801C4605460E46D8F8A3
:10662000000017460021142226F07FF8D8F8003029
:1066300084B122781A7062785A70D8F8003077B135
:10664000DF607EB19E6085B15D6000F09BFA002046
:10665000BDE8F081064A117819705278ECE7054AD6
:10666000DA60EEE7044A9A60EDE7044A5A60ECE724
:10667000CC29050061BA0200C7A904000109030082
:10668000D8110020024B14221868002126F04DB8C2
:10669000D81100202DE9F0414FF6FF7398428AB0DF
:1066A000054601D1012422E0C31D9BB2022B78D9FB
:1066B0001FF014F8044600F0B3FBC1071BD54FF6DA
:1066C000FE739D4217D102238DF8023005AA0023E4
:1066D00001A90DF102008DF804308DF81430FAF79D
:1066E000F5F89DF80240012C14BF00240124204637
:1066F0000AB0BDE8F081820707D54FF6FC739D42D2
:1067000003D1FAF7DDF80128EEE7430706D54FF687
:10671000FD739D4202D1FAF7ABF9F4E7224B1B68F7
:106720001BBB012C27D0023CE4B2022C39D800213B
:1067300005A8FAF7EFF9BDF81E30AB42B2D04FF022
:1067400000084446FEF776FF4045D0D9002CCED154
:106750004046FEF775FF26460746384620F08FF87C
:10676000B0420FD808F10108ECE79B69284698472A
:10677000002897D1D5E7284620F0F6F8041E18BF68
:106780000124B4E701AB0DF102023146384620F096
:106790007AF820B9BDF80230AB4208BF01240136B7
:1067A000DBE70024A3E700BF042F00202DE9F04F12
:1067B0009BB00DF14E03049313AB039315AB0293FF
:1067C00014AB019316AC12ABCDE90E210093054634
:1067D0000DF1470322460020FFF748FBDFF85882FF
:1067E000D8F8003060B113B11A6801321A600F98FE
:1067F00020F094F80FA81BF0F5FD1BB0BDE8F08F5A
:1068000013B15A6801325A60874B1B6813BB0223CD
:1068100018AA0DF14B010DF14A008DF84A30BDF870
:106820004C60BDF84E709DF84790FAF74FF89DF810
:106830004A30012B15D14A463946304620F07AF8C5
:10684000431C14D1D8F80030002BD0D0DA680132C4
:10685000DA60CCE794E803005B6898470028D6D05C
:10686000C5E74A463946304620F039F8E8E70230B5
:1068700007D1D8F80030002BB9D01A6901321A615B
:10688000B5E79DF85830012B10D8DDE91412BDF89A
:106890004C30BDF85A0000F08BF938B9D8F8003008
:1068A000002BA4D09A6801329A60A0E794E8030014
:1068B0009DF84730BDF84E700A93149B0B930DF171
:1068C000600B159B0C938BE803000F9B9DF84860B1
:1068D000BDF84C909DF858A00D93384620F044F830
:1068E00058B9484620F040F838B9012E09D8D8F8F0
:1068F000003013B19A6A01329A62002D00F0D580FF
:1069000037E0F9F7DDFF013EF6B2044630B9474BF8
:106910001B68002B45D01B6898470446012C40F0AB
:106920008D80434B1B681B69002B3CD14FF0000846
:106930000DF1600B09F080FF844255D3002D00F06B
:1069400085800D9B8DF860A0CDE905730C9B0393AA
:106950000B9BCDF810900021CDE90163CDE9081122
:106960000A9B009307911AAB13E90C002846FFF726
:10697000ADFC28460AF012F80446002800F0958085
:1069800020F0AFFF002800F090802A4B1D68002DFA
:1069900000F08B800023BDF84C101A462046A84713
:1069A00083E00220B9E738461EF098FE0128BDD1E9
:1069B00038460AF037F801460028B7D00023CDE961
:1069C000083307930D9BCDF81090CDE905730C9B10
:1069D00003930B9BCDE901630A9B00939BE80C009A
:1069E0002846FFF773FC88E7204609F02BFF854215
:1069F000014616D00D9B8DF860A0CDE905730C9B68
:106A000003930B9BCDF81C80CDE90163CDE9088889
:106A10000A9BCDF8109000939BE80C002846FFF7E6
:106A200055FC013486E700BF442F0020642F00206E
:106A3000D8110020302F0020602F0020D8F800301F
:106A400013B15A6A01325A62002D92D102230024F6
:106A50000DF14B020DF14A010DF149008DF849305D
:106A60008DF84A408DF84B40F9F730FF9DF84930DA
:106A7000012B02D0BAF1010F3DD10D9B8DF860A022
:106A8000CDE905730C9B03930B9B0794CDE9016340
:106A9000CDE908440A9B0093CDF810901AAB002171
:106AA00013E90C000846FFF711FCBDF84E001F4C1F
:106AB0001FF05AFF38B31E4B0E9A1B6805920F9AAF
:106AC0000492BDF84E200392BDF84C200292159A14
:106AD0000192149A0092DD689DF847209DF8483095
:106AE000DDE91601A84700230F932368D3B90E9858
:106AF00001F0BCF87BE60D4B1B68002BD5D05A6A21
:106B000001325A62D1E7BDF84C10BDF84E00FFF7D4
:106B1000C1FD0028CFD12368002BE8D0DA6901320B
:106B2000DA61E4E79A6901329A61E0E7602F0020B8
:106B3000D811002010B5084C2368186820B11EF049
:106B40000BFD236800221A6020681022BDE8104067
:106B5000002125F0EABD00BFD411002038B5F9F7B7
:106B600013FCC089064CC00025681EF0F1FC2368A8
:106B700028601A6812B10020586038BD1A20FCE75E
:106B8000D411002070B5094D2B681E680024C3E99C
:106B900001443EB1F9F7F8FBC2892146D2003046E4
:106BA00025F0C3FD2B680122DA6070BDD4110020EE
:106BB0002DE9F0412A4C98462368DB6807460D46CC
:106BC00016460BB9FFF7DEFF23681A68002A2BD0A0
:106BD00026F07F469A6846EAC575002623685968FC
:106BE000B14224D81A689E6802EBC60322F83670B8
:106BF000C3F80250A3F80680F9F7C6FBC3892268E0
:106C0000013B9E4218BF2368556816BF9B6800234E
:106C100001339360F9F7B8FBC38922689D4223686A
:106C20005B6818BF013353600120BDE8F0818AB171
:106C30002368013A196801EBC20331F83210B942F6
:106C400006D1D3F80210A94202D1DB88434505D012
:106C50000136C3E7F9F798FBC289E9E70020E4E7CA
:106C6000D4110020034B1B680BB11B68184702208E
:106C7000704700BF642F0020034B93F86010986D9D
:106C800001F0010120F057BF48140020F8B50B4E69
:106C9000054600240C27F9F777FB90F82620E3B28D
:106CA0009A4201D8002007E0326F7B43D018D35AB4
:106CB000AB4204F10104EED1F8BD00BF481400203E
:106CC000034BD3E91D32125C03EB001120F0F5BE3B
:106CD000481400201FB500B131B90B4B002283F8D6
:106CE0002C2005B05DF804FB6A4622F007FF00285F
:106CF000F7D1054B009A9A6210210122684683F869
:106D00002C2021F0ECFEECE74814002008B53222DC
:106D1000054840F26661F9F77BFA044A136843F0CC
:106D20000103136008BD00BF542F00205C2F00201A
:106D300010B5064C2368DB0703D5054B18681EF019
:106D400017FC236823F00103236010BD5C2F002093
:106D5000542F002013B50C490B6813F0020204D025
:106D600043F004030B6002B010BD084C0192206890
:106D70001EF0FEFB019A40F26661204602B0BDE8BB
:106D80001040F9F745BA00BF5C2F0020542F0020B7
:106D900010B51C4805F0F8FA1B4B1B680BB102F04C
:106DA000E9FA1A4CFEF736FCE06E18B11EF0D4FB7F
:106DB0000023E366206F18B11EF0CEFB002323678B
:106DC000606F18B11EF0C8FB00236367A06F18B195
:106DD0001EF0C2FB0023A367606818B11EF0BCFB65
:106DE00000236360E06808B11EF0B6FB8822074804
:106DF000002125F09AFC064A0023C4F82031536094
:106E000010BD00BF816F0200202F00204814002019
:106E100068150020014B5B681888704748140020F3
:106E2000014B5B681889704748140020F8B50E467E
:106E300030B3164D164BEC6E041B67105F43F9F729
:106E4000A3FAEB6E1C44D4F80650B5F1807F19D23A
:106E50000368B5FBF3F2691CB1FBF3F39A42C4F883
:106E600006100BD16FF07F42AB1A5A425A41384696
:106E700020F087FD08B906B13560F8BD0122F6E7BC
:106E80002120FAE740F20350F7E700BF4814002042
:106E9000C54EECC450B1064BDB6EC0F80610C31AE9
:106EA00004485B100122584320F06BBD212070473D
:106EB00048140020C54EECC4014B186B704700BF4E
:106EC00048140020044B1A6B824283BFDB6E1A22E7
:106ED00002FB0030002070474814002070B50446C3
:106EE0001EF0FCFB012806D1074B1A251A6BD96E40
:106EF00000239A4201D1002070BD05FB0310868853
:106F0000A642F9D00133F4E74814002008B51FF079
:106F1000EAFA034BDB6E1A2202FB003008BD00BF09
:106F200048140020074B1A6B824208D939B1DB6E36
:106F30001A2202FB003083880B800020704721203A
:106F4000704700BF48140020034BDB6EC01A034B90
:106F500040105843704700BF48140020C54EECC491
:106F600040B1054B8180DB6EC01A044B4010584382
:106F700020F050BD2120704748140020C54EECC4BD
:106F80002DE9F0430378032B89B0044620D0062B6B
:106F900026D0012B3BD141880020F9F7EFFA618818
:106FA000002009F07FF802A86588F9F767FDBDF8B1
:106FB0001000A84206D10023CDE900331A46194635
:106FC000F9F76AFD608809B0BDE8F04302F0B6BC8D
:106FD0004379032B1BD009B0BDE8F04323F0CBBCB1
:106FE0004188DFF89C900120F9F7C8FA61880120F8
:106FF00009F058F8B4F802800026D9F830309E42E3
:1070000008D366880024FEF715FB844226D309B016
:10701000BDE8F0833046FFF755FF00270546D5F859
:1070200012309F4206D30027D5F816309F420BD36B
:107030000136E2E73A46002128461FF027FE414686
:107040001FF0EBFB0137EAE73A46012128461FF023
:107050001DFE41461FF0E1FB0137E5E72046FEF744
:10706000EFFA02A905461FF005FB30B9BDF81A304A
:10707000B34202D128461FF0ADFB0134C3E700BF85
:10708000481400202DE9F843144BD0F80A60DC6E58
:10709000D0F81280124B041B64100F465C43B044BE
:1070A0004FF6FF79464501D3002513E03046FEF741
:1070B000C7FA05461FF017FAA04201D00136F1E7E2
:1070C00028461FF06AFA4845F8D128461FF063FAAF
:1070D000B842F3D12846BDE8F88300BF4814002029
:1070E000C54EECC42DE9F843134BD0F80E60DC6EAE
:1070F000D0F81690114B041B64100F4690465C4369
:10710000B1444E4501D3002513E03046FEF798FA0E
:1071100005461FF0E8F9A04201D00136F1E7284604
:107120001FF03BFAB842F8D128461FF034FA404528
:10713000F3D12846BDE8F88348140020C54EECC4BE
:10714000014B986D704700BF48140020014B9865B3
:10715000FFF792BD4814002008B5044B83F8600087
:10716000FFF7F8FDBDE80840FFF786BD4814002092
:10717000014B93F8600070474814002008B51EF0DA
:10718000F9F9054B93F8632012B99B6EC01A08BD3C
:107190004FF0FF30FBE700BF4814002010B5044655
:1071A0001EF0E8F9014B001B986610BD4814002042
:1071B00008B51EF0DFF9014B986608BD48140020A1
:1071C000014B93F86400704748140020F8B5104C48
:1071D00094F86030834206460D46174602D1A36DEF
:1071E0008B4213D00B4B1B680BB19B6A984723F063
:1071F000C2FB94F861303BB9012384F8613084F814
:107200006260E56584F86570FFF7A4FD0020F8BDB5
:1072100048140020042F00202DE9F04F85B0DFF83E
:1072200024810F9F0C46002139608246084616468D
:107230009B468DF80F1005F0C1FAD8F8583098F831
:1072400060909E4205464FF0000135D1B9F1010F23
:107250000CD15CB998F8633043B1224631462046E0
:10726000FFF7B4FF09F0F2F8C7F800900DF10F0135
:10727000504605F069FB9DF80F30012B58D19DF861
:107280003830012B15D1BBF1000F14BF02240324A9
:107290002146504605F0E8FD01233B60BBF1000F9D
:1072A00007D0022C05D1264B1B6813B1DB6A504670
:1072B000984705B0BDE8F08F78B9B9F1000F17D144
:1072C000B4B1F31A012B13D14A463146204601933B
:1072D000FFF77CFF019B3B60C8E7B9F1000F23D1AA
:1072E00024B34A4631462046FFF770FF0123F2E7F8
:1072F00098F86430002BB9D0D8F830309D420BD3C9
:107300003046FFF723FF2046FFF726FF002388F8CB
:107310006430FFF74DFFE9E72846FFF7D3FD002172
:10732000FFF7B8FD0135E7E70D46E5E72546E3E75A
:10733000022BBED1BBF1000FBBD10324A8E700BFD5
:10734000042F00204814002038B50A4B04461D6F56
:10735000F9F71AF890F826300C2202FB03550C3D81
:107360002046A84201D3002003E030F80C3F002B58
:10737000F7D038BD4814002008B5F9F705F890F8A3
:10738000260038B1044B186F03881BB9BDE80840CC
:10739000FFF7DABF08BD00BF48140020004870475F
:1073A0005C14002030B5064C034600F11005186847
:1073B0005968224603C20833AB421446F7D130BDA8
:1073C0005C14002008B5054B186800B18047044BD9
:1073D0009B8C23F4C073184380B208BD502F00204B
:1073E00048140020014B9884704700BF48140020C7
:1073F000044890F82C30002B00F1280008BF002032
:10740000704700BF48140020014B1878704700BF38
:107410004814002010B5044C0429217002D11EF03C
:10742000A9F8A06610BD00BF4814002038B5054675
:107430000C46F8F7A9FFC38AAB4211D9094B9A6FE2
:10744000525D6AB164B1586F00EB051000F1100392
:1074500050F8042B44F8042B9842F9D1002038BD91
:107460002120FCE748140020F8B50D4F05460E46D4
:107470000024F8F789FFC38AA34202D840F20250E1
:107480000BE0BB6F1B5D4BB1786F1022294600EB00
:10749000041025F012F908B93460F8BD0134E8E7AA
:1074A000481400202DE9F0411C4E05460F460024EB
:1074B000F8F76AFFC38AA34202D9B36F1B5D33B9E1
:1074C000F8F762FFC38AA34203D11A2521E00134F1
:1074D000EEE7124E736F4FEA0418284603EB0413CD
:1074E00005F1100250F8041B43F8041B9042F9D137
:1074F000B36F01221A552046FFF7E2FB054658B14B
:10750000706F10220021404425F00FF9B36F002264
:107510001A552846BDE8F0813C60FAE7481400207F
:1075200010B50446F8F730FFC38AA3420AD9064BC8
:107530009A6F135D33B1013313552046BDE81040F7
:10754000FFF7BEBB212010BD4814002010B5044633
:10755000F8F71AFFC38AA3420AD9064B9A6F135D44
:1075600033B1013B13552046BDE81040FFF7A8BBDF
:10757000212010BD481400202DE9F04F674B1B68F7
:1075800091B0002B50D098471FF012FC07A9039030
:10759000002007F019FA0446002845D1DFF8888159
:1075A00088F800031DF0F9FF4FF6FF73C8E9C20128
:1075B000ADF816301FF095FC00283FD0584F3B68BF
:1075C000002B34D01B68984706463D68B6F1000A88
:1075D00018BF4FF0010AADB36B68984750EA01033A
:1075E0000546894608D07EB33B6813B39B680DF10E
:1075F000160098474FF0010A00270297079BA34205
:1076000024D8029BC8F8FC3298F80033C8F8F87206
:10761000C8E9C45933B9029B3D4343EA090955EA15
:10762000090301D0FFF796FB11B0BDE8F08F2646A5
:10763000CBE74FF6FF73ADF81630DBE7A2462546E1
:10764000A146D9E7A946D7E7B246D5E71F230020D0
:107650000DF11A022146ADF818308DF8140007F02C
:10766000E5F9002853D1BDF81A0005A9F9F7AAF8E1
:1076700000284CD19DF81460039B8DF81500012E55
:1076800014BF9B464FF0010B13D0BDF81A000DF14B
:10769000150100F0DFFD002839D19DF81530012BD0
:1076A00037D0BBF1020F4FF0010602D188F800631A
:1076B0005E469DF81530012B03D09DF81430012B48
:1076C00004D12046FAF73EFE07460291BBF1FF0FB8
:1076D0000BD11FF006FCD0B1BAF1000F17D0BDF8E6
:1076E0001630A34213D10226B34606ABBDF81A20CA
:1076F0000093062108AB5846FBF78CF8094B00961F
:107700001E68BDF81820002308A92046B0470134A0
:1077100074E702264FF0030BCBE700BF142F0020C5
:10772000682F0020242F0020481400202DE9F34169
:107730007E4C94F86130002B00F09B8094F862300E
:1077400053B903F07DF80546002840F0928094F884
:107750006230002B00F08980E06DFFF7F7FC94F8B1
:10776000623084F86030002584F86150FFF720FD16
:10777000FFF782FA94F86010A06DF6F715FE94F802
:1077800065301BB11DF0BCFF84F8655094F8613082
:10779000002B40F0858094F86030012B40F082800F
:1077A000FFF7ECFCC0F5A82505F5C0651DF0F5FE5A
:1077B000D4E9BE3253EA020C06460F4605D0984281
:1077C00071EB020C70D3FAF7D7FDD4E9C40150EA8B
:1077D000010300F08880864277EB010374D31FF029
:1077E0008EFB4FF00108D4E9C201301A67EB0101AA
:1077F0001DF0D5FE94F800334BB14D4A904275D838
:10780000C0F5122000F5F860854228BF0546D4E98E
:107810002001301A67EB01011DF0C1FE454B984273
:1078200066D9C4E920671DF0DEFE434CD4E90201AD
:1078300050EA010373D0864277EB010360D32368DB
:1078400023B13E49002201A801F0C6FD3A481022AA
:10785000002124F06AFFFFF78FFE63E02846FFF760
:1078600031FB0021FFF716FB0135236B9D42F5D359
:1078700075E794F86030012B88D1FFF77FFC304B1F
:10788000984283D902F0DCFF00287FF47FAF94F8A0
:107890006320002A7FF47AAFA16DFFF797FC75E7AC
:1078A000322583E7274D81E7181A62EB01011DF0AD
:1078B00076FEA84289D8D4E9BE01801B61EB07019E
:1078C0001DF06DFE054680E7801B61EB07011DF092
:1078D00066FEA84207D8D4E9C401801B61EB07010A
:1078E0001DF05DFE05464FF000087CE798468EE7E8
:1078F000C0F5132000F6A970854228BF054694E71D
:10790000801B61EB07011DF04AFEA84207D8D4E9AD
:107910000201801B61EB07011DF041FE0546B8F135
:10792000000F98D1284602B0BDE8F081481400202D
:10793000BF270900A83F090038140020597A020027
:1079400000460500FFFFE703F0B53B4D3B482B68C1
:1079500093B043F0020301AE2B60324600230133A3
:10796000112B42F8040BFAD140F26663994260D1C0
:1079700007F054FF0190FFF7D9FE029008F06EFD6A
:10798000039003F0D5FA049009F010FC0590FEF77F
:1079900093F80690FBF77CF8294B07901B68002BA7
:1079A00041D01B689847274B08901B68002B3CD0A0
:1079B0009B689847099008F0AFF80A9001F0AAFF79
:1079C000214B0B901B68002B31D098470C240C9056
:1079D0001E4B1B683BB1984712AB671C03EB84043A
:1079E00044F8440C3C461A4A002356F8041B013361
:1079F0008A4228BF0A469C42F7D12B68154859078E
:107A000044BF23F004032B602B6858BF013223F0DE
:107A1000020348BF002240F266612B6013B0BDE84C
:107A2000F040F8F7F5BB0548BDE70448C2E70B2472
:107A3000CEE713B0F0BD00BF5C2F0020FFFFE703CF
:107A4000442F0020042F00200C2F0020582F00204E
:107A5000FEFFE703542F002073B50C46019001F0A0
:107A60005FFCE8B10198214601F04EFCF8F728FFD1
:107A7000012817D11349002201A801F0ADFC7CB9FF
:107A8000114E30601DF089FD04460A200D461DF0A0
:107A900096FD201845EB0101C6E902011EF008F829
:107AA00002B070BDF8F70CFF0028F9D1002CF7D117
:107AB000FFF762FD054B1B68002BF1D0204698476D
:107AC000EEE700BF597A020038140020202F002072
:107AD000012857B504460DD0022809D0F8B9FFF7A0
:107AE0004BFD1FF035F9A8B90E4B1C6894B1A047A7
:107AF00000240FE001F022FC024670B90A4901A8F7
:107B000001F06AFC0446074B1B680BB10120984743
:107B1000FFF732FD204603B050BD0024F3E72124D7
:107B2000F8E700BF202F0020597A0200024B93F89B
:107B30004000C0F34000704748140020064A034646
:107B4000106810B182680AB91046704702789A42EC
:107B5000FBD00C30F5E700BF482F00200B4B1A6814
:107B60000146002032B90B0603D510F0800F08BF84
:107B7000802070479368002BF5D013788B4203D890
:107B8000834238BF0346D8B20C32EBE7482F0020BF
:107B900038B50346154609B9212038BD00240C60CC
:107BA00078B1802814D00E4B1B68002BF4D0FFF75F
:107BB000C5FF0028F0D0836842680B602A606BB96B
:107BC000EAE7084A5068926808602A601846E4E7C5
:107BD000054B1B680B60054B1B6813602046DCE7F8
:107BE000482F00204814002004100020D4D804009E
:107BF000064A0346106810B182680AB910467047F9
:107C000002789A42FBD00C30F5E700BF4C2F0020E1
:107C100038B5154609B9212038BD00240C60146020
:107C200078B1802814D00F4B1B68002BF3D0FFF7DE
:107C3000DFFF0028EFD0836842680B602A602BB911
:107C4000E9E7094AD068126908602A600020E3E782
:107C50002046FFF7CDFF0028F8D083680B6043680B
:107C60002B60F3E74C2F002048140020034B93F9BE
:107C7000F4228242B8BF83F8F4027047481400200F
:107C80002DE9F0414FF00008C1F8008005460E468E
:107C900022F05FFC072828600ED8124B124F19689B
:107CA000386822F064FC044620B1C5F80080204604
:107CB000BDE8F0813B682B6028681DF049FC014657
:107CC000306010B928601A24F1E7284622F045FCFC
:107CD00004460028EBD030681DF03EFC00233360E2
:107CE0002B60E4E704100020D4D804002DE9F04F05
:107CF000B74D802391B085F8F4320023CDE90333EA
:107D0000CDE905332B7804460E46002B40F048821F
:107D1000F8F73AFB90F824001A2358431DF018FC9A
:107D2000E866002800F03A82F8F72EFBC08A0001CE
:107D30001DF00EFC6867002800F03082F8F724FB85
:107D400090F8260000EB400080001DF001FC286741
:107D5000002800F02382F8F717FBC08A1DF0F8FB1B
:107D6000A867002800F01A82234605F1340704F1C1
:107D7000200C186859683A4603C208336345174611
:107D8000F7D1002385F8543033702069FFF70AFBE0
:107D9000904B1B681BB92124FEF7FAFFD6E18E4BEE
:107DA0001B68072BF7D904A903A8FFF769FF04464E
:107DB000002840F0CB8106A905A81FF04CF8044626
:107DC000002840F0C381069BDDF810C00398EB60EB
:107DD000059B2B61C5F804C0A860274626460A23E8
:107DE0004FF0020998423AD8F8F7CEFA90F82430CA
:107DF000B342D0D3F8F7C8FA90F82530BB42CAD3C3
:107E0000EB6E2E6300271F60D5F808C0DDF810E088
:107E1000EB6E0A203E464FF00208844536D8F8F74C
:107E2000B3FAB0F81680686F4FEA0812002124F008
:107E30007CFCA86F4246002124F077FC08A81FF0C4
:107E400004FE002800F0A880089B984542D94046CF
:107E500001F0C0FC064600283CD034469CE7A0EB6D
:107E60000308B8F1030F96D90CEB03018A7891F857
:107E700003E0911C19FB0E11B8EB410F4FEA410AC8
:107E800089D37244534417440136ABE70EEB00022A
:107E90001A601E715E719178D278C3F81210C3F81F
:107EA0000A700F440231C3F81620C3F80E7017444D
:107EB00018FB021200EB42001A33AEE7D5E91D129F
:107EC0002046224401EB04111FF0CEFD0646002897
:107ED000C3D10134DDF820904C45EFD3C84551D8CB
:107EE000D5E901123846FDF7E9FB044600287FF486
:107EF00053AF02A906F068FD06460028ADD1029BEB
:107F0000002B14BF04210121FFF784FA85F860607B
:107F1000AE651FF0F6FD00284FD03049A1F10800F2
:107F20001FF0F2FD044600287FF436AF2F6BF8F700
:107F30002BFA0168019107A81FF0FFFC01990028A6
:107F40004ED1384601F002FC044600287FF424AFED
:107F50004FF01A098046A7425AD0EB6E09FB043352
:107F6000012283F8068083F8078083F8088083F86D
:107F70000980002120461FF004FD002840F01281F6
:107F80000134E8E74846FEF79BFE064600287FF4EA
:107F900064AF09F10109A1E7404601F00DFC064676
:107FA00000287FF45AAFB0459AD93046FEF788FED4
:107FB000002840F0F9800136F5E701F017FC04468F
:107FC00000287FF4E9AE01461FF0B5FDAAE700BF27
:107FD0004814002004100020D4D80400A814002065
:107FE000079B9F4238462AD901F0C0FB044600286F
:107FF0007FF4D2AE4FF000084FF0010ADDF81CB05C
:10800000D8451FD34FF01A094FF000085F454DD8EF
:1080100007A81FF0D9FC00285FD1384601F0B4FB57
:10802000044600287FF4B8AEA74263D00021204662
:108030001FF0F0FC002840F0B5800134F4E701F0B7
:1080400085FBD3E7002308A9404608931FF081FC75
:10805000044600287FF4A0AEE96E08981A2303FBBB
:1080600008F319449946C1F80600F8F78DF9E96E4E
:1080700003680193494408F10108D1F806B0F8F704
:1080800083F9E96E019A01EB090301688B445142BF
:108090000BEA0101B1F1807F31BFC3F806109C717A
:1080A000DC711C7228BF83F809A0A7E7EB6E09FBFF
:1080B0000B33012283F8068083F8078083F8088059
:1080C00083F80980002158461FF05BFC0446002815
:1080D0007FF462AE0BF1010B98E7079B9F4239D802
:1080E0004FF000094FF01A0ADDF81C80464538D3DE
:1080F000474548D82D4804F03BF9044600287FF452
:108100004BAE21461A2209A8089424F00EFB1E212A
:1081100008A81EF00CFE48B99DF8203033B108A81D
:1081200024F038FB014608A8FEF7D4FD204E336842
:1081300063B101F00BF92B78042B07D1F8F7C0FBE2
:108140000128336894BF012000209847204611B0D1
:10815000BDE8F08F384601F023FB04460028BFD06D
:108160001AE608A93046ADF820901FF03AFC044604
:1081700000287FF411AEEB6EBDF820200AFB063319
:1081800001369A80B0E7002140461FF043FC0446C8
:1081900000287FF401AE08F10108A9E71A24FBE5E5
:1081A0000224D3E70446F7E5064656E6816F02004F
:1081B000202F002008B5054B1968054B186822F0E0
:1081C000D6F9F6F775F9002008BD00BF04100020AD
:1081D000D4D80400014BD3F8900270474814002013
:1081E000014BC3F89002704748140020014BD3F8AC
:1081F0009402704748140020014BC3F89402704762
:1082000048140020014BD3F8EC02704748140020BA
:10821000014BC3F8EC02704748140020014BD3F81F
:108220004002704748140020014BC3F840027047D9
:1082300048140020014BD3F8E80070474814002090
:10824000034B1B680BB19B6818470220704700BFA7
:10825000642F0020044B1B680A460BB15B6818476B
:108260000221117018467047642F002030B58DB080
:10827000D0F80D30069300240B2306AA05468DF88E
:108280001D308DF81E100723214620468DF81C4016
:108290001AF095FA05901EF061FE064B059ACDE99D
:1082A0000043CDE902542346292107F001FA0DB01D
:1082B00030BD00BF8D70040070B506460D46FFF757
:1082C00089FF044620B910201DF042F9044668B128
:1082D000F8F75AF890F8283003EB4303C3EBC300D8
:1082E0001DF036F9206018B91EF025FE1A2007E0AF
:1082F000044BE3602046C4E90165FFF771FF0020ED
:1083000070BD00BF1400200000487047D82605004B
:1083100070B5064610461FF08AF8044670B1084B47
:10832000084A01211830FCF7ABFB054618B120467E
:108330001FF0C3F800243460284670BD1A25FBE7FF
:10834000C57504002D75040000487047002705001E
:10835000024B186800B10047704700BF282F00206B
:1083600000B50C4B1B688FB05BB169B180228DF8F2
:10837000002093F83420084B019053F822306846CF
:1083800098470FB05DF804FB81218DF800100D9225
:10839000EFE700BF702F0020F427050038B5154C1B
:1083A000236833B30021084693F84951FCF786FE51
:1083B000206800F59C7021F014FB20680C3021F03F
:1083C000AEFC2068103021F0AAFC23684FF4A8729C
:1083D0001846002124F0A9F91DF0BEF800232360FF
:1083E0003DB92846F7F772F92846BDE83840F7F757
:1083F000E1BB38BD702F002070B50378802B044698
:1084000017D0812B3FD1204B1A68436811689942DD
:1084100002D05268934236D1002008F053F91B4B2A
:108420001B684FF4A2605B689847BDE87040FFF797
:10843000B5BF154D002008F045F92B686168186834
:108440009960002281421A6015D1114B1A602B6885
:10845000002258685A606368984210D10C4B012280
:108460001A602B68022283F83420084B1B68BDE891
:1084700070401B681847012109F0E2F8E7E7012185
:1084800009F0DEF8EDE770BD702F00206C2F0020A2
:10849000E811002038B50F4D2B680446986810B1DC
:1084A000214622F038FD2B6893F849310BB104F0D6
:1084B0001DFF54B9084B1B6820465D6809F036F96A
:1084C000A847BDE83840FFF769BF2B680B2283F847
:1084D000342038BD702F00206C2F002010B5144CB4
:1084E00090B02368019133B108461AF023F938B9E6
:1084F0000220FFF7CFFF01A819F074FF10B010BDE4
:10850000019B9A791A44127B12F0C00FF0D10D2A08
:1085100001D90120EDE7039323688DF8082093F833
:108520003420044B02A853F822309847E3E700BFF9
:10853000702F0020F427050030B50378802B85B01C
:1085400004460BD006D8022B0ED0092B00F08980F0
:10855000032004E0812BFBD1002000E0072005B0C0
:10856000BDE83040FFF796BF40681AF0E3F80628F0
:1085700004D00220FFF78EFF05B030BD61680123F3
:10858000052202A819F024FF3A4A9DF808109389A1
:108590009DF80A000B4113F0010F04D014789DF8E8
:1085A000093044B94BB151EA0003E2D1937A002B70
:1085B000DFD10720DEE7012BF5D80328F3D8DFE869
:1085C00000F0022D3144937A002B50D09DF80B20FF
:1085D0009DF80C301343CCD100210846FCF76EFD0A
:1085E000254B02981C689DF80C3084F84530042314
:1085F00084F83430214BC4F841001B68DD69002D3C
:10860000BAD094F8443094F8432094F8421094F887
:10861000410094F845400094A847ADE75378DB0744
:10862000A7D5D3E79478002CA3D09DF80C305D1E1D
:10863000072D9ED89C429CD393889DF80B402341E4
:1086400003F00103002BC7D1ADE79479002C90D043
:108650009DF80C305D1E072D8BD89C4289D3138961
:10866000EBE7406805B0BDE830401EF0CFBF002901
:108670009FD07EE716130020702F00206C2F002063
:1086800070B505780C2D92B0044611D006D8092D8E
:108690007CD00A2D15D0B5B1032004E0802D28D060
:1086A000812DF9D1002012B0BDE87040FFF7F2BE75
:1086B000394B1B68002B67D0606812B0BDE8704072
:1086C0001847364BF5E740681AF034F8022801D015
:1086D0000220E8E7324E6168306801231A463530DF
:1086E00019F076FE3368284693F83510FCF7E6FC5F
:1086F00008B10720D7E73368032283F83420012329
:108700008DF80430FEF7D8FB264B8DF805009989CB
:108710004ABAADF806205A7822F002008DF8090016
:10872000987A28B9022904BF42F002028DF8092084
:108730001A788DF808209A788DF80A209A8852BA0B
:10874000ADF80B209A791B898DF80D205BBAADF836
:108750000E303368DDF80520C3F83620DDF8092037
:10876000C3F83A20BDF80D20DA879DF80F2083F872
:10877000402098680C2201A908F068FF1A2801D14E
:10878000052090E70028B4D112B070BD406812B047
:10879000BDE870401EF03ABF782F0020742F0020F3
:1087A000702F0020161300202DE9F04F0378802B46
:1087B000A9B004460BD006D8072B0ED0092B00F029
:1087C000BF80032004E0812BFBD1002000E00720C4
:1087D00029B0BDE8F04FFFF75DBE406819F0AAFF71
:1087E000222801D00220F3E76168594C012321229D
:1087F0000EA819F0EDFDDDF85100DDF855100AABBB
:1088000003C30AAB2068059308220023CDE9033295
:10881000029317AE19230193009600F59E710EAADC
:10882000D0F8380121F02BFA002840F08F8096E82C
:108830000F0006AD85E80F000DF16F001EF0C9F8BE
:1088400081462068BDF873A0BDF86C709DF86EB0CD
:1088500000F59C7021F0C5F820689AFA9AFA0D216B
:1088600000F59E701FFA8AF820F039F940461CF096
:1088700035FF012803D00820FFF70CFE5DE0FEF76E
:108880001BFB08F1FF33184480B21CF027FF0128BE
:10889000F1D1236893F849217FBABFB2E2B193F8CE
:1088A0004A31012B05D11EF0E2F940450AD10920D9
:1088B000E2E71EF0DCF94045F9D1236893F84A312C
:1088C000012BF0D0FEF73CFC4845F0D12946384654
:1088D00021F05FFA0028EAD120681E4BA0F84CA1D5
:1088E0001B68CDF80090CDE9018B00F22711D3F879
:1088F00008802A463B461430C04708B10720BBE732
:1089000020682021143020F0EAF82068102100F2BD
:10891000271020F0E4F81021284620F0E0F8236822
:108920000A2283F8342008228DF85C2098680122FE
:10893000314608F08BFE0028E0D129B0BDE8F08F69
:10894000406829B0BDE8F04F1EF060BE062093E7F6
:10895000702F00206C2F002070B5554C2368054601
:1089600086B093F8410022F0A4FB2B78802B0646BA
:108970007DD006D8062B0CD0092B00F09280032066
:1089800002E0812BFBD1002006B0BDE87040FFF76C
:1089900081BD686819F0CEFE0136B04201D00220D8
:1089A000F2E720686A6800F20711012390F841009D
:1089B00022F08CFB206800F19603049300F146033B
:1089C000039300F20713029300F114030193C368A9
:1089D0000093036900F1410200F13601353022F0C5
:1089E000CBFA08B90420CFE720680121353020F008
:1089F00076F820680B21363020F071F820681021BD
:108A0000463020F06CF820682021963020F067F87E
:108A100020680C3021F083F92068103021F07FF9B4
:108A20002168092381F8343001F2271391F84100BD
:108A3000039301F59E73029301F59C73019301F179
:108A4000E703009301F1B70201F20713143122F09A
:108A5000C4FA08B1052097E7236893F84110986895
:108A600003F1E70222F03EFB1A28F3D008B10720F9
:108A70008AE720680521413020F031F82068302154
:108A8000B73020F02CF820682021E73020F027F8BC
:108A90002068202100F2071006B0BDE8704020F0E9
:108AA0001EB8686806B0BDE870401EF0AFBD00BFDC
:108AB000702F002010B50378812B92B023D005D8F9
:108AC000092B29D0802B21D0032020E0F02BFBD1D3
:108AD000154B1B68021D03F14601343052F8044B5C
:108AE00041F8044B8242F9D1042207248DF8042076
:108AF000986883F83440012201A908F0A7FD1A28DC
:108B000003D1052003E0002001E058B1072012B096
:108B1000BDE81040FFF7BEBC406812B0BDE8104091
:108B20001EF074BD12B010BD702F002010B51E4C89
:108B3000206886B000F1B703059300F17603049333
:108B400000F14603039300F1E703029300F11403DD
:108B50000193C3680093036900F1410200F13601FB
:108B6000353022F0EAF928B1072006B0BDE8104000
:108B7000FFF790BC2368082293F8411083F8342053
:108B8000986803F1760222F0D3FA1A28014601D13F
:108B90000520EAE70028E7D120682022763006B0D9
:108BA000BDE8104023F0C1BD702F002010B50D4C62
:108BB0002368A0B069461869402221F0CCF82368E8
:108BC00040220DEB0201D86821F0C5F840220DEBE0
:108BD0000201684623F071FDB0FA80F0400920B030
:108BE00010BD00BF702F002070B50378802BA4B09B
:108BF00004460BD006D8032B0ED0092B00F00281BF
:108C0000032004E0812BFBD1002000E0072024B0EA
:108C1000BDE87040FFF73EBC406819F08BFD41286D
:108C200001D00220F3E761684022012303A819F074
:108C3000CFFB7949402203A823F03FFDB0B177492B
:108C4000402203A823F039FD80B17549402203A8D2
:108C500023F033FD50B1734C23680022103303A975
:108C6000104621F04DF828B1072011E00720FFF74A
:108C700011FCF9E7206890F84230002B49D16A4D89
:108C800021682B680C31DB680020984718B105205B
:108C9000FFF700FC57E0FFF789FF0028F0D12368B9
:108CA00093F84210186903F1140200293BD10146E0
:108CB000D86821F060F80028D6D1236893F84220C4
:108CC000AAB903228DF84C20D86840220DF14D013D
:108CD00021F041F8002840F09B80236841229868E9
:108CE00013A908F0B3FC1A28D1D00028BCD12368FE
:108CF00093F8410003F1E70122F0E0F90028B3D135
:108D0000206890F84330032B1DD8DFE803F0101ED5
:108D1000426F0C3021F055F80028A5D1FFF746FF2F
:108D20000028BCD0A0E7114621F049F8C3E7002392
:108D300000F1460190F841001A4622F027FA236814
:108D4000072283F8342024B070BD90F8410022F04F
:108D5000A7F9431E1F2B014686D813A821F034F82B
:108D600038B92568034613AA95F8410005F1460174
:108D7000E3E740F2025398427FF476AF236806227D
:108D800083F83420284B1B689B6998470028DAD069
:108D90006AE790F8410022F083F9054600283FF485
:108DA00063AF236893F8452093F84410009013AB09
:108DB000012008F0F3FB034600287FF455AF266836
:108DC00013AA96F8410006F1460122F0DFF9206867
:108DD000072380F83430144B90F845101B6890F846
:108DE00044001C6913AA2B46A047CFE7052380F84F
:108DF00034300D4B90F845101B6890F844005B69C7
:108E00009847C3E7406824B0BDE870401EF0FEBB41
:108E10001A283FF43CAF27E728270500AA270500BA
:108E200069270500702F00206C2F002070B5114EAF
:108E30003368054693F8410022F075F904466868E6
:108E400019F078FC0134A04205D00220FFF722FB84
:108E500040F2034070BD30686A68012300F196015A
:108E600090F8410022F086F93368012283F8B62099
:108E70000020EFE7702F002008B50278802A0AD082
:108E800005D8052A0CD0092A17D0032004E0812A2E
:108E9000FBD1002000E00720BDE80840FFF7FABA48
:108EA000094B1B6893F8B630002BEED1FFF7BEFFDD
:108EB00040B9BDE80840FFF739BEBDE8084040684A
:108EC0001EF0A4BB08BD00BF702F002010B40278B4
:108ED000802A03461DD005D8052A27D0092A2FD07D
:108EE000032017E0812A19D0F02AF9D1174A126815
:108EF000011D343302F1460051F8044B40F8044B95
:108F00009942F9D192F8B63053B15DF8044BFFF7AE
:108F10000DBE07205DF8044BFFF7BCBA0020F9E74F
:108F2000072382F834305DF8044B7047074B1B6809
:108F300093F8B630002BD3D15DF8044BFFF776BF22
:108F400040685DF8044B1EF061BB00BF702F00202D
:108F500030B50378802B8DB009D0812B0DD0092B33
:108F60004DD140680DB0BDE830401EF04FBB07202A
:108F70000DB0BDE83040FFF78DBA406B00283AD104
:108F8000204B1B685B689847FFF708FAF7F798FCD7
:108F900001282ED81C4B1B685BB31F22ADF80E2096
:108FA00000209847194B01201B689847014600BBD9
:108FB000174B1D68012D1CD103AA05F037FDC0B960
:108FC000144B28461B689847044690B90DF10E03D0
:108FD000BDF80C200093062104AB2846F9F71AFCD3
:108FE0000D4B00951D68BDF80E203C2304A92046BA
:108FF000A8470DB030BD0720FFF74CFAC4E70320A7
:10900000B6E700BF6C2F0020182F0020202F002073
:10901000E8110020102F0020242F0020024B186898
:1090200008B190F849017047702F0020094B1B6868
:1090300002466BB193F8490138B193F84A110129FE
:1090400005D1B3F84C31138070470346FBE700238A
:109050001846F8E7702F0020064B1B6843B193F8C1
:10906000490130B193F84A01831E58425841704774
:1090700018467047702F0020F0B51646314A85B06B
:1090800004460D46D2F84100D2F845101F4602AB07
:1090900003C314B9212005B0F0BD237833F00102D9
:1090A000F8D1D90708D501A8019220F08AFE00283E
:1090B000F1D101A820F033FE627812F0FC0FE9D163
:1090C000A0780828E6D8A38823F01F03002BE1D15D
:1090D000A1790829DED8238923F00F03002BD9D1E9
:1090E000002DD7D02B68002BD4D06B68002BD1D0AB
:1090F000AB68002BCED010B12B69002BCAD011B1B8
:109100006B69002BC6D0D30702D5AB69002BC1D049
:109110000D4B0E491D6004F10C030D4654F8042B51
:1091200041F8042B9C42F9D123880B80AB8913B9F9
:109130001CF0CBFCA8813A4602A9304608F0AEFAF2
:10914000A9E700BFAA2705006C2F002016130020F6
:1091500038B5084B084D094800240E2221461C60F2
:1091600023F0E3FA08F0D0FA286810B11CF0F4F903
:109170002C6038BD6C2F0020702F002016130020AB
:1091800010B50446E0B143680BB102681A6022686A
:1091900002B153600B4BA07D1A68A24204BF626803
:1091A0001A6008B107F084FBE37D6FF38203E37577
:1091B000DB0705D5A06918B11CF0CEF90023A36127
:1091C00010BD00BF842F002038B5134B1C680D461E
:1091D00004B938BD2369984215D12A1EE37D18BF12
:1091E000012262F34103E375DB070ED4A3681BB1D0
:1091F000E268294620469847002DEAD12046BDE87E
:109200003840FFF7BDBF6468E2E7002DEED0A07DD7
:1092100007F0CAF9EAE700BF842F00202DE9F843E0
:109220000E461746314C0546F7F7AEF8216890F820
:109230002A20002324209A424BD900FB03F801EB9B
:10924000080C9CF817C01CF0040F46D185BB24689D
:10925000444445F00405E37D94F8202005F007051B
:1092600023F007032B43E3756FF30002002513F08F
:109270000103C4E9026784F8202065842FD0F7F742
:1092800083F890F82320A0695200294623F04DFA74
:10929000174A1368636003B11C6004F1160120468D
:1092A000146007F0D9FAA8B12046FFF769FF10E073
:1092B000F7F76AF890F823002368400003EB0809E9
:1092C0001CF048F92368C9F8180043449B69002B37
:1092D000BDD100242046BDE8F8830133ABE7227FEF
:1092E000A36163F300022277D2E700BF882F00203A
:1092F000842F0020024B1860024B1960704700BF9A
:109300007C2F0020802F0020034B1B6813B1034AE1
:1093100012681847704700BF7C2F0020802F002064
:10932000054B1B680BB918467047834201D05B6838
:10933000F8E70120704700BF842F0020024B186817
:10934000003818BF01207047842F002008B5F7F7B8
:109350001BF890F82A0000EBC00080001CF0F8F821
:10936000034B002818600CBF1A20002008BD00BF66
:10937000882F00202DE9F843154D2C689CB9154D18
:109380002B6873B1F7F700F890F82A704FF02408B3
:10939000A146A74228680AD118B11CF0DDF80023C5
:1093A0002B60BDE8F8832046FFF7EAFEE5E708FBFF
:1093B00004F63044C37DDB0707D5806928B11CF073
:1093C000CBF82B683344C3F818900134E1E700BFB1
:1093D000842F0020882F002070B506460120FFF75B
:1093E0001DFF044670B1084B084A00211030FBF7FE
:1093F00047FB054608B9346004462046FFF7C0FE27
:10940000284670BD1A25FBE711940200C99102009D
:109410002DE9F041984B90B01C6807922CB907A831
:1094200018F0E0FF10B0BDE8F0812369984200F029
:1094300015816468F2E70799204607F0C7FA002310
:109440000793ECE7002207986FF07F03114606F0C0
:109450006FFEF4E7E37D079913F0010F0DF1260588
:1094600009A80CAA0BAF0DF1210300F0A280CDE9F1
:109470000305CDE9017200930EAA08AB03200A91FF
:10948000FCF7F4FC0546002859D10A9819F052F966
:1094900087B206460FB9212551E09DF82050012DD5
:1094A000F9D19DF82130002BF5D1BDF82630002BE5
:1094B000F1D1FDF745FE0B9B0C9ABDF82410A3EBF0
:1094C000000CDCF1000040EB0C0000F0ABFB0346AD
:1094D00000286BD12A460A990DF1220018F078FF76
:1094E0009DF82250012D38D0022D4AD0002DD2D126
:1094F000022FD0D101230A991A460DF1230018F04A
:1095000067FF9DF823100129C5D800231A4620467D
:109510001EF043F903238DF8343094F82030BDF861
:109520003A10C3F300038DF83530638C5BBAADF8A5
:1095300036300DAA042320461EF0CEF805460AA8B0
:1095400018F050FF002D7FF47AAFA38A002B7FF430
:1095500076AFBDF82430A38271E7F2079BD5ABB29A
:109560009F42D7D92B460A9902220DA818F030FF46
:10957000BDF8341049BA89B220461EF062F80235AF
:10958000EDE7F30787D50125ABB29F42C2D92B4641
:109590000A9902220DA818F01BFFBDF8341049BA31
:1095A00089B220461EF073F80235EDE740F203451C
:1095B000C5E7CDE903050DA8CDE901200DF1220293
:1095C000009203200EAA0B91FCF750FC054628B927
:1095D0000B9819F0AFF886B216B921253846AFE7D7
:1095E0009DF82180B8F1010FF7D19DF82230002BB2
:1095F000F3D1BDF82630002BEFD142460B992B4614
:109600000DF1230018F0E4FE9DF82320032AE4D195
:10961000042EE2D10B9943460AA818F0D9FE9DF812
:109620002820012ADAD894F8203062F3000384F865
:109630002030BDF829305BBA6384237F65F30003D3
:109640002377A369002BC9D0002120469847002327
:10965000A361C3E720461EF012F9E0E60329F9D81A
:1096600001A353F821F000BF379402004594020093
:10967000559402001F940200842F002038B5084B37
:109680001C6805460CB9204638BD10222946201D0D
:1096900023F013F80028F6D0D4F82640F2E700BFF4
:1096A0008C2F00200A4B1B6813B940F20250704700
:1096B0001A88824209D11A1D143352F8040B41F85A
:1096C000040B9A42F9D100207047D3F82630EBE71B
:1096D0008C2F0020014B1888704700BF6A31002092
:1096E00038B5064D35F8103004461BB920F0D5FCCE
:1096F00025F8140035F8140038BD00BF6C31002087
:1097000008B526220021044823F00FF805F0D4FB09
:10971000024B00221A7008BD6C3100201D3B002056
:1097200010B5084C23780BB1FFF7EAFF0648262254
:10973000002122F0FAFF01232370BDE8104005F05C
:10974000B1BB00BF1D3B00206C31002038B5044682
:10975000054D0B46002003222146288020F0ABFD5A
:1097600000B92C8038BD00BF6C310020054A10B410
:10977000002414800B460322014620465DF8044B6A
:1097800020F086BE6C310020044B00225A81012358
:1097900000FA03F21946052020F08DBD6C3100203F
:1097A000044B00225A81012300FA03F219460520D6
:1097B00020F06EBE6C310020054B0021198230B1C3
:1097C000012300EB00121946082020F074BD7047F9
:1097D0006C310020044B00221A82012300EB00129E
:1097E0001946082020F054BE6C310020044B0022A2
:1097F0005A80012305221946184620F05CBD00BF9F
:109800006C310020044B00225A8201231022194699
:10981000092020F050BD00BF6C31002070B5054616
:10982000F6F7B2FD4489F6F7AFFD8389053403EB03
:10983000430303EB4404F6F7A7FD438905335E00B9
:10984000F6F7A2FD838903EB430333449C4214D80B
:109850000B4B00229A80F6F797FD4489F6F794FDAA
:1098600082890534640002EB420222442946012326
:10987000BDE87040022020F01EBD1A2070BD00BF60
:109880006C31002013B50B4B019000229A80F6F743
:109890007BFD4489F6F778FD8289019905346400DF
:1098A00002EB420201232244022002B0BDE8104034
:1098B00020F0EEBD6C31002010B5F6F765FDC388D1
:1098C0000433142B0AD8064B0022DA800123BDE8AA
:1098D000104028221946032020F0EDBC1A2010BDAC
:1098E0006C310020044B00221A810146012318220A
:1098F000042020F0E0BC00BF6C310020044B0022AB
:109900001A81014601231822042020F0C1BD00BFA6
:109910006C310020034B1B680BB11B6818470248D1
:10992000704700BF902F0020FFFFE703024B1B682A
:109930000BB15B6818477047902F0020024B1B68E3
:109940000BB19B6818477047902F0020104B1B6885
:109950005A6830B5511E0446B2B11D680022531832
:10996000580800EB0013EB5AC3F30E039C420DD0D2
:109970008A4209D09C4203D2824205D0411EEEE7C2
:10998000814201D0421CEAE74FF0FF3030BD00BFFA
:10999000E0110020F7B5074608461C461646FFF7BB
:1099A000D5FF431C05462AD0FDF7CAFB01460FB977
:1099B00000B1411E68461DF00FF8314601A81DF0A8
:1099C0001BF8124B12491B681F6805EB05157E1921
:1099D00009360722304622F070FE18B901232360B1
:1099E00003B0F0BD07223146684622F066FE2060D3
:1099F00038B97A5BD20B06D04FF0FF33EFE7212066
:109A0000EEE70020ECE71046EAE700BFE011002097
:109A100024280500F0B589B00446FFF797FF431CE2
:109A200023D0134D2B685A681F6800EB0016121ADA
:109A300002EB021206F11101113A3944B81922F071
:109A40005AFE2A685368013B536000212022684671
:109A500022F06BFE122368468DF80030ADF804400A
:109A6000F6F770FC002009B0F0BD40F20250FAE7B2
:109A7000E01100202DE9F0473D4D2B6888B05C686F
:109A800006460F46F6F780FC038A9C4222D02B68DC
:109A9000D3E90002002404EB0418A24200EB080101
:109AA00053D12B681A6802EB080322F808604FF0C4
:109AB000FF32C3F802202968C3F805200B689844D8
:109AC0000020C8F80920C8F80C204B6801334B600F
:109AD0003C6035E0FDF734FB012825D9411E68467E
:109AE0001CF07AFF0024D5F800908DF804408DF822
:109AF00005408DF80640D9F804A0544514D0D9F893
:109B0000003004EB041898440722694608F102006B
:109B100022F0D3FD002816DAB8F80000C0F30E00DA
:109B2000FFF778FF0028B2D020220021684622F0FB
:109B3000FCFD132368468DF80030F6F703FC1A206D
:109B400008B0BDE8F0870134D7E730F808C0CCF39F
:109B50000E0C664504F1010301D31C469BE7121B62
:109B600003EB031302EB0212184422F0C4FD98E742
:109B7000E01100202DE9F04304468BB008460F4663
:109B800090461E46FFF7E2FE0190013038D0FDF707
:109B9000D7FA0146002C3CD0DFF88490019DD9F81B
:109BA000003005EB05151B685C5B5819002E34D09E
:109BB0006FEA44446FEA54445C5309301CF00CFFD4
:109BC000D9F8003001981B6800EB0010184441469A
:109BD0000D301CF011FF2022002102A822F0A5FD6B
:109BE000003E4FF0110318BF012602A88DF808307F
:109BF000ADF80C708DF80E60F6F7A4FB002005E0C0
:109C000001A93846FFF736FF0028C0D00BB0BDE8E9
:109C1000F0830028C0D0411EBEE7C4F30E04CBE79A
:109C2000E0110020F0B506468DB008460D461446FA
:109C3000FFF78CFE019001300AD101A92846FFF7F9
:109C400019FF002844D1254B1A68936801339360AB
:109C5000FDF776FA01460EB900B1411E02A81CF0CC
:109C6000BBFE214603A81CF0C7FE1C4B019C1F68CD
:109C70001B493B6804EB04141C44A61C0722304615
:109C800022F01BFD30B1072202A9304622F015FD5B
:109C900000281FDA237C23B1BB680133BB6000239B
:109CA00023740298C4F80200BDF80C209DF80E3011
:109CB000B371B2800021202204A822F036FD1123C6
:109CC00004A88DF81030ADF81450F6F73BFB0020D7
:109CD0000DB0F0BD40F20340FAE700BFE0110020F4
:109CE0002428050010B5084C2368186820B11BF023
:109CF00033FC236800221A6020681022BDE810405F
:109D0000002122F012BD00BFE011002037B5F6F7A8
:109D10003BFB008A104C00EB001025681BF018FC80
:109D2000236828601A68AAB100225A601EF08BF9D5
:109D300030B91EF090F9044610B1FFF7D3FF06E0EA
:109D40000DF106001EF09CF904460028F5D12046CE
:109D500003B030BD1A24FAE7E0110020014B1B6864
:109D600058687047E01100202DE9F843164B1F6832
:109D7000D7E900860446002500F1020905EB05132A
:109D8000AE4208EB03010FD101367E60204604F19C
:109D9000100350F8042B41F8042B9842F9D10378B2
:109DA0000B700020BDE8F883228838F803309A420F
:109DB00005D107220231484622F07FFC08B1013567
:109DC000DCE70120EEE700BFE01100202DE9F047BD
:109DD00005460B489DF820C00768BDF82C90BDF8DB
:109DE00030A0DDE909E84FB1CDE90B9ACDF820C0EC
:109DF0007C692846A446BDE8F0476047BDE8F08787
:109E0000042F0020034B1B680BB19B6918471846B1
:109E1000704700BF042F002010B4054C246824B103
:109E2000E469A4465DF8044B60475DF8044B704755
:109E3000042F0020F8B50F461C461BF0AEFB06466B
:109E40000D46ACB12378012B12D1636CBB420FD10C
:109E5000084B1B6898681BF0B2FB801945EB0101A9
:109E60000023C4E902016364BDE8F840FCF772BF57
:109E7000F8BD00BFE41100202DE9F04F91B00E466F
:109E8000054608930DF12D019DF86C309DF868A0F2
:109E9000BDF874B0BDF8788009933046914602F061
:109EA00053FD18B1002011B0BDE8F08FBAF1000FDA
:109EB00059D00DF12E01284602F096FC0028F1D170
:109EC000BDF82E30B342EDD154461F9BCDF810B0F3
:109ED000CDE905831C9B0393099B0CAFCDE901A33E
:109EE000089B009307974B462A46214601201EF007
:109EF00004FBF8B19DF82D30013B012B01D9022C58
:109F0000D0D11F9B0797CDE905831C9B0393099B29
:109F1000CDF810B0CDE901A3089B00932A464B462B
:109F2000214600201EF0E9FA0028BBD1022C01D105
:109F300003F0C2F90D4B1B684046D3F804901BF0A8
:109F4000CDFB9DF88030039302281F9BCDF8008045
:109F500018BF0027CDE9017320465B4632462946EB
:109F6000C84701209FE70224AFE700BFE4110020AB
:109F7000F8B50E4F05460E460024F6F705FA038A9B
:109F80009C4202DB40F202500CE03A682301126C62
:109F9000D35AAB4202EB041105D1D1E90223C6E941
:109FA00000230020F8BD0134E7E700BFE4110020E2
:109FB000054B1B6833B103EB8000D0F8D030013380
:109FC000C0F8D030704700BF602F00202DE9F3416A
:109FD0000C4600294BD007294BD041F2130399427C
:109FE00049D01A2949D041F2440399420CBF0523B4
:109FF0000423234E326850254543D06B214A116813
:10A00000284469B10522B3FBF2F202EB82029B1AEB
:10A01000DBB201EB8303D3F89C200132C3F89C2010
:10A02000406C08B1FBF71CFF3368DA6B2A44136CF1
:10A03000906C976B92F8348001931EF057F9326858
:10A04000D06B2844483018F0CDF93268D06B00212D
:10A050005022284422F069FB27B1019B424600218F
:10A060002046B84702B0BDE8F041FCF773BE0B468E
:10A07000BFE70123BDE70223BBE70323B9E700BF26
:10A08000E4110020602F002038B5174D2B683824CC
:10A090004443986B154B1A6820445AB10323B1FB13
:10A0A000F3F303EB4303C91AC9B202EB81010B6F4F
:10A0B00001330B67C06A08B1FBF7D2FE2B689B6BBC
:10A0C0002344186B1EF012F92B68986B2044303033
:10A0D00018F088F92B68986B382220440021BDE8DD
:10A0E000384022F022BB00BFE4110020602F002086
:10A0F000044B1B6823B103EB8000836C0133836442
:10A10000704700BF602F00202DE9F04F1D468FB033
:10A110000023CDE90A33494BBDF860701B68199ED6
:10A12000824688469146002B5CD128461BF0D6FA21
:10A13000012860D12846FFF765FE834610B11CF068
:10A1400096FD05462846FCF7C9FE0446002852D075
:10A1500000210722084618F099F90A9000285CD0DF
:10A1600082790C32831800218154320EC7F3861095
:10A17000DA70320C40EACB1B1A71BF00320A9E71B2
:10A1800083F801B09F705A71FCF7DAFF0646FCF7BE
:10A19000EFFF08B106B1013E20460BA9FCF746FED1
:10A1A000044620BB264B0CAF1B6851463846D3F8FB
:10A1B00000B01CF0F8FB1C9B08931B9B07931A9B99
:10A1C0000295CDE905430A9BCDE903930B9BCDE9AD
:10A1D0000063012297E803004346D847044658B974
:10A1E0000A9009E0DB68984700289ED000242046AA
:10A1F0000FB0BDE8F08F21240A981EF077F80AA866
:10A2000018F0F0F80F4B1B684CB9002BEED0D3F8C8
:10A2100080200132C3F88020E9E71A24ECE7002B04
:10A22000E5D0B4F11A0218BF012203EB8203D3F880
:10A2300084200132C3F88420D9E700BF442F0020D6
:10A24000E4110020602F002008B51BF047FA044BF2
:10A250001B6801280CBFD868D8690130C0B208BD9E
:10A26000E411002008B51BF039FA044B1B680128E3
:10A270000CBF1869D8690130C0B208BDE4110020D4
:10A280002DE9F0410F4F04460E4600254FF05008CF
:10A29000F6F77AF8438AAB4205D93B68DB6B08FBDB
:10A2A00005339C420BD1218C638B228B0120FFF75D
:10A2B000B3FD31462846BDE8F041FFF787BE0135C2
:10A2C000E6E700BFE41100202DE9F043077891B0E4
:10A2D0000023012FCDE90A33044612D190F8302033
:10A2E000C16A1F2A1DBF531C07FA03F303F1FF3392
:10A2F0004FF0FF33994204D090F831600123B2420D
:10A3000002D2022500272AE003FA06F50D4000F0EC
:10A310000D810136F6B2F2E776BB608BFFF794FF52
:10A3200094F83230834227D1E3690B93A06C18F084
:10A3300001FAA0EB06101028A8BF10201FFA80F821
:10A34000A16C330142460CA818F042F800214346A4
:10A350000CAA084618F033FA0A90D8B91A25784B97
:10A360001B68002B00F0958003EB8707D7F8C030FF
:10A370000133C7F8C0308CE00BA94046FCF756FD0E
:10A380000028D3D005461A2DE8D0022D0CBF002797
:10A390000227E4E7731C608B84F83130FFF732FD4D
:10A3A00008B9002649E0608B1BF098F90128804627
:10A3B00079D1F5F7E9FF94F8302090F820309A42EF
:10A3C00026D8B4F81A904846FFF73EFF94F832308A
:10A3D00083421BD1D4E904010A9B079305AB83E8B0
:10A3E0000300238B03930B9B0293636A019394F8FE
:10A3F00028300093002E4FF00003218CCDF81090F0
:10A400001A4614BF40460220FFF7E0FC002601E098
:10A4100040F203460A981DF069FF0AA817F0E2FF10
:10A4200000230A932EB994F8312094F830309A42E0
:10A43000B7D931462046FFF723FF0A9B002B6FD088
:10A44000404A04F144011268CDE907413E490691B2
:10A4500094F83410CDE90431638B0393238B02937A
:10A460000B9B0193636A0093166894F82830D4E933
:10A4700004010022B0470646002851D10A90FCF79B
:10A4800069FC2F4B1B6823B1D3F8BC200132C3F801
:10A49000BC200A981DF02AFF0AA817F0A3FF28463F
:10A4A00011B0BDE8F083F5F76FFF94F8302090F815
:10A4B00020309A423FF675AFB4F81A804046FFF755
:10A4C000C3FE94F8323083427FF46BAFD4E90401C9
:10A4D0000A9B079305AB83E80300238B03930B9B35
:10A4E0000293636A019394F828300093002E4FF092
:10A4F00000031A460CBF02200120218CCDF81080E9
:10A50000FFF764FC94F8312094F830309A427FF6DB
:10A5100048AF638B228B218C0120FFF77DFC40E745
:10A52000FCF718FC002EACD035462CE7208BFCF74E
:10A53000D5FC804600287FF4EFAE212502270EE7E8
:10A54000602F0020E4110020359E020038B5154B25
:10A550001B685021DD6B41430446681890F8322097
:10A5600090F83330013A013BD2B2DBB280F83220AE
:10A5700080F833304AB143B1002380F831300123F1
:10A580006B54BDE83840FFF79FBE408B1BF0A6F828
:10A59000012808BF0721204618BF0021BDE8384028
:10A5A000FFF714BDE41100202DE9F04F8FB006AC89
:10A5B00084E803001B98BDF86080BDF864A01546D0
:10A5C000994618F0B7F80446002800F094800B284C
:10A5D00002464FF00003A8BF0B221B990BA817F0EF
:10A5E000F7FE9DF82C3003F07F030A2B63D88D4AC9
:10A5F00052F8232094427ED38B4A52F823200AB18A
:10A60000944278D8013B092B0BD8DFE813F0000106
:10A610000001000100010001000100010001000132
:10A62000F6001B9B08939A790C32134400265D7840
:10A630009A78D3F803704FEA851B0BF4FE5B4BEA64
:10A64000920BED093FBAF5F79FFE408A774B8642A1
:10A650004FF050011ADA1868C06B01FB0600B0F821
:10A6600018C0D44504D1B0F81AC0C44502D11DB1F8
:10A670000136E8E7002DFBD0B0F820C0DC45F7D16B
:10A68000406A814502D001388145F1D1F5F77CFE61
:10A69000438A9E42664B39D11B6823B1D3F8B4205C
:10A6A0000132C3F8B42008981DF020FE08A817F066
:10A6B00099FE00231B931B9BA3B106AA92E80300FB
:10A6C0005C4A126809AB83E803005AB101AD85E822
:10A6D00003009DF968300093156823460BAA514684
:10A6E0004046A847544B1B682BB106AA9C6806CA73
:10A6F0000BAB4046A04718AC54F80C0F1DF0F6FD0C
:10A70000204617F06FFE0FB0BDE8F08F474A116882
:10A710004FF05009C96B09FB06F901EB090BAFB902
:10A72000BBF81A001AF0DAFF0128414B0ED141F2B2
:10A7300013013046FFF74AFC3D4B1B68002BB2D09B
:10A74000D3F8B0200132C3F8B020ACE7DBF82C001E
:10A750001B6830EA070207D0002BA4D0D3F8B8203A
:10A760000132C3F8B8209EE738439BF83070CBF82D
:10A770002C001F2F1EBF0137012000FA07F7BBF87E
:10A780001A00059314BF07F1FF374FF0FF37FFF7AB
:10A7900069FD059B8BF8330023B1D3F8B00001307D
:10A7A000C3F8B000DBF83C304BB1DBF840109DB192
:10A7B00000208DF82400ADF8268009A898471B4B8F
:10A7C0001B68DB6B03EB0901C96AB9420CD100219C
:10A7D0003046FFF7FBFB66E70220ADF825508DF809
:10A7E00027508DF82400E8E713F80930022B7FF496
:10A7F0005AAF3046FFF7AAFE55E79DF82D200132EB
:10A80000521BD2B251464046F6F714FA53E70B4BAF
:10A810001B68002B3FF44FAF1B6821460BA89847DD
:10A8200049E700BF582805002C280500E411002046
:10A83000602F0020042F0020442F0020082F00202C
:10A84000F8B50024094E25465027F5F79DFD438AAB
:10A85000AB4201D82046F8BD3368DB6B23B107FB60
:10A8600005F29B5C03B101340135EEE7E4110020F1
:10A870002DE9F0410D4F05460E4600244FF05008DB
:10A88000F5F782FD438AA34202DC0020BDE8F08197
:10A890003B68DB6B08FB04331A8BAA4202D15B8B4B
:10A8A000B34201D00134EBE70120EFE7E4110020CF
:10A8B0002DE9F04F8FB01F461C9BBDF86890BDF886
:10A8C0006C509DF8748093469A7913440CAE1C7BAF
:10A8D000E40986E8030039D1DFF844A2DAF8002061
:10A8E000002A3BD1002C40F087809DF83030002BAF
:10A8F0004BD12846FFF786FA002846D01C9B0793C9
:10A9000096E8030005AB83E80300199B0293189BAC
:10A910002246CDE9007321465B462046CDE90395EA
:10A92000FFF754FA28461AF0D9FE01282DD118ADA8
:10A9300055F8100F1DF0DAFC284617F053FD1E9B4A
:10A94000E3B9002528460FB0BDE8F08F29464846F8
:10A95000FFF78EFF0028BFD00225F3E7D2689047AB
:10A960000028BFD018F0200FBCD0DAF800301B69E7
:10A970009847014630461CF027F8B3E7209B1E9D00
:10A98000424621462046A847DBE7634B00221B686E
:10A990000892209A07921E9ACDF80890CDE9058278
:10A9A0001C9ACDE90352199A0192189A00920EA9A5
:10A9B0001D6811E903003B465A46A847574B054618
:10A9C00040B91B68002BBCD0D3F8BC200132C3F8BF
:10A9D000BC20B7E71A280DD0022818BF02241B6834
:10A9E000002BAFD003EB8404D4F8C0300133C4F89B
:10A9F000C030A7E70124F2E71C98474C90F806B056
:10AA00000BF10C0B00EB0B030A9317F093FE0F30C6
:10AA10000009431E0B9300264FF0500AF5F7B4FCD3
:10AA2000428A96420EDBF5F7AFFC438A9E4212D172
:10AA30003A4B1B6823B1D3F898200132C3F8982011
:10AA40001A257FE72268D16B0AFB06F28A5C002A8E
:10AA5000E9D00136E2E7DFF8C0B0DBF800105023A0
:10AA6000C96B03FB06FA01200EAB01EB0A0401F8E7
:10AA70000A0013E9030004F1100C8CE80300199B91
:10AA8000E3610A9BA4F81890658359789878189B1D
:10AA90006362890101F4FE510B9B84F8287041EA3E
:10AAA00090010027218484F83030E76284F8317007
:10AAB0002846FFF7C9FB84F832002846FFF7D2FB8F
:10AAC0001E9B1F99A363209BE1631C9984F83300AC
:10AAD000A164C4E9103784F83480FCF73BF9DBF853
:10AAE0000010C86B0D490968504421B1D1F8944059
:10AAF0000134C1F89440FFF7E7FB054600283FF416
:10AB000021AFDBF80020D36B5344002201469A6446
:10AB10003046FFF75BFA15E7E4110020602F0020B4
:10AB2000442F00202DE9F04F2DED028B9BB008EE55
:10AB3000903ABDF89C300C93BDF8A0300A939DF874
:10AB4000AC300D9300230F930D9B9DF89860DDF8BA
:10AB5000A88008EE102A5A0605460C461BD506F0BA
:10AB6000FFFD10381FFA80F90D9BDB0616D4A81ED6
:10AB700047424741404617F0DDFD031D4B4502D8D3
:10AB8000002F00F09F810D9B022E43F010030D93C8
:10AB900006D001279DE14FF00F09E5E70127E9E71E
:10ABA00000F10F060C231330B6FBF3F6B0FBF3F005
:10ABB000864234BF00260126EBE74FF0FF3001301C
:10ABC00018BF0120FFF7F4F921240FA81EF009FF98
:10ABD00020461BB0BDEC028BBDE8F08F6FF001008A
:10ABE000EDE7299B002B40F08B814846EAE7022DD8
:10ABF00016D09DF83B30013B18BF012301220021F4
:10AC0000CDE90121009321460DF13A030FAA284610
:10AC10001DF090FB044628B10220FFF7C9F9D4E7E4
:10AC20000123EBE710A95046FCF700F90446002881
:10AC3000CBD1FCF785FA0B90FCF79AFA18B10B9B75
:10AC40000BB1013B0B93012D4FF0000314BF1D46C8
:10AC50000DF13A054046002E14BF4FF0080A4FF0A0
:10AC6000040A0F9CDDF840B0119317F063FD002833
:10AC70003ED1212411981DF039FB11A817F0B2FB29
:10AC800016AD0D2112A81DF02AFF102128461DF037
:10AC900026FF002C40F00D8118EE101A28461BF0FC
:10ACA00082FE2E9B08932D9B07932C9B06930D9B56
:10ACB000CDE904830A9B03930C9B0293109B0193A1
:10ACC0000B9B0093224695E8030018EE903AFFF79D
:10ACD000EFFD0446002840F0EC80944B1B68002BED
:10ACE0003FF473AFD3F8CC200132C3F8CC206CE72B
:10ACF000CAF5C0739842BCD8299B002B40F08E80C7
:10AD0000002D08BF4FF002098DF84890002F40F049
:10AD100091808DF8497059460DF14A001BF06CFE88
:10AD20000C9B0B991B0A8DF84D300C9B8DF84E3007
:10AD30000A9B1B0A8DF84F300DF151000A9B8DF8CC
:10AD400050300DF158091BF047FE2046CDE900A90F
:10AD5000119B424612A91EF018FF0446002889D113
:10AD600052464946404617F0FAFC824560D1002F12
:10AD70007CD0003E18BF0126002D62D095F80090CF
:10AD8000404617F0D7FC0B30B0F5C67F4FF00C03F0
:10AD9000B0FBF3F3BFF46DAF003D18BF0125CBF35B
:10ADA000861709F03F0949EA851947EAC6174BF3A8
:10ADB000050B5E1E49F080094FEA8B0B0025C24649
:10ADC00006F01F06BAF1000F3FF454AF9AF80730AF
:10ADD0009AF806209B1ADBB20B2B38D8DAF8003031
:10ADE0008BBB0421504617F0C3FB08B39AF806301A
:10ADF0000C330AEB03020AF80390C5F3C1034BEAD4
:10AE00000303937046EA45135770D370DAF800A035
:10AE10004046514617F09FFD0135D3E70021299A9E
:10AE20001023084617F0CBFC119000287FF468AF80
:10AE30001A241FE7002E14BF802300238DF8493009
:10AE400069E7A9469CE70021504617F084FD9AF86F
:10AE500007309AF806209B1ADBB20C2BC1D90C21C3
:10AE6000504617F0F2FB0028BBD1E1E7404617F04F
:10AE700061FC042806467FF6FCAE06F071FC103833
:10AE800086423FF6F6AE0121404617F095FB0028BA
:10AE9000CED082790C3255B12B78003D18BF0125F8
:10AEA00003F03F0343EA851585548046E2E62B46CE
:10AEB000F3E71A2C04D0022C0CBF03200520ACE6CB
:10AEC0000420AAE6022E04D10830814534BF0026B2
:10AED00001260C981AF002FC012881467FF46DAE21
:10AEE0000A9B002B3FF47AAE03F580739BB2F82BDC
:10AEF0007FF674AE0A981AF0F1FB02283FF471AEA7
:10AF00000C98FBF7EBFF824600283FF45BAE18EE8F
:10AF1000100A0DF13B0101F017FD00283FF467AE68
:10AF20000220FFF745F840F203444EE6602F002070
:10AF30002DE9F04F89B01AF030FBDFF81CB304465E
:10AF40000D460026F5F720FA838A9E4244D3DFF8A7
:10AF50000093DFF804A34FF00008F5F715FA438AD1
:10AF60009845C0F0C7804FF00008B84EDFF8E09277
:10AF700047464FF0500AF5F707FA438A984518D22A
:10AF8000D9F800200AFB08F3D16BCA18CB5C002B60
:10AF900000F03081012B03D1536C002B40F02A814B
:10AFA000D2E902329C4275EB0201C0F01A81002600
:10AFB0003746DFF89C924FF000084FF0380AF5F75B
:10AFC000E3F9838A9845C0F018813046394609B0C4
:10AFD000BDE8F04F1AF0E3BA9D4B1B684FF03808FC
:10AFE0009B6B08FB06F803EB080C13F80830012BE9
:10AFF00003D0022B3AD00136A4E7DCE902239442C5
:10B0000075EB0303F7D3DBF80030BCF81280BCF813
:10B010001490BCF81CA0DCF8182023B1D3F89010D1
:10B020000131C3F89010DCF8203006921F46FCF77F
:10B0300087F83F1A78427841069A01234146FEF785
:10B0400099FD01213046FFF71FF84046069A494610
:10B050001AF01AFA4846FEF7D5FE0028CBD04B4628
:10B06000424651460020FEF7D7FEC4E7DCE9022342
:10B07000944275EB0303BED3DBF80000BCF812204A
:10B08000BCF81430BCF81CE020B1D0F890100131AD
:10B09000C0F890100CF12C099CF82910BCF8100095
:10B0A000CDE903C9DFF8B491CDF80890DCF824703D
:10B0B000CDE900E7FFF728F800289CD1644F3B68F2
:10B0C000D86A1AF07CFA3B689B6B201803EB0802E5
:10B0D00045EB0101C2E90201012203F80820DBF877
:10B0E000003023B1D3F88C200132C3F88C20FBF759
:10B0F00031FE80E7D9F800C05026DCF83C3006FB72
:10B1000008F698199A5D012A04D0022A46D008F15F
:10B11000010822E7436C002BF9D190F8313090F808
:10B1200030E0734514D91AF038FAD9F80030079393
:10B130008B46D96B074602208A198855508B069298
:10B140001AF0CCFA0128DDE9062309D0186A0FE0CD
:10B15000C16A02FA03F70F426CD00133DBB2E0E7B9
:10B1600092F82800596900B101389B6903FB00106F
:10B170001AF025FAD9F80030DB6B38181E44DAF8DB
:10B1800000304BEB0101C6E9020123B1D3F8E820FE
:10B190000132C3F8E820FBF7DDFDB8E7D0E9022370
:10B1A000944275EB0303B2D32A4F3B686BB1DB6863
:10B1B000984750B1D9F80030DB6B1E44D6E9040142
:10B1C000FAF7E0FE3B68DB699847DAF8003023B114
:10B1D000D3F8EC200132C3F8EC204046FFF7B6F973
:10B1E00095E71B1B62EB0502B34272EB07013CBF04
:10B1F0001E46174608F10108BDE6D9F800200AFBF3
:10B2000008F3916BCA18CB5C73B1D2E902329C424D
:10B2100075EB02010BD21B1B62EB0502B34272EB12
:10B2200007013CBF1E46174608F10108C7E6002685
:10B230003746CAE6DCF808302BB1D0E90223A24237
:10B24000AB41BFF464AFFFF73FF860E7FFFFE703F0
:10B25000E4110020442F0020602F0020058304000B
:10B260000D4B1B6830B5083348B100F1300250F87F
:10B27000041B43F8041B9042F9D1002030BD074C59
:10B2800004F13005224603CAAA42186059601446E8
:10B2900003F10803F6D1F0E7E4110020D0290500FE
:10B2A0002DE9F843DFF86090064690461F464FF0C0
:10B2B000FF340025F5F768F8038AAB4206DDD9F8BC
:10B2C00000301A6C2B01D35AB34211D1F5F75CF858
:10B2D000038AAB4213D02C460B4B1B681B6C22011C
:10B2E00003EB04149E52C4E902870020BDE8F883F2
:10B2F000621C02D1002B08BF2C460135DAE7631C23
:10B30000EAD140F20250F1E7E41100202DE9F04FBC
:10B310002DED028B9FB0CDE911239DF8B430BDF81F
:10B32000AC700A93BDF8A860099181461AF035F90E
:10B3300001231B93099B002B0CBF14231023CDE981
:10B34000170119931BF042FD0C903846FEF75AFD89
:10B350001390FBF7F5FE01462C980A9A83790C337B
:10B36000C418002A34D1C35CC3F3801203F03F0336
:10B370000D9363781592DB09A578E2781493EB00BE
:10B3800003F0180343EA521310930A9B002B14BFD7
:10B3900008230C230E93109B02F01F0A9A451BD220
:10B3A0000320FEF7A5FE21242AAD55F8080F1CF056
:10B3B0009DFF284617F016F82CB9874B1B6813B170
:10B3C0005A6C01325A641FB0BDEC028BBDE8F08F9D
:10B3D00000230D931593CFE706D91CF07AFF0E9B3F
:10B3E000984201D00020DCE70A9B1BB19DF8B830E1
:10B3F000002BF7D0BAF11F0F1EBF01230AF1010283
:10B400009340647814BF03F1FF334FF0FF330F9381
:10B41000A401129B04F4FE5444EA9504B3F5005FC2
:10B420000B940DD323F4FF5323F01F0323430B93FB
:10B430000B9A129B93423EBF1346A3F500530B9306
:10B44000119BCA1A5342534108EE103A0B9A18EE58
:10B45000100A1BAB3146FEF79DFA002877D11B9BE3
:10B46000002B7ADA04209CE7B8F1FF3F03D1435C5C
:10B47000002B08BFA8460135F4F786FF838A9D425A
:10B480004FF038021CDADBF80030986B02FB05F154
:10B490004318B3F812C0B445E6D1B3F814C0BC45A4
:10B4A000E2D19B690B9A9A420AD928460221FEF7FB
:10B4B000EBFDF4F769FFB8F1FF3F08BFA846858AA6
:10B4C0000A9B003B18BF01231693F4F75DFF838AA4
:10B4D000AB42A4B240F09D811B9B002B41D10022C6
:10B4E0000023CDE91C231AF058F80546884630465B
:10B4F0001CA9FEF73DFD28BB1C9B9D421D9B78EBC4
:10B5000003031FD3099B0C990290002B0F9B32461B
:10B5100008BF0021CDE90300CDE9004348463B4682
:10B52000FEF7F2FD2D4B1B68186B9B6A03FB0003B3
:10B5300003EB50001AF043F82A1848EB0103304699
:10B54000FFF7AEFE0520FEF7D3FD00242CE74FF0F9
:10B55000FF380025DFF884B08EE74FF0FF3805464E
:10B56000F8E7B8F1FF3F14D1099A0C990094002331
:10B570009A42CDE90333CDE9013332463B4608BF59
:10B5800000214846FEF7C0FD0620FEF7B1FD1A2453
:10B590000AE7139B2BB138461AF0A0F8012800F0F7
:10B5A0002B810E9B0AFB0330169B18441DF01EFADC
:10B5B0000546A8B9099B0C990094002BCDE90355C9
:10B5C000CDE901553B46324608BF00214846FEF70B
:10B5D0009BFD0720D9E700BF602F0020E411002069
:10B5E000139BF3B1F4F7D0FE90F820200AF1010389
:10B5F0009A4280F0038138461AF070F8012840F032
:10B60000FD80099A0C99009400239A42CDE90333F6
:10B61000CDE9013332463B4608BF00214846FEF7DC
:10B6200073FD994B19684FF0380B886B0BFB08FBC7
:10B63000012200F80B20C86A19F0C1FF924B159A3D
:10B640001B689B6B9B44179BABF810901818189BBA
:10B65000ABF8126043EB0101CBE902010D99099BA4
:10B66000ABF8147042EA4101149AABF81C4041EA6D
:10B67000C211002B0A9A0C9B8BF82A1008BF0023DA
:10B680009BF834108BF829300B9BCBF8183062F301
:10B690000001119BCBF820308BF8341000231146A9
:10B6A000CBE90B35CBF824308BF828A0012219B157
:10B6B0002EA928461DF0B7F9FBF74CFB734B1B680E
:10B6C0003BB1D3F88C200132C3F88C20DA6E013202
:10B6D000DA66109BDFF8B0B14FF0010A0AFA03F303
:10B6E0000D93DBF800300D9A9B6B382505FB08F5B0
:10B6F0002B445B6A1A4240F0CB803046FBF7EEFBEE
:10B70000E8B9DBF800309B6B2B44DDE92F015A6A66
:10B71000002A93F828202C9B079305AB83E80300AD
:10B72000129B0293119B0193099B0093CDE9036740
:10B730000A9B214614BF50460220FEF747FB139B8D
:10B7400023B1384619F0CAFF01281AD04E4B2C9865
:10B750001B689B6B2B44D3F830B083790C33C11832
:10B76000C35CDB090CBF013104311CF0B2FD109A3F
:10B77000169B84460E9802FB0033624658461DF025
:10B7800052F9DFF804A10D9BDAF80020926B02EB6E
:10B79000050BDBF824201A43CBF82420109B9BF8E0
:10B7A00028209A421FD12C981CF093FD0E9B191A49
:10B7B00019D00BF1300017F09DF8DAF80020926BE9
:10B7C0002A44106B16F0B6FF68B9DAF80020926BC5
:10B7D0002A44106B1CF08AFDDAF80030986B28447C
:10B7E000303016F0FFFD294B1B6813B1DA6F0132C0
:10B7F000DA674FF0010B4DE00025F3E6002D7FF4F2
:10B8000010AF01201DF0F2F8054600287FF409AFC3
:10B81000D0E61D4B1B68996B382303FB05110B8A7F
:10B820004B451ED10B6A119A9A421AD191F82A30CF
:10B83000159803F00102824213D10D98C3F345021B
:10B8400082420ED1149AB2EBD31F0AD191F828305C
:10B85000534506D191F834300A9A03F0010393421C
:10B8600001D008209DE50A9B5BB100230122096BF2
:10B870001CA816F0ADFD9DF870209DF8B8309A42D6
:10B88000EFD1A84625E700BFE4110020602F00207B
:10B890004FF0000BDFF8C4A10F99DAF800309B6B72
:10B8A0002B445A6A914240F08280988A19F016FF20
:10B8B000012826D1099A0C9900239A42CDE9033335
:10B8C00002930F9B08BF0021CDE9004332463B465F
:10B8D0004846FEF719FCA0B919F05FFEDAF800300F
:10B8E0008346186B9B6A03FB000303EB50008946F9
:10B8F00019F065FE1BEB000249EB01033046FFF730
:10B90000CFFC3846FEF77EFA28B13B463246214648
:10B910000120FEF781FADAF800309A6B2A4492F897
:10B920003430108ADB0728D4199B92F82A1005932B
:10B93000136B0493938A0393538A0293936901933D
:10B9400092F82A30C3F345030093126A01F0010311
:10B95000C9091CF056FEDAF800309B6B1D44002428
:10B96000214640462C63FEF78FFB0B9A18EE100A17
:10B9700023463146FEF7FEF816E51CAC014620468C
:10B980001BF011F8DAF800309B6B2B44196B93F81D
:10B99000292003916FF07F010291998A0191598AC0
:10B9A000009194E803001B6AFEF7FEFDD3E7294BE4
:10B9B0001B68002B37D1BBF1000F39D1DAF80040FA
:10B9C000A66B735D022B06EB05073FF4BEADB88A8C
:10B9D00019F084FE01287FF4B8AD02237355A26AE2
:10B9E00097F82830206B93423ABF420800FB0320AF
:10B9F000504319F0E4FDDAF800309B6B1D44179BAF
:10BA00001818189B43EB0101C5E90201FBF7A2F9E5
:10BA1000114B1B68002B3FF498ADD3F88C200132FA
:10BA2000C3F88C2091E5DB6898470028C3D08CE5EB
:10BA3000DAF800309B6B2B44D86A0028BED0FAF7A6
:10BA40000FFADAF800309B6B2B440022DA62FBF726
:10BA500081F9B3E7442F0020602F0020E41100207B
:10BA60002DE9F04F8FB01E1E1C9FDDF86080BDF8E1
:10BA70006850BDF86C9097F806A008920EAC04E9E7
:10BA800003000CBF0423002338460B9316F052FE2C
:10BA90000446002859D0574408993B7BDA0900290D
:10BAA00041D1002A3CD105284FD905F059FE0F3865
:10BAB00084424AD800211C9816F04DFFDDF870A092
:10BAC0009AF806B00BF10C0B0AEB0B031AF80B40BB
:10BAD0000993FBF735FBA0EB080778427841199AE8
:10BAE0002946FEF79FF898BBE4091AF80B3040D0BE
:10BAF000C3F38013C3F10203DBB207464846099340
:10BB000019F0ECFD089B002B40F0CA80099B022B2A
:10BB100040F0C28001285DD004285BD0012015E0F0
:10BB2000441F0B2CC5E7F2B923B10A2B0BD0441EDE
:10BB30000F2CBEE7A0F1070CDCF1000444EB0C0471
:10BB4000002CB7D101E00428B4D00020FEF7D0FAD1
:10BB500018AC54F8100F1CF0C9FB204616F042FC3C
:10BB60000FB0BDE8F08F441F072C8CBF00240124C8
:10BB7000E6E75B062BD1099B5F789B78BF0107F452
:10BB8000FE5747EA93070323FFB20A932846FBF7C1
:10BB9000A5F9024690B91C9B07930EA911E9030071
:10BBA00005AB83E80300199B0A980096CDE9018351
:10BBB000CDE90359089B3946FEF708F91AF80B300E
:10BBC000099FC3F38013C3F10203DBB296E7274654
:10BBD0000A94DBE70DF1300A9AE80300FAF7D2F98C
:10BBE0004FF6FF7398428346B2D04CBB01211CA88C
:10BBF00016F059FE0B9A3B7805921C9A0295CDE9F6
:10BC00000392199A019203F03F020092C3F380134A
:10BC10004246214658461CF0F4FC2E4B1B6813B1DB
:10BC20005A6C01325A6400231C932B4B1B68002B67
:10BC30008ED09C689AE8060000232846A04787E734
:10BC40009AE8030005AB83E803001C9B00950024E1
:10BC5000CDE90193CDE90344199B4246314658464C
:10BC6000FFF754FB1C94E0E797E8030005AB83E87B
:10BC700003001AF80B3003F07F030493089BCDE90F
:10BC80000059CDE902233146199B42466046FFF731
:10BC90003DFB00231C935BE700289BD1022055E766
:10BCA0000028FBD00CAF97E80300FAF76BF91C9A59
:10BCB0008446002CD8D19DF974300392CDE90193CC
:10BCC000009597E8030043463246FEF76DFC1C944E
:10BCD0003EE700BF602F0020442F0020F8B52B4C1A
:10BCE0000025382723689B6B03BB0025502723685A
:10BCF000DB6B002B2FD12368186C002840D1236800
:10BD0000986B20B119F028FC236800229A632368FD
:10BD1000D86B20B119F020FC23680022DA63206878
:10BD20004422BDE8F840002120F0FFBCF4F72CFBD2
:10BD3000838AAB42D9D923689B6B07FB05F6334452
:10BD40000135186B1CF0D2FA2368986B3044303000
:10BD500016F048FBC6E7F4F717FB438AAB42CAD993
:10BD60002368DB6B07FB05F633440135986C1CF048
:10BD7000BDFA2368D86B3044483016F033FBB6E781
:10BD800019F0EAFB236800221A64B8E7E4110020E6
:10BD90002DE9F04F3C4C8DB007460E46206800213F
:10BDA0009046442220F0C1FCF4F7EEFA808A256820
:10BDB0004FF0380909FB00F019F0CAFB2368A863AB
:10BDC0009B6B2BB9FFF78AFF1A200DB0BDE8F08FEF
:10BDD000F4F7DAFA438A25685020584319F0B8FB83
:10BDE0002368E863DB6B002BECD00025AA46F4F750
:10BDF000CBFA838AAB4227D8F4F7C6FA008A2568C3
:10BE0000000119F0A5FB236828641B6C002BD9D016
:10BE10000025DFF880A0A9464FF0000BF4F7B4FA34
:10BE2000038AAB4223681FD847B31F604EB35E60DE
:10BE30006C4620461EF0BFFB002814BF404620463B
:10BE4000FFF70EFA0020C0E723689B6B09FB053360
:10BE50000135A3F812A0A3F814A0A3F81CA0C3F8FE
:10BE600024A0C3F830A0C2E71B6C290103EB051224
:10BE700023F801900135C2E902ABCFE7034A1A600B
:10BE8000D4E7034A5A60D3E7E411002015640200A6
:10BE900047A70400FFFFE7032DE9F041114F3B687E
:10BEA000DB6B05460E46C3B9BDE8F0810134F4F7FB
:10BEB0006BFA438AA342F7D93B68DB6B08FB043378
:10BEC0001A8BAA42F2D15B8BB342EFD1204641F2EA
:10BED0004401BDE8F041FEF779B800244FF0500866
:10BEE000E5E700BFE41100200CB42DE9F04385B074
:10BEF0000D460C9C0746002800F0C48089B3002C36
:10BF000000F0C2800DABDFF88481039300204FF076
:10BF10000A09237823B3252B04F101066DD1637838
:10BF2000622B24D018D8252B63D0303B092B17D88F
:10BF3000002316F8012BA2F13001092955D9732AE3
:10BF40000ED1039A0093111D1368039101462A46EE
:10BF500038461CF03CFD2CE06C2B34D0732B16D0F3
:10BF60000546284605B0BDE8F04302B07047039B84
:10BF70001A1D1B688DF8083001230093039202AB51
:10BF800001462A4638461CF022FDA61C11E0A37883
:10BF90006C2B10D1039B1A1D1B680392ADF808305F
:10BFA00002230093014602AB2A4638461CF00FFDDF
:10BFB000E61C3446ADE7622BD2D1039B1A1D1B68E9
:10BFC00003925BBAEAE7A3786C2B06D1039B1A1D98
:10BFD0001B68039202930423E3E7622BC0D1039B07
:10BFE0001A1D1B6803921BBAF4E709FB0323303BBD
:10BFF0009FE7012300934346C2E75C2B3ED1637861
:10C00000002BADD0782B35D1A378A3F13002D1B27B
:10C01000092913D812018DF80820E378A3F1300222
:10C02000092A1AD803F00F039DF8082013438DF84E
:10C03000083001230093261D02AB87E7A3F16102BC
:10C04000052A04D8573B1B018DF80830E5E7A3F11A
:10C050004102052A84D8373BF5E7A3F16102052A9E
:10C0600001D8573BE0E7A3F14102052A3FF678AF3C
:10C07000373BD9E701230093334681E7012300933F
:10C08000234663E705466CE725466AE784280500F2
:10C090002DE9F04107461CF03DFD0446002845D13E
:10C0A0000C2019F055FA054670B126464FF6FF7878
:10C0B000F9F7C0FA844209D39EB1700119F04AFA27
:10C0C000A86078B91CF0B6FE1A201FE02046F9F7E8
:10C0D000B7FA1AF062FA40451CBF0136B6B2013415
:10C0E000E6E7AE60124BDFF84C80AE800024A7423A
:10C0F00008BF1F462F60EC804FF6FF77F9F79AFADA
:10C10000844205D32846FCF783F80020BDE8F0817F
:10C110002046F9F795FA06461AF03FFAB84203D0DE
:10C12000414630461AF0E1F90134E7E71220EDE725
:10C1300059FC02008828050041F20213984259D8A0
:10C14000B0F5885F6FD2152823D9A0F5805083B24F
:10C15000152B0FD90F207047A0F5985001380C28E7
:10C1600061D8DFE800F06460606460606064606013
:10C17000606064001528EDD8DFE800F0555555558E
:10C180005555555955555955555555595555555553
:10C1900055551528DED801A353F820F033C202000C
:10C1A00033C2020027C2020033C2020033C20200BF
:10C1B00033C2020055C1020055C1020055C1020040
:10C1C00055C1020033C2020033C2020033C2020072
:10C1D00033C2020033C2020033C2020055C1020062
:10C1E00055C1020033C2020033C2020033C2020052
:10C1F00033C2020041F21133984210D8B0F5985F73
:10C20000AAD2A0F5905083B2082BA3D80828A1D8B1
:10C21000DFE800F0090F09090D09090D0900A0F573
:10C22000A050052896D803230B70002070470123E7
:10C23000FAE7002008707047034B1B681B6813B1B6
:10C24000DB6E03B118477047BC110020F8B50446F7
:10C25000F4F79AF80B4BC6881B68186820B10023C6
:10C260001C27B34201D30020F8BDC16D07FB03F2C8
:10C2700009688D188A5AA24201D00133F1E7284695
:10C28000F2E700BFBC11002038B50446F4F77CF893
:10C290000A4B05891B68186818B10023AB4201D30B
:10C2A000002038BD026E126802EB830132F82320B1
:10C2B000A24201D00133F1E70846F2E7BC110020A9
:10C2C0002DE9F04F244F3B681B6889B00446002BD2
:10C2D0003FD0838902934389019303890093C388E4
:10C2E0001E4A092105A8FFF7FFFD04F110050646C7
:10C2F0004FF00008284605F1040A1DF072FB504675
:10C300001DF06FFB3B68A28818680021D0F810B0C0
:10C3100000684346D84750B90C35B8F1000F03D038
:10C32000002009B0BDE8F08F4FF00108E2E73B685C
:10C33000A188186805F10803CDE902A3CDE90065DD
:10C3400005ABD0F804A000684246D0470028E3D0EF
:10C35000E7E71120E5E700BFBC110020A028050099
:10C36000024B1B680BB11B6918477047082F002050
:10C37000044B1B681B6813B1D8660020704711205E
:10C38000704700BFBC110020064B1B681B6833B10F
:10C39000DA6E82424FF0000002D1D8667047112059
:10C3A000704700BFBC110020F0B51D461A4B1B683A
:10C3B00087B01B68064600200F4601904BB301ABC7
:10C3C000FF2102F0BFFA0446C8B9019802AB3A4611
:10C3D00031461DF0A6FB044601A81DF002FB74B90E
:10C3E000204601AB02AAFF2102F0ACFA044630B9A4
:10C3F000DDE90C23019829461DF093FB044602A8B1
:10C4000010211CF06CFB01A81DF0EBFA204607B0D0
:10C41000F0BD1124FAE700BFBC1100202DE9F04F58
:10C4200097B09B46102A4FF00003074688461646F1
:10C43000009309AD00F29C804E4801AA04211DF032
:10C440005DFB044600287CD16B4601AAFF2102F067
:10C4500079FA0446002874D1009805AB10223946B9
:10C460001DF05FFB044668461DF0BBFA002C68D146
:10C470000DAF32464146384620F02FF906F15803F9
:10C480006B44012203F8242C20466B4605AAFF21A9
:10C4900002F058FA0446002853D100982B46721C2B
:10C4A00039461DF03EFB044600284AD19DF8333042
:10C4B000219A03F07F03137095E80F0087E80F00BF
:10C4C0003246414611A820F008F906F168030DEB49
:10C4D000030906F1110A022309F8243C00982B46AF
:10C4E000524639461DF01DFB044650BB2C465B46A8
:10C4F000224603CABA4218605960144603F1080381
:10C50000F6D195E80F000DAF87E80F00324641469F
:10C5100011A820F0E2F8032309F8243C00982B46E8
:10C52000524639461DF0FDFA044650B9209A2E466F
:10C53000334603CBBB42106051601E4602F1080235
:10C54000F6D101A810211CF0CAFA05A810211CF090
:10C55000C6FA284610211CF0C2FA21210DA81CF0B1
:10C56000BEFA68461DF03DFA204617B0BDE8F08FD0
:10C570002124E6E7AE28050070B58EB000230646FC
:10C580000D462048019306AA04211DF0B7FA04467F
:10C5900030BB01AB06AAFF2102F0D4F90446F8B97A
:10C5A00001980AAB102231461DF0BBFA044601A8DF
:10C5B0001DF017FAA4B9204601AB0AAAFF2102F028
:10C5C000C1F9044660B91049019802AB04221DF07C
:10C5D000A8FA044620B99DF8173003F03F032B70EA
:10C5E00006A810211CF07BFA0AA810211CF077FA8B
:10C5F000102102A81CF073FA01A81DF0F2F92046E0
:10C600000EB070BDB3280500B828050030B514463B
:10C6100087B0A8B1A1B19AB1042302AD00930A4634
:10C62000084B01952021FFF7BFFE014628B9FF21E5
:10C6300023462A4602F086F90146084607B030BD77
:10C640002121FAE7BD280500F0B50D469BB01E4636
:10C6500068B361B35AB353B304460AAF00F1200C78
:10C66000206861683B4603C3083464451F46F7D120
:10C670002C4604F1200712AD206861682B4603C3E5
:10C680000834BC421D46F7D102ACCDE9002440215C
:10C69000084A07230AA81CF009FD014620B92146D3
:10C6A000324602F069F9014608461BB0F0BD21216F
:10C6B000FAE700BFC22805002DE9F0470E468AB010
:10C6C00017461D46804698B391B38AB383B306AB31
:10C6D0004FF0040A01930A46164BCDF800A0202122
:10C6E000FFF762FE0446F8B90DF10809CDE900A98B
:10C6F000114B324620214046FFF756FE044698B9BA
:10C700003B464A46082102F01DF9044660B90DF186
:10C710001B022B460DF1270152F8040B43F8040BC2
:10C720008A42F9D112781A7020460AB0BDE8F08723
:10C730002124F9E7CA280500CF28050070B58AB082
:10C74000002306460D461C48019302AA04211DF051
:10C75000D5F90446E8B901AB02AAFF2102F0F2F8CC
:10C760000446B0B9019806AB102231461DF0D9F944
:10C77000044670B99DF826301B0203F47C529DF8E4
:10C7800027301343ADF802306FEA43436FEA534357
:10C790002B8002A810211CF0A2F906A810211CF081
:10C7A0009EF902210DEB01001CF099F901A81DF082
:10C7B00018F920460AB070BDD428050038B5094BD9
:10C7C0001B681C680A4654B101462569206801238C
:10C7D000A847002840F2025018BF002038BD1120A1
:10C7E000FCE700BFBC1100200B4B1B6873B51D6834
:10C7F00002460C465DB161B1EE69286801AB0121CA
:10C80000B04710B9BDF80630238002B070BD1120CA
:10C81000FBE72120F9E700BFBC1100202DE9F74319
:10C820001B4E33681B68054663B300884FF6FF73E1
:10C83000984229D00DF10601FFF7D6FF0446E8B96A
:10C8400005F1020833682A88186804F00107D0F857
:10C85000109000683B460121C84718B9012C0DD043
:10C860000124EFE73368298818683A46D0F80C901D
:10C87000006808EB0403C8470028EFD0002003B08D
:10C88000BDE8F0831120FAE740F20250F7E700BF5D
:10C89000BC1100202DE9F043DFF8A8801F46D8F82E
:10C8A00000301B6887B006460D461446002B44D066
:10C8B0001DF093F834EA000141D1D8F8003018682F
:10C8C0002A46D0F8109000680123C84728B940F2E2
:10C8D0000254204607B0BDE8F0830DF10A0130464E
:10C8E000FFF782FF18B9BDF80A30AB42EFD1D8F894
:10C8F00000308DF80C4018680E9BADF80E50CDE955
:10C9000000733246446A006803AB0121A047044625
:10C9100028B140F20343984208BF0024D9E73046CB
:10C920001CF02BFC052304A88DF81030ADF8126024
:10C93000ADF81450FFF780FCCBE71124C9E72124A0
:10C94000C7E700BFBC1100200B4B1B6873B51D6807
:10C9500002460C465DB161B1EE69286801AB002169
:10C96000B04710B99DF80630237002B070BD112099
:10C97000FBE72120F9E700BFBC1100202DE9F04FB3
:10C98000264F87B000238DF817303B681B6804469C
:10C99000002B3ED000884FF6FF7398423BD00DF13C
:10C9A0001601FFF7D1FF064618B1002007B0BDE819
:10C9B000F08F251D4FF0010A284605F104091DF0EE
:10C9C00010F848461DF00DF83B682288186806F0FC
:10C9D0000108D0F810B0006843460021D84728B9B4
:10C9E000012E05F10C05E0D00126E5E73B68218822
:10C9F000186805F10803CDE90293CDE900A50DF112
:10CA00001703D0F8049000684246C8470028E7D0D2
:10CA1000CBE71120CAE740F20250C7E7BC11002063
:10CA20002DE9F041DFF870801E46D8F800301B6811
:10CA300086B005460F4614464BB31CF0CEFF34EAD1
:10CA4000000126D1D8F800308DF80C4018680C9BF6
:10CA50008DF80E70CDE900632A46446A006803AB86
:10CA6000A047044640B140F20343984208BF002467
:10CA7000204606B0BDE8F08128461CF0A2FB04A8C1
:10CA80008DF81040ADF81250FFF7D6FBF0E71124F7
:10CA9000EEE72124ECE700BFBC1100202DE9F043B4
:10CAA0001E4685B00023CDE90233244BDDF83090DB
:10CAB0001B681B6888461746002B3AD0FFF7C6FB59
:10CAC0000446002837D000880DF10701FFF73CFF2E
:10CAD000054608BBB8F1000F02D19DF807302BB313
:10CAE0000C2101FB08446068A3680290247B039337
:10CAF0001CF075FF03981CF072FF1FB1029B3B6096
:10CB0000002302931EB1039B336000230393B9F10A
:10CB1000000F01D089F8004002A81CF062FF03A8B2
:10CB20001CF05FFF284605B0BDE8F08340F20255D7
:10CB3000F2E71125F6E740F20255F3E7BC110020B9
:10CB40002DE9F04F8DB0324D05930023CDE9073329
:10CB500009932B681B680F461646002B53D0FFF72E
:10CB600075FB8146002850D000880DF11B01FFF7AE
:10CB7000EBFE0DF1280804460DF1240B0DF1200AFF
:10CB800000282CD11FB99DF81B10002938D02A6825
:10CB9000B9F800101068CDF800A0CDE901B807ABD6
:10CBA000846800683A46A0470446C0B916B1079B9E
:10CBB00033600790059B23B1059A089B13600023FF
:10CBC0000893179B23B1434603CB179B186059600A
:10CBD000169B23B1169A099B13600023099307A89B
:10CBE0001CF0FFFE58461CF0FCFE50461CF0F9FEFF
:10CBF000082140461BF073FF20460DB0BDE8F08FC2
:10CC000040F20254EBE71124F6E740F20254F3E756
:10CC1000BC1100202DE9F341164F05461CF0DDF94B
:10CC20003B681B6806461BB35B6E23B90024204695
:10CC300002B0BDE8F0810DF107012846FFF784FE40
:10CC400004460028F3D14FF02808B442EED03B68E8
:10CC50001B685B6E586808FB04008388AB4201D0F8
:10CC60000134F2E7FFF72CFB0028F9D00446DEE799
:10CC70001124DCE7BC1100202DE9F04F8FB00646EF
:10CC800005930023CDE90933754BBDF860A01B68FF
:10CC9000BDF864B01B6888469146002B00F0DD802B
:10CCA0000DF122015F6EFFF74FFE0546002840F0B0
:10CCB0009680B8F1000F04D19DF82230002B00F0CF
:10CCC000CA80002F00F097801CF087F900234FF0F6
:10CCD000280C984209D11CF080F97B68069300214A
:10CCE00007900B464FF0FF323DE07C680CFB03449D
:10CCF000A188B1420CD1E188494509D12189059A21
:10CD0000914205D16189514502D1A18959453FD050
:10CD10000133DEE7282000FB03FC069800EB0C043F
:10CD20004FF6FF70B4F804E0864523D0764510D165
:10CD3000B4F806E0CE450CD1B4F808E00598864575
:10CD400007D1B4F80AE0D64503D0B4F80CE0DE45CC
:10CD500010D1069850F80C408C4201D3501C48D199
:10CD60001A460133214607989842D3D106992823C1
:10CD700003FB0214059BA680A4F806902381A4F867
:10CD80000AA0A4F80CB02046FFF79AFA00285DD15B
:10CD90003B6823600C2101FB084401333B6063695D
:10CDA00020690A93237E09908DF823301CF017FE2A
:10CDB0000A981CF014FE1A9B23B11A9A099B13605F
:10CDC000002309931B9B23B11B9A0A9B136000232A
:10CDD0000A931C9B1BB11C9A9DF82330137009A861
:10CDE0001CF0FFFD0AA81CF0FCFD28460FB0BDE8B2
:10CDF000F08F0C46B5E7059B1A4A0093CDE901ABCD
:10CE00004B460921DFF858900BA8FFF76DF8D9F8C9
:10CE10000030044618683246D0F810A00068434637
:10CE20003946D047A0B1D9F8003018680DF1230376
:10CE300003930AAB029309ABCDE900434246446831
:10CE400000680BAB3146A0470028B4D00546C6E7C2
:10CE500040F20250FAE72125C1E71125C5E700BFDE
:10CE6000BC110020A02805002DE9F0414B4E33688D
:10CE70000546186886B08846002800F08D80C46991
:10CE8000006802AB2A460021A047044600287FD153
:10CE90009DF80A70012F03D0022F0BD0212477E0D8
:10CEA000A8F10203012BF9D8B8F1030F05D04FF018
:10CEB00002081CE0B8F1030FF0D103A9012001F032
:10CEC00083FD0446002863D1039BA34230D8336816
:10CED0001B6829461A6C186890470446002857D1E9
:10CEE00028461CF087F92846FFF73AFAA04633682F
:10CEF0001B6842461C6A18682946A0470446002859
:10CF000046D133681B6801469E6C18682A46B047B4
:10CF1000044600283CD1032304A88DF81030ADF856
:10CF200012508DF814708DF81580FFF785F92FE0F9
:10CF30000DF106022146012001F078FD38BB33686F
:10CF4000BDF8062018680121D0F81C80006804ABE9
:10CF5000C047E0B9BDF81230AB4201D00134B3E7AD
:10CF60003368BDF806101B685A6C1868904770B992
:10CF7000BDF806001CF01AF93368BDF806201B68DE
:10CF80000121D3F848801868C0470028E6D004463D
:10CF9000204606B0BDE8F0811124F9E7BC1100205D
:10CFA000F0B51F4F3B680546186885B00E4600284F
:10CFB00033D0C469006801AB2A460021A04704466B
:10CFC00040BB9DF80630012B02D11EB9212421E07F
:10CFD000002BFBD13B681B6832461C6B1868294646
:10CFE000A0470446B0B928461CF004F92846FFF7CC
:10CFF000B7F93B681B6821469E6C18682A46B04703
:10D00000044638B9022302A88DF80830ADF80A505A
:10D01000FFF712F9204605B0F0BD1124FAE700BF72
:10D02000BC1100202DE9FF41224E336805461868E7
:10D030000F46002839D0C469006801AB2A46012197
:10D04000A047044668BB3368BDF80620186821462F
:10D05000D0F81C80006801ABC047044608BB9DF8AF
:10D060000680B8F1010F22D133681B683A465C6B29
:10D0700018682946A047044698B928461CF096F837
:10D0800033681B682A469C6C18684146A0470446D2
:10D0900038B9072302A88DF80830ADF80A50FFF719
:10D0A000CBF8204604B0BDE8F0811124F9E7212433
:10D0B000F7E700BFBC1100202DE9F041504F3B685D
:10D0C0001B6886B006460D46002B00F096800128AE
:10D0D00004D8B1F5805F21D321241BE00228FBD1C5
:10D0E0000A04F9D49C6A0A4601461868A047044617
:10D0F00080B93B681B682A46DC6A18683146A0473D
:10D10000044638B90A2304A88DF81030ADF812503F
:10D11000FFF792F8204606B0BDE8F081012818D14B
:10D1200008461CF019F83B681B682A469C6A186878
:10D130003146A04704460028ECD13B681B682A46CC
:10D14000DC6A18683146A04704460028E2D106236D
:10D15000D9E702A9012001F037FC04460028D9D103
:10D160000646029BB34218D828461BF0E5FF3B68F1
:10D170001B682A469C6A18680021A04704460028BC
:10D18000C8D13B681B680146DE6A18682A46B0476A
:10D1900004460028BED10123B5E70DF10602214661
:10D1A000012001F043FC30BB3B68BDF80620186845
:10D1B0000121D0F81C80006803ABC047D8B9BDF886
:10D1C0000E30AB4202D001340136CAE73B68BDF8ED
:10D1D00006201B680121D3F828801868C04750B981
:10D1E00006238DF8103004A8BDF80630ADF81230D3
:10D1F000FFF722F8E8E704468CE711248AE700BF2E
:10D20000BC110020F0B5030487B005460C46164655
:10D2100003D52124204607B0F0BD114F3B681B68A1
:10D22000E3B11CF0DAFB34EA0000F2D13B688DF880
:10D230000C401C68CDE9006003AB666A20682A4692
:10D240000221B04704460028E4D1092304A88DF840
:10D250001030ADF81250FEF7EFFFDBE71124D9E7ED
:10D26000BC11002070B5044610461A46230486B04F
:10D270000D4611D480B17AB1042302AE0093019619
:10D28000064B2021FFF790F820B932462946204668
:10D29000FFF7B8FF06B070BD2120FBE7D9280500D5
:10D2A000044B1B681B68014613B1DA6C1868104701
:10D2B00011207047BC1100200B4B1B681B6813B575
:10D2C0007BB15A6D18689047044638B90C23ADF805
:10D2D000020068468DF80030FEF7AEFF204602B02F
:10D2E00010BD1124FAE700BFBC1100200B4B1B68D6
:10D2F0001B6813B57BB19A6D18689047044638B91E
:10D300000D23ADF8020068468DF80030FEF794FF5B
:10D31000204602B010BD1124FAE700BFBC11002066
:10D320000A4B1B681B6813B501466BB11A6D186870
:10D330009047044628B90B2368468DF80030FEF765
:10D340007BFF204602B010BD1124FAE7BC1100207B
:10D3500010B50A4686B070B169B1042302AC0093DF
:10D360000194064B2021FFF71FF810B92046FFF764
:10D37000D7FF06B010BD2120FBE700BFD92805006C
:10D38000F8B5174E33681D683DB36B6E1BBB1BF0C1
:10D3900024FE0446D8B1082018F0DAF8074650B148
:10D3A00028204443204618F0D3F80346786020B97B
:10D3B000384618F0D1F81A2010E004444FF6FF72F6
:10D3C0009A802833A342FBD100233B606F66336809
:10D3D000044A1B689A66002000E00220F8BD00BFE6
:10D3E000BC110020E78F040010B5074C23681B68B0
:10D3F00043B19A6E32B1586E904723681B68002281
:10D40000C3E9192210BD00BFBC1100202DE9F8436B
:10D41000264D2B681B68002B38D0FFF7E5FF2B68E3
:10D420001B681C6E6CB1F2F7AFFF02892068002305
:10D430004FF6FF719A422BD818F08EF8204618F05C
:10D440008BF82B681B68DE6D00241C667EB1F2F73A
:10D450009BFFC7884FF01C084FF6FF79A74233683F
:10D460001AD8184618F078F8304618F075F82E6873
:10D4700030680024C4655822214604301FF055F955
:10D480003068046018F068F82B681C60BDE8F88309
:10D4900020F823100133CDE708FB04F298189B5ABB
:10D4A0004B4501D01BF084FD0134D7E7BC110020AF
:10D4B0002DE9F0472E4D064670202C680F4618F0D7
:10D4C00047F82B682060D3F80080B8F1000F04D132
:10D4D000FFF79CFF1A20BDE8F087F2F755FFB0F880
:10D4E0000690042018F034F804460028F0D04FF0DD
:10D4F0001C0A0AFB09F018F02BF8206018BB204624
:10D5000018F02AF8E4E70AFB03F101334252994587
:10D51000F9D82B68C8F85C40D3F80090F2F734FFD4
:10D52000B0F80880042018F013F804460028CFD083
:10D530004FEA880018F00CF820600028DFD00023A4
:10D540004FF6FF7206E000234FF6FF72DFE720F888
:10D55000232001339845FAD82B68C9F860401C682D
:10D5600058223946201D1FF0B8F826600020B2E787
:10D57000BC110020F8B50E4615461C46074640B1C2
:10D5800011F057FA0FF0BCFB0021024638461FF09D
:10D59000CCF84EB1304611F048FA0FF0B3FB002141
:10D5A000024630461FF0C1F84DB128460FF046FC48
:10D5B0000FF0AAFB0021024628461FF0B6F84CB136
:10D5C00020460FF03BFC0FF09FFB00210246204657
:10D5D0001FF0ABF8054C23689B68586917F0BCFF37
:10D5E00023689B6800225A61F8BD00BFBC1100206F
:10D5F00010B5044610F0EAFB0FF080FB0021024654
:10D6000020461FF092F8024B1B689B689C6010BD7F
:10D61000BC1100202DE9F047DFF898A01C46DAF88D
:10D6200000309B685B6981468846174613B1192014
:10D63000BDE8F0870FF064FB05460FF063FB05447F
:10D640000FF062FB05448CB30FF05EFBDAF800309C
:10D6500028449E6817F07CFFDAF8003070619B6800
:10D660005B69002BE3D0C9F800300FF049FBDAF812
:10D6700000309B685B690344C8F8003005460FF032
:10D6800041FBDAF800309B685B6905442B443B6042
:10D690000FF03AFB64B1DAF800309B680544586932
:10D6A000054425600FF030FB0020C1E72046CDE7A0
:10D6B0002046BDE7BC11002038B50D4D2B68B3B135
:10D6C0009B68A3B1186817F047FF2B689B6800247C
:10D6D00058691C61C3E90044C3E9024417F03CFFE8
:10D6E0002B689868446117F037FF2B689C6038BD41
:10D6F000BC110020F8B5214D2C68A768002F3BD144
:10D70000182017F025FF2B68A0609B681BB9FFF756
:10D71000D3FF1920F8BD0FF0EBFA04460FF0EEFA34
:10D7200004440FF0E3FA04440FF0F0FA2B682044AD
:10D730009E6817F00DFF2B6830609B681A68002AFE
:10D74000E5D05A600FF0D4FA2B689A681368034446
:10D75000936004460FF0D2FA2B689A681368044469
:10D760002344D3600FF0C2FA2B689B6820441C68E6
:10D7700004441C610FF0CAFA0020CBE7BC11002062
:10D780002DE9F843DFF878801C46D8F800309B6814
:10D790005D6881460E4617465DB300225A6002203E
:10D7A000E2F7B0FA01462846E2F7CCFA80B98022C7
:10D7B00049462846DFF7E2FF50B93A463146284647
:10D7C000E0F720F820B921462846E0F72DF8A0B16F
:10D7D00040F20344284610F049FD0FF089FA002179
:10D7E000024628461EF0A1FFD8F800309B685D6015
:10D7F00000E019242046BDE8F8830446EAE700BFAC
:10D80000BC1100202DE9F843DFF85890D9F800301A
:10D810009B681C690746884616460CB300251D61A7
:10D8200020460EF00FFE2046E0F76CF842463946DF
:10D830002046E0F773F831462046E0F779F82046B5
:10D840000EF002FE0FF062FA2946024620461EF054
:10D850006CFFD9F800309B6828461C61BDE8F8834E
:10D860001920FBE7BC1100202DE9F04387B090465A
:10D870001E4603F110020F9B9A4281460F4627D89D
:10D88000154B1B689B689D6825B300249C60284647
:10D8900010F074FA80234A460221284610F072FAEA
:10D8A000129B0593139B04930E9BCDE90283119B5E
:10D8B0000193109B00933A460D233146284610F001
:10D8C000A5FC2846FFF794FE204607B0BDE8F0838C
:10D8D0002120FAE71920F8E7BC1100202DE9F041DA
:10D8E00086B01C460D9BA34280460E4617462CD39D
:10D8F000184B1B689B689D684DB300229A602846B0
:10D9000010F03CFA802342460221284610F03AFAF1
:10D91000109B0593119B04930C9BCDE902730F9B05
:10D9200001930E9B009321460D233246284610F0AA
:10D9300083FC0028284641F2050408BF0024FFF7B5
:10D9400057FE204606B0BDE8F0812124F9E71924EE
:10D95000F7E700BFBC110020F7B5144F01913A68FA
:10D960009268D4680646FCB10025D56020460EF0CA
:10D9700007FC8022314620460EF00CFC019B012161
:10D980001A4620460EF06AFC20460EF0FDFB0FF012
:10D99000ADF92946024620461EF0C7FE3B689B684B
:10D9A0002846DC6003B0F0BD1920FBE7BC11002065
:10D9B00070B586B0002305460E4605AA04A903A843
:10D9C000CDE903330593FFF725FE044648B90398D4
:10D9D00011F00AF803980321E2F77AFD50B140F202
:10D9E00003440398DDE904120023FFF7C3FD20463A
:10D9F00006B070BD049810F0E9FF05980FF018FA12
:10DA0000DDE904210B4B0398009410F02AFF002855
:10DA1000E5D12946049820220FF0FFFA049820222D
:10DA2000A9180C300FF0F9FA0598202231460FF0B2
:10DA3000F4FAD6E7D79204002DE9F0411F469EB0D4
:10DA40000023CDE90233CDE904330D461446002806
:10DA50007CD000297AD0002A78D0002F76D005AB70
:10DA600004AA03A902A8FFF7D5FD064600283FD166
:10DA7000029810F0B9FF039810F0A8FF05980FF076
:10DA8000D7F904980FF0D4F902980321E2F720FDAA
:10DA900006AB224604F1200E9C46106851681C46D5
:10DAA00003C4083272452346F7D10EAB02F1200EB3
:10DAB0009846106851681C4603C4083272452346D4
:10DAC000F7D16146202203980FF086FA03982022AE
:10DAD00041460C300FF080FA0398012118300FF006
:10DAE00032FADDE90201E2F73BFA58B141F20506EC
:10DAF000DDE90423DDE90201FFF73CFD30461EB0FD
:10DB0000BDE8F08116AB2A4605F1200C1D461068D1
:10DB100051681C4603C4083262452346F7D12022CF
:10DB2000294604980FF058FA00230193084B0093FC
:10DB300005990298DDE90323E2F780F90028D5D1A1
:10DB40000598202239460FF068FAD1E72126D5E75B
:10DB5000D79204000C4A1268526803465069418803
:10DB6000994210B503D0C18A994201D1143010BD39
:10DB7000064C002163802170D36A20469847002814
:10DB80000CBF20460020F2E7BC110020923100209B
:10DB900070B50446F2F7F8FB084BC1881D680022F7
:10DBA00026268A4201D3002070BD6B68586806FBA8
:10DBB00002004388A342F7D00132F2E7BC110020F3
:10DBC00070B50446F2F7E0FB084B01891D6800229E
:10DBD00026268A4201D3002070BD6B68D86806FBF8
:10DBE00002004388A342F7D00132F2E7BC110020C3
:10DBF0004FF6FF729142034608461AD0042B18D8FC
:10DC0000DFE803F0030507091100FFF7C1BFFFF7C5
:10DC1000D7BFFFF79FBF084B1B685B68996912234A
:10DC200003FB00107047044B1B685B68D969222313
:10DC3000F6E70020704700BFBC110020F0B50C468D
:10DC400087B0114620461646FFF7D2FF054600284A
:10DC500057D0012C1CD0022C32D0002C54D14FF6BE
:10DC6000FF734380047004711022214605301EF0BA
:10DC70005CFD1022214605F115001EF056FD234BD8
:10DC80001B685A681368013B1360204607B0F0BD5B
:10DC90004FF6FF73002443808380047010222146D6
:10DCA00006301EF042FD1022214605F116001EF03E
:10DCB0003CFD164B1B685A689368013B9360E4E790
:10DCC000124BC6F30E041F686CB94FF6FF73438006
:10DCD00004701022214604301EF027FD7A68136973
:10DCE000013B1361D1E70021102202A88DF8041036
:10DCF000ADF806601EF019FD7B6801A81B6B984704
:10DD0000C4E740F20250C1E72120BFE7BC11002068
:10DD10002DE9F0478AB0F2F737FB00230589099314
:10DD2000CDE90533CDE9073306AB019307AB00938B
:10DD300008AA09AB05A928461BF0DEFB0446F0B98A
:10DD40000146224826274FF6FF7CA646A942DDE978
:10DD5000089318D3069A0292079A0394CDE90032E9
:10DD60000121059A4B46002001F022FA069B009300
:10DD70000446DDE90812079B05981BF0A8FB204626
:10DD80000AB0BDE8F08702685268D26807FB01F666
:10DD90003244B2F80280E04515D002F1060A16328C
:10DDA00049F824A043F82420079B03F804E0059BCE
:10DDB00023F8148003685B68DB681E44069BB28806
:10DDC00023F8142001340131C0E700BFBC1100204A
:10DDD0002DE9F04389B0F2F7D7FA0023C588019303
:10DDE000CDE90433CDE9063305AB009306AA07ABB2
:10DDF00004A928461BF080FB0446E0B91C4E0146EE
:10DE000026274FF6FF7C8646A942DDE9063016D369
:10DE1000059A03940025CDE900022946049A02954B
:10DE2000284601F0C5F9DDE906120446059B049871
:10DE300000951BF04CFB204609B0BDE8F08332682A
:10DE40005268526807FB0122B2F80280E0450DD00B
:10DE500002F10509153243F8249040F82420059B6F
:10DE600003F804E0049B23F8148001340131CBE76C
:10DE7000BC11002038B50D46284611461C46FFF758
:10DE8000B7FEB8B1012D05D0022D01D06DB100242F
:10DE9000204638BD002CFBD11022811D06481EF003
:10DEA0000CFC041E18BF0124F2E7002CF0D1102254
:10DEB000411DF3E70446EBE76829050008B5034B6D
:10DEC0001B685B685B6A9847013008BDBC11002085
:10DED000F0B589B0002206AB0093019207AB05A90B
:10DEE0000220CDE9052207921BF006FB044668BB21
:10DEF000024618484FF6FF75264603685B685B6963
:10DF000013445988A94209D0079F043347F82430A5
:10DF1000069B1E55059B23F8141001341432282A41
:10DF2000EBD1069B01930025079B059A0394009370
:10DF300002212B460295284601F03AF9DDE9063226
:10DF400004460095059829461BF0C1FA204609B001
:10DF5000F0BD00BFBC1100200129F8B503D1BDE818
:10DF6000F840FFF7D5BEA1BBFFF7D2FE0446D0B9FB
:10DF7000FFF72EFF0446B0B9F2F706FAC688700024
:10DF800017F0E6FA054630B3144B18684FF6FF71E8
:10DF90002627A64209D83146284619F0FEFD044638
:10DFA000284617F0D9FA2046F8BD436825F8141022
:10DFB0005B6807FB04335A888A4208D01B791B032D
:10DFC00003F44053C2F30B02134325F81430013419
:10DFD000DFE72124E7E71924E5E700BFBC110020B3
:10DFE000F8B50E4605461BF021FB17490F680024C3
:10DFF0004FF0120CA04201D11A2022E07A689269F7
:10E000000CFB04F31A4492F811E0BEF1000F19D191
:10E0100028460132103550F8047B42F8047BA842B0
:10E02000F9D10A68526892690020D118D0540123AE
:10E030004B74064B03EA440343F0E04343F001030F
:10E040003360F8BD0134D5E7BC110020FEFF0100AC
:10E050002DE9F047294F81460C4615464FF0000840
:10E060004FF0820AF2F790F990F82830B8EB430F9E
:10E0700002D340F203503BE03B685B68196A0AFB3D
:10E0800008F6314491F88130A3BB481CB9F1000F68
:10E0900029D04B4609F1400253F8041B40F8041BF9
:10E0A0009342F9D13B685B68ACB11B6A334441339E
:10E0B00004F1200254F8041B43F8041B9442F9D1E4
:10E0C0003B685B681A6A002093199055012283F817
:10E0D00081202B600CE0186A304420222146413018
:10E0E0001EF023FBECE74131FFF762FC0028E7D08C
:10E0F000BDE8F08708F10108B4E700BFBC110020BB
:10E1000038B54FF400400C46FFF724FD38B14CB150
:10E11000054D28461BF0A4FB2560002038BD40F2C9
:10E120000250FBE72046F9E701000150F0B587B047
:10E1300004460E461546FFF7C1FE02281AD9C4F35D
:10E140000E03BBB10023ADF806402A468DF804301B
:10E1500002AC103510685168234603C30832AA4246
:10E160001C46F7D1254B1B685B6801A81B6B9847C1
:10E1700007B0F0BDFFF7A2FE022803D1C4F30E03DF
:10E18000002B33D12046FFF7E5FC58B132780378F5
:10E190009A422DD11022294604301EF08EFA38BB47
:10E1A0000020E5E7154B19684B685B6958884FF606
:10E1B000FF72904203D0D88A90421CD114332A4671
:10E1C000181D103552F8047B40F8047BAA42F9D19F
:10E1D0005C8032781A704A681369C4F30E04013304
:10E1E0001361002CDCD1FFF773FED9E72120BFE7D4
:10E1F00040F20150BCE740F20350B9E7BC110020E7
:10E200002DE9FF410129DDE90A4517461E4672D076
:10E21000022900F0D880002940F0DD8034B91021B7
:10E2200068461AF050F8044640BB6C463846FFF783
:10E23000AFFC804630B300F11501102220461EF0DD
:10E240003CFA00286CD1B27898F80430934267D138
:10E25000317898F80020914262D1002B7BD0002DBC
:10E260005ED0102208F1050128461EF026FA40F281
:10E27000015440F20343002808BF1C46204604B066
:10E28000BDE8F0814FF6FF70FFF782FC8046002862
:10E2900000F0968000F1150304F1100254F8041BFD
:10E2A00043F8041B9442F9D108F10500F5B1034687
:10E2B00005F1100255F8041B43F8041B9542F9D1EF
:10E2C000A8F80270337888F80030B37888F8043002
:10E2D000424B1B685A68136801331360FFF778FDDF
:10E2E000102168461AF0FBFB0024C7E710222946DC
:10E2F0001EF01BFAE4E73CB91021684619F0E3FF71
:10E3000004460028BAD16C463846FFF759FC8046CF
:10E3100020B300F11601102220461EF0CEF910B1F4
:10E3200040F20154AAE7B8F8043070889842F7D157
:10E33000327898F800309A42F2D1FFF729FC03793D
:10E340004BB1002DECD0102208F1060128461EF03A
:10E35000B4F90028E4D140F203448FE74FF6FF7090
:10E36000FFF72EFC804658B300F1160304F11002AB
:10E3700054F8041B43F8041B9442F9D108F1060039
:10E38000CDB1034605F1100255F8041B43F8041BF8
:10E390009542F9D1A8F80270337888F80030738874
:10E3A000A8F804300D4B1B685A68936801339360DA
:10E3B000FFF7AEFC94E7102229461EF0B6F9E9E714
:10E3C00040F203545AE722461946384604B0BDE8E5
:10E3D000F041FFF7ABBE212450E700BFBC11002085
:10E3E00038B5294C23685B68002B4BD0FFF70EF83B
:10E3F00023685B68586800251D6020B117F0ACF8F1
:10E4000023685B685D6023685B68D86800259D6051
:10E4100020B117F0A1F823685B68DD6023685B68B2
:10E42000586900251D6120B117F096F823685B68D4
:10E430005D6123685B68986928B117F08DF82368DF
:10E440005B6800229A6123685B68D86928B117F07D
:10E4500083F823685B680022DA6123685B68186AC6
:10E4600028B117F079F823685B6800221A621CF063
:10E4700019F9FFF721F92368586817F06DF8236838
:10E4800000225A6038BD00BFBC1100202DE9F04FBA
:10E490000A4D2C681F4663688DB006468946904633
:10E4A000002B40F02482342017F052F82B68606073
:10E4B0005C682CB91A24FFF793FF62E1BC110020BD
:10E4C000169BE762C4E909982363FFF713F9044632
:10E4D0000028F0D1F1F758FF00F052FD0446002863
:10E4E000E9D1B049FEF7E4FF04460028E3D1304605
:10E4F000FDF73EFF04460028DDD11BF097F82B689E
:10E500000646122070435F6817F022F82B68B86146
:10E510005F68BB69002BCDD022462146964203F1AD
:10E52000120340F03281222017F012F82B68F861B4
:10E530005B68DB69002BBDD000261E7083F821606C
:10E54000F1F722FF90F828702B687F008220784333
:10E55000D3F8048016F0FCFF2B68C8F820005B6835
:10E560001B6A002BA6D0BC4203F1820340F013814A
:10E57000CDE90866CDE90A66F1F706FFC7882B6882
:10E580004FF0260808FB07F05C6816F0E1FF2B68E7
:10E5900060605B685B68002B00F04B8109AB009307
:10E5A00001960BAB0AAA08A938461AF0A5FF044643
:10E5B00038BBDDE90A202968A74200F2F58007ABE5
:10E5C0000493099B00920021CDE901030391089B6C
:10E5D0003A46084600F0F8FC044690B94FF0260A87
:10E5E0008046A74200F2EC801BF0A2F9044640B935
:10E5F00006462627079A2B6896425B68C0F0108172
:10E600001A6000230093DDE90A12099B08981AF0AA
:10E610005EFF002C7FF44FAFCDE90744CDE90944FC
:10E620000B94F1F7B1FE07892B68262606FB07F04D
:10E630005C6816F08DFF2B68E0605B68DB68002B80
:10E6400000F03E8108AB019309AB00930AAA0BAB23
:10E6500007A938461AF050FF044600287FF42BAF74
:10E66000DDE90A212868A74200F2E78006AB04939F
:10E67000089B0393099B0092CDE901133A46079B3F
:10E680000121002000F0A0FC0446A0B906464FF08E
:10E69000260B8246D5F80090069AD9F80430B74286
:10E6A00000F2D88000262627069A2B6896425B68DF
:10E6B000C0F0FD809A60089B0093DDE90A12099B77
:10E6C00007981AF004FF002C7FF4F5AE2B680B942A
:10E6D00028205E68CDE9094416F03AFF2B68706186
:10E6E0005B685B69002B00F000810AAB019400932A
:10E6F00022460BAB09A902201AF0FEFE04460028B0
:10E700007FF4D9AE2B680B9A5B685B69191D1833CF
:10E710001160536008ABCDE903030A9B0090CDE97B
:10E7200001230222099B114600F04EFC0446F0B979
:10E7300006464FF0140B8246D5F80080DDF8209095
:10E74000D8F804305B690BFB06F7B14503EB070013
:10E7500040F2BC80099A03F807A032F816304380D3
:10E76000002E00F0B180D8F80430C3F810900021DA
:10E77000DDE90A32099800911AF0A9FE002C7FF415
:10E780009AAE20460DB0BDE8F08F03F8121C03F8D6
:10E79000011C0132C2E603F8826C03F8016C0134FB
:10E7A000E1E600BF002905004B685B6808FB043305
:10E7B0005E1D153342F8246040F824300134FBE636
:10E7C000D5F80090079AD9F804305B680AFB04F684
:10E7D000A24203EB060009D903F80680089B33F830
:10E7E0001430438080F804800134FAE610220021BE
:10E7F00005301DF09AFFD9F80430586830441022D3
:10E80000002115301DF091FFD9F804305A68931992
:10E8100002F806804FF6FF725A8083F80480E3E71F
:10E820005B6807FB063358881AF0CBFC18B9013631
:10E83000E0E61A24E5E60446E3E64368DB6806FB07
:10E84000043303F1060C163342F824C041F8243097
:10E85000013408E7DB680BFB06F8B24203EB080063
:10E860000BD903F808A0079B33F816304380089BA8
:10E8700033F81630838001360CE710220021063071
:10E880001DF053FFD9F80430D8684044102200210D
:10E8900016301DF04AFFD9F80430DA6802EB08039D
:10E8A00002F808A04FF6FF725A809A80E3E7DB680F
:10E8B00007FB063358881AF060FC18B90136F3E6F6
:10E8C0001A24F8E60446F6E6012635E71022002170
:10E8D00004301DF02AFFD8F804305B69DA1903F818
:10E8E00007A04FF6FF7353803AE71A243FE740F240
:10E8F0000154E0E507B5054B0093054A054B064971
:10E90000FFF7C4FD03B05DF804FB00BF7B96040075
:10E91000AF960400959604005790040007B5054B88
:10E920000093054A054B0649FFF7B0FD03B05DF8BB
:10E9300004FB00BF579804005D980400A9940400EC
:10E940004B90040010B40C462AB120B91BB1102919
:10E9500005D9FF2908D021205DF8044B70470549EF
:10E9600021FA04F4E107F6D55DF8044B1946104688
:10E97000FFF736BB1101010030B5E1B1D8B9D2B112
:10E980000F4803685B68DB6993F82140ACB9013339
:10E9900001F1200451F8045B43F8045BA142F9D172
:10E9A00003685B68DB6900200121187083F821107F
:10E9B000044B136030BD2120FCE71A20FAE700BFAA
:10E9C000BC11002001000090C31E012B70B50D4644
:10E9D00027D931B3012809D002280CD0F8B9124B3D
:10E9E0001B685B6818682860002070BD0E4B1B68B0
:10E9F0005B689868F7E70C4E33685B681C699B6A34
:10EA0000984733685B685B695A88B2F5004F2044C9
:10EA100003D0DB8AB3F5004FE5D10138E3E70020EE
:10EA2000E1E72120E1E700BFBC1100202DE9F84318
:10EA3000C31E012B0446884617463DD9002A3BD009
:10EA400002281AD088B1012813D000251B4B0026BC
:10EA5000D3F800C04FF0140E334626214FF6FF794D
:10EA6000AB420CD140F2025019E0F1F78DFCC588A1
:10EA7000ECE7F1F789FC0589E8E70546E6E7DCF80D
:10EA8000042074B9526801FB03225088484511D014
:10EA9000B0F5004F0ED046450BD138800020BDE8C0
:10EAA000F883012C01D1D268EDE752690EFB0322F5
:10EAB000EBE701360133D3E72120F0E7BC1100205A
:10EAC000F8B51E46C31E012B04460D46174604D951
:10EAD000012804D8B1F5805F05D3212026E0022863
:10EAE00001D10B04F9D429462046FFF781F8B0B3D1
:10EAF000012C1CD0022C2AD074BB411D10221A48B4
:10EB00001DF0DBFD690008B141F0010441F08055C2
:10EB100045F001051FB128461AF0A2FE3D600EB374
:10EB200014B120461AF09CFE34600020F8BD811D0F
:10EB300010220D481DF0C1FD690030B141F00054B4
:10EB400044F0010441F04055E2E70446FAE7074B80
:10EB5000002443EA4505DDE700242546DAE740F2D4
:10EB60000250E3E73046E1E7582905000100005074
:10EB700070B50D468CB0064658B351B316486A4678
:10EB800004211AF0BBFF044698B908AB10223146A5
:10EB90006846FEF7F5FD044658B9104904AB052256
:10EBA00008A8FEF7EDFD044618B906AB03CB2860B4
:10EBB00069606846102119F092FF10210DEB0100E9
:10EBC00019F08DFF08A8102119F089FF20460CB01C
:10EBD00070BD2124EDE700BFDE280500E328050015
:10EBE0002DE9F04F99B0994608460023CDE903334B
:10EBF000DDF8908005939246FEF7CAFF054600288F
:10EC000000F08980454814AA04211AF077FF08AF64
:10EC1000044610AE002861D105EB0A1505354FF00A
:10EC2000060A3F4B0197CDF800A014AA10212846F0
:10EC3000FDF7BAFB0446002850D13A4814AA042133
:10EC40001AF05CFF0446002848D1CDE900A6344BF9
:10EC500014AA10212846FDF7A7FB044600283DD141
:10EC6000314814AA04211AF049FF0446002835D17E
:10EC70000DF1300BCDE900AB294B14AA1021284629
:10EC8000FDF792FB044648BB06A92846FFF770FF34
:10EC9000044618BB03A93846FFF7A2F90446E8B9B1
:10ECA00005A93046FFF79CF90446B8B904A95846AF
:10ECB000FFF796F9044688B9039BC9F80030239BF7
:10ECC000059A1A60229B049A1A6006AB039005907D
:10ECD000049003CBC8F80000C8F8041003A81AF089
:10ECE00080FE05A81AF07DFE04A81AF07AFE102115
:10ECF000384619F0F4FE1021304619F0F0FE1021CC
:10ED00000CA819F0ECFE082106A819F0E8FE204630
:10ED100019B0BDE8F08F40F20254F8E7E928050089
:10ED2000EE280500F5280500FA2805000378012BD8
:10ED300003D1044B1B6813B11847F0F79DBC0220A8
:10ED4000704700BFAC2E00200378012B03D1044B89
:10ED50001B6813B11847F0F7B9BD0220704700BF18
:10ED6000A02E002010B50378012B05D1054B1B68A0
:10ED700033B1BDE810401847F0F790FC80B210BDE9
:10ED80000220FCE7A82E002013B5014306481446D4
:10ED900001AB6A46006803F009FEE1F7FBFE08B923
:10EDA000019B236002B010BD601000207FB50F4EA4
:10EDB000014315461C4602AA03AB3068019103F0DB
:10EDC000F5FDE1F7E7FE70B92368039A0199306811
:10EDD0009342A8BF13462A4603F09AFDE1F7DAFEF4
:10EDE00008B9039B236004B070BD00BF6010002011
:10EDF00008B513460A4640F480210348006803F032
:10EE00003DFDE1F7C7FE08BD6010002008B5044BCA
:10EE100040F48021186803F00FFEE1F7BBFE08BD47
:10EE20006010002008B513460A4640F4C02103488C
:10EE3000006803F023FDE1F7ADFE08BD601000207F
:10EE400008B5044B40F4C021186803F0F5FDE1F764
:10EE5000A1FE08BD60100020044A0346106800B9F6
:10EE6000704702889A42FBD00069F8E7982F00208B
:10EE700010B588B01022019001210DEB02001DF0A9
:10EE800054FC074A019B92E8030002AC84E80300AB
:10EE90000822214604A816F0B4FD08B010BD00BF3A
:10EEA0006817002008B5DDF751FD024BC3E90001EA
:10EEB000002008BD6817002010B5044C206800B978
:10EEC00010BD03692360E9F76DFDF7E7982F002077
:10EED0002DE9F04707460D46002401F10209A7423B
:10EEE00005D80E4B18680023A8B9BDE8F08735F89F
:10EEF000240000211AF0D2FF39F824A08046002611
:10EF0000564501D30134EAE708EB060080B2FFF76B
:10EF10007DFF0136F4E783600069E5E7982F002064
:10EF20002DE9F041804614461F46FFF795FF0D4638
:10EF30000646F8B901F11400E9F714FDE0B10F4BF2
:10EF4000C4601A68A0F80080C0E9015400F11404FC
:10EF5000026118602A46214640461AF038FF38B14F
:10EF600001233B702A46314620461DF0DEFB304629
:10EF7000BDE8F0812120FBE71920F9E7982F002058
:10EF800008B921207047C38801335B105A1E0F2A2D
:10EF9000F7D80A4A1360038901335B105A1E0F2AFF
:10EFA000EFD8074A1360038B04339B085A1E0F2ABD
:10EFB000E7D8044A00201360704700BFA42F002048
:10EFC0009C2F0020A02F00202DE9F04FA9B0CDE903
:10EFD00005230023CDE90C33CDE90E33CDE9083309
:10EFE0000A938DF82C30894600296BD16D4B1B6834
:10EFF0000393039B002B00F0D1805020E9F7B2FC73
:10F000000546002800F0CC800026374639464846A1
:10F010001BF03BFB04461BF011F8002800F0BC80FD
:10F02000502220460DEB02011AF0D1FE04460028C2
:10F030003ED150220DEB020128461DF04EFB0CA8DC
:10F040001BF00AFB21460D2208A81DF06EFB05F1FE
:10F050004C030193042300932A464C2308A90CA8CF
:10F060008DF8209016F09EFC1022044600210CA87A
:10F070001DF05BFB0D22002108A81DF056FBBCB95A
:10F080002B780493049A0121222313FB0213079384
:10F090008B46A2462346049A924502D0059A964290
:10F0A00015D3059B9E4277D0039B01379F42ADD17C
:10F0B0002846E9F777FC0CB9369B1E60204629B03C
:10F0C000BDE8F08F01290CBF374B384B8FE7B9F102
:10F0D000010F35F80B200BF102080DD80698C2F38A
:10F0E0000B0120F816103499120B8A55329A002A17
:10F0F00045D10BF1120811E0069921F81620349A37
:10F1000005EB0801935510A81022CDE91033CDE985
:10F1100012331DF0D2FA00230028EAD0339905EB10
:10F12000080251F8261002F1100052F804CB41F801
:10F1300004CB8242F9D1B9F1010F08F1100B18D1BB
:10F1400003221046079A4FEA5A0110FB0121681862
:10F150001AF0010F427817BF8178695C120202F43D
:10F1600070620ABF12090A4342EA0112359921F876
:10F1700016200AF1010A5FFA8AFA01368BE7329A01
:10F18000A84452F8262008F1100158F8040B42F860
:10F19000040B8845F9D1ACE7002489E711248DE7F9
:10F1A00019248BE7A42F00209C2F0020A02F0020E3
:10F1B0002DE9F04F8FB0884603930023CDE90A3341
:10F1C000CDE90C33CDE90633059208938DF8243050
:10F1D00031B9694B1F68002F00F0CB8002260CE08C
:10F1E000012901D1654BF5E7654B1F68002F00F041
:10F1F000C08002290CBF042602261B9A07FB06F3D7
:10F200009342C0F0AF805020E9F7ACFB05460028E0
:10F2100000F0AD804FF0000AD3464C21284616F08E
:10F2200012FB044600283FD11B9BA3EB0A03B34209
:10F2300028BF334699462B70222303FB09F304931E
:10F24000012053464C4533D10AA81BF005FA0D2284
:10F25000002106A81DF069FA05F14C03019304236F
:10F2600000932A464C2306A90AA88DF8188016F0A8
:10F2700057FBA2441022044600210AA81DF055FAAB
:10F280000D22002106A81DF050FA6CB959464046DF
:10F290001BF0FBF950222946FFF7AAFD044618B9D6
:10F2A0000BF1010BBB45B8D32846E9F77BFB5AE0CD
:10F2B000B8F1010F059A98BF199932F813209EBF33
:10F2C000C95CC2F30B0242EA0132B8F1010F2A52C3
:10F2D00000F102020ED8039951B151F823102A44CB
:10F2E00001F1100C51F804EB42F804EB6145F9D13F
:10F2F00000F11202189951F82310A81801F1100C0E
:10F3000051F804EB40F804EB6145F9D1B8F1010F75
:10F3100002F110001AD1049924F0010202EB540208
:10F320000A441A9914F0010F02F1020C31F813107B
:10F330002A440ED015F80CE0C1F3032141EA0E0176
:10F3400005F80C101A9931F81310D17001340133FB
:10F3500078E7091151701A9A32F81320120105F852
:10F360000C20F3E71A2420460FB0BDE8F08F1924D3
:10F37000F9E71124F7E700BFA42F00209C2F0020FD
:10F38000A02F002038B50A4C21688B6ACD68013364
:10F390008B6215B10B698968A84720681622002185
:10F3A00008301DF0C2F9BDE83840F7F7D3BC00BF04
:10F3B000A81100202DE9F04104688CB002AE05468A
:10F3C0000F4620460021029171601BF06CF9162255
:10F3D000CDE9044006A81DF0A8F904AC049929B3AE
:10F3E0000023162206A812F0F3FF069B9F420DD0C1
:10F3F00094E80300E84686E80300059940461BF0C0
:10F4000075F998E8030084E80300E7E732462146EF
:10F4100028461BF051F904981BF05CF9204612F0C5
:10F42000E1FF044B1A68D36A0133D3620CB0BDE824
:10F43000F08100BFA8110020044B1B681A6A01323A
:10F4400008BF01221A62186A704700BFA811002085
:10F4500070B51B4C2668316886B079B3B5686DBB52
:10F4600008461BF020F92A46CDE9041004A93046CD
:10F470001BF022F92068049903912B4616220830CC
:10F4800012F0A6FF03A8162113F00DFA039813F04B
:10F4900051F928B903981BF01DF903A812F0A2FF37
:10F4A00000230849039800931A46F0F7E7FE18B9BD
:10F4B0002268536A0133536206B070BD0020FBE737
:10F4C000A811002085F30200234B2DE9F04FD3F85B
:10F4D00000900568D9F8004085B00746ACB3AB7919
:10F4E0002B44204693F821B01BF0DDF80023CBF32A
:10F4F000800B0646A0469A4698F80620424492F8A9
:10F500002120C2F380025A450CD2C3B1514602A851
:10F510001BF0ECF8029CCAF800507B681C6005B038
:10F52000BDE8F08F314668461BF0E0F8DDE90021C8
:10F53000B2464346002AE9D090460E46DCE7204614
:10F540001BF0B1F8C9F80050E7E7C9F8005005B062
:10F55000BDE8F04FFFF77CBFA81100202DE9F04F68
:10F560008FB0DFF848B10DF1180816F016F8002337
:10F570000693C8F80430DBF8003001908A465968D9
:10F5800008461BF090F8CDE9081008AD0DF1100900
:10F590000CAF089E16B90FB0BDE8F08FB479019991
:10F5A0000C343444E268236991427AEB030352D36A
:10F5B000237D5B0712D1099938461BF097F8DBF8D9
:10F5C00000002946424604301BF076F82846FFF733
:10F5D0007BFF97E8030085E80300DAE731793046DE
:10F5E00012F092FF002841D1CDE90A000A9B3BB1FD
:10F5F0000AA8FFF769FF002323716371A371E37108
:10F60000237DDA1D62F30203237515F0C6FF06465B
:10F6100002913846012118F056FE237DDA080A23AC
:10F6200002FB03331A219DF83020B2FBF1F20020D7
:10F630001344039315F0C3FF029B361843EB0102FA
:10F64000039B0292184615F0BAFF029A301842EB5B
:10F650000101E060216195E8030088E80300484665
:10F6600007991BF043F899E80300B4E7CDE90C00D3
:10F67000099B9E4205D197E803000AAB83E803008B
:10F68000B4E736683179304612F03EFF50B9029047
:10F690000C981BF01FF8384612F0A4FE029BCDE92F
:10F6A0000A33A3E70D9A10600D90E1E7A81100203E
:10F6B000F0B58BB00646139D01920C461F461046CE
:10F6C00012B921200BB0F0BD13F034F80028F8D0A7
:10F6D000019813F02FF8FD28F3D8162C10D00198BC
:10F6E00013F028F801308DF81000022204A901A8B7
:10F6F0008DF8114013F087F8022801D01A20E1E7B5
:10F700000DB100232B600021019B0393162204A856
:10F710008DF809108DF80A101DF007F82A2C09D170
:10F72000002F5CD00DF10A020DF109010DF10B0063
:10F73000F1F7CCF8FFF780FE119B0593129B06931F
:10F74000003FA4F12A0318BF01275C425C419DF8E9
:10F750002530049023F0030344EA47041C438DF84A
:10F76000254015F01AFF044630460F4615F027FFD6
:10F770009DF809309DF80A2003F0070343EAC2030D
:10F780008DF82430109B9DF82520201847EB0101AF
:10F79000003B18BF012363F38202CDE907018DF816
:10F7A000252004A9162203A813F02DF8C0B280B1B9
:10F7B0000398002113F0CFF803994B7943F001032C
:10F7C0004B710A4B1868043012F0BFFF0DB1049B57
:10F7D0002B60FFF7C3FEF7F7BDFA002072E70DF1CB
:10F7E0000A010DF10900F1F7D5FAA3E7A8110020ED
:10F7F00038B5094D0446286883689C4204BF00233D
:10F80000C3603CB121460430FFF7D4FD286821468F
:10F81000FFF7D0FD002038BDA81100202DE9F341ED
:10F8200015F0BBFE0F460646FFF712FEFFF796FEE9
:10F83000154B164D1B685C6820461AF034FF4FF0DC
:10F84000000834B92846214602B0BDE8F04115F061
:10F85000A6BEA1790C44A369E269B34272EB070129
:10F860000FD39B1B62EB07029D4278EB020238BF6D
:10F870002B461D46014668461AF038FFDDE9004078
:10F88000DFE70025F6E700BFA8110020FFFFE70330
:10F8900030B51B4B82691B688BB0044608924269E5
:10F8A00007920269069290F828200592C268049295
:10F8B00082680392428C0292028C019290F8252079
:10F8C00000921D68C28B90F82730818B90F826003B
:10F8D000A84728B1E56855B904F10C0012F082FD83
:10F8E0003022002120461CF020FF0BB030BD05F176
:10F8F0000C00452200211CF018FF2D68EBE700BF2B
:10F90000AC1100202DE9F04F8DB00D4607A9BDF8D0
:10F910006040DDF864B006469146984617F0AEF9AF
:10F920000746A8BBBDF81C3093B3A3425DD04FF689
:10F93000FF739C4209D13046F7F706FB002854D0EC
:10F94000E31D9BB2022B0DD822E04FF6FC739C42C4
:10F950000BD1F0F7B5FF012804D13046F7F7F4FAE0
:10F96000002842D04FF0000A33E04FF6FE739C426D
:10F9700011D108AA0DF11E010DF11B00F0F7A6FF31
:10F980009DF81B30012B03D13046F7F7DDFA60B349
:10F990000DB0BDE8F08F4FF6FD739C42D0D1F1F76A
:10F9A00067F8D8E708AB0DF11E025146284616F05D
:10F9B0006AFF204615F092FE022810D1102208A9F5
:10F9C00058461CF07AFEB0FA80F676090AF1010A70
:10F9D0005EB9284616F053FF5045E3D8D8E7BDF886
:10F9E0001E60331B5E425E41F0E7B9F1020F59D150
:10F9F000284616F0D2FD4FF6FF739842C8D128462C
:10FA000016F0C9FD1328C3D801A353F820F000BF96
:10FA100061FA02008BFA020091F9020091F90200EA
:10FA200061FA02008BFA020091F9020091F90200DA
:10FA300091F9020091F9020061FA02008BFA0200CA
:10FA400061FA02008BFA020061FA02008BFA0200EE
:10FA500091F9020091F9020061FA02008BFA0200AA
:10FA6000B8F1000F94D19DF86C3004931A9B019467
:10FA7000CDE902B3BDF85C3000934246BDF8583082
:10FA80004946284616F072FD82E7B8F1000F3FF4B0
:10FA90007FAFE8E73946284616F084FD804507F138
:10FAA0000107E0D0284616F07AFDB842F2D86FE799
:10FAB00070B50F4D2B685B68044623B12B689CB969
:10FAC0000C4A1A6011E0F0F75FFC90F822002E68F3
:10FAD00000EB4000000115F03BFD2B6870605B6897
:10FAE000002BEBD11A2001E01C60002070BD00BF8C
:10FAF000AC11002025AB020010B5064C23685868F5
:10FB000020B115F029FD236800225A6023680022E5
:10FB10001A6010BDAC1100202DE9F84F15F03DFD25
:10FB20000026244DDFF890900746884634464FF073
:10FB3000300AF0F729FC90F82230B34205D8284665
:10FB40002146BDE8F84F15F02ABDD9F800305B68B2
:10FB50000AFB06FB03EB0B0090F82420BAB153F824
:10FB60000B3042689F4278EB020119D3418C008C24
:10FB7000FAF77EFE68B1052015F021FD854274EB91
:10FB8000010304D3052015F01AFD05460C46013685
:10FB9000CFE7D9F8003058685844FFF779FEF6E708
:10FBA000DB1B62EB0802AB4272EB04013CBF1D465B
:10FBB0001446ECE7FFFFE703AC11002073B5254BBB
:10FBC0001B88ADF80430064600230D461446014656
:10FBD000012201A88DF8063012F0FAFB0128034635
:10FBE00002D0002002B070BD9DF8042091090229C6
:10FBF00009D003291AD005B12A8014B14FF6FF723B
:10FC0000228098B2EEE7024631460DF1050012F06F
:10FC1000DFFB0128E5D11DB1BDF804305BBA2B80B4
:10FC200014B14FF6FF7323800223EAE70222314624
:10FC30000DF1050012F0CCFB0228D2D125B19DF8C0
:10FC4000043003F03F032B8014B1BDF8053023804E
:10FC50000323D6E7782905002DE9F04F91B08046BF
:10FC600003939DF870300493DDE91D63BDF868903F
:10FC70000593219B0693229B07934846239B029161
:10FC80009246089315F02AFD02281B9F9DF87C40A0
:10FC90009DF8805002D1002F00F0F180FF2D02D19D
:10FCA00017F094F805462EB196F82830D90748BFCA
:10FCB00044F0400414F0040F18BF002514F0830F23
:10FCC00000F0C180F0F760FB90F82230013301931F
:10FCD00015F063FCE207CDE909014ED501210FA81B
:10FCE00018F0F1FA9DF83C0000F01F00143015F0F8
:10FCF00066FC099BDFF890B11B180B930A9B4FF031
:10FD0000000643EB01030C9331460D91F0F73CFBE9
:10FD100090F822200D995B4B96424FF0300044D36F
:10FD20001A68019E464350683044FFF7B1FD554BB9
:10FD30000B991B685A68915193190C9AA3F81EA04D
:10FD4000C3E90127059ADA60069A1A61079A5A618F
:10FD5000089A9A61029A9A83039A1A84012283F874
:10FD60002420049AA3F8229083F8252083F8268083
:10FD700083F8275083F8284043E014F0020008D0AD
:10FD800002210FA818F09FFABDF83C00C0F308004C
:10FD9000ACE72306ABD501210FA818F094FABDF803
:10FDA0003C0000F01F003C30A1E71A68D2F804C004
:10FDB00070430CEB000292F824E0BEF1000F26D154
:10FDC0000B9B13600C9BA2F81EA0C2E90137059B98
:10FDD000D360069B1361079B5361089B9361029B51
:10FDE0009383039B1384012382F82430049BA2F89D
:10FDF000229082F8253082F8268082F8275082F8F7
:10FE00002840F6F7A7FF002011B0BDE8F08F536837
:10FE10005CF80000099A82420A9A9A410ED2099A25
:10FE2000B0EB020E0A9A63EB020CDE457CEB01029A
:10FE300002D2019683461946013666E74FF0000B61
:10FE400001965946F8E70F4B089A1B682292079AC9
:10FE50002192069ACDF87090CDE91F42059A029939
:10FE6000CDE91D72039A1B92049A1A921C6852469D
:10FE70002B464046A44611B0BDE8F04F6047212014
:10FE8000C2E700BFAC110020FFFFE7032DE9F043FC
:10FE900089B000260D4604468DF81560F7F768F91D
:10FEA00007A9074630460696FEF78EFD002872D158
:10FEB000079BA3426FD90DF116022146FEF7B6FD4E
:10FEC000002868D1BDF816000DF11501FCF73CFDC6
:10FED000044600285FD1F7F733F99DF81510494E15
:10FEE000494A0139814618BF0121CDE90046BDF8D4
:10FEF00016002346FCF724FE00284CD1FFB2002F49
:10FF00009DF81520414C424F14BF02230023022AC2
:10FF100008BF43F0010363703368C4F802304FF048
:10FF200001087368C4F80630494604F10A0084F8F1
:10FF3000008016F051FD3749627833480B4600685F
:10FF400003F8012B3268C1F8012072685A60D4F8B6
:10FF50000A30C1F809300D223B4619F0E2FD064691
:10FF6000C8B93A68C4F80E207A68C4F8122016237B
:10FF70002246014612F023FC0246069035BBCDE92D
:10FF80000255CDE900552B462B212846FFF790FB63
:10FF900008B9002306931C4819F023FD069C44BBB6
:10FFA00006A812F01FFA1A48102118F098FD1548FB
:10FFB000082118F094FD17480D2118F090FD134802
:10FFC000162118F08CFD09B0BDE8F083284600F03A
:10FFD000E5FC0028DFD0104B1C68002CDBD0069B12
:10FFE0000093CDE902660196334632464146A0476A
:10FFF000CEE704F10C00452200211CF096FB24689A
:020000023000CC
:10000000CDE700BF6A3B0020A82F0020373B00202F
:100010005A3B00204D3B0020382F00202DE9F041B5
:100020001F461E4BDDF81C8016461A68137C0546D9
:100030003BBB0379C4781C44437901341C44837965
:100040001C4428235C43A408D5F80F00D5F81310EE
:10005000301A67EB010115F0A2FA4FF47A73B0FB86
:10006000F3F0A0420BD39DF81830012B0DD10021E5
:100070004046FFF70BFFC5F80F60C5F81370BDE8E9
:10008000F081013B13740524DEE7054B1B68002B50
:10009000F1D0002140469847EDE700BFB0110020A5
:1000A000AC2F0020F8B5104E33681B680D463BB1ED
:1000B00030B904461727F0F767F9C388A34200D880
:1000C000F8BD326807FB04F31268D018D35CDB0775
:1000D00007D5B0F80130AB4203D1BDE8F8401AF0C3
:1000E000CBBB0134E7E700BFB01100207FB521F0A2
:1000F0000404132C17D117290C4909688C680CBF0C
:1001000000F11305002574B1B0F811109DF92460B9
:1001100002969DF8206049BACDE9003689B21346AF
:1001200001302A46A04704B070BD00BFB0110020C6
:100130002DE9F04F8DB0C479059383790790E41AC7
:100140000F46002614F0FF019446099609D1079C3A
:10015000002C40F0298107A812F044F90DB0BDE849
:10016000F08F03F10C0505441844027B012A12D0DC
:10017000022A00F0218132B9059B2846CDE900C34F
:100180003B46FFF7B3FF099B002BE0D00024DFF8CC
:10019000B882254603E11629F5D16C7804F00103F5
:1001A0000493C4F34004B0460DE1B8F1000F0ED142
:1001B000BDF822102A4640461AF096FB00286FD15F
:1001C000474605F10A0016F004FC0B9018E0DAF837
:1001D0000030D3F814B0BBF1000F48D00BAB009344
:1001E000BDF8221008AB2A460020D84700283ED18F
:1001F00007469DF8204004F001030493C4F3400433
:10020000F6F7B6FFA04252D10B9B9E42BBD8069A8E
:10021000002A53D02A36B342B5D8BDF82260DFF8A1
:1002200024A24FF0000B1725F0F7AEF8C3889945CC
:1002300061D3BBF1000F75D09BF8003043F0010390
:100240008BF800300023CBF803308BF807308BF8A5
:1002500008308BF809308BF80A308BF80B308BF8AC
:100260000C308BF80D308BF80E30584678E0DAF809
:100270000030D3F814B0BBF1000F74D00BAB009377
:10028000BDF8221008AB2A460120D84700286AD1C1
:100290000127B8F1000F94D0ABE7B8F1000FE6D119
:1002A000BDF822102A4601201AF01EFBEEE7F6F7F1
:1002B00065FF624B98427FF666AFA5E7BDF8222046
:1002C00012B19E42FFF45FAFF6F77AFF0B9B68B95D
:1002D000A2199A42A1D2F6F751FF594B98427FF6E4
:1002E00052AF0B993046EEF76BF84CE72A369E4238
:1002F000FFF449AF91E7B8F1000F0ED1DAF8003002
:10030000186805FB09000378DB0725D4BBF1000F53
:1003100008BF834609F1010986E7F7F78BFF406ABA
:100320000028EED10598F7F7A1FC09ABCDE90073E1
:100330000B9A049BBDF822002146F6F76DFF414B56
:100340001B68DD68002D3FF41EAF0B9B0499BDF8C0
:1003500022002246A84716E7B0F80130B342D9D1AF
:100360001AF08AFADEE7013741E0204600F06AFA27
:10037000A0B100F013FB064680B117F0B2FA68B1E5
:10038000D8F8007057B1079B00930023CDE90255C0
:1003900001951A4601213046B8470795013400F00F
:1003A0004BFAA042E1D8D2E604F10C00452200212C
:1003B0001CF0BBF92468CBE61B297FF4E4AE4FF0B8
:1003C000010834460496F6F7BBFE002106460846AF
:1003D000FCF7F4F90AA906900020FEF7F5FA0746A3
:1003E00000287FF4D0AEDFF85CA08DF820000A9BD7
:1003F0009F42BFF4C8AE00230DF1220239461846D1
:100400000B93FEF713FB0028ADD1BDF822000DF1D0
:100410002101FCF799FA81460028A4D19DF82130EA
:10042000032BA0D801A252F823F000BF9B020300C7
:10043000AB0103009B0203009B020300FF45050084
:10044000FF8B0A00B0110020382F0020024B1B68E0
:1004500032221A74704700BFB01100202DE9F74F07
:1004600015F09BF8DFF8B89006460F46F7F7E2FE66
:10047000D9F800305B68054623B900284BD00378D3
:10048000002B48D0DFF89C80D8E90003341A4FF4E1
:100490007A7067EB030A15F092F884427AEB010355
:1004A00008D22046514615F07AF8C0F57A7003B0AC
:1004B000BDE8F08FC8E9006700244FF001084FF055
:1004C000170A4FF0020BEFF75FFFC388A34202D871
:1004D0004FF47A70EBE7D9F800104A6808FA04F391
:1004E000134208D008683246CDE900843B460AFB37
:1004F0000400FFF793FD65B12B782341DB0708D596
:10050000686A3246CDE900B43B460AFB0400FFF7B7
:1005100085FD0134D7E70148C9E700BFFFFFE703C6
:10052000B01100207017002038B505460C46EFF7D3
:100530002BFFC388AB4210D9094B196801234A68C5
:1005400003FA05F02CB110434860F6F703FC0020D5
:1005500038BD22EA00004860F9E72120F8E700BF33
:10056000B011002037B50D4604460192EFF70CFF9D
:10057000C388AB4211D901995CB1F7F75BFE30B18A
:10058000084B1B685BB1019928469847002003B0CF
:1005900030BD2846FFF77AFCF8E72120F7E7184638
:1005A000F5E700BFAC2F00202DE9F04F87B0824661
:1005B00005A90020FEF708FA0746E8B9F0F780F928
:1005C0000128064607D03D4B1B681BB11B689847A6
:1005D000012815D002263A4C23684FF6FF75ADF876
:1005E00010507BB94FF00009F7F724FE0025804634
:1005F000AB46059BAB421BD8384607B0BDE8F08F31
:100600003E46E8E71B68984781460028EAD0236801
:10061000002BE9D05B68984750EA0103E4D02368D7
:100620001BB19B6804A89847DEE7ADF81050DBE7E4
:10063000B6FA86F40DF11202294600206409FEF78D
:10064000F5F990BBB8F1000F33D098F8002092B3C1
:100650008DF80E008DF80F0001900DF10E01BDF820
:100660001200F7F7F7FD10B1019B8DF80E30BDF8C1
:1006700012000DF10F01F0F7A5F808B18DF80FB0D9
:100680009DF80E30012B12D09DF80F30012B10D0A9
:10069000B9F1000F04D0BDF81030AB4208BF0124FF
:1006A000524629462046FFF75DFF0135A1E71C466B
:1006B000F6E70024F4E71446F2E700BF642F0020B9
:1006C000682F002070B58AB0002850D000261C2268
:1006D000314603A802961CF028F8F6F773FE05468B
:1006E000F6F75CFE012104460DF107008DF8076066
:1006F00017F0E9FDF6F77CFE1F4A23469670D11CE1
:10070000103453F8046B41F8046BA342F9D16DBA6D
:10071000A2F8135088B10368C2F815301924631E7B
:1007200013702B23537050B900231A469BB22146F5
:10073000114814F060FF0AB070BD1524EFE71D21C9
:100740000DF10A0016F0F3FA0028EDD19DF80A30F9
:10075000002BE9D00DF10A001CF01CF82422831CA8
:1007600001308DF809208DF8080002AADEE70AB0F2
:10077000BDE8704014F04ABF1E3B002010B5084C85
:100780002368186820B114F0E7FE236800221A607D
:1007900020681822BDE8104000211BF0C6BF00BF32
:1007A000B011002038B50C4C09B12368996008B12C
:1007B0002368D860EFF7E8FDC38825681720584301
:1007C00014F0C6FE236828601A6812B10020586031
:1007D00038BD1A20FCE700BFB011002038B5EFF794
:1007E000D3FD90F82A300A4C062003FB0000256850
:1007F00014F0AEFE236868605A6832B100201070B1
:10080000507001221A70986038BD1A20FCE700BFB2
:10081000B411002010B5074C2368586820B114F0BB
:100820009BFE236800225A60236800221A605A60E7
:100830009A6010BDB4110020014B1B6818787047F6
:10084000B4110020034B1B6806225B685043185C00
:10085000704700BFB4110020F8B5144D2B6807464F
:100860001C780E46EFF790FD90F82A3001339C4239
:1008700019D02A68946813785168013403EB430354
:1008800008BF012494605800127A0A5401EB430314
:1008900001215970C3F8027032702A6813780B4432
:1008A00013700020F8BD1A20FCE700BFB41100202F
:1008B000F8B5044630B1114F3E6832780023062562
:1008C0009A4201DC212016E0716805FB03FC01EB74
:1008D0000C0011F80CC0A44503F1010C0CD1D21A84
:1008E000013A6A4305FB0C111BF005FF3A681378C7
:1008F000013B13700020F8BD6346E1E7B41100200E
:100900002DE9F04F0F46234985B00968DDF84CA06A
:1009100091F800C0DDE91189044601254FF0060B6E
:10092000AC451CDD48680BFB05F600EB060E805D50
:10093000A04201D00135F3E717490D687DB10E994A
:10094000DEF802000091CDE9029ACDF80480002182
:10095000A84720B10E9D95B90EA811F043FDB4B97A
:10096000109B0093CDE9029ADDE90E23CDF80480B7
:100970002A213846FEF79CFE05B0BDE8F08F05F150
:100980000C00452200211BF0D0FE2D68E3E700207B
:10099000F2E700BFB4110020382F0020F0B50A4B59
:1009A00019680D78012306269D4201DC002008E02D
:1009B0004C6806FB03F2A718A25C824202D1D7F86A
:1009C0000200F0BD0133EFE7B411002073B5144B02
:1009D00001911A6811780123062599420EDD5468A9
:1009E00005FB0344D4F80260B0420ED1019920788F
:1009F0006FF07F02F5F7DAFE00230193019C34B912
:100A000001A811F0EFFC02B070BD0133E5E704F17D
:100A10000C00452200211BF088FE2468EFE700BF90
:100A2000B4110020F8B50B4E0546012406273368A3
:100A30001A78A24201D8002009E05B6807FB043362
:100A4000D3F8020016F014FFA84201D1E0B2F8BDBD
:100A50000134ECE7B411002010B548B1FFF79EFF58
:100A6000034638B1044B1B6823B1BDE8104018475A
:100A7000012010BD1846FCE7342F0020094BF0B5CB
:100A80001C682668002328279E4202D100210846C0
:100A9000F0BD256907FB03F2A918AA5C8242F6D0D3
:100AA0000133F1E7C81100201FB51C469B68CBB18C
:100AB000D4F898308B4217D10F4B1B685B6900212B
:100AC000C4F898100BB120689847A3686279013B7D
:100AD000A36002238DF80430084B01A953F822309B
:100AE0002046984704B010BDD4F89C308B42F9D111
:100AF0000023C4F89C30E8E7C8110020102B050043
:100B000070B50A4E05460024EFF73EFC90F82830F9
:100B1000A34201D8002070BD3368DB6853F824007D
:100B200010B10368AB42F6D00134EDE7C8110020E4
:100B300030B585B00C461546FFF7E2FF58B1029577
:100B40004279064BB4FA84F149098DF8041053F840
:100B5000223001A9984705B030BD00BF102B050019
:100B600070B504460079FFF789FF0546D4F8980070
:100B700008B1EB699847D4F89C0008B1EB69984735
:100B8000606C28B119F02EFF04F1440011F02AFC2A
:100B900004F16405002694F84830B3421AD8A8221C
:100BA000002120461BF0C1FD204614F0D5FC0F4E5D
:100BB0000025EFF7E9FB90F82830AB4209D93368FC
:100BC000DB6803EB850253F82530A3420BD10023E9
:100BD000136070BD286819F005FF284611F002FC6B
:100BE00001361835D7E70135E3E700BFC81100200B
:100BF00070B586B0044610460D46019211F09AFD7C
:100C0000019B86B233B32EB32046FFF779FF04462B
:100C100000B30079FFF732FF4278019B12F0010226
:100C20002BD09A791A44127B02F00302012A1BD0BE
:100C3000022A17D072B9032E0CD904228DF80C2089
:100C40008DF81050059362790F4B03A953F82230A9
:100C500020469847019819F0C5FE01A811F0C2FB83
:100C600006B070BD0522E9E7012EF3D106238DF809
:100C70000C308DF810500023E4E707218DF80C109C
:100C80008DF81020DEE700BF102B050070B50E7840
:100C900006F0FD03012B04460D460DD0B6B9032323
:100CA000437119F0ABFE0A4B20681B689B68324603
:100CB0000121BDE8704018470468FFF751FF044B5D
:100CC0006A681B6800219B682046F2E770BD00BF80
:100CD000C811002070B50A7802F0FD02012A0C4606
:100CE0000BD10568FFF73CFF044B62681B68284680
:100CF0009B68BDE870400021184770BDC8110020F6
:100D000070B50D78044615B1012D0DD070BD0323CB
:100D1000437119F073FE094B20681B689B682A46D3
:100D20000121BDE8704018470468FFF719FF034B25
:100D30001B6800229B6811462046F2E7C81100207C
:100D4000F0B5044685B000790E46FFF797FE45786A
:100D500015F001052ED0D4F89C100023029361BB3E
:100D6000012302AA08468DF8083011F028FD054637
:100D700003902079FFF782FEA3680133A360E36844
:100D80000133E36004F19C03CDE900432A468769FF
:100D90000B4B20683146B847054658B1A368039805
:100DA000013BA360E368013BE36019F01BFE03A86D
:100DB00011F018FB284605B0F0BD0225FAE700BF88
:100DC000D5A90400F8B5194E05460024EFF7DCFA62
:100DD00090F828309C4204D23368DB6853F8243002
:100DE0003BB9EFF7D1FA90F828309C4203D11A2092
:100DF000F8BD0134EAE70D4E3368A820DF6814F02F
:100E0000A9FB336847F82400DB6853F82400002866
:100E1000EDD0A82200211BF088FC3368DB6853F872
:100E200024302B60F5F796FF0020E1E7C811002081
:100E300070B51D4C00252826EFF7A6FA90F829304A
:100E4000AB4223680FD8DB6863BB2368186920B105
:100E500014F082FB236800221A61236800225A6082
:100E60009A601A6070BD1B6906FB05339B6803B16D
:100E700098470135E0E7DB6853F8250008B1FFF734
:100E80006FFE0135EFF780FA90F82830AB42236807
:100E9000F1D8D8680028D8D014F05EFB236800226F
:100EA000DA60D2E70025EDE7C81100202DE9F84F00
:100EB0001F460C4690460546EFF766FA90F8280064
:100EC0002C4E8000D6F8009014F042FB3368C9F82D
:100ED0000C00DB688BB1EFF757FA90F82900D6F8D1
:100EE000009000EB8000C00014F032FB3368C9F8BA
:100EF00010001A691AB9FFF79BFF1A201CE02A6834
:100F00005A606A689A604FF0000954F82950ADB9E8
:100F1000EFF73AFA90F829304B4528D3DFF858B06C
:100F2000DFF85890043C4FF0280A54F8040F40B9F9
:100F30003368C3E905871D60BDE8F88F09F1010931
:100F4000E3E743685946484698470028EDD133689F
:100F500020681B696A1C0AFB053500F1280350F85C
:100F6000041B45F8041B9842F9D11546DDE7212002
:100F7000E2E700BFC8110020F10B0300310B0300B2
:100F800010B5064C0144FF23884202D1D843C0B2B9
:100F900010BD10F8012B5340E35CF5E7102A050063
:100FA000F7B5002504460079CDE90055FFF766FD49
:100FB000064694F835002B46012598420BDB02A922
:100FC00001EBE30103F0070211F8087C05FA02F2D5
:100FD0003A4301F8082C0133402BEED1082204F1EA
:100FE000390168461BF069FB054690B973789B0789
:100FF00011D5606C94F8386019F0FCFD86420AD077
:10100000264656F8440F19F0EDFC304611F0EAF987
:10101000656403B0F0BD94F834102046FFF790FEED
:1010200005460028F5D194F834302363204619F0A2
:10103000E5FC054B616C1B6820685B68656403B068
:10104000BDE8F040184700BFC81100202DE9F04F5F
:1010500090F8483087B00446002B00F08C80D0F820
:101060009830002B40F087800079FFF707FD437828
:10107000DA0740F18F8094F8626094F86030B342F0
:1010800079D043881F1F002E78D13D464FF0040BC6
:101090003746606E11F04EFBC31BAB42A8BF2B4618
:1010A0001FFA83F81BFA83F3824698B217F09EFC6E
:1010B0001FFA8BF9054600285DD083790C3300EBCD
:1010C000030B002E61D194F86020606E013A92000B
:1010D000EA54CAF307238BF801308BF802A019F009
:1010E00089FD8BF8030014F058FA064664208A46FE
:1010F00014F065FAD4E9162330184AEB01011343C2
:10110000C4E90A010CD114F048FA064647F23050FF
:101110008A4614F054FA30184AEB0101C4E916016A
:10112000BBB2616ECDF800904246284617F0B3FC82
:10113000B4F862300133A4F8623094F8501020798A
:1011400003910595FFF79AFCA36803990133A36007
:1011500004F19803CDE900432A468669124B2068C2
:10116000B04740B1A3680598013BA36019F03AFC71
:1011700005A811F037F907B0BDE8F08F5D1E731EAA
:1011800005FB03774FF0010B83E7B60046F002063C
:10119000C654C5E713F00403656ECED163662046DE
:1011A00019F03CFCC9E700BFA90A03002DE9F04F84
:1011B00085B014F0F2F9DFF8EC9006460F460024F3
:1011C0002825D9F800301A68A24210D8344DDFF82B
:1011D000D8B04FF000084FF0030AEFF7D5F890F8B9
:1011E000283043450BD8284605B0BDE8F08F1B6971
:1011F00005FB04335B6A03B198470134E1E7D9F892
:101200000030DB6853F82840B4B162799AB1022A01
:101210002CD0D4E908138E4277EB030324D30122A8
:101220002068114619F0BFFC05E0D4E90A138E428C
:1012300077EB0303F4D2322508F10108CDE7D4E9B6
:101240000A23964277EB0303F5D32079FFF716FCC8
:101250004378DB07EFD5A368002BECD1A4F862300C
:101260002046FFF7F3FEE6E7012ADED094F8483087
:10127000002BE0D0D4E9162352EA0301DFD09642D6
:1012800077EB0303DBD320468DF804A019F0C6FBEF
:10129000637901A95BF8233020469847CBE700BF6C
:1012A000FFFFE703C8110020102B050010B590F8D0
:1012B00048300446A3B190F850308B4210D1094B0E
:1012C0001B689B690BB100219847204619F0A6FBCB
:1012D00094F8483023B12046BDE81040FFF7B6BE71
:1012E00010BD00BFC811002070B5044600790D463E
:1012F000FFF7C4FB60B32B78013B052B28D8DFE850
:1013000003F003100327272820462668FFF728FC50
:10131000194B6A681B6830469B68BDE87040002125
:10132000184743785B070AD5204619F077FB94F8F5
:101330004830B3B12046BDE87040FFF787BE94F84F
:10134000483073B1B4F8622094F860309A42F1D119
:1013500070BD29792046FFF7A9FF94F84830002B8B
:10136000F6D1A368002BF3D194F8A02020680121C6
:10137000BDE8704019F017BCC81100202DE9FF47E7
:10138000044600790D46FFF779FB814600284CD0D2
:101390002B78013B062B48D8DFE813F00700E0006C
:1013A00007001A006E00C000C7002668012211461F
:1013B000304619F0F8FB2046FFF7D2FB764B6A68FF
:1013C0001B689B680021304604B0BDE8F047184711
:1013D000D5F808A095F80480504611F0ABF9216BC0
:1013E000002985B208DB414506D1C9B2204604B0C8
:1013F000BDE8F047FFF7A4BC00230422514603A830
:1014000010F0E6FF9DF80D209DF80E3013430CD030
:101410009DF80C309B0803D0B9F80230AB4204D1E0
:10142000666C2EB12046FFF7BBFD04B0BDE8F08727
:10143000BDF80D707FBAB8B217F0D8FA6064002812
:10144000F3D09DF80C3084F834809B0884F8353054
:101450002A1F9DF80F3084F83830E7860423009661
:1014600092B2514617F017FB0123C4F83960C4F853
:101470003D6084F83930D5E7D5F808802E7998F8A2
:101480000650404611F056F9216B0029844601DBD5
:10149000B142AAD0606C0028C7D094F83430B3426F
:1014A000C3D14544297B8908BFD094F8353099428F
:1014B000BBD81FFA8CF203D2B9F802309342B4D1F0
:1014C00004EBD10601F0070796F839303B41DD0700
:1014D0001ED4B9F8023001395D1E15FB01F5043B3D
:1014E0002B441FFA8CFCE58E99B21CFA83F3013B66
:1014F0009D429ADB013A0091012392B2414617F0D6
:10150000CAFA0123BB4096F839701F4386F8397038
:10151000204604B0BDE8F047FFF742BD29792046D8
:1015200004B0BDE8F047FFF7C1BEAE68304611F029
:1015300001F900210546304610F0B0FF6064002834
:101540003FF473AF0023C4F8393084F83530C4F861
:101550003D300123E58684F83930D9E743785B07CD
:101560000DD5204619F05AFA94F84830002B3FF474
:101570005CAF204604B0BDE8F047FFF767BD94F8C4
:101580004830002B3FF451AFB4F8622094F860303B
:101590009A423FF44AAFECE7C81100202DE9F74327
:1015A00081468846684608210A9D16461F4616F061
:1015B0008AFE0446B0BB01462A4638461BF0B5F801
:1015C000B9F1000F16D0B8F1030F16D9B8F1040F16
:1015D0002FD1194D6B46002124208E4222D913F8B9
:1015E000012BB2FBF0FC00FB1C22D2B2AA5C7A54A5
:1015F0000131F2E7B8F1020F18D8104B0099013E03
:1016000053F82620B1FBF2F302FB13127B19110EE3
:1016100003F8041C110C03F8031C110A03F8021C44
:1016200003F8012C204603B0BDE8F083B8F1030FA6
:10163000CEE72124F6E700BF4C2B0500702B0500F8
:10164000014B1B681B691847DC11002037B50446A5
:10165000002013460A460146019011F0B0F80146F9
:101660000190B0B10C4B1B682046DB6898470446DC
:1016700020B1019D2DB901A810F0B4FE204603B0A1
:1016800030BD05F10C00452200211BF04EF82D68FD
:10169000F0E71A24F2E700BFDC11002070B4044622
:1016A00008461146104A136874B104F11C0554F839
:1016B000046B43F8046BAC42F9D113681C68002337
:1016C000A4461A4670BC6047084C1C60084C5C601D
:1016D000084C9C60084CDC60084C1C61084C5C6148
:1016E000084C9C61E9E700BFDC110020AD0E03004F
:1016F00065AA0400F7AA040031AC0400A7AB0400FB
:10170000310E03006BAB040010B5074C23684BB1DE
:101710005B6903B1984720681C22BDE81040002196
:101720001BF003B810BD00BFDC11002070B50B4DDD
:1017300006460FCD8AB001AC0FC40FCD0FC406F022
:101740007F0008282B6823609BBF0AAB03EB800057
:101750004FF4A26050F8240C0AB070BD282B05008D
:10176000024B18780230C0B2704700BF5E130020F1
:101770002DE9F04F14469B46C36B89B007465B6961
:1017800060680E46012204A99847FB6B01225B6941
:1017900005A93046984704A81AF020F9054648B133
:1017A00000254FF0FF33A5756575A360284609B085
:1017B000BDE8F08F05A81AF01EF90123A375237E5A
:1017C00004EBC303DE611D846368B3420ED1206065
:1017D00005A81AF032F94FF0FF332075A360237D7E
:1017E000043B022B25D80023A375DFE7236883423F
:1017F00018BFA57505A81AF020F9237D83421CBFE8
:101800000023A37505A81AF0FAF8804604A81AF078
:10181000F6F880451CBF0023A37505A81AF0F7F859
:10182000804604A81AF0F3F880451CBF0023A37576
:10183000D5E705A81AF0E3F878B1FB6B02225B69E3
:1018400006A93046984706A81AF0E8F8237D032B2E
:101850005ED8DFE803F05D5D040905A8F4E7227EA9
:1018600004EBC202CC211184184601F0F7F9129B57
:10187000187094F8188005A81AF0B5F804EBC80899
:1018800088F82200237E04EBC30305A8B3F8209058
:1018900093F822801AF0B3F8039005A81AF0B7F86D
:1018A000039B8246002B38D0FB6B02225B6906A9A2
:1018B0003046984706A81AF076F86075637D002BCD
:1018C0002FD10023A375A27D12B123694B4423615C
:1018D0003449237E097899425ED901332376BBF1DE
:1018E000000F5BD0002A59D0E37D002B56D0002D8D
:1018F00054D1B8F1030F51D0A1684B1C4ED0129BAC
:101900000093224601233846FFF732FFA07545E0D9
:10191000227E04EBC2021084A6E705A81AF02EF876
:10192000CBE7A27D002ACED0B9F1000F0CD1B8F1DF
:10193000000F1DD0617E0123E37519BB984529D1A5
:1019400084F819800D4615E07B6C06EB0A005942BD
:1019500086EA000C1CEA010F1CBF0021A175591E6C
:1019600001405B1A9945ACD8A37D002BDFD1AAE7D3
:10197000E37DABB94B4652463146384619F0E1FD9E
:10198000A060A0E7B8F1010F0AD0B8F1030FF1D1C0
:10199000A376EFE71546EDE70023A375A57D05E7E0
:1019A000154690E7800D05002DE9F04F2DED028BD7
:1019B0008BB00E46044600254FF0FF311046984686
:1019C00017468DF8135001F033F9C6F313039E4206
:1019D000019340F08F80314605AA04F1080019F008
:1019E000B2FF451C014600F08780384601F020F91F
:1019F0000DF1130301223946204619F01CFE002880
:101A00007AD09DF8133088F80030002078E0E56A3D
:101A1000681C37D1616A204619F0D9FC0546B31C11
:101A200018BF012308EE103ADFF8E890636A626C91
:101A30000293236802FB053AE36B05A95B69052263
:101A40005046984705A81AF082F81AF0A5F85046B3
:101A50001AF0ADF84FF0000B824601464A1C05D043
:101A6000636C81EA0A025B42134211D02946204688
:101A700019F0ADFC029BAB422DD0BBF1000F2DD174
:101A80000546D3E720682D1A606CB5FBF0F5C6E774
:101A9000484601F0CDF80DF1130318EE102A49461F
:101AA000204619F0C8FD034690B1B11C03D0D9F807
:101AB0000020B2420CD10393144B9DF8132088F8F8
:101AC000002049461A6838461AF007FE039B9B46D9
:101AD000D9F80810C2E7BBF1000F10D0019B9E425D
:101AE00093D198F800307A68314604F1080000F08C
:101AF000DFFF8AE7B31C8AD0237C002B87D1044800
:101B00000BB0BDEC028BBDE8F08F00BF840D05006B
:101B10000BE000F03C2500202DE9F3410E461A4D64
:101B2000816A044617469846E36A8B4201D04B1CF3
:101B300002D102B0BDE8F081284601F079F80DF13C
:101B4000070301222946204619F075FD38B19DF89A
:101B50000720434629462046B8470028E9D0A9680F
:101B60004A1C04D16968204619F0BEFC0146012ECA
:101B7000DAD16B6881EA0302636C5B421A4218BFD8
:101B80004FF0FF31D0E700BF682500202DE9F0417C
:101B9000036B07689046826B9A4288BF8363426CEE
:101BA000436A02FB0377C36B90B05B690E46052264
:101BB00001A904463846984701A819F0C8FF012832
:101BC0000146307057D0656CE26B2368606AD2F8CA
:101BD00014C005FB0030052206A9E04706A819F04D
:101BE000B6FF01284FF0000523D0D4E90A320121C5
:101BF0009342CDE90B458DF834800E958DF83C105D
:101C00002AD11946204619F06FFC236B626CE06202
:101C100014339B1A23630C9B53B99DF83C303BB1A2
:101C2000626A616C2368E06B01FB023119F047FFC7
:101C30000C9DE36B05225B6901A93846984701A812
:101C400019F085FF3070236BA26B28469A4288BF3B
:101C5000A36310B0BDE8F081237C33B91C490BAA03
:101C600004F1080000F076FFD5E71A4A0BAB2046D6
:101C7000FFF752FFCFE7237C23BB1749224604F12D
:101C8000080000F067FF616A204619F0C1FB616A35
:101C9000421C204619F08AFB054620B9236B626C72
:101CA0001344143B2363A16A204619F01DFC2368EA
:101CB000A062C31A606CB3FBF0F32046636219F0B4
:101CC00056FCB6E7054A00232046FFF725FFDAE772
:101CD000A12303001D23030089B604005BB60400A2
:101CE0002DE9F04F89B01646534A9B469DF848307F
:101CF000009313695B4580460D46C0F09780D2F88B
:101D000004A0D946B9F1000F00F08C80D8F83C301F
:101D100001225B6905A95046984705A819F06BFE9A
:101D2000454B1B68984240F0848005A819F06FFE6F
:101D30000428074614D105A819F070FE009B04463C
:101D40000AEB0700002B3ED1A64212D9361B1C46D7
:101D50005146404619F0C8FBA9EB04098246D1E779
:101D6000D8F83C3002225B6906A95046984706A87D
:101D7000E2E7A41B5C4528BF5C46032C00EB06078A
:101D8000ABEB040B1DD9D8F83C3029465B693846CB
:101D9000A208984724F0030304F003061F441D44DF
:101DA000002ED5D0D8F83C3001225B6906A9384610
:101DB00098473246284606A935441AF08EFC00267C
:101DC000C6E72646ECE704F0030301932B190293C0
:101DD000031927460393029BDD1B039BD81B019B22
:101DE0009F420FD1002FB3D0D8F83C30012206A972
:101DF0005B6998473A4606A928461AF05EFC78B90E
:101E00003D44A5E7D8F83C30012206A95B69984714
:101E1000042206A928461AF050FC08B9043FDAE764
:101E2000DFF81890484609B0BDE8F08FDFF8109051
:101E3000F8E7DFF81090F5E7E424002012E000F066
:101E400011E000F022E000F02DE9F04F2DED028BC3
:101E500097B00F460C920A69416C0A931439D31D4E
:101E6000B3FBF1F3013302EBC303026B9A42044666
:101E7000C0F0E7810023099307F120030F93E36A81
:101E80009B480493194600F0D3FED7E90336069326
:101E90000A9B022B0AD1CC2E40F06D810C9B002BAB
:101EA0004BD03946204619F059FC12900C9B656CBA
:101EB000782E94BFF87D0120002B42D100F0010064
:101EC000002814BF08230423782E0D930AD8049AFF
:101ED0006B1E1340ED1A331D9D423CD2002E3FD0A5
:101EE000082D41D90123002505934FF0080ADFF89A
:101EF00000823B6805990A98C8F80030C8F810605D
:101F000019F09FFD4FEA9A0308EE103ADDF81090A1
:101F100088F81400002307930B9303930893616CD4
:101F20004B1E09EA03028B1A16B35544AB4221D863
:101F3000236B5B1A1344236388E0069B1B68129390
:101F4000B4E7E36B78685B69012214A9984714A889
:101F500019F055FDB4E7002505954FF0040AC6E7D2
:101F600004250596AA46C2E7002304250593F9E750
:101F70005345DDD3A3EB0A039E42B04628BF9846E3
:101F80009E4209EB0A0B75D9594B196901228E4201
:101F9000DA7575D1C3F804900392554BDA7D002AA7
:101FA00070D0197E0398CA1C03EBC2020131C2F83B
:101FB0000490A2F8088090721976B8F1000F14D03E
:101FC0000A9B022B61D1079B7BB90B9B4344032BDC
:101FD0000BD9E36B01229B6912A958469847054625
:101FE000002840F03E8101230793039B0193404A60
:101FF000059B0093127D3968434614A800F0CCFD80
:10200000E36B18EE102A9B6914A948469847051EF1
:10201000099B18BF4B460993434652464946204602
:1020200019F08FFA324B9860236B08F10302A3EB8F
:102030000A0322F003029B1A2363002D40F0118152
:102040000B9B4344A6EB08060B93D9464946204612
:1020500019F04AFA00258146002E7FF460AF244A29
:1020600039689368E36252680A9B04F1080000F043
:102070001FFDDDE0039B002B18BF032303938CE7B8
:102080000223FBE7C3F8049097E70C9B002B31D1A8
:10209000B8F1030F28D9E36B06999B694FEA9802C0
:1020A000584698470546B8B918F0030514D0069A63
:1020B00028F00303D1185B444FF0FF32139213A8AA
:1020C0002A460E931AF009FBE26B0E9B956913A941
:1020D00001221846A8470546069B43440693002D57
:1020E00083D0CDF824B097E706995B464546E3E7F1
:1020F0003C2500205B46FA7D7868AAB197F818E085
:10210000089A0021CDB2AE4512D90F9D0E9135F837
:1021100031C0944501F1010126D90E9907EBC105A3
:102120000D99E8690A4402E00D9A08990A4410449E
:10213000E26B0E93556913A90122A847089B139AD5
:1021400011920433E26B08930E9B956918460122A5
:1021500011A9A8470E9B0BEB0802D21A042A0546C8
:1021600005D930B90433C6E7A2EB0C02CAE79B4697
:10217000B5E79B46B5E73C4EDFF8F4A004F1080B49
:102180002368606C049AA2EB0309B9FBF0F900FB29
:10219000093019F00CFDE16A8046204619F0A4F9D7
:1021A000A36A83424FD0626CDAF808302568E06297
:1021B000511E1940236B9B1A0B442363099B5D1B23
:1021C000B5FBF2F5A94539D1049BB3EB080913D04F
:1021D000E36B4FEA99029B6941469847E36A049A88
:1021E00003904B44E362236B9B1A4344236358469A
:1021F00019F07BFB039A91462368616CE06B01FB4D
:10220000053119F049FC204619F0B1F8204619F0C3
:10221000AEF92063B9F1000F15D03A69616CD31D96
:102220001439B3FBF1F3013302EBC3039842A7D295
:10223000304617B0BDEC028BBDE8F08F4FF00009BF
:10224000DAE70A4EF4E73A69616CD31D1439B3FB3F
:10225000F1F3013302EBC303226B9A42BFF40FAEDA
:10226000E6E72E4688E700BF23E000F006E000F036
:102270003C2500202DE9F7431E4643699DF8289030
:10228000B3420446884617463CD300258DF80750D4
:10229000204619F037F8236B83420AD2236AB5EB44
:1022A000430F06D200220DF107012046FFF76EFC16
:1022B00030B39DF80730012B05D100220DF1070145
:1022C0002046FFF763FCB9F1030F06D031462046E4
:1022D00019F003F8236B834218D30D4D4FF0FF31F3
:1022E000284600F0A5FC4B46002229462046C5E9B9
:1022F0000376C5F8008003B0BDE8F043FFF7A4BD46
:102300000135C5E7034803B0BDE8F0830248FAE7AA
:10231000102500200FE000F006E000F0032A2DE970
:10232000F34106460D4617461C4606D1237A012B7B
:1023300023D0012002B0BDE8F081DFF86080096899
:102340000DF107034246FFF72FFB60600028EDD137
:102350009DF80730032BE9D0D8F804206B689A4227
:10236000E4D1237A2969D4F80CC0012B07D1726912
:102370000CEB0103934202D92074207CDAE7083188
:102380006144E1603B46012229463046FFF75CFD8F
:1023900060600028CAD00020CCE700BF10250020D4
:1023A0002DE9F743032A0A9C904606D1237A012B94
:1023B00023D0012003B0BDE8F0832668DFF88C90BD
:1023C0000DF107034A463046FFF7EEFA6060002839
:1023D000ECD12568D9F80470A96A6A6C4F40534261
:1023E0001F40E3D1237A012B09D1E068D9F81030DE
:1023F00003447069834202D92774207CDAE7286895
:10240000EB6A1B1A081AB3FBF2F3B0FBF2F083423B
:102410000BD1706CF36A421E1340326B121A1344D4
:102420003363284619F060F8E862D9F81020E368B1
:102430000649206808321344E36001224346FFF74F
:1024400003FD60600028B1D00020B3E71025002014
:102450002DE9F04F4FF0FF334FF6FF72002500F1EA
:102460000806C0E9092387B00446C3620562056314
:102470003046884619F039FA204618F078FF68BBD4
:102480002046414618F0F3FF204618F070FF68BB65
:102490008A4D204619F09DF8D0E02368E26B606C0D
:1024A000576901A9052200FB0530B84701A819F0BA
:1024B0004EFB012807460CD12946204618F0A8FFFC
:1024C000012F024600D101322946204618F06EFF46
:1024D00003E019F066FB0028EED10135E3699D4267
:1024E000DBD3204618F043FF0028C9D000254FF663
:1024F000FF73C4E908534FF0FF39CA46A846E369A1
:1025000098450AD3A5EB0905012D2DD8636A4FF62E
:10251000FF7293423DD16A4DBBE72368E26B606C6A
:10252000576901A9052200FB0830B84701A819F036
:102530000EFB834601A819F0E1FA0746584619F048
:102540002BFB70B15745236A38BFC4F82480B945C6
:1025500003F1010328BFB946BD42236238BF3D469F
:10256000BA4608F10108CAE74FF6FF736362002517
:10257000E3699D42CAD2676C2068E36B05225B6900
:1025800001A907FB0500984701A819F0B7FA013522
:10259000EEE7E26B676C2068556901A9052207FB2D
:1025A0000300A84701A819F0A9FA626A2368606CC1
:1025B000444D00FB023019F0FAFA4FF0FF33A062ED
:1025C000E3622A460DF103036FF001012046FFF795
:1025D000EBF9002836D1AD68E5622946204618F0AF
:1025E000A1FE206320B9E16A204618F07DFFE06279
:1025F0002946204618F078FF0546A36A9D4223D15C
:102600006369656C2046A5F11402DD1CB5FBF2F58B
:1026100003EBC5050335B5FBF2F518F0DAFF02351B
:10262000A84280463ED2616A204618F0D0FE0027BC
:10263000064604F1400AAF4218D3234D284607B09E
:10264000BDE8F08FA56AC7E72946204618F06AFE64
:10265000236B0344294607462363204618F044FFB2
:102660000546002FC9D1C4E90B07C6E7474512D379
:10267000626C236802FB0639E36B05225B6901A9E2
:102680004846984701A819F039FA53460246494688
:10269000E06B19F08EFA3146204618F098FE0137AB
:1026A0000646C8E7304619F020F90023074A1946C4
:1026B0002046FFF731FA0025EBE600BF03E000F00B
:1026C00016E000F01025002013E000F025B604000D
:1026D000614B2DE9F0410025D3F800801D600E46C6
:1026E000044618B95D4D2846BDE8F08190F8347075
:1026F00007B30A6803689A4240F0A3804A684368B7
:102700009A4240F09E808A6883689A4240F099809D
:10271000CA68C3689A4240F094800A6943699A4241
:1027200040F08F808A69C36B9A4240F08A804B697F
:102730008361D8E750223946856B19F0F6FF33687C
:10274000236073686360336963617369A36104F133
:102750000800D6E90212A56319F0D9F8B369E3635A
:1027600004F140009B68984720B9676C17B1636813
:10277000B3FBF7F794F84330E761002BB2D0656CF8
:10278000002D66D0002F64D02368B3FBF5F205FB63
:102790001233002B57D16668B6FBF5F305FB1363C4
:1027A000002B50D1204618F0ADFDA369043303443B
:1027B0009E424AD3636940F63472CC3B934246D87A
:1027C000B5F5007F45D30321204618F0C4FDE36B27
:1027D000D4E900011B689847E36B0546DB680220DB
:1027E0009847DDB941462046FFF732FE1C4B984220
:1027F000054604D141462046FFF72AFE05466DB93D
:10280000636C266A143B20465E4318F07BFDA36987
:10281000144A043303449E4238BF1546002D0CBFB2
:102820000123002384F8343007D10F4A1368D4E918
:1028300000010133136008F040FFE06B18F032FF35
:1028400051E70A4D4FE70A4D4DE7064D4BE7094D5D
:1028500049E7094D47E700BFB02F002009E000F02D
:1028600013E000F002E000F0B42F002008E000F0D8
:1028700001E000F005E000F004E000F02DE9FF4188
:102880000E4690461F460546A0B390F834309BB3E1
:10289000C1F31303994231D1194C022118F05BFDA9
:1028A0000DF10F03224631462846FFF77DF878B137
:1028B0000123009342463B4631462846FFF7DAFCA7
:1028C0000446E86B18F0EEFE204604B0BDE8F08147
:1028D0009DF80F30012BEBD12269BA42E8D1009369
:1028E00002463B4641462846FFF7FAF904460028CF
:1028F000DED1E6E7034CE7E7034CE5E7034CE3E70B
:10290000E424002009E000F007E000F00AE000F015
:102910002DE9FF410C4616461F46054690B390F838
:1029200034308BB3C1F3130399422FD1DFF8788091
:10293000012118F010FD21460DF10F0342462846F3
:10294000FFF732F8044670B99DF80F30012B11D112
:10295000D8F81030BB4213D10090024631462846C9
:10296000FFF7BEF90446E86B18F09CFE204604B061
:10297000BDE8F081064C0748022B18BF0446F2E779
:10298000054CF0E7054CF1E7054CEFE7054CEDE7AA
:102990000CE000F00BE000F011E000F009E000F0C6
:1029A00007E000F00AE000F0E42400202DE9F34104
:1029B0001E4600230C4617463360054658B390F870
:1029C000343053B3C1F31303994228D1DFF8648044
:1029D000012118F0C0FC21460DF1070342462846AC
:1029E000FEF7E2FF0446A0B99DF80730032B10D094
:1029F000022B07BF01233B60D8F81030386008BFB6
:102A000004233360E86B18F04DFE204602B0BDE8A9
:102A1000F081044CF6E7044CF7E7044CF5E7044C6E
:102A2000F3E700BF0BE000F009E000F007E000F082
:102A30000AE000F0E424002030B50C4685B00546DD
:102A400030B390F834302BB3C1F31303994223D140
:102A5000022118F080FC114A0DF10F03214628468F
:102A6000FEF7A2FF90B99DF80F30032B0ED0032381
:102A700000930246034621462846FFF7FBFB044627
:102A8000E86B18F00FFE204605B030BD044CF7E7A8
:102A9000044CF8E7044CF6E7044CF4E7E424002087
:102AA0000BE000F009E000F007E000F00AE000F0C1
:102AB0002DE9F0434668002E47D0056898464FF050
:102AC000000CA946AE4655F83C40C4F31307013448
:102AD0000CF1010C01D0B94218D0B4450EF1080E2A
:102AE000F1D12F46002403E0B44207F1080713D0C8
:102AF00055F83430013304F10104F5D1C1F3130169
:102B000041EA0851C7E90012BDE8F08341EA0851E3
:102B1000CEE90012BDE8F083B8F1030F15D0002311
:102B200003E0B34209F108090FD055F83340C4F36C
:102B30000754032C03F10103F3D1C1F3130343EA58
:102B40000853C9E90032BDE8F08301230372BDE8F0
:102B5000F08300BF2DE9F043476883B0CFB106464C
:102B6000884691460024336853F83450C5F3075221
:102B7000C5F31301013503EBC403304604F101042E
:102B800005D05B68CDF80090C04710B17768BC42B3
:102B9000E9D303B0BDE8F08337B5044600208DF8D3
:102BA000070022489DF8185000EAC111012A23F0BD
:102BB0007C40606007D9901E012810D9073303F0CC
:102BC0007F030B4309E09DF81C00C00600F0C050D5
:102BD00042EA0103034343F06043236001E00A43F8
:102BE0002260A5B1202221460DF1070018F036FF22
:102BF0001A220DF10700211D18F030FF63689DF8BF
:102C0000072043EA82636360082003B030BD1B22C3
:102C10000DF10700214618F021FF23689DF80720D9
:102C200043EAC26323600420EFE700BF80FFFF0791
:102C300038B5094B04461A680D46002119F075FD98
:102C400000234FF0FF32C4E900252361A260E38234
:102C50002383A37638BD00BF840D050006289ABFE4
:102C6000014B185C01207047902B05002DE9F041C5
:102C70000E46596888B007461546490A00240129BE
:102C800022464FEA510104F10104F8D8DC78997822
:102C90001B882403C90201F4006104F480540C432E
:102CA000C3F30A032344540304F460441C44294B33
:102CB00003934FF0000825F0784302A90DF10700B7
:102CC0001B2202938DF8078018F0C8FE9DF807209C
:102CD000029B8DF80780ED4343EAC26302A90DF120
:102CE000070025F078451B220493029518F0B6FEE4
:102CF0009DF80720029B6FEA044443EAC2630593F0
:102D00006FEA14444FF0FF3306930794BB6907A999
:102D1000012206F110009847BB6905A9044601226B
:102D200006F108009847BB69404518BF044604A94E
:102D30000122301D9847BB69404518BF0446012257
:102D400003A930469847404508BF204608B0BDE873
:102D5000F08100BF01009AB21046044A1368591E60
:102D6000033102D80021116018477047EC11002090
:102D7000034B1868034B002808BF1846704700BF74
:102D8000BC2F0020C02B0500014819F070B800BF0F
:102D9000C02F0020014819F07DB800BFC02F0020CF
:102DA0000148002119F098B8C02F002013B50A4C33
:102DB0000229226005D1094819F059F8002002B013
:102DC00010BD00930A46064B0146044819F032F83C
:102DD000002818BF0220F2E7EC110020C02F0020CD
:102DE000592D030008B5064B1B68013305D0FFF7CA
:102DF000D1FF80F00100C0B208BD0020FCE700BF99
:102E0000EC110020F8B50D4610B900242046F8BD9D
:102E10000E4F3E68002EF8D100F0A0F804460028BE
:102E2000F3D0386000F0E6F8204618F00DFF38B116
:102E300030463E6000F0DEF8204618F000FFE4E780
:102E4000002DE3D02046A847E0E700BFB82F0020C0
:102E5000024B1868003818BF01207047B82F0020B7
:102E600070B50C46054619F04FFBA3780A4A13705B
:102E70005A1E56425641B04205D0012B05D031466C
:102E8000284605F0F3FA002004E0204605F0C0FAD9
:102E90000028F4D070BD00BF723B0020024B00211F
:102EA0005B680846184700BF0012002010B50446B2
:102EB000FFF75EFF0B4B1B1A58425841A04209D046
:102EC000094B1B6843B9094A064B002C08BF13463F
:102ED000074A1360012010BD19F022FA0028F2D031
:102EE0000020F8E7982B0500B82F0020C02B050024
:102EF000BC2F002010B519F00BFB044618B9034B8A
:102F000001215B689847204610BD00BF00120020D9
:102F100010B519F006FB20B9024BBDE810401B6844
:102F2000184710BD0012002010B518F0F3FE20B9AC
:102F3000024BBDE810401B68184710BD001200206E
:102F4000431E033306D8044B984228BF1846642812
:102F500038BF6420704700BF40420F00F8B50546F7
:102F600008F0B7FB0E4B1E68074626B9384608F036
:102F7000B4FB344610E0B46884B1237C9C46DB0784
:102F80000CD495E80F004CF0010C84E80F0084F895
:102F900010C0384608F0A1FB2046F8BD3668E4E7CB
:102FA000F011002038B505460C4641B10B6833B12D
:102FB0001B68013303D0CB680BB18B684BB919F098
:102FC000BCF8BDE838404FF486724121002000F083
:102FD0003DBA084601F0D0F8044A00231360044AC1
:102FE00085F8DC30C5E92343136038BDDC2F0020B1
:102FF000E02F002010B5044618B9054B054A1360B0
:1030000010BD04F037FBD4F89830002BF6D1F4E76C
:1030100027BC0400F4110020014B1868704700BF62
:10302000DC2F002010B50C4604F064FB054B00219A
:103030005B68032098471CB105F0CCFB0128FBD14D
:1030400010BD00BF0012002008B502460868FFF757
:1030500077FF08604868FFF773FF48608868FFF7EC
:103060006FFF8860C868FFF76BFF0B69C860581C6A
:1030700003D00B48834228BF03460B614B69581CA1
:1030800003D00748834228BF034688694B61FFF796
:1030900057FFBDE808408861104605F043B900BFFE
:1030A00040420F002DE9F84FD0F8903007460E4609
:1030B00013B1038B8B4244D0D7F88CB0BBF1000F17
:1030C00042D0DBF80830002B3ED0DBF80C20002A81
:1030D0003AD0D7F8A0A0BAF1000F38D04FF00009CD
:1030E0004D46C84601E0DBF8083005EBC50403EBAC
:1030F00084040135E389B34214D8238AB3423846A5
:1031000010D3B4F91220B7F924309342A0464EDD13
:1031100097F8D010D9F70EFE7B7D8342814646D9C1
:10312000DBF80C209542DED3B8F1000F27D0002346
:10313000424619463846D0473E83C7F8908087F804
:10314000D9900020BDE8F88F0320BDE8F88FD14664
:103150005446514647F6FF7504EBC40803EB880854
:10316000B8F80E30B34218D8B8F81030B34214D3C0
:10317000B8F91220AA4204D14FF0FF09DCE7012080
:10318000E0E797F8D0103846D9F7D4FD7B7D83422D
:1031900081464146D0D9DBF80C200134A24202D945
:1031A000DBF80830D8E70029E9D08846C4E7A04614
:1031B000BDE700BF2DE9F04182B0D0F8A0801646EF
:1031C0009DF820208DF8072004460D461F46B8F1D3
:1031D000000F2ED000220DF107031146C0471949F8
:1031E000194A0D60194BD4F88C1011602046D4F8A0
:1031F00090201A6004F09AFD05461EB9284602B0D8
:10320000BDE8F081B0FA80F04FF4737233214009C9
:1032100000F01CF93946204604F044FF0C4BD4F86A
:1032200090101B68054620469847284602B0BDE826
:10323000F081417D90F8D930994228BF194604F0B9
:1032400049FDCCE7D82F0020DC2F0020E02F002004
:10325000F41100202DE9F04385B005460F461446D1
:103260001E4605F069FA05F08DFA00283BD1DFF81B
:103270002481D8F800301BB1D5F88C2093421FD0A0
:1032800005F0A8FA012838D1D8F800308BB31A68B5
:103290007AB3D5F88C1009688A4246D0D5F89030B8
:1032A0001A68284619F00BF938B9012400963346FC
:1032B000224639462846FFF77DFF05B0BDE8F0837A
:1032C000304B1B68002BDBD0D5F890209342D7D130
:1032D0002D4B1B689F4222D005F07CFA0128E5D0D7
:1032E0004FF001090BE0274B00221A6005F042FA6B
:1032F000BDE7D5F88C301968D0E74FF00009012000
:1033000004F0F8F9214B00215B680320984705F091
:1033100061FA0128FBD1B9F1000FB5D0C6E706B1BB
:1033200074B9002005B0BDE8F083164A1268D2B126
:103330001168D5F8902012689142B6D05968B0E76C
:10334000D5F8A04001228DF80F2084B100220DF1A4
:103350000F0311462846A0470D4BD5F890101B6867
:1033600028469847DDE7D5F890201268E6E7697DA2
:1033700095F8D930994228BF1946284604F0AAFC8E
:10338000EAE700BFE02F0020D82F00200012002025
:10339000F4110020DC2F0020F8B505460E4608F099
:1033A00098F9314607462846FFF77CFE044620B1CF
:1033B000384608F092F92046F8BD034602463146E9
:1033C0002846FFF747FF04460028F1D16B7CDB0756
:1033D000EED5284619F038F90028E9D02246E97DD3
:1033E000284619F0ABF80446E2E700BF13B50446DF
:1033F000694618F0D9FC204618F0EFFFFF28024676
:1034000006D09DF800102046D9F70CFD02B010BD83
:103410000048FBE70080FFFF07B54FF400730A493F
:10342000ADF806300DF1060218F0DBFCBDF80630F1
:10343000B3F5007F05D1022808BF002003B05DF876
:1034400004FB0120FAE700BF733B002008B550B928
:103450000548064B01601A60054B1A68054B1A6057
:103460001868E4F7FDFA08BDF8110020E42F0020E9
:10347000B82F0020E82F0020054B1B680BB9184619
:103480007047834201D01B69F8E70120704700BFF5
:10349000EC2F0020094A13680BB918467047834285
:1034A00007D11B691360064A1368013B13600120B2
:1034B000704703F110021B69EEE700BFEC2F0020FC
:1034C000F02F00202DE9F84FDFF83481DFF8349138
:1034D0002DED028B054608F003F998F8007008EE10
:1034E000100A01233FB189F80030BDEC028BBDE822
:1034F000F84F08F0FBB8404E88F8003089F80070AB
:1035000018F039FD08B118F034FD34683B495CB956
:10351000DFF8F4A0A346DAF8002033685A4533D820
:1035200036484FF0FF3143E0637D8BB12368AB42F7
:1035300002D05A1B8A420BD9626813442360A368E5
:10354000003A18BF0122003B18BF01236275A37522
:103550002469DCE792F816C0BCF1000F05D092F8A0
:1035600014C08C459CBF614610461269002AF1D1F7
:103570000028D5D0D0E9011C03688275591AC268A9
:10358000E0470BF1010BC6E700201A46FF21EDE7EB
:103590005A7D62B11A68AA4207D0521B824204D8EF
:1035A000914204D311461C4601E01C4600211B69D0
:1035B000002BEDD15CB12046FFF76CFF38B13368CA
:1035C0002361DAF8003034600133CAF80030336820
:1035D0005C7D1CB1186800F0D9F8044618F0C7FCEF
:1035E0000546002C8AD199F80030002B86D118EEC0
:1035F000100A88F8004078E7EC2F0020FCFFFFBF9E
:10360000733D0020743D0020F02F002038B50546A2
:1036100008B31822002119F088F808F061F8024672
:103620002846FFF729FF20B1104608F05FF8022076
:1036300038BD0A4B1C6854B909491D600B682C61E0
:10364000013310460B6008F051F82046F0E704F112
:1036500010032469EFE70120EAE700BFEC2F002008
:10366000F02F002038B50446FFF706FF08F038F8C1
:1036700005462046FFF700FF637D23B9284608F082
:1036800035F8032038BD00236375064B1B68A34241
:1036900003D118F06CFCFFF715FF284608F026F858
:1036A0000020EFE7EC2F00202DE9F84FDDF82890FF
:1036B000DDF830B0984604460D46FFF7DDFE924631
:1036C00008F00EF8074618F052FC06462046FFF7B1
:1036D000D3FE637D23B12046FFF7C4FF0023A3750B
:1036E000BAF1010F0FD155EA08030BD1B9F1000F60
:1036F00003D05A4631462046C847384607F0F6FF01
:1037000000200AE03544B54203D00C4BAA1B9A4274
:1037100005D9384607F0EAFF0120BDE8F88F0123FC
:1037200063759DF82C30C4F80890C4E900582375DF
:10373000C4F80CB03046FFF7C5FEDEE7FCFFFFBF64
:103740002DE9F04106468846FFF796FE07F0C8FFD0
:103750003768054618F00BFC737D7BB187420DD0AE
:10376000094B3C1A9C4209D8284607F0BFFFB8F124
:10377000010F18BF3C462046BDE8F081284607F0FF
:10378000B5FF0024F7E700BFFCFFFFBF08B500232B
:103790001946044A04F064F9032896BF024B03203B
:1037A000185C08BD39BF0400F42B05002DE9F74F64
:1037B0001546032206460F462A70D3B15C681B4BA0
:1037C0009C428CBF002401244FF000084FF0060AF1
:1037D000174A5FFA88F310680AFB03F3C21851799D
:1037E000012908D92878C31E5842584103B0BDE8C2
:1037F000F08F1C46E8E7A14202D008F10108E7E794
:10380000117930F90390B2F902B0019100223046EB
:1038100018F076FB0028F0D001992970B7F9002044
:103820004A45EADB5A45E8DC0020DFE7FFC99A3B5E
:10383000FC110020014918F0A0BB00BF458903001E
:10384000014918F09ABB00BF198903001FB59DF804
:1038500024400394BDF820400294079C0194069CE8
:10386000009405F0DDF8044620B9044B01215B68A3
:1038700008469847204604B010BD00BF0012002043
:1038800038B504460D46FFF7E3FA60B104F08AFF4D
:1038900048B9012D07D8012018F073FE0D4B1B68A5
:1038A00023B15B6898470C4B1C7038BD09F0F8F9E0
:1038B0000A4B1A68801A1860DCF702F8084B1B687C
:1038C0004FF47A7202FB003018F0B2FA012004F0D3
:1038D00071FFE8E7B03000205F130020283000209F
:1038E0002C300020054A0B46117831B100211170AF
:1038F000034A18785268012110477047773D00202D
:103900000012002070B5154D032804460E46287895
:103910001DD020FA04F202F00102B2421CD070B1B4
:103920000122A24020EA020206FA04F31343D8B2AD
:10393000287010B90A4B1B689847012070BD002EF3
:10394000EED0074B01201B6898472878E8E78307EB
:10395000DFD000F0FC00EBE7002070BD753D0020DB
:10396000F42F0020F8B5124F05460C4607F0B1FEC3
:103970003B78064633B1012D04D01CB90D48DBF766
:1039800083FE3C7021462846FFF7BCFF0A4B1B789C
:1039900004463BB93B782BB918F0B4FD10B1074B86
:1039A0001B689847304607F098FE2046F8BD00BFD8
:1039B000773D002008300020753D002000120020D7
:1039C000124B0239012910B518701ED8FFF740FAC2
:1039D000D8B104F0E7FEC0B104F02AFDA8B90C4B41
:1039E0001C6834B123689847BDE81040002018F0E7
:1039F000C8BD18F01BFA074B186009F051F9064BC7
:103A00001860204604F0D6FEEEE710BD5F130020DC
:103A1000B03000202C3000202830002013B588B1B1
:103A200007F057FE012104460846DBF77DFA0B4AF2
:103A30000121012009F0A8F8204602B0BDE810409D
:103A400007F04BBE019007F044FE019904460120A7
:103A5000DBF76AFA014A0199EBE700BF102C050079
:103A60002DE9F041354E84B007F033FE337805463A
:103A700023B13348DBF708FE00284ED1DBF7A8FE60
:103A800002AA03A918F027FD0446002835D018F033
:103A900037FD029B984221D1DFF8AC800020294BF2
:103AA00003991B6888F80000994222D90027C91A97
:103AB0000124CDE900772248234B244A347009F0D1
:103AC000A6F8002834D1224A1378D90718D42846FA
:103AD00007F003FE002004B0BDE8F08118F00EFDF1
:103AE000029B984220D0174B174A1B680393002073
:103AF00010700121FFF706FFE9E728463470E7E779
:103B000098F800100029E2D103F0FE031370002B97
:103B1000DDD1104B1B689847D9E7284607F0DDFD3B
:103B2000032004B0BDE8F081DFF81C800220B6E776
:103B300003242846377088F80040EFE7773D0020DF
:103B4000083000203030002060130020E5380300EA
:103B5000753D0020F42F002038B5134D07F0B9FD56
:103B60002B780446C3B9114A11491370114B124AFC
:103B70001A601248124A5A60DBF74EFA114912488D
:103B8000DBF74AFA114B124A1A60124B1B68124BB0
:103B900002221A6001232B70AFF30080204607F049
:103BA0009CFD002038BD00BF763D0020773D002001
:103BB000202C050000120020613A03000030002094
:103BC00065390300182C0500F82F0020F42F002081
:103BD0001D3A030000300E40303000200D4BD3F86A
:103BE000E020D20314D50C494FF48032C3F8E8200A
:103BF000C1F8EC209A6BD1B2C2F3072299679A6799
:103C000004229A6700229A679A679A679A679A6766
:103C1000704700BF001008400010084638B50B4C34
:103C2000226060600D4607F054FD0123A362042367
:103C3000A560C4F8E830064B4FF48072C3F88021C9
:103C400007F04BFD0DB10223A36238BD0010084000
:103C500000E100E0044B1860044B40F6FF7219636A
:103C600058635A65704700BF343000200010084088
:103C70002DE9F04F042A83B005463AD90B788361C9
:103C80004B7883618B788361CB7883610068D5F84A
:103C900008B06E6800F007004FF00108063008FA1F
:103CA00000F808F1FF3909EA0B07A2F1040AA8EBB2
:103CB0000702924501F1040446F000560DD8F019B0
:103CC0002146524618F009FD0AEB0B0348EA0902A7
:103CD0001340AB6003B0BDE8F08F2146F0190192AC
:103CE00018F0FBFC019AA118AAEB080230463A44EE
:103CF000E8E7013A032AEDD8DFE802F00B080502F5
:103D000011F8013B836111F8013BAB6111F8013BF4
:103D1000AB610B78AB6103B0BDE8F08F38B5124CE6
:103D2000154670B10122C4F8B8200A4601460F4872
:103D3000FFF79EFF1DB10C4B0422C3F8B8200020F2
:103D400038BD69B1D4F89C208A4284BF0122C4F8EE
:103D5000B820054A0223C2F89810C2F8B830E9E743
:103D60000123C4F8B830E5E700100840901008407F
:103D700010B507F0AEFC184B184901229A65C3F83C
:103D800088201A66164A5A660722C3F884200A80D9
:103D9000144900220A804FF4A021C3F8E81003F16F
:103DA000C0630446C3F8EC100F4B1A600F4BD3F8F6
:103DB00088305B020AD50E4B18680E4B4FF4800218
:103DC000C3F88820416BA43001F0A8FB2046BDE871
:103DD000104007F082BC00BF00100840A83100204E
:103DE000C0180020A63100203830002000400840D4
:103DF000B82F0020004008440D4B07221A800D4BBD
:103E000000221A800C4BC3F890204FF40052C3F8E4
:103E10009400C3F8B420094AF021116402F1007241
:103E2000A02111640122C3F8B820FFF7A1BF00BF91
:103E3000A8310020A63100200010084000000844EE
:103E40002DE9F0410446A0B13B4E3C4F07F041FC48
:103E500031883B4B01F07802032C054601F07F0EC0
:103E60001A4456D1D7F800C0BCF1000F03D107F0B7
:103E700034FC03204BE02CF00104386820F00100F2
:103E8000A0424BD100233B6023886FEA43436FEA93
:103E900053439442238036D12A4FDFF8BCC03B887D
:103EA000ACF18008CC18083B9BB202F10801E01A83
:103EB000614528BF4146082B80B204D9B1F900E022
:103EC000BEF1000F35DB947812881F493B80C2F3A6
:103ED0000C02C0B2CA6304F007043080C866C1F89F
:103EE0008430FFF77BFE042C0DD1184BD3F88830BB
:103EF000174B1868174B4FF48002C3F88820416BAA
:103F0000A43001F00BFB284607F0E7FB0020BDE8DA
:103F1000F081601E012898BF1446AEE7094873443B
:103F20000088E31A48BF803308389842ACDC284642
:103F30009DE70A46B7E700BFA631002038300020D1
:103F4000C0180020A83100200010084000400840A0
:103F5000B82F002000400844401900200E480F4AA6
:103F6000038812880E491A44073A02F078020A447C
:103F700008339BB2038090780A4900F007000428B8
:103F8000C1F8843004D101F540514B681B03FCD4C7
:103F9000054B1A60704700BFA8310020A6310020F1
:103FA000C0180020001008403830002010B5054C23
:103FB000206828B1C30701D4FFF742FF0023236024
:103FC00010BD00BF38300020084B4FF48032C3F8DA
:103FD000EC2003F17C43C3F8E420D3F88030C3F332
:103FE0000C03782B01D8FFF7F9BD70470010084487
:103FF0002DE9F84304460E4607F06BFB4F4B504D3E
:104000001A8881464F4802F07801032C078802F095
:104010007F03294417D14C4804688CB9D419073C54
:1040200004F078042C442B44E31A48BF8033BB428D
:1040300010DB484607F051FB00242046BDE8F8831A
:1040400024F00104EFE7012C02D0022CEBD1083F51
:104050000C46E8E7002E42D08C4244D13B4AD2F8CD
:104060003C803A490F6B07F00707BA1D01279740BC
:10407000D1F88020C2F30C029A4247DDB4F9003037
:104080002588002BD5DBA378C5F30C0503F00703C7
:104090007A1EA5EB08053A43052B337005EA0205A5
:1040A0002CD82DB2E84340F22A420421C00FFFF77A
:1040B000CDF97580E37833747B1E03EA0808244B3E
:1040C0001B6803EB0802B260AAB218FA85F5BD427C
:1040D0008BBFA7EB08070023B780B280F360484688
:1040E00007F0FBFAA9E7A4F10802AA4238BF04F1DD
:1040F0007802B2F80080C8F30C08B2E7154BDB6C0D
:10410000002B0CBF00230823ED1ACAE78A6B124963
:104110007B1EA2EB08023B4313401DB24A685BB909
:10412000C2F30362032A0CBF08220022327073809C
:10413000D1F890301B0ABEE70822F7E7A63100202D
:10414000C0180020A831002038300020001008409E
:10415000343000200000084000400840431C08D0D4
:104160000449D1F83C311B0C1B0480B20343C1F855
:104170003C31704700400840054BD3F8B400431C65
:1041800014BFC0F38070012098223121FFF75EB97F
:104190000081E00F034B1A689B8802608380002037
:1041A000704700BF241300200F4B0228D3F888313A
:1041B00004D183F40010C0F340507047012805D1AA
:1041C00013F4400F0CBF01200020704750B9074A7C
:1041D000D2F8D40010F0010005D083F48000C0F3C1
:1041E000805070470020704700400E400081E00F73
:1041F0000B4B5B88B3F5E16F8BBF5A23C82350226A
:10420000782298428CBF172310230B70054B1B7824
:1042100023B1904294BF0020012070471846704798
:10422000241300206113002013B5234B1B78032BAC
:1042300004463ED00DF10701FFF7DAFF1E2C8CBFBC
:104240001E491F499DF807204FF001038CBF012430
:104250000024C1F8083170B1194B4DF60171C3F853
:104260000411120203F1007342F44042C3F8042126
:10427000144BA3F8D420134991F8D82022F001025E
:10428000024322F0020242EA4402D3B20E4A81F80B
:10429000D83012786AB9B1F8D420A1F8D62023F02A
:1042A000040242EA800323F0080343EAC40381F8CE
:1042B000D83002B010BD00BF2413002000400846D3
:1042C00000400844001F00217A3D0020084B094AA5
:1042D000D3F88831DB4303F4FE1343F40053B3FAFD
:1042E00083F30E33A3EB4313013B1370704700BFFE
:1042F00000400E406513002001280CD0022802D097
:1043000020B100207047054B18787047034B187890
:104310000430C0B270470720704700BF651300200B
:1043200002289ABF014B185CFF207047282C05001B
:104330002DE9F743424E434F96F800901546424A06
:10434000D2F8C820B9F1010F0446884607EA0207EF
:1043500005D147EA00600C7000232B6040E03B4A27
:104360001278904228BF1446002B14BF0423002368
:1043700023440B70002C48D0013CE4B24FF0306372
:104380002B606A46204601A917F0EDFEDDE90030FA
:104390002F4A98F800C0127847EA006040EA83305C
:1043A00040F47F5040F00800002A30D0B3FA83F385
:1043B0002849294AC3F11F035BB2B9F1020F18BFA4
:1043C0000A46591C27D0D75CFFB22A6822F07F41E9
:1043D000BCF1000F21D141F0306141F004012960AE
:1043E0007288B2F5E16F20F47F538CBF5A22C82245
:1043F000944223F008039ABF180A00F47F5043F652
:10440000C870184303B0BDE8F083144BB8E7FF272A
:104410004FF0FF33D9E7FF27D7E7013303D07B1EE7
:10442000DBB2FD2B06D922F07F4323F0040343F0D7
:104430007F4392E741EA076343F004038DE700BF3F
:10444000241300203F00C0E0001F0021651300205E
:104450007D3D0020B883E00FB083E00F0400000B27
:1044600073B50446C820FFF7DFFE2C4B2C4D18789F
:10447000032801D0FF2C03D1FF20287002B070BDAB
:1044800001282CD1072C204628BF072001284FF0F7
:10449000000301AA0DF1030138BF0120FFF748FF17
:1044A0000446204B204E019AC3F85821C6F8C84054
:1044B0009DF803002870FFF7B7FE019A130203F47A
:1044C000E06343EA1263194AA6F8D03012781AB9A9
:1044D000C6F8CC40A6F8D2309DF80300CEE790B9DC
:1044E000042C14D803460646201A01AA0DF1030134
:1044F000C0B2FFF71DFF4FF4800304465EB10C4AC3
:10450000C2F80831CDE700231E461846ECE7012328
:104510001E460420E8E7074AF2E700BF2413002004
:104520006213002000400840001F00217A3D002057
:10453000004008460040084408B501F033F9094B33
:10454000094A002808BF1A46136823F47F115B0844
:1045500003F4FE130B431360044B4FF00072DA6157
:1045600008BD00BF18410840004108400040084015
:1045700008B501F017F9064B4FF4001228B1C3F843
:1045800000214FF000621A6208BDC3F81821F8E755
:1045900000400844014B1868704700BF3C300020C1
:1045A000436C012B38BF01232DE9F0479A46474B56
:1045B000474F9B69474E484D03F4E073A3F5C07223
:1045C000804646485142514102685245444A0FD103
:1045D00014788C420CD198F8D0C03C78A44507D10F
:1045E00098F816C03478A44502D1A888BDE8F087B1
:1045F000B3F5C07FC0F800A011704CD1D8F894403A
:1046000024B12368082B5AD994F838400F2120464A
:1046100017F099FDBAFA8AF3002854D0B0FA80F264
:104620009B1A002BC4BFC3F10F09D840274BD8BF3A
:104630004FF00F0950454FEA0440C3F8BC0003F1A6
:10464000806340F6FF7288BF09F1FF39C3F8B820D4
:1046500003F100734FEA0921C3F8B81017F096FD73
:10466000A88000F011FE09F01F094FF4FA7304FA54
:1046700009F45C4341F66A03B0FBF3F0194BB4FB59
:10468000F0F40A2044431C6098F8D0303B7098F84E
:1046900016303370A9E798F8D030022B06D1124BB0
:1046A0001B78002B14BFC8249624AFE7012B08D039
:1046B0000D4B1B78002B14BFF024B424A6E7002474
:1046C000A4E73224A2E72022AAE700BF0060084046
:1046D000641300206313002024130020081200201C
:1046E000783D00203C3000207D3D002070B506461E
:1046F0000D46144617F0A8FFE0B1347D023CE3B24A
:104700000C2B06D841F6A754DC40E44314F0010416
:1047100025D000242546134B134AC3F850212B04FF
:104720002D0503F4E02305F0F8751D430F4BC3F886
:10473000505101E0FF2DEED1FF2C0ED0094B40F27D
:10474000F712C3F85021220102F4F87204F00704B2
:1047500003F100731443C3F85041002070BD0C25D1
:10476000D9E700BF004008440000F70100400846B8
:10477000F8B5134B134E1F68134D384600F0FEFF7B
:104780003378C4B2A34201D12B78A3B1092C14D839
:104790000E4B012C195D05D10D4B1B78012B01D15E
:1047A00041F0400101F00F0238460909FFF79EFF72
:1047B000002334702B700020F8BD0024FA21F1E7AB
:1047C000B82F00207B3D00207C3D00202B2C0500D5
:1047D0002413002070B5044600F0FEFC14220021D2
:1047E0003148324E17F0A1FF314B25781A78314904
:1047F000521B18BF01220A7022681A60C820A288C2
:104800009A80FFF711FDD6F8C8202B4B2B49134097
:10481000C6F8C8302A4BFF221A70D6F8C830294A89
:1048200023F08043022D23F017031AD14FF4EE40FA
:10483000C2F824014FF48A42C1F82421012243F036
:104840008043C1F82021194AC2F8C8301D4B032209
:10485000C3F85821FFF78CFF1B4B01221A70002070
:1048600070BD012D4FF007000ED1C2F80C010620DB
:10487000C1F80C011549C2F808114FF4404143F04A
:104880000303C2F80411DEE7C2F80C010520C1F8E9
:104890000C01C020C2F8080143F08043812243F09C
:1048A0000403C1F80821CEE7C81F0021001F002122
:1048B000241300207C3D00203F00C0E0004008465B
:1048C0006213002000400844793D0020C1004000F0
:1048D000014B1870704700BF7D3D002037B5264B57
:1048E000264D1A78032A01D0FF2804D100232B700B
:1048F000FF2003B030BD002A3BD104288ABF01232A
:1049000000230422801A0DF1030101AAC0B2FFF7AF
:104910000FFD1B4CC4F8CC00019A130203F4E063B2
:1049200043EA1263A4F8D23094F8D83023F0040399
:1049300084F8D8309DF803000DF10201FFF758FC10
:1049400094F8D82042EA80039DF803001E288CBF0B
:104950000822002223F00803134384F8D8309DF87E
:104960000220084B43EA0223A4F8D63001232B701F
:10497000BFE700231A46C5E7241300207A3D002034
:10498000001F002100C0FFFF104A114B00201870CB
:10499000D2F8C830C2F8CC30B2F8D030A2F8D23059
:1049A000B2F8D430A2F8D63092F8D83003F0FB0336
:1049B000990001F004010B4303F0F703990001F0A3
:1049C00008010B4382F8D830704700BF001F002158
:1049D0007A3D00202DE9F0472D4C2E4B236000F04E
:1049E00053FC4FF4FA7307464FF47A76B0FBF6F6B1
:1049F00029482A4A7343190E1B02181841F1000175
:104A0000002304F0ADFFA0F580730546A36220B932
:104A100062222B21FEF71AFD01254FF47A726A43B8
:104A20004FF0000A53465008310204F099FF1C4B26
:104A300019601C4BB7F57A7F4FEA05688946044632
:104A400018604FEA152505D272222B215046FEF739
:104A5000FDFC01264FF47A71A8FB01087308C01809
:104A600001FB05814FF0000341F10001324604F0E3
:104A700077FF0D4B023419600C4B49F10009A40873
:104A8000186044EA8974024B013C1C63BDE8F0875E
:104A9000005008400211010020A1070040420F0011
:104AA00054300020503000204C300020483000208E
:104AB000044B4FF00052C3F880211A60024B0122D0
:104AC0005A60704700E100E000500840074B4FF08B
:104AD0000052C3F88021C3F88020BFF34F8FBFF38B
:104AE0006F8F034B04225A60704700BF00E100E063
:104AF00000500840824210B5A3EB0101A2EB000474
:104B000004D2044B1B6B01331C440139204601F0D5
:104B1000030110BD0050084038B502010A4B0125C1
:104B20009D500A4A4FF4807383405366044606F052
:104B3000D0FD074A137805FA04F423EA040414703C
:104B4000BDE8384006F0C9BD005108440050084097
:104B50007E3D00202DE9F0471546044688461E4656
:104B600006F0B7FD022D00F0B880074606F0B8FD4C
:104B70006D4B6E4AD3F8189092F815A0DA6D5FFA73
:104B80008AFA520744BFD3F818900AF1010A06F0D6
:104B9000ADFD674B674A1B6811684FEA8A7CA3FB2F
:104BA000093213F1004301FB09CCD8F800304CEB7B
:104BB000020C012D04BF01336344ACEB030C08BFAE
:104BC000C8F80030BCF1804F0AF0030AC0F09980A9
:104BD000594AD2F800C0594AD2F800E0524A23F0AC
:104BE0004041106B4FF000480022ECFB01820EFBAD
:104BF000012282424FEA937381BF01330130121ABE
:104C000003F00303A3EB0A03914588BF4649DFF88D
:104C10004CC184BF096B03F1FF3303F003030CF8AD
:104C20000430A2EB0900A3B1F10742BF444B41F6A7
:104C30001F71D966B30742BF414B4249D96671071C
:104C400042BF394B00211967330742BF364B002161
:104C50001965354B04F1100103EB041E0901CEF870
:104C60000C2111225A5038499A69D3F85CE04FF070
:104C70000108A2EB090908FA04FA0A785FFA8AFA2D
:104C80004AEA020281450A7026D34FF48072A2409C
:104C90001EEA020F20D11CF80400002840D10DB3F9
:104CA000F0071A6608D5264B284941F61F7240F2D4
:104CB0000110DA66C866DA66B10706D5204B2349CB
:104CC000204A2348DA66C866DA66720742BF214B7B
:104CD00001229A6033071AD4384606F0FEFC012000
:104CE000BDE8F0871C48240140F804805A6606F0AD
:104CF000F0FC15490B7823EA0A0A81F800A006F0B7
:104D0000ECFC384606F0E9FC0020BDE8F0872120E5
:104D100000F098F9044B4FF480325A603846DCE7D3
:104D20001A663846D9E700BF00500840903000208E
:104D3000483000204C3000205030002054300020FB
:104D40000050084400001F1F7E3D00200050084610
:104D5000000001010040084000510844403000209C
:104D6000024B1878003818BF012070477E3D0020A4
:104D70001030034B0001185800F00100704700BFCD
:104D8000005008401030044B01F46001000141F074
:104D900003011950704700BF0050084038B506F0B5
:104DA0009FFC084B084A9D69547DDA6D520748BF45
:104DB0009D69E4B248BF013406F098FC284604F02F
:104DC000030138BD005008409030002038B50B4B2F
:104DD00003EB001210300001D2F80C411D58FFF710
:104DE000DDFFAB0706D5844200D90139204601F02A
:104DF000030138BD844238BF0131F7E70050084055
:104E000008B5222000F01EF9024B4FF480225A60B0
:104E100008BD00BF00500840064B1B68434303EB2E
:104E20008171054B1B68A3FB003013F1004341EB7C
:104E3000000070474C300020483000200D4A10B56B
:104E4000146820F0404301464FF000420020E4FB8C
:104E50000320094A126802FB0300084B1B6B9842AF
:104E60004FEA917104D901330131C01A01F00301F5
:104E700010BD00BF503000205430002000500840CA
:104E8000F8B5064603F08EFC044608B1FFF71EFE97
:104E9000084D094F00232B6130466B61AB617B7578
:104EA000FFF7CCFFC9B27975A8610CB1FFF700FE1E
:104EB0000020F8BD005008409030002038B5354B38
:104EC000354C08220546C3F8C82034480121D6F7DE
:104ED00007F9334B1D702378013B012B0CD8237C41
:104EE000E07B01229A400C21302313FB001303F1D5
:104EF000884303F520431A602A4B00225A67002D8D
:104F000041D06368002B34D000F0BEF9626800EB3A
:104F10005203B3FBF2F3013B1B0243F0F803227888
:104F2000022A28D0032A2AD0012A2FD143F00203D3
:104F300007221D494FF6FF70C86701F10071CB676A
:104F4000184B5A6753070CD5237CE07B01229A400B
:104F50000C21302313FB001303F18C4303F5204392
:104F60001A604FF080439DB1104AC2F8943000207F
:104F700038BDF823D3E743F001030522D9E743F016
:104F800005030122D5E72A46F823D2E70022D0E71D
:104F9000074AEAE700400E465830002000350A0074
:104FA0007F3D002000000840000008440040084603
:104FB00000400844F8B5064604460FCE1C4F3D4657
:104FC0000FC533682B601B4B1B480822C3F8C82051
:104FD0000121D6F785F8194A00235367A37BE17AAC
:104FE0001B0443EA0123217A0B4393673B78032B8D
:104FF0001BD8DFE803F01402080E617B207B00233E
:105000000422D7F7E7F9217CE07B00230422D7F7BD
:10501000E1F9A17A607A01230422D7F7DBF9084B82
:105020001878BDE8F840FFF749BF0120F8BD00BF80
:105030005830002000400E4600350A0000000840AD
:105040007F3D0020044BD3F89430002BBCBF034BB2
:10505000C3F88000704700BF0040084000000840CF
:105060004FF0006318B1034AC2F894307047024A07
:10507000FAE700BF004008460040084408B5074B67
:105080001B681A68064B920019684FF0045017F01D
:1050900024FBBDE8084000F0D5BE00BF7030002002
:1050A0006C30002007B501A8D7F732FC134B144A27
:1050B000C3F8442148F2E672C3F838214FF408627D
:1050C000C3F834210F4AC3F8A0200F4A4AF63F41E3
:1050D000916002F580424FF0C07191620022C3F8E6
:1050E000FC200A4AC3F89C20094B7F225A6203F134
:1050F000007323225A6203B05DF804FB00400840AD
:10510000C0E653517A27000F00300840806D6303DA
:1051100000300844064B1B783BB1064B064A1A6028
:10512000064B074A1A60002070470220704700BFF4
:10513000803D00206C300020782C0500703000206D
:10514000E44A050038B51B4B0022C3F88820C3F899
:105150008C20C3F89020184A4FF400715162174A0E
:105160000121D1605A6812F0706FC2F30365F9D162
:105170004FF00452DA671249124C0122C3F8802022
:105180001966227017F03DF80F4B2570186820B192
:105190000E4B1868003818BF01204FF49A62542152
:1051A000FEF754F90A4B1B6898470A4B0122DA6054
:1051B00038BD00BF004008400000084000400846DD
:1051C000A01F0021803D00206C30002070300020A6
:1051D0000C12002000400844034BFD22C3F8C820F5
:1051E0000122C3F8CC20704700400E4638B5FFF7C7
:1051F000F3FF1B4B1B481C4C1C490222C3F8C82060
:105200001B4B1A6842B102EA0005A54204BF5D6863
:10521000156008338B42F4D1164B0222C3F8C82024
:10522000154B164AD3F83C111160154AC3F8942067
:1052300000F056FBFFF736FF124B0322C3F8D820CD
:10524000A3F500530122C3F894204FF46072DA6092
:105250004FF04072C3F8F820C3F8102138BD00BFEA
:1052600000400E460000FFFF00000840B081E00F44
:105270000080E00F00400E44004008401012002063
:105280000048F0000060084608B5D5F7C1F8044BA7
:10529000D3F81031C3F308230133B0FBF3F008BD9A
:1052A00000400E40F8B5044620B1264E0125226884
:1052B000531C00D1F8BDC2F30063110C36F8130083
:1052C00011F0FE0F93B243EA004318D00434CAB27F
:1052D000022A216808D9D4E90170033AC3E900170A
:1052E00098600C340C33F3E704D162680834C3E9E6
:1052F0000012DCE7012ADAD104341960D7E7120F73
:1053000060680834072AD2D8DFE802F00A040811DE
:105310000C0F1417C04303F1806301E01A6850407A
:105320001860C4E716F060FFC1E705FA00F003F16A
:10533000C063F5E705FA00F0EDE71A6830EA02020B
:10534000FBD1B4E7362C0500024B0122C3F89420B0
:10535000704700BF00400846024B0122C3F894206A
:10536000704700BF00400844024B4022C3F894201D
:10537000704700BF00400844024B4022C3F894200D
:10538000704700BF0040084608B50C4B1B68D3F8B7
:10539000943023B11A68022A01D9186A08BDFFF7B0
:1053A00073FF074B1B6D024698B20028F6D0C3F37B
:1053B0000743D2085343B3FBF0F0EFE7B82F0020C8
:1053C00000600840064B5B68C3F30363984206D154
:1053D0000448436B23F0F00242EA01124263704733
:1053E00000400840001F002110B50446FFF7CCFF25
:1053F000104AD2F830311B040F4B1B6C03F4C0531E
:1054000048BF4008B3F5805F0ABF136BC4F30113B4
:10541000C3F34163022B05D0032B09D0012B00D12C
:10542000400810BDC4F3C4240134B0FBF4F0F8E725
:105430008008F6E700600840000008402DE9F84FBA
:105440000D4616F0BBFEDFF898908046002606F069
:1054500040F9214B5968C1F303639F1E012B83461A
:10546000FFB22AD0052B2AD0A3F10B01D1F1000AFB
:105470004AEB010A012F24D8184B9968C1F389140B
:105480000A0444BF6FEA84546FEA945424B26B1C3C
:1054900003D016F093FEA0EB0806584606F01DF95F
:1054A00014F5007F0FD1012F02D9BAF1000F01D0FE
:1054B000AE42CCD32046BDE8F88F9A46DAE74FF0EB
:1054C000010A4C46E3E7C83C24B26FF4FF739C42E8
:1054D000B8BF1C46EEE700BF00400840007008401F
:1054E00000FEFFFF024B012218619A60704700BF67
:1054F00000200840084910B5D1F8703140B11C4671
:105500004A68D1F870319C42F9D1C2F3036202704B
:1055100003F00F0010BD00BF00400840094BD3F856
:10552000883001F0800103F480030B4309D1064B5E
:105530004FF400129A61837F1BB1044B0122C3F820
:10554000F8207047004008400060084400600846AA
:1055500010B506F0BEF8084B1B6804463BB19847EF
:1055600028B1002200204FF4806100F07BFD20462E
:10557000BDE8104006F0B1B8743000202DE9F041CC
:105580001F4DDFF89080069FA2FB036C75196CF12C
:10559000000E0024A84574EB0E0507D24FF4B47238
:1055A0000E212046FDF752FF02201BE00029FBD010
:1055B000C0F3130001EB5305B5FBF3F3A3FB00307D
:1055C000DB0C43EA40330F4803600F4B1A600F4B6C
:1055D000994209D10E4BA6FB036103FB0C1189090B
:1055E00039602046BDE8F0814FEACC4C0A4623469C
:1055F000F0044CEA563104F0B3F93860F1E700BF2B
:1056000000C9E876783000207C30002000F04902A4
:105610000A3BB2DF0046C32338B5164D2B780C4643
:1056200023B9154B1B6D03F03F032B70134BD3F8BD
:1056300094305B051CD540F24D53114AB0FBF2F299
:105640005343A3F546400C38504300F5C91000F50C
:10565000556028B940F21B322B21FDF7F7FE0120DF
:105660002B78084A5343B3FBF0F02060002038BD8C
:105670000220FCE7843D0020003008400040084044
:1056800000366E0180969800314B70B51C68314B26
:105690001D6B314B1B68ED024CBF1B19E31AB3F1B4
:1056A000804F4CD82D4E002B4BD0B3FA83F5D5F15B
:1056B00002052B4C54BFEB400025A34288BF5B087A
:1056C00003EB5604B4FBF6F4264E88BF0135B34213
:1056D00004F1FF3434BF0026012644EA862444EA5C
:1056E00005340C6050B3B3FBF0F1642400FB1133BC
:1056F0006343984288BF01F1FF314B08581E0728C9
:1057000001F1FF334FEA53011DD80F2B1BD8E0B92D
:10571000012B94BF00230123134C2370134C062547
:10572000C4F8945033B1124B1B781BB1114B0224B7
:10573000C3F894400B0243EA0013136070BD0E4E91
:10574000B3E72025B3E70023E6E70123E4E700BF42
:105750007C3000200030084078300020E0673500C1
:105760003FBE4025401B5F13823D0020004008449F
:10577000833D002000400846C0CF6A00084B5B6BA9
:1057800003F00700C3F3C20213F0380F18BF5043F1
:10579000C3F3821213F4E07F18BF5043704700BF79
:1057A00000300840034BD3F8380180F01000C0F3FC
:1057B0000010704700400840174B4FF4002210B50E
:1057C000C3F89420154C164BB0F1804F98BF1C467F
:1057D000144BDA6CD2071DD51B6F134804F5F42463
:1057E00004F59074B4FBF0F4033CE4B203F0070357
:1057F000A34202D02046D6F7E1FC0C4B1B784BB1FC
:105800000B4B4FF47022C3F8942003F1007324046F
:10581000C3F8944010BD00BF00400846C0CF6A00E6
:10582000E067350000300E4040420F00813D00200F
:10583000004008447FB50446D4F726FE1C4B22687E
:1058400006462C33586800933146A379FFF796FE3D
:10585000054648BBA379012B14BF164916491022EF
:10586000C1F83821206815495843FFF7D5FE03AA2F
:1058700002A93046FFF708FF0F4A43F6FF53C2F86C
:10588000A4300C4B0299C3F8A4104FF4EE611163DD
:10589000039A1A632068FFF78FFF094BA2881A62E8
:1058A00003F5405300229A63284604B070BD00BF40
:1058B000003008400040084600400844503008408E
:1058C0000000084008B5044B01221A70034B186809
:1058D000FFF772FF002008BD813D00207C300020D2
:1058E000024B4FF48062C3F8942070470040084692
:1058F0000D4BD3F80421D3F8B030D2B2FF2A03D035
:1059000043F30743591C01D190221923074903EBA4
:10591000D37302EB630381F84330022381F84230F2
:10592000232381F8413070470081E00F001F0021E0
:1059300040B10368012B05D90069034B002808BF5B
:1059400018467047004870473C2C0500064BD86D40
:10595000DB69C0F3011203F01F03000C02FB00001F
:1059600001331844704700BF0060084038B5044652
:105970001D480D46FFF762FA1C4AC301D2F83001F8
:1059800010F400400DD003F57442194C194924322B
:10599000B2FBF1F22A6003EB5402B2FBF4F26A604C
:1059A00001E0002CF7D1144B5A68D40219D4134AE1
:1059B0001268D3F8A810C2F3810211F4806302F1D7
:1059C0000102C9B218BFD300FF2906D00A49D1F895
:1059D000AC10490501D503EBC20300B10333AB6042
:1059E00038BD0023F9E700BF40420F0000600840C7
:1059F00020A1070048E801000000084000200840FE
:105A0000084B1A68C117A2FB000310F1807002FB5B
:105A1000013343F10003400E40EAC310803820EA0E
:105A2000E070704784300020174B072270B5C3F830
:105A30008420FFF729FC154B154A164EC408010BAC
:105A40000546E005C01841F10001002303F088FF7E
:105A5000114B18604EF66020FFF7D2FF4042C6F8A7
:105A60009C000E48FFF7EAF9024658B1E3015008DE
:105A700018184FEA15714FF0000341F1000103F0CF
:105A80006FFF706770BD00BF00400840B2E60E00B7
:105A900065CD1D00001F00218430002040420F0012
:105AA0002DE9F047154698460646002800F0B580D7
:105AB0000846FFF73DFF18F0050F074664D034692C
:105AC000002C00F0AC80FEF765FD4FF47A735C4368
:105AD000201A7C68A0F6AC50001BFFF791FFB48B36
:105AE0006862002C00F09E80FEF754FD4FF47A733C
:105AF0005C43201A7C68A0F6AC50001BFFF780FFC7
:105B0000A861614BF468D3F80090DFF88CA1002CF9
:105B100000F0B180FEF73EFD4FF47A735C4399F8D4
:105B20001230241A053B7868A4F6AC54012BA4EB80
:105B300000047AD8DAF80020A4F53E44EB3CE317E1
:105B4000A4FB020402FB034310F1807143F1000443
:105B5000490E41EAC4114D4CA2FB0424821A63EBA6
:105B6000040312F1807243F10003520E42EAC312A1
:105B70008039803AE9612A62B469FEF70BFD01467B
:105B8000204616F089FB286318F0020F29D07368AD
:105B90004FF47A7058435BB13B6803F51C531033E4
:105BA0001844B37F002B46F2A81308BF0023184403
:105BB000FFF726FF7369E862002B5FD078684FF427
:105BC0007A7202FB0300B37FA0F50350002BA0F113
:105BD000100046F2A81308BF0023C01AFFF710FFF9
:105BE000A86218F0040F18D0B068002849D04FF40C
:105BF0007A735843A0F503501038FFF701FF28616E
:105C000033684FF47A70584323B13B6803F51C5353
:105C100010331844FFF7F4FE6861BDE8F0874CF2DA
:105C200050305AE74CF2503068E73B68E41ADAF833
:105C30000020E117A2FB044314F1807402FB01333E
:105C400043F10003640E44EAC314803C104BEC6142
:105C5000104CD3F884302B622368002B8CD048463C
:105C600016F090FC002887D02368D9F848002A460F
:105C70003946984780E74CF25034D8E747F2305025
:105C8000ACE747F23050B8E7B82F0020101B0200F5
:105C9000001F0021803000208430002008B9FFF769
:105CA00055BE0348814214BFBC202F20704700BF5F
:105CB00048E80100F8B5074608461E46154616F0A6
:105CC00084FA104B0146D3F8F800FFF731FEBB7C95
:105CD0000468053B012B01EB06000DD80A4B4BF67F
:105CE000EB64002D18BF1C464FF4FA73074A234497
:105CF00093FBF2F31844F8BD002C054BA8BF4FF4FA
:105D0000FA73F3E7001F0021FBD9020018FCFFFF24
:105D10000CFEFFFF2DE9F04F384C0A4685B00D46CA
:105D20000021814616F001FDD4F8C83043F06C0222
:105D30009A4204D00025284605B0BDE8F08F304BCC
:105D4000DB68D907F6D4FDF767F90028F2D0D4F85C
:105D50001061C6F30826002EECD12A4C2A4BD3F84A
:105D60001880D4F884300193284B4FF060529A6128
:105D700003F100734FF000629A612423C4F8843069
:105D8000234B04221A604FF4804A4FF48053C4F826
:105D900068A0B3466362AB4512D31E4B04221A605F
:105DA000184A019BC2F88430184B4FF0605199613A
:105DB00008EA010318498B614FF480439366BAE700
:105DC000226E5204FCD52268D305F9D5C4F868A028
:105DD0000136D4F888200392012EDCD9A5EB0B07FD
:105DE000042FA8BF04273A4609EB0B0003A95F4420
:105DF00016F073FC1FFA87FBCDE700BF00400E4092
:105E0000004008400000084000600840006008446E
:105E1000004008460040084400600846074BD3F89D
:105E2000D8304FF604014FF605029BB28B4208BFF3
:105E30001346034A01209365704700BF0081E00FBD
:105E40000050084070B5194C0FCC86B001AD0FC59D
:105E5000CC22236816482B60002116F066FC8422B1
:105E60000021144816F061FC134B144AC3F8F020CB
:105E7000FFF73EFD124B1B782BB101AD0FCD0B4E42
:105E80000FC62B6823600F4B0F4AC3F8DC2F0F4A55
:105E9000C3F8E02F0E4AC3F8E42F02F1957202F224
:105EA0004952C3F8E82F06B070BD00BFC81F0021DB
:105EB000341F0021B01E0021001F00213F003700C9
:105EC000793D0020001000210200620609C8056E1D
:105ED0000704DC060A4B197801F0FF0229B1002102
:105EE000197008499202C1F8A020597801F0FF0208
:105EF00029B1002159709302024AC2F8A4307047B8
:105F00008B3D002000000846074BD3F8E00E074BFE
:105F1000D3F88C301A0103D4054B1B6E1B0401D53A
:105F200000F58070704700BF00100021004008405D
:105F30000000084008B505F0CCFB0F4B1A78B2B949
:105F40000E4A126812F4843F11D10D4A1021C2F892
:105F500094101B786BB9094B1B68DB0509D4084BFF
:105F60002022C3F89420BDE8084005F0B6BB054ADE
:105F7000ECE7044BF4E700BF863D00204019002009
:105F80000040084400400846044B00221A70044BAD
:105F9000197811B11A70FFF7CDBF7047873D002007
:105FA000863D002010B505F094FB0E210446032029
:105FB000FFF708FA044B40F2012220465A62BDE87E
:105FC000104005F08ABB00BF0000084008B505F08E
:105FD00080FB234B4FF08052C3F88020BFF34F8FDC
:105FE000BFF36F8F4FF48072C3F88020BFF34F8FE1
:105FF000BFF36F8F0222C3F88020BFF34F8FBFF330
:106000006F8F1022C3F88020BFF34F8FBFF36F8FC5
:106010002022C3F88020BFF34F8FBFF36F8F4FF064
:106020000052C3F88020BFF34F8FBFF36F8F8022E1
:10603000C3F88020BFF34F8FBFF36F8F4022C3F8A8
:106040008020BFF34F8FBFF36F8F0122C3F88420EE
:10605000BFF34F8FBFF36F8FBDE8084005F03DBB26
:1060600000E100E070B5084C01232370074B1E6867
:10607000074BD3E9005332401940284001F030FA71
:106080000023237070BD00BF853D00208C300020B0
:10609000401900202DE9F84FDDF828B003EA010887
:1060A0000B9B06460D4602EA000903EA0B0ABBF108
:1060B000000F40F06981031F0B4300F02D8105287C
:1060C00071F1000380F0008150EA010300F07C814F
:1060D000431E0B4300F03C81FFF778FFBB4BD3E935
:1060E000004724EA060427EA050744EA090447EAC8
:1060F0000807C3E90047B64BB64D1E68DFF8288392
:1061000026EA0B0646EA0A061E60FFF713FFB248AE
:1061100014F02A4FC26E14BF48F202034FF400433A
:10612000B10748BF43F4005383EA020122EA0302A5
:10613000EA66AA4A81660B40D366620304F48023B0
:1061400048BF4FF48053250348BF43F48073E006F3
:1061500048BF43F40053A248A10648BF43F400736C
:10616000620648BF43F48063D0F80C22250648BF7E
:1061700043F400639B4D83EA020122EA0302C5F85F
:106180000C22C0F80812984AB80507F4007503EA13
:10619000010348BF4FF48025E10448BF45F4803532
:1061A000C2F80C32A20348BF45F48015A30748BFCC
:1061B00045F4800514F4001F06D0D8F8000016F04E
:1061C00046FA08B945F40025E00248BF45F4003519
:1061D000F9068649864848BF45F40005620248BF73
:1061E00045F400150A6A730748BF45F0040585EABF
:1061F000020323F001031A4002621D40CB617D4B74
:106200007D487E4A1D6216F0010F7D4B18BF134674
:10621000826E7D0748BF43F400137A4D83EA020182
:1062200022EA0302AA66784A41660B4000F5005054
:106230009366C26B04F0010305F5005583EA020181
:1062400022EA0302EA63714A81630B40D363D8F800
:106250000020200248BF6E4B92F8E92058BF6D4BDA
:10626000610748BF43F4806322B114F4C06F18BFC4
:1062700043F480736848694CD0F8EC10320748BF8B
:1062800043F0004383EA010222F4A0221140C4F843
:10629000EC101340C0F8E820614AC2F8EC3005F079
:1062A00018FA604B4FF080521A604FF480721A60F7
:1062B00010221A6020221A604FF000521A608022C9
:1062C0001A6040221A603DE0A0F580630B4306D0BF
:1062D00020F48063A3F500730B437FF4FDAE05F05B
:1062E000F8F93A4BD3E9004124EA060421EA050112
:1062F00044EA090441EA0801C3E900414A4B1B682A
:1063000093F8E93013B314F4C06F1FD0444B4FF42B
:106310008072C3F8EC2015E005F0DBF92B4AD2E9D6
:10632000003123F0040343EA090341EA0801C2E90A
:10633000003159EA080314BF394A384A4FF48063E0
:10634000C2F8EC30BDE8F84F05F0C7B9334BDEE7D3
:1063500005F0BFF91D4AD2E9003123F0010343EAF9
:10636000090341EA0801C2E90031304A59EA080349
:106370004FF0010315BF93632D4902F1C062CB6357
:1063800014BFD3639363DDE750EA01037FF4A4AE47
:10639000BBF1010F7FF4A0AE05F09BF90C4A136826
:1063A00023F0010343EA0A031360134A4FF48063A6
:1063B000BAF1000F04D0536602F1C0629366C1E7E0
:1063C00010498B665366BDE7BDE8F88F4019002081
:1063D0008C300020000008440000084000000846FF
:1063E0000060084000600844006008460040084023
:1063F000004008440040084600500840041C50007B
:106400000418500000500844005008460070084628
:106410000D0A0A09090A0A09001008400010084478
:106420000010084600E100E0B82F0020007008408E
:1064300000700844024B5868C0F3C000704700BFAA
:1064400040190020024B186800F00100704700BF9F
:1064500040190020024B5868C0F3C030704700BF9D
:106460004019002010B50446FEF7C0FEFFF7AEFD50
:1064700004F14C00FDF7C0FCFEF764FEFEF7AAFA3B
:10648000FEF716FBFFF7D0FA1049114AD1F8F810C1
:10649000072304F1A400FFF703FB4FF440010020A1
:1064A000FEF770FC4FF400110120FEF76BFCFFF7C4
:1064B000B5FC20B940F2E7221421FCF7C7FFFFF733
:1064C00001FABDE810400120FEF7F8BC001F0021D2
:1064D000681F0021084B8022C3F8882003F17E4307
:1064E0000822C3F88820054AD2F8B03E23F02003E2
:1064F000C2F8B03E704700BF0040084600100021BF
:1065000008B505F0E6F8FFF7E5FF034B01229A60B6
:10651000BDE8084005F0E1B800400840F0B583B0A0
:106520000646144602F03EF9002851D05D4BDD6866
:1065300015F006054CD105F0CCF823790095022B17
:10654000074648D1237B022B34D00320FEF710FCF2
:1065500018B9554B5B685A0437D5A37B257B534943
:10656000A2680192003B18BF0123012D0B706CD073
:106570004F4A504C002313702278002A70D1494EA4
:106580000420FEF7C9FAF36E23F0F85323F4F8134E
:1065900043F0506343F48033F3662A46022301A993
:1065A0000420FEF7D7FA58B1434B01213022217065
:1065B000C3F89420384605F090F8002003B0F0BDF1
:1065C0000320FEF7A9FA3D4BF366384605F085F83F
:1065D000032003B0F0BD0320FEF7CAFB0028F4D16E
:1065E0002279D6F8AC30012A22684BD0D51A2D4B2F
:1065F000324A0095DA6600221A67314B01221A707E
:10660000627B304B002A0CBF012200221A702E4BF5
:106610002D4AD3F8B03E0CBF43F0200323F02003F3
:10662000C2F8B03E0320FEF777FA1E4B274ADA661F
:106630002279012369460320FEF78CFA002881D1D4
:10664000384605F04AF80120C3E72379022B8FD0A2
:10665000009BD6F8AC100B441A440025019287E742
:10666000237005F036F82378ABB1134B1022C3F832
:10667000942023784BB1104B2022C3F8942005F0CE
:106680002CF87CE79A42B2D3B0E7114B1B68DB05CC
:10669000F1D4104BF0E70E4B1B6813F4843FE4D1A8
:1066A0000C4BE3E70050084000400840893D0020C3
:1066B000873D0020863D0020004008460000010183
:1066C000883D00208A3D002000100021010C0100BF
:1066D00040190020004008442DE9F3410D460746CB
:1066E00004F0F7FF1B4BDFF8788000241C70FFF7E5
:1066F000F1FE194BC8F86C30C8F87040064668794E
:10670000431E5842584101F0C1FC40F60143C8F80D
:1067100070302A792968D7F8B430012A01D199421A
:1067200000D3CC1A04230DEB030103200194FEF7E0
:1067300011FA50B9094B88223046C3F8882004F07A
:10674000CCFF012002B0BDE8F081304604F0C5FF67
:106750000020F7E7883D00200000010100400844C8
:106760000050084038B5164C05462078B0FA80F045
:106770004FF47F723E214009FCF768FE55B1114B82
:10678000D3F8A030C3F3812323700F4B4FF4406242
:10679000C3F8A0206078B0FA80F04FF47F723E21F9
:1067A0004009FCF753FE55B1064BD3F8A430C3F3B0
:1067B00081236370044B4FF44062C3F8A42038BDBA
:1067C0008B3D00200000084000000844F8B50B4C49
:1067D0000B4DD4F888300B4F0423C5F88830D4F81B
:1067E00088305B0300D4F8BD0426C7F88860022017
:1067F00015F0FAFCC5F88860F1E700BF00400840DA
:1068000000400846004008441C4B70B5D3F888602F
:106810001B4D03F18063A822C3F8882010221A6060
:10682000184A194B93666B66FFF754FB174B1B789E
:1068300013B90320FEF770F900242C67FFF7C6FF99
:10684000134A144BD2F8E01E0B40C2F8E03E124B44
:106850000422C3F88820114BB206C3F8B84008D50B
:1068600003F580735B6CB3F5817F22BF034B8022FD
:106870009A60BDE8704001F00DBE00BF00400840C6
:10688000005008400050084410000002883D0020DD
:1068900000100021DF0000FF00400844001E00211E
:1068A00010B528B971B9174B4FF4C0625A6210BDC8
:1068B00041B9154A53681B0E13F00E0FF3D113683C
:1068C0009A06F0D4FFF76EFB0F4C0020FEF712FE85
:1068D000032801D0092806D1D4F88C30DB03F4D486
:1068E000636F0C2BF1D9FFF771FF084B4FF4007267
:1068F0005A62074B0122DA6003F17E430422C3F897
:106900008820D0E7006008440040084000000840AC
:106910000040084608B503210920FEF753FD024B4D
:1069200020229A6008BD00BF0040084038B50546E7
:1069300004F0CFFE0446FDF71BFA35B1FFF724FB48
:106940002046BDE8384004F0C8BE084B1B78002B39
:10695000F6D0074B1D78002DF2D1FFF715FB2A4624
:106960004FF480400021FFF77DFBE9E7873D0020E1
:10697000853D00202DE9F843144606460D4601F0FA
:1069800089FD414BA022C3F888200320FEF7F0F9CF
:1069900028B10320FEF7C0F80420FEF7BDF83B4BFA
:1069A0003B4ADA664FF00009C3F87090FFF70EFF1C
:1069B000384B3548D3F8B02E374F42F02002C3F899
:1069C000B02EFF2202604FF48072BA60D3F8E01E4E
:1069D000324A4FF004080A40C3F8E02EC0F888801D
:1069E000C3F8B89E56B1FFF7DDFAFEF709FAFFF7D4
:1069F00091FF4046FEF790F8FFF76CFAFB68D90765
:106A00003FD5254A536813F0706FFBD11E4E244BBF
:106A1000244AC6F88830536B23F0F003536315B152
:106A20002046FFF783FF204BD3F8B4305A1C01D027
:106A30005B0001D50123F3601CB31C4BDA6E9A6630
:106A4000154A136A23F00103D361194BD3F80C22C2
:106A5000C3F80822A3F54053DA6F9A67A3F50053F1
:106A6000D3F8EC20C3F8E82003F5C043DA6B9A634F
:106A7000A3F500530F4A5A66034B4FF60842C3F87A
:106A80008820BDE8F88300BF00400844005008405B
:106A9000000001010010002100400840DF0000FF5D
:106AA00010003000001F00210081E00F00000840AE
:106AB000006008405000F0029E4B196EDA6E2DE91E
:106AC000F04F01EA0209C3F8689003F5805385B0DE
:106AD000D3F8E070D3F8EC201740C3F8E87003F562
:106AE000A043D3F80012D3F80C2201EA020BC3F83A
:106AF00008B2A3F5005359691A6A01EA02088E4ADE
:106B000008EA0202DA618D4BD3F80022910006D424
:106B1000D3F800319A00C3F3407640F1E48004F0EA
:106B2000D8FD874BDA68DE6D12F0060F9A6E06EA22
:106B3000020626F4800222F4006214BF4FF0010A1C
:106B40004FF0000A5A66730704D57E4A537D01331D
:106B5000DBB2537504F0C1FDB9F1000F00F0E6801F
:106B600019F4004400F0D78004F0B3FD0146FFF7AC
:106B7000CBF9734C0546A269A3699A42FCD0A2697D
:106B80009342FCD0FFF7C0F9A842034640F0AD8025
:106B9000084604F0A2FD6C4B1D606C4BD3F8884096
:106BA00014F4E05040F0A38025F07F4525F0DF0588
:106BB000002D40F0AE80FFF727FE4FF0807419F0F3
:106BC000020F16D0614B6249D3F8883003F460425B
:106BD000C1F88820002A00F0A3801D0400F1A380E2
:106BE00013F4005F14BF4FF000634FF000531C43D9
:106BF000002519F4005918BF4FF00209554B3B40CE
:106C0000002B4AD017F4206F0AD040F2D17206212F
:106C10000020FCF71BFC0020FFF788FE27F48027EC
:106C2000F80506D54A4BFF221A6044F4C064FFF70A
:106C3000B9F917F0090F0AD040F2E67208210020D6
:106C4000FCF704FCFFF766FE434B01229A6217F043
:106C5000106F0CD040F2EF7209210020FCF7F6FB18
:106C6000FFF758FE002211461046FDF757F817F4BB
:106C7000202F0AD040F2F77207210020FCF7E6FB34
:106C80000020FFF753FE27F48027F90301D5FDF715
:106C90009BF9002FB8BF49F008097A070DD52E4B94
:106CA0005B6A13F4005F14BF2C4A2D4A4FF4005363
:106CB0001ABF536244F4000453627B0548BF44F09A
:106CC000040417F4802700F0AA80FDF747F9013883
:106CD000062847D8DFE810F02A012D012A013001EB
:106CE000330136013601B24636E71D4643E70190CF
:106CF000FFF78AFD164B0198C3F8880014F48055FD
:106D00000BD114F4806F14BF4FF080644FF08054A7
:106D100055E74FF08074002551E74FF08044FAE7C3
:106D20004FF0007363E74FF0004360E74C464D4679
:106D300064E700BF000008400000F7FF00E100E04A
:106D4000005008409030002088300020004008406B
:106D500000400844090B0B8900100840001008444B
:106D60000010084640F6280203210020FCF76EFBC5
:106D7000824A136ED2F8800003F007030633012124
:106D800001FA03F3C0F30C001B1A9BB2072B13D9B3
:106D90007B4BD3F8883058020ED47A48136B126DAF
:106DA000C06C58B103F0070306339940C2F30C03DB
:106DB000C91A89B2072901D844F40074724B1B78B0
:106DC0006BB36E4BD3F8E03013F4A02F27D16F4B89
:106DD0006F4A1B7873B916F480530BD1117849B1FF
:106DE0006C492207D1F8E01E58BF022321FA03F3B1
:106DF0009B0714D10420FDF78FFE674B6749D966C6
:106E0000FFF7C2F8624A13782BB9654B654A1B68D5
:106E10002340134201D144F4804426F48056BBF150
:106E2000000F1DD01BF4805F18BF44F480241BF4B6
:106E3000807F18BF44F400241BF4005F18BF44F0A7
:106E400010041BF4007F18BF44F020041BF4806F73
:106E500018BF44F040041BF4006F18BF44F08004D6
:106E6000B8F1000F45D018F4802F18BF45F4007515
:106E700018F4803F18BF44F4805418F4801F18BFE2
:106E800044F4003418F4800F18BF44F0020418F4DE
:106E9000003F09D03A4BD3F88830580055D5424BC3
:106EA0001B68984704430D4318F4000F18BF45F0C2
:106EB000100518F4002F17D0364BD3F8B03E13F05E
:106EC000C00F11D02E4B5A68C2F30362032A01D0BF
:106ED000072A3DD1D3F88C20D10639D4D3F890209D
:106EE000120735D444F4001418F4001F18BF44F4FA
:106EF0008004002E00F01381300540F188802B4A79
:106F0000DFF894B0D378002B56D0013B4FF40061EA
:106F1000DBB2CBF86410D3704BBB254A1278EAB1D0
:106F2000244A40F60141D16600226EE044F48034E8
:106F30001EE744F400641BE744F4806418E744F45B
:106F4000807415E744F0080412E744F48014ABE7BA
:106F50004FF40022DA6128F40028C5E7DBF870302E
:106F600013F4A05305D04FF48073CBF850300023B6
:106F7000DAE740F60142CBF87020D5E70010084070
:106F80000040084000000840863D0020873D00206A
:106F90008A3D00200010002100500840000001013F
:106FA00040190020088D01001C12002040300020F4
:106FB000883D0020005008460320FDF7ADFDDBF8BA
:106FC0000C30A348A34913F0060F02BFA24B41F6B1
:106FD0001F72DA66A14A4FF400635366D36813F058
:106FE000060308BF1367C38A13F4006269D023F451
:106FF0000063C3820B7803F0FF0B002B65D1FDF714
:10700000FFFEFFF701FC5B4620221C431543B10144
:107010000BD52E20FEF716F88F4A4FF000739366BB
:1070200002F17C4245F008055366F20608D52B2094
:10703000FEF708F8884A1023936602F17C425366F3
:1070400016F4E00F05D1F3045DD5BAF1000F00F09E
:10705000A380B0023CD52920FDF7F4FF45F0040AD7
:10706000FFF7E8F998B17E497C4A7E4B53668B6600
:107070007D49496849040AD5774920208B665366C3
:10708000FDF7E0FF2D2045F00C0AFDF7DBFF16F4BD
:10709000800B724D1ED00420FDF73EFD2720FDF72A
:1070A000D1FFFFF7B1FB4FF480036B666F4BD3F852
:1070B000E03E59065EBF6E4B02221A604AF0020A99
:1070C0001DE00B784FF400539FE74FF400432BE78C
:1070D000AA46DCE7F3024CD50420FDF71DFD28206D
:1070E000FDF7B0FF2B6F002B40D1FFF78DFB5A4A05
:1070F0005C4B936602F17C424AF0010A5366574B9F
:1071000000221A655546730509D55A4A9378002B13
:1071100000F09280013B9370002349EA03094A463C
:1071200020462946FEF79EFF0FB1FCF73FFF18F4FB
:10713000002F00F086804C4B4FF40022DA6118F0EB
:10714000206F00F0828018F0007F01D0FDF7F4F985
:1071500018F0006F01D0FDF70BFA002200204FF469
:10716000006105B0BDE8F04FFEF77CBFC5F870B018
:10717000BDE7F004C3D50420FDF7CEFC3E4BEB6623
:10718000FDF73EFEEB6D13F4A00FB8D12A20FDF7FA
:1071900059FFFFF739FB89E7364A13794BB1013BB9
:1071A000DBB2137113B92E4B344ADA6644EA0A048F
:1071B000A9E70420FDF7B0FC0320FDF7ADFC274B49
:1071C0002D4ADA6604F085FA82460DF10F00FEF7CB
:1071D00091F92B4B1B7883460BB1FEF7E3FEBBF115
:1071E000030F0ED1DFF880B00020FEF783F90328EB
:1071F00007D1DBF88C30DA03F6D4DBF874300C2BD3
:10720000F2D99DF80F30032B08D11E4B01225046B6
:107210001A704FF0000A04F060FAC7E71A4BD3F86F
:10722000E03013F4A02FF0D1FEF7AEFE504604F08C
:1072300054FA4FF4804AB9E70220FDF76DFC0123B0
:107240006BE7B8F1000F7FF47AAF05B0BDE8F08FBF
:1072500090300020883D0020005008440050084035
:1072600000500846100000020040084000100021B5
:107270000040084440300020000001010000010DE2
:10728000893D0020873D002000100840034A01236B
:10729000136202F17C42D361704700BF0040084492
:1072A0000B4B10B55C691A6A1440A2B2DA61E207AE
:1072B00004D55868C0F30360FFF7E8FF630706D5FD
:1072C000BDE81040042200200021FEF7CBBE10BD17
:1072D000004008400C4A08B5136BD16B0B40936318
:1072E000DB070FD5094B187840F65222122100F027
:1072F0000100FCF7ABF8BDE80840002201200021A6
:10730000FEF7B0BE08BD00BF007008404019002065
:10731000044BDA6FD207FCD41A6FD96F0A409A6710
:10732000704700BF0030084070B50D46144604F0A9
:10733000D0F9064BD3F8B06E74402C407440C3F8BB
:10734000B04E04F0CAF906EA050070BD0010002135
:10735000044BD3F8B03E31EA03030CBF01200020F8
:10736000704700BF00100021431C07D0044B6FF092
:10737000FF029A6103F1007310409861704700BFEB
:107380000070084409490A4AD1F8EC0010B50423FA
:107390000124C2F8EC308C624FF400515162410775
:1073A00044BF02F10072C2F8EC3010BD001008407A
:1073B000001008440C4BD0F8C42010B5C3F8B4201A
:1073C000027C0446D20102F400624FF40061FFF730
:1073D000ABFF237C13F0100F14BF044A044A4FF490
:1073E0000073C2F8883010BD001E0021004008461E
:1073F0000040084437B5204D0C4641B90A460721E4
:10740000FFF792FF1D4BEC625C6003B030BD0722BA
:107410001146FFF789FF1A4B07225A60237985F836
:107420002C3063790193012101A815F034F9019BF7
:10743000C2B2D34000F00F0040EA031085F82D00DF
:10744000A27985F82E20E27985F82F2022682A6318
:107450002BB102EB430132F8023B8A4205D122797B
:10746000013A1344074A9361CFE732F8020B834293
:1074700028BF0346F1E700BF001F00212C1F002199
:10748000000008440000084010B5054C237823B1E3
:1074900001F06CFD0020207010BD0320FCE700BF50
:1074A0008F3D002008B501F04BFD024B01221A7000
:1074B000002008BD8F3D002000F01803182B074B5B
:1074C00002D100229A647047010701D50122F9E731
:1074D000C206F6D540F20112F4E700BF001F0021FA
:1074E0003A4B2DE9F3411D6840F2022317460B4049
:1074F00000F00102134306460C463AD0A10709D515
:10750000334BD3F8E03E03F0C003402B02BF314BB6
:10751000022119604FF000080AB300230022012065
:107520000021CDE90088FEF7B5FD4FF0FF31284678
:10753000FDF784FF414668830120FBF773FD696B0B
:1075400005F1A400FDF7EAFF23490868FFF70CFFE7
:107550004FF0FF330B602B7C43F008032B74A20524
:1075600007D50121284614F023FC24F400740643B7
:107570000C43D5E93E233240234052EA030103D0B5
:107580001649284609688847FB070FD51449154A4C
:107590000868136800211160134A0121117003B1BA
:1075A0009847124B00215B680220984717F00E0F96
:1075B00008D04FF4FC723B21002002B0BDE8F0413E
:1075C000FBF744BF02B0BDE8F08100BFB82F002038
:1075D000001000210040084618120020141200205C
:1075E000C0300020BC300020903D00200012002060
:1075F000F7B5D0E93EC7DDE90865044687EA05012D
:107600008CEA06001040194080EA0C007940C4E979
:107610003E0123F4004105EA010322F001000025A8
:1076200043F4007306EA000243F00203CDE900557B
:10763000FEF730FD237C9A0717D5D4F8FC309B0564
:1076400013D54FF48031204614F0B2FB237C65F350
:1076500041032374D4E93E2302400B4052EA030164
:1076600003D00349204609688847002003B0F0BDD5
:107670001412002038B10368044A002B08BF1346D7
:10768000034A13607047014BFAE700BFC5C204000C
:1076900014120020024B586B00F00F00704700BF1F
:1076A000001F002170B531F00F0406460D460ED1C3
:1076B00001F090F801280CD107494B6B23F00F0221
:1076C0002A434A63304614F060FF204670BD012013
:1076D000FCE70220FAE700BF001F0021014B986B76
:1076E000704700BF001F0021014B002099637047C5
:1076F000001F002103282DE9F7434CD8274B13F82E
:107700000080274B1E5C274B13F8009003F0E1FF2D
:107710000746FEF797FE054640B10023CDE900334A
:107720000022002301200021FEF7B4FCFEF792FEA8
:1077300048B10023CDE900330022002300204FF49C
:107740000041FEF7A7FC26B3174B5C6C04F008045D
:10775000164B31465C644046FFF7A2F84A46314674
:107760004046FFF707F9124B5C6465B1114B18688E
:10777000416BA430FDF7D2FE0F490868FFF7F4FD16
:107780004FF0FF330B60384603B0BDE8F04303F021
:10779000A4BF3446DCE703B0BDE8F083442C050009
:1077A000482C05004C2C050000000840000008444F
:1077B00000000846B82F002018120020104AD2F806
:1077C000883013F0A00F16D1D2F88C0010F004000E
:1077D00013D10C4BD3F8E03E23F07F4323F0FF039B
:1077E0005BB15368C3F30363092B07D0B3F10C00FB
:1077F00018BF01207047002070470120704700BF6C
:10780000004008400010002173B516461BB10191DD
:10781000FFF7B8FD01990A480368046A03F00703FB
:107820009D1D0123AB40C4F30C041B1B9CB2B4424E
:1078300028BF34462246FCF71BFA204602B070BD32
:1078400000100840F8B50E46074688B9194B1B686A
:107850004BBBC1F11C040125C4F11C03002BB8BFB4
:107860005B42232B23DC7DB1134B1E700020F8BD3F
:1078700000F0B0FF012818D10F4B93F90040C4F17C
:107880001C04A41B0025E7E7FE7403F022FF0B4A4B
:107890005369E40223F4FF2304F4FF241C435461DE
:1078A00003F01BFFE2E70320E1E70220DFE701200E
:1078B000DDE700BFB82F00208E3D0020007008409B
:1078C00008B5FFF777FD03F004FF074AD2F8B03E92
:1078D00023F02003C2F8B03E03F0FFFE034B022268
:1078E0001A60002008BD00BF0010002100400846BB
:1078F00090F8C23053B9074BDA69920208D49B6FF3
:1079000013F4706F14BF01200020704700207047EF
:107910000120704700600840F8B51446426B82EAC7
:1079200004030B4053404363344A01F00B030D46FC
:1079300023EA0401516402F10072234069070646FC
:10794000536411D50121FFF7D3FF68B1FEF73EFF65
:1079500014F0040F14BF2A4A2A4A4FF40073D3616B
:10796000294B0422C3F88820EA0606D514F0100F2C
:10797000264B14BF00221B22DA642B061DD52706D6
:1079800016D51F4B4FF400129A6103F17E4301227A
:10799000C3F8F82003F09DFE0E2107460320FDF7F3
:1079A00011FD1A4B40F201225A62384603F095FE4F
:1079B000214606F1A400FDF7B1FDE80503D5E10578
:1079C00016D5FDF7C9FCAA0503D5A30513D5FDF708
:1079D000D3FC15F0600F09D0D6F89410304614F09F
:1079E00072FC0B4B58640B4B80229A600020F8BD50
:1079F000FDF7AAFCE7E7FDF7B7FCEAE7000008445B
:107A00000060084600600844004008440000084048
:107A1000001F002100400840014B1868704700BF5C
:107A2000C430002037B5012300240022CDE9003402
:107A3000002310461946FEF72DFB0220FDF76CF8D7
:107A4000054D064B21461C6002206B6898472B6849
:107A500003B0BDE83040184700120020BC300020C1
:107A60002DE9FF41022903900C461546984603D1A3
:107A7000FFF7D8FF00202EE0194E03F02AFE3368EE
:107A800007460BB1AB4229D1164B3560C3F80080D5
:107A900001230022CDE90033002310461946FEF7EA
:107AA000F9FA114B002502201D70FDF735F822462A
:107AB0002B4603A90220FDF74DF80C4B039A1A60E0
:107AC0000B4B1B6804469847384603F006FE002C13
:107AD000D0D13460012004B0BDE8F0810024F3E788
:107AE000BC300020C0300020903D0020C430002079
:107AF00000120020044BDB6D5B055ABF034B187866
:107B0000012000F00100704700500840903D002027
:107B1000014B9869FDF768BC00600840014B98690B
:107B200014F074BB00600840837C5A1F012A01D9FD
:107B3000082B05D14B7C2BB1012B05D0022B05D096
:107B400014F001BC02487047024870470248704771
:107B500020A1070048E8010040420F0070B50E4622
:107B600003F0B7FD054600F04FFE044620B128465D
:107B700003F0B3FD204670BDFEF728FE114B3278AE
:107B8000D3F8E03E022A23F0F00316D0042A0CBFFB
:107B90000222002243EA02137278022A0FD0042A3A
:107BA0000CBF0222002243EA8213064AC2F8E03EDA
:107BB000054B0422C3F88820D9E70122EAE7012215
:107BC000F1E700BF001000210040084470B50E46E8
:107BD00003F07FFD054600F02FFE044620B1284645
:107BE00003F07BFD204670BDFEF7F0FD104B3278B0
:107BF000D3F8E03E022A23F00F0315D0042A0CBF6D
:107C00000222002213437278022A0FD0042A0CBFEA
:107C10000222002243EA8203054AC2F8E03E054BF5
:107C20000422C3F88820DAE70122EBE70122F1E71A
:107C30000010002100400844F8B50E7890F8D0708C
:107C4000044630460D46FCF7AFFAC8B384F8D0605E
:107C5000AB88A4F8D4306B88A4F8D230AB886364C6
:107C6000FF23A3753046FCF75BFB04F1D00660757B
:107C70003046FCF7AFFD054618BB3046FCF78AFAE4
:107C80000546F0B9D4F8903053B194F8D010B94209
:107C900006D0B3F912202046D5F74CF884F8D90065
:107CA0002046FCF77DFC0949A4F8D400084AD1F825
:107CB000F810012304F1A400FDF7F2FE2846F8BDF8
:107CC0000125032384F8D030F8E700BF001F00210E
:107CD000681F002170B5054690F8D00003280C46B7
:107CE0001DD0FF291DD01AB10F4B4FF0FF321A6083
:107CF000FCF716FB064695F8D000FCF7FDFA844227
:107D000028BF0446E4B2B44238BF3446E0B2A87596
:107D1000FCF7A6FBA0F1FF035842584170BD0220BA
:107D2000FCE70120FAE700BF0812002070B5C36B22
:107D3000012B84B003D10025284604B070BD374B19
:107D4000D0F89060D3F8F830C0F894303146058B05
:107D5000044614F081FAB3898DF80E00D6E90121AA
:107D6000EB1A9BB201FB032202A80021ADF80C30F4
:107D70000292FDF75FFD18BB294B228BDA63FCF7FB
:107D8000F7FC05460028D7D1237C60F34103237418
:107D900014F035FAD4F890305A69431EDBB21268F9
:107DA0000192FD2B10D9D61C0ED91E4B01321B6837
:107DB00010D0D91CC0D8024601A92046019306E084
:107DC0000225284604B070BD024601A9204614F0E1
:107DD0009FF9B1E7DA1C05D8024601A920460193B4
:107DE00014F096F9D4F8FC309B0504D4237C43F0BE
:107DF00002032374A0E74FF48031204613F0D8FF2C
:107E0000D4F8F820D4F8FC3002400B4052EA0301C9
:107E100092D005492046096888478DE7001F002158
:107E200000300840101200201412002038B590F8DD
:107E3000DC400546ACB103F04CFC0A4B1F22DA6172
:107E4000013C03F100731440DC6103F17A43D5F87F
:107E5000E0201A66D5F8E4205A66BDE8384003F001
:107E60003CBC38BD006008442DE9F74F80461546FC
:107E7000084619B9012003B0BDE8F08F002AF9D0F7
:107E8000032904D80021FCF7B3F80028F2D0827847
:107E9000048803794679C788B0F90000002802F009
:107EA0000701C0F2CE80A1F1070CDCF1000040EB2D
:107EB0000C00052928738CBFC2F300100020C2F308
:107EC000801C6873900985F810C000F00200C2F3AE
:107ED000C00C40EA0C00C2F340126874AA74AF826E
:107EE0000BB998F8CA30013BDBB2EB74D8F83430E8
:107EF000D80600F18F800639012900F28B80524BA1
:107F0000DB6C524B5A6B1B6B03F0070306330127E4
:107F10009F40013F083C42F0005A3C4000231AF8C1
:107F200004B0AB6001343C40621D3A40531C3B40FE
:107F3000BBF1800F1AF803101AF8023098F81220DB
:107F400018BFABF1320B43EA012314BF4FFA8BFB8E
:107F50006FF07F0BC3F30B098AB30020D8F89C3075
:107F60000BB159469847631C3B40E87385F80EB047
:107F70001AF8031001333B401AF8032001333B4049
:107F800041EA02211AF8032001333B4041EA024151
:107F90001AF803006A7C002341EA00614046FDF7BD
:107FA00089FE286098F81230042B04D1B9F1040F2F
:107FB0009CBF033028600423AB7100205BE7D90429
:107FC00024D5D8F89430A3B11A68022A11D993F8AD
:107FD00024304FEAC9000BB1B0FBF3F08642BCD8A5
:107FE0000028BAD0C6EB0626B6FBF0F0C043C0B2FC
:107FF000B4E729464046FFF797FD0190404614F04C
:1080000092F9019BB3FBF0F0C3B2E2E71AF8040067
:108010004000ECE70023EB730D4BDA68C2F3072353
:10802000120448BF63F0FF035AB212F1800F18BF69
:10803000323B4FF0000018BF5AB2AA732860A871F3
:1080400019E7022017E700BF0000084000100840B1
:108050000070084070B50A4B0A4DD3F8EC604FF43D
:108060008064C5F8EC400020FEF760FC4FF400533C
:108070006B65730544BF044BC3F8EC4070BD00BF93
:10808000001008400010084400100846082318B1EA
:10809000024AC2F888307047014AFAE700400846B1
:1080A00000400844F8B504460E4619B990F910305E
:1080B000002B5FDB484BA18BD3F88420D4F894705D
:1080C00012F4E05F04BF2022C3F810224FF6FF73C2
:1080D000994261D0414B1B68002B5DD0404D20463A
:1080E0009847D4F894102A688A4207D0204614F0A2
:1080F000EAF83C4B58643C4B80209860974250D043
:108100003A4B1B684BB11FB13A68002A5DD0BF687B
:10811000394620469847D4F89410084614F0ECF8F5
:1081200000284ED03249FDF721FC20460727FCF7F6
:1081300037FA002E3BD02F4B94F9132093F90030DF
:108140002D49D4F89400C3F11C039B1A4A69DB0241
:1081500022F4FF2203F4FF231343284A4B61284BE8
:10816000286006211167204601221A7014F00DFACA
:108170000020F8BD037C184AD0F8947061F3C7134F
:108180000374D2F884304FF6FF7113F4E05F8183FB
:1081900002D12023C2F81032114D2A68BA42394662
:1081A000A4D120460127FCF7FBF9002EC3D10D4BCB
:1081B0000F4AD3F8F81004F1A4003B46FDF770FC19
:1081C000B9E7204613F04CFDACE717463946204688
:1081D0009847D4F89410A0E700600840B830002019
:1081E000AC300020001F002100400840A8300020D3
:1081F000681F00218E3D00200070084000000844E8
:108200008D3D002038B5C1F308058D421BD100F02B
:10821000E1FA0128044618D1D3F73EFB00221146AB
:108220000220D3F73DFA0A4B0A4A1A6303F100739E
:10823000ED0202201D6322462146D3F731FAD3F71F
:10824000FBFA002038BD0120FCE70220FAE700BF5E
:1082500000400E4400F80F0002484822002114F0AC
:1082600064BA00BFE41E0021032337B580F8D03084
:1082700000234FF0FF35C3746423C0E92C33C0E9F9
:108280002E33C0E907554564C0F8AC30A0F8C030C3
:108290004575C58204461120D2F7C8FF042835D1A0
:1082A0001C4B5B6813F4403F30D12046FEF7DAF8F0
:1082B0002046FFF7D1FF94F913102046FFF7C2FACA
:1082C000154A6023536402F5805240F6FF715162F3
:1082D0005165124A5364124B4022C3F88820626BE6
:1082E00029462046FFF718FB0E230022CDE9003374
:1082F00040F2022310461946FDF7CCFEFBF7E6FFDD
:10830000204603B0BDE83040FBF786B8022003B03A
:1083100030BD00BF00300E4000000840000008469D
:10832000004008440A68F8B50346013208BFD3F894
:10833000AC20B0F8D44008BF0A604A68013204BFDC
:10834000D3F8B8204A608A68571C00F1A40039D1DC
:10835000D3F8B450CA688D60561C39D1D3F8B060D8
:108360000A69CE60013204BFD3F8A4200A614A69C9
:10837000013204BFD3F8A8204A618A69013204BFE0
:10838000D3F8BC208A618F6947B304F14102BA4235
:1083900038BF3A460C688A61C3E92B464C68C3F87B
:1083A000B450C3E92E420A69C3F8A4204A690C49B3
:1083B000C3F8A820D1F8F8100A4A0723FDF770FB8C
:1083C0000020F8BD04F14105954238BF1546C1E7CC
:1083D00004F16406964238BF1646C1E76422D9E725
:1083E000001F0021681F002138B5084D0446286889
:1083F000003818BF0120621C214600F093FD2B6855
:10840000003B18BF0123A370002038BDB43000200A
:1084100038B5054C054B417800782568236000F09D
:10842000F7FC00B1256038BDB4300020502C0500A9
:1084300070B503F04EF90C4E054600F0CBF901285B
:1084400004D0284603F049F9022070BD736813F088
:10845000706FC3F30364F0D1F36BDB06EDD52846F0
:1084600003F03BF92046F0E700400840037C61F34D
:108470008203037429B1044B1968044B002918BF07
:108480001946034B19607047B43000205C2C05007E
:10849000B030002038B503F01CF90B4A13884FF6B2
:1084A000FF718B4203D103F018F9032038BD074C4C
:1084B000074DE56504F100741B04E365118003F0CA
:1084C0000CF90020F2E700BF2A13002000600844E6
:1084D0000000FFFF2DE9F34104460F461546FFF764
:1084E0006DF9A0B1DFF84C82D8F80C30DB0704D46A
:1084F0000326304602B0BDE8F08103F0EAF80646F4
:108500000320FCF735FC20B1304603F0E6F80226E4
:10851000EFE7D8F80C3013F0060F3046F5D103F032
:10852000DCF8784B4FF400612046D3F8E08ED3F8A6
:10853000B86EFEF70DFF40B1734B4FF4007201218E
:10854000C3F888200846FAF76DFD39462046FAF749
:1085500023FF6C4BC3F8B86EC3F8E08E06460028C4
:10856000C7D1237C9F0601D4002D58D0C5F340000D
:10857000FEF7F8F815F4807F14BF644A624A4FF0A2
:1085800002031BBFC2F88830614AC2F8883000215C
:108590001CBFD1609362FEF719F915F0040F14BFE8
:1085A0005C4A5D4A4FF48063D361574B042215F057
:1085B000400FC3F8882014BF584A594A4023284620
:1085C000C2F88030FEF778FF204613F00DFF40B16F
:1085D00015F0010F14BF4D4A4B4A4FF48073C2F897
:1085E0008830A80645D5638C4FF6FF7293420FD0B2
:1085F0004C4A4D49D26D100CC2F301120880013271
:108600004549B3FBF2F3434A4848C8651B04D365A8
:10861000237C003D18BF012565F3451323742046D4
:1086200013F0B0FF00283DD0204613F0DDFEE0B18E
:108630004FF400312046FEF78BFE00280CBF0123CB
:108640000223032201A9324813F019FD9DF80410FA
:10865000374A01F00703052B9DF8053018D10907AB
:108660000AD443F48073C2F8C030002013F068FDD0
:108670003FE7FFF70FFFCBE713F0040F08BF9DF8AC
:1086800006302B4A0CBF43F480734FF48073EAE743
:1086900003F03001202902D113F0010FEEE79DF81D
:1086A0000630E0E7204613F0CFFF0028DDD020465B
:1086B00013F09AFE0028D8D0237DA3F10C02012AE2
:1086C0001BD8238B032B1AD0194B93F8C93003F016
:1086D0000703072B0CBF082406240D48214613F07E
:1086E000D7FC431C3FF404AFC0B2114B062C08BFAB
:1086F00000F00F0083F8C800B7E70E2BE3E709246A
:10870000EBE700BF0010002100400844004008468D
:1087100000100840006008460060084400700846E9
:1087200000700844006008402A1300200000FFFF8A
:10873000001E00210050084008B50B4BD3F8B430A0
:108740005A1C0FD05B000DD40320FEF7D3FF074B5C
:108750004FF08062C3F89420054A4FF400715162D3
:108760000122DA6008BD00BF0081E00F004008462A
:1087700000000840024B4FF40022C3F888207047E5
:1087800000400844024BD3F88800C0F3C040704753
:1087900000400840014B024A1A607047A830002090
:1087A000F5730300024BD86800F00100704700BF6A
:1087B00000500840064BDA68D20702D508B9FCF72A
:1087C00085B9DB68DB0702D408B1FCF771B97047E3
:1087D00000500840094B5B68C3F30363013BDBB205
:1087E0000B2B02D8064AD05C7047064BDB6813F0AF
:1087F000060F0CBF01200420704700BF0040084056
:10880000642C0500005008400A4A5368C3F3036112
:108810000B2906D00C290AD0092914BF00200220F8
:108820007047D2F8880010F48030EED170470220F3
:10883000704700BF004008400C4A5368C3F303610F
:10884000062906D804290CD8032914BF00200220C9
:108850007047072907D1D2F8440110F00050ECD13D
:108860007047022070470020704700BF004008405A
:108870000E4B30B511F0010F4FF00F04DC650C4CBE
:1088800012D08AB90125E5650A4CC3F8FC40036C97
:10889000074CC3F31303C4F8FC3022B1064BC16488
:1088A0000222C3F8B82030BD0225ECE7006008447E
:1088B00000600846FFFF0F000010084013B5837CDE
:1088C000033BDBB2072B96BF104A0021D15C044664
:1088D000FEF70AFF0120FCF7C3FB0D4B4FF4F062DB
:1088E0005A6403F100734FF400725A64A37C053B91
:1088F000012B08D8074B04211B6E019301220DEBBD
:108900000100FBF70BFA02B010BD00BF702C050090
:108910000000084400600840012310B580F8C23010
:108920002823C0F8A83004238374054B0446196833
:1089300013F098F92046FFF7C1FF002010BD00BFDB
:10894000F04A0500012310B580F8C2302823C0F892
:10895000A83002238374054B0446196813F082F98A
:108960002046FFF7ABFF002010BD00BFEC4A05001A
:10897000012910B5044604D90239012914D903206C
:1089800011E00B4B19680523012284F8C2204FF433
:10899000BC72C4F8A820A374204613F063F92046E3
:1089A000FFF78CFF002010BD024B19680623EBE790
:1089B000E84A0500F44A0500174B30B507245C630C
:1089C000164C03F17C43C1B1442540F04000DD6208
:1089D0001863012363634FF4804302B989B90F4AD6
:1089E000C2F8A03089B10C4B4FF48042C3F8A420E8
:1089F000C3F8A820C3F8AC200DE0D9621963616305
:108A0000E9E7054AC2F8A030EDE7C2F8A430C2F8A1
:108A1000A830C2F8AC3030BD000008440000084661
:108A20002DE9F04F89B09046039305460F4602F0BA
:108A300050FE012106460020FDF732FFAB7C033BD0
:108A4000DBB2072B96BF5C4A4FF0000B12F803B065
:108A5000032F00F2AE80DFE807F0025E6974574B27
:108A6000DFF87C91D3F800A00222AA74012285F8D5
:108A7000C220BAF1000F00F09C80D5F88C2052453E
:108A800007D05046FBF778FB0022C5F88CA0C5F84C
:108A9000902041462846FAF705FB002204460121B2
:108AA0001046FDF767FF5F4508D0D5F89020DAF84B
:108AB00004101268284613F002FD0446039BDFF8F9
:108AC00024A1A3F15A00FCF7B9F9B0F57F4F3CBFE0
:108AD0003B4A126B03463CBF01329B18A3F57F4310
:108AE000CAF8BC304846FCF78BFF0023CAF8C00028
:108AF000CAF8C43044B9012300941A4641462846B6
:108B0000FAF758FB044608B3304602F0E6FD20466B
:108B100009B0BDE8F08F04222A4BAA740122D3F8D1
:108B200000A0DFF8C49085F8C220A2E7264BD3F856
:108B300000A00522AA740122DFF8B09085F8C220B7
:108B400097E7224B0622D3F800A0F3E7204B01223F
:108B50004FF00209C3F888204146C3F80090284628
:108B6000FEF7AEFE044618B11A4BC3F80090CBE7EF
:108B700039462846FEF7B8FD129B0593139B0693D2
:108B8000BDF85030ADF81C3005A99DF854308DF873
:108B90001E30284613F00EFA04460028B4D10E49C0
:108BA0000E4AD1F8F810072305F1A400FCF778FF6E
:108BB000AAE70124ABE700BF702C0500EC4A0500D2
:108BC00000500840F04A0500E84A0500F44A050054
:108BD0000040084600400844001F0021681F002193
:108BE000785D0200001E0021F81E0200F87D0700DB
:108BF00010B50C4CD4F8003203F00702022A0BD057
:108C000003F00303012B0AD102F018FCD4F8183248
:108C100003F00303D84010BDD1F75AFCF6E700205B
:108C2000F4E700BF00400E402DE9F84FDFF8FCB03C
:108C30002DED028BDBF800A081460F46FCF7AEF865
:108C40004FF0FF3508EE100A08EE901A00202C466F
:108C5000064606F110031B015BF8033003F003081E
:108C6000B8F1010F17D13046FCF7B0F802460B46B9
:108C700018EE100A18EE901AFBF73CFFDBF85C3098
:108C800006F10802D340DB0738D5002F3FD000257E
:108C90003E602C4640460136052EDAD150B3234EB5
:108CA000336B0133A4FB03345D190AF4403344F100
:108CB0000004B3F5003F4FF0000130D1F36A0AF42D
:108CC000405A013341F10007BAF5805F22D1B66AFC
:108CD00016F5807641F10001774303FB0171A6FB95
:108CE00003320A445C4305FB0242A3FB05351544ED
:108CF000C9E90035BDEC028BBDE8F88FA84271EBE5
:108D00000403C7D207B13E6005460C46C2E73D46A4
:108D10003C46BFE73A0242EA13621B02E2E7B36A4B
:108D200013F5807341F10002DCE700BF00500840FA
:108D30002DE9F843254C264D264E02F0CAFC0023AF
:108D4000D4F86880A366D4F800212A612A7B120433
:108D500042F00302C4F800216A7B511C0746C8B2E6
:108D60000121814031614FF4807161667168083280
:108D70000131A96046F82210AA6801327168E06DDD
:108D800010F4807913D18A42F8D13BB1384602F011
:108D9000A4FCC3221A214846FAF758FB6A7BAB6849
:108DA00008320233AB6046F822300123E4E74FF487
:108DB00080736366084BC4F868800122C3F8002101
:108DC0003846BDE8F84302F088BC00BF00500840B8
:108DD000903000200040044000500844024B996845
:108DE0005A690A401A6170470040044008B5FFF70D
:108DF000F5FF054B5B7B01330122DBB202FA03F383
:108E0000024A136108BD00BF9030002000400440BA
:108E10000B2873B576D8012974D83B4D3B4B28738A
:108E200069731B6858002DD4394E3A4AD6F89040E1
:108E30000123A10513605FD422045FD414F08004E1
:108E40005ED140F21F121B212046FAF7FFFAD6F836
:108E5000003223F007032343C6F800322E4B0122D1
:108E6000C3F81022A3F5202303221A60294A0723FE
:108E7000536102F17C421361244B4FF08042C3F8EE
:108E800080211A6001214FF48A40D2F729F96B7BC7
:108E90002A7B22490133143243F4801343F4805374
:108EA00041F82230FCF7F0F941080191C407FFF7BF
:108EB0009FFE002302460199204600F051FD090261
:108EC00041EA1061C0F3C05040EA4100144B2860F1
:108ED000986A10F5807005D14FF4E1722B21FAF7F2
:108EE000B5FA0220024600230020012100F038FDDF
:108EF0006860002002B070BD0224A8E70524A6E740
:108F00001C46A4E70120F5E79030002000E100E0D6
:108F100000400E400040044400400E4600600E40F9
:108F20000050084028B1054B187B08705B7B13701C
:108F3000704707230B700123F9E700BF9030002032
:108F400007B502F0C6FB0190FFF7F2FE054B019852
:108F500002225A60044B01221A7003B05DF804EB40
:108F600002F0BBBB00500840913D00200C490B783B
:108F7000A3B10C4B5B7B5A1C012393400A4A5361FB
:108F80000A4B4FF08042C3F8802100230B70084B3E
:108F9000D3F80C01D3F8041100F0AAB8704700BF51
:108FA000913D0020903000200040044400E100E0AA
:108FB0000050084010B50446FFF71AFE604300F564
:108FC000F420034B00F59070B0FBF3F010BD00BF30
:108FD00040420F002DE9F04385B0FFF7EBFF054657
:108FE00002F077FB3D4F0021064602A83970FFF7DB
:108FF0001BFE3B4BD3F8048003F5802304465B68DB
:1090000013F0706F1ED1374BDB6813F0060301932A
:1090100018D1E8B1FCF738F9691DA1FB0091009166
:10902000FFF7E6FD019B00990246484600F098FCD8
:10903000029B090241EA106100029842039B71EB16
:10904000030305D3304602F048FB05B0BDE8F083CA
:10905000FFF76EFE002C3BD0DDE90249FFF7C8FDAB
:10906000230A43EA0963A0FB03434FEA192100FBEB
:1090700001310091FCF708F9024620461A4C00998C
:10908000002300F06DFC617BDFF854E08B000135BC
:1090900003F14023A8EB050803F58023013108EB19
:1090A00000021A625FFA81FC012202FA0CFC8A407B
:1090B0000E49CEF810C04A61DEF804201B6A2D1A52
:1090C000D31AAB4204D2074B2269C3F80021B9E797
:1090D000044B02225A6001233B70B3E7913D00200C
:1090E00000400440005008409030002000400446FA
:1090F0002DE9F74F664C674A237B01911B0593606E
:10910000654FDFF89C914FF40033936002237B603E
:10911000D9F80430064603F1FF384FF0000AA3EBFC
:109120000803002B40F3A8800AF1010ABAF1020FEC
:1091300040D9CE220D210020FAF788F9564D574A22
:109140004FF080736B662369C5F80031237B1B05E4
:1091500043F40033936002F0BCFAD5F818C0D5F898
:109160005CE000210A464FF4807801F110031B01F6
:10917000EB5803F00303012B0ED108FA01F313EAB5
:109180000E0F09D105EB0117B445D7F80C717AD34E
:10919000BE4201D2BC4578D201310529E5D122B1C8
:1091A000E38A1343E3823C4B1A6603B0BDE8F04FF9
:1091B00002F093BA02F08DFA4FF080737B66D9F813
:1091C000043003F10108637B083349F823803B68CE
:1091D000DB034FD5A5682368A8EB0505A5FB03E5D0
:1091E000BB6A03F5807C6368A5FB0312AEFB03B387
:1091F0005B1842F10002ACFB031BBEEB01010CFB50
:1092000002BB65EB0B05090A41EA0561019D294492
:10921000B1EB1C2F4FEA1C2503D3013342F10002AE
:10922000491B043DA94228BF29463961617DBD69BA
:10923000F318C9B242F10002AE423D6B84BF01F1A6
:10924000FF31C9B2B5F1FF3F0ED04FF0000E05F16E
:10925000010C9D427EEB020B08D20131B3EB0C03F3
:10926000C9B262F10002F4E70A44D1B201F003018D
:109270006175BB6102F031FAD9F80430FA6DD201A0
:109280007FF54DAF5AE7BE4284D213439AB283E7CB
:10929000903000200050084600500840005008441C
:1092A0000040044070B54FF0FF0C4CF4E06C1CEA39
:1092B00011541DBF1CEA135594EA0C0F95EA0C0FCC
:1092C00000F0DEF82C4481EA030621EA4C5123EA3F
:1092D0004C5350EA013518BF52EA033541F480116E
:1092E00043F4801338D0A0FB02CE4FF00005E1FB21
:1092F00002E506F00042E0FB03E54FF00006E1FB6B
:1093000003569CF0000F18BF4EF0010EA4F1FF04AD
:10931000B6F5007F64F5407404D25FEA4E0E6D41ED
:1093200046EB060642EAC62141EA55514FEAC520FE
:1093300040EA5E504FEACE2EB4F1FD0C88BFBCF57A
:10934000E06F1ED8BEF1004F08BF5FEA500E50F12B
:10935000000041EB045170BD06F0004646EA0101F1
:1093600040EA020081EA0301B4EB5C04C2BFD4EB23
:109370000C0541EA045170BD41F480114FF0000E1C
:10938000013C00F3AB8014F1360FDEBF002001F08A
:10939000004170BDC4F10004203C35DA0C341BDC04
:1093A00004F11404C4F1200500FA05F320FA04F0D6
:1093B00001FA05F240EA020001F0004221F000410A
:1093C00010EBD37021FA04F642EB06015EEA430E7D
:1093D00008BF20EAD37070BDC4F10C04C4F12005AD
:1093E00000FA04F320FA05F001FA04F240EA020060
:1093F00001F0004110EBD37041F100015EEA430E31
:1094000008BF20EAD37070BDC4F1200500FA05F250
:109410004EEA020E20FA04F301FA05F243EA0203CF
:1094200021FA04F001F0004121FA04F220EA0200DE
:1094300000EBD3705EEA430E08BF20EAD37070BD24
:1094400094F0000F0FD101F00046400041EB010104
:1094500011F4801F08BF013CF7D041EA060195F0E6
:10946000000F18BF704703F00046520043EB0303A0
:1094700013F4801F08BF013DF7D043EA060370478D
:1094800094EA0C0F0CEA135518BF95EA0C0F0CD098
:1094900050EA410618BF52EA4306D1D181EA0301DE
:1094A00001F000414FF0000070BD50EA410606BFD8
:1094B0001046194652EA430619D094EA0C0F02D11D
:1094C00050EA013613D195EA0C0F05D152EA033662
:1094D0001CBF104619460AD181EA030101F0004180
:1094E00041F0FE4141F470014FF0000070BD41F0C9
:1094F000FE4141F4780170BD81F0004102E000BFFF
:1095000083F0004330B54FEA41044FEA430594EA43
:10951000050F08BF90EA020F1FBF54EA000C55EA7E
:10952000020C7FEA645C7FEA655C00F0E2804FEA4F
:109530005454D4EB5555B8BF6D420CDD2C4480EA31
:10954000020281EA030382EA000083EA010180EA61
:10955000020281EA0303362D88BF30BD11F0004FAF
:109560004FEA01314FF4801C4CEA113102D04042E5
:1095700061EB410113F0004F4FEA03334CEA133320
:1095800002D0524263EB430394EA050F00F0A78038
:10959000A4F10104D5F1200E0DDB02FA0EFC22FA33
:1095A00005F2801841F1000103FA0EF2801843FA27
:1095B00005F359410EE0A5F120050EF1200E012A18
:1095C00003FA0EFC28BF4CF0020C43FA05F3C01856
:1095D00051EBE37101F0004507D54FF0000EDCF1CF
:1095E000000C7EEB00006EEB0101B1F5801F1BD378
:1095F000B1F5001F0CD349085FEA30004FEA3C0C7C
:1096000004F101044FEA445212F5800F80F09A8071
:10961000BCF1004F08BF5FEA500C50F1000041EB75
:10962000045141EA050130BD5FEA4C0C404141EB79
:109630000101013C28BFB1F5801FE9D291F0000F74
:1096400004BF01460020B1FA81F308BF2033A3F123
:109650000B03B3F120020CDA0C3208DD02F1140C1A
:10966000C2F10C0201FA0CF021FA02F10CE002F155
:109670001402D8BFC2F1200C01FA02F120FA0CFC4E
:10968000DCBF41EA0C019040E41AA2BF01EB045197
:10969000294330BD6FEA04041F3C1CDA0C340EDC95
:1096A00004F11404C4F1200220FA04F001FA02F3D8
:1096B00040EA030021FA04F345EA030130BDC4F196
:1096C0000C04C4F1200220FA02F001FA04F340EA8B
:1096D0000300294630BD21FA04F0294630BD94F03C
:1096E000000F83F4801306BF81F480110134013D23
:1096F0004EE77FEA645C18BF7FEA655C29D094EA94
:10970000050F08BF90EA020F05D054EA000C04BF11
:109710001946104630BD91EA030F1EBF00210020FC
:1097200030BD5FEA545C05D14000494128BF41F09B
:10973000004130BD14F580043CBF01F5801130BDFF
:1097400001F0004545F0FE4141F470014FF000008A
:1097500030BD7FEA645C1ABF194610467FEA655C3B
:109760001CBF0B46024650EA013406BF52EA0335DD
:1097700091EA030F41F4002130BD00BF90F0000FCB
:1097800004BF0021704730B54FF4806404F1320407
:109790004FF000054FF0000150E700BF90F0000FC0
:1097A00004BF0021704730B54FF4806404F13204E7
:1097B00010F0004548BF40424FF000013EE700BFB7
:1097C00042004FEAE2014FEA31014FEA02701FBF47
:1097D00012F07F4393F07F4F81F06051704732F079
:1097E0007F4208BF704793F07F4F04BF41F40021D0
:1097F000704730B54FF4607401F0004521F000412E
:109800001CE700BF50EA010208BF704730B54FF0B7
:1098100000050AE050EA010208BF704730B511F0B8
:10982000004502D5404261EB41014FF4806404F1F0
:1098300032045FEA915C3FF4D8AE4FF003025FEA76
:10984000DC0C18BF03325FEADC0C18BF033202EBFA
:10985000DC02C2F1200300FA03FC20FA02F001FA54
:1098600003FE40EA0E0021FA02F11444BDE600BFF7
:109870004FEA410212F5001215D211D56FF4787338
:10988000B3EB625212D94FEAC12343F0004343EADB
:10989000505311F0004F23FA02F018BF40427047B6
:1098A0004FF00000704750EA013005D111F0004040
:1098B00008BF6FF0004070474FF00000704700BFD6
:1098C0004FEA4102B2F1E04324BFB3F5001CDCF1E2
:1098D000FE5C0DD901F0004C4FEAC0024CEA50701A
:1098E000B2F1004F40EB830008BF20F00100704749
:1098F00011F0804F21D113F13872BCBF01F000404C
:10990000704741F480114FEA5252C2F11802C2F17D
:10991000200C10FA0CF320FA02F018BF40F00100FE
:109920004FEAC1234FEAD32303FA0CFC40EA0C00B0
:1099300023FA02F34FEA4303CCE77FEA625307D1ED
:1099400050EA01331EBF4FF0FE4040F44000704724
:1099500001F0004040F0FE4040F40000704700BFBE
:1099600053B94AB9002908BF00281CBF4FF0FF3186
:109970004FF0FF3000F074B9ADF1080C6DE904CE82
:1099800000F006F8DDF804E0DDE9022304B07047DA
:109990002DE9F047089D04468E46002B4DD18A42A2
:1099A000944669D9B2FA82F252B101FA02F3C2F1D5
:1099B000200120FA01F10CFA02FC41EA030E944066
:1099C0004FEA1C48210CBEFBF8F61FFA8CF708FB87
:1099D00016E341EA034306FB07F199420AD91CEB5F
:1099E000030306F1FF3080F01F81994240F21C8191
:1099F000023E63445B1AA4B2B3FBF8F008FB1033D9
:109A000044EA034400FB07F7A7420AD91CEB04040D
:109A100000F1FF3380F00A81A74240F207816444DD
:109A2000023840EA0640E41B00261DB1D440002362
:109A3000C5E900433146BDE8F0878B4209D9002DC6
:109A400000F0EF800026C5E9000130463146BDE850
:109A5000F087B3FA83F6002E4AD18B4202D38242BA
:109A600000F2F980841A61EB030301209E46002D69
:109A7000E0D0C5E9004EDDE702B9FFDEB2FA82F2BE
:109A8000002A40F09280A1EB0C014FEA1C471FFA1C
:109A90008CFE0126200CB1FBF7F307FB131140EA03
:109AA00001410EFB03F0884208D91CEB010103F1D0
:109AB000FF3802D2884200F2CB804346091AA4B292
:109AC000B1FBF7F007FB101144EA01440EFB00FE66
:109AD000A64508D91CEB040400F1FF3102D2A645CB
:109AE00000F2BB800846A4EB0E0440EA03409CE76A
:109AF000C6F12007B34022FA07FC4CEA030C20FA17
:109B000007F401FA06F31C43F9404FEA1C4900FA36
:109B100006F3B1FBF9F8200C1FFA8CFE09FB1811B3
:109B200040EA014108FB0EF0884202FA06F20BD926
:109B30001CEB010108F1FF3A80F08880884240F276
:109B40008580A8F102086144091AA4B2B1FBF9F0BA
:109B500009FB101144EA014100FB0EFE8E4508D9B5
:109B60001CEB010100F1FF346CD28E456AD902383A
:109B7000614440EA0840A0FB0294A1EB0E01A1421F
:109B8000C846A64656D353D05DB1B3EB080261EB8D
:109B90000E0101FA07F722FA06F3F1401F43C5E967
:109BA000007100263146BDE8F087C2F12003D8409D
:109BB0000CFA02FC21FA03F3914001434FEA1C47DF
:109BC0001FFA8CFEB3FBF7F007FB10360B0C43EAD1
:109BD000064300FB0EF69E4204FA02F408D91CEB81
:109BE000030300F1FF382FD29E422DD9023863447F
:109BF0009B1B89B2B3FBF7F607FB163341EA03411F
:109C000006FB0EF38B4208D91CEB010106F1FF386D
:109C100016D28B4214D9023E6144C91A46EA004664
:109C200038E72E46284605E70646E3E61846F8E6F6
:109C30004B45A9D2B9EB020864EB0C0E0138A3E73F
:109C40004646EAE7204694E74046D1E7D0467BE720
:109C5000023B614432E7304609E76444023842E798
:109C6000704700BF024B0A460146186812F065BDF6
:109C70002412002008B5074B044613B10021AFF3AE
:109C80000080054B1868836A03B19847204602F0AC
:109C9000A5FD00BF000000005454050070B50D4D37
:109CA0000D4C641BA4100026A64209D10B4D0C4C90
:109CB00012F040FF641BA4100026A64205D170BD1F
:109CC00055F8043B98470136EEE755F8043B9847B2
:109CD0000136F2E78013002080130020801300205B
:109CE00084130020024B0146186800F077B800BFCB
:109CF00024120020024B0146186800F003B800BF90
:109D00002412002037B5002944D051F8043C0190BA
:109D1000002BA1F10404B8BFE41800F0BFFB1E4AF9
:109D20000198136833B96360146003B0BDE8304034
:109D300000F0BABBA34208D9256861198B4201BF64
:109D400019685B6849192160EDE71A465B680BB139
:109D5000A342FAD911685518A5420BD124682144B1
:109D60005418A3421160E0D11C685B685360214421
:109D70001160DAE702D90C230360D6E72568611980
:109D80008B4204BF19685B68636004BF4919216096
:109D90005460CAE703B030BD0831002070B50E4EE4
:109DA0000C463168054611B900F094F83060214640
:109DB000284600F08FF8431C0AD0C41C24F003048A
:109DC000A04207D0211A284600F084F8013001D1C2
:109DD0004FF0FF34204670BD0C3100202DE9F041DA
:109DE000CD1C25F0030508350C2D38BF0C25002DA2
:109DF000074601DBA94205D90C233B60002630460B
:109E0000BDE8F0812E4E00F049FB33681C4634BBA0
:109E100029463846FFF7C2FF431C04464DD134683B
:109E20002646002E40D123683146384604EB03080D
:109E300000F050F880453AD1216803356D1A25F0BD
:109E4000030508350C2D38BF0C2529463846FFF789
:109E5000A5FF01302BD023682B4423600EE022683D
:109E6000521B1ED40B2A16D96119A342256018BFB4
:109E70005960636808BF316062514B60384604F135
:109E80000B0600F011FB26F00706231DF21AB6D0D0
:109E90009B1BA350B3E76268A3420CBF32605A60B9
:109EA000ECE723466468B2E734467668B9E70C23EA
:109EB0003B60384600F0F8FAA1E72560DEE700BF16
:109EC00008310020024B0A460146186812F0C7BC50
:109ED0002412002038B5064D0023044608462B60A6
:109EE000D0F722FB431C02D12B6803B1236038BD9D
:109EF000103100202DE9F7431D465D4B1F680446D5
:109F00000E46904627B1BB6913B9384600F008FAEF
:109F1000584B9C4267D17C68B8F1020F06D0B8F16B
:109F2000010F00F29F80002DC0F29C80636EDB0762
:109F300005D4A389980502D4A06D12F069FC2146CE
:109F4000384600F06FF9616B41B104F14403994266
:109F500002D03846FFF7D6FE002363630023A361D7
:109F60006360A389190603D521693846FFF7CAFE45
:109F7000A38923F44A6323F00303B8F1020FA381FA
:109F80006CD001AB6A462146384612F043FCA389E7
:109F90001843A081002D30D1009D2846FFF7A2FE76
:109FA0000646002855D1DDF80090A9454AD14FF06A
:109FB000FF350022A26004F14702226022610122E3
:109FC000B4F90C306261626E43F00203D207A381E0
:109FD00005D413F4007F02D1A06D12F01AFC2846BC
:109FE00003B0BDE8F083244B9C4201D1BC6893E7E9
:109FF000224B9C4208BFFC688EE7002ECDD0BB6987
:10A0000013B9384600F08CF9B8F1010F08BFA389E5
:10A01000266004BF43F00103A381A28912F0080364
:10A02000C4E904651CD0D30741BF00236D42A3607F
:10A03000A56158BFA560656E15F0010515D112F434
:10A04000007FC8E74846FFF74DFE06460028AED021
:10A050004D46A38943F08003A381D0E70025A8E7FC
:10A06000A360E8E74FF0FF35B9E70025B7E700BF89
:10A070002412002078540500985405005854050017
:10A080000CB430B5174B0C1E1D689DB008DA8B233D
:10A090002B604FF0FF301DB0BDE8304002B070477C
:10A0A0004FF40273ADF8143014BF04F1FF332346AC
:10A0B000049307934FF6FF7302900690ADF81630A5
:10A0C000209A21AB02A92846019300F0F3F9431C22
:10A0D000BCBF8B232B60002CDDD0029B00221A70AA
:10A0E000D9E700BF2412002013B50B4609490C68BC
:10A0F000024644B1A16931B9CDE90003204600F020
:10A100000FF9DDE90023A168204602B0BDE8104048
:10A1100000F0D0BA241200208A892DE9F0410546CA
:10A1200010070C4658D44B68002B05DC0B6C002B39
:10A1300002DC0020BDE8F081E66A002EF9D00023A1
:10A1400012F480522F682B6032D0606DA3895A07B9
:10A1500005D56368C01A636B0BB1236CC01A00236A
:10A160000246E66A216A2846B047431CA38906D105
:10A1700029681D292CD82A4ACA40D60728D500228A
:10A180006260D9042269226004D5421C01D12B6887
:10A1900003B96065616B2F600029CAD004F14403E4
:10A1A000994202D02846FFF7ADFD00206063C1E769
:10A1B000216A01232846B047411CC7D12B68002BD8
:10A1C000C4D01D2B01D0162B01D12F60B1E7A3897C
:10A1D00043F04003A381ADE70F69002FA9D0930797
:10A1E0000E6808BF4B690F6018BF0023A6EB070875
:10A1F0008B60B8F1000F9CDD216AA66A43463A469F
:10A200002846B047002806DCA38943F04003A38119
:10A210004FF0FF308EE70744A8EB0008E9E700BFE6
:10A220000100402038B50B6905460C4613B90025DE
:10A23000284638BD18B183690BB900F071F8144B8A
:10A240009C421BD16C68B4F90C30002BEFD0626ECD
:10A25000D00704D4990502D4A06D12F0D9FA28468B
:10A260002146FFF759FF636EDA070546E0D4A3895C
:10A270009B05DDD4A06D12F0CCFAD9E7054B9C42CA
:10A2800001D1AC68DFE7044B9C4208BFEC68DAE719
:10A29000785405009854050058540500002310B563
:10A2A0000446C0E90033C0E904338360818143661A
:10A2B000C2818361194608225C3012F036FA054BE0
:10A2C0006362054BA362054BE362054B2462236383
:10A2D00010BD00BF9FCA0400C1CA0400F9CA04002F
:10A2E0001DCB0400014912F073BA00BF25A2030080
:10A2F000014812F08DBA00BF933D0020014812F0D2
:10A3000088BA00BF933D0020014812F081BA00BF17
:10A31000943D0020014812F07CBA00BF943D00201B
:10A3200010B50446FFF7F0FFA3691BB1BDE810406C
:10A33000FFF7F0BFC4E912332365134B134A1B68C0
:10A34000A262A34204BF0123A361204600F020F8CB
:10A350006060204600F01CF8A060204600F018F86D
:10A360000022E06004216068FFF798FFA0680122E6
:10A370000921FFF793FFE06802221221FFF78EFF09
:10A380000123A361D2E700BF54540500E5A20300F6
:10A39000F8B50746FFF7ACFF1E4B1E68B36913B94B
:10A3A0003046FFF7BDFF4836D6E90134013B03D5FF
:10A3B00033680BB33668F7E7B4F90C50D5B9164BD0
:10A3C000E36004F15800656612F021FAFFF796FF8A
:10A3D000C4E90155C4E904552560A5610822294650
:10A3E00004F15C0012F0A1F9C4E90D55C4E912555D
:10A3F0002046F8BD6834D9E70421384612F0D2F976
:10A40000044630600028D5D1FFF778FF0C233B606D
:10A41000EEE700BF545405000100FFFF8B8973B5C0
:10A420009D0706460C4607D504F1470323602361C8
:10A430000123636102B070BD01AB6A4612F0EAF914
:10A44000009905463046FFF7C9FC48B9B4F90C300D
:10A450009A05EFD423F0030343F00203A381E3E75B
:10A460000D4BB362A389206043F08003A381009B5E
:10A470006361019B20615BB1B4F90E10304600F0BE
:10A4800063FC28B1A38923F0030343F00103A381F4
:10A49000A0890543A581CDE7E5A20300014812F09C
:10A4A000B7B900BF923D0020014812F0B2B900BF19
:10A4B000923D00202DE9F04F98468B891B069DB0F8
:10A4C00007460D4614460ED50B6963B94021FFF7C8
:10A4D00085FC2860286120B90C233B604FF0FF30D9
:10A4E000D1E040236B610023099320238DF82930AC
:10A4F000CDF80C803023DFF8A8818DF82A304FF09A
:10A50000010923469A4613F8012B0AB1252AF9D1ED
:10A51000BAEB040B0BD05B4622462946384612F0B4
:10A52000CDF9013000F0AA80099A5A4409929AF8AC
:10A530000030002B00F0A28000234FF0FF32CDE965
:10A5400005230AF1010A049307938DF853301A93F7
:10A550005446052214F8011B5148C5F7D9FD049A49
:10A56000D8B9D00644BF20238DF85330110744BF1B
:10A570002B238DF853309AF800302A2B15D0079AE8
:10A58000544600204FF00A0C214611F8013B303BA5
:10A59000092B4ED9B0B1079214E0A0EB080309FAD9
:10A5A00003F313430493A246D2E7039B191D1B68D0
:10A5B0000391002BBBBF5B4242F00202079307935B
:10A5C000B8BF049223782E2B0CD163782A2B35D177
:10A5D000039B1A1D1B680392002BB8BF4FF0FF337B
:10A5E00002340593DFF8C8A0217803225046C5F74E
:10A5F0008FFD40B14023A0EB0A0003FA00F0049B5A
:10A6000003430134049314F8011B26488DF82810E5
:10A610000622C5F77DFD002838D0234B1BBB039BCA
:10A62000073323F0070308330393099B334409934B
:10A6300067E70CFB02320C460120A5E7002301343A
:10A64000059319464FF00A0C204610F8012B303ABA
:10A65000092A03D9002BC5D00591C3E70CFB0121C2
:10A6600004460123F0E703AB00932A460F4B04A9ED
:10A670003846AFF30080421C0646D6D1AB895B0654
:10A680003FF52CAF09981DB0BDE8F08F03AB0093E8
:10A690002A46064B04A9384600F03CF9EBE700BF18
:10A6A000B8540500C254050000000000BDC80400F5
:10A6B000BE5405002DE9F04F0D469DB01446984656
:10A6C000064618B183690BB9FFF72AFE894B9D42F4
:10A6D0001BD175686B6ED90705D4AB899A0502D476
:10A6E000A86D12F095F8AB891B0701D52B69EBB962
:10A6F0002946304600F098FAC0B16B6EDC070ED5E3
:10A700004FF0FF301DB0BDE8F08F7B4B9D4201D173
:10A71000B568DFE7794B9D4208BFF568DAE7AB899A
:10A720009805EDD4A86D12F074F8E9E700230993B9
:10A7300020238DF82930CDF80C803023DFF8C0813C
:10A740008DF82A304FF0010923469A4613F8012B61
:10A750000AB1252AF9D1BAEB040B0BD05B4622468D
:10A760002946304612F01CF9013000F0AA80099AFF
:10A770005A4409929AF80030002B00F0A28000237E
:10A780004FF0FF32CDE905230AF1010A0493079344
:10A790008DF853301A935446052214F8011B58487B
:10A7A000C5F7B6FC049AD8B9D10644BF20238DF86A
:10A7B0005330130744BF2B238DF853309AF80030E1
:10A7C0002A2B15D0079A544600204FF00A0C214638
:10A7D00011F8013B303B092B4ED9B0B1079214E080
:10A7E000A0EB080309FA03F313430493A246D2E74C
:10A7F000039B191D1B680391002BBBBF5B4242F0FA
:10A80000020207930793B8BF049223782E2B0CD132
:10A8100063782A2B35D1039B1A1D1B680392002BEA
:10A82000B8BF4FF0FF3302340593DFF8E4A021787E
:10A8300003225046C5F76CFC40B14023A0EB0A0050
:10A8400003FA00F0049B03430134049314F8011B42
:10A850002C488DF828100622C5F75AFC00283FD056
:10A86000294B1BBB039B073323F0070308330393D8
:10A87000099B3B44099367E70CFB02320C4601201D
:10A88000A5E700230134059319464FF00A0C204632
:10A8900010F8012B303A092A03D9002BC5D00591B5
:10A8A000C3E70CFB012104460123F0E703AB00934F
:10A8B0002A46164B04A93046AFF300800746781CA1
:10A8C000D6D16B6ED90705D4AB899A0502D4A86D91
:10A8D00011F09FFFAB895B063FF512AF099811E7B6
:10A8E00003AB00932A46094B04A9304600F012F846
:10A8F000E4E700BF7854050098540500585405005B
:10A90000B8540500C254050000000000A1C90400AD
:10A91000BE5405002DE9FF470F7E0C9D782F914610
:10A9200080460C469A4601F1430207D8622F0AD8A6
:10A93000002F00F0D880582F00F0A38004F14205CA
:10A9400084F842703AE0A7F16303152BF6D801A111
:10A9500051F823F0ADA90300C1A903003DA90300EC
:10A960003DA903003DA903003DA90300C1A90300BF
:10A970003DA903003DA903003DA903003DA9030033
:10A98000CDAA0300F1A90300AFAA03003DA903006B
:10A990003DA90300EFAA03003DA90300F1A90300AC
:10A9A0003DA903003DA90300B7AA03002B681A1DA7
:10A9B0001B682A6004F1420584F842300123A3E0B9
:10A9C00020682968060601F104030AD50E682B6089
:10A9D000002E03DA2D23764284F843305E480A23A2
:10A9E00019E00E682B6010F0400F18BF36B2EFE789
:10A9F0002B682068191D2960010601D51E6802E038
:10AA00004606FBD51E8854486F2F0CBF08230A2327
:10AA1000002184F843106568A560002DA2BF21685D
:10AA200021F0040121600EB9002D4DD01546B6FB72
:10AA3000F3F103FB1167C75D05F8017D3746BB42A3
:10AA40000E46F4D9082B0BD12368DE0708D52369FD
:10AA500061689942DEBF302305F8013C05F1FF35FE
:10AA6000521B2261CDF800A04B4603AA2146404666
:10AA700011F0A8FF01304CD14FF0FF3004B0BDE819
:10AA8000F087354881F845702968236851F8046BD0
:10AA900029601D0614D5DF0744BF43F0200323605F
:10AAA0001EB9236823F0200323601023B0E7236836
:10AAB00043F0200323607823284884F84530E3E7F7
:10AAC000590648BFB6B2E6E71546BBE72B682668CD
:10AAD0006169181D286035061B6801D5196002E000
:10AAE0007006FBD51980002323611546BAE72B6851
:10AAF0001A1D2A601D68626800212846C5F708FBF8
:10AB000008B1401B606063682361002384F8433010
:10AB1000A8E723692A4649464046D0470130ABD0D2
:10AB200023689B0713D4E068039B9842B8BF18467C
:10AB3000A4E70123324649464046D04701309BD026
:10AB40000135E36803995B1AAB42F2DCEBE70025C1
:10AB500004F11906F5E700BFC9540500DA540500F1
:10AB6000F8B50E461446054618B183690BB9FFF7D0
:10AB7000D7FB214B9C422BD16C68A369A360A389AE
:10AB80001A072FD523696BB323692068C01A63693C
:10AB9000F6B28342374604DC21462846FFF742FBE3
:10ABA00030BBA368013BA36023685A1C22601E705F
:10ABB00063690130834204D0A389DB0706D50A2EDE
:10ABC00004D121462846FFF72DFB88B93846F8BD49
:10ABD0000A4B9C4201D1AC68CFE7094B9C4208BFAD
:10ABE000EC68CAE72146284600F01EF80028CBD0C2
:10ABF0004FF0FF37EAE700BF78540500985405008E
:10AC00005854050038B5074D044608461146002241
:10AC10002A601A4601F0FAFD431C02D12B6803B1E9
:10AC2000236038BD10310020324B70B51D680646D8
:10AC30000C4625B1AB6913B92846FFF771FB2E4BC3
:10AC40009C420FD16C68A389B4F90C2019072CD44D
:10AC5000DD0611D40923336042F04003A3814FF095
:10AC6000FF303EE0254B9C4201D1AC68EBE7244B22
:10AC70009C4208BFEC68E6E7580712D5616B41B10A
:10AC800004F14403994202D03046FFF73BF8002319
:10AC90006363A38923F02403A381002363602369F2
:10ACA0002360A38943F00803A38123694BB9A389D7
:10ACB00003F42073B3F5007F03D021463046FFF73D
:10ACC000ADFBA089B4F90C2010F001030AD00023D9
:10ACD000A36063695B42A361236943B910F08000FC
:10ACE000BAD170BD810758BF6369A360F4E7002043
:10ACF000F7E700BF2412002078540500985405009F
:10AD00005854050038B5064D0023044608462B600C
:10AD100001F062FD431C02D12B6803B1236038BDF2
:10AD20001031002038B5074D00230446084611466F
:10AD30002B6001F054FD431C02D12B6803B123604A
:10AD400038BD00BF1031002038B5064D0023044641
:10AD500008462B6001F048FD431C02D12B6803B16B
:10AD6000236038BD1031002038B5074D0446084631
:10AD7000114600222A601A4601F038FD431C02D118
:10AD80002B6803B1236038BD1031002038B5074D62
:10AD900004460846114600222A601A4601F028FDA2
:10ADA000431C02D12B6803B1236038BD1031002051
:10ADB00038B505460848DFF7D1FA044648B9DFF749
:10ADC00023FB04461DB1054B1B689B792B70DFF7F5
:10ADD00033FB204638BD00BFF4540500F02D0020A1
:10ADE0002DE9F84380460D489DF820900F46164601
:10ADF0001D46DFF7B3FA78B9094B1C6884F8048064
:10AE0000C4F80570C4F80960A4F80D5084F80F90D8
:10AE1000BDE8F84308F025BFBDE8F88334550500C8
:10AE2000EC2D002038B5054606480C46DFF796FAAB
:10AE300038B9054B1B681D715C71BDE8384008F0DE
:10AE400010BF38BD04550500EC2D002038B505466F
:10AE500006480C46DFF782FA38B9054B1B681D71AE
:10AE60005C71BDE8384008F0FCBE38BD2C550500CB
:10AE7000EC2D00202DE9F34180466E461148089DD7
:10AE800086E80C000F46DFF769FA0446B0B90E4BAE
:10AE900000981B68B28883F804805F71C3F80600CD
:10AEA0005A81DFF7B1FA044635B1084B1B68D3F875
:10AEB00006202A605B89AB80DFF7BEFA204602B02D
:10AEC000BDE8F08124550500EC2D0020F02D002078
:10AED00010B504460548DFF741FA30B9044B1B684A
:10AEE0001C71BDE8104008F0BCBE10BDEC5405005C
:10AEF000EC2D002010B504460548DFF72FFA30B9D5
:10AF0000044B1B681C71BDE8104008F0AABE10BDC0
:10AF100044550500EC2D002010B504460548DFF728
:10AF20001DFA30B9044B1B681C71BDE8104008F0D5
:10AF300098BE10BDFC540500EC2D002070B50646EF
:10AF400007480D461446DFF709FA40B9054B1B6860
:10AF50001E715D719C71BDE8704008F082BE70BDCD
:10AF60001C550500EC2D002038B5054607480C4659
:10AF7000DFF7F4F940B9064B1B681D71C3F80540B3
:10AF8000BDE8384008F06DBE38BD00BF0C55050067
:10AF9000EC2D002038B505460C4607480121DFF7A7
:10AFA000EDF938B9054B1B681D715C71BDE838407F
:10AFB00008F057BE38BD00BF14550500EC2D002029
:10AFC00070B5064607480D461446DFF7C7F940B985
:10AFD000054B1B681E715D719C71BDE8704008F0E7
:10AFE00040BE70BD3C550500EC2D002038B505462F
:10AFF0000848DFF7B3F9044648B9DFF705FA044615
:10B000001DB1054B1B68DB882B80DFF715FA204646
:10B0100038BD00BF5C550500F02D002038B5054651
:10B0200006480C46DFF79AF938B9054B1B689D8036
:10B03000DC80BDE8384008F014BE38BD645505001A
:10B04000EC2D002038B5054606480C46DFF786F99A
:10B0500038B9054B1B689D80DC80BDE8384008F09E
:10B0600000BE38BD6C550500EC2D002010B504461F
:10B070000548DFF773F930B9044B1B689C80BDE8C5
:10B08000104008F0EEBD10BD54550500EC2D002019
:10B0900010B504460548DFF761F930B9044B1B6869
:10B0A0009C80BDE8104008F0DCBD10BD4C5505008B
:10B0B000EC2D002038B505460C4607480121DFF786
:10B0C0005DF940B9054B1B681D71A3F80540BDE84B
:10B0D000384008F0C6BD38BD74550500EC2D002081
:10B0E00070B5064608480D461446DFF737F950B9E3
:10B0F000064B1B681E71A3F80550A3F80740BDE876
:10B10000704008F0AEBD70BD7C550500EC2D0020F0
:10B1100008B50448DFF722F918B9BDE8084008F07F
:10B12000A0BD08BD8C55050038B5054606480C463F
:10B13000DFF714F938B9054B1B681D715C71BDE868
:10B14000384008F08EBD38BD84550500EC2D002038
:10B15000002008F02ABD7047032905D810B9202027
:10B16000DFF766B84020FBE7704708B501F0A6FDA1
:10B17000C5F7BCF901F0AFFDFFF7EDFFD3F76EFFA8
:10B18000F8E7D5F72DBD08B5D4F7B0FDBDE8084008
:10B19000DEF7EABE10B50446CEF706FA2046E4F71D
:10B1A000E5FD2046C5F700FA10BD0120704700B547
:10B1B000C3B0D5F7A9FC03F0FAFD48B1FFF7F5FFDE
:10B1C00030B101A808F0EBFC10B901A8FFF7E2FFCD
:10B1D00043B05DF804FB00F0C8B810B50446C6F7EC
:10B1E000A5F92046CEF79AFA2046C5F707FB10BD11
:10B1F0000120704700B5C3B0E2F72AFD48B1FFF760
:10B20000F7FF30B101A80AF041F910B901A8FFF722
:10B21000E4FF43B05DF804FB08B5CFF7C3F9CFF7FF
:10B220003DFDC6F769F8C6F7EFF8C6F7FBF8BDE8CD
:10B230000840CEF7E9BE08B500F095F8D4F7EAF972
:10B24000D3F7E8F901F02EF9D3F7AEFCBDE80840DA
:10B25000C6F7C0B808B5D1F751FED1F75FFEFFF7CA
:10B2600092FFC5F7D1FFBDE8084000F087BF08B5E1
:10B27000CEF77CFCCEF746FDBDE80840CEF768BCB3
:10B28000704708B5CEF7C6FCBDE80840CEF766BEED
:10B2900008B5FFF78CFFBDE80840FFF7ABBF70476C
:10B2A000C6F7A6B8012070470120704710B5CEF749
:10B2B000E5FC0446CEF78CFE002808BF0024D5F735
:10B2C0004BFC002808BF0024FFF7ECFF002814BF48
:10B2D0002046002010BD38B5D3F7B4FF0446CEF7A2
:10B2E000DDFC042825D002284FF0000508BF01240A
:10B2F000CEF764FE04281ED0022808BF012403F004
:10B3000092FD042819D0022808BF0124C6F776F858
:10B31000042814D0022808BF0124FFF7C5FF042821
:10B320000FD0022808BF0124002D18BF002420469A
:10B3300038BD0125DCE70125E1E70125E6E7012528
:10B34000EBE70024F3E7704770470022CEF784BB99
:10B350007047704708B50422012305210020D1F76A
:10B3600039F8002008BDFFF7F5BF08B500231846DF
:10B3700004220521D1F72EF8002008BD70B5002465
:10B38000064625465B210820CFF772F9102C04F100
:10B39000010300D170BD012B14D0022B14D0032B5C
:10B3A00014D0042B14D0052B04D16A1C2946D5B225
:10B3B0001C46E8E70D3C012C0CD9102B0CD0B21F19
:10B3C000D15CF5E70C21F3E7D121F1E78021EFE72C
:10B3D0000021EDE75A21EBE75D21E9E707B520F011
:10B3E0007F4040EA81700123019068468DF800306B
:10B3F000FFF7C4FF03B05DF804FB70B506680C46A8
:10B400008D18AC4201D1002070BD14F8011B91FAD7
:10B41000A1F13046090E00F071FBF2E702681369F2
:10B420009B06FCD5704710B5046823691B0600D441
:10B4300010BD204600F052FBF7E7FEE74FF4004056
:10B4400070474FF47A7070470023036070470368B9
:10B450000B6001607047436803B1184722207047B2
:10B46000436903B11847FF20704730221C2302FBB9
:10B47000003000F1047000F5204001EBC0018900AC
:10B480000868704738B50D682B78022B0C460CD035
:10B4900069792879FFF7E9FFB0FA80F04009287050
:10B4A0002046BDE83840CEF76BBB38BD036818783E
:10B4B000704710B504682378022B15D06179207984
:10B4C000FFF7D3FFA279012A15D10038638818BF8E
:10B4D000012040EA430363F03F039BB24FF6E07163
:10B4E0008B4202D12270638010BD4FF6DF7293420F
:10B4F000F9D10022F6E7002AF6D1B0FA80F040092F
:10B500002070F1E703681A78022A03D100225A80DA
:10B51000CFF71AB8704713B504682378022B10D000
:10B52000A379022B0BD160790021CFF7CFFB627991
:10B5300020790023CDE900331146D0F705FF02231F
:10B54000237002B010BD4FF060420123D2F8001EFC
:10B5500003FA00F00843C2F8000E002070474FF0D5
:10B5600060410122D1F8003E02FA00F023EA000314
:10B57000C1F8003E00207047D0E9000318478368F7
:10B5800000681847C36800681847437810B501225F
:10B5900004780C219A40302313FB0413817803F1C3
:10B5A000804303F5204319B903F180631A6010BD8D
:10B5B00003F1C063FAE7437810B5012204780C2147
:10B5C0009A40302313FB0413817803F1804303F581
:10B5D000204319B903F1C0631A6010BD03F1806301
:10B5E000FAE74178037801228A4030214B4303F186
:10B5F000804303F520439A617047024600780C218E
:10B60000302313FB001303F10473517803F5204337
:10B6100001EBC3039B0018689378C0B213B9B0FA6A
:10B6200080F04009704710B588B00E9C07940D9CBF
:10B6300006949DF8304005940B9C04949DF8284096
:10B6400003940024CDE9013400920B460246012107
:10B650002046CFF7ADF808B010BD704713B50446CB
:10B6600001A8D1F755F99DF80630238040F2011367
:10B670006380D1F773F96060002002B010BDD1F78C
:10B680001FB808B5D1F70CF8002008BD10B5044666
:10B6900044EA010313F00303084609D1934201D1A0
:10B6A000002010BD54F8231040F823100133F5E7B3
:10B6B0009200214611F011F8F2E70A4601390144DF
:10B6C000D3F7EEBACFF74EBC08B5CFF749FD01303E
:10B6D00008BDEFF3108072B6704700B962B67047CC
:10B6E000EFF31180602383F31188704780F3118892
:10B6F000704784B00B6800934B6801938B6802938A
:10B70000CB680393009B0360019B0360029B036073
:10B71000039B03600023009301930293039304B0FF
:10B72000704784B003680093036801930368029331
:10B7300003680393009B0B60019B4B60029B8B6033
:10B74000039BCB600023009301930293039304B007
:10B75000704730B5D1E90223D1E900540560046097
:10B760000260036030BD30B5056804680268036894
:10B77000C1E90054C1E9022330BDFFF7EABF7FB53C
:10B780008B07044611D00B466D4601F11006186870
:10B7900059682A4603C20833B3421546F7D16946B1
:10B7A0002046FFF7D6FF04B070BD0091009904B0A9
:10B7B000BDE87040FFF7CDBFFFF7D5BF30B58B07B1
:10B7C00085B00C4610D06946FFF7CDFF0D462346E5
:10B7D00004AC2A4603CAA24218605960154603F118
:10B7E0000803F6D105B030BD0091009905B0BDE861
:10B7F0003040FFF7B8BF10B5FFF7ABFFBDE8104012
:10B800001031FFF7A6BF10B5FFF7ADFFBDE8104040
:10B810001031FFF7A8BF10B5FFF79BFF0C461031A2
:10B82000FFF797FF04F12001FFF793FF04F13001C8
:10B83000BDE81040FFF78DBF00F1424303F58013D0
:10B84000102A10B54FEA43130AD101221A6000F5FD
:10B850008870FFF74EFF1031BDE81040FFF749BF79
:10B8600000221A602430F7E7F0B50B46990789B03B
:10B870000546144629D0082A6E4618D103F1100750
:10B8800018685968324603C20833BB421646F7D1DE
:10B89000224669462846FFF7CFFF082C0CBF04223A
:10B8A00008226B460021013A0CD209B0F0BD03F129
:10B8B000200718685968324603C20833BB4216464F
:10B8C000F7D1E5E743F8041BEDE70093009909B0D1
:10B8D000BDE8F040FFF7B0BF436823F01F030E2917
:10B8E0000BD8DFE801F008080808080B0B0B080864
:10B8F00008080B0B0B00194341607047194341F0D6
:10B900001001F9E710B52030FFF70BFF102A04D122
:10B91000BDE810401031FFF704BF10BD30B58B07F4
:10B9200089B00C46154625D06946FFF7EBFF082D78
:10B930006A4610D104AD134603CBAB422060616070
:10B940001A4604F10804F6D104226B460021013A9C
:10B950000DD209B030BD08AD134603CBAB42206019
:10B9600061601A4604F10804F6D10822EDE743F8B5
:10B97000041BECE70091009909B0BDE83040FFF7E7
:10B98000C1BF704770477047D0F754B9D0F7E2B8DD
:10B9900070B505460E461446FFF79BFE296881EAFE
:10B9A000040202EA06044C402C60BDE87040FFF738
:10B9B00094BE00F1424000F58010400101607047E4
:10B9C000D0F7C4BECB435B0003F00A03C360C16081
:10B9D000704738B50D46D1F711F8AB7C04461BB162
:10B9E000036843F080430360EB7C1BB12B7D43F085
:10B9F0008003A3652A8A6B7B1343EA891343636040
:10BA00002B7BD5E901122046D0F7B4FF6B7D1BB12B
:10BA1000236843F480332360AB7D1BB1236843F478
:10BA200000432360EB7D2A7E1B07120502F4E0022F
:10BA300003F0E04313432366636F23F0300363672F
:10BA4000626F6B7E134363672B78E36038BD38B554
:10BA50000D46D0F7D3FFA97B2A8A0368002942F05C
:10BA6000010214BF4FF48061002113430B432A7D70
:10BA700003600368002A14BF4FF0005200221343F2
:10BA80000360AB7C04461BB1EB7C43F08003836511
:10BA90002B7B43F480536360D5E901122046D0F735
:10BAA0009BFF6B7B0BB11023E3606B7D1BB12368A5
:10BAB00043F480332360AB7D1BB1236843F4004320
:10BAC0002360EB7D2A7E1B07120503F0E04302F49E
:10BAD000E002134323662B78E36038BD03691B063D
:10BAE000FCD5C069C0B2704703695A06FCD54163F2
:10BAF00003699B06FCD5C069C0B2704703695B0649
:10BB0000FCD54163704730B1026800215388128828
:10BB10000846D0F7B9BF0520704737B50446A8B12D
:10BB20004568FFF7F0FF014668B92268138952891A
:10BB300053430193EBB20093C5F30742C5F30723C8
:10BB4000D0F7C2FF0146084603B030BD0521FAE731
:10BB500010B470B1836942698489018A013301326A
:10BB6000121B5B1A20469BB25DF8044B92B2D0F7D1
:10BB70008BBF05205DF8044B7047F0B4D0B1C9B15C
:10BB80000E688C68A64218DA4D68CA68954214DAC5
:10BB9000002E14DB002D12DB01680F88BC420EDA88
:10BBA00049888A420BDAC0E90365C0E90542F0BC66
:10BBB000FFF7CEBF0520F0BC70470420FBE7032051
:10BBC000F9E710B5040C0C70010A1170187010BD63
:10BBD00073B50D461646044690B10C3000F0DDF901
:10BBE00080B1A26801230193D3B20093B1B2C2F332
:10BBF0000723A8B2C2F30742D0F766FF02B070BDB8
:10BC00000520FBE70120F9E773B50D4616461C46F3
:10BC100088B10C3000F0C1F978B101230193E3B28F
:10BC20000093C4F30742C4F30723B1B2A8B2D0F71C
:10BC30004BFF02B070BD0520FBE70120F9E7C368A8
:10BC400010B504468B426369CCBF012000208B42B3
:10BC5000A369B8BF40F0020093422369B8BF40F027
:10BC600004009342C8BF40F0080010BDF0B516466E
:10BC700085B00546002840D00269B2423FDC8269A7
:10BC8000B2423CDB9942C2BF0A461946134642699A
:10BC90008A4234DBC4689C4231DC8C42B8BF0C461B
:10BCA0009A42D4BFC4EB0207C4EB03070137A0B22A
:10BCB0000123BAB2B1B2D0F7E7FE0446D0B9A86802
:10BCC0000DF10F030DF10E020DF10D01FFF779FFDC
:10BCD0009DF80F300093214620469DF80E309DF8C8
:10BCE0000D200197D0F7F0FE044618B92846FFF75B
:10BCF0002FFF0446204605B0F0BD0524FAE70124D5
:10BD0000F8E7F0B50E4685B00546002840D0C1687A
:10BD1000B1423FDC4169B1423CDB9A42C2BF1146AD
:10BD20001A460B468169914234DB04699C4231DC3E
:10BD30009442B8BF14469942D4BFC4EB0107C4EB88
:10BD400003070137A1B2BBB20122B0B2D0F79CFE0B
:10BD50000446D0B9A8680DF10F030DF10E020DF1E4
:10BD60000D01FFF72EFF9DF80F300093214620466E
:10BD70009DF80E309DF80D200197D0F7A5FE0446E2
:10BD800018B92846FFF7E4FE0446204605B0F0BD8A
:10BD90000524FAE70124F8E72DE9F74F0C9F0C463C
:10BDA00015461E468046002800F0B180994205D114
:10BDB0003B4603B0BDE8F04FFFF7A3BFBA4204D142
:10BDC00003B0BDE8F04FFFF751BFFFF738FF3A4629
:10BDD000314681464046FFF732FF00228246114637
:10BDE00049EA0A03DBB2002B00F0958009EA0A0356
:10BDF000DBB2002B40F08D80B9F1000F14BF4B4631
:10BE00005346D80717D5D8F80C100B1B7A1B5A438A
:10BE1000331B92FBF3F22A444046FFF710FFB9F1BF
:10BE2000000F02D117460E4603E0814615460C4628
:10BE300050468246D4E7980702D5D8F81410E4E7B4
:10BE4000580709D5D8F81820531B311B59437B1BC1
:10BE500091FBF3F12144DFE71B07DDD5D8F8102073
:10BE6000F2E77B1BB44224DA321B934224DC3B46CC
:10BE700037461E462B464FF0000B25461C46A5EBC9
:10BE80000709B442A7EB050309EBD979B4BFA6EBC8
:10BE9000040AA4EB060A01934FEA6909B442D4BF2D
:10BEA00001264FF0FF36BD421ADD002003B0BDE889
:10BEB000F08FA21B93420ADD4FF0010BBD42DEDD85
:10BEC000234634461E462B463D461F46D7E73B4693
:10BED00037461E462B464FF0000B25461C46EDE725
:10BEE000BBF1000F10D02A4621464046FFF770FEF6
:10BEF0000028DBD1D144B9F1000FC2BF019BA419C6
:10BF0000A9EB03090135CEE722462946EDE70520D6
:10BF1000CCE70120CAE7BD42A3DBEB1BA2E72DE97A
:10BF2000F04F884685B00646A8B3A2B3012932D99E
:10BF3000D2E9009A02F1100457464B464FF0010B2C
:10BF400000253A4654F8047C1946304654F8083C1B
:10BF500000970393FFF720FF012819D8039B00B92E
:10BF600001350BF1010BD84504F10804E9D19945DD
:10BF700001D1BA4509D00097524649463046FFF7ED
:10BF80000BFF012804D800B90135B5FA85F0400946
:10BF900005B0BDE8F08F0520FAE778B103688B4261
:10BFA0000BDC83688B4208DB4368934205DCC06886
:10BFB0009042B4BF002001207047002070472DE957
:10BFC000F04F85B090469DF8382002920446002834
:10BFD00000F08180A1F120025E2A7ED890F828200E
:10BFE000022A8DB21AD13A291AD020291AD0303D0E
:10BFF000ADB2228CAA4270D9E26901924FF0000BD7
:10C000001A465E4694F825101FFA8BF399420BD816
:10C01000B6FA86F0400905B0BDE8F08F203DE7E7AD
:10C020000A25E6E70B25E4E794F82230012B05D03A
:10C03000022B1DD0019B53F825A002E0019B13F8B1
:10C0400005A04FF0000994F824301FFA89F7BB428D
:10C0500012D894F8243094F827100B449F4229DB1F
:10C0600094F823301D44ADB20BF1010B0132C9E746
:10C07000019B33F815A0E4E71AF0010F0FD008EB8D
:10C08000090120460392FFF7A3FD0128C3D8039AB4
:10C0900000B901364FEA5A0A09F10109D3E7029BB8
:10C0A000002BF7D06368039208EB09012046FFF7E5
:10C0B000ABFDEAE7029B5BB16368039208EB070103
:10C0C0002046FFF7A1FD0128A5D8039A00B9013643
:10C0D0000137BFB2BDE705209DE702209BE72DE9B0
:10C0E000F74F0C9F9DF834A09846054678B371B37E
:10C0F00090F828306BB30C468E18C3464FF00009F9
:10C10000B44205D1B9FA89F0400903B0BDE8F08F17
:10C1100014F8011B0A2907D195F825303B4495F8FE
:10C120002670C3461F44EBE7CDF800A03B465A46B5
:10C130002846FFF744FF0128E7D808B909F10109AB
:10C1400095F8243095F8272013449B44D8E7052020
:10C15000DBE70220D9E708B520B11C3021B9102255
:10C1600010F0E3FA052008E001F1100351F8042B68
:10C1700040F8042B9942F9D1002008BDF7F7ECBC38
:10C180002422002110F0D1BA18B12422002110F08D
:10C19000CCBA704770B515460E46242200210446DD
:10C1A00010F0C3FAC02D0DD0B5F5807F01D0802DE1
:10C1B0000BD12046EA0840F8045B314610F08DFAB6
:10C1C000002070BD6FF07100FBE76FF01F00F8E713
:10C1D0002DE9F3411546884624220021064610F039
:10C1E000A4FAC02D34D0B5F5807F01D0802D32D196
:10C1F0003560D1F7C3FC0023436003600446FFF7BA
:10C2000068FA802D0CBF08221022074641462046BE
:10C210000192FFF729FB3846FFF75FFA0523019AE1
:10C22000A360256915F00205FBD10192FFF751FAD1
:10C23000019A311D07462046FFF770FB3846FFF78D
:10C240004CFA2046D1F7A4FC284602B0BDE8F081A4
:10C250006FF07100F9E76FF01F00F6E72DE9F04786
:10C260001F460368802B05460E46914602D0B3F563
:10C27000807F34D1D1F782FC002343600360044601
:10C28000FFF727FA2946804651F8043B802B0CBF64
:10C2900008221022204604F1800AFFF7E5FA4946F9
:10C2A0005046FFF76CFA4046FFF717FA012E0CBF15
:10C2B00005230623A360256915F00205FBD1FFF7CE
:10C2C00008FA394606465046FFF778FA3046FFF737
:10C2D00004FA2046D1F75CFC2846BDE8F0876FF0F1
:10C2E0007100FAE703699B07FCD17047D1E901238C
:10C2F000032A70B50ED803EB8204A342114605D180
:10C300000023013108290360FBD170BD53F8041BE1
:10C310000160F2E7D3E90065D3E90241072A06602C
:10C320000560046001600ED80424A242114605DCB9
:10C330000023013108290360FBD1E6E753F82410FC
:10C3400001600134F1E7D3E90441D3E90623046035
:10C35000016002600360D8E7F0B54A68082A89B036
:10C3600005460C460BD1FFF7B4F9A16806462846EE
:10C37000FFF749FA3046FFF7B0F900252FE012D950
:10C38000FFF7A7F9A16806462846FFF73CFA3046B2
:10C39000FFF7A3F96268A068083A920000212030F4
:10C3A00010F0C3F9E9E76946002633460F462868CE
:10C3B00041F8040B0133002818BF1E46082BF6D1A4
:10C3C000B2420FDA3146204600F04AFD054630B948
:10C3D000A068B200394610F080F901232360284696
:10C3E00009B0F0BDA0689200394610F076F9C4E7B4
:10C3F00038B50D46D1E90121072A04460DD892002F
:10C4000010F06BF96868C0F10802920004EB80003C
:10C410000021BDE8384010F088B901F1200351F83F
:10C42000042B44F8042B9942F9D138BD0078C31E7F
:10C4300058425841704700207047704700F0FCB8E0
:10C4400000F0FAB800F0F8B800F0F6B87FB504468E
:10C4500003A801911E461546D0F75AFA9DF80D30F3
:10C460000199012B14D19DF80C30022B10D84FF6F6
:10C47000FF72AA424FF0000428BF2A46346092B2ED
:10C480004FF0FF300FF059FC3060204604B070BD13
:10C4900033462A46204600F01BF9002818BF6FF0EB
:10C4A0003B00F3E77047F0B591B01546169C492262
:10C4B0008DF8202004F10C060DF1210254F8047BC4
:10C4C00042F8047BB442F9D1247814704FF480749C
:10C4D000ADF830409DF85C408DF83240042406945D
:10C4E000189C059410240022049408ACCDE9023471
:10C4F000CDE900150B461146CDE90D228DF82E2011
:10C500008DF82F508DF833200F92D1F721FA11B00A
:10C51000F0BD1FB5079C02949DF81840CDE900348A
:10C5200013460A4601460020FFF7BDFF04B010BDC8
:10C530001FB5079C02949DF81840CDE900341346BE
:10C540000A4601460120FFF7AEFF04B010BDF7B563
:10C550000546B020174601911E46D1F733FB802FC8
:10C560004FF0000343600CBF0822102201990360C2
:10C570000446FFF779F91DB90523A3608C23A36056
:10C5800004F1800031460190FFF7F9F8019855B1A8
:10C5900005230899A360FFF711F92046D1F71CFB8A
:10C5A000002003B0F0BD0623F3E72DE9FF478046E6
:10C5B000B020894617461E46DDF830A0D1F702FBB1
:10C5C0000546B9F1800F4FF0000343600CBF08220D
:10C5D000102245F8843B41460446FFF745F90EB367
:10C5E00031462846FFF7CBF84823A3600523A36014
:10C5F0000323394604F1A000A360FFF7C0F80D99AA
:10C6000004F18000FFF7DAF8BAF1000F03D05146C9
:10C610002846FFF7D3F82046D1F7DEFA002004B011
:10C62000BDE8F08731461022684610F07EF8694672
:10C630002846FFF7A2F8D7E708B518B16C22002109
:10C6400010F073F8002008BD2DE9F843154689461F
:10C6500080461F46D1F792FA0023436003600446E8
:10C66000FFF737F8B9F1100F0CBF08221022064669
:10C670004146204604F18008FFF7F6F82946404677
:10C68000FFF77DF83046FFF728F8FFF722F8394624
:10C69000064604F1A000FFF772F80523A3602369A2
:10C6A0009B07FCD408994046FFF788F83046FFF70F
:10C6B00014F8089B03F1100253F8041B45F8041BFF
:10C6C0009342F9D12046D1F763FA0020BDE8F88300
:10C6D0002DE9F0411C4600238846164623600527B5
:10C6E00025682246711B08EB0500D1F723FE23685D
:10C6F0001D44B54228BF0020013F256001D000281D
:10C70000EED1BDE8F08113B5022300246846009401
:10C710008DF804408DF80530CFF73EFB204602B07F
:10C7200010BD07B530B9CDE90012D1F767FFDDE9DB
:10C73000001230B1436823B1006803B05DF804EB28
:10C740001847232003B05DF804FB30B51C4685B0C4
:10C7500058B9CDE90012D1F751FFDDE9001204B953
:10C7600003AC20B9232005B030BD03B903AC856804
:10C77000002DF7D023460068A847F4E7F8B50E4629
:10C780001746054690B9D1F739FF044605463046AD
:10C790003946FDF7A9FCAC42064602D02046D1F747
:10C7A00021FF002ED4BF37200020F8BDD1F726FF8F
:10C7B00085420446EBD02846D1F714FFE7E70EB4D4
:10C7C00003B503AA52F8041B0192FFF7D7FF02B08A
:10C7D0005DF804EB03B0704700207047FEE74FF4AC
:10C7E00000534B60002070470120704700207047C5
:10C7F00007B5002001AB0190FFF7A7FF01980028C3
:10C8000008BF4FF0FF3003B05DF804FB10B5002007
:10C810001446FFF786FF204610BD88B190F83820F7
:10C8200090F83C3032B1022B04D1012280F83C2038
:10C8300018467047042B4FF00102F7D01346F7E774
:10C840000123F5E780F82C10704790F82C00704712
:10C8500090F839007047037A3022534303F1804344
:10C8600003F56223D3F89410D0E9032313449942CB
:10C8700014BF084610467047F8B590F839300446A2
:10C880000D4681B173B990F83A60FEF722FF01219D
:10C8900005463046D2F748FB2846FEF71EFF012327
:10C8A00084F83930F8BD002BFCD090F83A70FEF7D0
:10C8B00010FF294606463846D2F736FB3046FEF7CB
:10C8C0000CFF84F83950EDE72DE9F843044616468D
:10C8D00090F82C700D46FEF703FF94F838200346BD
:10C8E0009AB1FEF703FF94F83B90FEF7F2FE0121A8
:10C8F00080464846D2F718FB4046FEF7EEFEFEF7AC
:10C90000EFFE0022034684F838201846FEF7EEFEBC
:10C910002E44B54204D1236A0121204698473AE0CB
:10C9200094F82D3023B3FEF7DBFE237E8046E3B17F
:10C930002046FFF790FF421EE068D4F830C08242E4
:10C940003EBF226902F1FF32121813469C450BD0FC
:10C9500013F80119112901D013291FD1A1F11103D5
:10C960005942594184F8341022634046FEF7BEFE16
:10C9700094F83430002BCCD037B12B780A2B03D16C
:10C98000E3690D2120469847E36915F8011B20460D
:10C9900098470028BDD00020BDE8F883984282BFA8
:10C9A000236903F1FF331B18D0E790F8383073B5D3
:10C9B000044603F0FF01A3B9036A019198470123DC
:10C9C00084F8383094F83B60FEF783FE0199054601
:10C9D0003046D2F7A9FA2846FEF77FFE022384F8F4
:10C9E0003C3002B070BD026CD36C43F00403D364DE
:10C9F0007047026C10B5044613695906FCD5002334
:10CA00001A4694F8491094F84800CFF7E3FC002345
:10CA10001A4694F84B1094F84A00CFF7DBFC94F8D0
:10CA20005030DA0707D5002394F84D1094F84C00E5
:10CA30001A46CFF7CFFC94F850309B0707D5002358
:10CA400094F84F1094F84E001A46CFF7C3FC206CB0
:10CA5000C36C23F00103C364C36C23F00403C364F9
:10CA60000021FEF7AFFF606C0021CEF739FB0020FC
:10CA700010BD08B5006CFFF741F8002008BD036C3D
:10CA8000DA6C19B142F00102DA64704722F0010257
:10CA9000DA6401229A64704738B50468206C056C2A
:10CAA00015F0010509D00123836403699B060FD5A6
:10CAB0002046BDE83840FFF778BF042384F83C30B7
:10CAC000237E33B9C36C23F00403C36401232376AC
:10CAD00038BD637E23B394F82D300BB384F8355002
:10CAE0001321FFF70BF8236CDA6C42F00402DA64CE
:10CAF000DB69DBB2112B0ED1012384F83430237AA9
:10CB00003022534303F1804303F56223D3F894307A
:10CB1000013B2363DCE7132BDAD184F83450EEE7D2
:10CB2000C36C23F00403C364D2E7013A42EA520221
:10CB300042EA920242EA121242EA122230B542EA74
:10CB400012420132B2F5807F38BF4FF480725442F6
:10CB5000044015198D4205D31C60039B1D60049B86
:10CB60001A6030BD5200F2E708B5D2F703F908BDEC
:10CB700007B5FEF7AEFD0190D2F74AF9019803B070
:10CB80005DF804EBFEF7A9BD7047FEF7FDBE7047E8
:10CB90007047012070474FF41670D2F74FBAF0B5C6
:10CBA00087B0154605911E46044690B10027C7611F
:10CBB000D2F76AFDBDF8343002939DF83030059904
:10CBC000CDE900633A462B462046D2F7CFFC07B0AA
:10CBD000F0BD2220FBE7F0B50D4685B016461F4696
:10CBE000044690B10023C361D2F74EFDBDF82C304E
:10CBF00002939DF828302A46CDE900732946334632
:10CC00002046D2F7B3FC05B0F0BD2220FBE7F0B51B
:10CC100087B01F4600230D4616468DF81730044690
:10CC2000A8B1C3610DF11701D2F756FD9DF8172089
:10CC30007AB9BDF8343002939DF830302946CDE9F9
:10CC4000007320463346D2F791FC07B0F0BD222096
:10CC5000FBE70320F9E7F0B587B01F4600230D4638
:10CC600016468DF817300446B0B1C3610DF11701B7
:10CC7000D2F732FD9DF8173083B9BDF834300293F6
:10CC80009DF830302A46CDE90073294633462046C8
:10CC9000D2F76CFC07B0F0BD2220FBE70220F9E7D9
:10CCA00038B5FEF71DFD0546D2F752FF044628466B
:10CCB000FEF71CFD204638BDD2F7DABF08B5C4F731
:10CCC000CDFAFEF7A9FAFEF7B6FAFEF7C3FABDE809
:10CCD0000840FEF7CCBA08B5FEF7D2FAFEF7D1FA53
:10CCE000FEF7D6FABDE80840FEF7D9BA242070470F
:10CCF0003C2070474C2070479C2070477420704740
:10CD00007C207047242070470C2070476C207047AF
:10CD100008B502F03DF902F02AFDD8F747FB03F011
:10CD20001BFC04F0B5F9D8F7A5FF002008BD38B505
:10CD30000446FEF7CEFC05462046FCF7D3FF04462A
:10CD40002846FEF7CAFC204638BD37B50446019197
:10CD5000FEF7BFFC019905462046FCF783FF044619
:10CD60002846FEF7BAFC204603B030BD37B504466E
:10CD70000191FEF7AEFC019905462046FDF7A2F8A9
:10CD800004462846FEF7A9FC204603B030BD38B55E
:10CD90000546FEF79EFC04462846FCF7ABFF2046FE
:10CDA000BDE83840FEF799BC01F18041013900EB44
:10CDB00081018142034600D270471B680A681BBA92
:10CDC00012BA40F8042B41F80439F2E72DE9F04794
:10CDD00011F0030418BF01249846436804EB910442
:10CDE000A34205460E4617464FEA840AC1EB840962
:10CDF0001BD34A46002180680FF097FC6A68A86838
:10CE0000121B9200002150440FF08FFCA96832469B
:10CE100049444046B847064620B91CB1A868214697
:10CE2000FFF7C2FF3046BDE8F0876FF00306F9E771
:10CE300000230122C0E900238360704710B5044637
:10CE400068B1806830B161688900D3F7C1FCA0681F
:10CE5000FFF79DFF00230122C4E90023A36010BD5A
:10CE600042F21073994270B504460D4602D96FF034
:10CE70000F0070BD43688B4216D204212846FFF78D
:10CE800064FF06460028F2D0A16859B1626892009A
:10CE90000FF023FC6168A0688900D3F799FCA068B3
:10CEA000FFF775FFC4E901560020E2E738B50446F4
:10CEB0000D4619B9FFF7C2FF002038BD42688A420B
:10CEC00007D18068920000210FF02FFC012323601E
:10CED000F2E7FFF7B3FF29462046BDE83840FFF7E9
:10CEE000BFBF884270B505460E460AD04C68406800
:10CEF0006CB9C8B1012382002B60A86821460FF0ED
:10CF000014FC002010E0B36853F8243013B9013C3E
:10CF1000002CF8D1013433682B60844205D92146B6
:10CF20002846FFF79DFF40B170BD021BA868920024
:10CF3000002100EB84000FF0F8FBB168A868A200A4
:10CF40000FF0CBFBDDE770B50E4601210446FFF77D
:10CF500087FF054688B9626801469200A0680FF015
:10CF6000E4FBA36886EAE672002EA2EBE6721A6082
:10CF7000B4BF4FF0FF3301232360284670BD4368E0
:10CF8000B1EB431F3FBF4A09836853F8220001F009
:10CF90001F013ABF20FA01F101F0010000207047A3
:10CFA0000246406888B19268431E7BB952F823104C
:10CFB00000204FF00042114204D1013020284FEAF6
:10CFC0005202F8D10133C0EB4310704752F82310DE
:10CFD0000029EBD1013BE8E72DE9F04112F0030411
:10CFE00018BF012404EB92048846214607461546E3
:10CFF000FFF75CFF064668B965B1BB68C5EB840006
:10D000002A46414618440FF068FB1CB1B868214617
:10D01000FFF7CAFE3046BDE8F081F8B50446084681
:10D020006368B2EB830F4FEA83051BD9521B8E183E
:10D0300000210FF07AFB30462A46811800239A42DD
:10D0400012D10020F8BDA76823F0030C03F0030100
:10D05000CE0057F80C10F140C9B289B90133AB4288
:10D06000F1D1EAE71346FAE7A76823F0030603F0D5
:10D070000300C500B859E84001F8010D0133DEE7AF
:10D080006FF00700DEE7F8B505460E464C0901F0E3
:10D090001F07FFF785FF6B683044B0EB431F04D8D0
:10D0A0001F2E0ED86FBB00200AE010F01F0118BF22
:10D0B000012101EB50112846FFF7D2FE0028EFD0E6
:10D0C000F8BD6B686FF003009A0060431946A142F7
:10D0D000A2F104020CD8E21A9C4288BF0022134439
:10D0E0009B000022043B191DDCD0A968CA50F9E757
:10D0F000AE6806EB020C01395CF800C046F802C0CD
:10D10000E5E76E680022C7F1200CA642CBD9A868DB
:10D1100050F8241001FA07F3134340F8243021FAA1
:10D120000CF20134F1E74368F0B44E09B34201F068
:10D130001F0401D304D15CB3F0BC0021FFF703BF8F
:10D140001F2927D804BB0020F0BC704782685759BC
:10D1500042F82170043501319A1B8A42F6D8002129
:10D160009342EFD9856845F822100132F8E78668C6
:10D1700056F8235025FA04F20A4346F8232005FA0C
:10D1800007F1013BF3D2DEE70021C4F12007F8E705
:10D190001F29D8D9B5000021DEE730B543682BB987
:10D1A0004A6862B9181E18BF012028E0826802EBA5
:10D1B000830252F8042C002AF2D1013BEFE78C687D
:10D1C00004EB820555F8045C35B9013AE9E7012022
:10D1D00015E04FF0FF3012E0002BFAD09342F6D862
:10D1E000F7D3013B826852F8231054F82320914270
:10D1F000EDD803F1FF33ECD35A1CF3D1002030BD3E
:10D2000030B54368024623B9486858B9002B36D177
:10D210002FE0906800EB830050F8040C0028F3D155
:10D22000013BF0E78C6804EB800555F8045C15BB06
:10D230000138EAE702D20868404221E01068096834
:10D24000002803DD002907DA012019E0002903DDA9
:10D2500010B14FF0FF3013E0013B916851F82350BB
:10D2600054F823108D420BD803F1FF33E4D3591C3B
:10D27000F3D1002004E0002BDDD08342DAD910681E
:10D2800030BD1FB581EAE173A3EBE1730029009380
:10D29000B4BF4FF0FF330123019301A9012302938F
:10D2A000CDF80CD0FFF7ACFF05B05DF804FB904261
:10D2B0002DE9F04106460F46154602D0884229D195
:10D2C0002F4601237D68336065BB29463046FFF752
:10D2D000C7FD044618BBB368B9689C46074685423B
:10D2E00029D103EB8503D7B17268AA4205F1010881
:10D2F00007D841463046FFF7B3FD68BBB36803EB80
:10D3000085031A68D21943F8042B2CBF0127002784
:10D310004546E8E7FFF7E5FD04460028D0D0204663
:10D32000BDE8F081BB6803EB850353F8043C002B98
:10D33000CBD1013DC8E7DCF80020D21951F82070AC
:10D340002CBF4FF0010E4FF0000ED2194CF8042BF9
:10D350004EF100070130C2E70446E0E72DE9F8434B
:10D36000546805460E4690463CB97168A1420ED2FB
:10D370006FF009073846BDE8F883D8F8083003EBAA
:10D38000840353F8043C002BEFD1013CECE7284622
:10D39000FFF766FD07460028ECD17268A24209D962
:10D3A000A868B168121B920001EB840100EB8400B5
:10D3B0000FF093F96A687068824207D9AB68121A55
:10D3C0009200002103EB80000FF0AFF90022A96862
:10D3D000D6F808E0D8F8088013469C4211D16AB10B
:10D3E000686801EB84034FF0FF36A04223D91A6826
:10D3F000EAB151F82430013B41F8243001232B607D
:10D40000B8E75EF823C058F82360ACEB0200B042E6
:10D410002CBF4FF000094FF00109801B41F8230099
:10D4200094452CBF4A4609F101020133D5E743F880
:10D43000046B0134D9E7DCD19AE7F8B50D681368BD
:10D440006B4304460F46164616D511463846FFF77D
:10D45000A4FE002806DB324639462046FFF77EFF51
:10D4600040B1F8BD3A4631462046FFF777FF002825
:10D47000F7D16D422560F4E7FFF719FFF0E7F8B543
:10D480000D6813686B43002B04460F46164616DDE5
:10D4900011463846FFF781FE002806DB3246394642
:10D4A0002046FFF75BFF40B1F8BD3A4631462046C3
:10D4B000FFF754FF0028F7D16D422560F4E7FFF72E
:10D4C000F6FEF0E71FB582EAE273A3EBE273002AEF
:10D4D0000093B4BF4FF0FF330123019301AA01234E
:10D4E0000293CDF80CD0FFF7CAFF05B05DF804FB3E
:10D4F0002DE9F0479446DD08089AA1EB030A03F0F2
:10D50000070E644603462F464FF00008013F791C82
:10D5100003F1200304F1200413D100EB45100CEBC0
:10D5200045154FEA8E09844605EB8E0E754540F091
:10D5300088804844BAF1010A80F094804046BDE8F2
:10D54000F08754F8206C53F8201CA2FB069618EBC9
:10D55000090846F1000611EB080843F8208C54F83E
:10D560001C1C46F10006A2FB019853F81C1C16EB8C
:10D57000090648F100088E1943F81C6C54F8186C21
:10D5800048F10008A2FB066918EB060853F8186C6E
:10D5900049F1000916EB080643F8186C54F8146CAE
:10D5A00049F10009A2FB066819EB060953F8146C4F
:10D5B00048F1000816EB090643F8146C54F8106C97
:10D5C00048F10008A2FB066918EB060853F8106C36
:10D5D00049F1000916EB080643F8106C54F80C6C7E
:10D5E00049F10009A2FB066819EB060953F80C6C17
:10D5F00048F1000816EB090643F80C6C54F8086C67
:10D6000048F10008A2FB066918EB060853F8086CFD
:10D6100049F1000916EB080643F8086C54F8046C4D
:10D6200049F10009A2FB066819EB060953F8046CDE
:10D6300048F1000816EB090648F1000843F8046CAD
:10D6400064E755F8044BDCF80070A2FB044618EBC5
:10D65000040846F1000417EB08074CF8047B44F17A
:10D66000000863E7036813EB080340F8043B2CBF92
:10D670004FF001084FF000085CE72DE9F04F002360
:10D680008BB0154688424FF00102CDE90423CDE965
:10D690000632CDE9083307460E4605D104A8FFF748
:10D6A00020FC044670BB04AEAF4206D1394607A841
:10D6B000FFF717FC044628BB07ADD6F80480B8F185
:10D6C000000F29D14FF0010BD5F80490B9F1000FEC
:10D6D0002ED14FF0010B08EB09013846FFF7C0FBD4
:10D6E000044678B901463846FFF72DFC044648B990
:10D6F000824608F10101CA4524D1BBF1000F31D0A7
:10D7000001233B6007A8FFF799FB04A8FFF796FBEE
:10D7100020460BB0BDE8F08FB36803EB880353F8E5
:10D72000043C13B908F1FF38C9E74FF0000BCBE711
:10D73000AB6803EB890353F8043C002BCBD109F110
:10D74000FF39C3E7AB68B86853F82A30009300EBA1
:10D750008A00B26803914346FFF7CAFE0AF1010A44
:10D760000399C8E733682A6853433B605C46C9E7BE
:10D770002DE9F3414F680546884616463FB1D8F873
:10D78000083003EB870353F8043C3BB146B9002152
:10D79000284602B0BDE8F041FFF7D5BB013FEDE7F9
:10D7A000791C2846FFF75CFB044670B941462846C1
:10D7B000FFF797FB044640B9013ED5E90110D8F8C0
:10D7C000082000963B46FFF793FE204602B0BDE8D6
:10D7D000F0812DE9F04F2DED028B074699B0894677
:10D7E0001846002108EE903A1646FFF74AFD002839
:10D7F00000F0A381032300240125139318EE901A4F
:10D8000015AB3046CDE90654CDE90845CDE90A44CB
:10D81000CDE90C54CDE90E45CDE910441295149391
:10D82000FFF7BBFCA0422ADA4FB9B9F1000F1ED1B5
:10D830000024204619B0BDEC028BBDE8F08F2146D4
:10D840003846FFF780FB04460028EED006A8FFF715
:10D85000F5FA09A8FFF7F2FA0CA8FFF7EFFA0FA8FC
:10D86000FFF7ECFA0C2115A8D2F7B2FFE1E7314639
:10D870004846FFF736FB04460028E7D1D8E7314693
:10D8800006A8FFF72EFB04460028DFD10DF124087F
:10D8900018EE901A4046FFF724FB04460028D5D125
:10D8A0007168099502310CA80695FFF7D9FA04466C
:10D8B0000028CBD101460CA8FFF745FB0446002801
:10D8C000C4D171680FA80231FFF7CAFA04460028D4
:10D8D000BCD14046FFF764FB00F01F001F2876D044
:10D8E000C0F11F03194606A808EE103AFFF7CBFB5C
:10D8F00004460028AAD118EE101A4046FFF7C3FBD1
:10D9000004460028A2D1DDF81CA00A9DAAEB05035D
:10D910004FEA431B594640460193FFF7B4FB0446C8
:10D92000002893D1019B9B00414606A80193FFF775
:10D9300067FC0028019B4DDA59464046FFF7F3FB90
:10D940000446002882D16B1E01939B00039305F1CE
:10D950008043023B9B0004930AF180430AF1FF38A5
:10D96000013B0AF1804A5D1BAAF1020AAD004FEAB1
:10D970008A0B019B98453CD857B10CA93846FFF754
:10D98000B0FA10BB18EE902A3368126853433B601C
:10D99000B9F1000F3FF45AAF18EE101A06A8FFF7BE
:10D9A000C2FB90B93368069306A94846FFF799FA77
:10D9B0000146002840F0BF804846FFF762FC00287F
:10D9C0007FF444AF0123C9F8003004463EE708EE77
:10D9D000104A98E70E990193CA580132CA5006A915
:10D9E00042460846FFF74BFD019B044600289BD0AA
:10D9F0002CE74FEA8803DDF820A0039A05930B9BE0
:10DA00005AF828109A580E9B914203EB0500029099
:10DA10007AD34FF0FF325A51B8F1010F8ABF0AEBA7
:10DA20000B03002353F8043C1593B8F1000F7ED08C
:10DA30005AF80B301693059B029A5AF80330179345
:10DA4000029B1B68013313600E9A5359013B5351DB
:10DA500000210FA8FFF777FA0028B6D1019B0B9A97
:10DA6000002B66D0049BD158119B19600399525822
:10DA70005A600E9B0FA95A590846FFF779FE0028F5
:10DA8000A3D112A90FA8FFF7BBFB0028DCDC0E9B7B
:10DA900009A95A590FA8FFF76BFE002895D14FEA44
:10DAA000C50A51460FA8FFF7EEFA00288DD106A946
:10DAB00008460FAAFFF7E3FC014600283BD106A861
:10DAC000FFF7DFFB002819DA09A90FA8FFF709FA09
:10DAD00000287FF47AAF51460FA8FFF7D4FA002848
:10DAE0007FF473AF06A90FAA0846FFF7A6FC00282B
:10DAF0007FF46BAF0E9A5359013B535108F1FF3835
:10DB0000043DABF1040B34E75AF80B0052B100238B
:10DB1000FBF726FF4FF0FF3383424FF000038B41AA
:10DB2000024601D24FF0FF32029B1A6074E743466F
:10DB300080E7019998E70C4688E66FF00B0478E6D9
:10DB400070B504460D46104600211646FFF799FBB6
:10DB5000002824DB2A46334621460020FFF739FE01
:10DB6000054638B1284670BD324621462046FFF7AB
:10DB700064FC90B900212046FFF783FB0028F3DB0B
:10DB800031462046FFF73CFB0028EBDB32462146BE
:10DB90002046FFF774FC0028F2D00546E2E76FF05C
:10DBA0000905DFE72DE9F04F002487B005469946C7
:10DBB000104601238A46CDE901341646FFF7F0F9F5
:10DBC000A245074600F1070B59DB51463046FFF7E7
:10DBD00058FBA04253DDBBF1270F4FF001037168E2
:10DBE00005942846CDE903348CBF4FF01E084FF052
:10DBF000FA08FFF75BF90446002836D1716803A8DC
:10DC0000FFF72EF9044680BB514603A8FFF79BF9A6
:10DC1000044650BB4FEADB0A2BF0070BABEB0707C0
:10DC2000109B4A4651462846FFF7D0F80446E0B913
:10DC300039462846FFF777FA0446B0B9B8F101082B
:10DC40001AD001AA03A9284600F0A3FB044660B934
:10DC500002AA3146284600F09CFB044628B9019BE5
:10DC6000002BDDD1029B002BDAD003A8FFF7E6F8EA
:10DC7000204607B0BDE8F08F6FF00D04F5E76FF0B8
:10DC80000304F5E77FB5016F01F00303032B04469E
:10DC90003BD1426E2AB990F86D30023B012B1DD862
:10DCA000C265206E94F9003094F86C50002814BFBF
:10DCB00040200020023A5208034343EAC2036A1E8E
:10DCC0001343237004F10F06E36D3046321AD2B2CB
:10DCD000954206D84BB141F0100121676FF00C005E
:10DCE00011E000F801391B0AF0E703AB00931022A2
:10DCF0002346214604F12000D2F75CF818B1236FC7
:10DD000043F01003236704B070BD0020FBE72DE94A
:10DD1000F04188B01C460023CDE90333CDE905333B
:10DD20000793154603AB1022009380460E4604ABC2
:10DD300081182030D2F73EF8074670B1D8F870301D
:10DD400043F01003C8F8703010210DEB0100D2F73A
:10DD50003FFD384608B0BDE8F0810E99234604AA7D
:10DD6000941901391D4413F8012B14F8010BAB422F
:10DD700082EA000201F8012FF5D1E5E774220021C3
:10DD80000EF0D3BC2DE9F0410446174608460122A7
:10DD900019461E46D1F7C2FF054698B14369102BBC
:10DDA00010D12034204600F061FA29462046D1F7F0
:10DDB000C9FF48B93246394620460123BDE8F04143
:10DDC000D1F7D8BF6FF00C00BDE8F08110B5044664
:10DDD00040B1203000F04AFA20467421BDE81040DE
:10DDE000D2F7F6BC10BD2DE9F0411D46073B062BCE
:10DDF000044616462DD8EFB2C7F10F0300F1100804
:10DE000080F86C3080F86D10102200214046C7F178
:10DE10000E070EF08AFC2A463146277404F11100E1
:10DE20000EF05BFC681C94F86C20002140440EF05E
:10DE30007CFC0123E377E0182A4631460EF04DFCC6
:10DE4000236F43F0010323672046BDE8F041FFF74D
:10DE500019BF6FF00C00BDE8F081022B30B412D076
:10DE6000102B10D813F001050DD1B1F57F4F0AD258
:10DE7000C0E91935036F43F0020330BCC0E9172134
:10DE80000367FFF7FFBE6FF00C0030BC70472DE951
:10DE9000FF47036F0446D8060F46154649D422B9FA
:10DEA0000026304604B0BDE8F08713F0080640D1E4
:10DEB0005907226E39D4AA423BD3217881EA122134
:10DEC0002170617843F004034A406270236704F1D3
:10DED00020080DF10C09A26E931C03F00F01C1F193
:10DEE0001003AB4228BF2B464FF0000C5FFA8CF0BA
:10DEF00083420CF1010C1FD81A44ED1A1F440B4445
:10DF0000102BA26602D0236E9A421FD1CDF800904A
:10DF10002346102221464046D1F74CFFB0B1236F73
:10DF200043F0100323670646BBE7A36E2B449342DE
:10DF3000CDD96FF00C06B4E701EB000E385C14F895
:10DF40000EA080EA0A0004F80E00CFE7002DC2D12F
:10DF5000A26E236E9A42A3D1236FA56643F00803F5
:10DF600023679EE72DE9F04F9946036FDB068BB0E0
:10DF700004468846164600F1B480436E2BB1836E8A
:10DF80001344C26D934200F2AC80149B9E4200F297
:10DF9000A880159B04F1200B1E600EB9334683E068
:10DFA000A36E94F86D2003F00F07C7F11005B5427A
:10DFB00028BF354602F0FD022B44012AA36666D035
:10DFC00094F86D3013F0FD0F2BD10DF1180A434674
:10DFD000CDF800A02A4639462046FFF798FE0346B2
:10DFE000002861D1C2B2954200F1010066D82A46EC
:10DFF000514648460EF071FB10215046D2F7E8FB1F
:10E000007B19102B03D0A26EE36D9A4265D105AB4C
:10E0100000931022234621465846D1F7CBFE0346F3
:10E0200080BB2F44102F54D104F11F0194F86C00D1
:10E030000A468B1ADBB298424FD913780133DBB210
:10E0400002F80139002BF4D047E0B81818F8022084
:10E0500014F800C082EA0C022254CAB2954201F1BF
:10E060000101F2D87A19102A02D0E26D934210D140
:10E0700005AB00931022234621465846D1F79AFE5D
:10E08000034630B1226F42F0100222670CE00021FB
:10E09000E3E74346CDF800902A4639462046FFF78D
:10E0A00036FE034600288BD0102106A80393D2F732
:10E0B0008FFB039B18460BB0BDE8F08F02F12803DD
:10E0C000B9180DEB030212F8103C625C5340635424
:10E0D00088E7A26EE36D9A42A6D0761BA844A944B5
:10E0E0005BE76FF00C03E5E7036FF7B51746DA0659
:10E0F00004460E4631D4026E0AB11B0718D5E36DF3
:10E100009BB994F86C20C2F12000002120440EF04D
:10E110000CFB00942346102200212046FFF7F7FD58
:10E12000054640B1284603B0F0BDA26E9342E8D048
:10E130006FF00C05F6E726B13A46214630460EF060
:10E14000CCFA00212167102220460EF0EEFA1022B0
:10E150000021A0180EF0E9FAE4E76FF06D05E1E7A1
:10E16000F0B585B015461A460A9B0C9F109E0446D2
:10E17000FFF739FED8B933462A4639462046FFF71D
:10E180006CFEA0B90B993A462046FFF780FE70B9A5
:10E1900003ABCDE900530D990E9B2A462046FFF7AD
:10E1A000E1FE20B90F9932462046FFF79DFF05B0EA
:10E1B000F0BDF0B58DB008AF169D189E0696CDE95E
:10E1C0000457159F0397149F0297139F0197129F5F
:10E1D00000971446FFF7C4FF60B90246D3B29E42CF
:10E1E00002F1010208D828B128462146D2F7F0FAF8
:10E1F0006FF00E000DB0F0BD03F13001179F6944C0
:10E20000FB5C11F8101C4B401843E7E710B588B0D1
:10E210000F9C06940E9C05940D9C04940C9C0394F6
:10E220000B9C02940A9CCDE9003413460A46012156
:10E23000FFF796FF08B010BD10B588B00F9C06948C
:10E240000E9C05940D9C04940C9C03940B9C0294CE
:10E250000A9CCDE9003413460A460021FFF7A9FFC6
:10E2600008B010BD3C2200210EF05FBA10B5044684
:10E2700098B1806B28B14C21D2F7AAFAA06BFEF7B7
:10E2800086FD606B18B123689B695B6998472046DF
:10E290003C21BDE81040D2F79BBA10BD10B5044632
:10E2A000FFF794FD2046BDE81040FEF770BD10B5A5
:10E2B00074210120FEF749FD044608B1FFF75EFD19
:10E2C000204610BD13460A460221FFF75BBD10B57C
:10E2D0000446FDF759FF2046BDE81040FEF757BD44
:10E2E00010B524210120FEF730FD044608B1FDF7EA
:10E2F00047FF204610BDFDF76BBFFDF74BBFFDF795
:10E30000ADBF431A4840594008405840C00F7047BD
:10E31000F0B504395F420025013B854200D1F0BDD4
:10E3200052F8256051F8044F3E401C4034430C60C5
:10E330000135F2E72DE9F8430F4649680546914655
:10E34000FEF78EFD8046C8B92C687868BA68A9685F
:10E35000631C3C6801345C4004EA49045C40C9F138
:10E360000006013C4B4646EA09062C60FFF7D0FF49
:10E37000F6177B686868F643984202D84046BDE8C5
:10E38000F883A96851F82320324041F82320013353
:10E39000F2E72DE9F74F88464168D8F804309942F2
:10E3A000064636D10368D8F80010C3F340094B4045
:10E3B000C3F3400409EA530313604768C9F101033A
:10E3C000013F03D2002003B0BDE8F08FD8F8081059
:10E3D000019351F827B0B16851F827A0584651462B
:10E3E000FFF78FFFC4F10105116805EA0905054033
:10E3F00004430D4350465946FFF783FF019BC4F188
:10E40000010C03EA000101EA0C010D43156004430D
:10E41000D6E76FF00300D6E72DE9F04F502ABFB0E2
:10E4200006468846154600F2B18022AF70220021D0
:10E4300038460EF07AF90DA8FDF7A2FE002430232D
:10E440002A46414628A88DF89F308DF898408DF8CF
:10E4500099408DF89A408DF89B500EF03EF905F1E9
:10E46000F8036B44802203F8582C05AB984603F858
:10E47000014B0134202CFAD14FF4807241460DA893
:10E48000FDF788FE0446002864D119358146102224
:10E49000002101A80EF049F9AB46BA4601AA0AF1DB
:10E4A000FF330AF10F00117813F8014F61409842D1
:10E4B00002F8011BF7D101ABBBF1100F1A464FF068
:10E4C00001010DA894BFABEB0B0BABF1100BFDF7EB
:10E4D000C5FE0AF1100A044600283BD1BBF1000F2B
:10E4E000DCD116AB01AC09EB0302234603CB434559
:10E4F000106051601C4602F10802F6D19DF88B3085
:10E5000009F110090133B9F1300F8DF88B30BED10C
:10E510004FF4807216A90DA8FDF73CFE0446C8B959
:10E5200006F1300935461EAB1A4601210DA8FDF74C
:10E5300095FE044670B90DF1780C2A46634603CB6C
:10E54000BB42106051609C4602F10802F6D11035C2
:10E55000A945E8D10DA8FDF717FE70213846D2F77E
:10E5600037F9302116A8D2F733F920214046D2F7E7
:10E570002FF9102101A8D2F72BF91CB13021304618
:10E58000D2F726F920463FB0BDE8F08F6FF0370490
:10E59000F8E72DE9F0438DB004460E463022002105
:10E5A00068460EF0C2F8002704F12009E8460DEB9A
:10E5B000070304F10F010A780132D2B2084601F8CC
:10E5C00001290AB9A042F6D1224601214846FDF7A9
:10E5D00045FE054600BB1037302FE7D1731E2F369E
:10E5E00098F8002013F8011F4A40B34208F8012BA5
:10E5F000F6D14FF4807269464846FDF7CBFD0546DB
:10E6000050B908AA0CAE134603CBB3422060616038
:10E610001A4604F10804F6D168463021D2F7D8F83A
:10E6200028460DB0BDE8F0832DE9F0418469502CF7
:10E6300094B00546884617461E4643D8C4F1500399
:10E64000B3423FD3C6F150031B1B93423AD350222F
:10E65000002168460EF069F86B6CA86C224669468A
:10E66000984728B16FF03304204614B0BDE8F0811C
:10E67000AC6946B16B6CA86C32460DEB040198474F
:10E680000028EFD13444B8F1000F07D037B10DEBBB
:10E6900004003A4641460EF020F83C4422466946C2
:10E6A0006846FFF7B9FE044638B969462846FFF7C1
:10E6B00070FF044608B901232B6150216846D2F748
:10E6C00087F8D1E76FF03704CEE710B54C22044647
:10E6D00000210EF02AF84FF0FF33236142F210734D
:10E6E000E36110BD10B5044660B12030FDF74CFD6C
:10E6F0004C212046D2F76CF842F21073E3614FF0E0
:10E70000FF33236110BD0023FFF78EBF2DE9F041D9
:10E710004FF020088AB005460F46144600214246B5
:10E7200002A81E460EF001F805EB08000190FDF767
:10E7300027FDAB690198C5E911740BB9C5F81880BC
:10E740002C69002C05DAAC692F2C9ABF01346408BF
:10E7500000244FF4807202A9FDF71CFD28B9109A1D
:10E76000234631462846FFF75FFF0AB0BDE8F08137
:10E770002DE9F04190B0B2F5806FDDF85880054684
:10E780000F4616461C465ED8B8F5807F5ED830220C
:10E79000002104A80DF0C9FF2A69EB699A4201DC47
:10E7A0006B699BB1214642462846FFF7ACFF044601
:10E7B00028BB05F1200836BB04A92846FFF7E9FE6F
:10E7C0000446A0B92B6901332B6110E0B8F1000FAA
:10E7D000EFD02146424604A8FFF71EFE044630B99A
:10E7E00004A92846FFF7D5FE04460028E1D03021D1
:10E7F00004A8D1F7EDFF10216846D1F7E9FF2046C4
:10E8000010B0BDE8F08105F10F0213780133DBB2DF
:10E81000114602F801390BB9A942F6D16B462A46D6
:10E8200001214046FDF71AFD04460028DFD1102ED5
:10E83000344628BF10243846224669460DF04DFF65
:10E840002744361BB7E76FF03504D8E76FF037047D
:10E85000D5E707B500230093FFF78AFF03B05DF803
:10E8600004FB2DE9FF41DDF828801D46164643468E
:10E870002A4604460F46D1F70DFE48B9CDE901807E
:10E88000009504F128033A4631462046D1F7F6FDBB
:10E8900004B0BDE8F081F0B50D4685B004460C35F6
:10E8A00001A81646FEF7C4FA00212846FEF7E9FC47
:10E8B000211D07462A4601A8FEF7E1FD044648B996
:10E8C000002F0CBF002206F0010201A92846FFF725
:10E8D00031FD044601A8FEF7B1FA204605B0F0BDAF
:10E8E00070B50C460546114620461A46FEF7A5FDB2
:10E8F000064630B9043529462046FEF781FC00283B
:10E9000001DA304670BD2A4621462046FEF726FD34
:10E910000028F0D00646F4E710B50446FEF78EFA5C
:10E9200004F10C00FEF78AFA04F11800BDE810406B
:10E93000FEF784BA2DE9F74313F07E0F17460C4615
:10E940000CBF012200220646394620461D46C3F36D
:10E9500045080192FFF7EEFC40BB04F10C09019A57
:10E9600007F10C014846FFF7E5FCF8B908F1FF3361
:10E970005A425A4107F1240120460192FFF7DAFC7E
:10E98000A0B9019A07F130014846FFF7D3FC68B9F6
:10E99000EA0921463046FFF77EFF38B9012104F12C
:10E9A000180003B0BDE8F043FEF7CDBA03B0BDE8F0
:10E9B000F0830968D1F76CBA036B2BB1C36B002BE2
:10E9C0000CBF0220012070471846704710B504465E
:10E9D000FEF72EFA04F10C00FEF72AFA04F11800F3
:10E9E000BDE81040FEF724BA38B50025044600F80B
:10E9F000045BFEF71DFA04F11000FEF719FA04F1AA
:10EA00001C00FEF715FA04F12800FFF7DFFF04F100
:10EA10004C00FEF70DFAC4E91655C4E91855C4E9CF
:10EA20001A55C4E91C55A56738BD08B1FFF774BF76
:10EA3000704770B5044660B3036E012B12D00430EA
:10EA4000FEF7FCF904F11000FEF7F8F904F11C00E0
:10EA5000FEF7F4F904F12800FFF7E7FF04F14C009A
:10EA6000FEF7ECF9636F8BB920467C21BDE870405E
:10EA7000D1F7AEBE06FB0500FFF7D7FF0135D4E99D
:10EA80001D03AB42F6D8FEF782F9EDE700252426F8
:10EA9000F5E770BD38B504460D46FEF722FA70B9A9
:10EAA00005F10C0104F10C00FEF71BFA38B905F171
:10EAB000180104F11800BDE83840FEF712BA38BD5D
:10EAC00008B500211830FEF7DCFBB0FA80F04009F1
:10EAD00008BD2DE9F041202B8AB080460E4617462E
:10EAE0001D4609D9002302AA2946384600F036F906
:10EAF000044600BB02AF20258DF8046046468DF821
:10EB0000055056F8041B81B10123C8F800300222D9
:10EB100001A93046CEF7DCFE044660B92A463946E4
:10EB20003046CEF7D5FE044605E03046CEF7BEFEB1
:10EB300004460028E8D002A82021D1F749FE20464B
:10EB40000AB0BDE8F0812DE9F0430026A3B00746E6
:10EB50000546B0466FF03B04B1463B6F98450BDB72
:10EB6000002E08BF6FF03C0402A88021D1F730FED0
:10EB7000204623B0BDE8F083D5F884306C6FA86FD1
:10EB8000CDF80490012B4FF0800201AB02A908BF21
:10EB90000126A04704460028E6D1019B5BB102AAEA
:10EBA0005FFA88F13846FFF794FF0028E1D1EB6F58
:10EBB000019A1344EB6708F101081435CDE70368A7
:10EBC000013310B504460CD00430FDF739FC0023A6
:10EBD0002367282104F17400D1F7FAFD4FF0FF33C9
:10EBE000236010BD30B5056F012D0DDC142404FB2E
:10EBF00005040135C4F88030039BC4F88430C4E9AF
:10EC00001D120567002030BD6FF03D00FBE72DE9C8
:10EC1000F041202A88B080460F4616466FD84FF440
:10EC20008175013D65D0D8F87030002B64D0404626
:10EC3000FFF789FF0446002840D1D8F870E002466B
:10EC400043460120A64541DC0028EAD01F2AE8D926
:10EC500020220021684608F104050DF066FD694692
:10EC60002846CEF73FFE044640BB2846FDF7E8FBAA
:10EC70002846FDF7E3FB21462846CEF717FE04465B
:10EC8000E0B9202269462846CEF722FE0446A8B9FC
:10EC900003466A462021684600F060F8044668B9D9
:10ECA000D8F870200346142108F17C0025469A42CA
:10ECB00019DC3246694638460DF00FFD20216846C2
:10ECC000D1F786FD204608B0BDE8F081D3E91FC129
:10ECD0008C4538BF0020D3F88410012908BF624456
:10ECE00001341433AEE701FB03FC013340F80C5050
:10ECF000DDE76FF03B04E1E76FF03F04DEE76FF024
:10ED00003B04DFE70023036043608360704710B576
:10ED1000044610B3036803B3406858B11B79032B52
:10ED200018D0042B16D0022B01D1FDF78DFB6068A3
:10ED3000FEF72DF8A06838B1236899794900D1F71A
:10ED400047FDA068FEF723F820460C21BDE81040DF
:10ED5000D1F73EBDFDF774FBE9E710BDF0B59FB0FC
:10ED6000064603A80F4615460193FDF767FB019978
:10ED700003A8CEF79BFD044658B93A46314603A88E
:10ED8000CEF7A6FD044620B9294603A8CEF7AAFD72
:10ED9000044603A8FDF754FB20461FB0F0BD08B59C
:10EDA000202004F06BFF003818BF012008BD08B513
:10EDB000FFF7F5FF20B1BDE80840202004F066BF52
:10EDC00008BD73B506460D461446A2B104F053FFC4
:10EDD000A84212D8304604F063FF0146019070B19A
:10EDE00000232A46204603F0F3FA01A803F0FAFABA
:10EDF000002002B070BD2220FBE72120F9E72D2082
:10EE0000F7E708B5D9F7FCF808B1012008BD00F014
:10EE10005FF8D9F7FDF80028F7D1DBF715FB0038CC
:10EE200018BF0120F2E708B5D1F796FE002814BFFD
:10EE30000120042008BDD1F79DBE0020704730B5E9
:10EE4000044687B00846154602F050F91422002106
:10EE500001A80DF06AFCA3680293E3680393E38BB7
:10EE6000ADF81030238CADF81230ADF80450FFF738
:10EE7000E4FF029B8DF8140043F41053029304F056
:10EE800066FE18B1029B43F00403029301A8D5F774
:10EE90000DFB10F0FF0516D1A38CADF800300DF17D
:10EEA0000201E38CADF80230684604F034FDD1F77E
:10EEB000FBFE02F019F901210CF0A0FEDAF7ACFB21
:10EEC000284607B030BD40F20C40FAE7D1F7FCBE4F
:10EED000FDF7E6BED0F794BC50E8003F0B4340E896
:10EEE0000032002AF8D17047C94350E8003F0B4078
:10EEF00040E80032002AF8D17047CB6918477047C4
:10EF000070470020704770474FF0000070470020A6
:10EF100070477047704700207047002070470020FE
:10EF20007047002070470020704700207047002085
:10EF300070477047002070477047704770477047B0
:10EF400070470020704700207047704711207047BD
:10EF5000002070474FF0FF30704700207047704727
:10EF60000020704700207047002070474FF0FF30AE
:10EF70007047112070470020704701207047002023
:10EF8000704700207047002070470020704770478E
:10EF900001F00CBD38B50446FCF7A2FBD4E90C1215
:10EFA00005462046D1F7E6FEA28CE0600346E08CE1
:10EFB000801A40F2712202FB003303F59C530833A0
:10EFC00023612846BDE83840FCF790BB08B52030E7
:10EFD000FFF782FFBDE808404FF08050D1F70CBE2C
:10EFE00037B5044608300191D4F77EFE20460199DA
:10EFF000D7F740FF206C0025E56110B1D3F77AFC0C
:10F00000256404F1500003B0BDE8304003F0EAB9D4
:10F0100070B504460E4619B390F828208AB190F8CE
:10F0200029300133DBB29A4280F8293009D101211D
:10F03000FFF7D6FF4FF080712046BDE87040FFF724
:10F04000C5BF236ADA030BD5E36A62689B1A002BFB
:10F0500006DA01212046FFF7C3FF4FF08061EBE79E
:10F06000236A1B0427D402F0F7FF1123B0FBF3F34C
:10F0700003EB0313C01A94F95D3085B213FA80F0E4
:10F08000102888BFC5F110056DB2083B2B4484F8E9
:10F090005D3001212046D7F7EDFE76B1A38C1D44EB
:10F0A000636840F2712202FB053363602046BDE8CD
:10F0B0007040D7F791BE0025EBE703F009F86368CD
:10F0C000181A0028EADBF1E72DE9F04704460F465D
:10F0D000E169DDF828A09DF830809DF838C09DF8E2
:10F0E00040009DF8489016461D469DF84C209DF81E
:10F0F0005030002940F0D880E90600F1C18005F0C9
:10F100000301032908BF05F0FD0505F0F705A90671
:10F11000BDF83410A4F85E1002F0FD0148BF05F000
:10F12000FC05012900F0AF80022A08BF042247F63F
:10F13000FF711CF0020F84F86220A4F8781040F0F0
:10F14000A4801CF0040F00F0A28002F0FD02012A4E
:10F150000CBF0422032294F87F1062F3030103F032
:10F16000FD02012A84F87F1000F09380022B08BF73
:10F17000042347F6FF72A4F88820820784F86330DE
:10F1800000F18980400740F1888003F0FD03012BE6
:10F190000CBF0421032194F88F30606E61F30303E8
:10F1A00084F88F30FFF7D1FE216B00222046D1F783
:10F1B000E1FD40F271237343984277D804F12000B7
:10F1C00049F6FF71FFF790FEFF2384F84730B9F14D
:10F1D000000F03D0236A43F480532362290705D527
:10F1E000236A062643F4841323623746236A6A0798
:10F1F00023F4C04323620CD418F0010F1CBF43F466
:10F200000053236218F0020F1EBF236A43F48043A9
:10F210002362236AA4F844502B43236204F157036A
:10F22000BAF1000F3BD0DAF80020C4F85720BAF842
:10F2300004209A809DF82430012B03D14FF4806183
:10F24000FFF74AFE236A9DF8202023F4407343EA27
:10F250000223236202F000FF9DF84430A784C0F32C
:10F260000B0040EA03309DF82C30A4F86C00E684D3
:10F27000204684F82A30FFF78DFE0020BDE8F08795
:10F280000120844643E7032251E7022263E701227B
:10F2900061E703236DE702217DE701217BE7C4F8E5
:10F2A00057A0A3F804A0CDE70C20E7E74520E5E749
:10F2B0002DE9F743894617460193044630B901A862
:10F2C00003F090F8422003B0BDE8F083012920D07C
:10F2D000022910D089B9C369C3B900F130054FF4D0
:10F2E0000036236AD9061ED55A0726D501A803F091
:10F2F00079F80020E7E7406E20B901A803F072F822
:10F300000C20E0E71946FFF721FEDCE700F13805A5
:10F31000E5E7C36923B900F134054FF48026E0E73F
:10F3200000F13C05F9E79B0707D5B9F1000F04D1BF
:10F3300001A803F057F81220C5E704F12008404661
:10F340003146FFF7D1FDF80702D5284603F04AF809
:10F35000019921B1284603F0F8F9002301932868A8
:10F3600003F0E8F9236AD90605D51F2801DC032F2D
:10F3700016D02846DDE740F27262904204DD28464E
:10F3800003F030F807209EE7B9F1000F08D1BF283D
:10F3900006DD9A0704D0284603F024F8452092E7BA
:10F3A000D4E90E122046D1F7E5FCE3696BB1A38CDA
:10F3B00040F271225343984207D9E38C8342EAD347
:10F3C00000F51C70B0FBF2F0A084FCF789F9E3694A
:10F3D00005467BB1BB070DD531464046FFF77CFDA6
:10F3E0006368C3F57A7602F073FEF04202D52046D8
:10F3F000D7F75CFE2846FCF779F97AE708B548B1FB
:10F4000011F0010108D020304FF40011FFF764FD26
:10F41000002008BD4220FCE70846FAE708B548B1DD
:10F4200011F0010108D020304FF40011FFF75CFD0E
:10F43000002008BD4220FCE70846FAE7D1F744BFA8
:10F4400038B5C36904460D463BB1036A13F00103A6
:10F4500010D190F84620FE2A0ED004F120004FF47F
:10F460008001FFF739FD2B68A364AB88A4F84C300A
:10F47000012038BD0020FCE71846FAE7036A10B502
:10F48000044613F4602025D09A0307D504F1300018
:10F4900002F0A8FFA36B23630023A363236A5B032B
:10F4A00007D504F1340002F09DFFE36B6363002392
:10F4B000E3634FF4602104F12000FFF715FD2046BF
:10F4C000FFF768FDB4F86C305A1C62F30B03A4F824
:10F4D0006C30012010BD08B50020D1F7ADFCBDE8AF
:10F4E000084001F063BA10B50446503003F02DF91E
:10F4F00020464FF00071BDE81040FFF767BD07B52B
:10F500000191D8F743F80198012103B05DF804EBAD
:10F51000FFF766BD10B5044609B1012010BD406E6D
:10F5200080B9A06E98B9B4F844309B07F5D1204655
:10F53000D2F726F8FFF7F5FC0028EFD0C079C0F32A
:10F540004010EBE7FFF7FFFC0028EAD0E5E7FFF704
:10F55000EEFC0028E7D0E0E710B50446FFF7DAFF3D
:10F56000236A00280CBF00201820990658BF40F0DD
:10F5700001005A0648BF40F040005B0748BF40F01A
:10F58000020010BD10B50C460021FFF7C3FF30B9D3
:10F59000E3064CBF04F0180004F05B0010BD182017
:10F5A000FCE72DE9F04706468A4611469046994603
:10F5B000FFF7D2FF96F88F5005F00F05042D074690
:10F5C00004D196F86330032B18BF032596F87F40CB
:10F5D00004F00F03042B03D196F86230032B28D1DB
:10F5E00004F00F0439463046FFF7CCFF0021D2F774
:10F5F0000DFBC11C2046D5F751FE0AF1FF341FFA5E
:10F6000080FCA6F854004FF4FA704443FB060AFB52
:10F610000C440BD5B6F8443003F00303012B04F57A
:10F62000487A08D0022B1FD09BB154462046BDE833
:10F63000F0870324D6E724212846D5F72FFE102192
:10F6400006462846D5F72AFE04F58A618C1900EB98
:10F65000040A404603F06EF829460246384600F098
:10F6600073F90AEB0004E1E70E212846D5F716FEF0
:10F670000646484603F05EF829460246384600F042
:10F6800063F904F58A6434440444CFE710B50C46AA
:10F6900006281DD8DFE800F00409111C1C17110012
:10F6A000BDE810400846D2F77BB9D7F7F9FC844291
:10F6B0000ED1BDE81040D7F769BF20460021BDE854
:10F6C0001040D1F787BFBDE810400846D2F73CB9DB
:10F6D00010BD03280B4603D101211846D1F77ABF8C
:10F6E000FFF7D4BF032802D10846D2F72DB9FFF7A0
:10F6F000CDBF042810B50C4609D005280DD003282D
:10F7000011D1BDE81040497E0120D8F7C7B808469E
:10F71000D2F7B2F958B1D7F739FF20460121BDE839
:10F720001040D1F757BFBDE81040FFF7AFBF10BD85
:10F7300070B50446FBF7D4FF002106462046D1F7FA
:10F7400057FB054628B900243046FBF7CFFF20467B
:10F7500070BD406E20B1FFF7F6FB04460028F3D1E0
:10F76000A86E0028EFD0FFF7E2FB0446ECE708B5EF
:10F7700001F01CF9BDE808404FF480500021D4F797
:10F7800089BE83790C330344987810F03F0004D08D
:10F79000DB78194214BF01200020704773B58DF843
:10F7A000071081794FF440750C31C5800025455212
:10F7B000455C4418072666F30305455402F0010131
:10F7C0009207A27848BF41F0020161F38712A2704C
:10F7D0009DF8072002B95BB101220DF1070102F08B
:10F7E000E4FDA378012262F30503A37002B070BDAB
:10F7F000A27863F30502A270F8E770B50C46022107
:10F800000246FFF7BEFF00B3957905F10C00111811
:10F81000135C6FF3C7131354D379D4F857605B1B91
:10F82000DDB251FA83F34E51B4F85B109980236A2C
:10F8300013F4406F1EBF135C43F080031354BDE804
:10F8400070400621104602F0A5BD70BD38B50D46CA
:10F8500004210446FFF795FF30B1A91D204601227F
:10F86000BDE8384002F0A1BD38BDF7B504460F46EB
:10F8700016461D460DF10701013301228DF80730B0
:10F8800002F06DFF0DF10701012220468DF807708F
:10F8900002F065FF2A463146204603B0BDE8F0403D
:10F8A00002F05DBF13B50A4604210446FFF769FF65
:10F8B00078B140F2FF23ADF8003000238DF802301C
:10F8C0009388ADF803306A460523FF212046FFF7F1
:10F8D000CCFF02B010BD38B50D4608210446FFF735
:10F8E00050FF38B105F16C0120460222BDE83840D6
:10F8F00002F05BBD38BD2021FFF743BF13B50A46B8
:10F9000040210446FFF73DFF50B10A21204692FBFB
:10F91000F1F20DF107018DF80720012202F045FDFB
:10F9200002B010BD10B58479C37904F10C02024411
:10F930001B1B0239D8B251FA83F353709378033802
:10F9400060F30503937010BD70B505460E4600F0D8
:10F950006B0000211446D2F759F954FA80F4FF2CB9
:10F9600005D821463046BDE87040D5F797BCFF2149
:10F970003046D5F793FC05F04005FC3D00F5487096
:10F9800061190446FF2904EB000302D929441C46EF
:10F99000F8E73046D5F782FC204470BD08B5023147
:10F9A000C0B2D5F77BFC00F5FA7008BD70B5049CB9
:10F9B000002512F01002E57102D1A271104670BD4F
:10F9C0000122A2718D786E09F040C20720D54A78D5
:10F9D00005F01F0542EA052591F90020002AB4BF71
:10F9E0004FF496721E226A4398180B7820602521E6
:10F9F00003F03F03B2F5FA7FB3FBF1F501FB1533DA
:10FA0000237106F1010134BF022301236171E37107
:10FA10000320D4E7036A37B503F4007403F4001538
:10FA2000DB0506D47CB90846D4F75AFC204603B05F
:10FA300030BD44B9826C0A60B0F84C208A80B5FAB7
:10FA400085F46409F2E7019190F9473000930023AF
:10FA50001A4619461846B5FA85F4FFF78AFA64097A
:10FA6000E4E738B50A4601210446FFF78AFEA0B153
:10FA7000A079E37900F10C051B1A611951FA83F1A1
:10FA80001046FFF7C7FF635D60F38613635520469A
:10FA90000621BDE8384002F07DBC38BD10B5418973
:10FAA0008389C2890446084601F027FBE8B1E27960
:10FAB000531E072B1AD86389934217D922899A4279
:10FAC00014D8237C4BB9637C3BB9A37C2BB9E37C72
:10FAD0001BB9237D13F0F0030AD0607D1B3000F0CA
:10FAE0001F000B288CBF0020012010BD0020FCE768
:10FAF0001846FAE708B5D7F749FDBDE808400020E9
:10FB0000D7F7B6BF2DE9F04F90F8068085B008F121
:10FB10000C0800EB08079A469DF838309DF83C40E9
:10FB20001646032205468B4607F10309FA70381D75
:10FB300083B994B9D4F7D4FB07F10A03BBF1000FE2
:10FB40000DD16EB9DAF80020C7F80A20BAF80420FF
:10FB50009A8012E00CB9D4F707FC0124ECE776B3E5
:10FB60000393FFF7F7F9039B0021CDE9000301237D
:10FB70001A460846FFF7FDF9012607F11001A1EB2F
:10FB8000090101F03F02531C7B7015F80830A401F5
:10FB900003F00F0344EAC6141C43114605F808405D
:10FBA0000331BA70284602F0F5FB15F80830082238
:10FBB00062F3030305F8083005B0BDE8F08F0126B5
:10FBC000C0E770477047024619460020D8F760B872
:10FBD000002070470020704707B500214FF0FF3329
:10FBE0006A46084600938DF80430D2F70BFB03B049
:10FBF0005DF804FB38B50546006802F081FA04465A
:10FC0000287900F01F0002F07BFA2044C0B20128DE
:10FC100094BF0020012038BD50E8003F0B4340E86E
:10FC20000032002AF8D17047C94350E8003F0B402A
:10FC300040E80032002AF8D1704738B505460C4636
:10FC4000FFF7C8FF20B149F640439C4228BF1C463D
:10FC5000EB68A3420AD2B5F87E2040F271214A43F4
:10FC6000934238BF1346A34228BF23462B6138BDB9
:10FC7000034640309A6A920404D5D3F82C21998F18
:10FC8000D2F718BB93F86B10D2F70ABB002070476D
:10FC90007047002070470020704701207047C8203F
:10FCA0007047002070470020704770477047112050
:10FCB00070477047704700207047704700207047BA
:10FCC0007047012070477047704790F889305A1C80
:10FCD00002F00F02062A94BF62F303036FF30303DB
:10FCE00010B580F8893090F8893003F00F03034491
:10FCF000044683F8821090F889306F2B4FEA131274
:10FD00009EBF013262F3071380F88930FFF7DCFFF2
:10FD100094F83B11204601F00F01FFF7C7FF10BD1B
:10FD2000704770477047002070470020704710B13F
:10FD300001F1B400704701F1D8007047FC30704702
:10FD4000806A70472830FFF767BFC06A70472C3061
:10FD5000FFF762BF2C30FFF767BF00F59E7070475A
:10FD600008B50B79DB0702D4FFF7DAFF08BDBDE861
:10FD7000084091F90510FFF7A8BF02290346808FBC
:10FD800011D0032909D0012906D11A8F5B6B12010A
:10FD9000B2FBF3F3184480B270475A6B4FF47A43C6
:10FDA000B3FBF2F3F6E75B8F073000EB4300F2E7BB
:10FDB000836A590505D4D0F8A43013B15B799A074A
:10FDC00008D4D0F8A80000B9704743799B0701D444
:10FDD0000068F8E70120704780F87310704770B52D
:10FDE000856A15F00805044617D0836FB0F8805077
:10FDF0005D43436F05F1800203EB4203B0F87C20C2
:10FE0000436740F271214A431B0AB2F5487FACBFF9
:10FE10009B1803F548732D0AC360616B40F271268D
:10FE2000013971432046FFF708FF20460121D7F72B
:10FE300021F8636BB4F880205A43636806FB0233F1
:10FE40005D1B65602046BDE87040D6F7C5BFB0F8C1
:10FE5000343110B5A0F838310446D2F7E1FAC0B217
:10FE6000FFF71DFF94F83B3194F83A2103F00F039C
:10FE700004F14001FFF7A7FED5F756FAB4F9342193
:10FE8000824205D0A4F83401D7F7F8FDA4F8360172
:10FE9000B4F93821B4F934319A4209D0A36A9B03EA
:10FEA00006D520464FF40041BDE81040D2F7CEBA47
:10FEB00010BDFFF7CCBF836A0A4600F14001C3F3CF
:10FEC0004030D2F79FB9A0F87E2040F27122A0F80E
:10FED0007C105143B1F5487FB8BF4FF44871C16001
:10FEE0000169FFF7AABE70B505460E46144692B9E1
:10FEF00028354FF4C0212846FFF796FE1EB14FF477
:10FF00000031FFF789FE5CB14FF480212846FFF7EE
:10FF100083FE002404E0FFF7CEFE0028E8D1112480
:10FF2000204670BD2DE9FF41836A9B0304462DD511
:10FF3000B0F93471B0F938610020D7F79FFE8742DD
:10FF4000CCBF4FF000084FF00108FFF741FE94F8D6
:10FF50003B11C82201F00F01D7F79AFE0546204653
:10FF6000D2F75EFAAF42ACBF0225002594F83B11F0
:10FF7000BE1B36B245EA08050023CDE9007502969E
:10FF80001A4601F00F0180B200F0C2FC04B0BDE8D7
:10FF9000F081FFF7C7BF8A307047F7B504460E46B9
:10FFA00021B91B2380F8963003B0F0BD416B40F2BD
:10FFB00071235943A1F28A21490830460191D5F7AE
:10FFC0007DF9851F94F892000199ADB28542A8BFD2
:10FFD00005463046D5F772F9831F94F893009BB21B
:10FFE0008342A6F10302A8BF0346012AB4F88C009D
:10FFF000B4F88A202CD8B2F5296F44F29027B8BF04
:020000024000BC
:100000004FF42962BA421146A8BF3946B0F5296FAC
:100010000246B8BF4FF42962BA42A8BF3A461B2D28
:10002000B8BF1B251B2BB8BF1B2384F89450A4F822
:100030008E1084F89530A4F890203046D5F73EF91C
:10004000063880B28542A8BF054684F89650ABE7D3
:10005000B2F5A47FB8BF4FF4A472B0F5A47F1146E7
:100060000246B8BF4FF4A472D9E770B54900466B99
:1000700089B28E4204461FBF4068616340F2712519
:1000800005FB060018BF05FB1100618F1ABF6060F9
:1000900001250025914218BF6287228F18BF0125D4
:1000A0009A4218BF2387A36A18BF01251B0713D4E0
:1000B000238F94F83B11626B204601F00F011B0166
:1000C000B3FBF2F3A4F8A030FFF767FF204604214A
:1000D000BDE87040D2F7BAB9616B04F1340001F0A9
:1000E00007F8A067002DE3D170BDF0B585B00446D8
:1000F0000E4600F18A036A4600F1920718685968B3
:10010000154603C50833BB422A46F7D11868286054
:100110009B88AB8031462046FFF73FFF9DF80B20C0
:1001200094F895309A4211D1BDF80620B4F8903079
:100130009A420BD19DF80A2094F894309A4205D146
:10014000BDF80420B4F88E309A4207D04FF48141B4
:10015000204605B0BDE8F040D2F778B905B0F0BD53
:1001600037B50446BDF8180094F892508D420BD173
:10017000B4F88A50954207D194F893509D4203D128
:10018000B4F88C5085421DD08DF80610ADF80420CF
:1001900084F8921094F83B11019D84F89330A4F8F0
:1001A0008C00C4F84451A4F88A2001F00F012046C5
:1001B000FFF79BFFB4F88E30A4F88A30B4F8903083
:1001C000A4F88C3003B030BD70B5044616460D4619
:1001D000A1B190F83B3103F00F038B420ED0012206
:1001E000FFF767FD002229462046FFF760FD94F8DF
:1001F0003B3165F3030384F83B31012694F83B114E
:10020000204601F00F01FFF770FF36B120464FF492
:100210008441BDE87040D2F719B970BDF8B51D46EC
:10022000C36A5B0704460F46164610D404212C30DF
:10023000FFF7F2FC84F89E70A4F89A60A4F89C5032
:1002400020464FF40061BDE8F840D2F7FFB8F8BD92
:1002500010B511B190F89E400C7012B1B0F89A1020
:10026000118013B1B0F89C201A80C06AC0F38000DE
:1002700010BD4FF400412830FFF7CEBC00F5A4704C
:10028000704790F83B0100F00F007047B0B504468E
:10029000FBF726FA6568074601F01AFF2D1AB5F537
:1002A000FA7504D53846BDE8B040FBF71FBA636B5A
:1002B00040F271225343A28FB5FBF3F5A9B2521A53
:1002C00094F86B30A28794F86C2001FB123325223E
:1002D00093FBF2F002FB1033002BB8BF9B1884F89D
:1002E0006B30B4F8A0305B1AA4F8A03020460D465D
:1002F0000021D6F7BFFD636B5D43636840F2712256
:1003000002FB153565602046D6F766FDCAE72DE984
:10031000F3474E790446B0074FF0000358BF06F08C
:10032000010608460D46ADF8043054BF01360326D9
:10033000FEF7EAFD074607F01F03002BE36A0BBF39
:100340004FF000084FF001084FF002094FF0030989
:1003500099050CD59DF8043066F3010368F3451345
:100360008DF80430019A2946204600F090F928467D
:1003700002F0E0F949468246284602F0F9F89DF875
:100380000430AA798DF805A066F3010368F34513DC
:100390000C328DF80430BDF80430AB529DF80430B7
:1003A000A9189A066B7948BF8F7043F001036B71EF
:1003B000FBF796F906462046294650F8A88F02F02A
:1003C000C4F994F84A31013384F84A31A36A1B070F
:1003D0000CD5B4F88030012B02D92046FFF756FF28
:1003E000304602B0BDE8F047FBF780B9656801F020
:1003F0006FFE0746D6F754FE8442F1D1ED1BB5F5EA
:100400007A7FEDDDB8F1000F03D0D4F8A430002BD3
:10041000E6D1D3F71FFAE3E708B5022002F015F89A
:1004200010B100F0E2FD012008BD10B54FF440719D
:1004300004462830FFF7F8FB20460021BDE81040B5
:10044000D2F770BC012210B5A1F12003C1F1200444
:1004500022FA04F402FA03F323438A40D0E9084164
:1004600022400B40134314BF0120002010BDC36A7B
:1004700013F0080310B513D00122A1F12003C1F13C
:10048000200422FA04F402FA03F323438A40D0E959
:10049000084122400B40134314BF0120002010BD2F
:1004A0001846FCE710B50C46C9B2FFF7E0FF70B183
:1004B000D4F746F8C4F12002A4F12003E04001FA89
:1004C00002F2104321FA03F3184300F0010010BDBB
:1004D00070B504460E46D4F747F9FBF701F984F8E6
:1004E0007360054602212046D1F7B0FF2046002167
:1004F000D6F7C0FC2846BDE87040FBF7F7B870B5EA
:1005000004460D46FBF7ECF80646D6F7C9FD8442D3
:1005100001D1D3F77FF93046FBF7E8F829462046AA
:10052000BDE87040FFF7D4BF0B68C0F84431704796
:1005300038B5D0F844310B6040F648059BB2AB4269
:100540000C4604D90B21FFF7ADFF08B9258038BD53
:1005500044F290232380FAE708B500F0FBF8D2F7C5
:10056000ABF800F04FFB00F008F8D4F727F8D4F709
:100570005FFDBDE80840D4F7C3BD704770B51546B0
:100580000E461C46FFF7DAFB2B684EB103606B6822
:1005900043602368C0F825302368C0F8153070BD6B
:1005A00083606B68C3602368C0F829302368C0F893
:1005B0001930F4E770B50546FFF7C0FB0446FBF7BA
:1005C0008FF84FF4807106462846FFF7BBFB4FF4C7
:1005D00000612846FFF7BBFB3046FBF787F8002396
:1005E00023612375236284F824302846FFF7A8FB93
:1005F000802310F0080F14BF237584F8243070BDD9
:1006000010B50446FFF711FF20461021BDE8104049
:10061000D1F71CBF10B54FF460610446FFF79AFB99
:100620002046BDE81040FFF700BF7FB506460C46E8
:10063000FFF784FB4FF4C06105463046FFF787FBA8
:100640004FF400613046FFF785FB4FF48060D3F72D
:100650001BFF224678B969462846D2F74BFF6B4606
:1006600005F10F0213F8011B1170AA4202F1FF32CB
:10067000F8D104B070BD6C4602F1100610685168E4
:10068000234603C30832B2421C46F7D1E7E7F0B570
:1006900087B00D46ADF80C20FFF750FB0446284606
:1006A00002F048F8064600B32846D2F7C3FF9DF88B
:1006B0000C3005AF03F02303224631460093019727
:1006C00004F12003FBF734FF2846D2F7C9FF0422C8
:1006D0003946284602F043F8236A0133236223B9DE
:1006E00094F82430013384F8243007B0F0BD30B5DD
:1006F00085B00391ADF80820FFF720FB044603986E
:1007000002F018F8051F002D02DC002005B030BDF6
:100710000398D2F78FFF431901939DF8083003F037
:1007200023030093224604F110032946FBF7F1FE50
:100730000028EAD10398D2F793FF042103A802F01E
:10074000D9F823690133236113B9237D013323755C
:100750000120DBE708B54FF40060D3F795FE40B900
:100760004FF48050D3F790FE40B9BDE80840D9F768
:1007700075BFFFF7D8FA0028F2D008BDFFF7D5FA09
:100780000028F2D0F9E7C94350E8003F0B4040E8A9
:100790000032002AF8D1704741F0004141F4E021D5
:1007A00001607047002070477047704710B5DC1D2E
:1007B000043383734379C47123F0030343F00303C9
:1007C0000E244371012344738371C37301828274C5
:1007D00010BDD31CC3713E2343734379827323F04E
:1007E000030343F00303437101238371C173704713
:1007F0000F234373042383734379A0F8111023F06C
:10080000030343F00303437140F20173C3800123E8
:100810000374C2737047D31CC3714379417323F0CF
:10082000030343F003034371012382738371704711
:1008300008B50023FFF7BAFFBDE80840D3F7B6BA02
:100840002DE9F84380460220894617461E4601F0EE
:10085000FCFDD0B14579A0F810800C234373082328
:10086000837325F0030540F60133C38045F003058B
:100870009DF82030457180F81290A0F81370A0F810
:100880001560C373D3F792FA0120BDE8F88308B569
:10089000022001F0DAFD30B101221121FFF799FFAA
:1008A000D3F784FA012008BDF8B50F461646132188
:1008B00009221D46FFF78DFF837904460C331C4443
:1008C000A170E77026712B68C4F80530AB88A4F8D6
:1008D0000930BDE8F840D3F769BA70B50646022082
:1008E0000D4601F0B2FD044668B114210422FFF761
:1008F00070FF83790C331C44A170A4F80360657108
:10090000D3F754FA012070BD08B5FEF7DFFA08BD31
:100910002DE9F041074602200D4690461E4601F0A3
:1009200094FD0446E0B109222121FFF752FF8379AB
:10093000BDF918200C331C449DF81C3063720A2149
:10094000BDF9203092FBF1F293FBF1F384F80380C0
:10095000A780A671E5712272A372D3F727FA01204E
:10096000BDE8F08137B5044601F0E4FEA3790C330D
:10097000E518C0B23E22E254831E6B700D23AB70AB
:10098000AB798DF807301C38012BE87609D10023AC
:100990001A46E91D0DF10700FEF7E1FA9DF8073050
:1009A000AB712046D3F702FA03B030BD704713B5E0
:1009B000D3F736FA84790C3404440021E078D0F778
:1009C00017FA6168FEF71AFD0190D3F72FFA019A22
:1009D00000234FF6194102B0BDE81040FFF7E6BE14
:1009E00013B5D3F71DFA84790C3404440021E07860
:1009F000D0F7FEF96168FEF711FD0190D3F716FA02
:100A0000019A00234FF61A4102B0BDE81040FFF7EB
:100A1000CDBE2DE9F041D3F703FA002187790446D2
:100A2000FE20D0F7E5F90546D4F750FD50B10C256E
:100A3000D3F7FCF92A460023BDE8F04142F2050154
:100A4000FFF7B4BED4F786FD06460028EFD13C443C
:100A50000F3455B121462846FEF7F2FC0028E6D0B7
:100A60002046D3F763FC3546E2E72046D3F75EFC29
:100A7000DEE773B5D3F7D4F984790C340444002548
:100A8000E678D3F7CDF903680193D3F7C9F9A6F156
:100A9000FE035942594105603046D0F7A9F9019B40
:100AA00022792946FEF704FC0190D3F7BFF9019A99
:100AB0002B4642F2370102B0BDE87040FFF776BE28
:100AC00073B5D3F7ADF984790C3404440025E67886
:100AD000D3F7A6F903680193D3F7A2F9A6F1FE03B1
:100AE0005942594105603046D0F782F9019B22797D
:100AF0000121FEF7DDFB0190D3F798F9019A2B460F
:100B000042F2380102B0BDE87040FFF74FBE2DE958
:100B1000F341D3F785F984790C340444277994F8A8
:100B20000380D7B1053400262078E3780093A0F144
:100B3000FE035942B4F80120019259410434D0F720
:100B400057F9D8B1DDE900324146D0F7A7FA05469A
:100B500048B90136B742E7DC05E0B8F1010F0FD024
:100B6000D0F79AFB3D46D3F761F900232A4642F2BB
:100B7000390102B0BDE8F041FFF718BE4225F2E7A7
:100B80001225F0E710B5D3F74BF984790C340444FF
:100B90000021E078D0F72CF980B1211DFEF750FC40
:100BA000002814BF00240C24D3F740F92246002368
:100BB000BDE8104042F23501FFF7F8BD4224F3E7EB
:100BC000FE282DE9F8430646894690461F4616D072
:100BD000022001F03AFC044690B106221221FFF7F0
:100BE000F8FDA5790C3525441223AB7085F80390E8
:100BF0002E71A5F80580EF712046D3F7D7F80120B4
:100C0000BDE8F883704713B5D3F70AF983790C333D
:100C1000184441790191B0F80300D1F7EDFB68B1B8
:100C20000199D4F76FF884B2D3F700F9E2B240F239
:100C3000064102B0BDE81040FFF7DABD0224F3E739
:100C400070B5D3F7EDF883791844B0F80F50FAF780
:100C500047FD04462846D1F7CFFB80B11621FFF7A8
:100C60004EFC00252046FAF741FDD3F7DFF82A466F
:100C70000023BDE870404FF60441FFF797BD022501
:100C8000F0E773B5D3F7CCF884790C340444054607
:100C9000B4F80300D1F7B0FB064648B9D3F7C6F85D
:100CA000022242F2130102B0BDE87040FFF7A0BD7E
:100CB000AB79E97903F10C022A44CB1A0220002116
:100CC00001F07DFD014618B9D3F7B0F80722E8E737
:100CD000837903338371B4F80F20B4F80D50019277
:100CE0003046D3F7C9FF019A044629463046FFF73C
:100CF000EAF8D3F79BF82246D3E713B5FAF7F0FCEE
:100D00000446D4F7E3FB002814BF00220C22019212
:100D1000D3F78CF8019A42F20E01FFF789FDD4F760
:100D200077FF204602B0BDE81040FAF7DFBC10B5EF
:100D3000D3F776F883791844B0F80F00C0B2D1F732
:100D400089FED3F773F80023BDE810401A4642F23B
:100D50002401FFF72BBD2DE9F84381460220884688
:100D600017461E4601F071FB044690B10A2203218A
:100D7000FFF72FFDA5790C35254400232046EB70A5
:100D8000A5F80490A5F806802F816E81D3F70EF8A0
:100D90000120BDE8F8832DE9F743804602209DF845
:100DA0003C508DF807200E461F4601F04EFB814651
:100DB000D8B322222921FFF70CFD99F806400C3404
:100DC0004C4404F1140304F10E0239460DF10700FE
:100DD000FEF7C5F89DF83830E37006F00103A37103
:100DE0009DF80730A4F80480E3713B68A360BB88DA
:100DF000A381BDF828306383BDF82C30A383BDF8F0
:100E00003030E38316F0FD0F9DF8343084F8203045
:100E10000ED14FF0FF3384F8215084F8223084F84B
:100E200023304846D2F7C2FF012003B0BDE8F0836B
:100E3000032E0CBFADB24FF6FF75FF2384F82130AF
:100E40006584EEE737B505460220CDE9002301F0C1
:100E5000FCFA0446A0B10C220421FFF7BAFCA379E6
:100E60006A4603CA0C3323449DF81820C3F80600D1
:100E70009D802046C3F80A10DA70D2F797FF012050
:100E800003B030BD70B5064602200D4601F0DDFA14
:100E9000044668B103223021FFF7BDFCA3790C336F
:100EA00023442046A3F803609D70D2F77FFF012002
:100EB00070BD70B5064602200D4601F0C6FA044624
:100EC00088B104220821FFF7A6FCA3790C33234440
:100ED000B5FA85F252092046A3F803605A719D7055
:100EE000D2F764FF012070BD2DE9F843814602204E
:100EF000884617461E4601F0A8FA0446B0B10B22F8
:100F00000721FFF766FCA579BDF820300C35254494
:100F10002046A5F80390A5F80580A5F80770A5F868
:100F20000960A5F80B30D2F741FF0120BDE8F88336
:100F3000F8B5074602200E46154601F086FA04462B
:100F4000A0B10D220521FFF744FCA3790C33234403
:100F50002046A3F80370A3F80D602A68C3F80520A3
:100F60006A68C3F80920D2F721FF0120F8BD2DE9F6
:100F7000FF410A9C16466A4680460F4603F1100E52
:100F80001546186859689446ACE803000833734561
:100F90006246F6D124B9022001F057FA044608B39C
:100FA0001D22ED212046FFF714FCA3790C332344C6
:100FB000A3F80380A3F80D702EB13268C3F80520A2
:100FC0007268C3F809200F3304AE2A4603CAB2423E
:100FD00018605960154603F10803F6D12046D2F790
:100FE000E5FE012004B0BDE8F08113B582790190DF
:100FF0000C321321815484184FF44072C280D2F70E
:1010000051F9A07020B901A801F0ECF902B010BDAF
:101010008000013060700198D2F7C8FEF6E770B525
:10102000064602200D4601F010FA044678B104226B
:101030000521FFF7F0FBA3790C332344002220465F
:10104000A3F803605D719A70D2F7B0FE012070BD05
:1010500013B5837901900C33C418C05CD1F7CCF977
:1010600020B901A801F0BEF902B010BD6378019962
:1010700013F0300F8B7903F104038B714B790CBFA4
:101080000122002262F300034B71D1F74BFEEBE724
:1010900000F073BE50E8003F0B4340E80032002AE6
:1010A000F8D170470120704770B50E461546D1F74C
:1010B00031FB044648B93046D0F7BCF9044620B9A4
:1010C0002846D9F79FFA044640B10020D1F722FB09
:1010D0000020D0F7AFF90020D9F794FA204670BD70
:1010E0004FF40010CFF788BDD6F726B9D3F700B973
:1010F00040F271235943D3F737BA884210B519D853
:10110000052817D9B1F5486F14D8B3F5FA7F11D275
:10111000A2F10A0080B240F67644A0420AD8581CD8
:1011200080B201FB00F35B00B3EBC20F94BF012060
:10113000002010BD0020FCE7C94350E8003F0B40F1
:1011400040E80032002AF8D1704700207047FF20A5
:1011500070472DE9F04104468846002701262146C4
:1011600087F00100FEF7E3FD4FF48051FFF7E4FF45
:1011700083684BB1028A42450CD1002201212046EE
:101180009847002808BF002617B13046BDE8F08117
:101190000127E4E70268D205F6D500221146EEE702
:1011A00008B5FEF7DAFD00230380436008BD70B583
:1011B00006460C46FAF794FA05463046FEF7CDFD92
:1011C00030B101780C4304704FF40070CFF714FD78
:1011D0002846BDE87040FAF789BAD1F7A3BD07B534
:1011E00042798DF8071022F0030242F003024271A7
:1011F00040F20332C2800DF10701012201F0D5F85F
:1012000003B05DF804FB2DE9F04107460D4690461A
:101210001E46FEF79AFD10F0080424D0022138463D
:10122000FFF710F92824C6F120014FF08863A6F1DA
:101230002002F34004FA01F10B4324FA02F21343B3
:10124000DB0700D488B111212846FFF7C8FF2846E4
:10125000D3F728FA467080F8028029463846BDE860
:10126000F041D1F75FBD2046DCE70D212846FFF7AE
:10127000B6FF2846D3F716FA80F80180EDE770B57F
:101280000C460546072120461646FFF7A8FF2046D4
:10129000D3F708FA214646702846BDE87040D1F7DA
:1012A00041BD38B50C4600210546FEF766FD241AFF
:1012B000A4B247F6FE739C4205D928462821FFF7C1
:1012C00007F9002038BD0120FCE738B504460D467B
:1012D00001460020FEF72BFD03689B0505D4294637
:1012E0002046BDE83840FFF7DCBF002038BD2DE9BF
:1012F000F04115469DF818801F46FEF718FD04467C
:10130000FAF7EEF9B8F1010F064623D154E8003F91
:1013100043F4807344E80032002AF7D105B354E85F
:10132000002F42F4007244E80023002BF7D1FF2184
:101330002046FFF701FF54E8002F48EA020244E884
:101340000023002BF7D1A56027823046BDE8F0418D
:10135000FAF7CCB94FF480712046FFF7EDFEDDE7D8
:101360004FF400712046FFF7E7FEE0E773B506464D
:1013700001200C46FEF7DBFC0023054600931A46CD
:1013800021463046FFF7B3FF6B6863B14FF48071BD
:101390002046D1F75BF855E8003F43F4007345E879
:1013A0000032002AF7D1FAF79BF905462046FEF7EE
:1013B000D4FC28B103881BB14FF40070CFF71CFC9C
:1013C000284602B0BDE87040FAF790B938B5054636
:1013D0000C46FEF7ACFC83684BB10221204600228C
:1013E000984721462846BDE83840FFF7BFBF38BDC3
:1013F000012938B505460C4608D0CC1E012C03D86F
:1014000001460120FFF7E2FF012007E02221FEF75D
:10141000E3FC20462946FFF7D9FF002038BD08B578
:10142000FEF785FC006800F0F00008BD07B5014636
:1014300001900120FFF7F3FF28B9019903B05DF88F
:1014400004EBFFF7ECBF03B05DF804FB70B5064694
:101450000C4601460120FEF76AFC31460546002095
:10146000FEF765FC2B68026843EA0201CE0517D43B
:10147000990543BF2B8A1B1B9BB24FF6FF73920546
:1014800043BF028A101B80B24FF6FF709842A8BF7C
:1014900018464FF6FF73984208BF4FF0FF3070BDFB
:1014A0000120FCE72DE9F3410446019101460120AA
:1014B0001546FEF73CFC214606460020FEF737FCA9
:1014C00080462046FEF73CFC810606D501A800F0C8
:1014D00089FF0C2002B0BDE8F081FAF701F933680A
:1014E0009A05074603D4D8F800309B0509D5019921
:1014F000301D8D6001F029F93846FAF7F7F8002021
:10150000E8E7FAF7F3F801992046A847E2E713B5B0
:10151000014601900120FEF70AFC04460C3000F061
:1015200061FF201D00F05EFF01990020FEF7FFFB28
:1015300004460C3000F056FF201D02B0BDE81040FC
:1015400000F050BF70B5014605460120FEF7EFFBE5
:101550000646043001F0E6F8044670B14FF400711D
:101560003046FFF7E9FDA36821462846984720B199
:101570002046BDE87040D7F77DB870BD0023C0E9B4
:1015800000318260704708B50B4601461846FEF7E9
:10159000CEFB0068C0F3402008BDFFF729BFCB1E7B
:1015A000012B37B504460D4608D81A210192FEF7E3
:1015B00013FC40212046D0F749FF019A29462046D6
:1015C00003B0BDE83040FFF713BF38B504460D4601
:1015D000FEF7EEFB30B1012D04D120462221FEF7AB
:1015E000FBFB002038BDF8B58B790B440C46D3F8D3
:1015F0000D60D3F8113032460746D1F777FB092149
:101600002046FFF7ECFD2046D3F74CF8A579D2F73A
:1016100097FF0C35254466F0FF060640C5F80160CB
:10162000D2F78EFF3846C5F805102146FFF7D5FDE5
:1016300002213846FFF7BBFDF8BD70B50E460546E2
:1016400001460020FEF773FB012E044603D0022E54
:1016500011D0012070BDC1688B7919440D31284625
:10166000FEF729FCE068D7F705F80020E06029467E
:10167000FFF77CFEEDE7C068D6F7FCFF0023E360D0
:10168000E7E738B50D46044601460120FEF74FFB5B
:10169000012D08D100F112012046FEF70CFC214675
:1016A0002846FFF763FE012038BD08B5FEF748FB6A
:1016B000C0F3C00008BD2DE9F04188460746FFF79A
:1016C000F4FF80F00100C6B239463046FEF72FFB2A
:1016D000B8F1010FC468054605D0B8F1020F1DD05E
:1016E0000120BDE8F081A0790C30044438462389FC
:1016F000E288A188FEF7B9FC61886278490089B266
:1017000052003846D0F756FEE868D6F7B3FF0023FC
:10171000EB6039463046FFF729FEE1E72046D6F771
:10172000A9FF0023EB60DBE708B5FEF70EFB00F036
:10173000010008BD38B50C4602210546FEF707FB3F
:101740000C212046FFF74BFD2046D2F7ABFF4FF0B0
:10175000FF3383700223C3700D2343706FF02F0398
:1017600003710523437121462846BDE83840FFF741
:1017700034BD0429F7B505460C4638D1FFF795FF6F
:10178000002814BF01200220D2F77EFE08B10020FD
:1017900019E000F05AFE0446002866D02846FFF7FC
:1017A00084FF90B12846FEF7D0FA4707EFD42846C9
:1017B000FEF7CBFA8607EAD421462846D3F738FA53
:1017C000B0FA80F0400903B0F0BD29460120FEF7D1
:1017D000AEFA06462846FEF7B8FA0007D7D43368B3
:1017E0005905D4D421462846D3F766FAE8E70129FB
:1017F000CDD1FFF75AFF0028C9D02046D2F744FECA
:101800000028C4D12846FEF7A0FA10F00806BED181
:10181000334632460DF107012846FEF719FD9DF8C3
:101820000730062B19D9304600F00FFE0646D0B11E
:1018300029462046FEF77BFA07462846FEF785FA3A
:101840000207A4D43B685B05A1D431462846D3F7F0
:1018500033FA00289BD12046B5E701220023284611
:10186000D1F744FA93E70224F5E70220ABE708B585
:10187000FEF766FAC0F3C00008BD2DE9F0410F463F
:1018800004469046FFF7F3FF80F00100C5B2214601
:101890002846FEF74CFA012F064603D0032F0FD03F
:1018A00001200BE02046FEF7B5FE22212046FEF780
:1018B00093FA28462146FFF789FD0020BDE8F08114
:1018C000C068D6F7D7FE0023F3602046FEF7A2FEDD
:1018D0005FFA88F12046FEF77FFA20462021D0F7F4
:1018E000B5FD21462846FFF771FDD9E77FB50146D2
:1018F00004460020FEF71BFA00F1120205464FF4E1
:1019000080600292D2F7C0FD029A50B92046D0F70B
:1019100087FD029A698B80B204B0BDE87040FFF782
:1019200007BB20460392D0F77BFD698B02910646E8
:101930002046FEF703FA034600200090DDE902127C
:10194000B0B2FFF714FB04B070BD83781A2B09D82E
:101950001B2383700288B2F5A47F07D24FF4A473CF
:10196000038007E0FB2BF5D9FB23F2E744F2902339
:101970009A42F5D87047F0B5CA798B7987B043EAB7
:101980000223ADF80C308B888DF80E30CA788B7836
:1019900043EA02230446ADF8103003A80B888DF803
:1019A0001230FFF7D2FF04A8FFF7CFFF05A92046AA
:1019B000FEF7BEFD0B212046FEF774FD44F2902594
:1019C00040F64803002808BF1D469DF80E30BDF8BC
:1019D0001460BDF81020BDF80C709DF816009DF83D
:1019E0001210AF42D4BF00970095FB2BA8BFFB237A
:1019F000B242A8BF32468142A8BF01462046FEF748
:101A0000AFFB07B0F0BD30B585B00546104601927A
:101A1000FFF7E5FB0198D2F745FE03A904462846E7
:101A2000FEF786FD0B212846FEF73CFD6FF0040310
:101A300063700023A37040F6480244F2902300280C
:101A400008BF1346A4F803309DF80E30A4F8053003
:101A5000BDF80C30A4F8073005B030BDFFF7C8BCA6
:101A6000022973B505460C4603D00024204602B077
:101A700070BD0521FEF7E6FC0028F6D0D0F7F0FF98
:101A80001B28F2D94FF40040D2F7FEFC0028ECD11D
:101A900000F0DBFC06460028E8D001A92846FEF746
:101AA00047FD9DF80630BDF8042031462846D3F79F
:101AB0003DFBB0FA80F46409D8E738B190FAA0F0A1
:101AC0000123B0FA80F003FA00F0C0B2704770B59D
:101AD0000646FEF73AF980F0400402060546C4F3D4
:101AE000801406D408213046FEF7ACFC08B144F05F
:101AF0000204EB0506D40B213046FEF7B8FC08B112
:101B000044F00404204670BD2DE9F8430446914694
:101B10000F46FEF71AF9C0F340152046FEF7AEFB5C
:101B2000214680462846FEF702F9494606462046E9
:101B3000FEF752F998F80110384601F00F0100F055
:101B400085F9062814BF014600212A462046FEF7E3
:101B50003BFB21462846FFF709FC20212046FEF7E3
:101B6000F9F856E8003F43F4805346E80032002A73
:101B7000F7D1BDE8F883F8B50E4604461546FEF7E2
:101B8000E4F8032EC0F340170DD0042E16D0012E1A
:101B900012D122212046FEF71FF938462146FFF7D1
:101BA00015FC0020F8BDEAB200212046FFF7ACFF8B
:101BB00021463846FFF70AFC0120F3E70C22F3E741
:101BC000012910B504460BD1FEF7BFF82146C0F33A
:101BD0004010FEF7ACF80022817C2046FFF794FF0E
:101BE000012010BD2DE9F7430F460546FEF7ADF87D
:101BF00000F02009C0F340182846FEF73FFBBB79F0
:101C00000C333B445E789B781E400378C3F303009B
:101C100000EA13103040FFF750FF044648B9B9F10D
:101C2000000F06D12846FFF752FF3040FFF745FF6F
:101C300004462846FEF725FBD3F754FBA04223D0E9
:101C40001CB302212846FEF798F8002106462846D4
:101C5000FEF7A3F918213846FFF7C1FA3846D2F744
:101C600021FDB6B244708470A0F80360394628465E
:101C7000FFF7B3FA00962346224629464046D3F79B
:101C800091FA03B0BDE8F08300242646E2E713B5DD
:101C900004460191FFF7CAFB019928B9204602B01A
:101CA000BDE81040FFF79EBF40284FF016030CBF61
:101CB00023222A22204602B0BDE81040FFF7A3BA33
:101CC00013B504460191FEF740F810F0200F01997A
:101CD00005D1084602B0BDE81040D6F7CBBC20467F
:101CE00002B0BDE81040FFF77DBF73B58C790C34AE
:101CF0000C4406460D46FEF728F8A278032AC0F3E6
:101D0000401014D0052A28BF00226378032B10D07E
:101D1000052B28BF0023B4F8031000913146D3F7F8
:101D200041FA284602B0BDE87040D6F7A3BC0022B5
:101D3000EBE70023EFE708B58B790B441B7B162BF1
:101D400003D0172B05D0002008BDFFF7A0FF01200E
:101D5000FAE7FFF7B5FFFAE708B58B790B441B7B71
:101D6000162B03D0182B05D0002008BDD3F744FA5A
:101D70000120FAE7FFF7B9FFFAE770471FB54B1EDE
:101D8000042B0C465FD8012902D1008804B010BD95
:101D9000022905D103884088984238BF1846F5E7E4
:101DA0004A00014601A80AF098FC032C07D1002341
:101DB000ADF80A304FF6FF73ADF80C3001E0042C9B
:101DC000F8D0BDF80620BDF80430934284BFADF8CA
:101DD0000630ADF80420BDF80A30BDF80C2093425F
:101DE00088BFADF80A20BDF80A2088BFADF80C30D6
:101DF000BDF80430934288BFADF80A30BDF8062024
:101E0000BDF80C309A4288BFADF80630BDF8082006
:101E1000BDF80630934284BFADF80830ADF8062017
:101E2000BDF80A30BDF808209A4288BFADF80830E6
:101E3000BDF80820BDF806309A4238BFADF808302A
:101E4000BDF80800A2E74FF6FF709FE7022808D010
:101E5000042803D0012818BF0620704701F00100B4
:101E600003307047012804D0022804D030B9D4F7D9
:101E70009FBCD4F78DBC0020D3F7EEBD704710B1E6
:101E8000012803D070470120D3F7E6BD0020FBE70F
:101E90007FB50C461946A31E012B054616460FD8E2
:101EA0000391FDF757F80023CDE90005F01A18BF9C
:101EB000012003991A46FDF75CF860B9012004E09F
:101EC0002CB92846D2F70CFA002004B070BD012CC2
:101ED00004E0FF20F9E7022CF3D0032CF9D12846C7
:101EE000D2F742FAEAE770B59DF810600D4600217E
:101EF0000446817106F10C014173111E03F00F00BD
:101F0000237B18BF012140EAC11003F040031843AE
:101F100020732B469DF8141004F10E00FFF7B8FF54
:101F2000237B60F3861323732B686361AB88238361
:101F3000A3790E361E44E67170BD012810B50C461B
:101F400007D002280DD088B9BDE810400846D3F765
:101F5000B9BED5F7A5F8844208D1BDE81040D5F741
:101F600015BBBDE810400846D3F786BF10BD73B55A
:101F700005460C4601A8002641210196D5F71CFA1A
:101F8000019850B1D5F7D0FA0198D3F721FC072872
:101F900005D001A800F026FA304602B070BD0199C4
:101FA0002A462046D4F70AF8F7E7042810B50C466D
:101FB0000FD006D8032812D02146BDE81040FFF705
:101FC000BCBF431F012BF7D82046BDE81040D3F714
:101FD00053BF0120FFF7CBFF0028F5D010BDBDE8AF
:101FE0001040D4F77DBC042810B50C4608D103205E
:101FF000FFF7BDFF40B92046BDE81040D3F73CBF16
:10200000BDE81040FFF7D1BF10BD032838B5044626
:102010000D460ED0042810D005384FF0010118BF2E
:102020000120D3F7E5FA29462046BDE83840FFF7FE
:10203000BCBFBDE83840D4F753BCFFF798FF10B9D8
:102040002846D3F719FF0121BDE838400846D3F7E9
:10205000CFBA704701207047D8F726BB0A2802D8AC
:102060000130C0B27047242801D80230F9E7252892
:1020700005D0262805D0272818BFFF20704700204C
:1020800070470C20704708B5D5F740F8BDE8084008
:102090004FF00060CEF7B0BD08B5D8F70BFB20B10C
:1020A000BDE808401020FFF7EEBF08BD704770473D
:1020B00070477047704700207047704770477047FF
:1020C000704770471046194670470020002170473E
:1020D00009F0ACBEF1F7B4BB09F060BF10B504461F
:1020E00008461146D5F76CF820B1BDE81040042031
:1020F000FFF7C9BF2046D5F717F80028F5D110BD66
:10210000430803F05533C01A00F03333800800F061
:102110003330184400EB10104FF0013300F00F3053
:102120005843000E704710B5044678B1036A416900
:102130006BB180689847207E00231028636163603C
:1021400004D82146D6F7CCF91123237610BD0029F7
:10215000F1D08368002BEEDB0846D6F723FCEAE7D4
:1021600007B5019101A9D5F7F9FF03B05DF804FBAC
:1021700007B5002301911A4601A9D5F7EFFF03B077
:102180005DF804FB1FB5002402949DF81C400194E7
:10219000069C0094D5F76CFF04B010BD13B507245E
:1021A0000194049C0094FFF7EDFF02B010BD1FB531
:1021B000079C029407240194069C0094D5F758FFCD
:1021C00004B010BD07B500230093FFF7E7FF03B08D
:1021D0005DF804FB03680B60016070472DE9F04176
:1021E000054600680E461746002408B9BDE8F08190
:1021F000D0E90083B3420BD18368BB4208D154B904
:10220000C5F80080C368DB0701D5D6F7CBFB2046B5
:1022100004464046E9E7C4F80080F3E7D1E901123B
:10222000FFF7DCBF002370B51A461946046805465F
:10223000D5F794FF0CB92C6070BDE3682668DB0706
:1022400002D52046D6F7AEFB3446F3E72DE9F84336
:102250000E461746054610B90020BDE8F88304680D
:10226000002CF9D0D4E90089A0683B4632462946C3
:10227000C8470028F1D14446F2E72420704738B51A
:10228000054614460A4600210AF04FFA6B7924F0FD
:102290001C0444F0100443F004032C716B7138BD2E
:1022A0002DE9F74F1F469DF830300193894683464C
:1022B000002851D0002969D00D68002D68D04FF05A
:1022C000000AA979EC79641AE4B2BC4207D30C3154
:1022D00039442944E41B0BEB02085E4638E02868C9
:1022E0003F1BAA46002837D00546EAE73319984530
:1022F00038BFA8EB0604304622460AF0EEF9019BEF
:102300002644002B3FD017F0FF0095F806C0E4B23A
:1023100025D16444AC71EA79AB799A4233D1D9F8CA
:1023200000302F68AB4208BFC9F80070BAF1000F47
:1023300001D0CAF800702846D6F79CF957B1BA798F
:10234000FC7902F10C01A41A39443D46E4B200279D
:10235000B045CBD8A6EB0B0003B0BDE8F08FEA790F
:10236000A2EB0C02D2B20119914208DA0CF10C0C6A
:10237000AC44121A121B614460440AF0BCF9EA79B9
:10238000141BEC71C7E72F68AA46D7E70846E3E7B6
:102390002846E1E7C279C2F14503DBB2994228BF82
:1023A00019460A44C2710846704738B50546C079D7
:1023B000C0F14504E4B2944288BFD4B20C30224646
:1023C00028440AF08AF9EB792344EB71204638BDA2
:1023D0001FB503910021009103A9FFF761FF05B02C
:1023E0005DF804FB38B50446206800B938BD0568BF
:1023F000D6F740F92560F7E710B501F0EC01034688
:1024000003B910BD1A7902F013020A431A711A1A9D
:10241000544254415A7964F300025A711B68EFE741
:1024200010B580B1016802680AB113680BB90023C6
:1024300004E05C79E40704D50024146003600846D6
:1024400010BD0360EFE70146F9E700221146D6F719
:102450004DB938B5036804460D469BB11879FFF7AE
:10246000F4FF88B1236803605B794279C3F34003CA
:1024700063F3410245235D1B4271C3718571206086
:10248000002038BD0120EAE71920FAE75318452B50
:1024900002DCC9B2D6F72AB900207047F7B500268A
:1024A00005460F4601960DB9019C09E00022114630
:1024B0003846D6F71BF9044628B901A8FFF792FF62
:1024C000204603B0F0BDAB798371EA79C2716979B6
:1024D000427961F3000242716A794179C2F34002A4
:1024E00062F341014171EA7903F10C00D21A291813
:1024F000D2B220440AF0F1F8019B03B9019406B16D
:1025000034602D682646CEE7002238B505460846D9
:102510001146D6F7EBF80446D0B1AB798371EA796E
:10252000C2716979427961F3000242716A79417935
:10253000C2F3400262F341014171EA7903F10C00F8
:10254000D21A2918D2B220440AF0C7F80023236017
:10255000204638BD002348B1C27981790068521AFB
:1025600053FA82F310B14279D207F4D51846704776
:1025700070B50D460446E8B186798E4203D3751ACC
:102580008571012070BDC27906F145039B1ADBB24B
:1025900099420FD806F10C010144921BA81B084474
:1025A000D2B20AF0A8F8E1790D440023AD1BA37163
:1025B000E571E6E70020E5E738B504460D46FFF78C
:1025C000D7FF98B984B12079FFF73FFF58B16379FD
:1025D00042790460C3F3400363F3410245235D1B6A
:1025E0004271C371857138BD0120EDE72046FAE7DD
:1025F00070B50C461646054618B3006808B309B90D
:10260000002070BD0AB145291DD8E1B2FFF7B0FF27
:102610000028F5D11EB92B689A799E71A41A442C12
:1026200007D8002CECD0E1B22846BDE87040FFF797
:1026300010BF45212846FFF70CFF0028E1D1453C9B
:10264000EDE72220DDE72120DBE72DE9F84390F8D4
:10265000078090F80690A8EB0907FFB2B94204463C
:102660000D4602D30020BDE8F8830079FFF7EDFEA8
:1026700006460028F6D0A17980790C317F1B2944C9
:102680000C30BAB2214430440AF027F8F3791F44E1
:10269000F771E179236889444D44A5EB0805E5719C
:1026A000012033602660DEE738B50C46A0B19CB14E
:1026B000A579E279C379521BC3F14503D2B2DBB2EB
:1026C000934209D305F10C012144FFF76EFE204629
:1026D000D5F7D0FF012038BD0020FCE7F8B507682A
:1026E00006460D463C46002305B12CB90BB100222D
:1026F0001A6034603846F8BDE379A2799B1ADBB2E0
:10270000AB4207D8E379A2799B1ADBB2ED1A2346D4
:102710002468E9E7E9B22046FFF797FF0028F1D1E6
:102720000746E7E70346006818B102681A6000230D
:1027300003607047002308B918467047C279817951
:102740000068521A53FA82F3F5E703680BB9016087
:1027500070471A461B68002BFBD1116070472DE9AA
:10276000F8430E461446074628B331B302B3034676
:1027700099461B68002BFBD1A0464D464246314688
:102780002846FFF712FEA945A8EB0008064418BF2B
:10279000C9F80050B8F1000F08D0B9793879002293
:1027A000D5F7A4FFA94605460028E7D1A4EB080405
:1027B0002046BDE8F8830446FAE70C46F8E737B54B
:1027C0001546C9B200221C46D5F790FF019040B1D2
:1027D00022462946FFF7C3FF844202D901A8FFF72A
:1027E00001FE019803B030BD036803B10B600160C6
:1027F000704739B10B461A461B68002BFBD10368A2
:102800001360016070472DE9F0470F46154680467A
:10281000002844D00668002E43D0B479F2794534BC
:10282000A41AE4B2AC4228BF2C46E4B1E1B230466F
:10283000FFF79EFEB079A5EB04090C30224607EBAA
:102840000901304409F049FF4FF0450AB9F1000F82
:1028500006D03079FFF7F9FD044630B9A5EB09053C
:102860002846BDE8F087A946EEE74A46452A28BF34
:102870004522D0B2C0F14503A9EB0209C0F15100D5
:10288000A37184F807A007EB090154FA80F009F05E
:1028900024FFD8F800302360C8F80040D6E705468A
:1028A000DEE73546DCE770B5046806460D4644B100
:1028B0002046FFF73FFFA84211D8236813B9E379F8
:1028C000A37170BD20463360D5F7D4FE3468F4E7B9
:1028D000ED1A236833602046D5F7CCFE3468002D0E
:1028E000EFD0A179E3795B1ADBB2AB42F0D929448E
:1028F000A171E6E7F8B5066805460C4646B13046D4
:10290000FFF718FFA0421DD8336813B9F379B371EC
:10291000F8BD30462B60D5F7ADFE2E68F4E70646CD
:1029200038460768002FFAD1C1798379CB1ADBB218
:10293000A34202D9091BC171EAE7E41AD5F79AFE4E
:102940003EB13760002CE3D028680028E0D0002694
:10295000E7E72E60F6E72DE9F04104460F464FF019
:102960000008BC4201D1BDE8F081A179E5796D1A7A
:10297000EDB2C5F14506B6B20EB92468F1E749B12A
:102980000C312A46214404F10C0009F0B4FEE57133
:1029900084F806802368BB42EFD05A79D207ECD482
:1029A0009979DD79A079E2796D1AEDB2B54200F13D
:1029B0000C0028BF354610440C312A4619442044E7
:1029C00009F08BFEE379206853FA85F3E37182798D
:1029D000C379761B52FA85F5EDB2AB42B6B285717A
:1029E00003D103682360D5F745FE002ED2D1C4E79A
:1029F00038B50C46016809B9046038BD0D46096850
:102A00000029FBD1236823B12046FFF7A4FF2C60E7
:102A1000F3E721462846FFF747FE0028EDD1F6E709
:102A200038B505460C4604B938BD013C55F834307C
:102A30005B68002BF7D09847F5E72DE9F041044695
:102A4000002654F836302BB904F10408B34203D100
:102A500000250FE00136F4E754F8332012685F1CBC
:102A60005AB158F833009047054630B139462046F0
:102A7000FFF7D6FF2846BDE8F0813B46E6E7704702
:102A80007047704770477047D5F76CBF10B5D4F7E3
:102A900059FC00280CBF01240324D4F763FC08B1BF
:102AA00044F00404204610BD532838B505460C46B2
:102AB00004D1BDE83840084600F0E7BE0620D5F74F
:102AC000F5FF60B96379142D03F03F03637104D0FF
:102AD000722D07D163F03F036371A57138BD40F2D9
:102AE0000740FBE72120F9E7F7B54FF0FF330093EC
:102AF000ADF804308379DA060BD5532B08BF0023D9
:102B00004FF03F028DF8052004BFADF800308DF87E
:102B100002300021451E431D6A46084615F8016F24
:102B200012F8014BAB4206EA040724EA060440EA25
:102B3000070041EA0401F1D110B1081E18BF0120BD
:102B400003B0F0BDF8B50446082016460F461D46F2
:102B5000D5F708FF024670B1204640F2025150F806
:102B60000C3B93F86C30137016715780D580BDE81C
:102B7000F840FFF727BBF8BD38B5044604200D46E2
:102B8000D5F7F0FE024660B1204640F2055150F8FC
:102B90000C3B93F86C3013705580BDE83840FFF75C
:102BA00011BB38BD2DE9F3411D469DF820300024AE
:102BB0000E468046017F0477174633B1324601F056
:102BC000C5FA204602B0BDE8F0810C29ADF8063008
:102BD00008D10DF106032A46394601F0F5FABDF891
:102BE0000600EFE708291FD10221092001F05BFA56
:102BF00004460028E5D08DF80460022201A9360AB7
:102C00008DF80560FFF7ABFD2A4639462046FFF7F1
:102C1000A6FDA3792344AA1C5A7321464046D7F740
:102C2000D9FEADF80650DAE70DF106032A4639461B
:102C300001F0B1FAD3E7F0B585B0174600240122C0
:102C400006460D46ADF80E4001F031FF8DF80D003F
:102C5000A0BB284601F0A7FD10B1284601F060FE98
:102C6000284601F091FE38B1327F3B462946304676
:102C7000FFF768FF05B0F0BD0DF10D030DF10E0279
:102C80002946304601F0AAFF9DF80D305BB9BDF82A
:102C90000E20BA4235BF0723D21B8DF80D30C01964
:102CA00028BFADF80E209DF80D3000930246BDF808
:102CB0000E3029463046FFF775FFDBE72046F2E786
:102CC0002DE9F341002305460E460193144600F119
:102CD000440702BB43691A071AD4A0463846FFF7D7
:102CE0009FFB0190B8B1837903F10C0202440533D4
:102CF000B2F80160B2F803208371314603462846DA
:102D000001F09AFFCDF804800028E7D0044602E0E5
:102D100023F00803436101A8FFF764FB3846FFF77F
:102D200061FB00232B777CB12346182132462846CD
:102D300004F5885401F00AFAA1B22846FFF71CFFF7
:102D4000002002B0BDE8F081284601F08EFA21464D
:102D5000F3E72DE9F84F0E469DF828A091469B46D3
:102D6000054610B1037C012B61D0284601F0ACFC74
:102D7000304601F0F9FD002231468046284601F038
:102D800066FE0746304602F0E3F842F60523984215
:102D90001CD118F0300F26D1BAF1000F34D018F042
:102DA000200F40D0BA0740D5EB8B002B39D15B46C2
:102DB0004A463146284601F085FA0446F0B9EE83CA
:102DC00040F20A41284601F08DFC17E0284601F048
:102DD00009FD0028DDD0284601F019FD0028D8D0D3
:102DE00041F212140AE0B907D6D03146284601F064
:102DF000C8FE0028D0D000F58854A4B2284601F0BF
:102E000068FC2046BDE8F88F18F0100F0BD0FB07C8
:102E10000BD55B464A463146284601F034FA044653
:102E2000ECE70524EAE72124E8E70224E6E70724A3
:102E3000E7E72DE9F04104460A201646BDF8188060
:102E40000F461D46D5F78EFD024680B1204640F262
:102E5000045150F80C3B93F86C3013701671578086
:102E6000D580A2F80880BDE8F041FFF7ABB9BDE816
:102E7000F0812DE9F04F2DED028B89B08046184688
:102E8000149B01939246894609B191420AD90123C4
:102E90004A461021404609B0BDEC028BBDE8F04F18
:102EA00001F054B90199D9F799FC08EE100A02F023
:102EB000F1F808B91023EBE70221112001F0F3F833
:102EC000B8F80AB00690ABF10603ABF102069BB26C
:102ED000B6B24C464FF0FF35029318EE102A514619
:102EE000204601F05BFF074680B3019B51461A88DC
:102EF00001F0A4FF0446384601F02EFD40B94FF61C
:102F0000FF739C4201D00134A4B2A245E5D21DE07A
:102F10004FF00003ADF816300DF116020DF1150358
:102F20003946404601F05AFEBDF81620ABF10501C6
:102F300091420299D8BF0A46002D0346ADF81620EB
:102F400014DB954202D1EA1CB24213DB6B1C2FD179
:102F500006A8FFF747FA0A234A461021404601F027
:102F6000F5F809B0BDEC028BBDE8F08F351F954236
:102F7000A8BF1546220A8DF81C708DF81F2007A9DE
:102F80000422069803933F0A8DF81D708DF81E40A9
:102F9000FFF7E5FB039B069819462A46FFF7DFFB80
:102FA000043E4FF6FF73761B9C42B6B2ABD1CDE721
:102FB00006998B790B4404355D734046D7F70AFDBB
:102FC000CFE72DE9F04F2DED028B87B00646DDF8F7
:102FD00048B091469A46884609B191420AD90123E0
:102FE00042460821304607B0BDEC028BBDE8F04FE9
:102FF00001F0ACB818465946D9F7F0FB022108EEAB
:10300000100A092001F04FF873890590023B9BB22A
:1030100000931F4640464FF0FF3518EE102A4946F0
:1030200001F0BCFE044600284DD001F095FC0028BC
:103030006DD001222146304601F039FD8DF80F0098
:1030400050B105A8FFF7CEF99DF80F3022460821B0
:10305000304601F07BF817E05946504601F0ADFBD1
:1030600010B1204601F05CFC204601F08DFC80B1DF
:10307000002D28DC05A8FFF7B5F9082232770023D8
:1030800021463046FFF75EFD07B0BDEC028BBDE880
:10309000F08FADF812000DF10F030DF11202214671
:1030A000304601F09BFDBDF8122000998A4228BFEE
:1030B0000A46002D0346ADF812200CDBAA4202D1CD
:1030C0006A1CBA420BDB6B1C26D105A8FFF78AF9F4
:1030D0000A234246BBE7BD1E9542A8BF1546220AF9
:1030E0008DF8112004A90222059801938DF8104053
:1030F000FFF735FB019B059819462A46FFF72FFB82
:10310000023F4FF6FF737F1B9C42BFB2DBD0601CB7
:1031100080B2814581D2D6E705998B790B4402357F
:103120005D733046D7F756FCAEE72DE9F04F89B016
:10313000064600920F4609B1914208D901233A464A
:103140000421304609B0BDE8F04F00F0FFBF022176
:10315000052000F0A8FF74890290023C4FF6FF782A
:10316000A4B23D46C2462946304601F0F8FE50451D
:1031700081464DD04FF400622946304601F097FC5D
:10318000002840D1484601F0A1FF002814BF4FF0AD
:10319000100B4FF0020BD0451ED0484601F096FFB1
:1031A0000190404601F092FF019A824203D10BF157
:1031B0000102A24211DB029CA17940460C310C4471
:1031C00001F084FF002814BF02230123637021460D
:1031D000304600F0A5FF28E0C8462A0A0DF10E018E
:1031E00048468DF80D208DF80C50023CD9F78CFB29
:1031F00002980BF1020203A9FFF7B1FAA4EB0B044A
:103200005545A4B2D7D0009B0135ADB2AB42AAD28E
:103210004FF6FF739845CED102A8FFF7E3F80A23D3
:103220003A460421304600F091FF09B0BDE8F08F26
:103230002DE9F04F89B04FF00008BDF84CB0ADF863
:103240000C80064691469A46ADF80E800F4600293E
:1032500051D091424FD80121072000F030FF0546A0
:10326000002850D03B460A244B45019306D2708972
:10327000294600F0FBFE0328019B09D8B8F1000F96
:103280001ED02946304600F04BFF09B0BDE8F08F54
:10329000ADF81030129B069302AA0DF10A0304A99F
:1032A0003046ADF81290ADF814A0ADF81CB001F0A6
:1032B000F1FD0A280446E1D0BDF8083020B11F46D0
:1032C000284600F023FF17E0ADF80C30BDF80A30B7
:1032D000ADF80E3003AA04237089294600F0D1FE10
:1032E000BDF80A304FF6FF7293421CBF01339BB208
:1032F0004FF00108B8E7012423463A46062130463C
:1033000000F024FFC1E71124F6E70A230377002227
:10331000FFF791BC0C230377FFF78DBC2DE9F34732
:103320000023B0F80AA08DF80130054688460193C5
:10333000174612B112F001060ED004238DF80130A9
:10334000002401A8FFF74EF89DF8013022460E2117
:10335000284600F0FBFE53E03346324601210F20A1
:1033600000F0B5FE044618B911238DF80130E8E7E6
:1033700000F07AFE0AF1FF3A0190C14639F8024B9B
:1033800001222146284601F092FB8DF80100002819
:10339000D7D1204601F007FA10B1204601F0C0FA5B
:1033A000204601F0F1FA08B18023DEE70DF10103B8
:1033B00021460DF10202284601F010FC9DF8013073
:1033C0000146002BBDD1BDF802200198AAEB0603EF
:1033D0009A42C8BFADF80230BDF80220FFF7BFF92E
:1033E000BDF80230984204D31E4408EB0703994508
:1033F000C4D1019800F034FE0146284600F090FE4A
:1034000002B0BDE8F087F0B585B0122703920777C8
:10341000022205460E4601F04AFB044668B103A8A5
:10342000FEF7E0FF00232B77002C38D023463246EE
:103430001221284600F08AFE0FE0039A93790333A5
:103440009371304601F0A0FA48B1039B00933A46CD
:10345000234631462846D5F78BFC05B0F0BD42F631
:10346000293001F0D6FCB04211D1039808B90D24DF
:10347000D5E7FFF75FF980B20128F8D1039B9A796D
:1034800013442846197B01F0E8F90446C7E72246B1
:10349000039B3146284601F0CFFB0446C2E728468D
:1034A00000F0ABFED9E72DE9FF4103920422044668
:1034B0000D4601F0FCFA074628B103A8FEF792FF7B
:1034C00004B0BDE8F081039A93794FF052080333BA
:1034D0009371284684F81C8001F056FA064640B1E4
:1034E000039B009342463B4629462046D5F740FCC5
:1034F000E6E742F6293001F08CFCA842039B0BD191
:103500009A7913442046197B01F0A7F903A8FEF726
:1035100069FF00232377D3E732462946204601F08E
:103520008BFBF6E7F0B58B7985B00C33039119442A
:103530000546B1F80160B1F80370304601F00CFAAD
:10354000002853D002223146284601F0B0FA044642
:10355000F8B9304601F018FA044668B1039B162208
:103560002A779979053199712846009331463B466F
:10357000D5F7FEFB05B0F0BDD4F7AAFFDDF80CC00F
:1035800023466246591CCAB9DBB20633984218DC9E
:10359000092403A8FEF726FF05F14400FEF722FFE9
:1035A000234632461621284600F0D0FD092CE1D1F1
:1035B00041F209112846FFF7DFFADBE712680B46F4
:1035C000E0E701216046FEF769FF01460028DFD0F1
:1035D00005F14400FFF7B9F8039B9A7905329A7117
:1035E00031463A46284600F016FEC3E70124D0E7EC
:1035F00013B5044641B94430FEF7F4FE204602B04C
:10360000BDE8104000F031BE4269182112F00802F6
:10361000017707D000230A4600931946D5F7A8FB87
:1036200002B010BD114602B0BDE81040FFF748BB24
:103630007FB5C58B04462DB342F6052001F0E9FBAA
:10364000A84207D10021204601F0E8F8636923F081
:103650000103636140F20A41204601F049F8002667
:103660000DF10E0229462046ADF80E6001F0EFF98B
:10367000BDF80E2000920346022229462046FFF79D
:10368000D8FBE68304B070BDF7B51646BDF82070D0
:10369000044618B941F2011003B0F0BD0846019389
:1036A000009101F059F90028F4D06589033DADB2CD
:1036B000BD4209D3DDE900123B462046089603B01F
:1036C000BDE8F040FFF745BB4920E5E77FB50123A2
:1036D000ADF80C304FF6FF7305460E46ADF80E30D0
:1036E000044618B9204601F051F80446A4B120461A
:1036F00001F07DF8024668B93146204601F0A7F98D
:10370000022807D10123009303AA0423314620464F
:10371000FFF71FFB002DE5D004B070BD2DE9F0418F
:10372000054688B042F6052001F073FB064604A862
:10373000D8F7F6FD102205F121010DEB020008F08B
:10374000BCFF50B10121284601F068F8284601F07D
:1037500018FC6B6923F001036B6142F6030303A9B4
:103760000220ADF80C30D9F739F8012407464FF0A4
:10377000000820463A464FF6FF7101F00FFB044661
:1037800010B908B0BDE8F08101F0E6F80134A4B248
:103790000028EED0A64203D131462846FFF796FF17
:1037A0000DF10E0221462846ADF80E8001F04FF9CA
:1037B0000028DED0BDF80E300093012203462146DA
:1037C0002846FFF736FBD4E708B5D8F797FD002069
:1037D000D5F704FD002008BD10B90120D5F7F0BDD4
:1037E00070470220D5F7E2BD0020D5F7DFBD38B520
:1037F0000C460546D0F714FB4379C47523F0030348
:1038000043F0030343710923837104F10C03C37173
:10381000A0F81550153038BD2DE9F3410D46164678
:103820008046D0F7FDFA05F10C03C371437901908E
:1038300023F0030343F00303437109238371044618
:10384000A0F8158000F115073046FEF773FF2844F5
:10385000E07533463BB901A83146FEF776FF38469E
:1038600002B0BDE8F0815A7922F0030242F0020270
:103870005A711B68EEE708B5D0F7D8FA83790C3394
:10388000184408BD7047002070470F2070477047EC
:103890000020704713B5044601A80191FEF7A2FD70
:1038A000022208210020FEF7F1FD024648B183798B
:1038B0000C3318440521D15441700621204601F0F3
:1038C000C9FC02B010BD836843F40073836000201C
:1038D00070477047704700207047704708B5D5F7AC
:1038E000BFFCD9F7F5FED5F705F9D8F78DFBBDE894
:1038F0000840FFF779BF10B50446D5F72FFE20B971
:103900002046BDE81040D4F7DFBC2046D4F7DCFCED
:10391000FFF767FFF1E773B50E4600F030FB044692
:1039200010BB42F6072001F074FA0546E0B1B6F983
:103930000030002BCCBF0533053B4FF00A02CCBF53
:10394000B3FBF2F393FBF2F35BB28DF80730012384
:103950000DF1070200211846FEF731FF0022034651
:103960002946104601F068F9204602B070BD10B536
:103970000C46C1B120F0004340F2015293420DD0F9
:1039800008D8A3F20543012B08D92046BDE8104012
:10399000D5F708B840F203529342F6D104F108007B
:1039A000FEF720FDF1E710BD430803F05503C01AF0
:1039B00000F03303C0F3850000F03300184400EB3F
:1039C000101000F00F00704710B5421D441E00217A
:1039D00014F8010FFFF7E8FF94420144F8D10846BC
:1039E00010BD08B500F090FD002008BD08B50078B6
:1039F000D7F764F808BD704708B5D7F733FFD7F796
:103A0000B1FF08BD2DE9F04383780D2B93B00D462F
:103A10004FD10BAC821C00F11A0326461068516886
:103A2000274603C708329A423C46F7D113883B80A9
:103A30001C212846FEF737FFBDF82E4014F00C0479
:103A40003FD1296805910846FEF774FE871EA742FC
:103A500005990CDA4FF0FF3400239C428DF8243096
:103A60001DDBA31C012209A8FEF7B2FC17E0631CB2
:103A7000012207A80591FEF7ABFC9DF81C300599C3
:103A8000012BE9D02346012209A8FEF7A1FC9DF8ED
:103A9000243013B101331C44D9E78DF82430D7F713
:103AA00087FF012808D002283FD050B92846FEF7EA
:103AB00099FC13B0BDE8F0839DF8243013F0010F9A
:103AC000F4D09DF83700D6F7CFFB80469DF838003C
:103AD000D6F7CAFB0DF124099DF8302004460DF1FC
:103AE000310107A8D5F7E8F89DF83E200DF13F0118
:103AF0004846D5F7E1F807A800F01CFC07ABCDE974
:103B000001050746CDF8009022464146304600F0B8
:103B100011F82B68002BC9D0CDE9007507AB224600
:103B200041463046D5F7C2FEC0E79DF8243013F079
:103B3000030FC5E77047D6F745BBD6F7FFBC704704
:103B400070477047704700F0F1BB70477047002026
:103B50007047704770477047F8B513681D0A0446F0
:103B60000F46164604350A46002108F0DEFDEDB288
:103B7000204621223946FEF782FB20462946FEF7E1
:103B800009FCA07933680444E360F8BD08B500F08F
:103B900092FC002008BD704770477047704702468E
:103BA0004FF482712020FBF70CB9FFF7C6BF08B5B0
:103BB000014600F03800D6F77DFB78B1D0E901323C
:103BC000407810F0020F08BF1346C1F30741043BD1
:103BD00053F8040F10B102788A42F9D108BD38B504
:103BE00005460C4604B938BD013C55F824301B6924
:103BF000002BF7D09847F5E7F8B54378DB07054683
:103C000001D4D6F797FB6B786F6823F00C0343F071
:103C100002036B70002657F826402CB905F10C0101
:103C20002020D4F755FE0FE0A3680136002BF2D018
:103C3000984704460028EED031463846FFF7CFFFBC
:103C40006B7823F002036B702046F8BD4078C0F318
:103C500040007047437813F00E0F0CBF0120002086
:103C6000704707B5D6F7D0FB0190D6F7E5FB019872
:103C700003B05DF804FB4FF48270704708B5D6F7C7
:103C800019FBC068003818BF012008BD08B5D6F779
:103C900011FB20B1BDE80840C068FEF75BBC08BD61
:103CA00038B5D6F707FB044650B1F7F719FD0546BE
:103CB00004F10C00FEF7B4FB04462846F7F716FDA6
:103CC000204638BD37B58379019003440446D8684F
:103CD00000F03800D6F7EEFA054690B12046FEF720
:103CE0008BFBF7F7FDFC0199044605F10C00FEF78C
:103CF0002CFD2046F7F7FAFCCCF73CFF002003B080
:103D000030BD01A8FEF76EFB0220F8E72DE9F8436D
:103D10000502984620F47F44C0F3072305F4E065CC
:103D20001D4324F0C7048B7905EB080744F0800499
:103D300044EA17243F020C33BFB20E463C43CC503A
:103D400001EB030930461146FFF7BCFF28B94D448B
:103D500085F803804846BDE8F8834FF00009F9E78D
:103D6000427810B50432044601F00400D2B20021BA
:103D700040F02900FEF78AFB18B1837922680344DA
:103D8000DA6010BD10B50021FFF7EAFF044608B95C
:103D9000002010BD0179FFF795FF0028F8D1A07928
:103DA0000C302044F5E72DE9F04117461A46036828
:103DB0001C0204F4E064C3F307231C4301F0040174
:103DC00041F02905043406463B4621462846FEF7C5
:103DD000F6FC804650B1E1B2FEF7CAFB30683B46C4
:103DE0002A464146BDE8F041FFF790BFBDE8F081AB
:103DF000F0B501F0040185B041F029050024076801
:103E000029460646106814600390FEF7F5FA0398F9
:103E1000FEF790FC390201F4E061C7F3072739434C
:103E200001900122043103A8FEF7E2FB019B28B1B7
:103E300003A8FEF7D7FA204605B0F0BD0399306815
:103E40002A46FFF763FFF7E72DE9F843DDE9089815
:103E50000D464946044616461F46FEF73FFC70B91C
:103E60002068FEF767FCA0EB09012046FEF742FD43
:103E700000232068236088F80070BDE8F883236879
:103E8000002B18BF354688F80050F6E70020704731
:103E9000F0B585B00D468DF80700174622B91BB95D
:103EA0000124204605B0F0BD9DF807002946FBF728
:103EB00066F80646E8B99DF807002946FBF765F85D
:103EC000A8B9012427B9FBF748F80028E9D1E7E7AA
:103ED0009DF80700003818BF01200EB104B102ADF3
:103EE0002946D6F757FB441C18BF0124D9E73446AE
:103EF000D7E7012202A90DF10700FBF744F80446B9
:103F0000E0E770477047914270B50D4614461E4673
:103F100014D2FEF7A1F8641B013490FBF4F101FB0D
:103F2000140425443580FEF797F833880133B0FB3D
:103F3000F3F202FB1300049B188070BD1A80F2E7B5
:103F40007047704738B50446FBF742FE054658B93E
:103F5000C820D3F7DFFEC82202212846D3F798FEF7
:103F6000A042A8BF204604B22046D3F7D3FEFBF7F9
:103F70002FFEBDE83840C8220221D3F789BEB0F930
:103F80000020B1F900309A422DE9F04704460D4671
:103F900048DCF7F7A5FB8046CEF754FC00283ED15D
:103FA000D3F76CFE8246FBF713FEC8220221D3F73B
:103FB0006FFEB5F9002047F6FF739A42814602D1A1
:103FC000D3F780FE2880B4F9002047F6FF739A42A9
:103FD00002D1D3F771FE2080B5F90000FFF7B2FFE0
:103FE000B4F900308342C8BF20800746B4F900000E
:103FF000D3F76EFEFBF755FE064658B15046D3F791
:1040000067FE4846D3F786FE4046F7F76FFB30461B
:10401000BDE8F087D3F732FE20802F80F4E741F22D
:104020000C06F1E72126F2E7A0F86A107047012399
:1040300003FA01F190F86D30194380F86D10704764
:1040400008B50120D4F764FAC0B208BD08B5012054
:10405000D4F75EFA0146D6F767FC081AC0B208BD6D
:1040600083790C33184470471438704710B50446F0
:10407000A1F11400FEF75EFB201A20EAE07080B286
:1040800010BD70B51C460D461646FFF7EFFFA04267
:1040900007D322463146A5F11400FEF760FB01204C
:1040A00070BD0020FCE710B50A4604460821002038
:1040B000FEF7ECF910B1837903441C7310BD08B509
:1040C000FFF7F1FF10B183790C33184408BDF7B541
:1040D0000646174600200A4608211D46FEF7D6F977
:1040E0000446019048B12A463946FEF738FB85421E
:1040F00006D901A8FEF776F90024204603B0F0BDEA
:10410000019A93790C33D418D654F6E707B520B149
:104110001438019001A8FEF765F903B05DF804FBBF
:1041200011B11439D6F756BC1A20704738B5044679
:104130000D4602200321FFF7C2FF014608B1A0F897
:1041400001502046BDE83840FFF7EABFF8B5044605
:104150000F460120052116461D46FFF7B0FF014618
:1041600038B14770468005712046BDE8F840FFF73A
:10417000D7BFF8BD38B50D46032104460846FFF702
:104180009EFF014630B1A0F801502046BDE83840FE
:10419000FFF7C6BF38BDE0B54589013DADB29542D8
:1041A00028BF154606460A461F4601212B460B200E
:1041B000FFF78DFF014628B13D803046BDE8E04065
:1041C000FFF7AEBF1A20E0BDE0B54589013DADB2B5
:1041D000954228BF154606460A461F4601212B4632
:1041E0000D20FFF774FF014628B13D803046BDE841
:1041F000E040FFF795BF1A20E0BD10B5012104464D
:104200001320FFF75CFF014620B12046BDE81040B7
:10421000FFF786BF10BDF7B54489019305461846E0
:104220000F461646FEF786FA053CA4B2844203DA2E
:10423000011B01A8FEF75EFB01980521FEF7BCF902
:1042400028B901A8FEF7CEF81A2003B0F0BD837993
:104250000C33C2181721C1540146A2F80170A2F80C
:1042600003602846D6F7B6FBEFE710B501210446F8
:104270001920FFF724FF014620B12046BDE8104079
:10428000FFF74EBF10BD70B54489033CA4B2A342F2
:1042900005460E4628BF234603211B20FFF717FFC4
:1042A000014668B110F80F3CA0F80160012262F3EA
:1042B000071300F80F3C2846BDE87040FFF730BFF9
:1042C0001A2070BD70B54489033CA4B2A3420546D0
:1042D0000E4628BF234603211D20FFF7F8FE0146A6
:1042E00030B1A0F801602846BDE87040FFF718BF64
:1042F0001A2070BD4B88042B07D1C36C08885B89DA
:1043000098428CBF0020012070470020704710B5F4
:104310000C4600F035FA18B143892380002010BD07
:104320002520FCE70020704700F007B80020704708
:1043300000F005B84FF0FF3070470E2070470020A6
:10434000704707B501228DF807100DF10701FEF740
:1043500006FA03B05DF804FBF0B5054685B04FF4EE
:1043600028500C4600F055FD019000F0F5FAB0B36E
:10437000022C019902D8002005B0F0BD00270DF1F4
:104380000D030DF10E023846ADF80E7000F026FC5C
:10439000BDF80E20631E934206461EDC072C1AD978
:1043A000023CADF80E400824BDF80E30002BE2D0E0
:1043B0000133D9B22846FFF7C4FF21462846FFF74C
:1043C000C0FFBDF80E2031462846FEF7C8F9BDF8FB
:1043D0000E000230D0E7ADF80E700924E4E74FF08C
:1043E000FF30C9E72DE9F043054685B018460E4673
:1043F000174600F00EFD019000F0AEFA019988B367
:104400004FF000080DF10D030DF10E024046ADF81E
:104410000E8000F0E3FBBDF80E40BDF830108C427A
:1044200028BF0C468146B4429DF80D0028BF344693
:10443000ADF80E40C8B9ACB10134A2B2964211D960
:10444000E1B22846FFF77DFF39462846FFF779FF9E
:10445000BDF80E2049462846FEF781F9BDF80E301A
:104460000233D8B205B0BDE8F0834046FAE770B534
:104470001546064608460C46D6F7F0FA6B1E042B86
:104480000BD9A36A657543F01603A362D4F76CFBDE
:104490003046BDE87040D6F71BBC032DF1D0A379A0
:1044A000142B06D0FFF7D2FD0028EAD141F2090013
:1044B00070BD2120FCE77047836A5B055ABFC06A64
:1044C000C0F300100020704710B5437D042B044654
:1044D00001D1002010BDC36ADB06FAD590F8323056
:1044E000012BF6D1027D042A0CD18069FEF722F956
:1044F0001F28EED8E069FEF71DF91F288CBF0020A9
:104500000120E7E71846E5E7704737B50D4600217B
:10451000044601915BB9204601AA2946D7F7C6F89F
:10452000044601A8FDF75EFF204603B030BD0846F3
:10453000FEF745F901900028EDD11A24F4E710B5F3
:104540000446FEF7A3FA10EA04020AD014F00502AA
:1045500007D0C34363F0050323420CBF01200020B2
:1045600010BD1046FCE77047002337B580F86E3069
:1045700040F6FF73A0F86A3083688181DA0404464C
:104580000D4611D443F48063A3606A4640F20321D0
:104590002046ADF804500094FDF758FE0021204657
:1045A000D6F732F903B030BD90F87200D6F756FE58
:1045B000A36823F48053E7E71FB590F870200190BB
:1045C00002F0010304468DF808300BB102F002033B
:1045D0008DF80930204694F871308DF80A30ADF826
:1045E0000C10FFF754F901AA4FF401712046FDF7B2
:1045F0002DFE2046D6F7B6F904B010BD07B50190E0
:10460000D4F70EFB019903B05DF804EBD6F76AB856
:10461000D6F7D2B8FFF714BD0A460021D8F752BE2C
:1046200013220121D8F74EBE826838B5C2F380321A
:104630000446B0F86A000D46D8F7BAFE20B9A36860
:104640001DB143F40053A36038BD23F40053FAE7CF
:1046500083791A0705D413F0100F14BF0120FF202F
:104660007047002070477047002070471120704746
:104670001120704710B5044660B1C06C50B1D7F737
:104680002BFDE06C0028FAD120460321BDE8104044
:10469000D6F7BAB810BD43898B4210B5044612D084
:1046A0000420D4F75FF9024668B1236893F86C30B0
:1046B00003706389438040F2014104F10C00BDE8BE
:1046C0001040FDF77FBD10BD436943F00403436113
:1046D0007047436923F00403436170474069C0F3A6
:1046E00080007047006847F230530022D3F7B2BD14
:1046F0000068FDF73DBD38B543699B0704460D468C
:1047000003D540F20941FFF7F3FFD6F77BF908B173
:10471000A3691D70204640F20941BDE83840FFF70B
:10472000E1BF38B5037C012B04460D4609D040F2A9
:10473000094301209942207404D040F20A4399426F
:1047400011D038BDD4F70EF902460028F9D0204622
:104750004FF4816150F80C3B93F86C301370BDE856
:104760003840FDF72FBDD4F7FDF802460028E8D009
:104770002046294650F80C3B93F86C301370EEE756
:1047800008B5D6F703F800B1C06C08BD08B500B194
:104790000068D6F709F808B9034602E0C36C002B9D
:1047A000F7D0184608BD10B5044642F62A3000F08E
:1047B00030FB031B5842584110BD022806D108881F
:1047C00042F62A33C31A58425841704700207047B6
:1047D00010B5044642F6293000F01BFB031B58427B
:1047E000584110BD90F8200000F0010070471FB53F
:1047F00004466846D7F794FD1022694604F121006B
:1048000007F05BFFB0FA80F0400904B010BD08B5B6
:10481000FFF7EDFFB0FA80F0400908BD70B504461F
:1048200000F1210591B92846D7F77AFD236893F95D
:104830007100FFF77DFD78B120682B4690F971007B
:10484000BDE8704010220D21FFF76EBD102200213F
:10485000284607F06AFFE9E770BD38B590F82020D8
:104860000546002341FA03F0C40703D442FA03F0DB
:10487000C0071ED40133082BF4D101F001042B68CA
:10488000224385F8202093F97100FFF751FD40B1D4
:104890002B46012253F8200B0C2190F97100FFF7F1
:1048A00043FD24B100212846FFF7B8FF002420462D
:1048B00038BD1324FBE768B13F290AD800EBA100FB
:1048C00001F0030190F831004900084100F00300B5
:1048D00070470020704710B50368044693F97100D3
:1048E000431C0DD0FFF724FD50B12346102253F88E
:1048F000310BBDE8104090F971000B21FFF714BD9A
:1049000010BD10B590F87030DB0707D5847CFEF73A
:10491000E2FF844234BF0C20002010BD0F20FCE7D2
:1049200030B585B004466846D7F7FAFC10216846D2
:1049300000F0E6FC2046D8F7BDF8C2686B460632A8
:1049400004AD1C4603CCAC4210605160234602F11A
:104950000802F6D105B030BD08B5D8F7ABF808B1FC
:10496000D8F77CF8C0B208BD013810B580B2D8F7CE
:10497000A1F8044608B9002010BD408800F099FB5A
:104980000028F8D0207BF7E708B5D8F793F818B1DE
:10499000007AC31F5842584108BD70B50546044609
:1049A00055F8213B93F97100431C04D12846BDE81A
:1049B0007040D7F7B5BCFFF7BBFC0028F6D0234604
:1049C000102253F8310B0B2190F97100FFF7AAFC6C
:1049D0002346012253F8200B0C2190F97100FFF7B8
:1049E000A1FC20682B4690F97100BDE870401022B0
:1049F0000D21FFF797BC01302DE9F04185B2284623
:104A00000E46D8F757F842F60217044642F6030856
:104A10009CB12046D8F722F878B1204600F058FB28
:104A2000B84205D10EB123883380607BBDE8F081A8
:104A3000204600F04DFB404502D14FF0FF30F5E736
:104A40000135ADB22846D8F735F80446E0E72DE940
:104A5000F04707460E4690460D4642F6021942F6CA
:104A6000030A0135ADB22846D8F724F8044650B100
:104A7000D7F7F4FF38B1204600F02AFB48450BD1A8
:104A8000237A072B10D041463046FFF7B4FF431C72
:104A9000014604D1002008E05045E2D1F3E7384652
:104AA000BDE8F047FFF707BF0320BDE8F08770B50A
:104AB000054608461446D7F7FDFF064608B901200B
:104AC00070BDD7F7CBFF0028F9D0E20713D4A307B6
:104AD00033D4630702D5B388580731D514F0060FD5
:104AE00030D114F40060EBD0B38813F4006F14BF1E
:104AF00000200620E4E7B388D80740D513F0700300
:104B000009D02868FFF7FDFEB38899060AD50F285B
:104B100003D10520D4E71846F6E72A6892F87020FA
:104B20009207F6D50028CBD15906D0D52B6893F93A
:104B300071300133CBD10820C2E7B3889A07C8D4BB
:104B40000320BDE7B38813F4E06316D02868FFF7AD
:104B5000D8FEB388990506D50F28DAD02A6892F8CE
:104B600070209207D5D50028AAD15B05B9D52B684E
:104B700093F971300133B4D1DDE71846E9E702203B
:104B80009EE738B504460846D7F794FF054608B9AE
:104B9000012038BDD7F762FF0028F9D0AB8813F4A5
:104BA000E04317D02068FFF7ACFEAB88990406D528
:104BB0000F2811D0226892F8702092070CD5002897
:104BC000E7D15B04E5D5236893F97130013308BF61
:104BD0000820DEE71846E8E70520DAE72DE9F04788
:104BE0004FF0000983F800900446A2F800900846B0
:104BF0000F4616461D46D7F75DFF804620B90123B4
:104C00002B700020BDE8F08774B1D7F727FF00288C
:104C1000F5D03846FFF7DCFD30B1012385F8009070
:104C200004F120003380EDE72B4632464146204612
:104C3000BDE8F047D7F700BB2DE9FF41064608461F
:104C4000884617460393D7F735FF044638B903A8BB
:104C5000FDF7C8FB0125284604B0BDE8F0811EB170
:104C6000D7F7FCFE0028F2D0237A072B22D8DFE802
:104C700003F00C1B1E04110C0C160225AF421BDDA9
:104C800003A8FDF7AFFB0725E5E703A8FDF7AAFB9F
:104C90000325E0E703A8FDF7A5FB0625DBE703A84E
:104CA000FDF7A0FB8025D6E7E2685588E6E7E268D5
:104CB0009588E3E70025E1E7022B08BFE368039846
:104CC00008BF5D8850B1FDF735FD82B2D319AB4204
:104CD00006DD03A8FDF786FB0D25BCE70246F5E7D8
:104CE000257A022D27D0032D28D0012D41D1E0684F
:104CF0000399063000233844FDF76AFB002E39D0B3
:104D0000237A032B41D103A8FDF76CFB0021204639
:104D1000D7F78AFE002834D00588617B3046FFF73C
:104D2000CAFD01220346CDF8008029463046FEF731
:104D300080F800258FE7E0688380D9E7039B9A79A4
:104D4000D979891AC9B2481E012818D813440229F2
:104D50001A7B04BF5B7B42EA0322237B18BF92B21B
:104D600032EA030307D1617B01233046D7F73AFAD1
:104D7000C4E756B9002503A8FDF734FB6BE70D2502
:104D8000F9E708F1FF35ADB2C7E7039B0093327F27
:104D90003B4641463046D4F711F8CAE7884270B521
:104DA0000D46164612D8012838BF01200446204679
:104DB000D7F780FE10B14388B34208D00134A4B2C3
:104DC0002046D7F75BFE08B1A542F0D2002420466A
:104DD00070BD70B50C4616461D460146B8B1B3B15C
:104DE000022C01D0102C12D1E0B2D7F7F7FC4FF60D
:104DF000FF718842024602D141F20A1070BD30466E
:104E0000FFF7CCFF0028F7D028800020F6E721200C
:104E1000F4E707B500238DF80400000A8DF80500BB
:104E2000ADF8063001220DF10603022101A8FFF7BB
:104E3000D0FFBDF8060003B05DF804FBF8B5441CD4
:104E40000F461646A4B22046D7F734FE10B9013CEF
:104E5000A0B2F8BD00F03CF90546304600F014F968
:104E600020B1284600F010F90028F0D1304600F0BB
:104E700004F920B1284600F000F90028E7D10134F8
:104E8000A4B22046D7F7FAFD08B1BC42DBD94FF6F1
:104E9000FF70DEE72DE9F04F87B00D4600938B8859
:104EA0000C888DF8103082461B0A04A902208DF868
:104EB00011309046D7F792FCAB68AF8905938146D5
:104EC000A88800F0DAF838B1102F05D105A8D7F777
:104ED0006BFC022808BF02274FF6FF7B33E04A46EF
:104EE0002046FFF75BFF064680B3AA886988FFF774
:104EF000A5FF04463046FFF72FFD00B30DF10F0369
:104F00000DF1120231465046FFF768FE9DF80F3052
:104F10002BB1A8F80060184607B0BDE8F08FBDF8C7
:104F20001220BA420BD1059901933A4607F0C5FB0E
:104F3000019B20B9009AA8F800601480EBE75C455B
:104F400001D00134A4B26988A142C8D80A23E2E79B
:104F500008B5D7F7AFFDBDE8084000F0B9B838B5DF
:104F600005460846D7F7A6FD044610B94FF6FF7070
:104F700038BD0DB96088FBE7D7F770FD0028F9D17F
:104F8000F4E770B5044642F60520FFF742FFB0B1E2
:104F90000021FFF730FD054601462046FFF78BFC58
:104FA00010220646002104F1310007F0BEFB324614
:104FB000294620460023BDE87040D7F713B970BDDD
:104FC0007FB505460C4610220021684607F0ADFB70
:104FD0000026A3575A1C1CD031462846FFF76BFC0D
:104FE000002B19460246B8BFD91C04A800EBA1014A
:104FF000584200F0030003F0030358BF434202F09D
:1050000003025B0002FA03F311F8102C134301F8BA
:10501000103C0136402EDCD16B4605F1310404AE64
:105020001A4603CAB24220606160134604F10804C4
:10503000F6D1284604B0BDE87040FFF74CBC037AB7
:1050400023B1013B012B06D900207047C3681888A3
:10505000023080B27047C36858880630F9E710B54F
:105060000446D7F72BFA4FF6FF73984204D1204637
:10507000BDE81040D7F7FCB910BDA0F520500128BD
:105080008CBF00200120704742F60303C31A584228
:105090005841704708B5030409D4D7F73FFAA0F583
:1050A000205080B201288CBF0020012008BD0020C4
:1050B000FCE7020408B507D4D7F730FA42F6030339
:1050C000C31A5842584108BD0020FCE7C00B704786
:1050D00003464088B3F90230002B01DBD7F71EBA34
:1050E0000020704708B5FFF7F3FFA0F5205080B20D
:1050F00001288CBF0020012008BD70B51D46044664
:105100001646D7F72FFCEB43844200D970BD617A75
:10511000314315B961721034F6E71940FAE770B5FA
:105120000D461646D7F7C6FC044650B1FFF7DAFF26
:1051300038B1204633462A460121FFF7DEFF002022
:1051400070BD2120FCE72DE9F7431C46C307019100
:1051500015461DD510F0020F48F6010340F6010771
:105160004FF4205818BF1F46022D06D0102D36D1FF
:1051700001A8D7F719FB022800D10225012200213E
:105180001046D7F707FA40B91A2003B0BDE8F083FC
:1051900040F6010742F60108E6E7A81CC0B2D7F7BF
:1051A00049FA1FFA85F906460028EDD02A460199EA
:1051B00020F8029B07F091FA0120D7F7C9F90546BC
:1051C0004046FFF74CFF4FF6FF7368800020AF802A
:1051D000EB802872EE6024B12B882380D5E7212054
:1051E000D3E72046D1E740222021FFF798BF2022B5
:1051F0004021FFF794BF4B88052B05D108880E2866
:105200008CBF00200120704700207047F8B505468C
:105210000F46164604210A220020FDF737F9024600
:10522000B8B184790C340319052100204FF0060C25
:10523000D870997002F804C013241C715F710224A5
:105240005870D8719C711E812846BDE8F840D4F78B
:1052500003B9F8BD73B50546104601920C46FDF73B
:1052600069FA042186B20198FDF7A6F9024628B929
:1052700001A8FDF7B7F81A2002B070BD837901903C
:105280000C33C1184C80C65221462846D4F7E4F8A6
:105290000020F1E72DE9F041064688461746042133
:1052A0000A220020FDF7F2F80246B8B185790C35E4
:1052B00043190024052106209970DC705055012007
:1052C0001871022098715C70304683F80580DC719B
:1052D0001F81D4F7C1F82046BDE8F0811A20FBE712
:1052E000002070470020704707B501A80192FDF724
:1052F00079F803B05DF804FB7047002070477047F1
:1053000010B5013903461A1A914200D810BD445C09
:105310001A7803F8014B42540139F4E701440023A1
:10532000884200D1704700F8013BF9E707B50378E0
:105330000D2B41D8DFE803F00C1A222A324B540718
:10534000171F272F435148F209014FF6FF7039E02C
:10535000031D012248F209014FF6FF7003B05DF80A
:1053600004EBD8F791BD48F20C01EEE7031D0122D2
:1053700048F20C01F0E748F20F01E6E7031D0122B5
:1053800048F20F01E8E748F21201DEE7031D0122AF
:1053900048F21201E0E748F22401D6E703798DF8DC
:1053A000043043798DF80530022201AB48F2240124
:1053B0004FF6FF70D8F768FD03B05DF804FB8088F6
:1053C00048F2420103B05DF804EBD8F76BBD831DD2
:1053D0000122808848F24201C0E748F22301B4E785
:1053E00003798DF8043043798DF8053083798DF891
:1053F0000630032201AB48F22301D9E70122D9F795
:1054000021B938B51C464FF6FF73994206D11146B3
:1054100000F089F908B12060012038BD00F091F951
:10542000F8E7F7B50F46154600F0A1F900260196FA
:105430003E70044610B3ADF80260FDF77BF902221E
:10544000C31E21460DEB0200FCF7C2FF2046FDF70C
:1054500071F90122431E21463846FCF7B9FFBDF819
:1054600002302B6031462046FDF718F803210190E9
:1054700001A8FDF73FFA019803B0F0BD2860FAE7F4
:1054800070477047704770477047704702464FF447
:1054900082712820F9F795BC704708B5D9F7BAFF93
:1054A00000B1008808BD73B506460DF106000D4633
:1054B000F5F79CFD044658B9BDF80600A9B256B1EF
:1054C000F5F7ACFD0446BDF806003CB1F5F7E0FD8C
:1054D000204602B070BDF5F7B5FDF3E7F5F7C6FD60
:1054E0000446F5E7704708B522F00042A2F5805067
:1054F000DAF760FB012008BD08B1DAF72BBCF5F73D
:1055000007BE081A18BF0120704700210846E2F7BD
:105510001BBA10B518461146DAF7EEFC044660B126
:1055200021F0004049F20102904208BF2068D4E90E
:10553000033198472046DAF7EBFC002010BD014606
:1055400020B1102242F2300004F041BC212070470B
:10555000FDF79ABAD3F706BAD3F724BA13460A4628
:1055600001460020DAF718BD49F20101DAF76ABEF8
:10557000FFF7FABF07B5CAF711F96A46CAF7C2F9C9
:1055800048B9DDE900014FF47A720023F4F7E8F935
:1055900003B05DF804FB0020FAE7CAF7FFB870B566
:1055A0000D460446CAF714F94FF47A760246A4FB76
:1055B0000601002306FB0511F4F7D2F970BD10B502
:1055C0000446CAF705F94FF47A720023A4FB0001E0
:1055D000F4F7C6F910BD08B50B4601461846D3F7D7
:1055E00065FA002008BDD9F76FBE002103460246C8
:1055F0000846D8F711BF10B420B119B15DF8044BBB
:10560000D9F736BE21205DF8044B7047D9F74ABE62
:1056100038B505460024EBF70FF9A04201D8002069
:1056200038BD2046EBF70EF90146284605F0B4F9DF
:105630000134F0E72DE9F047F2B0B3F5C67FDDF8AD
:10564000E89180460C4617461D4606D91846FFF7D6
:105650007FFF064610B919243CE00FAE07AB04F1FA
:10566000080C206861681A4603C208346445134672
:10567000F7D12068106022791A710DF12C0A7B99FC
:105680004A46504607F029F80023CDE90233CDE918
:10569000049ACDE900652B463A4607A9404604F036
:1056A000EEFA044620B92A463146384607F015F886
:1056B0002946304603F013FAB5F5C67F02D93046C5
:1056C000FFF74AFF0D2107A803F009FA1021504601
:1056D00003F005FA204672B0BDE8F087830B012B7A
:1056E0000CD0022B0AD01BB9003818BF012070471C
:1056F000B0F57F4F2CBF0420032070471846704739
:105700000020FFF785BF07B5E1F7DCFB30B10DF1F5
:10571000060101F0B3FA20B9BDF8060003B05DF848
:1057200004FB0020FAE707B50191E1F7CBFB28B1B4
:10573000019903B05DF804EBE1F7A4BC03B05DF898
:1057400004FB07B5CDE90021E1F7BCFB30B1DDE991
:10575000002103B05DF804EBE1F7C4BC03B05DF8D1
:1057600004FB00F0C0BE00F018BF00F014BF01F051
:10577000A8B801F0AAB870B50E46054608B92120B0
:1057800070BD0120E7F71AF804460028F7D1284633
:1057900000F005FFA04205D831462846BDE870401C
:1057A00000F005BF2146284600F0FCFEB04201D0C3
:1057B0000134ECE740F20150E2E707B500220B4666
:1057C0000092114603F050FD03B05DF804FB13B5E1
:1057D00013460446002208460092214603F055FD78
:1057E00002B010BD38B50D46044648B141B100F0D5
:1057F00026FF28B129462046BDE8384000F03ABFD0
:10580000212038BD38B50D46044648B141B100F0FD
:1058100016FF28B129462046BDE8384000F058BFA1
:10582000212038BD10B5044638B100F008FF20B182
:105830002046BDE8104000F0DCBD212010BDE0F79F
:10584000F7B9E1F77DBC02F03EBD2DE9F04FF3B0B2
:10585000DDE97C9A884617469B46044600285DD0C1
:1058600000295BD0002A59D0002B57D009F1FF3313
:105870000F2B53D8BAF1000F50D00BF11006B6F52C
:10588000C67F06D93046FFF763FE054610B91924D6
:1058900040E00FAD434607AA08F1080E18685968A2
:1058A0009446ACE80300083373456246F6D11868A5
:1058B000CCF800001B798CF804300DF12C08002383
:1058C000CDE902332046CDE90498CDE900565B4688
:1058D0003A4607A904F083F9044648B94A464146C6
:1058E000504606F0FAFE5A462946384606F0F5FEBE
:1058F0003146284603F0F3F8B6F5C67F02D92846AC
:10590000FFF72AFE0D2107A803F0E9F81021404611
:1059100003F0E5F8204673B0BDE8F08F2124F9E7E5
:105920002DE9F04385B000241646DDE90C980D46BC
:105930001F460394024600B3F9B1F6B1EBB109F189
:10594000FF330F2B19D8B8F1000F16D0204603AB48
:105950004946E8F7F7FF044640B9CDE900980398B7
:105960003B4632462946FFF770FF044603A804F081
:1059700038F8204605B0BDE8F0832124F6E7F0B4FE
:10598000DDE9047C58B151B14AB143B17C1E0F2C02
:1059900005D8BCF1000F02D0F0BCFFF74BBE2120B0
:1059A000F0BC70472DE9F04385B000241646DDE9D0
:1059B0000C980D461F460394024600B3F9B1F6B1A8
:1059C000EBB109F1FF330F2B19D8B8F1000F16D046
:1059D000204603AB4946E8F7B5FF044640B9CDE998
:1059E000009803983B4632462946FFF7C8FF044615
:1059F00003A803F0F6FF204605B0BDE8F08321249C
:105A0000F6E7F0B5002487B00E4617461D4602465D
:105A100001AB2046FF210194E8F794FF044698B9B2
:105A2000019802AB3A46314604F07BF8044658B977
:105A30002B4602AE06AD324603CAAA421860596030
:105A4000164603F10803F6D101A803F0CAFF02A825
:105A5000102103F044F8204607B0F0BD70B50E46A3
:105A600086B014460546E8B1E1B1DAB1E7F742FE87
:105A70000346A0B901AAB1B2284604F07AF8034659
:105A800068B901AD224605AE2C4603CCB442106085
:105A90005160254602F10802F6D1206810601846D0
:105AA00006B070BD2123FAE7E1F7C0BCE1F7DCBC2A
:105AB000E1F750B9E2F76CB8E2F7AAB808B5FFF71A
:105AC0000DFE012818BF022008BD032070470220E8
:105AD000704737B5002501A90195DAF70FFD019B45
:105AE000044613B12846DAF705FF204603B030BD5F
:105AF00037B5002501AB0195DAF7D4FC019B0446CC
:105B000013B12846DAF7F6FE204603B030BD08B5DB
:105B10000020E1F779FC18B902F063FB002008BD12
:105B2000DAF736FFFAE708B5E3F778FA10B9032198
:105B3000E1F770FC0022BDE8084001211046D8F7CB
:105B400085BB13B5044640B10020E1F75DFC032896
:105B500003D101210020E1F75DFCE3F75FFA58B1C2
:105B600054B90DF10600ADF80640E3F75FFA58B1FD
:105B7000BDF80600E3F7DAFE22460321002002B05A
:105B8000BDE81040D8F762BBE3F766FA0028F3D00F
:105B9000E2F710FB01F097F9EEE7F8B5BDF8185001
:105BA0000C46691C0155A61C0134A4B2B7B20255BB
:105BB00019462A4610FA86F006F08FFDE81980B2E1
:105BC000F8BD30B585B09AB190B189B1B3F5805FB9
:105BD0000ED29DF828400394BDF824400294089CFE
:105BE000CDE9003413460022DCF718FC05B030BDC7
:105BF0002120FBE7F0B5054685B00E461C4617464A
:105C00006AB361B3B3F5805F29D2E1F7FDFB0128E8
:105C100009D0042825D100210220E7F74DFA2146BA
:105C20000020E7F749FA03212846E1F7F3FB9DF846
:105C300030300393BDF82C3002930A9B0021CDE94C
:105C4000004332463B460846DCF7E8FB044618B9F9
:105C500004212846E1F7DEFB204605B0F0BD2124F3
:105C6000FAE70224F8E710B5044604B910BD04F1C0
:105C70000C004522002106F058FD2468F5E72DE9C7
:105C8000F04F8FB005460020DDF87CB0DDF884A031
:105C9000DDF88C90259C0D900E4617469846FCF733
:105CA000D4FB0D9050B91A240D98FFF7DCFF0DA816
:105CB000FCF798FB20460FB0BDE8F08FBDF87810D8
:105CC0004FF6FF720CA804F01BFD0CA902460B90C6
:105CD0000D98FCF76AFB0B9A8242E4D1BBF1000FEE
:105CE0001ED19DF8743006939DF8703005930D9B7E
:105CF000BDF868109DF864000022CDE90323BDF8CB
:105D000060300792CDE901220093CDE90867BDF824
:105D10006C204346A84704460028C5D10D90C3E730
:105D200020990D985A46FCF71AFD5845BBD1BAF197
:105D3000000FD6D022990D985246FCF710FD504521
:105D4000B1D1B9F1000FCCD024990D984A46FCF797
:105D500006FD4845A7D1002CC3D026990D982246B0
:105D6000FCF7FDFCA042BCD09DE710B508461146EB
:105D70001A461C46E9F722FF28B122884FF6FF7326
:105D80009A4218BF002010BD30B521F0010404EB89
:105D9000510411F0010109D1651C9D4204D8105530
:105DA000C0F303205055A11C084630BDA11C9942E8
:105DB00097BF651C0021535D43EA00139FBF00118C
:105DC00053555054E11CEFE710B50020DAF7F6FB0D
:105DD000044668B9DFF7B8F8044648B9E1F772F845
:105DE0000321E1F74FF918B1BDE81040DCF7B4BE6C
:105DF000204610BD08B5DAF7CFFCDFF783F8BDE821
:105E00000840DCF7C1BE08B5EBF7AAFC0C3800F07F
:105E1000FC0008BD37B50D4601A9DCF7C7FE0446F6
:105E200028B10198DDF7E2F9FFF7B9FB28602046B9
:105E300003B030BD024601210020DEF719BA00226E
:105E400011460120DEF714BA037803F07F03023B0A
:105E500010B5062B11D8DFE803F03A0434292911D4
:105E60001D00C38842795BBAC380B0F809305BBAC1
:105E7000A0F80930C3784371C27010BD01394908D8
:105E800000238B42F9D000EB43040133628852BAFD
:105E90006280F6E70139490800238B42EDD000EB20
:105EA00043040133628852BA6280F6E7B0F80130E9
:105EB0005BBAA0F80130B0F803305BBAA0F8033049
:105EC000DBE7B0F805305BBAA0F80530D5E7D0F8CD
:105ED00002301BBAC0F80230CFE730B4BDF808403A
:105EE000BDF80C50CDE9024530BCE6F7C5BEE6F77B
:105EF00091BEE6F78FBE00F018BF2DE9F0471D46B2
:105F00008AB00023CDE90833AB790C3305EB030AE3
:105F1000EF5C0DF124080DF11F030DF1200904932E
:105F2000CDF80C80CDF808904B8901930B89009334
:105F30000C46CB8816468A8800F001016088E6F797
:105F40009BFE0446D0B99DF81F3007F07F07BB4287
:105F500018D1504600F05AFE139B1860129B014660
:105F6000CDE900533046DDE9082300F04BFD04463F
:105F7000484603F036FD404603F033FD20460AB0A4
:105F8000BDE8F08741F20504F2E72DE9F04786B05D
:105F90000646DDF838900F4690469A46E1F7ECF950
:105FA000044610B906B0BDE8F08760880DF117010E
:105FB000E6F7CAFC054618B12046E1F7C5F9EFE758
:105FC000CDE9008A3B46324621460120FFF795FF86
:105FD000E0B19DF81730013B012BEDD82846CDE903
:105FE000008A3B4632462146FFF787FF05460028D8
:105FF000E2D102AE2188304600F0E6FC96E80300CC
:1060000089E80300C9F804500120CBE70125F0E737
:1060100010B5044604B910BD04F10C00452200215E
:1060200006F083FB2468F5E7F8B50546044655F805
:106030001C0FFFF7EDFF2846FCF7D4F9256A00276F
:106040009DB9264656F8200FFFF7E2FF3046FCF7D1
:10605000C9F9237A1BB1236829462046984728228C
:106060000021204606F061FBF8BDA96839B18E68B1
:106070004F7626B1CB68096800220120B0472D6811
:10608000DEE7F8B50646E2F7C9F8054630B383689F
:1060900023B300242827DAF777F990F82A309C42B6
:1060A00004D2AB6807FB04331B7A3BB9DAF76CF90F
:1060B00090F82A309C4203D11A200EE00134EAE71E
:1060C0002822A86854430021204406F02EFBAB6828
:1060D0001C443460E0F73EFE0020F8BD1120FCE7D0
:1060E0002DE9F84F9946037ADDF82CA0022B0746DC
:1060F0008846164645D1E2F791F80446002842D07A
:106100004368002B3FD0737943F001037371036838
:10611000013308BF01230360E2F780F8834610B91A
:106120001A20BDE8F88F4368002BF9D0DAF72CF974
:1061300090F82B2000231C219A42F1D9DBF804505F
:1061400001FB0355687EB8B940F201132B8385F833
:1061500010800A9BEB602368C5F808902B60BAF1A9
:10616000000F0BD107F120003146B560FCF7EDFAC6
:10617000E0F7F0FD0020D4E70133DDE7CAF8003096
:10618000F0E70220CDE71120CBE703230372C068BC
:10619000E8F7DABD2DE9F34107460D46E2F73EF890
:1061A0000646002846D08368002B43D000244FF0D9
:1061B0002808DAF7E9F890F82A30A34205D9B3683D
:1061C00008FB0433DB68BB4212D1DAF7DDF890F844
:1061D0002A30A3420ED12B78022B2BD155F8040F75
:1061E000FFF716FF284602B0BDE8F041FCF7FAB809
:1061F0000134DEE7B06828236343C418217A0229FA
:1062000013D0032900F08680012913D12A78012AAE
:1062100000F08480022AE1D062B902222272C358BF
:10622000204602B0BDE8F04118472B78012B75D00D
:10623000022B02D002B0BDE8F0816D6801952846BE
:10624000AE79FCF777FA80B201280AD935442B7B66
:1062500013F03C0F05D1627A03F03F0642B9032EDA
:106260000AD10198FFF7D4FE01A8FCF7BBF8E1E7DB
:10627000012A01D1032EF4D1E06930B1227EB2426D
:1062800003D02046FFF781FFEBE701998D799A094A
:106290000135DB098D7111D10028F2D14B79022A29
:1062A0006FF300034B711ED0032A25D0012A08D0BA
:1062B00063680A4631462046984709E00028EDD138
:1062C000DFE7FFF76AF9C4E90401019BE361267681
:1062D000E069002301930028C3D0FCF72BFAB0F546
:1062E000007FBED3CDE704F11C00FCF72EFAE06975
:1062F0000021FCF730FBEBE704F11C00FCF725FA6A
:10630000E0690021FCF727FBE26901920023E361C9
:106310006368CFE72B78012B7FF45EAF204602B095
:10632000BDE8F041FFF780BE0346D0F831000028F9
:10633000FAD1B3F83700704710B50446D0F83100F1
:106340000028FAD1DAF720F8408904EB4000393010
:1063500010BD38B50446D0F831000028FAD1DAF77C
:1063600013F84589DAF710F88089284404EB4000D7
:10637000393038BD837B024613F00100D37A18BF51
:1063800020200BB940F00400704770B5044658B3A4
:10639000C3885BB3FFF701F9054620460E46DFF7D9
:1063A000CFF8637B03F0070384F82730FFF707F982
:1063B00094F82730281846EB0101C4F80F00C4F800
:1063C00013106BB1637B3220DB0803FB0000FFF787
:1063D000F6F8281846EB0101C4F81700C4F81B10A2
:1063E000E0F7B8FC002070BD2120FCE740F214501B
:1063F000F9E738B5C38804468BB1D0F829304BB1E2
:106400009D683DB1FFF7B6FF01462046A84728B971
:10641000E0F7A0FC2046FFF7B8FF002038BD40F2AF
:106420001450FBE710B5D9F7AFFF40894400D9F706
:10643000ABFF808900EB40002044393010BD2DE9CE
:10644000F0438BB00646DFF7FBF80446C088ADF892
:10645000100080B2FFF742F9022808D1207A0DF12E
:106460001201E0F7E3FF40B10BB0BDE8F08310226A
:1064700000210DF1120006F058F9A27A637A43EA7E
:106480000223ADF82230E37A8DF82430237B8DF897
:106490002530637B8DF82630A37B9DF82720C3F33E
:1064A000000363F300028DF82720D4F83130B4F8EC
:1064B000358004F13909A3B92046FFF735FF0546B9
:1064C0002046FFF739FF07462046FFF742FF0095B9
:1064D000CDE901704B46424604A9304601F035FC37
:1064E000C2E70025ECE740787047C0F8291091B169
:1064F000CB6883B14FF0FF33C37780F8203080F84A
:10650000213080F8223080F8233080F8243080F861
:10651000253080F826307047F7B546884FF6FF776C
:10652000BE4204460B4615D1B24202D0002003B051
:10653000F0BD184601AA0221DFF72EFA002383429C
:10654000F4D032F8021BA5888D4201D00133F6E762
:106550000120ECE7D0F82930002BE7D05B681BB1B5
:1065600003B0BDE8F04018471846E0E7F0B5D0F8B2
:106570002940BDF81450BDF818609DF824E04CB1D6
:1065800024683CB1CDE90556CDF824E0A446BDE829
:10659000F0406047F0BD8088704740887047B0F891
:1065A0003500704700EB4101B1F83900704770B514
:1065B0000446B0F835600D46D9F7E6FE4389B3428C
:1065C0000FD0B4F835305A1C04EB4303A4F835203F
:1065D0002046A3F83950DFF715FABDE87040FFF701
:1065E0002EBF1A2070BD10B5B0F8352042B137303B
:1065F000002330F8024F8C4204D001339A42F8D87D
:10660000212010BD0020FCE713B542884FF6FF7330
:106610009A4210D100248DF8074080880DF10701BF
:10662000E5F78AFD28B99DF8070000F0010002B0E7
:1066300010BD2046FBE70078C0F34000F7E713B534
:1066400042884FF6FF739A4210D100248DF807401C
:1066500080880DF10701E5F76FFD28B99DF8070067
:1066600000F0020002B010BD2046FBE7007800F009
:106670000100F7E770B50D46044638B331B3C08862
:106680000E4626F8020B80B2FFF728F8022817D131
:10669000207A3146E0F7CAFEA27A637A43EA0223FF
:1066A0006B82E37A2B75237B6B75637BAB75A37B66
:1066B000EA7DC3F3000363F30002EA75002070BDB6
:1066C00010220021304606F030F8E5E72120F6E7F9
:1066D00073B50D46044618B92126304602B070BD88
:1066E0000029F9D0498A4FF6FF73994244D1698A4B
:1066F0004FF6FF73994247D12B7D83F080037E2BA9
:10670000EAD9E088FEF7EAFF022804D1207AE0F710
:106710001DFFFF2323722888FEF7E0FF022845D1E2
:10672000AE1C01A93046E0F79FFE002834D1019845
:106730002072E0F7F5FE2B88E3806B8AA4F809301D
:106740002B7DE3726B7D2373AB7D6373EB7DA27B4B
:10675000C3F3000363F30002A2732046DFF752F98C
:10676000FFF76DFE064618B3207AFF28B5D0E0F794
:10677000D7FEFF232372B0E70120E6F71FF80028B9
:10678000B5D040F20256A8E72046FFF72CFF0028BC
:10679000B2D041F20336A0E7304601A9E0F782FE0D
:1067A0000646002899D1019B2372C4E7FF23FBE72B
:1067B0002046DEF7C5FE50EA01038ED0637B03F06E
:1067C000070384F8273031462046DEF7CBFEE0F79A
:1067D000C1FA82E730B5044687B0E0B1002529460A
:1067E00010220DF10200ADF8005005F09EFF4FF6AB
:1067F000FF73ADF81230BDF81630ADF8145023F425
:10680000FF7323F0010369462046ADF81630FFF709
:106810005FFF07B030BD2120FBE7F8B500F1390577
:10682000B0F8352004460E4600232F4698B2824227
:1068300001D82120F8BD2846591CB0F800C0B44545
:1068400005F1020519D1D21A013A520007EB4101B4
:1068500005F051FFB4F83530013BA4F83530B4F8F9
:106860000930B34202D12046FFF7B4FF2046DFF7DC
:10687000C9F8BDE8F840FFF7E2BD0B46D6E708B51A
:10688000FFF752FD08BDF8B505461E46FFF74CFD63
:1068900088420C46174612D92846FFF74DFD30F8BE
:1068A00014003880FEF71AFF022806D12846FFF7A9
:1068B00050FD3146005DE0F7B9FD002000E02120E9
:1068C000F8BD08B1D0F82D00704708B1C0F82D1000
:1068D000704710B10170002070472120704738B513
:1068E0000C461546FEF7FAFE012814D145B124B135
:1068F0002046FEF7F3FE022804D16FF0010009E004
:10690000002CFAD004F58074A4B2F92C34BF6FF0D7
:106910000100012038BD4FF0FF30FBE710B5044601
:1069200004B910BD04F10C004522002105F0FDFE64
:106930002468F5E738B50C461546FEF7CFFE01286A
:106940000CD14DB16CB12046FEF7C8FE022814BF31
:1069500001206FF0010038BD002CF8E74FF0FF3048
:10696000F9E76FF00100F6E737B50546FEF7B6FE2A
:10697000012816D0002003B030BD0134E0F79CFAA6
:106980008442F7D22046E0F79DFA0DF1060100F0AF
:1069900075F90028F1D1BDF80630AB42EDD10120E8
:1069A000E9E70024EAE782B00022ADF800200122E6
:1069B0000192ADF8021002AA034612E9030083E82F
:1069C0000300184602B070470122028041804260F5
:1069D0007047006800BA70470B0E03700B0C4370D1
:1069E0000B0A8370C17070474378027880781B026D
:1069F00043EA0243184370470B0C03700B0A4370C1
:106A0000817070472DE9F04F95B082461E980F4671
:106A100091469B46FBF78EFE0D28054615D840F2A1
:106A2000055B05A8092102F05AF80CA8102102F014
:106A300056F810A8102102F052F808A80D2102F013
:106A40004EF8584615B0BDE8F08FEAF789FE0238D7
:106A5000A842E4D31E9E96F8068008F10C04344444
:106A6000102200210CA805F060FE39460DF135001A
:106A7000FFF7B2FFD4F80720CDF83920B4F80B2087
:106A8000ADF83D20627B8DF83F2058460CA903F0FD
:106A900018F983460028C4D106EB08030CA91B7B18
:106AA0008DF8143005ABA01D1E4614F801CF11F867
:106AB000012B844282EA0C0203F8012FF5D10DF17B
:106AC0001600FFF791FFBDF81940BAF1030F64BA41
:106AD0001CBF9DF815308DF821304FF00002A4B294
:106AE00001460DF122000ABF8DF821208DF82020EB
:106AF0008DF820A0FFF780FF230A39460DF1290009
:106B00008DF826408DF825308DF827208DF8282027
:106B1000FFF762FF9DF815301E98DB0914BF0824AB
:106B20000424FBF707FE04F10A0383423FF677AF24
:106B30009DF815301E99DB0914BF08230423EF1FAD
:106B4000EB1A10AD9BB222462846FBF741FC3F1BD7
:106B50000023CDE90073CDE902451E9A072308A959
:106B6000484603F06EF8834600287FF45AAF1E9B18
:106B70009A7913441F9AB3F81330ADF81B3003CE43
:106B80001F9B18605960337813721EA80921FBF708
:106B90008AFE21461EA8FBF7ADFE42E7F0B589B09C
:106BA0000D4616461F460DF11702002300F00101A5
:106BB000009228461A46CDE906330391E5F76EFFA9
:106BC0000446E8B99DF817300399BB421BD10090E9
:106BD00007AB06AA2846E5F761FF044680B9109B7B
:106BE00001930F9B0E9900933046DDE90623FFF7D2
:106BF00009FF044606A802F0F4FE07A802F0F1FE21
:106C0000204609B0F0BD41F20504F9E710B504468D
:106C1000E0F796FA237828B180EAD313DB0748BF60
:106C200000F1FF3010BD30B591B00CAC84E803002A
:106C3000189800210F91C0B10690BDF85C00059036
:106C4000BDF85800049015980390149800920FAD69
:106C5000CDE90130CDE90915CDE90711084694E8E1
:106C60000C00DFF7CDFA11B030BD2120FBE708B5ED
:106C70000020E0F727F900B1808808BD20B119B1E4
:106C800083880B80002070472120704729B9D0F8F5
:106C90001230934208D800207047D0F816309A423C
:106CA000F9D2D0F80E0001E0D0F80A001044DEF767
:106CB000C7BC2DE9F8430546884617461E46FEF731
:106CC0000DFD0128BDF8209020D12846DFF7DEFF1A
:106CD000044618B9DFF7DAFF0446C8B10020E0F730
:106CE000F1F800B180886780B8F1000F08D0A0806B
:106CF000E5802681A4F80A9025800020BDE8F8836D
:106D0000A580E080A4F808906681F5E72120F5E7EA
:106D100040F20350F2E708B5DFF7B8FF18B10023DF
:106D20000380184608BD2120FCE7DFF7AFBF37B569
:106D30000A4605460C46002105F0F7FC013C0DF122
:106D4000070128468DF8074003F06BFC03B030BD07
:106D500013B500248DF802408DF80340D9F7B0FD3B
:106D6000012802D1012002B010BDDFF77BFF01280E
:106D7000F8D0204601A9E7F727FE0446A0B100207D
:106D8000F1E70DF102010020E1F764FA9DF802300D
:106D9000012BE7D00DF103010020D9F713FD9DF879
:106DA0000330012BDED00134019BA342E9D8E6E792
:106DB00008B5D9F785FD012806D0DFF753FF012874
:106DC00014BFFF20022008BD0020FCE708B5E0F753
:106DD000ADFE30B10020E0F775F80021E0F752F980
:106DE00018B1BDE80840D9F757BD052008BD30B53A
:106DF000024602250A20884200D330BD1418E378E9
:106E0000A478023415FB034300EB4303B3F5BD7FC5
:106E1000F3D81846EFE7F0B502460020884200D3C9
:106E2000F0BD1318175C5B78841C00261F44B74222
:106E300004D8B4F5BD7FF3D82046EFE7155DC5F360
:106E4000400CAB080CFB0333013305F001052B4468
:106E50001C440136EBE72DE9F04105460E4681B3AF
:106E600000240C6003F089FB286080462046E0F790
:106E7000BFFE074678B1B8F1000F0CD1D0E901018F
:106E800003F089FB044620B1C5F800802046BDE828
:106E9000F0817B682B602868FEF75AFB0146306062
:106EA00010B928601A24F1E7284603F06AFB04466B
:106EB0000028EBD03068FEF74FFB002333602B60D7
:106EC000E4E72124E2E708B50020E0F791FE28B1CD
:106ED000D0E9010103F05FFB002008BD03F057FB80
:106EE000FAE708B50C210020FEF71DFC08B90020C8
:106EF00008BDFFF7E6FC0028F9D0807AF8E708B56E
:106F00000C210020FEF70FFC50B1FFF7DAFC38B17E
:106F1000837A2BB10023C37200220023C0E900232F
:106F200008BD427C531C22F07F0103F07F030B431A
:106F300043741046704710B5E1F74CF9044640B170
:106F4000006818B1FEF708FB002323602046FEF717
:106F500003FBBDE810400020E1F742B907B500236C
:106F600002210DF10600ADF8063001F0ACF9E1F7B1
:106F700031F9BDF80630C2898089B3FBF2F102FB1A
:106F80001133184480B203B05DF804FB00B58DB036
:106F9000D0F80D30069300238DF81C3003238DF8B4
:106FA0001D30D0F809300DF11E0203F1100153F825
:106FB000040B42F8040B8B42F9D1002106AA1623D8
:106FC0000846FBF7FCFB0590FFF7C8FF0023CDE95F
:106FD0000233CDE90033059A2921E8F769FB0DB0AA
:106FE0005DF804FB2DE9F843FEF7D7FA04460F4697
:106FF000E1F7F0F8002506464FF01509D9F7C4F976
:1070000090F82830AB4201D8BDE8F883336809FB1B
:1070100005F803EB0800027A022A16D153F808207B
:107020004368944277EB03030FD3FFF7AFFF40F6BB
:10703000B830FEF7C4FA3268031902EB080C47EBCC
:10704000010142F80830CCF804100135D6E710B53C
:107050008CB0D0F80D3006930024072306AA2146F1
:107060008DF81D30204606238DF81C40FBF7A7FB4A
:107070000590FFF773FFCDE90244CDE90044059A7E
:1070800023462921E8F714FB0CB010BD70B51C464F
:10709000E1F7A0F80546D4B1237A042B17D1A37CDD
:1070A0000133DBB2022BA3740BD915220021204639
:1070B00005F03BFB00226B6820461146BDE870409E
:1070C0001847E17C2046BDE87040E1F7CFB870BDBD
:1070D000F8B50646E1F77EF8002405461527D9F7EE
:1070E00053F990F82830A34204D92B6807FB0433E6
:1070F0001B7A3BB9D9F748F990F82830A34203D15D
:107100001A200CE00134EAE7286815225443204491
:10711000002105F00AFB2B681C4434600020F8BDF8
:1071200037B50023044601A815460193FFF7D0FFA9
:1071300058B9019B01221A7280225A741A7DC3F831
:10714000095042F001021A75236003B030BDF7B553
:107150000421002307460DEB01001546009301F0C2
:10716000B2F8044618BB6846FFF7B2FF0446F0B910
:10717000009B02221A72019AC3F80D201A7DC3F8EF
:10718000095060F3000258741A75FEF706FA0546B6
:1071900040F6B8300E46FEF712FA009B2D1846EB6B
:1071A00001011D60596018463B60FFF7EFFE204665
:1071B00003B0F0BDE8F71CBBF0B507468BB00E4638
:1071C000104605211D46FBF7F7F90446C0B1D7F874
:1071D0000D3004930522002304A98DF8146001F0FA
:1071E00022FCFFF7BBFE119B0393109BCDE90153DB
:1071F0000023009322462921E8F75AFA0BB0F0BD8C
:107200001A20FBE710B5037A9A1E012A044608D813
:107210000423037200238374C374BDE81040E1F7B4
:1072200025B8012B0CD11522002105F07EFAE0F7DC
:10723000D1FF0022436811462046BDE810401847A0
:1072400010BD2DE9F0478EB00190FBF773FA01995C
:1072500084B209B1052C05D801A8FBF7C3F80EB01C
:10726000BDE8F0870023062202A8FBF7B1F89DF8DD
:107270000D5005F00303032B40F0AB80AD08012D4A
:107280004DD0022D74D0002DE6D1162CE4D10199F9
:107290000091E0F79FFF009906462B46224608A87A
:1072A000FBF796F84FF0150AD9F76EF890F82830EA
:1072B0009D422FD234680AFB05F94C4494F80880AB
:1072C000B8F1010F18D1D4F8090010220DF12601F0
:1072D00005F0F3F9074600BB03232372089BC4F8AB
:1072E0000D3030684844FFF7B2FED6E900033A4655
:1072F0004146484498470DE0B8F1030F0DD1D4F84A
:10730000090010220DF1260105F0D7F928B9204611
:10731000FFF79DFED9F738F89EE70135C4E7062C44
:107320009AD101990023224608A8FBF751F8E0F70B
:1073300051FF002506461527D9F726F890F8283082
:107340009D42E7D2346807FB0544237A022B0DD116
:10735000042208A904F10D0005F0AFF9024628B98E
:1073600003232372736801212046C3E70135E3E755
:10737000072C7FF471AF22460199002308A8FBF780
:1073800027F8E0F727FF002704464FF01509D8F744
:10739000FBFF90F828309F42BCD2266809FB07F813
:1073A0004644337A032B12D1042208A906F10D00BA
:1073B00005F083F9054650B901461522304605F01F
:1073C000B4F9D4E900032A462946404492E701373C
:1073D000DDE7E0F7FFFE002504464FF01508D8F77B
:1073E000D3FF90F82830AB427FF636AF216808FB18
:1073F00005F739440B7A032B13D104220D3102A86F
:1074000005F05BF9064660B9052101A8FBF74BFAC8
:107410002068A368019A9DF80C103844984701969B
:107420001AE70135DBE7002070470F20704770B581
:107430000546E0F7DBFE06462020FEF78BF8044603
:1074400098B108309DB12946034605F1100251F864
:10745000040B43F8040B9142F9D10023A36123608C
:107460003368636003B11C603460204670BD102235
:10747000294605F05AF9F0E710B504461046FFF723
:10748000D6FF30B1037F43F0010303772060002073
:1074900010BD1A20FCE738B505460C46E0F7A6FEFD
:1074A00018B90C20FEF754F828B1C0E90154E0F7F0
:1074B000A3FE002038BD1A20FCE710B5044690B1A9
:1074C000E0F794FE63680BB122681A60226802B18B
:1074D000536003689C4204BF636803602046BDE8B4
:1074E0001040FEF739B810BD13B50446E0F77EFE34
:1074F00003680BB902B010BD9C420FD1A2697AB9E2
:1075000020460192FFF7D9FFE0F770FE019A436829
:107510001146204602B0BDE8104018475B68E8E716
:10752000104602B0BDE81040FEF72FBE70B506460B
:107530000D46E0F75BFE046804B970BDA3699E4286
:107540000DD1E0F753FE064615B92046FFF7B5FF0B
:107550007368294620460022BDE8704018476468D9
:10756000EAE738B5E0F742FE044618B938BD2846C8
:10757000FFF7A3FF2568002DF9D12046FDF7ECFFAA
:107580002846BDE83840E0F737BE73B50446CDE97C
:107590000032DDE90656E0F729FEDDE90032016838
:1075A00019B18C4204D1A06920B9022002B070BD8B
:1075B0004968F5E70321CDE9065602B0BDE8704001
:1075C000FEF78EBD37B503290546019204D001A808
:1075D000FAF708FF03B030BDE0F708FE0468002C9E
:1075E000F5D0A3699D4207D1E0F700FE019A8368B8
:1075F000002120469847EDE76468F0E7704703787C
:10760000812B0CBF00200320E0F744BF1FB5019081
:10761000FBF790F80228019905D0022005B05DF82B
:1076200004EBE0F737BF01231A4603A8FAF7D0FEB0
:107630009DF80C0040F08000E0F72CFF05B05DF8ED
:1076400004FBC37DDB0770B504460D4619D5D1B1E7
:10765000438C00269E420DDBD8F796FE90F823302F
:107660009E4212D0638CA269591C618422F8135087
:10767000002007E0A26932F81620AA42F8D00136AD
:10768000E8E70F2070BD2120FCE71A20FAE7C37D50
:10769000DB0770B504461BD5E1B1438C00229A424A
:1076A00012DAA56935F812608E4205EB420002F14C
:1076B00001060BD19A1A013A520005EB460105F07A
:1076C0001AF8638C013B6384002070BD3246E6E704
:1076D0000F20FAE72120F8E72DE9F0478CB00024CD
:1076E000884691469A4607460894DFF729FD0546E5
:1076F0002046DFF7E7FB064640B940F2034408A8FE
:10770000FAF770FE20460CB0BDE8F0870DF11E01BF
:10771000FFF7B4FA04460028F1D1BDF81E30002B63
:10772000EBD053464A460146FBF749F8089000283B
:1077300031D009A93046DFF779FB04460028E1D1B2
:10774000DFF716FD08B105B1013D0AAC2046414600
:10775000FFF729F9BDF81E200292099A0323CDE90B
:107760000052059308AB04930023039394E80300AD
:107770000122DEF723FC04460028C0D1CDE9000039
:107780000346089A38690221FEF7AAFC044600283D
:10779000B5D10890B3E71A24B1E7F7B50E46114604
:1077A000C27DD207044613D590F82030002566F339
:1077B000000380F820304584D8F7E6FD90F82320B8
:1077C000A0695200294604F0B0FF284603B0F0BD7E
:1077D000057F15F0010713D145F001058361057799
:1077E000022301AA8DF804708DF80560FFF774FF7D
:1077F0000028EBD0237FA76167F300032377E5E739
:107800000520E3E7F7B59446C27DD20704460DD5BF
:1078100090F82030DB0704D403B0BDE8F040FFF758
:1078200010BF03B0BDE8F040FFF731BF077F17F08E
:1078300001061BD1836190F8203003F0010301336E
:1078400047F001074DBA8DF804300777032301AAEA
:107850006146ADF80550FFF73FFF28B1237FA661D1
:1078600066F300032377304603B0F0BD0520FBE745
:1078700000B1808A7047C07DC0F340007047006946
:10788000FEF783BC37B54A1E012A0BD9C27DD20749
:1078900008D590F82020448C12F0010213D0002269
:1078A000A24217DB099B0193089B00930069DDE965
:1078B0000623FEF715FC03B030BD856935F812507C
:1078C0009D42EFD00132A242F7DB06A8FAF78AFD0B
:1078D0000020F0E7856935F812509D42F5D001325D
:1078E000DEE7C07D00F00100704710B50C46E1F7FF
:1078F000C5FE58B100F114032146243053F8042B7F
:1079000041F8042B8342F9D1002010BD40F202500F
:10791000FBE710B50C46E1F7B1FE58B12146143033
:1079200004F1100351F8042B40F8042B9942F9D1CB
:10793000002010BD40F20250FBE710B504460020C5
:1079400002F0ADFB20B10020E1F7CAFE206001206B
:1079500010BD37B5044600200D46E1F7C1FEA04238
:107960000DD9214601AA002002F003FD044618B9F2
:1079700001A8FFF739F82860204603B030BD212464
:10798000FAE7B1F1807F73B504460D46164603D37E
:107990002123184602B070BD0020E1F7A1FEA042ED
:1079A000F6D9294601A8FFF727F801AA21460020A9
:1079B00002F049FD03460028EBD1002EE9D0214614
:1079C00002F0B5FA0346E4E710B50446052002F0DC
:1079D00066FB28B1052002F055FD4008206001201B
:1079E00010BD30B585B004460D46DFF765FA844218
:1079F0000ED20223009303AA63000021052002F0A7
:107A000076FC18B9BDF80C305BBA2B8005B030BDE0
:107A10002120FBE730B585B005460C46DFF74CFA70
:107A2000854210D223040ED4230A8DF80C30022391
:107A3000009303AA6B00002105208DF80D4002F091
:107A4000B3FC05B030BD2120FBE710B5044608208B
:107A500002F025FB38B1082002F014FD1123B0FB21
:107A6000F3F02060012010BDF0B589B005460C464A
:107A70001746D8F789FCC38A9D421CD21123009374
:107A800003AA05EB05130021082002F030FC06468E
:107A900070B903AD234607AA2C4603CC9442186064
:107AA0005960254603F10803F6D19DF81C303B7060
:107AB000304609B0F0BD2126FAE7F0B589B0054699
:107AC0000C461646D8F760FCC38A9D4217D203AA1B
:107AD00004F1100720686168134603C30834BC42F0
:107AE0001A46F7D11123009303AA05EB05130021D1
:107AF00008208DF81C6002F057FC09B0F0BD212071
:107B0000FBE7012002F0CBBA73B505460E466A4684
:107B10000021012002F02DFC044648B99DF80030F8
:107B200003F0010333700DF10100FEF752FF2860EE
:107B3000204602B070BD07B501F001018DF80010BC
:107B400001460DF10100FEF747FF6A4600210120C2
:107B500002F079FC03B05DF804FB092002F09FBA43
:107B60007FB5102205460E466846002104F0DDFD73
:107B70006A460021092002F0FCFB044650B99DF83A
:107B8000002006B132602DB152000DF101012846EE
:107B900004F0A3FD204604B070BD7FB54E00731CF9
:107BA000102B05460C4613D810220021684604F01D
:107BB000BCFD324629460DF101008DF8004004F06D
:107BC0008CFD6A460021092002F03DFC04B070BD26
:107BD0001A20FBE710B50446022002F060FA20B13B
:107BE0000220E1F77DFD2060012010BD2DE9F84F56
:107BF000054602200C4690461F46E1F771FDA8425B
:107C000040F29D80022002F03DFC0646D8F7BCFB06
:107C1000438905334FEA4309D8F7B6FB838903EB61
:107C200043034B44B342C0F08C80D8F7ADFB468988
:107C3000D8F7AAFB80890536760000EB4000304477
:107C4000FDF786FC824600287DD0024629460220A8
:107C500002F08FFB054668B99AF808B05A465600FC
:107C60000AEB4B0292F80990D8F78EFB42895A45ED
:107C700006D21E255046FDF76FFC2846BDE8F88F5A
:107C8000D8F782FB82894A45F3D354B3BAF800206F
:107C90006282BAF8020020809AF80420E17DD209BD
:107CA00062F30001E175FDF719FD022804F1020CF1
:107CB00009D19AF80400614600F07F00DFF7B6FBB7
:107CC00030B10546D6E710222946604604F02DFD66
:107CD0009AF8052022759AF8062062759AF807200E
:107CE000A275B8F1000F01D0C8F800B027B10AF1B1
:107CF000090100225A4514D30A9BC3B90B9BD3B187
:107D00000A36564400224A45B4D20B9B13B131883F
:107D100023F812100C9B0BB1B17899540132033641
:107D2000F1E731F8020B27F812000132E2E70A9B73
:107D3000C3F80090E2E70C9B002BE1D19AE72125E4
:107D40009BE71D2599E7192597E72DE9F347074696
:107D50009A4602200023DDF8288001930D469146C3
:107D6000E1F7BEFCB8425FD9D8F70EFB4489D8F7DB
:107D70000BFB80890534640000EB40002044FDF7D4
:107D8000E7FB0446002851D06B8A03802B88438090
:107D90002888FDF7A3FC02280CD101A9A81CDFF755
:107DA00063FB064640B12046FDF7D6FB304602B0E5
:107DB000BDE8F0877F230193EA7D019B43EAC2136C
:107DC00023712B7D63716B7DA371AB7DE37184F8AF
:107DD00008904FEA4903514604F109020AEB4909A8
:107DE0004945104602F1020212D1E2180C9982F8BC
:107DF00009800B9A0A332344013902EB48084245B3
:107E00000AD122463946022002F01DFB0646CAE787
:107E100031F8025B0580E3E732F8020B188011F8B5
:107E2000010F98700333EAE72126BFE71926BDE763
:107E3000032002F034B92DE9F04F8BB007460E460F
:107E4000154600216A460320DDE914BADDF860809A
:107E5000994602F08EFA044698BB9DF8072017B1A8
:107E60009DF80010397016B19DF80110317015B1F0
:107E70009DF802102970B9F1000F03D09DF803108E
:107E800089F80010BBF1000F03D09DF804308BF887
:107E90000030BAF1000F03D09DF805308AF80030A9
:107EA000169B1BB116999DF806300B70179B03B1FA
:107EB0001A60B8F1000F04D0520002A9404604F045
:107EC0000CFC20460BB0BDE8F08F2DE9F0438BB0E1
:107ED0008046DDF8549009F104046400282C0F4614
:107EE00016461D4628D82022002102A804F01DFCB9
:107EF0009DF848308DF804309DF84C3016998DF877
:107F00000530A4F108029DF850308DF8008002A8D9
:107F10008DF801708DF802608DF803508DF80630F1
:107F20008DF8079004F0D9FB6A460021032002F087
:107F30008AFA0BB0BDE8F0831A20FAE710B50446C0
:107F4000042002F0ACF820B10420E1F7C9FB206066
:107F5000012010BD2DE9F04F87B004460420DDF864
:107F600040B0DDF84890884617461E46E1F7B8FB5A
:107F7000A04230D921466A46042002F0FAF90446AC
:107F800028BB9DF802509DF803A0B8F1000F03D064
:107F90009DF8002088F8002017B19DF801203A7064
:107FA00006B13560BBF1000F04D02A4601A958463E
:107FB00004F093FB119B0BB1C3F800A0B9F1000FC3
:107FC00005D0291D52466944484604F086FB2046E8
:107FD00007B0BDE8F08F2124F9E72DE9F04186B024
:107FE0001C460D9E331D2344182B05468846174614
:107FF00025D80420E1F774FBA84222D914220021DD
:1080000001A804F092FB22460C998DF8024001A8C9
:1080100004348DF800808DF801708DF8036004F051
:108020005CFB0E9932460DEB040004F056FB6A46E9
:108030002946042002F007FA06B0BDE8F0811A20B4
:10804000FAE72120F8E708B50C2002F028F80038FC
:1080500018BF012008BD10B5D8F796F9048AD8F7E3
:1080600093F9018A11F00F014FEA141418BF01218E
:1080700021440123BDE8104090220C2002F01BB9DE
:108080002DE9F04FB5B090220021814610A804F0F0
:108090004CFB1122002103A804F047FBD8F774F928
:1080A000068AD8F771F9038A13F00F0318BF01236A
:1080B00036091E44E1F752FE0446D8F765F9038AF3
:1080C0009C4280F08B804FF000084546B04515D1AA
:1080D0000024202200210DEB020004F026FB0E23D9
:1080E00008A88DF82030ADF82450ADF826600A9429
:1080F000D8F728F9204635B0BDE8F08F10AA4146E0
:108100000C2002F036F9BDF840300446002BE0D0D8
:108110000028DED10DF1430704EBC40ADFF710F8A5
:108120000AF1D0030DEB030A83463AF8903CAAF11A
:108130009002002B4CD01AF88E3C00F0010103F0A5
:10814000010399423FD101460DF10E000192FEF765
:1081500043FCBB7839888DF82230ADF8201008999F
:108160000DF11200FEF748FC59460DF11500FEF71F
:1081700033FCB7F803107B798DF82230ADF820106E
:108180000DF119000899FEF737FC019A1AF8903C96
:10819000527803A843EA0223ADF80C30E1F7E4FD7E
:1081A00008B90135ADB2E1F7D9FD8246D8F7ECF850
:1081B000038A9A450CD3B9F1000F01D0A9F80050F9
:1081C00008F1010882E71122002103A804F0ADFAAA
:1081D0000134102C07F109079ED1ECE700251A2481
:1081E00077E710B59AB00221ADF8081009200321F5
:1081F000ADF80C10ADF81C0004210A20ADF81010E9
:10820000ADF8200005210C200122ADF81410ADF8C6
:10821000240008210D20ADF80420ADF80620ADF8AB
:108220000E20ADF81620ADF81810ADF81E200F2165
:10823000ADF82800ADF82A2021200E22FF230024CB
:10824000ADF81A10ADF82C20ADF832001022ADF8C0
:10825000341011204FF40071ADF82E20ADF8382005
:10826000ADF80230ADF80A30ADF81230ADF822307A
:10827000ADF82630ADF83030ADF83610ADF83A3004
:10828000ADF83C001223ADF80040ADF83E10694651
:10829000ADF84030ADF84220E6F71AFE02F063F97F
:1082A00002F075F902F043F902F047F902F04BF9D8
:1082B00002F07DF902F0B2F902F073F901F067FD06
:1082C00020461AB010BD10B109B1FDF784B92120C4
:1082D00070478279C37910449B1A027BDBB2D209C2
:1082E0000CBF03F1FF30181F80B2704710B5044671
:1082F00004B910BD04F10C004522002104F015FA68
:108300002468F5E7DA6A8A4203D10022DA62DEF7EE
:1083100021BD704738B505460020FAF796F80446A7
:1083200030B181790C31012245540144FAF73DF80E
:10833000204638BD2DE9F04587B0984602284FF019
:108340000003CDE901330E9F9DF840A003930E4634
:1083500015462BD1136004AACDE90433E6F7B0FB30
:10836000044608BBBAF1000F00D02EB1049B2B606D
:10837000204607B0BDE8F08505A8E4F791FF064662
:1083800048B1002FF2D105A801F02BFB04A801F0A1
:1083900028FB3446ECE71FB1049B2B600490F2E706
:1083A000059B2B600590EEE70646ECE702AB01AAC1
:1083B000E6F786FB0446B0B9FFB1019B03930023A7
:1083C00001930127039B0BB305AA07F00101304677
:1083D00000F01BFF044630B9039B2B609DF814305E
:1083E000039088F8003001A801F0FBFA02A801F020
:1083F000F8FA03A801F0F5FABAE7029B13B90F9A4D
:10840000002ADAD1039300230293DBE740F20254FF
:10841000E9E72DE9F04F91B0051E88461E980593B7
:108420004FF0000114BF08260426BDF86CA0BDF86B
:1084300070B007919146FAF77DF9731C83420446A8
:108440000CAF58D81D9A0021002A4BD1059B1A99D0
:10845000002B14BF01230223002D18BF80250DF12E
:1084600022008DF820308DF82150FEF7C5FA4FEA32
:108470001A23A41B8DF8253041464FEA1B230DF12A
:1084800029008DF827308DF826A08DF828B0FEF74A
:10849000A3FA23461E9932463846F9F799FF079BFF
:1084A0001E9ACDE90043CDE90267002308A948469A
:1084B00001F0C7FB044618B931461EA8FAF71AFAAC
:1084C0000798FFF713FF07A8F9F78CFF08A80D21FD
:1084D00000F005FB3846102100F001FB204611B0EA
:1084E000BDE8F08F10230846FAF769F907900028D5
:1084F000ACD11A24E4E72124E2E72DE9F04F8FB054
:108500001F46BDF8703007930D4600231146012227
:10851000CDE90132099300900DF1210309AA284603
:108520009DF864B0BDF87480FFF704FF044600288E
:1085300057D1012D05D19DF821209DF868309A4230
:108540005CD14046FDF7CAF802284FF000054FD035
:108550001E9B099A1899CDF80880CDE90353079B13
:1085600001931B9B009338465B46FFF752FF04467E
:1085700037E051464846DEF759FF48BB0DF122016E
:108580005046E4F7DBF8064610BBBDF82230434501
:108590001DD11E9B099A1899CDF80880CDE903A337
:1085A000079B01931B9B009338465B46FFF731FF07
:1085B000044660B91F9A55462B4603CB51600EA95D
:1085C0008B4210601D4602F10802F5D101263546A6
:1085D00009F10109D7F7D8FEC38A4B450CD9002D04
:1085E000C7D009A801F0FDF920460FB0BDE8F08F13
:1085F000A9460DF1280AEDE7002DF2D141F205045C
:10860000EFE72DE9F04F8DB00646BDF86490099371
:1086100048469DF85830BDF860A09DF86CB00893AE
:108620000F469046E1F7EEFB78B14846FDF756F865
:1086300001280AD116AC54F8100FFFF757FE204658
:10864000F9F7D0FE0DB0BDE8F08F099BC3F102052C
:10865000EDB2DFF76BFA50B3022D28D11A9BCDF89B
:1086600018B0CDE90493179B0293089B0193002354
:108670000093CDF80CA043463A4631465046E1F708
:10868000FBFB0028DED11A9ACDF818B0CDE9049290
:10869000179A0292089ACDF80CA0CDE90002434641
:1086A0003A463146E1F7E8FB0028C3D0CAE70BA9F8
:1086B0002846E6F789F904460028BBD10B9BA34264
:1086C000B8D921460DF12A022846E6F7AFF9013460
:1086D0000028F3D11A9BBDF82A00CDF818B0CDE9D7
:1086E0000493179B0293089B0193099B0093CDF879
:1086F0000CA043463A463146E1F7BEFB0028DDD0E8
:10870000A0E72DE9F0418EB00AAE86E80300002014
:1087100015461F46DEF7D6FB0DF132018046FEF707
:10872000ADFA48B11498FFF7E1FD14A8F9F75AFE25
:1087300002200EB0BDE8F081BDF83200FCF7CEFF9C
:1087400001282ED16DB32846FCF7C8FF022828D097
:1087500005F580739BB2F82B23D9DEF7F1FC0446B4
:10876000DEF706FD08B104B1013C0DA94046DEF775
:108770005DFB0028DDD19DF854300593149B0690D5
:10878000CDE90353BDF8323002930D9BCDE90700CC
:10879000CDE90043012296E803003B46E2F788F862
:1087A000C7E72120C5E72DE9F041804686B00A20C1
:1087B0000D4617461C46FFF7ADFD0646B8B164BA34
:1087C0000322ADF80D4003A904AC8DF80C50F9F765
:1087D000ECFD41462046FEF7E6F89DF83030CDE945
:1087E00000633A4694E803002B46FFF78AFF06B081
:1087F000BDE8F08170B586B002200D4602938DF879
:108800000F20FFF787FD0446F0B1029B01221BBA3F
:108810000DF10F010293F9F7C8FD042202A92046C9
:10882000F9F7C3FD04AE01220AA92046F9F7BDFD00
:1088300029463046FEF7C8F80023CDE900432A4612
:1088400096E80300FFF75DFF06B070BDF0B587B096
:10885000074604200E468DF80F208DF80E30FFF7E6
:1088600059FD044658B3BDF8383001225BBA0DF10A
:108870000F01ADF83830F9F798FD01220DF10E0126
:108880002046F9F792FD01220CA92046F9F78DFD4B
:1088900001220DA92046F9F788FD04AD02220EA998
:1088A0002046F9F782FD39462846FEF77CF800237A
:1088B000CDE90043324695E80300FFF722FF07B0F9
:1088C000F0BDF0B587B0074605200E46ADF80E2086
:1088D000ADF80C30FFF71EFD044620B3BDF80E3096
:1088E0005BBAADF80E30BDF80C3002225BBA0DF168
:1088F0000E01ADF80C30F9F758FD022203A920460D
:10890000F9F753FDFEF762FA04AD029039462846A6
:10891000FEF749F80022CDE90042029B95E80300EA
:108920003246FFF7EEFE07B0F0BDF0B587B0074660
:1089300006200E46ADF80E20ADF80C30FFF7EAFC2D
:10894000044620B3BDF80E305BBAADF80E30BDF86A
:108950000C3002225BBA0DF10E01ADF80C30F9F7C4
:1089600024FD022203A92046F9F71FFDFEF72EFA87
:1089700004AD029039462846FEF715F80022CDE9ED
:108980000042029B95E803003246FFF7BAFE07B0AB
:10899000F0BD70B586B009200C468DF80F20FFF7AA
:1089A000B9FC054688B101220DF10F0104AEF9F7BB
:1089B000FCFC21463046FEF707F80023CDE90053C2
:1089C000224696E80300FFF79CFE06B070BD38B55E
:1089D0000C469442049D194606D2121BAA42A8BF17
:1089E0002A46204403F079FE601938BD37B50023CC
:1089F000044601937CB13C2C22464FF00001A8BFF5
:108A00003C22084695B2D2B2F9F740FD014601A8D2
:108A100021B9F9F7E7FC019803B030BD641BF9F701
:108A200094FEA4B2E6E72DE9F84F002406468A46F4
:108A300090469B46A146444501D3BDE8F88FB079E6
:108A4000F5792D1AEBB20C30D9451D46304419D2B8
:108A500009EB03025A4510DBABEB090C1FFA8CFC47
:108A6000A3EB0C074745A8BF4746BAB20AEB04017F
:108A7000604403F032FE3C44A4B2A94436681FFAB5
:108A800089F9D8E7A8EB04079F42A8BF1F46BAB2EE
:108A90000AEB0401EDE72DE9F04790B00746BDF879
:108AA00060A08846164699460024A64202DC10B013
:108AB000BDE8F087351B402DA8BF402509EB040316
:108AC0002A4641466846F9F783FC0AEB04039BB249
:108AD000AAB269463846FFF7A6FF2C44E5E708B17D
:108AE000FCF71CBC704710B558B1022910D90023FF
:108AF000C25C541C23448B420AD832B18B42F7D358
:108B0000012010BDC25C1AB901338B42FAD3F7E7DA
:108B10000020F6E708B5DFF775FB003818BF012025
:108B200008BD70B504460D46DFF76CFBC288002314
:108B30009A4201D8212006E0866859017158A14265
:108B400002D12B60002070BD0133F1E770B501291F
:108B500086B00446154619D105A9FFF7E2FFA8B96A
:108B6000DFF750FB059A836803EB42131E696EB171
:108B70009DF8383002930D9B01930C9B0093BDF838
:108B80002820BDF82C3029462046B04706B070BDDD
:108B90002DE9F047914680460C46DFF733FB4FF650
:108BA000FF739945054602D10020BDE8F0873F2CB0
:108BB000FAD80121A4F12006C4F1200301FA06F637
:108BC00021FA03F31E4301FA04F40027EB88BB42A9
:108BD000EAD9AB684FEA471A53F80A30434501D047
:108BE0000137F3E74046FDF7D8FC4845F8D1AB68BC
:108BF0005344D3E90223224033401343F0D00120F1
:108C0000D3E72DE9F0419AB00023CDE912330546B0
:108C10000F4611938DF83F30DFF7F4FA12A906469C
:108C20002846FFF77EFF044658BB14A92846FDF7E7
:108C300021FD044628BB2846FDF755FCDEF742F926
:108C400010A9FEF71BF80446D8B9BDF84030002B38
:108C50005CD0BDF862000DF14201E3F7C5FD0446AA
:108C600078B9B368129A03EB42135B692BB113AA6C
:108C70000DF13F01284698471190119840B940F2F4
:108C8000034411A8F9F7AEFB20461AB0BDE8F08105
:108C9000F9F750FD0028F2D09DF83F40BDF8621072
:108CA000BDF84220BDF840300D913C43BDF85070F6
:108CB0008DF83F4038460C920B93FCF70FFD0228CD
:108CC0001398D6F800800D994FF0000CCDE908C03C
:108CD0001298B66806EB401018BFE6468069079008
:108CE0009DF864000097CDE90540119808BF0DF18B
:108CF000520ECDE90350DDE90B32CDE901EC012044
:108D0000C04704460028BCD11190BAE72124B8E737
:108D10002DE9F04706460F4690469946DFF772FA6E
:108D200000250446E388AB4201D8212019E0A3685E
:108D30004FEA451A53F80A00FDF72FFCB84212D14A
:108D4000A36853F80A00FDF726FC40450BD1A36841
:108D500053F80A00FDF7C7FBB04204D1C9F8005030
:108D60000020BDE8F0870135DCE72DE9F0438DB048
:108D700004460D4616461F46DFF744FA8046FFF7C5
:108D8000C9FE002854D03046FCF7A8FC022804D1C4
:108D90001FB921200DB0BDE8F083002CF9D00BA93C
:108DA0002046FFF7BEFE81460028F2D12046FDF79F
:108DB000F6FB484505D949462046FDF7F3FBA84296
:108DC00033D12046FDF7EBFB4845E2D02046FDF7C6
:108DD0008AFBDEF777F80DF12A01FDF74FFF002837
:108DE000D8D1BDF82A30002BD3D00AA92846E3F702
:108DF000FBFC0028CED1179B0096CDE90803169BFB
:108E00000793FF2306939DF854300593149BBDF8F8
:108E10002820CDE90343CDE90170BDF82A30D8F808
:108E2000004029460120A047B4E709F10109BDE748
:108E30001120AFE710B5DFF7E5F9044658B18068B7
:108E400008B1FCF789FB2046FCF786FB0020DFF722
:108E5000DFF9002010BD1120FCE70020E3F718B96E
:108E60002DE9F04F85B004460E4617460193FFF7F3
:108E700051FE00287AD0DFF7C5F905461CB921203C
:108E800005B0BDE8F08F03A92046FFF74AFE002891
:108E9000F5D0EA88AB889A426AD0B91900263A46DA
:108EA0004FF0010C374691422DD1DFF7ABF98046E8
:108EB0002046FDF718FB00902046FDF76EFB4FF0B3
:108EC00000098346B8F8061089452DD30E9B002B68
:108ED00014BF032102212046FDF7FBFC0028CFD15F
:108EE000EB88A9684FEA431C01EB431241F80C40A0
:108EF000019911610E99516101330F999161C2E994
:108F00000267EB80BCE712F8010BA0F12003C0F16F
:108F1000200E0CFA03F32CFA0EFE43EA0E030CFAB1
:108F200000F006431F43BEE7D8F808004FEA491A8D
:108F300050F80A00FDF7D7FA009B834202D009F1EE
:108F40000109BFE7D8F8080050F80A00FDF725FB33
:108F50008345F4D1D8F8080000EB0A01D1E90201F9
:108F60003040394050EA0103E9D088E7112087E713
:108F70001A2085E730B585B00446FFF7CBFDA8B1D0
:108F80002046FDF7B0FA05462046FDF706FB0190A6
:108F90002046FDF700FB0199024603AB2846FFF788
:108FA000B7FEB0FA80F0400905B030BD1120FBE7F4
:108FB00010B50446043000F014FD04F1080000F080
:108FC00010FD04F1100000F00CFD04F1140000F09D
:108FD00008FD4FF6FF73238010BD08B5D7F7D4F90D
:108FE00090F8260008BD2DE9F041054658B3FFF77B
:108FF000F4FF002607464FF02808B742686806D1FC
:10900000FCF7AAFA2846BDE8F041FCF7A5BA08FB30
:10901000060423691BB104F1100000F0E2FC63694F
:109020001BB104F1140000F0DCFCE3691BB104F196
:109030001C0000F0D6FC236A1BB104F1200000F0F4
:10904000D0FC0136D9E7BDE8F08108B5D7F79CF927
:10905000008B013008BDFFF7F8BFF0B500248BB0DE
:1090600005460E46174621461C2203A8029403F02B
:109070005CFB0194C5B1BEB1B7B1204601AA02A9FB
:10908000E5F77AFC044648B901983B463246294642
:1090900000F05BFD044601A800F0A3FC01A800F06D
:1090A000A0FC20460BB0F0BD2124FAE72DE9F043E7
:1090B0008BB01E46002389461546DDE91218019340
:1090C000074688B3B9F11F0F2ED96AB366B359B3F7
:1090D000B8F1000F28D001AA1846E5F74DFC044668
:1090E000D8B9019802AB4A46394600F02EFD044635
:1090F00001A800F076FC84B9204601AA02A9E5F790
:109100003BFC044648B9019843463246294600F0E4
:109110001CFD044601A800F064FC01A800F061FCFD
:1091200020460BB0BDE8F0832124F6E708B5D7F759
:109130002BF9C088800008BD08B5E3F787F840B177
:1091400002884FF6FF739A4201D0FFF731FF0020EB
:1091500001E040F2025008BD08B5E3F795F820B1F0
:109160004FF6FF730380002008BD40F20250FBE77A
:1091700008B5FFF732FF800008BD38B50546E3F7B4
:1091800083F868B94FF6FF70E3F77EF8044650B1F4
:109190000580E3F743FB10B14FF6FF73238038BD22
:1091A00040F20150FBE740F20350F8E708B5E3F75F
:1091B0006BF818B1BDE80840E3F730BB40F202504D
:1091C00008BD38B50546E3F741F868B94FF6FF70BA
:1091D000E3F73CF8044650B10580E3F7CFFB10B14C
:1091E0004FF6FF73238038BD40F20150FBE740F299
:1091F0000350F8E708B5E3F729F818B1BDE80840CF
:10920000E3F7BCBB40F2025008BD73B50E461546ED
:10921000E3F73AF8044618B940F2025002B070BDC4
:1092200000880DF10601E3F7DFFA0028F6D1BDF85A
:1092300006000DF10501E3F787FB0028EED11EB90A
:109240009DF80530002BE7D0002DE7D03444A378FB
:109250002B70E3E709B1E3F7A3BE2120704709B102
:10926000E3F7E0BE2120704710B4B0F5805F019CA9
:1092700007D233B101B924B901945DF8044BE3F787
:10928000CFBB21205DF8044B7047F0B587B0B0F537
:10929000805F0C9F05460C461E4602D3212007B076
:1092A000F0BDB1F5805F0392F8D2002BF6D00DF13E
:1092B00017012046E3F748FB0028F0D19DF817304E
:1092C000039A0BB9002FE9D100973346214628466F
:1092D000E3F7E0FAE3E708B51046CFF7E7FB002035
:1092E00008BDF0B585B0074601A81C460D461646D8
:1092F000F5F708FD0420C7F74BF90122014601A844
:10930000C7F752F93946202201A8C7F7C7F93246F4
:10931000294601A8C7F722FA214601A8C7F72EFA65
:1093200001A8F5F7F4FC002005B0F0BD2DE9F043ED
:109330008046ADF54F7D894614461D468BB31846D1
:10934000F9F7F8F91028074640D8024629460023C5
:1093500006A8F9F73DF806AD2046F9F7EBF9B0F5A8
:10936000C07F064634D80246002321460AA8F9F7F2
:109370002FF8D79B0593D69B0295CDE9037306F191
:1093800010036AAF0193009733460AAA4946404644
:10939000E4F76AFA0546B0B128460DF54F7DBDE801
:1093A000F0831F46D8E7A079E7793F1AFFB20C3067
:1093B000414620443A4603F090F92468B944B84441
:1093C000B145F0D3E8E78146B846F9E71925E3E768
:1093D0002125E1E72DE9F04FADF54B7DDDE9D456D0
:1093E00082468B46144698466EB33046F9F7A2F98A
:1093F0001028074654D802463146002306A8F8F73D
:10940000E7FF06AEB5F5C07F4CD843462A46214655
:109410000AA8F8F7DDFFD79B0593D69B0DF5D47905
:10942000CDE90373CDE90156CDF800902B460AAA89
:1094300059465046E4F752FA064678B330460DF5E1
:109440004B7DBDE8F08F3746DCE7E379A2799B1AC4
:1094500057FA83F343458BBF43462468A8EB0700C4
:1094600000201F464745F0D3A844B845E6D9A37964
:10947000E579ED1AEDB22D1AA8EB0702954203F13A
:109480000C03A8BF15461844494620442A4603F059
:1094900024F92F442468A9440020E6E70746E1E7C1
:1094A0001926CBE72126C9E740F20250704721B1C7
:1094B0001AB1490F1170002070472120704721B167
:1094C0001AB1490811800020704721207047F8B573
:1094D0000E4615461C46069FFCF73EF83046FCF744
:1094E0003BF82846FCF738F82046FCF735F83846B4
:1094F000BDE8F840FCF730B82DE9F04F440085B0E6
:1095000080462046DDF83C90039117469B46FCF7C9
:109510001FF80646A8B1B9F1000F07D02046FCF7A6
:1095200017F8054618B9044682460DE04D464FEA45
:109530008804AFB12046FCF70BF8824688B9044690
:1095400002E004468246054619273046009500236E
:1095500022465146FFF7BBFF384605B0BDE8F08F05
:10956000BA462046FBF7F4FF04460028ECD04046FC
:10957000FBF7EEFF0028E7D0039B1E60B9F1000F58
:1095800002D0C9F8005000251FB1C7F800A04FF065
:10959000000A0E9BCBF800400024186026462746A0
:1095A000D3E710B508461446E4F7F2FA10B1047197
:1095B000002010BD40F20250FBE738B5450FC0F364
:1095C0000074C0F34F012846E4F712FB48B1042DA4
:1095D00010D8DFE805F003070B0D0D0000EB0410B9
:1095E000053038BD00EB04100630FAE70430F8E728
:1095F0000130F6E70020F4E738B50C462046114666
:109600001D46E4F7F5FA70B103782CB1012C08D1AE
:109610002B7083886B8002E02B700379AB70002085
:1096200038BD2B70FBE740F20250F9E710B5FFF7A9
:109630007DFD0446FFF79CFD2044043010BD08B5B5
:109640000846E4F7BDFA30B110220021063003F0DD
:109650006CF8002008BD40F20250FBE708B5084650
:10966000E4F796FA30B110220021053003F05DF8DE
:10967000002008BD40F20250FBE71FB504466946D2
:109680004088E0F70FF818B9211D6846FEF741F948
:1096900004B010BD1FB5044669464088E0F702F8E3
:1096A00018B9211D6846FEF720F904B010BDE0F797
:1096B00011B810B50846E4F783FA88B1841D00F1AB
:1096C00016032246194652F8040B41F8040B9A423D
:1096D000F9D110220021204603F027F8002010BD08
:1096E00040F20250FBE738B50846E4F751FA044669
:1096F00088B1053004F115020346114653F8045BA6
:1097000041F8045B9342F9D11022002103F00DF8D7
:109710000020207138BD40F20250FBE730B508460A
:1097200085B01446E4F74CFA054628B344B100F17D
:1097300016011022204602F0C0FF40B905B030BD2E
:1097400010216846FEF7BFFD0028F7D16C4605F1F1
:109750001603A91D1A46263552F8040B41F8040BCE
:10976000AA42F9D104F1100254F8041B43F8041B77
:109770009442F9D10020E1E740F20250DEE77FB5E4
:1097800008461446E4F704FA054678B30379012B3A
:109790000CD174B300F115011022204602F08DFFA8
:1097A000002814BF2120002004B070BD34B910215E
:1097B0006846FEF788FD0028F6D16C4605F11503D2
:1097C0001A46691D05F1250052F8046B41F8046B37
:1097D0008242F9D104F1100254F8041B43F8041B2F
:1097E0009442F9D101232B710020DDE740F20250B1
:1097F000DAE72120D8E737B5084615461C46E4F7D6
:10980000DFF960B100EB05100DF107010630E2F75A
:10981000B3FE10B99DF80730237003B030BD40F29D
:109820000250FAE738B50020E4F794F9054668B12C
:109830004FF40040E4F78EF958B100244FF6FF735F
:1098400044806B80E4F744FB204638BD40F2025070
:10985000FBE70220F9E740F2025070470020704712
:1098600038B508B3450FC0F30074C0F34F01284664
:10987000E4F7BEF9D0B1032D09D0042D0DD0022D8F
:1098800009D1002C40F2025018BF002038BD6CB145
:10989000437C013343740020F8E73CB190F8213059
:1098A000013380F82130F6E72120EFE740F2025043
:1098B000ECE710B500210446E4F722FC38B9204655
:1098C0004FF40042BDE810400221E4F7B7B902208E
:1098D00010BD1FB501910021E4F712FC50B1002327
:1098E000019A039303A94FF40040E4F71FFC05B06D
:1098F0005DF804FB0220FAE708B531B9E4F708FA8D
:1099000098B9BDE80840E4F763BA012903D1BDE87E
:109910000840E4F7FDB9022906D1C2F30E022AB9C4
:10992000BDE80840E4F7D4BA212008BD0020FCE7D8
:109930002DE9F04385B000240394D6F725FDC688B1
:10994000720010460192FBF703FE054600283ED048
:10995000019AFF2102F0E9FEFEF7FFF858B3204616
:1099600003A9FEF7FDF8044650BB039BB34230D871
:1099700001462846FEF7F4F8044608BB80464FF639
:10998000FF79B04508D3039BB34219D2314628462C
:10999000FEF703F9044613E035F818704F4507D079
:1099A000C7F30B00E4F7F4F810B1C7F30137077100
:1099B00008F10108E5E7DFF725FF04460028E5D0B8
:1099C0002846FBF7C9FD204605B0BDE8F083192401
:1099D000F6E71A24F4E7E4F703BD00207047FFF729
:1099E0003FBF70B5044670B30068F8B1460FC0F3CE
:1099F0000075C0F34F013046E4F7FAF830B1032E9A
:109A000007D0042E13D0022E0ED16DB940F20250B1
:109A10000CE0002DFAD0417C0139C9B2417419B96A
:109A20001022013002F081FE0020206070BD002D68
:109A3000ECD090F821100139C9B280F8211000292A
:109A4000F2D12022EDE72120F0E72DE9F0418EB0A0
:109A50001C4608460023DDE91565CDE90433179F50
:109A60009046E4F795F8F8B100EB08100DF10F03FC
:109A70000DF1280801932146149ACDF8008006AB19
:109A80000530E2F7CBFC044618BB002E33D004A906
:109A900006A8E4F7A5FA50B104461AE0049B336027
:109AA000002304936DB910E040F202541FE0002D32
:109AB000F4D005A94046E4F793FA0028ECD1002E33
:109AC000ECD1059B2B600023059317B19DF80F3057
:109AD0003B7004A8FFF785FF05A8FFF782FF102160
:109AE00006A8FEF7FCFF10214046FEF7F8FF2046CF
:109AF0000EB0BDE8F081002DDBD1E6E71FB50023F5
:109B0000CDE90033CDE9023348B142B113468AB200
:109B100001466846E3F734FE05B05DF804FB2120FA
:109B2000FAE713B51446420F042A0191009309D0B5
:109B3000FFF743FD009B0199A2B202B0BDE81040BF
:109B4000E3F71EBE212002B010BD1FB5440F042C48
:109B5000CDE90221019309D1FFF72FFDDDE90132A3
:109B6000039904B0BDE81040FFF7BBBB212004B04F
:109B700010BD10B428B121B11AB15DF8044BE3F760
:109B800041BE21205DF8044B7047F0B5440F8BB007
:109B9000042CCDE9042103931FD0FFF70EFD06AD81
:109BA000109C0094DDE9033205990195FFF7BEFB97
:109BB000044658B9119A2E460AAF334603CBBB422E
:109BC000106051601E4602F10802F6D110212846AD
:109BD000FEF785FF20460BB0F0BD2124FAE7F0B573
:109BE000440F8FB0042CCDE90821079327D0FFF74D
:109BF000E4FC189C0494179C0394169C0294159CF6
:109C000001940AAD149C0094DDE907320999059589
:109C1000E3F72AFE044658B9199A2E460EAF33468A
:109C200003CBBB42106051601E4602F10802F6D120
:109C300010212846FEF753FF20460FB0F0BD212427
:109C4000FAE72DE9FF41440F042CCDE90221DDE9BB
:109C50000A56DDE90C7801930DD0FFF7AEFCDDE983
:109C600001320399CDE90C78CDE90A5604B0BDE87C
:109C7000F041FFF7AFBB212004B0BDE8F0812DE932
:109C8000FF47440F042CCDE90221DDE90C56DDE944
:109C90000E78DDE9109A01930FD0FFF78EFCDDE915
:109CA00001320399CDE9109ACDE90E78CDE90C5631
:109CB00004B0BDE8F047E3F711BE212004B0BDE8D1
:109CC000F08707B5430F042B019107D0FFF775FC10
:109CD000019903B05DF804EBE3F73EBE212003B029
:109CE0005DF804FBE2F792BCE2F7AEBCE2F7E4BC3D
:109CF0000A46014610B90AB1E4F7AAB92120704713
:109D000010B40446084611461A4624B91BB15DF842
:109D1000044BE4F79DB921205DF8044B704738B53A
:109D20000546B0B1006898B190F88140013CE4B2BA
:109D300080F8814054B940222146013002F0F5FC00
:109D4000286820222146413002F0EFFC00202860E4
:109D500038BD2120FCE760B159B13F2A09D9431C25
:109D6000413053F8042B41F8042B8342F9D10020F1
:109D7000704721207047134638B131B12AB14A1CCF
:109D800000F141010130E3F757BE21207047002068
:109D9000704710B50C46E3F7FBFE58B16CB100F10B
:109DA00015011022204602F088FC002814BF212053
:109DB000002010BD40F20250FBE72120F9E70F2000
:109DC000704740F20250704740F20250704713B59E
:109DD0001446019201AB0A4601464FF48020E4F795
:109DE000E5FF18B9019BA34218BF022002B010BDC5
:109DF0000A4601464FF48020E4F7C6BF13460A46E0
:109E000001464FF4C020E4F7D1BF0A4601464FF4A3
:109E1000C020E4F7B9BF4FF48050704773B50024F9
:109E2000054601944E1CB54202D1204602B070BDD9
:109E300001A9A8B2FFF7E9FF0028F6D1019B002B8A
:109E4000F3D01C440135EEE72DE9F3410F461646E9
:109E500005469846FFF7E2FF013704463060BD42F1
:109E60000AD100203368002CA3EB040308BF0020B4
:109E7000336002B0BDE8F081FE2C234601AAA8BFE2
:109E8000FE234146A8B20193FFF7B8FF0028E9D1AD
:109E9000019BE41A9844E5D00135E0E70F2803D18F
:109EA00041F4085080B27047112802D141F410509B
:109EB000F8E7102802D141F43C50F3E7FF280AD01C
:109EC000122889B202D141F4F850704741EA0020CB
:109ED00040F48050E6E74FF40050704708B5E4F7CF
:109EE000BBFF003818BF012008BD10B50C46E4F7D1
:109EF000B3FF38B1426800F11401204602F0EDFBD7
:109F0000002010BD40F21C40FBE738B50546E4F7E1
:109F1000A3FF044640B1426800F114012846E4F76B
:109F200067FF0020A06038BD40F21C40FBE708B589
:109F3000FFF7B4FF0146FFF7D1FF20B1BDE80840AD
:109F40000846FFF7E2BF08BD70B50546E4F784FF99
:109F5000044678B119B14268143002F0BEFBA36820
:109F6000E26801339342A36007D32846BDE87040FE
:109F7000FFF7CBBF40F21C4070BD0020FCE72DE98D
:109F8000F0438DB01C46149E039207468846FFF7A7
:109F900042FFA04250D304F1040900234846CDE912
:109FA0000833CDE90A33CDE9043306938DF81C302C
:109FB000CEF7D8FC0546002839D00399224671B364
:109FC00002F08BFB08A8E4F753FF3B0A8DF8103032
:109FD0002B190193042300932A46234604A908A8B9
:109FE0008DF811708DF81280FBF79AFC1022044650
:109FF000002108A802F099FB0D22002104A802F01C
:10A0000094FB44B941463846FFF748FF56B129460C
:10A01000FFF79AFF04462846CEF7C4FC08E002F09A
:10A0200084FBCFE74A462946E4F7E2FEF2E719242B
:10A0300020460DB0BDE8F0831D24F9E707B501A95E
:10A04000FFF7D6FE18B9019803B05DF804FB0020B5
:10A05000FAE7F8B500210746FFF720FFFFF7EEFF0C
:10A06000C0B1FF213846FFF719FFFFF7E7FF0446AD
:10A0700088B9FF26A5196D0829463846FFF70EFF57
:10A08000FFF7DCFF00280CBF2E462C46731EA342B0
:10A09000F0D8601CF8BDFF20FCE7FFF7DABF08B579
:10A0A0000021FFF7FBFEFFF7C9FF003818BF0120B2
:10A0B00008BD08B5E4F7D0FE00B1406808BD2DE941
:10A0C000F04F8BB002AF9046D7E912629946002359
:10A0D000C7E90433C7E90633C7E90033BB603B7304
:10A0E00006F10B0323F00703ADEB030D8A4641464F
:10A0F000FFF7D4FE341D02AD83465AB3FFF7D9FFF4
:10A10000A0422CD129465846FFF7EFFE0446E0B99D
:10A1100007F11000E4F7ACFE4FEA1A233B70AB19CD
:10A120000193042300932A463346394607F1100071
:10A1300087F801A087F80280FBF734FC044620B9B9
:10A1400032462946484602F0C8FA20462437BD4622
:10A15000BDE8F08F22462946FFF739FED6E740F2E8
:10A160000344F2E72DE9F341DDF820800D46CDE907
:10A17000003816461F4613460A4601460446FFF7B6
:10A180009EFF41F2050398420ED1A4F10F03B3F5EF
:10A19000F87F09D804F11101CDE9007833462A4649
:10A1A00089B22046FFF78BFF02B0BDE8F0812DE9B0
:10A1B000F04F2DED028B914287B0DDE912478046CA
:10A1C00016461D4659D8A34257D800296ED00BB168
:10A1D000A34254D1012F0FD88DB20027AE4210D91F
:10A1E00029460097234600224046FFF7C8FE014655
:10A1F000B0B9691C8DB2F1E70434CDB2E4B2AE421D
:10A2000001D800210CE029464046FFF747FE0DF13A
:10A2100017033A462146E4F783FE38B140F21B416A
:10A22000084607B0BDEC028BBDE8F08F691CCDB2CB
:10A23000E5E70023009351462B463A464046FFF798
:10A2400091FF014688B918EE102A0390584602F093
:10A250006CFA03990091234651463A464046FFF76F
:10A260008EFE09F101090146D0B138460391CEF7BF
:10A2700099FB0399D4E71921D2E70F21D0E7914246
:10A28000FBD1012FF9D8201DCEF76CFB0746002823
:10A29000F1D0631B08EE103A4FF0000900EB050BFC
:10A2A0001FFA89FA5645C4D80021DEE7002B91D069
:10A2B000A342E6D18EE707B5CDE9002300230A4685
:10A2C0001946FFF774FF03B05DF804FB08B5FFF70C
:10A2D000E5FD0146FFF702FE20B1BDE80840084653
:10A2E000FFF7E7BEBDE808400846FFF7A7BE2DE927
:10A2F000F74F07468A46FFF7D1FD90461E46FFF707
:10A30000EDFDDDF83090834638BB51463846FFF707
:10A31000DDFF044618B3042824D909F104033344AB
:10A32000834222D8CEF71EFB054600B3231F024608
:10A33000CDF800B051463846FFF714FF044630B15F
:10A340002846CEF72FFB204603B0BDE8F08F4A46E3
:10A35000A919404602F0C1F9F2E70F24F3E740F2F1
:10A360001C44F0E740F20344EDE72124EBE7192415
:10A37000E9E77FB5044603920D46FFF78FFDFFF72F
:10A38000ADFD294606462046FFF7A0FF042808D960
:10A39000031F039A009629462046FFF7E3FE04B008
:10A3A00070BD40F20340FAE72DE9F04F85B0064654
:10A3B0000F46FFF773FD91469846FFF78FFDDDF8D6
:10A3C00038A0044698BB39463046FFF77FFF8346E6
:10A3D00078B3042830D90AF10403434483422ED8C9
:10A3E000CEF7C0FA054660B3ABF104030094024611
:10A3F000394630460393FFF7B5FE039B044630B160
:10A400002846CEF7CFFA204605B0BDE8F08F524679
:10A41000494605EB0800039302F05FF90094039BA3
:10A420002A4639463046FFF7AAFD0446E8E70F24DE
:10A43000E9E740F21C44E6E740F20344E3E7212465
:10A44000E1E71924DFE77FB504460D460392FFF7E5
:10A4500025FDFFF743FD294606462046FFF736FF58
:10A4600050B104280BD9031F039A009629462046B1
:10A47000FFF785FD04B070BD40F21C40FAE740F2E2
:10A480000340F7E708B50021FFF720FF043808BDB7
:10A490002DE9F3410E46984604461746FFF7D9FDCD
:10A4A00005462046FFF7EEFFB54203460BD8B842FB
:10A4B00009D8CDE90078324629462046FFF777FED5
:10A4C00002B0BDE8F0812120FAE738B504460D4618
:10A4D000AC4201D9002038BDA0B2E4F7B1FC013490
:10A4E000F6E72DE9F04115461E460A1AFE2302FB47
:10A4F0000333AB4204460F4617D3FFF7E6FFA742EC
:10A500000ED3FE2DA846A8BF4FF0FE0842463146A6
:10A51000A0B2E4F787FC20B9B5EB0805464402D1A8
:10A520000020BDE8F0810134E9E72120F9E708B512
:10A53000F320E4F785FC002008BD08B5F220E4F71D
:10A540007FFC002008BD08B5F120E4F779FC00206D
:10A5500008BDFC21F920FFF761BC02460B46F9203B
:10A56000FC21FFF771BCFC21F920FFF7AEBF0246CA
:10A570000B46F920FC21FFF7B4BFF821F520FFF7C7
:10A580004DBC02460B46F520F821FFF75DBCF821D3
:10A59000F520FFF79ABF02460B46F520F821FFF79A
:10A5A000A0BF08B5F420E4F74BFC002008BDEF2164
:10A5B000E020FFF78ABF30B585B000230193054640
:10A5C00040B3D5F775FE012826D101A9DF20FFF79A
:10A5D0001CFC044618B9019B082B03D023242046F9
:10A5E00005B030BD01AA02A9DF20FFF707FC044631
:10A5F0000028F4D19DF80830012BEFD129460DF148
:10A60000090000F0D8FD05F11C010DF10D0000F06E
:10A6100004FEE4E72124E2E70F24E0E7DF20E4F78B
:10A620000FBC37B505460C46F02001A9FFF7EDFB3E
:10A6300070B9019B1D2B0DD8227893420AD84BB1DB
:10A6400001AA2946F020FFF7D9FB08B9019B237026
:10A6500003B030BD2120FBE710B58AB004AC0190F7
:10A66000C2F774F91022CDE90201022106A802F016
:10A670005CF8DDE90201019B84E803000822214621
:10A6800006A8FBF7BEF90AB010BD01F00F0110B922
:10A6900001F500507047012801F500500CBF103043
:10A6A00020307047704720B1036813B15A79D20740
:10A6B00000D570471846F6E74B6810B51B683AB1ED
:10A6C00014682CB1526813604B6800221A6010BDE8
:10A6D0000360F9E710B5044604B910BD04F10C009D
:10A6E0004522002102F021F82468F5E7096810B539
:10A6F00004460846FFF7D7FFC4E90010204610BD06
:10A700004FF6FF739A4212D17F291AD0B1F5404F0C
:10A7100017D27E29CBB285BFC1F3052161F07F013D
:10A720000370017092BF01204370022070473F29DF
:10A7300007D8427061F03F01120A01708270032055
:10A740007047002070472DE9F04F8FB0CDE9062308
:10A75000BDF860909DF86C30089305460E46B9F13F
:10A76000000F1DD01A980DF132020CA9E5F726FA58
:10A77000B0B1DAF75FFFBDF832B04FF6FF739B451B
:10A7800082466DD10DACBDF8300022460221DBF7C8
:10A7900003F9002709900B941FFA8AF39F4208D30C
:10A7A0001A9C002C60D11AA8F7F71CFE0FB0BDE868
:10A7B000F08F3846DAF744FF0446FBF7ECFE0A90C8
:10A7C0002046FBF7EAFE584520D00137E4E70B9B13
:10A7D0000A9A33F81830934212D12046DCF796FBE0
:10A7E000089B05931A9B0493199BCDE90293079B41
:10A7F0000193069B00932A4633462146E5F782F8EB
:10A8000008F10108099B9845E1D1DEE74FF0000807
:10A81000F8E73846DAF714FF0446FBF7BEFEBDF84A
:10A820003220824218D1BDF830102046FBF774FE6A
:10A8300090B12046DCF76AFB089B05931A9B0493B2
:10A84000199BCDE90293079B0193069B00932A462F
:10A8500033462146E5F756F801374745D9D39FE7F8
:10A8600000271FFA80F8F8E704F10C0045220021C8
:10A8700001F05BFF246894E72DE9F0410446FAF704
:10A880008CFE0646D4F80700D4F80B30301A0F4679
:10A8900061EB0301FAF783FE49F63F439842054610
:10A8A0000BD90023C4F80330E378C4F80760013300
:10A8B000E370C4F80B70BDE8F08142F20F73984268
:10A8C000F2D904F1030842F21070B5FBF0F5E81C70
:10A8D000C5F104024146204401F00DFF2A46002143
:10A8E000404601F022FFDFE770B58EB0044600233A
:10A8F00004AE0846CDE9003604F00101154603AA6E
:10A900000393E2F71DF9044618BB08223146A81C40
:10A9100001F0D3FED8B96B788DF81830334603CBED
:10A92000D5F80A30CDF81900CDF81D10CDF821303A
:10A9300003980AAB0D2206A9FFF7F3F8044630B9D5
:10A94000082205F10E010AA801F0B7FE08B141F294
:10A95000050403A8FFF745F830460821FEF7BFF8C5
:10A9600006A80D21FEF7BBF80AA81021FEF7B7F8DC
:10A9700020460EB070BD10B5DDF75CFC044638B162
:10A980000D213830FDF79FFCFAF707FEC4E90C01F2
:10A99000BDE81040FAF727BEF7B506460F4600207F
:10A9A00001A9E4F711F8044618B90546019BAB422A
:10A9B00002D8204603B0F0BD29463A463046E5F7B6
:10A9C000D1FD0135F2E7E4F713BF0A460146002046
:10A9D000DBF7ECBE30B4DD68013DDD6030BCE6F78E
:10A9E00063B8704710B5044604B910BD04F10C00FB
:10A9F0004522002101F099FE2468F5E770B506466E
:10AA0000FAF7CBFD04464EF660200D46FAF7D7FD67
:10AA1000241845EB0101C6E9084170BD38B590F82E
:10AA200048300446EBB1054655F8640FFFF7DAFFEE
:10AA30002846F7F7D7FC04F15003182200211846E6
:10AA400001F073FE94F84820013AD2B284F848200D
:10AA500002EB420204F16801D200BDE8384001F087
:10AA60004ABE38BD2DE9F7430546984610460023F7
:10AA7000894617460193E6F701F80646002838D0C4
:10AA800001A8E6F79FF90446C0B90198012300F137
:10AA90001002437107712C46134605F1100154F85A
:10AAA000045B43F8045B8C42F9D1F4684B464146A1
:10AAB000A047044601982CB1E6F752F8204603B0AF
:10AAC000BDE8F083FFF79AFFFAF767FD054647F206
:10AAD00030500E46FAF773FD019B28184FF0FF32F5
:10AAE00046EB01011A63C3E90A011A680A9B1A605E
:10AAF000E4E72124E2E72DE9F341002380460F46F5
:10AB000016460193E5F7BAFF054660B301A8E6F7DC
:10AB100059F90446D0B9019C0223637184F804807A
:10AB2000DCF73CFC103400F1100350F8042B44F81F
:10AB3000042B9842F9D101982B6900F11002394693
:10AB40009847044601982CB1E6F70AF8204602B06F
:10AB5000BDE8F0814FF0FF330363FFF74FFF019B28
:10AB60001B683360F2E72124F0E770B5E5F7C8FF12
:10AB70000446A0B10079E5F781FF80B1637983B124
:10AB8000FAF70BFD05464FF47A700E46FAF717FDFB
:10AB9000281846EB0101C4E90801002070BD2120FE
:10ABA000FCE70220FAE7F8B506460F461546E5F73A
:10ABB000A7FF0446D0B10079E5F760FFB0B1637933
:10ABC000B3B1052B09D057B9A36813B994F848302D
:10ABD0002BB10423637184F8A050002007E0052303
:10ABE0006371036A294630469847F6E72120F8BD8D
:10ABF0000220FCE737B50190F7F79CFD82B20546CD
:10AC000010460092FAF7A6FC044678B1DDE900216F
:10AC10000023F7F7DDFBA9B22046E6F7B1F90546B8
:10AC20002046FAF799FC284603B030BD0546FAE7FE
:10AC30002DE9F843804608460E46F7F77BFD81462E
:10AC400085B216B92120BDE8F883002DFAD0404620
:10AC5000E5F756FF04460028F4D04379032B43D18F
:10AC600090F84870032F41D00079E5F707FF42883C
:10AC70001FFA89F9D31E4B4534DC0435AD1A531E37
:10AC8000ADB215FA83F599B2013D95FBF1F50135A9
:10AC9000EDB2436940469847182303FB07474FF03E
:10ACA000000887F8500094F8481003FB014201FBAC
:10ACB000033323444FF00009C2E916894A1C0021DE
:10ACC00083F84850A3F84A10DE64D3B2012B84F80D
:10ACD000483002D12046E6F7B9F92046FFF78EFE4C
:10ACE0000020B0E70125D4E70220ACE71A20AAE74C
:10ACF000F0B5B7B000788DF844000868CDF845008D
:10AD00004868CDF849000889ADF84D00897A106887
:10AD100012798DF84F10002414908DF854200DF105
:10AD20005501402218460094419EFFF714F811ADDA
:10AD30000446002837D13C9840220DF19501FFF7D9
:10AD40000AF8044678BB09AA91212846FEF785F93E
:10AD5000044640BB3F993D986B4609AAFEF7C4FFE5
:10AD6000044600BB3E9B01AA03F1200C174618685D
:10AD70005968144603C4083363452246F7D1409B03
:10AD8000009820223946FEF7E0FE044658B956B135
:10AD900009AA3346164603CEAE42186059603246C1
:10ADA00003F10803F6D16846FEF71BFE204637B0D4
:10ADB000F0BDF0B5B3B000788DF834000868CDF878
:10ADC00035004868CDF839000889ADF83D00897A2A
:10ADD000106812798DF83F10002410908DF84420EF
:10ADE0000DF145014022184600943D9DFEF7B3FF4A
:10ADF0000446002843D1389840220DF18501FEF722
:10AE0000AAFF044600283AD101AA91210DA8FEF715
:10AE100075FE044698BB39986A4601A9FEF762FFA1
:10AE2000044660BB3A9B05AE344603F11007186830
:10AE30005968224603C20833BB421446F7D13B9BF4
:10AE400009AC03F1100718685968224603C2083399
:10AE5000BB421446F7D13C9B009820223146FEF7B6
:10AE600060FE044658B955B101AF2B463A4603CAB5
:10AE7000B24218605960174603F10803F6D1102159
:10AE800001A8FDF72CFE6846FEF7ABFD204633B067
:10AE9000F0BD70B58AB006461D460846002311462F
:10AEA00006AA0193FEF72AFE044630BB02AB01AAB4
:10AEB00006A93046FEF71AFF0446F0B9019B2B6045
:10AEC0000E9B019002AA04AE154603CDB542186050
:10AED00059602A4603F10803F6D1286818602A79D8
:10AEE0001A710F9A06AD0AAE2B4603CBB34210601F
:10AEF00051601D4602F10802F6D106A81021FDF7A7
:10AF0000EEFD0D2102A8FDF7EAFD01A8FEF769FD9F
:10AF100020460AB070BD00B54BB2002B93B008DDDF
:10AF200009238DF80510022201A98DF80430E6F7F7
:10AF30008DFB002013B05DF804FB2DE9F04192F881
:10AF40000080B8F1010FDDE90667DDE908C4DDE93D
:10AF50000AE507D1103510340B950994BDE8F0418E
:10AF6000FFF7C6BECDE90AE5CDE908C4CDE906671D
:10AF7000BDE8F041FFF71DBF2DE9F04114788EB018
:10AF8000012C06AD4FF00004DDE9147CDDE916E884
:10AF9000189E0594049513D108F11005CDE902E53A
:10AFA000CDE9007CFFF7A4FEA8B92022314606A80F
:10AFB00001F083FBB0FA80F040090EB0BDE8F081EB
:10AFC000CDE902E8CDE9007CFFF7F3FE18B91022C5
:10AFD00031462846ECE72046EFE72DE9F0419AB0EC
:10AFE00001289C46239FDDE921360D460DF1080816
:10AFF00002F110042DD1303220686168C646AEE8F7
:10B00000030008349442F046F6D1624602F1200E65
:10B010000DF1280C10685168644603C4083272456B
:10B02000A446F7D1209A0DF1480C02F1200E1068C9
:10B030005168644603C408327245A446F7D1CDE98D
:10B040000067602202A92846FFF723FF1AB0BDE877
:10B05000F08110685168C646AEE803000832A2428B
:10B06000F046F6D1624602F1100E0DF1180C106890
:10B070005168644603C408327245A446F7D1209A49
:10B080000DF1280C02F1100E10685168644603C4DB
:10B0900008327245A446F7D1CDE900673022D1E7E6
:10B0A000012804D0002814BF002010207047202061
:10B0B000704701280CBF2020102070470346012B49
:10B0C00008460CBF20211021FDF7FDB810B404463E
:10B0D000012C08465DF8044B114614BF10222022B3
:10B0E000F7F776B910B592B0062301298DF8043030
:10B0F0000DF105030DD102F1200152F8044B43F884
:10B10000044B8A42F9D1212201A9E6F79FFA12B035
:10B1100010BD02F1100152F8044B43F8044B8A426F
:10B12000F9D11122F0E701280CBF20201020704730
:10B1300010B592B0052301298DF804300ED16B446F
:10B1400002F1200152F8044B43F8044B8A42F9D132
:10B15000212201A9E6F77AFA12B010BD0DF105031C
:10B1600002F1100152F8044B43F8044B8A42F9D122
:10B170001122EEE710B40446012C08465DF8044B9A
:10B18000114614BF10222022F7F722B9012810B46B
:10B190000C4611460CD104F11000202221B15DF8BB
:10B1A000044B194401F099BA5DF8044B01F0BDBAA3
:10B1B00020461022F2E770B369B3037803F00F035F
:10B1C000013303EB83035B000B6003781B094B60C7
:10B1D000437803F00F038B6043781B09013303EBC3
:10B1E000830303EB8303CB60837803F00F03013306
:10B1F00003EB830303EB83030B6183781B094B6130
:10B20000C37803F00F03013303EB830303EB8303E2
:10B210008B610020704721207047E0B1D9B10378DD
:10B2200003F01F030B6003785B094B60437803F066
:10B230000F0241F2883302FB03338B6043781B0912
:10B24000013303EB83035B00CB60837803F00303DC
:10B250000B61002070472120704773B506460846F1
:10B260000191F7F767FA0090FAF774F90546C0B153
:10B27000DDE900210023F7F7ABF8009A2B46002107
:10B280003046EFF787FE044628B9024604213046CF
:10B29000EFF796FE04462846FAF75EF9204602B01C
:10B2A00070BD1A24FAE7F8B50E4601210446174688
:10B2B0001D46EFF759FE68B901463B463246204627
:10B2C000EFF768FE30B92A4620460421BDE8F84071
:10B2D000EFF776BEF8BDEFF731BE4369406CDA1C7C
:10B2E0001438B2FBF0F203EBC203CA1DB2FBF0F25A
:10B2F000013201EBC2010333B3FBF0F3023300FB75
:10B300000310704738B5446905462146FFF7E5FF4D
:10B310006B6CE11D143BB1FBF3F1013104EBC10493
:10B32000204438BDF7B507460E4600257C6CA819A9
:10B33000644280EA06031C4003D02C46204603B03A
:10B34000F0BDFB6B01225B6901A99847019B0133AA
:10B35000F4D10435EAE713B504460191BFF75CFD6B
:10B36000E36B0198DB6802B0BDE81040184770B588
:10B37000002586B004460562E369AB4202D8206A24
:10B3800006B070BD666C2068E36B05225B6901A99D
:10B3900006FB0500984701A800F0D9FB00F0FCFB74
:10B3A00010B1236A013323620135E5E738B504465D
:10B3B000456C006804F1400305FB0101E06B00F0FF
:10B3C000F8FB05462046FFF7D2FF284638BDF0B50A
:10B3D000054687B00026EC69013CB44203D80C4610
:10B3E000204607B0F0BD01B14C1E6F6C2868EB6BB6
:10B3F00005225B6901A907FB0400984701A800F03A
:10B40000A6FB00F0C9FB0028EAD101362146E2E79D
:10B41000F0B50446466CE36B00685B6987B00D4687
:10B42000052201A906FB0500984701A800F08FFB43
:10B4300000F0B2FB20B101A800F060FB07B0F0BD46
:10B4400029462046FFF7C3FF676CE36B064620687A
:10B450005B69052201A907FB0600984701A800F0D7
:10B460004DFB431CEAD0B54238BF0130E6E72DE979
:10B47000F043D0F824804FF6FF7987B004460E469B
:10B48000C84514BF454600250027E369BB4202D8E2
:10B4900007B0BDE8F083E26B2368606CD2F814C09B
:10B4A00001A9052200FB0530E04701A800F04FFB91
:10B4B000022806D0C8450CD1721C29462046FFF749
:10B4C00075FFE36901350137B5FBF3F203FB125554
:10B4D000DBE729462046FFF79BFFB0F1FF3F14BF93
:10B4E000024632460132E8E7F0B5046887B0064606
:10B4F0000025091B446CB1FBF4F4F3693768706CE8
:10B500005A1E954208D3706C336800FB043007B0B4
:10B51000BDE8F04000F04BBB0134B4FBF3F103FB9A
:10B520001144F36B05225B6901A900FB0470984785
:10B5300001A800F00CFB00F02FFB0028E3D101353F
:10B54000DBE710B423F0030422449B070A44436C56
:10B5500018BF04325B4281EA0204234203D05DF843
:10B56000044BFFF7C1BF10465DF8044B70472DE94F
:10B57000F041D0E90A369E4286B0044608D1C3693C
:10B580004568142202FB1355284606B0BDE8F08139
:10B5900000252068676CE26B331AD2F81480B3FB85
:10B5A000F7F3052201A907FB0300C04701A800F03B
:10B5B000CEFA012804D0636C1D44013B3340ED1AE0
:10B5C00031462046FFF790FFA36A83420646E0D14A
:10B5D000DAE7F0B5002587B004462E46E369B342AA
:10B5E00002D8284607B0F0BD636C276803FB0677D6
:10B5F000E36B05225B6901A93846984701A800F072
:10B60000A6FA00F0C9FA58B1384600F0D0FA01465F
:10B610002046FFF787FE636C143B834208BF013569
:10B620000136DBE708B508301346D1E90012E7F729
:10B630003FFA012008BD13B50C4600212176009386
:10B64000616813462246E6F793F818B1E37D03B12B
:10B65000A07EA075A07D02B010BD73B500F10805F5
:10B6600016460C460DF107020968284600F06BF9F2
:10B67000032E06D16368834203D12168284600F077
:10B680004AF9012002B070BD10B5032A029C07D10F
:10B69000A26A5340626C5242134201D100F03BF95E
:10B6A000012010BD08B5C36800209847BDE80840D8
:10B6B000BFF7BABB70B5002401281C700CBF022074
:10B6C0000420CC7D4243101D02F002024CB91AB195
:10B6D000012220F003001A7000F1080348681844A2
:10B6E00070BD1AB1012220F003001A700D7E0023F4
:10B6F00001F12006DAB2AA4201D30020F0E736F8C1
:10B70000334084421A4603F1010305D901EBC2011B
:10B7100000F10803C869E2E7001BEBE737B5044610
:10B720001D4690F842000DF10303FFF7C3FF94F8A4
:10B730004220E36B012A5B690CD101A998479DF86F
:10B74000033013B1BDF806300193BDF804302B600F
:10B7500003B030BD012229469847F9E770B5054688
:10B7600086B04868EB6B00240E465B6902940122A8
:10B7700002A90830984795F84230012B00F08C80E0
:10B78000312C4BD9029806B070BD05AB224631462C
:10B790002846FFF7C3FF9DF81430002B40F082804D
:10B7A00095F84230012B43D1612C2ED803AB2246B1
:10B7B00031462846FFF7B2FF04AB621C31462846EB
:10B7C000FFF7ACFF05ABA21C31462846FFF7A6FFEA
:10B7D000102208230DEB02010DF107008DF8073050
:10B7E00000F03CF9102205A90DF1070000F036F930
:10B7F000039BDAB24AB99DF80720B2EB132F04D1AC
:10B80000DDE9043203EB0243029395F84230012B49
:10B810000CBF022301231C440134ACE742D005AB2A
:10B82000224631462846FFF779FFBDF81430B4E7C9
:10B83000302CEAD803AB224631462846FFF76EFF8C
:10B8400004AB621C31462846FFF768FF1023202214
:10B850000DEB03010DF107008DF8073000F0FEF845
:10B86000039B9AB2002AD0D19DF80720B2EB134F68
:10B87000CBD1049BC8E70133CED0102205A90DEB34
:10B88000020000F0EBF8059B9DF81010C3F307428F
:10B890009142C1D19BB224E0632C3FF673AF612C7F
:10B8A0007FF673AF00238DF81030224605AB31468A
:10B8B0002846FFF733FF95F84230012B059BDAD17C
:10B8C0004FF6FF729342A7D0082205A904A800F002
:10B8D000C5F8059B9DF81010C3F3072291429BD138
:10B8E000DBB2029A1344029396E730B54468002312
:10B8F0004FF0FF329C4202D10023037230BD016839
:10B9000001EBC30541F833206A600133F2E7C0E977
:10B910000012FFF7EABF30B5456800239D420FD003
:10B92000026802EBC30452F83320B2F1FF3F08D0A3
:10B93000C2F31302914204D14FF0FF33C4E9003344
:10B9400030BD0133EAE7F0B5456800239D4202D1DE
:10B950004FF0FF300FE0046854F83340671C4FEAA3
:10B96000C30609D0C4F31307B94205D1240D1470DE
:10B97000036833445868F0BD0133E7E713B5044664
:10B98000002301461B220DF107008DF8073000F05F
:10B9900065F822689DF80730B3EBD26F0CBF012029
:10B9A000002002B010BD13B500230446014620223A
:10B9B0000DF107008DF8073000F050F80DF1070089
:10B9C0001A22211D00F04AF862689DF80730B3EB97
:10B9D000926F0CBF0120002002B010BD0068431C14
:10B9E000584258417047006810F07E0F0CBFC0F3FA
:10B9F000C160002070470068C0F3D3107047006832
:10BA000000F07F0001288CBF0020012070470368F0
:10BA100013F07E0F0CBF082004207047036813F05A
:10BA20007E0F03D1406820F07C40704713F078000F
:10BA30001CBF03F07F03D81F7047006800F07F0031
:10BA40007047032809D0022803D1002918BF01201C
:10BA50007047002914BF0020072070471F2A0B6879
:10BA60009EBF4FF0FF3191408B43590801F0553193
:10BA70005B1A03F033319B0803F033330B44017836
:10BA800003EB13130A4403F00F334FF001314B4320
:10BA9000A2EB13630370704737B501F10C044369DF
:10BAA00005466946012220469847BDF800300193BB
:10BAB0000122AB6901A92046984703B030BD37B5D4
:10BAC00001F10C0443690122694605462046984766
:10BAD000009B4FF6FF7299B291420DD11B0C1B04D3
:10BAE00043F4254343F0A50301930122AB6901A967
:10BAF0002046984703B030BD0020FBE737B5044629
:10BB00001B22011D00250DF107008DF80750FFF7DE
:10BB1000A5FF60689DF80720B2EBD06F03D120F03D
:10BB2000784003B030BD0DF107001B2204F108017D
:10BB30008DF80750FFF792FFA0689DF80730B3EB30
:10BB4000D06F01D1C043EAE74FF0FF30E9E7036867
:10BB50004BF29A22B2EB134F10B5044613D19BB2AD
:10BB6000012B13D1FFF7CAFF01300CD0E0684FF66C
:10BB7000FF72B2EB104F4FEA104309D180B2C01AE6
:10BB800018BF012010BD2368013303D00420F9E75A
:10BB90000220F7E70320F5E701288CBF00200120F1
:10BBA0007047033801288CBF0020012070471430F3
:10BBB000704730B585B00469019105460846CDE966
:10BBC0000232A0470199044638B9DDE9023228461D
:10BBD000E7F74CF80199044610B12846FFF75CFFDF
:10BBE000204605B030BD022070470020704701207C
:10BBF00070470020704700207047704737B50446F3
:10BC000001A80D46ECF7F0FB01A8FFF7F6FF01A92C
:10BC100020468DF80650E7F723F903B030BD0846FB
:10BC20001146E7F7FFB97047431E012B03D9031FE5
:10BC30005842584170470120704700F080BA4FF4D5
:10BC4000A472002100F071BD10B50021044600F07F
:10BC500072F82046BDE81040ECF706BBEBF758BF82
:10BC6000EBF75CBFF8B50D460646E7F79BF9EF68C2
:10BC700000224FF6FF734FF0240CD0B2874208D851
:10BC80001C4621463046E7F787FB00F05BFA20466A
:10BC9000F8BDA9680CFB0011CC899C4202D2002C93
:10BCA000EFD023460132E8E7E7F776BB008B704719
:10BCB0000A7838B505461046FFF7B6FF60B14C78F4
:10BCC0002046FFF7B1FF38B12243530704D428467A
:10BCD000BDE83840EBF742BF012038BDFFF7E8BFB1
:10BCE00010B504460878FFF79FFF58B14A78104610
:10BCF000FFF79AFF30B1042A04D02046BDE8104077
:10BD0000EBF764BF012010BDFFF7EABFEBF770BC93
:10BD1000EBF702BE37B504460D460192E7F73CFB50
:10BD200038B9019A2946204603B0BDE83040EAF709
:10BD3000F5BB03B030BDECF72DBD37B50C46019215
:10BD4000EFF7C7FC019905462046E9F7E3FF0446F3
:10BD50002846EFF7C2FC204603B030BD13B50446B9
:10BD60000020019100F0ECF9D4F8A03033B901992A
:10BD7000204602B0BDE8104000F0F2BA022002B046
:10BD800010BD38B5044648880D4600F0D9F9D4F8FE
:10BD9000A0302BB929462046BDE83840EBF74CBF10
:10BDA000022038BD00F0CDB900F00EBBE8F790BD21
:10BDB00038B505460C46EFF78CFC296BEB6A0C4056
:10BDC0002343EB62EFF789FC00200CB9002138BD5A
:10BDD0004FF40071FBE7ECF715BAEBF715BD00F077
:10BDE0002BBB00F04BBB08461146E8F701B9ECF756
:10BDF0003BB800F0FDBA38B50446154609B100F06D
:10BE00005CFB25B12046BDE83840ECF723B938BDCE
:10BE10000846E9F7CFB810B5044600F08BF820B912
:10BE20002046BDE81040E7F7F1BB10BD00F0C6B9F1
:10BE3000E9F726B870B586B01E46CDE90421044660
:10BE4000EFF74EFC05462046FFF7E5FF0A9B0293FD
:10BE50000023CDE90063DDE904212046E7F724FC57
:10BE600004462846EFF742FC204606B070BD38B5C0
:10BE70000446EFF735FC05462046FFF7CCFF204689
:10BE8000E7F7F0FB04462846EFF730FCB4FA84F0FD
:10BE9000400938BD38B50446EFF722FC0546204678
:10BEA000FFF7B9FF204600F054F804462846EFF7A4
:10BEB0001DFC204638BD38B50446EFF711FC054699
:10BEC0002046FFF7A8FF204600F049F80446284620
:10BED000EFF70CFC204638BD37B504460191EFF76B
:10BEE000FFFB05462046FFF796FF01992046E7F73E
:10BEF00027FC04462846EFF7F9FB204603B030BD87
:10BF000007B50B460DF10700114600228DF80730EA
:10BF100000F0D9F803B05DF804FB084611461A4654
:10BF200000F0D1B8012070470120704700F087BBB6
:10BF300000207047E7F7A0BA10B5EFF7D1FB044631
:10BF400000F015F8E7F7BEFA2046BDE81040EFF71D
:10BF5000CDBB08B50246E7F78FFA507D08BD08B59E
:10BF60000246E7F789FA507D80F0010008BD00F035
:10BF700025B9EBF757BD00F0D3B9837C03B108476F
:10BF80000220704710B5044600F020FB2046032134
:10BF9000BDE81040EBF786BBFFF7F4BF837C0BB125
:10BFA000ECF7E6BC02207047837C0BB100F00CBBC1
:10BFB0000220704713B5827C0C46C2B1053A012AB3
:10BFC0008CBF002201224968019200F008FB206822
:10BFD00090FAA0F0000AE9F785FAA17A2089019A7F
:10BFE00081F00101ECF7E8FC002002B010BD022056
:10BFF000FBE71FB5CDE90112ADF80C3001A99DF8A2
:10C0000018308DF80E30FFF7D5FF05B05DF804FB52
:10C0100000207047002070472DE9F74F05681C4647
:10C0200005F007059DF830300193AB1D01259D40BB
:10C030000646174605F1FF380B46A1B1416804EAF0
:10C04000080BA5EB0B0A41F00059524509EB0B0117
:10C0500013D95246184600F040FB7A1B5A44494611
:10C06000504400F03AFB019B23B13C4448EA0505EB
:10C070002C40F46003B0BDE8F08F1846F1E737B507
:10C08000002500951446FFF7C7FF204603B030BDDA
:10C09000026802F00702063201239340026AC2F3EB
:10C0A0000C028A4210B584BF4468C26803F1FF33B2
:10C0B0009BB283BF891844F000500B404FF0FF3013
:10C0C00088BFC05C10BDF8B50F461646054610B9CE
:10C0D00000242046F8BD0078E8F766F8044660B111
:10C0E0001FB12878E8F708F938700EB90124F0E795
:10C0F0002878E8F715F93070EBE72B78032BE7D1B8
:10C100000FB1FF233B70002EF0D0FF233370EDE71B
:10C1100010B5044608680A46E8F720F8D4F89030CD
:10C120004BB15B693BB11168013104BF6FF0010194
:10C13000116012681A60002010BDECF7FDBA70475C
:10C1400070477047704738B50D460446E9F79CF8CC
:10C15000AC4042F2107364095C436423B0FBF3F01B
:10C16000B4FBF0F038BD30B51F23B0FBF3F35C1C1B
:10C17000E5B2C3EB43134FF0FF34AC40C01AE443C5
:10C180000130E4B2C0B21460086030BD70B505463D
:10C190000E46C0B201F00F01FFF7D5FFC6F3031141
:10C1A0000446C5F30720FFF7CEFFC6F3032104447E
:10C1B000C5F30740FFF7C7FF204470BD08B5E8F797
:10C1C000EDFDBDE80840E8F727BE10B50446E8F7E6
:10C1D000E5FD844288BF01F1FF31204601F00301F3
:10C1E000BDE81040E8F718BE38B50446FFF7E6FF93
:10C1F0000546FFF7E3FF431BA342FAD338BD0020F7
:10C20000704708B5E8F786FF002008BD00F030034E
:10C21000202B10B513D110F4E02FC0F302431CBF44
:10C22000C0F3C422B2FBF3F310F4C01F18BF5B00CD
:10C23000052B0DD85C08E9F7D7F8604310BDC0F3B3
:10C240008213012B06D0042B14BF01240224F2E731
:10C250000424F0E70224EEE770B505460C4651B120
:10C260000B6843B15B6833B11A68032A03D99C6A2F
:10C27000640E204670BDEFF72CFAD5F89060C5F833
:10C28000904001462846E9F779FAC5F890600446DF
:10C290000846EFF722FAECE738B14FF47A735843C7
:10C2A000A0F6AC53581AE9F7ABBB4CF25030FAE7A2
:10C2B000EAF702BCEAF700BCEAF7FEBBEAF7FCBB10
:10C2C000EAF7FABB7047406B00F0600040280ED0E0
:10C2D000602804D0A0F1200358425841704749B16A
:10C2E0000B68012B06D9486940F00100704740F205
:10C2F000011070470020704788B10368022B0BD9EA
:10C30000426A12F47F4FC2F3072307D0006AD2B209
:10C310005043B0FBF3F07047002070471846704759
:10C320000220E8F725BDD0F894304BB11A68022AF4
:10C3300006D993F8250028B11B6AB3FBF0F07047CB
:10C34000FFF78CBC704708B50146D0F89400FFF7A2
:10C35000D3FF20B9BDE808400846FFF781BC08BDFF
:10C3600010B590F8D030032B04462BD04175D0F88F
:10C37000900020B3D4F8A0304BB994F8D9308B4258
:10C380000BD320460022BDE81040EBF7A3BCB4F964
:10C390002420B0F912309A42F3DD94F8D91000222B
:10C3A0002046EBF797FC60B9C4F890002046FFF7F1
:10C3B0007DFC01462046BDE81040E6F7EDBFFF23B7
:10C3C000A37510BD0220FCE70346D0F8D00008603A
:10C3D000B3F8D4308B800020704790F8D030032B16
:10C3E00014BF807DFF2070474FF48071EAF7B0BF23
:10C3F00070B50D460646EBF797FB0446B07C053852
:10C40000012821468CBF00200120E9F747FC0223C8
:10C41000AB717CB1B0F5803F0CD863094FF2244278
:10C4200002FB00302409B0FBF4F42868041B2C60E4
:10C43000002070BD1846FCE73F2B084610B511469A
:10C440001AD9B3FA83F4C4F11903DBB2062B01D86D
:10C45000192C0FD0062B28BF06231A46941DE3B2D1
:10C4600001249C40A4B2A14228BF2146E7F7D6FB95
:10C47000204610BD0022F1E70024F9E710B514882A
:10C480003F2C084617D9B4FA84F4C4F11903DBB27F
:10C49000062B01D8192C0CD0062B28BF06231946D1
:10C4A0008B1DDCB20123A3401380E7F7D3FB0020F0
:10C4B00010BD0021F4E70120FAE7EAF763BF10B5E9
:10C4C000084614460121E8F7EDFE20460121E8F771
:10C4D000E9FE002010BD37B50446CDE90021EFF795
:10C4E000F8F8DDE900210546204600F0B2F80446E0
:10C4F0002846EFF7F2F8204603B030BD022070471F
:10C5000003207047E8F72CBC007CC0F38000704724
:10C5100010B5EBF7DFFF044608B9E9F7F1FF204655
:10C5200010BD38B504461D46EBF7D4FF28B929469F
:10C530002046BDE83840EAF7CFB838BD38B50546E3
:10C54000C175144642B100F07FF820B16B7C43F016
:10C5500001036B74002038BD0846E8F7BFF9FF28D7
:10C56000E8750AD0284600F06FF80028F3D06B7CFD
:10C5700064F300036B742046EDE7E8F705FA012049
:10C58000E9E770478021EAF7E3BE38B50546EBF7E7
:10C59000A5F804462846EBF77DF8072811D1D5F811
:10C5A000903024F47F41DC6921F0480104B16478C3
:10C5B00041EA042141F020012846BDE83840EBF76C
:10C5C00093B824F02001F7E70320704710B5044624
:10C5D000ECF7B8F92046BDE81040ECF76FB9D0F899
:10C5E000E0308B4270B504460D46164603D190F8F4
:10C5F000DC30202B1AD0EA071FD5002E0CBF5523A4
:10C60000AA2393FAA3F0000B00F4702095FAA5F288
:10C6100040EA12432364202384F8DC300023C4F86A
:10C62000E050C4F8E4302046EBF700FC32462946DF
:10C630002046BDE87040ECF71BB9AA23E1E70120D2
:10C6400070470020002170474021EAF781BE00209A
:10C650007047F0B585B005460F4602A81146ECF7C5
:10C66000E3FA0646A0B19FB1DDE902311B0A43EAB5
:10C670000163A5FB0343090A05FB01310191E8F7BA
:10C6800003FE0199024600232046EDF769F9386060
:10C69000304605B0F0BD00228A4202D14FF0FF3093
:10C6A000704750F8223093FAA3F30BB90132F3E745
:10C6B000B3FA83F000EB4210704710B50139024421
:10C6C000904201D1002005E0037811F8014FA34208
:10C6D00001D0181B10BD0130F2E70A44914200F16D
:10C6E000FF3300D1704710B511F8014B03F8014F2B
:10C6F0009142F9D110BD884210B501EB020402D974
:10C700008442234607D8431EA14208D011F8012BCA
:10C7100003F8012FF8E7024401468A4200D110BD18
:10C7200013F8014D02F8014DF7E702440346934226
:10C7300000D1704703F8011BF9E737B5A1FB0224CC
:10C740004CB911460192EDF749FB019A054630B903
:10C75000284603B030BD0C2202600025F8E72146D0
:10C76000FFF7E3FFF4E710B50246147813460132F1
:10C77000002CFAD1013B11F8012B03F8012F002AFC
:10C78000F9D110BD034611F8012B03F8012B002A43
:10C79000F9D17047034613F8012B002AFBD1181A70
:10C7A0000138704770B568224D1E55430E4605F19D
:10C7B0007401EDF713FB044640B10021C0E90016F7
:10C7C0000C30A06005F16802FFF7AFFF204670BD96
:10C7D0002DE9F8430646884600F148040027D4E9CD
:10C7E0000195B9F1010905D52468002CF7D1384627
:10C7F000BDE8F883AB89012B07D9B5F90E300133B9
:10C8000003D029463046C04707436835E9E77047FB
:10C810007047704770B50E46B1F90E10002996B0FA
:10C8200014461D4608DAB6F90C3000222A601A06B2
:10C8300010D44FF480630EE06A46EEF773FA0028D6
:10C84000F1DB019A02F47042A2F500535A425A41B8
:10C850002A60EEE740230020236016B070BD2DE96A
:10C86000F041804614460E4621B9BDE8F04111461C
:10C87000EDF7B4BA2AB9EDF745FA25462846BDE8E2
:10C88000F08100F04FF98442074602D8B4EB500F14
:10C8900012D821464046EDF7A1FA05460028EDD012
:10C8A000BC422246314628BF3A46FFF716FF3146C2
:10C8B0004046EDF727FAE1E73546DFE72DE9F04797
:10C8C0008E689E4282460C4690461F4638D88A891A
:10C8D00012F4906F32D025680969A5EB01096569EA
:10C8E00005EB450505EBD57501334B446D109D42B5
:10C8F00038BF1D46530531D52946EDF76FFA064678
:10C9000050B90C23CAF80030A38943F04003A38137
:10C910004FF0FF30BDE8F08721694A46FFF7DDFEA2
:10C92000A38923F4906343F08003A38126616561AA
:10C930004E44A5EB09052660A5603E46BE4200D9DF
:10C940003E46206832464146FFF7D5FEA3689B1B52
:10C95000A3602368334423600020DBE72A46FFF707
:10C960007EFF06460028E1D121695046EDF7CAF95D
:10C97000C7E79368013B002B10B4936008DA946911
:10C98000A34201DB0A2903D15DF8044BEEF7E8B8B6
:10C990001368581C1060197008465DF8044B704706
:10C9A000F8B506460F461446D518AC4201D1002012
:10C9B00007E014F8011B3A463046FFF7DAFF431C44
:10C9C000F3D1F8BD2DE9F047164699468A680B6900
:10C9D000DDF820809342B8BF1346336091F84320BE
:10C9E00007460C460AB1013333602368990642BFFB
:10C9F000336802333360256815F0060506D104F16B
:10CA0000190AE36832689B1AAB4226DC94F843208B
:10CA1000131E226818BF012392062BD404F143028F
:10CA200049463846C04701301ED02368E568326861
:10CA300003F00603042B08BFAD1AA36822690CBFDC
:10CA400025EAE57500259342C4BF9B1AED18002620
:10CA50001A34B5421AD1002008E001235246494653
:10CA60003846C047013003D14FF0FF30BDE8F087B2
:10CA70000135C6E7E1185A1C302081F843002244F2
:10CA800094F8451082F843100233C7E70123224689
:10CA900049463846C0470130E6D00136D9E710B5DF
:10CAA0000C46B1F90E10EEF771F90028ABBF636DBB
:10CAB000A3891B1823F48053ACBF6365A38110BD09
:10CAC0002DE9F0411F468B89DB0505460C461646CD
:10CAD00005D5B1F90E1002230022EEF745F9A3891E
:10CAE000B4F90E1023F48053A38132463B46284606
:10CAF000BDE8F041EEF786B810B50C46B1F90E105E
:10CB0000EEF732F9431CA38915BF606523F4805307
:10CB100043F48053A38118BFA38110BDB1F90E1057
:10CB2000EEF7F0B851F8043C181F002BBCBF0B58AF
:10CB3000C0187047F8B500BFF8BC08BC9E467047E7
:10CB4000F8B500BFF8BC08BC9E4670470000000066
:10CB50005FF800F0691300204572726F72207768E9
:10CB6000696C652072656164696E672074656D70BB
:10CB7000657261747572652073656E736F722E20B5
:10CB8000436C6561722074686520627566666572C3
:10CB90002E0D0A004E65772074656D7065726174A4
:10CBA000757265207570646174652063620D0A009A
:10CBB000536574207075626C69636174696F6E206F
:10CBC0006572726F723A2030782530346C580D0AD5
:10CBD00000536574207075626C69636174696F6E6F
:10CBE00020646F6E652E205075626C697368696E83
:10CBF000672E2E2E0D0A005075626C6973682065D1
:10CC000072726F723A2030782530346C580D0A00F9
:10CC1000506572696F646963205075626C697368EE
:10CC200020636220646F6E652E0D0A003D3D3D3D20
:10CC30003D3D3D3D3D3D3D3D3D3D3D3D3D0D0A00C4
:10CC40005365727665722F467269656E640D0A00CF
:10CC50004D4F4E49544F52494E47005365727665C9
:10CC6000722F467269656E64005B494E49545D20BF
:10CC70005375622030784330303120666F726365BF
:10CC8000640D0A00666163746F7279207265736562
:10CC9000740D0A00466163746F7279205265736582
:10CCA00074004E6F646520696E69740D0A005B4301
:10CCB0005D20002F686F6D652F707262652F53695C
:10CCC0006D706C696369747953747564696F2F76DC
:10CCD000355F776F726B73706163652F6563656E27
:10CCE000353832332D61737369676E6D656E7431DB
:10CCF000302D7072756468766962656C6964652F41
:10CD000062746D6573685F76656E646F725F73657C
:10CD1000727665722F6170702E630025733A2564F8
:10CD2000203A25733A20007363005374617475735D
:10CD30003A202573203D203078253034782000417A
:10CD40007373657274696F6E206661696C65643AAD
:10CD5000204661696C656420746F20696E69742077
:10CD60006E6F64650D0A00736C5F62745F73797334
:10CD700074656D5F6765745F6964656E7469747905
:10CD80005F616464726573732829207265747572BB
:10CD90006E656420213D2030207374617475733D8D
:10CDA00030782530347800253032783A25303278A2
:10CDB0003A253032783A253032783A253032783A8E
:10CDC0002530327800423020507265737365642ECE
:10CDD0000D0A00423120507265737365642E0D0A8E
:10CDE000005075626C69736820646F6E65207075A1
:10CDF00073682E0D0A006E6574776F726B00617038
:10CE0000706C69636174696F6E005B4556545D2098
:10CE100030782530386C580D0A004E6F64652069F3
:10CE20006E697469616C697A6564202E2E2E0D0A14
:10CE3000005B465249454E445D204D6F64656C2051
:10CE4000696E6974204F4B0D0A005B465249454E8E
:10CE5000445D204D6F64656C206578697374732040
:10CE60002D204F4B0D0A005B465249454E445D2034
:10CE70004D6F64656C20696E6974206661696C65CC
:10CE8000643A2030782530346C580D0A004E6F64B7
:10CE90006520616C72656164792070726F76697368
:10CEA000696F6E65642E0D0A00507562207365749B
:10CEB00074696E6720726573756C74203D203078DC
:10CEC0002530346C582C2070756220736574746939
:10CED0006E672061646472657373203D203078252D
:10CEE0003034580D0A00416464206C6F63616C201B
:10CEF000617070206B6579202E2E2E0D0A00202087
:10CF0000616464206B657920726573756C743A2076
:10CF100030782530346C580D0A004E6F64652075EA
:10CF20006E70726F766973696F6E65640D0A005575
:10CF30006E69636173742041646472657373203D2C
:10CF4000203078253034580D0A0050726F7669739E
:10CF5000696F6E696E6720697473656C662E0D0A61
:10CF600000417373657274696F6E206661696C65E8
:10CF7000643A204661696C656420746F2070726F3A
:10CF8000766973696F6E20697473656C660D0A004B
:10CF90002020736B69707065643A203078253034D6
:10CFA0006C580D0A0042696E64206C6F63616C20DE
:10CFB000617070206B6579202E2E2E0D0A002020C6
:10CFC000656C656D3D2564206170706B65793D25EC
:10CFD000642076656E646F723D3078253034582059
:10CFE0006D6F64656C3D3078253034580D0A002033
:10CFF0002062696E64206661696C65640D0A005385
:10D000006574206C6F63616C206D6F64656C20705B
:10D010007562202E2E2E0D0A00202070756220666B
:10D0200061696C65640D0A00416464206C6F636122
:10D030006C206D6F64656C20737562202E2E2E0D32
:10D040000A002020737562206661696C65640D0AB0
:10D05000005365742072656C6179202E2E2E0D0AA6
:10D0600000536574204E6574776F726B207478205E
:10D0700073746174652E0D0A0050726F766973695E
:10D080006F6E696E6720646F6E652E0D0A005072B8
:10D090006F766973696F6E696E67206661696C652A
:10D0A000642E20526573756C74203D2030782530D5
:10D0B00034780D0A0050726F766973696F6E696E0D
:10D0C0006720737461727465642E0D0A00676F7453
:10D0D000206E6577202573206B65792077697468E9
:10D0E00020696E6465782025780D0A006576745F86
:10D0F0006E6F64655F636F6E6669675F7365745FAB
:10D1000069640D0A09006D6F64656C20636F6E665B
:10D110006967206368616E6765642C207479706547
:10D120003A2025642C20656C656D5F616464723AF9
:10D130002025782C206D6F64656C5F69643A20252A
:10D14000782C2076656E646F725F69643A2025786A
:10D150000D0A005365727665723A2056656E646FEB
:10D1600072206D6F64656C20646174612072656308
:10D1700065697665642E0D0A2020456C656D656EC7
:10D180007420696E646578203D2025640D0A202096
:10D1900056656E646F72206964203D2030782530BA
:10D1A00034580D0A20204D6F64656C206964203D61
:10D1B000203078253034580D0A2020536F75726363
:10D1C000652061646472657373203D20307825307A
:10D1D00034580D0A202044657374696E6174696F58
:10D1E0006E2061646472657373203D203078253051
:10D1F00034580D0A202044657374696E6174696F38
:10D200006E206C6162656C205555494420696E64DE
:10D210006578203D203078253032580D0A20204195
:10D220007070206B657920696E646578203D2030D0
:10D2300078253034580D0A20204E6F6E2D72656CA3
:10D2400061796564203D203078253032580D0A2000
:10D25000204F70636F6465203D2030782530325850
:10D260000D0A202046696E616C203D203078253003
:10D2700034580D0A20205061796C6F61643A2000A7
:10D28000257820005B465249454E445D2053414677
:10D29000452072656365697665640D0A00534146F1
:10D2A00045005B465249454E445D204F50454E2057
:10D2B00072656365697665640D0A004F50454E20BE
:10D2C0004445544543544544005B465249454E4409
:10D2D0005D2054414D504552207265636569766505
:10D2E000640D0A0054414D50455221004C55583AA6
:10D2F0002575005B465249454E445D204C55583DCE
:10D3000025750D0A0053656E64696E672F7075622E
:10D310006C697368696E672074656D70657261749D
:10D320007572652073746174757320617320726502
:10D3300073706F6E736520746F2074656D706572A5
:10D340006174757265206765742066726F6D206305
:10D350006C69656E742E2E2E0D0A0053656E64691D
:10D360006E672F7075626C697368696E6720756E81
:10D3700069742073746174757320617320726573AE
:10D38000706F6E736520746F20756E6974206765A9
:10D39000742066726F6D20636C69656E742E2E2E1C
:10D3A0000D0A0053656E64696E672F7075626C6953
:10D3B0007368696E6720756E697420737461747523
:10D3C0007320617320726573706F6E736520746F64
:10D3D00020756E6974207365742066726F6D2063AA
:10D3E0006C69656E742E2E2E0D0A005075626C6984
:10D3F0007368696E6720756E6974207374617475E3
:10D400007320617320726573706F6E736520746F23
:10D4100020756E69742073657420756E61636B6E20
:10D420006F776C65646765642066726F6D20636CEE
:10D4300069656E742E2E2E0D0A005075626C69732C
:10D4400068696E672055706461746520496E746503
:10D450007276616C20283078257829207374617485
:10D46000757320617320726573706F6E73652074BD
:10D470006F207570646174655F696E746572766142
:10D480006C5F7365745F756E61636B2066726F6D40
:10D4900020636C69656E742E2E2E0D0A0020207399
:10D4A000657475705F706572696F6463616C5F75D8
:10D4B0007064617465282920696E74657276616C88
:10D4C000203D20307825780D0A002020706172738D
:10D4D000655F706572696F64282920696E74657272
:10D4E00076616C203D20307825780D0A00557064F7
:10D4F00061746520706572696F64205B68683A6D5D
:10D500006D3A73733A6D735D3D202530326C753A18
:10D510002530326C753A2530326C753A2530346CD2
:10D52000750D0A0020202A2A2A20506572696F642E
:10D53000696320757064617465206F66662E0D0ADC
:10D540000056656E646F72206D6F64656C20736544
:10D550006E64206572726F723A2030782530346CB8
:10D56000580D0A0041636B6E6F776C6564676520C8
:10D5700073656E742E0D0A005075626C697368696C
:10D580006E6720737461747573207570646174655F
:10D590002E0D0A00536574207075626C69636174A6
:10D5A000696F6E20646F6E652E205075626C6973B2
:10D5B00068696E67202E2E2E0D0A005374617475F3
:10D5C0007320557064617465205075626C6973686E
:10D5D00020646F6E652E0D0A005B465249454E442D
:10D5E0005D20467269656E64736869702065737446
:10D5F00061626C697368656420206C706E3D307880
:10D60000253034580D0A00436F6E6E65637465648F
:10D61000005B465249454E445D2053756220307888
:10D6200043303031207365740D0A005B4652494522
:10D630004E445D2042696E6420726573756C743A65
:10D640002030782530346C580D0A00467269656EBA
:10D6500064205465726D2E004E756D467269656E5C
:10D6600064733D25640020202A2A2A467269656E6B
:10D670006473686970207465726D696E6174656445
:10D680000D0A00736C5F62746D6573685F6F6E5F27
:10D690006576656E7400736C5F62745F6F6E5F6554
:10D6A00076656E740003030303030303030303039C
:10D6B0000303030303000000FCD604001800180055
:10D6C0007ED804000D000D007CD80400000000008E
:10D6D0000200010001000000020001180200000029
:10D6E00002000A180C0053696C69636F6E204C616C
:10D6F00062730200281802000018000001000000F8
:10D700000108010000000000D8D604000200020059
:10D7100001080100050000002000090003000900C5
:10D720000008010001000000BC12002004000C00F1
:10D7300003080100030000000200000005000200D1
:10D74000010801000500000002000A0006000A00AE
:10D750000108010001000000C612002007000200BD
:10D7600001080100050000000A000B0008000B0082
:10D770000308010001000000DC1200200900000085
:10D780000108010000000000F6D604000A000200B3
:10D7900001080100050000000A0003000B0003005F
:10D7A00003080100010000009E1200200C0002008E
:10D7B0000108010005000000020004000D00040043
:10D7C0000108010000000000DCD604000E0000008B
:10D7D0000108010000000000E0D604000F00020074
:10D7E000010801000500000002000500100005000E
:10D7F0000108010000000000E4D60400110002004E
:10D8000001080100050000000200060012000600E9
:10D810000108010001000000AE120020130000000A
:10D820000108010000000000F2D60400140002000C
:10D8300001080100050000000400070015000700B2
:10D8400004080100070000000000000016000200AC
:10D850000108010005000000100008001700080082
:10D8600000080100070000000000000018000C0084
:10D87000030801000300000001010000000000286F
:10D8800001280328002A012A292A232ADD2ADE2A40
:10D89000052A2A2B292B0229E01D0500FC1D050065
:10D8A0001C1E0500B41E0500C81E0500EC1E050068
:10D8B000081F0500981E050000000000FF0201007F
:10D8C000140220000E0000000201000002001111ED
:10D8D0001111000016000000000001000400040007
:10D8E00004000400040010002000040004000400F0
:10D8F00004000200020010001005050801030402E4
:10D9000002020204100000000500000000000000F8
:10D9100000C201000005000000100000000000002F
:10D9200000000000E412002049A50000B3B4030089
:10D9300005B5030017B50300ADB40300EC120020D9
:10D9400049A50000B3B4030005B5030017B50300F3
:10D95000ADB403002D1300207DA700008BB503009C
:10D96000B7B50300E3B50300FBB503003078005BF7
:10D97000005D006576743A6E6F64655F726573650D
:10D9800074280020290A006576743A6E6F64655F1A
:10D99000696E697469616C697A65642800207072C7
:10D9A0006F766973696F6E65643D0030782530323B
:10D9B000780020616464726573733D002069765F4E
:10D9C000696E6465783D0030782530386C78006584
:10D9D00076743A6E6F64655F70726F766973696FA3
:10D9E0006E656428006576743A6E6F64655F636F78
:10D9F0006E6669675F6765742800206E65746B6585
:10DA0000795F696E6465783D002069643D006576E4
:10DA1000743A6E6F64655F636F6E6669675F7365A6
:10DA20007428002076616C75653D006576743A6EE9
:10DA30006F64655F646973706C61795F6F75747032
:10DA400075745F6F6F622800206F75747075745FF6
:10DA5000616374696F6E3D00206F75747075745FDB
:10DA600073697A653D0020646174613D0065767478
:10DA70003A6E6F64655F696E7075745F6F6F625F39
:10DA800072657175657374280020696E7075745FB6
:10DA9000616374696F6E3D0020696E7075745F73A9
:10DAA000697A653D006576743A6E6F64655F707281
:10DAB0006F766973696F6E696E675F737461727494
:10DAC0006564280020726573756C743D006576741A
:10DAD0003A6E6F64655F70726F766973696F6E69B5
:10DAE0006E675F6661696C656428006576743A6E7E
:10DAF0006F64655F6B65795F6164646564280020AD
:10DB0000747970653D0020696E6465783D006576C6
:10DB1000743A6E6F64655F6D6F64656C5F636F6EA2
:10DB20006669675F6368616E6765642800206E6F71
:10DB300064655F636F6E6669675F73746174653D8A
:10DB40000020656C656D656E745F616464726573F9
:10DB5000733D002076656E646F725F69643D0020DE
:10DB60006D6F64656C5F69643D006576743A6E6FD5
:10DB700064655F69767265636F766572795F6E65FD
:10DB8000656465642800206E6F64655F69765F690F
:10DB90006E6465783D00206E6574776F726B5F69A7
:10DBA000765F696E6465783D006576743A6E6F6481
:10DBB000655F6368616E6765645F697675706461EF
:10DBC00074655F7374617465280020737461746593
:10DBD0003D006576743A6E6F64655F737461746955
:10DBE000635F6F6F625F726571756573742800653E
:10DBF00076743A6E6F64655F6B65795F72656D6FA1
:10DC000076656428006576743A6E6F64655F6B654F
:10DC1000795F7570646174656428006576743A6E26
:10DC20006F64655F68656172746265617428002065
:10DC30007372635F616464723D00206473745F613A
:10DC40006464723D0020686F70733D006576743ABD
:10DC50006E6F64655F6865617274626561745F733D
:10DC600074617274280020706572696F645F7365F7
:10DC7000633D006576743A6E6F64655F68656172D6
:10DC800074626561745F73746F7028006576743AAE
:10DC90006E6F64655F626561636F6E5F7265636519
:10DCA000697665642800206B65795F7265667265C8
:10DCB00073683D002069765F7570646174653D002E
:10DCC0006576743A6E6F64655F6C6F63616C5F64F8
:10DCD00063645F64617461280020706167653D0062
:10DCE0006576743A6E6F64655F6C6F63616C5F64D8
:10DCF00063645F646174615F656E64280065767457
:10DD00003A6E6F64655F6C6F63616C5F6D6F6465C5
:10DD10006C5F6D657461646174615F7061676528D3
:10DD2000006576743A6E6F64655F6C6F63616C5FFB
:10DD30006D6F64656C5F6D657461646174615F7063
:10DD40006167655F656E6428006576743A6E6F641E
:10DD5000655F73746172745F72656365697665642B
:10DD6000280020616C676F726974686D3D002070D7
:10DD700075626C69635F6B65793D002061757468DD
:10DD8000656E7469636174696F6E5F6D6574686FE9
:10DD9000643D002061757468656E746963617469BF
:10DDA0006F6E5F616374696F6E3D002061757468AA
:10DDB000656E7469636174696F6E5F73697A653DDE
:10DDC000006576743A6E6F64655F61646472657352
:10DDD000735F757064617465642800206E65775F99
:10DDE000616464726573733D006576743A6E6F6446
:10DDF000655F6463645F7570646174656428006561
:10DE000076743A70726F765F696E697469616C6975
:10DE10007A65642800206E6574776F726B733D00BD
:10DE20006576743A70726F765F70726F7669736937
:10DE30006F6E696E675F73757370656E6465642875
:10DE40000020757569643D0020726561736F6E3DD9
:10DE5000006576743A70726F765F636170616269B3
:10DE60006C6974696573280020656C656D656E74F6
:10DE7000733D0020616C676F726974686D733D005B
:10DE800020706B65795F747970653D0020737461F3
:10DE90007469635F6F6F625F747970653D00206FB6
:10DEA000757075745F6F6F625F73697A653D00208E
:10DEB0006F75747075745F6F6F625F616374696FA3
:10DEC0006E3D0020696E7075745F6F6F625F73697D
:10DED0007A653D0020696E747075745F6F6F625F64
:10DEE000616374696F6E3D006576743A70726F7627
:10DEF0005F70726F766973696F6E696E675F666176
:10DF0000696C656428006576743A70726F765F6438
:10DF100065766963655F70726F766973696F6E6548
:10DF20006428006576743A70726F765F756E7072F1
:10DF30006F765F626561636F6E2800206F6F625F4E
:10DF40006361706162696C69746965733D00207515
:10DF500072695F686173683D002062656172657215
:10DF60003D0020616464726573735F747970653D10
:10DF70000020727373693D006576743A70726F7633
:10DF80005F6F6F625F706B65795F726571756573E6
:10DF90007428006576743A70726F765F6F6F625F97
:10DFA000617574685F726571756573742800206FA0
:10DFB00075747075743D006576743A70726F765F33
:10DFC0006F6F625F646973706C61795F696E7075A1
:10DFD0007428006576743A70726F765F6464625F6D
:10DFE0006C69737428006576743A70726F765F7529
:10DFF0007269280020686173683D006576743A7024
:10E00000726F765F6B65795F726566726573685F64
:10E0100070686173655F7570646174652800206B5A
:10E0200065793D002070686173653D006576743ADE
:10E0300070726F765F6B65795F7265667265736823
:10E040005F6E6F64655F757064617465280020663B
:10E0500061696C7572653D006576743A70726F76B1
:10E060005F6B65795F726566726573685F636F6D1C
:10E07000706C65746528006576743A70726F765FAF
:10E080006164645F6464625F656E7472795F636F1C
:10E090006D706C65746528006576743A70726F7681
:10E0A0005F64656C6574655F6464625F656E7472FD
:10E0B000795F636F6D706C65746528006576743A7E
:10E0C00070726F765F696E697469616C697A617488
:10E0D000696F6E5F6661696C656428006576743A85
:10E0E00070726F765F70726F766973696F6E696E4A
:10E0F000675F7265636F7264735F6C697374280025
:10E10000206C6973743D006576743A70726F765F47
:10E1100070726F766973696F6E696E675F7265633F
:10E120006F72645F646174612800207265636F724E
:10E13000643D002066696E616C3D006576743A70DE
:10E14000726F765F73746172745F73656E742800AA
:10E150006576743A70726F78795F636F6E6E65631F
:10E1600074656428002068616E646C653D006576A6
:10E17000743A70726F78795F646973636F6E6E65FD
:10E180006374656428006576743A70726F78795F9D
:10E1900066696C7465725F737461747573280020AE
:10E1A000636F756E743D006576743A73696C616275
:10E1B000735F636F6E6669675F636C69656E745FDA
:10E1C00074785F7374617475732800207365727658
:10E1D00065723D00207374617475733D002074781E
:10E1E0005F7068793D002074785F6F7074696F6E3E
:10E1F000735F6269746D61703D006576743A73692E
:10E200006C6162735F636F6E6669675F636C69659B
:10E210006E745F6D6F64656C5F7374617475732881
:10E220000020656C656D5F696E6465783D0065769C
:10E23000743A73696C6162735F636F6E6669675F7E
:10E24000636C69656E745F6E6574776F726B5F7017
:10E2500064755F7374617475732800207064755FF2
:10E260006D61785F73697A653D006576743A7665AD
:10E270006E646F725F6D6F64656C5F726563656914
:10E28000766528002064657374696E6174696F6EC9
:10E290005F616464726573733D0020736F757263B0
:10E2A000655F616464726573733D002076615F69C8
:10E2B0006E6465783D00206170706B65795F696E92
:10E2C0006465783D00206E6F6E72656C617965647F
:10E2D0003D00206D6573736167655F666C61677390
:10E2E0003D00206F70636F64653D00207061796C44
:10E2F0006F61643D006576743A76656E646F725F37
:10E300006D6F64656C5F73656E645F636F6D706C79
:10E3100065746528006576743A6865616C74685F39
:10E32000636C69656E745F7365727665725F737432
:10E3300061747573280020636C69656E745F616435
:10E3400064726573733D00207365727665725F61F8
:10E350006464726573733D002063757272656E74D8
:10E360003D0020746573745F69643D0020666175CB
:10E370006C74733D006576743A6865616C74685FAF
:10E38000636C69656E745F7365727665725F7374D2
:10E39000617475735F706572696F642800207065C1
:10E3A00072696F643D006576743A6865616C746883
:10E3B0005F636C69656E745F7365727665725F73B7
:10E3C00074617475735F617474656E74696F6E28BF
:10E3D0000020617474656E74696F6E5F7365633D70
:10E3E000006576743A6865616C74685F736572760F
:10E3F00065725F617474656E74696F6E2800207455
:10E40000696D65725F7365633D006576743A686532
:10E41000616C74685F7365727665725F746573743E
:10E420005F72657175657374280020726573706F13
:10E430006E73655F72657175697265643D006576BE
:10E44000743A67656E657269635F636C69656E7463
:10E450005F7365727665725F73746174757328009B
:10E460002072656D61696E696E675F6D733D002036
:10E47000666C6167733D0020706172616D657465E3
:10E4800072733D006576743A67656E657269635FA5
:10E490007365727665725F636C69656E745F7265D1
:10E4A00071756573742800207472616E7369746984
:10E4B0006F6E5F6D733D002064656C61795F6D7395
:10E4C0003D006576743A67656E657269635F736572
:10E4D000727665725F73746174655F6368616E679D
:10E4E000656428006576743A67656E657269635F76
:10E4F0007365727665725F73746174655F7265636C
:10E50000616C6C2800207472616E736974696F6E3F
:10E510005F74696D655F6D733D006576743A74650F
:10E5200073745F6C6F63616C5F6865617274626560
:10E5300061745F737562736372697074696F6E5F23
:10E54000636F6D706C657465280020686F705F6D17
:10E55000696E3D0020686F705F6D61783D00657683
:10E56000743A746573745F7265706C61795F707210
:10E570006F74656374696F6E5F6C6973745F656EE9
:10E580007472795F73657428002063616E63656CD3
:10E590003D006576743A746573745F7265706C6182
:10E5A000795F70726F74656374696F6E5F6C6973A5
:10E5B000745F656E7472795F636C656172656428FF
:10E5C000006576743A746573745F7265706C617916
:10E5D0005F70726F74656374696F6E5F6C6973747A
:10E5E0005F736176656428002073617665645F639C
:10E5F0006F756E743D0020746F74616C5F636F752E
:10E600006E743D006576743A746573745F726570FC
:10E610006C61795F70726F74656374696F6E5F6C43
:10E620006973745F66756C6C28006576743A6C70FB
:10E630006E5F667269656E64736869705F65737436
:10E6400061626C6973686564280020667269656E32
:10E65000645F616464726573733D006576743A6CDF
:10E66000706E5F667269656E64736869705F66611B
:10E67000696C656428006576743A6C706E5F6672CA
:10E6800069656E64736869705F7465726D696E61E7
:10E6900074656428006576743A667269656E645FB5
:10E6A000667269656E64736869705F6573746162D0
:10E6B0006C69736865642800206C706E5F616464C7
:10E6C000726573733D006576743A667269656E644F
:10E6D0005F667269656E64736869705F7465726D98
:10E6E000696E6174656428006576743A636F6E665E
:10E6F00069675F636C69656E745F72657175657378
:10E70000745F6D6F64696669656428006576743A44
:10E71000636F6E6669675F636C69656E745F6E6573
:10E72000746B65795F7374617475732800657674B2
:10E730003A636F6E6669675F636C69656E745F6E7E
:10E7400065746B65795F6C6973742800206E6574FD
:10E750006B65795F696E64696365733D00657674A6
:10E760003A636F6E6669675F636C69656E745F6E4E
:10E7700065746B65795F6C6973745F656E6428009E
:10E780006576743A636F6E6669675F636C69656E20
:10E79000745F6170706B65795F73746174757328F1
:10E7A000006576743A636F6E6669675F636C69656E
:10E7B0006E745F6170706B65795F6C69737428004B
:10E7C000206170706B65795F696E64696365733D24
:10E7D000006576743A636F6E6669675F636C69653E
:10E7E0006E745F6170706B65795F6C6973745F657F
:10E7F0006E6428006576743A636F6E6669675F635E
:10E800006C69656E745F62696E64696E675F73746C
:10E810006174757328006576743A636F6E66696714
:10E820005F636C69656E745F62696E64696E67735D
:10E830005F6C69737428006576743A636F6E6669FD
:10E84000675F636C69656E745F62696E64696E6749
:10E85000735F6C6973745F656E6428006576743AE3
:10E86000636F6E6669675F636C69656E745F6D6F19
:10E8700064656C5F7075625F737461747573280092
:10E880002063726564656E7469616C733D00207409
:10E89000746C3D0020706572696F645F6D733D003C
:10E8A0002072657472616E736D69745F636F756EEB
:10E8B000743D002072657472616E736D69745F6976
:10E8C0006E74657276616C5F6D733D006576743A47
:10E8D000636F6E6669675F636C69656E745F6D6FA9
:10E8E00064656C5F7375625F73746174757328001F
:10E8F0006576743A636F6E6669675F636C69656EAF
:10E90000745F737562735F6C69737428002061644F
:10E91000647265737365733D006576743A636F6EF8
:10E920006669675F636C69656E745F737562735F58
:10E930006C6973745F656E6428006576743A636F02
:10E940006E6669675F636C69656E745F6865617246
:10E9500074626561745F7075625F737461747573FE
:10E96000280020636F756E745F6C6F673D002070C8
:10E970006572696F645F6C6F673D002066656174E6
:10E98000757265733D006576743A636F6E6669678C
:10E990005F636C69656E745F6865617274626561FE
:10E9A000745F7375625F7374617475732800206D92
:10E9B000696E5F686F70733D00206D61785F686F8E
:10E9C00070733D006576743A636F6E6669675F6366
:10E9D0006C69656E745F626561636F6E5F737461AD
:10E9E00074757328006576743A636F6E6669675F45
:10E9F000636C69656E745F64656661756C745F7481
:10EA0000746C5F73746174757328006576743A630F
:10EA10006F6E6669675F636C69656E745F6761746A
:10EA2000745F70726F78795F7374617475732800A6
:10EA30006576743A636F6E6669675F636C69656E6D
:10EA4000745F72656C61795F7374617475732800AB
:10EA50002072656C61793D006576743A636F6E660D
:10EA600069675F636C69656E745F6E6574776F72FA
:10EA70006B5F7472616E736D69745F7374617475CA
:10EA8000732800207472616E736D69745F636F75B3
:10EA90006E743D00207472616E736D69745F696E8F
:10EAA00074657276616C5F6D733D006576743A6370
:10EAB0006F6E6669675F636C69656E745F696465D4
:10EAC0006E746974795F7374617475732800657608
:10EAD000743A636F6E6669675F636C69656E745FD5
:10EAE000667269656E645F7374617475732800651E
:10EAF00076743A636F6E6669675F636C69656E749E
:10EB00005F6B65795F726566726573685F70686177
:10EB100073655F73746174757328006576743A6306
:10EB20006F6E6669675F636C69656E745F6C706E4B
:10EB30005F706F6C6C74696D656F75745F73746111
:10EB4000747573280020706F6C6C5F74696D656FED
:10EB500075745F6D733D006576743A636F6E6669B8
:10EB6000675F636C69656E745F6463645F6461743E
:10EB70006128006576743A636F6E6669675F636CDF
:10EB800069656E745F6463645F646174615F656E20
:10EB90006428006576743A636F6E6669675F636CBC
:10EBA00069656E745F72657365745F7374617475A3
:10EBB0007328006576743A636F6E6669675F636C8D
:10EBC00069656E745F6F626F5F61636B5F726563CF
:10EBD00065697665642800206C706E5F616464729C
:10EBE0003D0020667269656E645F616464723D0019
:10EBF0006576743A6D62745F636C69656E745F7399
:10EC000065727665725F696E666F726D6174696F49
:10EC10006E5F7374617475732800206D696E5F6236
:10EC20006C6F636B5F73697A655F6C6F673D002023
:10EC30006D61785F626C6F636B5F73697A655F6C3F
:10EC40006F673D00206D61785F6368756E6B733D23
:10EC500000206D61785F6368756E6B5F73697A65BC
:10EC60003D006576743A6D62745F636C69656E74BD
:10EC70005F71756572795F696E666F726D617469D7
:10EC80006F6E5F636F6D706C657465280020626CD9
:10EC90006F636B5F73697A655F6C6F675F6D696ED9
:10ECA0003D0020626C6F636B5F73697A655F6C6FA8
:10ECB000675F6D61783D00206D61785F6368756E98
:10ECC0006B5F73697A655F6D696E3D00206D617879
:10ECD0005F6368756E6B735F6D696E3D0020737561
:10ECE00070706F727465645F7472616E7366657262
:10ECF0005F6D6F6465733D0020636F6D6D6F6E5F58
:10ED00007472616E736665725F6D6F6465733D00EA
:10ED10006576743A6D62745F636C69656E745F7377
:10ED200065727665725F7472616E736665725F7329
:10ED30007461747573280020626C6F625F69643D52
:10ED40000020626C6F625F73697A653D0020626CBF
:10ED50006F636B5F73697A655F6C6F673D002062FC
:10ED60006C6F636B735F6E6F745F726563656976FA
:10ED700065643D006576743A6D62745F636C6965C5
:10ED80006E745F73746172745F7472616E736665C2
:10ED9000725F636F6D706C65746528006576743A98
:10EDA0006D62745F636C69656E745F7365727665BE
:10EDB000725F626C6F636B5F73746174757328004C
:10EDC000206D697373696E675F6368756E6B733D01
:10EDD000006576743A6D62745F636C69656E745F2A
:10EDE00073746172745F626C6F636B5F636F6D707D
:10EDF0006C657465280020626C6F636B5F6E756D67
:10EE00006265723D0020626C6F636B5F73697A6547
:10EE10003D006576743A6D62745F636C69656E740B
:10EE20005F73656E645F6368756E6B5F7265717545
:10EE30006573742800206F66667365743D00206CEE
:10EE4000656E6774683D006576743A6D62745F63E1
:10EE50006C69656E745F7365727665725F706172FE
:10EE60007469616C5F626C6F636B5F7265706F7207
:10EE70007428006576743A6D62745F636C69656EC0
:10EE8000745F73656E645F6368756E6B735F636FE9
:10EE90006D706C65746528006576743A6D62745F98
:10EEA000636C69656E745F71756572795F626C6FB2
:10EEB000636B5F7374617475735F636F6D706C65A2
:10EEC0007465280020626C6F636B5F636F6D706C9C
:10EED0006574653D00207472616E736665725F6370
:10EEE0006F6D706C6574653D006576743A6D627423
:10EEF0005F636C69656E745F74785F636F6D706C6F
:10EF000065746528006576743A6D62745F636C6938
:10EF1000656E745F7365727665725F6661696C6554
:10EF20006428002074696D656F75743D00206572FA
:10EF3000726F723D006576743A6D62745F636C69DE
:10EF4000656E745F7472616E736665725F636F6D18
:10EF5000706C65746528006576743A6D62745F73D1
:10EF600065727665725F73746174655F6368616E04
:10EF70006765642800206E65775F73746174653D12
:10EF800000206368756E6B5F73697A653D00657616
:10EF9000743A6D62745F7365727665725F747261E4
:10EFA0006E736665725F73746172745F72657128E7
:10EFB00000207472616E736665725F6D6F64653D8B
:10EFC000006576743A6D62745F7365727665725F20
:10EFD000626C6F636B5F7374617274280065767422
:10EFE0003A6D62745F7365727665725F6368756EA1
:10EFF0006B280020746F74616C5F6F666673657454
:10F000003D0020626C6F636B5F6F66667365743D75
:10F01000006576743A6D62745F7365727665725FCF
:10F02000626C6F636B5F636F6D706C6574652800F5
:10F030006576743A6D62745F7365727665725F743B
:10F0400072616E736665725F63616E63656C2800E2
:10F050006576743A6D62745F7365727665725F701F
:10F0600061727469616C5F626C6F636B5F72657013
:10F070006F72745F74785F636F6D706C6574652810
:10F0800000206E756D5F7265717565737465645F80
:10F090006368756E6B733D0020726571756573747E
:10F0A00065645F6368756E6B733D006576743A7373
:10F0B000656E736F725F7365727665725F67657494
:10F0C0005F7265717565737428002070726F70656A
:10F0D0007274795F69643D006576743A73656E7326
:10F0E0006F725F7365727665725F6765745F636F79
:10F0F0006C756D6E5F726571756573742800206341
:10F100006F6C756D6E5F6964733D006576743A73FC
:10F11000656E736F725F7365727665725F67657433
:10F120005F7365726965735F726571756573742865
:10F13000006576743A73656E736F725F736572768D
:10F1400065725F7075626C69736828006576743AE1
:10F1500073656E736F725F73657475705F736572DC
:10F160007665725F6765745F636164656E63655F32
:10F170007265717565737428006576743A73656E8F
:10F18000736F725F73657475705F736572766572A5
:10F190005F7365745F636164656E63655F726571FB
:10F1A00075657374280020706572696F645F6469A7
:10F1B0007669736F723D0020747269676765725F6C
:10F1C000747970653D0020706172616D733D0065FA
:10F1D00076743A73656E736F725F73657475705F82
:10F1E0007365727665725F6765745F736574746961
:10F1F0006E67735F726571756573742800657674E8
:10F200003A73656E736F725F73657475705F736563
:10F21000727665725F6765745F73657474696E6733
:10F220005F72657175657374280020736574746905
:10F230006E675F69643D006576743A73656E736FDF
:10F24000725F73657475705F7365727665725F73F4
:10F2500065745F73657474696E675F7265717565F7
:10F2600073742800207261775F76616C75653D006C
:10F270006576743A73656E736F725F7365747570DB
:10F280005F7365727665725F7075626C697368280A
:10F29000006576743A73656E736F725F636C69654F
:10F2A0006E745F64657363726970746F725F737498
:10F2B0006174757328002064657363726970746F7C
:10F2C00072733D006576743A73656E736F725F6337
:10F2D0006C69656E745F636164656E63655F7374AA
:10F2E0006174757328006576743A73656E736F7216
:10F2F0005F636C69656E745F73657474696E677360
:10F300005F73746174757328002073657474696E1B
:10F31000675F6964733D006576743A73656E736FF9
:10F32000725F636C69656E745F73657474696E6730
:10F330005F73746174757328006576743A73656ED3
:10F34000736F725F636C69656E745F7374617475FB
:10F350007328002073656E736F725F646174613D22
:10F36000006576743A73656E736F725F636C69657E
:10F370006E745F636F6C756D6E5F737461747573BB
:10F3800028006576743A73656E736F725F636C699B
:10F39000656E745F7365726965735F7374617475AC
:10F3A0007328006576743A73656E736F725F636C71
:10F3B00069656E745F7075626C6973682800657644
:10F3C000743A66775F7570646174655F636C6965D4
:10F3D0006E745F696E666F5F7374617475735F637B
:10F3E000757272656E745F66776964280020637554
:10F3F0007272656E745F667769643D006576743A13
:10F4000066775F7570646174655F636C69656E745F
:10F410005F696E666F5F7374617475735F75706436
:10F420006174655F75726928002075706461746528
:10F430005F7572693D006576743A66775F757064D2
:10F440006174655F636C69656E745F757064617427
:10F45000655F7374617475732800206164646974F6
:10F46000696F6E616C5F696E666F726D6174696FF2
:10F470006E3D00207570646174655F74696D656FC1
:10F4800075745F626173653D0020646973747269AD
:10F490006275746F725F74746C3D002066775F698B
:10F4A0006E6465783D006576743A66775F75706462
:10F4B0006174655F636C69656E745F6D65746164CA
:10F4C0006174615F73746174757328006576743A52
:10F4D0006C635F636C69656E745F6D6F64655F73A9
:10F4E00074617475732800206D6F64655F73746157
:10F4F0007475735F76616C75653D006576743A6C02
:10F50000635F636C69656E745F6F6D5F7374617464
:10F5100075732800206F6D5F7374617475735F7607
:10F52000616C75653D006576743A6C635F636C6908
:10F53000656E745F6C696768745F6F6E6F66665F37
:10F5400073746174757328002070726573656E74CE
:10F550005F6C696768745F6F6E6F66663D002074EC
:10F5600061726765745F6C696768745F6F6E6F6600
:10F57000663D002072656D61696E696E675F7469D2
:10F580006D655F6D733D006576743A6C635F636CA7
:10F5900069656E745F70726F70657274795F737491
:10F5A0006174757328002070726F70657274795F72
:10F5B00076616C75653D006576743A6C635F736562
:10F5C000727665725F6D6F64655F75706461746596
:10F5D000642800206D6F64655F76616C75653D0021
:10F5E000206D616E75616C5F6F76657272696465BE
:10F5F0003D006576743A6C635F7365727665725F21
:10F600006F6D5F757064617465642800206F6D5F55
:10F6100076616C75653D006576743A6C635F736501
:10F62000727665725F6C696768745F6F6E6F66662D
:10F630005F757064617465642800206F6E6F666624
:10F640005F73746174653D00206F6E6F66665F74F2
:10F6500072616E735F74696D655F6D733D00657691
:10F66000743A6C635F7365727665725F6F6363751E
:10F6700070616E63795F75706461746564280020E1
:10F680006F63637570616E63795F76616C75653DFC
:10F69000006576743A6C635F7365727665725F615C
:10F6A0006D6269656E745F6C75785F6C6576656CAC
:10F6B0005F75706461746564280020616D626965BE
:10F6C0006E745F6C75785F6C6576656C5F76616C87
:10F6D00075653D006576743A6C635F736572766537
:10F6E000725F6C696E6561725F6F75747075745F5F
:10F6F000757064617465642800206C696E65617260
:10F700005F6F75747075745F76616C75653D0065CB
:10F7100076743A6C635F7365727665725F73746159
:10F7200074655F757064617465642800207472612B
:10F730006E736974696F6E5F74696D653D0065769F
:10F74000743A6C635F7365727665725F7265677534
:10F750006C61746F725F64656275675F696E666F16
:10F76000280020693D00206C3D006576743A6C638A
:10F770005F73657475705F7365727665725F7365CC
:10F78000745F70726F706572747928006576743A70
:10F790007363656E655F636C69656E745F737461D6
:10F7A00074757328002063757272656E745F73637D
:10F7B000656E653D00207461726765745F73636593
:10F7C0006E653D006576743A7363656E655F636C64
:10F7D00069656E745F72656769737465725F73746F
:10F7E000617475732800207363656E65733D0065F1
:10F7F00076743A7363656E655F7365727665725F82
:10F8000067657428006576743A7363656E655F7327
:10F8100065727665725F72656769737465725F673A
:10F82000657428006576743A7363656E655F736509
:10F83000727665725F726563616C6C280020736517
:10F840006C65637465645F7363656E653D006576C2
:10F85000743A7363656E655F7365727665725F7027
:10F8600075626C69736828006576743A7363656EB7
:10F87000655F7365727665725F636F6D70616374E7
:10F880005F726563616C6C280020737461746573CA
:10F890003D006576743A7363656E655F7365747574
:10F8A000705F7365727665725F73746F726528003E
:10F8B000207363656E655F69643D006576743A73B5
:10F8C00063656E655F73657475705F736572766589
:10F8D000725F64656C65746528006576743A73635D
:10F8E000656E655F73657475705F7365727665725A
:10F8F0005F7075626C69736828006576743A73632B
:10F90000686564756C65725F636C69656E745F735E
:10F9100074617475732800207363686564756C6521
:10F92000723D006576743A7363686564756C6572E0
:10F930005F636C69656E745F616374696F6E5F733A
:10F940007461747573280020796561723D00206DC3
:10F950006F6E74683D00206461793D0020686F75AA
:10F96000723D00206D696E7574653D00207365639E
:10F970006F6E643D00206461795F6F665F776565D7
:10F980006B3D0020616374696F6E3D002073636599
:10F990006E655F6E756D6265723D006576743A7373
:10F9A00063686564756C65725F7365727665725FB6
:10F9B000616374696F6E5F6368616E676564280078
:10F9C0006576743A7363686564756C65725F7365B8
:10F9D000727665725F7363656E655F6368616E679B
:10F9E000656428006576743A7363686564756C6550
:10F9F000725F7365727665725F616374696F6E5F63
:10FA000074726967676572656428006576743A6622
:10FA1000775F7570646174655F7365727665725F38
:10FA2000636865636B5F66775F6D6574616461745D
:10FA3000615F7265712800206D6574616461746135
:10FA40003D006576743A66775F7570646174655FD2
:10FA50007365727665725F7570646174655F7374E7
:10FA60006172745F72657128006576743A66775FBB
:10FA70007570646174655F7365727665725F7665D3
:10FA8000726966795F66775F726571280065767462
:10FA90003A66775F7570646174655F7365727665E9
:10FAA000725F6170706C7928006576743A66775F72
:10FAB0007570646174655F7365727665725F757089
:10FAC000646174655F63616E63656C6C6564280076
:10FAD0006576743A66775F7570646174655F7365A7
:10FAE000727665725F6469737472696275746F723D
:10FAF0005F73656C665F7570646174655F72657174
:10FB000028002066775F6C6973745F696E6465783E
:10FB10003D006576743A74696D655F7365727665EC
:10FB2000725F74696D655F757064617465642800E7
:10FB3000207461695F7365636F6E64733D00207349
:10FB400075627365636F6E643D0020756E636572E8
:10FB50007461696E74793D002074696D655F6175CB
:10FB600074686F726974793D00207461695F75749F
:10FB7000635F64656C74613D00256C64002074698A
:10FB80006D655F7A6F6E655F6F66667365743D0065
:10FB90006576743A74696D655F7365727665725FD8
:10FBA00074696D655F7A6F6E655F6F6666736574A5
:10FBB0005F7570646174656428002074696D655FA9
:10FBC0007A6F6E655F6F66667365745F6375727278
:10FBD000656E743D002074696D655F7A6F6E655F58
:10FBE0006F66667365745F6E65773D00207461694A
:10FBF0005F6F665F7A6F6E655F6368616E67653DB4
:10FC0000006576743A74696D655F736572766572C6
:10FC10005F7461695F7574635F64656C74615F755F
:10FC20007064617465642800207461695F75746331
:10FC30005F64656C74615F63757272656E743D00BC
:10FC4000207461695F7574635F64656C74615F6E75
:10FC500065773D00207461695F6F665F64656C74F1
:10FC6000615F6368616E67653D006576743A7469CB
:10FC70006D655F7365727665725F74696D655F72DD
:10FC80006F6C655F757064617465642800207469C9
:10FC90006D655F726F6C653D006576743A74696D71
:10FCA000655F636C69656E745F74696D655F7374BD
:10FCB0006174757328006576743A74696D655F6365
:10FCC0006C69656E745F74696D655F7A6F6E655F90
:10FCD00073746174757328006576743A74696D6520
:10FCE0005F636C69656E745F7461695F7574635F8F
:10FCF00064656C74615F73746174757328006576F4
:10FD0000743A74696D655F636C69656E745F74697C
:10FD10006D655F726F6C655F7374617475732800D5
:10FD20006576743A66775F646973745F736572763B
:10FD300065725F6E6F6465735F61646465642800FB
:10FD400020746F74616C5F6E6F6465733D00206E2C
:10FD5000756D5F61646465645F6E6F6465733D00BB
:10FD60002061646465645F6E6F6465733D006576F1
:10FD7000743A66775F646973745F736572766572EF
:10FD80005F6E6F6465735F64656C6574656428009D
:10FD90006576743A66775F646973745F73657276CB
:10FDA00065725F646973745F73746172745F7265A6
:10FDB0007128002067726F75705F6164647265738B
:10FDC000733D00207669727475616C5F6164647262
:10FDD0006573733D00206170706C795F696D6D654E
:10FDE00064696174656C793D002074696D656F7537
:10FDF000745F626173653D006576743A66775F642F
:10FE00006973745F7365727665725F646973745F3A
:10FE100063616E63656C28006576743A66775F642B
:10FE20006973745F7365727665725F646973745F1A
:10FE300063616E63656C5F636F6D706C657465287C
:10FE4000006576743A66775F646973745F73657290
:10FE50007665725F75706C6F61645F7374617274E4
:10FE60005F6D6574616461746128006576743A66DB
:10FE7000775F646973745F7365727665725F7570BE
:10FE80006C6F61645F73746172745F726571280076
:10FE90002073697A653D0020667769643D00657668
:10FEA000743A66775F646973745F736572766572BE
:10FEB0005F75706C6F61645F63616E63656C280071
:10FEC0006576743A66775F646973745F736572769A
:10FED00065725F646973745F73746174655F63688E
:10FEE000616E6765642800206E756D5F616374697B
:10FEF00076655F6E6F6465733D006576743A66770C
:10FF00005F646973745F7365727665725F6E6F6448
:10FF1000655F6661696C6564280020757064617452
:10FF2000655F70686173653D00207570646174651C
:10FF30005F7374617475733D00206D62745F7374D8
:10FF4000617475733D002070726F67726573733DE5
:10FF5000006576743A66775F646973745F7365727F
:10FF60007665725F75706C6F61645F636F6D706CE6
:10FF70006574655F6D6574616461746128006576A0
:10FF8000743A66775F646973745F736572766572DD
:10FF90005F75706C6F61645F636F6D706C657465C5
:10FFA00028006576743A66775F646973745F736579
:10FFB000727665725F75706C6F61645F6661696CA3
:10FFC000656428006576743A66775F646973745F68
:10FFD0007365727665725F75706C6F61645F6F6F69
:10FFE000625F73746172745F757269280020757244
:10FFF000693D006576743A66775F646973745F7310
:020000025000AC
:1000000065727665725F75706C6F61645F6F6F6249
:100010005F73746172745F72657128006576743AFB
:1000200066775F646973745F7365727665725F6625
:10003000775F64656C6574655F72657128006576CD
:10004000743A66775F646973745F7365727665721C
:100050005F66775F64656C6574655F616C6C5F7229
:10006000657128006576743A66775F646973745FBA
:100070007365727665725F646973745F73757370AC
:10008000656E6428006576743A66775F6469737498
:100090005F7365727665725F726573756D655F72A9
:1000A00065712800206170705F696E6465783D003D
:1000B000207570646174655F706F6C6963793D0071
:1000C0006576743A66775F646973745F636C6965BB
:1000D0006E745F7265636569766572735F73746170
:1000E0007475732800206E6F6465735F6C69737438
:1000F0005F73697A653D006576743A66775F646917
:1001000073745F636C69656E745F7265636569764D
:100110006572735F6C6973742800207472616E730A
:100120006665725F7374617475733D006576743AC9
:1001300066775F646973745F636C69656E745F7220
:1001400065636569766572735F6C6973745F656E0C
:100150006428002073746172745F696E6465783D11
:1001600000206E756D5F7265706F727465643D001E
:100170006576743A66775F646973745F636C69650A
:100180006E745F6361706162696C69746965735FE5
:100190007374617475732800206D61785F6E6F648D
:1001A00065735F6C6973745F73697A653D00206D78
:1001B00061785F66775F6C6973745F73697A653DB8
:1001C00000206D61785F66775F73697A653D002016
:1001D0006D61785F75706C6F61645F73706163658A
:1001E0003D002072656D61696E696E675F75706C48
:1001F0006F61645F73706163653D00206F6F625F64
:10020000737570706F727465643D00207572695FFC
:10021000736368656D655F6E616D65733D006576DE
:10022000743A66775F646973745F636C69656E7452
:100230005F646973747269627574696F6E5F7374F9
:100240006174757328006576743A66775F646973C4
:10025000745F636C69656E745F75706C6F61645F09
:1002600073746174757328006576743A66775F6499
:100270006973745F636C69656E745F66775F7374CE
:10028000617475732800206E756D5F656E74726998
:1002900065733D006576743A66775F646973745F71
:1002A000636C69656E745F75706C6F61645F636FBA
:1002B0006D706C65746528006576743A66775F6466
:1002C0006973745F636C69656E745F75706C6F6180
:1002D000645F6661696C656428002073746174757D
:1002E000735F636F64653D0020646973745F73744A
:1002F000617475735F636F64653D006576743A720F
:10030000656D6F74655F70726F766973696F6E6922
:100310006E675F636C69656E745F7363616E5F6364
:1003200061706162696C69746965732800206D6130
:10033000785F6974656D733D0020616374697665EB
:100340003D006576743A72656D6F74655F70726FAB
:10035000766973696F6E696E675F636C69656E74E9
:100360005F7363616E5F7374617475732800206DD1
:1003700061785F7265706F7274733D002074696D8F
:10038000656F75745F7365633D006576743A726579
:100390006D6F74655F70726F766973696F6E696E89
:1003A000675F636C69656E745F7363616E5F7265CE
:1003B000706F72742800206F6F623D006576743A2A
:1003C00072656D6F74655F70726F766973696F6E59
:1003D000696E675F636C69656E745F657874656E7E
:1003E0006465645F7363616E5F7265706F727428B9
:1003F000002061645F737472756374757265733D18
:10040000006576743A72656D6F74655F70726F76B1
:100410006973696F6E696E675F636C69656E745F3F
:100420006C696E6B5F7374617475732800657674A4
:100430003A72656D6F74655F70726F766973696F1C
:100440006E696E675F636C69656E745F6C696E6B15
:100450005F7265706F727428006576743A72656DAC
:100460006F74655F70726F766973696F6E696E67BE
:100470005F7365727665725F6C696E6B5F6F7065D6
:100480006E5F7265717565737428006576743A7273
:10049000656D6F74655F70726F766973696F6E6991
:1004A0006E675F7365727665725F6C696E6B5F63B2
:1004B0006C6F73655F726571756573742800206376
:1004C0006F6E6E656374696F6E3D006576743A6633
:1004D000775F7374616E64616C6F6E655F75706475
:1004E000617465725F646973745F73746174655F6E
:1004F0006368616E67656428006576743A66775F45
:100500007374616E64616C6F6E655F757064617445
:1005100065725F6E6F64655F6661696C6564280013
:100520006576743A6E63705F66775F6C6973745F4B
:1005300066775F64656C6574656428006576743AF7
:100540006E63705F66775F6C6973745F66775F6117
:100550006C6C5F64656C6574656428006576743ADC
:100560006E63705F66775F6C6973745F66775F61F7
:100570006464656428006576743A7361725F636FC2
:100580006E6669675F636C69656E745F7361725FE5
:100590007472616E736D69747465725F7374617483
:1005A00075732800207365676D656E745F696E747E
:1005B000657276616C5F737465703D0020756E695D
:1005C000636173745F72657472616E735F636F757C
:1005D0006E743D0020756E69636173745F7265743B
:1005E00072616E735F776F5F70726F67726573733E
:1005F0005F636F756E743D0020756E69636173741F
:100600005F72657472616E735F696E746572766134
:100610006C5F737465703D0020756E6963617374FF
:100620005F72657472616E735F696E746572766114
:100630006C5F696E6372656D656E743D00206D75EB
:100640006C7469636173745F72657472616E735FF9
:10065000636F756E743D00206D756C7469636173B2
:10066000745F72657472616E735F696E74657276C1
:10067000616C5F737465703D006576743A73617286
:100680005F636F6E6669675F636C69656E745F73E5
:1006900061725F72656365697665725F73746174B8
:1006A00075732800207365676D656E74735F746879
:1006B000726573686F6C643D002061636B5F646595
:1006C0006C61795F696E6372656D656E743D002063
:1006D000646973636172645F74696D656F75743D9D
:1006E000002061636B5F72657472616E735F636F2C
:1006F000756E743D006576743A7361725F636F6EF8
:100700006669675F7365727665725F7361725F7445
:1007100072616E736D69747465725F7365742800BD
:100720006576743A7361725F636F6E6669675F7353
:1007300065727665725F7361725F72656365697613
:1007400065725F73657428006576743A70726976B5
:100750006174655F626561636F6E5F636C69656E2E
:10076000745F626561636F6E5F7374617475732823
:10077000002072616E646F6D5F7570646174655F97
:1007800073746570733D006576743A707269766152
:1007900074655F626561636F6E5F636C69656E74DB
:1007A0005F676174745F70726F78795F737461747E
:1007B000757328006576743A707269766174655F46
:1007C000626561636F6E5F636C69656E745F6964B7
:1007D000656E746974795F737461747573280065EC
:1007E00076743A6C63645F636C69656E745F6461B0
:1007F00074615F6865616465722800207061676577
:100800005F6E756D6265723D0020746F74616C5F20
:1008100073697A653D006576743A6C63645F636CF6
:1008200069656E745F6461746128006576743A6C02
:1008300063645F636C69656E745F646174615F6556
:100840006E6428006576743A6F6E5F64656D616EE4
:10085000645F707269766174655F70726F78795FDA
:10086000636C69656E745F707269766174655F67E9
:100870006174745F70726F78795F7374617475738B
:1008800028006576743A736F6C6963697461746982
:100890006F6E5F636F6E6669675F636C69656E74C8
:1008A0005F6974656D735F7374617475732800207C
:1008B0007372633D00206473743D002072616E6743
:1008C000655F73746172743D00206C656E67746857
:1008D0005F70726573656E743D002072616E67654E
:1008E0005F6C656E6774683D006576743A73696C19
:1008F0006162735F636F6E6669675F736572766569
:10090000725F74785F6368616E6765642800207049
:1009100068793D00206F7074696F6E733D00657675
:10092000743A73696C6162735F636F6E6669675F67
:100930007365727665725F6D6F64656C5F6F7074FE
:10094000696F6E5F6368616E6765642800657674C1
:100950003A73696C6162735F636F6E6669675F7338
:1009600065727665725F6E6574776F726B5F7064C7
:10097000755F6368616E6765642800206D61785FEC
:1009800073697A653D006576743A636F6E6E656370
:1009900074696F6E5F6F70656E656428290A006305
:1009A0006F6E6E656374696F6E5F706172616D65A5
:1009B00074657273280020696E74657276616C3D8F
:1009C00000206C6174656E63793D00636F6E6E65C7
:1009D0006374696F6E5F636C6F73656428005B4955
:1009E0005D2000467269656E64206D6F64652069E4
:1009F0006E697469616C697A6174696F6E0A005B13
:100A0000455D2000726573756C7400467269656E91
:100A10006420696E697469616C697A6174696F6E6A
:100A2000206661696C65640A002F686F6D652F70C0
:100A30007262652F53696D706C6963697479537460
:100A40007564696F2F76355F776F726B7370616352
:100A5000652F6563656E353832332D617373696751
:100A60006E6D656E7431302D707275646876696272
:100A7000656C6964652F62746D6573685F76656E19
:100A8000646F725F7365727665722F6765636B6FF3
:100A90005F73646B5F342E332E322F6170702F6260
:100AA000746D6573682F636F6D6D6F6E2F62746DFB
:100AB0006573685F7773746B5F6C63642F736C5FCF
:100AC00062746D6573685F7773746B5F6772617072
:100AD000686963732E630073746174757300417386
:100AE00073657274696F6E206661696C65643A2023
:100AF000444D4420696E6974206572726F720041C2
:100B00007373657274696F6E206661696C65643AAF
:100B100020474C494220696E6974206572726F7279
:100B200000417373657274696F6E206661696C65EC
:100B3000643A20466F6E742073657474696E672022
:100B40006572726F72000000010000007B000000FF
:100B50000800000078000000080000007E0000008F
:100B600077000000780000007E0000007B0000009D
:100B7000770000007E0000006772617068496E694E
:100B800074002F686F6D652F707262652F53696DE9
:100B9000706C696369747953747564696F2F763505
:100BA0005F776F726B73706163652F6563656E3518
:100BB0003832332D61737369676E6D656E743130D1
:100BC0002D7072756468766962656C6964652F6200
:100BD000746D6573685F76656E646F725F7365725E
:100BE0007665722F6765636B6F5F73646B5F342E1E
:100BF000332E322F6170702F62746D6573682F63AE
:100C00006F6D6D6F6E2F62746D6573685F7773744F
:100C10006B5F6C63642F736C5F62746D6573685F88
:100C20007773746B5F6C63642E63004C43445F6442
:100C300061746120213D204E554C4C004173736519
:100C40007274696F6E2027257327206661696C6551
:100C5000643A20004C434420616C6C6F636174699A
:100C60006F6E206572726F722E0053494C49434F6C
:100C70004E204C41424F5241544F524945530A4233
:100C80006C7565746F6F7468204D6573682044657A
:100C90006D6F0A0A00696E697469616C697A696EC0
:100CA0006700736C5F62746D6573685F4C43445F8B
:100CB00077726974655F7061676564003F00292021
:100CC00000000000050000000000000040420F008E
:100CD000050100000000000000000000000000000E
:100CE0008000800001010000E0C810003C06020006
:100CF00000000000050000000000000040420F005E
:100D000005010000000000000000000000000000DD
:100D100013B779FAC925DDB7ADF3CFE0F1B614B852
:100D20000102000000000000FFFFFFFF20000000A4
:100D300001000000000000000000000000000000B2
:100D400000000000000000000000000000000000A3
:100D50000000000000000000000000000000000093
:100D60000700000383B603007FB603005DB60300EF
:100D70005BB60300D5AD00008DB6030095AD000055
:100D8000020000002C0000000403020B050C03020B
:100D9000010A0D0302060A0D40787D0100000000E3
:100DA000005A620200010000C0CF6A000200000089
:100DB000809FD50002010000002D310102020000D9
:100DC00008091108D40D050020030164060802007B
:100DD0000100000000040A0A0403060608020000DD
:100DE000000000000E040E1F081F0C1F0E0E000056
:100DF0001000010E0E0E0F0E071F1F0E110E1C11FC
:100E00000111110E0F0E0F1E1F11111111111F0EC6
:100E1000000E04000200010010000C000104080193
:100E20000600000000000000020000000000000CAE
:100E3000040600000000000000040A0A1E13090452
:100E40000404040400000000110611080C01021043
:100E500011110606080002111011111109010111EA
:100E600011040809011B11111111110104111111B3
:100E70001111100200080A00040001001000121EE7
:100E8000010000010400000000000000020000005A
:100E900000000002040802000000000000040A1F15
:100EA00001080502020815040000001019041004CE
:100EB0000A0F010811110606041F04101011110178
:100EC000110101011104080501151311111111017E
:100ED000041111110A11080201081100080E0D0E6B
:100EE000160E02110D060C09040B0D0E0F160D0E39
:100EF0000711111111111F02040815000000000054
:100F00000004000A0E04020002080E1F001F000861
:100F10001504080809100F040E1E0000020008083E
:100F200016110F01110F0F1D1F04080301151511D4
:100F30000F110F0E04111115040A0402020800001B
:100F400000101301191107111304080504151311DA
:100F500011191301021111110A11080104100800DE
:100F6000000000000000001F100215000208150418
:100F700006000004130404101F10110211100606CD
:100F8000041F0404151F11011101011111040805AA
:100F90000111191101150510041111150A0402029D
:100FA00004080000001E1101111F021E1104080395
:100FB000041511110F1E010E02111115041E040259
:100FC00004080000000000000000000A0F190900DA
:100FD00004040404040006021104021108111102A1
:100FE0001108060408000200151111110901011170
:100FF00011040909011111110109091004110A153F
:101000001104010208080000001111111101021061
:1010100011040905041111110110011012190A150A
:101020000A10020204080000000000000004000A88
:101030000418160008020000020006010E0E1F0E22
:10104000080E0E020E060002100001040E110F0E13
:10105000071F010E110E06111F11110E0116110F9F
:10106000040E040A11041F0E100E001F001E0F0EA6
:101070001E0E020E110E06090E11110E0110010FA7
:101080000C16040A110E1F0C0406000000000000DC
:101090000000000000000000000000000000000050
:1010A0000000000000000000000000000000000040
:1010B0000000000000000000000000000000000030
:1010C0000000000000000000000000000000000020
:1010D0000000000000000000000000000000000010
:1010E0000000000000000000000000000000000000
:1010F000000000000411050020030164080802003C
:101100000100000000186C6C10CE3808600C000064
:10111000000000007C307C7CC6FE7CFE7C7C0000F5
:1011200070001C7C7C7C7E7C7EFEFE7CC63C78C68F
:1011300006C6C67C7E7C7E7C7EC6C6C6C6C6FE7CD7
:10114000007C10000C00060060003800060000065D
:101150000C00000000000000000000000000003053
:1011600018188C000000000000186CFEFC6A2C1897
:1011700030186C18000000C0C638C6C6C606C6C007
:10118000C6C61818387C38C6C6C6C6C6C60606C641
:10119000C618306606EECEC6C6C6C6C618C6C6C6D1
:1011A000C6C6C00C066038000C00060060000C00CB
:1011B000061830060C0000000000000018000000B7
:1011C000000000181830D60000000000001848FE8B
:1011D000162E2C181830381800000060C63060C079
:1011E000C6060660C6C618181C7C70C6F6C6C606BB
:1011F000C6060606C618303606FEDEC6C6C6C606D3
:1012000018C6C6C66CC6600C0C606C00043C3E3C44
:101210007C3C3C3C3E0000660C6E3E3C3E3C363C1A
:10122000186666C666667E18183062000000000008
:101230000018006C7C10DC001830FE7E1C7E003034
:10124000C6303070FE7E7E307CFC00000E00E07008
:10125000F6FE7E06C61E1EF6FE18301E06D6F6C622
:101260007EC67E7C18C6C6D638FC300C1860C60018
:101270000060660666660C66661830360CD66666D2
:1012800066666E067C6666C63C66300C00600000D2
:1012900000000000000000FED0E866001830387E34
:1012A0001C7E1C18C63018C0C0C0C618C6C018188E
:1012B0001C7C703076C6C606C60606C6C618303612
:1012C00006C6E6C606B6C6C018C6C6FE6CC0180C72
:1012D00030600000007C6606667E0C7C6618301E5E
:1012E0000CD666663E56063C186666D6187C1818FC
:1012F0001830000000000000001800FE7EAC660000
:1013000030186C1818001C0CC6300CC6C0C6C60CB1
:10131000C6C61818387C380006C6C6C6C60606C635
:10132000C618366606C6C6C60666C6C618C66CEEBB
:10133000C6C00C0C606000FE0066660666060C60A7
:10134000661836360CC666660626066018663CD6F3
:101350003C600C1818300000000000000018006C01
:1013600010E6DC00600C00180C001C067C78FE7C8B
:10137000C07C7C067C7C000C70001C307CC67E7CB3
:101380007EFE06FCC63C1CC6FEC6C67C06DCC67CD1
:10139000187C38C6C67EFE7CC07C00FE007C3E3CCD
:1013A0007C3C0C3E66701C6638C6663C065C063E9D
:1013B000707C18FC663E7E301818000000000000AB
:1013C000000000000000000000000000000000001D
:1013D000000000000000000000000000000000000D
:1013E00000000000000000000000000000000000FD
:1013F00000000000000000000000000000000000ED
:1014000000000000000000000000000000000000DC
:1014100000000000000000000000000000000000CC
:1014200000000000000800FC541405000100010742
:1014300044140500000800F898140500000000009E
:101440000000000083FFBFFFE2FFF1FFF9FFFEFF96
:10145000000000008C00FCFEFFFF00000000000008
:10146000FC00D2104C06FAFF75009B05F132FFFF1D
:101470003E0062020B35000025004B01885F000032
:101480001700E0005E5D00000E008C006A4F000057
:1014900007002500832800009600FCFEF8006D235D
:1014A000441FEEFFC700F20E8E37FAFF5C00A40364
:1014B00024A7FFFF3200D601AD3400001F00300129
:1014C000004D00001200C000CA4A00000B006E0070
:1014D000F73C000005001F002F20000000000F4017
:1014E0000000000000040F4001000000C1059ED86C
:1014F000367CD5073070DD17F70E5939FFC00B3138
:101500006858151164F98FA7BEFA4FA4006A09E65E
:1015100067BB67AE853C6EF372A54FF53A510E522C
:101520007F9B05688C1F83D9AB5BE0CD19006745B5
:101530002301EFCDAB8998BADCFE10325476C3D2CA
:10154000E1F000000000000000000000000080004A
:10155000000000000000000000000000000000008B
:10156000000000000000000000000000000000007B
:10157000000000000000000000000000000000006B
:10158000000000000000000000000000000000005B
:10159000000000000000000000000000000000E16A
:1015A000000108070F000A00C8002000A000010089
:1015B00000000000A00068010A200706020A0407D4
:1015C00000000002070001041040010000000500B7
:1015D0000000000200000300000000008C1C050059
:1015E000DC1B0500FC1B0500281C0500CC1C0500AD
:1015F0004C1C0500681C05000000000000000000F5
:101600004E0C00000000000000000000B8D60400EE
:1016100000000000000000000400000000000000C6
:10162000E2FF5000A01C0500000000003C1C05006B
:1016300000000000201C050000000000441C050004
:1016400000000000101C050074160500F01B0500CA
:1016500000000000381D050000000000E01C05002F
:1016600076160500601C05007C16050000000000D1
:101670000000000008000400FB0000000300000060
:101680004145532D3235362D43434D2A2D4E4F2D96
:10169000544147004145532D3139322D43434D2AA2
:1016A0002D4E4F2D544147004145532D3132382D99
:1016B00043434D2A2D4E4F2D544147004145532D54
:1016C0003235362D43434D004145532D3139322DAE
:1016D00043434D004145532D3132382D43434D0096
:1016E0004145532D3235362D454342004145532D5A
:1016F0003139322D454342004145532D3132382D89
:10170000454342002608000080000000D416050072
:101710000C00000001000000100000001818050077
:101720002909000080000000A81605000C00000038
:101730000100000010000000181805000201000060
:1017400080000000F8160500000000000000000006
:10175000100000000018050027080000C00000006D
:10176000C81605000C000000010000001000000079
:10177000181805002A090000C00000009416050092
:101780000C00000001000000100000001818050007
:1017900003010000C0000000EC160500000000007E
:1017A00000000000100000000018050028080000DC
:1017B00000010000BC1605000C0000000100000044
:1017C00010000000181805002B090000000100009F
:1017D000801605000C000000010000001000000051
:1017E000181805000401000000010000E0160500C3
:1017F00000000000000000001000000000180500BC
:1018000002000000FFE20300FBE20300F7E2030036
:10181000E1E20300CFE2030002000000000000004C
:10182000C5E20300C5E20300AFE203009DE203004E
:10183000020000003C17050003000000901705009F
:1018400004000000E417050026000000041705004E
:10185000270000005817050028000000AC170500FD
:1018600029000000201705002A0000007417050059
:101870002B000000C8170500000000000000000059
:101880004B60D2273E3CCE3BF6B053CCB0061D6534
:10189000BC86987655BDEBB3E7933AAAD835C65ABD
:1018A00096C298D84539A1F4A033EB2D817D0377FA
:1018B000F240A463E5E6BCF847422CE1F2D1176B95
:1018C000F551BF376840B6CBCE5E316B5733CE2B68
:1018D000169E0F7C4AEBE78E9B7F1AFEE242E34F97
:1018E000512563FCC2CAB9F3849E17A7ADFAE6BCC2
:1018F000FFFFFFFFFFFFFFFF00000000FFFFFFFFF4
:10190000FFFFFFFFFFFFFFFFFFFFFFFF00000000E3
:10191000000000000000000001000000FFFFFFFFCA
:10192000534841310053484100534841323234005A
:101930005348413235360000441905004C19050062
:10194000541905002019050002144000291905004A
:10195000031C400030190500042040000001010272
:101960000102020306060102031201000000010247
:10197000020102070B0B0701160C0000010808000A
:1019800000050108FFFF02FFFF0808020204FF0133
:101990000022FFFFFFFFFFFF030404FFFFFFFF2AFA
:1019A00001020404131510801A80128080000F0EAB
:1019B0000C080C080D1810005000400008005000E2
:1019C000240004009001500240009001AE0110007C
:1019D00001010201F4010000FA000000960000007D
:1019E000640000004B000000320000001E000000F8
:1019F000140000000000000062675F6D6573736192
:101A000067652072656365697665727300626762F7
:101A100075660061636C006C6C5F636F6E6E65630E
:101A200074696F6E006C6C5F6164765F73657400DF
:101A30006761705F636F6E74657874006C6C5F765D
:101A4000616C696461746F72006D6573685F707258
:101A50006F765F64620062675F6D6573736167656F
:101A600000736F66745F74696D65725F6D65737323
:101A700061676500666F756E646174696F6E5F6340
:101A80006D64006C6C5F6164765F73796E63006C8B
:101A90006C5F7363616E5F73796E63006761705F23
:101AA000706572696F6469635F6164760067617015
:101AB0005F706572696F6469635F73796E63006CF0
:101AC000326361705F636F635F6368616E6E656CE4
:101AD000006D6573685F70726F765F64625F6170DE
:101AE000706B6579006D626564746C735F636F6EB3
:101AF00074657874000000000D1A0500131A0500C3
:101B0000171A0500251A0500301A05003C1A0500B1
:101B1000491A0500561A0500611A0500741A0500D5
:101B2000831A05008F1A05009C1A0500AD1A0500DE
:101B3000BF1A0500D11A0500E51A05006267627533
:101B4000665F696E0062676275665F6F75740062DA
:101B5000676275665F6E6F666C6F770062675F6D58
:101B6000616C6C6F630062675F72616E646F6D5F62
:101B700061657300497253144972FF000102030446
:101B800005FF00497253144972074907CDF61453F3
:101B900000720000053A04008998010071B4010048
:101BA000F73904009D3B0400973B040045BD01004C
:101BB000DB3804004B3B0400993B04009B3B0400D2
:101BC0003F3B040041920100D9370400919301008A
:101BD00001020C00000004000000080002000000E8
:101BE00000000000000000000000000000000000F5
:101BF000E339040000000000A00904020400000012
:101C000000000000000000000000000000000000D4
:101C1000ED3904000000000003040200A0120501D9
:101C2000F939040000000000050000000000000079
:101C300000000000000000000000000000000000A4
:101C400000000000059A01000000000046000000AE
:101C50000000000000000000000000000000000084
:101C6000359A0100000000000A000000000000009A
:101C7000000000000000000000000000A0000104BF
:101C8000A0010107000000000000000001000000AA
:101C90000000000000000000000000000000000044
:101CA0006D9B01000000000002040800A009060965
:101CB000A0070605A00D0600A00A0602A002060461
:101CC000A0050607A0020608A005060606000000FB
:101CD00000000000000000008D9C0100559C0100E8
:101CE000B59C01000000000000000402050306018D
:101CF00007010108090A0000A0010401A0035C011A
:101D0000A0015C02A0025C00A0030F03A0030F046B
:101D1000A0020F09A0050F02A0050F00A0010F01EE
:101D2000A0120100A0030106A0040103A002010506
:101D3000A0030108010102048D3B04000000000023
:101D400020000115199C01006267617069206275AD
:101D5000666665727300010002000000000000006A
:101D6000030000000D000300020001000500010255
:101D7000036761747420636F6E6E656374696F6E60
:101D800000000000FB349B5F80000080001000001A
:101D900000000000F7510400F542040091380400EF
:101DA000E1520400A0050902A0070904A0040903E8
:101DB000A0060905A0030900A0030906A0070A0060
:101DC000A0080A03A0030A04A0010A05A0060A014C
:101DD000A0070A02A0060901A8042400A8062401FD
:101DE00024000000000000000000000000000000CF
:101DF00000000000A8031B00A80C1B011B00000032
:101E00000000000061DB0100000000000000000095
:101E1000A8042300A8042301A8042302230000002F
:101E200000000000A1DD0100000000000000000033
:101E3000A8021417A805140CA8041402A80514037A
:101E4000A8001418A8031404A8051410A808141155
:101E5000A8041412A8071400A8021405A808140B5B
:101E6000A8051408A805140EA805140FA802141438
:101E7000A8021415A8021419A802141AA807140914
:101E8000A8061401A8021407A8021406A800140A40
:101E9000A8051416A800140D14000000000000008E
:101EA0000DDE01000000000000000000A804180082
:101EB000A806180118000000000000000000000043
:101EC00000000000000000002600000000000000EC
:101ED00091E501000000000000000000A8022202BD
:101EE000A8032201A8002204A80622032200000061
:101EF00000000000C9E60100000000000000000032
:101F0000A8121900A805190119000000000000001E
:101F10000000000000000000000000002800240075
:101F20003DDB01002800140069E5010028001415BC
:101F3000CDE401002829140475E301002815221AB4
:101F400025E901002808220C01E801002808220ADE
:101F5000CDE7010028062213B1E80100280E221166
:101F600039E801002802220165E701002803220365
:101F700095E7010028081904D5ED0100280619038A
:101F80009DED0100280F190015ED01002809190128
:101F900065ED0100D23A0020D33A0020D43A002067
:101FA000271800DD2A00DB2A00DE2A00DC2A0000D8
:101FB0000000000000010204081020408000000022
:101FC0009954040085F90100E9F80100E554040082
:101FD00003010200700BAFDFD5ECC39B3704A12CCB
:101FE0000767869C0000000059FC0200000000000A
:101FF00000000000000000000500000000000000DC
:102000000000000000FFFF000000000000000000D2
:1020100000000000000000000000000000000000C0
:1020200000000000000000000000000000000000B0
:1020300000000000000000000000000000000000A0
:102040000000000000000000000000000000000090
:102050000000000000000000000000000000000080
:102060000000000000000000000000000000000070
:102070000000000000000000000000000000000060
:102080000000000000000000000000000000000050
:102090000000000000000000000000000000000040
:1020A0000000000000000000000000000000000030
:1020B0000000000000000000000000000000000020
:1020C0000000000000000000000000000000000010
:1020D0000000000000000000D50D0200000000001C
:1020E00000000000000000000000000000000000F0
:1020F000275B0400435B0400C35B0400F19C040005
:1021000085E20100EDE2010011E3010031E301008D
:1021100001000000020000000200000001000000B9
:102120001000000010000000010000000800000086
:10213000080000000300000085000000030000000C
:102140008500000001000000040000000400000001
:102150000100000002000000020000000400000076
:1021600008000000100000001313804B83838A03D3
:10217000028383000101010100010100010100014E
:1021800001000101020304444C59464644464754A9
:102190005454000101000202048506870205020270
:1021A0000203030001010100090005094647461228
:1021B0000200800312020304000004850687000069
:1021C0000100000004000000010000000400040001
:1021D00001000000100000000000880001000080E5
:1021E0001100008001000000020003000200000056
:1021F000040000000C00000001000080020000004C
:10220000010000800202040810204080E53902002D
:10221000D1340200F9340200212C0200155E0400C2
:1022200019450200112E0200992E0200C12B020056
:10223000D92B02003F5E0400355E0400495E0400B5
:102240008B5F0400F35E0400F75E0400EF5E0400A1
:10225000DB5E0400F950020000000000B14E0200F5
:1022600000000000000000000000000000000B0063
:1022700000000100440000000300300000001010C6
:10228000010000000F10060000001510C84C0100EE
:102290001210300000001110000300001310003075
:1022A0000000141000800000021100009E090111BE
:1022B0000000600602120000002000120000002052
:1022C000011200000010051200000040081200007A
:1022D00000800F1300000400071203000000101319
:1022E0000C00000011131000000001140001000098
:1022F000001440000000011480000000000003B73B
:102300006D7D01000C489282020070000000030005
:10231000800000000000DF2A00AF010020550050BF
:10232000020000807F000300000080000000E72A18
:102330000000010018550000040000804E27050031
:102340000000B1D80A00DB0000000B0024010000EF
:102350000C00000600000D00000800000E0000B098
:1023600001000F00004002001200000050001300A6
:102370000000A0001400000000031500000000048D
:1023800000100E0000000110100000000210E01EFE
:102390000000031000010000041000E00000051020
:1023A00000000100061000000200071000001800E5
:1023B00008100000040009100000E02A0B100000C3
:1023C00000550A10000000800A10070000000C10E1
:1023D000080000000D10100000000E10600000004A
:1023E0000F10000300001010800000001210000CFD
:1023F0000000111000300000131000C00000001198
:1024000000000F0001110000700000120000804861
:1024100001120000009302120000002402120100C9
:10242000000003121E0000000412C000000005128C
:102430002000000006120003000008120004000043
:10244000001300B8AB0001130000001E021300408F
:1024500054010313000000E003138400000006137E
:10246000320000000413001E0000051349010000A3
:1024700007130020C02A0A1300C001000B1300003C
:102480001C000813000000800913000022550813E7
:10249000070000000F130000EE0E101300000020D4
:1024A0001113000010110412000000C00014770086
:1024B0000000011488000000021400F5000003145D
:1024C000000A01000414000056DF05140000A820D3
:1024D00004147B0000000514840000006C22050039
:1024E000000003007E22050040000F00D8220500F6
:1024F00060000600FC220500008004001423050093
:10250000208004002C2305004080040044230500A3
:1025100060800A008023050000820C00C8230500AB
:1025200020820E001C24050040820A005824050069
:10253000608209008E24050080820500AC2405001D
:1025400000830600D0240500208302000000000064
:102550000000000000000000640000000000000017
:10256000E803000000000000102700000000000049
:10257000C0270900000000000A10001006000A1021
:1025800009100710061002100410000000000710C8
:1025900000100400071006100210041000000000D4
:1025A000000000000F100E1001000F1000000000CE
:1025B00000000000000000000000111013100100D6
:1025C00011100000000000000000000000000000EA
:1025D0001210131001001210000000000000000093
:1025E000000000000000011300100600011300139A
:1025F0000710061002100410000000000413001061
:10260000080004130313011300130710061002102F
:102610000410061302100100061300000000000061
:1026200000000000000000000B10011002000B1061
:10263000081000000000000000000000000008106A
:102640000110010008100000000000000000000060
:102650000000000005130110030005130213081009
:102660000000000000000000000002130110020042
:10267000021308100000000000000000000000002D
:1026800007120612010007120000000000000000FF
:1026900000000000000008130010080008130713D2
:1026A0000113001307100610021004100A13021081
:1026B00001000A13000000000000000000000000FC
:1026C00000000B13021001000B13000000000000BB
:1026D000000000000000000000031800B9820200A2
:1026E000376F04004F71040021710400236F040050
:1026F000B9710400B571040005720400E56F0400AF
:1027000001004100977404006375040079740400AB
:1027100011830200277404008B7504002B740400DD
:10272000E9740400000000002C31A47B5779809EDE
:10273000F44CB5EAAF5C3E43D5F8FAAD4A8794CB8A
:10274000987E9B03745C78DD919512183898DFBEF3
:10275000CD52E2408E43871FD021109117BD3ED449
:10276000EAF8437743715D4F008D0297CCB3E7C71A
:102770006B152E0FB025E4E71E3929A0F09D2B8C98
:1027800045F168B87E16041DE44B024CB80634FCD3
:10279000D0706C24A833EDDB2EB57151510316C9EE
:1027A000893EE4B4BC85F6DE5900F465E43FF23DB1
:1027B0003F1B9DC7DFC04DA8758184DBC9662047DC
:1027C00096ECCF0D6CF5E16500CC0201D048BCBBA6
:1027D000D899EEEFC424164E33C201C2B010CA6BB2
:1027E0004D43A8A155CAD8ECB27900DD840200613E
:1027F00083020000FD750400F98302008186020057
:1028000039850200E98B0200B58A0200CD8E0200F4
:10281000798E020059890200A9870200518F0200B7
:10282000FF750400FFFFFFFFFFFFFF000700000030
:1028300002000000070000000B000000070000007D
:10284000050000000500000000000000000000007E
:102850000200000004000000070000000200000069
:10286000070000000B00000007000000050000004A
:10287000050000000200000002000000020000004D
:1028800004000000250000004D8B0400918B040023
:10289000038C0400000000000000000000000000A5
:1028A0000125736225736225736225736200736D5F
:1028B0006B3200736D6B34006964360100707263B3
:1028C0006B007072636B323536007072736E00701D
:1028D00072736B0076746164007072646B00736D68
:1028E0006B33006964363401006E6B626B0069649F
:1028F00031323801006E6B706B006E6B696B0000DB
:102900004B9A0400E1EB0200F797040075DE020029
:10291000AF940400BF940400F9950400A39504004B
:1029200001E202003DDC0200F99804007F970400F8
:102930001D970400E7960400B39604005D9604001A
:102940003F96040059DF020001E10200D398040021
:1029500025980400B3980400000000000000000067
:102960000000000000000000000000000000000067
:10297000000000000000000000000000CC2905005D
:10298000D02905009C29050000000000002A050050
:102990000000000100000000000000000000010035
:1029A00008000400040004000400100020000400DB
:1029B00004000400100004000400000000000008EF
:1029C000041000080202030410000000000A0000C6
:1029D000140000000700000002000000C800000012
:1029E000320000000100000064000000030000004D
:1029F0000200000010270000140000000200000088
:102A000053696C6162734465762D0000000000001C
:102A10000091E3720796E4750E9FED7C0998EA7BBE
:102A20001C8DFF6E1B8AF8691283F1601584F667AE
:102A300038A9DB4A3FAEDC4D36A7D54431A0D2439E
:102A400024B5C75623B2C0512ABBC9582DBCCE5F8E
:102A500070E1930277E694057EEF9D0C79E89A0B7E
:102A60006CFD8F1E6BFA881962F3811065F486176E
:102A700048D9AB3A4FDEAC3D46D7A53441D0A2335E
:102A800054C5B72653C2B0215ACBB9285DCCBE2F4E
:102A9000E0710392E7760495EE7F0D9CE9780A9B3E
:102AA000FC6D1F8EFB6A1889F2631180F56416872E
:102AB000D8493BAADF4E3CADD64735A4D14032A31E
:102AC000C45527B6C35220B1CA5B29B8CD5C2EBF0E
:102AD000900173E2970674E59E0F7DEC99087AEBFE
:102AE0008C1D6FFE8B1A68F9821361F0851466F7EE
:102AF000A8394BDAAF3E4CDDA63745D4A13042D3DE
:102B0000B42557C6B32250C1BA2B59C8BD2C5ECFCD
:102B1000E3A904008D0C0300010D03007D130300E5
:102B2000E9120300D50C0300090500000A050000A6
:102B30000B0500000C0500000D0500000E0500004F
:102B40000F05000010050000110500003031323380
:102B50003435363738394142434445464748494A77
:102B60004B4C4D4E4F505152535455565758595A3D
:102B70000A00000064000000E803000010270000C5
:102B8000A086010040420F008096980000E1F50504
:102B90000102020300000000AD2D0300A12D03007F
:102BA000892D0300E52D0300952D030035BE04009B
:102BB0006FBE040095BE0400B7BE0400D9BE040079
:102BC000617A0300197A0300257A0300F57A03007D
:102BD00021C30400E7BB0400EBBB0400F7BB040007
:102BE000EFBB0400F3BB040000000000480100003C
:102BF000781700200001030383FF0000010000801C
:102C0000FF7F00000080FF7F02010080FF7F030242
:102C10005241494C0000000050000000C13903003F
:102C2000A000000081380300000100FA04FA00004F
:102C300033330A0A0A0008400021000000000000A7
:102C4000000000000001010100000101000000017E
:102C5000118E0300D58F03006D8F0300A574030050
:102C60008974030002020302020202040504040440
:102C7000010102030000000148700E0E44709A0D1D
:102C80003070DA123C70DA163870F60D34701C0EA3
:102C90003070700F2C70700F2870521124706A11F0
:102CA0002070000E1C70F611187068121470FC0D64
:102CB000B110076001D80A7108B87F78020C7E78DD
:102CC000641000C6A01F00218CB8707801B007689E
:102CD0000F305CB30F330111C048069846022FB085
:102CE00006D80C7109DD087100B853A809BB111092
:102CF000076801682148076004100112FF32215063
:102D000007605148076000880698841300C43C1F80
:102D1000002103DD087214BA281400A000BA03DFF2
:102D2000107109DF06720298E8058CB8507800A08F
:102D30004413281441158110076002D814711088BB
:102D40000698EE1B00C00C7008400698481E0091C3
:102D500006985C020060B83020D8067190BC637C95
:102D6000084D5412F03240DE0472404804DB087211
:102D70000DDD0C72044BEF30144806989E0700C41A
:102D8000E01008404412076201322140084C287CC0
:102D9000811140D91C72B1123032CF4A013AB1DAF6
:102DA000107208D8067104D80871B04C237C3E70AC
:102DB000684C4412FF328722047580B8D84C81D801
:102DC000307140D90472237C084B06989E0704BAE0
:102DD00088B9767900C1186008403579E0490079F2
:102DE00006B904A901D86C72BC4C307C02982E0242
:102DF00008D83C7100C14C000840141110D9307142
:102E0000104C00C11400084014111814076100C5CB
:102E1000206008405415FF35047110491814A84C5F
:102E2000441207620132067102981201B84C08D8A8
:102E30000C7107BA24D8047106BA187004D80C7142
:102E400001BA40D80E7102BA0A7005BA20D80472CD
:102E500003BA604C4411404C1814076118149111C6
:102E6000383111429111076910D90472EF3200C153
:102E70000060084014111031016911422814A11199
:102E80000761181406982E1E181400C1006008402F
:102E900014110769FF31181400C13C3008401411A7
:102EA00018140761181430880248069848060093E1
:102EB00008DB047101F800A05CB00F3000A010889E
:102EC000B111076980D90A7100C18000084008115A
:102ED000009100A000C400010840441000A000C000
:102EE00020300E40041104101050F47200A054154C
:102EF000504512710698A8070698380718B87078D8
:102F000000B8417806983C0390BA5B7A5C7A5D7AA7
:102F100000C218500840241200C14C1F0021281183
:102F20000698F81B2088008800C5401F0021541512
:102F30005112FF350762FF32069866020159512986
:102F4000047511590090212920750698FA040698F5
:102F50002A050698F602009203D80C7281110761C7
:102F600002D90472FF0FBA7018B8727800F804D84A
:102F700042710088308800C0FC1F0021041000C18D
:102F80004C1F00211412012A215A00C31850084076
:102F90003413312A1A7500C000600840041007304D
:102FA000FE200C76381108B87F78020C7E780093EA
:102FB000009000A000C0F41F0021041000BB1DB44D
:102FC00000A000C1DC1F002114111088FF3100C5D2
:102FD000FFFF0000311207620762513A513B0E7247
:102FE0000698160D1159011201131E703114008834
:102FF00031100698160D1159415C41280698180D9C
:10300000513801130090012B0090208807600114B3
:103010000760FF30215D411207620762312D08769B
:10302000FF34415C4128015D31100698180DFF30D6
:103030003088011300C0E01F00210410512B0C76D2
:10304000076801150768FF356070315BFF32212B7F
:103050000C75076001150760FF354E7000C5E41F51
:1030600000215415076507655112FF35FF30012B0C
:10307000087521100760327021100768FF30012B9E
:103080000A75211007600760207000C2E81F002148
:103090002412211007600760FF30012B08752110F2
:1030A0000768067021100760FF300093009200C18E
:1030B0000060084014142C490734FE242A761415A5
:1030C000F0BC076C513C076803680154107100C4E0
:1030D000FF0FFFFF513C01444811311200C5E81FAA
:1030E00000215415FF350762076221435449141229
:1030F0002155FF355152281100A000DF067201133F
:1031000014703111312B112B016300C1FF07000036
:10311000113B012B00C278FEFFFF05B86EBD312ABE
:10312000207505B8C8BDE8221875DCBD06B8DC22DC
:10313000107507B8F0220A7508B8E822047509B8B6
:1031400000C10060084014122C490732FE22167696
:103150000768036800C2FF0FFFFF1414213C0144FD
:10316000481150BD544914122155FF3551522811B0
:1031700000A001D82C71008800C004700840041021
:103180008020FF301A7100C1B01E002114110761A8
:1031900020D9087106988204067006984A030090A8
:1031A00000A002D8047200A00088069838071DB459
:1031B00028B9112C408800C3EC1F0021341440446E
:1031C0005A7144130698A805411500C000600840D4
:1031D00004100730FD20447500C208700840241018
:1031E0000760FF3080DC34710698520D01591C4A8B
:1031F000241007600260FF300698520D0158B2207B
:103200000129541331100698520D11280A7504250E
:1032100054155045EE720698A8050094009000A041
:103220007FB9066100C01C60084006988A13041527
:103230005153113B3155581002988413EBBD00C017
:103240003C1F00210411113D10D91271FF33076B8F
:1032500000C190400846381118B97479581000A080
:1032600006985C028024E4240D300472044800C1F6
:103270001C510840141100C3D81E002191150435BB
:103280001A72181388BB08D804716C7B04D80471B7
:103290006A7B8CBB2F7C5B7B1670044B181388BB3E
:1032A00008D804716F7B04D804716D7B217C0C30CD
:1032B00001600698240706980C0C0698D40700B8FD
:1032C000B111076940D906720298080701BC00C213
:1032D0000060084000DC0A7124150165604A0A702C
:1032E0001C4A241507657C4A043508D9207120241E
:1032F000512A241200C180000840320C28110762B4
:1033000028110762281107622811500C00C1341FD0
:103310000021141200DC347120D8067101B80C7041
:10332000F0DA0C720CDB087102B806982C074824FE
:1033300000C3306108403413076380DB0E7102B9AB
:10334000911308DB047203B906700C49141100C311
:1033500080000840FFB80120114108710141181395
:103360000824014200C12000084014110141036DEE
:10337000514191152035016D5141181328134813FF
:1033800000C37C000840341003D80C71073005DC02
:103390000671084B227B8CB8507800B800C1341FEE
:1033A0000021141203682150F0300152281100A0AE
:1033B0004024066400C0FFFF0100013C1DB0022054
:1033C0000158402806751EAC01EC00A0208800C002
:1033D0001850084004121DB4211304123052F87121
:1033E000066C402400C3741F002134101411069889
:1033F000820D0669009211592129067600BB1159E8
:1034000006983A0D80B80158013A0662313B0472C1
:10341000215A412A00A000C200010840317A00A0D0
:10342000308880B9076900C30000C0FF311031281F
:1034300000BC002D0C7511541EAC01EC312DF47044
:10344000066C51134155312C009300A000C0284058
:103450000E400413315107610C31076911533810C4
:1034600000A00698EC0800C0F41F00210411069883
:10347000D407217A237A00C30000100006981408AC
:1034800000C0541F00211DB1181000A000C0501F23
:1034900000211DB1181000C09C1F00210410002D38
:1034A000067500B826A80698A80700C09C1F002132
:1034B0000410012C06750698380728B010B9115968
:1034C00011380EB9114028A880B800C14430084016
:1034D000081100C1F01F00211410303B0671076075
:1034E000076000C40830084044111150FF300151FA
:1034F00018146FB8076826A8217A050C21102048F7
:10350000267800C063EF0000314026A8050C20ECAF
:10351000B11140D90872247A20EC217A184826A8E3
:1035200028B00AB901510F31115028A8050C207A92
:1035300020EC0F0C98B8467841780698660200C2D5
:10354000401F002124100151FF311150081200A02A
:103550000698EC0800B826A800C0581F00211DB12D
:10356000181000A030B840780DB101D9FC72427833
:1035700000C074300E4004114CBA407A1810144840
:1035800004115C7A1810A4BB707B4E7B4F7B00C289
:103590000430084000A00698EC08217A227A00BB8B
:1035A0000698140800C0641F00211DB11810A4BBA8
:1035B00000C040300E400411033101492872B1129D
:1035C000076207623048041121510F3118726E7B77
:1035D0006F7B104804114CBA7C7A181014480411FF
:1035E000607A1810B11002D81071707B30B8627810
:1035F00060780DB001D8FC7100C0F860084004117B
:1036000001D90C7100C01800084002B9181008B8A0
:103610006E780EB84EB110D90C723EA8140C0FB8CB
:103620003EA8107044A8140C01B800C1AC300E4084
:10363000081100C077801F003DB201423DAA00C0C2
:10364000FFFFFFFC013A3DAA140C00C077E01F0009
:1036500001423DAAFFB845207D7808B87E7800C1B8
:1036600024600840141107610631087100B90698FA
:10367000D01006988A13B11101D90E710698541E04
:1036800002D906720698520C0698841351140698B3
:103690003807F4B845780A0C00C0601F00211DB13E
:1036A00018100298AA10FFB845205D7803B807608B
:1036B00044A83EA800C1AC300E40081110B80768FD
:1036C0003DB101393DA908B86F7800A046A800C0F7
:1036D000FFFF0000013B076356AB94BA437A01D960
:1036E0001471013C47B300C0FE20FFFF013B314491
:1036F00047AC637AFFB82120407802D90471607822
:1037000000A0C8BC066C415C512C067506983807B1
:103710000698300EB110076805D8367140BA069881
:103720005A138CBC7F7C08B86578911004D8187146
:1037300088B86E78577800C06400084021780698F1
:10374000F81001400872427C069896130298E40B28
:1037500008B86C7820B859785B7800C0F44008400D
:103760007878797800C1C81F0021141040A8184942
:1037700014130449408814140C4914118112076A67
:10378000006A01DA187188B8577800C0CC1F002190
:103790000410016107630763076407640698540A0D
:1037A00000944EB010D842724DB161B80158113832
:1037B00040B102D90A72604804BB415408702048E5
:1037C00002BB02BC4DA8F8B87078190C3EB141415B
:1037D0003EA9F4B973797378717800C4F840084051
:1037E00000C200410840227000C20000010044AA4B
:1037F000230C00C200000B0044AA00C41041084082
:1038000000C21841084004BB587C050C597C0C24AC
:103810000F0C2FAB050CB11008D81471647A657ABF
:103820001CB879787B7820B879787B78607CF42430
:10383000411306989E0751144044067506983807B0
:10384000727BFFB84D20050C687840EC00C05C1F0F
:1038500000211DB11810911004D8147100C0B01EC1
:103860000021041080D806711CB8737800F818B8CD
:1038700000C1D41E002100C2185008402412281193
:10388000777800F800C0B86008400411076107614C
:1038900080D9047240EC00C4F84008404EB010D803
:1038A0000471182441130C23527C407B11512FA921
:1038B000050C797C0A0C00C0000001020814787C19
:1038C000050C507C08B86D7800A000C02870084036
:1038D0000411108800C10018004018104448041159
:1038E000108878480411108800884CBA757A18102E
:1038F0003DB11088F4B84278442072782848737833
:10390000F8B873784FB200C4FFFF8080413A4FAAE5
:1039100001BC01644113076300C06C70084003B927
:1039200018100110011001B9181001100110011038
:10393000011068480411076101B80160003A047180
:10394000044904D9047241520760003A04710849DD
:1039500008D9047231520460003B0E7200630064A7
:10396000314241424FAAB2704FAAF8B8537818209A
:1039700053782848527800913DA900900091181082
:1039800000917848181000914448181000A011596F
:1039900010D906710760076008D90471076004D95F
:1039A0000471036002D90471016001D904710060DF
:1039B00000A000BA01D806710148112A0069006010
:1039C00001D8F6720138F67200A08020FF30FF485F
:1039D000812000A002EC00CA02EC00C8076A014284
:1039E00002EC00C8076A014202EC00C8076A014203
:1039F00000A000C218500840241211592129127346
:103A000000210E7100C230500840241201212129EA
:103A100000A00698EC0888B8577800C57C1F0021E4
:103A20005088044D88BC00C0BC1E0021811101D902
:103A30001E71407C009501157C4D5088044DFFBBE4
:103A4000076B315B041106987A0D3129F8750698D9
:103A5000421D54150698541E01D9087206981E0975
:103A600006700698800988BB547B009500F806987C
:103A70002E0A0E7006980C0C06982E0A0698D6117F
:103A80000698D8089112211900C0246008400A78CD
:103A9000097800F810B901BA069850130698AA10D0
:103AA00000C57C1F002100F89112033288B900C3C1
:103AB000B01E0021341300C4A81008408CB842780E
:103AC000707903DE0671447872707179A11020D884
:103AD0000A7106981E0902987C0F80DB507102D88B
:103AE0004C7205B830880763076302DB2A7100C394
:103AF000AC0008403413066380DB0472804800C3C6
:103B0000102008403413315B0472404831283128BA
:103B100002600814076800930814A11010300248CE
:103B2000081400B808149110076008148CB8627863
:103B3000A11000DC0676517900BA80DB3A7100C032
:103B400000000200003B307150884110344803DE11
:103B500004719048041508200411F82058101C2006
:103B6000217800C0A40008400E7810D904722E7885
:103B70000698A0160095911120310269911004D881
:103B80000E7200C1481F0021141101D90A7120884A
:103B90000698D010009200C1180008400533054B6C
:103BA0001872184C03DE0471904C441400C3FF1FBC
:103BB0000000413BFF233811B84900C33061084081
:103BC0003413076380DB0E7103BA076A0698640F2B
:103BD00000BA0870076A0698640F044908790979E1
:103BE00014102140081100A000BD0698400210B931
:103BF00003DC047100B901BA0698501302D90671AA
:103C000000404E7201B107690F310698F810FFD8D5
:103C10002872811008D8187106DD0A7106984002D2
:103C200003DC0C7206983E11069896130C7006DDA4
:103C3000107106984411487020B802A806DD107271
:103C400006982E0A0698D80801F840B802A800F88D
:103C500000C0B01E00210413076301DB2271911024
:103C60000111076911388CB910D80871447902988C
:103C70007C0F02DBFA72A11328DBF47203BD0698F5
:103C80009E1006982E0A00C5801F0021069840024B
:103C900000BA03DC4A72044DA11002D804710C4D25
:103CA00000C0140008400410026800C3701F002107
:103CB0003411112800C1306108401411076180D906
:103CC0000C71911108D90671FC230C4DFC233411A1
:103CD00006983A0D00C10C51084006985407541537
:103CE000212D00C0F8600840041101D9227100C0E4
:103CF000381F00210410033001DC147200C01400CE
:103D000008400411FB21087607BA076A212D06989E
:103D1000EA0702988A0A911001550335515001199A
:103D200000A000C1441F0021141001D842710148B5
:103D30000760FE200E75811020D8087100C1481F51
:103D40000021141101D9287100C024600840041218
:103D5000215107610F3107691152281000C000601E
:103D6000084004119112215120311152211900A053
:103D7000811380DB067201B800A000C30C5008401C
:103D80003410063030727C4B34122C4B34100760E8
:103D9000076040302072811080D8DC713410014AF5
:103DA00007620360803021508C480A717F235523BD
:103DB0003410013000A000BD06989E1088B84778E6
:103DC0004578437800B8447800A006982E0A0698F3
:103DD0003E1100C58C1F002154150698EA07029871
:103DE0008A0A00C374000840027B06988A1350BAFE
:103DF00006985A130698F810FFD84A71911004D803
:103E00004872811007601CD8407220D93872111294
:103E1000FF322151347180218021111400C0E01E35
:103E200000210413FFBA3151113A215111538CB9B9
:103E300038107B7940440E7200B900C2B81E0021D0
:103E40001812067008B860780698841300F800B954
:103E500000C29C1008401812244A0AB9181288BAE5
:103E6000507A517A577A8CB942795F7900A00698D6
:103E7000400207DC1072911000200A750698D611D6
:103E80000298280E0698D80801B9911004D8047138
:103E900000B910BA0698501300BA00402A7100C049
:103EA000B01E00210411076101D9127104D9E27218
:103EB0008110076001D8DA718CB8647800C11C5198
:103EC0000840069854070698D61100C5901F002197
:103ED0005415212D06981E0900C5941F002100F8D5
:103EE00000BC811108D9167280D9207201B910BAAC
:103EF0000698501300400E7101BC107006983E11D8
:103F00000698961320B802A800F80698D6118111D9
:103F10000231127100B900C20C1008401812244A74
:103F200002B9181206983E1100C5981F00215415B9
:103F30000698CC1D02988A0A04110121147188BACE
:103F4000737A042004122811042004110121F47250
:103F500000A006989E0701F8911010D834710698B9
:103F60003C030698FA0406982A0500C51C5108402F
:103F7000541106987A0D00C5D01E00215415512900
:103F8000E27518B876788CB8447801B802A800F8C1
:103F9000B110076810D82E7100C04810084000C347
:103FA000000008403114884C44113411076101D9D4
:103FB000FA7144122810076228100762281007625D
:103FC0002810E8700298760206985C021138047294
:103FD000016A00BB00C1E01E0021141120390C72DF
:103FE000911210DA0672417B00A006988A1300C273
:103FF000B01E0021241220DA0472617B88BA527A42
:1040000000A088BA727A811204DAFC7200A088B823
:104010006B78577800C0640008402F7800A006989D
:10402000E4100763076390B9637900B902DB22717A
:1040300002EC00C909B801D9507200C2AC000840B6
:104040000E7A10D904722E7A0698A016E031076114
:1040500002EC00CD114502EC00CC01DB087100BB85
:104060000298FE1703B841110731FA211C76062188
:10407000911210DA087102DD10721E7020B80698D5
:10408000160D3038147208B80698240700C02400B2
:1040900008402978207800F8046020D8067102983A
:1040A000581502EC00CA05B823DA187104DBDA717E
:1040B00020DAD67110DAD27290B8617800B801DADD
:1040C000067202EC00C8911110D9267100C1C01E01
:1040D000002114111150FF300C720661A110115013
:1040E00002300A7180DB0A720AB89E708CB97C7942
:1040F0000768911111402111C0311140011990B888
:10410000411108D90471667820D904726578A1102C
:1041100002D80672C0DA1E7190B8273123DD08720A
:1041200010DB1072607825DD0A7121DD087208DB72
:104130000471627803B8411107310872A115203566
:10414000AA7102DD3272A11120D9A07102D92872A0
:10415000CCDA9872411140D9927206B802DB107124
:10416000046500C1102008401411112D112D054DBA
:104170005C720298E61321114049C0D94E71A031FA
:1041800041154035016551410361076308DA1E722C
:1041900004DA38721049A1150235067110DB0E726F
:1041A00001340A7108DB247190B86778CC321110A1
:1041B0001A300ADC0872CCDE0471FD3100C00D0F2C
:1041C0000C0D0698180D01D8607207B802981014EB
:1041D00000BA411108D90C7102EC00CA05B830DAF6
:1041E000EC720734F031026101DA0471014900C058
:1041F000F300A3E30698180D01D8D07100C09814FD
:1042000040680698180D4030014440DA0471204C93
:1042100004320162204A1110063000680142183150
:104220000269114202982E14204A00C00517085056
:104230000698180D113001422088FFBB0DDA50712D
:1042400000C1DE1B250180BC04DA107208DA0A7294
:1042500000C120841000E024A024076341430164CE
:1042600001DA06711E49024B00C0281F00210763B6
:104270003810BC2002DA127101B91159A11380DB88
:10428000087100C100FCFF01181002988A1700C4D1
:10429000B01E0021441080D87C710092D0DA0671E3
:1042A0000DDA0C7190BD437DEFBD0698C605036223
:1042B0000DDA8672A11105D95C7100C23810084070
:1042C00024120C24281401D9067202D9327140D963
:1042D0001E7102EC00CA211018320471FA2220D893
:1042E00004720822FE22087502EC00C8F87001D999
:1042F0000E7102EC00C802D9067204DC187200C00C
:10430000B01E00210410026801D8067190B86478CC
:1043100018B873780298FE1700C50020084000C046
:104320000417000008D904720A480815104D00B897
:1043300008D90472FF200815084D00C00884000049
:1043400008D9087200C02083B8ED0815104D207DF3
:1043500000A000B8011A00C0740008400278911053
:104360001030011905BA06985A1302D9067101B81E
:1043700002A800C0B01E0021041380DB0671029861
:10438000A61340DB067102983E198CBA7C7A01DBD9
:104390006C7100C22C1F002124111114FF3402EC97
:1043A00000C8FF24FA7607610698260D03611138CC
:1043B0000F3003611114011141100698260D01D828
:1043C000087203B8029810141C4A02DB24712410EE
:1043D000112811280412023006710762076200C01A
:1043E000FFFF0000213800C218000840FF2008121B
:1043F000411007600698260D01D87C7120BC10334F
:10440000767100BB00C1281F00211415C021112C9A
:104410005112076A0F320E714088511406985418D1
:104420004143009451120765036A0F320E71411126
:10443000511406985418036C41430765513B00C161
:10444000E41E00211411111231100F30127100BA44
:10445000046101D80471114200600FD8F472311068
:1044600002601E30047201B8003A087204B8029863
:1044700010140298161600C130610840141107612B
:1044800080D91A7102EC1DB002EC1DB1015811283F
:10449000A0B91159112806758CBA637A00C0341F6F
:1044A000002104110F3103DD1A7200C000600840C2
:1044B000041007D80E7200C01040084004B918104C
:1044C00000F80698E4100698C40500F83088508873
:1044D000FF34087102ECFF24F87002EC00CD1410D8
:1044E00001BB5150FFD8047131440760006B10DBF1
:1044F000F2710421FF22E4720F4C0095009300A09A
:1045000000C01860084004100560073000A00CB817
:1045100002983A1902EC00CAFFBC80BD06988818C0
:104520000448187202EC00C92115F03500650F32FD
:10453000076A114200C4FF0F000000C1C01E002125
:10454000141031110113413B02EC10D908712114F0
:1045500000CA2C70305206714052B47221140760A8
:104560000760FF3055DC187100CA005212710ADE74
:104570000E714ADE0A7155DE06713052927200C128
:10458000C41E0021108806982E1E073111450765AC
:104590000765414500C30C70084034130763FF33BF
:1045A00007633145009158110849281118B87578EA
:1045B0000BB8029810140763076302EC00CA02DB11
:1045C000127155DE067202989C1854DE067202982B
:1045D0009C1801DB12710698600D06985C0D02ECC8
:1045E00000CA0298FE1700C1BC1E002114147C49A9
:1045F0000698600D40522E7204DBE07190B863782B
:104600000698881804486E7200BA0698600D211347
:10461000141000C1FF0F0000113A105254710152E2
:10462000113A067104B88C7000BA0698600D211119
:10463000FF3207611114911010D82271073103DD88
:104640001C7200C1C81E00211411FF3111520671E5
:104650000AB8D4708CB97C790298FE174110813069
:1046600081DC0E72076A034A076A0F4A0698181B14
:104670000298FE171410FFBC013C0698BE1B02EC0A
:1046800000CA02EC00C902EC00CB076A3142076A9B
:1046900021410F3302EC00CD02EC00CA0040087249
:1046A000211302EC00CA07621142911110D92A713C
:1046B00021110F3103DD227200C1C81E0021141127
:1046C000FF31076A00230C71115308710AB8029870
:1046D000AE198CB97C79147021110F31076A02DD93
:1046E0005A7101DD067103DD4A7200880AB9069825
:1046F000021B00902111FF32FFDE38712054387206
:10470000FC25187202EC00CA01DE107202EC00CA2D
:1047100018DE087288B877781A7006610040047253
:10472000006180D90E714CBA477A06985A1B90B82E
:1047300043780298FE1704B89670FF32FF24F8758C
:104740000BB90698021B2110E03001584128E8758A
:10475000F83002601F32215A0125212DDA75012A15
:10476000D67602EC00CAFF20FA764111073101B873
:104770000698160D003AC071BA700040087106988C
:10478000921B0470022106B81159112DAC7500A0BE
:1047900000C5A8100840311003600815011107601A
:1047A000076007690F30F031114008150763036394
:1047B0003815281507622815076228157FBA2815AD
:1047C00000BA28157FBA281590B8437818B87378BE
:1047D00000A00698CE1B11140CB900400A710064A9
:1047E0000AB90698921B03BD514400C5A8100840A1
:1047F000202A047528154815076448151815004027
:10480000047238150764481500A00088408800C06D
:10481000C81E002104100760073000C420000840B3
:104820004414412C04720124413840500472012187
:104830000094009000A000C0C81E00210410076072
:104840000730074800A000C2C01E00212412211416
:10485000076AFF320CDE0A710D4A0671215A00A068
:10486000FF34411200A000C1B41E0021141100A0A9
:1048700030880698041E8111076102D906720298D9
:10488000E01C88BB557B076120D906710298D01CBB
:104890000088A11007680698EE1B08211415FC2556
:1048A00090BB5C7B5D7B00C1006008401411073148
:1048B000FE21307608D82A725113FC23341304DB0E
:1048C0002071076BFF33315B00C108700840141181
:1048D000076180490C71FF313029607590BB7B7B8B
:1048E0001C707B7B7C7B00DD04717D7B01BB3815FC
:1048F0008113076B4033067118BB717BEC25541391
:1049000000DF5471042505DF5471541521112088EE
:1049100006987A0D009251293E7500C1006008404A
:10492000141102DB0C710731315B31292A760C70CE
:1049300004DF0872006180D91E720698EE1B00C069
:10494000087008400698481E0698EE1B1411FFD9FF
:1049500060720298261D0090009300A05415A111CA
:10496000076910D9A672082508D8A071082510D8A3
:104970009A712088211106987A0DFC255412112A6B
:10498000F82554110C2520D80871F0255411102554
:10499000202904762159181500920298921C18B902
:1049A0007179811010D80A7188B8447800B84178BC
:1049B00088B9747908B9677900F88110A0D80871AE
:1049C00088B9497900A0076002D8FA710698EE1BF1
:1049D000108806988A130762076210DA08710821A6
:1049E0001415F025541100C20020FEFF2029127575
:1049F0000698541E01D90A7206982E0A0698D808FD
:104A000000941CBB41100C200698C01241110821D3
:104A100014100698C0123128441111120761FF3199
:104A2000FF32012210521072076918140424441333
:104A3000042438140C700769214118140824081440
:104A4000029884134044147100C1B81E002114154B
:104A50005113036B0FDB0C72066D0698A807411506
:104A600000A00698D80806988A1308BB5114069827
:104A70008C1D4415FC2554150298EA0788B900C31B
:104A8000B01E00213413076308DB1A718113A0DB09
:104A90000671497910706979076302DB087208B9F9
:104AA000677900F800A08111076102D9107188B9F7
:104AB00075790698EE1B1411FF3100A0FFB900A014
:104AC000041008211411F421081100A081110761BC
:104AD000076110310E710698EE1B08211411F821A0
:104AE000141100A09B070000184C05002050050081
:104AF000F8510500844D0500DC1F04010000000092
:104B0000000000000000000000000000F01F020193
:104B10003F00370000000000FC1F01010000000002
:104B200004000200018101000001000018000200E1
:104B30000000000001000000280003000000000049
:104B40000000000000000000A4000300FF4C000073
:104B5000FF4D0000FF4D000000200100080700008D
:104B600010200100AAAAAA00182001000060DA00A3
:104B70000830010013AC00013430010001000000D6
:104B80004030010000000000A04001007A27000F23
:104B9000F4400100201000003441020080080000B1
:104BA000E687000044410100C0E6524D6041040028
:104BB00000000000000000000600000006000000E9
:104BC00014600100100000002860030000000003D2
:104BD00000000000000000006060020029417671C2
:104BE000000000004C610100010000002070040082
:104BF000000000008200000000008001D5000000DD
:104C0000487002003C3D0000BC19000078700100B3
:104C100006E04900FFFFFFFFF84A05000000000022
:104C2000304C050001000000000000000000000002
:104C3000544C0500809C2B8F80841E0000000000D7
:104C400027008C002012002000000000000000005F
:104C500000000000F81F01019C530500340004000F
:104C60001000000000000000C830002020070000F5
:104C70004800010000040000540002000D0F000075
:104C800001010000A000010003C00100303001005C
:104C9000F93D1000B840010000C083004041010010
:104CA000E900880018600400300000461F08040076
:104CB0000020001000500A00506004001800050099
:104CC000000A00000A00800011000A0078600C0051
:104CD0000F04000000000000140012005B948C1B05
:104CE0000000000001040B192C404C59605B534735
:104CF00036251B114AF33896674523121109000027
:104D0000E46007008208BA8C000000006404820797
:104D1000AC0DCB0C90200600F9541C0082940AC7FD
:104D200004610300C7EF1100A01B00000A88000007
:104D300020610100FFDF0000306107004CD4E83B38
:104D400004196F00080E141A20262C32383E103237
:104D50005476980A1D5F00001470011000F80700D7
:104D600014700130F8000000187002000003000009
:104D70006000A58370700200060102000F9C030012
:104D8000FFFFFFFFF84A0500000000009C4D0500F2
:104D9000010000000000000000000000C04D050000
:104DA000809C2B8F80841E000000000027008C0058
:104DB00020120020000000000000000000000000A1
:104DC000F81F0101E8530500340004001000000042
:104DD00000000000C830002020170000480001003B
:104DE00001040000540002000D0F0000010100004A
:104DF000A000010003C0010030300100F93D1000A7
:104E0000B840010000C0830040410100E900880073
:104E100018600400300000461F0804000020001045
:104E200000500A005060040018000500000A00004D
:104E30000A00800011000A0078600C000F040000D6
:104E400000000000140012005B948C1B00000000A6
:104E500001040B192C404C59605B534736251B113C
:104E60004AF338966745231211090000E4600700F1
:104E70008208BA8C0000000064048207AC0DCB0CE1
:104E800090200600F9541C0082940AC704610300B4
:104E9000C7EF1100A01B00000A880000206101007C
:104EA000FFDF0000306107004CD4E83B04196F00BD
:104EB000080E141A20262C32383E10325476980AE6
:104EC0001D5F00001470011000F80700147001301D
:104ED000F800000018700200000300006000A583C5
:104EE00070700200060102000F9C0300FFFFFFFF2D
:104EF000F81F010104530500340004000000000005
:104F00000000000000000000A007000048000100B1
:104F1000000000005400020000000000000000003B
:104F2000A0000100FF4C000030300100E338100009
:104F3000B840010000C08300404101006D008800BE
:104F400018600400000000C61FC0010000500000EF
:104F5000008000005060040018000500410C0000B3
:104F6000080000009100040078600C008C000C0028
:104F70000000000014001A00000000000000000003
:104F800001040B192C404C59605B534736251B110B
:104F90004AF338966745231211090000E4600700C0
:104FA0008F0846CB0000000023086404D007CB48DC
:104FB00091200600F9541C008294EA8704610300E2
:104FC00051551100B01B000089BB00002061010099
:104FD000FFDF000030610700E853FA000000000026
:104FE00000000000000000000000000000000000C1
:104FF000000000001470011000F807001470013068
:10500000F800000018700200000300006000A58393
:1050100070700200054100000F9C0300FFFFFFFFBE
:10502000F84A0500000000003850050004000000A8
:105030000000000000000000F04E0500809C2B8F57
:1050400080841E00000000002400FF7F201200204A
:10505000000000000000000000000000F04E05000D
:10506000809C2B8F80841E00000025002500B4004A
:1050700020120020000000000000000000000000DE
:10508000F04E0500809C2B8F80841E0000002600BF
:1050900026009900201200200000000000000000FF
:1050A00000000000F04E0500809C2B8F80841E00C5
:1050B000000027002700FF7F2012002000000000D2
:1050C0000000000000000000F81F0101505305001F
:1050D0003400040000000000000000000000000098
:1050E000A00700004800010000000000540002007A
:1050F0000000000000000000A0000100FF4C0000C4
:105100003030010011491000B840010000C0E30038
:1051100040410100EA00880018600400000000C659
:105120001FC000000050000000D03200506004009A
:10513000FC006900410C00000000000011000800A4
:1051400078600C000804000000000000BE031A0094
:10515000000000000000000001040C1A2F465361FB
:105160006862584935201407C491A063564433231C
:1051700022529224E46007008108A1CB00000000C5
:10518000198407059411CB4899200600016120007D
:105190008294EA870461030065B611001E3700009F
:1051A00089BB000020610100FFDF000030610700C3
:1051B000E853FA00000000000000000000000000BA
:1051C000000000000000000000000000147001104A
:1051D00000F8070014700130F80200001870020097
:1051E000000300006000278470700200C30000000C
:1051F0000F9C0300FFFFFFFFF84A050000000000BE
:105200001052050006000000000000000000000031
:10521000C8500500809C2B8F80841E000000000079
:105220002200FF7F2012002000000000000000008C
:1052300000000000C8500500809C2B8F80841E0059
:10524000000023002300B600201200200000000010
:105250000000000000000000C8500500809C2B8F5B
:1052600080841E000000240024009D0020120020E5
:10527000000000000000000000000000C850050011
:10528000809C2B8F80841E000000250025007D005F
:1052900020120020000000000000000000000000BC
:1052A000C8500500809C2B8F80841E0000002600C3
:1052B0002600530020120020000000000000000023
:1052C00000000000C8500500809C2B8F80841E00C9
:1052D000000027002700FF7F2012002000000000B0
:1052E0000000000000000000193F0106041001004A
:1052F0000001010600102700000C00000000000063
:10530000000000000D0000001CC77100000000003C
:10531000E8520500345405000000000018CC660077
:1053200080DE800240420F0001010000E3380002ED
:10533000000000000000000000000000000000006D
:10534000000000005B420F000000000000000000B1
:105350000D000000388EE30000000000E852050058
:105360003C54050000000000E070720080DE800206
:1053700080841E00010100001149000200000000AD
:10538000000000000000000000000000000000001D
:1053900041841E0000000000000000000D0000001D
:1053A0000000800000000000E852050044540500A1
:1053B00000000000201089000048E80140420F0072
:1053C00001080000F93D000200000000000000009C
:1053D000000000000000000000000000E9410F0094
:1053E00000000000000000000D0000000000800030
:1053F00000000000E85205004C54050000000000C9
:10540000201089000048E80140420F00010200001E
:10541000F93D000200000000000000000000000054
:105420000000000000000000E9410F000000000043
:105430000000000028A00000C4090000B45F0000C4
:105440005F050000FBD90200E7180000EBBE00007A
:10545000E7180000281200200000000000000000F3
:10546000000000000000000000000000000000003C
:10547000000000000000000000000000000000002C
:10548000000000000000000000000000000000001C
:10549000000000000000000000000000000000000C
:1054A00000000000000000000000000000000000FC
:1054B0000000000000000000232D302B2000686C4D
:1054C0004C00656667454647003031323334353627
:1054D0003738394142434445460030313233343560
:1054E0003637383961626364656600002001041153
:1054F00019980100200004013198010020010402E4
:105500005998010020020404559701002005040762
:10551000A99601002003040F519601002003040600
:105520008D960100200804109997010020020405BF
:1055300071970100200C040329970100200304093E
:10554000C59601002001040A71980100200246104E
:10555000059B01002002460FD59A0100200046005D
:10556000559A01002004460B8D9A01002004460C38
:10557000B19A010020040A0F359B010020050506A1
:105580009D99010020020503C59901002000050531
:04559000ED99010090
:085594001CAEFA7F01000000CB
:0C559C00A855050000100020E2000000EF
:1055A800B8D60400BCD8040000C00040020A020BB0
:1055B8000E100000000000006067010000000000FD
:1055C80002000000BD130000741A002024D9040052
:1055D8003CD90400E0B1FFFF000401400042040090
:1055E8000206FFFF02080BFF0B000000C0EA2101C2
:1055F80000F04902C0EA210100800000983D002027
:105608008813002068100020007007000090000038
:10561800A01E0020C8000000FE00000000000000DE
:10562800640D0500C0EA2101010000002BC7040039
:105638002000000000000000000000000000000042
:105648000000000000000000899F01000000000029
:105658000000000000000000350C01000000000000
:105668000000000000000000B98B010000000000ED
:105678000000000000000000A995010000000000E3
:105688000000000000000000A99B010000000000CD
:105698000000000000000000373B0400000000008C
:1056A800F99B01000000000000000000000000005D
:1056B800ED9C0100000000000000000079A401003A
:1056C8000000000000FFFFFFFF00000028000000AE
:1056D80000000000000000000000000000000000C2
:1056E8000100000001000000140000000700000095
:1056F80002000000C80000003200000001000000A5
:1057080064000000030000000200000010270000F1
:10571800140000000200000000000100080004005E
:105728000400040004001000200004000400040029
:105738001000040004000000000005080410000820
:10574800020203041000000038150020681500202C
:10575800181500207015002090150020D414002082
:105768008416002064170020E01400209016002002
:10577800AC160020C8160020B4160020FC14002027
:10578800E0160020F0160020FFFFFFFFFFFFFFFFDD
:10579800E82B050027BC0400FFFFFFFFF82B0500DE
:1057A80015C0040011C00400FFFFFFFF7D50030077
:1057B800FFFFFFFFC5C20400FFFFFFFF43C6040051
:1057C800FFFFFFFF281200200000000078540500AA
:1057D800985405005854050000000000000000001F
:1057E80000000000000000000000000000000000B1
:1057F80000000000000000000000000000000000A1
:105808000000000000000000000000000000000090
:105818000000000000000000000000000000000080
:105828000000000000000000000011111111010E1D
:105838000102030405060708090A101112130A00D9
:1058480009000000596F7572204E616D65000200F5
:105858000800000000000000000000002000040014
:10586800000000000000020010000000000000001E
:105878000000000000000000000000000A00010015
:105888000000000000000000050602000000000003
:1058980005070200FFFFFFFF000008070A001700C6
:1058A80000800100200020002000200020002000AF
:1058B8000107A000A0000000000000000000000098
:1058C80001000900030000000000FFFF01050401BA
:1058D8000101041F0101BF8FAF7F8700370F101030
:1058E8000004040F05140A0101FF000A53696C61E2
:1058F800627344656661756C7455494428181D01C6
:105908000301FFFF03FE0000044AD2F84C3143F0C4
:10591800004330BFC2F84C31704700BF00300E4022
:0859280095030000710300006B
:040000030000A3A9AD
:00000001FF
