:100000000010002065AC00006BA403006BA403008B
:100010006FBA03006BA403006BA403006BA403007E
:100020006BA403006BA403006BA403006BA4030088
:100030006BA40300E8FC0400ADA103006BA4030063
:100040006BA403009FB004006BA403006BA4030027
:1000500079610300AFB00400ABB004006169030034
:10006000A3B0040081B40000F1B500006BA403004C
:100070000D170000C7A203006BA403006BA40300CC
:100080006BA403006BA403000DB600006BA4030077
:100090006BA403006BA403006BA403006BA4030018
:1000A0006BA403006BA403006BA403006BA4030008
:1000B00095690300A7B00400AD8403006505010045
:1000C000D16903006BA40300114C03006BA403006F
:1000D0006BA403006BA403006BA403006BA40300D8
:1000E0006BA403006BA403006BA403006BA40300C8
:1000F0006BA403006BA403006BA4030000000000CA
:10010000013800D0FCE7704700000000000000004C
:1001100001F0FF01102A2BDB10F0070F08D010F8B8
:10012000013B013A8B422DD010F0070F42B3F6D1BC
:10013000F0B441EA012141EA014122F007047FF0D5
:1001400000070023F0E80256083C85EA010586EA2C
:10015000010685FA47F5A3FA87F586FA47F6A5FA68
:1001600087F68EB9EED1F0BC01F0FF0102F0070274
:1001700032B110F8013B013A83EA010313B1F8D11F
:100180000020704701387047002D06BF3546033800
:10019000073815F0010F07D1013015F4807F02BF39
:1001A000013015F4C03F0130F0BC0138704700BF8A
:1001B00070B5414C00238AB0E363054618B100884E
:1001C000236018F0D3F83D4E3D484AF02DFC3D4BDE
:1001D000336030463C4B736040F0D8FE002130461F
:1001E00032F070F932A3D3E90023A062C4E90623F8
:1001F00040F0D7FED4E90623194310434FF0FF33F4
:10020000C4E90601CDE900014FF0FF32A06A4AF0CF
:1002100074FC02224FF0FF31A06A4AF070FC01200A
:1002200017F04EFD2949A06A4FF4007300224AF0EE
:10023000CDFCB0F5007F38D10023CDE90733099319
:1002400094223C23CDE903320593A06A962303A9A7
:10025000069332F059FA35B3287C18F03BF905467D
:10026000F0B9A06A4AF08FFD18F0DCF817F00AFD2B
:1002700020B14FF48070002114F0ACFD17F012FD96
:1002800020B14FF40060002114F0A4FD40F04DFEB9
:10029000012032F06BF90E4A0E49A06A40F074FE5C
:1002A00028460AB070BDFF20D7E70725F8E700BF52
:1002B0000DD5015520000000F8130020F42C00207B
:1002C000690345EC517B0100E82C0020E82A00205E
:1002D000310F0400710F040010B5054C237833B9B9
:1002E000044B13B10448AFF300800123237010BD09
:1002F00050190020000000006445050008B5034BBC
:100300001BB103490348AFF3008008BD00000000A3
:100310005419002064450500A3F5803A704700BFDA
:10032000174B002B08BF134B9D46FFF7F5FF00212D
:100330008B460F461348144A121A4BF0F1F80E4B35
:10034000002B00D098470D4B002B00D09847002081
:10035000002104000D000D48002802D00C48AFF326
:10036000008038F09DFC2000290039F013FF38F0A0
:1003700083FC00BF00000800000000000000000037
:100380000010002084130020C83D00200000000061
:1003900000000000014B01221A707047E631002076
:1003A000024A136803F5FA7313607047DC190020E2
:1003B00030B589B0444C454D39F0E2FF39F0E1FFEA
:1003C000434920683BF07EF939F0DAFF39F0D9FF74
:1003D000404920683BF076F90AF0A6F80F21002387
:1003E000042203200CF050FB3B4B4FF40042C3F8B7
:1003F0009C204FF4FA700FF07FFE1622002102A815
:100400004BF08EF8354A162102A838F03BFE012148
:1004100002A839F0B2FF0123314A00934FF4FA7178
:10042000002330480AF058F939F0AAFF39F0A9FF43
:100430002D4920683BF046F9286800F08FFE00281F
:1004400036D139F09DFF39F09CFF284920683BF0F8
:1004500039F9286800F0B2FF80BB39F091FF39F01C
:1004600090FF234920683BF02DF939F089FF39F0DE
:1004700088FF204920683BF025F939F081FF39F0E9
:1004800080FF1D4920683BF01DF901231B4A0093A2
:1004900040F6B83100231A480AF01EF939F070FF0F
:1004A00039F06FFF174920683BF00CF909B030BDF7
:1004B00039F066FF39F065FF1349C7E739F060FF8F
:1004C00039F05FFF1149CDE7541B002020100020B8
:1004D00050B9040064B9040000A0004671B90400DA
:1004E000A1030000A41900207CB9040094B9040001
:1004F000BCB90400E4B90400F8B904009503000095
:10050000E419002010BA0400AAB90400D2B904000A
:100510002DE9F04395B06E4A137873B36D4D002307
:1005200013702868ADF818300DF11A0206A9ADF85D
:100530001A30ADF81C3000F0A7FE07A90446286861
:10054000654D00F095FF0646D4B139F019FF39F03A
:1005500018FFBDF81A30BDF81820604928683BF034
:10056000B1F8B6B139F00CFF39F00BFFBDF81C2023
:100570005B4928683BF0A6F8A4B915B0BDE8F08344
:1005800039F0FEFE39F0FDFE564928683BF09AF836
:10059000E7E739F0F5FE39F0F4FE534928683BF0FF
:1005A00091F8EAE7BDF81C10BDF8180039F0E7FD36
:1005B000064639F0E5FE39F0E4FE30462C6800F0DE
:1005C000B1FD4FF47A630293BDF81C3001934FF4F0
:1005D000FA730246454900932046BDF818303BF0B7
:1005E00071F8BDF81830424A162108A838F04AFDC3
:1005F000304600F097FD3F4A034616210EA838F01A
:1006000041FD022108A839F0B8FE03210EA839F0F7
:10061000B4FE022E8DF81760AFD84FF00109CDE976
:100620000099354C0DF1170306F110070293FFB244
:10063000A288618820883B461FF074FA804648B142
:1006400039F09EFE39F09DFE2C49424628683BF069
:1006500039F892E7A288618820881FF085FA8046E1
:1006600030B139F08DFE39F08CFE25494246EDE778
:1006700039F086FE39F085FE3046D5F8008000F06E
:1006800051FD204903463A4640463BF01BF8BDF871
:100690001830ADF81E300DF11E0302930223CDE990
:1006A00000931323A288618820881FF03BFA00285A
:1006B0007FF463AFA288618820881FF055FA39F073
:1006C0005FFE39F05EFEBDF818200F49BEE700BF9F
:1006D000E631002020100020541B00203BBA04000B
:1006E0007FBA040060BA04009CBA0400BBBA0400DC
:1006F000E4BA0400EBBA040088120020EEBA040049
:1007000018BB04003ABB040066BB0400F0B58FB010
:100710000368894A23F47F4323F007039342064684
:1007200006D002F14072934200F088800FB0F0BD15
:10073000824BD3F898211ABBD3F89821002AFBD01A
:1007400039F01EFE39F01DFE7D4B7E4918683AF0E7
:10075000B9FF1622002108A84AF0E2FE7A4A1621C3
:1007600008A838F08FFC022108A839F006FE1FF017
:10077000A9F80023754A76480093642109F0ACFF7C
:100780006F4D39F0FDFD39F0FCFD724928683AF0F3
:1007900099FF1FF04DF8044610B36F4928683AF0EE
:1007A00091FF6E4928683AF08DFF39F0E9FD39F084
:1007B000E8FD6B4B6B4A6C490093286840F28B1341
:1007C0003AF080FF69496A4A286823463AF07AFF7E
:1007D000204609F031FF674928683AF073FFFEE7C9
:1007E000654C664920461AF0E7F9014668B1079062
:1007F00039F0C6FD39F0C5FD079928680A466049F9
:100800000FB0BDE8F0403AF05DBF162208A84AF0EC
:1008100087FE2378049363780393A3780293E378A5
:100820000193237900936379564A162108A838F07A
:1008300029FC042108A839F0A0FD77E700238DF8F2
:10084000203044683E4D14F0200408D039F098FD63
:1008500039F097FD4C4928683AF034FF0124736859
:1008600013F040070FD0494A49491478092C095D13
:100870008DF8201015BF01340021147011700EBFC7
:100880000127012709241A0608D539F079FD39F026
:1008900078FD404928683AF015FF03247368DB05AA
:1008A00012D53D4B1B78012B0BBF022301230524DE
:1008B00004248DF8203039F063FD39F062FD3749AA
:1008C00028683AF0FFFE012708ABCDE90173344EEA
:1008D00001230093B2887188308823461FF022F9E3
:1008E000044648B139F04CFD39F04BFD2D49224604
:1008F00028683AF0E7FE19E739F042FD39F041FD8A
:10090000294928683AF0DEFEB288718830881FF0E5
:100910002BF9044630B139F033FD39F032FD23496B
:100920002246E5E739F02CFD39F02BFD20492868F7
:100930003AF0C8FEFAE600BFA00001000020144211
:10094000541B002081BB040091BB040055A103008F
:100950006C1900209FBB04006CFC0400ABBB0400BE
:100960001EC20400B0BB0400B9BB0400C8BB040035
:10097000C5BB0400DDBB0400DE310020E4310020F3
:1009800005BC040045BC040063BC0400E531002044
:100990003DC2040072BC04002A13002081BC040084
:1009A0008812002095BC0400B6BC0400DCBC040026
:1009B000F6BC04002DE9F04192B00368514A23F4DB
:1009C0007F4323F007039342054600F070832FD83E
:1009D00002F17E42934200F052830BD8A2F57022BE
:1009E000934254D002F5A022934200F0718212B0DB
:1009F000BDE8F081444A934200F0F68102F570228E
:100A00009342F4D1162200210CA84AF089FD3F4AF6
:100A100016210CA838F036FB02210CA839F0ADFCE9
:100A200039F0AEFC39F0ADFC39493A4B1868D8E1E1
:100A3000394A934200F0E4810ED802F17C4293429D
:100A400000F0FF8102F140729342D0D139F098FC5E
:100A500039F097FC3149CCE1314A934200F0DD8115
:100A600002F180729342C2D139F08AFC39F089FCDC
:100A7000B5F807300193B5F8093026480093B5F86A
:100A800005302A79274900683AF01CFEAFE7214C6F
:100A9000254E39F075FC39F074FC244920683AF091
:100AA00011FE334633F8080B0193F3790093B379C1
:100AB000B28871881FF06EF80746002848D01C499C
:100AC00020683AF0FFFD1B4920683AF0FBFD39F041
:100AD00057FC39F056FC184B184A19490093206806
:100AE00040F2FB133AF0EEFD1649174A20683B46E8
:100AF0003AF0E8FD384609F09FFD144920683AF0C5
:100B0000E1FDFEE7A8002302A8001401A0C1040033
:100B1000AEC10400541B0020A80014073DBF040010
:100B2000A80014088EBF04008812002031BD040004
:100B30006CFC0400ABBB04000BC20400B0BB04009F
:100B4000B9BB0400C8BB0400C5BB040042BD04001F
:100B50002D790CAF002D00F0CF8039F011FC39F069
:100B600010FCBB4920683AF0ADFD0DF12D03049354
:100B70000BAB03930DF12B0302930DF12A03CDE987
:100B800000730DF12E03B288718830881EF060FF6B
:100B90000546002800F0188139F0F2FB39F0F1FB2E
:100BA0002A46BDF83030AB4920683AF08BFD39F069
:100BB000E7FB39F0E6FBA84920683AF083FDA74B34
:100BC0000022D86819680090CDE9012201205A68F6
:100BD0009B681EF07DFF054640B139F0D1FB39F02E
:100BE000D0FB9F4920682A463AF06CFD39F0C8FBDB
:100BF00039F0C7FB9B4920683AF064FDB3887288DE
:100C0000308800211EF0B8FE054640B139F0B8FB2F
:100C100039F0B7FB924920682A463AF053FD39F083
:100C2000AFFB39F0AEFB904920683AF04BFD002154
:100C30004CF201030522CDE90311CDE90032029106
:100C4000B388728830881EF0CFFE054640B139F077
:100C500097FB39F096FB824920682A463AF032FD2C
:100C600039F08EFB39F08DFB804920683AF02AFD7F
:100C7000B288718830884CF201031EF099FE054657
:100C800040B139F07DFB39F07CFB754920682A467C
:100C90003AF018FD39F074FB39F073FB74492068A1
:100CA0003AF010FD0022114601201EF04FFE0546CD
:100CB00040B139F065FB39F064FB694920682A4688
:100CC0003AF000FD39F05CFB39F05BFB69492068C4
:100CD0003AF0F8FC042102201EF024FE054600280C
:100CE0003FF485AE39F04CFB39F04BFB5C49206892
:100CF0002A463AF0E7FC7AE639F042FB39F041FB4C
:100D00005D4920685D4E3AF0DDFC2946384619F011
:100D100053FFBDF83030C3F30E03338039F030FB9E
:100D200039F02FFB3288564920683AF0CBFC39F075
:100D300027FB39F026FB534920683AF0C3FC07959E
:100D40003288464B0495CDE905526E461A4603F1AA
:100D5000100710685168354603C50832BA422E465E
:100D6000F7D1186859689A68DB681EF06DFD054672
:100D700010B3454920683AF0A5FC444920683AF090
:100D8000A1FC39F0FDFA39F0FCFA414B414A4249E5
:100D90000093206840F20E233AF094FC3F49404A09
:100DA00020682B463AF08EFC284609F045FC3D4968
:100DB00020683AF087FCFEE7009003463A4A3B4839
:100DC000642109F089FC12E6BDF830204CF20203E0
:100DD0009A427FF4E1AE39F0D3FA39F0D2FA3449CD
:100DE00020683AF06FFC02E639F0CAFA39F0C9FA25
:100DF0003049314B186812B0BDE8F0413AF062BC9E
:100E000039F0BEFA39F0BDFA2B4BAA882B49186885
:100E100012B0BDE8F0413AF055BC39F0B1FA39F002
:100E2000B0FA28792649274AB5F80530002818BFB6
:100E30000A4621482449006812B0BDE8F0413AF062
:100E400041BC39F09DFA39F09CFA2049D1E700BF46
:100E500078BD040022BE04005FBE04002DC2040061
:100E600077BE04008CBE0400A5BE0400BFBE040013
:100E7000D9BE0400E9BE04008EBD04004431002048
:100E8000A3BD0400BEBD04006CFC0400ABBB0400A9
:100E90000BC20400B0BB0400B9BB0400C8BB040013
:100EA000C5BB0400D5BD040055A103006C1900208A
:100EB00004BE040001BF0400541B002016BF040040
:100EC0000FBD040006BD040055BF040074BF04003C
:100ED00039F056FA39F055FA2B7D0793EB7C0693DF
:100EE0006B7C0593B5F80F30049395F90E3003939E
:100EF000AB880293AB8901936B89744C00932B8967
:100F0000EA8873492068DFF818823AF0DBFB6FF05B
:100F1000150705F116067F1B6A7DBB19934238DB66
:100F200039F02EFA39F02DFA6A4920683AF0CAFBF6
:100F3000EB7C062B38D00A2B4ED0022B45D1D5F8AE
:100F4000165039F01DFA39F01CFA634B634A2768D2
:100F500032EA250228BF1A464FF47A7895FBF8F654
:100F6000304609924AF0A0FA089008FB16504AF061
:100F70009BFA5B495B4D0E785B49DDE90832012E37
:100F800018BF2946CDE90001584938463AF09AFB86
:100F90001BE039F0F5F939F0F4F916F8012B206867
:100FA00041463AF08FFBB7E74D4EAB7D337039F0D9
:100FB000E7F939F0E6F931784B4A4A4B20680129C4
:100FC00018BF1A464A493AF07DFB39F0D9F939F091
:100FD000D8F9404920680EE7464EAB7D337039F0B2
:100FE000CFF939F0CEF9327843492068434D3AF0D1
:100FF00069FB337803F0C002802A32D020D82AB3AC
:10100000402A29D02B688BB339F0BAF939F0B9F9F5
:1010100029683B4BB1FBF3F24EF66020002503FB41
:1010200012130195B3FBF0F3B1FBF0F500FB1511C2
:101030004FF47A752068B1FBF5F100913149A5E7CD
:10104000C02ADFD1304A23F0C00302E023F0C003FE
:10105000642253432B60D5E723F0C0034FF47A7228
:10106000F7E723F0C00342F21072F2E739F088F993
:1010700039F087F9254920683AF024FBA5E71622C4
:1010800000210CA84AF04CFA214A16210CA837F08E
:10109000F9FF02210CA839F070F903211D4839F03D
:1010A0006CF939F06DF939F06CF91B49BDE4162281
:1010B00000210CA84AF034FA184A16210CA837F07F
:1010C000E1FF02210CA839F058F990E4541B0020EC
:1010D000DBBF04000DBA04001CBD04003F0905007D
:1010E0002A13002026BD04001EBD04000CC104000C
:1010F00027C10400E731002033C10400E0190020BB
:1011000080EE36004CC10400C027090083C10400F2
:10111000C7C10400D3C10400DFC10400FEC1040044
:1011200008C10400022802460CD005D8064B074827
:10113000002A18BF18467047054B0648FF2A18BFFB
:1011400018467047044870474FC204005BC2040051
:1011500047C2040060C2040054C204002DE9F04FED
:1011600089B0B2238DF808303E4B039301240DF172
:10117000070300270DF1080903A980468DF80770C1
:10118000CDF81090ADF814400693ADF81C4009F06E
:1011900053FF354D064648B139F0F2F839F0F1F811
:1011A000324928683AF08EFA38460FE09DF8073049
:1011B000502B0ED039F0E4F839F0E3F89DF8072011
:1011C0002B49286850233AF07DFA304609B0BDE833
:1011D000F08F39F0D5F8DFF8ACB039F0D2F89DF8DF
:1011E0000720244928683AF06DFA4FF0020AA1233B
:1011F00003A94046CDE903B98DF808308DF80960A0
:10120000ADF814A009F018FF074640B139F0B8F85E
:1012100039F0B7F8184928683AF054FAD5E7A0230E
:101220008DF8083003A903234046CDE903B98DF8B2
:101230000930ADF814A009F0FFFE28B139F0A0F88C
:1012400039F09FF80D49ACE778200EF055FF39F0E2
:1012500097F839F096F80A4928683AF033FA2046A8
:10126000B4E700BF52000400541B002065C2040014
:10127000A1C20400D6C20400F2C204001AC30400D2
:1012800041C30400520001002DE9F04188B0B423AD
:101290008DF807301B4B03930DF10703049302AB4A
:1012A00006930D460423012403A91646ADF8144005
:1012B000ADF81C3009F0C0FEDFF85480074668B175
:1012C00039F05EF839F05DF80F49D8F800003A4679
:1012D0003AF0F8F9002008B0BDE8F081BDF8083018
:1012E0002B80BDF80A30338039F04AF839F049F8DC
:1012F00033882A880549D8F800003AF0E3F92046F7
:10130000E9E700BF5200040055C3040083C3040092
:10131000541B002070B586B08DF800100F4B019360
:1013200001240D4601A9CDF808D0ADF80C40049277
:10133000ADF8144009F080FE064668B139F020F897
:1013400039F01FF806480749006833462A463AF044
:10135000B9F9002006B070BD2046FBE72600040066
:10136000541B0020A0C3040030B587B0104B8DF88B
:10137000001001930C46022301A98DF80120CDF83D
:1013800008D0ADF80C3009F057FE054668B138F0CA
:10139000F7FF38F0F6FF0748074900682B4622465A
:1013A0003AF090F9002007B030BD0120FBE700BF04
:1013B00026000100541B0020CBC3040073B50DF1BF
:1013C00007020023812106468DF80730FFF7A2FFB0
:1013D000214D044650B938F0D3FF38F0D2FF1F49F1
:1013E00028683AF06FF9204602B070BD9DF80730CA
:1013F000212B17D038F0C4FF38F0C3FF9DF8072029
:101400001749286821233AF05DF90A2283213046E2
:10141000FFF7AAFF044680B938F0B2FF38F0B1FFF9
:101420001049DDE738F0ACFF38F0ABFF9DF807203E
:101430000D4928683AF046F9E7E702228221304652
:10144000FFF792FF04460028CDD138F099FF38F01D
:1014500098FF0649C4E700BF541B0020F7C30400EF
:101460001AC404007CC4040055C40400A2C40400CF
:1014700073B50E4600230DF10502802104468DF858
:1014800005308DF806308DF80730FFF743FF10B9AF
:10149000002002B070BD9DF80520802142F00802B6
:1014A00020468DF80520FFF75FFF0028F0D041F2BD
:1014B00088350DF1050280212046FFF72BFF00281B
:1014C000E6D09DF805309B0605F1FF350BD4002DC5
:1014D000EFD138F055FF38F054FF104B1049186821
:1014E0003AF0F0F8D4E7002DF3D00DF10602872191
:1014F0002046FFF70FFF0028CAD00DF10702882110
:101500002046FFF707FF0028C2D09DF806209DF86F
:10151000073043EA02233380BBE700BF541B00209F
:10152000C3C4040001481DF01FB800BFC8C60400B2
:1015300038B50AF00DFD0E480E4C01210AF05CF999
:101540000122114600200AF037FC02250122114633
:10155000C4F8805000200AF02FFC0122C4F8845007
:10156000114600200AF028FCC4F88850002038BD3D
:1015700030253E0000400E4007B5204B01225A6442
:101580001A6842F480721A6001A80BF059FE9DF8A7
:101590000530012B03D89DF80430022B0DD9184BD0
:1015A0004FF41872C3F88C22164AC3F89022164AD8
:1015B000C3F8F022154AC3F8F822154AD2F8A4312C
:1015C00043F4F843C2F8A4310DF06AFC09F074F951
:1015D0000DF002FC0DF050FC0DF014FCFFF7A8FF1D
:1015E0003AF014F809F05AF909F0D6FB0AF01CF8A1
:1015F00003B05DF804EB0EF0DFB800BF00000E4052
:1016000000400E409A6F0500180100040084320863
:1016100000300E4008B5044801210AF0EDF8BDE89D
:101620000840024809F0A4BC00350A000810002058
:1016300030B597B0214D0FCD0FAC0FC495E8070022
:10164000302384E807008DF855301D4A1D4BCDE945
:1016500003234FF08073059303F1022306934FF0A9
:10166000F0511E23CDE90713102200210BA849F0E9
:1016700057FF154B4FF44020CDE909030C238DF89B
:101680002C300D238DF82D30104B0C9320230D930F
:101690000F4B009309A903AB0FAA0E480DF036FEBD
:1016A0009DF83A30002B04460CBF032100214FF473
:1016B000E13038F0ABFE204617B030BD34C704002F
:1016C00000000140003204001C000140E83100200D
:1016D0001C1A0020781A0020012905D8034B1B682A
:1016E000186808B1436A1847704700BF2C100020E3
:1016F00008B5044904480EF00BF9BDE80840FFF7AF
:1017000097BF00BF24100020701A002001483AF053
:1017100046B900BF781A0020014B1A6A18681047B2
:10172000781A002008B5044838F0ADFEBDE808403E
:10173000024838F0A8BE00BF50C7040068C70400C4
:10174000F8B5084E084F0C4605460849306839F090
:10175000B9FF013C2A5D3068394639F0B3FF013CDE
:10176000F8D2F8BD541B00205EBC040080C7040002
:10177000F8B50B4E0B4F04460D4630680A4939F058
:10178000A1FF2544AC42306804D1BDE8F8400749C8
:1017900039F098BF14F8012B394639F093FFF1E77F
:1017A000541B00205EBC040083C7040085C70400EE
:1017B00010B5074C38F0E4FD38F0E3FD054920682A
:1017C00039F080FF20680449BDE8104039F07ABF45
:1017D000541B002087C7040097C7040038B504468F
:1017E000D0B30368974A23F47F4323F0070393425F
:1017F00004F0458401F28E83A2F13472934206F024
:101800000A8600F2AD85A2F56D02934207F0878744
:1018100000F2D682A2F56812934207F04A8400F2E1
:101820004581A2F59012934203F0FD8579D8A2F587
:10183000C022934203F03E840FD8A2F58022934247
:1018400003F07B8002F54032934203F0A383A2F5BC
:101850008022934202F0078538BD7B4A934203F011
:10186000E28402F54032934203F08685A2F580229D
:101870009342F1D1754D38F083FD38F082FD744903
:10188000286839F01FFF7349286839F01BFFA288C8
:101890007149286839F016FF7049286839F012FF3D
:1018A000E2886D49286839F00DFF6D49286839F0E4
:1018B00009FF22896849286839F004FF69492868C6
:1018C00039F000FF62896449286839F0FBFE6649F7
:1018D000286839F0F7FE227B6449286839F0F2FE67
:1018E0006349286839F0EEFE627B6049286839F068
:1018F000E9FE6049286839F0E5FEE2895649286822
:1019000039F0E0FE5C49286839F0DCFE217C04F106
:101910001100FFF72DFF28685849BDE8384039F01D
:10192000D1BE574A934203F08E8737D8A2F5802262
:10193000934203F0DA8602F58032934203F038874F
:10194000A2F50032934287D1404D38F019FD38F0AE
:1019500018FD4C49286839F0B5FE4B49286839F024
:10196000B1FEA2883C49286839F0ACFE4749286896
:1019700039F0A8FEA2793D49286839F0A3FE444910
:10198000286839F09FFEE2793849286839F09AFED4
:1019900028683A49BDE8384039F094BE3D4A934240
:1019A00004F0F68502F5E022934207F01382A2F5D7
:1019B000002293427FF450AF244D38F0E1FC38F020
:1019C000E0FC3549286839F07DFE2449286839F063
:1019D00079FEA2882049286839F074FE20492868D9
:1019E00039F070FEE2881C49286839F06BFE2B49FB
:1019F000286839F067FE227A1C49286839F062FEAF
:101A00002749286839F05EFE627A1849286839F05B
:101A100059FE2449286839F055FE62890E49286824
:101A200039F050FE2049286839F04CFEA2890A4955
:101A3000286839F047FE28681049BDE8384039F079
:101A400041BE00BFA8002804A8001B00541B0020B2
:101A50002CD104004DD104003EBC040038D0040059
:101A60005ED10400D8C804006FD10400BFC70400D1
:101A700079D1040067C9040083D1040097C704002A
:101A8000A800270031D30400B6CF040061D30400BE
:101A90006BD30400A800290007DA040031DA04003F
:101AA00046DA04005BDA040068DA0400A54A9342CF
:101AB00005F0848700F2AE80A2F5A022934205F0E3
:101AC0008E8354D8A2F54032934205F06C8002F523
:101AD0008032934205F0AA82A2F5003293427FF44D
:101AE000BBAE994D38F04CFC38F04BFC9749286858
:101AF00039F0E8FD9649286839F0E4FDA288954957
:101B0000286839F0DFFD9449286839F0DBFDE28868
:101B10009049286839F0D6FD9049286839F0D2FDFF
:101B200022898C49286839F0CDFD8D49286839F023
:101B3000C9FD62898749286839F0C4FD8949286848
:101B400039F0C0FD227B8849286839F0BBFD874900
:101B5000286839F0B7FDB4F80D207E49286839F0BF
:101B6000B1FD28688249BDE8384039F0ABBD814AF3
:101B7000934205F0998502F58032934205F0D985AC
:101B8000A2F5003293427FF467AE6F4D38F0F8FB58
:101B900038F0F7FB7849286839F094FD77492868D0
:101BA00039F090FDA2886B49286839F08BFD6A49AD
:101BB000286839F087FDE2886649286839F082FD97
:101BC0006649286839F07EFD22896249286839F023
:101BD00079FD6349286839F075FD62895D49286897
:101BE00039F070FD6649286839F06CFD227B5E494A
:101BF000286839F067FD6349286839F063FD627B26
:101C00005949286839F05EFD28685949BDE83840CF
:101C100039F058BD5C4A934206F0C6805DD8A2F503
:101C20008022934206F0B28202F58032934205F0A0
:101C30005F87A2F5003293427FF40EAE424D38F03A
:101C40009FFB38F09EFB5149286839F03BFD424923
:101C5000286839F037FDA2883E49286839F032FDFE
:101C60004B49286839F02EFDA01D0821FFF768FDBB
:101C70004849286839F026FDA27B3B49286839F09D
:101C800021FD4549286839F01DFDE27B3649286869
:101C900039F018FD4149286839F014FD227C324999
:101CA000286839F00FFD3E49286839F00BFDD4F85B
:101CB00011203C49286839F005FD3B49286839F076
:101CC00001FDB4F915203949286839F0FBFC286872
:101CD0002749BDE8384039F0F5BC354A934206F053
:101CE0005E8302F5003293427FF4B6AD164D38F0B4
:101CF00047FB38F046FB2F49286839F0E3FC1649CA
:101D0000286839F0DFFCA2881249286839F0DAFC2B
:101D10002949286839F0D6FCA2791349286839F096
:101D2000D1FC2649286839F0CDFCB4F807200949D0
:101D3000286839F0C7FC28680D49BDE8384039F0FB
:101D4000C1BC00BFA8005100541B002063DF040089
:101D50005ED104003EBC040038D004004DD1040024
:101D6000CDD0040086D20400BFC70400E1DE040029
:101D700097C70400A8004E00CEE304009BD00400E7
:101D8000EAE30400F7E30400A800570029E904008F
:101D900047E9040055E9040061E904006FE9040023
:101DA00080E9040090E9040094E904008CCD04006B
:101DB000A8005800E2F20400DEC90400FEEC0400B2
:101DC000A04A934207F0398000F20881A2F58812F8
:101DD000934203F092837FD8A2F5E022934203F06E
:101DE000F18041D8A2F58022934202F0688202F588
:101DF0008032934202F02E86A2F5A01293427FF425
:101E00002BAD914D38F0BCFA38F0BBFA8F492868F9
:101E100039F058FC8E49286839F054FCA2888D4965
:101E2000286839F04FFC8C49286839F04BFCA279BE
:101E30008A49286839F046FC8949286839F042FC0B
:101E4000E2798649286839F03DFC8649286839F0EE
:101E500039FCA2688449286839F034FC2868834931
:101E6000BDE8384039F02EBC814A934203F09F818F
:101E700002F58032934203F0F781A2F500329342DB
:101E80007FF4EAAC704D38F07BFA38F07AFA794991
:101E9000286839F017FC7849286839F013FCA288C3
:101EA0006C49286839F00EFC7449286839F00AFC3E
:101EB000E2886849286839F005FC7149286839F0DA
:101EC00001FC227A6549286839F0FCFB28686749DB
:101ED000BDE8384039F0F6BB6A4A934203F0CB8440
:101EE0002FD8A2F58022934203F0208402F580329D
:101EF000934203F07E84A2F5003293427FF4ACACAF
:101F0000514D38F03DFA38F03CFA5F49286839F015
:101F1000D9FB5E49286839F0D5FBA2884D4928686D
:101F200039F0D0FB5A49286839F0CCFBA2794B49EB
:101F3000286839F0C7FB28684C49BDE8384039F0BB
:101F4000C1BB544A934204F0E88002F580329342C8
:101F50007FF482AC3C4D38F013FA38F012FA4E4957
:101F6000286839F0AFFB4D49286839F0ABFBA288EF
:101F70003849286839F0A6FB4949286839F0A2FB9E
:101F8000E2883449286839F09DFB4649286839F0D1
:101F900099FB08216018FFF7D3FB4349286839F003
:101FA00091FB228A2B49286839F08CFB3F4928682D
:101FB00039F088FB628A2749286839F083FB3C495D
:101FC000286839F07FFBA28A2249286839F07AFB19
:101FD00028682649BDE8384039F074BB354A934239
:101FE00005F0018400F2B680A2F5C022934204F00D
:101FF0001F8665D8A2F50032934204F0548302F59F
:102000008032934204F08584A2F5B81293427FF4A3
:1020100023AC0D4D38F0B4F938F0B3F926492868EF
:1020200039F050FB2549286839F04CFB22790B49DF
:10203000286839F047FB28680C49BDE8384039F07A
:1020400041BB00BFA8003001541B0020BECF0400DC
:10205000E2CF04003EBC0400EBCF0400BFC7040085
:10206000F4CF0400FDCF0400DBC7040097C70400D1
:10207000A8001A010CD10400D8C804007CCF0400C9
:10208000E9D00400A800270175D30400C6C70400E6
:10209000A0D30400A8002801D8DD040038D0040033
:1020A0004DD104004EDB04000DDC040098DD04007B
:1020B0001CDC0400A8004F01A2F20400D5F20400C9
:1020C0008A4A934205F0C78002F58032934205F0B8
:1020D0008081A2F5403293427FF4BEAB844D38F04C
:1020E0004FF938F04EF98349286839F0EBFA824904
:1020F000286839F0E7FAA2888049286839F0E2FABE
:102100007F49286839F0DEFAE2887C49286839F08E
:10211000D9FA7C49286839F0D5FA227A7A492868B0
:1021200039F0D0FA7949286839F0CCFA627A7649E0
:10213000286839F0C7FA7649286839F0C3FAA17AD5
:1021400004F10B00FFF714FB28687249BDE8384022
:1021500039F0B8BA704A934206F0838041D8A2F5AC
:102160000032934205F0668402F58032934205F016
:102170004C87A2F5003293427FF46EAB5C4D38F091
:10218000FFF838F0FEF86549286839F09BFA644991
:10219000286839F097FAA2885849286839F092FAE5
:1021A0005549286839F08EFAE2885449286839F090
:1021B00089FA5C49286839F085FA22894F492868EC
:1021C00039F080FA5849286839F07CFA62894B491D
:1021D000286839F077FA28684E49BDE8384039F068
:1021E00071BA524A934205F0E18402F5803293427B
:1021F0007FF432AB3E4D38F0C3F838F0C2F84C49AA
:10220000286839F05FFA3C49286839F05BFAA288FF
:102210003A49286839F056FA3A49286839F052FAAA
:10222000A2793949286839F04DFA4249286839F0CD
:1022300049FAE2793449286839F044FA3E49286875
:1022400039F040FA22892D49286839F03BFA3B4998
:10225000286839F037FAA27A2B49286839F032FA1F
:102260003749286839F02EFAE27A2749286839F088
:1022700029FA3449286839F025FA227B224928684E
:1022800039F020FA3049286839F01CFA627B1E497F
:10229000286839F017FA2D49286839F013FAA27B1B
:1022A0001949286839F00EFA2949286839F00AFADC
:1022B000E27B1549286839F005FA2649286839F083
:1022C00001FA22692449286839F0FCF92349286871
:1022D00039F0F8F9A28A0949286839F0F3F9286831
:1022E0000C49BDE8384039F0EDB900BFA8004C01F9
:1022F000541B002013E2040038D004003EBC04004C
:102300005ED104001AC90400BFC70400B6CF0400A0
:1023100040E2040097C70400A800530106E6040049
:102320009BD004004DD10400CDD00400A80054017E
:10233000B2E704005EE7040065E704006DE704000F
:1023400073E704007AE7040083E704008CE70400E5
:102350009AE704001CD30400DBC70400A3E70400D1
:10236000AE4A934206F0738700F22083A2F57C12F6
:10237000934203F0FC8100F29381A2F5380293426C
:1023800007F0EF8100F2A680A2F5E022934207F069
:102390003F805CD8A2F50032934206F0F58602F544
:1023A0008032934206F0E487A2F5102293427FF434
:1023B00053AA9B4D37F0E4FF37F0E3FF99492868B3
:1023C00039F080F99849286839F07CF9A288974952
:1023D000286839F077F99649286839F073F9E28866
:1023E0009249286839F06EF99249286839F06AF9FB
:1023F000227A9149286839F065F99049286839F0BE
:1024000061F9627A8C49286839F05CF98C4928684E
:1024100039F058F9A27A8849286839F053F989497E
:10242000286839F04FF9E27A8349286839F04AF987
:102430008549286839F046F9227B7F49286839F0B8
:1024400041F928688149BDE8384039F03BB9804AF4
:10245000934207F0BD8002F58032934207F01A8163
:10246000A2F5403293427FF4F7A96D4D37F088FF13
:1024700037F087FF7749286839F024F976492868CA
:1024800039F020F962687549286839F01BF97449F8
:10249000286839F017F9227A6749286839F012F963
:1024A0007049286839F00EF9B4F809205F492868A6
:1024B00039F008F96C49286839F004F9B4F80B20B0
:1024C0005A49286839F0FEF828686049BDE8384064
:1024D00039F0F8B8654A934202F0958553D8A2F5D1
:1024E0008022934201F00D8702F58032934202F080
:1024F0001983A2F5A01293427FF4AEA9484D37F09C
:102500003FFF37F03EFF5A49286839F0DBF8594958
:10251000286839F0D7F8A2884449286839F0D2F8F9
:102520005549286839F0CEF8A2794349286839F02E
:10253000C9F83D49286839F0C5F8E2793E4928686C
:1025400039F0C0F84D49286839F0BCF8228937497C
:10255000286839F0B7F84A49286839F0B3F8628931
:102560003249286839F0AEF84649286839F0AAF8A7
:10257000A2892E49286839F0A5F828683349BDE8B2
:10258000384039F09FB8404A934202F0F28702F592
:102590004032934203F02980A2F5002293427FF457
:1025A0005BA91F4D37F0ECFE37F0EBFE374928688A
:1025B00039F088F83649286839F084F8A2881B4930
:1025C000286839F07FF81849286839F07BF8E288E4
:1025D0001649286839F076F82E49286839F072F8DB
:1025E00022891249286839F06DF82B49286839F09A
:1025F00069F862890D49286839F064F82749286824
:1026000039F060F8227B0C49286839F05BF82868BB
:102610000E49BDE8384039F055B800BFA800620245
:10262000541B002010F3040038D004003EBC04000A
:10263000C6C7040031ED0400BFC7040040ED04002C
:1026400050ED04005DED0400B2E2040097C7040001
:10265000A8006801F6F504007CCF0400DBC7040085
:1026600012F604004CDC040020F60400A800180256
:1026700011D00400E2CF0400EBCF040067C90400CE
:1026800073C9040037C80400A8001F02BDD10400AC
:102690004DD104005ED10400D8C80400E8D1040084
:1026A000A44A934204F0D18600F29380A2F5A022BE
:1026B000934204F08F812FD8A2F5C012934206F006
:1026C000018402F5B812934204F03380A2F500129F
:1026D00093427FF4C1A8984D37F052FE37F051FE77
:1026E0009649286838F0EEFF9549286838F0EAFFE7
:1026F00062689449286838F0E5FF9349286838F003
:10270000E1FF217A04F10900FFF732F828688F49C8
:10271000BDE8384038F0D6BF8D4A934204F0C284F9
:1027200002F50032934204F00586A2F5403293424E
:102730007FF492A8804D37F023FE37F022FE8549C2
:10274000286838F0BFFF8449286838F0BBFFA288AA
:102750008249286838F0B6FF8149286838F0B2FF0E
:10276000E2887E49286838F0ADFF7E49286838F055
:10277000A9FF22897949286838F0A4FF7A49286896
:1027800038F0A0FF62897549286838F09BFF7749C7
:10279000286838F097FF227B7549286838F092FF47
:1027A0007449286838F08EFFB4F80D206B4928680A
:1027B00038F088FF7049286838F084FFE17B04F125
:1027C0001000FEF7D5FF28686049BDE8384038F0B2
:1027D00079BF6A4A934205F0948541D8A2F5003248
:1027E000934205F0638102F58032934205F0428402
:1027F000A2F5003293427FF42FA84F4D37F0C0FD71
:1028000037F0BFFD5E49286838F05CFF5D492868F5
:1028100038F058FFA2885149286838F053FF5049D2
:10282000286838F04FFFE2884C49286838F04AFFA2
:102830004949286838F046FF22894849286838F015
:1028400041FF4949286838F03DFF628943492868BB
:1028500038F038FF28683D49BDE8384038F032BFCD
:10286000494A934205F0398202F5403293427EF4A0
:10287000F3AF314D37F084FD37F083FD43492868CD
:1028800038F020FF3649286838F01CFFA288334909
:10289000286838F017FF3049286838F013FFE288BD
:1028A0002E49286838F00EFF3949286838F00AFFA9
:1028B00022892A49286838F005FF3649286838F007
:1028C00001FF04F10A001021FEF73AFF324928689F
:1028D00038F0F8FEA27E2649286838F0F3FE2F492A
:1028E000286838F0EFFEE27E2149286838F0EAFED9
:1028F0002B49286838F0E6FEA28B1849286838F082
:10290000E1FE2849286838F0DDFEE28B134928688B
:1029100038F0D8FE2449286838F0D4FE94F82020F6
:102920001349286838F0CEFE28680849BDE83840C9
:1029300038F0C8BEA8004D02541B002044D5040046
:102940007CCF0400DBC7040063D5040097C70400F4
:10295000A8004A02FDE004004DD104003EBC040082
:1029600038D004005ED10400CDD0040086D204002B
:10297000BFC70400E1DE040020E10400A800530208
:102980001CE604009BD00400A8005502A7EB04003D
:10299000CAEB0400DAEB0400A5D60400ECEB04005B
:1029A00019E9040000EC0400C8DD0400934A9342D6
:1029B00004F0B68100F25E81A2F51C12934202F08F
:1029C0005B8600F28B80A2F53702934206F0FF8609
:1029D0004BD8A2F5E022934206F04E8502F5003274
:1029E000934206F0B285A2F5403293427EF434AFB2
:1029F000834D37F0C5FC37F0C4FC8249286838F0B5
:102A000061FE8149286838F05DFE22797F49286897
:102A100038F058FE7E49286838F054FE62797B49C8
:102A2000286838F04FFE7B49286838F04BFED4F810
:102A300006207949286838F045FE7849286838F03A
:102A400041FEA27A7149286838F03CFE7449286832
:102A500038F038FEE27A6D49286838F033FE28688D
:102A60007049BDE8384038F02DBE6F4A934201F0FE
:102A7000698402F58032934202F07480A2F5A012BC
:102A800093427EF4E9AE5E4D37F07AFC37F079FC84
:102A90006649286838F016FE6549286838F012FE45
:102AA000A2886449286838F00DFE6349286838F028
:102AB00009FEA2795549286838F004FE5F49286864
:102AC00038F000FEB4F807205A49286838F0FAFDBB
:102AD00028685449BDE8384038F0F4BD584A93425C
:102AE00006F02E8230D8A2F50022934203F0C48370
:102AF00002F58032934203F08F85A2F500329342B3
:102B00007EF4AAAE3E4D37F03BFC37F03AFC4D491F
:102B1000286838F0D7FD4C49286838F0D3FDA288E2
:102B20004449286838F0CEFD4849286838F0CAFD85
:102B3000D4F806203849286838F0C4FD2868394997
:102B4000BDE8384038F0BEBD414A934203F070867C
:102B500002F5803293427EF47FAE294D37F010FCAF
:102B600037F00FFC3B49286838F0ACFD3A4928683B
:102B700038F0A8FDA2882F49286838F0A3FD37490E
:102B8000286838F09FFDE2882A49286838F09AFDC5
:102B90003349286838F096FD22892649286838F09C
:102BA00091FD3049286838F08DFD628921492868F7
:102BB00038F088FD2C49286838F084FD227B1349C1
:102BC000286838F07FFD2949286838F07BFDB4F883
:102BD0000D201849286838F075FD2549286838F017
:102BE00071FDB4F80F201349286838F06BFD286890
:102BF0000C49BDE8384038F065BD00BFA800490366
:102C0000541B002037F50400BBF40400BFC70400C8
:102C1000D0F40400E6F40400DBC70400BBF30400B6
:102C2000F8F4040097C70400A800140345D004007A
:102C3000E2CF04003EBC0400EBCF040072D00400DD
:102C4000A800300374D50400D8C804007CCF040069
:102C5000A800470314E004005ED1040038D004004B
:102C60004DD10400CDD0040086D20400E1DE040082
:102C700041E004008E4A934205F02A8400F2A480C9
:102C8000A2F5C022934205F02A8253D8A2F5A022D1
:102C9000934204F0208402F54032934204F0F2851E
:102CA000A2F5802293427EF4D7AD824D37F068FBC7
:102CB00037F067FB8049286838F004FD7F492868B1
:102CC00038F000FDA2887E49286838F0FBFC7D4979
:102CD000286838F0F7FCE2887949286838F0F2FC77
:102CE0007949286838F0EEFC22897549286838F05F
:102CF000E9FC7649286838F0E5FC62897049286863
:102D000038F0E0FC7249286838F0DCFCA2896C4994
:102D1000286838F0D7FC6F49286838F0D3FCA17BCD
:102D200004F10F00FEF724FD28686B49BDE8384028
:102D300038F0C8BC694A934204F0FA8702F50032C1
:102D4000934205F09980A2F5802293427EF484ADEF
:102D5000584D37F015FB37F014FB6149286838F0FF
:102D6000B1FC6049286838F0ADFCA2885449286855
:102D700038F0A8FC5349286838F0A4FCE288504990
:102D8000286838F09FFC5049286838F09BFC22895D
:102D90004B49286838F096FC4C49286838F092FC7A
:102DA00062894749286838F08DFC4F49286838F017
:102DB00089FC227B4D49286838F084FC2868464904
:102DC000BDE8384038F07EBC494A934201F0E482C5
:102DD00042D8A2F53002934206F0798302F5003220
:102DE000934206F0D383A2F5502293427EF434AD91
:102DF000304D37F0C5FA37F0C4FA3E49286838F04C
:102E000061FC3049286838F05DFCA2882C492868AC
:102E100038F058FC2C49286838F054FCE2882849DE
:102E2000286838F04FFC3449286838F04BFC227A87
:102E30002E49286838F046FC3049286838F042FCB2
:102E4000B4F809201E49286838F03CFC286822495B
:102E5000BDE8384038F036BC294A934202F0368447
:102E600002F5A02293427EF4F7AC124D37F088FAB7
:102E700037F087FA2349286838F024FC224928686B
:102E800038F020FCA2880E49286838F01BFC1F4946
:102E9000286838F017FCD4F806201D49286838F057
:102EA00011FC28680C49BDE8384038F00BBC00BF65
:102EB000A8005803541B00209EE304009BD004008C
:102EC0003EBC040038D004005ED10400CDD0040024
:102ED000E1DE0400BDE3040097C70400A800550329
:102EE00015EB04004DD10400A4EA0400BFC70400A0
:102EF000A8001404D7EE0400EBCF0400FCEE04009D
:102F0000A800220497D50400D8C804007CCF040090
:102F1000DBC704009A4A934201F02C8300F23C85FF
:102F200002F17B4202F58A02934205F0E38500F24A
:102F3000DF82A2F18672934204F0098300F29B8142
:102F4000A2F57502934205F0E48200F29A80A2F5A0
:102F50007022934203F03D8749D8A2F50032934294
:102F600003F0B58402F58032934203F0A185A2F507
:102F7000F81293427EF470AC824D37F001FA37F0CC
:102F800000FA8149286838F09DFB8049286838F0AC
:102F900099FBA2887E49286838F094FB7D4928680F
:102FA00038F090FBE2887A49286838F08BFB7A4940
:102FB000286838F087FB08216018FEF7C1FB7749C5
:102FC000286838F07FFB228A7149286838F07AFB3C
:102FD0007349286838F076FB628A6D49286838F0B2
:102FE00071FB28686F49BDE8384038F06BBB6E4A0A
:102FF000934204F0C18402F5E022934204F0778703
:10300000A2F5202293427EF427AC5E4D37F0B8F94A
:1030100037F0B7F96549286838F054FB64492868E7
:1030200038F050FBA2885A49286838F04BFB5749C2
:10303000286838F047FBE2885549286838F042FB99
:103040005C49286838F03EFB22895149286838F0ED
:1030500039FB5949286838F035FB62894C492868A2
:1030600038F030FB5549286838F02CFBE2685449A9
:10307000286838F027FB28684A49BDE8384038F00E
:1030800021BB504A934203F0A08000F2B380A2F526
:10309000A012934201F0A98102F59812934202F026
:1030A0000C84A2F54E0293427EF4D6AB354D37F038
:1030B00067F937F066F94449286838F003FB33496B
:1030C000286838F0FFFAA2883149286838F0FAFAFF
:1030D0003E49286838F0F6FAE2882D49286838F029
:1030E000F1FA3B49286838F0EDFA22892849286826
:1030F00038F0E8FA3749286838F0E4FA6289244958
:10310000286838F0DFFA3449286838F0DBFAA289F9
:103110001F49286838F0D6FA3049286838F0D2FAC2
:10312000A27B2F49286838F0CDFA2E49286838F05C
:10313000C9FAE27B2A49286838F0C4FA2A49286883
:1031400038F0C0FA227C2649286838F0BBFA2749B3
:10315000286838F0B7FA627C2149286838F0B2FA5A
:103160002349286838F0AEFAA27C1D49286838F057
:10317000A9FA28680B49BDE8384038F0A3BA00BF67
:10318000A800140B541B002028DE040038D00400D3
:103190003EBC04004DD104004EDB04000DDC0400F5
:1031A0001CDC040097C70400A8005004A8E4040035
:1031B0009BD00400B1D00400CDD00400D1E40400C1
:1031C000DBC70400A80028050EEF04005ED1040050
:1031D0001AC90400FCEE0400C6C704003BCE04007C
:1031E000BFC7040040ED040031EF04005DED0400B2
:1031F000B2E20400A04A934203F0B38402F58032A5
:10320000934203F02B86A2F5C81293427EF424ABBE
:103210009A4D37F0B5F837F0B4F89949286838F086
:1032200051FA9849286838F04DFAA28896492868DA
:1032300038F048FA9549286838F044FAE28892490B
:10324000286838F03FFA9249286838F03BFA227A29
:103250009049286838F036FA8F49286838F032FAF1
:10326000627A8C49286838F02DFA28688B49BDE8C5
:10327000384038F027BA8A4A934203F0308051D858
:10328000A2F54F02934205F0F98325D8A2F500324A
:10329000934204F0448602F58032934205F05A814D
:1032A000A2F5002293427EF4D7AA744D37F068F855
:1032B00037F067F87B49286838F004FA7A492868BB
:1032C00038F000FA2179601DFEF752FA2868734938
:1032D000BDE8384038F0F6B9744A934201F0928460
:1032E00002F59012934202F00983A2F598129342DC
:1032F0007EF4B2AA614D37F043F837F042F86C49DA
:10330000286838F0DFF95F49286838F0DBF9A288CF
:103310005D49286838F0D6F928686049BDE838402A
:1033200038F0D0B9634A934204F032815FD8A2F5F5
:10333000E812934205F08A8602F5C812934203F020
:10334000DC85A2F5001293427EF486AA4B4D37F03D
:1033500017F837F016F85849286838F0B3F9574984
:10336000286838F0AFF9A2884749286838F0AAF9E8
:103370005349286838F0A6F9A2794649286838F0F8
:10338000A1F95049286838F09DF9E01D0821FEF7A1
:10339000D7F94D49286838F095F9D4F80F204B49F2
:1033A000286838F08FF94A49286838F08BF9B4F862
:1033B00013203549286838F085F94649286838F0DF
:1033C00081F9D4F815204149286838F07BF9424941
:1033D000286838F077F9B4F819202B49286838F0B4
:1033E00071F928682D49BDE8384038F06BB93B4A7F
:1033F000934204F0B58502F5803293427EF42CAA04
:103400001E4D36F0BDFF36F0BCFF3549286838F058
:1034100059F92A49286838F055F9A2881A492868C4
:1034200038F050F92F49286838F04CF9E2881649ED
:10343000286838F047F92C49286838F043F9A26821
:103440002249286838F03EF91E49286838F03AF9D0
:1034500004F10C000821FEF773F92449286838F0BC
:1034600031F9217D04F11500FEF782F928680B4936
:10347000BDE8384038F026B9A8004805541B0020A4
:1034800018F20400D8C804003EBC0400E2CF0400D7
:10349000EBCF0400BFC70400DEC9040097C70400D7
:1034A000A80028067FE60400A0E60400A800150690
:1034B000B9C80400A8004D066EDD040038D0040031
:1034C0008CDD04004EDB040058DB0400DBC7040085
:1034D0000DDC04001CDC040098DD0400A800570685
:1034E00082EC04004DD10400A7EC0400AEEC040013
:1034F000964A934205F0588000F2608102F17E42C4
:1035000002F57F02934204F04C8563D8A2F53C1289
:10351000934202F00E8726D8A2F59812934201F04A
:10352000888302F59012934202F03A82A2F5981233
:1035300093427EF491A9864D36F022FF36F021FFAA
:103540008449286838F0BEF88349286838F0BAF80A
:10355000A2888249286838F0B5F828688049BDE813
:10356000384038F0AFB87F4A934203F0158502F532
:103570008022934204F06E80A2F5101293427EF4F2
:103580006BA9734D36F0FCFE36F0FBFE76492868D9
:1035900038F098F87549286838F094F8A2886F498F
:1035A000286838F08FF87249286838F08BF8E2887C
:1035B0006A49286838F086F86E49286838F082F839
:1035C00008216018FEF7BCF828686549BDE8384056
:1035D00038F078B8684A934202F0048200F283809F
:1035E000A2F59812934200F0638702F5803293426D
:1035F00001F05183A2F53C0293427EF42DA9544D73
:1036000036F0BEFE36F0BDFE5C49286838F05AF848
:103610005649286838F056F8A2885049286838F08A
:1036200051F85749286838F04DF8E2884B49286826
:1036300038F048F85349286838F044F8227A52495B
:10364000286838F03FF85149286838F03BF8627A2A
:103650004D49286838F036F84D49286838F032F876
:1036600062893E49286838F02DF84A49286838F0C0
:1036700029F8A2893949286838F024F84649286889
:1036800038F020F8A27B4049286838F01BF84349FD
:10369000286838F017F8B4F80F203049286838F057
:1036A00011F83F49286838F00DF8627C36492868DF
:1036B00038F008F83B49286838F004F8A27C324911
:1036C000286837F0FFFF3849286837F0FBFFB4F867
:1036D00013202249286837F0F5FF28682049BDE803
:1036E000384037F0EFBF314A934202F0778602F557
:1036F000803293427EF4B0A8154D36F041FE36F08C
:1037000040FE2B49286837F0DDFF1849286837F05C
:10371000D9FFA2881149286837F0D4FF25492868C5
:1037200037F0D0FFE2880D49286837F0CBFF2249F7
:10373000286837F0C7FF217A04F10900FEF718F86E
:1037400028680749BDE8384037F0BCBFA8005808D2
:10375000541B0020E1C80400D8C804003EBC04008B
:1037600097C70400A800490747DE040038D00400CA
:103770004DD104004EDB0400A800270835F00400FA
:103780005ED10400EBCF0400BFC704003BCE0400B1
:10379000CAEB0400CDD00400A0E2040000EC040059
:1037A000C8DD0400ECEB040019E90400A8002808B7
:1037B00067DE040098DE0400AFDE0400B34A9342E3
:1037C00005F0C18400F29380A2F59802934201F0C3
:1037D00094825CD8A2F53402934205F08A8402F503
:1037E0003302934200F09086A2F53B0293427EF4AE
:1037F00033A8A74D36F0C4FD36F0C3FDA5492868AF
:1038000037F060FFA449286837F05CFFA288A3491D
:10381000286837F057FFA249286837F053FFE2883D
:103820009E49286837F04EFF9E49286837F04AFFC6
:10383000227A9D49286837F045FF9C49286837F06F
:1038400041FF627A9849286837F03CFF9849286818
:1038500037F038FFA27A9449286837F033FF95494A
:10386000286837F02FFFE27A8F49286837F02AFF5F
:103870009149286837F026FF217B04F10D00FDF700
:1038800077FF28688D49BDE8384037F01BBF8C4A68
:10389000934202F0BB8502F54412934205F08A81FF
:1038A000A2F5481293427DF4D7AF794D36F068FD0A
:1038B00036F067FD8349286837F004FF824928689D
:1038C00037F000FFA2887549286837F0FBFE7F4972
:1038D000286837F0F7FED4F806207D49286837F0CD
:1038E000F1FE28687549BDE8384037F0EBBE794AEB
:1038F000934203F0388412D8A2F50C12934202F0DE
:10390000928002F58032934202F0AA85A2F5A012BD
:1039100093427DF4A1AFBDE83840FDF749BF6E4A40
:10392000934205F08E8102F5002293427DF494AF1C
:10393000574D36F025FD36F024FD6849286837F0EC
:10394000C1FE5549286837F0BDFEA2885349286852
:1039500037F0B8FE6249286837F0B4FED4F8062084
:103960005B49286837F0AEFE5E49286837F0AAFE4A
:1039700004F10A000821FDF7E3FE4F49286837F0FB
:10398000A1FEA17C04F11300FDF7F2FE28684B496B
:10399000BDE8384037F096BE534A934204F09E8704
:1039A00000F24A8202F17B42934204F0978600F2D1
:1039B000028102F17E42934204F0428600F2A0802E
:1039C000A2F57F02934205F0AD8130D8A2F54412F2
:1039D000934202F05D8502F54012934204F00586A1
:1039E000A2F5441293427DF437AF294D36F0C8FC5E
:1039F00036F0C7FC3D49286837F064FE3249286834
:103A000037F060FEA2882549286837F05BFE2F4911
:103A1000286837F057FED4F806202D49286837F07B
:103A200051FE28682549BDE8384037F04BBE304A82
:103A3000934202F05A8002F58032934202F0A4844D
:103A4000A2F5A01293427DF407AF114D36F098FC19
:103A500036F097FC2749286837F034FE2649286855
:103A600037F030FE62681A49286837F02BFE234988
:103A7000286837F027FE227A0B49286837F022FEA3
:103A800028680E49BDE8384037F01CBEA80061091F
:103A9000541B00205DF0040038D004003EBC04003C
:103AA0005ED10400EBCF0400BFC704003BCE04008E
:103AB00013C904005DED0400AEEC040097C70400D8
:103AC000A80028094ED60400D8C804007CCF040002
:103AD000DBC70400A8004A0AA800590A73F30400CF
:103AE000A7EC04004EDB0400A8005813E3D6040042
:103AF000A800270CBDC90400D0C70400DEC904001B
:103B0000AF4A934202F0F7841DD8A2F5981293426F
:103B100001F01C8102F59012934202F00780A2F599
:103B2000981293427DF498AEA64C36F029FC36F0FC
:103B300028FCA549206837F0C5FD2068A349BDE8E9
:103B4000384037F0BFBDA24A934200F0348502F5F9
:103B50009812934202F00C80A2F54F0293427DF43A
:103B60007BAE984D36F00CFC36F00BFC994928687A
:103B700037F0A8FD9849286837F0A4FDA288974936
:103B8000286837F09FFD9649286837F09BFDE2884A
:103B90009249286837F096FD9249286837F092FDDF
:103BA000217A04F10900FDF7E3FD28688749BDE8A3
:103BB000384037F087BD8C4A934202F0C1807BD8F1
:103BC00002F17E4202F56D02934200F020853AD860
:103BD000A2F56D02934202F05B8002F5441293421B
:103BE00004F0EC85A2F5880293427DF435AE754D64
:103BF00036F0C6FB36F0C5FB7C49286837F062FD1D
:103C00007B49286837F05EFD22797A49286837F0C9
:103C100059FD7949286837F055FDB4F805206F49FA
:103C2000286837F04FFD7549286837F04BFDB4F828
:103C300007206A49286837F045FD28686349BDE8D0
:103C4000384037F03FBD6E4A934204F0F38502F5E9
:103C50003C02934200F00585A2F56D0293427DF48B
:103C6000FBAD584D36F08CFB36F08BFB6549286870
:103C700037F028FD6449286837F024FDA2885749A9
:103C8000286837F01FFD6149286837F01BFDD4F81C
:103C900006205F49286837F015FD5E49286837F02F
:103CA00011FDA27A5349286837F00CFD286847496E
:103CB000BDE8384037F006BD574A934204F0E4852A
:103CC00038D8A2F58802934200F0F58402F59812E4
:103CD000934202F06080A2F54F0293427DF4BCADA6
:103CE000384D36F04DFB36F04CFB4C49286837F028
:103CF000E9FC3949286837F0E5FCA288374928688B
:103D000037F0E0FC3649286837F0DCFCE2883349BC
:103D1000286837F0D7FC4249286837F0D3FC217A6D
:103D200004F10900FDF724FD28682849BDE8384062
:103D300037F0C8BC3B4A934200F0DE8402F598128B
:103D400093427DF489AD1F4D36F01AFB36F019FB16
:103D50003549286837F0B6FC2B49286837F0B2FCA3
:103D6000A2881E49286837F0ADFC2849286837F03A
:103D7000A9FCD4F806202649286837F0A3FC2B4973
:103D8000286837F09FFCA27A1A49286837F09AFC15
:103D90002749286837F096FCE27A1649286837F0F8
:103DA00091FC2449286837F08DFCA2890B492868CA
:103DB00037F088FC28680549BDE8384037F082BCF8
:103DC000A800280D541B0020E6C9040097C7040072
:103DD000A800140E68ED040038D004003EBC0400B6
:103DE0004DD104004EE80400A800271119CA0400B0
:103DF00013C90400BFC704001AC904000EC8040098
:103E0000A8005810DBD70400D8C804007CCF0400F9
:103E1000DBC7040037C80400A80058120AEE0400EB
:103E2000AEEC0400A800141347D8040067D80400BF
:103E3000B7D60400CAD60400B24A934200F06E8599
:103E400000F2ED8002F17E42934200F0138574D8B7
:103E500002F17F42934200F0BD842ED8A2F57F028A
:103E6000934200F0948702F59012934201F0BE87CE
:103E7000A2F5981293427DF4EFACA34D36F080FA90
:103E800036F07FFAA149286837F01CFCA049286861
:103E900037F018FC22799F49286837F013FC9E49B7
:103EA000286837F00FFC6179A01DFDF761FC2868D8
:103EB0009A49BDE8384037F005BC994A934201F071
:103EC000CA8702F54412934204F02985A2F58602BE
:103ED00093427DF4C1AC8C4D36F052FA36F051FA73
:103EE0009049286837F0EEFB8F49286837F0EAFBE5
:103EF000A2888E49286837F0E5FB8D49286837F09D
:103F0000E1FBA2798349286837F0DCFB89492868FE
:103F100037F0D8FBE01D1021FDF712FC8649286818
:103F200037F0D0FBE27D7B49286837F0CBFB28686F
:103F30007A49BDE8384037F0C5BB804A934200F06B
:103F4000D5842FD8A2F56D02934201F0AF8702F518
:103F50004412934204F00485A2F5860293427DF454
:103F60007BAC694D36F00CFA36F00BFA74492868D0
:103F700037F0A8FB6C49286837F0A4FBA2886B498E
:103F8000286837F09FFB6F49286837F09BFBE28871
:103F90006649286837F096FB28686049BDE83840D4
:103FA00037F090BB684A934200F0F38402F5901218
:103FB00093427DF451AC544D36F0E2F936F0E1F91C
:103FC0006249286837F07EFB5E49286837F07AFB43
:103FD000A2885649286837F075FB5D49286837F094
:103FE00071FBD4F806205B49286837F06BFB5A490F
:103FF000286837F067FB62894C49286837F062FB14
:104000005649286837F05EFB227B4249286837F022
:1040100059FB28684149BDE8384037F053BB504A46
:10402000934201F0C78700F2A580A2F18972934202
:1040300000F00C872ED8A2F56E02934201F08E8715
:1040400002F56D02934200F0DD83A2F57F029342F8
:104050007DF402AC2C4D36F093F936F092F94149DB
:10406000286837F02FFB3349286837F02BFB201DD9
:104070001021FDF765FB3C49286837F023FB227DC2
:104080002449286837F01EFB28682449BDE83840D9
:1040900037F018BB354A934200F0D48302F58032E2
:1040A000934200F0F386A2F56E0293427DF4D4AB06
:1040B000154D36F065F936F064F92D49286837F06A
:1040C00001FB2349286837F0FDFA62682149286816
:1040D00037F0F8FA0E49286837F0F4FA227A0D49D9
:1040E000286837F0EFFA0C49286837F0EBFA617A64
:1040F00004F10A00FDF73CFB28680849BDE8384098
:1041000037F0E0BAA8001418541B0020D4CA0400E9
:10411000EDCA0400BFC704007AC8040097C70400B2
:10412000A800271543CE040035CE04003EBC040091
:104130003BCE040055CC040065CE0400A800141743
:104140006FCE0400D8C80400A800151706D90400D3
:104150007CCF0400DBC704000EC8040037C804008D
:10416000A800271A34CC04005CCC0400A800141A60
:104170006ED90400AD4A934201F0608726D802F15F
:104180007F42934201F0388702F56E02934200F0BD
:104190009D8602F17F4293427DF45EABA44D36F0E2
:1041A000EFF836F0EEF8A349286837F08BFAA24909
:1041B000286837F087FAA288A049286837F082FA81
:1041C00028689F49BDE8384037F07CBA9D4A934241
:1041D00000F0A58602F1807293427DF43DAB944DD0
:1041E00036F0CEF836F0CDF89749286837F06AFAFD
:1041F0009649286837F066FA201D1021FDF7A0FACD
:104200009349286837F05EFA227D9249286837F092
:1042100059FA9149286837F055FA627D8D49286826
:1042200037F050FA8D49286837F04CFAA27D894959
:10423000286837F047FA8A49286837F043FAE27D60
:104240008449286837F03EFA8649286837F03AFAF8
:10425000227E8049286837F035FA28687849BDE819
:10426000384037F02FBA724D36F08AF836F089F8B8
:104270007D49286837F026FA7C49286837F022FA09
:1042800022797449286837F01DFA7949286837F08F
:1042900019FAB4F805206949286837F013FA754906
:1042A000286837F00FFAD4F807207349286837F0E8
:1042B00009FA28686249BDE8384037F003BA5C4D16
:1042C00036F05EF836F05DF86C49286837F0FAF998
:1042D0006749286837F0F6F9A2885849286837F006
:1042E000F1F96449286837F0EDF9D4F806206249FD
:1042F000286837F0E7F928685149BDE8384037F0B9
:10430000E1B94B4D36F03CF836F03BF85C49286893
:1043100037F0D8F95B49286837F0D4F9A2884749C3
:10432000286837F0CFF95849286837F0CBF9E28888
:104330004249286837F0C6F928684149BDE8384045
:1043400037F0C0B93A4D36F01BF836F01AF84F493D
:10435000286837F0B7F94B49286837F0B3F9A288D5
:104360003649286837F0AEF94749286837F0AAF986
:10437000E2883249286837F0A5F94549286837F0BE
:10438000A1F9217A04F10900FDF7F2F928682C4916
:10439000BDE8384037F096B9254D35F0F1FF35F0DE
:1043A000F0FF3C49286837F08DF93B49286837F021
:1043B00089F922792749286837F084F9374928682C
:1043C00037F080F962792349286837F07BF934495E
:1043D000286837F077F9A179E01DFDF7C9F9286859
:1043E0001749BDE8384037F06DB9114D35F0C8FFB9
:1043F00035F0C7FF2B49286837F064F92A49286847
:1044000037F060F922791349286837F05BF92749BA
:10441000286837F057F962790E49286837F052F961
:1044200028680749BDE8384037F04CB9A800271C78
:10443000541B0020D3CE0400D8C804003EBC0400A6
:1044400097C70400A800151D52CF040055CC0400E6
:1044500076CB0400BFC7040082CB04008FCB0400DE
:10446000A7CB0400BFCB04009BC70400B1C7040066
:10447000C6C70400D0C70400DBC70400E3C70400BC
:10448000F9C704000EC804001DC8040022C80400B7
:1044900037C804003FC804005CC804006CC80400AE
:1044A0007AC8040081C804009DC80400ACC8040098
:1044B000AB4D35F065FF35F064FFAA49286837F049
:1044C00001F9A949286837F0FDF82279A749286839
:1044D00037F0F8F8A649286837F0F4F8B4F8052062
:1044E000A449286837F0EEF8A349286837F0EAF8BD
:1044F000B4F807209F49286837F0E4F828689F49F6
:10450000BDE8384037F0DEB8954D35F039FF35F06D
:1045100038FF9B49286837F0D5F89A49286837F062
:10452000D1F822799149286837F0CCF89649286863
:1045300037F0C8F8B4F805208E49286837F0C2F87B
:104540009249286837F0BEF8B4F8072089492868EE
:1045500037F0B8F88E49286837F0B4F8B4F8092075
:104560008449286837F0AEF828688449BDE83840A7
:1045700037F0A8B87A4D35F003FF35F002FF8549D2
:10458000286837F09FF88449286837F09BF86268FC
:104590008249286837F096F88149286837F092F800
:1045A000A2687E49286837F08DF828687349BDE80D
:1045B000384037F087B86A4D35F0E2FE35F0E1FE5D
:1045C0007849286837F07EF86749286837F07AF824
:1045D00022796649286837F075F86549286837F008
:1045E00071F8B4F805206349286837F06BF8624920
:1045F000286837F067F8B4F807205E49286837F074
:1046000061F828685D49BDE8384037F05BB8544D23
:1046100035F0B6FE35F0B5FE6349286837F052F83C
:104620006249286837F04EF8A2885249286837F066
:1046300049F85F49286837F045F8E2884D4928680D
:1046400037F040F85B49286837F03CF8227A474950
:10465000286837F037F828684849BDE8384037F00F
:1046600031B83F4D35F08CFE35F08BFE524928684D
:1046700037F028F84D49286837F024F8A2883D49DA
:10468000286837F01FF84A49286837F01BF8E28895
:104690003849286837F016F84849286837F012F882
:1046A000A2683E49286837F00DF828683349BDE80C
:1046B000384037F007B82A4D35F062FE35F061FE1C
:1046C0003F49286836F0FEFF3849286836F0FAFF7F
:1046D000A2882849286836F0F5FF3549286836F061
:1046E000F1FFE2882349286836F0ECFF2868234967
:1046F000BDE8384036F0E6BF194D35F041FE35F0E3
:1047000040FE3049286836F0DDFF1B49286836F046
:10471000D9FFA2881749286836F0D4FF2A492868AB
:1047200036F0D0FFA2791149286836F0CBFF27492F
:10473000286836F0C7FFE2790C49286836F0C2FFD6
:104740002349286836F0BEFFA2681449286836F06D
:10475000B9FF28680949BDE8384036F0B3BF00BF4B
:10476000541B0020FFC8040013C90400BFC7040085
:104770001AC904003EBC04000EC8040097C7040018
:1047800022C9040041C9040055C9040067C90400D6
:1047900073C904007EC904009AC90400DBC7040081
:1047A000AAC9040003CA04002FCA040043CA0400B3
:1047B0004ECA040059CA040060CA04007ACA040040
:1047C00087CA0400A0CA0400BACA0400C8CA040008
:1047D000D0C70400AF4D35F0D3FD35F0D2FDAE4962
:1047E000286836F06FFFAD49286836F06BFFA28865
:1047F000AB49286836F066FF2868AA49BDE838400A
:1048000036F060BFA34D35F0BBFD35F0BAFDA649CB
:10481000286836F057FFA549286836F053FF2279FB
:10482000A349286836F04EFFA249286836F04AFFAF
:104830006179A01DFCF79CFF28689A49BDE83840C3
:1048400036F040BF934D35F09BFD35F09AFD9A4907
:10485000286836F037FF9149286836F033FFA28880
:104860008F49286836F02EFF28688E49BDE8384009
:1048700036F028BF874D35F083FD35F082FD8F4936
:10488000286836F01FFF8E49286836F01BFF227912
:104890008749286836F016FF8A49286836F012FFE3
:1048A00062798349286836F00DFF8749286836F019
:1048B00009FFA2797E49286836F004FF83492868F9
:1048C00036F000FFE2797A49286836F0FBFE80492D
:1048D000286836F0F7FE227A7549286836F0F2FE2D
:1048E00028687049BDE8384036F0ECBE694D35F0B7
:1048F00047FD35F046FD7749286836F0E3FE7649F6
:10490000286836F0DFFEA2886549286836F0DAFEAE
:1049100028686449BDE8384036F0D4BE5D4C35F0B7
:104920002FFD35F02EFD6D49206836F0CBFE206856
:104930005C49BDE8384036F0C5BE564D35F020FD27
:1049400035F01FFD6649286836F0BCFE65492868C9
:1049500036F0B8FE22795649286836F0B3FE62492F
:10496000286836F0AFFEB4F805204D49286836F0C7
:10497000A9FE5E49286836F0A5FED4F807205C49F8
:10498000286836F09FFE28684649BDE8384036F072
:1049900099BE404D35F0F4FC35F0F3FC55492868DC
:1049A00036F090FE5449286836F08CFE201D102108
:1049B000FCF7C6FE5149286836F084FE227D3C494A
:1049C000286836F07FFE4E49286836F07BFEB4F842
:1049D00015203349286836F075FE4A49286836F0B4
:1049E00071FEE27D3249286836F06CFE464928683F
:1049F00036F068FE227E2E49286836F063FE434971
:104A0000286836F05FFE627E2949286836F05AFE33
:104A10003F49286836F056FE628B2149286836F0F7
:104A200051FE3C49286836F04DFE227F2049286817
:104A300036F048FE3849286836F044FEB4F81D20A8
:104A40001749286836F03EFE28681649BDE8384008
:104A500036F038BE0F4D35F093FC35F092FC2F49FF
:104A6000286836F02FFE2E49286836F02BFE227972
:104A70000F49286836F026FE1F49286836F022FEC6
:104A8000601D1021FCF75CFE28680649BDE838402F
:104A900036F018BE541B0020F4CA0400D8C8040025
:104AA0003EBC040097C7040011CB0400EDCA04000B
:104AB000BFC704007AC8040035CB04005DCB0400F6
:104AC00076CB040082CB04008FCB0400A7CB04007C
:104AD000BFCB0400D5CB0400EFCB0400FDCB04001A
:104AE00013CC040029CC0400C6C70400D0C70400BE
:104AF000DBC7040065CC040055CC04007CCC04006A
:104B000087CC040094CC0400A0CC0400B2CC0400F8
:104B1000C3CC0400D7CC0400E8CC0400FCCC0400D7
:104B20005CCC0400AA4D35F02BFC35F02AFCA949D9
:104B3000286836F0C7FDA849286836F0C3FDA2886A
:104B4000A649286836F0BEFDA549286836F0BAFDAA
:104B5000A01D1021FCF7F4FD2868A249BDE83840EB
:104B600036F0B0BD9A4D35F00BFC35F00AFC9E498D
:104B7000286836F0A7FD9D49286836F0A3FDA28875
:104B80009649286836F09EFD9949286836F09AFDC6
:104B9000D4F806209749286836F094FD964928688D
:104BA00036F090FDA27A9549286836F08BFD8A4947
:104BB000286836F087FD04F10B000621FCF7C0FDE4
:104BC0008F49286836F07EFD627C8C49286836F073
:104BD00079FD8349286836F075FD04F11200102133
:104BE000FCF7AEFD8749286836F06CFD94F9222069
:104BF0008549286836F066FD28687A49BDE838405E
:104C000036F060BD724D35F0BBFB35F0BAFB7F4925
:104C1000286836F057FD7249286836F053FD201D8C
:104C20001021FCF78DFD28686E49BDE8384036F04C
:104C300049BD674D35F0A4FB35F0A3FB74492868E6
:104C400036F040FD7349286836F03CFD22796B4907
:104C5000286836F037FD7049286836F033FD6279F0
:104C60006649286836F02EFD6C49286836F02AFD22
:104C7000A2796249286836F025FD5949286836F03E
:104C800021FDE01D1021FCF75BFD28685549BDE8BA
:104C9000384036F017BD4E4D35F072FB35F071FBE4
:104CA0005F49286836F00EFD4D49286836F00AFD48
:104CB000201D1021FCF744FD5A49286836F002FDFA
:104CC000227D4E49286836F0FDFC5749286836F0A9
:104CD000F9FC627D4949286836F0F4FC534928689C
:104CE00036F0F0FCA17D04F11700FCF741FD2868C7
:104CF0003C49BDE8384036F0E5BC354D35F040FB69
:104D000035F03FFB4A49286836F0DCFC3449286816
:104D100036F0D8FC201D1021FCF712FD2E49286822
:104D200036F0D0FCA28A2D49286836F0CBFC4149E8
:104D3000286836F0C7FCA27D3049286836F0C2FCEE
:104D400028682849BDE8384036F0BCBC204D35F015
:104D500017FB35F016FB3849286836F0B3FC3749A5
:104D6000286836F0AFFC62682249286836F0AAFC51
:104D70002E49286836F0A6FC217A04F10900FCF7D8
:104D8000F7FC28681749BDE8384036F09BBC104D49
:104D900035F0F6FA35F0F5FA2949286836F092FC34
:104DA0002849286836F08EFCA2880C49286836F01D
:104DB00089FC2549286836F085FCA2790F492868C6
:104DC00036F080FC28680749BDE8384036F07ABCE8
:104DD000541B00201ACD0400C6C704003EBC0400CA
:104DE00055CC040097C7040037CD04004FCD040014
:104DF00062CD0400DBC704006DCD0400BFC7040012
:104E000076CD040085CD04008CCD04008FCD040048
:104E1000AACD0400C5CD04005CC804006CC8040021
:104E2000CECD04009DC80400ACC804007AC80400BC
:104E3000EACD04007CCC0400FDCD04000BCE0400C0
:104E400012CE040035CE04003BCE0400834D35F075
:104E500097FA35F096FA8249286836F033FC814992
:104E6000286836F02FFCA2887F49286836F02AFC93
:104E70007E49286836F026FCA01D1021FCF760FC56
:104E800028687B49BDE8384036F01CBC734D35F0CE
:104E900077FA35F076FA7749286836F013FC7149CD
:104EA000286836F00FFCA2886F49286836F00AFCA3
:104EB0006E49286836F006FCA01D1021FCF740FC66
:104EC00028686B49BDE8384036F0FCBB634D35F0CF
:104ED00057FA35F056FA6849286836F0F3FB61490D
:104EE000286836F0EFFBA2885F49286836F0EAFBB5
:104EF0005E49286836F0E6FBA01D1021FCF720FC77
:104F00005E49286836F0DEFBA17D04F11700FCF74E
:104F10002FFC28685649BDE8384036F0D3BB4F4DCA
:104F200035F02EFA35F02DFA5549286836F0CAFBCF
:104F30004C49286836F0C6FBA2884B49286836F0F1
:104F4000C1FB4A49286836F0BDFBA01D1021FCF7C3
:104F5000F7FB4C49286836F0B5FBE28A42492868DD
:104F600036F0B0FB4849286836F0ACFB227E474952
:104F7000286836F0A7FB4649286836F0A3FB617E17
:104F800004F11A00FCF7F4FB28683949BDE8384001
:104F900036F098BB314D35F0F3F935F0F2F93D4973
:104FA000286836F08FFB3C49286836F08BFB626836
:104FB0003A49286836F086FB28682D49BDE8384014
:104FC00036F080BB254D35F0DBF935F0DAF93449A0
:104FD000286836F077FB3049286836F073FB626842
:104FE0002E49286836F06EFB2E49286836F06AFB99
:104FF00022891D49286836F065FB28681C49BDE8F0
:10500000384036F05FBB154D35F0BAF935F0B9F9D7
:105010002549286836F056FB1F49286836F052FBB0
:1050200062681E49286836F04DFB2049286836F032
:1050300049FB227A1549286836F044FB1C49286848
:1050400036F040FBB4F809200749286836F03AFBEF
:1050500028680749BDE8384036F034BB541B0020AF
:105060008ECE0400D8C804003EBC040055CC040019
:1050700097C70400AFCE0400F3CE040017CF04009E
:105080001ECF040041CF04004ACF0400BFC7040074
:105090007AC8040067CF04007CCF0400DBC704009B
:1050A00085CF04005CCC04009DCF040013C904002C
:1050B000B6CF0400944D35F063F935F062F99349A9
:1050C000286836F0FFFA9249286836F0FBFAA28881
:1050D0009049286836F0F6FA8F49286836F0F2FAD7
:1050E000E2888C49286836F0EDFA8C49286836F059
:1050F000E9FA22898749286836F0E4FA884928685D
:1051000036F0E0FA62898349286836F0DBFA85498F
:10511000286836F0D7FAA2897E49286836F0D2FA94
:105120008149286836F0CEFA94F90E207F49286824
:1051300036F0C8FA7E49286836F0C4FAB4F80F2071
:105140007449286836F0BEFA7A49286836F0BAFA07
:10515000627C7949286836F0B5FA7849286836F0D3
:10516000B1FAA27C7449286836F0ACFA7449286810
:1051700036F0A8FAE27C7049286836F0A3FA714943
:10518000286836F09FFA227D6B49286836F09AFA33
:105190006D49286836F096FA617D04F11600FCF737
:1051A000E7FA28686949BDE8384036F08BBA564DB1
:1051B00035F0E6F835F0E5F86549286836F082FA0A
:1051C0006449286836F07EFAA2885249286836F089
:1051D00079FA5149286836F075FAE2884D4928680D
:1051E00036F070FA5C49286836F06CFA2289494931
:1051F000286836F067FA5949286836F063FA6289F8
:105200004449286836F05EFA5549286836F05AFA5B
:10521000227B4949286836F055FA28684B49BDE891
:10522000384036F04FBA384D35F0AAF835F0A9F8C5
:105230004C49286836F046FA3749286836F042FA71
:10524000A2883449286836F03DFA4749286836F084
:1052500039FAA2793849286836F034FA28683B4987
:10526000BDE8384036F02EBA274D35F089F835F0D4
:1052700088F83E49286836F025FA3749286836F01C
:1052800021FAA2882349286836F01CFA22492868A6
:1052900036F018FAE2881F49286836F013FA2D49CB
:1052A000286836F00FFA22891A49286836F00AFA77
:1052B0001F49286836F006FA62891649286836F0D0
:1052C00001FA2B49286836F0FDF9227B1A49286833
:1052D00036F0F8F91149286836F0F4F9B4F80D20E1
:1052E0000C49286836F0EEF92249286836F0EAF9C8
:1052F000E27B1149286836F0E5F928681349BDE8D2
:10530000384036F0DFB900BF541B002081D00400C4
:105310009BD004003EBC040038D0040067C90400E0
:1053200073C90400B1D00400C2D004008CCD0400C5
:10533000CDD00400DCD00400BFC70400E9D00400D5
:10534000F9D004004ACF040002D1040097C704003A
:105350008CD104004DD104005ED10400D8C80400F3
:10536000B4D10400F8D1040015D2040021D2040005
:1053700079D1040041D20400A84D35F001F835F090
:1053800000F8A749286836F09DF9A649286836F044
:1053900099F9A288A449286836F094F9A3492868A5
:1053A00036F090F9E288A049286836F08BF9A049D8
:1053B000286836F087F922899B49286836F082F9F7
:1053C0009C49286836F07EF962899749286836F04A
:1053D00079F99949286836F075F9E268974928689B
:1053E00036F070F99649286836F06CF9228A8E49B1
:1053F000286836F067F99349286836F063F9A27C8B
:105400009149286836F05EF99049286836F05AF9D3
:10541000E17C04F11400FCF7ABF928688C49BDE885
:10542000384036F04FB97D4D34F0AAFF34F0A9FF73
:105430008849286836F046F97E49286836F042F9EE
:10544000A2887949286836F03DF97849286836F00D
:1054500039F9E2887449286836F034F974492868C3
:1054600036F030F922897049286836F02BF96D49F9
:10547000286836F027F962896B49286836F022F9E6
:105480007549286836F01EF9A2896749286836F000
:1054900019F97249286836F015F9D4F80E206749D1
:1054A000286836F00FF96E49286836F00BF9628AE1
:1054B0005D49286836F006F96149286836F002F936
:1054C000A28A5949286836F0FDF85E49286836F006
:1054D000F9F8A27D5C49286836F0F4F85B49286841
:1054E00036F0F0F8E17D04F11800FCF741F9286886
:1054F0005749BDE8384036F0E5B8484D34F040FF34
:1055000034F03FFF5749286836F0DCF847492868EF
:1055100036F0D8F8A2884449286836F0D3F84449D0
:10552000286836F0CFF8E2883F49286836F0CAF894
:105530004149286836F0C6F8A2684049286836F024
:10554000C1F84049286836F0BDF8227B3E492868FA
:1055500036F0B8F83D49286836F0B4F8617B04F1BC
:105560000E00FCF705F928683949BDE8384036F0E7
:10557000A9B82A4D34F004FF34F003FF3A492868F3
:1055800036F0A0F82949286836F09CF8A288264908
:10559000286836F097F82649286836F093F8E288AC
:1055A0002149286836F08EF83049286836F08AF8A4
:1055B000A2682249286836F085F82249286836F022
:1055C00081F8227B2049286836F07CF81F4928683A
:1055D00036F078F8617B04F10E00FCF7C9F8286812
:1055E0001B49BDE8384036F06DB80C4D34F0C8FEAC
:1055F00034F0C7FE1E49286836F064F81D49286853
:1056000036F060F8A2880849286836F05BF8286808
:105610000F49BDE8384036F055B800BF541B002094
:1056200055D204004DD104003EBC040038D0040023
:1056300073C904005ED1040077D20400DBC7040004
:1056400086D2040013C90400BFC704008ED2040030
:1056500097C704009BD20400CDD00400BED2040042
:10566000CED20400D9D20400FBD204001CD3040023
:10567000A9D30400C6C70400B14D34F081FE34F054
:1056800080FEB049286836F01DF8AF49286836F02A
:1056900019F8A288AD49286836F014F8AC49286892
:1056A00036F010F8E288A949286836F00BF8A949C5
:1056B000286836F007F82289A449286836F002F8ED
:1056C0002868A549BDE8384035F0FCBF9C4C34F053
:1056D00057FE34F056FEA149206835F0F3FF2068EC
:1056E0009D49BDE8384035F0EDBF954D34F048FE9A
:1056F00034F047FE9A49286835F0E4FF9949286854
:1057000035F0E0FFA2889149286835F0DBFF964923
:10571000286835F0D7FFE2888C49286835F0D2FF39
:1057200028688D49BDE8384035F0CCBF844D34F051
:1057300027FE34F026FE8D49286835F0C3FF8949DD
:10574000286835F0BFFFA2888049286835F0BAFF85
:105750008749286835F0B6FFE2887C49286835F02B
:10576000B1FF28687C49BDE8384035F0ABBF744DC7
:1057700034F006FE34F005FE7E49286835F0A2FFBD
:105780007849286835F09EFFA2887049286835F06E
:1057900099FF7749286835F095FFE2886B492868BA
:1057A00035F090FF28686C49BDE8384035F08ABF75
:1057B000634D34F0E5FD34F0E4FD6F49286835F0C1
:1057C00081FF6849286835F07DFFA2885F49286815
:1057D00035F078FF6949286835F074FFE2885B4945
:1057E000286835F06FFF28685B49BDE8384035F020
:1057F00069BF534D34F0C4FD34F0C3FD60492868DF
:1058000035F060FF5749286835F05CFFA2884F49A2
:10581000286835F057FF5949286835F053FFE2886A
:105820004A49286835F04EFF5149286835F04AFF4B
:1058300022894649286835F045FF28684649BDE871
:10584000384035F03FBF3E4D34F09AFD34F099FDBD
:105850004C49286835F036FF4B49286835F032FF4F
:1058600062684A49286835F02DFF28683A49BDE842
:10587000384035F027BF324D34F082FD34F081FDE1
:105880004349286835F01EFF2F49286835F01AFF74
:10589000A2882E49286835F015FF3B49286835F065
:1058A00011FFD4F806203949286835F00BFF286825
:1058B0002949BDE8384035F005BF214D34F060FD81
:1058C00034F05FFD3349286835F0FCFE2E49286826
:1058D00035F0F8FE62682D49286835F0F3FE2E4950
:1058E000286835F0EFFE217A04F10900FBF740FF4C
:1058F00028681949BDE8384035F0E4BE104D34F051
:105900003FFD34F03EFD2549286835F0DBFE0E49A9
:10591000286835F0D7FEA2880C49286835F0D2FEF9
:105920001949286835F0CEFED4F8062017492868B2
:1059300035F0C8FE28680849BDE8384035F0C2BED9
:10594000541B0020D8D30400D8C804003EBC040077
:10595000FFD304000DD4040097C704001BD4040037
:1059600041D404000EC8040061D4040072D40400C1
:105970005CCC04008DD40400ACD40400CFD404006B
:10598000DDD40400FFD404007CCF0400DBC7040096
:1059900023D50400B8D50400D7D50400E8D5040009
:1059A000A04D34F0EDFC34F0ECFC9F49286835F054
:1059B00089FE9E49286835F085FEA2889C492868A2
:1059C00035F080FE9B49286835F07CFED4F806202F
:1059D0009949286835F076FE28689849BDE838402E
:1059E00035F070BE8F4D34F0CBFC34F0CAFC9449D6
:1059F000286835F067FE8F49286835F063FE6268D5
:105A00008D49286835F05EFE8E49286835F05AFECB
:105A1000217A04F10900FBF7ABFE28688749BDE84D
:105A2000384035F04FBE7F4D34F0AAFC34F0A9FC6D
:105A30008549286835F046FE7C49286835F042FEE5
:105A4000A2887B49286835F03DFE7A49286835F000
:105A500039FED4F806207849286835F033FE7B49B2
:105A6000286835F02FFE62897149286835F02AFED2
:105A70007749286835F026FEA2896D49286835F0F7
:105A800021FE7449286835F01DFEA27B7249286802
:105A900035F018FE7149286835F014FEE27B6E4936
:105AA000286835F00FFE6E49286835F00BFE226934
:105AB0006149286835F006FE6A49286835F002FE1B
:105AC000227D6549286835F0FDFD6749286835F075
:105AD000F9FDB4F815205649286835F0F3FD28681B
:105AE0005649BDE8384035F0EDBD4E4D34F048FC28
:105AF00034F047FC5D49286835F0E4FD4D492868DD
:105B000035F0E0FD62684C49286835F0DBFD584906
:105B1000286835F0D7FD217A04F10900FBF728FE4B
:105B200028684649BDE8384035F0CCBD3D4D34F0DD
:105B300027FC34F026FC4F49286835F0C3FD3B496B
:105B4000286835F0BFFDA2883949286835F0BAFDCC
:105B50003849286835F0B6FDD4F80620364928685B
:105B600035F0B0FD28683549BDE8384035F0AABDAC
:105B70002C4D34F005FC34F004FC3F49286835F026
:105B8000A1FD2A49286835F09DFDA288284928688A
:105B900035F098FD2749286835F094FDD4F80620A3
:105BA0002549286835F08EFD3449286835F08AFD8E
:105BB00062891F49286835F085FD3149286835F02C
:105BC00081FDA2891A49286835F07CFD2D49286895
:105BD00035F078FDA27B2049286835F073FD2A490D
:105BE000286835F06FFDE27B1B49286835F06AFDB7
:105BF0001A49286835F066FD227C1749286835F077
:105C000061FD2249286835F05DFDB4F8112008498E
:105C1000286835F057FD28680849BDE8384035F058
:105C200051BD00BF541B00200BD60400D8C804008F
:105C30003EBC04007CCF0400DBC7040097C704000F
:105C40002DD60400D7D5040073D60400C6C70400BF
:105C5000CDD0040097D60400BFC70400A5D6040029
:105C6000ABD60400B7D60400CAD6040007D7040098
:105C700024D7040030D7040051D704009BD004007F
:105C80000EC8040079D7040085D7040092D7040019
:105C90009C4D34F075FB34F074FB9B49286835F05B
:105CA00011FD9A49286835F00DFDA28898492868A9
:105CB00035F008FD9749286835F004FDD4F8062032
:105CC0009549286835F0FEFC9449286835F0FAFCBF
:105CD00062898F49286835F0F5FC9149286835F0CC
:105CE000F1FCA2898A49286835F0ECFC8D492868C6
:105CF00035F0E8FCA27B8C49286835F0E3FC8B4941
:105D0000286835F0DFFCE27B8749286835F0DAFC4B
:105D10008749286835F0D6FC227C8349286835F00D
:105D2000D1FC8449286835F0CDFC627C7E49286826
:105D300035F0C8FC28688049BDE8384035F0C2BC61
:105D4000704D34F01DFB34F01CFB7C49286835F0A5
:105D5000B9FC6E49286835F0B5FCA2886C49286802
:105D600035F0B0FC6B49286835F0ACFCD4F806205F
:105D70006949286835F0A6FC7149286835F0A2FC0D
:105D8000A27A6949286835F09DFC28686A49BDE80F
:105D9000384035F097BC5B4D34F0F2FA34F0F1FA4C
:105DA0006849286835F08EFC5849286835F08AFC27
:105DB000A2885749286835F085FC5649286835F08F
:105DC00081FCD4F806205449286835F07BFC5C49F6
:105DD000286835F077FCA27A5349286835F072FCC0
:105DE00028685549BDE8384035F06CBC454D34F065
:105DF000C7FA34F0C6FA5449286835F063FC4349C1
:105E0000286835F05FFCA2884149286835F05AFCC3
:105E10004049286835F056FCD4F806203E492868E9
:105E200035F050FC4949286835F04CFCA27A3E49CF
:105E3000286835F047FC4649286835F043FCB4F83B
:105E40000B203349286835F03DFC28683A49BDE805
:105E5000384035F037BC2B4D34F092FA34F091FADB
:105E60003C49286835F02EFC2849286835F02AFC82
:105E7000A2882749286835F025FC2649286835F08E
:105E800021FCD4F806202449286835F01BFC2C4955
:105E9000286835F017FCA27A2349286835F012FCEF
:105EA00028682549BDE8384035F00CBC154D34F064
:105EB00067FA34F066FA2849286835F003FC13497C
:105EC000286835F0FFFBA2881149286835F0FAFBF5
:105ED0001049286835F0F6FBD4F806200E492868EA
:105EE00035F0F0FB1649286835F0ECFBA27A0E4934
:105EF000286835F0E7FB28680F49BDE8384035F0E1
:105F0000E1BB00BF541B00209DD70400D8C804008B
:105F10003EBC04007CCF0400DBC70400B1D0040009
:105F20009BD0040085D70400BFC7040079D70400C4
:105F3000C5D70400D0D7040097C70400FCD70400DD
:105F400037C8040022D804006FD804009AD804008F
:105F5000ABD80400C2D80400E5D80400A74D34F043
:105F60000FFA34F00EFAA649286835F0ABFBA549C4
:105F7000286835F0A7FBA288A349286835F0A2FB62
:105F8000A249286835F09EFBD4F80620A04928686D
:105F900035F098FB9F49286835F094FBD4F80A2027
:105FA0009B49286835F08EFB28689B49BDE838403E
:105FB00035F088BB914D34F0E3F934F0E2F99749BC
:105FC000286835F07FFB8F49286835F07BFBA28875
:105FD0008D49286835F076FB8C49286835F072FBCE
:105FE000D4F806208A49286835F06CFB28688A496D
:105FF000BDE8384035F066BB804D34F0C1F934F06F
:10600000C0F98749286835F05DFB7E49286835F07E
:1060100059FBA2887C49286835F054FB7B492868E5
:1060200035F050FBD4F806207949286835F04AFB52
:1060300028687949BDE8384035F044BB6F4D34F0ED
:106040009FF934F09EF97749286835F03BFB764993
:10605000286835F037FBA2886B49286835F032FB99
:106060007249286835F02EFBE2886749286835F0C8
:1060700029FB28686849BDE8384035F023BB5F4DEF
:1060800034F07EF934F07DF96949286835F01AFB5F
:106090006849286835F016FBA2885B49286835F006
:1060A00011FB6549286835F00DFBA2796349286822
:1060B00035F008FB6249286835F004FBE2795F4956
:1060C000286835F0FFFA5F49286835F0FBFA228925
:1060D0004D49286835F0F6FA5B49286835F0F2FA40
:1060E00062894949286835F0EDFA5849286835F041
:1060F000E9FA227B5149286835F0E4FA54492868C6
:1061000035F0E0FA627B4D49286835F0DBFA286803
:106110004149BDE8384035F0D5BA384D34F030F952
:1061200034F02FF94B49286835F0CCFA41492868FA
:1061300035F0C8FAA2883449286835F0C3FA4649D0
:10614000286835F0BFFAE2882F49286835F0BAFA96
:106150004249286835F0B6FA227A3849286835F07D
:10616000B1FA3F49286835F0ADFA627A33492868B8
:1061700035F0A8FA3B49286835F0A4FA04F10A0082
:106180000821FBF7DDFA3849286835F09BFAD4F886
:1061900012201F49286835F095FA3449286835F0EF
:1061A00091FAA27D2549286835F08CFA3049286893
:1061B00035F088FAE17D04F11800FBF7D9FA286878
:1061C0001549BDE8384035F07DBA0C4D34F0D8F8AB
:1061D00034F0D7F82749286835F074FA154928684B
:1061E00035F070FAA2880849286835F06BFA2868FB
:1061F0000949BDE8384035F065BA00BF541B00209E
:1062000032D90400D8C804003EBC04007CCF04008E
:10621000DBC704005CD9040097C704008AD90400D6
:10622000AAD90400CAD90400EED90400F9D904009F
:1062300079DA040038D00400A4DA0400BFC70400EF
:10624000B9DA0400CEDA0400E3DA0400F4DA040078
:106250000FDB040027DB04005ED10400EBCF040059
:106260003BCE04004EDB040058DB040064DB04007A
:1062700075DB04008BDB0400AB4D34F081F834F0A7
:1062800080F8AA49286835F01DFAA949286835F030
:1062900019FAA288A749286835F014FAA64928688F
:1062A00035F010FAE288A349286835F00BFAA349C3
:1062B000286835F007FA227AA149286835F002FAF1
:1062C000A049286835F0FEF9617A04F10A00FBF76D
:1062D0004FFA28689C49BDE8384035F0F3B9924D33
:1062E00034F04EF834F04DF89849286835F0EAF962
:1062F0008F49286835F0E6F9A2888E49286835F07C
:10630000E1F99349286835F0DDF9E2888949286880
:1063100035F0D8F98F49286835F0D4F9A2688E494C
:10632000286835F0CFF928688749BDE8384035F04E
:10633000C9B97D4D34F024F834F023F88749286832
:1063400035F0C0F97A49286835F0BCF9A288794956
:10635000286835F0B7F98249286835F0B3F9D4F8E0
:1063600006207D49286835F0ADF97E49286835F06A
:10637000A9F962896F49286835F0A4F9286872493B
:10638000BDE8384035F09EB9674D33F0F9FF33F082
:10639000F8FF7549286835F095F96549286835F0A2
:1063A00091F9A2886349286835F08CF96249286818
:1063B00035F088F9E2885F49286835F083F961494A
:1063C000286835F07FF9217A04F10900FBF7D0F94C
:1063D00028685D49BDE8384035F074B9524D33F056
:1063E000CFFF33F0CEFF6149286835F06BF9504993
:1063F000286835F067F9A2884E49286835F062F9B7
:1064000028685149BDE8384035F05CB9464D33F055
:10641000B7FF33F0B6FF5649286835F053F94449C1
:10642000286835F04FF9A2884249286835F04AF9C2
:106430005049286835F046F9A2794149286835F075
:1064400041F94D49286835F03DF9E2793C49286821
:1064500035F038F928683C49BDE8384035F032B9A4
:10646000314D33F08DFF33F08CFF4449286835F00F
:1064700029F92F49286835F025F9A2882D4928687F
:1064800035F020F928683049BDE8384035F01AB9B0
:10649000254D33F075FF33F074FF3949286835F026
:1064A00011F92349286835F00DF9A2882149286897
:1064B00035F008F92049286835F004F9E2881D49CB
:1064C000286835F0FFF82F49286835F0FBF8227A64
:1064D0001B49286835F0F6F82B49286835F0F2F8A2
:1064E000627A1749286835F0EDF828681649BDE842
:1064F000384035F0E7B80C4D33F042FF33F041FF40
:106500002249286835F0DEF80949286835F0DAF8BC
:10651000A2880849286835F0D5F828680A49BDE8F6
:10652000384035F0CFB800BF541B0020B3DB040067
:1065300038D004003EBC04005ED10400EBCF040060
:10654000BFC70400D7DB040097C70400E8DB0400E2
:106550000DDC04001CDC0400DBC7040029DC0400A3
:106560004CDC040055DC04005EDC04008ADC040022
:10657000AFDC0400DBDC0400ECDC040000DD040024
:106580001CDD04003ADD040044DD04004CDD0400A1
:106590008F4D33F0F5FE33F0F4FE8E49286835F068
:1065A00091F88D49286835F08DF8A2888B492868C4
:1065B00035F088F88A49286835F084F8E2888749F8
:1065C000286835F07FF88749286835F07BF808217E
:1065D0006018FBF7B5F88449286835F073F822692C
:1065E0008249286835F06EF88149286835F06AF8E4
:1065F000227D8049286835F065F87F49286835F0A4
:1066000061F8627D7B49286835F05CF828687B4931
:10661000BDE8384035F056B86D4D33F0B1FE33F07B
:10662000B0FE7749286835F04DF86B49286835F099
:1066300049F8A2886949286835F044F8684928680B
:1066400035F040F8E2886549286835F03BF86D4937
:10665000286835F037F822896049286835F032F823
:106660006949286835F02EF8D4F80A205F4928686F
:1066700035F028F86549286835F024F8D4F80E205C
:106680005A49286835F01EF86149286835F01AF82B
:10669000A17C04F11300FBF76BF828685749BDE8AB
:1066A000384035F00FB84A4D33F06AFE33F069FEDA
:1066B0005849286835F006F85749286835F002F837
:1066C000A2884649286834F0FDFF4349286834F021
:1066D000F9FFE2884149286834F0F4FF404928680E
:1066E00034F0F0FF22893D49286834F0EBFF4B4934
:1066F000286834F0E7FF62893849286834F0E2FFFF
:106700004749286834F0DEFF227B3A49286834F094
:10671000D9FF4449286834F0D5FFB4F80D202F493B
:10672000286834F0CFFF28683449BDE8384034F099
:10673000C9BF274D33F024FE33F023FE3A492868C1
:1067400034F0C0FF3449286834F0BCFFA2882349E4
:10675000286834F0B7FF2049286834F0B3FFE28896
:106760001E49286834F0AEFF1D49286834F0AAFF9E
:1067700022891A49286834F0A5FF2849286834F08E
:10678000A1FF62891549286834F09CFF24492868D4
:1067900034F098FF227B1749286834F093FF214991
:1067A000286834F08FFFB4F80D200C49286834F0C5
:1067B00089FF1E49286834F085FFE17B04F1100051
:1067C000FAF7D6FF28680D49BDE8384034F07ABFA3
:1067D000541B0020A5DD040038D004003EBC04009A
:1067E0004DD104004EDB040058DB0400DBC704007D
:1067F00064DB0400BFC70400C8DD040097C70400C1
:10680000F4DD04000DDC04000ADE040019DE0400DF
:106810007AC80400C2DE04005ED10400CDD00400BA
:1068200086D20400E1DE0400EFDE040015DF040080
:106830008B4D33F0A5FD33F0A4FD8A49286834F070
:1068400041FF8949286834F03DFFA28887492868BC
:1068500034F038FF8649286834F034FFE2888349F1
:10686000286834F02FFF8349286834F02BFF2289F1
:106870007E49286834F026FF7F49286834F022FFDB
:1068800062897A49286834F01DFF7C49286834F011
:1068900019FF227B7A49286834F014FF7949286867
:1068A00034F010FFB4F80D207049286834F00AFF66
:1068B0007549286834F006FFE17B04F11000FAF70F
:1068C00057FF28687149BDE8384034F0FBBE644D7D
:1068D00033F056FD33F055FD6D49286834F0F2FE73
:1068E0006349286834F0EEFEA2886049286834F0D5
:1068F000E9FE6849286834F0E5FED4F806206649C8
:10690000286834F0DFFE28686049BDE8384034F07C
:10691000D9BE534D33F034FD33F033FD5F49286861
:1069200034F0D0FE5049286834F0CCFEA2884F499C
:10693000286834F0C7FE4E49286834F0C3FEE28868
:106940004A49286834F0BEFE4A49286834F0BAFE45
:1069500022894649286834F0B5FE4749286834F052
:10696000B1FE62894149286834F0ACFE4349286889
:1069700034F0A8FE227B4249286834F0A3FE414946
:10698000286834F09FFEB4F80D203849286834F0A8
:1069900099FE4349286834F095FEE27B384928681F
:1069A00034F090FE3F49286834F08CFE227C344954
:1069B000286834F087FE3C49286834F083FE617C07
:1069C00004F11200FAF7D4FE28683049BDE83840D7
:1069D00034F078BE224D33F0D3FC33F0D2FC33498F
:1069E000286834F06FFE2049286834F06BFEA288D6
:1069F0001E49286834F066FE1D49286834F062FE9E
:106A0000E2881A49286834F05DFE1A49286834F093
:106A100059FE22891549286834F054FE1649286821
:106A200034F050FE62891149286834F04BFE134956
:106A3000286834F047FE227B1149286834F042FE72
:106A40001049286834F03EFEB4F80D200749286844
:106A500034F038FE28680D49BDE8384034F032BEC5
:106A6000541B002022DF04005ED104003EBC040061
:106A700038D004004DD10400CDD0040086D20400EB
:106A8000BFC70400E1DE040015DF040097C704005F
:106A900048DF0400ABD60400DBC7040090DF04002D
:106AA000BDDF0400CEDF0400DDDF0400E6DF04000C
:106AB000874D33F065FC33F064FC8649286834F078
:106AC00001FE8549286834F0FDFDA28883492868C5
:106AD00034F0F8FD8249286834F0F4FDE2887F49FB
:106AE000286834F0EFFD7F49286834F0EBFD2289F7
:106AF0007A49286834F0E6FD7B49286834F0E2FDE5
:106B000062897649286834F0DDFD7849286834F0D8
:106B1000D9FD227B7649286834F0D4FD7549286870
:106B200034F0D0FDB4F80D206C49286834F0CAFD6B
:106B30007149286834F0C6FDB4F80F206749286809
:106B400034F0C0FD6D49286834F0BCFD617C04F16F
:106B50001200FAF70DFE28686949BDE8384034F0A4
:106B6000B1BD5B4D33F00CFC33F00BFC654928687C
:106B700034F0A8FD5A49286834F0A4FDA28857498A
:106B8000286834F09FFD6049286834F09BFDD4F8F4
:106B900006205E49286834F095FD28685849BDE80C
:106BA000384034F08FBD4A4D33F0EAFB33F0E9FB57
:106BB0005749286834F086FD4A49286834F082FD38
:106BC000A2884649286834F07DFD4549286834F09C
:106BD00079FDE2884149286834F074FD3E4928680F
:106BE00034F070FD22893D49286834F06BFD3E4940
:106BF000286834F067FD62893849286834F062FDFE
:106C00003A49286834F05EFD227B3949286834F01F
:106C100059FD4049286834F055FD617B04F10E00B0
:106C2000FAF7A6FD28683649BDE8384034F04ABD79
:106C3000274D33F0A5FB33F0A4FB3749286834F027
:106C400041FD2849286834F03DFDA2882349286881
:106C500034F038FD2249286834F034FDE2881F49B9
:106C6000286834F02FFD1C49286834F02BFD228958
:106C70001A49286834F026FD1B49286834F022FDA3
:106C800062891649286834F01DFD1849286834F0D7
:106C900019FD227B1649286834F014FD154928682F
:106CA00034F010FDB4F80D200C49286834F00AFDCA
:106CB0001A49286834F006FDE17B04F11000FAF768
:106CC00057FD28680E49BDE8384034F0FBBC00BFD2
:106CD000541B00204EE004005ED104003EBC0400C2
:106CE00038D004004DD10400CDD0040086D2040079
:106CF000BFC70400E1DE040041E004007BE00400C3
:106D000097C7040087E00400ABD60400DBC704008B
:106D1000A8E00400CDE00400DBE00400DDDF0400B7
:106D2000AE4D33F02DFB33F02CFBAD49286834F029
:106D3000C9FCAC49286834F0C5FCA288AA49286877
:106D400034F0C0FCA949286834F0BCFCE288A649AC
:106D5000286834F0B7FCA649286834F0B3FC2289CF
:106D6000A149286834F0AEFCA249286834F0AAFC96
:106D700062899D49286834F0A5FC9F49286834F051
:106D8000A1FC227B9D49286834F09CFC9C49286822
:106D900034F098FCB4F80D209349286834F092FC44
:106DA0009849286834F08EFCB4F80F208E49286882
:106DB00034F088FC9449286834F084FC617C04F148
:106DC0001200FAF7D5FC28689049BDE8384034F045
:106DD00079BC824D33F0D4FA33F0D3FA8C49286869
:106DE00034F070FC7F49286834F06CFCA2887E493E
:106DF000286834F067FC7D49286834F063FCE28839
:106E00007949286834F05EFC7949286834F05AFCE6
:106E100022897549286834F055FC7649286834F091
:106E200051FC62897049286834F04CFC724928682A
:106E300034F048FC227B7149286834F043FC7549E2
:106E4000286834F03FFC617B04F10E00FAF790FCF7
:106E500028686E49BDE8384034F034BC5F4D33F0EB
:106E60008FFA33F08EFA6C49286834F02BFC5D49B8
:106E7000286834F027FCA2885B49286834F022FC9B
:106E80005A49286834F01EFCE2885749286834F0D3
:106E900019FC5749286834F015FC228952492868A2
:106EA00034F010FC5349286834F00CFC62894E49D8
:106EB000286834F007FC5049286834F003FC227B32
:106EC0004E49286834F0FEFB4D49286834F0FAFB3F
:106ED000B4F80D204449286834F0F4FB4D49286883
:106EE00034F0F0FBE17B04F11000FAF741FC286874
:106EF0004649BDE8384034F0E5BB384D33F040FA40
:106F000033F03FFA4549286834F0DCFB35492868FE
:106F100034F0D8FBA2883449286834F0D3FB3349D5
:106F2000286834F0CFFBE2882F49286834F0CAFB88
:106F30002F49286834F0C6FB22892B49286834F091
:106F4000C1FB2C49286834F0BDFB628926492868BA
:106F500034F0B8FB2849286834F0B4FB227B274979
:106F6000286834F0AFFB2649286834F0ABFBB4F84E
:106F70000D201D49286834F0A5FB2649286834F007
:106F8000A1FBE17B04F11000FAF7F2FB28681F492E
:106F9000BDE8384034F096BB104D33F0F1F933F0D2
:106FA000F0F91F49286834F08DFB1049286834F047
:106FB00089FBA2880C49286834F084FB19492868A9
:106FC00034F080FBD4F806201749286834F07AFBA7
:106FD00028680E49BDE8384034F074BB541B0020CB
:106FE0002EE104004DD104003EBC040038D0040062
:106FF0005ED10400CDD0040086D20400BFC70400D7
:10700000E1DE040041E004007BE0040097C70400D7
:1070100050E104006AE1040078E1040099E1040011
:10702000BAE10400ABD60400DBC70400A84D33F07E
:10703000A7F933F0A6F9A749286834F043FBA6491D
:10704000286834F03FFBA288A449286834F03AFB52
:10705000A349286834F036FBE288A049286834F058
:1070600031FBA049286834F02DFB227A9E4928681C
:1070700034F028FB9D49286834F024FB627A9A4951
:10708000286834F01FFB9A49286834F01BFBA17A6A
:1070900004F10B00FAF76CFB28689649BDE838400C
:1070A00034F010BB8A4D33F06BF933F06AF9924932
:1070B000286834F007FB8849286834F003FBA2886D
:1070C0008649286834F0FEFA8549286834F0FAFACF
:1070D000E2888249286834F0F5FA8849286834F053
:1070E000F1FA227A8049286834F0ECFA8449286859
:1070F00034F0E8FA627A7C49286834F0E3FA81498E
:10710000286834F0DFFAA27A7749286834F0DAFA8E
:107110007D49286834F0D6FAB4F80B206F49286806
:1071200034F0D0FA7949286834F0CCFA627B6E49A1
:10713000286834F0C7FA7649286834F0C3FA04F1B5
:107140000E000821FAF7FCFA7249286834F0BAFAFE
:10715000A27D6549286834F0B5FA28686549BDE81C
:10716000384034F0AFBA5A4D33F00AF933F009F928
:107170006949286834F0A6FA5749286834F0A2FA19
:10718000A2885649286834F09DFA5549286834F099
:1071900099FAE2885149286834F094FA57492868E6
:1071A00034F090FA227A5049286834F08BFA554925
:1071B000286834F087FA627A4B49286834F082FAFA
:1071C0005449286834F07EFAA27A4749286834F096
:1071D00079FA28684749BDE8384034F073BA3C4D25
:1071E00033F0CEF833F0CDF84C49286834F06AFA21
:1071F0004B49286834F066FAA2883849286834F088
:1072000061FA3549286834F05DFAE2883349286824
:1072100034F058FA3249286834F054FA22892F4958
:10722000286834F04FFA3F49286834F04BFA6289F5
:107230002A49286834F046FA3B49286834F042FA73
:10724000227B2949286834F03DFA28682949BDE89D
:10725000384034F037BA1E4D33F092F833F091F8DD
:107260003249286834F02EFA2D49286834F02AFA79
:10727000A2881A49286834F025FA1749286834F09A
:1072800021FAE2881549286834F01CFA1449286864
:1072900034F018FA22891149286834F013FA214988
:1072A000286834F00FFA62890C49286834F00AFA29
:1072B0001F49286834F006FA227B0B49286834F00D
:1072C00001FA28680B49BDE8384034F0FBB900BF2B
:1072D000541B0020D5E1040038D004003EBC04005B
:1072E0005ED104001AC90400BFC70400B6CF040071
:1072F00004E2040097C704004DE20400EBCF040051
:107300003BCE040071E204008AE20400A0E2040023
:107310004EDB0400B2E20400BDE20400E3E204003C
:107320009BD00400CDD00400FEE2040012E3040070
:107330002BE30400AC4D33F023F833F022F8AB49D3
:10734000286834F0BFF9AA49286834F0BBF9A2884C
:10735000A849286834F0B6F9A749286834F0B2F98A
:10736000E288A449286834F0ADF9A449286834F0CB
:10737000A9F922899F49286834F0A4F9A04928680E
:1073800034F0A0F962899B49286834F09BF99D4943
:10739000286834F097F9227B9B49286834F092F9E9
:1073A0009A49286834F08EF9627B9749286834F04E
:1073B00089F99749286834F085F9D4F80E20954961
:1073C000286834F07FF928689349BDE8384034F0E4
:1073D00079B9854D32F0D4FF32F0D3FF8F49286858
:1073E00034F070F98249286834F06CF9A288814938
:1073F000286834F067F98049286834F063F9E28836
:107400007C49286834F05EF98549286834F05AF9D7
:1074100022897849286834F055F97949286834F088
:1074200051F962897349286834F04CF97D4928681C
:1074300034F048F9227B7449286834F043F928680D
:107440007549BDE8384034F03DB9674D32F098FFDA
:1074500032F097FF7449286834F034F96449286899
:1074600034F030F9A2886349286834F02BF9624976
:10747000286834F027F9E2885E49286834F022F958
:107480006A49286834F01EF922895A49286834F07C
:1074900019F95B49286834F015F96289554928685B
:1074A00034F010F96249286834F00CF9227B56490F
:1074B000286834F007F95F49286834F003F9D4F8F4
:1074C0000D205449286834F0FDF828685249BDE879
:1074D000384034F0F7B8444D32F052FF32F051FFEB
:1074E0005549286834F0EEF84149286834F0EAF844
:1074F000A2884049286834F0E5F83F49286834F00C
:10750000E1F8E2883B49286834F0DCF8474928680C
:1075100034F0D8F822893749286834F0D3F838494C
:10752000286834F0CFF862893249286834F0CAF804
:107530004249286834F0C6F8227B3349286834F081
:10754000C1F828683449BDE8384034F0BBB8264D4E
:1075500032F016FF32F015FF3949286834F0B2F8DE
:107560002549286834F0AEF8A2882249286834F00A
:10757000A9F83449286834F0A5F8E2881D4928683C
:1075800034F0A0F828682449BDE8384034F09AB8AF
:10759000154D32F0F5FE32F0F4FE2B49286834F038
:1075A00091F81549286834F08DF8A28811492868A7
:1075B00034F088F82549286834F084F8A279124913
:1075C000286834F07FF82249286834F07BF8D4F832
:1075D00007201049286834F075F828680E49BDE87E
:1075E000384034F06FB800BF541B00203DE3040066
:1075F0009BD004003EBC040038D004005ED10400DF
:10760000CDD004005FE30400BFC7040075E30400AD
:107610008AE30400DBC7040097C7040009E4040000
:107620004DD1040023E404002EE40400B1D0040092
:1076300051E404005FE4040075E4040096E40400EF
:10764000EBE4040010E5040026E50400DEC90400B4
:1076500043E50400AE4D32F093FE32F092FEAD49A8
:10766000286834F02FF8AC49286834F02BF8A28849
:10767000AA49286834F026F8A949286834F022F885
:10768000E288A649286834F01DF8A649286834F035
:1076900019F82289A149286834F014F82868A24909
:1076A000BDE8384034F00EB8994D32F069FE32F042
:1076B00068FE9E49286834F005F89D49286834F032
:1076C00001F8A2889549286833F0FCFF92492868A0
:1076D00033F0F8FFE2889149286833F0F3FF9549C9
:1076E000286833F0EFFF22898C49286833F0EAFFDD
:1076F0009149286833F0E6FF62898849286833F0A9
:10770000E1FF8E49286833F0DDFFA28983492868AC
:1077100033F0D8FF8A49286833F0D4FFA17B04F105
:107720000F00FAF725F828687F49BDE8384033F0A4
:10773000C9BF774D32F024FE32F023FE814928681C
:1077400033F0C0FF7A49286833F0BCFFA288734940
:10775000286833F0B7FF7049286833F0B3FFE28838
:107760006E49286833F0AEFF7749286833F0AAFFE6
:1077700022896A49286833F0A5FF6F49286833F0E9
:10778000A1FF62896549286833F09CFF6F4928682A
:1077900033F098FF227B6E49286833F093FF6D49E0
:1077A000286833F08FFFB4F80D205C49286833F067
:1077B00089FF6949286833F085FFB4F80F205749DD
:1077C000286833F07FFF6549286833F07BFFD4F8E1
:1077D00011206349286833F075FF28685249BDE8D5
:1077E000384033F06FBF4A4D32F0CAFD32F0C9FD68
:1077F0005C49286833F066FF4D49286833F062FF22
:10780000A2884649286833F05DFF4349286833F071
:1078100059FFE2884149286833F054FF4A492868F3
:1078200033F050FF22893D49286833F04BFF42492D
:10783000286833F047FF62893849286833F042FFEF
:107840004249286833F03EFF227B4149286833F0E3
:1078500039FF4049286833F035FFB4F80D202F492F
:10786000286833F02FFF4049286833F02BFFE17B75
:1078700004F11000F9F77CFF28682B49BDE8384077
:1078800033F020BF224D32F07BFD32F07AFD3749D4
:10789000286833F017FF2649286833F013FFA288C1
:1078A0001E49286833F00EFF1B49286833F00AFF91
:1078B000E2881A49286833F005FF2D49286833F01B
:1078C00001FF22891549286833F0FCFE1949286810
:1078D00033F0F8FE62891149286833F0F3FE164947
:1078E000286833F0EFFEA2890C49286833F0EAFEDD
:1078F0002049286833F0E6FED4F80E20184928689D
:1079000033F0E0FE28680849BDE8384033F0DABEBD
:10791000541B002055E5040038D004003EBC040090
:1079200079E504007DE5040097C7040081E50400C3
:107930009BD004004DD10400CDD00400E1DE040052
:10794000BDE30400A3E504005ED10400EBCF040016
:10795000BFC70400BCE50400CCE504008AE30400D2
:10796000DBC70400DBE50400FDE504003BE60400A2
:1079700054E604001CD304007B4D32F001FD32F0CC
:1079800000FD7A49286833F09DFE7949286833F074
:1079900099FEA2887749286833F094FE76492868D2
:1079A00033F090FED4F806207449286833F08AFE3C
:1079B00028687349BDE8384033F084BE6A4D32F020
:1079C000DFFC32F0DEFC6F49286833F07BFE6E4945
:1079D000286833F077FEA2886649286833F072FE83
:1079E0006349286833F06EFEE2886249286833F004
:1079F00069FE6649286833F065FE22895D4928687A
:107A000033F060FE6249286833F05CFE62895949B0
:107A1000286833F057FE5F49286833F053FEA28987
:107A20005449286833F04EFE28685549BDE838406F
:107A300033F048BE4C4D32F0A3FC32F0A2FC564964
:107A4000286833F03FFE5049286833F03BFEA28897
:107A50004849286833F036FE4549286833F032FE3D
:107A6000E2884449286833F02DFE4849286833F0FD
:107A700029FE22893F49286833F024FE44492868BA
:107A800033F020FE62893B49286833F01BFE4149F0
:107A9000286833F017FEA2893649286833F012FEB1
:107AA00028683749BDE8384033F00CBE2E4D32F01F
:107AB00067FC32F066FC3949286833F003FE2C4934
:107AC000286833F0FFFDA2882A49286833F0FAFDC0
:107AD0002949286833F0F6FDD4F80620274928689C
:107AE00033F0F0FD28682649BDE8384033F0EABDA0
:107AF0001D4D32F045FC32F044FC2949286833F032
:107B0000E1FD2349286833F0DDFDA2881949286882
:107B100033F0D8FD1649286833F0D4FDE2881549C2
:107B2000286833F0CFFD1F49286833F0CBFD228948
:107B30001049286833F0C6FD1649286833F0C2FDA5
:107B400062890C49286833F0BDFD1749286833F075
:107B5000B9FDA2890749286833F0B4FD28680849AF
:107B6000BDE8384033F0AEBD541B002065E604008C
:107B700038D004003EBC0400ABD60400DBC70400D0
:107B800097C70400A9E604009BD00400C7E60400E0
:107B90004DD10400CDD00400D2E60400F1E604008B
:107BA00011E704005ED104002EE70400984D32F086
:107BB000E7FB32F0E6FB9749286833F083FD9649EE
:107BC000286833F07FFDA2889449286833F07AFD55
:107BD0009349286833F076FDE2889049286833F0AD
:107BE00071FD9049286833F06DFD22898B49286822
:107BF00033F068FD8C49286833F064FD6289874959
:107C0000286833F05FFD8949286833F05BFD227BEB
:107C10008749286833F056FD8649286833F052FDBD
:107C2000627B8349286833F04DFD8349286833F02F
:107C300049FDE2897949286833F044FD7F49286885
:107C400033F040FD227C7A49286833F03BFD7C49C3
:107C5000286833F037FD627C7549286833F032FDBF
:107C60007849286833F02EFDA27C7149286833F0EA
:107C700029FD7549286833F025FDE27C6C492868A8
:107C800033F020FD7149286833F01CFD227D6849DE
:107C9000286833F017FD6E49286833F013FD627DC4
:107CA0006349286833F00EFD6A49286833F00AFDFD
:107CB000D4F816206849286833F004FD674928681D
:107CC00033F000FD628B5549286833F0FBFC2868CF
:107CD0006349BDE8384033F0F5BC4D4D32F050FB00
:107CE00032F04FFB5F49286833F0ECFC4C492868C0
:107CF00033F0E8FCA2884949286833F0E3FC554991
:107D0000286833F0DFFCD4F806205349286833F0A4
:107D1000D9FC5249286833F0D5FC62893F4928686C
:107D200033F0D0FC28684E49BDE8384033F0CABC77
:107D3000374D32F025FB32F024FB4B49286833F0F5
:107D4000C1FC3749286833F0BDFCA2883349286854
:107D500033F0B8FC3549286833F0B4FCA2793449D3
:107D6000286833F0AFFC3A49286833F0ABFCE2797D
:107D70002F49286833F0A6FC3649286833F0A2FC66
:107D8000A2683549286833F09DFC3449286833F0EF
:107D900099FCA2892149286833F094FC286830496D
:107DA000BDE8384033F08EBC194D32F0E9FA32F0BC
:107DB000E8FA2E49286833F085FC1949286833F021
:107DC00081FCA2881549286833F07CFC1249286898
:107DD00033F078FCE2881149286833F073FC2449B9
:107DE000286833F06FFC227A1149286833F06AFC66
:107DF0002049286833F066FC617A04F10A00F9F73B
:107E0000B7FC28681649BDE8384033F05BBC00BFBA
:107E1000541B00203AE704004DD104003EBC04008E
:107E200038D004005ED10400CDD004001AC904008B
:107E3000BFC704005EE7040065E704006DE70400C7
:107E400073E704007AE7040083E704008CE704008A
:107E50009AE704001CD30400DBC70400A3E7040076
:107E600097C70400D7E70400FBE7040022E80400FA
:107E7000B2E204004EE80400A94D32F081FA32F07B
:107E800080FAA849286833F01DFCA749286833F018
:107E900019FCA288A549286833F014FCA449286875
:107EA00033F010FCE288A149286833F00BFCA149AB
:107EB000286833F007FC08216018F9F741FC9E4957
:107EC000286833F0FFFB227C9C49286833F0FAFBDA
:107ED0009B49286833F0F6FB617C04F11200F9F746
:107EE00047FC28689749BDE8384033F0EBBB8C4D20
:107EF00032F046FA32F045FA9349286833F0E2FB53
:107F00008949286833F0DEFBA2888849286833F065
:107F1000D9FB28688B49BDE8384033F0D3BB804D8E
:107F200032F02EFA32F02DFA8849286833F0CAFB75
:107F30007D49286833F0C6FBA2887C49286833F065
:107F4000C1FB7B49286833F0BDFBE288774928688C
:107F500033F0B8FB28687B49BDE8384033F0B2BB4A
:107F60006F4D32F00DFA32F00CFA7949286833F08F
:107F7000A9FB6D49286833F0A5FBA2886B492868E6
:107F800033F0A0FB6A49286833F09CFBE28867491C
:107F9000286833F097FB28686A49BDE8384033F019
:107FA00091BB5F4D32F0ECF932F0EBF9694928688A
:107FB00033F088FB5C49286833F084FBA2885B4976
:107FC000286833F07FFB5A49286833F07BFBE2884E
:107FD0005649286833F076FB5749286833F072FB1E
:107FE000227A5649286833F06DFB5B49286833F0E4
:107FF00069FBB4F809204D49286833F063FB286811
:108000005049BDE8384033F05DBB454D32F0B8F91A
:1080100032F0B7F95149286833F054FB42492868D7
:1080200033F050FBA2884149286833F04BFB4C49A0
:10803000286833F047FBB4F906204A49286833F032
:1080400041FB4949286833F03DFBB4F90820454914
:10805000286833F037FB4549286833F033FB04F1D7
:108060000A000821F9F76CFB28683649BDE838405A
:1080700033F028BB2A4D32F083F932F082F93C49C3
:10808000286833F01FFB2849286833F01BFBA288BF
:108090002649286833F016FB3649286833F012FB6E
:1080A000D4F806203449286833F00CFB334928689B
:1080B00033F008FBD4F80A202F49286833F002FB7C
:1080C0002F49286833F0FEFA04F10E000821F9F771
:1080D00037FB28681B49BDE8384033F0F3BA104D30
:1080E00032F04EF932F04DF92649286833F0EAFAB9
:1080F0000D49286833F0E6FAA2880C49286833F065
:10810000E1FA2149286833F0DDFAA2790B492868A1
:1081100033F0D8FA28680B49BDE8384033F0D2BABA
:10812000541B002059E8040038D004003EBC040071
:108130004DD104004EDB0400B2E20400BFC70400CE
:108140004EE8040097C7040080E80400A4E8040097
:10815000C0E80400E7E8040019E90400A7E9040006
:10816000D1E904008CCD0400ECE9040003EA04002A
:1081700018EA04003FEA040090E9040057EA04000A
:108180006BEA040081EA0400A4EA0400B24D32F074
:10819000F7F832F0F6F8B149286833F093FAB049AD
:1081A000286833F08FFAA288AE49286833F08AFA3B
:1081B000AD49286833F086FAE288AA49286833F086
:1081C00081FAAA49286833F07DFA2289A5492868EE
:1081D00033F078FAA649286833F074FA6289A14925
:1081E000286833F06FFAA349286833F06BFA04F17A
:1081F0000C000821F9F7A4FA9F49286833F062FAC5
:10820000227D9E49286833F05DFA9D49286833F045
:1082100059FA627D9949286833F054FA99492868D7
:1082200033F050FAA27D9549286833F04BFA96490D
:10823000286833F047FAD4F817209449286833F0B7
:1082400041FA9349286833F03DFAB4F91B2091496B
:10825000286833F037FA28688F49BDE8384033F092
:1082600031BA7D4D32F08CF832F08BF88B492868AA
:1082700033F028FA7A49286833F024FAA288794939
:10828000286833F01FFA7849286833F01BFAE2882F
:108290007449286833F016FA7449286833F012FAE2
:1082A00022897049286833F00DFA7149286833F043
:1082B00009FA62896B49286833F004FA784928681A
:1082C00033F000FAB4F90C207249286833F0FAF957
:1082D0007449286833F0F6F9B4F90E206D4928681E
:1082E00033F0F0F97049286833F0ECF904F110002C
:1082F0000821F9F725FA28686749BDE8384033F0C6
:10830000E1B9554D32F03CF832F03BF86749286846
:1083100033F0D8F95249286833F0D4F9A28851498A
:10832000286833F0CFF95049286833F0CBF9E28858
:108330004C49286833F0C6F94C49286833F0C2F933
:1083400022894849286833F0BDF94949286833F043
:10835000B9F962894349286833F0B4F95449286867
:1083600033F0B0F9E2684949286833F0ABF9514974
:10837000286833F0A7F922694449286833F0A2F944
:108380004D49286833F09EF904F114000821F9F7EB
:10839000D7F928684049BDE8384033F093B92E4DED
:1083A00031F0EEFF31F0EDFF4449286833F08AF9EF
:1083B0002D49286833F086F9A2882A49286833F0C5
:1083C00081F92749286833F07DF9E2882549286832
:1083D00033F078F93A49286833F074F92289214951
:1083E000286833F06FF93749286833F06BF96289F0
:1083F0001C49286833F066F93349286833F062F97C
:10840000217B04F10D00F9F7B3F928682249BDE892
:10841000384033F057B9104D31F0B2FF31F0B1FFB1
:108420002A49286833F04EF90F49286833F04AF991
:10843000A2880C49286833F045F90949286833F0C7
:1084400041F9E2880749286833F03CF92868124965
:10845000BDE8384033F036B9541B0020B0EA0400C0
:108460004DD104003EBC040038D004005ED10400AD
:10847000CDD0040047E9040055E90400BFC704005B
:1084800061E904006FE9040080E9040090E9040058
:1084900094E904008CCD040097C70400CDEA0400E1
:1084A000D1E90400ECE9040003EA0400EFEA040067
:1084B0003FEA040057EA04006BEA040037EB0400CB
:1084C00057EB040065EB040077EB040085EB040038
:1084D000A04D31F055FF31F054FF9F49286833F02B
:1084E000F1F89E49286833F0EDF8A2889C49286885
:1084F00033F0E8F89B49286833F0E4F8E2889849BB
:10850000286833F0DFF828689749BDE8384033F031
:10851000D9B8904D31F034FF31F033FF93492868DA
:1085200033F0D0F88D49286833F0CCF8A2888C4914
:10853000286833F0C7F88B49286833F0C3F8E2881D
:108540008749286833F0BEF828688749BDE8384075
:1085500033F0B8B87F4D31F013FF31F012FF84498A
:10856000286833F0AFF87D49286833F0ABF8A2886B
:108570007B49286833F0A6F87A49286833F0A2F8D6
:10858000E2887749286833F09DF87A49286833F003
:1085900099F8217A04F10900F9F7EAF82868724994
:1085A000BDE8384033F08EB86A4D31F0E9FE31F065
:1085B000E8FE7149286833F085F86849286833F087
:1085C00081F8A2886649286833F07CF865492868F4
:1085D00033F078F8E2886249286833F073F8286845
:1085E0006149BDE8384033F06DB85A4D31F0C8FEEE
:1085F00031F0C7FE6149286833F064F857492868AC
:1086000033F060F8A2885649286833F05BF85C497B
:10861000286833F057F8A2795A49286833F052F89D
:108620005949286833F04EF8B4F807204C492868B7
:1086300033F048F828684C49BDE8384033F042B878
:10864000444D31F09DFE31F09CFE5049286833F0D6
:1086500039F84249286833F035F8A288404928683B
:1086600033F030F84A49286833F02CF8E2883C4966
:10867000286833F027F84749286833F023F8227A2E
:108680004049286833F01EF84349286833F01AF847
:10869000627A3C49286833F015F84049286833F07D
:1086A00011F8A27A3749286833F00CF83C49286859
:1086B00033F008F8E27A3349286833F003F839498F
:1086C000286832F0FFFF227B2E49286832F0FAFF3B
:1086D00028682549BDE8384032F0F4BF1D4D31F01F
:1086E0004FFE31F04EFE3049286832F0EBFF1B4957
:1086F000286832F0E7FFA2881949286832F0E2FFC3
:108700001849286832F0DEFFE2881549286832F0FF
:10871000D9FF2649286832F0D5FFA2682449286885
:1087200032F0D0FF2349286832F0CCFF04F10C006E
:108730000821F9F705F82049286832F0C3FF217DA8
:1087400004F11500F9F714F828680749BDE8384026
:1087500032F0B8BF541B00200FEC040038D00400E6
:108760003EBC04004DD1040097C704002FEC040068
:1087700058EC04004EE80400B5EC0400D7EC04000B
:10878000DEC90400BFC70400FEEC040011ED0400C4
:10879000C6C7040031ED040040ED040050ED0400B4
:1087A0005DED0400B2E2040095ED0400A7EC0400C6
:1087B000DBC704004EDB0400AEEC0400984D31F042
:1087C000DFFD31F0DEFD9749286832F07BFF9649E6
:1087D000286832F077FFA2889449286832F072FF47
:1087E0009349286832F06EFFE2889049286832F099
:1087F00069FF9049286832F065FFA2688E492868B1
:1088000032F060FF8D49286832F05CFF04F10C0003
:108810000821F8F795FF8A49286832F053FF217D37
:1088200004F11500F8F7A4FF28688649BDE8384030
:1088300032F048BF7A4D31F0A3FD31F0A2FD8249FC
:10884000286832F03FFF7849286832F03BFFA28861
:108850007649286832F036FF7549286832F032FFD1
:10886000E2887249286832F02DFF7849286832F092
:1088700029FF217A04F10900F8F77AFF2868714985
:10888000BDE8384032F01EBF654D31F079FD31F062
:1088900078FD6F49286832F015FF6349286832F087
:1088A00011FFA2886149286832F00CFF60492868EE
:1088B00032F008FFE2885D49286832F003FF604922
:1088C000286832F0FFFE217A04F10900F8F750FF22
:1088D00028685C49BDE8384032F0F4BE504D31F0B4
:1088E0004FFD31F04EFD5B49286832F0EBFE4E49FA
:1088F000286832F0E7FEA2884C49286832F0E2FE90
:108900004B49286832F0DEFEE2884849286832F098
:10891000D9FE28684B49BDE8384032F0D3BE404DFF
:1089200031F02EFD31F02DFD4B49286832F0CAFEA2
:108930003D49286832F0C6FEA2883C49286832F0DA
:10894000C1FE3B49286832F0BDFEE28837492868FD
:1089500032F0B8FE28683B49BDE8384032F0B2BE7C
:108960002F4D31F00DFD31F00CFD3C49286832F0FF
:10897000A9FE2D49286832F0A5FEA2882B49286857
:1089800032F0A0FE2A49286832F09CFEE28827498E
:10899000286832F097FE3249286832F093FE228927
:1089A0002249286832F08EFE2E49286832F08AFE6D
:1089B00062891E49286832F085FE2B49286832F00A
:1089C00081FEA2891949286832F07CFE274928686F
:1089D00032F078FEE2891549286832F073FE2449A6
:1089E000286832F06FFE228A1049286832F06AFE49
:1089F0002049286832F066FE628A0C49286832F005
:108A000061FE1D49286832F05DFEA28A0749286888
:108A100032F058FE28680B49BDE8384032F052BEAB
:108A2000541B0020B9ED040038D004003EBC040003
:108A30004DD10400A7EC0400DBC704004EDB0400AA
:108A4000AEEC040097C70400DBED040004EE040064
:108A500033EE040055EE04007BEE04009CEE0400AF
:108A6000CAEB0400BBEE0400A5D60400C7EE040068
:108A7000B2E2040000EC0400C8DD04008E4D31F0C9
:108A80007FFC31F07EFC8D49286832F01BFE8C495A
:108A9000286832F017FEA2888A49286832F012FE50
:108AA0008949286832F00EFEE2888649286832F04B
:108AB00009FE8649286832F005FE22898149286826
:108AC00032F000FE8249286832F0FCFD62897D495F
:108AD000286832F0F7FD7F49286832F0F3FDA2895B
:108AE0007849286832F0EEFD28687B49BDE83840B7
:108AF00032F0E8BD704D31F043FC31F042FC774973
:108B0000286832F0DFFD6E49286832F0DBFDA2886C
:108B10006C49286832F0D6FD6B49286832F0D2FDE6
:108B2000E2886849286832F0CDFD6D49286832F046
:108B3000C9FD22896349286832F0C4FD6949286863
:108B400032F0C0FD62895F49286832F0BBFD66499A
:108B5000286832F0B7FDE2686449286832F0B2FD57
:108B60006349286832F0AEFD22696049286832F016
:108B7000A9FD6049286832F0A5FD62695B49286853
:108B800032F0A0FD5C49286832F09CFD227E5B49F2
:108B9000286832F097FD5A49286832F093FD617ECB
:108BA00004F11A00F8F7E4FD28684B49BDE83840A5
:108BB00032F088BD404D31F0E3FB31F0E2FB51492A
:108BC000286832F07FFD3E49286832F07BFDA2889C
:108BD0003C49286832F076FD3B49286832F072FD46
:108BE000E2883849286832F06DFD4749286832F03C
:108BF00069FD227A4149286832F064FD43492868BA
:108C000032F060FDB4F809202E49286832F05AFD90
:108C10003F49286832F056FDB4F80B2029492868EE
:108C200032F050FD3B49286832F04CFD617B04F185
:108C30000E00F8F79DFD28682749BDE8384032F05E
:108C400041BD1D4D31F09CFB31F09BFB3249286842
:108C500032F038FD1A49286832F034FDA2881949EB
:108C6000286832F02FFD1849286832F02BFDE28881
:108C70001449286832F026FD2849286832F022FD80
:108C800008216018F8F75CFD2549286832F01AFDC4
:108C900022691649286832F015FD1E49286832F00D
:108CA00011FD217D04F11500F8F762FD28680A49DD
:108CB000BDE8384032F006BD541B002043EF0400ED
:108CC00038D004003EBC04005ED104006AEF04000A
:108CD00078EF0400FCEE040097C7040087EF04005F
:108CE000AFEF0400C5EF0400D8EF0400DBC70400B9
:108CF000E6EF0400F9EF040012F00400BFC704001F
:108D000022F004007FF00400EBCF04009DF004008B
:108D10001AC90400AEEC0400ABF004004EDB040002
:108D200058DB0400A94D31F02BFB31F02AFBA84998
:108D3000286832F0C7FCA749286832F0C3FCA28833
:108D4000A549286832F0BEFCA449286832F0BAFC74
:108D5000E288A149286832F0B5FCA149286832F0C0
:108D6000B1FC227A9F49286832F0ACFC9E49286801
:108D700032F0A8FC627A9B49286832F0A3FC9B4938
:108D8000286832F09FFCA27A9649286832F09AFC53
:108D90009749286832F096FC04F10B000821F8F797
:108DA000CFFC9449286832F08DFCD4F81320924906
:108DB000286832F087FC9149286832F083FCE17D15
:108DC00004F11800F8F7D4FC28688D49BDE8384054
:108DD00032F078BC7D4D31F0D3FA31F0D2FA8949C6
:108DE000286832F06FFC8849286832F06BFCA28852
:108DF0007949286832F066FC8449286832F062FCC0
:108E0000E2887549286832F05DFC8149286832F0B3
:108E100059FC227A7349286832F054FC7D4928684D
:108E200032F050FC627A6F49286832F04BFC2868B7
:108E30007349BDE8384032F045BC644D31F0A0FACA
:108E400031F09FFA7449286832F03CFC6E4928687A
:108E500032F038FCA2886049286832F033FC6B4954
:108E6000286832F02FFCE2885B49286832F02AFC3F
:108E70006A49286832F026FC227A5A49286832F07A
:108E800021FC6749286832F01DFC627A5549286840
:108E900032F018FC6349286832F014FCA27A514978
:108EA000286832F00FFC6049286832F00BFCE27A47
:108EB0004C49286832F006FC28685149BDE8384022
:108EC00032F000BC414D31F05BFA31F05AFA5749AB
:108ED000286832F0F7FB4D49286832F0F3FBA2888E
:108EE0003D49286832F0EEFB5149286832F0EAFB30
:108EF00094F906204F49286832F0E4FB4E4928686F
:108F000032F0E0FBE01D1021F8F71AFC4B4928680D
:108F100032F0D8FBB4F817202F49286832F0D2FB82
:108F20004749286832F0CEFBD4F819203249286826
:108F300032F0C8FB28683249BDE8384032F0C2BB85
:108F4000224D31F01DFA31F01CFA3E49286832F00A
:108F5000B9FB2D49286832F0B5FBA2881E49286864
:108F600032F0B0FB2949286832F0ACFBE2881A499C
:108F7000286832F0A7FB2949286832F0A3FB227A3F
:108F80001849286832F09EFB2B49286832F09AFB7A
:108F900004F109001021F8F7D3FB2849286832F0C2
:108FA00091FBB4F819200C49286832F08BFB264954
:108FB000286832F087FBE17E04F11C00F8F7D8FB4B
:108FC00028680F49BDE8384032F07CBB541B0020B4
:108FD000CFF0040038D004003EBC04005ED1040091
:108FE000F1F00400BFC70400FFF004005DED0400D1
:108FF0004EDB040058DB0400DBC70400AEEC0400C9
:1090000097C7040012F10400D8C80400E2CF04009E
:1090100044F1040050F1040059F10400EBCF0400C6
:10902000DEC9040085F1040093F10400A1F10400FD
:1090300085CD04008CCD040055CC0400CDF1040096
:1090400004EE0400D3F1040008F20400A74D31F04F
:1090500097F931F096F9A649286832F033FBA54913
:10906000286832F02FFBA288A349286832F02AFB37
:10907000A249286832F026FBA279A149286832F07B
:1090800021FBA049286832F01DFBE2799C49286841
:1090900032F018FB9C49286832F014FB227A984978
:1090A000286832F00FFB28689849BDE8384032F054
:1090B00009BB8E4D31F064F931F063F994492868A9
:1090C00032F000FB9349286832F0FCFA201D06219B
:1090D000F8F736FB9049286832F0F4FAA27A88490A
:1090E000286832F0EFFA28688849BDE8384032F045
:1090F000E9BA7E4D31F044F931F043F987492868E7
:1091000032F0E0FA8649286832F0DCFAA2887A491F
:10911000286832F0D7FA8349286832F0D3FAE28817
:109120007549286832F0CEFA7F49286832F0CAFAC9
:10913000217A04F10900F8F71BFB28687349BDE8A0
:10914000384032F0BFBA694D31F01AF931F019F9EF
:109150007649286832F0B6FA7149286832F0B2FAD6
:10916000A2886549286832F0ADFA6E49286832F065
:10917000A9FAE2886049286832F0A4FA28686349AD
:10918000BDE8384032F09EBA584D31F0F9F831F070
:10919000F8F86749286832F095FA6649286832F08D
:1091A00091FAA2885449286832F08CFA62492868FA
:1091B00032F088FAD4F806206049286832F082FA42
:1091C0005F49286832F07EFAA27A4D49286832F069
:1091D00079FA5C49286832F075FAE27A48492868D9
:1091E00032F070FA5849286832F06CFA227B444910
:1091F000286832F067FA5549286832F063FAB4F803
:109200000D203D49286832F05DFA5149286832F056
:1092100059FAB4F80F203849286832F053FA4D490A
:10922000286832F04FFA627C3549286832F04AFAF1
:109230004949286832F046FA628A2F49286832F094
:1092400041FA28683149BDE8384032F03BBA274D31
:1092500031F096F831F095F84049286832F032FA4A
:109260003449286832F02EFAA2882349286832F05F
:1092700029FA3149286832F025FAD4F806202F4916
:10928000286832F01FFA3649286832F01BFAA27AB1
:109290001B49286832F016FA3249286832F012FA6F
:1092A000E27A1749286832F00DFA2F49286832F01F
:1092B00009FAE2682149286832F004FA204928684E
:1092C00032F000FA227C0E49286832F0FBF9274977
:1092D000286832F0F7F9627C0949286832F0F2F91F
:1092E00028680A49BDE8384032F0ECB9541B002028
:1092F00044F20400E2CF04003EBC0400EBCF0400C3
:10930000BFC70400DEC904005CCC040097C704009A
:1093100070F20400C6C7040076CD040037F30400E1
:1093200038D004004DD10400AEEC040053F3040027
:109330008DF30400D8C804007CCF0400DBC7040010
:10934000BBF30400D3F30400EBF304000FF40400B8
:109350002FF4040054F404006EF4040090F40400AC
:10936000BBF40400D0F40400E6F40400F8F40400B4
:10937000AD4D31F005F831F004F8AC49286832F011
:10938000A1F9AB49286832F09DF92279A9492868EA
:1093900032F098F9A849286832F094F96279A54921
:1093A000286832F08FF9A549286832F08BF9A27944
:1093B000A049286832F086F9A149286832F082F97C
:1093C000B4F807209F49286832F07CF99E49286844
:1093D00032F078F9B4F809209A49286832F072F925
:1093E0009A49286832F06EF9E27A9249286832F098
:1093F00069F99749286832F065F9A2899149286886
:1094000032F060F928689349BDE8384032F05AB923
:10941000854D30F0B5FF30F0B4FF8F49286832F049
:1094200051F98E49286832F04DF9A288854928689B
:1094300032F048F98A49286832F044F9D4F8062015
:109440008849286832F03EF98749286832F03AF9AD
:10945000A27A7849286832F035F98449286832F0D0
:1094600031F9E27A7349286832F02CF92868794991
:10947000BDE8384032F026B96B4D30F081FF30F056
:1094800080FF7B49286832F01DF97449286832F062
:1094900019F9A2886B49286832F014F970492868D4
:1094A00032F010F9D4F806206E49286832F00AF933
:1094B0006D49286832F006F9A27A5E49286832F0D0
:1094C00001F928686349BDE8384032F0FBB8564DD1
:1094D00030F056FF30F055FF6649286832F0F2F858
:1094E0005E49286832F0EEF8A2885649286832F0C2
:1094F000E9F85B49286832F0E5F8D4F806205949C4
:10950000286832F0DFF85C49286832F0DBF8A27A8C
:109510004849286832F0D6F85849286832F0D2F81D
:10952000B4F80B204749286832F0CCF84E49286837
:1095300032F0C8F8627B3F49286832F0C3F82868E7
:109540004449BDE8384032F0BDB8374D30F018FF1F
:1095500030F017FF4A49286832F0B4F840492868CB
:1095600032F0B0F862683F49286832F0ABF84549FC
:10957000286832F0A7F8217A04F10900F8F7F8F822
:1095800028683449BDE8384032F09CB8264D30F0A8
:10959000F7FE30F0F6FE3C49286832F093F82F4988
:1095A000286832F08FF8A2882649286832F08AF8B5
:1095B0002B49286832F086F8D4F806202949286813
:1095C00032F080F828682349BDE8384032F07AB894
:1095D000154D30F0D5FE30F0D4FE2C49286832F01D
:1095E00071F81E49286832F06DF8A288154928687C
:1095F00032F068F81A49286832F064F8D4F8062086
:109600001849286832F05EF82149286832F05AF883
:10961000A27A0849286832F055F828680D49BDE853
:10962000384032F04FB800BF541B00200CF5040046
:10963000BBF30400BFC70400D3F30400EBF3040042
:109640000FF404003EBC04002FF4040054F40400A2
:109650006EF4040097C704005FF50400D8C8040046
:109660007CCF0400DBC70400DEC9040088F50400D9
:109670009EF50400CBF50400EBCF04000EC80400F7
:109680002DF604007AC8040042F604005BF60400DC
:1096900037C804005A4D30F073FE30F072FE59495D
:1096A000286832F00FF85849286832F00BF8A28881
:1096B0005649286832F006F85549286832F002F811
:1096C000E2885249286831F0FDFF5249286831F09C
:1096D000F9FF22894D49286831F0F4FF4E49286886
:1096E00031F0F0FF62894949286831F0EBFF4B49BE
:1096F000286831F0E7FF227B4949286831F0E2FF12
:109700004849286831F0DEFF627B4549286831F01E
:10971000D9FF28684449BDE8384031F0D3BF384DFF
:1097200030F02EFE30F02DFE4049286831F0CAFF9F
:109730003F49286831F0C6FF22793949286831F05D
:10974000C1FF3C49286831F0BDFFD4F805203A49F3
:10975000286831F0B7FF28683349BDE8384031F058
:10976000B1BF274D30F00CFE30F00BFE33492868B6
:1097700031F0A8FF3249286831F0A4FF2279284946
:10978000286831F09FFF2F49286831F09BFFB4F81B
:1097900005201E49286831F095FF2B49286831F0D3
:1097A00091FFB4F807201949286831F08BFF274949
:1097B000286831F087FFB4F809201449286831F08F
:1097C00081FF28681849BDE8384031F07BBF0C4D57
:1097D00030F0D6FD30F0D5FD1D49286831F072FF1C
:1097E0001C49286831F06EFFA2880849286831F0CA
:1097F00069FF28680C49BDE8384031F063BF00BFFD
:10980000541B002099F60400C6F604003EBC040078
:10981000CCF60400CDD00400D2F60400E0F604003B
:10982000BFC70400F1F6040097C7040000F7040066
:1098300025F704002BF70400DBC7040035F704000C
:1098400038D0040067C9040073C9040037C8040095
:1098500064F7040092F7040073B5044600285AD058
:1098600003682E4A23F47F4323F00703934241D039
:1098700002F1807293420FD002F17E4293424AD1AC
:1098800030F07EFD30F07DFD254B2649186802B092
:10989000BDE8704031F016BF214D30F071FD30F061
:1098A00070FD2149286831F00DFFB4F805200192C0
:1098B0001E492868B4F80760B4F8094031F002FF87
:1098C000019A1B49286831F0FDFE1A49286831F0D9
:1098D000F9FE32461649286831F0F4FE1649286828
:1098E00031F0F0FE22461249286831F0EBFE1349B0
:1098F0002868CCE70A4D30F043FD30F042FD1049B6
:10990000286831F0DFFEA2880E492868019231F004
:10991000D9FE019AE7E702B070BD00BFA0000601C2
:10992000541B00209DF70400B6F70400CDF7040097
:109930003EBC0400D8F704003ADD040097C70400D9
:10994000E2F704005CCC040038B5032000F02EFEE2
:1099500060B1184C1849206831F0B4FE30F010FDA9
:1099600030F00FFD1549206831F0ACFE144B18881B
:1099700015F024FF0446D8B1012000F017FEB8B15D
:109980000C4D1049286831F09DFE30F0F9FC30F0A4
:10999000F8FC0D490D4A2868234631F093FE204615
:1099A00000F04AFE28680A49BDE8384031F08ABE16
:1099B00038BD00BF541B0020F5F70400FAF704007F
:1099C0004831002016F80400C8BB04001BF804004E
:1099D00022F8040037B500230146164A16480093C2
:1099E00000F07AFE054618B3144C1549206831F092
:1099F00069FE1449206831F065FE30F0C1FC30F09A
:109A0000C0FC114B114A12490093206840F2CB135D
:109A100031F058FE0F49104A20682B4631F052FEB3
:109A2000284600F009FE0D49206831F04BFEFEE7A4
:109A300003B030BDF19C0000D81A0020541B002058
:109A40006CFC0400ABBB040076FA040034F804009C
:109A5000B9BB0400C8BB0400C5BB040074F8040013
:109A600030B585B0904D914B2A781B78134340F068
:109A7000FA8015F08BFE0446F0B1012000F096FD4F
:109A8000002800F0F0808A4D8A49286831F01AFEDB
:109A900030F076FC30F075FC8749884A2868234608
:109AA00031F010FE204600F0C7FD8549286805B05A
:109AB000BDE8304031F006BE012303202B7000F0DA
:109AC00075FD60B17A4C7F49206831F0FBFD30F0C4
:109AD00057FC30F056FC7C49206831F0F3FD30F043
:109AE00047FC0421002015F08DFE0446C8B101207A
:109AF00000F05CFD002800F0B6806D4D6D492868CF
:109B000031F0E0FD30F03CFC30F03BFC6A496B4A40
:109B10002868234631F0D6FD204600F08DFD6B49C4
:109B2000C4E741F28831012015F06CFE0446C8B14B
:109B3000012000F03BFD002800F095805C4D5D4960
:109B4000286831F0BFFD30F01BFC30F01AFC5A4998
:109B50005A4A2868234631F0B5FD204600F06CFDD6
:109B60005B49A3E73221022015F04CFE0446C0B148
:109B7000012000F01BFD002875D04D4D4D4928688F
:109B800031F0A0FD30F0FCFB30F0FBFB4A494B4AC2
:109B90002868234631F096FD204600F04DFD4D49E2
:109BA00084E70821032015F02DFE0446C0B10120F2
:109BB00000F0FCFC002856D03D4D3E49286831F0AD
:109BC00081FD30F0DDFB30F0DCFB3B493B4A28688F
:109BD000234631F077FD204600F02EFD3E4965E733
:109BE0006421042015F00EFE0446C0B1012000F0EF
:109BF000DDFC002837D02E4D2E49286831F062FD5B
:109C000030F0BEFB30F0BDFB2B492C4A28682346C0
:109C100031F058FD204600F00FFD304946E702AA1A
:109C200001A9082015F05AFE0446F0B1012000F009
:109C3000BDFCA8B11E4D1F49286831F043FD30F02E
:109C40009FFB30F09EFB1C491C4A2868234631F0DC
:109C500039FD204600F0F0FC2149286831F032FD42
:109C6000204B00221A6005B030BD019B012B13D898
:109C7000012000F09BFC0028F2D00D4C0D4920681B
:109C800031F020FD30F07CFB30F07BFB019A16496F
:109C9000206831F017FDE3E7144BBDF808201A8067
:109CA000FFF752FEDCE700BF083200200932002037
:109CB000541B002016F80400C8BB04001BF8040065
:109CC0009CF80400F5F70400B7F80400C8F8040095
:109CD000E8F804000FF9040037F9040061F9040002
:109CE0008AF90400D41A0020ABF90400483100209E
:109CF00010B50C4B1B78A3B9032000F057FC60B1E2
:109D0000094C0A49206831F0DDFC30F039FB30F0B5
:109D100038FB0749206831F0D5FCBDE81040FFF75B
:109D20009FBE10BD08320020541B0020F5F7040030
:109D3000EDF9040073B5414E3378002B7CD04048D8
:109D400000F0B0FC054610B33E4C3F49206831F0AE
:109D5000B9FC3E49206831F0B5FC30F011FB30F021
:109D600010FB3B4B00933B4A3B492068E12331F019
:109D7000A9FC3A493A4A20682B4631F0A3FC284610
:109D800000F05AFC3749206831F09CFCFEE7364B66
:109D9000188815F025FD0446C8B1012000F006FC26
:109DA000A8B1284D3149286831F08CFC30F0E8FA30
:109DB00030F0E7FA29492E4A2868234631F082FC20
:109DC000204600F039FC2B49286831F07BFC15F067
:109DD000E9FC0446C8B1012000F0E8FBA8B1194D28
:109DE0002249286831F06EFC30F0CAFA30F0C9FA26
:109DF0001A491F4A2868234631F064FC204600F0C7
:109E00001BFC1D49286831F05DFC1C4A002303201F
:109E10003370138000F0CAFB60B10A4C1849206807
:109E200031F050FC30F0ACFA30F0ABFA1549206854
:109E300031F048FC30F09DFA02B070BD08320020CD
:109E40009C1A0020541B00206CFC0400ABBB0400D7
:109E5000A5FA040034F80400B9BB0400C8BB040030
:109E6000C5BB04000AFA04004831002016F80400BB
:109E70001BF8040031FA040050FA040046310020B7
:109E8000F5F7040063FA040037B50368644A23F465
:109E90007F4323F0070393424ED024D802F17F4240
:109EA000934242D00ED8A2F56022934236D002F5FA
:109EB0004032934200F0AB80A2F58022934225D03D
:109EC00003B030BD574A934228D002F58022934216
:109ED000F6D1554A1378002BF2D0013BDBB2137058
:109EE000002BEDD115E0514A93420AD00CD802F173
:109EF0007A4202F57022934250D002F571029342E9
:109F0000DED141F288300BE0494AF8E70379002BB3
:109F1000D6D003B0BDE83040FFF7A2BD47F23050C5
:109F200003B0BDE83040FFF755BDC088414B1880F5
:109F300080B230F01FFAC3E7C08830F01CFA00236B
:109F40003D4A3E4800934FF4FA6100F0C5FB0546D8
:109F50000028B5D03A4C3B49206831F0B3FB3A4970
:109F6000206831F0AFFB30F00BFA30F00AFA374BD3
:109F7000374A3849009320684FF49A7331F0A2FBB6
:109F80003549364A20682B4631F09CFB284600F0C4
:109F900053FB3349206831F095FBFEE7C08830F071
:109FA000EBF9244B00221A801F4B1B78002B87D122
:109FB000214A224800934FF4FA6100F08DFB0546D8
:109FC00000283FF47DAF1E4C1E49206831F07AFB1B
:109FD0001D49206831F076FB30F0D2F930F0D1F92C
:109FE0001A4B1B4A1B49009320684FF4A27331F0AF
:109FF00069FB1949194A20682B4631F063FB284652
:10A0000000F01AFB1649206831F05CFBFEE7064AB7
:10A0100013780133137003B0BDE83040FFF78ABEF8
:10A02000A8002301A800140109320020A800140888
:10A03000A8001409463100206DA303009C1A0020DB
:10A04000541B00206CFC0400ABBB04008EFA04001F
:10A0500034F80400B9BB0400C8BB0400C5BB04004D
:10A0600074F80400F7B51E4C1E4D014600260B4641
:10A070001F4613F8012B0A2A01D0002AF8D17A1AB8
:10A0800012F0FF0208D13B780A2B24D03946087819
:10A090000028ECD103B0F0BD236894F82600B3F893
:10A0A00000C094F8243095F800E0019613FB02F309
:10A0B000DBB2ACEB030394F825C084440CFB0E0028
:10A0C000C0B20090C3F34703054830F099FF012860
:10A0D000D9D90120DEE72B7801332B70791CD6E724
:10A0E000141B00200A32002073B50646002003F03E
:10A0F00015FA054610B33E4C3E49206831F0E2FAAD
:10A100003D49206831F0DEFA30F03AF930F039F9A3
:10A110003A4B00933A4A3B492068552331F0D2FA32
:10A1200039493A4A20682B4631F0CCFA284600F0EB
:10A1300083FA3749206831F0C5FAFEE7354D2846E5
:10A1400003F056FA044610B3294D2A49286831F025
:10A15000B9FA2949286831F0B5FA30F011F930F030
:10A1600010F9264B0093264A26492868582331F0D7
:10A17000A9FA2549254A2868234631F0A3FA204642
:10A1800000F05AFA2449286831F09CFAFEE76FF093
:10A190007F43C5E901302149284630F06DFF05466F
:10A1A00010B3134C1349206831F08CFA124920681F
:10A1B00031F088FA30F0E4F830F0E3F80F4B009318
:10A1C0000F4A104920685F2331F07CFA0E490F4A8C
:10A1D00020682B4631F076FA284600F02DFA104917
:10A1E000206831F06FFAFEE70E4B1E6002B070BDC2
:10A1F000541B00206CFC0400ABBB0400B0FB04004B
:10A20000C2FA0400B9BB0400C8BB040011FB04007F
:10A2100018FB0400141B002039FB04009CFD040003
:10A220005BFB0400101B002010B504460B4830F007
:10A2300005FC80B90A4A0B4B10701868FFF712FF33
:10A2400040B92046FFF70EFF20B903F091F900381E
:10A2500018BF012010BD0120FCE700BF141B002027
:10A260000A320020101B002070B58CB0144C06463A
:10A270000FCC6D460FC594E80300083485E8030051
:10A280000FCC06AD0FC594E8030085E8030016F077
:10A29000010004D00B486A46032130F0D1FDB3071A
:10A2A00005D538B9074806AA032130F0C9FD08B919
:10A2B00003F05EF9003818BF01200CB070BD00BF7C
:10A2C00080FB0400141B0020F0B5B3B001A80021EE
:10A2D000C222174E009141F023F9164B34781A68C8
:10A2E000154FC62304FB03251A4413FB04242946F7
:10A2F000684641F033F916353946684641F02EF983
:10A30000A542F4D16846FFF78FFF33781BB110B92F
:10A310000120FFF7A9FF094B32781B78013B9A42D5
:10A3200003DA10B90220FFF79FFF33B0F0BD00BF82
:10A330000C320020401B00206CFC04000B3200207B
:10A340002DE9F3474E1EF3B2082B0746144656D8A4
:10A35000DFF8E0A02C4D9AF80090914536D8531CB8
:10A36000DBB24FF0C60828688AF8003003FB08F11A
:10A3700031F082FC2860F0B9244C2549206831F086
:10A38000A1F92449206831F09DF92FF0F9FF2FF051
:10A39000F8FF214B0093214A214920686D2331F0B9
:10A3A00091F92049204A206831F08CF91F49206832
:10A3B00031F088F9FEE79AF80020A2EB090208FBC9
:10A3C00002F2002109FB080041F0AAF82D68C6231B
:10A3D00004FB03551620394600FB065041F0CDF82A
:10A3E000134B1B780020A34285F8C50002D0013C26
:10A3F0009C4205D102B0BDE8F047FFF765BF2120C0
:10A4000002B0BDE8F08700BF401B0020541B0020B5
:10A410006CFC0400ABBB04007BFC0400BAFB040032
:10A42000B9BB040015FC040004FC04002DFC04006E
:10A430000C3200200B32002008B50448FFF754FE10
:10A44000BDE80840024802212FF097BF43FC0400FA
:10A450006EFC0400034B0421002219711A60197369
:10A460009A607047441B00202DE9F843204B1B786D
:10A470000546ABB9DFF880901E4C4FF0020859F842
:10A48000043BAB4207D1284630F002F801280CD13A
:10A4900031F08CFB2060B8F1010F04F1080401D108
:10A4A000BDE8F8834FF00108E9E728462FF0F0FFF8
:10A4B00007460028EFD131F079FB2368C61AFA204D
:10A4C00005F008FEB04201D92771E4E74FF47A7035
:10A4D00005F000FEB04202D901232371DBE741F20F
:10A4E000883005F0F7FDB0428CBF02230323F4E768
:10A4F0002B130020441B00203010002010B5094C05
:10A500002179042904D000202FF027FE0423237191
:10A51000217B042904D001202FF01FFE0423237384
:10A5200010BD00BF441B002010B50B4C20682FF05D
:10A53000AFFF012803D131F039FB084B1860606888
:10A540002FF0A6FF012803D131F030FB034B9860B8
:10A55000034B00221A7010BD30100020441B002055
:10A560002B130020054B187838B9054B1A79042AAB
:10A5700003D1187B031F5842584170472B1300200A
:10A58000441B0020074B1B7843B9074B187904285C
:10A5900006D11B7B042B08BF0120704701207047A8
:10A5A000042070472B130020441B00200B4B1B780A
:10A5B00002468BB10A4B1B78834234BF0020012036
:10A5C000084B1B783BB1084B1B7843FA02F212F0A0
:10A5D000010F08BF002070470120F1E72C13002075
:10A5E0002D1300200D3200202E13002008B5084B3B
:10A5F00001221A70074B00221A70074B04221A70AE
:10A60000064B1F221A7004F075FC054B186008BD3C
:10A610002C1300200D3200202D1300202E130020BB
:10A62000541B0020024B0349186831F04BB800BF9F
:10A63000541B002095FC040070B50C4C0C490646D8
:10A64000206831F03FF804F055FC0546206804F01E
:10A6500045FC3046FFF7E6FF284604F03FFC206843
:10A660000449BDE8704031F02DB800BF541B0020F4
:10A67000EBCA040097FC040009490B6800224BB1A7
:10A68000834204D1836A4AB19362012070471A461B
:10A690009B6AF4E70028F5D0184670470B60F4E792
:10A6A000581B002010B5044690B105F069FC204607
:10A6B000FFF7E2FF58B194F82C0040B12FF0CFFF24
:10A6C000044A1368013B13602FF0CFFF002010BD38
:10A6D0002220FCE75C1B00202DE9F04F85B09DF89F
:10A6E00038700546914698460E4609B9002F62D14A
:10A6F0002846FFF7D7FF044600283CD185F82C00F8
:10A70000686305F06FFD864239D905F0DDFC40F243
:10A71000E7318C462146E6FB00C160464FF47A7271
:10A7200000232EF01FF94FF0FF32002383468A46A4
:10A730002EF018F94FF0FF32E886002358465146B4
:10A740002EF010F9CDE9004411462B461B4A28464D
:10A7500031F007FA044670B9194A85F82D7013686C
:10A760002E63C5E9089823B31A469B6A002BFBD1D8
:10A7700095620023AB62204605B0BDE8F08F47B17B
:10A78000CDE900440D4A2B463146284605F0EEFC43
:10A79000E0E703A9304605F0CBFC04460028EAD1E7
:10A7A000CDE90077054A03992B46284631F0B5F9E3
:10A7B000D0E71560DDE72124DDE700BFC5A7000075
:10A7C000581B002013B591F82C300C4683B98B8EA2
:10A7D000CA8E93420ED243B9CDE90033114A0B46DB
:10A7E00020464FF0FF3131F07CF9A38E0133A38670
:10A7F00002B010BD52B191F82D307BB1012300930E
:10A80000D1E908232046096BFFF766FF064A0123BA
:10A8100084F82C30136801331360E9E7084605F02B
:10A82000AFFBF3E7C5A700005C1B002070B5104D1F
:10A830002B681BB10F4B1C68002604B970BD94F83F
:10A840002C3093B12FF00BFF2B6884F82C60013B68
:10A850002B602FF00AFF94F82D3013B92046FFF734
:10A860000BFFD4E9083120469847A46AE5E700BF0A
:10A870005C1B0020581B0020034B1B68002B0CBFE7
:10A8800001200420704700BF5C1B0020024B1868A9
:10A89000B0FA80F0400970475C1B002008B50548FD
:10A8A000012100F0A9FF2FF0ABFCBDE8084000F04B
:10A8B0004FB900BF00350A000148012100F09CBFDC
:10A8C00000350A0007B508202FF055FE02238DF849
:10A8D00000306846044B01932FF068FD082003B058
:10A8E0005DF804EB2FF053BE006A18102DE9F04319
:10A8F00089B01F4E0446894690460FCE01AD0FC564
:10A9000096E8070085E8070025681A486E6FAF6F64
:10A91000012100F071FF6068012100F06DFF617B93
:10A92000207B0023042202F0AFF8617A207A04220F
:10A93000002302F0A9F80123284601A98DF812305E
:10A94000CDF80C90ADF8148030F012F8237CA27B87
:10A950001B0643EA022307F01F0706F001063B43EC
:10A9600046F00A060020AB676E6709B0BDE8F083C9
:10A970009CFC040000350A00024B4FF40052C3F85F
:10A98000A820704700A0004013B5044605F09CFBCA
:10A99000247B00230122CDE900326400034AB0FB8E
:10A9A000F4F1034831F09DF802B010BD79A9000020
:10A9B000601B002073B50F4B0F4E4FF48045C3F85A
:10A9C0009C500446407B05F009FE042302220DF151
:10A9D00006013046ADF806302FF027FD30462FF047
:10A9E00035FDA07B05F0FAFD044B0020C3F89C5018
:10A9F00002B070BD00A000463810002000A0004446
:10AA000070B5064601211248124C00F0F5FEB168FF
:10AA100011480022FFF76AFF002304220E210320C1
:10AA200002F032F83546002304220D21032002F003
:10AA30002BF80FCD0FC42B682360084B0122304642
:10AA40001A70FFF7A1FF3046FFF7B4FF002070BD7A
:10AA500000350A00801B0020381000200E32002034
:10AA60002DE9F74F0688DFF8A8B0984603795E43D2
:10AA7000264B14464FF48042C3F89C200134A4B204
:10AA80000546407B0F4605F0A9FD230243F0010374
:10AA90001F48ADF8063002220DF1060101342FF0F7
:10AAA000C4FC2402F610A4B24FF0000908F1FF3AEA
:10AAB000C14511D116482FF0C9FCA87B05F08EFDC9
:10AAC000144B13484FF48042C3F89C202FF0C3FC72
:10AAD000002003B0BDE8F08F3946324658462FF0CB
:10AAE000A4FCCA4514BF44F0FF034FF6FF730222D3
:10AAF0000DF10601584604F58074ADF80630374470
:10AB00002FF093FC09F10109A4B2D1E700A000469F
:10AB10003810002000A00044034B04481B78002B91
:10AB200008BF0020704700BF0E320020801B0020AD
:10AB300030B587B0054D0FCD01AC0FC42B68236035
:10AB400001A8FFF75DFF07B030BD00BFB8FC0400EF
:10AB50002DE9F04389B03B4D3B4FDFF80091DFF822
:10AB600000810FCD01AC0FC495E8070084E8070011
:10AB7000364C3748012100F03FFE3846012100F0F5
:10AB80003BFE0125334B039301A920468DF812505B
:10AB90002FF0EEFE2B4604220621022001F074FF66
:10ABA0002A4600230721022001F06EFF2B460422D3
:10ABB0000821022001F068FF042211462B460020E4
:10ABC00001F062FF244BA3670B23636710264FF449
:10ABD000487005F003FDC9F80C60142005F0FEFC78
:10ABE000C8F80C60232005F0F9FCC9F80C60B92105
:10ABF00020462FF00AFF00231A46C8F80C600621F1
:10AC0000022001F041FF00231A460721022001F033
:10AC10003BFF2B4600220821022001F035FF0022D5
:10AC200010462B46042101F02FFF204602F07EFB48
:10AC30000021A1673846616700F0DEFD09B0BDE87C
:10AC4000F08300BFCCFC040000420400000401407B
:10AC500000350A0000127A000B0B000B00A0004424
:10AC600000A0004608B500F083F8124B12498B4251
:10AC700012D3124B124900208B4218D3F5F750FB28
:10AC8000186850F82240586840F82240013298680D
:10AC90008242F5D30C33EAE70022F8E71C6844F857
:10ACA000220001325C68A242F8D30833E4E70022B4
:10ACB000F8E700BF6C4505007845050078450500BC
:10ACC000784505000048704700F04902104AD2F864
:10ACD000943003F00703023B032B13D8DFE803F0A3
:10ACE0000C14020E0B4B1B68D2F80001C0F30420B9
:10ACF0000130B3FBF0F07047074BF4E7074B1B68DC
:10AD00005B08F1E7054BEEE74FF40043ECE700BFCB
:10AD100000400E4058100020501000205410002019
:10AD200008B5FFF7D3FF054BD3F80831C3F3082369
:10AD30000133B0FBF3F0024B186008BD00400E4039
:10AD40004C100020014B1868704700BF50100020C5
:10AD5000054B1860054BD3F8943003F00703022B22
:10AD600001D1FFF7DDBF70475010002000400E40BA
:10AD7000044B054A9A60D3F8882042F47002C3F865
:10AD80008820704700ED00E000000000014B1868CB
:10AD9000704700BF5810002010B50F4BD3F828386B
:10ADA000A3F17E62A2F58432B2F5605F0ED219681B
:10ADB0000A4A91420AD10A4C227812F0FD0F08D1BA
:10ADC000DB69984708B90123237010BD4FF48170E7
:10ADD000FBE70020F9E700BF0000E10F07B0CD5E00
:10ADE0000F32002005490A681318054883428CBFBA
:10ADF0004FF0FF320B601046704700BF5C10002020
:10AE00000000012037B5046801210546124800F012
:10AE1000F3FC002361792079012201F035FE61798C
:10AE200020792FF03AFBB0FA80F35B092370A37905
:10AE3000022B0ED100F086FB084960792A4600F00B
:10AE4000ABFB0123617902462079CDE9003301F0A3
:10AE5000D5FD002003B030BD00350A00B5A40300C5
:10AE600008B52948012100F0C7FC01230422022172
:10AE7000052001F009FE002001F0B4FD234B012262
:10AE8000C3F810281146042000F096FF204800F077
:10AE9000F9FD204BD3F8F02042F00102C3F8F02076
:10AEA000D3F8FC2042F08072C3F8FC20A3F55D4388
:10AEB000194A1A6000F5D520184B00F2FC40B0FB8F
:10AEC000F3F0174B013802221861C3F8F0204FF459
:10AED0008072C3F804234FF06043124AC3F8B02FC6
:10AEE000114AC3F8802ED3F8002E42F48072C3F8C2
:10AEF000002EFF2283F82020D3F8002E22F4807247
:10AF0000C3F8002E002008BD00350A00008014425E
:10AF100006000E0000ED00E0FF030040F8590D00B0
:10AF2000000004E055CEACC50900010030B54FF07B
:10AF30006043D3F8802ED20715D501240B4D8440F1
:10AF4000D5F8FC2042F08072C5F8FC20D3F8002E22
:10AF50002243C3F8002E53F82020002AF0D003F833
:10AF60002010002030BD1120FCE700BF00ED00E004
:10AF70002DE9FF41044601212B4800F03DFC2368E8
:10AF80002A4A934205D002F58062934249D128486B
:10AF900000E02848012100F02FFC6179207901238D
:10AFA0000A2201F071FDE179A07901230A2201F062
:10AFB0006BFD0A2701263025227963794FF00C08B2
:10AFC00015FB028202F1884202F5204206FA03F3E1
:10AFD0001360642005F002FB2379627915FB03837B
:10AFE00003F18C4303F5204306FA02F21A60642051
:10AFF00005F0F4FA013FDFD120680323436423897D
:10B000005BBA9BB2836440F20113ADF80030236950
:10B010000293E36801936946237D8DF80C3001F0BB
:10B02000B3FD04B0BDE8F0814041050000C0004020
:10B03000007204000062040038B5054601F0BEFE4F
:10B04000044C012801D1013C00D138BD284601F053
:10B05000B7FDF6E7E19304002DE9F04F85B09A467D
:10B06000544BDDF83C901B789DF844B0DDF85080DF
:10B0700006460F461546002B00F08B80072A00F28B
:10B080008A800E9B002B00F08680B9F1000F00F043
:10B090008280129BB3F5006F7DDC012802D1109BEA
:10B0A000002B78D0444B03EB05131B7B002B74D093
:10B0B000424C10220021684640F032FA04EB45145D
:10B0C0001022002F57D13946204640F029FA43F28A
:10B0D00010036380BBF1000F03D1E37843F0030357
:10B0E000E370364A0E9BCDF800A002EB451CCCE97C
:10B0F0000193129B013BC3F30A009DF84C30690198
:10B1000003F003039B0643EA001E53582C481840E3
:10B110004EEA0003012E535041D11323CCF80C30DA
:10B120009CE80F000CF1100E8EE80F00DCF81C20DC
:10B13000109BCCF814306FF0030161F39F02012FD4
:10B14000CCF81C2003D1CCF81890CCF804301A4A63
:10B15000290102EB051342F801800027159A5A6075
:10B1600028469F605E732246694601F0B1FE38466C
:10B1700005B0BDE8F08F0021204640F0D1F94FF432
:10B1800044736380BBF1000FABD1E37843F030032D
:10B19000A6E70C48ECE70C48EAE70C48E8E7B8F10A
:10B1A000000FD4D19CF8023068F304138CF80230FD
:10B1B000CDE700BF10320020941B0020141C00209B
:10B1C0000F80FFF3028000F0018000F0078000F0A4
:10B1D00038B5124B1B780546DBB1E0B12FF03FFAD2
:10B1E0000F4A00231146147B54B92B601A0101EB5E
:10B1F000031301258C501D732FF037FA204638BDFC
:10B200000133082B02F11002EDD12FF02EFA054880
:10B21000F5E70548F3E70548F1E700BF10320020E5
:10B22000941B0020048000F0028000F0018000F0F8
:10B2300013B52FF014FA0C4A0023147B7CB90133A8
:10B24000082B02F11002F8D1019001F0F7FD074B35
:10B2500001981C702FF009FA204602B010BD2FF0A3
:10B2600004FA0348F9E700BF941B002010320020C5
:10B27000058000F010B50D4B1B78044693B10728EC
:10B2800012D82FF0ECF90A4B03EB04131A7B2AB106
:10B2900000241C732FF0E9F9204610BD2FF0E5F9CA
:10B2A0000448FAE70448F8E70448F6E710320020BB
:10B2B000941B0020068000F0028000F0018000F066
:10B2C00013B5164B1868019000238DF804302FF049
:10B2D000C6F9134B1C7824B12FF0C7F9114802B0FE
:10B2E00010BD01221A702FF0C0F90F4B1C731C7790
:10B2F00083F82C4083F83C4083F84C4083F85C4052
:10B3000083F86C4083F87C4004230DEB03008DF838
:10B31000073001F0B3FD2046E1E700BF38FD04002F
:10B3200010320020038000F0941B002008B50A4A68
:10B3300012785AB107280BD8084A02EB00131B7B7E
:10B3400043B1002101F090FD002008BD0448FCE756
:10B350000448FAE70448F8E710320020941B002064
:10B36000028000F0018000F0078000F008B50A4A72
:10B3700012785AB107280BD8084A02EB00131B7B3E
:10B3800043B1012101F070FD002008BD0448FCE735
:10B390000448FAE70448F8E710320020941B002024
:10B3A000028000F0018000F0078000F008B50A4A32
:10B3B000127852B107280AD8084A02EB00131B7B07
:10B3C0003BB101F0D7FD002008BD0548FCE705486A
:10B3D000FAE70548F8E700BF10320020941B002070
:10B3E000028000F0018000F0078000F00D4B1B7818
:10B3F00093B1072812D889B10B4B03EB00131B7BC9
:10B4000073B10A4B1A6E012303FA00F010401ABF01
:10B4100000200B700870704705487047054870475A
:10B420000548704710320020941B002000200E4079
:10B43000028000F0018000F0078000F010B50B4A98
:10B4400012780C4662B107280CD859B1084A02EBB1
:10B4500000131B7B43B101F0A3FD2070002010BD41
:10B460000448FCE70448FAE70448F8E710320020F3
:10B47000941B0020028000F0018000F0078000F0A3
:10B480002DE9F0471E4E1F4C326EF36E12EA030890
:10B490000FD54FF00043B3667068C0F3022003017C
:10B4A00004EB0012E3584BB3BDE8F04752680021AB
:10B4B0001847DFF854900127002518EA070F16D027
:10B4C0002368B7669BB1A16862680131A160284614
:10B4D0009847637B012B0AD148B909EB45131A7BC6
:10B4E00060F341021A731A7F60F341021A77013543
:10B4F000082D4FEA470704F11004DED1BDE8F087BC
:10B5000000200E40941B0020141C002070B50C4E2F
:10B510000446012504B970BD94FAA4F0B0FA80F095
:10B5200006EB001205FA00F324EA03045368002B2B
:10B53000F0D0117B11B191689847EBE79847E9E7A4
:10B54000141D002008B5122000F0F4FD28B1084BAE
:10B550004FF48022C3F880211A600A2000F0EAFD2F
:10B5600028B1034B4FF48062C3F880211A6008BDF4
:10B5700000E100E038B505460C462FF070F8054BA9
:10B5800003EB051300225C601A73BDE838402FF00E
:10B590006CB800BF141D0020F8B505460F461646CE
:10B5A0002FF05DF8104B05F0FC02D3F828140023AF
:10B5B000EC1804F00304144321FA04FC1CF0010FFE
:10B5C00007D00133042BF3D1FF242FF04EF820468F
:10B5D000F8BDFF2CF9D0054B03EB04130122C3E99E
:10B5E00001761A73F1E700BF00A00040141D00208F
:10B5F000054BD3F82804D3F81C24104000F0553034
:10B60000C3F82404FFF782BF00A00040054BD3F825
:10B610002804D3F81C24104000F0AA30C3F82404F6
:10B62000FFF774BF00A00040024B1968024B186876
:10B6300026F0AEBB641000206010002037B59200E9
:10B6400004460D4601922FF04CF9431C0BD060B913
:10B65000019A294620463FF02BFF0028044808BFE6
:10B66000002003B030BD0348FBE70348F9E700BF03
:10B6700010E000F021E000F024E000F010B50446F6
:10B6800001F03CFD431C10D088B901F0FFFD20F013
:10B69000030023462044984201D1002010BD53F8F6
:10B6A000042B0132F7D00348F8E70348F6E70348D4
:10B6B000F4E700BF0EE000F021E000F024E000F02D
:10B6C00008B52EF0C5FF014B186008BD54250020B9
:10B6D000014B18682EF0C0BF542500200C4B984237
:10B6E00010D90C4B984210D9022201230A490B644D
:10B6F0000A49D1F8003123F0807343EA0263C1F8AC
:10B700000031704700221346F0E70122FBE700BF3B
:10B710000048E8010090D0030000C84300400E40FC
:10B7200030B50F4B5B680F4B00221C46C9B21D7928
:10B730008D4202D11D6885420DD20132052A03F1E6
:10B740000803F4D1032206494B6823F0407343EA0F
:10B7500002634B6030BD04EBC2025279F3E700BFD5
:10B7600000000E4070FD040070B5084C41F67136C3
:10B77000256C2664FFF7A6FA0021FFF7D1FFADB2D2
:10B78000B5421CBF0023236470BD00BF00000E4003
:10B79000044BDB6B5B0604D4034AD2F8C830002BA1
:10B7A000FBD1704700300E400000C64308B5FFF7DC
:10B7B000EFFF024B5868C0F3014008BD00300E4057
:10B7C000044BD3F84421D20703D4D3F840211042CC
:10B7D000FBD1704700400E4070B5064C41F6713603
:10B7E000256C2664FFF79CFFADB2B5421CBF002359
:10B7F000236470BD00000E4038B5C0F30323013B45
:10B80000092B16D8DFE803F02616151505191C15A7
:10B810001F23124C0023C0F3043513B11846FFF761
:10B82000CFFF04F1424404F5801405EBC404A400E6
:10B83000216038BD0A4C0023EDE70A4C0123EAE7FA
:10B84000094C1023E7E7094C4FF48033E3E7084C39
:10B850000023E0E7074C0023DDE700BFB0400E40C7
:10B86000C0400E40E0400E40E8400E40F0400E4028
:10B8700050410E4000400E40C0F30313013B092B22
:10B880002AD8DFE803F0050B0F1929291F23374BAE
:10B89000274BD3F80001C0F304207047244BD3F8A2
:10B8A0001401F8E7224BD3F80001C0F30060431CF9
:10B8B00001209840013870471D4BD3F80C01C0F3AC
:10B8C000082070471A4BD3F80801F8E7194B984243
:10B8D00004D0194B984207D000207047144BD3F87E
:10B8E000203103F00F03E3E7114BD3F82031C3F30A
:10B8F0000113DDE7114B98420CD003F5B01303F5AB
:10B9000080539842E8D10A4BD3F82801C0F30120B4
:10B91000031DCDE7064BD3F82831E8E7084B9842E2
:10B92000DAD1034BD3F8300100F00300704700BFB9
:10B9300000400E408006160080162E0090171A0058
:10B94000A009140000F00F000138072844D8DFE8F0
:10B9500000F0040F1943232D4335244BD3F89430C2
:10B9600003F00703023B052B38D8214AD05C70470F
:10B970001E4BD3F8803003F00703013B042B2FD874
:10B980001C4AF3E7194BD3F8843003F00703013B5B
:10B99000042B25D8184AE9E7144BD3F8883003F074
:10B9A0000703013B042B1BD8144ADFE70F4B1B6F27
:10B9B00013F0010F0CBF0720092070470B4BD3F881
:10B9C0005C3103F03003202B0CD0302B0CD0102B2B
:10B9D00014BF0120072070470020704705207047E2
:10B9E00001207047042070470820704700400E4037
:10B9F00060FD040066FD04006BFD040066FD0400AC
:10BA000008B50146FFF79EFF1A4B994212D01A4B18
:10BA1000994213D0194B994204D1194BD3F88000A5
:10BA200000F007000138042822D8DFE800F00B0FEF
:10BA300017130B00124BD3F88400F1E7104BD3F827
:10BA40008800EDE7BDE808402EF010BDBDE80840D5
:10BA5000FFF79CB9BDE808402EF00BBDFFF736F9A3
:10BA6000074BD3F80031C3F300630133D84008BD5E
:10BA70000020FCE7030020000500240002001E0057
:10BA800000400E4010B500F47813B3F5B01F044623
:10BA900074D025D8B3F5402F5ED010D8B3F5802FE1
:10BAA00049D005D83BB1B3F5003F4FD0002010BDC1
:10BAB000B3F5202FFAD1BDE81040FFF707B9B3F571
:10BAC000801F00F08480B3F5A01F4DD0B3F5602F28
:10BAD000ECD14A48FFF736FF072878D00928E9E774
:10BAE000B3F5381F53D013D8B3F5001F58D00AD878
:10BAF000B3F5D01F56D0B3F5F01FD7D14048BDE8FD
:10BB00001040FFF77DBFB3F5101FCFD13D48F6E7DA
:10BB1000B3F5481F4DD0B3F5781F65D0B3F5401F7E
:10BB2000C4D13948FFF76CFF384BD3F82831C3F341
:10BB30000123043320E0FFF7C9F8344BD3F80C316C
:10BB4000C3F308230133B0FBF3F0B0E7FFF7BEF80F
:10BB50002E4BD3F80831F3E7FFF7B8F82B4BD3F8A7
:10BB60001431C3F30423EDE72648FFF749FF274BC1
:10BB7000D3F8303103F00303D84098E72048FFF7AB
:10BB80003FFF224BD3F8203103F00F03F4E71C48AA
:10BB9000FFF736FF1D4BD3F82031C3F30113EBE75A
:10BBA0001948ACE71848FFF72BFF184BD3F828319A
:10BBB000F3E71748FFF7C6FE072808D0082809D082
:10BBC00004287FF473AFBDE81040FFF7BBB8114BFA
:10BBD00018686CE7FFF77AF80C4BD3F80031C3F321
:10BBE000042303FB000062E7FFF770F801462046DC
:10BBF0002EF029FDB1FBF0F059E700BF06000E0062
:10BC000002001E00050024000300200000400E403A
:10BC1000B80032008410002010B5FFF7A5FD094BD5
:10BC200007225A67FFF752F8FFF758FDFFF778F839
:10BC30000446FFF7BBFD01462046BDE81040FFF774
:10BC4000CBBD00BF00400E4008B5FFF77BFE0228C9
:10BC500006D00D284FF6FF7008BF4FF4FA7008BDEC
:10BC6000014B1888FBE700BFF6120020014B18803B
:10BC7000704700BFF6120020014B1880704700BFCC
:10BC8000F412002010B5042813D8DFE800F04703B1
:10BC90002F132100294AC1F30801D2F86838002B7C
:10BCA000FBD1274A136A23F4FF7323F001031943DE
:10BCB000116210BD214A01F07F01D2F86038002BDB
:10BCC000FBD11F4A136923F07F0319431161F0E789
:10BCD0001A4A01F07F01D2F86438002BFBD1184AD0
:10BCE000936923F07F0319439161E2E7144AD2F884
:10BCF0009030536A23F0300343F010035362146B07
:10BD0000104BC1F3C31003300F2803EA040328BF0C
:10BD10000F20194341EA00711163CAE74F29074A0E
:10BD200028BF4F21D2F87438002BFBD1044A936B03
:10BD300023F07F0319439163BBE700BF0020C84392
:10BD400000400E4000F8FF0F104A536A13F0300F06
:10BD500018D0202913D0302914D000290C4B08BF4B
:10BD60004FF44003D2F8901033EA0101FAD15B029C
:10BD700046BFD2F8A000C0F38020012070474FF4E6
:10BD80000003EFE74FF44003ECE700BF00400E4034
:10BD9000FFF3E17F02280AD129B1064B4FF48060FE
:10BDA000C3F8A800596612B10220FFF7CDBF0120E9
:10BDB000704700BF00400E402DE9F34106460F4694
:10BDC0009046072868D8DFE800F0049025208B67AC
:10BDD000670D4FF400714FF4807408230925002F7C
:10BDE00069D05FE001A801F02BFA9DF80530012B26
:10BDF00006D94FF400414FF480440E230F25EEE79F
:10BE00009DF80430022BF4D8FEE701240221002320
:10BE10002546E4E700294BD0364A536A13F0300F29
:10BE20003DD1354BDB6B536ADB0705D5536A23F0F5
:10BE3000300343F0100353620424022303252D4AE8
:10BE400014662E4A13449B0019680029FCD0B8F1EF
:10BE5000000F21D01544AD002B68002BFCD0022E22
:10BE60001AD1CFB1234F796A11F001011CD0012200
:10BE700020213046FFF78EFFD7F89C600122002179
:10BE80000220FFF799FFC6F30A010220FFF7FAFE2E
:10BE90003C662B68002BFCD002B0BDE8F081042486
:10BEA000022303250027CAE73046FFF74DFFE3E7EB
:10BEB0000821022303250F480122016602FA03F339
:10BEC000D0F890201A42FBD1B8F1000FE4D0012342
:10BED000084A03FA05F5D2F890302B42FBD1DBE794
:10BEE000202110240423052579E7802140240623FE
:10BEF000072574E700400E4000300E408004F21029
:10BF000010B50446C0B901221146FFF755FFFFF7EF
:10BF10002BFCB4B90D4B04225A67FEF7D7FEFFF78E
:10BF2000DDFBFEF7FDFE0446FFF740FC0146204620
:10BF3000BDE81040FFF750BC0128E8D10246014699
:10BF4000E3E7012CE9D1014B0322E5E700400E4075
:10BF500038B5FEF7F7FE0021044600F001FB124859
:10BF6000FFF7BCFB012211460220FFF725FFFFF778
:10BF7000FBFB0CB1FFF70CFC0C4B02225A67FEF7DF
:10BF8000A5FEFFF7ABFBFEF7CBFE0546FFF70EFC69
:10BF900001462846FFF720FC2CB920460121BDE8C8
:10BFA000384000F0DDBA38BD0148E80100400E40DD
:10BFB00070B5184B1C68184B9C4227D900212046AD
:10BFC00000F0CEFA1548FFF789FB01221146032045
:10BFD000FFF7F2FEFFF7C8FB0CB1FFF7D9FB104BE0
:10BFE00001265E67FEF772FEFFF778FBFEF798FE0C
:10BFF0000546FFF7DBFB01462846FFF7EDFB3CB9A2
:10C0000031462046BDE8704000F0AABA0024D9E7C6
:10C0100070BD00BF54100020002D31010148E8011F
:10C0200000400E4010B5012211460320FFF7C4FE68
:10C03000FFF79AFB084B05225A67FEF747FEFFF70A
:10C040004DFBFEF76DFE0446FFF7B0FB01462046B0
:10C05000BDE81040FFF7C0BB00400E4010B50446DD
:10C060001120FFF76FFC002101220220FFF7A4FE40
:10C07000184A217C536A23F00103022908BF43F0C8
:10C0800001035362144B2178C3F8A014637AA1888A
:10C0900043EAC123D362136BA07A217A03F07F6352
:10C0A0000343E08843EAC02343EAC11303310F2965
:10C0B00028BF0F2143EA01731363A37B617B1B013C
:10C0C00043EA0133E17B0B43217B43EA01435363A2
:10C0D00010BD00BF00400E400000C84338B50E4DF3
:10C0E00001461120FFF72EFCAA6B0C4B0C78134075
:10C0F0001C434B7844EAC3248B7844EA0364CB782E
:10C1000044EA0324AB6BA34205D000210122084678
:10C11000FFF752FEAC6338BD00400E4080E4FFF8EC
:10C12000034B5868C0F30800003818BF012070475F
:10C1300000ED00E04209054B53F8223000F01F00EB
:10C1400023FA00F0C04300F00100704700E100E076
:10C15000034BD86B80F04000C0F38010704700BFE5
:10C1600000300E4042EA0323B3F5007F39D016D8E1
:10C17000B3F5807F31D007D85BB3012B1ED00022EE
:10C18000134603600A60704740F201129342F6D1F1
:10C19000184BD3F824321A0EC3F30743F1E7B3F573
:10C1A000407F22D040F2013293420ED040F2012271
:10C1B0009342E4D10F4BD3F8283202E00D4BD3F871
:10C1C0002432C3F30722DBB2DBE70A4BD3F8283271
:10C1D000E1E7084BD3F81C32F3E7064BD3F81C32E7
:10C1E000D9E7044BD3F82032EBE7024BD3F82032E7
:10C1F000D1E700BF0081E00F08B5FFF7A9FF20B12C
:10C20000024AD2F8C830002BFBD108BD0000C6435B
:10C2100008B5FFF79DFF80B1FFF7EEFF074B1968E8
:10C220005A68C1F30121C2F3014291421A688CBFDE
:10C2300042F0100222F010021A6008BD00300E40D9
:10C24000064B1B68DB0608D5054B1B69C3F304438B
:10C25000082B02BF034B044A1A60704700300E409F
:10C2600000400E4054100020C0EA210137B5FFF70E
:10C270006FFF38B12E4B1B78C3F10202102393409D
:10C280002C4A13612C492D4DD1F8804145F60E03FF
:10C29000C1F880312B6823F0AA03DB05DB0D0B66A8
:10C2A000FFF7AAFF234B1B68D80604F0010416D53C
:10C2B000D1F84031DA01FBD4214B1B680B61214BD3
:10C2C0001B78052B0BD1204B18680190FFF794FFCA
:10C2D000184B01985968C1F30141FFF77DFA194BDA
:10C2E0001B78023B0A2B0AD8DFE803F00616180970
:10C2F00009090909091B1E000020FFF701FE2B6830
:10C30000DB075EBF0C4B02221A661CB10A4B0022EF
:10C31000C3F8802103B030BD0120EEE7FFF718FE1F
:10C32000EDE7FFF77FFEEAE7FFF776FCE7E700BF00
:10C330001332002000300E4000400E40082600203E
:10C340000C260020113200205410002010B50B4C98
:10C350000B4BD4F890201A601120FFF7F3FA094B29
:10C360001870FFF749FF084B084A5B68C3F30143A5
:10C370001370074B22691A6010BD00BF00400E40C9
:10C38000082600201132002000300E401332002019
:10C390000C260020064942780B6823F4407343EAD8
:10C3A0000223022A0B6004BF024B5B6A704700BF86
:10C3B00000300E4000400E4010B5044608B1FFF7B3
:10C3C000C5FFFFF725FF164A136943F00403136105
:10C3D0002EF068FA2EF067FA124B1B68DB0618D5B0
:10C3E0002EF036F93FF0B0FA2EF036F92EF05CFA66
:10C3F00003F03AFC7CB1FFF739FF0A4AD2F84C311E
:10C4000023F00043C2F84C3144B9BDE81040FEF7B8
:10C4100087BC30BFEAE7FFF713FFEEE710BD00BFB0
:10C4200000ED00E000300E4038B5044608B1FFF7DB
:10C430008DFFFFF7EDFE1B4B1B4DD3F8802145F61A
:10C440000E01D207C3F8801148BF00224FF42071BB
:10C45000196648BFC3F88021144A136943F00403E6
:10C4600013612EF01FFA2B68DB0615D52EF0F0F8BD
:10C470003FF06AFA2EF0F0F803F0F6FB74B1FFF724
:10C48000F5FED5F84C3123F00043C5F84C3144B9E2
:10C49000BDE83840FEF744BC30BFEDE7FFF7D0FE03
:10C4A000EFE738BD00400E4000300E4000ED00E0E8
:10C4B00070B50378124A002B4378946914BF0426A0
:10C4C0000026002B837814BF02250025002B03795A
:10C4D00024F03F0443EA0403C47814BF0821002178
:10C4E000012C08BF43F0010333432B430B439361FB
:10C4F0001368417923F4403343EA0143136070BD6C
:10C5000000300E4070B504460E46FFF721FE10B312
:10C51000FFF772FE104B5B68C3F301439C421AD0D5
:10C520000E4BD3F80031FEF7D1FB022C054602D1A9
:10C530002146FFF751F9C4F1020210239340064A45
:10C5400013610EB1FFF758FE2CB921462846BDE80D
:10C550007040FFF741B970BD00300E4000400E4002
:10C5600013B50246FFF7F4FDC8B152B90D4B019166
:10C57000D3F80041FEF7AAFBC4F30422019902FBA1
:10C580000002094B1B7843B1084B9A4205D80220A0
:10C5900002B0BDE81040FFF7B5BF0020F8E702B0D9
:10C5A00010BD00BF00400E4012320020002D3101AE
:10C5B000034B02781A7001210020FFF7D1BF00BFA2
:10C5C0001232002010B5174B4AF6E852596B5A63E5
:10C5D0009A6FD407FCD41B6C13F003031EBF124ADE
:10C5E0000124C2F8B44A834216D00E4B9A6FD20788
:10C5F000FCD41A6C22F0030202431A649A6F12F000
:10C600000102FBD10038084C18BF01200129C4F8F1
:10C61000B40A08BF5A6303E010B9034BC3F8B40A65
:10C6200010BD00BF00300E400000C6432DE9F04FA2
:10C6300089B00023CDE90233CDE90433CDE90633D7
:10C64000A0F5E163B3F5966F04460D46914604D913
:10C650000025284609B0BDE8F08FB0F5E16F674BC3
:10C660008CBF0122002240F0BC80D3F81832C3F303
:10C670000721DBB2079104934FF4167A4FF4966BBF
:10C68000DFF87C81D8F84C700192C7F301773B4604
:10C6900005A902A8FFF766FDD8F8E060019AC6F385
:10C6A0000126334606A903A8FFF75CFD049B079902
:10C6B000A4EB0B0EA1EB030C0EFB0CFCBCFBFAF283
:10C6C00013EB020C2CBF012300236145C0D3002BC8
:10C6D000BED1069A0398131A0EFB03F3B3FBFAF3C9
:10C6E000C0182CBF012300238242B1D3002BAFD14D
:10C6F000059B02995A1A0EFB02FEBEFBFAFA11EBD9
:10C700000A012CBF4FF0010E4FF0000E8B429FD359
:10C71000BEF1000F9CD1B9F1000F10D0D8F85C2009
:10C7200022F4FE4222F00202B4F5E16F42EA0C224A
:10C7300018BF4FF0020E42EA0E02C8F85C20002D2E
:10C740004DD02E4B022FD3F830223ED0032F3FD0B6
:10C75000012F14BFD2B2C2F30722120312F4702FBA
:10C760007FF476AF264FFB6E23F470431A43234BBE
:10C77000FA66022ED3F830222CD0032E2DD0012EB3
:10C7800014BFD2B2C2F30722120312F4702F7FF447
:10C790005FAF1B4ED6F8E03023F470431A43C6F85F
:10C7A000E020736E814238BF014623F4FF73E7290E
:10C7B00023F0010328BFE721B4F5E16F18BF43F070
:10C7C000010343EA4103736643E7C2F30742C4E748
:10C7D000120EC2E7C2F30742D6E7120ED4E70125D4
:10C7E00037E7D3F81832190EC3F3074307910493C0
:10C7F0004FF4966A4FF4E16B42E700BF0081E00F0F
:10C8000000300E40304B1A6FD96C11F0010F02F05E
:10C81000060244D0002A42D0132851D914381328D4
:10C820008CBF102308232849013BCA6C180322F44B
:10C830007F4240EA03231343CB64244BCA6C1B881A
:10C84000C2F303222833013202EB820003EB5303CD
:10C85000B3FBF0F3C86C013B072B28BF072320F084
:10C86000EE6040EA036343F48013CB64184BB3F9E2
:10C870000030002B12DB03F12800C0F34E03034409
:10C88000500800EB4202B3FBF2F20B6D072A28BFFF
:10C89000072223F0700343EA02120A657047D96C3D
:10C8A00001F00101114304D1092809D90A380928E6
:10C8B000B6E7DB6C13F00103B5D01AB92728AFE750
:10C8C0000423B0E70023AEE700300E404C310020D7
:10C8D0004E310020064A074BD3F88039136F23F0FE
:10C8E00007031843044B10671888FFF78BBF00BF7E
:10C8F00000300E400000C6434A31002038B50446DF
:10C900008088E388B4F90C504A2B50D9B3F5FA7FEC
:10C910004FD340F6C312934294BF4FF000524FF0F2
:10C9200040522949CB6C23F0405323F00103002DE2
:10C93000A8BF43F001031343CB64D1F8E03043F4C4
:10C940004073C1F8E030214B1880CB6E43F0807308
:10C95000CB661F4BD3F8800900B10420FFF7BAFF64
:10C960001C4B218919801C4BB4F90C20A0881A801B
:10C97000FFF748FFA37BFBB1012B21D00122608888
:10C980001146FFF753FE054678B10F4AD36B43F4C7
:10C990008063D3636078FFF715FEA37AA3F12002CA
:10C9A000534253410A4AC2F89437284638BD002200
:10C9B000B7E74FF08052B4E7034B084A9A65DDE7CA
:10C9C000014B074AFAE700BF00300E404A31002011
:10C9D0000000C6434C3100204E31002077402057E4
:10C9E000372110B7044AD2F8443423F00303184324
:10C9F000C2F84404704700BF00A00040F8B5072A01
:10CA000001F0030614461F464FF00F0120D8950091
:10CA100000FA05F2A94016482DF04BFF03211548F6
:10CA200006FA05F2A9402DF044FF13499DF818308D
:10CA30002144890001220F60C1F880300F4B02FAB7
:10CA400004F4C3F824449DF81C30C1F80033F8BD49
:10CA5000A2F10805AD0000FA05F2A94008482DF042
:10CA600028FF0321074806FA05F2A940DBE700BFCB
:10CA700000A4004008A400408020851000A00040D1
:10CA800004A400400CA40040F8B500EB40000D46A3
:10CA90001F46040116463AB1164801238B40204434
:10CAA000CFB100F1C0600360072D4FF00F0115D822
:10CAB000AB00114806FA03F2994020442DF0F9FE2C
:10CAC00046B90C4A012101FA05F5224477B102F179
:10CAD000C0621560F8BD00F18060E4E7A5F10803CD
:10CAE0009B00064806FA03F29940E6E702F18062ED
:10CAF000EFE700BF0CA0004004A0004008A00040E9
:10CB0000F8B505460E4614466AB3026822F4407230
:10CB1000026003F003072DF09BFD2A6882EA0723D9
:10CB200003F4407353402B602DF096FD36B9114B42
:10CB30009D4219D11048FEF7A5FF06462B680F4B02
:10CB4000D85D60430FD02A686FEAC404044492079A
:10CB500004EB0603B3FBF0F303F1FF3302D5002B24
:10CB600008BF01232B61F8BD054B9D42E6D1054866
:10CB7000E1E700BF00C000400062040098FD04002F
:10CB800000C400400072040038B5002303640B4B5E
:10CB9000C3634A78430103F1844382F001020C46E7
:10CBA0005A600B7B0546D1E90112FFF7A9FF2178F6
:10CBB0002846BDE838402DF08DBE00BFFFFF0700BE
:10CBC0002DE9F0417A4B984220D003F580639842DA
:10CBD00040F0EA80774B9968402405254FF0000E1D
:10CBE0000327426B12F4C06F16D0950510D5FD22B5
:10CBF0005A7009221A700022026493F90110012967
:10CC000000D15A7093F90100BDE8F0816A4BE2E768
:10CC10005405EED5FE22EBE71E78082E00F2C08008
:10CC2000DFE806F0051B3B45626D8F97B7004C8827
:10CC30000A88E1060AD5120A02F0060242F0F00262
:10CC400001211970C26241600120DDE702F0FE029D
:10CC5000A70748BF42F00102F2E7160605D5802279
:10CC6000C2634FF608721A8061E05206ECD54A881A
:10CC7000C463D60604D502221A700B78C362E3E7B8
:10CC8000920764D507221A701B7901EBC3010B8947
:10CC9000012BD9D108234360D6E71606DFD452060C
:10CCA000D2D54A88C463960751D51F7099E74C883E
:10CCB0000A88E50643BF120A02F0060242F0F002BB
:10CCC00002F0FE02670709D51C7901EBC40142F0AE
:10CCD00001020989012904BF08214160042119705A
:10CCE00001234360C262AFE71606B8D45606ABD53F
:10CCF0004A88C46352072AD507221A70A4E71A7912
:10CD00005E8801EBC20CBCF80880B04511D8013236
:10CD1000D2B21A714E88A3F802E016F0040FC4D103
:10CD2000F60702D4012A7FF65CAF08221A700223AC
:10CD3000B1E7DCF80420711C5980925DC2620622C2
:10CD4000DBE716068BD456067FF57EAFC4631D70F5
:10CD500047E794067FF578AF1A795C88C56901EBDF
:10CD6000C2010A89A24281BF4968661C5E800D55D6
:10CD700059888A42D9D90424012A446004D9013A45
:10CD8000914201D1082242601A78092A3FF433AF58
:10CD90005AE7D2057FF558AF4FF48072C26328E797
:10CDA0004FF609321A8026E76FF003002CE700BF28
:10CDB00000C000401C2600201026002010B41B4B91
:10CDC000984208D003F5806398422AD06FF00300A0
:10CDD0005DF8044B7047164B8268D20744BF20228F
:10CDE00042604A88940702D50C89002CEED0520785
:10CDF00002D50A8A002AE9D04FF480721A60002214
:10CE00001A719960C0234360C368DB050BD4094BDA
:10CE1000C363036C5DF8044B43F4FC630364FFF7E6
:10CE2000CFBE054BD8E7C369EEE700BF00C00040A6
:10CE300010260020FFFF07001C260020084B4FF49F
:10CE40000072C3F88020BFF34F8FBFF36F8F054B85
:10CE50000021D9664FF4AA401962FEF7CDBC00BF8D
:10CE600000E100E000200E40034B03449B0081F0F2
:10CE700001011960704700BFA001F11010B5044610
:10CE800001214FF4AA40FEF7B7FCB4F80130227834
:10CE90005BBA9BB243EA02630B4A1360002313623E
:10CEA000D36253634FF00043D3664FF0FF33936672
:10CEB000064A4FF40071C2F88011E3785B01DBB2DF
:10CEC00082F80933116010BD00200E4000E100E03F
:10CED0002DE9F041C3B201259D40CB7A8F7A234ED4
:10CEE000D1F800E00C464FF03008097B94F80DC0F3
:10CEF000B5661B0508FB006043EA074343EA41535C
:10CF000022F00302C0F880E0C0F888C0C0F8843086
:10CF1000C0F898202DF0A3FBF36E2B43F366237A21
:10CF200013B1736B2B437363637A13B1F36A2B43AF
:10CF3000F3620E4B1A68237923B1DB431B0263F4BF
:10CF40007F431A4063790BB142EA0322A3790BB104
:10CF500022EA0302E3791A43044B1A60044A9562F9
:10CF6000DD63BDE8F0412DF080BB00BF00200E4026
:10CF700000200E4410B5C0B2012484402DF06FFB98
:10CF8000054AD36E23EA0403D366044B1C62BDE852
:10CF900010402DF06ABB00BF00200E4000200E4460
:10CFA00010B5C0B2012484402DF059FB074B1A6A1A
:10CFB000224209D19B6A34EA03030CBF01240024F6
:10CFC0002DF053FB204610BD0024F9E700200E4051
:10CFD000054B5A685B68054B41F671321A649A68D2
:10CFE00022F001029A60704700300E4000000E40AF
:10CFF000034B9A6822F001029A6000221A6470477B
:10D0000000000E40094A0A4BD969C90705D512B973
:10D010006FF002007047013AF6E7002AF8D00122CB
:10D020001861DA60D86940F38000704780969800F4
:10D0300000000E4070B5C1B10E4A0023082550F81B
:10D04000234094610C4CD5600133D669F60705D5B1
:10D0500014B96FF0020009E0013CF6E7002CF8D0AB
:10D06000D469A40703D49942E9D1002070BD6FF0C0
:10D070000100FBE700000E40809698002DE9F84380
:10D080001C4B884641F671311D6C19641A490746DC
:10D0900048684968996841F00101ADB29960960805
:10D0A0004FF00009B14501D3002005E007EB8904EA
:10D0B0002046FFF7A7FF48B10E4B9A6822F0010205
:10D0C0009A600DB100221A64BDE8F883C4F30A0423
:10D0D000C4F50064A408A6EB0901A14228BF2146BB
:10D0E0004046FFF7A7FF0028E6D1894408EB8108F6
:10D0F000D8E700BF00000E4000300E4010B5234BB3
:10D1000041F671311A6C196421494C684968996873
:10D1100041F00101996001211861D960D9694C077A
:10D1200092B209D5996821F0010199600AB10022F3
:10D130001A644FF0FF3026E00221D9601549D86902
:10D14000C00700D569B9D86910F002000BD0996802
:10D1500021F0010199600AB100221A646FF0010008
:10D1600011E00139EBE741B9986820F001009860BF
:10D1700002B119646FF0020005E0996821F0010125
:10D1800099600AB1186410BD1046FCE700000E401B
:10D1900000300E40809698008B784A789B0143EAD5
:10D1A00082030A781343CA7843EA02130A7943EAEE
:10D1B000C2234A7943EA02338A79043043EA42437C
:10D1C0000001014A1350704700200440014B1860D1
:10D1D000704700BF0000844270B54278017903783F
:10D1E000002A827814BF04260026002AC27814BFC1
:10D1F00010250025002A42794FEA023242EA012234
:10D2000042EA0302837914BF20240024002BC3794F
:10D2100042EA034343EA0603027A43EA050314BFE2
:10D220004FF4004100212343002A14BF4FF4003281
:10D2300000220B431343014A136070BD00200440D9
:10D240000D4AD2F8E430D2F8E0109B0003F03C0322
:10D25000C1F381110B438370D2F8E03003F03F0338
:10D260004370D2F8E830D2F8EC2003F0F003C2F3B8
:10D27000031213430370704700FF0FE0024BD3F813
:10D28000F000D3F8F41070470081E00F044BD3F89E
:10D29000E4301B0E0A3303F01F030120984070474F
:10D2A0000081E00F70B5054616461C4619B91448B2
:10D2B000FEF7E8FB0146402C1BD003D8DCB1202C44
:10D2C0001BD070BD602CFCD1042303FB06F2560872
:10D2D00006EB4113B3FBF2F30A4A203B02EAC30315
:10D2E0002A6822F060022A602A6814432C606B616D
:10D2F000E7E70623E9E71023E7E70823E5E700BFB0
:10D3000040410500F8FF7F0038B50546144619B9BD
:10D310000548FEF7B7FB014601396400B1FBF4F1A3
:10D320000902696138BD00BF4041050040F6AA63AB
:10D33000C36041F205020023036042600C4A83602F
:10D340004361C36482640B4A03669042436702F5FB
:10D3500080628367C36704D0904202D00649884246
:10D3600000D1036500239042836508BFC365704701
:10D37000F9FF010000000140000801404111064A88
:10D38000012300F01F0003FA00F052F82130184387
:10D3900042F82100704700BF28260020044B1B687C
:10D3A0001BB1044B0360002070470120704700BF91
:10D3B000382600205031002070B50D4C246884B10F
:10D3C0000C4C26888518B5420DDC6688CD18B54210
:10D3D00009DC52B14BB1A080E18022816381002041
:10D3E00070BD0120FCE70420FAE70520F8E700BF44
:10D3F00038260020503100202DE9F74F0093444B90
:10D400001B68002B7FD0DFF810910D9FB9F8063014
:10D41000B9F80A205D181A441FFA82FAADB24FF02B
:10D42000010B1FB9384603B0BDE8F08FABB29A4587
:10D430006BD9384AB9F80840B9F80430241A02EB1D
:10D440000511009ABC4228BF3C46161E18BF012693
:10D4500003447642072CA7EB04079BB2F6B221D80F
:10D460001C44BEB9A34217D2DE0803F007020BFA30
:10D4700002F08A5D013322EA00028A559BB2F1E78D
:10D48000D80803F007020E5C0BFA02F232430133B4
:10D490000A549BB2A342F3D32846FFF76FFF01352E
:10D4A0000020BEE74FEAD30C01EBD30813F00703CB
:10D4B00010D00BFA03F211F80CE0D2B2501E524217
:10D4C0000EEA000032401043083B01F80C0008F15E
:10D4D00001081C44E20809D03146404601923EF062
:10D4E0001FF814F00704019AD6D090440BFA04F404
:10D4F00098F80030E4B26242013C134034401C43CF
:10D5000088F80040C8E701278CE704278AE700BFB6
:10D5100038260020143200205031002037B5124D3B
:10D520002B68FBB9FDF704FB044618B10124204623
:10D5300003B030BDFDF7F0FA28600028F6D002886D
:10D5400041880A4B1A801A814A4359809C80DC80AA
:10D5500059812046CDE90042234622462146FFF765
:10D560004BFFE4E70024E2E738260020503100209A
:10D570002DE9F8431B4FDFF874803C68DFF86890B2
:10D58000002301251A46D8F800004188D6188E429B
:10D5900007D3FBB91348102200213DF0C1FF002042
:10D5A00012E0E10708D50133D118C9060ABF57F8C0
:10D5B000254064080135E6E753B109EB0211FDF798
:10D5C0004FFA034610B10720BDE8F883721CEBE761
:10D5D0000132E9E7044901EB0211FDF741FA0028A5
:10D5E000D8D0F0E72826002014320020382600206A
:10D5F00030B587B0054600B300226FF07F43C0E925
:10D60000012301A8FFF7CAFE044698B9019B2B60CD
:10D610001A885B88CDE90200013A013B02A928463D
:10D62000049205932DF03AFA044618B904492846A5
:10D630002DF022FD204607B030BD0524FAE700BFDB
:10D64000CC00050038B504463DF0A3FA0FCC044DDC
:10D650000FC594E80F0085E80F00002038BD00BF1B
:10D660003C260020F0B547F6FF739A426BD00229A2
:10D670006BD8374D05EBC10615F83130B07801286D
:10D6800038BF0120012B4FEAC107044613D1F378BC
:10D690001B1A0020984202D3E018C0B2F0BD191A3C
:10D6A000A3EB5101756835F911509542CCBF01F1DA
:10D6B000FF330846EEE770680028EFD0B0F900307D
:10D6C000934204DBB0F902309342B8BF134682881C
:10D6D000FF2A04BFB0F90610B0F908C03D440FBFDF
:10D6E00001260026C8214FF0280C6D78CA1A92FB3B
:10D6F000FCF2324412B2954201DD002A01DA6A1EC0
:10D7000012B24FF47A7700EBC2060132F188B668A4
:10D7100012B213FB016121EAE171954201F15C0152
:10D72000B1FBF7F104DD00EBC206B6888E42EAD207
:10D7300000EBC20232F8040C884228BF0846A0421F
:10D7400038BF2046A9E7FF20A8E70020A6E700BFD2
:10D750003C260020F0B502295FD8314B13F8310088
:10D76000012816D103EBC1018C78C878012C23461F
:10D7700038BF0123904294BFC3EB0003C3EB020305
:10D78000DBB2001B4A688342C8BF002332F9130092
:10D79000F0BD002A3FD003EBC1014B68002B3CD009
:10D7A0008878904202D3B3F90200F1E7CC78B3F95C
:10D7B00000009442ECD94C789988A1F1FF06013C15
:10D7C000714203F10405E4B2714103F10C071FFA41
:10D7D00082FCCEB2B44216D805EBC1014FF47A7583
:10D7E000B1F9024049686A43521A04EBD47102EB62
:10D7F000610292FBF4F29042CADBB3F9020090425C
:10D80000C6DC10B2C4E737F831E0E64501F10106A5
:10D81000E2D33146DDE70348BAE70348B8E700BF83
:10D820003C2600200CFEFFFF0080FFFF08B50448E7
:10D83000FFF708FFBDE8084001203DF0AEB900BF8A
:10D84000FC03050000487047F81200207FB5094B23
:10D8500009490222CDE901234FF08373CDE9031377
:10D860004FF0FF300D2301A905933DF0C8F907B033
:10D870005DF804FB006A180006010C0010B50329CE
:10D880004FF000030A4A03600446026343630ED16B
:10D8900005212CF0BEFF636823F4407343F400734A
:10D8A0006360636823F4406343F40063636010BD06
:10D8B000200010002DE9F04F8BB0044689469246B7
:10D8C0001946202201A800251E46149F3DF000FEA7
:10D8D00009952CF0BDFE5146804604F582702CF06F
:10D8E00038FF494604F584702CF033FF314604F5C7
:10D8F00086702CF02EFF40462CF0AEFEDFF8C8916B
:10D90000604BDFF8C8A12365DFF8C4B12CF0A0FE9E
:10D91000C4F850B0D4F814802CF09EFE18F0807F2C
:10D9200019D0594B23652CF093FEC4F850B06569AB
:10D930002CF092FEEB0140F18D802CF089FE3946EF
:10D94000054604F588702CF00CFF28462CF084FE68
:10D950000BB0BDE8F08F18F4807F1CD14B4B2365D2
:10D96000013D9023A360636913F4807F484B2365D6
:10D970000ED02CF06DFE3146834604F580702CF0FD
:10D98000E8FE58462CF068FE424B2365424B636527
:10D990008823A360B8E7002D13DA404B2365404B82
:10D9A00063652CF055FE01A9834604F580702CF0C8
:10D9B000D8FE63695846C3F3034309932CF04CFE29
:10D9C0006D42384B23656369DFF808C113F4407F6B
:10D9D0004FF08803A3604FF00100334B6269236569
:10D9E00060656369C4F850C00ABF01214FF0FF3180
:10D9F00005F1FF358142C2F30722C3F307230CD19F
:10DA0000D20706D5D80704D5284B2365284B636574
:10DA1000A7E7284B2365284BF9E70131A1D1D107AE
:10DA200013D4DA0711D5254BC4F850A06365A0655F
:10DA300001A904F580702CF08CFE099B03F00F0304
:10DA4000C4F848318323A3608BE71D4BC4F8509082
:10DA50006365EDE72CF0FCFD04F580783146054662
:10DA600040462CF076FE28462CF0F6FD154B23653B
:10DA70002CF0EEFD3946044640462CF072FE20465E
:10DA800064E700BF3084880198390100C93E8101F4
:10DA9000D23E8201C024D0340982010090A2848841
:10DAA00099830100D9080100C93E8198C8340981D1
:10DAB000E20C8201C80881E20C82010081E214823A
:10DAC000E2148201E010010083D9108183D934115E
:10DAD00035393801DB3E01002DE9F04F8BB081462E
:10DAE0000D4616460021202202A81F463DF018FDD3
:10DAF0004FF00A0A99F80030022B3FD0032B07D0D1
:10DB0000012B46D06FF0710420460BB0BDE8F08FBA
:10DB1000202202A93846B0470446002CF4D100F078
:10DB2000BBFC99F800108346FFF7A8FE2CF090FD8F
:10DB300002A904460BF582702CF00BFE20462CF057
:10DB40008BFD3C4BCBF8503058462DF056FB2CF05B
:10DB50007FFD0BF58078044602A940462CF001FEBB
:10DB600020462CF079FD029A012A1BD8584600F075
:10DB70009DFCBAF1010ABDD12F4CC5E71C2202A9B8
:10DB80003846B04704220446002109A83DF0C8FCED
:10DB9000C3E7182202A93846B047082204460021EC
:10DBA00008A8F3E72CF054FD05F10C0604462946BD
:10DBB0000BF584702DF025FB31460BF586702DF0AA
:10DBC00020FB05F118010BF5887001912DF019FB70
:10DBD00020462CF041FD194ACBF8502058462DF034
:10DBE0000CFB019940462DF042FB0446E8B9144A6B
:10DBF000CBF85020134ACBF8542058462DF0FDFAAC
:10DC0000294640462DF033FB044670B90E4ACBF846
:10DC100050204FF48E72CBF8542058462DF0EDFA78
:10DC2000314640462DF023FB0446584600F03EFCAA
:10DC30006AE700BF30C80C0100B3FFFF81E11C019F
:10DC40008CE11C81D11C0100E11C81D92DE9F84334
:10DC5000064610460F4690461D462FF09EFE28B100
:10DC600029463846BDE8F8432FF081BE2B6A002BC9
:10DC700040F0AD8000F010FC31780446FFF7FEFD67
:10DC80002CF0E6FC04F5807608F118018146304658
:10DC90002DF0B7FA48462CF0DFFC574B236540F2D5
:10DCA0008113636520462DF0A8FA2CF0D1FC29469B
:10DCB000814630462DF0A5FA48462CF0CDFC4F4B5E
:10DCC00023650123204663652DF097FA4C4B2365AD
:10DCD0002DF093FA2CF0BCFC05F10C018146304686
:10DCE0002DF08FFA48462CF0B7FC464B23652046B2
:10DCF0002DF083FA2CF0ACFC08F10C0949460546DE
:10DD000004F582702DF07DFA28462CF0A5FC3E4BE0
:10DD1000236520462DF071FA2CF09AFC4146054609
:10DD200030462DF06EFA28462CF096FC374B2365D2
:10DD3000374B636520462DF060FA07F11801304635
:10DD40002DF095FA054600283BD1324B236520463D
:10DD50002DF053FA304B23652DF04FFA2F4B2365EE
:10DD60002DF04BFA2E4B23654FF48A7363652DF02B
:10DD700044FA2C4B23652DF040FA394630462DF0FD
:10DD800076FA0546E8B9284B2365284B636520469B
:10DD90002DF033FA2CF05CFC4946054630462DF058
:10DDA00030FA28462CF058FC214B2365214B636543
:10DDB00020462DF022FA07F10C0130462DF057FADB
:10DDC0000546204600F072FB2846BDE8F883284649
:10DDD0002FF0E3FD08B1414643E72B6A002B3FF4E7
:10DDE00049AF012105F118002EF0D1F900283FF4C8
:10DDF00041AF114DE8E700BF8184E11C83D91C834A
:10DE0000E11C810182D11C01C81482019983D914BB
:10DE100081E11C018CE11C01811C8401D91C83015E
:10DE200091D11CE0D814140181CB1481D11C820142
:10DE300081E11C84E214010080B0FFFF2DE9F0476E
:10DE400088B0904605460F4600F026FB2978DFF89B
:10DE500054910446FFF712FD2CF0FAFB04F580768E
:10DE600008F11801054630462DF0CBF928462CF074
:10DE7000F3FB40F28313C4F85090204663652DF005
:10DE8000BCF92CF0E5FB08F10C01054630462DF0FD
:10DE9000B8F928462CF0E0FB4FF0010A354B23651A
:10DEA0002046C4F854A02DF0A8F907F11801304617
:10DEB0002DF0DDF90546002854D12F4B23654FF492
:10DEC0008673636520462DF098F92CF0C1FB41461E
:10DED000054604F588702DF094F9694630462CF01B
:10DEE00040FC28462CF0B8FB244B2365244B63658B
:10DEF000244BA36520462DF080F9234B2365234B4B
:10DF000063652DF07AF9224B2365224B6365C4F8D3
:10DF100058A02DF072F9394630462DF0A8F9054683
:10DF200000BB1D4B23651D4B636520462DF065F935
:10DF30002CF08EFB6946054630462CF00AFC28463C
:10DF40002CF08AFB164BC4F8509063654FF48A732B
:10DF5000A36520462DF051F907F10C0130462DF054
:10DF600086F90546204600F0A1FA284608B0BDE82B
:10DF7000F08700BF821CC00C91D11CC0C00C81E195
:10DF80001C82DC0C81148401E11C81C80C0C810111
:10DF9000D20C848BD91CE01484E21482D11C83013E
:10DFA000C00C82D38182D11C2DE9F043A5B00E466E
:10DFB000054600F071FA15F8041B044606F118072F
:10DFC000FFF75CFC1C22002105A83DF0A9FA4FF0E8
:10DFD000010839460CA80DF17009CDF810802DF01C
:10DFE00092F9294614A82DF08EF914AB0CAA04A9B5
:10DFF000CDF800902046FFF75DFC2CF029FB494648
:10E00000054604F5867904F582702CF0A2FB3146B2
:10E0100048462DF0F6F806F10C0104F588700391DE
:10E020002DF0EFF828462CF017FB134B2365204604
:10E030002DF0E3F8114B23652DF0DFF8104B23652D
:10E040002DF0DBF80F4B23652DF0D7F8039904F57D
:10E0500080702DF00CF958B9314648462DF007F97B
:10E0600030B9204600F022FA414638462DF0F1FE44
:10E0700025B0BDE8F08300BF8AD11C0181D91C0105
:10E0800083D11C0181E11C0110F1860F06D038B14B
:10E090009330044808BF6FF06F0070476FF0710055
:10E0A000704700BF009FFFFF70B58CB004460D465F
:10E0B00016460021242203A83DF032FA4FF41053F3
:10E0C000ADF80C304CB323683BB335B31B78022B4F
:10E0D00005D0042B1BD06FF071000CB070BD8023F5
:10E0E000A06BADF80E304C21A0B901202DF0B3FD8E
:10E0F000A8B1A0630B4B0093A06BF3082A4603A9B9
:10E1000000F092FC0CB0BDE87040FFF7BDBF4FF4CB
:10E110008073E5E702F0FCFFECE70348DDE7034826
:10E12000DBE700BF0002C003009FFFFF809EFFFFF0
:10E1300010B550B1046844B139B1806B28B100F01A
:10E14000B3FCBDE81040FFF79FBF014810BD00BF02
:10E15000009FFFFF07B578B102686AB1806B58B1C4
:10E1600051B100230193102201AB00F003FD03B075
:10E170005DF804EBFFF788BF014803B05DF804FBCE
:10E18000009FFFFF10F1860F1BD010F1850F08DAFA
:10E1900010F1930F18D010F1870F07D04FF0FF3018
:10E1A0007047003818BF012040427047094B994220
:10E1B0000DD00433994214BF6FF06D006FF07300FF
:10E1C00070476FF0710070476FF06F0070476FF02D
:10E1D000720070470500000210B5064C064B00297E
:10E1E00014BF1946214600F0FFF92146BDE8104052
:10E1F000FFF7C8BF090000020800000208B500F0E0
:10E2000023FABDE808400149FFF7BCBF090000023E
:10E2100007B500230193202201AB00F097FA0349D0
:10E2200003B05DF804EBFFF7ADBF00BF09000002CB
:10E2300008B5044900F0D8F9BDE808400149FFF7E6
:10E24000A1BF00BF0500000208B500F0FDF9BDE860
:10E2500008400149FFF796BF0500000207B50023FB
:10E260000193142201AB00F071FA034903B05DF889
:10E2700004EBFFF787BF00BF050000022DE9F74F51
:10E280000F9D0190F5202F78DDF830A089461646C5
:10E290009B4600F025F900230446036008224360F2
:10E2A0000E9904F180082CF08DFA294640462CF096
:10E2B00023FA07F007072A78013702F00702C7F1AF
:10E2C00010072A700023EA1905F1100702F8013B34
:10E2D000BA42FBD1294604F184002CF00DFA052343
:10E2E000A360109BF34200F08780102B12D08EB1F8
:10E2F000C3F11002B24228BF32460F3349462B44C5
:10E3000009EB020011F801CB03F801CF8142F9D1EA
:10E310009144B61A394604F18C002CF0EDF95923DA
:10E32000A3600523A3604623A360CEB10023266328
:10E330006363514B236501236365B1440F2EA9EB41
:10E34000060153D80023C5E90033C5E90233CA5C8E
:10E35000EA540133B342FAD3294640462CF0CCF9B3
:10E360000D9B236300236363019B002B47D0434B2A
:10E370002365434B6365434BA365434BE36501232F
:10E380000D9F23660026FFB10F2F4AD8C5E900660E
:10E39000C5E9026600231BF80320EA5401339F42BB
:10E3A000F9D1294640462CF0A7F9294640462CF0E1
:10E3B000BAF9BAF1000F06D00023EA5C0AF803208C
:10E3C00001339F42F9D10027294640462CF0ABF992
:10E3D000204600F08FF8019B002B43D11846129A7B
:10E3E000904241D1002B18BF2C2737E040462CF03B
:10E3F00085F9103EA2D1B3E74623A360B0E7234BD3
:10E40000236503F1BC4303F5262303F64D436365FF
:10E4100003F12243A3F5C053A3651D4BE3651D4BD8
:10E42000AEE7594640462CF069F9103F0BF1100B4E
:10E43000BAF1000F06D0514640462CF076F90AF1A9
:10E44000100AA0E7294640462CF06DF99BE7119988
:10E45000EA5CCA540133129A9342F8D1384603B0A9
:10E46000BDE8F08F0023F6E711992A5C095C4A4069
:10E4700013430130B3E700BF70590546F8704559A2
:10E4800005460348055163FB04480559F803480550
:10E4900046FB044805590100024B03480122C3F81A
:10E4A000002670470010C84300000F40094B9842F7
:10E4B0000ED003F58063984209D10122064B03EB8D
:10E4C000C2035A68054B13449B0000221A60704730
:10E4D0000022F3E700000F40B40405008005F210AD
:10E4E000024B03480122C3F8002670470010C843BE
:10E4F00000000F40044B984203D003F5806398421C
:10E5000001D1FFF7D3BF704700000F402DE9F0475E
:10E5100088B006461F4688461546FFF7BDFF2F4BBD
:10E520009E42044657D006F17E40083801284FD855
:10E530000423236000236360E364626822F4406282
:10E54000626023636A466363A8F1040308F11C0850
:10E5500053F8040F00BA434542F8040BF8D12CF0ED
:10E5600077F86946064604F582702CF0F2F83046DA
:10E570002CF072F81A4B2365109BDFF8689005EBBE
:10E58000831604F5D27A2CF063F82946804650466B
:10E590002CF0EFF8403540462CF05EF8AE42C4F85F
:10E5A0005090F0D12CF054F83946054604F58070AF
:10E5B0002CF0D7F828462CF04FF82046FFF776FFCE
:10E5C0003B1F1C3753F8042F12BABB421A60F9D113
:10E5D00008B0BDE8F0870023ABE700BF05000002EC
:10E5E000888AC801070D810138B50D460446E8B197
:10E5F0006C2200213CF094FF0F4B9D4210D0013360
:10E600009D4210D0043B9D4213D10C49202204F1BD
:10E610000C003CF05DFF0020C4E90100256038BD1E
:10E6200007492022F3E707492022F0E76FF0860030
:10E63000F5E76FF08500F2E708000002C40405006A
:10E64000E4040500040505002DE9F04F85B00E46F1
:10E650001446054600286DD009B9002A6AD12B68F6
:10E66000394A934204D003F17E43083B012B64D81E
:10E670001CB9002005B0BDE8F08F6B6803F03F07C0
:10E68000E3186B6022BFAB680133AB60002F57D03B
:10E69000C7F140094C4553D305F12C0831464A4691
:10E6A00008EB07003CF014FF0122009205F10C0377
:10E6B000403C3C44286842461946FFF727FF3F2C60
:10E6C0004E444FF0000711D9B1074FEA9412B046FB
:10E6D00005F10C0314D10092286832461946FFF761
:10E6E00015FF24F03F031E4404F03F04002CC0D06B
:10E6F00005F12C002246314638443CF0E9FEB8E7EB
:10E7000006EB821905F12C0A4FF0010B414640221D
:10E71000504603933CF0DCFE039BCDF800B0194655
:10E720002868524608F14008FFF7F0FEC145039BF8
:10E73000ECD1D6E76FF086009CE76FF0880099E790
:10E740003F2CC1D8D4E700BF050000022DE9F341FA
:10E750000E461F46054608B11BB922B16FF086046C
:10E760004AE00029F9D02B682B498B4248D001316F
:10E770008B4248D004398B4248D14FF01408904561
:10E7800047D86A68D3008DF8073053098DF80630F2
:10E79000530B8DF80530530D8DF80430AB68D9005C
:10E7A00001EB52718DF8031002F03F025909372A2C
:10E7B0008DF802104FEA53318DF801104FEA535390
:10E7C00016498DF8003094BFC2F13802C2F17802C8
:10E7D0002846FFF739FF044670B9082269462846E3
:10E7E000FFF732FF044638B9C7F80080424605F10A
:10E7F0000C0130463CF06CFE204602B0BDE8F081D2
:10E800004FF01C08BBE74FF02008B8E76FF0880412
:10E81000F2E76FF08904EFE7080000022405050025
:10E820002DE9F04F8FB09B469DF86C30BDF86880A5
:10E830000090914601930E46002900F0B8804F1ECB
:10E840003F09FFF729FE08F1FF330F2B044600F2C2
:10E85000DB80B9F1000F00F0D780BBF1100F03D0BF
:10E86000BBF1200F40F0D0802BF0F2FE002323609C
:10E8700023636363664B23656649824604F1840023
:10E880002BF03AFFBBF1100F0CBF4FF0080B4FF00D
:10E89000100B5A46494620462BF094FF5E4B2365E9
:10E8A0005E4B63655E4BA3655E4BE3654FF4C173DE
:10E8B000236623699B07FCD106F00F03C3F1100305
:10E8C000DDB2102D02A901D1002E72D104F1800019
:10E8D0002BF029FF50462BF0BFFE1022002106A886
:10E8E0003CF01EFE009BA6EB071203EB071106A8E7
:10E8F0003CF0EEFD102D4FEA071A5DD00EAB5A1B0F
:10E900008021012D02F8101C07D0C5F1110006ABC3
:10E910006A1E002118443CF003FE06AA02A8042344
:10E92000116850F8046B013B81EA060142F8041BB0
:10E93000F6D12BF08DFE236B43F010034946236381
:10E940005A46064604F1800720462BF03BFF384626
:10E9500018992BF0D3FE009D04F1A000AA4440F2C8
:10E960000519554533D106A92BF0C6FE40F2051313
:10E970002365256915F00305FBD10AA938462BF05C
:10E98000D2FE019B63B3199842460AA93CF0A0FD50
:10E99000102200210AA83CF0C3FD30462BF05CFE9B
:10E9A0002046FFF783FD28460FB0BDE8F08F0F46E5
:10E9B00047E704F188008BE7002EAED12A463146A6
:10E9C00006A83CF0ADFD80238DF81830A5E7294658
:10E9D000009010352BF092FE0098C4F85090C0E7DC
:10E9E000199B019A0AA8984413F8011B10F8015BBF
:10E9F000984581EA050142EA0102F5D1002A0CBFDF
:10EA000000256FF09405C3E76FF08605CBE700BFE4
:10EA10003082010064050500F50536F024FC31FE66
:10EA200036833624FC31FE362DE9F041DDF81880BE
:10EA30000C4617461E46054610B96FF086002BE0BF
:10EA40000029FAD00AB9002BF7D14C220021284620
:10EA50003CF066FD2388B3F5105F1FD108F0FE433C
:10EA6000B3F1407FE9D10F4B28F47E129A4215D1C1
:10EA70006488C5F80080E208B2426A62DDD8182ACC
:10EA80000CD0202A01D0102AD7D1B242D5D1394694
:10EA9000281D3CF01DFD0020BDE8F0816FF08500D1
:10EAA000FAE700BF0002C0032DE9F74F0D461646F6
:10EAB0000446002856D009B9002A53D123682C4AAD
:10EAC00023F47E13934250D10EB9002016E0A06CBF
:10EAD000F0B1C0F11002B2421AD2383029462044B7
:10EAE0003CF0F6FC04F128020092616A04F138035C
:10EAF000201D2CF02DFD20B16FF0920003B0BDE879
:10EB0000F08FA36CA064C3F11002103E15441E44A4
:10EB100006F10F0805EB060A4FEA18184FF0010935
:10EB200004F1280604F1040BC145AAEB05070CD338
:10EB3000002FCAD0A06C38303A46294620443CF019
:10EB4000C7FCA36C3B44A364BFE70096616A2B46F5
:10EB5000324658462CF0FCFC0028CDD1103509F186
:10EB60000109E1E76FF08600C8E76FF08800C5E7AC
:10EB70000002C0037FB51D4608B301B3FAB1F3B17B
:10EB80000368154C23F47E16A6421BD113F47C1F98
:10EB9000C3F3054408BF1024944216D80123CDE9DD
:10EBA000024300F1280301910093436A816C021D26
:10EBB0003830FFF735FE58B92C6004B070BD6FF0E7
:10EBC0008600FAE76FF08800F7E76FF08900F4E756
:10EBD0006FF09200F1E700BF0002C00370B5114C66
:10EBE000114E0A25236843F4807223F48073226057
:10EBF00030462360FCF746FF0023800A62680AB9AA
:10EC000083420AD1636853B9013DEBD1236823F0F5
:10EC1000010323606FF0920070BD0133EEE7002026
:10EC2000FAE700BF00D00140700002002DE9F04F6C
:10EC300085B0CDE90012654A654DD2F8C03043F485
:10EC40000043C2F8C0302B688046D80719D500248D
:10EC5000DDF800A05E4D4746A3464FF00A09BAF121
:10EC6000000F2DD14CB114F1940F06D05246002163
:10EC700040463CF055FC4FF0000B019BC3F800B040
:10EC80001AE040F271632B60FFF7A8FF044698B9C1
:10EC90006B68032BFCD9D5F800312B61D5F8003116
:10ECA0006B61D5F80031AB61D5F80031EB61FFF74E
:10ECB00095FF04460028CAD0204605B0BDE8F08F75
:10ECC0006C68A40005D02E6B16F45C7F12D1002472
:10ECD00036E04048FCF7D6FEC00A844205D16B6896
:10ECE000002BF0D16FF09304C7E76B68002BF6D1CF
:10ECF0000134F2E7F10515D526F480762E636B68B2
:10ED00005BB9B9F1010BEDD0DDF800A047466FF01B
:10ED100093040020D9468346A1E7D5F80031039338
:10ED2000039BECE7FFF75AFF044618B916F41C7F63
:10ED3000CDD0E6E710F1930F98D010F1940FE0D00A
:10ED40006B6868689B00534528BF5346BA0738462E
:10ED50003AD123F0030C9E08BC44844514D16FF0D3
:10ED6000030C0CFB063646B1D5F80021064400F82A
:10ED7000012BB0424FEA1222F9D10BEB03001F44E2
:10ED8000AAEB030ACB46C5E7D5F8002140F8042BCF
:10ED9000E3E7D5F8006100F8046C4FEA162E00F89E
:10EDA00003EC4FEA164E360E00F802EC00F8016C48
:10EDB000ACF1040CBCF1030F00F10400E9D823F01E
:10EDC00003009E083844CAE79C46F3E700400E4023
:10EDD00000D00140700002007FB5094B6A4603F184
:10EDE0001006154618685968144603C40833B34220
:10EDF0002246F7D12846FDF781FD002004B070BD02
:10EE00007405050070B586B0174B01AA03F1100612
:10EE1000154618685968144603C40833B34222469D
:10EE2000F7D11B882380114BD3F8B420120311D4DF
:10EE3000D3F8B830C3F308030D48ADF80A30FBF738
:10EE400087FF2846FDF70AF93220FCF715FF00205E
:10EE500006B070BD074B1A884FF6FF7140F24F1392
:10EE60008A4218BF1346E7E7840505000081E00FDA
:10EE700000F049020001E00F07B5084B1868019047
:10EE8000202301A88DF80430FDF728F96420FCF751
:10EE9000EDFE002003B05DF804FB00BF9605050001
:10EEA00010B50C480C4C6FF00402A02112F0800F3A
:10EEB000D3B21BBF03F00F03043BA3181B1802F1CE
:10EEC00001020CBF83F8001319762F2AEED100201F
:10EED00010BD00BF00ED00E000E100E010B5044609
:10EEE0002BF0B6FB024B1C602BF0B6FB002010BDD4
:10EEF0005C26002010B52BF0ABFB034B1C682BF0FD
:10EF0000ABFB204610BD00BF5C260020034B1868F9
:10EF1000002380680222194629F0EEBF2412002047
:10EF200030B587B01446054610462CF017FC6369CF
:10EF300083423CBFD4E903315B181B1A02467BB104
:10EF40000F4903910021CDE901310123009304947D
:10EF5000D4E9001328462BF027FB002007B030BD72
:10EF60000122627694F82D20002AF6D084F83530FC
:10EF70001321E36920469847636A20469847ECE7E7
:10EF800021EF00002DE9F04788B004468846174677
:10EF900099462BF064FB8246002F7BD0237E03F042
:10EFA000FF02002B00F0A38020462CF0D7FB6669FF
:10EFB000B04205D1637ED4E903521544AD1B01E094
:10EFC000F9D9851BBD4228BF3D462BF048FB94F87C
:10EFD0002D300646002B6ED161692A4640463CF032
:10EFE00077FA63692B4463612F4621E0037803F0CD
:10EFF000FD0111295CD1216B814205D1A3F11101E1
:10F000004B424B4184F83430013F6369216B8B42A2
:10F0100003F1010308BF2363636101329542606914
:10F02000E4D1D4E90323216B1344994200D1226334
:10F03000D4E903236169207A134499424FF0000513
:10F0400008BF62616576FCF771F920462CF086FBFB
:10F050006369834232D194F82D302576E568656185
:10F0600003B12563636A20469847224B039300232C
:10F070000293236901930123009321686368207A36
:10F0800004942A462BF090FA207AFCF76FF9304668
:10F090002BF0EBFA5046C9F800702BF0E6FAD9F8DD
:10F0A0000030002B0CBF1B20002008B0BDE8F0870B
:10F0B00008F8013BA9E72F460022AFE7012323769A
:10F0C000207A0DF11E01FCF7B9F99DF81E30002BD6
:10F0D000DAD00DF11F01207AFCF788F99DF81F1096
:10F0E0000029D1D1207A2246FFF71AFFCCE7174634
:10F0F000D0E700BF21EF0000002808DB0123420910
:10F1000000F01F0003FA00F0014B43F822007047A3
:10F1100000E100E0002809DB4309012200F01F00A4
:10F1200002FA00F06033024A42F82300704700BF41
:10F1300000E100E070B504460568FFF7DBFE84429D
:10F1400002D10020FFF7CAFE95F93600FFF7E2FF73
:10F1500095F93630002B0DDB5A09012103F01F030E
:10F1600001FA03F32032184941F82230BFF34F8FE0
:10F17000BFF36F8F95F93700FFF7CCFF95F9373064
:10F18000002B0DDB5A09012103F01F0301FA03F3E1
:10F1900020320D4941F82230BFF34F8FBFF36F8FFC
:10F1A000287AFCF703F9287AFCF764F8FCF740F8B2
:10F1B0000023C4E90033C4E90433A3602846AB6AE2
:10F1C000BDE87040184700BF00E100E02DE9F041C4
:10F1D00086B00C46154606464022002120461F46B2
:10F1E0003CF09EF9002395E803002A692376EB683A
:10F1F000E360C4E904232A7D84F82C20AA7D2363DC
:10F20000012384F8343084F835300C9B236284E881
:10F2100003000D9B63620E9B84F82D20E761A362BF
:10F220002B7A84F836306B7A84F837302D4B736044
:10F230002D4BB3602D4B33612D4B346073612D4BDF
:10F24000F360FCF73DF838B12B4B984204D0102402
:10F25000204606B0BDE8F081002104F10800FBF76C
:10F26000B7FF07460028F2D1244B33624FF0010864
:10F27000234B84F83C80B361224BF3619DF840300E
:10F2800084F83B309DF83C3084F83A3084F83900FB
:10F29000697D84F8388020462CF071FA95F90900D0
:10F2A000FFF738FF95F90900FFF726FF164B049486
:10F2B000CDE902732369CDE900836368E2682168C0
:10F2C000207A2BF071F904460028C0D195F9080086
:10F2D000FFF720FF95F90800FFF70EFF3046FFF714
:10F2E000FDFDB5E7CFB7030085EF00004BB7030086
:10F2F00051B7030035F10000038000F021B703008F
:10F300007FB7030057B7030021EF00002DE9F0415C
:10F3100086B01C46524B0C9D0293524B0193012622
:10F32000514B0093CDE90366504B90460A4629465F
:10F33000FFF74CFF0746002856D123682B6463680B
:10F340006B64637A85F84930237A85F84830E37A2C
:10F3500085F84B30A37A85F84A30637B85F84D30C9
:10F36000237B85F84C30E37B85F84F30A37B85F811
:10F370004E303F483146FCF73FFA3E483146FCF7F5
:10F380003BFA617A207A33460422FDF77DFB33464F
:10F390000222E17AA07AFDF777FB60683146FCF73C
:10F3A0002BFA88F80070414620682BF0A3FA2268F7
:10F3B000536F43F003035367936FA17C23F4F85317
:10F3C00023F01F030B43617C43EA0123032193676E
:10F3D000516785F8507098F81930202B2CD007D839
:10F3E00003B3102B09D02327384606B0BDE8F081BF
:10F3F000302BF8D185F8501002E085F850603E4679
:10F4000000230222617B207BFDF73EFB2368E27C28
:10F41000DA675A6E42F004025A665A6F42F01002DE
:10F420005A6766B92A6C2068D36C43F00403D3642E
:10F4300005212BF058FAD7E7022385F85030E17BFD
:10F44000A07B00230422FDF71FFB2368217DDA6FD8
:10F4500042EA0122DA675A6F42F020025A67E1E776
:10F46000F9B80300EDB8030085B9030079B90300CA
:10F470004041050000350A00BFF35F8F074B5A6A11
:10F4800022F480325A62D3F8942022F00102C3F8A9
:10F490009420BFF34F8FBFF36F8F704700ED00E0F4
:10F4A000F0B587B0364D374937480023CDE90333EF
:10F4B000FFF7E2FF2C68354B4FF00052C3F898403D
:10F4C000661CC3F89C208142314AC3F8A0202E60FC
:10F4D00042D005AB019304AB0A1A009303AB2CF0A6
:10F4E000A7FADDE90372059BDFF8A8E0072BA2EB82
:10F4F00001024FF001018CBF4FEAD30C4FF0200CFA
:10F50000B2FBFCF201FA02F2013AD2B2AEEB070E04
:10F51000C01BBEFBFCFEB3FA83F38E44B0FBFCFCC5
:10F5200001FA0CF102FA0EF20139C3F11E030A438B
:10F530005B0002F0FF0203F03E0343EA022343F0C4
:10F540004073124A43F001130234C2F89860C2F8C3
:10F550009C70C2F8A0302C60BFF35F8F0B4B05226C
:10F56000C3F894205A6A42F480325A62BFF34F8F34
:10F57000BFF36F8FBFF34F8FBFF36F8F07B0F0BD37
:10F58000602600207C1300206413002000ED00E0C2
:10F59000390001137B130020F0B589B00023CDE9B9
:10F5A00005330392FFF768FF07AB019306AB039A9D
:10F5B000009305AB2CF03CFA079A069B059D072AA1
:10F5C00003F1FF338CBFD70820275B1A4FF0010CE3
:10F5D0003B44B3FBF7F30CFA03F3013B0446DBB205
:10F5E000E8430144B1FBF7F103FA01F123183B446E
:10F5F000B3FBF7F30CFA03FC0CF1FF33194301F0F2
:10F60000FF01FF292BD0B2FA82F3C3F11E03154C80
:10F61000154A2068C2F898005B0003F03E0343EAF5
:10F62000012343F0985343F001130130C2F89C507A
:10F63000C2F8A0302060BFF35F8F0523C2F894307A
:10F64000536A43F480335362BFF34F8FBFF36F8F1E
:10F65000BFF34F8FBFF36F8F002009B0F0BD28209C
:10F66000FBE700BF6026002000ED00E0BFF34F8FF6
:10F670000549064BCA6802F4E0621343CB60BFF34E
:10F680004F8F00BFFDE700BF00ED00E00400FA056A
:10F69000054B1A782AB95B78002B14BF022003208F
:10F6A00070470120704700BF1C3A0020F8B50329BD
:10F6B00098BF134B054698BF5C5C0E4688BF00247C
:10F6C000032805D8DFE800F002080B0E44F002041E
:10F6D0000C4B1F684FB9F8BD44F00804F8E744F03C
:10F6E0002004F5E744F08004F2E77B681A681442CE
:10F6F00003D05B683146284698473F68EAE700BF79
:10F700009A0505008826002038B5104D2B78ABB13E
:10F710000F4C23781BB12CF0BEF90023237000207E
:10F720002CF0BAF90B4C50B100F0BCFA0023207851
:10F730002B700121FFF7BAFF0123237038BD064B60
:10F7400001221A70054B22781A70F7E71B3A002045
:10F75000163A0020143A00201A3A0020203A0020DD
:10F7600010B52AF075FF064B1B7804461BB1BDE8A7
:10F7700010402AF071BFFFF7C7FF2046F7E700BF30
:10F78000153A0020094A0028137814BF0121FF21EF
:10F790000B44137008D0064B1B78012B04D9054B82
:10F7A0001B780BB9FFF7B0BF704700BF1C3A0020B1
:10F7B000143A00201A3A002070B5144E2AF048FF7F
:10F7C00033780546ABB900F0A1FB044620B12846CA
:10F7D0002AF042FF204670BDAFF300800C482AF0AB
:10F7E0004BFE00F0E3FE0B4B1C6000F06DFC0A4B7F
:10F7F000186000F0D9F92CF051F9084B186001237A
:10F800002846337000242AF027FFE3E7173A002048
:10F8100088260020902600208C26002084260020A8
:10F820002DE9F3410138274A0029135C14BF012157
:10F83000FF210B4413543AD0234E3178012936D995
:10F84000FFF726FF0128044634D8204F2AF000FF96
:10F850003B781BB31E4D2B781BB901222A701D4A21
:10F860001370DFF8748098F8003033B101902CF0F9
:10F8700012F90023019888F800302AF0EDFE0120EB
:10F880002CF00AF92AF0E4FE2B782BB1019000F05D
:10F8900009FA002301982B7000233B702AF0DCFE4C
:10F8A0003078844203D02146FFF700FF347002B065
:10F8B000BDE8F0810329F3D10228F1D100F03EFA2E
:10F8C000EEE700BF1C3A0020143A00201B3A00204B
:10F8D000153A00201A3A0020163A002068B52AF09E
:10F8E000B7FE094B1B78012B064604D82AF0B4FE5C
:10F8F0000025284668BD054B1D6800F011FA054437
:10F9000030462AF0A9FEF4E7143A002090260020A1
:10F9100038B5416004462AF09BFE2146054604485E
:10F920002AF0ADFD2846BDE838402AF095BE00BF5C
:10F9300088260020054B1B68584300F57420044BB3
:10F9400000F23F20B0FBF3F0704700BF8C26002090
:10F9500040420F002DE9F04385B0EFF3108672B6F8
:10F96000AFF300802AF0B5FC002800F08980674DD5
:10F97000674F2B7823B10020FFF704FF00232B7083
:10F98000FFF786FE0446002800F08180841EE4B262
:10F99000012C40F28380FFF77BFE0128804604D9CA
:10F9A0005C4B1B780BB92CF073F85B4CDFF888913B
:10F9B0002078404507D099F8003013B94146FFF749
:10F9C00075FE84F80080B8F1010F0FD9DFF844818B
:10F9D00098F8003053B9514B1B7823B92CF05AF8E2
:10F9E0004F4B01221A70012388F80030207800F074
:10F9F00081F999F8003013B14A4B1B782370AFF3AB
:10FA0000008006B962B6EFF3108672B6464B1A78DC
:10FA100052B100221A70434B20781B78984203D1D0
:10FA200001212170FFF742FE384600F0A9FA2AF0C2
:10FA300065FC804600289CD1364F3B789BB189F805
:10FA40000000DFF8DC9099F800301BB12CF023F8AF
:10FA500089F8008000202CF01FF800284DD000F01D
:10FA600021F900233B702B7823B10020FFF78AFE99
:10FA700000232B7020780021FFF718FE002323704D
:10FA8000AFF3008006B962B605B0BDE8F0832B780D
:10FA9000002B80D0FFF776FE2C707CE703A90020B6
:10FAA00000F0B2FA044600287FF475AF1F4B039AAA
:10FAB0001B689A4205D80120FFF764FE01232B70D2
:10FAC00069E71B4BD3F8008000F02AF9039B8044C0
:10FAD0009845F0D200F048F900280399154A0CBF68
:10FAE0000023042343F00203CDE90043A1EB080106
:10FAF000234638462BF0D9FF4DE7012000F0FAF8F5
:10FB000006B962B6EFF3108672B6A3E71F3A00207B
:10FB1000642600201B3A0020143A00201E3A0020E0
:10FB2000163A0020203A0020193A002084260020AE
:10FB30009026002061F700001A3A002010B52AF044
:10FB400087FD054B00221C781A702AF085FD00F015
:10FB500047FC2043C0B210BD183A002073B5104EC8
:10FB600033788342044611D000238DF8043078B1F5
:10FB700001A88DF805300B4DFCF70CFC1E204CB194
:10FB8000FFF7D8FE2B68181A2860347002B070BDD9
:10FB90000223EDE7FFF7CEFE2B681844F4E700BF21
:10FBA0002F130020A026002073B5284C002501A8A3
:10FBB000636A636A8DF80450FCF7FAFC2846FFF785
:10FBC000CDFFD4F8903003F00403AB42204B14BFB8
:10FBD00001222A461A70D4F890301E4CC3F3003329
:10FBE000237005D04FF41670FFF7A4FE1A4B18606F
:10FBF00023781A4DEBB11120FBF744FF134BD3F8D8
:10FC00000021C2F3042202FB000292B15C6C144E8C
:10FC1000C4F30B44002301341946501E04EB840442
:10FC2000E4FB060128F09EFEFFF784FE2B681844D3
:10FC300028606420FFF77EFE2B681844034B286081
:10FC4000D3F89020074B1A6002B070BD00400E4000
:10FC5000233A0020213A00209C260020A0260020E4
:10FC600040420F009426002008B50B4B1B7893B13F
:10FC7000022000F067FC70B100F0F8F958B10022E2
:10FC800001210220FCF798F82BF090FF034B18603D
:10FC9000034B01221A7008BD233A00209826002049
:10FCA000223A002038B50E4C0E4D23782BB92B7814
:10FCB0001BB12BF07BFF0C4B18602AF0F8FD2B7862
:10FCC0006BB10A4AD2F890301B07FBD52BF06EFFC0
:10FCD000054B1B68C01A064B18600023237038BD03
:10FCE000223A0020233A00209826002000400E40AF
:10FCF0009C26002002280AD003280BD001280CD112
:10FD0000064A136923F00403136130BF70470020D3
:10FD1000FCF752BB0020FCF787BB704700ED00E00A
:10FD2000044B1B680BB103EBD303034A1068184460
:10FD3000704700BF9C260020A0260020084B45F6F7
:10FD40000E02D3F88011C3F88021064A126802F42B
:10FD5000A0721A66CA0744BF0022C3F88021704708
:10FD600000400E4094260020014B1878704700BFD9
:10FD7000233A002010B500F083FB0A4C0A4B1968A7
:10FD80002368C31A01B10BB9206010BD4A699A42B9
:10FD90002EBFD21A9B1A00224A6128BF002389680D
:10FDA000F0E700BFA4260020B026002070B5C3886D
:10FDB00004460D463BB9FFF791FD8542064602D247
:10FDC0002BF059FE35460F4965610B68ABB90C60E5
:10FDD000A36011E0AD1A9A68656118462AB113460E
:10FDE0005A69AA42F6D950B11A4684601346A360F4
:10FDF00013B15969491B596170BD0020F0E70C60CF
:10FE0000F5E700BFB026002038B5134D2B685B69BD
:10FE100093B1124A146802201C4400F065FB20468E
:10FE200000F034FB0E492A6800230B70D08880074D
:10FE300009D501230B7038BD022000F055FB0220CC
:10FE400000F078FBEEE79268002AF4D05069034492
:10FE5000012BEBD9EFE700BFB0260020A42600203D
:10FE6000253A002070B516469DF814200271049AB8
:10FE70000260C0E903360022BDF8183082600446F3
:10FE80000D46C38006BB00F0FBFA2844A0613DB9D3
:10FE9000E368656113B121682046984796B13546FD
:10FEA0002AF0D6FB0646FFF765FF29462046FFF7F6
:10FEB0007DFF074B1B68A34201D1FFF7A5FF30462A
:10FEC0002AF0CAFB002070BD00F0DAFA3044DDE70A
:10FED000B02600200C490B6800227BB183420AD176
:10FEE00083687AB1936083681BB15A6941690A4497
:10FEF0005A61002070471A469B68EEE70028EFD051
:10FF0000022070470B60EEE7B026002070B5154E5A
:10FF10002AF0A5FB34780546FCB9134B1C60134B43
:10FF20001C60134B1C8000F067FA012000F0DCFA23
:10FF300000F030FB0F4B0246186020B928462AF02B
:10FF400094FB232070BD23460B4840F2E73128F094
:10FF500009FD0A4B18600123337028462AF085FBFF
:10FF60000020EFE7243A0020B0260020A42600203D
:10FF70005C310020AC26002018FCFFFFA8260020E2
:10FF80002DE9F0410546F8B12AF062FB0F4F064615
:10FF9000FFF7F0FE2846D7F80080FFF79BFF0446E6
:10FFA00028B130462AF058FB2046BDE8F081A8452C
:10FFB0003B6803D123B1FFF727FFF2E7002BF0D115
:10FFC000022000F09FFAECE72224EDE7B0260020A3
:10FFD00038B50C46054698B191B100230B702AF054
:10FFE0003EFB084B1B6801210BB122781AB12AF0A5
:10FFF0003CFB002038BDAB4214BF9B682170F3E787
:020000021000EC
:100000002220F7E7B02600202DE9F0410746884678
:100010002AF025FB134B1C680546002624B9284608
:100020002AF023FB1B2016E063691E44E388BB42D1
:1000300015D10D4C00F024FA2368C01AB0420CD23E
:1000400000F01EFA22683244121A2846C8F800202E
:100050002AF00BFB0020BDE8F0810022F5E7A46840
:10006000DCE700BFB0260020A426002008B5074B1F
:10007000187848B12BF09AFD054B1B689B69C01A94
:1000800002288CBF0020012008BD00BF253A0020B7
:10009000B026002070B52AF0E2FA064600F0F0F92A
:1000A000084B1D8804460120ADB200F04BFA18B190
:1000B00000F0E6F90135044630462AF0D6FA20462B
:1000C000294670BD5C310020014B1868704700BFA5
:1000D000AC26002038B5074B1D6840F2E7340021FC
:1000E000E5FB00414FF47A720023204628F03AFCE9
:1000F00038BD00BFAC26002000B58DB001238DF8BF
:100100000F30FFF7E7FF0023CDE900330146074A30
:100110000DF10F0304A82BF000FD18B99DF80F3066
:10012000002BFBD10DB05DF804FB00BFA5BA0300A6
:1001300070B50C4B1B6883420D4611D30A4B40F23D
:10014000E7311E6800248C462146E0FB06C14FF4CF
:100150007A720023604628F005FC2860204670BDB6
:100160002120FCE7A8260020AC260020F0B587B0AF
:100170001F4600230C4616468DF81330054658B32B
:100180000DF11301FFF724FF9DF8133033BB05A9D0
:100190002046FFF7CDFFE8B9114B059A19684C438B
:1001A0004FF47A71B4FBF1F301FB13440C1BA4B2BE
:1001B00000238C42EB83BDF834300CBFA883AC83A2
:1001C00002939DF830301146CDE90073284633463E
:1001D000FFF748FE07B0F0BD2220FBE70220F9E759
:1001E000AC260020014B1868704700BFA8260020ED
:1001F00010B50F4B1A689AB1531E4FF47A7113421F
:10020000A0FB01010ED1B2FA82F2C2F11F04531C0D
:10021000E040D24301FA03F3184321FA02F2024309
:10022000104610BD002328F09DFB0246F8E700BFF2
:10023000AC26002070B5164B8342164B8B411546F9
:1002400024D3154B1A680AB34FF47A76541EA0FBD8
:100250000603144006FB013111D1B2FA82F3C3F157
:100260001F025E1C01FA06F6DB43D04021FA03F3BD
:1002700030431843D140C5E90001204670BD00233A
:1002800028F070FB0024C5E90001F6E72124F4E71B
:10029000EFA7C64B37894100AC2600202DE9F04777
:1002A000C20704460BD54B4A138801339BB2138017
:1002B000FFF760FD484B1B680BB1FFF7A5FDA307D7
:1002C00040F185802AF0CBF98046FFF753FD4FF0CF
:1002D0000009414E4D464F4634680CB163698BB1FD
:1002E0003E4B0022012D1A7003D119F0020F18BFE6
:1002F0001D70002C5BD0FFF787FD4046BDE8F0473E
:100300002AF0B3B923461A792179914288BF1C4655
:100310009B6813B15A69002AF5D040462AF0A5F926
:10032000D4F81090B9F1000F45D000F0A9F8A269F7
:10033000A0EB02084FEAE873C14577EB03033BDA11
:1003400023691344A36101232269CAB1C3B9A38BF2
:10035000B9EB080833B1E28B13449BB2B3F57A7F53
:100360001CD2E3832AF07BF9414681462046FFF701
:100370001DFDA36922691344A36148462AF075F95B
:10038000E368B4F80690013513B121682046984718
:100390002AF065F98046FFF7EDFC9DE7A3F57A7337
:1003A000E383A369013B18F1FF38A361DAE7022078
:1003B00000F0A8F8A1E7C8462AF051F98246204685
:1003C000FFF788FD50462AF050F90023BCE7BDE84E
:1003D000F08700BF5C310020B0260020263A0020C4
:1003E00010B52AF03CF9034B1C782AF03EF9204660
:1003F00010BD00BF263A002010B586B01C4B18680F
:10040000596803AA03C2197AD3F809001170019040
:10041000B3F80D201748DB7BADF8082001218DF8DB
:100420000A300024FBF7E8F903A88DF80C408DF89A
:100430001040FCF7D1FE01A901208DF80440FCF723
:10044000ABFE0D4A536A23F4FF6323F007035362A4
:1004500040F2FF73136201209460FCF7B7FE074B74
:100460004FF00042C3F880211A6006B010BD00BFF3
:100470009E050500A00914000020044000E100E0F2
:10048000014B9868704700BF0020044010B5044637
:100490002AF0DEF8124A9368516D9269520704D42B
:1004A000CA1A032A01D899420DD1E21A022A98BF2A
:1004B000DC1C0B4BB4F1FF3F38BF013C5C655A6A52
:1004C00042F004025A622AF0C7F8064A137833B1A0
:1004D00003490B6D43F002030B650023137010BD3D
:1004E00000200440301300208207054A00F0010379
:1004F000516A48BF43F004030B435362704700BF87
:1005000000200440820700F0010309D5074A0121B9
:10051000117007490A6D22F0030243F004030A65D3
:1005200003494A6A22EA03034B62704730130020F2
:1005300000200440830742BF014B0422DA61704768
:1005400000200440064B01289B6904D0022805D1F5
:10055000C3F38000704703F001007047002070472C
:100560000020044010B52AF07AF8094A936904463D
:10057000590703F0010003F0070348BF40F00200F1
:100580001362FFF78BFE2046BDE810402AF06DB8DD
:10059000002004400148FBF775BA00BFA009140011
:1005A0000148FBF751BB00BF0500240010B50A4B02
:1005B000D3F8883003F00703013B012B0BD82AF056
:1005C00047F8012104460220FFF72AF92046BDE83A
:1005D00010402AF041B810BD00400E4010B504464E
:1005E000FAF79EFB0B4BA0F57A729A4210D84FF4A3
:1005F0007A735C43B0FBF3F0074BB3FBF0F0B4FB52
:10060000F0F0032804D9BDE810408008EFF778BD6A
:1006100010BD00BFFFC99A3B40420F00024A034988
:10062000034800F091BD00BFB0050500F8050500C6
:10063000D0050500044B5A680AB91046704719786E
:100640008142FAD00833F6E70408050030B5084BBC
:100650000446586800B930BD85692D78A54205D19A
:1006600045688D4202D145789542F4D00833F0E7D1
:100670000408050038B505460C4659B13C22002156
:100680003AF04EFFA3691B699847686320B12C605C
:10069000002038BD0148FCE70148FAE7009FFFFF52
:1006A000809EFFFF30B40468B4B12569AD0702D461
:1006B0006568954210D1012B4260037203D06578C2
:1006C000033D022D04D8A3699B68406B30BC1847DA
:1006D00013B9A369DB68F8E7014830BC704700BF75
:1006E000009FFFFF2DE9F3410768DDF820E0144685
:1006F00067B30025CEF800507D694DB397F80180AF
:10070000B8F1010F0ED1AA4224D1CEF80020BA6967
:1007100054680A4690F90810406BA44602B0BDE840
:10072000F0416047B8F1090F07D1CDE9002E406BC9
:100730002CF09BFB02B0BDE8F08199420CD1C3695B
:1007400023B9B2FBF5F205FB12442CB10348F1E7E3
:100750000348EFE70348EDE70348EBE7009FFFFF9F
:10076000809CFFFF809DFFFF809FFFFF70B590B0D2
:10077000044607A816460D4605932DF094F800236D
:100780000293159B0193149B00932046059A3346D0
:1007900007A900F013FB044640B907A82DF0FDF8A7
:1007A00050B907A928462BF022FB044607A82DF0D4
:1007B000A9F8204610B070BD004CF7E780B0FFFFED
:1007C00038B50D460446002105F118002BF0DFFC7A
:1007D00050B120462AF0B1FD28B129462046BDE897
:1007E0003840FDF7E1BB014838BD00BF80B1FFFFD5
:1007F00070B50C460646114620461A462BF0C3FE3D
:10080000054698B9736E33B9321D21462046BDE8BE
:1008100070402CF01AB92368002B09DB20462BF01E
:1008200045FBB36DB0EB430F09D9184D284670BD99
:10083000014620462BF0ABFC0028EFD0F5E7736EA5
:100840002046984705460028F0D104362368002B3F
:1008500004DA002120462BF09AFC68B93146204684
:100860002BF054FC0028E1DB3246214620462BF0D9
:10087000FBFC0028F2D006E03246214620462BF051
:1008800062FD0028E2D00546D0E700BF80B0FFFF40
:10089000F0B589B00E460546012106F118002BF08F
:1008A00076FC014658B928462CF0F3FF012879D18F
:1008B000304601912BF06BFC0028019901DA3A4C8B
:1008C0006DE006F10C0420462BF061FC0028F6DBFD
:1008D0002F1D394630462BF019FC0028EFDA394637
:1008E00020462BF013FC0028E9DA02A82BF026FAA8
:1008F00005A82BF023FA2346224602A92846FFF733
:1009000077FF0446002844D13346324605A92846DD
:10091000FFF76EFF044600283BD1AB697BBB05A9FE
:10092000032208462BF054FD044690BB059B002B88
:1009300019DB05AA334611462846FFF759FF04463E
:1009400038BB05AA05F11C03114628462CF035FFDB
:100950000446F0B905A902A82BF0D8FB124B041EDF
:1009600018BF1C4615E0002105A82BF010FC00283C
:10097000DFD005A93A4608462BF0E5FCD4E705AAE6
:1009800005F11003114628462CF017FF04460028F5
:10099000CFD002A82BF0D8F905A82BF0D5F9204626
:1009A00009B0F0BD014CFAE780B3FFFF80B0FFFF54
:1009B00038B505462CF06DFF01280C4601460DD1D7
:1009C00020462BF0E4FB002806DB05F14C01204615
:1009D0002BF09CFB002803DB024838BD0248FCE7F3
:1009E0000020FAE780B3FFFF80B0FFFF2DE9F04F52
:1009F000BBB00546884691469B462AF09EFC019076
:100A0000002862D149462846FFF7D2FF0446002855
:100A100040F0BB8059462846FFF73AFF04460028BD
:100A200040F0B38028462CF034FF012840F0BD810F
:100A300024210220EF6D2BF00EF901377F080646C6
:100A4000002800F0B08106F1240A2CF02CFF50465B
:100A50002CF029FF0D9419ABE0180C343C2C3ED13E
:100A6000594630462CF083FF044600285CD183466B
:100A70005F4537D101220DA92846CDF834A02CF0CE
:100A800005FF044600284FD128462AF056FC0028CE
:100A90003BD05346324651462846FDF7D7F8044628
:100AA000002841D101220DA92846CDF834A02CF010
:100AB000EDFE0446002837D106F118002BF044F96A
:100AC00006F13C002BF040F92EE028462AF03AFCD3
:100AD0000446002896D028462AF036FC58E02BF031
:100AE0002DF9B8E70123BBFBF7F003FA00F1C9B217
:100AF000242307FB10B003FB016240B12846029299
:100B00002AF01BFC029A002846D1A94C0CE04908A7
:100B100001EBC101104606EB810102922CF027FF88
:100B2000029A04460028E9D04FF0000A19AB0AEBFC
:100B300003000AF10C0ABAF13C0F37D19CB90DF150
:100B4000100A50462BF0FAF80DA82BF0F7F805F133
:100B50004C031846214602932BF097F90128029B7B
:100B600027D0A4F59F446B6F9E420AD04EB1304609
:100B70002CF0C8FE06F124002CF0C4FE30462BF009
:100B80008CF814B140462CF0BDFE019B002BA2D185
:100B900020463BB0BDE8F08F11462846FDF74EF9E0
:100BA00004460028C0D10BF1010B61E72BF0CCF813
:100BB000BCE72146484602932BF067F94946B0FA54
:100BC00080FB50462BF013F94FEA5B1B04460028CC
:100BD00059D1029B4A4619460DA82BF0D6FB044674
:100BE000002850D15A460DA950462CF02AFB044645
:100BF000002848D17A1C01460DF1640919A83AF081
:100C00008FFC4B462246974203937FD011465046B5
:100C100002922BF03AF9039B029A1978084303F8E1
:100C2000010BB918504603932BF02FF9039B029A3E
:100C300013F8011C41EA400003F8010C0132E2E71D
:100C400099F8010080EA0E03D94301F0010A99F8EE
:100C5000001011FB0AF15BB249B2029300EA0E0EDA
:100C60000B4043EA0E0E029B4B4009F8013F19F876
:100C7000013C43EACA135FFA8EFE09F8013C0CF10D
:100C8000010C6245DCD20DA82BF05EF804A82BF015
:100C90005BF8002C7FF467AF04A82CF004FE0DABCA
:100CA00018190C343C2C36D107F1E8036B4432465A
:100CB00013F8843C414628462CF0A9FD044638B977
:100CC000449B002B59D028462AF037FB30BB384CC8
:100CD00004A82CF08EFD00270DABD8190C373C2F43
:100CE0004ED1002C7FF43FAF5A46414628462CF0A7
:100CF0003FFD044600287FF436AF449B002B42D1D1
:100D000041462846FFF75CFD04462CE74FF0000EF5
:100D10004FF0010CB5E72BF011F8C0E7DDE94423F3
:100D200041462846FCF7D8FE38B30446D0E72846AB
:100D3000013F2AF002FB0028C9D04246414628461E
:100D4000FDF77CF80028F0D119F80730324604A9E5
:100D500028462CF05CFD0028E7D128462AF0EDFA61
:100D60000028B4D004AB424641462846FCF76EFF4B
:100D70000028DAD1002FDAD1AAE70DF16409F9E7EA
:100D80002AF0E2FFA8E728462AF0D7FA48B1DDE9C1
:100D9000442341462846FCF79FFE04460028AFD076
:100DA000E1E6034CDFE6034CDDE6034CEDE600BF75
:100DB00080B1FFFF80B2FFFF80B0FFFF30B4DDE9FC
:100DC000024514B130BCFFF711BE014830BC70477A
:100DD00080B0FFFF37B505460C4619462CF059FD8B
:100DE00001280FD11346009105F14C02014620461F
:100DF0002BF05DFE044B10F10E0F18BF0346184692
:100E000003B030BD014BFAE700B3FFFF80B0FFFF36
:100E100038B504460D462CF079FD20462CF051FDE6
:100E2000032D257027D1164AE26001250823154AB3
:100E30006262C4E90153C4E90753C4E91353C4E926
:100E40000A53114AA363114B6265114A6564C4E9F0
:100E50000F35104BA364C4E90C25201D2BF026F898
:100E6000A06504F14C002BF021F8C4E9170500201F
:100E7000C4E91D0038BD002307482370FAE700BF0E
:100E8000D408050054080500B408050094080500BE
:100E9000740805008810002080B1FFFF37B50025D9
:100EA000044629460567282274303AF039FB20466B
:100EB00040F8045B2AF049FA0123009303492023F8
:100EC0002A4620462CF0FBFD03B030BD5BB3030087
:100ED0000238C0B202289ABF024B53F8200000200B
:100EE000704700BF0C09050070B5044616460D4654
:100EF00069B360B30023C0E9013301600B79032BB0
:100F000010D0042B0ED0022B21D16C2101202AF00D
:100F1000A2FE606008B90F4803E02AF01AFA5EB931
:100F2000002070BD6C2101202AF095FE6060002831
:100F3000F1D02AF00AFAF2E7A97902202AF08BFE12
:100F4000A0600028ECD120462CF04DFEE3E70248DB
:100F5000E7E700BF80AEFFFF00AFFFFF88B1036887
:100F60007BB11B79032B06D0042B08D0022B08D1B0
:100F70004068FDF75DB901214068FDF72DB90021FA
:100F8000FAE70148704700BF00AFFFFF68B1036890
:100F90005BB11B79022B05D0033B012B05D84068C0
:100FA000FDF72CB94068FDF74FB90148704700BF05
:100FB00000AFFFFF68B103685BB11B79022B05D05E
:100FC000033B012B05D84068FDF722B94068FDF7C7
:100FD00045B90148704700BF00AFFFFF2DE9F04160
:100FE00088B00E4617460546002852D00368002BED
:100FF0004FD08268002A4CD09B79BB4213D2FFF7B6
:10100000ADFF044688BB3A4631462846FFF7BEFF8F
:10101000044650BB69462846FFF7CCFF044620BB78
:101020002B685F796E462B68D5F808809A7936214F
:10103000404608EB02043AF073FA2B685C219A7977
:1010400020463AF06DFA013E4346601E47449F42F7
:1010500013D12846FFF782FF044630B92B6841467A
:101060009A792846FFF792FF04462021684600F04F
:101070004FF8204608B0BDE8F08116F8011F1A7835
:101080004A4003F8012B10F8012F31784A400270D2
:10109000DDE7014CEDE700BF00AFFFFF10B438B152
:1010A00004682CB183681BB15DF8044BFFF76EBF79
:1010B00001485DF8044B704700AFFFFFF0B589B001
:1010C0000D46044600B30368F3B18668E6B169468D
:1010D0009F79FFF76FFFA8B92046FFF73FFF88B958
:1010E0002368F1199A792046FFF750FF50B9236819
:1010F00069465A792046FFF749FF18B92946204624
:10110000FFF758FF09B0F0BD0048FBE700AFFFFF55
:101110000A4619B1024B00211B681847704700BFEF
:101120008C100020431C07B5014606D00023CDE9F2
:101130000033034A03482AF0B8FC03B05DF804FB0F
:101140000FDD0300C827002070B50E461546044683
:1011500010B309F0D9FE08B3236813F4807F114B54
:101160001CBF01221A70104A1B7814600F4A1660C7
:101170000F4A15601BB909F0BDFE09F091FE08F099
:1011800085F809F043FD0B4B0B48197809F048FD31
:10119000BDE8704009F07EBB212070BD40F20440E4
:1011A000FBE700BF283A0020EC270020F0270020B2
:1011B000E82700209D3A0020A5920100F0B589B0F3
:1011C00008F038F8914B924D1A789249112007F0A7
:1011D000F1FD2B685A685423B2FBF3F2002392B25C
:1011E0005121184607F07CFD18B10446204609B08D
:1011F000F0BD07F09FFE2AF0FFFC04462AF0FEFC3B
:10120000844240F2CD802AF0F7FC81B20023012213
:10121000102007F065FD0028E7D17F4B19687F4B50
:10122000186820F0B5FD00F055F90028DDD12B68D5
:101230001C7F002C00F0B780102C28BF10242FF04A
:1012400088FF621C81B20023D2B2082007F048FD5B
:101250000028CAD1724A7349142007F077FC00288D
:10126000C3D107F0F1FA06AA0221322000F0E8F912
:1012700028B9BDF818104FF0FF3039F0A3FC02AECA
:101280000023324606212C208DF80E3000F0D8F9CC
:1012900060B9304631F004FB10B1302840F0858051
:1012A0003C2000F0EDF92C2000F0EAF99DF80E301A
:1012B000190740F18B8096E80300ADF81410090C73
:1012C00004908DF816109DF80E3013F0280F07D1FA
:1012D000DDE90401ADF80C10090C02908DF80E1038
:1012E0002B68186920B131F0DBF900287FF47DAF5D
:1012F0002B68586900F032F92B6893F82220D20746
:1013000079D42AF05FFC04A90746024628682CF02D
:1013100002FD00287FF469AF21F07EFF2AF07EFCF9
:10132000044600287FF462AF012008F08BF83E4BA2
:10133000186830F0EEFA044600287FF457AF32F018
:10134000D5F804460AF068F9019031F068FB01997C
:10135000024620462EF014FE044600287FF446AFD5
:101360002B681B689B050CD4B7F5FA7F09D929F0C7
:101370006FF9012107460846FEF752FA384629F070
:101380006BF92B689A69294B1A602CF00DFD284BDC
:101390001860304608F0F2F8264807F0D1FB25E740
:1013A0002AF02CFC31E7042449E706AA01213C205D
:1013B00000F046F940B99DF81830012B14BF4923BD
:1013C00072238DF80E3071E74923FAE7FBF756FFD9
:1013D000CDE90601030C8DF81230BDF81D30ADF8D3
:1013E00013309DF81F308DF815304923ADF81000EB
:1013F0008DF8163067E793F8230031F0B3FC00282E
:101400003FF47FAF40F20C44F0E600BF9D3A00206D
:10141000EC270020A592010064100020601000203D
:10142000ADDD0300A9DD0300F0270020F427002034
:10143000C4270020251101000248002203212FF0BB
:101440002DBE00BFD82D0020F8B5114831F06EFB3D
:10145000E0B92CF0A9FC0F4D0D4E286006F10C07E9
:10146000286831F0B4F907F02BFA0446304631F021
:1014700059FB10B938462FF021FF09F085FC08B957
:10148000002CEDD1BDE8F84031F0C8BAF8BD00BF7E
:1014900090100020C427002008B5054B1B782BB9FD
:1014A0002CF01BFCB0FA80F0400908BD0020FCE7DE
:1014B000273A002010B5054C01232370044B1B680C
:1014C00003B198470023237010BD00BF273A0020C6
:1014D000F42700200C4B98420BD8023B98420ED8C0
:1014E00060B1023B98420CD0C0F30C0000F5906054
:1014F0007047064B9842F7D140F21C4070472120BC
:10150000704740F21B4070470AE000F00BE000F02B
:10151000024B4FF080525A60704700BF00ED00E070
:10152000044A002352E8000F42E800310029F9D1B3
:1015300003F0CABBF8270020064A52E8003F0343E5
:1015400042E800310029F8D1034B1B6803B118476A
:10155000704700BFF8270020FC270020034B044AF7
:10156000002818BF03461360704700BF1115010023
:10157000FC27002037B51C68E10705D531F01AF9C2
:10158000164917482FF092FDA20723D508F086FCD4
:10159000D0B9144D019029F062F8044628462FF086
:1015A000ABFE0190204629F060F8019890B1437994
:1015B0009B070CD401A8022130F0E1F8019808F053
:1015C0005DFC31F07AF8E6E731F077F8DEE708F015
:1015D00049FCF6E7002003B030BD00BFA410002096
:1015E000D82D00200028002008B5054807F038F95C
:1015F000044B1870BDE80840012107F043B900BF53
:10160000B4100020293A002038B5044648B129F02A
:1016100026F821460546084830F003F8284629F008
:1016200024F8064B022193F9000007F02BF9BDE8DE
:101630003840FFF73FBF00BF00280020293A0020B4
:1016400037B50D4DCDE900210C49044609682868DD
:1016500020F09EFBFFF73EFF58B9DDE90023286824
:1016600044F4802120F0B4FC03B0BDE83040FFF723
:1016700031BF03B030BD00BF6010002064100020F7
:1016800038B50A4B0A4D19680446286820F080FBDB
:10169000FFF720FF40B9286844F4802120F02CFD9A
:1016A000BDE83840FFF716BF38BD00BF641000200A
:1016B000601000207FB50C46194905460868496846
:1016C000134602AA03C295F82A2010326A4412F87F
:1016D000086CB5F84420D20608D422463146284684
:1016E0002CF0CBFE00F5FA7004B070BD20460193DB
:1016F0002FF08CFFB5F84420019B00F10A0412F092
:10170000030F4FEAC40405D018462FF07FFF04F5FD
:101710000C740444701EE823584304FB0600E1E700
:1017200030090500014B9868704700BF042800206D
:10173000F0B5104B1E6893F804C0024635464FF0D2
:10174000FF3400239C4508DC91B1631C10D090232A
:1017500003FB046080F84620F0BD95F84670974280
:101760002846F9D0FF2F08BF1C4690350133E9E722
:101770000020F1E70428002070B5224D044600281F
:101780003ED0083002F050FF0026FF2384F8463098
:1017900004F13000E6612FF091FD04F134002FF0E8
:1017A0008DFD04F138002FF089FD04F13C002FF08D
:1017B00085FD2868144B201A00115843C0B22CF044
:1017C0001CFB014630462CF011FB206C10B101F0DF
:1017D00031FD2664606E18B12CF026FB0023636691
:1017E000A06E2CF017FB0023A36670BD286806FBD3
:1017F0000400FFF7C1FF01342B79A342F6DCF4E7C4
:101800009026F9E704280020398EE338F7B504461E
:101810002FF08EFBC0F30F23542B3ED9AA2B34BFDD
:1018200001230223C0B27F2834BF012202220321F8
:101830008DF804301344B3FBF1F000EB40001B1AA9
:101840008DF805301344B3FBF1F202EB42029B1A10
:1018500013498DF8063000234B7501AF18461D461D
:101860001A4617F8016B44FA06FC1CF0010F06D06B
:1018700053009E4030430132C0B2D2B20123013541
:10188000EDB2032DEDD103B148754B7D43EA8212D1
:10189000FF234A750B7503B0F0BD0023C2E700BFFC
:1018A0000428002010B4094B1A68437ED47AD278F9
:1018B0001B1B9342A8BFDAB281F001015DF8044B13
:1018C000427601F001012CF00FBB00BFE42900209B
:1018D000B0F860302BB9836813F4601F08BFA0F81C
:1018E000603011B1012911D070474369417E23F066
:1018F00010034361064B1A68D37A92780B449342E3
:10190000D8BFDAB2427601212CF0EEBAFFF7CABF97
:10191000E42900202DE9F0412F4E88B000253379CD
:10192000AB4203DC012008B0BDE8F08134689023AD
:1019300003FB054494F84630FF2B0DD0236A980131
:1019400006D504F1500840462FF058FE074628B946
:10195000226A12F0A06F13D10135E0E7BB7994F849
:1019600046100C333B441A8AADF81C209A7AD8688A
:10197000069006ABC2F3801238462DF001FFE2E775
:10198000B4F844301D2B18D13C23FF210020CDE9B1
:101990000431CDE90200CDE9000004F15703C2F3A0
:1019A000802201212EF063F90028BCD04FF0A06105
:1019B00004F120002CF004FACEE712F0807F94F8B6
:1019C000293094F846004FF0000214BF43213C2117
:1019D0002EF062F8E8E700BF042800202DE9F0416E
:1019E0001F46C36904460D4616469BB1002940F0C8
:1019F000B08028F034FE29460646A06E2CF005FA89
:101A0000204629462CF058FA304628F02EFE28466B
:101A1000BDE8F0810029FAD0036A03F01203022B1B
:101A200000F09980236ADD0700F19D8094F846302C
:101A3000FE2B0CD104F1480003F036F903F02CF929
:101A400028B14FF4800104F120002CF0B1F9256A8F
:101A50005D4B2B40B3F5807F00F0B280A80524D504
:101A6000C5F3802504F157080022414628462CF092
:101A7000E9F9002884F8470080F281804FF4007172
:101A800004F120002CF09CF9B4F8442002F0030289
:101A9000012A0AD1414628462CF0D9F928B14FF441
:101AA000006104F120002CF083F9236AD9066FD578
:101AB000464BE361002384F82930236AB4F8605070
:101AC000E16884F8287023F48032226221613DB9F4
:101AD00013F0100F14BF3C25C825257605F2B31569
:101AE0004EB1E38C40F27121C3EB06134B4342F439
:101AF0008032E3622262236A43F400232362344B80
:101B00001B68DB78637628F0AAFD636943F0100355
:101B10000746636104F1080029462DF0A9FD012064
:101B200005F0F0FD28B963691A075CBF43F00403B0
:101B3000636126B12FF038FAE36A1844E062204668
:101B400005F0EAFD384628F090FDA06E01212CF04A
:101B50005CF900255BE7406B2FF058FD00287FF40F
:101B600061AF0C2553E7236C002B7FF45FAF01F0CE
:101B70000FFB206400287FF459AF092547E70022B6
:101B8000414628462CF063F900283FF477AF7BE705
:101B9000D4E90C122046FFF78DFD012F0ED0A28C48
:101BA00040F271235A43904208D9E28C5A43904242
:101BB00008D800F51C70B0FBF3F0A084054B78E763
:101BC000122524E7452522E7000140000D1D0100F4
:101BD000E4290020BDE5030070B50A4D00249026DD
:101BE0002B79A34200DC70BD286806FB040090F846
:101BF0004630FF2B04D000231A461946FFF7EEFEAD
:101C00000134EDE7042800202DE9F04F91F806A0FB
:101C10008DB00AF10C0A04460E4601EB0A050122BA
:101C20000AA90DF127002CF01AF98146002866D187
:101C3000A97A05F10C07C1F38011384601F03AFB8F
:101C400030B1304607F0B6F900200DB0BDE8F08F96
:101C5000236AD4F840B0206403F01008EB79298996
:101C600056F80AA00793184603F0B8FF5044B8F19D
:101C7000000F37D1079B033B012B8CBF04220622A8
:101C8000214B1B6840F2712A5B7963760AFB0202E2
:101C900005F11803B9F1000F26D09DF827C094F87C
:101CA00046E0B8F1000F24D0A97A0120C1F3401119
:101CB00095F90550CDE902E1CDE90405CDE9007CB7
:101CC0000121584601F072FBB8F1000F05D02CF04D
:101CD0007DFE012120462CF0EFF8304607F06AF92E
:101CE0000120B2E70222CBE795F80AC0CCF3801CB2
:101CF000D5E794F88F00012100F00F00D8E79DF898
:101D000027100AAF99E700BFE4290020012810B589
:101D10000C461ED0022824D048BB08462CF01AFBE3
:101D2000E38CA28C94F82A009A1AE36803F59C537A
:101D300040F27121083301FB02332361FFF766FD96
:101D40000B4B9968236B0B602046BDE8104000F0F8
:101D500023BD05F045FE844209D1BDE810402CF0BA
:101D600035BE20460021BDE81040FFF79BBD10BDE9
:101D7000042800202DE9F0474D4D0446A86818B10D
:101D800007F018F90023AB602CF011FB2B791BBB7B
:101D900000202CF036F81CBB002603202C712E608E
:101DA000EE8206F0EBFFB4422BDC28792CF029F808
:101DB000E0B9BDE8F087286808FB06F73844303002
:101DC0002FF07CFA2868384434302FF077FA013647
:101DD0002B79B342EFDCDBE700264FF09008F7E702
:101DE00002202FF09EFAA8600028D5D1A868002410
:101DF0002C712C60002857D100202CF002F807200D
:101E0000D7E704EBC401090189B23346012203205C
:101E100006F066FF07460028E8D1032006F0DEFF43
:101E200028600028E2D090226243394639F078FBDE
:101E3000DFF880A0DFF88080DFF880902B79BB424C
:101E4000B3DD2C68902303FB07440026C4E9036636
:101E5000DAF80030E6616661DB786376314604F1DA
:101E600008002DF005FC1323A4F84430236AA4F8DD
:101E7000606043F0130323624FF00823636207237B
:101E800084F82A30FF23C4E90C66C4E90E66C4E96D
:101E90001C98C4E92098268584F84630266520469B
:101EA0002BF0E4FF0137C9E707F084F8AC60A3E743
:101EB00004280020E429002055555500D6BE898EFF
:101EC000034B1B68C01A034B00115843C0B2704744
:101ED00004280020398EE33870B50D4CB0F85460FA
:101EE000237DE168054606F5FA7606FB1311A06826
:101EF00000F04CFB217D6B686A7E06FB01310020FF
:101F00002FF058F8A068BDE8704006F07DB900BF1A
:101F10000428002038B5114B04461868637EC27A45
:101F20000D46A1B1817813448B4214DC6376216B9A
:101F300020462CF05BFA20B194F88E0000212CF0A2
:101F4000ADFD29462046BDE838402BF0CDBFC17815
:101F50009B1A8B42EADA6176E9E700BFE4290020A8
:101F600070B50D4D002490262B79A34200DC70BD86
:101F70002B6806FB043393F84620FF2A03D0986EA3
:101F800018B12BF048FF0134EEE7586E0028FAD064
:101F90002BF042FFF7E700BF042800202DE9F84F9F
:101FA00016469B4688460446FFF7BCFBDFF864A153
:101FB00098F80070054630462FF028FBBAF91060FB
:101FC000801B20EAE0760021384600F0BFFA7B074C
:101FD00048BF07303318FF2BC4BF47F01007C0F1CC
:101FE000FC0617F010090CD02EF0A2FF2521B0FB43
:101FF000F1F303FB1101C9B2002000F0F1FD84F8F8
:102000008E00BBF1000F01D094F844B000235A4673
:10201000394628462CF02EFB214628462CF08DFC14
:10202000214628462CF055FB2046FFF749FF2BF0B0
:10203000E4FE014628462CF075FB214628462CF08C
:10204000B6FBB9F1000F56D094F88F2094F88E109B
:1020500002F00F02284600F04FFA214628462CF0E5
:10206000B6FBB0B1636895F806C0DAF80C10EA79EF
:10207000A06E19440CF10C032B44A2EB0C0253FA92
:1020800082F200283ED02BF0C1FEC1B228462FF0CC
:10209000EDF8B9F1000F39D0B4F9881028462CF0CA
:1020A00099FB2046FFF70CFF2BF0A7FE01462846C0
:1020B0002CF064FB214628462CF089FB20B1A06E51
:1020C00010B129462BF0A4FE314628462CF096FB91
:1020D000B9F1000F0AD094F88F00FF2100F00F0033
:1020E0002CF0C8FB0146284600F050FA88F8007032
:1020F0003046BDE8F88F94F87F2094F87E1002F007
:102100000F02A7E7606E2BF088FEBEE7B4F97810E7
:10211000C4E700BF042800202DE9F7431D4690F8CE
:102120008F308DF80710044603F00F030021164688
:1021300090F88E20B0F95E002CF0B1FC03F094FD15
:10214000B4F98820824204F1800704D0A4F8880002
:1021500006F034F97881384605F068FF0022114610
:1021600010462BF038FE9DF807305B0709D5204656
:10217000FFF7A6FE2BF041FE0021024604202BF0C3
:102180002AFEFFF7CFFA9DF80730DFF8709023F0B2
:1021900010038DF8073080469DF8283032460DF147
:1021A00007012046FFF7FAFE0746A9F812009DB185
:1021B0000F4BE3610220D9F80C306168627E19444C
:1021C0002EF0F8FEB9F910203B463146404606F0A5
:1021D00047F803B0BDE8F0839DF80730054A13F0D7
:1021E000100F054B08BF1346E3612846E3E700BF25
:1021F000CBE50300ABE503005D23010004280020CC
:1022000073B5044690F85650406E05F0EF0548BB94
:10221000A06E002830D1204645F00806FFF750FE9A
:102220002BF0EBFD48B1C3799B0606D5636E23B94D
:102230008388013345F00C068380124B00221A82FA
:10224000236A226B13F0020F18BF0022012113F042
:102250000303009118BF0B4620463146FFF75CFF91
:1022600002B070BD2BF0DBFD0028D1D0236A9A07A5
:10227000D1D145F02005CEE72BF0C5FD0028F5D1E2
:10228000C9E700BF04280020436923F0100310B5FC
:102290004361B0F8603004462BB9836813F4601FC3
:1022A00008BFA0F860300D4BE361204600F01EFA35
:1022B00020B12046BDE81040FFF70EBE216B20463E
:1022C0002CF094F820B12046BDE81040FFF798BFED
:1022D00020460121BDE81040FFF71CBEBDE503000C
:1022E00037B504462CF036F828B1216B20462CF087
:1022F0009FF884F85600174D94F82A00FFF786FAE5
:10230000B4F854306A7D03F5FA739209534303F528
:1023100096732046EB6000F0E9F90F4BE3616369C7
:1023200094F8561043F00103636120462CF096F8B0
:102330000DF107018DF80700012300222046FFF769
:102340002DFEAB6800221A602046FFF7C5FD03B0E2
:1023500030BD00BF04280020BDE50300032837B5C9
:102360000C4622D1134D91F88F002B8A6A8AFF21E7
:10237000134400F00F002B822CF07CFAEB6894F8E9
:1023800056101844E860B4F84430D4E90C2013F037
:10239000020F4FF0000318BF0246009301F04801FE
:1023A0002046FFF7B9FE03B030BD03B0BDE83040B2
:1023B0002CF0D8B804280020F0B585B04FF0FF31DC
:1023C0000446002603A8039605F096FC039949B13C
:1023D000204600F099FA032806D0052856D003A815
:1023E0002EF06CFF01204AE0FFF79CF90923626B95
:1023F0008DF80B30054601230DF10B012046FFF748
:10240000CDFD0746A87905443046AB7B66F38713BC
:10241000AB73354D617E05F08FFF616BA8686F82ED
:102420003B4632462E8205F01BFF9DF80B302F4AAB
:10243000039813F0100F2E4B08BF1346E36105F00D
:1024400013FD039A93790C33D018D7580189C079BA
:1024500003F0C4FB6368C3F196033B441844E8608F
:10246000206A10F480550CD0039904F150002FF02D
:10247000D8F820464FF000712BF014FD304605B01F
:10248000F0BD03A82EF01AFF2846F8E7039D617EF1
:10249000AB79154F0C3330461D4405F04DFF226AD1
:1024A000144BB868E361C2F34023A97A019383799E
:1024B0000344C2F3C0221B7BC3F38013C1F380111A
:1024C000009305F10C032CF089FAB868066005F05A
:1024D0009BFE039805F0C8FC03992046FFF794FB88
:1024E00080F00100C0B2CAE704280020ABE5030079
:1024F0005D230100D7E3030030B50D4685B0102100
:1025000004462CF0AAF8E0B10F4B18681B798DF83F
:102510000C300023ADF8043065F305038DF804306A
:1025200053180DEB0302029012F8082C4FF0000331
:1025300062F3471301A9032220468DF806302EF0DE
:10254000A0FE05B030BD00BF400905000E4A82B0B4
:1025500003461068009090889279ADF804008DF8D9
:1025600006202BB900290CBF0120022002B07047C1
:102570006A460220D90744BF117840185B0802F16F
:102580000102F7D1F2E700BF3809050038B58379B9
:102590000C33C518C35C03F00F03072B0C4625D181
:1025A000AB789A0622D0E878C3061FD5012100F047
:1025B0000F00FFF7CBFF02350D4B9C422B5C95BF04
:1025C0001E214FF49671B4FBF1F4B4FBF1F494BF07
:1025D0000021012161F3C7132B542A1893785470FA
:1025E00023F01F03C4F304241C43947038BD00BFC0
:1025F000C3BF0300054B1B681B6A13F0100003D018
:1026000013F0030018BF0120704700BF1C280020F2
:102610002DE9F341344B9C68A5790C356719635D4E
:1026200003F04F036355B0F844300622103B0646D2
:1026300088467A700D2B32D8DFE803F052314E070E
:10264000310C313131313131310C635D6FF30303C2
:10265000635524E0625D006A012363F3030262555F
:1026600010F4006F4FF00C027A7006F1570107F179
:1026700008020CD001924FF0FF320092C0F380208C
:102680001A462BF0E2FB635D43F08003E0E7D6F8E7
:102690005730BB608B889380336A5B05F3D4635DEE
:1026A000B6F8442062F345136355B91C30462CF04C
:1026B0001DF9635D60F386136355A3797978B8F1EA
:1026C000000F03F102030B44A8BF4144E371A8BF0C
:1026D000797002B0BDE8F081635D62F30303B7E790
:1026E000635D0222F9E700BF0428002038B52949BC
:1026F0000B7D4A7D0133DBB2B3EB921F04460B75B1
:1027000003D303230B75002038BD016AC90235D5F8
:1027100090F87E200323243A92FBF3F303EB430368
:10272000D21A2532D2B2B4F8441094F87F30B4F9FA
:102730005E0084F87E2011F0100103F00F0323D116
:102740002CF0ADF903F090FAB4F97820824204F14C
:10275000700504D0A4F8780005F030FE68812846A2
:1027600005F064FC0022114610462BF034FB94F86F
:102770007E0000212CF092F90120C5E75B001A4190
:1027800002F003022532CEE702461946002005F08A
:102790001FFFD7E7042800201F4B2DE9F041044616
:1027A0001860006B0E462EF031FF01462046FFF701
:1027B0002FFF1A4B226B9B6820461A60FFF796FF8B
:1027C000FFF718FF164B051E164808BF184605F000
:1027D000EFFD6369676803F010082EF0E5FB627E89
:1027E000B8F1000F03D13F1AB7F59B7F0BD5002D31
:1027F000114614BF0220002005F07AFD3046BDE8E6
:10280000F04105F001BD002D616814BF02200020D9
:102810002EF0D0FBF2E700BF1C2800200428002087
:10282000B9280100ED2A010070B50446FFF7E2FE69
:10283000114B124E051E124808BF184605F0B8FD90
:102840002046FFF753FF044668B13368002D597ED8
:1028500014BF0220002005F04BFD0A4BBDE870407C
:10286000986805F0D1BC05F0A3FD30682146BDE8AD
:102870007040FFF72DB800BFB92801001C280020C8
:10288000ED2A010004280020052808B50BD00628F1
:102890000FD1002005F08CFD064B01211868BDE822
:1028A0000840FFF715B8034B1868BDE80840FFF76C
:1028B000BBBF08BD1C280020032803D1024B1868A9
:1028C000FFF7B2BFFFF7E0BF1C280020032810B5B8
:1028D00011D10B4B1C68206B2EF098FE0146204650
:1028E000FFF796FE074B226B9B6820461A60BDE8F7
:1028F0001040FFF799BFBDE81040FFF7C5BF00BF0C
:102900001C280020042800202DE9F7438C790C3482
:102910000C4406462379DA0704D44FF0FF3003B0A5
:10292000BDE8F083E77A252FF7D8394B9A68937979
:102930000C33D118D35CA27AC3F38013B3EBD21F4C
:10294000EBD1056AEB064CBF02310431062204F1DB
:10295000120038F0ADFD0028DFD194F80A902BF07A
:1029600078FA05F4C04580F001002A1EC9F38019E9
:1029700004F10C08C3B2414618BF0122484630F0AA
:10298000F3F9014678B14FF4C045A37A03F00F0381
:10299000032B11D1A804C0D5326A9107BDD50C2FE5
:1029A000BBD11846BBE72BF05CFA0028B5D1002D4F
:1029B000E9D085F4C045E8E7052BAED16A04ACD573
:1029C000306AC307A9D500F01403142B07D004F113
:1029D00018002BF0CFFF00289FD005209FE706F1BD
:1029E0005701C0F3802001912BF028FA0028EED186
:1029F000A27A336AC2F38012C3F380239A428CD145
:102A000001990622404638F053FD0028DFD084E7C4
:102A1000042800202DE9F3474FF0FF31054600243C
:102A200001A8019405F068F9019949B12846FFF71A
:102A30006BFF032806D0052847D001A82EF03EFCE6
:102A400001203BE0264E33681B6ADB0439D501992F
:102A500028462BF0B4FC3368DFF88C80597E0020C8
:102A600005F06AFCD6F800A0D8F80870DAF834004F
:102A70002EF0CCFDBC790C3407EB04093B5D03F070
:102A8000400343F0040305463B5509F1020150465B
:102A90002BF02CFF3B5D60F386133B553368D8F871
:102AA00008005B6B002DA4BF063589F80150036058
:102AB00005F0AAFB0B4805F07BFC002002B0BDE846
:102AC000F08701A82EF0FAFBC5E7019805F0CCF9D4
:102AD000019928462BF01EFC0028B1D02046EAE7D9
:102AE0001C280020CD280100042800200E4A0328BD
:102AF00010B5146805D0042809D0BDE81040FFF7D0
:102B0000C3BE617E0120BDE8104005F067BB2046D2
:102B1000FFF780FF30B105F0D9F92046BDE810403D
:102B2000FFF782BE10BD00BF1C280020044BD3F865
:102B3000012002605B7903F01F030371704700BF3F
:102B40002A3A0020F0B5254B002918BF0B46116822
:102B5000C3F801101179597100218BB0197001254A
:102B6000C1F3C404CFB2165D01F0070405FA04F402
:102B7000264207D01C7804F128066E44013406F87A
:102B8000287C1C7001312529EAD11C7830B12246FD
:102B90006946981D38F09CFC0BB0F0BD002CFBD0B2
:102BA00006330126C0F3C405C1B2575D00F0070526
:102BB00006FA05F52F4201BFB1FBF4F504FB151130
:102BC0000AAD55FA81F100F1010008BF11F8281C87
:102BD0001970252803F10103E4D1DDE72A3A00202A
:102BE000034B002818BF034619448879704700BF7B
:102BF0002A3A002082EA12421FFA82FC8CEA010182
:102C000091FAA1F109BA8BB203EB031363449BB2AF
:102C100093FAA3F31BBA9BB203EB031363449BB277
:102C200093FAA3F31BBA9BB203EB031363448CEA3E
:102C30000303144A9BB2A2FB0312991A02EB51023E
:102C4000520902EBC20C00B502EB8C020E499A1A33
:102C5000002818BF0146C2F3C400084402F0070E62
:102C600090F801C0D0B2012202FA0EF21CEA020F63
:102C700001BF91F800C003FB0CF301EB134188790D
:102C80005DF804FB4D91CFBA2A3A002030B5184BBD
:102C9000826A1B6812065D7901D4457630BD1C79C5
:102CA000018FB0F8A020436B0903B1FBF3F1631B64
:102CB000B1FBF3F102B1013AD0F8A43003B15210E4
:102CC0001302B3FBF1F35B190CD090F8992012F0CA
:102CD000F00F07D01209B3EB820F4FEA8201ACBFAD
:102CE0005B1A0023A342A8BF23464376D6E700BF62
:102CF000E429002070B50446343015460E462DF008
:102D000063F9636840F2712202FB0633A3EB1021E2
:102D1000A36A61601B0743BF064901FB0500656F9D
:102D200055434BBF05EB400001EB55016067616007
:102D300070BD00BF80380100084B9A7E82420AD9DC
:102D40001B684FF4A87202FB0030836A13F0100F67
:102D500008BF002070470020704700BF20280020D7
:102D600008490A68821A08481311002A03FB00F078
:102D700005DB8B7E8342D8BF4FF0FF3070474FF0AA
:102D8000FF307047202800203DCFF33C37B5044684
:102D9000019127F064FC0199054604F130002BF005
:102DA000A7FE2046FFF7DCFF0121814006482BF0FB
:102DB0009FFE4FF48070FEF7BFFB284603B0BDE8CE
:102DC000304027F052BC00BF44280020F8B55A4ECE
:102DD000338D04460F4623B9836813F4601F08BF80
:102DE0003385F32F27D0258F618F636BB4F8A02034
:102DF0002D01B5FBF3F5ABB25B1A9A4214DC736993
:102E000094F83A019B074CBF002102212BF046FEAB
:102E1000726940F2022393430DD1A4F8A0502046DA
:102E20002BF0ECFE012515E0737F002BF0D094F819
:102E30003A010321EAE720462BF0DFFEB4F8A05068
:102E4000002DEFD1A36A13F0800F14BF08233E2397
:102E500084F873302046FFF719FFF32F04D0A36ADC
:102E6000190701D5628F0AB901231CE013F4C05F72
:102E7000FAD1736913F00C0FF6D140F2022232EA54
:102E80000303F1D1D4F8A830002BEDD1A18F2DF0A0
:102E900049FA031E42DD628F013293423EDC012B70
:102EA000E2D0013B9BB2A4F88030236B5A0409D5D1
:102EB0004FF4804104F130002BF022FE0021204627
:102EC000FFF764FFB4F88020A38F94F86C101344CC
:102ED000A387B4F8A0309B1AA4F8A03094F86B3004
:102EE00002FB01332522B3FBF2F102FB113384F81C
:102EF0006B303DB120462AF072FFA18F20462DF0A5
:102F000094F80546A36A1B0702D40C4B1B6898472C
:102F10003DB12046BDE8F8402BF0CDBE638F0133B4
:102F2000C0E720460221FFF731FF20460121BDE81E
:102F3000F84004F03FBC00BF2028002058280020A3
:102F4000074B002210B55A77202204465A612BF015
:102F5000FBFD84F83A0120462BF017FF10BD00BF9F
:102F600020280020012810B50C462AD0022830D095
:102F700000283DD191F8993060F3071381F899301A
:102F80000846FFF7DDFFA36A1B07204616D501F0B0
:102F9000EDF8042001F018FF50B3164A937F3BB3BD
:102FA000D37F0133DBB2D37792F821209A421FD12D
:102FB000BDE810404FF08060FEF7BEBA01F0AAFAFB
:102FC000E7E704F00DFD844212D1BDE8104001F0A6
:102FD000C1B891F89930C3F30312013262F30713B9
:102FE00081F899302046F321BDE81040FFF7EEBE8E
:102FF00010BD00BF2028002010B501F047FF134B83
:10300000FB221A7710F0020F1A7E0CBF0121032158
:1030100061F303021A76420742BF1A7E42F00402AD
:103020001A761A7EC2F3030161F307121A764FF47F
:1030300041710022DA76DA8319845A621A611A859C
:10304000034BBDE810401B68184700BF2028002034
:10305000502800202DE9F843464C0546A06818B1D9
:1030600005F0A8FF0023A360022005F087FEEFB261
:1030700000202AF0C4FE38462BF081FD06460028C9
:1030800066D138462BF086FD002861D1002D59D03D
:1030900005EB4501C1EBC101090189B233460122AB
:1030A000022005F01DFE00284AD102204FF4A87925
:1030B000A77605F093FE09FB05F8424631462060ED
:1030C00038F02EFA2368324603EB0901681E82426B
:1030D0002EDB002DA8F5A872D8BF00220021995040
:1030E000636028462AF08BFE90BB38462BF03FFDEC
:1030F000074668BB002D16DD02202EF012F90223D0
:10310000A060C3718379C3F102020C33D2B2394695
:10311000184438F005FAA3689A79134401211A7B00
:1031200061F301021A73FFF767FF3046BDE8F883C9
:1031300009FB02FC013243F80C1001F5A871C6E747
:1031400041F207000023C4E90033A3760028C8D069
:1031500000202BF014FD00202BF01CFD0020C4E902
:103160000000A0762AF04BFE022005F007FE07269D
:10317000DBE700BF20280020014B987E704700BF8E
:1031800020280020014BD87E704700BF2028002057
:1031900070B5264D27F063FA6C6824B123686B6024
:1031A000EB7E0133EB7627F060FA002C3BD04FF436
:1031B000A8720021204638F0B3F94FF4A473A4F8A4
:1031C0008A3003F1A473C4F88C3003F1CE5303F5B5
:1031D0009813C4F8903041F61B33A4F894300126BC
:1031E0001B2384F89630402104F1280066612BF0FF
:1031F0007FFC2B8BA4F8483194F83B3166F3030332
:1032000084F83B310A4BE3672B7F84F8463144F264
:103210009023A4F84431072384F88930002104F175
:1032200008002CF025FA204670BD00BF20280020A1
:103230000000FFFF38B54021044628302BF060FC29
:1032400020462DF0D0F804F1A8002EF037F804F154
:10325000AC002EF033F804F1080001F0E5F904F1B8
:10326000A4002EF02BF8114B20461B68984727F03E
:10327000F6F90F4B5A682260DA7E5C60013ADA7622
:1032800027F0F3F90023C4E90A332046FFF768FD6D
:10329000C4B220462AF0ABFD054620462AF0A9FD1F
:1032A000014628462AF0A2FD38BD00BF4C28002068
:1032B000202800202DE9F04106464FF480400F46BB
:1032C00001F082FD044630B90E4B1D6893F81A8058
:1032D0006D35A04502D80020BDE8F08155F8453C89
:1032E000DA0609D5C3F38003BB4205D1062229467D
:1032F000304638F0DDF818B1013405F5A875E8E777
:103300000B20E9E72028002008B5B0F898305A1CB7
:1033100062F30B03A0F89830042001F055FD70B162
:10332000074A937F0133DBB2937792F820209A42C9
:1033300005D1BDE808404FF08060FEF7FDB808BD3C
:103340002028002013B58B7901910C3319440446D1
:10335000CB7A23B901A82DF0B1FF02B010BD8B7A52
:1033600003F00303032B09D101212C302BF0C0FB08
:103370004FF4006104F128002BF0BAFB01990448D6
:103380008C602EF04EF94FF00050FEF7D5F8E4E7D0
:103390002C280020014B1877704700BF2028002000
:1033A000014B187F704700BF202800202DE9F74F00
:1033B0001D4616469DF8383080F89F302A469DF805
:1033C0003C7052F8103BC0F82C3104468A4600F19C
:1033D0004001381E18BF0120DDF830909DF8408074
:1033E0009DF834B0FFF7AEFB20462CF045FE20469A
:1033F0002BF0D2FB2BF058FB4146024620462BF027
:10340000C5FBC8230DF106012046ADF806302BF0B0
:10341000B0FB47F6FF73A4F83431AB88A4F8303121
:10342000AB7984F83231D9F80030C4F86D30B9F88E
:103430000430A4F8713004F12809BBF1000F03D067
:10344000042148462BF054FB27B14FF40051484665
:103450002BF04EFB4FF4607001F0B6FC10F08007CB
:1034600018BF4027C30548BF47F08007810548BF04
:1034700047F4807727F0F3F84FF48261834648469B
:103480002BF036FB394604F12C002BF031FB58466B
:1034900027F0EBF8AAF10203012B00F28F804FF422
:1034A000002148462BF024FB01212046FFF76EFC4B
:1034B000042120462CF0E7FD6B7DC3F3040384F860
:1034C0006C306A8952006263697B2A7B42EA01227E
:1034D0006287E97BAA7B42EA012222876A7D84F81F
:1034E0006B30C2F3421284F83E2000220523A287EB
:1034F0000122A4F8A030A4F880209DF944102046B1
:103500002BF04FFB01F0BCFC20F40060C4E9080183
:103510002046FFF7BBFB4248078D2AF002032FB974
:10352000002B40F2C71718BF4FF4D777298940F214
:10353000712A49000AFB01623A4E6260E661002B83
:1035400043D10261EB795B000AFB03F302EB530208
:10355000B4F87C3062600AFB03F3B3F5487FB8BF70
:103560004FF44873B8F1010FE3600AD094F83B318F
:1035700068F3030384F83B3108F00F0120462BF079
:1035800078FC04F1080039462CF072F8012004F0B0
:10359000B9F828B963691A075CBF43F00403636193
:1035A0006B8940F27121013B594320462BF0B1FA5F
:1035B000204604F0B1F803B0BDE8F08FBAF1010F76
:1035C00040F2014118BF01216FE704F1340B0231D1
:1035D00058462CF0F9FC636800F5A056A3EB1623BF
:1035E000636040F6080148462BF082FAE8790E4BFA
:1035F000616B400003FB00667600666758462CF05E
:10360000E3FCB4F87C30A0670AFB03FA636F1B0A83
:10361000BAF5487FACBF534403F54873A2E700BF37
:1036200020280020652F01008038010070B51D465C
:10363000C36A1B07044616460FD408212C302BF012
:1036400057FA0649064A31402A40C4E90812204682
:103650004021BDE87040FFF799BB70BD2FCF87F7C1
:10366000EF1B000C2DE9F04F85B004460191084690
:10367000002933D04B799A0720D42DF0C7FF78B9B1
:10368000019B5B79DB0705D54FF4803104F12800FD
:103690002BF02EFA01A82DF011FE05B0BDE8F08F39
:1036A000A36ADF030AD54FF4803104F128002BF020
:1036B00027FA019A537943F001035371019900915C
:1036C00026F0CDFF00994B799E07054613D504F1EE
:1036D000B0002DF0FAFF284626F0C7FFDFF89491DE
:1036E00026F0BDFF94F94A31022B074608DD384623
:1036F00026F0BBFFD1E704F1AC002DF092FFEAE722
:10370000A36A13F4807FD4F8B03017D0002BEED02A
:103710009A7913441B7B2A2BE9D829FA03F3D8079B
:10372000E5D504F1B0002DF0E7FD0090384626F015
:103730009CFF009920462BF056FDD1E7D4F8AC2031
:1037400012B9002BD3D0ECE7002BEAD194F8968085
:10375000039304F1AC0BD4F8AC6096F807A0B379EE
:10376000AAEB030A5FFA8AFAC24526DC58462DF016
:1037700045FFA8EB0A0805466B796FF3C3036B712D
:10378000294603A82DF04DFFD4F8AC302BB15B795E
:10379000990702D1B8F1000FDDDC039B002BA6D006
:1037A0009B79022B40D800202DF0BBFD70BB039904
:1037B00004F1AC002DF089FF99E700202DF0B1FD58
:1037C000054630B9039904F1AC002DF07EFF039556
:1037D0008DE78079B1790C300C3142463144284470
:1037E00037F076FEEB7953FA88F3EB71B37972799F
:1037F00053FA88F3B3716B7962F300036B717379D9
:103800006FF3000373714FF00008B5E7039B427933
:10381000597961F3000242715A796FF3000201464F
:103820005A7103A82DF04CFFE36A9A0512D503984C
:10383000034600680028FBD1DB79C3F14503DBB206
:10384000032B07D82DF06DFD01460028AFD003A84B
:103850002DF0E7FED4F8AC3013B15B79DB0704D56B
:10386000039A537943F008035371384626F0FDFE5E
:1038700003995FE77C2C020070B5036BDA0786B012
:10388000044634D5866A330724D516F4002F14BFB6
:10389000032501252046FFF763FA94F89F3005932E
:1038A0000023049394F83E300393238F0293638F95
:1038B0000193636BC3F34F030093C6F3800204F1DB
:1038C0006D03294680B22CF0D2F938B9002528467C
:1038D00006B070BDB50C05F00205DBE7012104F16F
:1038E00030002BF00DF94FF400512BF001F9236B50
:1038F000980410D52046FFF733FAA16AC0B2C1F38D
:1039000040312BF056FF0028E0D04FF4005104F175
:1039100030002BF0F5F8236BD90409D5002120469F
:10392000FFF7A0FE4FF4805104F130002BF0E8F8CF
:10393000236B5A0511D52046FFF712FA0023C2B2B5
:10394000194694F89F002CF0A7F80028BED04FF439
:10395000806104F130002BF0D3F8236B5B0711D5A5
:103960002046FFF7FDF9616B238F628FC1F34F0192
:1039700080B22CF05CF90028A8D0042104F13000BA
:103980002BF0BEF8236B1E0709D520462CF01AFF3A
:1039900000289BD0082104F130002BF0B1F8236BF4
:1039A000DD0618D52046FFF7DBF9E16A11F48051F6
:1039B00080B200F0E38000212CF0D0F9002885D0FF
:1039C0004FF4805104F12C002BF09AF8102104F1EF
:1039D00030002BF095F8236B580615D52046FFF7DD
:1039E000BFF994F87330009380B2D4E908232CF027
:1039F00095F900283FF46AAF002384F87330402122
:103A000004F130002BF07CF8236B190516D5204605
:103A1000FFF7A6F900230093B4F89A20B4F89C307D
:103A200094F89E1080B22BF077FE00283FF44EAF42
:103A30004FF4006104F130002BF062F8236B13F4B3
:103A4000804532D19A0516D52046FFF789F994F8BA
:103A50003B1194F8732001F00F0180B201F07AF865
:103A600000283FF433AF84F873504FF4007104F131
:103A700030002BF045F8236B1B0616D52046FFF7C8
:103A80006FF9B4F890300093B4F88E2094F8953024
:103A900094F8941080B22CF093F900283FF416AFFC
:103AA000802104F130002BF02BF8236B9E0612D5F9
:103AB0002046FFF755F994F8731080B22CF065F9A1
:103AC00000283FF403AF002384F87330202104F171
:103AD00030002BF015F8236BDD0508D504F130001C
:103AE0004FF480712BF00CF820462CF097FC236BE0
:103AF000180408D504F130004FF400412BF000F811
:103B000020462BF0B2F9236BD90308D504F130001D
:103B10004FF480312AF0F4FF20462BF032F8236B6B
:103B20009A0308D504F130004FF400312AF0E8FF81
:103B300020462BF034F8236B9B0722D50022114638
:103B400020462BF02AF820462BF029F82046FFF7D4
:103B500007F994F8731080B22CF0CDF905460028CF
:103B60003FF4B4AE022104F130002AF0C9FF204630
:103B7000FFF760FB044B1B689847A8E62CF005F99B
:103B80001CE70125A3E600BF50280020134AF8B522
:103B9000002302F1240151E8004F41E80035002DD7
:103BA000F7D1012734B9BDB10D4829462AF0A0FF4D
:103BB0002046F8BD94FAA4F0B0FA80F007FA00F6B7
:103BC00024EA0604FFF7B8F80028EBD0FFF754FE0C
:103BD0000028E7D13543E5E70120EAE72028002067
:103BE000442800202DE9F74F04460190002860D0BA
:103BF000C579314F0C35054426F031FD4FF00008F2
:103C0000814646464046BA7E5FFA88FA524519D93F
:103C10004FF4A8733A6803FB0AFB5A44916ACB0637
:103C200044D5B2F89820C2F30B02002A3ED0E279C4
:103C3000C2F14502D2B2032A15D802202DF071FB41
:103C4000044640B900234846FB8326F00EFD30466B
:103C500003B0BDE8F08F014601A82DF0E2FCE57944
:103C60000C35254400200422012312FB00330021DF
:103C700005F820A0E9543B685B4402FB005CB3F804
:103C800098308CF80230032312FB00320136A9541D
:103C90003B685B440130B3F8982061F30B02A3F852
:103CA0009820E3790433E371C0B2F6B208F1010859
:103CB000A9E70646CBE700BF20280020F7B56846F5
:103CC000FEF734FF134E00254FF4A877B37EAB42C6
:103CD00001DC03B0F0BD346807FB0544A36A03F0C0
:103CE0001803102B13D10522694604F1410037F067
:103CF000DFFB60B1012120462CF0B1FB38B9012077
:103D00002DF00FFB014610B1204601F06FFC01358C
:103D1000DCE700BF202800202DE9F74F26F09FFCAC
:103D2000424BDA6800920022DA6026F09EFC009B8B
:103D300013B903B0BDE8F08F68462DF0DDFA827943
:103D40008768019002F10C0404440A32A17A11F050
:103D5000200F0CBF022103210A448271FA6A520526
:103D600010D5E17AA27A42EA0122014638462BF0C8
:103D70002AFC38B901A82DF0A1FA3D2138462BF0D4
:103D800013FBD4E7BA6A94F80AB0019912F40072EE
:103D90000BF0030013D00328ECD18A790A44127B7C
:103DA0002A2AE7D8224B23FA02F2D307E2D54A792E
:103DB00042F002024A71384601F02AF9B7E70328B7
:103DC000F5D0487962F341004871084694F80690AE
:103DD00094F905A02DF01AFC019DAC79063CE4B2E3
:103DE0000646AC713846FEF7BBFF0C3405EB040801
:103DF0000BF0030BC0F3032343EA0B13F6B288F86E
:103E0000033088F80200A8F804602B4605F804A0E7
:103E100088F801905A796FF341025A711B68002BA0
:103E2000F8D128462BF0DCFC81E700BF20280020D9
:103E30007C2C020030B58BB0D37B8DF80830937B9F
:103E4000C47B8DF80930537B8DF818408DF80A300B
:103E5000847B137B8DF819408DF80B30447BD37A2B
:103E60008DF81A408DF80C30047B937A8DF81B4046
:103E70008DF80D30C47A537A8DF81C408DF80E30D1
:103E8000847A137A8DF81D408DF80F30447A037AC6
:103E90008DF81E408DF81F30C3798DF820300D4607
:103EA000837991798DF811108DF82130517943790A
:103EB0008DF812108DF82230117903798DF81310D6
:103EC0008DF82330D178C378D4798DF814108DF81B
:103ED0002430917883788DF810408DF8151054783F
:103EE000417812788DF8253003788DF816408DF8DA
:103EF00026108DF817208DF8273006AC0094234645
:103F0000802202A9012027F0A6FA0028F6D19DF808
:103F100027009DF826109DF825209DF82430287054
:103F200069709DF823009DF82210AA70EB709DF82F
:103F300021209DF82030287169719DF81F009DF89F
:103F40001E10AA71EB719DF81D209DF81C3028727F
:103F500069729DF81B009DF81A10AA72EB729DF809
:103F600019209DF8183028736973AA73EB730BB08E
:103F700030BD00BFF8B5094F044600260CB907480C
:103F8000F8BDA179E5796D1AEDB20C312144B8196B
:103F90002A4637F09DFA2E442468EFE76028002077
:103FA000F8B5094F0446002604B9F8BDA079E579B3
:103FB0002D1AEDB20C30B91920442A4637F088FA90
:103FC0002E442468F0E700BF6028002037B504467F
:103FD0000020019104F0ECF903F078FF0B4A0C4D3E
:103FE0005369019913F0400F09D02B68986A0007B4
:103FF00005D51269143A5A604FF420525A67204688
:10400000FEF7E4FE00232B6003B030BD2028002023
:10401000702900200123074A03FA00F002F114037B
:1040200053E8003F034302F1140C4CE8003100292F
:10403000F4D1704720280020F8B5234F7B6913F492
:10404000C07F05460C4603D0990639D4012014E000
:1040500039B15A0705D4D5F8A83013B90820FFF7AD
:10406000D9FF7B699B0625D47B7FAE6A022B06F0C5
:10407000080604D916B114B90220F8BDE4B995F8C0
:10408000961095F83B01063100F00F0001F0A6FDF7
:1040900085B20EB904B16D0003F02AFBA8420DDB16
:1040A0007B6913F01C0F05D116B11CB90520E4E79C
:1040B000002CFBD10020E0E70320DEE70420DCE752
:1040C000002CF7D0C5E700BF2028002038B5124DDE
:1040D0006B69044643F400734FF4806128306B61D0
:1040E0002BF0BDFA012120462AF0A0FD0021204638
:1040F000FFF7A2FF014620B12046BDE83840FFF798
:1041000065BF6869617E80F48070BDE83840C0F3A7
:10411000002004F063B800BF202800200C4B13B52A
:104120001860044600F5967003F080FF2046FEF705
:1041300017FEC4B2204629F05AFE0190204629F00D
:1041400058FE01990246022029F045FE02B010BD3A
:104150007029002008B5002004F02AF903F0B6FE0B
:10416000014B00221A6008BD7029002010B50446DA
:10417000FFF7D4FF064804F01BF96168626F637EA5
:1041800001EB1222BDE81040112003F0DBBF00BF9D
:104190005D44010037B53E4B1C6800230193A36AC0
:1041A000580514D5D4F8A430019304F1A8002DF0DB
:1041B000A3F8C4F8A40050B194F84A31013B84F844
:1041C0004A314FF4806104F128002BF048FAD4F80A
:1041D000A4500DB92F4B9D6894F94A31022B0DDC88
:1041E000D4F8AC3013B1A36AD90502D5D4F8B030F5
:1041F00023B14FF480512046FEF7C8FDD4F8A81033
:10420000A36AAA79002902F10C024FEA830314BFC2
:104210000121002103F00C0343EA0113A95C21F002
:104220001C0143EA0103AB540DD11A4A02F11403F5
:1042300053E8003F23F0080302F1140040E8003186
:104240000029F3D102E00320FFF7E4FE284603F043
:10425000DBFF019B53B15B7903F00A03082B02D10A
:104260002046FFF751F801A82DF028F86B799A073E
:104270000BD5A36A1B0408D50820FFF7CBFE4FF42B
:10428000004104F128002BF0EAF903B030BD00BF73
:1042900070290020202800202DE9F04387B000235A
:1042A0000646032105A8059303F026FD059D35B9B3
:1042B000F4213046FFF78AFE07B0BDE8F083AB7902
:1042C000654F0C331D447B692C7914F001086FD1C4
:1042D00013F0100404D00720FFF79CFE002402E036
:1042E0000420FFF797FE01213046FFF7A5FE0546A3
:1042F00050B97B69717E13F4807F0CBF02200020CF
:1043000004F01AF8FFF746FF059803F0ADFDDDF85D
:1043100014807A6998F80630510603F10C0308EB13
:10432000030915D458F803303B610620FFF772FEED
:10433000B36A1A060CD406F1280252E8003F43F093
:10434000800342E800310029F7D10120FFF762FE27
:10435000494630462AF070FC99F80430DB0772D5E4
:10436000002C72D03046FEF7FBFCC0B229F03FFDB6
:1043700003903046FEF7F4FCB38F009382B20399AA
:10438000CDF804800023022029F02DFD4FF0FF31ED
:1043900005A803F0B1FC05993046FEF7D3FF002DC8
:1043A0008AD029463046FFF711FE002C84D14EE01A
:1043B00023F0100301207B61FFF72CFEAB7AD806B7
:1043C00030D50220FFF726FEB36AAA7A83F00203F3
:1043D000C2F38002C3F340039A4230D106F12800B1
:1043E0004FF400612BF03BF950E8003F43F4806349
:1043F00040E80032002AF7D1B36A7A7783F00203EB
:10440000B362B36AAC7A03F00102C4F3C001914213
:104410007FF464AF83F0010314F00304B36218BFA8
:10442000012460E707F1140353E8003F23F004037D
:1044300007F1140141E80032002AF3D1C4E77B7F81
:1044400001337B77DDE7002CA0D1002DA9D105A891
:104450002CF034FF30E700BF2028002008B5124AB6
:104460000346042B10680BD002D8032B18D008BDCC
:10447000053B012BFBD8BDE80840F121FFF7A6BDA5
:10448000FFF70AFF094A02F1140353E8003F23F043
:10449000200302F1140040E800310029F3D1E6E7DF
:1044A000BDE80840FFF712BE702900202028002038
:1044B000164B033810B51C68032818D8DFE800F045
:1044C0000702181E2046BDE81040FFF7E5BE204653
:1044D000FFF7FCFD0E4A02F1140353E8003F23F0FE
:1044E000200302F1140040E800310029F3D110BD8F
:1044F000F1212046BDE81040FFF768BD4FF4806110
:1045000004F128002BF0ABF8F221F2E7702900202B
:104510002028002010B50446FFF700FE054803F0F0
:1045200047FFFFF737FE627E61680220BDE810405A
:104530002CF040BDB1440100104B1A7842F0F0025B
:104540001A701A7C42F0F0021A7493F8202042F09C
:10455000F00283F8202093F8302042F0F00283F834
:10456000302093F8402042F0F00283F8402093F886
:10457000502042F0F00283F8502070477429002048
:104580000368054A23F07F6323F4002302EAC14154
:104590000B430360704700BF0000F80F70B54688FA
:1045A0001F4C06F00702072A0546164615D126F0CD
:1045B00056F800231A019EB2A25C12090F2A04EBDE
:1045C000031125D00133062BF4D1164A1388013389
:1045D000138026F04AF8192019E01201A35CC3F3F6
:1045E0000311013101F00F01042994BF61F3071396
:1045F0006FF30713A3542CF0D7FC04EB0614E06010
:104600002B6823F4E02343EA06462E60002070BDA9
:104610002B684B8011230B7026F027F8EBE700BFC7
:10462000742900205E31002038B5448804F0070466
:10463000072C05460FD026F012F82401064A135D18
:1046400043F0F00313552B6843F4E0232B60BDE8DF
:10465000384026F00AB838BD742900202DE9F0470B
:10466000448804F00705072D0746894637D01D4CBE
:104670004FEA051804EB051A14F808602CF094FCB6
:104680003609DAF80C3006EBC50604EB4606C01A0C
:10469000708014F8083003F00F02042A9EBF013224
:1046A00062F3030304F80830B9F1030F14D114F8CE
:1046B000081004EB0514A01C01F00F012CF0CAFA3D
:1046C000044625F0CCFF3A68074B134023433B6078
:1046D000BDE8F04725F0C9BF4FF6FF74F1E7BDE82C
:1046E000F08700BF742900200000FF7F064A92680F
:1046F000824208B507D0427922F0030242F0030259
:104700004271FCF781FF08BDD429002010B5064C8A
:1047100020462CF0D3FD201D2CF0D0FD04F1080024
:10472000BDE810402CF0CABDD429002010B50220ED
:104730002CF0F7FD034C606002202CF0F2FDA0602D
:1047400010BD00BFD429002008B5FFF7DFFF034BE1
:104750000022DA60BDE80840FFF7E8BFD429002056
:10476000014B5868704700BFD4290020014B98685E
:10477000704700BFD429002038B50C4CE3681BB14A
:10478000E36898470023E36023686BB107482CF087
:10479000B3FD054640B123681BB14FF00040FCF764
:1047A000CBFE28462BF0C0FB38BD00BFD42900202B
:1047B00010B5064CE0604FF00040FCF7BDFEE3682A
:1047C0001BB1E36898470023E36010BDD4290020A3
:1047D00038B58379034404465B7B13F0300F43798B
:1047E00023F0030308BF43F00103437125F037FFB3
:1047F0002146054605482CF014FF4FF00040FCF719
:104800009BFE2846BDE8384025F02FBFD429002064
:10481000F7B5144F7C68A3790C331C4400F036FBC9
:104820006679E6B116F0020519D136EA000316D111
:10483000E378B4F80920B4F80710A0790196247938
:10484000009401F099FA002808BF0C25B8682A46A0
:1048500042F2410103B0BDE8F0402AF055BF1125F6
:10486000F4E700BFD429002010B50D4C626893799D
:104870000C331A441179D078B2F80730B2F8052019
:10488000003918BF0121003818BF012001F006FDD2
:1048900042F242010246A068BDE810402AF034BF4F
:1048A000D42900202DE9F041164E7468A3790C3309
:1048B0001C44B4F803801FFA88F0FEF73DFA07465F
:1048C000E8B1A27961792AF07AFA0546B068022344
:1048D0002A4642F27A012AF0D5FE83790344A3F8EE
:1048E0001280FFF703FF45B9A37933B138462AF0A8
:1048F00034FC014638462AF04CF9BDE8F081022527
:10490000E4E700BFD429002010B5084C6068837923
:1049100018440F3000F08CF90023A0681A46BDE857
:1049200010404FF628412AF0ADBE00BFD429002028
:1049300020F00403202B0AD01D289FBF054B23FA2B
:1049400000F0C04300F0010088BF01207047002044
:10495000704700BF66002D202DE9F04F95B0FFF79E
:10496000FFFE86790C3642F2360330F80680984511
:10497000054600EB06040ED1FFF7F2FE02212CF0F3
:1049800075FCA3787F220233A370AA55002320224E
:10499000627023776377E0780121FCF7C9FE00237A
:1049A0000646002800F0CF80E288CDE91233ADF84A
:1049B0004820B4F80920ADF84C20A288237A8DF85D
:1049C0004A3012F01000E37A8DF84E304FF6FF7344
:1049D00018BF4FF4804312F0050F25D1DDE9121204
:1049E00091421DD900251126FFF7C0FE0123324652
:1049F0004146ACB22AF046FE002DCCBF0534053C42
:104A000024B2002E40F0A2800A2394FBF3F4E4B217
:104A1000FFF7ACFEC3791844C47215B0BDE8F08F3F
:104A20001F29DFD99A42DDD8E57D00285FD0012D0E
:104A30007CD1E07829F0E8FD002872D1444A237F38
:104A40001278002A75D0042B70D8637F042B6DD8A0
:104A5000A388DB0674D500200121C822084003F09A
:104A6000B7FD054694F91600B4F804E0677EE188C6
:104A7000B4F8092094F80C9094F815A094F818B0A4
:104A800000EB8003B5EB430FC8BF1846637B0F9361
:104A9000A37B109304F10F031193637FC8BF4500FC
:104AA000E07D0C93237F0B93E37E032808BF042053
:104AB000032F08BF0427003B18BF01230A93A37EDE
:104AC000CDF80C90CDE90873119B02931FFA85FC79
:104AD000109B0193CDE9060BCDE904AC0F9B00932D
:104AE00030465FFA8EF329F05BFA06467CE705F064
:104AF000FD03012B7FF476AF677E7B1E022B3FF612
:104B000071AF00F0C3F9032D08BF04250540EDB2D5
:104B1000002D3FF467AF032F08BF0427384288D128
:104B200060E7A088FFF704FF002887D10025122640
:104B30005AE7002B7FF456AF637F002B88D051E7F4
:104B400029F0B2FF88E7054607264DE700245FE716
:104B5000553A0020F8B5074601200D4616462CF0C0
:104B6000E0FB0446C0B106220C212AF09EFD691E1E
:104B7000A379C9B2032998BF084A03F10C0323445F
:104B800098BF525C9F8088BF00222046DE70DA7199
:104B90009A71FFF7ABFD0120F8BD00BF4509050084
:104BA000F8B5FFF7DDFD83791844B0F80F60B0B2B7
:104BB000FEF7C2F80446C0B12AF0CFFA0138C0B2FD
:104BC000032814D80B4B1C5C0027FFF7CFFD0546CC
:104BD00004233A4642F230012AF054FDA8790C3001
:104BE0002844C68004724472F8BD0227EDE7002411
:104BF0002746EAE7450905000B4610B50649074C6C
:104C00000622002818BF2146184636F051FCB0FA9B
:104C100080F0400910BD00BF573A00205D3A0020E7
:104C2000024B1A6802609B8883807047573A0020C5
:104C300013B50D4C28B1036823608388A38002B0AC
:104C400010BDF8F71BFBCDE900019DF80230A37001
:104C5000BDF80530BDF80020A4F803309DF80730FA
:104C600022806371EBE700BF573A002010B504467D
:104C700025F0F5FC064B22681A60A2889A80054A46
:104C8000137843F00103137025F0EFFC012010BDF1
:104C90005D3A0020563A0020024B1878003818BFC1
:104CA00001207047563A0020024B1A6802609B8828
:104CB000838070475D3A0020024B186908B1FCF709
:104CC0003BBC7047D813002010B53A4A002302F1CC
:104CD000100151E8004F8C464CE800310029F6D114
:104CE0000443A20201D502F081FD230101D503F0A6
:104CF0001BF9002C01DAFFF73FFD600001D501F040
:104D0000D1F8A10001D5FFF707F8E20007D5FCF7BD
:104D100001FE20B928484FF080512BF027F963019C
:104D200007D52AF0E5FA20B923484FF080612BF02F
:104D30001DF9A00105D529F0B0FEFEF7BFFF29F04F
:104D400068F8E10108D529F010FF072804D11A48B6
:104D50004FF080712BF00AF9620201D5FDF700F9DE
:104D6000230201D529F041F8E00207D52BF006F91E
:104D700020B911484FF480112BF0F8F8E10507D560
:104D8000FEF704FF20B90C484FF480712BF0EEF8C9
:104D9000A20507D500F006F920B907484FF40071C5
:104DA0002BF0E4F8630503D52AF06AFC2AF069FCCD
:104DB00010BD00BFD8130020E813002001460148B1
:104DC0002BF0D4B8D8130020014B1B681840704753
:104DD000D8130020044B10B5D3E9064220431143F9
:104DE000C3E9060110BD00BFD8130020F8B51F4E5F
:104DF0003368002B05464FF0000402DAFFF7A4FCED
:104E000032E01B4F4CF20C000021FFF7E3FF3C6047
:104E100025B16B683360AB6803B13B604FF0004075
:104E2000FFF7CCFF3B680BB9124B3B60124B1348AA
:104E3000B3600023337304F0DDF9FFF77DFB2846F0
:104E4000EBF7B6F9044678B92DB1B5F90E10B5F9FE
:104E50000C0000F0F1FE29F02BFE06F095F803F0AF
:104E60009FFC04460028C9D02046F8BDD813002076
:104E7000E429002031130020B94C0100DC1300208C
:104E8000014BD3E906017047D8130020054B9B69FD
:104E9000DA054CBF032001201B0548BF40F0040089
:104EA000704700BFD813002038B505460C4603F004
:104EB00057FA0B4AAB7A52F8200052F82330094ACD
:104EC0000344A3FB04010902074B41EA10610002FD
:104ED000C01841F10001002323F044FD38BD00BF9C
:104EE000A809050040420F003F420F00024B1A681C
:104EF00002601860704700BFE8290020024B0022C2
:104F00001A6000F0F3B900BFE82900202DE9F0474E
:104F1000064629F08EFE044608B901203AE045789D
:104F20004DB925F09CFB237863701D4B1B686360B3
:104F3000257025F09AFBDFF86880012794F801902E
:104F4000B9F1000F07D12378002BE6D04FF40070A1
:104F5000FCF7F2FAE1E799FAA9F5B5FA85F507FA4F
:104F600005F55FFA85FA636833B929EA05056570C6
:104F7000D8F800306360E1E79B681BB963681B6881
:104F80006360F0E7514630469847012804D16368D2
:104F90001B686360BDE8F0870228EFD10020F9E7C5
:104FA000E829002070B50E4E0025FEF7E5F8A8426E
:104FB00001D8012012E03068FDF7BEFE50B9346818
:104FC000FEF7DAF80134B4FBF0F303FB104434606D
:104FD0000135EAE7FFF79AFF0028F0D170BD00BF66
:104FE000EC29002010B5837903440446187B2A2855
:104FF00008D8064B195C20462CF038F9A0790C3003
:10500000204410BD2BF00FF80146F4E749090500D4
:105010002DE9F34105460C46019129F0FDFD83067B
:1050200005D501A82CF04AF902B0BDE8F081DDF801
:10503000048098F806700C3718F807002A280DD855
:10504000174B1E5CFF2E0DD101982CF037F918F884
:105050000720019928462BF07EF8E5E72AF0E3FFC8
:105060000646EFE701982CF0D1FA0138B042EBD1B7
:105070000C4B1E684EB9A379234421461A7B28465F
:1050800002B0BDE8F0412BF066B873680BB9366822
:10509000F0E72146284698470028F8D0C4E700BF2B
:1050A00049090500E829002037B504460D462021AE
:1050B00029F0B4FD2946204629F0FAFD21460120B9
:1050C0002BF0F0F8214600202BF0ECF80120044AE8
:1050D0000090002321462BF076F803B030BD00BFCE
:1050E0002300040030B585B00C46039205462BF032
:1050F00048FA80F001002946C0B229F084FD012C55
:10510000039A06D02146284605B0BDE830402BF072
:105110003EBAC3689A7913441022DB8A009229466A
:10512000034A00202BF04FF8204605B030BD00BFE9
:105130008F05040037B504462BF068FA032120469A
:1051400029F087FD00250346044A009521460120E9
:105150002BF039F8284603B030BD00BF73040400BB
:105160002DE9F347074602200E462CF0DAF80446F4
:10517000002849D0B3790C3333440021B3F80480BC
:10518000B3F806A0B3F808902AF095FF2046FFF781
:1051900029FF02210546384629F05BFDA5F8048069
:1051A0006881A5F806A0A5F808902BF0C1FE08F1CB
:1051B0000108B0FBF8F303FB18080223A5F80280EE
:1051C0006B70A079B071E379F371A179E2790C3059
:1051D000521A0C31D2B22144304436F079F93946B2
:1051E000012029F010FD1022C6606B89009239461B
:1051F000064A01202AF0E7FF384621462AF059FFE7
:10520000002002B0BDE8F0870720FAE78F05040010
:105210002DE9F34104460D460146012029F0F3FC37
:105220000121074628462AF046FF2846FFF7DAFE06
:10523000064600F101084046FDF778FCD6F801303B
:10524000C7F812307379BB750221204629F001FDA1
:1052500029460746F08020462AF02BFF20230093A2
:10526000044A3B46214601202AF0ADFF002002B04F
:10527000BDE8F0815B050400F7B504460D46014624
:10528000012029F0C0FC50E8003F43F4806340E86F
:105290000037002FF7D120462BF073F9002814BFF8
:1052A0000E21082128462AF006FF2846FFF79AFE1D
:1052B0000646FFF7E5FDC6F80510FFF7E1FD2946B4
:1052C000C6F8010020462AF0F4FE0321204629F00A
:1052D000C0FC054A00970346214601202AF073FFCF
:1052E000384603B0F0BD00BF7704040008B5054898
:1052F000054A06492BF0AEF8BDE808400148FFF723
:10530000F5BD00BFF02900204B06040071540100D8
:10531000F0B58B790C33CD18CB5C023B85B00446DD
:105320000E460F2B00F29C80DFE803F0089A9A9A51
:105330009A729A829A9A23639A9A9A46697829F07D
:10534000B7FC2021204629F069FC214601202AF0E3
:10535000A9FF214600202AF0A5FF01250023414A8C
:105360000095214618462AF02EFF304603F022FE13
:105370002FE0AB886A88697829F0BCFE204629F0C6
:1053800050FC830708D4314620462BF03FF9012119
:1053900020462AF078FE1CE02146012029F033FC4B
:1053A000314B82689A4203D1214601202AF04AFFFC
:1053B000304603F0FFFDEAE76F78AA7803920846CB
:1053C00003F0F8FD162F039A06D1032120462BF097
:1053D0003EFB012005B0F0BD21460120039229F0DB
:1053E00012FC8368039A002BF3D0032120469847D0
:1053F000EFE70146012029F006FC07466A78039290
:10540000304603F0D7FDBB68002BE2D0039AECE7EF
:105410000146012029F0F7FB07466A7803923046DF
:1054200003F0C8FDBB68002BD3D0039A0421DDE74D
:105430000146012029F0E7FB0C4B82689A4294D187
:10544000D5F80120D5F805302046FEF7EFF83046B4
:1054500003F0B0FD214601202AF0F4FE022197E777
:105460000020B7E701060400730404007704040079
:105470002DE9F3410C4606462BF083F8A3798046CC
:10548000002868D00C33E718E35C012B40D0082BD0
:1054900038D0002B52D1798930462AF082FE7B88A1
:1054A000B9887A788B4294BF05460025092986BFC2
:1054B00001F1FF339BB208239A4288BF00250846BA
:1054C000002AFB883A8908BF00252AF082FD38B9F6
:1054D000204603F06FFD4546284602B0BDE8F08146
:1054E000002DF5D03146002029F08DFBC4607B896A
:1054F0001022013B00921C4A9BB2314600202AF048
:1055000062FEE9E7214630462AF0D9FF0125E3E7AC
:10551000F98830462AF045FE0546781C29F0D6FA6F
:105520000028D5D0002DD3D03146002029F06BFBC8
:105530002023C4600093FB880C4ADEE721463046F6
:105540002BF076FB0028E1D12146304602B0BDE8C1
:10555000F041FFF7DDBE23441B7B0E2BD2D021464A
:1055600030462BF054FBEDE7E55001001305040035
:1055700038B504460D4629F054FB420709D52846A4
:1055800003F018FD4FF400612046FDF7FFFB0020FB
:1055900038BD204629F045FB830703D5284603F094
:1055A00009FDF4E729462046024ABDE838402AF0C2
:1055B000E5BE00BF3551010013B50446019129F045
:1055C0002BFB00F018001028019906D1064A20464E
:1055D00002B0BDE810402AF0D1BE084603F0EAFC54
:1055E0000C2002B010BD00BF61510100014A2AF039
:1055F000C5BE00BF1152010070B504460D460146FC
:10560000012029F000FB0646204629F00AFB02078C
:1056100008D5284603F0CEFC40212046FDF7B6FB16
:10562000002070BD33685B0503D5284603F0C2FC3B
:10563000F6E729462046024ABDE870402AF09EBEA1
:105640007952010073B504460E4629F0E5FA00F0E0
:10565000300010284FF0020031D12BF062FE0546D9
:1056600078B3437943F00203437102212AF023FD0A
:105670002846FFF7B7FC2946467020462AF019FD58
:105680001621204629F014FB2021204629F0C6FAD5
:10569000214601202AF006FE214600202AF002FEC3
:1056A00020462AF0A0FE0121204629F0D2FA034626
:1056B00001200090044A21462AF085FD002002B016
:1056C00070BD0720FBE700BFA30404002DE9F041F3
:1056D00088B00D4604462BF036F8AB790646002814
:1056E00000F0A5800C33EA18EB5C033B082B00F2BA
:1056F0003B81DFE813F009003901390186003901E7
:10570000390139015F008000D2F80100D2F805109C
:10571000B2F8098003AB03C302F1130301210B327A
:10572000204629F097FE042128462AF0C4FC28468A
:10573000FFF758FC0C21074605A803F045F805AB18
:1057400003CB3B46C7F80100C7F80510079A43F89A
:10575000092F00217A1C204629F07CFE21460020DA
:1057600029F051FA03AA0346A0F81A8003CAC3F825
:105770001200C3F8161020460821FDF707FB4FF46E
:105780000071204629F04AFA204629F07FFE29467A
:1057900020462AF08EFC0321204629F05AFA0346BF
:1057A0000020724A009021462AF00DFD304608B0D4
:1057B000BDE8F0810B2128462AF07DFC2846FFF742
:1057C00011FC294620462AF074FC24F048FF4FF4CF
:1057D00040710546204629F021FA4FF480512046B9
:1057E00029F021FA284624F040FF4FF4806120463A
:1057F00029F01CFADAE7284603F0DCFB4FF40071CD
:10580000F5E7062128462AF056FC2846FFF7EAFB72
:10581000204629F09AFC294620462AF04AFC2046D8
:1058200029F05AFE214600202AF00CFDBEE72B4449
:105830001B7B043B072BB9D801A252F823F000BF11
:105840006158010089580100EB580100AD57010073
:10585000AD570100AD570100AD57010001590100DE
:105860004FF40071204629F0D9F9AA790C322A4464
:1058700002F1090320460132002129F0EBFD284600
:1058800003F098FB012691E74FF48060FFF79CFA44
:10589000B0B14FF40061204629F0C0F9002720463E
:1058A000CDE90577FDF75CFA0646204629F0B2F906
:1058B0000095034605AA3946B0B22AF0C4FAE1E7DA
:1058C0002146012029F09FF900F11201204629F01C
:1058D00018FE062128462AF0EEFB2846FFF782FB39
:1058E000294620462AF0E5FBCCE7284603F062FB78
:1058F000214601202AF0D6FC204629F0EDFDC1E723
:1059000024F0ADFE4FF400710646204629F086F9DA
:105910004FF48051204629F086F9304624F0A5FE48
:105920004FF4C061204629F081F9294620462AF02B
:10593000C0FB2146012029F066F9C268054682B104
:1059400093790C331A4402F1130301210B322046E0
:1059500029F080FD204629F099FDE96820462AF0CB
:10596000A8FB0023EB608DE700261FE75307040028
:1059700008B50749074800222AF06CFD0548FFF7E3
:10598000B5FABDE8084001200021FFF723BA00BFA7
:10599000CD560100FC29002038B58B790C460C331C
:1059A0001944E35C142B054603D0152B0FD00020BF
:1059B00038BD01312AF04BFF1521284622462AF036
:1059C0008EFF214628462AF074FB0120F0E70146AD
:1059D000012029F018F90B4B82689A4203D0204627
:1059E00003F0E8FAF1E7A17921440D3128462AF0C5
:1059F0002EFF204603F0DEFA294601202AF022FC81
:105A0000E3E700BF3509040037B504460A460D46F2
:105A100014212AF064FF294620462AF04AFB03217C
:105A2000204629F016F93022034600922146034A07
:105A300001202AF0C8FB002003B030BD3509040066
:105A400008B507490748084A2AF004FD0548FFF74A
:105A50004DFABDE8084020200021FFF7BBB900BF88
:105A600099590100082A00203909040037B5ADF81A
:105A700000208DF80230009B0193044601A82AF013
:105A8000D0FE9DF806209DF802309A420D4605D1C1
:105A9000BDF80420BDF800309A4205D0284603F036
:105AA00089FA122003B030BD204629F0E0F99DF8B4
:105AB0000230827A9A4209D18288BDF800309A4237
:105AC00004D1284603F076FA0020EBE76946204629
:105AD00029F096FC024A294620462AF04FFCE1E7CD
:105AE000095A01002DE9F04116461A43BDF8188005
:105AF00007460C461D4605D120461146BDE8F0413B
:105B00002AF06EBF414620462AF037FB78B1214685
:105B1000384629F078F840238674C57421460693E8
:105B200038464346034ABDE8F0412AF04CBBBDE885
:105B3000F08100BF990A0400F7B505460E460146FC
:105B4000012029F060F8036813F0F00F03D0294614
:105B500001202AF0A7FB284629F0FCFAB3790C3380
:105B600033445F789B781F400378C3F3030000EA57
:105B7000131038402AF00DFF044668B928462AF071
:105B800012FF38402AF005FF044628B9284629F0BC
:105B9000E4FA00F047F804462846002129F069F9A4
:105BA000172130462AF087FA3046FFF71BFA3146B4
:105BB0004470847028462AF07CFA0321284629F094
:105BC00048F84022034600922946034A00202AF062
:105BD000FAFA03B0F0BD00BF4F0A040010B50C463E
:105BE00030B9054B58690279408804FB020010BDAA
:105BF00001F046FDF7E700BFF813002010B50C4692
:105C000050B9074B58694188A1423BBF0079641ADB
:105C10000020B4FBF0F010BD01F032FDF3E700BF4F
:105C2000F81300200138C0B203289ABF014B185C5A
:105C300000207047740905008BB20029054AB4BFE3
:105C4000053B05331BB20A21108093FBF1F39370DF
:105C5000704700BF60310020024B9B78C01A40B2F1
:105C6000704700BF60310020024B1B88C01A00B291
:105C7000704700BF6031002010B5084C81B204F1BC
:105C8000080029F0F5FC012001F03CFD28B963690A
:105C90001A075CBF43F00403636110BD142A00209F
:105CA000012303FA00F0074AC04302F1240353E83A
:105CB000003F034002F1240C4CE800310029F4D1EC
:105CC000704700BF142A00200123074A03FA00F09E
:105CD00002F1240353E8003F034302F1240C4CE893
:105CE00000310029F4D17047142A002038B51D4C2A
:105CF0004FF01013E3624FF4E063238647F6FF731F
:105D0000A4F8603094F86730012262F3030384F84A
:105D10006730154A154B0025C4E916326562FFF756
:105D2000B5F84FF48073A4F84830114BE361114B80
:105D300084F856001A68656113785278A4F8BC504C
:105D400013445B10294604F108006376A4F8B450AC
:105D500029F08EFC294604F19400BDE8384029F072
:105D600087BC00BF142A002055555500D6BE898E29
:105D70003D0D0400E42900202DE9F041224C9DF85E
:105D80001C801F46636ADB070E46154626D4F8B111
:105D90000120FFF799FF626A9DF8183084F854805B
:105DA00022F4C07242EAC312B8F1050F62621CD13C
:105DB00001F07EFFA0B194F8673068F3030384F824
:105DC0006730A685E58584F830700120BDE8F08154
:105DD0000120FFF765FFDEE702220FE00020F5E774
:105DE0006D00ADB2B54228BF354694F854309907DE
:105DF000F2D413F0040F0CBF0122032294F8673091
:105E000062F30303DBE700BF142A0020024B586A49
:105E1000C0F38000704700BF142A002010B51C4C4E
:105E2000626A12F0010218BF94F85420FFF7EEFFE7
:105E300010B194F855301A4302F00502052A13D127
:105E400001F036FF80B994F8673003F00F02012AA1
:105E500005D1032262F3030384F8673010BD0122E9
:105E600062F3030384F8673094F8663094F83110D5
:105E7000253BDBB20133DBB2032B28BF002341FA01
:105E800003F2D207F6D5253384F86630E6E700BF83
:105E9000142A0020024B586A00F00100704700BF2E
:105EA000142A002013B5114C24F0D9FB236A019366
:105EB0000023236224F0D9FB019B5BB9636A1B04B6
:105EC00006D529F050FC58B1636A23F4004363629D
:105ED00002B010BD01A82BF00FFA29F0AFFCEBE7E0
:105EE0004FF08040FBF728FBF2E700BF142A0020A8
:105EF00038B50E4C054680B10320FFF7D1FE0023D4
:105F000084F845300123A4F846300420FFF7C8FE8A
:105F1000BDE838401020FFF7C3BE0520FFF7C0FEE4
:105F20000123A4F8B83084F8B650EEE7142A002014
:105F3000274B70B55A6A0D4609B3160747D503F1CA
:105F4000450603F1460428B3D1061FD52388012B4B
:105F50001CD95B0823800420FFF7A2FE1020FFF766
:105F60009FFE2AF0E5FF2388B0FBF3F202FB13004B
:105F7000307055B30320BDE87040FFF791BE940622
:105F800025D503F1B60603F1B804DCE70420FFF7DA
:105F90009BFEE3E7D20314D5B3F84610B3F84820CC
:105FA00091420ED22288520092B22280B3F8483039
:105FB0009A4228BF1A4622801020FFF771FE042063
:105FC000CDE71020FFF780FEF9E70520D3E770BD8D
:105FD000142A002070B54B4A054651681068AC7908
:105FE000127A8AB06B4603C30C3408201A702C4412
:105FF000FEF7EAFE20B10122A11D28462BF041F94F
:10600000A3798DF80F30A37A03F00F0303F1280270
:106010006A44002112F8282CADF81020CDF8211088
:10602000ADF825108DF82010062B08D8DFE803F016
:106030000450070760074C000D20FFF745FEA37AC8
:10604000C3F380138DF81230E368CDF81330238A40
:10605000ADF8173000231A460DF113010DF11200AF
:1060600027F0E9FEE3798DF8193000238DF81A3016
:10607000ADF81E30AB79FF2212338DF81B207F2242
:106080008DF81C201C216279AB7128468DF81D20EB
:106090002BF0DAF9AB792B4403AC0C3309AE224672
:1060A00003CAB24218605960144603F10803F6D1DE
:1060B00010681860294614482BF0B3FA4FF080405E
:1060C000FBF73AFA0AB070BD0D20FFF7E9FDB6E71D
:1060D000D4F81230CDF82130E38AADF82530EB79D1
:1060E000063BEB71A37AC3F3C0138DF82030A6E70B
:1060F000064B5B6A9B0444BF42F00102ADF81020DE
:106100009DE700BF78090500342A0020142A0020EA
:1061100070B584790C3404442379DA0702D44FF043
:10612000FF3070BDA37AE27A03F00F05082DF6D890
:10613000062D02D8911F1F29F1D8012D1ED10C2A3E
:10614000EDD1234E736A13F0060F01D1DB0506D49F
:1061500027F07FFE28B927F073FE0028DFD02846FD
:10616000DFE7A37A96F83020B2EBD31F4FEAD310C3
:10617000D5D104F11201FEF73FFDEEE7042DEED17B
:106180001349144A486A0240002AC8D0C96B002942
:10619000E5D08A790C3288188A5CC3F38013B3EB9C
:1061A000D21F13D104F10C010622083035F080F91A
:1061B000B0FA80F4640927F04CFE0028CFD1002CFF
:1061C000CDD127F033FE0028C9DBA8E70024F2E791
:1061D000142A002008000400F0B5194C606B87B049
:1061E00008B3A76BD7B1BE790C36FCF7B9FD022313
:1061F000FF21BA5DCDE90431BD19D20995F82330EC
:106200005B090393AB8B02936B8B01932B8B0093F6
:10621000002105F1080380B229F029FD606BFDF72C
:1062200009F800236363A06B38B102F0C3FE0023BA
:10623000A363636A23F00403636207B0F0BD00BF89
:10624000142A002038B50D4D044600F041FFE86BDC
:1062500018B102F0AFFE0023EB6300F08BFA0848A0
:10626000FEF7E2F9FFF7B8FF0448214601F0A2FA71
:10627000BDE8384003482BF021B800BF142A0020A5
:106280001C2A0020342A0020034B586A10F0050015
:1062900001D1FFF7D7BF7047142A002073B53C4CDB
:1062A0001646626A02F0010370B95BB124F0D7F9B7
:1062B000636A019023F001036362FFF7E5FF019831
:1062C00024F0D3F900202AE0002BFBD1930704D55A
:1062D000E36BBBB10120FFF70BFE94F8303003F005
:1062E000FD03012B16D024F0BAF90546CEB10E20DD
:1062F000FFF7EAFC2AF058FE42F2107202FB060099
:10630000A06211E002202BF00CF8E0630028E1D13C
:10631000072004E0FEF7C0FC0028E4D1122002B000
:1063200070BD0E20FFF7BCFC0020FFF7CDFC636AB8
:1063300013F0040329D1E364E38D40F27122023BA0
:106340005343E26023612AF0F3FD0322B0FBF2F233
:1063500002EB4202831A253384F86630FFF75EFDB4
:106360002AF022FE60602065B4F8BC00002808BF57
:10637000F520FFF781FC074B05481A68137852781F
:1063800013445B10637601F0C7F9284698E700BF15
:10639000142A0020E4290020F8B53E4C054600F000
:1063A00097FEB4F8BC302BB9A36813F4601F08BF84
:1063B000A4F8BC303748012101F0FCF9364BE36109
:1063C000636A580426D42AF0EFFD0DB9E368184437
:1063D000E38DE66C1D1F40F271277D43AE4207FB43
:1063E00003F32CD2216DB4F82CC0A1F5967207FBF3
:1063F0000C222189E768121A394491421FDA9B1B4B
:1064000060609342D4BF23612261BDE8F840214817
:1064100001F082B9A26A6168521A002AD3DA23F025
:10642000010343F400436362FFF72EFF4FF0804007
:10643000FBF782F8FFF7EAFC0028C4D1F8BDA3F50A
:10644000AF732361FFF7EAFCA38D226D40F2712147
:1064500001FB03220023E364104B6260AE4222651D
:106460001A680BD3616A137B4907617E4CBF92792E
:1064700012780B4493420BDC6376C6E7636A117BA8
:106480005B07637E4CBFD27952785B1A9342F3DA92
:106490006276BAE7142A00203D0D0400E4290020AA
:1064A0002DE9F04F284CD4E90D958BB0236CAE79D3
:1064B00007938B46002722218246C4E90D77FFF718
:1064C0008DFB079B0C3696331A18079205EB0608CE
:1064D00001F0FCFCAB5D08F10806C3F3C0133146C4
:1064E0000DF127008DF8273027F0BDFC636A079A6D
:1064F000C3F380230393FF2302939DF8273039468B
:10650000CDE90063484608F10E03CDE904ABFCF782
:106510004DFF284602F04EFD636A23F02402DB079C
:10652000626205D40120FFF78DFE0BB0BDE8F08F4D
:10653000064B1A681378527813445B100120637677
:10654000FFF72AFFF1E700BF142A0020E42900200A
:1065500010B524F084F80446FFF758FC40B1074A10
:10656000536A23F004035362FFF78EFEFFF734FEF5
:106570002046BDE8104024F078B800BF142A00205F
:10658000042808B508BF0320FF21FFF727FB42F2CC
:106590000F7200F5AF70064B904298BF42F2107236
:1065A000C3F898008CBFC3F89C00C3F89C2008BDBA
:1065B000142A002010B5114C0023C4F8A830012380
:1065C000C4F8A030B4F8B430ABB1B4F8BC100C4887
:1065D00029F04EF8012001F095F838B9D4F8A03030
:1065E0001A075CBF43F00403C4F8A030BDE81040B4
:1065F0000120FFF7C5BFF521E9E700BF142A0020FD
:10660000A82A00207FB5284C01F060FC04F1580353
:106610000FCB6D4685E80F0094F876309DF80F207B
:1066200063F303028DF80F2003F00F0394F8AC20FE
:106630008DF80E200021C82028F031FAFFF714FB56
:10664000BDF90820824205D0ADF8080001F0B6FE81
:10665000ADF80A00284601F0E9FC27F0CCFB002247
:106660000146042027F0B7FBD4F8B0502AF09CFC78
:10667000636AD4F8B06013F4003FA5EB000514BFC3
:10668000112010208C2D94F8A53006F5FA6105DC58
:106690001A4601F0EFFC012004B070BD0A463146F5
:1066A00001F050FDF7E700BF142A002073B54379CD
:1066B00001906FF30003437101221C2101A82AF00D
:1066C00003FF48B1144A536A43F40063536201A8BC
:1066D0002AF0F4FD02B070BD019A104C537943F0DA
:1066E00001035371937913440C3304F118062546C2
:1066F00003CDB542186059602C4603F10803F6D16A
:1067000028681860114606482AF08BFF4FF0804039
:10671000FAF712FFDEE700BF142A00207C2A0020CF
:10672000342A002010B5124C636A1B051FD50120C6
:106730002AF0F7FD28B9BDE810404FF08040FAF785
:10674000FBBEB4F86C3023F0600343F04003A4F8C0
:106750006C30FFF7ABFF04F1240353E8003F23F450
:10676000006304F1240141E80032002AF3D110BD96
:10677000142A002010B50D4CD4F8A8308BB101F0CC
:106780002FF904F18C03834201D101F09FFB0848EB
:10679000002101F00FF80748FDF746FF0023C4F879
:1067A000A830BDE81040FFF7BDBF00BF142A00208D
:1067B000A02A0020A82A002010B5044601F010F9F4
:1067C000844201D101F082FB084BB3F8B42032B906
:1067D000D3F8942012F4601F08BFA3F8B420FFF789
:1067E000C9FFBDE810400120FFF7D6BD142A0020E4
:1067F000F7B53D4C05460E4617462AF0D5FB94F8F2
:106800008B30022B05D0D4F884301B1AB3F5FA7FF5
:106810002FD2364B364AEE61CDE9003294F876102D
:10682000D4F8843094F88820384601F059FC0646A4
:1068300027F0E1FA00220146042027F0CCFA0020DC
:1068400001F0B6FDA54209D1D4F8A83033B1012139
:1068500004F18C0000F0AEFFFFF78CFFD4F8843019
:10686000C4F8B03094F8883084F8AC30304603B0C7
:10687000F0BDA54209D1D5F8A83033B1012105F109
:106880008C0000F097FFFFF775FFD4F88430C4F850
:10689000B030002194F8883084F8AC30284600F0FD
:1068A00089FFD4F88430C4F89030637E84F8A53032
:1068B000C4F8A860FFF7AAFA0E4B1B6890B1DB7909
:1068C00094F8A52094F8760093423CBF02F1FF3380
:1068D000DBB284F8A530FFF753FE074800F01CFF39
:1068E0000126C3E75B78EBE7142A002055555500D5
:1068F000D6BE898EE4290020A02A00202DE9F04F81
:1069000091F806A00AF10C0A8BB001EB0A06894641
:106910000791F17A029031B1144662B9B04DD5F8C1
:10692000A830002B6BD007A82AF0C8FC00273846F7
:106930000BB0BDE8F08F337BA94D13F03F0B4FEA4E
:10694000931759D16A6A012C22F400326A6206F167
:106950000E0863D05FD9E01E0128E4D8B7FA87F0AB
:1069600040090028DFD003F03F008842DBDA002C2A
:1069700000F0F581042C07D1B5F86C30580754BFEE
:106980000A230E23A5F86C301BF0010F40F068823B
:10699000CDF80C801BF0020F40F05B821BF0040F5F
:1069A00040F045821BF0080F07D0039A537802325B
:1069B000C3F30313039285F87730012C37D1337B6F
:1069C00003F0C003402B01D0802B30D100231BF0FB
:1069D000100FA5F88A3018BF039B6A6A1CBF0333E7
:1069E0000393B5F86C3022F4003223F060036A623E
:1069F0009BB2A5F86C3039E096F80DB0A2E7337B76
:106A000013F03F0B4FEA9317F6D16A6A22F4003273
:106A10006A6206F10E08032FA5D184E7B5F86C0071
:106A200000F00300C01BB0FA80F0400999E76D4AFE
:106A300059F80A300092039995F856005A4627F003
:106A400021FF039B95F88A106A6A03440393B5F803
:106A50006C3023F060039BB20029CAD043F02003BE
:106A6000A5F86C3095F8893085F876301BF0200356
:106A7000049300F05B8103988378C178069043EA21
:106A80000123A5F87A3000F112030393012C00F0E2
:106A9000AF80059227F0DDF91BF0100F0FD1059A9A
:106AA000514980F00100C2F3C012C3B295F86E00E4
:106AB00005922CF059F9059A002800F0AE80042CBC
:106AC00000F28580022C00F22581002C7CD1022F5F
:106AD0006A6A00F0CD8195F88B70002F40F0288114
:106AE000049B93B14FF0000895F877203E4995F844
:106AF0006E0059F80AA028F035F88146002840F0C9
:106B0000A380B8F1000F40F0C7801BF0400F18BF02
:106B1000039B079A1CBF1B7885F87830337B08925B
:106B200003F03F086B6ADB0753D5002C40F0D6809A
:106B30001BF0100F4DD14FF0FF3108A801F0DCF829
:106B4000B37985F86B30737985F8793008A808F146
:106B50000D012AF014FE0898002800F0D380C480AC
:106B6000B5F86C30099003F06003202B6B6A0CBF02
:106B700043F4006323F400636B6243796FF3000313
:106B8000437101221C2109A82AF09EFC002840F034
:106B90004881099E154C7379B57943F001037371EF
:106BA0000FCC3544E86029616A61AB6107CCE861CC
:106BB0002962A4F164006A6231462AF032FD4FF086
:106BC0008040FAF7B9FCB2E6012C00F0B48100274E
:106BD00086E708A82AF072FB38460BB0BDE8F08FB4
:106BE000142A0020982A0020832A00207C2A0020D2
:106BF00050073ED4C2F3C012059227F02AF980F064
:106C00000100059AB0490592C3B295F86E002CF0C8
:106C1000ABF8059A002840F08E81002A00F08D80A4
:106C2000049B002B3FF47FAE95F87720A64995F89A
:106C30006E0059F80AA027F095FF00283FF473AEC4
:106C40004FF00009C8464F4695F87630029306F19A
:106C50000C0028F013FD069A03465146029827F0CF
:106C600083FFB8F1000F17D1B9F1000F3FF45BAE0D
:106C70004BE7F90707F0010348BFA046BAD503F078
:106C8000FF00002B61D10746049B002B7FF42CAF43
:106C9000B8F1000F3FF439AFD5F8248027F0D9F8C8
:106CA0001BF0100F02D0012C7FF42FAF80F00100F9
:106CB0008549C3B2C8F3C01295F86E002CF054F8A1
:106CC00008F0800100287FF420AF00297FF42BAE6C
:106CD00027F0C7F800283FF418AF24E64FF0FF3143
:106CE00008A801F009F8B37985F86B30737985F855
:106CF000793008A808F10D012AF041FD0898002814
:106D00007FF42EAF01202AF00CFB089000283FF4FE
:106D10000EAE25E795F88B70002F3FF4E1AE029898
:106D20006A490022FFF764FD0746D9E60693ADE6FF
:106D300002986749C2F34042F4E71146104627F033
:106D400090F800283FF4BBAE6AE7C2F3003200922D
:106D50005D4B32460121002000F088FA93E7FF20C6
:106D600095F8671085F86E007F2085F878004FF45D
:106D70007F40A5F87600C1F3030001F00F019B09E5
:106D80000529A5F86C30A5F87A4085F8750041D042
:106D900013B142F400326A621BF0010F40F0A08090
:106DA0001BF0020FCDF80C803FF4F8AD95F83000E1
:106DB000B27AB0FA80F35B09B3EBD21F08D0003887
:106DC00018BF01200399FDF717FF002855D1B27AAB
:106DD0000399D00927F03FF8049027F02DF8049A82
:106DE0000346002A40F09580D5F8A8307BB100F02A
:106DF000F7FD384B834200F09B803648002100F0BD
:106E0000D9FC3548FDF710FC0023C5F8A830FFF782
:106E100089FC88E5F179042908BF032185F87510FC
:106E2000B6E76B6A43F4006309A86B62D2E6039B82
:106E30000133039326F0DFFF4FF6FF730093CDF885
:106E400004900146204B95F86E20042026F0CBFFDD
:106E5000A8E5A31E022BA9D8039B063303939DE547
:106E600095F86E30FF2B3BD006F11403039391E5A8
:106E700091073FF530AE274632E6B07A0399C00954
:106E800026F0E9FF049026F0D7FF049A0346A2B942
:106E9000002B44D1B37ADB09039885F87C30036872
:106EA000C5F87D30B5F86C300C4A8188918043F08C
:106EB0000403A5F86C30831DD0E76A6AD205E7D5D4
:106EC0006BBBFE23E8E700BF832A0020BF0E04004F
:106ED000830E0400A02A0020A82A0020912A002066
:106EE000D6F80E30C5F86F302F4BB8F804109980E3
:106EF000B37A13F040031BBF42F48052012322F403
:106F000080526A6212BF85F86E3085F86E306A6210
:106F1000AAE76A6AD105D3D400283FF465AF95F893
:106F200030300BB90223B7E7012B08BF0323B3E7C7
:106F300000F0CCFF61E76A6A079802F004036BBBBC
:106F4000BF0703D502F0030103290FD095F88B305A
:106F50004BB102981549C2F34042FFF749FC4FF08C
:106F60000008074690E698461F468DE6059329F0EF
:106F7000DDFF059B08B96A6AE8E7B17A05934046E8
:106F8000C1F3801100F026F9059B074698460028BA
:106F90003FF47AAE029A064BD36175E607F001031F
:106FA0004FF000086BE600BF832A0020BF0E0400EC
:106FB000E30E040004282DE9F74F0D4617D007D83B
:106FC00003286DD0294603B0BDE8F04F29F021BF5A
:106FD000431F012BF6D8831F584258410021FEF76A
:106FE000A7FF284603B0BDE8F04FFFF7E5BB01A8B7
:106FF0004FF000094FF0FF31CDF8049000F07CFE17
:10700000019848B100F030FF0198FFF781F8082897
:1070100013D001A82AF052F900F0E2FC854201D118
:1070200000F054FF0121284600F0C4FBFFF7A2FB4B
:1070300003B0BDE8F04FFFF7CFB8019CDFF87880D0
:10704000A379D8F838700C33BE791C4426F0F1FED1
:10705000E8B126F0EBFE002819DB0C3607EB060B37
:10706000B85D0BF1080A4A465146C00926F0F5FE04
:1070700068B1D4F80E30CBF80830638AABF80C3026
:10708000A37ABA5DC3F3801363F3C712BA5500F055
:107090001DFF94F9051098F87600FFF701FAB8E79C
:1070A000044B1B685978112003B0BDE8F04F01F084
:1070B00095B800BFE4290020142A0020034B5B6A26
:1070C00013F0060F14BFF120E2207047142A0020AD
:1070D00008B500F085FC054B834206D100F0F6FEB2
:1070E000BDE80840002001F063B908BD142A002063
:1070F00073B5234C234801F05BF994F8673094F89A
:10710000662003F00F030021C82027F0C8FCFEF71B
:10711000ABFDB4F96020824205D0A4F8600001F014
:107120004DF9A4F86200184800F080FF00221146D3
:10713000104626F050FE666829F036FF0246FFF73B
:10714000BDFFB61AB6F5FA6F05460ADC00F0CAFABA
:10715000627EA0F5AF71284602B0BDE8704000F035
:1071600089BF6168019100F0BDFA637E0199A0F5C5
:10717000AF72284602B0BDE8704000F0E3BF00BF28
:10718000142A0020F57401006C2A002038B500F0A4
:107190009DFE00F0ADFAB0F5967F0D4C0CDDFFF7CB
:1071A0008DFF054600F09EFA627EA0F5AF7128467D
:1071B000BDE8384000F05EBF29F0F6FEE36C62687F
:1071C0009B1A0344E3640020BDE8384029F0C3BDA6
:1071D000142A00207FB5104C94F8455006462DB176
:1071E000013D84F84550002004B070BD0B4B039165
:1071F0001B680220597801F09FF894F83030039A08
:10720000E06BCDE900533146032329F0D8FDE06B54
:1072100000F0FAFF0120E7E7142A0020E42900200B
:1072200010B5104C636A9B0608D500F04FFE94F928
:1072300044100120BDE81040FFF732B904F12403E7
:1072400053E8003F43F0080304F1240141E8003211
:10725000002AF3D1044B1B68BDE810405978012087
:1072600000F0BCBF142A0020E42900202DE9F04FD3
:107270001F469C4B9D6BAC798BB00C34CDE9032140
:10728000021E01922A5D9DF850A008BF002161F303
:1072900045122A555A6A394602F040035046029375
:1072A000C2F3801826F0D7FD2B198146285D03F123
:1072B000080B5946C00926F0CEFD029B0646A3B92D
:1072C000A8B926F0C6FD80F00100C3B2424603F023
:1072D0000103394650462BF047FD804648B94FF030
:1072E000000840460BB0BDE8F08F0123EEE7029B9B
:1072F000ECE7029B002B00F0BC807A4B5B6A9805A0
:1073000040F1EC8026F092FD0028C0F2E7800022D8
:107310001146104626F09BFD81462E5DC6F3801671
:10732000B9F1000F0AD00023022128191A46084497
:1073300029F01AFD2B5D60F386132B552A193B6843
:107340009360BB88ABF804302B5D6AF3C7132B55F1
:10735000019BDBB9634A92F8B630BBB1013B82F8BE
:10736000B630BCE70AF1FF32D2F1000A2B5D4AEBDE
:10737000020ABAEBD31FB2D106223946584634F07E
:1073800097F806460028AAD18146E1E7564B1F68C8
:1073900029F00AFE2B19014603F10E00B847534BA2
:1073A000019A1B68002A59D15978022000F0C4FFC5
:1073B000039BDF7900F014FB4D4BC361DFF824A180
:1073C000DAF8380000F020FF039B1B680593039B4D
:1073D00038461989FEF702FC059B1844019B002BD7
:1073E00042D1033F012F8CBF0423062340F27122B8
:1073F00002FB0300039BCAF84000049A5B798AF8F9
:107400004430DAF824308AB343F4806343F0200335
:10741000CAF82430029B8BB9019B7BB92B5D019A82
:10742000C3F3C013594608A88DF8203026F017FD85
:107430002B5D9DF8202062F3C7132B55B9F1000F87
:107440003FF44FAF002328191A46F1B2023029F059
:107450008BFC2B5D60F386132B5542E7D979002016
:1074600000F06AFF0127A9E70223BFE723F4806346
:10747000CCE7002E7FF476AFB9F1000F3FF472AF86
:1074800026F0D7FC00283FF46DAF012208A90DF1CA
:107490001F0026F0E4FC00283FF421AF9DF81F30C8
:1074A0002A5D591E4B424B41B3EBD21F7FF417AFFD
:1074B000062208A9584633F0FBFF064600287FF451
:1074C0000EAF2A193B689360BB88ABF804302B5D84
:1074D000DDF808906AF3C7132B5539E74FF0000920
:1074E0001BE700BF142A00205C280020E4290020AC
:1074F000B56F010004282DE9FF471ED005D80328E9
:1075000000F0B28004B0BDE8F087431F012BF9D82A
:1075100005384FF0010118BF0120FEF709FD29F0E1
:1075200043FD554AD36C51685B1A03440020D36471
:1075300004B0BDE8F04729F00EBC03A800244FF0CA
:10754000FF31039400F0D8FB039870B100F08CFC7D
:107550000398FEF7DDFD0828064603D8474B1F5C5D
:1075600039070AD403A829F0A9FE434B5B6A13F03C
:10757000060F0DD0FFF70AFE0AE00728039D0ED183
:1075800022463D482946FFF7B9F90446002CECD0C5
:107590000121084604B0BDE8F047FEF7C9BCDFF89A
:1075A000D880D8F8244014F0040010D017F002005E
:1075B0000DD0AA790C322A440120917AC1F38013AC
:1075C0000093C1F3401102F10C03FFF74FFED8F80E
:1075D0002430DA07044643D595F8069009F10C09E2
:1075E00003F0800AA94426F034FC99F80AC080F020
:1075F0000100BAF10002C3B218BF012209F10C0167
:10760000CCF380102BF0B0FB10B3ACB9D8F8243019
:1076100098072ED5F90715D5284629F087FC04468A
:1076200050B1A8790C3028440C3010F8021CC1F37A
:107630008011FFF7CFFD0446042E03D1D8F8243083
:107640009A070DD57B070BD52846FEF7C3FC9DE7AF
:10765000BAF1000F04D1514626F003FC0028D4D023
:10766000284601F0A7FC91E704B0BDE8F047FFF71A
:10767000D7BD042EE6D1F3E7142A002082090500C5
:107680000528044B08BF03200622013802FB003006
:10769000704700BF8C09050010B5074C2368DA0657
:1076A00007D523F01003236018B9A168012026F044
:1076B00090FB0023A36010BDD42A0020014610B522
:1076C0000446022026F085FB054B1B68D90305D430
:1076D00063691A075CBF43F00403636110BD00BF18
:1076E000D42A0020014BD868DC387047D42A002007
:1076F00010B5034BDC6829F057FCDC3C201A10BDA8
:10770000D42A0020034B1B6813EA004314BF012056
:1077100000207047D42A002038B500230360436955
:10772000044658070DD5204650F8081FC90C01F42F
:10773000FC7141F00501FCF723FF636923F00403AA
:1077400063616369D90602D529F02EFC6060184890
:10775000024652F8043F8BB92360146083684BB132
:10776000617E5A7E914219D26269D2060ED50020FE
:10777000FFF792FFBDE8384028F01EBC59686568E5
:10778000491B0029E8DA1A461B68E4E75A681B69B6
:10779000134462689B1A002BECDBE8E71A895B68EC
:1077A000D31A62681344E268D342E3D5DFE700BF2F
:1077B000D42A002038B50B4DAB680446A3420846D6
:1077C00001D1FFF769FF6B68074A1BB1A342196833
:1077D00004D11160BDE8384028F0EEBB1A460B46D4
:1077E000F3E700BFD42A0020D82A00202DE9F34770
:1077F000754D2B68580700F1DC80AB68002B40F01A
:10780000D88055E8003F43F0040345E80032002AE1
:10781000F7D16C683CB329F0C7FBD4E904370646BE
:1078200017F0100FA06805BF616882B216FA80F2E7
:107830008A1A16BF6260921B0022F90723D4002A1D
:1078400009DAE168591AD1421FD4626816FA80F049
:1078500013441B1A60602068D4F80480B8B9DC3384
:107860004344C5E9024355E8003F23F0040345E8DB
:107870000032002AF7D1AC68002C67D102B0BDE815
:10788000F04700F089BB002AE5DA204652E0416962
:107890000289D0F804E0CF0648BF06EB020E11F0D3
:1078A000010C08BFD0E90371AEEB020206BFC91B91
:1078B0008918114608EB03077F1A002F2ADDBB4207
:1078C00005D9E768A1EB0801DC378F423CD9D4F831
:1078D00014A01AF0010F1FD12169D0F80C90E768AD
:1078E0004144B4F80880A1EB0901A1EB0801A1EB28
:1078F0000E01DC37B9420FDD971BBCF1000F03D13D
:107900000169A1EB09010F44002F05DBC0F804E079
:107910004B46044600689FE7477E617E8F42F9D25E
:10792000921BBCF1000F03D1D0E903135B1A1A4478
:10793000002A02DAFFF7C2FE6BE71AF0100FA4D09C
:10794000C368C0F804E0E4E70B46E3E7A36813F478
:10795000601FC3F3C2462FD100262B6843F01003EB
:107960002B602146002026F034FA16B3A36813F4E6
:10797000601F04F10800C3F3C841C3F3C24508D037
:10798000013DEDB201F4FC7129430190FCF7F8FDD3
:10799000019801900321FCF761FE01980DB9FCF7F5
:1079A00043FEA268237E1344120C9BB212041343BD
:1079B000A36002B0BDE8F08704F10800FCF7EEFD1B
:1079C0000028C9D1C9E700BFD42A002008B5034B5D
:1079D000996809B126F0FDF908BD00BFD42A00203E
:1079E000014B9868704700BFD42A00200A4B70B53D
:1079F0009C6884420FD12146012026F0EAF966688E
:107A0000258929F0D1FAAD1BC54221464CBF002083
:107A1000022026F0DEF970BDD42A0020024BDB6B79
:107A200003B11847FFF7D2BFF813002010B5064A7C
:107A3000C043131D53E8003F0340141D44E80031C8
:107A40000029F6D110BD00BFF813002010B5054A7B
:107A5000131D53E8003F0343141D44E8003100297F
:107A6000F6D110BDF813002007B50C4B10F0020F33
:107A70001B88ADF804304FF002000BD0FFF7E6FF93
:107A80008DF80400064B01A9986A33F01EF803B084
:107A90005DF804FBFFF7CAFFF4E700BFA409050087
:107AA000F813002013B5144B04465B88ADF804307E
:107AB00040F20140FFF7BAFFE30503D54FF48060C1
:107AC000FFF7C4FF04F00F0001280CD0022810D0EB
:107AD00010B901238DF80430084B01A9986A33F0DE
:107AE0000AF802B010BD04238DF80430FFF7AEFF92
:107AF000F2E78DF80400EFE7A4090500F813002071
:107B0000F0B5124C85B00E46022300270546A06A48
:107B1000E372CDE902771AF021FD304602958DF827
:107B20000C7029F034FA0090617AA06A02AB3A46F0
:107B30001AF04EFD044628B9024633460121284674
:107B400029F021FA204605B0F0BD00BFF81300204F
:107B500070B582B019460446444D01931046009218
:107B600029F017FADDE90023204629F017FAD5E9B4
:107B7000062300EA020401EA030654EA060314D0CD
:107B8000630104F0806012D56B6819061DD4384B70
:107B90002340002B39D1374A06F0200322401343FB
:107BA00057D12046314629F0F0F902B070BDA4F15A
:107BB0000803334316D0A4F10C03334310D0231F22
:107BC000334331D129F0E7F9EBE72B1D53E8003FB0
:107BD00023F08003291D41E80032002AF5D1E4E7B3
:107BE00029F0D8F9EB7A012B25D16A6812F0010F40
:107BF0006A8C18BF03230132EB726A840420FFF7FA
:107C00000DFF012029F0C6F9CBE7EB7A012B12D149
:107C10006A6840F2014393430CBF0323002305200D
:107C2000EB72FFF7FBFEBCE704F17F433343AED1B9
:107C3000EB7A022B03D0042029F091F9B1E76B68AD
:107C40009A070ED50423EB722B8C013303202B846F
:107C5000D5E70420FFF7FAFE4FF00060F9F76CFC5F
:107C60009FE713F02003EFD1EDE700BFF8130020EA
:107C7000015001000DD50155014B986A704700BFB6
:107C8000F813002010B5064CA06A33F042F828B96A
:107C9000A06A33F040F800F0010010BD0120FAE7BF
:107CA000F8130020014B986A33F037B8F81300201E
:107CB000024B5868C0F34020704700BFF813002003
:107CC00010B504464FF40070FFF7B0FE094B986AF8
:107CD00033F025F830B154B14FF40070FFF7B6FE21
:107CE000002010BD002C0CBF00200C20F9E720461E
:107CF000F7E700BFF81300202DE9F04F0468594D55
:107D000089B006468846002C48D0A77920460C3713
:107D100029F07CFC27440A383C89B8F1FF3FA4EBEA
:107D2000000402D04445A8BF4446B5F83890B0EBF3
:107D3000090713D4002C0EDD6D6B36683D44FF2C13
:107D4000224629463046A8BFFF2229F09AFA241A73
:107D500036680544F3D109B0BDE8F08FA9EB0009FE
:107D6000296BD6F800A0A145A8BFA14601EB000BE6
:107D7000C846B9F1000F0DD04246FF2A5946504679
:107D8000A8BFFF2229F07DFAB8EB0008DAF800A0BE
:107D90008344F1D1A4EB09044F44CBE7A86A03AABA
:107DA000032132F017FFBDF80E700294A146E8627D
:107DB0000A3702AC09E023601B682B602368C3F814
:107DC00000902368002F1C4611DD2B68453F002BD7
:107DD000F1D1012029F0A5FA034620600028F1D155
:107DE000019002A829F06AFA019B3360B3E72B1DCA
:107DF00053E8003F43F008032A1D42E80034002CFA
:107E0000F5D14FF00060F9F797FB0298BDF810200C
:107E1000437943F001034371069B30606B63059B1C
:107E20002A872B638379BDF80E200C3303441C7121
:107E30001A819DF80C20297A9971072ADC711FBFDD
:107E4000AB8C0133AB846B8C0ABF012203F1FF338F
:107E50001A714FF00A0118BF6B8429F007FA3468D1
:107E600053E700BFF8130020F0B58779164E0C37A2
:107E700087B0C4196A460546D6E90A0132F0AEFE5B
:107E80002389B06A03336946ADF8043032F0A8FEA6
:107E9000009BEB519DF90E00FDF7DEFE6071B37A99
:107EA000022B02D8E37107B0F0BD9DF81130012B11
:107EB00004D0022B04D02BB90423F3E70323F1E70A
:107EC0000123EFE70023EDE7F813002038B50E4C4F
:107ED000E37A23B100221146104629F053F8002519
:107EE0002846E57229F056F8A06A0122032132F0F3
:107EF0008DFDA06A2A46012132F074FEBDE83840AB
:107F00008020FFF793BD00BFF813002008B5FFF7EE
:107F1000DDFF044AD38C0133D3840620BDE808403A
:107F2000FFF77CBDF8130020F7B51A4E73685907A8
:107F300004D50420FFF77AFDFFF7E8FF73681A07FE
:107F40000FD522F08CFB134C0546052723681BB97F
:107F5000012029F0E6F920602468B4B9284622F00F
:107F600084FB7368DB0613D51020FFF75FFD03F079
:107F700069F868B122F073FB0190FFF7C7FF019821
:107F800003B0BDE8F04022F070BB013FDED1E5E771
:107F900003B0F0BDF813002010B50022084C1046C5
:107FA000114628F0EFFFA06A1AF0D8FA28F0F5FF82
:107FB000204629F083F9BDE810400820FFF736BDC0
:107FC000F8130020014B986A32F0E5BEF813002048
:107FD00038B5154CA37A8342054610D0431E042BB6
:107FE00008D8DFE803F0030D11161800A06A1AF094
:107FF00081FF20B92846A572FFF742FB606138BDBA
:10800000A06A28F0D3FFF4E70121A06A28F0D0FF8E
:10801000EFE70321F9E7FFF74BFE0028EAD0A06A5B
:10802000FFF7D0FFE5E700BFF813002073B5044663
:108030000F4D408900F030FBA07B287228F07AFFBA
:108040006872E07B002600F00F00FFF7C1FFD4E963
:108050000021A37BA86A009632F0C2FE3246314668
:10806000304625F0B8FE206828F096FF02B070BDBB
:10807000F8130020F0B585B00023184E00938DF85A
:108080000C30C0F3401301278DF80E30C0F30013FD
:1080900004461546F7728DF8047002918DF80D3084
:1080A000FFF700FD20B1042028F059FF05B0F0BD16
:1080B000284628F06CFF717A03466A46B06A1AF0C7
:1080C00093FA2A460646C4F38011384628F05AFF30
:1080D00025F082FE002EE9D0E5E700BFF81300206E
:1080E000F0B5174C85B007461046227228F022FFE3
:1080F0001646607202460020CDE902600B9801909E
:108100000D460A9800900139C9B2A06A1AF0FEFE25
:1081100006462846A572FFF7B3FA01256061E572AD
:1081200016B1002005B0F0BD3846FFF7BBFCC0B269
:108130000028F6D18020FFF789FC2846F2E700BF2F
:10814000F81300202DE9F043234D85B004460E4678
:108150009046002110224FF0010968461F4685F81D
:108160000B9033F0DDF9A86A1AF0F8F900238DF8C6
:108170000430E3060096CDF8088005D56B691A88AF
:108180008DF80D904244029200238DF80C30384651
:10819000C4F340138DF80E3028F0F9FE697A0346D7
:1081A0006A46A86A1AF020FA28B1042028F0D7FEFF
:1081B00005B0BDE8F0832046FFF774FC3B4605465A
:1081C000C4F380120121304628F0DDFE25F004FEC4
:1081D000002DEDD0E9E700BFF8130020094B10B5E2
:1081E00001220C46DA72FFF75DFC10B1042028F082
:1081F000B6FE22460021012028F0C4FE25F0ECFD49
:1082000010BD00BFF813002070B5044625F0E5FD51
:10821000A179E279114E521A0C3105460123B06A58
:10822000D2B2214432F0D0FCE079A379C01A55FAD9
:1082300080F524680CB9356170BDA179E279B06A26
:10824000521A0C310023D2B2214432F0BDFCE37942
:10825000A2799B1A55FA83F5EBE700BFF8130020CB
:108260002DE9F84305460C461646984625F0B5FD1F
:10827000A979EA79DFF87490521A0C310746012384
:10828000D9F82800D2B2294432F09EFCE879AB79C3
:10829000C01A57FA80F70CB3E379A2799B1ADBB2C4
:1082A000B3421FD3B8F1000F18DDA179E579D9F8F1
:1082B00028006D1AEDB2AD1B454501F10C01A8BFB8
:1082C0004546314421440023AAB232F07DFC2468A3
:1082D0002F44A8EB05080026002CE3D1C9F8107044
:1082E000BDE8F8832468F61AD5E700BFF81300202C
:1082F00073B5104E02230D46F372FFF7B5FB04462B
:1083000028B1042002B0BDE8704028F028BE2846FD
:1083100028F03DFE2A4601902146012028F032FE39
:10832000019B717AB06A22461AF044F90028E8D11C
:1083300002B070BDF8130020084B10B502220C46A5
:10834000DA72FFF791FB10B1042028F008FE2246F4
:108350000021012028F016FE10BD00BFF8130020F8
:10836000014B187B704700BFF813002058B1094A31
:10837000134652F8041B51B9074A9B1A9B10074A2F
:10838000013B13737047054B01221A7370478142FA
:10839000EED2F1E7AC090500A8090500F8130020AA
:1083A000024B1B6803B11847704700BFE42A002046
:1083B000014BD863704700BFF813002073B50F4B13
:1083C0000F4E9B7DFF2B044615D1ADF80400002312
:1083D000B06A8DF803300DF1030201A91AF046FDD1
:1083E0009DF80350B06A22462946F5F73BF940EA6A
:1083F000052002B070BD034B1D78F3E7603100200B
:10840000F81300207831002082B0054BADF804004D
:10841000C2B2C0F30721986A02B0F5F79BB900BF5A
:10842000F813002010B50D4C0021A06A32F033FB88
:108430000B49A06A32F09CFBFE21A06A32F085FB5A
:10844000A06A1AF033FB074BB3F910208242C8BF71
:1084500018821A8A9A805A8ADA8010BDF81300208E
:108460007831002060310020F0B585B0174CADF8B0
:108470000630C823ADF80000ADF80420ADF8083090
:10848000ADF80A306A468223B4F91000ADF8021044
:10849000ADF80C30ADF80E3002AD0421134632F9C0
:1084A000026B8642C8BF22F8020C35F9026B32F922
:1084B000027CB742C8BF22F8026C0139EFD103CB6E
:1084C000034BA060596005B0F0BD00BF60310020D3
:1084D0006831002073B50646F5F7B4F9344D0368EA
:1084E0002B608388334CAB80FF2E4FF00003A370CA
:1084F000238008BFA6752B782F4E8DF8013018BF4A
:10850000A3750DF10303B06A0DF102020DF1010133
:1085100032F0FAFB9DF8013040B90133DBB2022B97
:108520008DF80130EDD9012002B070BDA27DFF2A87
:1085300000D0A3758DF805302B709DF802308DF8B2
:1085400004300198FFF760FFC828C4BFC823238206
:108550009DF803308DF80430D8BF20820198FFF7D2
:1085600053FF10F5FA7FB4BF4FF60C636082B4F985
:108570001000B8BF6382FFF721FFADF80400019837
:10858000FFF742FF2082B4F91200FFF717FFADF8A2
:1085900004000198FFF738FF4FF6FF73A3826423AE
:1085A00060821A4618461946FFF75EFF0020BBE7B7
:1085B0007831002060310020F8130020034A034680
:1085C000B2F906000BB1FDF74FBB704760310020D8
:1085D000084B10B5B3F9044030B903EB4103B3F9CC
:1085E00006309C42A8BF1C46A242A8BF22461046A5
:1085F00010BD00BF60310020014BB3F9120070477D
:1086000060310020014BB3F9100070476031002049
:1086100073B50F4D064622F022F8B5F91230B34279
:10862000B8BF334604461846B5F910309842A8BF83
:108630001846FFF7C3FEADF804000198FFF7E4FE0B
:10864000E880204602B0BDE8704022F00EB800BFBE
:108650006031002073B50F4D064622F000F8B5F9E1
:108660001030B342A8BF334604461846B5F912305D
:108670009842B8BF1846FFF7A1FEADF80400019874
:10868000FFF7C2FEA880204602B0BDE8704021F08E
:10869000ECBF00BF60310020F0B5C0F3072585B006
:1086A000FE2DADF8040027D0144C9DF8047021F085
:1086B000D6FF637DAB4206460ED0114B18689B88EF
:1086C000ADF80C300F4B029002A9986A8DF8085053
:1086D00032F04EFAFF232375237DBB4206D0094BAF
:1086E0003946986A32F031FA27756575304605B01B
:1086F000BDE8F04021F0B9BF05B0F0BD6031002009
:1087000078310020F81300202DE9F047DFF844907D
:1087100086B007460E4614460DF10808A9F1100A66
:10872000CDE900980B4B3A468021504622F0C1FE1D
:108730000028F5D1102C254628BF102530462A46A2
:10874000414632F0C5FE641B2F442E44E8D106B0EA
:10875000BDE8F087733A002030B589B02022694621
:108760000D4DFFF7D1FF6A4604AB144603CC9C4283
:1087700028606960224605F10805F6D1074C08AD6E
:108780001A4603CAAA4220606160134604F1080435
:10879000F6D109B030BD00BF633A0020733A002023
:1087A00010B588B06946202000F020FE044630B99C
:1087B0006846FFF7D1FF034B012283F820202046B3
:1087C00008B010BD633A002070B5134B93F8203009
:1087D0008CB005460C460BB9FFF7E2FF0023CDE94C
:1087E0000033CDE9023354B91C22214605A8049474
:1087F00032F096FE04A8FFF7AFFF0CB070BD102C4E
:10880000264628BF1026294632466846FFF77CFFD9
:108810003544A41BE7E700BF633A0020094A5168CA
:10882000C84390FAA0F048B1B0FA80F0042805DC03
:10883000012383400B43536040B270474FF0FF3039
:10884000704700BF042D0020034B04480021C3E9FA
:108850000011282232F064BE042D00200C2D0020CF
:1088600013B50190FFF7DAFF054B0199044600B2FA
:1088700003EBC00028F01AFC204602B010BD00BF78
:108880000C2D002010B5C4B2042C14D80A4B03EBF5
:10889000C000043050E8003F0B4340E80032002A9B
:1088A000F8D101220549A24051E8003F134341E8B5
:1088B00000300028F8D110BD0C2D0020042D002020
:1088C000F7B51B491B4A1C4C0125082604270868DC
:1088D00010B3137805FA03F318421FD0DB4351E8B5
:1088E000000F184041E8000CBCF1000FF7D11378DD
:1088F00016FB0373234453E8000F43E800CEBEF198
:10890000000FF8D1019048B110780C4901AA04EB8E
:10891000C00028F007FC012003B0F0BD13784868C0
:1089200083423ABF0133DBB200231370CFE700BFAD
:10893000042D0020843A00200C2D0020785634129B
:10894000024B1868003818BF01207047042D002022
:1089500010B5044621F083FE074B1B684BB1DB6862
:108960001B1B002BCCBF0024012421F07EFE2046DF
:1089700010BD1C46F9E700BF382D002038B505466C
:1089800021F06DFE094B1A684FF0FF341AB921F03F
:108990006CFE204638BDD2E903310B445B1B23F04B
:1089A00000439C42526828BF1C46EFE7382D002048
:1089B0002DE9F3470C9F9DF82C900D4698461146E3
:1089C000064608B103687BB937B12846B84740F27C
:1089D000034002B0BDE8F0870029F8D0002DF6DB97
:1089E000084600F07FFCF2E7019221F038FE824653
:1089F000484600F0F3F90446504621F036FE01994E
:108A000064B91FB12846B8471A20E2E70029FBD015
:108A1000002DF9DB084600F065FCF5E784F81890B6
:108A2000DFF874900A9BA5600025C4E9078761619F
:108A3000266023616560D9F80030984708EB00068E
:108A400021F00DFE07461248E66003681A4632B16F
:108A5000D168891B002913DBD1688E4210D09DB9E3
:108A600063600C4B04601C682CB1D9F80030984747
:108A7000FFF784FFA047384621F0F7FD0020A8E764
:108A8000516815460A46E2E76A6862606C60F2E780
:108A9000382D0020482D0020402D00202DE9F74FD3
:108AA000DFF8949000900C4690461D4621F0D7FDCB
:108AB000DFF888B0D9F800A006460027BAF1000F09
:108AC00005D1304603B0BDE8F04F21F0CEBDDAF855
:108AD0000020009B9A421FD134B1DAF808202168A7
:108AE00022F000428A4217D185B9DAF80420BFB9D2
:108AF000104BC9F800201A68019292B1DBF80010FF
:108B00008847FFF73BFF019A90470AE0DAF8140024
:108B10004146A8470028E8D05746DAF804A0CDE738
:108B20007A60DAF804200192504628F068FA019A37
:108B30009246C3E7482D0020382D0020402D00200C
:108B4000014B1860704700BF482D002070B50B4BDB
:108B500004460E4615461978094A0A4828F0FBFED5
:108B6000094A00231360094A1660094A2421156046
:108B700007202246BDE8704000F0B2B89D3A0020C0
:108B8000CC090500853A0020382D0020402D00201A
:108B9000442D002030B587B00446184600230593C5
:108BA000094B1B680D4613B9212007B030BD05A93C
:108BB000039298470028F7D10090059B039A294615
:108BC000204628F057FAF0E7442D0020F8B5054676
:108BD00010200F46164600F065FB0A4B0446187835
:108BE00018B11022214628F0B9FE44B10123E360F8
:108BF0002B682360C4E9017600202C60F8BD1A20A0
:108C0000FCE700BF853A00202DE9F843254FDFF847
:108C1000A480254D38603868FFF79AFE30B9234BA1
:108C20001B689847BDE8F843FFF7A8BE21F017FD81
:108C3000D8F80040064674B16368C8F800301C4B91
:108C4000D3F80090B9F1000F05D0184B1B68984776
:108C5000FFF794FEC847304621F007FD2C60002C3A
:108C6000D9D0A36833F0004305D1286828F0C7F9AC
:108C700000232B60CFE72368002BF6D0186800286C
:108C8000F3D0A26832F00043EFD0D0E90069636905
:108C900021688068C8470028E7D1002EE5D030461B
:108CA000EFE700BF3C2D0020342D0020402D002098
:108CB000482D0020382D002038B505460C4621F0FF
:108CC000CEFC064B1B683BB1DA692A601B69236046
:108CD000BDE8384021F0C9BC2B60F8E7342D0020F6
:108CE0002DE9F74FDFF88C90DFF88CB009EB001519
:108CF00003314FEA001A4FF6FC770F400024DBF8EF
:108D0000003029F80A7080466A80EC6002FB07F0A8
:108D10001646984717FB06F39BB268602B8110B389
:108D20000093124A9BF8041052F82820034610487A
:108D3000404428F011FE21462A89686832F0F0FB91
:108D4000214623469E4206DCD1440020A9F8026059
:108D500003B0BDE8F08F6A68E86850505418EC60C2
:108D600001333944EEE71A20F2E700BFCC0A0500D0
:108D7000863A0020B42600204C2D002070B50B4E02
:108D800006EB00150446696839B1094B2A89185C5D
:108D900028F0E3FD686800F0A5FA06EB0410102245
:108DA000BDE87040002132F0BBBB00BFB4260020FC
:108DB000863A0020044B19601A7198600201002164
:108DC000024832F0ADBB00BF4C2D0020B42600207D
:108DD000014B185C704700BF863A002070B50A4C02
:108DE00004EB00130601DD68084B185C18B1A25BA8
:108DF000294628F0B3FD2DB134442B68E360638825
:108E0000013B6380284670BDB4260020863A0020CE
:108E1000024B03EB00108078704700BFB42600209F
:108E2000094B03EB001310B45A88DC680C60013264
:108E3000D9605A80054B185C18B15DF8044B28F0D6
:108E40008EBD5DF8044B7047B4260020863A0020A2
:108E5000044A010102EB0013505A10B11B89B3FB05
:108E6000F0F07047B4260020F8B5194B9B68984283
:108E700005460C4628DA39B3164B03EB0016010100
:108E800072681AB35B5A3289B2FBF3F20732D20826
:108E9000FF21201D32F044FBF36801271BB9257028
:108EA00063801846F8BD726831889A1A92FBF1F215
:108EB00004EBD20002F00702017907FA02F221EA7C
:108EC000020202711B68E9E72120EBE71120E9E7C4
:108ED0004C2D0020B4260020F0B538B331B3037810
:108EE000134A4FEA031C02EB03134FF0010E1C89D7
:108EF000438832F80C70B4FBF7F4A34201D32D2061
:108F000011E000EBD30603F0070536790EFA05F5FC
:108F10002E4203F1010507D06244526803FB072388
:108F20000B6045800020F0BD2B46E6E72120FAE7E4
:108F3000B4260020174B37B500241C70164B174D74
:108F40001C60174B2C6020461C706C60AC60FFF7F7
:108F50007FFF80B2A0F10E036B80A0F114030130FB
:108F600068812046EB80FFF733FF0E4C01900146ED
:108F70000D4A601C28F0EFFC01990C4A204628F0AD
:108F8000EAFC0B4A0199A01C03B0BDE8304028F070
:108F9000E2BC00BF973A0020582D00207E3100200F
:108FA0009B3A0020983A0020100B0500190B050091
:108FB000230B050070B5044680B321F050FB6379A4
:108FC0006FF382036371237913F01006054605D011
:108FD00010232371BDE8704021F047BB03F0030369
:108FE0000F4931F82320013A21F823203046214649
:108FF000FFF716FF0B4B0C4E1C681CB90A4B28469A
:109000001C70E7E7237A1BB933781BB92468F4E7AF
:10901000012BFBD1636820469847F7E770BD00BF7E
:109020007E310020582D0020973A00202DE9F04F86
:109030000546680748BF05F0F70589B0DFF8B0813D
:10904000039205F00306019121F009FB08EB86036A
:1090500038F826205B889A4205F0EF0B81464FEAEC
:10906000860738D20020FFF7B9FE044678B338F8F7
:109070002630013328F82630484621F0F6FA002C35
:1090800072D129071BD515F0E003029317D047448E
:1090900021F0E5FA7B8838F82620DFF854814F4F1D
:1090A0009A422CBF00230123009321F0DEFA08EB43
:1090B0008603A14604934A4B1B7899450DD385F04E
:1090C00004005946C0F3800000F0D0F87BE0454B27
:1090D00001221A70D0E70024CEE73B78029A1A42A8
:1090E00004D0D7F804A0DAF800301BB909F101095F
:1090F0000837E0E7079300215A79D2074DD51A794E
:1091000050074AD50098002843D001B10793504634
:1091100028F0F2F80179079007A8009128F0CEF81E
:109120000099002000F0A2F821F099FA049B38F889
:1091300026105B88994234BF012300230246009326
:109140000BD200200592FFF749FE059A079050B315
:1091500038F82630013328F82630104621F085FAF9
:10916000079B002BBFD01C46002363602360A360D5
:109170006379039984F804B043F004036371019B9D
:10918000A3711944E17121F06AFA174B07461D6873
:1091900014E002F003029642B7D09A461B68012100
:1091A000002BA9D19FE70F4B01211970D5E72B7A2E
:1091B000012B02D16B68284698472D68002DF6D107
:1091C000384621F052FA094B985D18B145222146E4
:1091D00028F0C4FB204609B0BDE8F08F5C2D0020CC
:1091E0009B3A0020973A0020582D0020983A002002
:1091F0007E31002010B5044621F031FA034B1A6885
:1092000022601C60BDE8104021F02FBA582D0020CC
:1092100010B5064B1A78541C1C70054B00F0E0008A
:1092200003F8320003EBC203596010BD9B3A0020E3
:109230005C2D0020014B00221A607047742D002025
:1092400010B5044621F00BFA074A13682BB91460D5
:109250002360BDE8104021F008BAA34202D01A46AC
:109260001B68F3E710BD00BF742D0020064B70B5DE
:109270001C6805460E4604B970BD63683146284631
:1092800098472468F7E700BF742D0020024B034A7B
:109290001978034828F05FBB9C3A0020300B05008A
:1092A0009D3A002013B5033020F0030210460192CE
:1092B00022F0C3FC0A4B019A0446187818B12146E3
:1092C00028F04CFB019A34B911460220FFF7CEFF7B
:1092D000204602B010BD0021204632F021F9F7E708
:1092E0009D3A002010B5044628B1054B187810B1FE
:1092F000214628F034FB2046BDE8104022F0CDBCCA
:109300009D3A002038B50B4C0B4B206800251D7092
:1093100028B124F058F92068FFF7E4FF2560074CD6
:10932000206830B124F0B8FB2068FFF7DBFF002392
:10933000236038BD782D00209F3A00207C2D00202E
:10934000F0B5234E337885B0002B3FD1214B224F0F
:10935000224A1978224C384628F0FDFA22F050FCB7
:109360000390FFF79FFF014620603878039A08B109
:1093700028F0F4FA236883B122F044FC0390FFF74D
:1093800091FF184D039A28600146387808B128F0FB
:10939000E5FA2B681BB9FFF7B5FF1A2011E020682A
:1093A00024F004F92868F7F779FD00232A680E49AC
:1093B0002068009324F01BF928B1FFF7A3FF40F2C7
:1093C000074005B0F0BD01233370FAE70020F8E74D
:1093D0009F3A00209D3A00209E3A00203A0B05005B
:1093E000782D00207C2D0020E9DA03000D4B1B783E
:1093F00013B502460C465BB10B4B2146186824F0AE
:1094000095F9002840F2074008BF002002B010BDC7
:10941000019006490648FFF793FF019A0028EBD018
:10942000F4E700BF9F3A0020782D0020EFBEADDEAC
:10943000BEBAFECA0149024827F038BEC410002057
:10944000D82D00200A4B1022DA8228216422C3E999
:1094500006124FF6FF721A8402225A60002283F825
:109460002B200F2283F82D0083F82C20704700BF9B
:10947000802D002038B502F069FF40B9094B1A6809
:1094800093F82A102832034638248B4200DB38BD7B
:1094900004FB03F55559ED0601D40133F5E701202E
:1094A000F5E700BF802D002013B5114C94F82B3048
:1094B000DBB1626812F0010217D104F108000192D9
:1094C00029F04FF9FFF7D6FF019A70B194F82C30CC
:1094D00008484EF660214B434FF48271FFF75AFB68
:1094E00018B9636843F00103636002B010BD00BFA8
:1094F000802D0020D82D002022F00042052A10B532
:109500000DD0B2F5827F14D0032A06D1114A5368D8
:1095100023F00203536002F029FF002010BD0D4A22
:109520001B88118D99424FF00000F7D11085012062
:10953000F4E7084B5A6893F82B4022F00102012C03
:109540005A60F4D102F03EF9FFF7AEFF204602F078
:10955000B5FFECE7802D0020004870478F2D0020DC
:10956000054B93F82B0003F108020F3301280CBFC1
:1095700010461846704700BF802D0020F0B4827955
:1095800012F0280F03462AD0164A0168C2F80F10BD
:109590008188A2F81310817951754FF0380C0021A1
:1095A00092F82A00884207DC536843F00403F0BCB9
:1095B0005360032002F082BF17680CFB01F6BC1950
:1095C000A56A15F4404F08D11868B85145F0080550
:1095D0009E889879A071A680A5620131E0E72120DC
:1095E000F0BC7047802D00204379024A9B09D05C73
:1095F000704700BF620B05000B6810B503608B88D5
:109600008380FF2A044602D10723A37109E0032ABD
:1096100008D8054B9B5C8371072B02D1FFF7E4FF51
:10962000A07110BD0023F0E75E0B050010B50B68BC
:1096300003608B888380FF2A044602D10723A3712D
:1096400010BD052A0FD8094B995C8171CB0605D551
:10965000FFF7CAFF81421CBF0023A371204628F0F8
:10966000AFF90028ECD10023E9E700BF480B050063
:109670008379024A03F00703D05C70474E0B050064
:1096800010B582798B79094C02F0070203F00703C9
:10969000A25CE35C9A4206D1062231F009FFB0FADF
:1096A00080F0400910BD0020FCE700BF560B05000C
:1096B000F7B504460C2016460F461D46FFF7F2FD8F
:1096C000024620B908A827F0F9FD03B0F0BD2046F6
:1096D00040F2035150F80C3B93F86C301370089B28
:1096E0009360054B57801671D5800193002300933A
:1096F00027F0C9FCE9E700BF47280400F7B5044696
:109700000C2016460F461D46FFF7CCFD024620B939
:1097100008A827F0D3FD03B0F0BD204640F2015168
:1097200050F80C3B93F86C301370089B9360054B1A
:1097300057801671D58001930023009327F0A3FC76
:10974000E9E700BF4728040070B50A4E0D4631888E
:10975000044629F07BFC33886189AB4228BF2B4645
:10976000172BB8BF172363812046BDE8704029F04E
:10977000FEBE00BFFE1200202DE9F04385B0044676
:10978000039129F00DFF039883790C33C518C75C4A
:1097900027F03CFF1E2F804615D8012F34D9BB1E61
:1097A0001C2B31D8DFE803F01330133013301330A3
:1097B0001330133013301330133030301330133074
:1097C00030303030130007F07F03522B1CD1039E42
:1097D000304696F8069027F019FF628983B29A42C4
:1097E00024D217F001020AD107F07F03522B06D0D2
:1097F0001E2F04D004233946204629F013FC03A869
:1098000027F05CFD21260AE0062300223946204687
:1098100029F008FC03A827F051FD41F20616204666
:1098200029F0C3FE304605B0BDE8F0834E44013B4D
:10983000327B1E2A9BB241D8012AD2D9023A1C2A75
:10984000CFD801A151F822F0D9980100E397010087
:10985000DD980100E3970100D3980100E397010030
:10986000C9980100E3970100D9980100E39701002E
:10987000DD980100E3970100E1980100E397010002
:10988000C9980100E397010011990100E3970100D5
:10989000E3970100E397010015990100E3970100A8
:1098A00019990100E3970100E3970100E397010094
:1098B000E3970100E39701001D990100522A27D088
:1098C000D22A8ED10D2B05E0062B0FD0142B88D178
:1098D0000CE0052B85D909E0022BF8E7042BF6E70D
:1098E000032B7FF67EAFD9073FF57BAF022F1FFA20
:1098F00088F900F0AB8023689E6816F4007640F08B
:10990000068104F1440027F0D9FC039B636486E7D9
:10991000012BDFE7032BDDE7012BD8E7002B7FF4DA
:1099200060AFE3E7204629F0CEFE064600283ED190
:10993000204629F0C3FE002839D007F07F03522BC0
:1099400000F08980082F27D1B9F1150F0CBF102026
:109950000220691D29F09DFEF0B16369DA0749BF55
:1099600023F0010343F00103636131465CBF63618F
:109970000121204629F0BEFEB5F80110B5F80320FC
:10998000B9F1150F05F1050500950CBF1023022351
:10999000204628F082FA5EE0636913F001023FD0AE
:1099A00023F0010363610021204629F0A3FE1E2F4E
:1099B00045D8012F47D9BB1E162B44D801A252F817
:1099C00023F000BF4D9A0100479A01007F9A0100E1
:1099D000479A01008F9A0100479A01007999010086
:1099E000479A0100B19A0100479A0100BD9A01000F
:1099F000479A0100CD9A0100479A01005F9A010041
:109A0000479A0100DD9A0100479A0100479A010038
:109A1000479A0100FB9A0100479A0100059B01004B
:109A200043F00103636101212046029229F062FEA6
:109A3000029A12233946204629F0F4FA0BE0522FFD
:109A400054D0D22F07D006230022F3E7B5F8011037
:109A50002046FFF779FE03A827F030FC44E0B5F874
:109A60000110B5F80320B9F1150F05F105050095B2
:109A70000CBF3B460223204628F067F9EBE7B5F818
:109A80000320B5F80110204628F0BBFAE3E7A9F15E
:109A90000709B5F80530B5F80320B5F801101FFA2D
:109AA00089F0073501900095204628F02DFBD2E77C
:109AB000B5F80110204628F094FBCCE7B5F8032058
:109AC000B5F80110204628F091FBC4E71FFA88F290
:109AD000013A691C204628F08DFBBCE7039AB5F8D3
:109AE0000110204628F0FBFB002698E6039AB5F803
:109AF0000110204628F043FCF6E70399204628F0A1
:109B00007DFCF1E76978204628F0DEFCA3E71E2FF4
:109B10007FF408AF204628F0F7FC9CE77FB5174A92
:109B20001368064623F0080342F6052013602AF066
:109B3000DCF8054650B1684603F0BAF8002029F079
:109B400091FD044620B9294628F02CFD04B070BDD3
:109B5000102204F12101684631F0AAFC38B101213C
:109B6000204629F0C7FD636923F0010363611EB13C
:109B7000314620462AF090F92046E0E7982E002052
:109B800007B5837801916A46082104488DF80030B2
:109B900027F0C8FA03B05DF804FB00BFD82D002001
:109BA000054B0022C3E90322C3E905221A70DA61DA
:109BB0004FF6FF725A847047B42D0020014B186095
:109BC000704700BFB02D00200D4B827813B55A604E
:109BD000B0F8032091B2102910D040F60344A142FE
:109BE0000CD041795B8C8DF80210ADF8042005484B
:109BF000ADF800306A46052127F094FA02B010BD96
:109C0000B42D0020D82D002037B58279019003466D
:109C10000C3210449B5C132B0ED8042B10D9053B3F
:109C20000E2B0DD8DFE803F01D0C0C1D0C0C0C0CDA
:109C30000C16190C0C0C2100302B12D03E2B18D016
:109C4000FAF794FD019B834202D001A827F036FB6E
:109C500003B030BDFFF7B8FFF2E70E4BC2785A6091
:109C6000EEE701A902F036FDEAE701A928F0DAFEE5
:109C7000E6E7094D0024019B43B155F8043B0090F1
:109C800001A9013498470D2C0098F4D101A827F0C0
:109C900015FBD5E7B42D0020680B050007B500F0D3
:109CA000E7F820B103B05DF804EBFFF7ADBF00F0BB
:109CB000EBF8019018B1054B1B681BB1984703B036
:109CC0005DF804FB01A827F0F9FAF8E7B02D0020B1
:109CD000024610B1022804D070470348032127F040
:109CE000DDB9FFF7DBBF00BFD82D0020024B1A788B
:109CF000024B53F822301847B42D00209C0B05006E
:109D000010B504460120FFF7F1FF034B1C70BDE8BE
:109D100010400020FFF7EABFB42D002010B5062147
:109D2000044642F2050028F0CEFC2368C0F8033058
:109D3000A388A0F807300648FAF73AFD28F007FD97
:109D4000407920B128F003FD407940F4805010BDE7
:109D5000EBF8030010B5062104464FF6284028F022
:109D6000B2FC2368C0F80330A388A0F80730064887
:109D7000FAF71EFD28F0EBFC407920B128F0E7FC53
:109D8000407940F4805010BD09490100014827F096
:109D9000B3BA00BFC42D00202DE9F3410D46B0F841
:109DA0006A10019240F6FF73994205D101A827F08D
:109DB00085FA02B0BDE8F08113460121A3BB1F481C
:109DC000114627F02EFCFFF7E1FF04460028F0D0F3
:109DD00027F01CFC6379A66803F001086FF3000309
:109DE000074663710421204627F052FB43798179AD
:109DF000B6F86A208660044668F300030C314371AC
:109E0000DB4362540844C2F3032203F0010342EA35
:109E100003134370478022463046294628F007FE48
:109E20002046FAF7D5FCCEE75C79986024F003046D
:109E30000C435C7100211B68C0E700BFC42D0020EB
:109E400070B5074C0546206800B970BD8368AB4209
:109E500004D10668FFF7AEF82660F4E70446F2E79F
:109E6000C42D00200146014827F0DBBBC82D00208F
:109E7000014827F041BA00BFC82D00200146014823
:109E800027F0CFBBC02D0020034BD86818B103F1D9
:109E90000C0027F031BA7047B42D0020044BDA686B
:109EA00022B95869003818BF012070470120704757
:109EB000B42D00200138C0B20A289ABF014B185CAB
:109EC00000207047A40B050007B5064827F014FAD8
:109ED000042101900DEB010027F051FC019803B023
:109EE0005DF804FBDC2D0020F7B5186810F00200C7
:109EF0001ED0164E3168D1B10024042223460DEB4A
:109F00000200019427F0D0F9BDF80630DB0702D437
:109F1000FFF7DAFF04460E4F002557F8043B23B144
:109F2000BDF804002146984720B1336833B90120B9
:109F300003B0F0BD0135062DEFD1F6E7054B022148
:109F400093F90000FEF79EFCF1E700BFDC2D002036
:109F5000E02D0020A03A002010B50948FEF780FC53
:109F6000084B09491870002420200C60FFF750F9B5
:109F7000064BC3E90044C3E90244C3E9044410BDED
:109F8000D4100020A03A0020DC2D0020E02D00207D
:109F900010B54178012903460BD802469B7812F888
:109FA000030B29F01EFA0446074800F0FBFE8480EC
:109FB00010BD082906D101469A7811F8030B29F043
:109FC000C1FAF0E72124EFE72002040F10B58278F0
:109FD0004178007801F0DCFE0446024800F0E2FE21
:109FE000848010BD2002040610B5D0F8011000785E
:109FF00001F0CAFF0446024800F0D4FE848010BD80
:10A000002002040710B582784178007802F050F8F9
:10A010000446024800F0C6FE848010BD20020409F8
:10A0200073B5411D027904466846FFF7E5FA6846B4
:10A0300029F0ECF80546684629F076FA0646094804
:10A04000E47828F00BFE034648B104710098C3F889
:10A050000500BDF80420A3F80920DE721D7302B0CC
:10A0600070BD00BFCC0B050013B5C37A0093B0F8E8
:10A070000930D0F80520D0F80110007801F0F0FC8C
:10A080000446034800F08EFE848002B010BD00BF7D
:10A090002002040310B54178007801F013FD044656
:10A0A000024800F07FFE848010BD00BF200204043F
:10A0B00010B5064B064A417800781A6001F020FD81
:10A0C0000446044800F06EFE848010BDF82D002088
:10A0D00021A001002002040537B54478FE2C054676
:10A0E00027D06CB91B4800F05DFE21230371447139
:10A0F000D5F80230C0F80630EB88438103B030BD9C
:10A10000022C17D16946532027F03AFC0446E0B9E7
:10A110002878694601F018FD04460E4800F042FE1A
:10A12000848003460098C3F80600BDF804205A81D5
:10A13000E4E700242246A91C6846FFF777FA9DF859
:10A14000063013F0180FE3D1212400230093CDF83B
:10A150000330E2E72008041010B5007801F01EFD7E
:10A160000446024800F01EFE848010BD2002041147
:10A1700037B5FF230DF107008DF8073001F08CFD96
:10A18000044604489DF8075000F00CFE8480857159
:10A1900003B030BD2003040110B5007801F0A6FD26
:10A1A0000446024800F0FEFD848010BD2002040237
:10A1B00010B5007801F056FD0446024800F0F2FDAB
:10A1C000848010BD2002040A8378132B10B50C463E
:10A1D00008D1054B1B6803B198472046BDE81040E5
:10A1E00027F06CB810BD00BFF82D00202DE9F04F0E
:10A1F0008DB0CDE906121F469DF95830089344886A
:10A20000DDF85C90E106054614D5A4F110039BB27D
:10A21000032B1FD82F4AD65CDFF8BCA0384629F0A4
:10A2200083F904F060040590D9F80030A3B90DB0AB
:10A23000BDE8F08FE20709D4230709D414F0020F18
:10A240000CBF0326022646F08006E5E70126FAE762
:10A250000426F8E70426DFE70DF12B030193EE2334
:10A260000093202240232146484628F059FD6B7B6D
:10A27000099395F90E30029395F90F300B900393E3
:10A280000BAA6B780493042150469DF82B80B5F8F7
:10A2900010B028F019FD099B0028C5D048EA06082F
:10A2A00080F804803A68C0F80520BA88A0F8092030
:10A2B000059AC272C373089A029B02730374069ACA
:10A2C000039B42734374079A049B82738374A0F8C0
:10A2D00013B0A9E7EC0B0500F00B050010B5B0F8C2
:10A2E0000110B0F803200078002302F011F80446B2
:10A2F00008B901F0CBFF024800F054FD848010BD86
:10A300002002050638B50546007801F08FFF0446A7
:10A3100020B96978287802F097F80446024800F0DE
:10A3200041FD848038BD00BF2002050310B502F056
:10A33000B7F80446024800F035FD848010BD00BF28
:10A340002002050508B529F07AF8024B00201870A4
:10A3500008BD00BFA13A0020054B1A88D20705D5D9
:10A360005B88834214BF2920002070470220704779
:10A370008A31002008B50068054B002200F0010179
:10A38000C0F340001A805A8003F0D0FB08BD00BF24
:10A390008A3100200B4A38B5138813F001050ED11D
:10A3A0005488013443F00103A4B21380548003F0B5
:10A3B000C1F8054800F0F6FC8580C48038BD002453
:10A3C0002E25F6E78A3100202004460010B501460C
:10A3D0000088FFF7C1FF044618B9488829F06FFECE
:10A3E0000446024800F0DEFC848010BD2002460BCB
:10A3F00010B501460088FFF7AFFF044618B948883A
:10A4000029F061FE0446024800F0CCFC848010BDB7
:10A410002002460C10B50088FFF79EFF044638B9AD
:10A42000064A138823F00103138003F093F80446CF
:10A43000034800F0B7FC848010BD00BF8A310020C3
:10A440002002460F10B50088FFF786FF044638B992
:10A45000064A138823F00103138003F0ADF9044684
:10A46000034800F09FFC848010BD00BF8A310020AB
:10A47000200246101FB5B0F80110C4780391031DE7
:10A480000078029329F0E8F860B10094029B0399E8
:10A49000002228F065F80446034800F083FC84801D
:10A4A00004B010BD2524F7E720020A0F08B50649BD
:10A4B000064826F0FBFD0649064826F0F7FD06484B
:10A4C000FEF7BEFE002008BDFC100020002E00207C
:10A4D000E4100020FC2D0020F4100020014828F09A
:10A4E00021BB00BF9010002030B5114B994285B0C0
:10A4F0000D46144618D193000FD503A902A8FEF704
:10A50000DBFB0823E1B20193039B00930022029B33
:10A5100041F00051284626F0A1FD064828F09EFB98
:10A5200000B10471012000E0002005B030BD00BF83
:10A53000FC2D0020540C050022F00042B2F1A04F87
:10A5400008B504D1034828F089FB012008BD00208C
:10A55000FCE700BF500C050070B5FFF7BFFF90B1DE
:10A56000FEF7FAFF002604462046FFF781F805466D
:10A57000064800F017FC86802268C0F80620A288F2
:10A580004281057370BD024C0226EDE720090115DA
:10A59000580C05000A4B10B50020187100F0CCFDD6
:10A5A00004463CB901F0A2FFBDE810400549064849
:10A5B00026F0A0BD204628F09FFF6468F1E700BFA9
:10A5C0008E3100200C110020D82D002070B5002005
:10A5D00000F0B2FD064D0446012604B970BD2E718F
:10A5E00028F01AFA2046132128F082FF6468F4E765
:10A5F0008E31002038B50A4C00232360A380036805
:10A600002360207828F070FF054630B905480649D8
:10A6100026F04CFD608801F07FFF284638BD00BF62
:10A620008E310020D82D00200C11002022F0004295
:10A63000B2F5037F2DE9F0471C460FD840F2052301
:10A640009A420ED840F203139A426CD040F209139A
:10A650009A4200F0F4800E2A00F0E5800020BDE868
:10A66000F087A2F20622062AF8D801A353F822F0B6
:10A67000D9A6010061A701005DA601005DA6010049
:10A680005DA601008DA6010089A70100666800256E
:10A690006560B379F371212333710721304626F0C9
:10A6A000E5FDB2790C32B3186FF05F01B1540322AB
:10A6B0005A7006229A7001226188DA7022789A71A3
:10A6C00099803179304628F069FA684B1B79002B64
:10A6D000C4D028F0A2F9C1E720685030FEF7C8FFC7
:10A6E0002568A48895F86F6095F86CA095F971902D
:10A6F00095F8728007465E4828F0B0FA0028ADD081
:10A700002B6D4360B5F854300381731E5E425E4189
:10A710008772C67280F80CA080F80D9080F80E80C9
:10A72000A0F80F409AE7207800F0F8FC002895D0B8
:10A73000504894F80090B4F80280A788E688257AFB
:10A74000648928F08BFA002888D080F80490A0F85B
:10A750000580A0F80770A0F80960C57284817DE7C4
:10A76000207800F0DBFC00283FF478AF6078257893
:10A77000FFF7A0FB0446404828F070FA00283FF499
:10A780006DAF0571447169E7A578012D1DD0022DCB
:10A790002BD0C5B9E37894F8008094F904706679F9
:10A7A000364894F90640023BDBB2022B9ABF344A8A
:10A7B000D55C012528F052FA28B180F80480457153
:10A7C0008771C6710472012049E7E37894F800802C
:10A7D00094F9047066792B4894F90640023BDBB289
:10A7E000022B9CBF264AD55CE4E7E378264894F820
:10A7F0000180277894F90490667994F90640023B29
:10A80000DBB2022B96BF1E4A0125D55C28F026FA42
:10A810000028D8D0A0F804808771C57180F808900E
:10A8200046728472CFE72346184813F8014B08227A
:10A83000002128F024FA0028C5D00471C3E7144889
:10A8400094F800806788A688E588248928F006FAAD
:10A850000028B8D080F80480A0F80570A0F8076040
:10A86000A0F80950A0F80B40ADE700BF8E310020E2
:10A87000880C05008C0C0500900C05009C0C050054
:10A880007C0C0500940C0500840C0500980C050058
:10A89000800C0500024B1A68024B00205A6070477A
:10A8A000E82700209010002010B5F6F787FC04463A
:10A8B00030B9044828F00CF9044608B9F6F7BCFD95
:10A8C000204610BD9010002073B522F000421C46B7
:10A8D00040F20A639A4209D8B2F5C06F09D80D2A2E
:10A8E00065D023D8032A33D0042A58D0002002B0E0
:10A8F00070BD6FF4C0631A44092AF7D801A353F856
:10A9000022F000BF1BAA0100C5A90100E9A90100AE
:10A91000FBA9010013AA0100EDA8010033AA010060
:10A9200049AA010069AA0100B7AA0100B2F5817F16
:10A93000DCD16248257828F091F9002840D101A99E
:10A940000A2023F033FA0199207800F06BFECDE75E
:10A9500001A8F2F775FC5A48BDF8044028F07EF9CA
:10A960000028C3D000234371C37103724372C372C2
:10A97000037343738373C3736FF07B030622837483
:10A9800071230271C37402224FF0FF338271037589
:10A990006FF02B024C23827204824375A6E749486C
:10A9A000248828F05BF90028A0D084809EE7234605
:10A9B000042233F8044B4448002128F060F9F2E700
:10A9C000057193E7207800F0A9FB00288ED03F485E
:10A9D000267894F90150A47828F040F9002885D011
:10A9E00006714571847181E72478394828F036F979
:10A9F00000283FF47BAF047178E725783548646818
:10AA000028F02CF900283FF471AF0571C0F805401B
:10AA10006CE7257830486468F2E730482578648828
:10AA200028F01CF900283FF461AF0571A0F805403B
:10AA30005CE72B482578646828F010F900283FF47B
:10AA400055AF0571447151E76378264824780D2B82
:10AA500096BF254A0125D55C28F000F900283FF46F
:10AA600045AF0471457141E76378204826780D2B86
:10AA700098BF1D4A4FF0000198BFD55C6368A2786B
:10AA800088BF012528F0FBF808B10671457163788D
:10AA9000012B3FF62BAF8DF804301448247801AB1E
:10AAA0000122002128F0EBF800283FF41FAF01231A
:10AAB000047143711AE724780D4897E7CC0C050020
:10AAC000F40C0500000D0500F80C0500DC0C050079
:10AAD000F00C0500EC0C0500E80C0500E00C05008E
:10AAE000E40C0500D80C0500BC0C0500D00C0500DA
:10AAF000D40C050002481422002130F011BD00BF23
:10AB0000042E002070B5184C05461FF0A8FD63798F
:10AB10005B0706460ED414212046144A27F088FF0E
:10AB20002179204628F03AF820B13046BDE870403F
:10AB30001FF09BBDA3790C331C442DB92379FF2B47
:10AB4000F3D001332371F0E7012D05D16379FF2B99
:10AB5000EBD001336371E8E7022DE6D1A379FF2B37
:10AB60001CBF0133A371E0E7042E0020040D050093
:10AB700010B504460A4827F0D5FF60B10948002106
:10AB800028F05AF848B18279024414610179BDE88D
:10AB9000104028F003B8022010BD1A20FCE700BFC7
:10ABA00090100020FC0C05000428024B28BF002058
:10ABB000185C7047080D050070B505460B480E4639
:10ABC00000F06CF8044678B900F0BEF8084B044673
:10ABD0001B6825B1D3F806202A605A89AA800EB1D5
:10ABE0001B7B337000F0C8F8204670BD140D0500C3
:10ABF000242E0020044A0346106810B102789A42BD
:10AC000000D170470069F8E71C2E002008B5FFF757
:10AC100071FF024B00221A6008BD00BF1C2E0020ED
:10AC200038B5104D104A0446284626F094FE4FF4DD
:10AC30008270A0470D4B01461860287818B14FF478
:10AC4000827226F08BFE4FF48270A047084B0146BB
:10AC50001860287828B1BDE838404FF4827226F099
:10AC60007DBE38BDA23A00201C0D0500202E00201C
:10AC7000242E0020084A136833B94178036141F05B
:10AC80000101417010607047197802789142FAD042
:10AC900003F110021B69EFE71C2E002010B50446DB
:10ACA00029F097FA28B9034B22681C60024B1B68F5
:10ACB0001A6010BD182E0020202E00202DE9F34729
:10ACC00004684FEA04290F4609F4E0691946C4F301
:10ACD000072349EA030909EB0205B5F5807F82469F
:10ACE000164605D94FF01D08404602B0BDE8F08772
:10ACF000019129F06EFA80460028F5D1104B019998
:10AD0000C3F800A024F47F4424F0C7040D4B44EAA8
:10AD100015242D02ADB22C431D6845F8044B4D445B
:10AD20003246284630F0D4FB012F04D1FF2ED9D86B
:10AD300005F8016CD8E7022F08BF25F8026CD3E7AD
:10AD4000182E0020202E002008B5074B1A68074B4C
:10AD500052F8040B1968064B49681B689847054B65
:10AD60001B68988808BD00BF202E0020182E0020E8
:10AD70001C110020242E0020024B00221A6029F012
:10AD80002ABA00BF182E0020054B186808B1C36806
:10AD90001BB1003818BF012070470069F6E700BFFB
:10ADA0001C2E002010B5034C23681860F6F782FBB8
:10ADB000206810BD242E0020F8B504460D46164626
:10ADC000F1F7AEF960B124F47F4020F0C70040F401
:10ADD0000070FFF7E7FF1423037100234371F8BDF0
:10ADE000194B1A4F1B681C603B681870587098709C
:10ADF000D870204627F047FE28B19DB94368220E3F
:10AE00000BB11D684DB924F47F4020F0C70040F419
:10AE10000070FFF7C7FF0F23DEE75979914201D099
:10AE20000833EDE73046A8473B681D68002DD6D1B2
:10AE300024F47F4020F0C70040F40070FFF7B2FF19
:10AE4000012303714571CAE7202E0020242E002023
:10AE5000F8B5124B05021B680E4605F4E065C0F319
:10AE600007210D43691E043304465E5400F0380781
:10AE7000581811462AB10130904202D0324630F0C3
:10AE800035FB240C2404A9193C4344EA112409028B
:10AE900088B22043BDE8F840FFF784BF242E00208D
:10AEA000094B802283F8012383F8042383F80523C8
:10AEB00083F8062383F8072383F8082383F81D23E8
:10AEC000A02283F8222C704700E100E04FF00053ED
:10AED0001860BFF34F8F0549054BCA6802F4E06262
:10AEE0001343CB60BFF34F8F00BFFDE700ED00E0E1
:10AEF0000400FA05034AD2F8B03043F05403C2F814
:10AF0000B030704700400E40054BD3F8E80010F415
:10AF100080501CBFD3F8EC0000F00100704700BF68
:10AF20000081E00F2DE9F047164B1D68D3F804802F
:10AF300098FAA8F4B4FA84F40F4693F8089004EB56
:10AF40004401064605EB81054FF0010A4C4504DB40
:10AF50004FF0FF342046BDE8F0870AFA04F313EA05
:10AF6000080F0BD0AB6803F00103B34206D10622F1
:10AF70002946384630F09CFA0028EBD001340C35D5
:10AF8000E4E700BF282E0020014B00225A607047E2
:10AF9000282E0020F8B50446134D24EAE4741FF06F
:10AFA0005EFB202C2B7AA8BF2024A342064605D1A5
:10AFB000002430461FF059FB2046F8BD28682C724B
:10AFC00000276F6010B1FEF78DF92F602B7A002BF0
:10AFD000EED00C206043FEF765F928600028E7D129
:10AFE00028720724E5E700BF282E0020084B094AF5
:10AFF0001A60094B094A1A60094B0A4A1A600A4B3F
:10B000000A4A1A600A4B0B4A1A600120704700BFB7
:10B0100054280020DF2D04005C280020DB2D0400D4
:10B0200058280020192E04004C280020DD2D040093
:10B03000502800201B2E0400014B986D80B27047F1
:10B04000005008400A4B586800F07060B0F1106F73
:10B050000CD008D8B0F1E06F08D0B0F1006F14BF89
:10B06000002001207047B0F1406FF8E701207047E1
:10B07000004008402DE9F041DFF88080D8F800401A
:10B0800006460D461CB900242046BDE8F08101208B
:10B0900026F047F907460028F5D0D8F800305B685D
:10B0A000C8F80030742294F86C800021204630F0FB
:10B0B00037FA84F86C803368C4F85730B388A4F842
:10B0C0005B30B37984F85D3028682065AB79AA8855
:10B0D00084F85630FF2384F8713084F8723040F6DB
:10B0E000FF73A4F86A30044BA4F854201A68E7638D
:10B0F00062601C60C8E700BF382E0020342E00209C
:10B10000054A0346106800B97047B0F86A209A42B1
:10B11000FAD04068F7E700BF382E0020054A034602
:10B12000106800B9704790F86C209A42FAD04068D5
:10B13000F7E700BF382E002010B9024B186870479F
:10B1400040687047382E0020114A00232DE9F04155
:10B1500074211360804602460120FDF7C1FD0446BC
:10B1600020B90C4E05463060A84502D82046BDE8FF
:10B17000F0810120FDF732FE0746742200210135DF
:10B1800030F0CEF987F86C5037603E1DECE700BF19
:10B19000382E0020342E002013B5012303FA01F1CC
:10B1A00090F86D3023EA010149B2044680F86D1031
:10B1B000002957D127F03AFC204627F0F7FA102152
:10B1C00004F1180029F016F82046FEF739FE04F1C4
:10B1D000380026F073F8204628F0FAFF284A136852
:10B1E0001BB19C4240D163681360A3685A0515D512
:10B1F00013F4006212D143F40063A36094F86C303E
:10B200008DF80030A389ADF802301E48E36BE2638D
:10B2100040F20B216A46019325F084FF002363600E
:10B22000204625F06BFF04F13C0026F047F827F09C
:10B2300073FE94F86C304FF48072B2FBF0F242432C
:10B240000344B3FBF2F102FB1133DBB2591EC9B266
:10B25000FD29F5D884F86C30002363600A4B1A6826
:10B260005AB91C6002B010BD1A465B68002BBCD0F6
:10B270009C42F9D163685360B7E7131D5268EFE74A
:10B28000382E0020D82D0020342E002010B5084C78
:10B29000206830B9074BBDE8104018600120FDF769
:10B2A0006DBD436890F86D102360FFF775FFEFE701
:10B2B000382E0020342E0020064B1B68002003B9D6
:10B2C000704793F86E205B68012A84BF0130C0B2DA
:10B2D000F5E700BF382E002090F8703003F00B0324
:10B2E000013BDBB20A2B9ABF014AD05C00207047B9
:10B2F0002A0D05001FB5014690F86C308DF804301A
:10B30000FFF7EAFFB1F85E30ADF80630B1F8603013
:10B31000ADF80A30B1F862308DF80C00ADF80830A5
:10B3200001AAB1F868300548ADF80E3040F20311BB
:10B3300025F0F8FE05B05DF804FB00BFD82D002015
:10B3400007B590F86C308DF8051001AA40F207217E
:10B3500003488DF8043025F0E5FE03B05DF804FBEA
:10B36000D82D002038B50A4B1B6804460D462BB17A
:10B3700043699B0702D528F01DF930B120682A46A1
:10B380000421BDE8384028F0D1BEA3699D6138BDD5
:10B390003C2E0020024B1868003818BF012070476F
:10B3A0003C2E002013B50446019120B901A825F0D8
:10B3B00085FF21200FE008460029FAD026F026F963
:10B3C00080B20028F2D0084B01991B682BB9019973
:10B3D0002046FEF7D1F902B010BD2046984700285C
:10B3E000F5D00020F7E700BF3C2E002038B5836A77
:10B3F0005904044615D4134A92F82B20012A03F469
:10B4000000430FD1C26A92040CD4002B014614BF32
:10B410001420532026F0B4FA18B9A36A43F00803A5
:10B42000A36238BD002BFCD1074D20462946FEF70C
:10B4300027F90028F5D12868AA88AB792060A28076
:10B44000A371EAE7802D00208F2D00202DE9F04721
:10B45000244E86F82A00002841D0C0EBC000C1006D
:10B4600089B2002301220420FDF73AFC054668B9A1
:10B470000420FDF7B3FC2F4630604FF03809A84692
:10B480004FF0A00A96F82A30BB4202DC2846BDE8FD
:10B49000F087346809FB07444FF4A0736362072305
:10B4A00084F8353004F11800A4F81480C4F820A002
:10B4B00084F8068025F002FF04F11C0025F0FEFE52
:10B4C00040F2011363867F23C4F82C8084F8363061
:10B4D000C4F82880204600F047FD0137D2E73060ED
:10B4E0000546D3E7802D0020074B93F82A2082429F
:10B4F00081BF1B68C0EBC00003EBC000806A8CBF3B
:10B5000000F0010000207047802D002008B50146A2
:10B51000FFF7EAFF40B1054B1868C1EBC10100EB32
:10B52000C101886AC0F3C02008BD00BF802D002083
:10B530002DE9F04F364A93B05168064610680FABBC
:10B5400003C39068334A18601468C6EBC60304EB63
:10B55000C30412AA637D02EB430333F80C1CA36AF5
:10B56000DD0442D4012541F010012F4694F80D80EE
:10B5700094F835A0C3F340495B0348BF49F0020982
:10B5800088F00808012FD4E9082304F1070B89B2D9
:10B5900094F93640C8F3C00805D0022F03D0042F19
:10B5A0000CBF03270027012D05D0022D03D0042D49
:10B5B0000CBF032500253046CDE90C230B91FFF786
:10B5C000A5FFCDE907500120CDE900A0CDE9054751
:10B5D000CDE903B9DDE90C230B99CDF8088030469D
:10B5E00002F03AFC13B0BDE8F08FE26A94F83270D2
:10B5F00094F83350900648BF41F02001500648BFF0
:10B6000041F04001DA0348BF41F00401AEE700BF5A
:10B61000360D0500802D0020014B93F82A0070475D
:10B62000802D00201FB504460391FFF75DFF0B46F8
:10B6300068B1084A084912680848C4EBC40402EB20
:10B64000C4040022009204F10E0225F013FD04B0A0
:10B6500010BD00BF802D002002010080D82D0020E9
:10B660003F4A70B51468C0EBC00304EBC304064640
:10B67000A36A5B0704D500231A46194602F0CEFCE4
:10B68000A36A9D0706D53046FFF752FFA36A23F051
:10B690000203A362A36A18070CD5A2792146C2F35C
:10B6A000C002304602F058FC0546A0B9A36A23F058
:10B6B0000803A362304627F043FF054658B9A36A42
:10B6C000D90608D5DA0408D5304600F02DFC40BB79
:10B6D000A16A480727D4284670BD1A0611D4637D95
:10B6E000023B012BF4D8A36ADB05F1D5E1693046B2
:10B6F00002F076FC0023E361A36A23F48073A36263
:10B70000E5E7637D03F0FB03012BE8D0A169304638
:10B7100002F048FCA36AA56123F08003A36200281D
:10B72000DDD00546D7E7637D228E012B03D1AAB178
:10B73000802A28BF802211F0400F94F834304FF057
:10B74000010118BF0123304602F068FC05460028BD
:10B75000C1D1A36A23F00403A362BCE74022EAE755
:10B76000802D0020F8B505461646FFF7BDFE20B334
:10B77000134B37681B68C5EBC50403EBC40499B9C8
:10B7800004F1180025F09AFDA36AA76143F0800335
:10B79000A362A06A002310F0100033600ED0284688
:10B7A000BDE8F840FFF75CBF04F11C0025F086FD02
:10B7B000A36AE76143F48073EAE72120F8BD00BF84
:10B7C000802D00202DE9F041114D0024382695F8F8
:10B7D0002A30A34201DCBDE8F081E7B23846FFF72A
:10B7E00083FE98B1286806FB04F84044836ADA06B1
:10B7F0000CD55B040AD4FFF7F9FD2B6843443846A7
:10B800009A6A42F006029A62FFF72AFF0134DEE7E5
:10B81000802D00202DE9F04FDFF84092D9F800503C
:10B82000C0EBC0032DED028B05EBC30505F1180B32
:10B8300087B0804658460C46174625F03FFD05F177
:10B840001C03184608EE103A25F038FD002025F0BC
:10B8500068FD0646002800F0FA80012F40F272676A
:10B8600018BF1F27012C2C7571D0022C14BF042483
:10B8700006240221304627F0D0FC0121304627F073
:10B88000CCFC2146304627F0C8FC304625F0BEFEF1
:10B8900084B2391B89B202295BD9012300930A22A1
:10B8A00042F60723304627F009FD0444A4B2391BB1
:10B8B00089B202294FD904230093122242F60423AD
:10B8C000304627F0FBFC0444A4B23B1B012B04963A
:10B8D000039342DC002199F82B30002B40F0B1801B
:10B8E000039B591A89B2304627F0A2FC04465846F9
:10B8F00025F0E4FCAB6AAE6143F0800203F48053B0
:10B900002343AA6216D199F82B0098B925F009FDB6
:10B91000059078B1394627F08BFC002800F0938021
:10B9200018EE100A059C25F0C9FCAB6AEC6143F4E3
:10B930008073AB62A86A10F0100000F08980404666
:10B9400007B0BDEC028BBDE8F04FFFF789BE0524C0
:10B950008FE70020A9E70020B5E7002025F0E1FCF3
:10B9600005900028B6D0BB1E02211C1B01F090FDE3
:10B97000A4B2844282465AD224F001018AB2411A0A
:10B9800005A8029225F022FF029A92460222BAF1FD
:10B99000000F16D00AF1010104980292C9B227F0F3
:10B9A0003CFC029A0498114627F037FC059904A83C
:10B9B00025F08AFF002025F0B4FCA4EB0A040590D2
:10B9C000A4B20598002837D0022C38BF0224A21E4A
:10B9D00092B20F2A30D91021029201F059FD029A39
:10B9E0008242044625D222F00F018BB2411A05A8EB
:10B9F000029325F0EBFE029C0622611C0498029241
:10BA0000C9B227F00AFC029A0498114627F005FCF7
:10BA1000059904A825F058FF04EB0A01023189B208
:10BA2000BAF1000F3FF457AF023189B253E7032256
:10BA3000ADE708B10722E0E705A825F03FFC514635
:10BA4000EEE7002453E705A825F038FC72E71A203A
:10BA500007B0BDEC028BBDE8F08F00BF802D002049
:10BA600070B5044615461E46FFF73EFD30B3144B35
:10BA7000C4EBC4001C6804EBC000826A93050BD4BD
:10BA8000A1F120044FF6DF739C4217D8A5F12004E2
:10BA90009C4213D8A94211D8036A8B4202D1436A4F
:10BAA000AB4204D0C0E9081542F0020282629DF860
:10BAB000103080F834300686002070BD2120FCE76D
:10BAC000802D002010B50446FFF70EFD98B14B07FE
:10BAD00011D00A4B1B68C4EBC40003EBC00090F804
:10BAE00035308B4205D0836A80F8351043F002036D
:10BAF0008362002000E0212010BD00BF802D0020C7
:10BB000038B504460D46FFF7EFFCC8B12046FFF7F5
:10BB1000FDFC2B1E18BF012383420CD0094B186873
:10BB2000C4EBC40400EBC404A36A35B143F400635E
:10BB300043F00203A362002003E023F40063F7E76D
:10BB4000212038BD802D002070B50446FFF7CCFCC5
:10BB5000E8B18B7913F0180F19D00F4B1D68C4EBA7
:10BB6000C40405EBC403E6009A6A12F0100410D175
:10BB70000868A85122F4004242F4804288888979FA
:10BB8000997142F0080298809A62204670BD212087
:10BB9000FCE70220FAE700BF802D002070B50146C7
:10BBA000FFF7A2FCE0B1104C2568C1EBC10105EB29
:10BBB000C103CE009A6A12F0100113D112F4804032
:10BBC0000DD0D4F80F00A85122F48042607DB4F863
:10BBD00013509D8042F0080298719A62084670BD29
:10BBE0002120FCE70220FAE7802D0020044A11689A
:10BBF000C0EBC00301EBC3014A7D27F0A4BB00BF2B
:10BC0000802D0020F8B505460C46FFF76DFC28B3E3
:10BC1000052923D8124E3368C5EBC50203EBC203D6
:10BC2000D700986925F0F2FC1F2817D833683B44E9
:10BC3000D86925F0EBFC1F2810D8012C0ED0231F4B
:10BC4000012B0BD93168394422468B6A23F4825385
:10BC50008B622846BDE8F84027F075BB2120F8BD6F
:10BC6000802D002008B50146FFF73EFC80B1094A4F
:10BC70001268C1EBC10302EBC3020846936A23F0CA
:10BC8000500343F004039362BDE80840FFF7E8BCAB
:10BC9000212008BD802D002070B50546114890F880
:10BCA0002A60026800239E4201DC1A2016E0946A92
:10BCB00014F0010F114602F1380210D10A4AD0F8EF
:10BCC0000F00086044F0090490888C6292798A71B0
:10BCD000DCB288802046FFF72BFC2C7070BD01334E
:10BCE000E1E700BF802D00208F2D0020F8B506462B
:10BCF000FFF7FAFB002847D0304627F025FC112833
:10BD00000546304608BF002527F019FC1F4B1B686D
:10BD1000C6EBC60403EBC404A36AD90608D523F016
:10BD2000100343F00403A3623046FFF799FC054675
:10BD3000A36A23F00103A022A3624FF4A07300279B
:10BD4000C4E90823072384F8353004F11800A782DA
:10BD5000A77125F0B3FA04F11C0025F0AFFA40F208
:10BD6000011363867F2384F836302046E762A7629A
:10BD700000F0FAF83946304602F014F939463046F8
:10BD800002F02EF92846F8BD2125FBE7802D002082
:10BD900070B506460D461446FFF7A6FB18B125F010
:10BDA000E1FD054201D1212070BD04426FEA00038C
:10BDB000F9D045EA04021A42F5D1012D01D0042D33
:10BDC000F1D1631E012B01D9042CECD10B4B1B6864
:10BDD000C6EBC60003EBC00090F83230AB4203D193
:10BDE00090F83330A34207D0836A80F8325043F092
:10BDF000020380F8334083620020D5E7802D0020C5
:10BE0000F8B58378122B0F4636D10C68A3790C3322
:10BE10001C44E57826790DB145F480553046FFF78E
:10BE200063FB58B17DB9B4F80500FFF769F928B193
:10BE300080F872602A46294600F092FB3846BDE839
:10BE4000F84025F03BBA0D4AE0791468C6EBC6030A
:10BE500004EBC3039A6A22F01001996212F04001C8
:10BE600003D022F050029A62E8E758829E731D8246
:10BE70003046FFF7D7FBE1E7F8BD00BF802D00207B
:10BE80002DE9F843DDF8209005460E4690461F4602
:10BE9000FFF72AFB002841D0052E3FD8731E012B47
:10BEA0003CD9052E3AD01F4B1B68C5EBC50103EBEF
:10BEB000C10118F0010FCC6A8A6A14BF44F0200453
:10BEC00024F0200418F0020F14BF44F0400424F0C2
:10BED0004004F807CC621DD5D9F80030C1F807300E
:10BEE000B9F80430A1F80B3099F806304B7342F4DE
:10BEF00080328A628B6ABA074CBF43F0400323F05A
:10BF0000400343F480538B6232462846BDE8F84331
:10BF100027F019BA22F480328A62EBE72120BDE8CB
:10BF2000F88300BF802D00200E4B1B6810B5C0EBBE
:10BF3000C00403EBC404A36A13F080030FD0637D35
:10BF4000A169032B08D102F04BF80023A361A36A77
:10BF500023F08003A36210BD02F024F8F5E7184631
:10BF6000F9E700BF802D0020064B93F82D301BB160
:10BF7000836A43F480638362C36A43F01003C3623D
:10BF8000704700BF802D002038B504460D46FFF7EE
:10BF9000ABFA00284BD0284B1968C4EBC404EB075C
:10BFA00001EBC4040CD5A36AE26A23F48063D006D3
:10BFB000A3625FBF42F0100243F00203E262A36299
:10BFC000A90709D5E36A9A0606D4A26A43F02003BA
:10BFD00042F00202E362A262280709D5E36A590629
:10BFE00006D4A26A43F0400342F00202E362A26276
:10BFF000A36A5A040CD46B070AD52146142025F0F5
:10C00000BFFC98B9A36A43F4004343F00803A3625A
:10C0100015F010000AD0E36A13F4005009D143F47C
:10C020000053E362A36A43F00203A36238BD2120F8
:10C03000FCE70020FAE700BF802D0020F8B5044699
:10C0400010680E46174625F0E1FA05462046FFF730
:10C050004BFAA8B1154B1B68C4EBC40003EBC0003E
:10C06000836ADA0619D5DB0402D41F2D0EDD07E042
:10C0700040F272639D4203DC437D042B02D12EB15A
:10C080002120F8BD032B01D1002EF9D03A463146CC
:10C090002046BDE8F840FFF765BB27F079F9002896
:10C0A000E3D140F272639D42E0E700BF802D0020A3
:10C0B0002DE9F34107460E461546FFF715FA18B964
:10C0C000212002B0BDE8F081042EF9D8052DF7D863
:10C0D00005F0FB03012BF3D03A4B1B68C7EBC704F9
:10C0E000042D03EBC40403D094F83230012B0BD0A1
:10C0F000A36A5B0508D4E36AD806E1D4022DDFD039
:10C10000032E08BF002614E0022DF9D1E36AD906F8
:10C11000D6D594F83230012BD2D1042EF0D1A069BB
:10C1200025F074FA1F28CBD8E06925F06FFA1F2894
:10C13000C6D8042E267565750AD1204627F028F941
:10C14000C8B12946384602B0BDE8F041FFF75ABDF4
:10C15000204627F01DF960B9204627F021F980F02C
:10C160000100C2B2217D3846FFF754FB0028E4D01D
:10C17000A7E70022F6E7204627F012F90028E0D1D1
:10C18000E36A5A06C3F34016A36A48BF46F00206A4
:10C1900013F080080ED1DB050CD504F1180025F052
:10C1A0008DF8E369C4E90638A36A23F4807343F089
:10C1B0008003A36200230093324629463846FFF7E6
:10C1C0005FFE7EE7802D0020094B5A79D97A8A429A
:10C1D000A8BF0A465A7419895A888A42A8BF0A46D3
:10C1E000DA81D9881A888A42B8BF0A469A8170478C
:10C1F000402E002038B50B4C10252A460021201D6A
:10C200002FF08EF94FF010122260E26005222274A6
:10C21000054AE5800123042125812371A17264610F
:10C22000137038BD402E0020A33A002010B50446FC
:10C2300027F0F1F8F8B100F091F8F0B9114B1B7844
:10C24000EBB1012C04D0042C13D0FFF7BDFF02206A
:10C250000D4900EB400301EB43034B6106235843B8
:10C260000C1800236288095A6079BDE8104000F07C
:10C270004FB80120ECE7212010BD0220FCE7184652
:10C28000FAE700BFA33A0020402E0020014B002215
:10C290001A707047A33A002073B5144D144C6B68A4
:10C2A000206803F0800200F0020010431BD05B0600
:10C2B00054BFA67A0126FDF753F901968379A28827
:10C2C000217A607A83F00803C3F3C0030093E38804
:10C2D00001F07EFD38B9236823F0020323606B6808
:10C2E00023F080036B6002B070BD00BF802D002082
:10C2F000582E0020054B012200204FF01011C3E9F9
:10C300000200C3E900215A72704700BF582E002076
:10C31000032910B510D9032A0ED991420CD3012854
:10C320000AD8064CA3722368207243F00203A1804E
:10C33000E2802360002010BD2120FCE7582E002061
:10C34000014B187B704700BF582E0020024BD87A53
:10C35000003818BF01207047582E0020024B187B70
:10C36000003818BF01207047582E002038B51F4DE7
:10C37000696811F0020137D11D4C2368580706D5B2
:10C38000084601F04BFD236823F004032360236873
:10C3900003F008026B6803F0040313430FD0FDF7AA
:10C3A000DFF883791A071CD5FDF7D4FCC0B92368E0
:10C3B00023F0080323606B6823F004036B60FFF72E
:10C3C0006BFF68B9E37A5BB123685B0708D401218E
:10C3D000084601F023FD18B9236843F004032360E5
:10C3E00038BDFDF79BFCE1E71120F9E7802D002027
:10C3F000582E002070B5124C257B637B22689D422D
:10C40000B8BF1D469207E37AEEB201D49E4215D022
:10C410001BB10023E372FFF7A9FFE67275B1094B68
:10C4200093F82B30012B05D1236843F002032360DE
:10C43000FDF73AF8BDE87040FFF798BF002070BDE7
:10C44000582E0020802D0020022938B504460D46C4
:10C4500001D9212038BD26F0DEFF0028F9D00E4B8F
:10C460001A7BB2B91A68D10742BF22F0010242F02A
:10C4700002021A60094A525D1A735A7AA2421FBF19
:10C480001A685C7242F002021A60BDE83840FFF799
:10C49000B1BF0220DEE700BF582E0020420D05008C
:10C4A000054A137B013B022B03D800231373FFF7CC
:10C4B000A1BF0020704700BF582E0020032806D1DE
:10C4C000094A136843F008031360FFF74FBF0128C0
:10C4D00005D1054BDB7A002BF2D10020704710F01C
:10C4E000FD0FFAD1ECE700BF582E0020094B10B524
:10C4F00000205862FEF720FE04461CB9BDE810403B
:10C50000FEF7C4BE204641F2160126F099FF64688A
:10C51000F3E700BF802D0020A0F11B03E02B10B536
:10C52000044618D8042142F2240026F0CCF86FF01B
:10C530006F03437142238371A0F803400748F8F763
:10C5400037F926F004F9407920B126F000F9407956
:10C5500040F4805010BD2120FCE700BF07FC030021
:10C5600073B504460E465AB390F86F1082810023CB
:10C57000012980F86E3014D154494B62ADF8042083
:10C5800040F201216A462046009424F0CBFDA368C6
:10C5900043F48063A36000212046FEF7FDFD02B056
:10C5A00070BD90F87230FF2BE8D048490968C3EBA2
:10C5B000C30301EBC303996A21F010019962DDE71F
:10C5C00090F86E30032BEAD190F872303F4DFF2B7C
:10C5D0000ED02868C3EBC30200EBC20150F8320052
:10C5E000C4F857008A798888A4F85B0084F85D2035
:10C5F0001B22A4F86820EA8BA4F86420FF2B2A8C65
:10C60000A4F8662005D194F86F30012B01D0002EDC
:10C61000C5D0022384F86E30204626F006FA204664
:10C6200026F0BDF894F86F30012B2BD100236B62FC
:10C630000021204600F0D0F93046009400F084F943
:10C640006A46ADF8040040F20621214824F06AFD54
:10C65000002240F20221204624F020FD2046FEF771
:10C6600049FE204626F0A1F8204601F085FBA3688C
:10C67000012123F480432046A36002B0BDE870404E
:10C6800026F03EBF94F87230FF2B08D02A68C3EB27
:10C69000C30302EBC3039A6A22F010029A6226F0E7
:10C6A0005EF870B194F9713001330AD1A3680521A5
:10C6B00043F480532046A36002B0BDE8704026F0EA
:10C6C00017BF0021204626F01EFCB1E7802D002078
:10C6D000D82D0020F0B50378302B85B004460F46E6
:10C6E00039D005D8052B25D0082B41D005B0F0BD99
:10C6F0003E2BFBD183780C2B4CD8022BF6D9033B75
:10C70000092BF3D801A252F823F000BFA5C70100FE
:10C71000DBC80100EDC60100EDC6010073C80100D1
:10C72000EDC60100EDC60100EDC60100EDC6010039
:10C73000C7C80100B0F80300FEF7E2FC28B1617938
:10C7400009B141F4805126F07BFE384605B0BDE8C2
:10C75000F04024F0B3BDB0F80300FEF7D1FC002890
:10C76000F3D0A17809B141F4805126F091FEECE7B5
:10C77000B0F80300FEF7C4FC0028E6D0627990F818
:10C78000703022B143F0010380F87030E9E703F024
:10C79000FE03F9E7212B00F0B280292B1FD0202BBC
:10C7A000D3D0A3E78088FEF7ABFC0028CDD0E27899
:10C7B000002ACAD1E179A27942EA0122A0F85E20DA
:10C7C000E17AA27A42EA0122A0F86020227A617A14
:10C7D00042EA0122A0F86220FEF78CFDB5E701A82D
:10C7E000E27904F10801FCF707FFA67901A85EBB16
:10C7F000534B5D6A002DA8D003C8A5F85410090C4E
:10C80000286585F85610E378ABB9A188284626F04C
:10C8100077FBE27EA37E43EA0223A5F85E30E27F47
:10C82000A37F43EA0223A5F86030237F627F43EAB7
:10C830000223A5F86230E2780AB142F48052314610
:10C840002846FFF78DFE80E726F044FE054618B126
:10C8500040F20323A0F86E30608C4FF6FF739842CD
:10C8600005D000F083F80646002DCCD16DE70026F8
:10C87000FAE7B0F80300FEF743FC00283FF465AF89
:10C88000B4F80530A0F8683090F86C208DF80420DA
:10C89000ADF80630227AE37943EA0223ADF8083096
:10C8A000A27A637A43EA0223ADF80A30227BE37A64
:10C8B00043EA0223ADF80C3001AA40F209112148E5
:10C8C00024F030FC41E78088FEF71AFC00283FF492
:10C8D0003CAFA179FEF734FD37E78088FEF710FC06
:10C8E00090F86C308DF80430D4F80630CDF805306F
:10C8F000D4F80A30CDF8093001AA0E21DFE780888C
:10C90000FEF7FEFB00283FF420AF90F86C308DF866
:10C910000430E3788DF80530A3798DF80630E3799B
:10C920008DF80730237A8DF80830637A8DF8093056
:10C93000A37A8DF80A3001AA4FF40371BFE700BF54
:10C94000802D0020D82D002050B1074B1B68C31A42
:10C95000807A0C22B3FBF2F340EA032080B27047E6
:10C960004FF6FF70704700BF2011002009490B7A75
:10C9700009680246FF2B01D10020704703EB4303F7
:10C9800001EB830031F82330C3F30B039342F4D05F
:10C99000C37AEFE72011002008B5054B054A197846
:10C9A000054824F0D8FF054BF7221A8008BD00BFC8
:10C9B0009D3A0020450D0500A43A0020FE120020FB
:10C9C000A0F11703E82B9DBF024B18800020212007
:10C9D000704700BFFE120020F8B5054648200E46FD
:10C9E00024F0BEFF1E4F0446387818B14822214675
:10C9F00024F0B4FF94B1FEF7CDFC98B11C2024F0D4
:10CA0000AFFF0146A061387810B11C2224F0A6FFC8
:10CA1000A7692FB92046FCF765FC3C462046F8BDC7
:10CA200000233B700321284626F06DFAEB6C63600F
:10CA3000EC6417232681002663810A49256022467B
:10CA4000267766642846FCF7C1F801F019FD3246E6
:10CA5000014604F10C00FCF7B9F802232374DDE76A
:10CA6000A43A0020D5CA010010B5044670B300688E
:10CA7000C36CA34222D16368C3641549224624F0E3
:10CA800019FB04F10C0024F039FB04F1440024F0FC
:10CA900015FCFEF77FFC58B1A06948B1143024F0B2
:10CAA0000DFCA069183024F009FCA069FCF71AFC01
:10CAB0002046BDE81040FCF715BC1346002BDCD027
:10CAC0005A68A242F9D162685A60D6E710BD00BF29
:10CAD000D5CA010038B50D4622F0004340F20321CB
:10CAE0008B42044638D0B3F5017F09D240F20122CF
:10CAF000934231D040F2022293420AD0002038BD46
:10CB00006FF481610B44012BF8D8114626F075FDB6
:10CB1000F4E7FEF73FFCC0B1154B1988172914D96B
:10CB2000A3691B788BB9636923F002036361204614
:10CB300026F068FA48B9A36912219861204626F0C8
:10CB400046FD636943F002036361204626F091FECF
:10CB5000204625F04FFDD1E763699B0704D540F2DD
:10CB60000941204626F030FD284626F0EFFCC5E7B7
:10CB7000FE120020F8B5054618B3002921DB114C40
:10CB80002468247E8C421CDD3F291ADC01F0030658
:10CB900000EBA1017600032404FA06F791F8314076
:10CBA00002F0030224EA0704B240224381F8312054
:10CBB00013B1002126F09EFD2846BDE8F84026F07E
:10CBC000F6BDF8BD682E002070B5164600221A701A
:10CBD00032800A7A0D46072A4ED8DFE802F00409AF
:10CBE0000D111A1E304BE86830F8023B338070BDDF
:10CBF000EB68981D5B88F9E7EB68981D9B88F5E763
:10CC0000697B1E4B26F0C3FD022218803280184635
:10CC1000EDE702231A483380E9E71A4C2B7B237097
:10CC20002B88E889013363702B8801331B12A370B2
:10CC3000E11C00F031FB033030802046D7E7124C76
:10CC4000A889EB89A370020A1B0A20706270E37046
:10CC500000F0F8FB50B1C3681A88022A06D19A780E
:10CC60002271DB78637106233380E6E704230648EC
:10CC70003380BCE780221A700020B8E7CE3A00204B
:10CC8000550D0500BB3A0020B53A0020054A064B79
:10CC90001860136843F001031360044B828B1A8001
:10CCA000704700BF982E0020682E0020943100208D
:10CCB0002DE9F04F4F4F3E688FB0002316F0080665
:10CCC000CDE90433CDE9063304460CD04A4B03F1D9
:10CCD000100253F8041B44F8041B9342F9D10020BE
:10CCE0000FB0BDE8F08F1020FCF778F8054600285B
:10CCF00077D020F03EFA0220F3F79CFC014628464C
:10CD0000F3F7B8FC00286ED1802204A92846F1F779
:10CD1000CBF9002867D1B146384B1B68D988B2B22D
:10CD2000914218D821462846F1F714FA284620F0F7
:10CD300024FA29461020FCF773F82F4B04F1100257
:10CD400054F8041B43F8041B9442F9D13B6843F0A8
:10CD500008033B60C3E71A68ADF80E901FFA86FB24
:10CD60004FEA0B1802EB0B1B5846019227F01CF9F7
:10CD70008246584600F03AFB20B3AAF520539BB2F6
:10CD8000032B019A02D9BAF5245F1DD132F808307D
:10CD9000ADF820300DF10E0259460DF10D030020C3
:10CDA000ADF822A0FFF710FFBDF80E20014609A83C
:10CDB0002EF08EFBBDF80E2008A904322846F1F7AC
:10CDC000B7F980B90136A7E70AF55643FF339BB29E
:10CDD000042BF7D832F80830ADF82030ADF822A097
:10CDE000E8E71A207CE7014640F2074025F0B6FC50
:10CDF0009CE700BF982E0020A53A0020682E002056
:10CE00000F4B196810B5CC0717D40E4BDA899C89E3
:10CE1000944212D9490748BF0B499C6848BF09682A
:10CE200024F81200DA894ABFC8891046801802F136
:10CE3000010248BF80B2DA8110BD4FF6FF70FBE7F8
:10CE4000982E0020702E00206C2E0020144B1B68A2
:10CE500013F0040370B5014606D0124B1C68E38939
:10CE6000002290B2834209D80F4A1468E589002253
:10CE700090B285420AD84FF6FF7006E0A56835F8F3
:10CE800012508D4202F10102EBD170BDA66836F856
:10CE900012608E4202F10102EAD1034498B2F4E733
:10CEA000982E00206C2E0020682E0020094B1B6855
:10CEB0005B070AD5084B1A68D389834203D9936864
:10CEC00033F810007047C01A80B2044B1B689B688F
:10CED000F6E700BF982E00206C2E0020682E002060
:10CEE000F0B50E4E0E4FF18832683C8802EB01120D
:10CEF000154600234FF00B0C04EB030E01339BB2DD
:10CF00009842A5F800E085F809C005F11005F3D8AE
:10CF100004440844F0803C801046F0BD702E002090
:10CF2000963100202DE9F041254CA589E389EB1AC3
:10CF300083428846164613DA0A35ADB26800FCF71C
:10CF4000B1F9074610B90020BDE8F081E289A16877
:10CF500052002EF0BDFAA068FCF7C4F9A760A581C5
:10CF6000A58AE38AEB1A434511DA0A35ADB22801E6
:10CF7000FCF798F907460028E5D0E28A21691201FA
:10CF80002EF0A6FA2069FCF7ADF92761A582A588E5
:10CF9000E388EB1AB34211DA1435ADB22801FCF77D
:10CFA00081F906460028CED0E288216812012EF0D1
:10CFB0008FFA2068FCF796F92660A5800120C3E768
:10CFC000702E0020F8B51D4CA688E388F31A834222
:10CFD00007461DDAB0F5FA7F2CBF361806F5FA764B
:10CFE000B6B23046FCF75EF90546B0B1E28821687A
:10CFF0002EF06EFA124A20681368D188A5EB000C57
:10D0000003EB011199420AD1FCF76CF92560A68067
:10D01000E38825681D443B44E3802846F8BD5A7ADE
:10D02000920704D51A7A22B1013A012A01D91033A4
:10D03000E8E7DA686244DA60F9E700BF902E002082
:10D04000702E00200B4B0C4A1888D188136810B53D
:10D0500003EB01118B4200D110BD5A7A940707D41B
:10D06000DC88204214BF42F0040222F004025A720B
:10D070001033EFE794310020702E002010B50E4CD5
:10D08000206820B1FCF72EF900232360A3800B4C0D
:10D09000206818B1FCF726F900232360A06818B1B6
:10D0A000FCF720F90023A360206918B1FCF71AF9F6
:10D0B0000023236110BD00BF902E0020702E0020A1
:10D0C00038B505464FF4FA70FCF7ECF8134B1860CE
:10D0D000E0B1134C4FF4FA725A600021202220462E
:10D0E0002EF01EFA2801FCF7DDF820601420FCF772
:10D0F000D9F8A060A020FCF7D5F82368206113B10F
:10D10000A36803B118B9FFF7B9FF002038BD0A239F
:10D11000A580A381A3822046F8E700BF902E0020BF
:10D12000702E0020034A1368990744BF23F00203BE
:10D1300013607047982E002038B5046809490546E9
:10D140000C2220462EF0B4F950B90749022204F10E
:10D150000E002EF0ADF918B90C342C60022038BD49
:10D160001020FCE7580D0500660D05002DE9F7437A
:10D17000102801914AD101A8FFF7DEFF022806D14D
:10D18000019B1888FFF762FE03B0BDE8F08310280A
:10D1900002D04FF6FF70F7E71E4B019F186810F0A2
:10D1A000040031D01C4BD3F80080B8F8166000247E
:10D1B000A5B2AE421AD8194BD3F80080B8F8169031
:10D1C0000025ACB24C45E4D2D8F81000102200EB98
:10D1D000051039462EF06CF901350028F1D1A0195F
:10D1E0006FEA40406FEA504080B2CDE7D8F81000B7
:10D1F000102200EB041039462EF05AF901340028B1
:10D20000D6D145F40040BFE70646D4E70228C0D196
:10D21000B6E700BF982E00206C2E0020682E00205C
:10D2200070B505460C46FFF7A1FF4FF6FF73984215
:10D230002AD1022D04D12088BDE87040FFF7E0BD5F
:10D24000102D21D1114D2B68DA071DD4104BDE8A29
:10D250009A8AB24218D91A69214602EB061204F1E1
:10D26000100051F8044B42F8044B8142F9D1D88A9E
:10D27000421CDA822B685B0704D5064B1B68DB8AED
:10D28000184480B240F4004070BD00BF982E0020CA
:10D29000702E00206C2E0020020408B51DD5124B04
:10D2A0001B685B07C0F30E0013D5104B1A68D38AB6
:10D2B00098420CD2136903EB001000F1100350F8F0
:10D2C000042B41F8042B9842F9D1102008BDC01A54
:10D2D00080B2074B1B681B69EDE7FFF7E7FD08709D
:10D2E000000A48700220F1E7982E00206C2E0020E2
:10D2F000682E0020F8B50D4B1B68DA881D680446BF
:10D3000005EB021542F6030726461034A5420AD063
:10D3100021B9204626F048FEB84204D0204626F027
:10D320004DFE0028F0D03046F8BD00BF682E00202A
:10D330002DE9F0411E4E0C461146FFF7DBFFF38846
:10D34000326800F1100502EB03129542074604D142
:10D350002046BDE8F041FFF7C3BD521BC2F30F12D8
:10D360004FEA04181201294605EB04102EF0BEF80E
:10D370004246002128462EF0D3F80E49B6F806C0E2
:10D380000A88384600230B27A4B202EB030E0133B0
:10D390009BB2A342A0F810E0477600F11000F4D34E
:10D3A000224464440A80F4802846BDE8F08100BF2E
:10D3B000702E0020963100200B4B1B6870B51D6845
:10D3C000044642F60306A54204D2204621B126F0C7
:10D3D000F5FD38B1204670BD26F0E6FDB04201D122
:10D3E0001034F7E7103CEEE7682E0020437ADA07A6
:10D3F00002D5C3F380007047034BC2881B881A42D2
:10D4000014BF012000207047943100200A4B1B6894
:10D41000DB0708D570B1094B1B68DB88834234BF3A
:10D4200000200120704728B1054B1B88834294BF20
:10D4300000200120704700BF982E0020682E002099
:10D440009631002070B50246FFF7E0FFE8B10F4BC0
:10D450001968CD88954209D302F18053013B0C68CD
:10D460001E0104EB0310A35B93420ED0002398B27D
:10D47000854201D8002008E00E681C0106EB03106D
:10D48000345B944203F10103F1D170BD682E00209A
:10D490002DE9F3410025184F0190A8460E463B6840
:10D4A000D988AAB291421DD91B68ACB203EB04140F
:10D4B000B4F90430002B1CDA2046FFF797FFC0B107
:10D4C000E1680B889E4214D132460198023124F063
:10D4D000B2F8E3681B8882B2934207D0114601A8D4
:10D4E00024F074F9404602B0BDE8F08143441FFACD
:10D4F00083F80135D3E700BF682E002010B5094C32
:10D500002368DB070CD4FFF7B9FD074B1B683BB161
:10D51000064A1360DB88064A013313800123236027
:10D52000002010BD982E00206C2E0020682E0020B8
:10D5300096310020064A1368D90706D413F002007A
:10D5400003D143F002031360704741F20C007047AF
:10D55000982E00202DE9F04F934B1B689F0795B044
:10D5600040F11F81914C42F6020026F0E4FCD4F811
:10D570000090B4F806B009EB0B13824601934946BC
:10D580000027019B8B423DD1DFF82492B9F804308B
:10D59000BB4216D03846FBF785FE824688B1064668
:10D5A0004FF0000BE2881FFA8BF39A427CD8D9F82F
:10D5B0000000FBF797FEC9F800A0A9F80470A9F8CD
:10D5C0000670DFF8F0810025012340224FF0FF3183
:10D5D00004A8A8F8003025762DF0A2FF2E46A94613
:10D5E000E3881FFA85FA53457DD8E680FFF79AFD58
:10D5F000B9F1000F02D004A8FCF790FA002015B092
:10D60000BDE8F08F4B7ADE061FD49D0704D508468F
:10D6100026F081FC384487B24B88534515D18E895A
:10D62000C8460023012598B2834510D8AE4238BFC2
:10D630002E4600F10108B6B21FFA88F809EB08136C
:10D640003546C3451DD88E81CD81103199E7B8F894
:10D6500000209642EAD098F80900C0060DD4AA42EC
:10D66000039208D94046029326F0A8FC039A029B35
:10D67000002818BF15460135ADB2013308F1100876
:10D68000D1E71846029326F099FC0028DBD1029BD3
:10D690005A7AD20658BF013508F1010858BFADB219
:10D6A0001FFA88F81033CCE723681FFA8BF503EBD9
:10D6B00005156B7A03F01203022B09D1284626F0D8
:10D6C0002AFC804620B12B7A2BB1013B012B02D9D9
:10D6D0000BF1010B66E73046E96842462DF0F8FE93
:10D6E000EE604644F4E72768A9B24FEA011B07EB56
:10D6F00001114B7AD80651D41A0744BF23F008030E
:10D700004B724B7A48BF4FF00109980642BF43F075
:10D71000040323F020034B724B7A48BF4FF00109FA
:10D720005A0644BF23F044034B7237F80B30B8F865
:10D730000020029348BF4FF0010993421DD90846CB
:10D74000019226F03BFC019AB8B1029BA8F8003088
:10D75000564509D207EB061701F1100351F8042BC7
:10D7600047F8042B9942F9D1B8F80030013601335B
:10D77000B6B2A8F80030013532E70B7A032B0AD194
:10D780004B7B207E3E2B9EBF50336B4403F8400CF6
:10D79000431C2376487327F80B20D9E74FF0010983
:10D7A000E9E741F20C002AE7982E0020702E0020B5
:10D7B000902E0020963100202A4B1B689A072DE9F5
:10D7C000F0414CD5284C2568B4F80680002105EBC3
:10D7D00008180E46A8450BD119B1244AD388591A06
:10D7E000D180002E38D1FFF79DFC0020BDE8F081EC
:10D7F0006F7A3B0706D5731C28469EB226F08BFB3A
:10D80000084481B227F070076F721035E2E783B2E7
:10D8100002EB03135F7A3F070DD4A94209D202EB52
:10D82000011203F1100553F8047B42F8047BAB426C
:10D83000F9D1013189B20130E388226885B2AB4267
:10D84000E5D89B1B9BB202EB0312E38032F8103C3D
:10D85000074A01331380C6E700200146ECE741F296
:10D860000C00C3E7982E0020702E0020902E002080
:10D87000963100202DE9F04F87B083469DF850A0E7
:10D880000193BDF840300293BAF1020FBDF8443065
:10D89000BDF84890DDF84C8005911646039324D0DE
:10D8A000994503D9212007B0BDE8F08FB9F1000FE9
:10D8B00002D0B8F1000FF5D0022E1CD102200021B9
:10D8C0000646019B13F0300520D09DF85430DD074B
:10D8D0001BD4019B01309C0680B2C3F3001501D517
:10D8E00045F002050124032712E04FF00008C1466D
:10D8F000CDF80C80E0E7102ED4D105A8FFF71CFC72
:10D900000228DBD001210846DBE700252C46022750
:10D91000FFB23A46C0B2FFF705FB08B91A20C2E7CA
:10D920005846FFF78FFD83460028BBD026F046FB04
:10D930000028B7D0BAF1020F6CD0039B981D80B2BB
:10D94000FFF740FB03460028E8D03946012258463D
:10D950000493FFF7EDFC074642F6030026F0EBFACE
:10D960003A4A9DF804B07A60102E4FF00502788094
:10D970003A720CBF30460220059987F80CB0FFF7C9
:10D980004FFC029BBB824FF6FF72BAF1010F049B62
:10D99000F8817882FA823FD0BAF1020F0CBF0722D9
:10D9A0000122BAF1020F3A7638D10023FB61169BAF
:10D9B00013B1169A3B8A1380002C45D042F6021010
:10D9C00026F0B9FA029B7884D90454BF40F60303C9
:10D9D00040F60313BB84029B87F82C509A0448BF7F
:10D9E000BB8C1B4A44BF43F40073BB84029B5B04A3
:10D9F00042BFBB8C43F48063BB844FF6FF73FB8450
:10DA0000032387F82830137E87F82D30591C1176B0
:10DA1000002048E7002398E70222C2E7039AFB614F
:10DA200083F800B05A80B9F1000FC0D0B8F1000FF0
:10DA3000BDD0BAF1010F08BFA3F804904A46414691
:10DA4000981D2DF045FDB2E720462CE70108FFFFA9
:10DA5000702E002010B58EB041F60103ADF82430D1
:10DA600042F60523ADF8283042F62A33ADF82C30C3
:10DA700042F62933ADF830302B4BDB88002B50D1E8
:10DA8000FFF758FD00284AD10DAB022209A9012059
:10DA900026F0C5FA002842D14FF4006304210DF1AD
:10DAA0003604CDE90031CDE90504CDE9030002904B
:10DAB0002023BDF8340002220AA9FFF7DBFE70BB69
:10DAC00040F601031022CDE900320223CDE905041E
:10DAD000CDE9030002901A46BDF834000BA9FFF708
:10DAE000C9FEE0B90DF1230303930123CDE901330E
:10DAF00040F60303CDE905048DF82300049000935C
:10DB0000BDF834000A2302220CA9FFF7B3FE30B996
:10DB1000BDF8340026F0D3FA08B9FFF71BFD0EB0AC
:10DB200010BD0220FBE700BF702E00202DE9F0475A
:10DB3000DFF8F8A0DFF8F880DFF8F890202206463A
:10DB40000D46504600212DF0EBFC354A0023C2E97A
:10DB50000033C8F800300123A9F80030002E51D05E
:10DB6000304F3B68DB074DD52F4E3368D8881430D3
:10DB700080B2FFF7A5FA044618B91A252846BDE871
:10DB8000F08736680068F288316812012DF0A0FC39
:10DB9000F388E380337E2376738B6383B38BA38315
:10DBA0003B68BAF8062023F001033B60DAF8003046
:10DBB00003EB02129A421FD1FFF744FA3B6843F08D
:10DBC00004033B60E3880133A9F80030164B1A6860
:10DBD000C8F80020134A1C60136823F00103136087
:10DBE000002DCBD0E388CBB9FFF734FF05460028E2
:10DBF000C4D0FFF783FCC1E7597A41F001015972A3
:10DC00001033D7E71420FFF75BFA04460028B4D09E
:10DC1000044A136823F004031360D7E70025ADE737
:10DC2000902E0020982E0020682E0020702E0020BC
:10DC30006C2E00209631002008B5002142F20E0023
:10DC400024F041FDBDE808400148F6F7B1BD00BF32
:10DC5000D3FB030038B590F86E30032B044615460D
:10DC600006D1FFF7E9FF012384F86E30002019E0A8
:10DC7000D1B9012B2ED9032140F2064024F023FD17
:10DC8000B4F86A30A0F8033045711348F6F790FDF8
:10DC900024F05DFD8378002BE5D024F058FD8078DA
:10DCA00040F4805080B238BDA3B102214FF6044049
:10DCB00024F009FDB4F86A30A0F803300748F6F7FD
:10DCC00077FD24F044FD4379002BCCD024F03FFDB8
:10DCD0004079E5E70220E6E7DFFA030019FB0300DD
:10DCE000F8B507460E4642F213000E2115461C46B3
:10DCF00024F0E9FCB7F86A30A0F80330BDF818301A
:10DD0000A0F80B30BDF81C30A0F80D30BDF8203065
:10DD1000A0F80F30A0F80560A0F80750A0F809405F
:10DD20000648F6F745FD24F012FD807820B124F076
:10DD30000EFD807840F48050F8BD00BF5BFB03000F
:10DD400070B506460D4642F27A000421144624F0CE
:10DD5000BAFCA0F80360457184710648F6F728FD07
:10DD600024F0F5FC407920B124F0F1FC407940F436
:10DD7000805070BDA548010010B50221044642F252
:10DD8000300024F0A0FCB4F86A30A0F803300F484B
:10DD9000F6F70EFD24F0DBFC437963B924F0D7FCE1
:10DDA000C088FDF7ADF9044628B124F0D0FC017A13
:10DDB0002046FDF7C5FA24F0CAFC407920B124F0D2
:10DDC000C6FC407940F4805010BD00BFA14B01005B
:10DDD000F8B507460E4642F24100082115461C469A
:10DDE00024F071FC9DF81830C3709DF81C3003714D
:10DDF00047718671A0F80750A0F809400648F6F769
:10DE0000D7FC24F0A4FC407920B124F0A0FC407998
:10DE100040F48050F8BD00BF1148010038B50546F8
:10DE20000C4642F24200062124F04DFC00234371CF
:10DE30008371C3710372C57004710648F6F7B8FCAC
:10DE400024F085FC407920B124F081FC407940F435
:10DE5000805038BD694801002DE9F04106460F4663
:10DE600042F23600192115461C46DDF8248024F0C4
:10DE70002AFC2B0AC371230A83729DF8183003739E
:10DE80009DF81C308571447243732D0C9DF8203031
:10DE9000C670240C87800572C4728373D8F8003072
:10DEA000C0F80F30B8F80430A0F813309DF82830CF
:10DEB00043759DF92C3083759DF83030C375002370
:10DEC00003769DF8343043769DF83830C3768676F5
:10DED0000648F6F76DFC24F03AFC407920B124F0B6
:10DEE00036FC407940F48050BDE8F081594901008A
:10DEF00038B505460C464FF61940052124F0E3FBE2
:10DF0000C57044600648F6F753FC24F020FC4079C5
:10DF100020B124F01CFC407940F4805038BD00BF93
:10DF200087F8030038B505460C464FF61A40052120
:10DF300024F0C9FBC57044600648F6F739FC24F0AC
:10DF400006FC407920B124F002FC407940F4805076
:10DF500038BD00BFB9F8030070B50D460646012173
:10DF6000DAB1FFF7C5FF0446A8B9072142F2350030
:10DF700024F0A9FBC6702B684360AB880381084876
:10DF8000F6F716FC24F0E3FB437923B124F0DFFB22
:10DF9000447944F48054204670BDFFF7C3FFE2E7A4
:10DFA0005DFA030010B50A460446042142F2370028
:10DFB00024F09EFB03230371002343718371C4701B
:10DFC0000648F6F7F5FB24F0C2FB407920B124F0B7
:10DFD000BEFB407940F4805010BD00BF4BF90300F8
:10DFE00010B50A460446042142F2380024F080FBB2
:10DFF00003230371002343718371C4700648F6F74D
:10E00000D7FB24F0A4FB407920B124F0A0FB407999
:10E0100040F4805010BD00BF99F90300F8B50646E2
:10E020000F4642F23900062114461D4624F04BFBF0
:10E0300001238471240A0371C7704671C47105728B
:10E040000648F6F7B5FB24F082FB407920B124F0B6
:10E050007EFB407940F48050F8BD00BFE7F9030033
:10E060000148FBF7ABBD00BF6DE001002DE9F04FAB
:10E07000867987B00C3605900546805BC0F30B00AF
:10E08000FDF73EF8044618B905A823F017F94EE04D
:10E0900090F86E30022BF7D1AB5B059AC3F30B01FE
:10E0A00003F44053B3F5805F9060A95342D1537994
:10E0B0006FF300035371836B002BE5D0042105A897
:10E0C00004F1380623F05BFB0599304623F0A9FAEA
:10E0D000A06B00230146DAB20133A1BB012A01D9AA
:10E0E00023F0A5FBA06B23F091FA03281FD9D4F8E5
:10E0F000389099F80670484623F088FA0C3709EBF7
:10E10000070539F80770A0F10408474521D94A4F9F
:10E11000D4F838A007F1100957F804BB534642461B
:10E1200029462046D8474F450FD00028F4D007B0E5
:10E13000BDE8F08F383023F0C1F8059A537943F0E9
:10E1400001035371BAE70968C5E70028EFD13046EB
:10E150009BE7A06B23F05AFA04378742F7D369880C
:10E16000A1F140033F2B0BD80421304623F007FBDD
:10E17000A26B6988204626F023F80023A363D6E724
:10E1800005290BD0062951D00429E0D1304623F0CF
:10E19000F6FAA16BE06CFDF705F9EEE7294620469B
:10E1A00026F00CF802460028D1D12B79122B06D08C
:10E1B000132B36D06979204625F0D8FFC7E794F8AD
:10E1C0006F30022BF6D029898B1F9BB240F67A4024
:10E1D000834224D86A89931F9BB283421FD89142FD
:10E1E0001DD8AB89B3F5FA7F19D2EF89A7F10A00E0
:10E1F00080B240F6764C604511D8B4F866000290C3
:10E20000B4F86400CDE900702046FFF769FD021EF6
:10E2100018BF01226979204625F064FF97E70122A3
:10E22000F8E794F86F30012B91D1C3E7A16B20463A
:10E2300024F09CFAA1E700BF680D0500184622F003
:10E24000004240F20A439A422DE9F04122D8B2F549
:10E25000806F02D80020BDE8F0816FF48064224412
:10E26000092AF7D801A353F822F000BFB1E2010058
:10E27000BDE20100DBE2010027E30100FDE2010055
:10E2800043E3010067E301006FE3010055E2010091
:10E2900089E301006FF4A0631A44042ADAD8042A3F
:10E2A000D8D8DFE812F07A008D009500BA00CE00D1
:10E2B00005784488654824F0D1FC3CE00578446842
:10E2C000826900F108030021614824F0D8FC00288D
:10E2D000C0D00571C0F80540BCE7067845880479D0
:10E2E000826900F1080300215A4824F0C8FC002884
:10E2F000B0D00671A0F80550C471ABE70479077877
:10E300004688C5881B2C00F108020CBF042100219F
:10E31000514824F0D9FC00289CD00771A0F8056072
:10E32000C471058196E7057844884269031D002180
:10E330004A4824F0A4FC00288CD00571A0F80540C0
:10E3400088E706784588848800F10802002144485F
:10E3500024F0BAFC00283FF47DAF0671A0F8055008
:10E36000A0F8074076E7057844883E48A3E704789C
:10E370003C4824F073FC00283FF46CAF0723437142
:10E3800000230471837165E70478374824F066FC44
:10E3900000283FF45FAF04715CE707784688057991
:10E3A000C48800F108020021304824F08DFC0028C8
:10E3B0003FF450AF0771A0F80560C571048149E7CB
:10E3C000077846880579C488294824F047FCEEE799
:10E3D00087680479067845887FB1C78800F108020C
:10E3E0000021244824F070FC00283FF433AF06716C
:10E3F000A0F80550C47107812CE71E483B463A46F9
:10E40000394624F03CFC00283FF424AF0671A0F804
:10E410000550C471077247721CE790F80080478866
:10E420000679C5880489144824F018FC00283FF4B4
:10E4300011AF80F80480A0F80570C6710581448191
:10E4400008E7057844880D4835E700BF880D0500CA
:10E45000A80D0500780D05007C0D0500800D050058
:10E46000840D05008C0D05009C0D0500900D050028
:10E47000A00D0500A40D0500940D0500980D0500E4
:10E48000004870473DE2010008B5024800F08CF8F2
:10E49000002008BD99E4010037B520F0004018289D
:10E4A0000ED18B79084801910C33CA18CD5A947853
:10E4B00024F0D4FB08B18580847101A822F0FEFE0F
:10E4C000012003B030BD00BFAC0D050030B587B0F2
:10E4D000054600208DF80F1008F0DEFA032806D15B
:10E4E000002022F01EFF044640B91A201DE0002043
:10E4F00008F0D2FA0428F3D0022016E002220DF12F
:10E500001601ADF8165022F0BCFE01220DF10F01EC
:10E51000204622F0B6FE00220023CDE90023044865
:10E520002246182125F086FF002007B030BD00BF2D
:10E53000B5E50100F8B506460A480D4617461C46E3
:10E5400024F08CFB68B19DF818300373BDF81C30C3
:10E55000A0F80D309DF820308780C6800581448169
:10E56000C373F8BDB00D0500024B5860184624F087
:10E57000AFBA00BF2C110020014BD86822F056BF63
:10E580002C110020014B1860704700BFAC2E0020FA
:10E59000014B1860704700BFB42E0020014B18607B
:10E5A000704700BFA42E0020014B1860704700BFC9
:10E5B000A02E0020322838B504464AD8431E2C4DE0
:10E5C000312B27D8DFE803F01919263023282B2E0A
:10E5D0002E30303032464646262626263030304809
:10E5E00030303026262619191919193030303030BC
:10E5F000301919191919191919191E4B1B684BB122
:10E600002A5D042A8CBF00220122204618E0084619
:10E6100025F0A2FE00231BE025F09FFEFAE725F07F
:10E620009DFEF7E7144BE9E7144BE7E7144B1B6833
:10E63000002BEFD06A7B042A8CBF002201220D2020
:10E6400098470028E6D12B5D0133DBB2042BE1D8DB
:10E650002B5538BD0B4BD1E70B4B1B68002BD9D08A
:10E660002A7E042A8CBF002201221820E8E700BF7E
:10E67000D03A0020AC2E0020B42E0020B02E002076
:10E680009C2E0020A42E0020A02E0020014B1860FC
:10E69000704700BFA82E0020014B1860704700BFD4
:10E6A000B82E002003780D2B03D90E3B052B04D97F
:10E6B0007047034B1B6813B11847024BFAE77047CA
:10E6C000A82E0020B82E002008B50248FFF766FFEC
:10E6D000002008BD35E7010007B588B10378012B9C
:10E6E00011D0022B19D05BB98288C3880021002089
:10E6F000CDE9000143EA02420E210D4825F09AFEC1
:10E7000003B05DF804FB8288038900210020CDE975
:10E71000000143EA02420F21EFE7828803890021CA
:10E720000020CDE9000143EA02421021E5E700BFE5
:10E73000B5E501000F2873B506460D4614460CD00A
:10E7400010280CD00E2806D10D4824F087FA40B1CD
:10E750002B0C8380C58001240FE00A48F5E70A48A6
:10E76000F3E754B1042025F096FE2A46CDE90001D6
:10E770000648314625F05EFE0024204602B070BDFA
:10E78000C80D0500CC0D0500D00D0500B5E5010054
:10E7900010B5044806F0FAF804460348FCF702FBFB
:10E7A000848010BDD9E601002802230008B506F0D8
:10E7B00033F90348FCF7F6FA00230371437108BDEF
:10E7C0002802230130B585B00023054601A8CDE914
:10E7D0000133039306F03CF90446B8B92B78052BB6
:10E7E00040D8DFE803F02103192A333BD5F8013084
:10E7F0001D4AA3F57A71914234D863336422B3FB86
:10E80000F2F3019301A806F037F904461748FCF724
:10E81000C9FA848005B030BDD5F80130DBB2092BD0
:10E8200020D98DF80C30EDE7D5F80130DBB29A1E17
:10E830007E2A17D88DF80D30E4E7D5F80130013382
:10E84000DBB20B2B0ED88DF80E30DBE7D5F801309C
:10E85000DBB2642B06D88DF80F30D3E7D5F8013042
:10E860000293CFE72124D1E7B46B99142802230641
:10E8700010B5008806F024F904460248FCF792FA25
:10E88000848010BD2802230310B5008806F038F9F3
:10E8900004460248FCF786FA848010BD280223054E
:10E8A00008B50448FFF76EFE0348FFF7EFFE0020AF
:10E8B00008BD00BF69E901000542040038B50546FE
:10E8C00003480C4624F0CAF908B18580C48038BDDD
:10E8D000080E0500112A70B506460D4614460BD8E1
:10E8E0001AB1541E012202FA04F4044824F0B6F9C5
:10E8F00010B18680C580846070BD00BF040E050025
:10E9000070B5064604480D46144624F0A7F910B128
:10E910008680C580047270BD000E050038B50546BE
:10E920000C460448002124F0AAF908B18580C4806F
:10E9300038BD00BFF40D050038B5054603480C4648
:10E9400024F08CF908B18580C48038BDF00D050035
:10E95000024A0349034802F01FBE00BFBDE80100A0
:10E96000D5E8010001E901002DE9F04F89B0431E0F
:10E9700002AF80460C461546322B47D8DFE813F02D
:10E980004D00330046004600460046004600460063
:10E990004600460046004600460046004600460047
:10E9A0004600460046004600460046004600460037
:10E9B0004600460046004600460046006F007500CF
:10E9C0008500870095004600460046004600460048
:10E9D0004600B800DD000E011801330033001A01B3
:10E9E0008401860155010228C1F30B09C1F30B36DE
:10E9F000C1F3016A0CD1A64824F030F900284ED0AA
:10EA000080F804A0A0F80590A0F80760012547E071
:10EA10002E280CBF9F48A048EEE7002008F03CF8E5
:10EA20008146002025F0DBFD834625F098FE8246D6
:10EA30009A4824F013F9064660B1A9F10403D3F112
:10EA4000000949EB030980F80490A0F805B0C0F86C
:10EA500007A00126FFF77CFF002ED7D11FE09048CA
:10EA600024F0FCF8D8B18480D0E725F078FE064683
:10EA7000002025F0B4FD81468A4824F0EFF870B1FB
:10EA8000A0F80490C0F80660C0E78748E8E70020D7
:10EA900025F09EFC854824F0E1F80028B6D185B920
:10EAA00028461C37BD46BDE8F08F8B798048396118
:10EAB0000C33CA1851F80390566824F0CFF860B9A7
:10EAC000A5B1042025F0E7FC2246CDE900017948F4
:10EAD000414625F0AFFC0025E2E78660C0F80490CF
:10EAE000012607F1100022F0E9FBB5E72E46F8E712
:10EAF0000023052207F11000F96022F0D5FB3B7CD2
:10EB00006D4897F811B097F812A097F813903E7DD2
:10EB10007B6024F0A3F860B17B680672037180F813
:10EB200005B080F806A080F80790012607F10C00D8
:10EB3000D9E7002DC5D12E46F8E7E94608468AB048
:10EB4000396122F063FD23280DF1080B21D83969C2
:10EB50007960084622F05AFD79680246002358463B
:10EB600022F0A2FB9DF80A2054489DF808A09DF8C9
:10EB700009600DF10B03002124F081F848B14671C2
:10EB800080F804A0012607F1100022F097FBCD4683
:10EB900062E70DB1CD4694E72E46F4E7484824F0ED
:10EBA0005DF800283FF47BAF230A037144712DE721
:10EBB000444870E7C1F3074A4FF0000907F110021B
:10EBC00007F10C015046C7E9039925F0FFFE3E69A5
:10EBD000A3B2B3420AD33C4824F040F800283FF4E3
:10EBE0005EAF80F8049080F805900FE7F61AFA6897
:10EBF0003648642E28BF642613444946324624F022
:10EC00003EF800283FF44BAF16FA84F680F804A0D3
:10EC1000002104F47F02B6B20020CDE900013243A6
:10EC20003021244825F006FCF0E6C1F3074A4FF0F6
:10EC3000000907F1100207F10C015046C7E90399DA
:10EC400025F0C6FE3E69A3B2B34201D32048C3E714
:10EC5000F61AFA681F48642E28BF642613444946F2
:10EC6000324624F00CF800283FF419AF16FA84F667
:10EC700080F804A0002104F47F02B6B20020CDE9A0
:10EC8000000132433321CCE71348E9E6134802E799
:10EC9000180E05001C0E0500200E05000C0E0500C8
:10ECA000400E0500380E05003C0E0500440E050020
:10ECB000140E0500B5E50100480E0500FC0D050029
:10ECC000100E05004C0E0500280E0500240E050050
:10ECD000300E05002C0E0500E80D0500F80D0500AE
:10ECE000012907B50AD100210020CDE900011F212B
:10ECF000084825F09FFB03B05DF804FB0329FAD117
:10ED000000200021CDE900010AB92021F0E72121EE
:10ED1000EEE700BFB5E50100B0B5102B84B00D469D
:10ED200002AF11461A4601D0202B25D102F10A0468
:10ED300024F00704ADEB040DD31C8DF808000DF191
:10ED40000B007B608DF80A2002AC8DF809502CF086
:10ED5000BFFB00217B682246084622F09CFC002174
:10ED600002460020CDE9000104482B2125F062FB7A
:10ED700000200837BD46B0BD2120FAE7B5E5010007
:10ED800007B500230022CDE9002341EA00222C210F
:10ED9000034825F04FFB002003B05DF804FB00BFE3
:10EDA000B5E5010007B500230022CDE900232D21A0
:10EDB000034825F03FFB002003B05DF804FB00BFD3
:10EDC000B5E501001FB58DF809108DF80B30002155
:10EDD0009DF818308DF808008DF80A208DF80C3059
:10EDE00002AA0523084622F056FC40B10022002367
:10EDF000CDE900232A210246024825F01BFB05B07D
:10EE00005DF804FBB5E501001FB590F828300293CA
:10EE1000C38C0193D0F822300093038C014600F19B
:10EE20001002002025F072FE04460348FBF7BAFFEB
:10EE3000848004B010BD00BF2802140438B5054614
:10EE400003480C4623F00AFF08B14560047238BD40
:10EE5000EC0D05001FB5124A13689842CDE9021067
:10EE6000104B02D81C688C4218D210600220196026
:10EE700022F057FA044688B1042203A922F001FACD
:10EE8000042202A9204622F0FCF900220023CDE949
:10EE9000002305482246232125F0CCFA04B010BDFA
:10EEA000C02E0020BC2E0020B5E5010013B5124C89
:10EEB000C2F30B0204EA033313430A0602F0407262
:10EEC0001A4348B900210020CDE9000102210B4876
:10EED00025F0B0FA02B010BD022805D100210020B3
:10EEE000CDE900012E21F2E70128F3D10021002015
:10EEF000CDE900012F21EAE700F0FF00B5E50100B0
:10EF0000F8B5074607480E4615461C4623F0A6FEF0
:10EF100030B10771A0F80560A0F80750A0F80940CB
:10EF2000F8BD00BF340E050007B500230022CDE96F
:10EF300000232221024825F07DFA03B05DF804FB8E
:10EF4000B5E5010007B500230022CDE900233221F9
:10EF5000024825F06FFA03B05DF804FBB5E5010047
:10EF60002DE9F04100208CB025F093FB02AE044661
:10EF70002822002130462CF0D3FA374600251FFA0C
:10EF800084F8454502D3A1B2002007E00DF1060246
:10EF90002946002025F08AFB68B10021002984B2AF
:10EFA00014BF3246002249000648FBF751FF848017
:10EFB0000CB0BDE8F081BDF8063027F8023B013502
:10EFC000DFE700BF2803141C10B525F02CFD044614
:10EFD0000248FBF7E7FE848010BD00BF280214152D
:10EFE000024B188808B925F0FCBC70479831002006
:10EFF00030B58FB00DF13705CDE90A2104460993EC
:10F00000FFF7EEFF07950DF136050695124D0B99AA
:10F010002D7805950025CDE90305BDF85000029037
:10F020009DF84C000190BDF848000090DDE90932E0
:10F03000204601F027FD044658B9084801F036FE85
:10F0400000220023CDE9002305482246012125F0B6
:10F05000F1F920460FB030BD033B0020A5E60100CA
:10F06000B5E501001FB50023CDE9013300931A4631
:10F0700001211846FFF7BCFF04460348FBF792FE48
:10F08000848004B010BD00BF2802140008B5002120
:10F09000054809F077FC04F041FC00F0FFFF03484D
:10F0A000FFF776FA002008BDD5420400B1F0010058
:10F0B00020F00043082B73B506460D46144605D0D4
:10F0C000092B09D00124204602B070BD0E4823F060
:10F0D000C5FD58B14560F5E70C4823F0BFFD28B1E8
:10F0E00003230372042345604372EBE7002CEAD04C
:10F0F000042025F0D0F92A46CDE900010448314624
:10F1000025F098F90024DEE7640E0500680E05007E
:10F11000B5E5010010B5142025F088F9044650B17A
:10F12000142200212CF0FCF9044A1368A360013377
:10F1300008BF01231360204610BD00BF401100200E
:10F1400073B51E4D064628680446B4B99AB191B10C
:10F15000FFF7E0FF044670B12B68C660436003B15F
:10F1600018602C6000220023CDE900231448A26817
:10F17000082125F05FF902B070BDE368B34201D009
:10F180006468E2E70029EDD122680AB16368536040
:10F19000636803B11A60A04208BF2B6000220023FD
:10F1A000CDE900230921A268054825F043F920464E
:10F1B00002B0BDE8704025F03BB900BFC42E00206E
:10F1C000B5E5010008B50248FFF766FA002008BD62
:10F1D000D5F1010070B503780F3B042B11D8DFE89F
:10F1E00003F00310111F2B00184B1B784BB18668DE
:10F1F0008588C488164823F031FD10B18680C5800B
:10F20000048170BD114B1B78002BFAD0858884795E
:10F21000104823F023FD0028F3D085808471F0E7A7
:10F220000A4B1B78002BECD084880B4823F016FD8A
:10F230000028E6D08480E4E7044B1B78002BE0D064
:10F24000BDE87040054823F009BD00BF043B002025
:10F25000A00E0500980E0500940E05009C0E0500FA
:10F2600010B50378072B0FD841781F290CD8184602
:10F2700002F066FA002840F2034408BF0024034865
:10F28000FBF790FD848010BD2124F8E728022201BD
:10F2900010B50378012B12D8417807290FD882784E
:10F2A0001F2A0CD8184625F0AFFB002840F2034473
:10F2B00008BF00240348FBF775FD848010BD21249E
:10F2C000F8E700BF2802220313B504460088E2884D
:10F2D000A18801ABC0B225F000F850B16188019857
:10F2E00025F0B5F904460448FBF75CFD848002B0C4
:10F2F00010BD40F20254F6E72802220A13B5044674
:10F300000088A288618801ABC0B224F0E6FF58B142
:10F31000E1880198002225F020FA04460448FBF712
:10F3200041FD848002B010BD40F20254F6E700BFF8
:10F330002802220C10B5427A037A88B043EA0223ED
:10F34000ADF80830C278837843EA0223ADF81A306A
:10F35000837A8DF81C30C37A8DF81D30037B8DF8CD
:10F360001E30437B0446003B18BF012310220021BE
:10F370000DF10A008DF81F302CF0D2F82088E288B9
:10F38000A18801ABC0B224F0A8FF50B1019802A936
:10F3900025F0C6F904460448FBF704FD848008B054
:10F3A00010BD40F20254F6E7280222112DE9F04781
:10F3B000044688B01822002102A82CF0B1F8208859
:10F3C000A288618801ABC0B224F087FF10B3019816
:10F3D00002A925F095F904461048BDF81AA0BDF819
:10F3E00008909DF81C809DF81D709DF81E609DF88A
:10F3F0001F50FBF7D7FCC5F300058480A0F806A0DA
:10F40000A0F8089080F80A80C7720673457308B0A8
:10F41000BDE8F08740F20254DEE700BF280A22135D
:10F4200010B5037853B9411CB0F8110025F053F919
:10F4300004460848FBF7B6FC848010BD012B07D1B9
:10F44000B0F81110421CB0F8130025F04EF9EFE7A8
:10F450002124EEE72802221A70B59CB20646154612
:10F4600034B1044823F0FAFB10B18680C4800572E1
:10F4700070BD00BFBC0E05002DE9F04F1F46B7B0B0
:10F48000002306463846CDE904120B9325F092F886
:10F490000228DDF804919DF808A158D0304625F0E7
:10F4A000CCF80290484622F0B1F81FFA80F8B8F183
:10F4B000020F054651D90023032249460AA821F02C
:10F4C000F3FE9DF82830DFF898B003F03F03039374
:10F4D000CAF380030193ABB203240893304625F0AE
:10F4E000B0F80690304625F0AAF8089B07901D1B3F
:10F4F000A82DA8BFA825AAB2234649460CA8099260
:10F500002C4421F0D1FE099A0B9D0CAB00215846EA
:10F51000A4B223F0B4FBB8B1029BC380079B038164
:10F52000069B4381059B8381049BA0F80F30019BC0
:10F530004374A8EB0402039BC37453425341878076
:10F54000857380F812A00375A045C7D805E04098E0
:10F550000BA925F037FA0028A0D037B0BDE8F08F0E
:10F56000B80E05002DE9F74F9DF830709DF8344036
:10F57000424D98463F2F4FF00003DDE90EB98A4611
:10F580000193ADF802308DF8013068D825F045F8C8
:10F59000064600286DD028F0E4FB00286CD02868CF
:10F5A000002851D14B465A46032122F074F82860B6
:10F5B000002852D0032121F047FF2B689A79134489
:10F5C00067F03F071F73A3F80DA02868002122F001
:10F5D0002EF9002C34D0109B5BB1294A1099138866
:10F5E0000B80ADF8023001336FEA43436FEA5343B7
:10F5F0001380022228680DEB020122F01CF8022879
:10F6000028D1B8F1000F05D09DF8013043F0100368
:10F610008DF80130012228680DEB020122F00BF871
:10F62000012817D1304625F00EF8019010B101A83D
:10F6300021F044FE29683046002425F006F82C60AD
:10F64000204603B0BDE8F08F4A46594621F0F3FF4B
:10F650004845BAD0094821F031FE1924F0E72124A9
:10F660002B68002BECD0054821F028FE00232B60EE
:10F67000E6E740F20254F3E70224F1E7C82E002047
:10F680000013002010B586B000230493027A039281
:10F6900000F109020292C279019282790092828875
:10F6A00041880088FFF75EFF04460348FBF77AFBBA
:10F6B000848006B010BD00BF2802190110B58288F1
:10F6C0004188008824F0A9FF044658B128F049FB7E
:10F6D00058B1204625F034F804460548FBF762FB94
:10F6E000848010BD40F20254F7E70224F5E700BF22
:10F6F0002802190373B5054628F0A6FA044608B196
:10F70000122829D1EA79402A30D805F108036FF090
:10F7100007001C46401BC1188A4223D8AA88698862
:10F72000288824F07AFF064610B328F01AFB10BB95
:10F73000AB79124AE979002B114B08BF0023CDE9C0
:10F740000032304622460F4B28F081FA044618B9A1
:10F750000146304624F079FF0B48FBF723FB8480F9
:10F7600002B070BD13F8011B3F29D4D92124F3E75F
:10F7700040F20254F0E70224EEE700BF59F4010022
:10F78000FB42040079F401002802190408B504487A
:10F79000FBF784FA18B9BDE8084023F0CEB908BDDC
:10F7A000EC0E050008B50448FBF778FA18B9BDE877
:10F7B000084023F0C2B908BDDC0E050010B50446B0
:10F7C0000548FBF76BFA30B9044B1B689C80BDE819
:10F7D000104023F0B2B910BDE40E0500202E002029
:10F7E00010B504460548FBF759FA30B9044B1B68BD
:10F7F0009C80BDE8104023F0A0B910BDF40E0500B8
:10F80000202E002038B5054607480C46FBF746FA7F
:10F8100040B9064B1B681D71C3F80540BDE8384070
:10F8200023F08BB938BD00BFD40E0500202E002078
:10F8300008B50448FBF732FA18B9BDE8084023F0D0
:10F840007CB908BD040F05002DE9F04385B06C4676
:10F8500084E80F001948BDF84090DDF84480BDF8F9
:10F8600048709DF84C60FBF719FA18BB144B1B68E5
:10F870000DF1100C1D1D224603CA62452860696007
:10F88000144605F10805F6D10CAA03F1140110A8DD
:10F8900052F8044B41F8044B8242F9D1A3F824906A
:10F8A000C3F826805F8583F82C6005B0BDE8F0437F
:10F8B00023F043B905B0BDE8F08300BF140F050085
:10F8C000202E002008B50448FBF7E8F918B9BDE878
:10F8D000084023F032B908BD0C0F0500F8B5074603
:10F8E0000E480E461546FBF7D9F9044688B9FBF7D2
:10F8F0002BFA0B4B044619680EB18B79336035B186
:10F900008A79BA4207D8073128462BF0E1FDFBF788
:10F9100033FA2046F8BD1D24F9E700BFFC0E0500B0
:10F92000242E002038B5054606480C46FBF7B6F9EC
:10F9300038B9054B1B681D715C71BDE8384023F078
:10F94000FCB838BD440F0500202E002070B50646D7
:10F9500007480D461446FBF7A1F940B9054B1B6853
:10F960001E715D719C71BDE8704023F0E6B870BDFA
:10F970004C0F0500202E00202DE9F04180460A485A
:10F980000F4616461D46FBF789F950B9074B1C6810
:10F99000A4F80480E78026816581BDE8F04123F06A
:10F9A000CCB8BDE8F08100BF2C0F0500202E002050
:10F9B0002DE9F04180460A480F4616461D46FBF7E2
:10F9C0006DF950B9074B1C68A4F80480E7802681C4
:10F9D0006581BDE8F04123F0B0B8BDE8F08100BF1B
:10F9E000240F0500202E00202DE9F74F80461646F3
:10F9F0001D46BDF830209DF8343013489DF838B0CE
:10FA00009DF83CA09DF8409001920F460093FBF7B3
:10FA100045F9A8B90D49019A0C68009BA4F8048027
:10FA2000E78026816581A281A37384F80FB084F8F2
:10FA300010A084F8119003B0BDE8F04F23F07DB81A
:10FA400003B0BDE8F08F00BF3C0F0500202E002062
:10FA50002DE9F84F83461B48DDF828A0DDE90D7637
:10FA6000894690461D46FBF719F9044638BB164BEC
:10FA70001B68A3F804B0A3F80690A3F80880FBF76E
:10FA800063F9124B04461A680DB1D3882B80BAF182
:10FA9000000F02D01389AAF800300B9B13B10B9909
:10FAA000937A0B700C9B13B10C99D37A0B700FB136
:10FAB000137B3B700EB1537B3370FBF75DF920462F
:10FAC000BDE8F88F340F0500202E0020242E0020E2
:10FAD00084B0F8B5054607AC1048BDF82C70BDF8E9
:10FAE000306084E80E00FBF7D9F898B90C4B1B681E
:10FAF0000BA91D715A1D54F8040B42F8040B8C42DB
:10FB0000F9D1A3F81570A3F81760BDE8F84004B068
:10FB100023F013B8BDE8F84004B070471C0F05008F
:10FB2000202E00202DE9F84380460F4616461D463C
:10FB30000B489DF82090DDE909230121FBF7BEF871
:10FB400060B9084B1C68A4F80480E7802681A57280
:10FB500084F80B90BDE8F84322F0EFBFBDE8F883CE
:10FB6000640F0500202E002070B5064607480D469C
:10FB70001446FBF793F840B9054B1B689E80DD8067
:10FB80001C81BDE8704022F0D8BF70BD5C0F05003D
:10FB9000202E00202DE9F04180460F4616461D46D6
:10FBA0000948DDE906230121FBF788F850B9074B26
:10FBB0001C68A4F80480E7802681A572BDE8F041A6
:10FBC00022F0BBBFBDE8F081540F0500202E0020BD
:10FBD00070B5074B074E0D463160014618782AF084
:10FBE00033FA044610B100233360A847204670BDA5
:10FBF000053B0020CC2E002070B514460246094873
:10FC00001D46007800232AF045FA48B944B103465E
:10FC10000548224629460078BDE870402AF03ABAE5
:10FC200070BD00BF063B0020073B002008B5064B17
:10FC300018781AF061F928B9044B1878BDE8084023
:10FC40001AF05AB908BD00BF063B0020073B002050
:10FC500010B5114B1B7886B0B3B102AC062120461B
:10FC600024F025FC70B99DF80D300C4803F03F03DB
:10FC70008DF80D3004AB009394E80C00007803215C
:10FC80001AF0FAF806B010BD044B187806B0BDE8BB
:10FC900010401AF01FB900BF43130020053B00209D
:10FCA0002DE9F04F2DED028B89B008EE100A03927A
:10FCB0002D4A0F4607CA99462C4B05AE93F800A073
:10FCC00086E80700BAF1040F0CBF4FF0040B4FF0A9
:10FCD000010BB046002558F8040B1AF06BF80446E7
:10FCE00068B12DB9204609B0BDEC028BBDE8F08F9C
:10FCF000013D56F8252010781AF010F9F1E701358A
:10FD0000032DE8D11A4D5246287859462AF0DAF9DF
:10FD10000446D8B9039B009318EE101A234628789E
:10FD20003A461AF05FF8044680B9287849461AF036
:10FD30007BF8044650B9014628781AF089F8044641
:10FD400020B9FFF785FF04460028CBD0094B28785F
:10FD50001F78094B1E781AF0E1F838461AF0DEF8E1
:10FD600030461AF0DBF8BDE76C0F050042130020A7
:10FD7000053B0020063B0020073B0020064B18688F
:10FD800000B97047037E022B01D1037B0BB1806861
:10FD9000F6E70120704700BFE42E002073B560BB7A
:10FDA00001A803F0F7F9019D0120002600224FF67B
:10FDB000FF71ADF804608DF8036023F05BFF04462B
:10FDC000C8B10DF10303014601AA002023F072FE21
:10FDD0009DF803309BB9BDF80420022A0FD12946B3
:10FDE0002BF066FB58B9074B1B6804F18054186868
:10FDF000013C00EB041002B070BD034DD4E7601C61
:10FE000080B2D3E700100020780F0500F8B5164641
:10FE100005460F4624F0ADFA104B114984B2002D6F
:10FE200018BF19460220FDF7A1F94FF6FF710246EF
:10FE3000204623F01FFF0B4B0B493880002D18BFC5
:10FE400019460220FDF792F94FF6FF71024620464F
:10FE500023F010FF30800020F8BD00BF7E0F0500AA
:10FE60007B0F0500840F0500810F05002DE9FF4180
:10FE700005460F461646CAB9314B32491B6803EB9B
:10FE80004013D87F009213462F4A1288098819F030
:10FE9000A9FF0446C7B92A4B186800EB4515E87F4F
:10FEA0001AF02AF8204604B0BDE8F081012A42D1B8
:10FEB000234B264A1B68264903EB4013D87F0023B7
:10FEC00000931288E2E700242249C5F3C40205F03A
:10FED00007038A5C2049CB5C1A4229D0022EDFF846
:10FEE00060804FEA451717D1D8F800301B4A3B44D1
:10FEF000106802909288D87FADF80C2019F0FCFFB2
:10FF0000D8F800303B4402ACD87F009494E80C0051
:10FF1000314619F0B1FF0446002CBCD1D8F80010CE
:10FF2000C8190223C218C95BC07F2AF0B3F804467F
:10FF3000002CB7D0AFE70029C5D10C46ABE700BF16
:10FF4000F02E0020041300200213002006130020CE
:10FF500008130020293B00208D0F0500870F0500A6
:10FF6000CA08044B01F00701595C835C23EA0103D2
:10FF7000835470478D0F0500084B1B7870B50446FD
:10FF80001BB1074B074D186800B970BD037E86682A
:10FF900055F82330214698473046F5E7493B002085
:10FFA000E42E0020980F050038B5044600200D46C9
:10FFB00024F0DFF9A8421BD1FFF7E0FEC0B10F4AE1
:10FFC00092F900304BB1012B0CD0013303D1003C2E
:10FFD00018BF01241470002038BD003C18BF012454
:10FFE0006442F7E7002C08BF4FF0FF331370F2E7CD
:10FFF00029462046BDE8384024F0C1B9441300200A
:020000022000DC
:100000000B460749097831B1017E022905D1818B60
:10001000407E1AF051B80F2070470220704700BF91
:10002000493B00200A4B1B7807B51BB9002003B0E1
:100030005DF804FB0023407EADF806300DF10601AB
:1000400023F0D1F80028F1D1BDF80600EFE700BF9A
:10005000493B0020074B1B7810B5044643B10120F3
:1000600024F087F901462046BDE81040FFF79CBF09
:100070000F2010BD493B0020074B1B7810B50446EC
:1000800043B1002024F075F901462046BDE8104038
:10009000FFF78ABF0F2010BD493B00202DE9F84330
:1000A0002C4D2B78002B4ED14520FCF789FC0120EC
:1000B000FFF774FE00B1C088274C20600020FFF7D6
:1000C0006DFE00B1C088236803433ED0DFF89C80FA
:1000D000DFF89C90B8F806004001F9F7E3F8C9F89A
:1000E0000000A0B30026B8F806309E4211D31B4989
:1000F0001B480022F8F76AFD0446C0B9194B1A4A9A
:100100001A6001232B70FFF7A5FF2046FFF7B4FF0D
:100110000DE0D9F8000000EB46101F3019F04AFE40
:100120007701044668B1203F17F1200F02D1204625
:10013000BDE8F883D9F800303B44D87F19F0EEFED3
:10014000F1E70136CFE70024F1E70F24EFE71A24A7
:10015000EDE700BF493B0020EC2E0020BF43040028
:10016000E02E0020E82E002079FF010004C70400E3
:10017000F02E00200B4B1B7870B58BB10A4D0B4E47
:1001800028700024F3889C4201D3002070BD297898
:1001900003222046FFF76AFE0028F7D10134F1E779
:1001A0000F20F3E7493B0020283B002004C7040050
:1001B00010B50346F0B182680AB1416851605968D0
:1001C00001B18A600C4C22689A4204BF9A6822608E
:1001D0000021202218462BF0A3F9F9F783F82068B4
:1001E00018B9BDE81040FFF7C5BF037E012B01D051
:1001F0008068F5E710BD00BFE42E00202DE9FF4127
:100200000323057B0376D0E9047804460E46FFF706
:10021000CFFF45B9FFF7B2FD28B90D4B93F9005058
:1002200065B1012D0AD001238DF8043002964246B3
:1002300001A92046B84704B0BDE8F081FF221A703A
:1002400024F097F80146284624F099F8EBE700BF20
:100250004413002008B5054B1B7823B10021FFF79C
:10026000CDFF002008BD0F20FCE700BF493B002068
:100270001FB50B68244A23F47F4323F007039342FE
:10028000044623D002F1807293420ED0A2F1017293
:10029000934219D18A79437E9A4215D10021204692
:1002A00004B0BDE81040FFF7A9BF0A79437E9A4227
:1002B0000AD1B1F80520838B9A4205D1CB79012B65
:1002C00002D10B89DB07E9D504B010BDCB79522BE5
:1002D000FAD10A79437E9A42F6D1B1F80520438BD0
:1002E0009A42F1D18B7A01F10B020021084621F0EC
:1002F000D2F902238DF804300290D4E9043201A926
:1003000020469847E0E700BFA0000A0210B50A683F
:10031000034622F47F42224822F00702824286B03E
:1003200038D000F10170824230D1B1F805009A8BCB
:1003300090422BD1CA79012A28D10A89D40725D520
:10034000184A09791268BAB99A7F597642F00102BF
:100350009A77022000220192ADF808208DF80C2037
:1003600001A9187603C90492ADF81410D3E9044228
:1003700003A91846A04709E0907FC00708D5507E22
:10038000884205D1107B1A7B9042DDD106B010BDAA
:100390009268D8E7012006B0BDE81040FFF7EABE3A
:1003A000A0000601E42E00202DE9F04F85B005469F
:1003B0000193244B1B7889469046002B39D0224F5D
:1003C0003E6866BB0DF10E0203A92846FFF71EFD2D
:1003D000824600BB2020BDF80CB0BDF80EA0F8F797
:1003E00061FF044658B3202231462BF099F83B6850
:1003F0002573C4E90498A4F81AB0A4F81CA0A3605B
:1004000003B15C6001203C60FFF7B4FE824658B146
:100410002046FFF7CDFE504605B0BDE8F08F327E96
:10042000012A09D0B668CCE701232376019B1C6022
:10043000F1E74FF00F0AEEE74FF0020AEBE74FF05B
:100440001A0AE8E7493B0020E42E00202DE9F04F8E
:100450002DED028B1746324A85B012789DF840B0D8
:1004600008EE101A0446002A50D02E4AD288824242
:1004700052D9DFF8C4A0C6B2C0F3C40500F0070823
:10048000002B39D0DFF8AC901AF8086019F8052075
:100490003240039242D14FF47A70584323F0FBFF6D
:1004A000039A009204F58051034641F000411E4832
:1004B00020F0E0FD58BB19F805301E4309F805602F
:1004C0001A4B1B68620103EB44109F5218EE101A7E
:1004D0003A4602302AF0FCFF154A1AF80810535D1C
:1004E0000B43535501215A46204605B0BDEC028B03
:1004F000BDE8F04FFFF7BABC00F580510A4820F084
:10050000A3FD0C483146FFF72BFDD9E70F2005B0BE
:10051000BDEC028BBDE8F08F2120F8E70220F6E762
:10052000493B002004C70400E02E0020F02E0020EC
:10053000293B0020083B00208D0F0500114B1B7844
:1005400013B50446CBB1104BDB88984217D200F5A7
:1005500080510E4820F078FDE1B20D480191FFF77F
:10056000FFFC01990B48FFF7FBFC0322002120460A
:10057000FFF77CFC002002B010BD0F20FBE721201C
:10058000F9E700BF493B002004C70400E02E00202B
:10059000083B0020293B0020124B1B78F7B5DBB944
:1005A0000F2003B0F0BD04F58051304620F04CFD23
:1005B000E1B238460191FFF7D3FC01990A48FFF7F1
:1005C000CFFC204603220021FFF750FC0134EB88CA
:1005D0009C42E8D30020E4E7044D054E054F00247B
:1005E000F5E700BF493B0020293B002004C7040079
:1005F000E02E0020083B002037B54378314AC3F392
:100600004113012B044602D1137003B030BD1178A1
:1006100009B9022B01D10023F6E7417AC06827F01F
:10062000BEF90028F1D010F0FBFB1F28617805D13E
:10063000254B1B78012B01D10B0640D401F0070399
:10064000032B3CD111F0600139D1E2681378002B03
:100650002ED05078A0F12905022D1FD80232013B7F
:10066000084621F018F8024640B1E068257A407843
:10067000234613F9021B009500F0E4FA134B1D68A2
:10068000002DC2D0E2685378293B022BBDD9617A94
:10069000A01C2B4603B0BDE830401847242807D1E2
:1006A0000B490D68002DE9D0591E901CA847E5E7BD
:1006B000084B1B68002BE1D020469847DEE7064B2D
:1006C000F7E700BF4A3B002042130020F42E002031
:1006D000002F0020FC2E0020F82E0020044B18785C
:1006E00004284FF0020118BF012019F01FBD00BF00
:1006F000421300201FB5414B1B78002B54D00368D8
:100700003F4A23F47F4323F00703934233D00CD8AE
:1007100002F17F42934249D002F57F02934262D0B8
:1007200004B0BDE8104000F015B9364A9342F7D145
:100730000279530738D4437B8DF80030032A98BFE1
:10074000314B017F94BF9B5C042343EA411363F068
:100750007F038DF80130D0F80530CDF80230B0F8C5
:100760000930ADF80630C37A8DF80830837F8DF8F4
:1007700009301F3014E0437C8DF8003003798DF888
:100780000130D0F80530CDF80230B0F80930ADF8BE
:100790000630C37A8DF80830437D8DF80930163065
:1007A00003906846FFF728FF04B010BD03795A078D
:1007B000FAD4427B8DF80020032B96BF124A042303
:1007C000D35C8DF80130D0F80530CDF80230B0F8A8
:1007D0000930ADF80630C37A8DF80830837D8DF886
:1007E00009301730DCE7094B02791B789A42DBD1DC
:1007F000074C2368984700232360D5E74B3B002034
:10080000A0000501A0000502A80F0500053B00207F
:10081000CC2E002070B50D4B1E780546042E0C46DC
:100820000A4601464FF0000018BF012619F05AFC95
:1008300058B90221304619F079FC30B9044B012235
:100840001A70044B1D80044B1C8070BD42130020A5
:100850004B3B00209A3100209C31002070B5074CA2
:10086000204620F02BFD65683DB10022A368E168B9
:10087000AC461046BDE87040604770BD042F0020B4
:10088000044A0346106800B9704702689A42FBD0D8
:100890004069F8E7202F00200B4910B50A6813467D
:1008A0001C465B6933B960B182420AD153690B605F
:1008B000104604E08342F3D15A6962611846F8F7A2
:1008C00011FD002010BD00BF202F00202DE9F843AE
:1008D000114D1E462B68013308BF0123814688460F
:1008E00017462B602C682046FFF7CAFF80B91820F6
:1008F000F8F7D8FC094B04461A684261286884F866
:1009000004902060C4E9028726611C60BDE8F8837A
:1009100001342C60E6E700BF142F0020202F0020B8
:100920007FB5089E1546044600B903AC0A4601206F
:100930000021FFF7CBFF002320600246009345F023
:1009400000413346024820F095FB04B070BD00BF63
:10095000182F0020064B1B6810B5044603B19847BA
:10096000044B1B681BB12046BDE81040184710BD62
:10097000D42E0020E82E002008B5094B1A7872B951
:1009800001201870F8F78EFC064B074918600246E4
:100990000648F8F71BF9BDE8084023F0E2BC08BDA3
:1009A0004C3B00201C2F0020EB430400182F00209C
:1009B000F0B591B001AC204623F02DFD054600288E
:1009C0004FD0ECF75BFC2D4D0AAE03460A4605F10D
:1009D000100EB44628686968374603C70835754560
:1009E0003E46F7D1110E8DF83810110C8DF83910E4
:1009F0008DF83B20110A1A0E8DF83C201A0C8DF848
:100A00003D2005AE1A0A8DF83A108DF83E201821C7
:100A1000324660468DF83F3023F0AEFF054698B968
:100A200096E80F0084E80F009DF80B3003F00F03E9
:100A300043F050038DF80B309DF80C3003F03F036A
:100A400063F07F038DF80C300D4A234603CBB3428D
:100A5000106051601C4602F10802F6D1284611B020
:100A6000F0BD074A05AE234603CBB3421060516088
:100A70001C4602F10802F6D1F0E700BFAC0F0500FA
:100A8000471300202DE9F0473B4E88B005460C4641
:100A900091460021202268469846BDF848A0149F40
:100AA0002AF03EFD3378002B61D1FFF765FFBAF1E4
:100AB000000F03D004F002032B435AD0FFF778FF56
:100AC00000284DD1BDF840308DF81A309DF84430E3
:100AD0008DF81B308DF816509DF90C308DF81740AD
:100AE0008DF818908DF81980ADF814A0002F3AD128
:100AF0009DF85420002A14BF0622002213438DF8CB
:100B00000C30BDF84C30ADF81C301C4B04931C4B22
:100B100000931C4B01931C4B1C490293684627BB56
:100B200002F026FBE0B9002023F019FC23F059FC69
:100B3000164B1878169B187005F0AEFF179B1870AF
:100B400013484379027941880088FFF7A9F838B93A
:100B5000104B59881888FFF75DFE08B901233370E0
:100B600008B0BDE8F0870622C8E7B847DAE70220F8
:100B7000F6E72120F4E700BF4D3B0020471300209B
:100B8000451300204811002004C704004E3B0020FC
:100B90000A13002010130020D3B50F461446064652
:100BA000EFF792FA4FF47A720023A4FB000117F0DA
:100BB000D9FE3B46CDE9000149F201020249304627
:100BC000FFF7AEFE02B0D0BDD96F020010B50246ED
:100BD0000446064B064820F02FFA2046FFF750FE49
:100BE00018B1BDE81040FFF757BE10BDDB4304004D
:100BF000182F0020024B1868003818BF01207047DA
:100C00004411002030B4094C029D24684CB1084CBA
:100C1000C4E90001C4E9022530B130BC0549FEF742
:100C2000D7BF0F2030BC70472120FBE744110020C4
:100C3000042F00205D080200014B1878704700BFA8
:100C400042130020F7B52A289DF8206001921C4627
:100C500012D008D816281BD0292813D001A820F0BC
:100C60002DFB21200CE02B28F8D10B4601983246B1
:100C700021460EF0BDFD02E0104628F09DFD00204B
:100C800003B0F0BD01983246194625F02DFAF6E77B
:100C9000054B18680028F3D0476801980B46324688
:100CA0002146B847EBE700BFC42F0020014B186076
:100CB00000207047242F0020024B1B6803B1184707
:100CC000704700BF242F0020036830B583B1C3886C
:100CD000102B0FD8084C034600F1300518685968EE
:100CE000224603C20833AB421446F7D1002030BD80
:100CF0002320FCE71A20FAE778110020004870470B
:100D000078110020044B1B68DA6822B1B3F8331065
:100D1000B3F8310010477047B81100202DE9F04FAB
:100D2000284C23688FB093F8108005F0C1FBC107F1
:100D300044BF23685D7C236848BF05F0010593F834
:100D4000129058BF022505F0B3FB820745BF236808
:100D5000DE7C022606F0010605F0AAFB430744BF2D
:100D600023681F7D236848BF07F0010793F83BA065
:100D700093F83CB058BF0227FFF7C0FF2368C08834
:100D800006A903F13E0208F07F0809F001095E336D
:100D90000C4632F802CB21F802CB9A42F9D1CDE9C8
:100DA0000304CDE901AB009733464A462946404645
:100DB00025F0DEFF002814BF092000200FB0BDE899
:100DC000F08F00BFB8110020022838B51AD8104D96
:100DD0002B681A7D904217D0022A17D0022815D00E
:100DE0001875DB8C5B0744BF01230B60FFF796FF90
:100DF000084B1B6804461BB12A685B68107D984746
:100E0000204638BDFF24FBE70024F9E70F24F7E76D
:100E1000B8110020342F002001F0070141EAC2027E
:100E2000022810B4D2B21BD8104909684C7CA042E9
:100E300005D191F83C40944203D1002011E0022CEE
:100E400012D0022810D081F83C20CA8C4874D207F6
:100E500048BF01225DF8044B48BF1A60FFF75EBF30
:100E6000FF205DF8044B70470F20FAE7B81100200F
:100E70000228F8B504460D462DD81A4E3368DB7C9F
:100E800098422AD0022B0DD001280BD1164F3B6877
:100E900043B11B689847012804D13B6813B1DB6854
:100EA000002098473368DA7C022A01D10F20F8BD70
:100EB000022CFBD0DC74DB8C9B0744BF01232B602E
:100EC0000A4B1B68002BF1D02046984738B9BDE883
:100ED000F840FFF723BFFF20E9E70020E7E70E20F7
:100EE000E5E700BFB8110020942F0020402F00201C
:100EF00070B50D46B8B170BD0134FFF7FFFEC38871
:100F0000A342F8D9336804F11C0203EB4203B3F99E
:100F10000610DA880029EFDAC2F30B02AA42EBD1FD
:100F20000022DA80E7E7014E0446E6E7B811002028
:100F30002DE9F041054692B0002405F005FBA042E2
:100F400000F28F80002005F005FB002105F0E2FB98
:100F50000746002800F08D80684C69492068F0221F
:100F6000D0F868802AF0B4FA26682022C6F8688093
:100F7000002106F13E002AF0D3FA05B1356005F0F4
:100F800097FA2368C6074CBF002202225A7405F064
:100F90008FFA236885074CBF00220222DA7405F01D
:100FA00087FA236840074CBF012202221A7525F0F8
:100FB00092FE002800F099800023049309AB03936C
:100FC0000DF1230302930DF1220301930DF121038F
:100FD00000930DF11F0208AB0DF11E010DF11D0074
:100FE00025F07CFE002839D1099B102B7BD89DF879
:100FF0001D30226803F07F03137405F059FAC1070E
:1010000041BF9DF81E30226803F0010353749DF820
:101010001F30226803F00103937405F049FA420778
:1010200041BF9DF82130226803F001031375236846
:101030009DF8222083F83B209DF8232083F83C2054
:101040000AAE0023CDE90233CDE9003304961A46F7
:101050001946184625F042FE054698B141F209307E
:1010600009E0204605F076FA002105F053FB28B987
:1010700034B940F2025012B0BDE8F081002C39D1F1
:1010800001345AE7236803F13E025E3336F8021B4F
:1010900022F8021B9A42F9D105F00AFA830709D512
:1010A000184B1B6833B19DF82000226800F0010046
:1010B000D0749847FFF722FEC388AB420CD8099B37
:1010C0000F2B03D8FFF72AFE0028C7D138460E4958
:1010D00024F082F90020CEE723682846997C0EF0A0
:1010E00083FD0135E6E71A20C5E707F02DFF00284C
:1010F000E8D0B3E740F20340BDE700BFB8110020DD
:10110000C00F0500402F0020B010050008B5094BA6
:1011100000211868F0222AF003FA002005F01AFADC
:10112000002105F0F7FA20B1BDE80840002124F0C5
:1011300053B908BDB8110020F8B502230B700D4655
:10114000064605F0B5F9820744BF00232B703146EF
:1011500000200AF093FE0446E0B905F0A9F98307E0
:1011600005D50D4FFFF7CAFDC3889C4201D300206F
:10117000F8BD3A6802EB4402D38FB2F93E20002A50
:1011800006DAC3F30B02964204BFC3F341332B705C
:101190000134E7E70420EBE7B8110020012970B51E
:1011A00004460D460DD8014600200AF067FE50B9EE
:1011B000074B1B689B6E43B129462046BDE8704033
:1011C0001847FF2070BD0420FCE71846FAE700BF6F
:1011D000B8110020012838B5044612D80A4B1B6804
:1011E00000259874FFF78AFDC3889D4203D3BDE8AC
:1011F0003840FFF793BD284621460EF0F5FC013537
:10120000F0E7FF2038BD00BFB8110020014B1B687C
:10121000187C7047B8110020012806D0030604D4BA
:10122000034B1B681874FFF779BDFF20704700BFA0
:10123000B8110020014B1B68D87C7047B811002002
:1012400010B5084B1C68647C0470186890F83C006A
:1012500000F0070008701B6893F83C30DB0813703F
:1012600010BD00BFB81100207FB50DF10F020223A1
:10127000114606460DF10E008DF80E301F4DFFF79A
:10128000DFFF9DF80E402B68611E4C424C41D97C1B
:101290001A7DB3F81F30012908BF44F00204012A67
:1012A00008BF44F0040433B3154B1B6823B1DB685B
:1012B000984708B144F008042B68B3F81F2093F84E
:1012C0002810B3F81D0000230093234626F080FA6F
:1012D0008EB123F0CEF82B68D3F82120C3F8191073
:1012E0004FF6FF718A4218BF02F1FF32C3F81500B2
:1012F00018BFC3F8212004B070BD00BFB811002092
:10130000742F00202DE9F04188B001A900200CF0D5
:10131000BBFE0146C0B9019BB3B10DF102020CF056
:10132000E5FE88B9BDF802100BF026FAEDE7019B47
:101330008BB10DF1020202200CF0D8FE58B9BDF8B5
:10134000021002200BF018FA01A902200CF09CFEFA
:1013500001460028EBD0002405F0F6F8A0421AD888
:101360000024DFF87C8026464FF6FF7703F07CFCF4
:10137000A04218D800221146104623F045FB002059
:1013800023F033FB25F080FE0021084605F08AFBA0
:1013900008B0BDE8F081204605F0DCF8002105F03A
:1013A00027F90134D8E7204603F064FC054624F011
:1013B000BDF878B1BDF81E30ADF8086003EA080347
:1013C00002A92846ADF81A70ADF81C60ADF81E30C1
:1013D00024F0F5F8284603F03BFE0134C6E700BFD1
:1013E00000FEFFFF014B1B68187D7047B8110020FD
:1013F000054B1B6803F11502293352F8041B40F812
:10140000041B9A42F9D17047B81100202DE9F84F1A
:10141000074690461D469DF82CB00E4623F029F84D
:1014200082468946002039460AF028FD044618BB4A
:10143000304623F0BFF8022820D01BF0800F1FD1C8
:10144000112D1DD80F4BBDF828201B6802F00F028C
:10145000C3F815A0C3F81990A3F81D70A3F81F6076
:10146000C3F8218083F82550DA8483F828B004F08B
:10147000B9FF2046BDE8F88F0420FBE70120F9E71B
:10148000FF20F7E7B811002070B5124D2A68044616
:1014900002F12903393253F8046B44F8046B934288
:1014A000F9D11B8823802B68B3F8312012B1B3F82F
:1014B000333073B90023994214BF1A467F22037256
:1014C00043728372C372037343738373C37302746F
:1014D000437470BDB81100202DE9F74F0746002076
:1014E0009B4615460E4605F035F82A4C824622F0FA
:1014F000C0FF23680C9AC3F860B0814688465A66DC
:101500000DF10601504624F00CFB002840D1112DAE
:101510000ED8384623F04EF8012800D047B930469F
:1015200023F048F8012805D1BDF80630B34203D0B6
:10153000FF202AE00228FBD024683846C4F829900E
:10154000C4F82D8023F036F8012813D1304623F05B
:1015500031F8012803D0C31EDBB2012B0AD84DB1EC
:1015600000237F2284F8353084F8363084F839201F
:1015700084F83A30A4F83170A4F8336084F8375016
:1015800084F8385004F02EFF002003B0BDE8F08F3F
:101590001020FAE7B8110020024B1B68C3E90101D3
:1015A000DA607047B811002030B4164B1B6893F80E
:1015B00038402CB3B3F8315015B3B3F83340FCB115
:1015C00085421DD18C421BD1B3F835403CB983F81C
:1015D000392083F83A200134A3F835400CE093F821
:1015E000395083F83A209542A8BF154683F8395000
:1015F0004FF6FF75AC42EED15B680BB130BC1847BB
:1016000030BC7047B8110020F8B53D4F22F031FFD3
:101610003B68B3F81F2005460E46002A4AD0D3F88F
:101620002120002A46D093F82540002C42D04FF4C8
:101630007A70013C00FA04F4D3F81500D3F81910BD
:10164000281A66EB010122F016FF844203D801201C
:10165000FFF70AFE00202B4B241A9C4228BF1C4691
:101660003B6893F83820002A48D0B3F83120002A8C
:1016700044D0B3F83320002A40D0D3F82900D3F85F
:101680002D10281A66EB010122F0F5FE3E6896F84F
:1016900037504FF47A73013DAB40DF17834277F147
:1016A000000209D2002386F83830336E33B3706EEF
:1016B000984723E0134CD3E71D1A40F2E73067F157
:1016C000000728184FF000034FF47A7247F1000129
:1016D00017F048F9112301211A46013B01FA03FCD6
:1016E000604502D2002BF7D11A46A54277F10003DC
:1016F00086F8382038BF2C46002AD6D02046F8BDC0
:10170000B8110020FFFFE703044B1B68DB8C03428A
:1017100002D00020FFF7A8BD704700BFB81100201D
:10172000064A136893F83B3003F00703037013680D
:1017300093F83B30DB080B70704700BFB8110020F6
:10174000072809D81F2907D8044B1B6840EAC100A5
:1017500083F83B00FFF7E2BAFF207047B811002082
:101760002DE9F04F2DED028BADF5137D89461093D9
:10177000BDF878321292119304469DF88832BDF874
:101780007C82DDF884A213933822002125A829F059
:10179000C7FEB9F1020F6BD1404622F00BFF0128C2
:1017A000074665D118AB0DF15E025146204623F085
:1017B00068FA86B20546002E5AD01199404609F0C3
:1017C000CBFE50461FF022FF801B86B21B2E4FD847
:1017D000BDF85E00314601F0ADFD002848D01EACDA
:1017E000ABB23246514620461FF05EFDBDF85E505A
:1017F00048F24D039D4207D829043FD4012D40F201
:101800008981032D00F099829DF8C830DA0702D54E
:101810002AA8FFF751FABDF8A43013B3BC4A0DF162
:1018200096011068CDE90731BDF894300693FF2387
:101830000593139B43F001030493109B0393002231
:10184000129B0293CDE90D220223CDE90B22CDE9B3
:1018500009220193119B009300684346114623F02F
:101860009AF99DF8C8309B0702D50020FFF7FCFCD1
:101870000DF5137DBDEC028BBDE8F08FA5F500439F
:101880004D2BC1D801A252F823F000BF151B020056
:10189000491C020009180200091802000918020078
:1018A000091802000918020009180200E31F0200CB
:1018B000952002009520020009180200DD20020098
:1018C000DD200200091802001D2102001D21020076
:1018D000091802006F2102006F210200091802009E
:1018E000B9210200B921020009180200F31C02000C
:1018F00009180200F31C02006122020061220200AA
:101900006122020061220200091802006122020025
:1019100061220200612202004325020043250200E9
:10192000091802009F2502009F25020009180200E5
:101930004124020009180200412402000918020093
:1019400025260200091802000918020009180200E1
:1019500009180200091802000918020009180200FB
:101960000918020009180200091802006F26020077
:101970006F26020089270200892702000918020049
:10198000BF28020009180200BF280200C519020082
:10199000C51902008F1A0200091802000918020076
:1019A000C51902007B2A02007B2A020009180200E6
:1019B0000D2B020009180200C929020009180200B3
:1019C000C929020048F240039D42268826D1B6F577
:1019D000805F10D304238DF8963023788DF89730EC
:1019E00048F2440263788DF89830ADF894200323D0
:1019F000ADF8A43008E7002200920DF17A031146F9
:101A0000304626F028FBD0B340F20353984238D03A
:101A100040F20153984236D00923DCE748F24103F3
:101A20009D4217D1109BB3422FD0B6F5805FD1D223
:101A3000314600200AF0A0FE40F20253984201D045
:101A40000028E9D10023194632464846FDF72EFA10
:101A50000023C0E7B6F5805FBCD20DF17A013046B5
:101A600026F0EFFA40F203539842D5D040F20253E9
:101A70009842AFD0002801F07A800B23ABE7814673
:101A8000E0E70523A7E70623A5E70C23A3E71AA9A8
:101A900000200CF0F9FA054600287FF4B5AE0446A4
:101AA00010E019AA214600200CF020FB48B9BDF82F
:101AB00064004FF4BD7333AA214623F0F1F820B13E
:101AC000054601341A9B9C42EBD3114B0022186847
:101AD000CDE90D22CDE90B22CDE9092233ABCDE9C9
:101AE000075348F243030693FF230593139B43F0E8
:101AF00001030493109B0393129B0293022301930F
:101B0000119B009300684346114623F044F87BE69E
:101B1000B81100206678A2782778330212013609BE
:101B200003F470631F431643002D36D100950DF169
:101B30007B032A463946304626F09EFA00287BD0A1
:101B400040F20353984279D040F20253984277D042
:101B500040F2015398420CBF0620092048F20303CB
:101B6000ADF8943023788DF8973063788DF89830FD
:101B7000A3788DF896008DF8993060B935B1012DB4
:101B800060D0B5F5004F14BF032002203B4632461B
:101B90000121FDF78BF904232AE7B5F5004F3946FB
:101BA0004FF0000020D10AF069F98146002847D1A2
:101BB000314601200AF062F990B933A930460AF0A3
:101BC00073F978B9BDF8CC30BB420BD13146012056
:101BD0000AF0D2FD002818BF092008BF0020BDE789
:101BE0004846BBE70C20B9E70AF048F940BB31464C
:101BF00001200AF043F908B10320AFE733A93046CA
:101C00000AF052F9A0B9BDF8CC30BB4210D10DF1A9
:101C10007B01304626F01AFA40F20353984209D06D
:101C200040F202539842E7D0002818BF0B20D4E7B7
:101C3000112093E7092091E728468FE705208DE7DB
:101C400004208BE72846A1E7B4F800A00020514605
:101C50000AF014F90546002846D10DF168094946F5
:101C600001200CF011FA0646002840D1074605462F
:101C7000D9F800309F4216D300202288ADF86520A5
:101C80009C4A8DF8640019AB106808930022032366
:101C900033A90793CDE90D22CDE90B22CDE90951F6
:101CA00048F202031FE719AA394601200CF01EFA78
:101CB000C0B9BDF864000DF162010AF0F5F888B909
:101CC000BDF8623053450DD1BDF8640040F2771382
:101CD00033AA314606F1010B22F0E2FF0028CCD0F6
:101CE00085B25E460137C3E700250420C5E7092019
:101CF000C3E748F218039D420CBF02231723F61ACC
:101D0000E75AB6B2E118022E324628A816BFBA46E4
:101D10004FF6FF7A4F8829F0DBFB06F10A02BDF887
:101D20007860ADF8A4203046ADF8976022F042FC10
:101D3000012804D04FF00109BFE00923DFE7304656
:101D400004F014FC0028F5D04FF6FF739A4510D12B
:101D5000394604F0DFFC0446002800F0AE8048F26B
:101D600018039D4235D123F0E1FB38B94FF0070944
:101D7000A3E03A46514604F0FDFCECE733A92046C7
:101D800023F0EFFB002840F0B180BDF8CC30ADF877
:101D90009930DBB1BDF8DE309DF8E3208DF89B3043
:101DA000D207C3F303238DF89C3044BF43F01003E4
:101DB0008DF89C309DF8E0308DF89D309DF8E13035
:101DC0008DF89E309DF8E2308DF89F304FF000097D
:101DD00073E0032D4FF018024FF0000133A840F0DC
:101DE0008B8029F09DFB204623F0A0FB0028BDD06E
:101DF000BDF87A00ADF8CC0048BB204623F061FC6A
:101E0000BDF8CC309DF8E320ADF89930BDF8DE3058
:101E10008DF89B30D407C3F303238DF89C3044BF67
:101E200043F010038DF89C309DF8E0308DF89D3024
:101E30009DF8E1308DF89E309DF8E2308DF89F30AE
:101E40003B46524631460120FDF75AF8BEE722F0E4
:101E5000B1FB02283FF46EAF002110220DF1CE003D
:101E600029F05EFB9DF87D109DF87C30090201F49D
:101E7000706119430120ADF8DE1009F0FFFF002862
:101E800040F0AC809DF87D209DF8E330121162F3A4
:101E900000038DF8E330DB0709D49DF87E308DF820
:101EA000E03083F080037E2B0ED80023A0E504F001
:101EB000FFFA0507F1D44FF00A0948F21903ADF80B
:101EC00094308DF896909FE49DF87F308DF8E13046
:101ED00033A99DF880308DF8E230204623F06FFB67
:101EE00041F20333984279D0002889D04FF0090994
:101EF000E3E700BFB811002029F012FB204623F0D1
:101F000015FB00283FF432AF9DF88B109DF88A3006
:101F1000090201F4706119430120ADF8DE1009F0E7
:101F2000ADFF00285AD19DF88B309DF8E3201B119E
:101F300063F300029DF88C308DF8E03083F080036D
:101F40007E2B8DF8E320B0D99DF88D308DF8E130EF
:101F50000DF1CE029DF88E308DF8E2300DF18A0140
:101F60000DF17A03104653F804CB42F804CB8B42B0
:101F7000F9D133A909F042FF0028B7D133A920468F
:101F800023F01DFB41F20333984227D00028ADD146
:101F9000BDF8CC309DF8E320ADF89930BDF8DE30C7
:101FA0008DF89B30D007C3F303238DF89C3044BFDA
:101FB00043F010038DF89C309DF8E0308DF89D3093
:101FC0009DF8E1308DF89E309DF8E2308DF89F301D
:101FD00048F21A039D427FF4F9AE31E74FF003094E
:101FE0006BE7002320781A93339305F0FFF801285C
:101FF00019AD0446287041D080280CD098B91AA990
:1020000033A805F085F91A9800283FF4FDAB339901
:1020100023F040FE07E08F4B18688F4B1A90196829
:1020200023F038FE33908D4B18681A9B0A93339B2C
:102030000121CDE908530223CDE90631FF210591A5
:10204000139941F001010491109903911299002212
:10205000CDE90131CDE90D22CDE90B22119B009391
:1020600000684346114622F096FD2B78002B7FF442
:10207000CBAB1A9822F0DCF9FFF7C6BB05F0A6F847
:102080000028D0D02C70836841681A93184623F03A
:1020900015FEC7E748F20A039D4207D12078FFF7F3
:1020A00099F8FF283FF4B0AB002200E007226B4B09
:1020B0001B689B7C8DF8963048F20B018DF8AC3094
:1020C0009DF8C830ADF894100121ADF8A4108DF83A
:1020D000A8200B438DF8C830FFF796BB48F20D03DC
:1020E0009D4219D12078FFF797F8FF283FF48CAB79
:1020F0005A4B1B6848F20E021B7CADF894208DF8F9
:10210000963001228DF8AC309DF8C830ADF8A4208F
:102110008DF8A8701343DDE70827E9E70023339320
:1021200048F210039D421FD1207833A9FEF74CFEE0
:10213000FF283FF469AB494B1B681B7D8DF8963037
:1021400048F211028DF8AC30339BADF89420012297
:1021500013409340ADF8A4208DF8A89013439DF848
:10216000C82022F00302D5E74FF00909E3E7002376
:10217000339348F213039D421CD1207833A9FEF714
:1021800077FEFF283FF440AB0322344B1B68DB7C17
:102190008DF8963048F214018DF8AC30339BADF8D1
:1021A000941001210B408B40ADF8A4108DF8A820AD
:1021B0000B43D4E70A22E8E748F2160300209D42C9
:1021C00026888DF8680038D1A5788DF8685031469A
:1021D00009F054FE002839D133A9304609F014FF24
:1021E00048BB9DF8CC309D4203D0C3B9032D7FF48A
:1021F0000BAB00251AA9304609F006FF48F2170379
:10220000ADF8943023788DF8973063788DF8983056
:102210009DF868308DF896508DF89930BBE4012B0D
:1022200040F0AF84022D40F0AF84294630460AF0DA
:102230007BF90028DDD00925DCE7314609F01EFED8
:1022400020B91AA9304609F0DFFE08B10425D1E70C
:102250000546CFE70410002000C70400B811002095
:10226000B4F800904FF0000A4846ADF8CCA022F038
:10227000A1F9012883467FF4C7AA05F5FF4365331A
:102280009BB2012B03D948F21E039D4255D1A7886A
:10229000062E1CBF3E46E7886488ADF8CC40204639
:1022A00008BF4FF6FF7622F085F90138C0B2012849
:1022B0007FF6AAAA601E80B24FF6FD7398423FF6E1
:1022C000A3AA0024484604F051F9002800F08A80AF
:1022D0004FF6FF739E4256D1394604F01BFA8246F0
:1022E000002800F09D8023F006F9002800F09B8074
:1022F00005F5FF4363339BB2012B04D948F2220357
:102300009D4240F04684504602F0A2FE90B948F249
:102310001B039D423CD1BDF8CC102246504602F032
:10232000CFFF1A2800F0828040F2035398427DD0FC
:1023300000284BD04FF0090B54E005F5FF43603304
:102340009BB2022B10D8678A142E33A90DF17A00A4
:1023500016BF3E464FF6FF76A78A09F04FFD0028CC
:10236000E8D10DF17A04ADE748F21D039D427FF4F8
:102370004BAA042E678802D03E46A788A1E75446A0
:102380004FF6FF769EE73A46314604F0F3F9A6E7AA
:1023900048F21E039D42BED0834625F0020348F258
:1023A00020029342B7D048F21C039D4203D048F26A
:1023B00021039D4213D1BDF8CC102246504603F0B4
:1023C00025F818B140F202539842B3D13B46324649
:1023D00049460220FCF794FD4FF0000B02E0BBF1F0
:1023E000000FF3D048F21F03BDF8CC40ADF8943095
:1023F0008DF896B0ADF89790BBF1000F05D0204650
:1024000022F0D8F8022808BF00244FF6FF739E423E
:10241000ADF899400DD1ADF89B700723FFF7E8BAEE
:102420004FF0020BDEE74FF0080BDBE74FF0050B38
:10243000D8E7ADF89B60ADF89D700923FFF7D8BAD7
:102440002788731C9BB23846149322F0B3F80128F6
:102450000DF1CC0B38D04FF0010900272146324650
:102460000DF169008DF8689029F032F8BD4B1B68BA
:102470001868139BCDF828B048F2290243F00101F7
:1024800048F22A0448F22C03954208BF2346002252
:10249000CDE90D22CDE90B227F000DF1680A0997E5
:1024A000149CCDF820A0CDE90634FF23CDE9041318
:1024B000109B0393129B029302230193119B0093A1
:1024C00011464346FFF721BB384604F04FF8002879
:1024D000C1D048F229039D42618817D104F01AF94E
:1024E00082460028B9D023F006F820B3504623F0E6
:1024F0003DF987B21FB3BA2FA8BFBA27D94600212A
:102500008BB29F4206D84FF00009A7E7A28804F0DB
:1025100031F9E5E71AAB19AA5046159123F02AF9CB
:102520001599013110B14FF0090997E7BDF86430F2
:1025300029F8023BE4E707464FF008098EE7B94661
:102540008CE748F224039D4227D12078C10800F08F
:102550000700FFF7F5F8FF283FF456A904241AA84E
:1025600033A9FFF7DDF800780A788DF8A84048F223
:102570002503ADF8943000F0070343EAC2038DF859
:1025800096300123ADF8A4309DF8C8308DF8AC002A
:102590008DF8AD2043F001039CE50B24DFE7002319
:1025A000339348F227039D423AD161782078CA08D4
:1025B00033AB01F00701FEF72FFCFF283FF424A9FD
:1025C000062419A9002302251AAA0DF162008DF82C
:1025D00064308DF868308DF86250FEF731FE09786E
:1025E00012789DF862008DF8960048F22803ADF845
:1025F000943001F0070343EAC2038DF89730339B10
:10260000ADF8A45003F001035B008DF8A8408DF8ED
:10261000AC008DF8AD108DF8AE2043F001039EE5BF
:102620000D24CEE72588284621F0C4FF01287FF439
:10263000EBA848F22E03ADF8943023788DF896304D
:1026400063788DF89730484B1B686BB11B6933A9D1
:102650002846984740B1339B6422B3FBF2F3ADF8B0
:1026600098301B0C8DF89A300523FFF7C1B914225E
:10267000002133A828F054FF48F238039D4245D08A
:10268000A3782188ADF8D61023B1FF2B36D14FF6B1
:10269000FF733693E378112B3FF6B6A82579B4F88B
:1026A0000520B4F80700ADF8DD20CDE90025369A05
:1026B0008DF8DF508DF8DC30ADF8D400FEF7A6FEC3
:1026C000054633A8FEF794FE042D21D103CC2378D0
:1026D000CDF89700CDF89B108DF89F300623ADF80C
:1026E00094300A238DF89650ADF8A430002D7FF475
:1026F0008BA80120FEF7B8FDFFF786B8112B3FF637
:1027000083A8013B012202FA03F3C2E70025D8E7C0
:10271000369ABDF8D630ADF89730DAB98DF89920F1
:102720009DF8DC308DF89A309DF8DF308DF89B30C5
:10273000379BC3F30F23ADF89C30BDF8D4304FF670
:10274000FF72934208BF0023FF2DADF89E30C5D124
:10275000FFF75AB84FF6FF739A4207D1FF238DF85F
:102760009930DDE7B8110020342F0020112301201B
:102770001946013B00FA03F4A24202D2002BF7D122
:1027800019468DF89910CBE71222002133A828F0C2
:10279000C7FE48F23A039D423BD1012133A8FEF720
:1027A00073FEBDF8D4302BB3BDF8D63013B34FF061
:1027B0000009BDF8D430ADF89730BDF8D820BDF889
:1027C000D630ADF899309DF8DB308DF896908DF8C5
:1027D0009B30002A5DD18DF89C2048F23C03ADF877
:1027E00094309DF8DC308DF89D309DF8DD308DF80B
:1027F0009E3022E64FF00009ADF8D490ADF8D690A7
:10280000ADF8D8908DF8DB908DF8DC908DF8DD90E8
:10281000CFE72279112A3EF6F7AF258815B16688F1
:1028200006B1A2B9002133A8FEF72EFE0091B44BE9
:1028300022790846FEF750FE8146B8B9ADF8D400BB
:10284000ADF8D6008DF8DA008DF8DB00B1E700278F
:102850003146AB4B00972846FEF73EFE394681468F
:1028600033A8FEF711FEB9F1000F04D0B9F1FF0F44
:102870003EF4CAAF9DE79DF8DB30002B97D0A14B0B
:102880001B689B68002B92D02279314628469847D6
:102890008FE74FF6FF739A4203D1FF238DF89C30E8
:1028A0009BE7112301201946013B00FA03F4A242E1
:1028B00002D2002BF7D119468DF89C108DE72388A2
:1028C000184608EE103A03F051FE824698B1B4F86B
:1028D00002B00120594609F0D1FA074600286FD10D
:1028E000062EB4F8049017D14946504603F012FF63
:1028F000044600BB022748F23E0332461EA90DF1F2
:1029000097000136ADF894308DF8967028F0E0FD10
:10291000ADF8A460FEF778BFE288149249465046AD
:1029200003F028FF04460028E4D04FF6FF718945E4
:10293000149A0BD19146B9F1130F04D8724A22FAB6
:1029400009F2D3073ED44FF6FF7A01E0CA4691461A
:1029500048F23D0295421ED1204622F097FD874263
:102960000CD35946204622F099FD88B918EE101A6A
:102970004B4652460020FCF7C3FA05E03946204694
:1029800022F087FD834501D10027B4E70137E3E753
:102990000927B0E70137204622F078FD874205D2AB
:1029A0003946204622F075FD8345F3D1204622F0BA
:1029B0006DFD8742E8D05946204622F0A5FED4E7B7
:1029C000032798E70D2796E706F1010B1FFA8BF313
:1029D0002088149303F0CAFD814690B148F24B035E
:1029E0009D4261882FD103F095FE824600283FD09A
:1029F0004FF0000BD946504622F048FD834526D3C0
:102A00000027214632460DF169008DF8687028F0E4
:102A10005FFD3C4B1B681868139B48F24B0248F261
:102A20004C0443F0010148F24E03954208BF23468F
:102A3000002233ACCDE90D22CDE90B22CDE909947A
:102A40000DF1680A2CE5A28803F094FECDE7594603
:102A5000504622F01EFD40F2751333AA59460BF181
:102A6000010722F01DF930B11FFA80F9BB46C2E719
:102A700002278146C5E70746C3E748F246039D4261
:102A8000268819D133A93046FEF756FBFF283EF4BD
:102A9000BBAE0C210E289DF8CC301DD99DF8C82066
:102AA0008DF8A81042F00102ADF8AC608DF8AE30A0
:102AB0008DF8C820002014E0A1788DF8CC103046A5
:102AC000FEF76CFBFF2805D133A93046FEF734FB37
:102AD000FEF79ABE0521DDE744F21022C240D50779
:102AE000DCD548F24802ADF8942022788DF8972082
:102AF00062788DF896008DF89820FFF78DBB00BFA7
:102B0000050D0200B811002033FC0C0080230024C6
:102B10008DF868304A238DF869301AAA02232146BD
:102B2000204633941EF0B7FD339000283EF46CAE7F
:102B30001C4B12991B680794FF220692139A01946A
:102B4000CDE90402CDE90844CDE90244119A00928E
:102B50001C68109A43460220A04710B133A81EF00B
:102B6000ADFBFEF7CFFBFCF7DFF9FEF74DBE48F2F9
:102B700045094D450CBF4FF001094FF00309FEF721
:102B800061BF022B7EF440AE032D7EF43DAEFFF715
:102B90004CBB48F21B039D423FF4BDAB4FF0100B02
:102BA000FFF7FBBBB8110020024B034A1B689A6673
:102BB000704700BFB8110020F12B02000F2870B53C
:102BC000044612D821F055FC05464EF660200E460C
:102BD00021F061FC054B1B680E34281803EBC4027E
:102BE00046EB010143F83400516070BDB81100207C
:102BF000F7B505460E4603F05BFC10F0020063D00B
:102C0000012E30D10DF10701284604F06BFE9DF82E
:102C10000730012B03D10021284604F059FE2B4F29
:102C20000024FEF76BF8C3889C4214D23B6804F181
:102C30001C0203EB4203B3F90610DA88002919DA03
:102C4000C2F30B02954215D1720302F4C04221F483
:102C5000C0410A43DA80FEF751F8C3889C4225D16F
:102C60001A4F002409E0022ED9D103B0BDE8F0408C
:102C7000FEF754B80134D4E70134FEF73FF8C388B7
:102C80009C4213D23A6804F11C0302EB4302B2F9EE
:102C90000630002BF0DB730303F4C043C5F30B05D0
:102CA0002B436FEA43436FEA5343D380FEF726F882
:102CB000C388A34207D0012E02D12046FFF77EFF32
:102CC00003F0A2FFD1E70F2003B0F0BDB811002040
:102CD0000F2810B5044604D900231A461846114699
:102CE00010BD21F0C6FB064B1B680E3403EBC4027B
:102CF00053F83430526898429141EDD2EEE700BF6C
:102D0000B81100202DE9F34D06460F46002001A919
:102D10000BF0BAF9044648B9DFF888804FF0000A92
:102D20004FF0000B019BA1B2994202D302B0BDE863
:102D3000F08DD8F8003003EBC103D3E91C0250EA50
:102D400002052DD0864277EB020229D3C3E91CABE2
:102D50000DF1020200200BF0C9F9054600BBFF236C
:102D6000BDF802008DF801300DF1010104F0BAFD4B
:102D70009DF80130012B04D1BDF80200294604F072
:102D8000A7FDBDF802000DF10101FEF7D5F99DF890
:102D90000130012B04D1BDF802000021FEF7FEF93D
:102DA0000134BFE7B81100202DE9F04F2DED028B63
:102DB00083B00746BDF84060BDF838909DF844B038
:102DC000304608EE103A8846154621F0F3FB0128FC
:102DD00006D02124204603B0BDEC028BBDE8F08F65
:102DE00003F0B2FB731E184480B221F0E3FB01280C
:102DF000EFD1002003F050FE032829D105F056FC46
:102E000020B9824603F0A0FB504527D805F04EFCC0
:102E1000024698BB4FEA4B01009018EE103A01F0C1
:102E20000201484625F017F9044638B305F03EFC88
:102E30000028CFD1054603F087FBA842CAD928460F
:102E400003F088FB10B1002103F0D2FB0135F2E75B
:102E500005F02CFC0028D1D10224BBE7504603F03A
:102E600079FB002854D006EB0A0189B203F0C0FBBD
:102E700004460028DAD10AF1010AC3E705F016FC7E
:102E8000014620B14146384609F0C2FD03E0DDB1FC
:102E90002A4609F017FD002838D105F007FCC8B113
:102EA0001BF0020F2BD105F001FC10B91A4803F0FA
:102EB000BDFC0421002003F0F5FD0F993246484681
:102EC00021F0FFFA002485E743463A46294609F0F7
:102ED00029FDE0E70F9803F081FC04460028DFD0CD
:102EE00005F0E4FB014610B9022009F045FC05F0AD
:102EF000DDFB00289AD1494609F03EFC96E7012007
:102F000003F072FC04460028CDD0E9E70446EEE762
:102F100040F203448AE700BFE245050070B5164E53
:102F200003F04EFA05F05CFC336803B19847134C8C
:102F3000236803B19847124D2B6803B198470CF0F2
:102F40003BF908F013FA02F0E5FE0CF0C3FF06F0BF
:102F500011FA0CF073FF03F035F925F033FC00F0A3
:102F6000EDFC00F0C5FC05F013FF03F059FA00205A
:102F700030602860206070BD282F0020302F002096
:102F80002C2F00202DE9F04788B01F4605460E463D
:102F90009046DDF840A0DDF8489021F022FD04467F
:102FA00021F021FD0023CDE9013303936A4B002D6D
:102FB00008BF1D46AB7D012B00F2C980EB7D0F2BB6
:102FC00000F2C5802B7E1F2B00F2C1806B7E082B88
:102FD00000F2BD80AB7E0F2B00F2B980EB7E082B98
:102FE00000F2B580AB8B33EA040240F0B0801BB135
:102FF00030EA030340F0AB80A868FDF765FE0028C7
:1030000040F0A780A86805F0D3FE0446002840F0F1
:10301000958000F065FC044610B10F2840F08E80CA
:1030200000F084FC044610B10F2840F087802B7B11
:103030004A489B077BD50AF0BDFF044600287DD196
:103040003146284604F09AF90446002876D1A88A29
:1030500003F010FD03F0CAF8044600286ED10146C3
:103060000CF000FF0446002868D106F097F90446EA
:10307000002863D10CF012FF044600285ED12B68B3
:103080000246014602F00CFE0446002856D16A684A
:10309000014608F0C5F9044600284FD10CF068F845
:1030A000044600284AD1BAF1000F43D1B9F1000F0C
:1030B00048D1C0470446002840D1294B119A1A60D4
:1030C000284B139A1F60284B1A6004F065FC01908E
:1030D00004F086FCAB7D0290003B18BF01238DF805
:1030E0001030EB7D2149C3F340028DF811202A7E78
:1030F000ADF814206A7E8DF8122003F00103AA7E39
:10310000ADF818208DF81A30EA7EAB8B8DF81620BA
:10311000ADF81C30224601AB04A805F0F5FA0446D0
:1031200060B903F03BF9204608B0BDE8F0870AF02B
:1031300055FF82E7D04704460028B7D03078FFF724
:10314000EDFEF0E7FDF7DAFD008BC847B1E721247B
:10315000E9E71A24E7E700BF4C19050011660200F1
:103160002C2F0020282F0020302F0020C810050011
:103170001FB50023CDE90233CDE90033034A044BE8
:10318000FFF700FF05B05DF804FB00BFE14C040051
:103190000D4D0400014B03600020704757130020C1
:1031A0002DE9F04F144695B00022054610460692D0
:1031B000DDF878A08DF80F10984603F0CBF90DF1EB
:1031C0001C0983460BAE09AF0022B8F1000F17D1DE
:1031D00021244846082124F0DEFB0FA8132124F007
:1031E000DAFB3046102124F0D6FB0821384624F0C3
:1031F000D2FB06A825F0ECFA204615B0BDE8F08F0A
:10320000BAF1000FE4D02046CDE9002906AB012138
:1032100008F0F6FF04460028DBD1454B01461B8829
:10322000ADF83C301022304628F07AF908213846B3
:1032300023F09CFF04460028CBD10DF1160158461F
:1032400022F06FFC04460028C3D1012D10D13B466B
:1032500003CB8DF83E50CDF83200CDF83610BBF1DF
:10326000000F60D0BDF816305BBAADF83A300CE014
:10327000022D3CD199E8030086E8030097E803009B
:103280000DAB83E803008DF83E500698314625F0DB
:103290000FFC00284AD10DAB03CB3B46CDF83F00D5
:1032A000CDF8431003CB1325CDF84700CDF84B10D4
:1032B000BAF80020AB1D9A428AD9012200920DF182
:1032C0000F030021404621F0F4FB02230146009346
:1032D0000322174B404621F0ECFB009501460FAB53
:1032E0001622404621F0E5FBAAF8000071E7032D05
:1032F0000CD13B463071306003CB8DF83E508DF8D9
:103300003150CDF83200CDF83610ABE7002D7FF408
:103310005FAF4B468DF83E0003CB0B25CDF83F0049
:10332000CDF84310C4E740F2034452E7044650E7A7
:103330005713002048F24E03984220D806280CD894
:10334000304BC35C03F03F0213F0800F10460AD0ED
:10335000814234BF00200120704780F400434E2B8F
:103360004DD8294BEDE75B0607D5914245D0901C1F
:10337000884214BF0020012070479142F9E700F510
:10338000FF4331339BB2102B0AD8A0F500401F4BEE
:103390004F3853F82000002825DA20F00040D7E706
:1033A00000F5FF4320339BB2082B04D8A0F5004062
:1033B000174B6038EDE700F5FF4317339BB2082B3E
:1033C00004D8A0F50040134B6938E2E700F5FF434D
:1033D0000C339BB2032B12D8A0F500430E4A743B6A
:1033E00052F82300D7E7030602D520F08000AFE7AC
:1033F000012303FA01F108407047012070470020C3
:10340000704700BF40110500479104009811050066
:103410001C110500E81005000C1105002DE9F04F06
:1034200093B021F026F806468846092009A9F5F749
:103430001BFD2B4D002851D10446694609A8F5F71C
:103440004BFD0746D0B1FEF7DFF821F024F8A84283
:1034500071EB04033CBF0C46054600F0BFFD21F0B4
:103460001AF8A84271EB04033CBF05460C462846F7
:10347000214621F000F813B0BDE8F08F0099D1E9A2
:103480000223964278EB0303D7D3D1E90C9A0920A3
:10349000B1F800B0F5F7C4FCB9F1000F11D039460E
:1034A0001C2202A828F03CF8009BDA8B1B8CADF89C
:1034B0000420ADF8063052465B4601A9FE20C847FD
:1034C000BBE7009AD2E902329B1B62EB0802AB42D7
:1034D00072EB04013CBF1D461446AEE70024B2E780
:1034E000FFFFE7030A4B19684A8810B512F0010480
:1034F0000CD142F001024A800C80FDF7FFFB23460D
:1035000090F8272040210920F5F7EAFB002010BDA4
:10351000C011002010B5074C23685B88DB0707D576
:103520000920F5F72BFC2268538823F00103538010
:1035300010BD00BFC011002008B509F081FA10B914
:10354000014B024A1A6008BD382F0020DC1105002B
:1035500008B509F0A9FA024B00221A6008BD00BFA5
:10356000382F002010B504F0A1F90446F0B18068AE
:1035700018B120F05DFF0023A360606818B120F04F
:1035800057FF00236360204620F052FF002004F024
:1035900093F9074A00231360064A1360064A136032
:1035A000064A1360064A1360064A136010BD00BF46
:1035B0003C2F0020582F0020602F0020682F002073
:1035C000642F0020402F002038B504F06FF9044626
:1035D000002836D10C2020F027FF054660B1FDF70A
:1035E0008DFB90F82A0000EB8000C00020F01CFF4B
:1035F000A86018B9FFF7B6FF1A2021E0FDF77EFB9F
:1036000090F82B00C0EBC000800020F00DFF686038
:103610000028EFD00C4B0D4A1A600D4B0D4A1A6072
:103620000D4B0E4A1A600E4B0E4A1A600E4B0F4A93
:103630001A600F4B0F4A1A60284604F03DF92046E5
:1036400038BD1220FCE700BF3C2F002035370200B8
:10365000582F0020D9790200602F0020AB660400AB
:10366000682F00202B670400642F00201D670400D2
:10367000402F00206171020010B50D4C237823B952
:10368000FFF7A2FF98B9012323700A4B0A4A1A6078
:103690000A4B0B4A1A600B4B0B4A1A600B4B0C4A35
:1036A0001A600C4B0C4A1A60FFF77EFA002010BD1E
:1036B0004F3B00204C2F002055000200502F0020CF
:1036C00079000200542F00204D040200482F0020F2
:1036D0003D050200442F0020990502002DE9F74323
:1036E00005464FF0000801A80E4691461F46CDF84A
:1036F000048021F031FC044688B9019A0C495672C5
:10370000C2E9009702F10C032A603046FCF74CFE38
:10371000044640B1019821F0F2FBC5F80080204634
:1037200003B0BDE8F083019B01221A72F7E700BFE6
:103730006B5004002DE9F04FBBB004F0B7F805461C
:1037400020F097FECDE90001002D00F0C480AB68A9
:10375000DFF888813BB14FF0000AFDF7CFFA90F80F
:103760002A30534503D840463BB0BDE8F08FAB68E4
:10377000282606FB0AF633441A7A022A40F0928081
:103780001B6A002B59D0AB6803EB0609D9F820302F
:10379000002B52D009F1200B58461DF0ADFD876873
:1037A00005903B7CD9F80C0002930AF03BFE0438EC
:1037B00080B2C828A8BFC8200390059A42B9BC6847
:1037C0007A76002CDFD0FB6839681046A047DAE72C
:1037D000976010461DF01AFF039A397E83B2934218
:1037E0001C46A8BF1446A2B200295ED09B1A18BF7F
:1037F0000123029A059942EA83138DF81830224674
:1038000000230DF119001DF04FFDD9F80C00621CCA
:1038100006A90AF0EBFD00284CD0059958461DF08A
:1038200054FFD9F8200000211EF001F8AB683344A2
:103830001B6A002B18BF4FF00108AB683344DA69EC
:1038400082B3D3E90401009B181A019B63EB0101C9
:1038500020F011FE44F61F63984223D9AB6803EBB6
:10386000060C67460FCF06AC0FC40FCF0FC497E806
:10387000030084E80300604621F041FB06A821F024
:10388000EFFBAB681E44D6E90401009B181A019BAC
:1038900063EB010120F0EFFDC0F59C402030804536
:1038A000A8BF80460AF1010A57E793420CBF0323E1
:1038B00002239EE705A821461DF061FF05981DF033
:1038C000A5FE28B9059821F00EFB05A81DF0F6FC11
:1038D00000233B7671E7DFF8048044E7FFFFE7034E
:1038E000024B1B6803B118470F2070476C2F002054
:1038F000074B1B6810B543B1064B00241C60FFF753
:1039000031FE054B20461C7010BD0F20FCE700BFA8
:103910006C2F00205C2F00204F3B0020014B024AFF
:103920001A607047702F002079360200024B1B6826
:1039300003B118470F207047702F002008B50A4BBD
:103940001B687BB1FFF70EFE084B00201870084B78
:103950001860084B1860084B1860084B1860084B3B
:10396000186008BD0F20FCE7702F00204F3B00209F
:103970004C2F0020502F0020542F0020482F0020D3
:10398000442F0020F0B5104D85B00024182602F019
:10399000DBFDA04202D8002005B0F0BD2B681869FD
:1039A00006FB040000F1090783784278817B0297C7
:1039B000C778019704300090204623F061FA08B9D7
:1039C0000134E4E70920E7E7C8110020F8B5044610
:1039D0001E460D461746FDF791F990F82430A34294
:1039E0001BD3012D1BD80F490B6818201B6960439E
:1039F00003445B783B700B681A6902442A4492784E
:103A000032700B68052101FB05001969043001447F
:103A1000069827F05DFD0020F8BD0120FCE710208E
:103A2000FAE700BFC811002010B50446FDF766F99B
:103A300090F82430A3420DD3074B1B681869182354
:103A400003FB04040023638002F0CCFCBDE81040BB
:103A5000FFF798BF0B2010BDC8110020F0B51D4620
:103A600095B0002307460E46284611A9CDE912332A
:103A700014468DF842308DF8433008F015FA0028CE
:103A80003FD10DF14601304602F094FD002838D1B7
:103A90000DF14B0300930DF142020DF14303E1B22E
:103AA0003046FFF793FF024658BB9DF842308DF831
:103AB0004830154BADF849701E6812AB08939DF85D
:103AC0004330033307939DF86C3005939DF87030B5
:103AD0000493BDF84430CDE90D00CDE90253CDE9A2
:103AE0000B000123CDE9090004340193A4B2BDF811
:103AF0006830009306940146BDF84630306821F0E6
:103B00004AF815B0F0BD00BFC811002070B58AB0EA
:103B100004460E4621F05EFC04A90546204621F02D
:103B200020FD0446B0B90D4B1B681B69182202FB2F
:103B300005339B7873B902F0B5FC9DF824300193EE
:103B4000BDF8103000930296BDF822302246294677
:103B5000FFF784FF20460AB070BD00BFC8110020E7
:103B600010B50F4C2368186920B120F061FC236860
:103B700000221A6120681822002127F0D1FC0024BD
:103B800002F0E2FCA04200D810BD0221204620F045
:103B900036FD10B1002121F01FFC0134F0E700BF19
:103BA000C811002070B54E4D88B004461822286810
:103BB000002127F0B5FC2B689CB11C60FDF79EF836
:103BC00090F824002C6800EB4000C00020F02CFC92
:103BD0002B6820611B693BB9FFF7C2FF1A2008B0B0
:103BE00070BD404A1A60E9E707A823F0FAF80028F8
:103BF00059D0FDF783F8079B90F824209A42EBD325
:103C0000FDF77CF8079B90F824209A4210D80024F6
:103C1000079BA34217D802F097FC079B98424AD80B
:103C2000314D002402F090FCA04249D80020D6E794
:103C300002F08AFC05F0AAF90028E8D0FFF790FF0F
:103C400041F20930CBE7002306AACDE90032029306
:103C50000DF1130205AB0DF11201204623F0CDF852
:103C60000028EBD105990529E8D8069B052BE5D856
:103C70002A681269182606FB04229DF812609673C2
:103C80009DF813609170D370567002F109030432ED
:103C9000CDE901030092034602460146204623F087
:103CA000ACF80134B4E7FDF729F890F8240005F0EA
:103CB00061F90028C2D1FFF765FE0028B0D0BDE74A
:103CC0000221204620F09BFC28B93CB9FFF748FFB1
:103CD00040F2025083E7294621F07EFB0134A1E740
:103CE000C811002019F30200F411050038B504468C
:103CF0000D4602F029FCA04208D9064B1B6818208B
:103D000044431B691B5D00202B7038BD002301203C
:103D1000FAE700BFC811002038B504460D4602F08E
:103D200013FCA04211D920462946FAF7CFFB1823ED
:103D30005C43074B1B681B6920B91D5502F052FB01
:103D4000002038BD00221A55F8E70F20F9E700BF20
:103D5000C81100202DE9F04F9BB017469846BDF8DA
:103D60009090BDF894A0279C834621F033FB0DF181
:103D70005201054602F01EFC0646002878D10DF1DE
:103D80004E02584614AB214620F07BFF82B2834698
:103D90001192002A6CD020461DF038FC119A821A2C
:103DA00092B2BDF84E0011921146FFF7C3FA0028F7
:103DB0005ED01FFA8BF32146119A15A81DF074FAF4
:103DC000BDF84E4048F233039C424BD848F22E03D4
:103DD0009C4250D848F204039C420CD004F5FF44A6
:103DE0007B34A4B2012C43D89DF854108DF85810A0
:103DF0002846FFF791FFBDF84E2048F206039A428D
:103E000036D016A92846FFF771FF9DF858308DF877
:103E10006030012448F207066F4B1B6850461D684E
:103E2000BDF85230119320F0D5FD18A9CDE9074116
:103E3000FF2105919DF8A010119B069608430022D2
:103E4000C0B20121CDE90380CDE90091CDE90D2279
:103E5000CDE90B22CDE9092202971146284620F030
:103E60009AFE05E004F5FF434C339BB2022B6ED95A
:103E70001BB0BDE8F08F02F015FB48F231039C4205
:103E8000064627D1BDF854308342F1D100230DF10D
:103E9000580B8DF84C308DF84D300DF14D0213ABB1
:103EA0000121CDF800B02846FFF790FD9DF84C4069
:103EB0009DF84D30ADF86160052CA8BF0524224661
:103EC00059460DF163008DF86030033427F000FB94
:103ED0000526A1E704F5FF4351339BB2012B0DD812
:103EE000BDF854308342C3D12846FFF79DFD48F208
:103EF0002F039C42BCD1FF28C8D1B9E7BDF855308B
:103F00008342B5D19DF8548002F0CCFA8642AFD1FD
:103F10002846FFF789FD0028AAD12F4B1B681B6993
:103F2000182202FB0533494683F8018048F2320328
:103F3000E31A5C425C4152463B462846CDE90164A7
:103F4000CDF80080FAF7F6FAFFF71CFD90E748F28B
:103F500034039C4210D102F0F7FA854206D21E4B80
:103F60001B681869182303FB0505AE7B8DF860609C
:103F7000012448F237064FE79DF854600F2E24D8ED
:103F800002F0E2FA854223D2134B1B681B69182208
:103F900002FB05339E7302F025FAFFF7F3FC83461C
:103FA00002F0D2FA854206D20B4B1B68186918231F
:103FB00003FB0505AE7B48F236039C423FF458AF45
:103FC000BBF1FF0F3FF454AFD0E74FF0FF0BE7E733
:103FD0004FF00F0BE4E700BFC81100202DE9F04FB0
:103FE0008FB020F046FA0025DFF8A88104460E467F
:103FF0002F464FF0180902F0A7FAB84218D8002D42
:1040000052D0644D2B68D3E90201201A66EB0101FE
:1040100020F031FAB0F57A7F41D82B68D3E902015C
:10402000201A66EB010120F026FAC0F57A7527E028
:10403000D8F800301A6909FB07F3D35C03B10135E6
:104040000137D8E72B6809FB07F81B6913F808103C
:1040500061B10139C9B23846FAF738FA2B68D0B9DC
:104060001A6912F80830013B02F80830013702F0F3
:104070006BFAB842E6D82B68C3E902464FF47A756A
:10408000DFF810B1002702F05FFAB8420ED82846D8
:104090000FB0BDE8F08F1B6903F808A0E6E7002722
:1040A0004FF01809BA46E2E73B4DE9E702213846EE
:1040B00020F0A5FA814600285ED008A921F051FA27
:1040C0008046002858D1BDF82030002B54D0BDF8D0
:1040D00032204FF6FF739A424ED0484600F04AFD18
:1040E00050EA010348D018237B430493DBF80030E7
:1040F000049A1B6913449A78002A3DD09B7B002BBD
:104100003AD0484600F036FDDBF80030049A1B69CF
:1041100003EB020A01229AF80E309A40D31714F0EA
:1041200021FCCDE905000791DAE90401201A66EBCC
:10413000010120F0A0F9069A079B904278EB030258
:104140001CD3484621F08DF8814602F0ABF99DF86A
:1041500034300193BDF8203000934246BDF8323030
:10416000CDF808903946FFF779FCDBF80030049A67
:104170001B691344C3E90446013784E7059A101A02
:1041800063F10003854278EB030338BF28460546F8
:10419000F2E700BFC8110020FFFFE70338B5064B68
:1041A0001B681B681B6804460D4603B938BD2946C9
:1041B000204698470346F8E7CC11002038B50B4D50
:1041C0002B681B681B6804461BB100210120FFF708
:1041D000E5FF2B681B6800200021C3E902010021D4
:1041E0001C600846BDE83840FFF7D8BFCC1100205E
:1041F000074B1B681A6892F82C303BB1937E013B49
:10420000DBB2044882F82630FFF7D8BF0523F8E771
:10421000CC11002015470200044B05481B681B68A1
:10422000032283F82620FFF7C9BF00BFCC1100206E
:1042300059430200034B1B681B68DB6903B1184735
:10424000704700BFCC11002082B002AB03E903002D
:104250000A4B1B681B6893F82C0060B19DF8002086
:10426000012A08D1BDF80210DA8D914204BF93F8FB
:10427000270080F0010002B0704700BFCC11002081
:1042800030B587B06C4684E806000D4909680968B6
:1042900091B1ADF8080094E8030003AD85E805008E
:1042A00005935BB11B78023BDBB2072B06D8054AAE
:1042B000D05C02A9FFF772FF07B030BD0220F8E71B
:1042C000CC1100200C120500024B1B681B6893F8F0
:1042D0002C007047CC110020034B1B681B6893F81F
:1042E0002C0000B1D88D7047CC11002038B5084C97
:1042F00023681B68986A28B923681B6883F837000D
:10430000986238BD056820F093F82846F3E700BFAF
:10431000CC11002038B501460546002020F0C4F934
:10432000044680B90A4B1B681B6893F82C206AB1BD
:104330001A8CAA420AD11A68064B9A4201D1FFF799
:1043400057FF204638BD40F20254FAE70224F8E74E
:10435000CC11002049470200F0B585B020B10828F3
:104360002FD01A4805B0F0BD194B1B6819688B6A2D
:10437000002BF6D0CDE90100ADF80C001C791E7AB7
:10438000024601AD01201F79A74214D10EB11F7A58
:104390008FB1DF8825F8027B18721B6801320BB1E0
:1043A000052AF0D1012CC88D91F8371001AB05D149
:1043B00023F085F9D5E7002AD3D0F3E723F086F977
:1043C000CFE70448FFF7FAFE0020CBE7D147020011
:1043D000CC110020A5460200F8B51C4E0F4620F077
:1043E0005AF833681A4A1B680D4659690446A1FBFE
:1043F000040C01FB05C1002314F0B4FA022FDFF80E
:1044000054C015D0032F17D0012F02D1241A65EB09
:104410000105CCE9000120F02CF8336820181B6856
:1044200045EB0101C3E90201BDE8F84001F0DABF44
:10443000241845EB0105ECE7DCE90037DB187F4188
:104440001B1945EB0705C418F3E700BFCC1100208A
:1044500040420F003814002030B5012885B015D037
:1044600008281DD000283DD11F4D2B681B68012056
:1044700083F827001FF0ACFF2B681B68032193F81B
:104480003500FFF7A9FF002005B030BD164B1B68B3
:104490001B68002483F8274020461FF099FFF2E7AD
:1044A000114B1B681B6893F826203AB1013A83F838
:1044B000262000210620FFF771FEE4E793F82C1078
:1044C0001A8C072361B1022101A88DF80410ADF800
:1044D00008200393FFF7AEFE0448FFF76FFED2E714
:1044E0000121F1E70248CFE7CC1100205546020038
:1044F000FF5104002DE9F843DFF86C90D9F8003043
:104500001B68904693F82C2007460E4602B39C6A1F
:10451000002594B90C201FF089FF28B10771C680CF
:1045200004600472DDB12860B8F1000F10D0BDE85E
:10453000F84300210720FFF731BEE288B2420BD1D9
:10454000227A4AB92279BA4202D0226815B12A6089
:10455000BDE8F8839A62FBE725462468D9E7D9F8D5
:1045600000301B689862DFE7CC110020F0B5052809
:1045700087B00D4623D0062804D002280ED030483C
:1045800007B0F0BD2F4B1B681B6893F82C401CB183
:104590002D48FFF713FE10E02C48FAE7294B1B6863
:1045A0001B6893F82C000028EAD093F8362082F09C
:1045B000010283F83620FFF71BFE0020E0E7214FC1
:1045C0003B681B6893F8362093F82C4082F0010278
:1045D00083F8362003AEECB9DA8D5A84012183F8D2
:1045E0002C100820FDF790F83B681B6830461A8CA9
:1045F000DB8D0394B460ADF81020ADF81230FFF7F6
:1046000019FE204600F000FE044618B1002120F0FB
:10461000F8FDF6E7EB685978D3F802203B681B6891
:10462000188C2B7A0093019601F00103C1F340012D
:1046300002F03AF9EB689B79002BBCD10448A8E75B
:1046400059440200CC1100209D470200154702008A
:104650004947020038B50446F0B9104D1FF0B8FEC6
:10466000FFF744FE2B681B6893F82C2083F8364034
:104670002AB183F82C4021460820FDF745F806F0C2
:1046800053FF2B681B68D88D28B121F097FA2B684F
:104690001B680020D88538BD0148FCE7CC110020FC
:1046A000FF510400042870B506D0062827D115480C
:1046B000FFF784FD002420E0134D2B681A68CB68B7
:1046C00092F837005B788342F4D10133946A82F820
:1046D000373034B92B681B689C625CB1FFF79CFDD6
:1046E000E8E7237A002BF5D0266820461FF0A0FECD
:1046F0003446EEE70548FFF761FD204670BD044CE7
:10470000FBE700BF59430200CC11002049470200DB
:104710005944020008B518B108280AD0074808BD56
:10472000074B1B681B6893F83610D88D23F029F8C7
:10473000F4E70448FFF742FD0020F0E7D14702000C
:10474000CC1100206D450200072838B507D0082895
:1047500019D0E0B90F4B1B681B689C6A14B1FFF7B6
:104760005BFD12E09D7E1A6BD87E00FB152093F84E
:10477000342093F835301344012105FB1300FFF773
:104780002BFE204638BDFFF733FD0024F9E7024C2D
:10479000F7E700BFCC110020FF51040010B518B19D
:1047A00008280AD0074810BD074B1B681B68014644
:1047B000D87EFFF711FE0020F5E70448FFF7FEFC66
:1047C000F9E700BFFF510400CC110020154702009B
:1047D00010B5044648B9064B1B681B68012193F8C5
:1047E0003400FFF7F9FD204610BD0248FCE700BF8A
:1047F000CC110020FF510400F8B5114D0026002710
:104800002B681B68D3E90223134317D01FF031FE36
:104810002B681C68D4E90232984271EB020C06D274
:10482000181A62EB0101BDE8F8401FF024BEC4E98C
:10483000026700210820FFF7B1FCE1E70148F8BD5D
:10484000CC110020FFFFE70330B50C4687B00828E5
:1048500044D8DFE800F0050F4326434343431300E9
:1048600001201FF0B5FD02214FF47A70FFF7B4FD6F
:10487000002034E000201FF0ABFDF9E7194B1B6866
:104880001B681B8CADF8103001224FF4A16303A804
:104890008DF80C200593FFF7CDFC1348FFF78EFC35
:1048A000E6E7C9684878D0B10E4D88782B681A6859
:1048B000537E9842DCD32088D085B1F80510938CC4
:1048C000128C0091012121F047F92B68E2681B68E6
:1048D000527883F83520FFF78BFCC9E7034807B00F
:1048E00030BD00BFCC11002055460200FF5104002E
:1048F0002DE9F043194D2B6819684C7E0F69888C9F
:104900000E7E81F83460012C4FF0640288BF04F100
:10491000FF3407FB02F200F1010085B088BFB4FA52
:1049200084F40A638884B1F82080B1F822908CBFA7
:10493000C4F12004002401F007FE2B681B68C0B2FC
:104940009B8C0293CDE900903B463246E1B2404653
:1049500022F0C3FE05B0BDE8F08300BFCC110020FB
:1049600010B518B1082809D0064810BDFFF7C0FFE0
:1049700001216420FFF730FD0020F6E70248FFF731
:104980001DFCF9E7FF51040049480200F8B505464F
:1049900001F08EFD030728D5FCF7B0F990F826301A
:1049A0002BB3002002F078F8042823D1154E336889
:1049B0001B680BBBFEF7C0FD0446A0B93820376862
:1049C0001FF032FD336838601B68C3B10E4A07CA56
:1049D00003F1100686E80700DD610C48FFF7EEFBE7
:1049E0000B4B0C4A1A602046F8BD0F24FBE740F23F
:1049F0000354F8E70224F6E740F20654F3E71924DB
:104A0000F1E700BFCC11002034120500554602002A
:104A1000742F00201412050010B50B4C23681B687E
:104A200043B1FFF763FC236818681FF001FD23689A
:104A300000221A6001201FF0CBFCFEF789FD034B1A
:104A40000020186010BD00BFCC110020742F002082
:104A500010B5044601F02CFD030741BF054B1B6850
:104A60001B68103349BF93E807000F2084E8070054
:104A7000002010BDCC110020D8B103680E4A0A3BBB
:104A8000934216D8037A092B13D9437A023B7E2B23
:104A90000FD8837A013B0A2B0BD8C37A642B08D832
:104AA000064B1B6807C81B68103383E8070000200B
:104AB00070472120704700BFF5BB3400CC110020A7
:104AC00038B50146054600201FF0EEFD044660B9EA
:104AD000084B094A1B681B681968914208D10748AE
:104AE0001D84FFF76BFB204638BD40F20254FAE705
:104AF0000224F8E7CC11002055460200614902006B
:104B0000F0B5014687B0054600201FF0CDFD0446F4
:104B100030BB164E33681B6893F82C201AB31F8CD9
:104B2000AF4220D1D98D019120F0F4FF3368019973
:104B30001B6802469B8C384622F071FE33681B6866
:104B400005941B8CADF81030022203A88DF80C20C0
:104B5000FFF770FB0648FFF731FB204607B0F0BDBA
:104B600040F20254F9E70224F7E700BFCC1100201D
:104B70005546020010B5037B064A990902EBC104B1
:104B800052F83100626803F03F03A0FB030103FB0E
:104B9000021110BD281505002DE9F04104460D460F
:104BA0001FF067FCD4F8293006460F4653B1D3F8FE
:104BB0000880B8F1000F05D0204620F052FB0146D6
:104BC0002046C0476DBB2046FFF7D4FF50EA0103E3
:104BD000054605D11B4D2846BDE8F0411FF05BBCE2
:104BE000637B03F0070384F827301FF054FC94F82C
:104BF0002730801947EB0101C4F80F00C4F81310E7
:104C0000002BE8D0637B3220DB0803FB00001FF0A1
:104C100042FC801947EB0101C4F81700C4F81B10CF
:104C2000D9E794F82730002BD4D0013BDBB284F8CD
:104C30002730002BCED0657BEB08322503FB0555D2
:104C40002846E4E7FFFFE70310B5064C23685868E1
:104C500020B11FF0EDFB236800225A602368002278
:104C60001A6010BDD0110020014B1B6818687047F6
:104C7000D011002038B5044B1B6804465D6820F055
:104C800048FB04FB005038BDD011002070B51C4615
:104C9000164B15461A681368013313600E46FFF76A
:104CA000E9FFFF220323027242728272C272827B88
:104CB0000370002363F3000246700373437345805F
:104CC00084808371C371827380F8353080F8363008
:104CD00080F8373080F8383080F8313080F8323062
:104CE00080F8333080F8343070BD00BFD011002020
:104CF0002DE9F04F93B0064688460792FBF7FEFF7A
:104D000090F82530B342C0F05981AE4D2B685C68F5
:104D1000002C40F0558120F0FCFA0746FBF7EEFF2F
:104D200090F82500D5F8009078431FF07DFB2B68A4
:104D3000C9F804005B68002B49D1FFF785FF1A24EE
:104D4000204613B0BDE8F08F08EB070302229D78E0
:104D5000DB7804931146049AAB1C11FB02335B0011
:104D600005933B1D069308EB030B04EB05094C452B
:104D700018D102231A46069B12FB0535049B2344D7
:104D800045441C46A14505F1040515D1059B0AF1D2
:104D9000010A1F44079B9F42D6D38B4C4FF000095A
:104DA000002721E020463BF8023B4FF6FF725146B8
:104DB000FFF76CFF0134DAE7484635F8023C35F876
:104DC000042C5146FFF762FF09F10109DAE70A27CF
:104DD000A246DFE7384601F0BDFB34F8061C8046EA
:104DE00001F098FC18BB013701F0AEFBB842F1D8D6
:104DF00009F10109B9F1100F04F11604D0D108A886
:104E000021F03BFE002800F0C480089BB342994685
:104E1000A8BFB146B34224D14FF00008C24609AD45
:104E2000C84527D1B145C0F0AA80002488E734F8EE
:104E3000041C404601F06EFC05460028D3D0A34672
:104E40004FF0000A14F8023C5345CCD93BF8021B42
:104E5000404601F05FFC08B1C0F831500AF1010A88
:104E6000F0E7304604F056F804460028D4D0FFF7A7
:104E7000EBFE65E74046FFF7FDFE0023CDE901AA02
:104E8000074600950AAA1946404621F002FE04464C
:104E90000028ECD1FBF732FF0A9B42899A4201D2EB
:104EA0001A24E4E7FBF72AFF099B82899A42F7D389
:104EB000FBF724FF4489FBF721FF8389640004EB9F
:104EC0004303393339343B443C44CDE90054029325
:104ED0000AAA07F139030CA9404621F0DAFD04467D
:104EE0000028C4D1BDF830001FF064FB022844D173
:104EF0000BA90DF1320001F0FFFD04460028B6D1E8
:104F00000B9B3B72BDF83030FB80BDF84230A7F8F8
:104F100009309DF84430FB729DF845203A739DF8A6
:104F200046307B739DF84730B97BC3F3000363F3CE
:104F30000001B973AAB102210BA822F017F9BDF83C
:104F40002C00C0F3080014301FF0A5FA04468B466D
:104F50001FF08FFA20184BEB0101C7F80F00C7F8BC
:104F600013100A9BA7F83530D7F8313013B9099BD5
:104F7000A7F8373008F1010852E7FF23C1E7484698
:104F800020F0D4F9044600287FF471AF09F101093B
:104F900048E7304603F08AFF044600287FF467AFF5
:104FA000B4423FF442AF204620F0C0F9054618B1A4
:104FB000FFF74AFE2C46C3E60134F1E72124BFE6A1
:104FC0000224BDE6D01100204E1505002DE9F04366
:104FD000184F002307EBC306B488844203D804F1BA
:104FE0001F0585421BDA01330F2BF3D10020BDE8EA
:104FF000F08357F833C00EFB04F60CEB06090134BE
:10500000D9F8029019EA050F1EBF3CF8066022F895
:1050100010600130A045EAD98142EAD8E7E7001BD9
:1050200001258540002096F8068004464FF0060EC4
:10503000F0E700BFB0140500044B1B6810B55C68B6
:10504000041B20F066F9B4FBF0F010BDD011002075
:105050002DE9F047044620F04EFA002840D02046C3
:1050600020F0D9F8204F0646002500F1FF38ABB2FA
:105070009E4214D823461A46D3F83130002BFAD179
:1050800082F8373082F838302046D4F83140002C8E
:10509000FAD1FFF7D1FFBDE8F04720F047B93B68F0
:1050A0004FEA45095BB12046D3F818A020F0BBF8C1
:1050B000A8EB0503594230F815005941D047204666
:1050C00020F0B1F830F809001FF074FA022805D179
:1050D000204620F0B5F8405D01F080FD0135C6E7BF
:1050E00041F20830BDE8F087742F00202DE9F84F19
:1050F0001FF0BFF907464248DFF808A188461FF0B5
:10510000CAF94FF0000906460D464FF6FF7BDAF864
:1051100000301B684B4505D830462946BDE8F84F9E
:105120001FF0A9B94846FFF7A5FDC38804467BB325
:10513000B0F809305B452BD0FFF71CFD50EA0103A6
:1051400011D0D4F80F30D4F813209F4278EB02012D
:1051500041D300212046FFF71FFDB04271EB05034C
:1051600001D206460D4694F827308BB1D4F817309B
:10517000D4F81B209F4278EB020136D30121204650
:10518000FFF70AFDB04271EB050301D206460D465A
:10519000D4F82930E3B1DB68D3B1D4F81F10D4F8C8
:1051A00023208F4278EB020205D320469847C4F8AB
:1051B0001F00C4F82310D4F81F30D4F82320DB1BC1
:1051C00062EB0802B34272EB05013CBF1E46154676
:1051D00009F101099BE7DB1B62EB0802B34272EBAA
:1051E00005013CBF1E461546BDE7DB1B62EB08020E
:1051F000B34272EB05013CBF1E461546C8E700BF2F
:10520000FFFFE703D01100202DE9F041DFF85080C7
:1052100007464FF480360024D8F800301B68A342BC
:1052200002D8B0B2BDE8F0812046FFF723FD054665
:10523000FBF764FD428905EB420239320021284622
:105240001FF0E9FF814201D30134E5E732F8023B68
:10525000BB4202D99E4228BF1E460131EFE700BF84
:10526000D01100202DE9F041DFF8508006460F46AE
:105270000024D8F800301B68A34202D80020BDE803
:10528000F081BC4201D10134F3E72046FFF7F2FC84
:105290000546FBF733FD428905EB42023932002116
:1052A00028461FF0B8FF8142EDD232F8023BB342EC
:1052B00001D00131F4E70120E1E700BFD011002067
:1052C0002DE9F74304461FF0A6FF074620460E4689
:1052D000904620F010F9002800F08A8030461FF038
:1052E00069F9022870D1B8F1000F00F0878001A998
:1052F000404601F001FC0546002858D0FBF7FEFCB3
:105300008389BB427ED030461FF054F9022869D110
:1053100001A9404601F0F0FB002857D12046019D2D
:105320001FF08EFFC555019801F042FC20461FF08A
:105330007AFF20F8176020461FF06DFF013080B221
:1053400023461A46D3F83130002BFAD1A2F83700A1
:105350002046FFF771FE01463046FFF783FF30B964
:10536000294B1B681BB15B690121304698472046D9
:10537000D4F83140002CFAD1FFF75EFE03B0BDE84F
:10538000F0431FF0D3BF20461FF04DFF30F8193017
:10539000B34207D120461FF053FF019B10F80920AC
:1053A0009A4227D009F10109B945ECD3A6E7814615
:1053B000FAE720461FF037FF30F81530B3421FD010
:1053C0000135BD42F5D399E70025FAE701A940462A
:1053D00001F0B0FB054668B92046019D1FF030FF83
:1053E000C555A3E720461FF02BFFFF23C3559DE7BC
:1053F00041F20835284603B0BDE8F0832125F9E7DE
:105400000025F7E71A25F5E7742F00202DE9F8436A
:1054100004460E46154620F06EF8002860D030464F
:105420001FF0C8F8022801D1002D5CD000252046CD
:105430001FF0F1FEABB2984203D840F20250BDE833
:10544000F88320461FF0EFFE1FFA85F9074630F873
:105450001930B34200EB490805F10105E7D13046A8
:105460001FF0A8F8022806D120461FF0E9FE10F828
:10547000090001F0B3FB20461FF0CDFEA0EB0900B0
:10548000421E09F1010107EB41015200404626F09E
:105490002DF820461FF0BFFE013880B223461A4681
:1054A000D3F83130002BFAD1A2F837002046FFF7AD
:1054B000C3FD01463046FFF7D5FE30B90B4B1B68E4
:1054C0001BB19B690121304698472046D4F83140F2
:1054D000002CFAD1FFF7B0FDBDE8F8431FF026BF5E
:1054E00041F20830ABE72120A9E700BF742F00206C
:1054F000014B1B689B681847D81100202DE9F04F1D
:105500008FB08246049300230993414B1C680D46DB
:1055100090462CB10092646809AB0BAAA0470446E0
:105520000AA9002008F0B0FD064638B98146002CD3
:1055300051D10A9B4B4505D841F2050630460FB0C4
:10554000BDE8F08F0DF122024946204608F0CEFD5D
:1055500000283BD1AB79BDF822B00C33EF180DF128
:105560002101EB5C0593584606F04EFD70BB059B90
:10557000384603F07F03059320F0BFFA0BAF099084
:105580000090CDE90157059B52465946012020F075
:105590007CFAF0B19DF82120059B013A012A15D82B
:1055A000099A0092CDE9015752465946204620F00B
:1055B0006CFA58B906AF5946384620F06BF997E8AF
:1055C000030088E80300C8F80440012409F1010938
:1055D000ADE70124EEE79DF82D300499DA090A7051
:1055E000189A03F07F031370199B099A1A600DF142
:1055F0002E0020F070F91A9B1B9A1860BDF831300C
:105600005BBA1380BDF833301C9A5BBA138095E700
:10561000382F002007B502AB03E903009DF80030E6
:10562000BDF8020063B1012B02D1074B1B6813B90F
:105630004FF6FF7004E0DB6898470028F8D04088F8
:1056400003B05DF804FB00BF382F00202DE9F04FB8
:105650009DB00AAF87E803000793BDF8A430089314
:1056600000219DF828300993CDE90E11131E97E80B
:105670000300069314BF4FF008094FF00409DDE959
:105680002668BDF8A0502A9C9DF8ACA0FFF7C2FF89
:105690000DF13701074606F0B7FC834600283BD1E1
:1056A0009DF83710099B013918BF012183BB0DF10B
:1056B000360300930EAA0FAB384606F04FFD834623
:1056C00050BBBAF1030F4FEA15274FF00002EDB2BD
:1056D00065D18DF840A08DF8412041460DF1420082
:1056E00020F001F931460DF149008DF845708DF833
:1056F00046508DF847208DF8482020F0E4F82068C7
:1057000002211BF0C5FE002854D14FF01A0B03E014
:10571000012B17D04FF0210B10A80D2122F03BF9DF
:1057200014A8102122F037F9102118A822F033F91B
:105730000EA823F04DF80FA823F04AF858461DB0E4
:10574000BDE8F08FDFF844B10991DBF80030002BA1
:10575000E0D0DB68BDF82A0098470028DAD0DBF8F3
:1057600000C0BCF1000F00F08E800DF1360EC38832
:105770008288CDF810E00DF13C0ECDF80CE00DF173
:10578000380ECDF808E0B0F80AE0CDF804E0008962
:105790000090DCF814B009993846D8478FE7079B8A
:1057A00006998DF8402003F07F0343EAC1138DF87A
:1057B000413092E7206083791844089B1B0A0373E9
:1057C0000DF1600A089B4373CDE9009A0E98226898
:1057D000002310A923F0D0F8834600289CD120682C
:1057E0004A4651461BF027FF81458ED1594610226B
:1057F00014A825F095FE31460DF1550020F063F810
:1058000007225B4621680DF159001BF04DFD0F98F2
:1058100014A923F04DF9834600287FF47DAF20685A
:1058200007211BF035FE00283FF46FAF20609DF884
:105830003630827903F07F030C3243EAC616079BA9
:10584000865400EB020903F07F02069B42EAC31272
:1058500089F8012009F10200414620F044F889F856
:10586000057089F8065023689A790C321344981D04
:1058700014AA13F8014F12F8011B984281EA04019F
:105880001970F6D148E74FF00F0B45E7382F00208D
:105890002DE9F0418AB00DF12008BDF85040BDF867
:1058A000545088E80C0006469DF840200792204698
:1058B0000F461FF0D0FF079A70B1294620461FF00F
:1058C00085FF431C079A0DD1224B1B6813B1DA6880
:1058D0000132DA60212039E02946204607921FF084
:1058E000A0FFEEE7023007D11A4B1B68002BF1D066
:1058F0001A6901321A61EDE70023059316ABCDE971
:105900000353139B0193129B0093029498E80300A6
:105910009DF84430FFF79AFEC0B90F4B1A681A9BE6
:105920000593199B0493189B03939DF82030591EEF
:105930004B424B410293179B0193169B0093D2F865
:1059400004802B46224639463046C0470AB0BDE89F
:10595000F08100BF902F0020D811002070B590B0CA
:105960000CAC84E80C0000230F938DF83B309DF8BD
:105970003030012B05460E4607D194E80300FFF7AF
:1059800049FE014620461FF085FFB54208BFB5FA23
:1059900085F41A984FF000010CBF640901241BF034
:1059A000E9FC0F90A0B93D4B1B685CB113B1DA6AFA
:1059B0000132DA620F981FF028FF0FA81BF07EFC5F
:1059C00010B070BD002BF5D09A6B01329A63F1E7ED
:1059D000EDB9334D2B681A785B789A4210D20121C9
:1059E0000DF13B0021F0C2FB29689DF83B304A785D
:1059F0000978521A93FBF2F102FB11338DF83B3018
:105A00002B689DF83B201B7813448DF83B301D9B81
:105A10000A931C9B09931B9B0893012307930F9BDD
:105A20000693BDF864300593BDF860300493179B6E
:105A30000393169B02939DF8543001939DF85030C8
:105A400000939DF83B10DDE90C233046FFF720FF63
:105A5000124B1B68A0B15CB11A280CBF02220322B2
:105A6000002BA7D003EB82035A6A01325A62A1E7E6
:105A7000002B9FD01A3818BF012003EB8003A3E747
:105A800034B113B11A6A01321A6200230F9391E7FD
:105A9000002BFAD05A6B01325A63F6E7902F0020A0
:105AA000D81100202DE9F04F97B01D46249BBDF87A
:105AB0008880BDF88C400DF1380A8AE8030016464C
:105AC000002B00F0E6809DF83890B9F1000F2DD141
:105AD00020461FF0C0FE07462046D7B100F046FD25
:105AE00020B36D4B6FF07F021B680592249ACDF8AE
:105AF0000880CDE90342219A0192209A0092DC6845
:105B00009AE803002B463246A047002017B0BDE8B4
:105B1000F08F1EF04FFD042829D00238C3B2012BAC
:105B200004D8B946FFF7A0F8484510D8012D48D150
:105B30005A4B1B6813B11A6C01321A6420AC54F82A
:105B4000100F1FF062FE20461BF0B8FBDDE7484651
:105B5000FFF790F84FF0000B824650461FF006FE0C
:105B600058451DD8002309F10109002BDAD02498EB
:105B700000211BF0FFFB0028D8D0474B6FF07F02BD
:105B80001B68CDE90402CDE90284219A0192209A92
:105B90000092DF68DDE90E012B463246B847C5E7C3
:105BA000594612AB0DF1460250461FF0E3FD0BF1D2
:105BB000010B0028D1D1BDF84630A342CDD101233D
:105BC000D1E7FBF717F8002858D1DDE927B7DDF852
:105BD00098A04FF0000921E048460AF093F90D9093
:105BE000D0B10AF099FAB8B1249B0D99CDF81CA058
:105BF000CDE90543219B0393209BCDF81080CDE98F
:105C000008B7CDE9015300960EAB0CCB0846FFF761
:105C1000A5FE0027BB46BA4609F101090AF06CF956
:105C20004845D9D8FAF7E6FF002887D0289B0A9381
:105C3000279B0993269B0893249BCDF81080CDE9E0
:105C40000543219B0393209B00960021CDE901533E
:105C50000791DDE90E230846FFF71AFE0F4B1B687C
:105C600080B1002B3FF452AFB0F11A0218BF0122ED
:105C700003EB82039A6B01329A6347E70027BB4626
:105C8000BA46A6E7002B3FF441AF5A6B01325A6384
:105C90003CE721203AE700BFD8110020902F0020D8
:105CA0002DE9F041DFF868801C4605460E46D8F81D
:105CB000000017460021142225F032FCD8F80030ED
:105CC00084B122781A7062785A70D8F8003077B1AF
:105CD000DF607EB19E6085B15D6000F09BFA0020C0
:105CE000BDE8F081064A117819705278ECE7054A50
:105CF000DA60EEE7044A9A60EDE7044A5A60ECE79E
:105D00009C190500F1B00200B5970400C1FF020024
:105D1000D8110020024B14221868002125F000BC85
:105D2000D81100202DE9F0414FF6FF7398428AB058
:105D3000054601D1012422E0C31D9BB2022B78D974
:105D40001EF038FC044600F0B3FBC1071BD54FF62C
:105D5000FE739D4217D102238DF8023005AA00235D
:105D600001A90DF102008DF804308DF81430FBF715
:105D700067FA9DF80240012C14BF0024012420463C
:105D80000AB0BDE8F081820707D54FF6FC739D424B
:105D900003D1FBF74FFA0128EEE7430706D54FF68C
:105DA000FD739D4202D1FBF71DFBF4E7224B1B68FC
:105DB0001BBB012C27D0023CE4B2022C39D80021B5
:105DC00005A8FBF761FBBDF81E30AB42B2D04FF027
:105DD00000084446FEF748FF4045D0D9002CCED1FC
:105DE0004046FEF747FF2646074638461FF0BEFCF2
:105DF000B0420FD808F10108ECE79B6928469847A4
:105E0000002897D1D5E728461FF025FD041E18BFAE
:105E10000124B4E701AB0DF10202314638461FF010
:105E2000A9FC20B9BDF80230AB4208BF01240136FD
:105E3000DBE70024A3E700BF342F00202DE9F04F5B
:105E40009BB00DF14E03049313AB039315AB029378
:105E500014AB019316AC12ABCDE90E2100930546AD
:105E60000DF1470322460020FFF748FBDFF8588278
:105E7000D8F8003060B113B11A6801321A600F9877
:105E80001FF0C3FC0FA81BF019FA1BB0BDE8F08F80
:105E900013B15A6801325A60874B1B6813BB022347
:105EA00018AA0DF14B010DF14A008DF84A30BDF8EA
:105EB0004C60BDF84E709DF84790FBF7C1F99DF816
:105EC0004A30012B15D14A46394630461FF0A9FC0D
:105ED000431C14D1D8F80030002BD0D0DA6801323E
:105EE000DA60CCE794E803005B6898470028D6D0D6
:105EF000C5E74A46394630461FF068FCE8E70230FD
:105F000007D1D8F80030002BB9D01A6901321A61D4
:105F1000B5E79DF85830012B10D8DDE91412BDF813
:105F20004C30BDF85A0000F08BF938B9D8F8003081
:105F3000002BA4D09A6801329A60A0E794E803008D
:105F40009DF84730BDF84E700A93149B0B930DF1EA
:105F5000600B159B0C938BE803000F9B9DF848602A
:105F6000BDF84C909DF858A00D9338461FF073FC77
:105F700058B948461FF06FFC38B9012E09D8D8F837
:105F8000003013B19A6A01329A62002D00F0D58078
:105F900037E0FBF74FF9013EF6B2044630B9474B04
:105FA0001B68002B45D01B6898470446012C40F025
:105FB0008D80434B1B681B69002B3CD14FF00008C0
:105FC0000DF1600B09F098FF844255D3002D00F0CD
:105FD00085800D9B8DF860A0CDE905730C9B039324
:105FE0000B9BCDF810900021CDE90163CDE908119C
:105FF0000A9B009307911AAB13E90C002846FFF7A0
:10600000ADFC28460AF02AF80446002800F09580E6
:1060100020F0BAFB002800F090802A4B1D68002D6C
:1060200000F08B800023BDF84C101A462046A8478C
:1060300083E00220B9E738461EF0BCFA0128BDD142
:1060400038460AF04FF801460028B7D00023CDE9C2
:10605000083307930D9BCDF81090CDE905730C9B89
:1060600003930B9BCDE901630A9B00939BE80C0013
:106070002846FFF773FC88E7204609F043FF854276
:10608000014616D00D9B8DF860A0CDE905730C9BE1
:1060900003930B9BCDF81C80CDE90163CDE9088803
:1060A0000A9BCDF8109000939BE80C002846FFF760
:1060B00055FC013486E700BF742F0020942F002088
:1060C000D8110020602F0020902F0020D8F8003039
:1060D00013B15A6A01325A62002D92D10223002470
:1060E0000DF14B020DF14A010DF149008DF84930D7
:1060F0008DF84A408DF84B40FBF7A2F89DF84930E7
:10610000012B02D0BAF1010F3DD10D9B8DF860A09B
:10611000CDE905730C9B03930B9B0794CDE90163B9
:10612000CDE908440A9B0093CDF810901AAB0021EA
:1061300013E90C000846FFF711FCBDF84E001F4C98
:106140001FF089FB38B31E4B0E9A1B6805920F9AFD
:106150000492BDF84E200392BDF84C200292159A8D
:106160000192149A0092DD689DF847209DF848300E
:10617000DDE91601A84700230F932368D3B90E98D1
:1061800001F0BCF87BE60D4B1B68002BD5D05A6A9A
:1061900001325A62D1E7BDF84C10BDF84E00FFF74E
:1061A000C1FD0028CFD12368002BE8D0DA69013285
:1061B000DA61E4E79A6901329A61E0E7902F002002
:1061C000D811002010B5084C2368186820B11EF0C3
:1061D0002FF9236800221A6020681022BDE81040C1
:1061E000002125F09DB900BFD411002038B5FAF781
:1061F00085FDC089064CC00025681EF015F923688E
:1062000028601A6812B10020586038BD1A20FCE7D7
:10621000D411002070B5094D2B681E680024C3E915
:1062200001443EB1FAF76AFDC2892146D2003046E8
:1062300025F076F92B680122DA6070BDD4110020B8
:106240002DE9F0412A4C98462368DB6807460D4645
:1062500016460BB9FFF7DEFF23681A68002A2BD019
:1062600026F07F469A6846EAC57500262368596875
:10627000B14224D81A689E6802EBC60322F8367031
:10628000C3F80250A3F80680FAF738FDC3892268E4
:10629000013B9E4218BF2368556816BF9B680023C8
:1062A00001339360FAF72AFDC38922689D4223686F
:1062B0005B6818BF013353600120BDE8F0818AB1EB
:1062C0002368013A196801EBC20331F83210B94270
:1062D00006D1D3F80210A94202D1DB88434505D08C
:1062E0000136C3E7FAF70AFDC289E9E70020E4E7CF
:1062F000D4110020034B1B680BB11B681847022008
:10630000704700BF942F0020034B93F86010986DE6
:1063100001F0010120F062BB50140020F8B50B4ED3
:10632000054600240C27FAF7E9FC90F82620E3B292
:106330009A4201D8002007E0326F7B43D018D35A2D
:10634000AB4204F10104EED1F8BD00BF50140020AF
:10635000034BD3E91D32125C03EB001120F000BBAC
:10636000501400201FB500B131B90B4B002283F847
:106370002C2005B05DF804FB6A4622F0B6FA00282E
:10638000F7D1054B009A9A6210210122684683F8E2
:106390002C2021F000FBECE75014002008B532223D
:1063A000054840F26661FAF7F7FB044A136843F0C8
:1063B0000103136008BD00BF842F00208C2F002034
:1063C00010B5064C2368DB0703D5054B18681EF093
:1063D0003BF8236823F00103236010BD8C2F0020BD
:1063E000842F002013B50C490B6813F0020204D06F
:1063F00043F004030B6002B010BD084C019220680A
:106400001EF022F8019A40F26661204602B0BDE813
:106410001040FAF7C1BB00BF8C2F0020842F002052
:1064200010B51C4805F010FB1B4B1B680BB102F0AC
:10643000E9FA1A4CFEF708FCE06E18B11DF0F8FFFF
:106440000023E366206F18B11DF0F2FF00232367DD
:10645000606F18B11DF0ECFF00236367A06F18B1E7
:106460001DF0E6FF0023A367606818B11DF0E0FF90
:1064700000236360E06808B11DF0DAFF8822074856
:10648000002125F04DF8064A0023C4F8203153605E
:1064900010BD00BF11660200502F002050140020D4
:1064A00070150020014B5B6818887047501400205D
:1064B000014B5B681889704750140020F8B50E46F0
:1064C00030B3164D164BEC6E041B67105F43FAF7A2
:1064D00015FCEB6E1C44D4F80650B5F1807F19D240
:1064E0000368B5FBF3F2691CB1FBF3F39A42C4F8FD
:1064F00006100BD16FF07F42AB1A5A425A41384610
:1065000020F092F908B906B13560F8BD0122F6E72E
:106510002120FAE740F20350F7E700BF50140020B3
:10652000C54EECC450B1064BDB6EC0F80610C31A62
:1065300004485B100122584320F076B921207047AF
:1065400050140020C54EECC4014B186B704700BFBF
:1065500050140020044B1A6B824283BFDB6E1A2258
:1065600002FB0030002070475014002070B5044634
:106570001EF020F8012806D1074B1A251A6BD96E98
:1065800000239A4201D1002070BD05FB03108688CC
:10659000A642F9D00133F4E75014002008B51EF0EC
:1065A00019FF034BDB6E1A2202FB003008BD00BF4F
:1065B00050140020074B1A6B824208D939B1DB6EA8
:1065C0001A2202FB003083880B80002070472120B4
:1065D000704700BF50140020034BDB6EC01A034B02
:1065E00040105843704700BF50140020C54EECC403
:1065F00040B1054B8180DB6EC01A044B40105843FC
:1066000020F05BB92120704750140020C54EECC427
:106610002DE9F0430378032B89B0044620D0062BE4
:1066200026D0012B3BD141880020FAF761FC61881C
:10663000002009F097F802A86588FAF7D9FEBDF89E
:106640001000A84206D10023CDE900331A461946AE
:10665000FAF7DCFE608809B0BDE8F04302F0B6BC92
:106660004379032B1BD009B0BDE8F04323F07AB87F
:106670004188DFF89C900120FAF73AFC61880120FC
:1066800009F070F8B4F802800026D9F830309E4244
:1066900008D366880024FEF7E7FA844226D309B0BF
:1066A000BDE8F0833046FFF755FF00270546D5F8D3
:1066B00012309F4206D30027D5F816309F420BD3E5
:1066C0000136E2E73A46002128461FF032FA4146F9
:1066D0001FF01AF80137EAE73A46012128461FF071
:1066E00028FA41461FF010F80137E5E72046FEF78B
:1066F000C1FA02A905461EF034FF30B9BDF81A30C0
:10670000B34202D128461EF0DCFF0134C3E700BFCC
:10671000501400202DE9F843144BD0F80A60DC6EC9
:10672000D0F81280124B041B64100F465C43B04437
:106730004FF6FF79464501D3002513E03046FEF7BA
:1067400099FA05461EF046FEA04201D00136F1E757
:1067500028461EF099FE4845F8D128461EF092FEC4
:10676000B842F3D12846BDE8F88300BF501400209A
:10677000C54EECC42DE9F843134BD0F80E60DC6E27
:10678000D0F81690114B041B64100F4690465C43E2
:10679000B1444E4501D3002513E03046FEF76AFAB6
:1067A00005461EF017FEA04201D00136F1E728464B
:1067B0001EF06AFEB842F8D128461EF063FE40453E
:1067C000F3D12846BDE8F88350140020C54EECC430
:1067D000014B986D704700BF50140020014B986525
:1067E000FFF792BD5014002008B5044B83F86000F9
:1067F000FFF7F8FDBDE80840FFF786BD5014002004
:10680000014B93F8600070475014002008B51DF04C
:106810001DFE054B93F8632012B99B6EC01A08BD8C
:106820004FF0FF30FBE700BF5014002010B50446C6
:106830001DF00CFE014B001B986610BD501400208B
:1068400008B51DF003FE014B986608BD50140020EA
:10685000014B93F86400704750140020F8B5104CB9
:1068600094F86030834206460D46174602D1A36D68
:106870008B4213D00B4B1B680BB19B6A984722F0DD
:1068800071FF94F861303BB9012384F8613084F8DA
:106890006260E56584F86570FFF7A4FD0020F8BD2F
:1068A00050140020342F00202DE9F04F85B0DFF880
:1068B00024810F9F0C460021396082460846164607
:1068C0009B468DF80F1005F0D9FAD8F8583098F893
:1068D00060909E4205464FF0000135D1B9F1010F9D
:1068E0000CD15CB998F8633043B12246314620465A
:1068F000FFF7B4FF09F00AF9C7F800900DF10F0196
:10690000504605F081FB9DF80F30012B58D19DF8C2
:106910003830012B15D1BBF1000F14BF0224032422
:106920002146504605F000FE01233B60BBF1000FFD
:1069300007D0022C05D1264B1B6813B1DB6A5046E9
:10694000984705B0BDE8F08F78B9B9F1000F17D1BD
:10695000B4B1F31A012B13D14A46314620460193B4
:10696000FFF77CFF019B3B60C8E7B9F1000F23D123
:1069700024B34A4631462046FFF770FF0123F2E771
:1069800098F86430002BB9D0D8F830309D420BD342
:106990003046FFF723FF2046FFF726FF002388F845
:1069A0006430FFF74DFFE9E72846FFF7D3FD0021EC
:1069B000FFF7B8FD0135E7E70D46E5E72546E3E7D4
:1069C000022BBED1BBF1000FBBD10324A8E700BF4F
:1069D000342F00205014002038B50A4B04461D6F98
:1069E000FAF78CF990F826300C2202FB03550C3D87
:1069F0002046A84201D3002003E030F80C3F002BD2
:106A0000F7D038BD5014002008B5FAF777F990F8A0
:106A1000260038B1044B186F03881BB9BDE8084045
:106A2000FFF7DABF08BD00BF5014002000487047D0
:106A30006414002030B5064C034600F110051868B8
:106A40005968224603C20833AB421446F7D130BD21
:106A50006414002008B5054B186800B18047044B4A
:106A60009B8C23F4C073184380B208BD802F002094
:106A700050140020014B9884704700BF5014002030
:106A8000044890F82C30002B00F1280008BF0020AB
:106A9000704700BF50140020014B1878704700BFAA
:106AA0005014002010B5044C0429217002D11DF0AF
:106AB000CDFCA06610BD00BF5014002038B50546BF
:106AC0000C46FAF71BF9C38AAB4211D9094B9A6FEE
:106AD000525D6AB164B1586F00EB051000F110030C
:106AE00050F8042B44F8042B9842F9D1002038BD0B
:106AF0002120FCE750140020F8B50D4F05460E4646
:106B00000024FAF7FBF8C38AA34202D840F20250ED
:106B10000BE0BB6F1B5D4BB1786F1022294600EB79
:106B2000041024F0C5FC08B93460F8BD0134E8E76E
:106B3000501400202DE9F0411C4E05460F4600245C
:106B4000FAF7DCF8C38AA34202D9B36F1B5D33B9ED
:106B5000FAF7D4F8C38AA34203D11A2521E00134FD
:106B6000EEE7124E736F4FEA0418284603EB041346
:106B700005F1100250F8041B43F8041B9042F9D1B0
:106B8000B36F01221A552046FFF7E2FB054658B1C4
:106B9000706F10220021404424F0C2FCB36F002229
:106BA0001A552846BDE8F0813C60FAE750140020F1
:106BB00010B50446FAF7A2F8C38AA3420AD9064BD5
:106BC0009A6F135D33B1013313552046BDE8104071
:106BD000FFF7BEBB212010BD5014002010B50446A5
:106BE000FAF78CF8C38AA3420AD9064B9A6F135D51
:106BF00033B1013B13552046BDE81040FFF7A8BB59
:106C0000212010BD501400202DE9F04F674B1B6868
:106C100091B0002B50D098471FF01DF807A90390A2
:106C2000002007F031FA0446002845D1DFF88881BA
:106C300088F800031DF01DFC4FF6FF73C8E9C20180
:106C4000ADF816301FF0A0F800283FD0584F3B6831
:106C5000002B34D01B68984706463D68B6F1000A01
:106C600018BF4FF0010AADB36B68984750EA0103B3
:106C70000546894608D07EB33B6813B39B680DF187
:106C8000160098474FF0010A00270297079BA3427E
:106C900024D8029BC8F8FC3298F80033C8F8F87280
:106CA000C8E9C45933B9029B3D4343EA090955EA8F
:106CB000090301D0FFF796FB11B0BDE8F08F26461F
:106CC000CBE74FF6FF73ADF81630DBE7A24625465B
:106CD000A146D9E7A946D7E7B246D5E71F2300204A
:106CE0000DF11A022146ADF818308DF8140007F0A6
:106CF000FDF9002853D1BDF81A0005A9FAF71CFACE
:106D000000284CD19DF81460039B8DF81500012ECE
:106D100014BF9B464FF0010B13D0BDF81A000DF1C4
:106D2000150100F0DFFD002839D19DF81530012B49
:106D300037D0BBF1020F4FF0010602D188F8006393
:106D40005E469DF81530012B03D09DF81430012BC1
:106D500004D12046FBF7BCFF07460291BBF1FF0FB1
:106D60000BD11FF011F8D0B1BAF1000F17D0BDF858
:106D70001630A34213D10226B34606ABBDF81A2043
:106D80000093062108AB5846FCF70AFA094B009617
:106D90001E68BDF81820002308A92046B04701341A
:106DA00074E702264FF0030BCBE700BF442F00200F
:106DB000982F0020542F0020501400202DE9F3417B
:106DC0007E4C94F86130002B00F09B8094F8623088
:106DD00053B903F07DF80546002840F0928094F8FE
:106DE0006230002B00F08980E06DFFF7F7FC94F82B
:106DF000623084F86030002584F86150FFF720FD90
:106E0000FFF782FA94F86010A06DF8F717F894F87D
:106E100065301BB11DF0E0FB84F8655094F86130DB
:106E2000002B40F0858094F86030012B40F0828088
:106E3000FFF7ECFCC0F5A82505F5C0651DF019FBB2
:106E4000D4E9BE3253EA020C06460F4605D09842FA
:106E500071EB020C70D3FBF755FFD4E9C40150EA83
:106E6000010300F08880864277EB010374D31EF0A3
:106E700099FF4FF00108D4E9C201301A67EB010114
:106E80001DF0F9FA94F800334BB14D4A904275D891
:106E9000C0F5122000F5F860854228BF0546D4E908
:106EA0002001301A67EB01011DF0E5FA454B9842CD
:106EB00066D9C4E920671DF002FB434CD4E9020106
:106EC00050EA010373D0864277EB010360D3236855
:106ED00023B13E49002201A801F0C6FD3A48102224
:106EE000002124F01DFBFFF78FFE63E02846FFF72B
:106EF00031FB0021FFF716FB0135236B9D42F5D3D3
:106F000075E794F86030012B88D1FFF77FFC304B98
:106F1000984283D902F0DCFF00287FF47FAF94F819
:106F20006320002A7FF47AAFA16DFFF797FC75E725
:106F3000322583E7274D81E7181A62EB01011DF026
:106F40009AFAA84289D8D4E9BE01801B61EB0701F7
:106F50001DF091FA054680E7801B61EB07011DF0EB
:106F60008AFAA84207D8D4E9C401801B61EB070163
:106F70001DF081FA05464FF000087CE798468EE741
:106F8000C0F5132000F6A970854228BF054694E796
:106F9000801B61EB07011DF06EFAA84207D8D4E907
:106FA0000201801B61EB07011DF065FA0546B8F18F
:106FB000000F98D1284602B0BDE8F081501400209F
:106FC000BF270900A83F090040140020E970020013
:106FD00000460500FFFFE703F0B53B4D3B482B683B
:106FE00093B043F0020301AE2B603246002301331D
:106FF000112B42F8040BFAD140F26663994260D13A
:1070000007F06CFF0190FFF7D9FE029008F086FDB3
:10701000039003F0D5FA049009F028FC0590FEF7E0
:1070200065F80690FCF7FAF9294B07901B68002BCE
:1070300041D01B689847274B08901B68002B3CD019
:107040009B689847099008F0C7F80A9001F0AAFFDA
:10705000214B0B901B68002B31D098470C240C90CF
:107060001E4B1B683BB1984712AB671C03EB8404B3
:1070700044F8440C3C461A4A002356F8041B0133DA
:107080008A4228BF0A469C42F7D12B681548590707
:1070900044BF23F004032B602B6858BF013223F058
:1070A000020348BF002240F266612B6013B0BDE8C6
:1070B000F040F9F771BD0548BDE70448C2E70B246D
:1070C000CEE713B0F0BD00BF8C2F0020FFFFE70319
:1070D000742F0020342F00203C2F0020882F002008
:1070E000FEFFE703842F002073B50C46019001F0EA
:1070F0005FFCE8B10198214601F04EFCFAF79AF8DE
:10710000012817D11349002201A801F0ADFC7CB978
:10711000114E30601DF0ADF904460A200D461DF0F9
:10712000BAF9201845EB0101C6E902011DF04CFC3B
:1071300002B070BDFAF77EF80028F9D1002CF7D123
:10714000FFF762FD054B1B68002BF1D020469847E6
:10715000EEE700BFE970020040140020502F00202D
:10716000012857B504460DD0022809D0F8B9FFF719
:107170004BFD1EF040FDA8B90E4B1C6894B1A04712
:1071800000240FE001F022FC024670B90A4901A870
:1071900001F06AFC0446074B1B680BB101209847BD
:1071A000FFF732FD204603B050BD0024F3E7212451
:1071B000F8E700BF502F0020E9700200024B93F85F
:1071C0004000C0F34000704750140020064A0346B8
:1071D000106810B182680AB91046704702789A4266
:1071E000FBD00C30F5E700BF782F00200B4B1A685E
:1071F0000146002032B90B0603D510F0800F08BFFE
:10720000802070479368002BF5D013788B4203D809
:10721000834238BF0346D8B20C32EBE7782F002008
:1072200038B50346154609B9212038BD00240C6045
:1072300078B1802814D00E4B1B68002BF4D0FFF7D8
:10724000C5FF0028F0D0836842680B602A606BB9E4
:10725000EAE7084A5068926808602A601846E4E73E
:10726000054B1B680B60054B1B6813602046DCE771
:10727000782F0020501400200410002000C70400C4
:10728000064A0346106810B182680AB91046704772
:1072900002789A42FBD00C30F5E700BF7C2F00202B
:1072A00038B5154609B9212038BD00240C6014609A
:1072B00078B1802814D00F4B1B68002BF3D0FFF758
:1072C000DFFF0028EFD0836842680B602A602BB98B
:1072D000E9E7094AD068126908602A600020E3E7FC
:1072E0002046FFF7CDFF0028F8D083680B60436885
:1072F0002B60F3E77C2F002050140020034B93F900
:10730000F4228242B8BF83F8F40270475014002080
:107310002DE9F0414FF00008C1F8008005460E4607
:1073200022F00EF8072828600ED8124B124F196869
:10733000386822F013F8044620B1C5F800802046D2
:10734000BDE8F0813B682B6028681DF06DF80146B0
:10735000306010B928601A24F1E7284621F0F4FFC4
:1073600004460028EBD030681DF062F8002333603B
:107370002B60E4E70410002000C704002DE9F04F63
:10738000B74D802391B085F8F4320023CDE9033363
:10739000CDE905332B7804460E46002B40F0488299
:1073A000F9F7ACFC90F824001A2358431DF03CF880
:1073B000E866002800F03A82F9F7A0FCC08A0001D4
:1073C0001DF032F86867002800F03082F9F796FC6B
:1073D00090F8260000EB400080001DF025F828679B
:1073E000002800F02382F9F789FCC08A1DF01CF800
:1073F000A867002800F01A82234605F1340704F13B
:10740000200C186859683A4603C20833634517468A
:10741000F7D1002385F8543033702069FFF70AFB59
:10742000904B1B681BB92124FEF7FAFFD6E18E4B67
:107430001B68072BF7D904A903A8FFF769FF0446C7
:10744000002840F0CB8106A905A81EF057FC044691
:10745000002840F0C381069BDDF810C00398EB6064
:10746000059B2B61C5F804C0A860274626460A2361
:107470004FF0020998423AD8F9F740FC90F82430CE
:10748000B342D0D3F9F73AFC90F82530BB42CAD3C7
:10749000EB6E2E6300271F60D5F808C0DDF810E002
:1074A000EB6E0A203E464FF00208844536D8F9F7C5
:1074B00025FCB0F81680686F4FEA0812002124F00E
:1074C0002FF8A86F4246002124F02AF808A81FF0E0
:1074D0000FFA002800F0A880089B984542D9404642
:1074E00001F0C0FC064600283CD034469CE7A0EBE7
:1074F0000308B8F1030F96D90CEB03018A7891F8D1
:1075000003E0911C19FB0E11B8EB410F4FEA410A41
:1075100089D37244534417440136ABE70EEB0002A3
:107520001A601E715E719178D278C3F81210C3F898
:107530000A700F440231C3F81620C3F80E701744C6
:1075400018FB021200EB42001A33AEE7D5E91D1218
:107550002046224401EB04111FF0D9F90646002809
:10756000C3D10134DDF820904C45EFD3C84551D844
:10757000D5E901123846FDF7BBFB044600287FF42D
:1075800053AF02A906F080FD06460028ADD1029B4C
:10759000002B14BF04210121FFF784FA85F86060F5
:1075A000AE651FF001FA00284FD03049A1F1080064
:1075B0001FF0FDF9044600287FF436AF2F6BF9F772
:1075C0009DFB0168019107A81FF00AF901990028A5
:1075D0004ED1384601F002FC044600287FF424AF67
:1075E0004FF01A098046A7425AD0EB6E09FB0433CC
:1075F000012283F8068083F8078083F8088083F8E7
:107600000980002120461FF00FF9002840F0128168
:107610000134E8E74846FEF79BFE064600287FF463
:1076200064AF09F10109A1E7404601F00DFC0646EF
:1076300000287FF45AAFB0459AD93046FEF788FE4D
:10764000002840F0F9800136F5E701F017FC044608
:1076500000287FF4E9AE01461FF0C0F9AAE700BF99
:10766000501400200410002000C70400B0140020B3
:10767000079B9F4238462AD901F0C0FB04460028E8
:107680007FF4D2AE4FF000084FF0010ADDF81CB0D5
:10769000D8451FD34FF01A094FF000085F454DD869
:1076A00007A81FF0E4F800285FD1384601F0B4FBCA
:1076B000044600287FF4B8AEA74263D000212046DC
:1076C0001FF0FBF8002840F0B5800134F4E701F02A
:1076D00085FBD3E7002308A9404608931FF08CF8E8
:1076E000044600287FF4A0AEE96E08981A2303FB35
:1076F00008F319449946C1F80600F9F7FFFAE96E54
:1077000003680193494408F10108D1F806B0F9F77C
:10771000F5FAE96E019A01EB090301688B445142C5
:107720000BEA0101B1F1807F31BFC3F806109C71F3
:10773000DC711C7228BF83F809A0A7E7EB6E09FB78
:107740000B33012283F8068083F8078083F80880D2
:1077500083F80980002158461FF066F80446002887
:107760007FF462AE0BF1010B98E7079B9F4239D87B
:107770004FF000094FF01A0ADDF81C80464538D357
:10778000474548D82D4804F053F9044600287FF4B3
:107790004BAE21461A2209A8089423F0C1FE1E21EF
:1077A00008A81EF017FA48B99DF8203033B108A890
:1077B00023F0EBFE014608A8FEF7D4FD204E336807
:1077C00063B101F00BF92B78042B07D1F9F732FDE7
:1077D0000128336894BF012000209847204611B04B
:1077E000BDE8F08F384601F023FB04460028BFD0E7
:1077F0001AE608A93046ADF820901FF045F8044677
:1078000000287FF411AEEB6EBDF820200AFB063392
:1078100001369A80B0E7002140461FF04EF804463A
:1078200000287FF401AE08F10108A9E71A24FBE55E
:107830000224D3E70446F7E5064656E61166020041
:10784000502F002008B5054B1968054B186821F02A
:1078500085FDF7F777FB002008BD00BF041000206E
:1078600000C70400014BD3F8900270475014002069
:10787000014BC3F89002704750140020014BD3F81D
:107880009402704750140020014BC3F894027047D3
:1078900050140020014BD3F8EC0270475014002024
:1078A000014BC3F8EC02704750140020014BD3F891
:1078B0004002704750140020014BC3F8400270474B
:1078C00050140020014BD3F8E800704750140020FA
:1078D000034B1B680BB19B6818470220704700BF21
:1078E000942F0020044B1B680A460BB15B681847B5
:1078F0000221117018467047942F002030B58DB0CA
:10790000D0F80D30069300240B2306AA05468DF807
:107910001D308DF81E100723214620468DF81C408F
:1079200019F0B9FE05901EF06CFA064B059ACDE9E8
:107930000043CDE902542346292107F019FA0DB07E
:1079400030BD00BF335F040070B506460D46FFF73B
:1079500089FF044620B910201CF066FD044668B17A
:10796000F9F7CCF990F8283003EB4303C3EBC300DD
:107970001CF05AFD206018B91EF030FA1A2007E0FA
:10798000044BE3602046C4E90165FFF771FF002066
:1079900070BD00BF1400200000487047A816050005
:1079A00070B5064610461EF095FC044670B1084BB3
:1079B000084A01211830FBF791FE054618B1204610
:1079C0001EF0CEFC00243460284670BD1A25FBE76B
:1079D0006B640400D363040000487047D0160500B0
:1079E000024B186800B10047704700BF582F0020B5
:1079F00000B50C4B1B688FB05BB169B180228DF86C
:107A0000002093F83420084B019053F82230684648
:107A100098470FB05DF804FB81218DF800100D929E
:107A2000EFE700BFA02F0020C417050038B5154CA4
:107A3000236833B30021084693F84951FCF76CF9E9
:107A4000206800F59C7020F0C3FE20680C3021F007
:107A50005DF82068103021F059F823684FF4A872BF
:107A60001846002123F05CFD1CF0E2FC002323609B
:107A70003DB92846F8F7EEFA2846BDE83840F8F751
:107A80005DBD38BDA02F002070B50378802B044663
:107A900017D0812B3FD1204B1A6843681168994257
:107AA00002D05268934236D1002008F06BF91B4B8C
:107AB0001B684FF4A2605B689847BDE87040FFF711
:107AC000B5BF154D002008F05DF92B686168186896
:107AD0009960002281421A6015D1114B1A602B68FF
:107AE000002258685A606368984210D10C4B0122FA
:107AF0001A602B68022283F83420084B1B68BDE80B
:107B000070401B681847012109F0FAF8E7E70121E6
:107B100009F0F6F8EDE770BDA02F00209C2F0020A3
:107B2000E811002038B50F4D2B680446986810B155
:107B3000214622F0E7F82B6893F849310BB104F0A5
:107B400035FF54B9084B1B6820465D6809F04EF9B3
:107B5000A847BDE83840FFF769BF2B680B2283F8C0
:107B6000342038BDA02F00209C2F002010B5144CCD
:107B700090B02368019133B1084619F047FD38B938
:107B80000220FFF7CFFF01A819F098FB10B010BD3D
:107B9000019B9A791A44127B12F0C00FF0D10D2A82
:107BA00001D90120EDE7039323688DF8082093F8AD
:107BB0003420044B02A853F822309847E3E700BF73
:107BC000A02F0020C417050030B50378802B85B0A6
:107BD00004460BD006D8022B0ED0092B00F089806A
:107BE000032004E0812BFBD1002000E0072005B03A
:107BF000BDE83040FFF796BF406819F007FD062842
:107C000004D00220FFF78EFF05B030BD616801236C
:107C1000052202A819F048FB3A4A9DF808109389FA
:107C20009DF80A000B4113F0010F04D014789DF861
:107C3000093044B94BB151EA0003E2D1937A002BE9
:107C4000DFD10720DEE7012BF5D80328F3D8DFE8E2
:107C500000F0022D3144937A002B50D09DF80B2078
:107C60009DF80C301343CCD100210846FCF754F8A2
:107C7000254B02981C689DF80C3084F8453004238D
:107C800084F83430214BC4F841001B68DD69002DB5
:107C9000BAD094F8443094F8432094F8421094F801
:107CA000410094F845400094A847ADE75378DB07BE
:107CB000A7D5D3E79478002CA3D09DF80C305D1E97
:107CC000072D9ED89C429CD393889DF80B4023415E
:107CD00003F00103002BC7D1ADE79479002C90D0BD
:107CE0009DF80C305D1E072D8BD89C4289D31389DB
:107CF000EBE7406805B0BDE830401EF0DABB002974
:107D00009FD07EE714130020A02F00209C2F00207E
:107D100070B505780C2D92B0044611D006D8092D07
:107D20007CD00A2D15D0B5B1032004E0802D28D0D9
:107D3000812DF9D1002012B0BDE87040FFF7F2BEEE
:107D4000394B1B68002B67D0606812B0BDE87040EB
:107D50001847364BF5E7406819F058FC022801D067
:107D60000220E8E7324E6168306801231A46353058
:107D700019F09AFA3368284693F83510FBF7CCFFD0
:107D800008B10720D7E73368032283F834200123A2
:107D90008DF80430FEF7D8FB264B8DF80500998945
:107DA0004ABAADF806205A7822F002008DF8090090
:107DB000987A28B9022904BF42F002028DF80920FE
:107DC0001A788DF808209A788DF80A209A8852BA85
:107DD000ADF80B209A791B898DF80D205BBAADF8B0
:107DE0000E303368DDF80520C3F83620DDF80920B1
:107DF000C3F83A20BDF80D20DA879DF80F2083F8EC
:107E0000402098680C2201A908F080FF1A2801D1AF
:107E1000052090E70028B4D112B070BD406812B0C0
:107E2000BDE870401EF045BBA82F0020A42F002005
:107E3000A02F0020141300202DE9F04F0378802B91
:107E4000A9B004460BD006D8072B0ED0092B00F0A2
:107E5000BF80032004E0812BFBD1002000E007203D
:107E600029B0BDE8F04FFFF75DBE406819F0CEFBCA
:107E7000222801D00220F3E76168594C0123212216
:107E80000EA819F011FADDF85100DDF855100AAB13
:107E900003C30AAB2068059308220023CDE903320F
:107EA000029317AE19230193009600F59E710EAA56
:107EB000D0F8380120F0DAFD002840F08F8096E8F5
:107EC0000F0006AD85E80F000DF16F001DF0F8FC06
:107ED00081462068BDF873A0BDF86C709DF86EB047
:107EE00000F59C7020F074FC20689AFA9AFA0D2133
:107EF00000F59E701FFA8AF81FF04DFD40461CF0F9
:107F000059FB012803D00820FFF70CFE5DE0FEF7C7
:107F10001BFB08F1FF33184480B21CF04BFB012817
:107F2000F1D1236893F849217FBABFB2E2B193F847
:107F30004A31012B05D11DF0EDFD40450AD1092044
:107F4000E2E71DF0E7FD4045F9D1236893F84A3197
:107F5000012BF0D0FEF73CFC4845F0D129463846CD
:107F600020F00EFE0028EAD120681E4BA0F84CA19C
:107F70001B68CDF80090CDE9018B00F22711D3F8F2
:107F800008802A463B461430C04708B10720BBE7AB
:107F90002068202114301FF0FEFC2068102100F220
:107FA00027101FF0F8FC102128461FF0F4FC23686E
:107FB0000A2283F8342008228DF85C209868012278
:107FC000314608F0A3FE0028E0D129B0BDE8F08FCB
:107FD000406829B0BDE8F04F1EF06BBA062093E769
:107FE000A02F00209C2F002070B5554C236805461B
:107FF00086B093F8410021F053FF2B78802B064682
:108000007DD006D8062B0CD0092B00F092800320DF
:1080100002E0812BFBD1002006B0BDE87040FFF7E5
:1080200081BD686819F0F2FA0136B04201D0022031
:10803000F2E720686A6800F20711012390F8410016
:1080400021F03BFF206800F19603049300F1460302
:10805000039300F20713029300F114030193C36822
:108060000093036900F1410200F13601353021F03F
:108070007AFE08B90420CFE72068012135301FF0CF
:108080008AFC20680B2136301FF085FC2068102107
:1080900046301FF080FC2068202196301FF07BFCCA
:1080A00020680C3020F032FD2068103020F02EFDCA
:1080B0002168092381F8343001F2271391F8410037
:1080C000039301F59E73029301F59C73019301F1F3
:1080D000E703009301F1B70201F20713143121F015
:1080E00073FE08B1052097E7236893F8411098685C
:1080F00003F1E70221F0EDFE1A28F3D008B10720C2
:108100008AE72068052141301FF045FC20683021B6
:10811000B7301FF040FC20682021E7301FF03BFC07
:108120002068202100F2071006B0BDE870401FF063
:1081300032BC686806B0BDE870401EF0BAB900BF36
:10814000A02F002010B50378812B92B023D005D842
:10815000092B29D0802B21D0032020E0F02BFBD14C
:10816000154B1B68021D03F14601343052F8044BD5
:1081700041F8044B8242F9D1042207248DF80420EF
:10818000986883F83440012201A908F0BFFD1A283D
:1081900003D1052003E0002001E058B1072012B010
:1081A000BDE81040FFF7BEBC406812B0BDE810400B
:1081B0001EF07FB912B010BDA02F002010B51E4CCC
:1081C000206886B000F1B703059300F176030493AD
:1081D00000F14603039300F1E703029300F1140357
:1081E0000193C3680093036900F1410200F1360175
:1081F000353021F099FD28B1072006B0BDE81040C8
:10820000FFF790BC2368082293F8411083F83420CC
:10821000986803F1760221F082FE1A28014601D106
:108220000520EAE70028E7D120682022763006B052
:10823000BDE8104023F074B9A02F002010B50D4CFC
:108240002368A0B069461869402220F07BFC2368AF
:1082500040220DEB0201D86820F074FC40220DEBA7
:108260000201684623F024F9B0FA80F0400920B0FA
:1082700010BD00BFA02F002070B50378802BA4B0E4
:1082800004460BD006D8032B0ED0092B00F0028138
:10829000032004E0812BFBD1002000E0072024B064
:1082A000BDE87040FFF73EBC406819F0AFF94128C7
:1082B00001D00220F3E761684022012303A818F0EF
:1082C000F3FF7949402203A823F0F2F8B0B17749CF
:1082D000402203A823F0ECF880B17549402203A89E
:1082E00023F0E6F850B1734C23680022103303A941
:1082F000104620F0FCFB28B1072011E00720FFF713
:1083000011FCF9E7206890F84230002B49D16A4D02
:1083100021682B680C31DB680020984718B10520D4
:10832000FFF700FC57E0FFF789FF0028F0D1236832
:1083300093F84210186903F1140200293BD1014659
:10834000D86820F00FFC0028D6D1236893F842208B
:10835000AAB903228DF84C20D86840220DF14D01B6
:1083600020F0F0FB002840F09B80236841229868B1
:1083700013A908F0CBFC1A28D1D00028BCD123685F
:1083800093F8410003F1E70121F08FFD0028B3D1FC
:10839000206890F84330032B1DD8DFE803F0101E4F
:1083A000426F0C3020F004FC0028A5D1FFF746FFF7
:1083B0000028BCD0A0E7114620F0F8FBC3E700235B
:1083C00000F1460190F841001A4621F0D6FD2368DD
:1083D000072283F8342024B070BD90F8410021F0CA
:1083E00056FD431E1F2B014686D813A820F0E3FB41
:1083F00038B92568034613AA95F8410005F14601EE
:10840000E3E740F2025398427FF476AF23680622F6
:1084100083F83420284B1B689B6998470028DAD0E2
:108420006AE790F8410021F032FD054600283FF44C
:1084300063AF236893F8452093F84410009013AB82
:10844000012008F00BFC034600287FF455AF266896
:1084500013AA96F8410006F1460121F08EFD20682E
:10846000072380F83430144B90F845101B6890F8BF
:1084700044001C6913AA2B46A047CFE7052380F8C8
:1084800034300D4B90F845101B6890F844005B6940
:108490009847C3E7406824B0BDE870401EF009B8B3
:1084A0001A283FF43CAF27E7F81605007A170500B5
:1084B00039170500A02F00209C2F002070B5114E09
:1084C0003368054693F8410021F024FD04466868AE
:1084D00019F09CF80134A04205D00220FFF722FBDE
:1084E00040F2034070BD30686A68012300F19601D4
:1084F00090F8410021F035FD3368012283F8B62061
:108500000020EFE7A02F002008B50278802A0AD0CB
:1085100005D8052A0CD0092A17D0032004E0812AA7
:10852000FBD1002000E00720BDE80840FFF7FABAC1
:10853000094B1B6893F8B630002BEED1FFF7BEFF56
:1085400040B9BDE80840FFF739BEBDE808404068C3
:108550001DF0AFBF08BD00BFA02F002010B40278EF
:10856000802A03461DD005D8052A27D0092A2FD0F6
:10857000032017E0812A19D0F02AF9D1174A12688E
:10858000011D343302F1460051F8044B40F8044B0E
:108590009942F9D192F8B63053B15DF8044BFFF728
:1085A0000DBE07205DF8044BFFF7BCBA0020F9E7C9
:1085B000072382F834305DF8044B7047074B1B6883
:1085C00093F8B630002BD3D15DF8044BFFF776BF9C
:1085D00040685DF8044B1DF06CBF00BFA02F002069
:1085E00030B50378802B8DB009D0812B0DD0092BAD
:1085F0004DD140680DB0BDE830401DF05ABF072096
:108600000DB0BDE83040FFF78DBA406B00283AD17D
:10861000204B1B685B689847FFF708FAF8F70AFEDB
:1086200001282ED81C4B1B685BB31F22ADF80E200F
:1086300000209847194B01201B689847014600BB52
:10864000174B1D68012D1CD103AA05F04FFDC0B9C1
:10865000144B28461B689847044690B90DF10E0349
:10866000BDF80C200093062104AB2846FAF798FDCC
:108670000D4B00951D68BDF80E203C2304A9204633
:10868000A8470DB030BD0720FFF74CFAC4E7032020
:10869000B6E700BF9C2F0020482F0020502F00205D
:1086A000E8110020402F0020542F0020024B1868B2
:1086B00008B190F849017047A02F0020094B1B68B2
:1086C00002466BB193F8490138B193F84A11012978
:1086D00005D1B3F84C31138070470346FBE7002304
:1086E0001846F8E7A02F0020064B1B6843B193F80B
:1086F000490130B193F84A01831E584258417047EE
:1087000018467047A02F0020F0B51646314A85B0B4
:1087100004460D46D2F84100D2F845101F4602AB80
:1087200003C314B9212005B0F0BD237833F0010252
:10873000F8D1D90708D501A8019220F039FA00280C
:10874000F1D101A820F0E2F9627812F0FC0FE9D132
:10875000A0780828E6D8A38823F01F03002BE1D1D6
:10876000A1790829DED8238923F00F03002BD9D162
:10877000002DD7D02B68002BD4D06B68002BD1D024
:10878000AB68002BCED010B12B69002BCAD011B131
:108790006B69002BC6D0D30702D5AB69002BC1D0C3
:1087A0000D4B0E491D6004F10C030D4654F8042BCB
:1087B00041F8042B9C42F9D123880B80AB8913B973
:1087C0001CF00FF9A8813A4602A9304608F0C6FA13
:1087D000A9E700BF7A1705009C2F00201413002082
:1087E00038B5084B084D094800240E2221461C606C
:1087F00022F096FE08F0E8FA286810B11BF018FE87
:108800002C6038BD9C2F0020A02F002014130020C6
:1088100010B50446E0B143680BB102681A602268E3
:1088200002B153600B4BA07D1A68A24204BF62687C
:108830001A6008B107F09CFBE37D6FF38203E375D8
:10884000DB0705D5A06918B11BF0F2FD0023A36179
:1088500010BD00BFB42F002038B5134B1C680D4667
:1088600004B938BD2369984215D12A1EE37D18BF8B
:10887000012262F34103E375DB070ED4A3681BB149
:10888000E268294620469847002DEAD12046BDE8F7
:108890003840FFF7BDBF6468E2E7002DEED0A07D51
:1088A00007F0E2F9EAE700BFB42F00202DE9F84312
:1088B0000E461746314C0546F8F720FA216890F825
:1088C0002A20002324209A424BD900FB03F801EB15
:1088D000080C9CF817C01CF0040F46D185BB246817
:1088E000444445F00405E37D94F8202005F0070595
:1088F00023F007032B43E3756FF30002002513F009
:108900000103C4E9026784F8202065842FD0F8F7BA
:10891000F5F990F82320A0695200294622F000FEC4
:10892000174A1368636003B11C6004F11601204606
:10893000146007F0F1FAA8B12046FFF769FF10E0D4
:10894000F8F7DCF990F823002368400003EB0809EE
:108950001BF06CFD2368C9F8180043449B69002B89
:10896000BDD100242046BDE8F8830133ABE7227F68
:10897000A36163F300022277D2E700BFB82F002083
:10898000B42F0020024B1860024B1960704700BFE3
:10899000AC2F0020B02F0020034B1B6813B1034AFB
:1089A00012681847704700BFAC2F0020B02F00207E
:1089B000054B1B680BB918467047834201D05B68B2
:1089C000F8E70120704700BFB42F0020024B186861
:1089D000003818BF01207047B42F002008B5F8F701
:1089E0008DF990F82A0000EBC00080001BF01CFD00
:1089F000034B002818600CBF1A20002008BD00BFE0
:108A0000B82F00202DE9F843154D2C689CB9154D61
:108A10002B6873B1F8F772F990F82A704FF02408B8
:108A2000A146A74228680AD118B11BF001FD002316
:108A30002B60BDE8F8832046FFF7EAFEE5E708FB78
:108A400004F63044C37DDB0707D5806928B11BF0ED
:108A5000EFFC2B683344C3F818900134E1E700BF02
:108A6000B42F0020B82F002070B506460120FFF774
:108A70001DFF044670B1084B084A00211030FAF778
:108A80002DFE054608B9346004462046FFF7C0FEB7
:108A9000284670BD1A25FBE7A18A0200598802000A
:108AA0002DE9F041984B90B01C6807922CB907A8AB
:108AB00018F004FC10B0BDE8F0812369984200F082
:108AC00015816468F2E70799204607F0DFFA002372
:108AD0000793ECE7002207986FF07F03114606F03A
:108AE00087FEF4E7E37D079913F0010F0DF12605EA
:108AF00009A80CAA0BAF0DF1210300F0A280CDE96B
:108B00000305CDE9017200930EAA08AB03200A9178
:108B1000FCF7F4FC0546002859D10A9818F076FDB8
:108B200087B206460FB9212551E09DF82050012D4E
:108B3000F9D19DF82130002BF5D1BDF82630002B5E
:108B4000F1D1FDF745FE0B9B0C9ABDF82410A3EB69
:108B5000000CDCF1000040EB0C0000F0ABFB034626
:108B600000286BD12A460A990DF1220018F09CFBCF
:108B70009DF82250012D38D0022D4AD0002DD2D19F
:108B8000022FD0D101230A991A460DF1230018F0C3
:108B90008BFB9DF823100129C5D800231A462046D7
:108BA0001DF04EFD03238DF8343094F82030BDF8CD
:108BB0003A10C3F300038DF83530638C5BBAADF81F
:108BC00036300DAA042320461DF0D9FC05460AA81C
:108BD00018F074FB002D7FF47AAFA38A002B7FF48A
:108BE00076AFBDF82430A38271E7F2079BD5ABB214
:108BF0009F42D7D92B460A9902220DA818F054FBA0
:108C0000BDF8341049BA89B220461DF06DFC02351A
:108C1000EDE7F30787D50125ABB29F42C2D92B46BA
:108C20000A9902220DA818F03FFBBDF8341049BA8A
:108C300089B220461DF07EFC0235EDE740F2034587
:108C4000C5E7CDE903050DA8CDE901200DF122020C
:108C5000009203200EAA0B91FCF750FC054628B9A0
:108C60000B9818F0D3FC86B216B921253846AFE729
:108C70009DF82180B8F1010FF7D19DF82230002B2B
:108C8000F3D1BDF82630002BEFD142460B992B468D
:108C90000DF1230018F008FB9DF82320032AE4D1EE
:108CA000042EE2D10B9943460AA818F0FDFA9DF86C
:108CB0002820012ADAD894F8203062F3000384F8DF
:108CC0002030BDF829305BBA6384237F65F300034D
:108CD0002377A369002BC9D00021204698470023A1
:108CE000A361C3E720461DF01DFDE0E60329F9D886
:108CF00001A353F821F000BFC78A0200D58A020001
:108D0000E58A0200AF8A0200B42F002038B5084B74
:108D10001C6805460CB9204638BD10222946201D86
:108D200022F0C6FB0028F6D0D4F82640F2E700BFB8
:108D3000BC2F00200A4B1B6813B940F20250704749
:108D40001A88824209D11A1D143352F8040B41F8D3
:108D5000040B9A42F9D100207047D3F82630EBE794
:108D6000BC2F0020014B1888704700BF9E310020A7
:108D700038B5064D35F8103004461BB920F084F89C
:108D800025F8140035F8140038BD00BFA0310020CC
:108D900008B526220021044822F0C2FB05F0ECFBB6
:108DA000024B00221A7008BDA0310020503B002069
:108DB00010B5084C23780BB1FFF7EAFF06482622CE
:108DC000002122F0ADFB01232370BDE8104005F027
:108DD000C9BB00BF503B0020A031002038B504467D
:108DE000054D0B46002003222146288020F05AF929
:108DF00000B92C8038BD00BFA0310020054A10B456
:108E0000002414800B460322014620465DF8044BE3
:108E100020F035BAA0310020044B00225A810123F2
:108E200000FA03F21946052020F03CB9A0310020D9
:108E3000044B00225A81012300FA03F2194605204F
:108E400020F01DBAA0310020054B0021198230B15D
:108E5000012300EB00121946082020F023B97047C7
:108E6000A0310020044B00221A82012300EB0012E3
:108E70001946082020F003BAA0310020044B00223C
:108E80005A80012305221946184620F00BB900BF6D
:108E9000A0310020044B00225A82012310221946DF
:108EA000092020F0FFB800BFA031002070B50546B2
:108EB000F7F724FF4489F7F721FF8389053403EB93
:108EC000430303EB4404F7F719FF438905335E00BE
:108ED000F7F714FF838903EB430333449C4214D810
:108EE0000B4B00229A80F7F709FF4489F7F706FF3A
:108EF00082890534640002EB4202224429460123A0
:108F0000BDE87040022020F0CDB81A2070BD00BF2F
:108F1000A031002013B50B4B019000229A80F7F787
:108F2000EDFE4489F7F7EAFE828901990534640071
:108F300002EB420201232244022002B0BDE81040AD
:108F400020F09DB9A031002010B5F7F7D7FEC388F7
:108F50000433142B0AD8064B0022DA800123BDE823
:108F6000104028221946032020F09CB81A2010BD7A
:108F7000A0310020044B00221A810146012318224F
:108F8000042020F08FB800BFA0310020044B002245
:108F90001A81014601231822042020F070B900BF75
:108FA000A0310020034B1B680BB11B681847024817
:108FB000704700BFC02F0020FFFFE703024B1B6874
:108FC0000BB15B6818477047C02F0020024B1B682D
:108FD0000BB19B6818477047C02F0020104B1B68CF
:108FE0005A6830B5511E0446B2B11D6800225318AC
:108FF000580800EB0013EB5AC3F30E039C420DD04C
:109000008A4209D09C4203D2824205D0411EEEE73B
:10901000814201D0421CEAE74FF0FF3030BD00BF73
:10902000E0110020F7B5074608461C461646FFF734
:10903000D5FF431C05462AD0FDF7CAFB01460FB9F0
:1090400000B1411E68461CF03EFC314601A81CF0F0
:109050004AFC124B12491B681F6805EB05157E1967
:1090600009360722304622F023FA18B9012323607B
:1090700003B0F0BD07223146684622F019FA20609D
:1090800038B97A5BD20B06D04FF0FF33EFE72120DF
:10909000EEE70020ECE71046EAE700BFE011002011
:1090A000F4170500F0B589B00446FFF797FF431C9D
:1090B00023D0134D2B685A681F6800EB0016121A54
:1090C00002EB021206F11101113A3944B81922F0EB
:1090D0000DFA2A685368013B53600021202268463C
:1090E00022F01EFA122368468DF80030ADF80440D5
:1090F000F7F7E2FD002009B0F0BD40F20250FAE7B8
:10910000E01100202DE9F0473D4D2B6888B05C68E8
:1091100006460F46F7F7F2FD038A9C4222D02B68E1
:10912000D3E90002002404EB0418A24200EB08017A
:1091300053D12B681A6802EB080322F808604FF03D
:10914000FF32C3F802202968C3F805200B68984451
:109150000020C8F80920C8F80C204B6801334B6088
:109160003C6035E0FDF734FB012825D9411E6846F7
:109170001CF0A9FB0024D5F800908DF804408DF870
:1091800005408DF80640D9F804A0544514D0D9F80C
:10919000003004EB041898440722694608F10200E5
:1091A00022F086F9002816DAB8F80000C0F30E00A5
:1091B000FFF778FF0028B2D020220021684622F075
:1091C000AFF9132368468DF80030F7F775FD1A20C4
:1091D00008B0BDE8F0870134D7E730F808C0CCF319
:1091E0000E0C664504F1010301D31C469BE7121BDC
:1091F00003EB031302EB0212184422F077F998E70D
:10920000E01100202DE9F04304468BB008460F46DC
:1092100090461E46FFF7E2FE0190013038D0FDF780
:10922000D7FA0146002C3CD0DFF88490019DD9F894
:10923000003005EB05151B685C5B5819002E34D017
:109240006FEA44446FEA54445C5309301CF03BFB22
:10925000D9F8003001981B6800EB00101844414613
:109260000D301CF040FB2022002102A822F058F90A
:10927000003E4FF0110318BF012602A88DF80830F8
:10928000ADF80C708DF80E60F7F716FD002005E0C4
:1092900001A93846FFF736FF0028C0D00BB0BDE863
:1092A000F0830028C0D0411EBEE7C4F30E04CBE714
:1092B000E0110020F0B506468DB008460D46144674
:1092C000FFF78CFE019001300AD101A92846FFF773
:1092D00019FF002844D1254B1A6893680133936025
:1092E000FDF776FA01460EB900B1411E02A81CF046
:1092F000EAFA214603A81CF0F6FA1C4B019C1F68F1
:109300001B493B6804EB04141C44A61C072230468E
:1093100022F0CEF830B1072202A9304622F0C8F878
:1093200000281FDA237C23B1BB680133BB60002314
:1093300023740298C4F80200BDF80C209DF80E308A
:10934000B371B2800021202204A822F0E9F8112391
:1093500004A88DF81030ADF81450F7F7ADFC0020DC
:109360000DB0F0BD40F20340FAE700BFE01100206D
:10937000F417050010B5084C2368186820B11BF0DD
:1093800057F8236800221A6020681022BDE81040B8
:10939000002122F0C5B800BFE011002037B5F7F773
:1093A000ADFC008A104C00EB001025681BF03CF867
:1093B000236828601A68AAB100225A601DF096FD41
:1093C00030B91DF09BFD044610B1FFF7D3FF06E056
:1093D0000DF106001DF0A7FD04460028F5D120463A
:1093E00003B030BD1A24FAE7E0110020014B1B68DE
:1093F00058687047E01100202DE9F843164B1F68AC
:10940000D7E900860446002500F1020905EB0513A3
:10941000AE4208EB03010FD101367E60204604F115
:10942000100350F8042B41F8042B9842F9D103782B
:109430000B700020BDE8F883228838F803309A4288
:1094400005D107220231484622F032F808B1013531
:10945000DCE70120EEE700BFE01100202DE9F04736
:1094600005460B489DF820C00768BDF82C90BDF854
:1094700030A0DDE909E84FB1CDE90B9ACDF820C065
:109480007C692846A446BDE8F0476047BDE8F08700
:10949000342F0020034B1B680BB19B6918471846FB
:1094A000704700BF342F002010B4054C246824B14D
:1094B000E469A4465DF8044B60475DF8044B7047CF
:1094C000342F0020F8B50F461C461AF0D2FF06468E
:1094D0000D46ACB12378012B12D1636CBB420FD186
:1094E000084B1B6898681AF0D6FF801945EB0101FC
:1094F0000023C4E902016364BDE8F840FCF772BFD1
:10950000F8BD00BFE41100202DE9F04F91B00E46E8
:10951000054608930DF12D019DF86C309DF868A06B
:10952000BDF874B0BDF8788009933046914602F0DA
:109530006BFD18B1002011B0BDE8F08FBAF1000F3B
:1095400059D00DF12E01284602F0AEFC0028F1D1D1
:10955000BDF82E30B342EDD154461F9BCDF810B06C
:10956000CDE905831C9B0393099B0CAFCDE901A3B7
:10957000089B009307974B462A46214601201DF081
:109580000FFFF8B19DF82D30013B012B01D9022CC2
:10959000D0D11F9B0797CDE905831C9B0393099BA3
:1095A000CDF810B0CDE901A3089B00932A464B46A5
:1095B000214600201DF0F4FE0028BBD1022C01D171
:1095C00003F0DAF90D4B1B684046D3F804901AF00B
:1095D000F1FF9DF88030039302281F9BCDF8008097
:1095E00018BF0027CDE9017320465B463246294665
:1095F000C84701209FE70224AFE700BFE411002025
:10960000F8B50E4F05460E460024F7F777FB038AA0
:109610009C4202DB40F202500CE03A682301126CDB
:10962000D35AAB4202EB041105D1D1E90223C6E9BA
:1096300000230020F8BD0134E7E700BFE41100205B
:10964000054B1B6833B103EB8000D0F8D0300133F9
:10965000C0F8D030704700BF902F00202DE9F341B3
:109660000C4600294BD007294BD041F213039942F5
:1096700049D01A2949D041F2440399420CBF05232D
:109680000423234E326850254543D06B214A11688C
:10969000284469B10522B3FBF2F202EB82029B1A65
:1096A000DBB201EB8303D3F89C200132C3F89C208A
:1096B000406C08B1FBF71CFF3368DA6B2A44136C6B
:1096C000906C976B92F8348001931DF062FD3268C4
:1096D000D06B2844483017F0F1FD3268D06B002180
:1096E0005022284421F01CFF27B1019B4246002153
:1096F0002046B84702B0BDE8F041FCF773BE0B4608
:10970000BFE70123BDE70223BBE70323B9E700BF9F
:10971000E4110020902F002038B5174D2B68382415
:109720004443986B154B1A6820445AB10323B1FB8C
:10973000F3F303EB4303C91AC9B202EB81010B6FC8
:1097400001330B67C06A08B1FBF7D2FE2B689B6B35
:109750002344186B1DF01DFD2B68986B204430309E
:1097600017F0ACFD2B68986B382220440021BDE82F
:10977000384021F0D5BE00BFE4110020902F00201A
:10978000044B1B6823B103EB8000836C01338364BB
:10979000704700BF902F00202DE9F04F1D468FB07D
:1097A0000023CDE90A33494BBDF860701B68199E50
:1097B000824688469146002B5CD128461AF0FAFE74
:1097C000012860D12846FFF765FE834610B11CF0E2
:1097D000A1F905462846FCF7C9FE0446002852D0E8
:1097E00000210722084617F0BDFD0A9000285CD032
:1097F00082790C32831800218154320EC7F386100F
:10980000DA70320C40EACB1B1A71BF00320A9E712B
:1098100083F801B09F705A71FCF7DAFF0646FCF737
:10982000EFFF08B106B1013E20460BA9FCF746FE4A
:10983000044620BB264B0CAF1B6851463846D3F874
:1098400000B01CF027F81C9B08931B9B07931A9BE6
:109850000295CDE905430A9BCDE903930B9BCDE926
:109860000063012297E803004346D847044658B9ED
:109870000A9009E0DB68984700289ED00024204623
:109880000FB0BDE8F08F21240A981DF082FC0AA8D1
:1098900017F014FD0F4B1B684CB9002BEED0D3F81A
:1098A00080200132C3F88020E9E71A24ECE7002B7E
:1098B000E5D0B4F11A0218BF012203EB8203D3F8FA
:1098C00084200132C3F88420D9E700BF742F002020
:1098D000E4110020902F002008B51AF06BFE044B15
:1098E0001B6801280CBFD868D8690130C0B208BD18
:1098F000E411002008B51AF05DFE044B1B68012836
:109900000CBF1869D8690130C0B208BDE41100204D
:109910002DE9F0410F4F04460E4600254FF0500848
:10992000F7F7ECF9438AAB4205D93B68DB6B08FBE0
:1099300005339C420BD1218C638B228B0120FFF7D6
:10994000B3FD31462846BDE8F041FFF787BE01353B
:10995000E6E700BFE41100202DE9F043077891B05D
:109960000023012FCDE90A33044612D190F83020AC
:10997000C16A1F2A1DBF531C07FA03F303F1FF330B
:109980004FF0FF33994204D090F831600123B24286
:1099900002D2022500272AE003FA06F50D4000F066
:1099A0000D810136F6B2F2E776BB608BFFF794FFCC
:1099B00094F83230834227D1E3690B93A06C17F0FF
:1099C00025FEA0EB06101028A8BF10201FFA80F873
:1099D000A16C330142460CA817F066FC00214346F7
:1099E0000CAA084617F057FE0A90D8B91A25784BEA
:1099F0001B68002B00F0958003EB8707D7F8C03079
:109A00000133C7F8C0308CE00BA94046FCF756FD87
:109A10000028D3D005461A2DE8D0022D0CBF002710
:109A20000227E4E7731C608B84F83130FFF732FDC6
:109A300008B9002649E0608B1AF0BCFD0128804679
:109A400079D1F7F75BF994F8302090F820309A42FA
:109A500026D8B4F81A904846FFF73EFF94F8323003
:109A600083421BD1D4E904010A9B079305AB83E829
:109A70000300238B03930B9B0293636A019394F877
:109A800028300093002E4FF00003218CCDF8109069
:109A90001A4614BF40460220FFF7E0FC002601E012
:109AA00040F203460A981DF074FB0AA817F006FC62
:109AB00000230A932EB994F8312094F830309A425A
:109AC000B7D931462046FFF723FF0A9B002B6FD002
:109AD000404A04F144011268CDE907413E4906912C
:109AE00094F83410CDE90431638B0393238B0293F4
:109AF0000B9B0193636A0093166894F82830D4E9AD
:109B000004010022B0470646002851D10A90FCF714
:109B100069FC2F4B1B6823B1D3F8BC200132C3F87A
:109B2000BC200A981DF035FB0AA817F0C7FB284691
:109B300011B0BDE8F083F7F7E1F894F8302090F821
:109B400020309A423FF675AFB4F81A804046FFF7CE
:109B5000C3FE94F8323083427FF46BAFD4E9040142
:109B60000A9B079305AB83E80300238B03930B9BAE
:109B70000293636A019394F828300093002E4FF00B
:109B800000031A460CBF02200120218CCDF8108062
:109B9000FFF764FC94F8312094F830309A427FF655
:109BA00048AF638B228B218C0120FFF77DFC40E7BF
:109BB000FCF718FC002EACD035462CE7208BFCF7C8
:109BC000D5FC804600287FF4EFAE212502270EE762
:109BD000902F0020E4110020C594020038B5154BE9
:109BE0001B685021DD6B41430446681890F8322011
:109BF00090F83330013A013BD2B2DBB280F8322028
:109C000080F833304AB143B1002380F8313001236A
:109C10006B54BDE83840FFF79FBE408B1AF0CAFC7A
:109C2000012808BF0721204618BF0021BDE83840A1
:109C3000FFF714BDE41100202DE9F04F8FB006AC02
:109C400084E803001B98BDF86080BDF864A0154649
:109C5000994617F0DBFC0446002800F094800B289E
:109C600002464FF00003A8BF0B221B990BA817F068
:109C70001BFB9DF82C3003F07F030A2B63D88D4A21
:109C800052F8232094427ED38B4A52F823200AB103
:109C9000944278D8013B092B0BD8DFE813F0000180
:109CA00000010001000100010001000100010001AC
:109CB000F6001B9B08939A790C32134400265D78BA
:109CC0009A78D3F803704FEA851B0BF4FE5B4BEADE
:109CD000920BED093FBAF7F711F8408A774B8642AD
:109CE0004FF050011ADA1868C06B01FB0600B0F89B
:109CF00018C0D44504D1B0F81AC0C44502D11DB172
:109D00000136E8E7002DFBD0B0F820C0DC45F7D1E4
:109D1000406A814502D001388145F1D1F6F7EEFF66
:109D2000438A9E42664B39D11B6823B1D3F8B420D5
:109D30000132C3F8B42008981DF02BFA08A817F0D8
:109D4000BDFA00231B931B9BA3B106AA92E8030054
:109D50005C4A126809AB83E803005AB101AD85E89B
:109D600003009DF968300093156823460BAA5146FD
:109D70004046A847544B1B682BB106AA9C6806CAEC
:109D80000BAB4046A04718AC54F80C0F1DF001FA7D
:109D9000204617F093FA0FB0BDE8F08F474A1168DC
:109DA0004FF05009C96B09FB06F901EB090BAFB97C
:109DB000BBF81A001AF0FEFB0128414B0ED141F20C
:109DC00013013046FFF74AFC3D4B1B68002BB2D015
:109DD000D3F8B0200132C3F8B020ACE7DBF82C0098
:109DE0001B6830EA070207D0002BA4D0D3F8B820B4
:109DF0000132C3F8B8209EE738439BF83070CBF8A7
:109E00002C001F2F1EBF0137012000FA07F7BBF8F7
:109E10001A00059314BF07F1FF374FF0FF37FFF724
:109E200069FD059B8BF8330023B1D3F8B0000130F6
:109E3000C3F8B000DBF83C304BB1DBF840109DB10B
:109E400000208DF82400ADF8268009A898471B4B08
:109E50001B68DB6B03EB0901C96AB9420CD1002115
:109E60003046FFF7FBFB66E70220ADF825508DF882
:109E700027508DF82400E8E713F80930022B7FF40F
:109E80005AAF3046FFF7AAFE55E79DF82D20013264
:109E9000521BD2B251464046F7F786FB53E70B4BB5
:109EA0001B68002B3FF44FAF1B6821460BA8984757
:109EB00049E700BF28180500FC170500E411002041
:109EC000902F0020342F0020742F0020382F0020E6
:109ED000F8B50024094E25465027F6F70FFF438AB0
:109EE000AB4201D82046F8BD3368DB6B23B107FBDA
:109EF00005F29B5C03B101340135EEE7E41100206B
:109F00002DE9F0410D4F05460E4600244FF0500854
:109F1000F6F7F4FE438AA34202DC0020BDE8F0819C
:109F20003B68DB6B08FB04331A8BAA4202D15B8BC4
:109F3000B34201D00134EBE70120EFE7E411002048
:109F40002DE9F04F8FB01F461C9BBDF86890BDF8FF
:109F50006C509DF8748093469A7913440CAE1C7B28
:109F6000E40986E8030039D1DFF844A2DAF80020DA
:109F7000002A3BD1002C40F087809DF83030002B28
:109F80004BD12846FFF786FA002846D01C9B079342
:109F900096E8030005AB83E80300199B0293189B26
:109FA0002246CDE9007321465B462046CDE9039564
:109FB000FFF754FA28461AF0FDFA01282DD118AD02
:109FC00055F8100F1DF0E5F8284617F077F91E9B9D
:109FD000E3B9002528460FB0BDE8F08F2946484672
:109FE000FFF78EFF0028BFD00225F3E7D268904725
:109FF0000028BFD018F0200FBCD0DAF800301B6961
:10A000009847014630461BF056FCB3E7209B1E9D47
:10A01000424621462046A847DBE7634B00221B68E7
:10A020000892209A07921E9ACDF80890CDE90582F1
:10A030001C9ACDE90352199A0192189A00920EA91E
:10A040001D6811E903003B465A46A847574B054691
:10A0500040B91B68002BBCD0D3F8BC200132C3F838
:10A06000BC20B7E71A280DD0022818BF02241B68AD
:10A07000002BAFD003EB8404D4F8C0300133C4F814
:10A08000C030A7E70124F2E71C98474C90F806B0CF
:10A090000BF10C0B00EB0B030A9317F0B7FA0F3020
:10A0A0000009431E0B9300264FF0500AF6F726FED8
:10A0B000428A96420EDBF6F721FE438A9E4212D177
:10A0C0003A4B1B6823B1D3F898200132C3F898208B
:10A0D0001A257FE72268D16B0AFB06F28A5C002A08
:10A0E000E9D00136E2E7DFF8C0B0DBF8001050231A
:10A0F000C96B03FB06FA01200EAB01EB0A0401F861
:10A100000A0013E9030004F1100C8CE80300199B0A
:10A11000E3610A9BA4F81890658359789878189B96
:10A120006362890101F4FE510B9B84F8287041EAB7
:10A1300090010027218484F83030E76284F8317080
:10A140002846FFF7C9FB84F832002846FFF7D2FB08
:10A150001E9B1F99A363209BE1631C9984F8330025
:10A16000A164C4E9103784F83480FCF73BF9DBF8CC
:10A170000010C86B0D490968504421B1D1F89440D2
:10A180000134C1F89440FFF7E7FB054600283FF48F
:10A1900021AFDBF80020D36B5344002201469A64C0
:10A1A0003046FFF75BFA15E7E4110020902F0020FE
:10A1B000742F00202DE9F04F2DED028B9BB008EE9F
:10A1C000903ABDF89C300C93BDF8A0300A939DF8EE
:10A1D000AC300D9300230F930D9B9DF89860DDF834
:10A1E000A88008EE102A5A0605460C461BD506F034
:10A1F00017FE10381FFA80F90D9BDB0616D4A81E37
:10A2000047424741404617F001FA031D4B4502D82B
:10A21000002F00F09F810D9B022E43F010030D9341
:10A2200006D001279DE14FF00F09E5E70127E9E797
:10A2300000F10F060C231330B6FBF3F6B0FBF3F07E
:10A24000864234BF00260126EBE74FF0FF30013095
:10A2500018BF0120FFF7F4F921240FA81EF0B8FA67
:10A2600020461BB0BDEC028BBDE8F08F6FF0010003
:10A27000EDE7299B002B40F08B814846EAE7022D51
:10A2800016D09DF83B30013B18BF0123012200216D
:10A29000CDE90121009321460DF13A030FAA28468A
:10A2A0001CF09BFF044628B10220FFF7C9F9D4E750
:10A2B0000123EBE710A95046FCF700F904460028FB
:10A2C000CBD1FCF785FA0B90FCF79AFA18B10B9BEF
:10A2D0000BB1013B0B93012D4FF0000314BF1D4642
:10A2E0000DF13A054046002E14BF4FF0080A4FF01A
:10A2F000040A0F9CDDF840B0119317F087F900288D
:10A300003ED1212411981CF044FF11A816F0D6FF6D
:10A3100016AD0D2112A81DF03EFB102128461DF0A0
:10A320003AFB002C40F00D8118EE101A28461BF065
:10A33000B1FA2E9B08932D9B07932C9B06930D9BA4
:10A34000CDE904830A9B03930C9B0293109B01931A
:10A350000B9B0093224695E8030018EE903AFFF716
:10A36000EFFD0446002840F0EC80944B1B68002B66
:10A370003FF473AFD3F8CC200132C3F8CC206CE7A4
:10A38000CAF5C0739842BCD8299B002B40F08E8040
:10A39000002D08BF4FF002098DF84890002F40F0C3
:10A3A00091808DF8497059460DF14A001BF09BFAD7
:10A3B0000C9B0B991B0A8DF84D300C9B8DF84E3081
:10A3C0000A9B1B0A8DF84F300DF151000A9B8DF846
:10A3D00050300DF158091BF076FA2046CDE900A95E
:10A3E000119B424612A91EF0C7FA0446002889D1E3
:10A3F00052464946404617F01EF9824560D1002F6B
:10A400007CD0003E18BF0126002D62D095F8009048
:10A41000404617F0FBF80B30B0F5C67F4FF00C0349
:10A42000B0FBF3F3BFF46DAF003D18BF0125CBF3D4
:10A43000861709F03F0949EA851947EAC6174BF321
:10A44000050B5E1E49F080094FEA8B0B0025C246C2
:10A4500006F01F06BAF1000F3FF454AF9AF8073028
:10A460009AF806209B1ADBB20B2B38D8DAF80030AA
:10A470008BBB0421504616F0E7FF08B39AF806306C
:10A480000C330AEB03020AF80390C5F3C1034BEA4D
:10A490000303937046EA45135770D370DAF800A0AF
:10A4A0004046514617F0C3F90135D3E70021299AF8
:10A4B0001023084617F0EFF8119000287FF468AFDA
:10A4C0001A241FE7002E14BF802300238DF8493083
:10A4D00069E7A9469CE70021504617F0A8F99AF8C9
:10A4E00007309AF806209B1ADBB20C2BC1D90C213D
:10A4F000504617F016F80028BBD1E1E7404617F0A8
:10A5000085F8042806467FF6FCAE06F089FC103874
:10A5100086423FF6F6AE0121404616F0B9FF00280C
:10A52000CED082790C3255B12B78003D18BF012571
:10A5300003F03F0343EA851585548046E2E62B4647
:10A54000F3E71A2C04D0022C0CBF03200520ACE644
:10A550000420AAE6022E04D10830814534BF00262B
:10A5600001260C981AF026F8012881467FF46DAE7A
:10A570000A9B002B3FF47AAE03F580739BB2F82B55
:10A580007FF674AE0A981AF015F802283FF471AEFF
:10A590000C98FBF7EBFF824600283FF45BAE18EE09
:10A5A000100A0DF13B0101F02FFD00283FF467AECA
:10A5B0000220FFF745F840F203444EE6902F0020BA
:10A5C0002DE9F04F89B019F054FFDFF81CB30446B1
:10A5D0000D460026F6F792FB838A9E4244D3DFF8AD
:10A5E0000093DFF804A34FF00008F6F787FB438AD7
:10A5F0009845C0F0C7804FF00008B84EDFF8E092F1
:10A6000047464FF0500AF6F779FB438A984518D22F
:10A61000D9F800200AFB08F3D16BCA18CB5C002BD9
:10A6200000F03081012B03D1536C002B40F02A81C4
:10A63000D2E902329C4275EB0201C0F01A81002679
:10A640003746DFF89C924FF000084FF0380AF6F7D3
:10A6500055FB838A9845C0F018813046394609B0C9
:10A66000BDE8F04F19F007BF9D4B1B684FF038084D
:10A670009B6B08FB06F803EB080C13F80830012B62
:10A6800003D0022B3AD00136A4E7DCE9022394423E
:10A6900075EB0303F7D3DBF80030BCF81280BCF88D
:10A6A0001490BCF81CA0DCF8182023B1D3F890104B
:10A6B0000131C3F89010DCF8203006921F46FCF7F9
:10A6C00087F83F1A78427841069A01234146FEF7FF
:10A6D00099FD01213046FFF71FF84046069A49468A
:10A6E00019F03EFE4846FEF7D5FE0028CBD04B467B
:10A6F000424651460020FEF7D7FEC4E7DCE90223BC
:10A70000944275EB0303BED3DBF80000BCF81220C3
:10A71000BCF81430BCF81CE020B1D0F89010013126
:10A72000C0F890100CF12C099CF82910BCF810000E
:10A73000CDE903C9DFF8B491CDF80890DCF82470B6
:10A74000CDE900E7FFF728F800289CD1644F3B686B
:10A75000D86A19F0A0FE3B689B6B201803EB080237
:10A7600045EB0101C2E90201012203F80820DBF8F0
:10A77000003023B1D3F88C200132C3F88C20FBF7D2
:10A7800031FE80E7D9F800C05026DCF83C3006FBEB
:10A7900008F698199A5D012A04D0022A46D008F1D9
:10A7A000010822E7436C002BF9D190F8313090F882
:10A7B00030E0734514D919F05CFED9F800300793E6
:10A7C0008B46D96B074602208A198855508B069212
:10A7D00019F0F0FE0128DDE9062309D0186A0FE020
:10A7E000C16A02FA03F70F426CD00133DBB2E0E733
:10A7F00092F82800596900B101389B6903FB0010E9
:10A8000019F049FED9F80030DB6B38181E44DAF82D
:10A8100000304BEB0101C6E9020123B1D3F8E82077
:10A820000132C3F8E820FBF7DDFDB8E7D0E90223E9
:10A83000944275EB0303B2D32A4F3B686BB1DB68DC
:10A84000984750B1D9F80030DB6B1E44D6E90401BB
:10A85000FAF7E0FE3B68DB699847DAF8003023B18D
:10A86000D3F8EC200132C3F8EC204046FFF7B6F9EC
:10A8700095E71B1B62EB0502B34272EB07013CBF7D
:10A880001E46174608F10108BDE6D9F800200AFB6C
:10A8900008F3916BCA18CB5C73B1D2E902329C42C7
:10A8A00075EB02010BD21B1B62EB0502B34272EB8C
:10A8B00007013CBF1E46174608F10108C7E60026FF
:10A8C0003746CAE6DCF808302BB1D0E90223A242B1
:10A8D000AB41BFF464AFFFF73FF860E7FFFFE7036A
:10A8E000E4110020742F0020902F0020AB71040091
:10A8F0000D4B1B6830B5083348B100F1300250F8F9
:10A90000041B43F8041B9042F9D1002030BD074CD2
:10A9100004F13005224603CAAA4218605960144661
:10A9200003F10803F6D1F0E7E4110020A0190500B7
:10A930002DE9F843DFF86090064690461F464FF039
:10A94000FF340025F6F7DAF9038AAB4206DDD9F8C1
:10A9500000301A6C2B01D35AB34211D1F6F7CEF95D
:10A96000038AAB4213D02C460B4B1B681B6C220195
:10A9700003EB04149E52C4E902870020BDE8F8836B
:10A98000621C02D1002B08BF2C460135DAE7631C9C
:10A99000EAD140F20250F1E7E41100202DE9F04F36
:10A9A0002DED028B9FB0CDE911239DF8B430BDF899
:10A9B000AC700A93BDF8A8600991814619F059FD61
:10A9C00001231B93099B002B0CBF14231023CDE9FB
:10A9D000170119931BF04DF90C903846FEF75AFDFC
:10A9E0001390FBF7F5FE01462C980A9A83790C33F5
:10A9F000C418002A34D1C35CC3F3801203F03F03B0
:10AA00000D9363781592DB09A578E2781493EB0037
:10AA100003F0180343EA521310930A9B002B14BF50
:10AA200008230C230E93109B02F01F0A9A451BD299
:10AA30000320FEF7A5FE21242AAD55F8080F1CF0CF
:10AA4000A8FB284616F03AFC2CB9874B1B6813B1BB
:10AA50005A6C01325A641FB0BDEC028BBDE8F08F16
:10AA600000230D931593CFE706D91CF085FB0E9BB1
:10AA7000984201D00020DCE70A9B1BB19DF8B8305A
:10AA8000002BF7D0BAF11F0F1EBF01230AF10102FC
:10AA90009340647814BF03F1FF334FF0FF330F93FB
:10AAA000A401129B04F4FE5444EA9504B3F5005F3C
:10AAB0000B940DD323F4FF5323F01F0323430B9375
:10AAC0000B9A129B93423EBF1346A3F500530B9380
:10AAD000119BCA1A5342534108EE103A0B9A18EED2
:10AAE000100A1BAB3146FEF79DFA002877D11B9B5D
:10AAF000002B7ADA04209CE7B8F1FF3F03D1435CD6
:10AB0000002B08BFA8460135F6F7F8F8838A9D4266
:10AB10004FF038021CDADBF80030986B02FB05F1CD
:10AB20004318B3F812C0B445E6D1B3F814C0BC451D
:10AB3000E2D19B690B9A9A420AD928460221FEF774
:10AB4000EBFDF6F7DBF8B8F1FF3F08BFA846858AB2
:10AB50000A9B003B18BF01231693F6F7CFF8838AB0
:10AB6000AB42A4B240F09D811B9B002B41D100223F
:10AB70000023CDE91C2319F07CFC054688463046AD
:10AB80001CA9FEF73DFD28BB1C9B9D421D9B78EB3D
:10AB900003031FD3099B0C990290002B0F9B324695
:10ABA00008BF0021CDE90300CDE9004348463B46FC
:10ABB000FEF7F2FD2D4B1B68186B9B6A03FB00032D
:10ABC00003EB500019F067FC2A1848EB01033046EC
:10ABD000FFF7AEFE0520FEF7D3FD00242CE74FF073
:10ABE000FF380025DFF884B08EE74FF0FF380546C8
:10ABF000F8E7B8F1FF3F14D1099A0C9900940023AB
:10AC00009A42CDE90333CDE9013332463B4608BFD2
:10AC100000214846FEF7C0FD0620FEF7B1FD1A24CC
:10AC20000AE7139B2BB1384619F0C4FC012800F049
:10AC30002B810E9B0AFB0330169B18441CF032FE3E
:10AC40000546A8B9099B0C990094002BCDE9035542
:10AC5000CDE901553B46324608BF00214846FEF784
:10AC60009BFD0720D9E700BF902F0020E4110020B2
:10AC7000139BF3B1F6F742F890F820200AF1010394
:10AC80009A4280F00381384619F094FC012840F084
:10AC9000FD80099A0C99009400239A42CDE9033370
:10ACA000CDE9013332463B4608BF00214846FEF756
:10ACB00073FD994B19684FF0380B886B0BFB08FB41
:10ACC000012200F80B20C86A19F0E5FB924B159A97
:10ACD0001B689B6B9B44179BABF810901818189B34
:10ACE000ABF8126043EB0101CBE902010D99099B1E
:10ACF000ABF8147042EA4101149AABF81C4041EAE7
:10AD0000C211002B0A9A0C9B8BF82A1008BF002353
:10AD10009BF834108BF829300B9BCBF8183062F37A
:10AD20000001119BCBF820308BF834100023114622
:10AD3000CBE90B35CBF824308BF828A0012219B1D0
:10AD40002EA928461CF0CBFDFBF74CFB734B1B6870
:10AD50003BB1D3F88C200132C3F88C20DA6E01327B
:10AD6000DA66109BDFF8B0B14FF0010A0AFA03F37C
:10AD70000D93DBF800300D9A9B6B382505FB08F529
:10AD80002B445B6A1A4240F0CB803046FBF7EEFB67
:10AD9000E8B9DBF800309B6B2B44DDE92F015A6AE0
:10ADA000002A93F828202C9B079305AB83E8030027
:10ADB000129B0293119B0193099B0093CDE90367BA
:10ADC0000A9B214614BF50460220FEF747FB139B07
:10ADD00023B1384619F0EEFB01281AD04E4B2C98BF
:10ADE0001B689B6B2B44D3F830B083790C33C118AC
:10ADF000C35CDB090CBF013104311CF0BDF9109AB2
:10AE0000169B84460E9802FB0033624658461CF09F
:10AE100066FDDFF804A10D9BDAF80020926B02EBCF
:10AE2000050BDBF824201A43CBF82420109B9BF859
:10AE300028209A421FD12C981CF09EF90E9B191ABB
:10AE400019D00BF1300016F0C1FCDAF80020926B3B
:10AE50002A44106B16F0DAFB68B9DAF80020926B1E
:10AE60002A44106B1CF095F9DAF80030986B2844EE
:10AE7000303016F023FA294B1B6813B1DA6F013218
:10AE8000DA674FF0010B4DE00025F3E6002D7FF46B
:10AE900010AF01201CF006FD054600287FF409AF25
:10AEA000D0E61D4B1B68996B382303FB05110B8AF9
:10AEB0004B451ED10B6A119A9A421AD191F82A3049
:10AEC000159803F00102824213D10D98C3F3450295
:10AED00082420ED1149AB2EBD31F0AD191F82830D6
:10AEE000534506D191F834300A9A03F00103934296
:10AEF00001D008209DE50A9B5BB100230122096B6C
:10AF00001CA816F0D1F99DF870209DF8B8309A422F
:10AF1000EFD1A84625E700BFE4110020902F0020C4
:10AF20004FF0000BDFF8C4A10F99DAF800309B6BEB
:10AF30002B445A6A914240F08280988A19F03AFB79
:10AF4000012826D1099A0C9900239A42CDE90333AE
:10AF500002930F9B08BF0021CDE9004332463B46D8
:10AF60004846FEF719FCA0B919F083FADAF8003068
:10AF70008346186B9B6A03FB000303EB5000894672
:10AF800019F089FA1BEB000249EB01033046FFF789
:10AF9000CFFC3846FEF77EFA28B13B4632462146C2
:10AFA0000120FEF781FADAF800309A6B2A4492F811
:10AFB0003430108ADB0728D4199B92F82A100593A5
:10AFC000136B0493938A0393538A029393690193B7
:10AFD00092F82A30C3F345030093126A01F001038B
:10AFE000C9091CF061FADAF800309B6B1D4400249B
:10AFF000214640462C63FEF78FFB0B9A18EE100A91
:10B0000023463146FEF7FEF816E51CAC0146204605
:10B010001AF040FCDAF800309B6B2B44196B93F864
:10B02000292003916FF07F010291998A0191598A39
:10B03000009194E803001B6AFEF7FEFDD3E7294B5D
:10B040001B68002B37D1BBF1000F39D1DAF8004073
:10B05000A66B735D022B06EB05073FF4BEADB88A05
:10B0600019F0A8FA01287FF4B8AD02237355A26A3B
:10B0700097F82830206B93423ABF420800FB032028
:10B08000504319F008FADAF800309B6B1D44179B07
:10B090001818189B43EB0101C5E90201FBF7A2F95F
:10B0A000114B1B68002B3FF498ADD3F88C20013274
:10B0B000C3F88C2091E5DB6898470028C3D08CE565
:10B0C000DAF800309B6B2B44D86A0028BED0FAF720
:10B0D0000FFADAF800309B6B2B440022DA62FBF7A0
:10B0E00081F9B3E7742F0020902F0020E411002095
:10B0F0002DE9F04F8FB01E1E1C9FDDF86080BDF85B
:10B100006850BDF86C9097F806A008920EAC04E960
:10B1100003000CBF0423002338460B9316F076FA85
:10B120000446002859D0574408993B7BDA09002986
:10B1300041D1002A3CD105284FD905F071FE0F38C6
:10B1400084424AD800211C9816F071FBDDF870A0EB
:10B150009AF806B00BF10C0B0AEB0B031AF80B4034
:10B160000993FBF735FBA0EB080778427841199A61
:10B170002946FEF79FF898BBE4091AF80B3040D037
:10B18000C3F38013C3F10203DBB2074648460993B9
:10B1900019F010FA089B002B40F0CA80099B022B83
:10B1A00040F0C28001285DD004285BD0012015E06A
:10B1B000441F0B2CC5E7F2B923B10A2B0BD0441E58
:10B1C0000F2CBEE7A0F1070CDCF1000444EB0C04EB
:10B1D000002CB7D101E00428B4D00020FEF7D0FA4B
:10B1E00018AC54F8100F1BF0D4FF204616F066F888
:10B1F0000FB0BDE8F08F441F072C8CBF0024012442
:10B20000E6E75B062BD1099B5F789B78BF0107F4CB
:10B21000FE5747EA93070323FFB20A932846FBF73A
:10B22000A5F9024690B91C9B07930EA911E90300EA
:10B2300005AB83E80300199B0A980096CDE90183CA
:10B24000CDE90359089B3946FEF708F91AF80B3087
:10B25000099FC3F38013C3F10203DBB296E72746CD
:10B260000A94DBE70DF1300A9AE80300FAF7D2F905
:10B270004FF6FF7398428346B2D04CBB01211CA805
:10B2800016F07DFA0B9A3B7805921C9A0295CDE94F
:10B290000392199A019203F03F020092C3F38013C4
:10B2A0004246214658461CF0FFF82E4B1B6813B14E
:10B2B0005A6C01325A6400231C932B4B1B68002BE1
:10B2C0008ED09C689AE8060000232846A04787E7AE
:10B2D0009AE8030005AB83E803001C9B009500245B
:10B2E000CDE90193CDE90344199B424631465846C6
:10B2F000FFF754FB1C94E0E797E8030005AB83E8F5
:10B3000003001AF80B3003F07F030493089BCDE988
:10B310000059CDE902233146199B42466046FFF7AA
:10B320003DFB00231C935BE700289BD1022055E7DF
:10B330000028FBD00CAF97E80300FAF76BF91C9AD2
:10B340008446002CD8D19DF974300392CDE9019345
:10B35000009597E8030043463246FEF76DFC1C94C7
:10B360003EE700BF902F0020742F0020F8B52B4C33
:10B370000025382723689B6B03BB002550272368D3
:10B38000DB6B002B2FD12368186C002840D1236879
:10B39000986B20B119F04CF8236800229A63236857
:10B3A000D86B20B119F044F823680022DA632068D2
:10B3B0004422BDE8F840002120F0B2B8F5F79EFC29
:10B3C000838AAB42D9D923689B6B07FB05F63344CC
:10B3D0000135186B1BF0DDFE2368986B304430306C
:10B3E00015F06CFFC6E7F5F789FC438AAB42CAD972
:10B3F0002368DB6B07FB05F633440135986C1BF0C3
:10B40000C8FE2368D86B3044483015F057FFB6E7C4
:10B4100019F00EF8236800221A64B8E7E41100203E
:10B420002DE9F04F3C4C8DB007460E4620680021B8
:10B430009046442220F074F8F5F760FC808A256875
:10B440004FF0380909FB00F018F0EEFF2368A863FD
:10B450009B6B2BB9FFF78AFF1A200DB0BDE8F08F68
:10B46000F5F74CFC438A25685020584318F0DCFF60
:10B470002368E863DB6B002BECD00025AA46F5F7C8
:10B480003DFC838AAB4227D8F5F738FC008A256853
:10B49000000118F0C9FF236828641B6C002BD9D069
:10B4A0000025DFF880A0A9464FF0000BF5F726FC39
:10B4B000038AAB4223681FD847B31F604EB35E6058
:10B4C0006C4620461DF06EFF002814BF4046204603
:10B4D000FFF70EFA0020C0E723689B6B09FB0533DA
:10B4E0000135A3F812A0A3F814A0A3F81CA0C3F878
:10B4F00024A0C3F830A0C2E71B6C290103EB05129E
:10B5000023F801900135C2E902ABCFE7034A1A6084
:10B51000D4E7034A5A60D3E7E4110020A55A020099
:10B5200035950400FFFFE70370B50A4D0024382667
:10B53000F5F7E4FB838AA34200D870BD2B689A6BB1
:10B5400006FB04F3D35C1BB103212046FEF7E4F8AD
:10B550000134EDE7E41100202DE9F041114F3B6883
:10B56000DB6B05460E46C3B9BDE8F0810134F5F743
:10B57000C5FB438AA342F7D93B68DB6B08FB043366
:10B580001A8BAA42F2D15B8BB342EFD1204641F233
:10B590004401BDE8F041FEF761B800244FF05008C7
:10B5A000E5E700BFE41100200CB42DE9F04385B0BD
:10B5B0000D460C9C0746002800F0C48089B3002C7F
:10B5C00000F0C2800DABDFF88481039300204FF0C0
:10B5D0000A09237823B3252B04F101066DD1637882
:10B5E000622B24D018D8252B63D0303B092B17D8D9
:10B5F000002316F8012BA2F13001092955D9732A2D
:10B600000ED1039A0093111D1368039101462A4637
:10B6100038461CF038F92CE06C2B34D0732B16D044
:10B620000546284605B0BDE8F04302B07047039BCD
:10B630001A1D1B688DF8083001230093039202AB9A
:10B6400001462A4638461CF01EF9A61C11E0A378D4
:10B650006C2B10D1039B1A1D1B680392ADF80830A8
:10B6600002230093014602AB2A4638461CF00BF930
:10B67000E61C3446ADE7622BD2D1039B1A1D1B6832
:10B6800003925BBAEAE7A3786C2B06D1039B1A1DE1
:10B690001B68039202930423E3E7622BC0D1039B50
:10B6A0001A1D1B6803921BBAF4E709FB0323303B06
:10B6B0009FE7012300934346C2E75C2B3ED16378AA
:10B6C000002BADD0782B35D1A378A3F13002D1B2C5
:10B6D000092913D812018DF80820E378A3F130026C
:10B6E000092A1AD803F00F039DF8082013438DF898
:10B6F000083001230093261D02AB87E7A3F1610206
:10B70000052A04D8573B1B018DF80830E5E7A3F163
:10B710004102052A84D8373BF5E7A3F16102052AE7
:10B7200001D8573BE0E7A3F14102052A3FF678AF85
:10B73000373BD9E701230093334681E70123009388
:10B74000234663E705466CE725466AE7541805007B
:10B750002DE9F04107461CF039F90446002845D18F
:10B760000C2018F061FE054670B126464FF6FF78B2
:10B77000F9F77AFA844209D39EB1700118F056FEA7
:10B78000A86078B91CF04DFA1A201FE02046F9F79E
:10B7900071FA19F079FE40451CBF0136B6B201348A
:10B7A000E6E7AE60124BDFF84C80AE800024A74283
:10B7B00008BF1F462F60EC804FF6FF77F9F754FA69
:10B7C000844205D32846FCF76BF80020BDE8F081E1
:10B7D0002046F9F74FFA064619F056FEB84203D054
:10B7E0004146304619F0F8FD0134E7E71220EDE755
:10B7F00019F302005818050041F20213984259D873
:10B80000B0F5885F6FD2152823D9A0F5805083B298
:10B81000152B0FD90F207047A0F5985001380C2830
:10B8200061D8DFE800F0646060646060606460605C
:10B83000606064001528EDD8DFE800F055555555D7
:10B84000555555595555595555555559555555559C
:10B8500055551528DED801A353F820F0F3B802009F
:10B86000F3B80200E7B80200F3B80200F3B8020030
:10B87000F3B8020015B8020015B8020015B80200AE
:10B8800015B80200F3B80200F3B80200F3B80200E2
:10B89000F3B80200F3B80200F3B8020015B80200D2
:10B8A00015B80200F3B80200F3B80200F3B80200C2
:10B8B000F3B8020041F21133984210D8B0F5985F06
:10B8C000AAD2A0F5905083B2082BA3D80828A1D8FB
:10B8D000DFE800F0090F09090D09090D0900A0F5BD
:10B8E000A050052896D803230B7000207047012331
:10B8F000FAE7002008707047034B1B681B6813B100
:10B90000DB6E03B118477047BC110020F8B5044640
:10B91000F5F7F4F90B4BC6881B68186820B10023B3
:10B920001C27B34201D30020F8BDC16D07FB03F211
:10B9300009688D188A5AA24201D00133F1E72846DE
:10B94000F2E700BFBC11002038B50446F5F7D6F980
:10B950000A4B05891B68186818B10023AB4201D354
:10B96000002038BD026E126802EB830132F82320FA
:10B97000A24201D00133F1E70846F2E7BC110020F2
:10B980002DE9F04F244F3B681B6889B00446002B1B
:10B990003FD0838902934389019303890093C3882D
:10B9A0001E4A092105A8FFF7FFFD04F11005064610
:10B9B0004FF00008284605F1040A1CF009FF504624
:10B9C0001CF006FF3B68A28818680021D0F810B070
:10B9D00000684346D84750B90C35B8F1000F03D082
:10B9E000002009B0BDE8F08F4FF00108E2E73B68A6
:10B9F000A188186805F10803CDE902A3CDE9006527
:10BA000005ABD0F804A000684246D0470028E3D038
:10BA1000E7E71120E5E700BFBC1100207018050022
:10BA2000024B1B680BB11B6918477047382F002069
:10BA3000044B1B681B6813B1D866002070471120A7
:10BA4000704700BFBC110020064B1B681B6833B158
:10BA5000DA6E82424FF0000002D1D86670471120A2
:10BA6000704700BFBC110020F0B51D461A4B1B6883
:10BA700087B01B68064600200F4601904BB301AB10
:10BA8000FF2102F0BFFA0446C8B9019802AB3A465A
:10BA900031461CF03DFF044601A81CF099FE74B924
:10BAA000204601AB02AAFF2102F0ACFA044630B9ED
:10BAB000DDE90C23019829461CF02AFF044602A860
:10BAC00010211BF068FF01A81CF082FE204607B081
:10BAD000F0BD1124FAE700BFBC1100202DE9F04FA2
:10BAE00097B09B46102A4FF000030746884616463B
:10BAF000009309AD00F29C804E4801AA04211CF07D
:10BB0000F4FE044600287CD16B4601AAFF2102F016
:10BB100079FA0446002874D1009805AB1022394602
:10BB20001CF0F6FE044668461CF052FE002C68D15C
:10BB30000DAF3246414638461FF0CAFC06F15803A5
:10BB40006B44012203F8242C20466B4605AAFF21F2
:10BB500002F058FA0446002853D100982B46721C74
:10BB600039461CF0D5FE044600284AD19DF83330F2
:10BB7000219A03F07F03137095E80F0087E80F0008
:10BB80003246414611A81FF0A3FC06F168030DEBF5
:10BB9000030906F1110A022309F8243C00982B46F8
:10BBA000524639461CF0B4FE044650BB2C465B4658
:10BBB000224603CABA4218605960144603F10803CA
:10BBC000F6D195E80F000DAF87E80F0032464146E9
:10BBD00011A81FF07DFC032309F8243C00982B4694
:10BBE000524639461CF094FE044650B9209A2E461F
:10BBF000334603CBBB42106051601E4602F108027F
:10BC0000F6D101A810211BF0C6FE05A810211BF0DB
:10BC1000C2FE284610211BF0BEFE21210DA81BF0FC
:10BC2000BAFE68461CF0D4FD204617B0BDE8F08F80
:10BC30002124E6E77E18050070B58EB00023064685
:10BC40000D462048019306AA04211CF04EFE04462E
:10BC500030BB01AB06AAFF2102F0D4F90446F8B9C3
:10BC600001980AAB102231461CF052FE044601A88E
:10BC70001CF0AEFDA4B9204601AB0AAAFF2102F0D8
:10BC8000C1F9044660B91049019802AB04221CF0C6
:10BC90003FFE044620B99DF8173003F03F032B7098
:10BCA00006A810211BF077FE0AA810211BF073FED6
:10BCB000102102A81BF06FFE01A81CF089FD204690
:10BCC0000EB070BD831805008818050030B5144605
:10BCD00087B0A8B1A1B19AB1042302AD00930A467E
:10BCE000084B01952021FFF7BFFE014628B9FF212F
:10BCF00023462A4602F086F90146084607B030BDC1
:10BD00002121FAE78D180500F0B50D469BB01E46BF
:10BD100068B361B35AB353B304460AAF00F1200CC1
:10BD2000206861683B4603C3083464451F46F7D169
:10BD30002C4604F1200712AD206861682B4603C32E
:10BD40000834BC421D46F7D102ACCDE900244021A5
:10BD5000084A07230AA81CF0A0F8014620B921468A
:10BD6000324602F069F9014608461BB0F0BD2121B8
:10BD7000FAE700BF921805002DE9F0470E468AB099
:10BD800017461D46804698B391B38AB383B306AB7A
:10BD90004FF0040A01930A46164BCDF800A020216B
:10BDA000FFF762FE0446F8B90DF10809CDE900A9D4
:10BDB000114B324620214046FFF756FE044698B903
:10BDC0003B464A46082102F01DF9044660B90DF1D0
:10BDD0001B022B460DF1270152F8040B43F8040B0C
:10BDE0008A42F9D112781A7020460AB0BDE8F0876D
:10BDF0002124F9E79A1805009F18050070B58AB04C
:10BE0000002306460D461C48019302AA04211CF09B
:10BE10006CFD0446E8B901AB02AAFF2102F0F2F87A
:10BE20000446B0B9019806AB102231461CF070FDF3
:10BE3000044670B99DF826301B0203F47C529DF82D
:10BE400027301343ADF802306FEA43436FEA5343A0
:10BE50002B8002A810211BF09EFD06A810211BF0CC
:10BE60009AFD02210DEB01001BF095FD01A81CF0CD
:10BE7000AFFC20460AB070BDA418050038B5094BC8
:10BE80001B681C680A4654B10146256920680123D5
:10BE9000A847002840F2025018BF002038BD1120EA
:10BEA000FCE700BFBC1100200B4B1B6873B51D687D
:10BEB00002460C465DB161B1EE69286801AB012113
:10BEC000B04710B9BDF80630238002B070BD112014
:10BED000FBE72120F9E700BFBC1100202DE9F74363
:10BEE0001B4E33681B68054663B300884FF6FF732B
:10BEF000984229D00DF10601FFF7D6FF0446E8B9B4
:10BF000005F1020833682A88186804F00107D0F8A0
:10BF1000109000683B460121C84718B9012C0DD08C
:10BF20000124EFE73368298818683A46D0F80C9066
:10BF3000006808EB0403C8470028EFD0002003B0D6
:10BF4000BDE8F0831120FAE740F20250F7E700BFA6
:10BF5000BC1100202DE9F043DFF8A8801F46D8F877
:10BF600000301B6887B006460D461446002B44D0AF
:10BF70001CF02AFC34EA000141D1D8F800301868DE
:10BF80002A46D0F8109000680123C84728B940F22B
:10BF90000254204607B0BDE8F0830DF10A01304697
:10BFA000FFF782FF18B9BDF80A30AB42EFD1D8F8DD
:10BFB00000308DF80C4018680E9BADF80E50CDE99E
:10BFC00000733246446A006803AB0121A04704466F
:10BFD00028B140F20343984208BF0024D9E7304615
:10BFE0001BF0C2FF052304A88DF81030ADF81260D5
:10BFF000ADF81450FFF780FCCBE71124C9E72124EA
:10C00000C7E700BFBC1100200B4B1B6873B51D6850
:10C0100002460C465DB161B1EE69286801AB0021B2
:10C02000B04710B99DF80630237002B070BD1120E2
:10C03000FBE72120F9E700BFBC1100202DE9F04FFC
:10C04000264F87B000238DF817303B681B680446E5
:10C05000002B3ED000884FF6FF7398423BD00DF185
:10C060001601FFF7D1FF064618B1002007B0BDE862
:10C07000F08F251D4FF0010A284605F104091CF038
:10C08000A7FB48461CF0A4FB3B682288186806F012
:10C090000108D0F810B0006843460021D84728B9FD
:10C0A000012E05F10C05E0D00126E5E73B6821886B
:10C0B000186805F10803CDE90293CDE900A50DF15B
:10C0C0001703D0F8049000684246C8470028E7D01C
:10C0D000CBE71120CAE740F20250C7E7BC110020AD
:10C0E0002DE9F041DFF870801E46D8F800301B685B
:10C0F00086B005460F4614464BB31CF065FB34EA88
:10C10000000126D1D8F800308DF80C4018680C9B3F
:10C110008DF80E70CDE900632A46446A006803ABCF
:10C12000A047044640B140F20343984208BF0024B0
:10C13000204606B0BDE8F08128461BF039FF04A870
:10C140008DF81040ADF81250FFF7D6FBF0E7112440
:10C15000EEE72124ECE700BFBC1100202DE9F043FD
:10C160001E4685B00023CDE90233244BDDF8309024
:10C170001B681B6888461746002B3AD0FFF7C6FBA2
:10C180000446002837D000880DF10701FFF73CFF77
:10C19000054608BBB8F1000F02D19DF807302BB35C
:10C1A0000C2101FB08446068A3680290247B039380
:10C1B0001CF00CFB03981CF009FB1FB1029B3B60B9
:10C1C000002302931EB1039B336000230393B9F154
:10C1D000000F01D089F8004002A81CF0F9FA03A86A
:10C1E0001CF0F6FA284605B0BDE8F08340F202558F
:10C1F000F2E71125F6E740F20255F3E7BC11002003
:10C200002DE9F04F8DB0324D05930023CDE9073372
:10C2100009932B681B680F461646002B53D0FFF777
:10C2200075FB8146002850D000880DF11B01FFF7F7
:10C23000EBFE0DF1280804460DF1240B0DF1200A48
:10C2400000282CD11FB99DF81B10002938D02A686E
:10C25000B9F800101068CDF800A0CDE901B807AB1F
:10C26000846800683A46A0470446C0B916B1079BE7
:10C2700033600790059B23B1059A089B1360002348
:10C280000893179B23B1434603CB179B1860596053
:10C29000169B23B1169A099B13600023099307A8E4
:10C2A0001CF096FA58461CF093FA50461CF090FA8F
:10C2B000082140461BF06FFB20460DB0BDE8F08F13
:10C2C00040F20254EBE71124F6E740F20254F3E7A0
:10C2D000BC1100202DE9F341164F05461BF074FDFB
:10C2E0003B681B6806461BB35B6E23B900242046DF
:10C2F00002B0BDE8F0810DF107012846FFF784FE8A
:10C3000004460028F3D14FF02808B442EED03B6831
:10C310001B685B6E586808FB04008388AB4201D041
:10C320000134F2E7FFF72CFB0028F9D00446DEE7E2
:10C330001124DCE7BC1100202DE9F04F8FB0064638
:10C3400005930023CDE90933754BBDF860A01B6848
:10C35000BDF864B01B6888469146002B00F0DD8074
:10C360000DF122015F6EFFF74FFE0546002840F0F9
:10C370009680B8F1000F04D19DF82230002B00F018
:10C38000CA80002F00F097801BF01EFD00234FF0A5
:10C39000280C984209D11BF017FD7B6806930021F9
:10C3A00007900B464FF0FF323DE07C680CFB0344E6
:10C3B000A188B1420CD1E188494509D12189059A6A
:10C3C000914205D16189514502D1A18959453FD09A
:10C3D0000133DEE7282000FB03FC069800EB0C0489
:10C3E0004FF6FF70B4F804E0864523D0764510D1AF
:10C3F000B4F806E0CE450CD1B4F808E005988645BF
:10C4000007D1B4F80AE0D64503D0B4F80CE0DE4515
:10C4100010D1069850F80C408C4201D3501C48D1E2
:10C420001A460133214607989842D3D1069928230A
:10C4300003FB0214059BA680A4F806902381A4F8B0
:10C440000AA0A4F80CB02046FFF79AFA00285DD1A4
:10C450003B6823600C2101FB084401333B606369A6
:10C4600020690A93237E09908DF823301CF0AEF9E1
:10C470000A981CF0ABF91A9B23B11A9A099B136016
:10C48000002309931B9B23B11B9A0A9B1360002373
:10C490000A931C9B1BB11C9A9DF82330137009A8AA
:10C4A0001CF096F90AA81CF093F928460FB0BDE8D5
:10C4B000F08F0C46B5E7059B1A4A0093CDE901AB16
:10C4C0004B460921DFF858900BA8FFF76DF8D9F813
:10C4D0000030044618683246D0F810A00068434681
:10C4E0003946D047A0B1D9F8003018680DF12303C0
:10C4F00003930AAB029309ABCDE90043424644687B
:10C5000000680BAB3146A0470028B4D00546C6E70B
:10C5100040F20250FAE72125C1E71125C5E700BF27
:10C52000BC110020701805002DE9F0414B4E336816
:10C530000546186886B08846002800F08D80C469DA
:10C54000006802AB2A460021A047044600287FD19C
:10C550009DF80A70012F03D0022F0BD0212477E021
:10C56000A8F10203012BF9D8B8F1030F05D04FF061
:10C5700002081CE0B8F1030FF0D103A9012001F07B
:10C5800083FD0446002863D1039BA34230D833685F
:10C590001B6829461A6C186890470446002857D132
:10C5A00028461BF01EFD2846FFF73AFAA0463368DE
:10C5B0001B6842461C6A18682946A04704460028A2
:10C5C00046D133681B6801469E6C18682A46B047FE
:10C5D000044600283CD1032304A88DF81030ADF8A0
:10C5E00012508DF814708DF81580FFF785F92FE043
:10C5F0000DF106022146012001F078FD38BB3368B9
:10C60000BDF8062018680121D0F81C80006804AB32
:10C61000C047E0B9BDF81230AB4201D00134B3E7F6
:10C620003368BDF806101B685A6C1868904770B9DB
:10C63000BDF806001BF0B1FC3368BDF806201B688E
:10C640000121D3F848801868C0470028E6D0044686
:10C65000204606B0BDE8F0811124F9E7BC110020A6
:10C66000F0B51F4F3B680546186885B00E46002898
:10C6700033D0C469006801AB2A460021A0470446B4
:10C6800040BB9DF80630012B02D11EB9212421E0C8
:10C69000002BFBD13B681B6832461C6B186829468F
:10C6A000A0470446B0B928461BF09BFC2846FFF77C
:10C6B000B7F93B681B6821469E6C18682A46B0474C
:10C6C000044638B9022302A88DF80830ADF80A50A4
:10C6D000FFF712F9204605B0F0BD1124FAE700BFBC
:10C6E000BC1100202DE9FF41224E33680546186831
:10C6F0000F46002839D0C469006801AB2A460121E1
:10C70000A047044668BB3368BDF806201868214678
:10C71000D0F81C80006801ABC047044608BB9DF8F8
:10C720000680B8F1010F22D133681B683A465C6B72
:10C7300018682946A047044698B928461BF02DFCE6
:10C7400033681B682A469C6C18684146A04704461B
:10C7500038B9072302A88DF80830ADF80A50FFF762
:10C76000CBF8204604B0BDE8F0811124F9E721247C
:10C77000F7E700BFBC1100202DE9F041504F3B68A6
:10C780001B6886B006460D46002B00F096800128F7
:10C7900004D8B1F5805F21D321241BE00228FBD10E
:10C7A0000A04F9D49C6A0A4601461868A047044660
:10C7B00080B93B681B682A46DC6A18683146A04786
:10C7C000044638B90A2304A88DF81030ADF8125089
:10C7D000FFF792F8204606B0BDE8F081012818D195
:10C7E00008461BF0B0FB3B681B682A469C6A186829
:10C7F0003146A04704460028ECD13B681B682A4616
:10C80000DC6A18683146A04704460028E2D10623B6
:10C81000D9E702A9012001F037FC04460028D9D14C
:10C820000646029BB34218D828461BF07CFB3B68A7
:10C830001B682A469C6A18680021A0470446002805
:10C84000C8D13B681B680146DE6A18682A46B047B3
:10C8500004460028BED10123B5E70DF106022146AA
:10C86000012001F043FC30BB3B68BDF8062018688E
:10C870000121D0F81C80006803ABC047D8B9BDF8CF
:10C880000E30AB4202D001340136CAE73B68BDF836
:10C8900006201B680121D3F828801868C04750B9CA
:10C8A00006238DF8103004A8BDF80630ADF812301C
:10C8B000FFF722F8E8E704468CE711248AE700BF77
:10C8C000BC110020F0B5030487B005460C4616469F
:10C8D00003D52124204607B0F0BD114F3B681B68EB
:10C8E000E3B11BF071FF34EA0000F2D13B688DF830
:10C8F0000C401C68CDE9006003AB666A20682A46DC
:10C900000221B04704460028E4D1092304A88DF889
:10C910001030ADF81250FEF7EFFFDBE71124D9E736
:10C92000BC11002070B5044610461A46230486B098
:10C930000D4611D480B17AB1042302AE0093019662
:10C94000064B2021FFF790F820B9324629462046B1
:10C95000FFF7B8FF06B070BD2120FBE7A91805005E
:10C96000044B1B681B68014613B1DA6C186810474A
:10C9700011207047BC1100200B4B1B681B6813B5BE
:10C980007BB15A6D18689047044638B90C23ADF84E
:10C99000020068468DF80030FEF7AEFF204602B078
:10C9A00010BD1124FAE700BFBC1100200B4B1B681F
:10C9B0001B6813B57BB19A6D18689047044638B967
:10C9C0000D23ADF8020068468DF80030FEF794FFA5
:10C9D000204602B010BD1124FAE700BFBC110020B0
:10C9E0000A4B1B681B6813B501466BB11A6D1868BA
:10C9F0009047044628B90B2368468DF80030FEF7AF
:10CA00007BFF204602B010BD1124FAE7BC110020C4
:10CA100010B50A4686B070B169B1042302AC009328
:10CA20000194064B2021FFF71FF810B92046FFF7AD
:10CA3000D7FF06B010BD2120FBE700BFA9180500F5
:10CA4000F8B5174E33681D683DB36B6E1BBB1BF00A
:10CA5000BBF90446D8B1082017F0E6FC074650B1F0
:10CA600028204443204617F0DFFC0346786020B9B5
:10CA7000384617F0DDFC1A2010E004444FF6FF7230
:10CA80009A802833A342FBD100233B606F66336852
:10CA9000044A1B689A66002000E00220F8BD00BF2F
:10CAA000BC110020D57D040010B5074C23681B681D
:10CAB00043B19A6E32B1586E904723681B680022CA
:10CAC000C3E9192210BD00BFBC1100202DE9F843B5
:10CAD000264D2B681B68002B38D0FFF7E5FF2B682D
:10CAE0001B681C6E6CB1F4F709F9028920680023F9
:10CAF0004FF6FF719A422BD817F09AFC204617F098
:10CB000097FC2B681B68DE6D00241C667EB1F4F771
:10CB1000F5F8C7884FF01C084FF6FF79A742336835
:10CB20001AD8184617F084FC304617F081FC2E689E
:10CB300030680024C4655822214604301EF0F0FC01
:10CB40003068046017F074FC2B681C60BDE8F88343
:10CB500020F823100133CDE708FB04F298189B5A04
:10CB60004B4501D01BF01BF90134D7E7BC11002065
:10CB70002DE9F0472E4D064670202C680F4617F021
:10CB800053FC2B682060D3F80080B8F1000F04D16B
:10CB9000FFF79CFF1A20BDE8F087F4F7AFF8B0F874
:10CBA0000690042017F040FC04460028F0D04FF017
:10CBB0001C0A0AFB09F017F037FC206018BB20465E
:10CBC00017F036FCE4E70AFB03F1013342529945C2
:10CBD000F9D82B68C8F85C40D3F80090F4F78EF8C9
:10CBE000B0F80880042017F01FFC04460028CFD0BE
:10CBF0004FEA880017F018FC20600028DFD00023DF
:10CC00004FF6FF7206E000234FF6FF72DFE720F8D1
:10CC1000232001339845FAD82B68C9F860401C6876
:10CC200058223946201D1EF053FC26600020B2E732
:10CC3000BC110020F8B50E4615461C46074640B10B
:10CC400010F064FE0EF0E2FF0021024638461EF0AE
:10CC500067FC4EB1304610F055FE0EF0D9FF0021B2
:10CC6000024630461EF05CFC4DB128460FF06CF8D1
:10CC70000EF0D0FF0021024628461EF051FC4CB1B8
:10CC800020460FF061F80EF0C5FF00210246204655
:10CC90001EF046FC054C23689B68586917F0C8FBDA
:10CCA00023689B6800225A61F8BD00BFBC110020B8
:10CCB00010B5044610F00FF80EF0A6FF0021024652
:10CCC00020461EF02DFC024B1B689B689C6010BD2B
:10CCD000BC1100202DE9F047DFF898A01C46DAF8D7
:10CCE00000309B685B6981468846174613B119205E
:10CCF000BDE8F0870EF08AFF05460EF089FF054477
:10CD00000EF088FF05448CB30EF084FFDAF8003093
:10CD100028449E6817F088FBDAF8003070619B6841
:10CD20005B69002BE3D0C9F800300EF06FFFDAF832
:10CD300000309B685B690344C8F8003005460EF07C
:10CD400067FFDAF800309B685B6905442B443B6061
:10CD50000EF060FF64B1DAF800309B680544586952
:10CD6000054425600EF056FF0020C1E72046CDE7C0
:10CD70002046BDE7BC11002038B50D4D2B68B3B17E
:10CD80009B68A3B1186817F053FB2B689B680024BD
:10CD900058691C61C3E90044C3E9024417F048FB29
:10CDA0002B689868446117F043FB2B689C6038BD82
:10CDB000BC110020F8B5214D2C68A768002F3BD18D
:10CDC000182017F031FB2B68A0609B681BB9FFF798
:10CDD000D3FF1920F8BD0EF011FF04460EF014FF2A
:10CDE00004440EF009FF04440EF016FF2B682044A3
:10CDF0009E6817F019FB2B6830609B681A68002A40
:10CE0000E5D05A600EF0FAFE2B689A681368034466
:10CE1000936004460EF0F8FE2B689A681368044489
:10CE20002344D3600EF0E8FE2B689B6820441C6806
:10CE300004441C610EF0F0FE0020CBE7BC11002082
:10CE40002DE9F843DFF878801C46D8F800309B685D
:10CE50005D6881460E4617465DB300225A60022087
:10CE6000E3F7E8FB01462846E3F704FC80B980229B
:10CE700049462846E1F718F950B93A46314628465E
:10CE8000E1F756F920B921462846E1F763F9A0B148
:10CE900040F20344284610F070F90EF0AFFE002176
:10CEA000024628461EF03CFBD8F800309B685D60C7
:10CEB00000E019242046BDE8F8830446EAE700BFF5
:10CEC000BC1100202DE9F843DFF85890D9F8003064
:10CED0009B681C690746884616460CB300251D61F1
:10CEE00020460EF036FA2046E1F7A2F942463946CE
:10CEF0002046E1F7A9F931462046E1F7AFF920468F
:10CF00000EF029FA0EF088FE2946024620461EF051
:10CF100007FBD9F800309B6828461C61BDE8F88300
:10CF20001920FBE7BC1100202DE9F04387B09046A3
:10CF30001E4603F110020F9B9A4281460F4627D8E6
:10CF4000154B1B689B689D6825B300249C60284690
:10CF50000FF099FE80234A46022128460FF097FEE3
:10CF6000129B0593139B04930E9BCDE90283119BA7
:10CF70000193109B00933A460D233146284610F04A
:10CF8000CCF82846FFF794FE204607B0BDE8F083B2
:10CF90002120FAE71920F8E7BC1100202DE9F04123
:10CFA00086B01C460D9BA34280460E4617462CD3E6
:10CFB000184B1B689B689D684DB300229A602846F9
:10CFC0000FF061FE80234246022128460FF05FFEEB
:10CFD000109B0593119B04930C9BCDE902730F9B4F
:10CFE00001930E9B009321460D233246284610F0F4
:10CFF000AAF80028284641F2050408BF0024FFF7DC
:10D0000057FE204606B0BDE8F0812124F9E7192437
:10D01000F7E700BFBC110020F7B5144F01913A6843
:10D020009268D4680646FCB10025D56020460EF013
:10D0300032F88022314620460EF037F8019B01215C
:10D040001A4620460EF095F820460EF028F80EF00D
:10D05000D3FD2946024620461EF062FA3B689B68D3
:10D060002846DC6003B0F0BD1920FBE7BC110020AE
:10D0700070B586B0002305460E4605AA04A903A88C
:10D08000CDE903330593FFF725FE044648B903981D
:10D0900010F017FC03980321E3F7BAFE50B140F2F9
:10D0A00003440398DDE904120023FFF7C3FD204683
:10D0B00006B070BD049810F0F6FB05980EF03EFE29
:10D0C000DDE904210B4B0398009410F037FB002896
:10D0D000E5D12946049820220EF025FF049820224D
:10D0E000A9180C300EF01FFF0598202231460EF0D3
:10D0F0001AFFD6E7C58004002DE9F0411F469EB017
:10D100000023CDE90233CDE904330D46144600284F
:10D110007CD000297AD0002A78D0002F76D005ABB9
:10D1200004AA03A902A8FFF7D5FD064600283FD1AF
:10D13000029810F0C6FB039810F0B5FB05980EF0AE
:10D14000FDFD04980EF0FAFD02980321E3F760FE5E
:10D1500006AB224604F1200E9C46106851681C461E
:10D1600003C4083272452346F7D10EAB02F1200EFC
:10D170009846106851681C4603C40832724523461D
:10D18000F7D16146202203980EF0ACFE03982022CE
:10D1900041460C300EF0A6FE0398012118300EF027
:10D1A00058FEDDE90201E3F773FB58B141F20506D1
:10D1B000DDE90423DDE90201FFF73CFD30461EB046
:10D1C000BDE8F08116AB2A4605F1200C1D4610681B
:10D1D00051681C4603C4083262452346F7D1202219
:10D1E000294604980EF07EFE00230193084B00931D
:10D1F00005990298DDE90323E3F7B8FA0028D5D1B1
:10D200000598202239460EF08EFED1E72126D5E77B
:10D21000C58004000C4A1268526803465069418870
:10D22000994210B503D0C18A994201D1143010BD82
:10D23000064C002163802170D36A2046984700285D
:10D240000CBF20460020F2E7BC110020C6310020B0
:10D2500070B50446F3F752FD084BC1881D680022E3
:10D2600026268A4201D3002070BD6B68586806FBF1
:10D2700002004388A342F7D00132F2E7BC1100203C
:10D2800070B50446F3F73AFD084B01891D6800228A
:10D2900026268A4201D3002070BD6B68D86806FB41
:10D2A00002004388A342F7D00132F2E7BC1100200C
:10D2B0004FF6FF729142034608461AD0042B18D845
:10D2C000DFE803F0030507091100FFF7C1BFFFF70F
:10D2D000D7BFFFF79FBF084B1B685B689969122394
:10D2E00003FB00107047044B1B685B68D96922235D
:10D2F000F6E70020704700BFBC110020F0B50C46D7
:10D3000087B0114620461646FFF7D2FF0546002893
:10D3100057D0012C1CD0022C32D0002C54D14FF607
:10D32000FF734380047004711022214605301EF003
:10D33000F7F81022214605F115001EF0F1F8234BF5
:10D340001B685A681368013B1360204607B0F0BDA4
:10D350004FF6FF730024438083800470102221461F
:10D3600006301EF0DDF81022214605F116001EF0F1
:10D37000D7F8164B1B685A689368013B9360E4E743
:10D38000124BC6F30E041F686CB94FF6FF7343804F
:10D3900004701022214604301EF0C2F87A68136926
:10D3A000013B1361D1E70021102202A88DF804107F
:10D3B000ADF806601EF0B4F87B6801A81B6B9847B7
:10D3C000C4E740F20250C1E72120BFE7BC110020B2
:10D3D0002DE9F0478AB0F3F791FC00230589099302
:10D3E000CDE90533CDE9073306AB019307AB0093D5
:10D3F00008AA09AB05A928461AF075FF0446F0B93A
:10D400000146224826274FF6FF7CA646A942DDE9C1
:10D41000089318D3069A0292079A0394CDE9003232
:10D420000121059A4B46002001F022FA069B009349
:10D430000446DDE90812079B05981AF03FFF2046D5
:10D440000AB0BDE8F08702685268D26807FB01F6AF
:10D450003244B2F80280E04515D002F1060A1632D5
:10D4600049F824A043F82420079B03F804E0059B17
:10D4700023F8148003685B68DB681E44069BB2884F
:10D4800023F8142001340131C0E700BFBC11002093
:10D490002DE9F04389B0F3F731FC0023C5880193EF
:10D4A000CDE90433CDE9063305AB009306AA07ABFB
:10D4B00004A928461AF017FF0446E0B91C4E01469D
:10D4C00026274FF6FF7C8646A942DDE9063016D3B3
:10D4D000059A03940025CDE900022946049A029595
:10D4E000284601F0C5F9DDE906120446059B0498BB
:10D4F00000951AF0E3FE204609B0BDE8F0833268DB
:10D500005268526807FB0122B2F80280E0450DD054
:10D5100002F10509153243F8249040F82420059BB8
:10D5200003F804E0049B23F8148001340131CBE7B5
:10D53000BC11002038B50D46284611461C46FFF7A1
:10D54000B7FEB8B1012D05D0022D01D06DB1002478
:10D55000204638BD002CFBD11022811D06481DF04D
:10D56000A7FF041E18BF0124F2E7002CF0D11022FF
:10D57000411DF3E70446EBE73819050008B5034BF6
:10D580001B685B685B6A9847013008BDBC110020CE
:10D59000F0B589B0002206AB0093019207AB05A954
:10D5A0000220CDE9052207921AF09DFE044668BBD1
:10D5B000024618484FF6FF75264603685B685B69AC
:10D5C00013445988A94209D0079F043347F82430EF
:10D5D000069B1E55059B23F8141001341432282A8B
:10D5E000EBD1069B01930025079B059A03940093BA
:10D5F00002212B460295284601F03AF9DDE9063270
:10D6000004460095059829461AF058FE204609B0B0
:10D61000F0BD00BFBC1100200129F8B503D1BDE861
:10D62000F840FFF7D5BEA1BBFFF7D2FE0446D0B944
:10D63000FFF72EFF0446B0B9F3F760FBC688700011
:10D6400016F0F2FE054630B3144B18684FF6FF7122
:10D650002627A64209D83146284619F0F1F9044692
:10D66000284616F0E5FE2046F8BD436825F814105C
:10D670005B6807FB04335A888A4208D01B791B0376
:10D6800003F44053C2F30B02134325F81430013462
:10D69000DFE72124E7E71924E5E700BFBC110020FC
:10D6A000F8B50E4605461AF0B8FE17490F68002473
:10D6B0004FF0120CA04201D11A2022E07A68926940
:10D6C0000CFB04F31A4492F811E0BEF1000F19D1DB
:10D6D00028460132103550F8047B42F8047BA842FA
:10D6E000F9D10A68526892690020D118D0540123F8
:10D6F0004B74064B03EA440343F0E04343F0010359
:10D700003360F8BD0134D5E7BC110020FEFF0100F5
:10D710002DE9F047294F81460C4615464FF0000889
:10D720004FF0820AF3F7EAFA90F82830B8EB430F8B
:10D7300002D340F203503BE03B685B68196A0AFB86
:10D7400008F6314491F88130A3BB481CB9F1000FB1
:10D7500029D04B4609F1400253F8041B40F8041B42
:10D760009342F9D13B685B68ACB11B6A33444133E7
:10D7700004F1200254F8041B43F8041B9442F9D12D
:10D780003B685B681A6A002093199055012283F860
:10D7900081202B600CE0186A304420222146413061
:10D7A0001DF0BEFEECE74131FFF762FC0028E7D038
:10D7B000BDE8F08708F10108B4E700BFBC11002004
:10D7C00038B54FF400400C46FFF724FD38B14CB19A
:10D7D000054D28461AF03BFF2560002038BD40F279
:10D7E0000250FBE72046F9E701000150F0B587B091
:10D7F00004460E461546FFF7C1FE02281AD9C4F3A7
:10D800000E03BBB10023ADF806402A468DF8043064
:10D8100002AC103510685168234603C30832AA428F
:10D820001C46F7D1254B1B685B6801A81B6B98470A
:10D8300007B0F0BDFFF7A2FE022803D1C4F30E0328
:10D84000002B33D12046FFF7E5FC58B1327803783E
:10D850009A422DD11022294604301DF029FE38BBF2
:10D860000020E5E7154B19684B685B6958884FF64F
:10D87000FF72904203D0D88A90421CD114332A46BA
:10D88000181D103552F8047B40F8047BAA42F9D1E8
:10D890005C8032781A704A681369C4F30E0401334D
:10D8A0001361002CDCD1FFF773FED9E72120BFE71D
:10D8B00040F20150BCE740F20350B9E7BC11002030
:10D8C0002DE9FF410129DDE90A4517461E4672D0C0
:10D8D000022900F0D880002940F0DD8034B9102101
:10D8E000684619F043FC044640BB6C463846FFF7D7
:10D8F000AFFC804630B300F11501102220461DF028
:10D90000D7FD00286CD1B27898F80430934267D1E3
:10D91000317898F80020914262D1002B7BD0002D05
:10D920005ED0102208F1050128461DF0C1FD40F22D
:10D93000015440F20343002808BF1C46204604B0AF
:10D94000BDE8F0814FF6FF70FFF782FC80460028AB
:10D9500000F0968000F1150304F1100254F8041B46
:10D9600043F8041B9442F9D108F10500F5B10346D0
:10D9700005F1100255F8041B43F8041B9542F9D138
:10D98000A8F80270337888F80030B37888F804304B
:10D99000424B1B685A68136801331360FFF778FD28
:10D9A0001021684619F0F7FF0024C7E71022294626
:10D9B0001DF0B6FDE4E73CB91021684619F0D6FB2E
:10D9C00004460028BAD16C463846FFF759FC804619
:10D9D00020B300F11601102220461DF069FD10B1A0
:10D9E00040F20154AAE7B8F8043070889842F7D1A1
:10D9F000327898F800309A42F2D1FFF729FC037987
:10DA00004BB1002DECD0102208F1060128461DF084
:10DA10004FFD0028E4D140F203448FE74FF6FF703A
:10DA2000FFF72EFC804658B300F1160304F11002F4
:10DA300054F8041B43F8041B9442F9D108F1060082
:10DA4000CDB1034605F1100255F8041B43F8041B41
:10DA50009542F9D1A8F80270337888F800307388BD
:10DA6000A8F804300D4B1B685A6893680133936023
:10DA7000FFF7AEFC94E7102229461DF051FDE9E7BF
:10DA800040F203545AE722461946384604B0BDE82E
:10DA9000F041FFF7ABBE212450E700BFBC110020CE
:10DAA00038B5294C23685B68002B4BD0FFF70EF884
:10DAB00023685B68586800251D6020B116F0B8FC2B
:10DAC00023685B685D6023685B68D86800259D609B
:10DAD00020B116F0ADFC23685B68DD6023685B68ED
:10DAE000586900251D6120B116F0A2FC23685B680F
:10DAF0005D6123685B68986928B116F099FC23681A
:10DB00005B6800229A6123685B68D86928B116F0C7
:10DB10008FFC23685B680022DA6123685B68186AFF
:10DB200028B116F085FC23685B6800221A621BF09E
:10DB3000B0FCFFF721F92368586816F079FC2368D8
:10DB400000225A6038BD00BFBC1100202DE9F04F03
:10DB50000A4D2C681F4663688DB00646894690467C
:10DB6000002B40F02482342016F05EFC2B686060AD
:10DB70005C682CB91A24FFF793FF62E1BC11002006
:10DB8000169BE762C4E909982363FFF713F904467B
:10DB90000028F0D1F3F7B2F800F052FD0446002857
:10DBA000E9D1B049FEF7E4FF04460028E3D130464E
:10DBB000FDF73EFF04460028DDD11AF02EFC2B684D
:10DBC0000646122070435F6816F02EFC2B68B86181
:10DBD0005F68BB69002BCDD022462146964203F1F7
:10DBE000120340F03281222016F01EFC2B68F861EF
:10DBF0005B68DB69002BBDD000261E7083F82160B6
:10DC0000F3F77CF890F828702B687F008220784327
:10DC1000D3F8048016F008FC2B68C8F820005B6875
:10DC20001B6A002BA6D0BC4203F1820340F0138193
:10DC3000CDE90866CDE90A66F3F760F8C7882B6876
:10DC40004FF0260808FB07F05C6816F0EDFB2B6828
:10DC500060605B685B68002B00F04B8109AB009350
:10DC600001960BAB0AAA08A938461AF03CFB0446F9
:10DC700038BBDDE90A202968A74200F2F58007AB2E
:10DC80000493099B00920021CDE901030391089BB5
:10DC90003A46084600F0F8FC044690B94FF0260AD0
:10DCA0008046A74200F2EC801AF039FD044640B9E4
:10DCB00006462627079A2B6896425B68C0F01081BB
:10DCC0001A6000230093DDE90A12099B08981AF0F4
:10DCD000F5FA002C7FF44FAFCDE90744CDE90944B4
:10DCE0000B94F3F70BF807892B68262606FB07F041
:10DCF0005C6816F099FB2B68E0605B68DB68002BC2
:10DD000000F03E8108AB019309AB00930AAA0BAB6C
:10DD100007A938461AF0E7FA044600287FF42BAF2B
:10DD2000DDE90A212868A74200F2E78006AB0493E8
:10DD3000089B0393099B0092CDE901133A46079B88
:10DD40000121002000F0A0FC0446A0B906464FF0D7
:10DD5000260B8246D5F80090069AD9F80430B742CF
:10DD600000F2D88000262627069A2B6896425B6828
:10DD7000C0F0FD809A60089B0093DDE90A12099BC0
:10DD800007981AF09BFA002C7FF4F5AE2B680B94E1
:10DD900028205E68CDE9094416F046FB2B687061C7
:10DDA0005B685B69002B00F000810AAB0194009373
:10DDB00022460BAB09A902201AF095FA0446002866
:10DDC0007FF4D9AE2B680B9A5B685B69191D183319
:10DDD0001160536008ABCDE903030A9B0090CDE9C5
:10DDE00001230222099B114600F04EFC0446F0B9C3
:10DDF00006464FF0140B8246D5F80080DDF82090DF
:10DE0000D8F804305B690BFB06F7B14503EB07005C
:10DE100040F2BC80099A03F807A032F8163043801C
:10DE2000002E00F0B180D8F80430C3F81090002123
:10DE3000DDE90A32099800911AF040FA002C7FF4CB
:10DE40009AAE20460DB0BDE8F08F03F8121C03F81F
:10DE5000011C0132C2E603F8826C03F8016C013444
:10DE6000E1E600BFD01805004B685B6808FB04338F
:10DE70005E1D153342F8246040F824300134FBE67F
:10DE8000D5F80090079AD9F804305B680AFB04F6CD
:10DE9000A24203EB060009D903F80680089B33F879
:10DEA0001430438080F804800134FAE61022002107
:10DEB00005301DF035FBD9F8043058683044102285
:10DEC000002115301DF02CFBD9F804305A68931945
:10DED00002F806804FF6FF725A8083F80480E3E769
:10DEE0005B6807FB063358881AF062F818B90136E8
:10DEF000E0E61A24E5E60446E3E64368DB6806FB51
:10DF0000043303F1060C163342F824C041F82430E0
:10DF1000013408E7DB680BFB06F8B24203EB0800AC
:10DF20000BD903F808A0079B33F816304380089BF1
:10DF300033F81630838001360CE7102200210630BA
:10DF40001DF0EEFAD9F80430D868404410220021C0
:10DF500016301DF0E5FAD9F80430DA6802EB080350
:10DF600002F808A04FF6FF725A809A80E3E7DB6858
:10DF700007FB0633588819F0F7FF18B90136F3E6A6
:10DF80001A24F8E60446F6E6012635E710220021B9
:10DF900004301DF0C5FAD8F804305B69DA1903F8CB
:10DFA00007A04FF6FF7353803AE71A243FE740F289
:10DFB0000154E0E507B5054B0093054A054B0649BA
:10DFC000FFF7C4FD03B05DF804FB00BF69840400E3
:10DFD0009D84040083840400457E040007B5054B3E
:10DFE0000093054A054B0649FFF7B0FD03B05DF805
:10DFF00004FB00BF458604004B86040097820400A2
:10E00000397E040010B40C462AB120B91BB1102986
:10E0100005D9FF2908D021205DF8044B7047054938
:10E0200021FA04F4E107F6D55DF8044B19461046D1
:10E03000FFF736BB1101010030B5E1B1D8B9D2B15B
:10E040000F4803685B68DB6993F82140ACB9013382
:10E0500001F1200451F8045B43F8045BA142F9D1BB
:10E0600003685B68DB6900200121187083F82110C8
:10E07000044B136030BD2120FCE71A20FAE700BFF3
:10E08000BC11002001000090C31E012B70B50D468D
:10E0900027D931B3012809D002280CD0F8B9124B86
:10E0A0001B685B6818682860002070BD0E4B1B68F9
:10E0B0005B689868F7E70C4E33685B681C699B6A7D
:10E0C000984733685B685B695A88B2F5004F204413
:10E0D00003D0DB8AB3F5004FE5D10138E3E7002038
:10E0E000E1E72120E1E700BFBC1100202DE9F84362
:10E0F000C31E012B0446884617463DD9002A3BD053
:10E1000002281AD088B1012813D000251B4B002605
:10E11000D3F800C04FF0140E334626214FF6FF7996
:10E12000AB420CD140F2025019E0F2F7E7FDC5888E
:10E13000ECE7F2F7E3FD0589E8E70546E6E7DCF8FA
:10E14000042074B9526801FB03225088484511D05D
:10E15000B0F5004F0ED046450BD138800020BDE809
:10E16000F883012C01D1D268EDE752690EFB03223E
:10E17000EBE701360133D3E72120F0E7BC110020A3
:10E18000F8B51E46C31E012B04460D46174604D99A
:10E19000012804D8B1F5805F05D3212026E00228AC
:10E1A00001D10B04F9D429462046FFF781F8B0B31A
:10E1B000012C1CD0022C2AD074BB411D10221A48FD
:10E1C0001DF076F9690008B141F0010441F0805575
:10E1D00045F001051FB128461AF039FA3D600EB32B
:10E1E00014B120461AF033FA34600020F8BD811DC6
:10E1F00010220D481DF05CF9690030B141F0005467
:10E2000044F0010441F04055E2E70446FAE7074BC9
:10E21000002443EA4505DDE700242546DAE740F21D
:10E220000250E3E73046E1E72819050001000050FD
:10E2300070B50D468CB0064658B351B316486A46C1
:10E2400004211AF052FB044698B908AB102231465B
:10E250006846FEF7F5FD044658B9104904AB05229F
:10E2600008A8FEF7EDFD044618B906AB03CB2860FD
:10E2700069606846102119F08EFB10210DEB01003A
:10E2800019F089FB08A8102119F085FB20460CB075
:10E2900070BD2124EDE700BFAE180500B3180500DE
:10E2A0002DE9F04F99B0994608460023CDE9033394
:10E2B000DDF8908005939246FEF7CAFF05460028D8
:10E2C00000F08980454814AA04211AF00EFB08AF1B
:10E2D000044610AE002861D105EB0A1505354FF054
:10E2E000060A3F4B0197CDF800A014AA102128463A
:10E2F000FDF7BAFB0446002850D13A4814AA04217D
:10E300001AF0F3FA0446002848D1CDE900A6344BB0
:10E3100014AA10212846FDF7A7FB044600283DD18A
:10E32000314814AA04211AF0E0FA0446002835D135
:10E330000DF1300BCDE900AB294B14AA1021284672
:10E34000FDF792FB044648BB06A92846FFF770FF7D
:10E35000044618BB03A93846FFF7A2F90446E8B9FA
:10E3600005A93046FFF79CF90446B8B904A95846F8
:10E37000FFF796F9044688B9039BC9F80030239B40
:10E38000059A1A60229B049A1A6006AB03900590C6
:10E39000049003CBC8F80000C8F8041003A81AF0D2
:10E3A00017FA05A81AF014FA04A81AF011FA1021A5
:10E3B000384619F0F0FA1021304619F0ECFA102125
:10E3C0000CA819F0E8FA082106A819F0E4FA20468A
:10E3D00019B0BDE8F08F40F20254F8E7B918050013
:10E3E000BE180500C5180500CA1805000378012BE2
:10E3F00003D1044B1B6813B11847F1F701BE02208B
:10E40000704700BFDC2E00200378012B03D1044BA2
:10E410001B6813B11847F1F71DBF0220704700BFFA
:10E42000D02E002010B50378012B05D1054B1B68B9
:10E4300033B1BDE810401847F1F7F4FD80B210BDCC
:10E440000220FCE7D82E002013B5014306481446ED
:10E4500001AB6A46006803F009FEE3F73BF808B930
:10E46000019B236002B010BD601000207FB50F4EED
:10E47000014315461C4602AA03AB3068019103F024
:10E48000F5FDE3F727F870B92368039A019930681E
:10E490009342A8BF13462A4603F09AFDE3F71AF801
:10E4A00008B9039B236004B070BD00BF601000205A
:10E4B00008B513460A4640F480210348006803F07B
:10E4C0003DFDE3F707F808BD6010002008B5044BD8
:10E4D00040F48021186803F00FFEE2F7FBFF08BD4F
:10E4E0006010002008B513460A4640F4C0210348D6
:10E4F000006803F023FDE2F7EDFF08BD6010002087
:10E5000008B5044B40F4C021186803F0F5FDE2F7AC
:10E51000E1FF08BD60100020044A0346106800B9FE
:10E52000704702889A42FBD00069F8E7C82F0020A4
:10E5300010B588B01022019001210DEB02001CF0F3
:10E54000EFFF074A019B92E8030002AC84E8030056
:10E550000822214604A816F0E2F908B010BD00BF59
:10E560007017002008B5DEF789FE024BC3E90001F1
:10E57000002008BD7017002010B5044C206800B9B9
:10E5800010BD03692360EAF7ADFEF7E7C82F00204E
:10E590002DE9F04707460D46002401F10209A74284
:10E5A00005D80E4B18680023A8B9BDE8F08735F8E8
:10E5B000240000211AF069FB39F824A080460026C7
:10E5C000564501D30134EAE708EB060080B2FFF7B5
:10E5D0007DFF0136F4E783600069E5E7C82F00207E
:10E5E0002DE9F041804614461F46FFF795FF0D4682
:10E5F0000646F8B901F11400EAF754FEE0B10F4BFA
:10E60000C4601A68A0F80080C0E9015400F1140445
:10E61000026118602A46214640461AF0CFFA38B106
:10E6200001233B702A46314620461CF079FF3046D4
:10E63000BDE8F0812120FBE71920F9E7C82F002071
:10E6400008B921207047C38801335B105A1E0F2A76
:10E65000F7D80A4A1360038901335B105A1E0F2A48
:10E66000EFD8074A1360038B04339B085A1E0F2A06
:10E67000E7D8044A00201360704700BFD42F002061
:10E68000CC2F0020D02F00202DE9F04FA9B0CDE9EC
:10E6900005230023CDE90C33CDE90E33CDE9083352
:10E6A0000A938DF82C30894600296BD16D4B1B687D
:10E6B0000393039B002B00F0D1805020EAF7F2FD7A
:10E6C0000546002800F0CC800026374639464846EB
:10E6D0001AF0D2FE04461AF0A8FB002800F0BC8015
:10E6E000502220460DEB02011AF068FA0446002879
:10E6F0003ED150220DEB020128461CF0E9FE0CA889
:10E700001AF0A1FE21460D2208A81CF009FF05F110
:10E710004C030193042300932A464C2308A90CA818
:10E720008DF8209016F0CCF81022044600210CA899
:10E730001CF0F6FE0D22002108A81CF0F1FEBCB969
:10E740002B780493049A0121222313FB02130793CD
:10E750008B46A2462346049A924502D0059A9642D9
:10E7600015D3059B9E4277D0039B01379F42ADD1C5
:10E770002846EAF7B7FD0CB9369B1E60204629B043
:10E78000BDE8F08F01290CBF374B384B8FE7B9F14B
:10E79000010F35F80B200BF102080DD80698C2F3D3
:10E7A0000B0120F816103499120B8A55329A002A60
:10E7B00045D10BF1120811E0069921F81620349A80
:10E7C00005EB0801935510A81022CDE91033CDE9CF
:10E7D00012331CF06DFE00230028EAD0339905EBBC
:10E7E000080251F8261002F1100052F804CB41F84B
:10E7F00004CB8242F9D1B9F1010F08F1100B18D105
:10E8000003221046079A4FEA5A0110FB01216818AB
:10E810001AF0010F427817BF8178695C120202F486
:10E8200070620ABF12090A4342EA0112359921F8BF
:10E8300016200AF1010A5FFA8AFA01368BE7329A4A
:10E84000A84452F8262008F1100158F8040B42F8A9
:10E85000040B8845F9D1ACE7002489E711248DE742
:10E8600019248BE7D42F0020CC2F0020D02F00209C
:10E870002DE9F04F8FB0884603930023CDE90A338A
:10E88000CDE90C33CDE90633059208938DF8243099
:10E8900031B9694B1F68002F00F0CB8002260CE0D5
:10E8A000012901D1654BF5E7654B1F68002F00F08A
:10E8B000C08002290CBF042602261B9A07FB06F320
:10E8C0009342C0F0AF805020EAF7ECFC05460028E8
:10E8D00000F0AD804FF0000AD3464C21284615F0D9
:10E8E00040FF044600283FD11B9BA3EB0A03B34221
:10E8F00028BF334699462B70222303FB09F3049368
:10E90000012053464C4533D10AA81AF09CFD0D2234
:10E91000002106A81CF004FE05F14C03019304231A
:10E9200000932A464C2306A90AA88DF8188015F0F2
:10E9300085FFA2441022044600210AA81CF0F0FD25
:10E940000D22002106A81CF0EBFD6CB9594640468B
:10E950001AF092FD50222946FFF7AAFD044618B985
:10E960000BF1010BBB45B8D32846EAF7BBFC5AE0D4
:10E97000B8F1010F059A98BF199932F813209EBF7C
:10E98000C95CC2F30B0242EA0132B8F1010F2A520C
:10E9900000F102020ED8039951B151F823102A4414
:10E9A00001F1100C51F804EB42F804EB6145F9D188
:10E9B00000F11202189951F82310A81801F1100C57
:10E9C00051F804EB40F804EB6145F9D1B8F1010FBF
:10E9D00002F110001AD1049924F0010202EB540252
:10E9E0000A441A9914F0010F02F1020C31F81310C5
:10E9F0002A440ED015F80CE0C1F3032141EA0E01C0
:10EA000005F80C101A9931F81310D1700134013344
:10EA100078E7091151701A9A32F81320120105F89B
:10EA20000C20F3E71A2420460FB0BDE8F08F19241C
:10EA3000F9E71124F7E700BFD42F0020CC2F0020E6
:10EA4000D02F002038B50A4C21688B6ACD6801337D
:10EA50008B6215B10B698968A847206816220021CE
:10EA600008301CF05DFDBDE83840F7F7BBBC00BFC7
:10EA7000A81100202DE9F04104688CB002AE0546D3
:10EA80000F4620460021029171601AF003FD162204
:10EA9000CDE9044006A81CF043FD04AC049929B359
:10EAA0000023162206A812F0FFFB069B9F420DD002
:10EAB00094E80300E84686E80300059940461AF00A
:10EAC0000CFD98E8030084E80300E7E7324621469E
:10EAD00028461AF0E8FC04981AF0F3FC204612F0DD
:10EAE000EDFB044B1A68D36A0133D3620CB0BDE866
:10EAF000F08100BFA8110020044B1B681A6A013284
:10EB000008BF01221A62186A704700BFA8110020CE
:10EB100070B51B4C2668316886B079B3B5686DBB9B
:10EB200008461AF0B7FC2A46CDE9041004A930467D
:10EB30001AF0B9FC2068049903912B46162208307C
:10EB400012F0B2FB03A8162112F019FE039812F07E
:10EB50005DFD28B903981AF0B4FC03A812F0AEFBCF
:10EB600000230849039800931A46F2F74BF818B9A6
:10EB70002268536A0133536206B070BD0020FBE780
:10EB8000A811002045EA0200234B2DE9F04FD3F8ED
:10EB900000900568D9F8004085B00746ACB3AB7962
:10EBA0002B44204693F821B01AF074FC0023CBF3D9
:10EBB000800B0646A0469A4698F80620424492F8F2
:10EBC0002120C2F380025A450CD2C3B1514602A89B
:10EBD0001AF083FC029CCAF800507B681C6005B0E8
:10EBE000BDE8F08F314668461AF077FCDDE9002178
:10EBF000B2464346002AE9D090460E46DCE720465E
:10EC00001AF048FCC9F80050E7E7C9F8005005B011
:10EC1000BDE8F04FFFF77CBFA81100202DE9F04FB1
:10EC20008FB0DFF848B10DF1180815F022FC002371
:10EC30000693C8F80430DBF8003001908A46596822
:10EC400008461AF027FCCDE9081008AD0DF11009AF
:10EC50000CAF089E16B90FB0BDE8F08FB4790199DA
:10EC60000C343444E268236991427AEB030352D3B3
:10EC7000237D5B0712D1099938461AF02EFCDBF888
:10EC800000002946424604301AF00DFC2846FFF7E2
:10EC90007BFF97E8030085E80300DAE73179304627
:10ECA00012F09EFB002841D1CDE90A000A9B3BB13E
:10ECB0000AA8FFF769FF002323716371A371E37151
:10ECC000237DDA1D62F30203237515F0D2FB06469D
:10ECD00002913846012118F049FA237DDA080A2307
:10ECE00002FB03331A219DF83020B2FBF1F2002021
:10ECF0001344039315F0CFFB029B361843EB01023C
:10ED0000039B0292184615F0C6FB029A301842EB9C
:10ED10000101E060216195E8030088E803004846AE
:10ED200007991AF0DAFB99E80300B4E7CDE90C0083
:10ED3000099B9E4205D197E803000AAB83E80300D4
:10ED4000B4E736683179304612F04AFB50B9029088
:10ED50000C981AF0B6FB384612F0B0FA029BCDE9D7
:10ED60000A33A3E70D9A10600D90E1E7A811002087
:10ED7000F0B58BB00646139D01920C461F46104617
:10ED800012B921200BB0F0BD12F040FC0028F8D0E1
:10ED9000019812F03BFCFD28F3D8162C10D00198F6
:10EDA00012F034FC01308DF81000022204A901A8F1
:10EDB0008DF8114012F093FC022801D01A20E1E7EF
:10EDC0000DB100232B600021019B0393162204A8A0
:10EDD0008DF809108DF80A101CF0A2FB2A2C09D11D
:10EDE000002F5CD00DF10A020DF109010DF10B00AD
:10EDF000F2F726FAFFF780FE119B0593129B06930C
:10EE0000003FA4F12A0318BF01275C425C419DF832
:10EE10002530049023F0030344EA47041C438DF893
:10EE2000254015F026FB044630460F4615F033FB0F
:10EE30009DF809309DF80A2003F0070343EAC20356
:10EE40008DF82430109B9DF82520201847EB0101F8
:10EE5000003B18BF012363F38202CDE907018DF85F
:10EE6000252004A9162203A812F039FCC0B280B1F3
:10EE70000398002112F0DBFC03994B7943F0010366
:10EE80004B710A4B1868043012F0CBFB0DB1049B98
:10EE90002B60FFF7C3FEF7F7A5FA002072E70DF12C
:10EEA0000A010DF10900F2F73BFCA3E7A8110020CD
:10EEB00038B5094D0446286883689C4204BF002386
:10EEC000C3603CB121460430FFF7D4FD28682146D9
:10EED000FFF7D0FD002038BDA81100202DE9F34137
:10EEE00015F0C7FA0F460646FFF712FEFFF796FE2B
:10EEF000154B164D1B685C6820461AF0CBFA4FF094
:10EF0000000834B92846214602B0BDE8F04115F0AA
:10EF1000B2BAA1790C44A369E269B34272EB07016A
:10EF20000FD39B1B62EB07029D4278EB020238BFB6
:10EF30002B461D46014668461AF0CFFADDE900402F
:10EF4000DFE70025F6E700BFA8110020FFFFE70379
:10EF500030B51B4B82691B688BB00446089242692E
:10EF600007920269069290F828200592C2680492DE
:10EF700082680392428C0292028C019290F82520C2
:10EF800000921D68C28B90F82730818B90F8260084
:10EF9000A84728B1E56855B904F10C0012F08EF9C4
:10EFA0003022002120461CF0BBFA0BB030BD05F129
:10EFB0000C00452200211CF0B3FA2D68EBE700BFDE
:10EFC000AC1100202DE9F04F8DB00D4607A9BDF81A
:10EFD0006040DDF864B006469146984616F0A1FD03
:10EFE0000746A8BBBDF81C3093B3A3425DD04FF6D3
:10EFF000FF739C4209D13046F7F7EEFA002854D04F
:10F00000E31D9BB2022B0DD822E04FF6FC739C420D
:10F010000BD1F2F70FF9012804D13046F7F7DCFAEB
:10F02000002842D04FF0000A33E04FF6FE739C42B6
:10F0300011D108AA0DF11E010DF11B00F2F700F924
:10F040009DF81B30012B03D13046F7F7C5FA60B3AA
:10F050000DB0BDE8F08F4FF6FD739C42D0D1F2F7B2
:10F06000C1F9D8E708AB0DF11E025146284616F04B
:10F0700081FB204615F09EFA022810D1102208A923
:10F0800058461CF015FAB0FA80F676090AF1010A22
:10F090005EB9284616F06AFB5045E3D8D8E7BDF8BC
:10F0A0001E60331B5E425E41F0E7B9F1020F59D199
:10F0B000284616F0E9F94FF6FF739842C8D1284662
:10F0C00016F0E0F91328C3D801A353F820F000BFCD
:10F0D00021F102004BF1020051F0020051F0020058
:10F0E00021F102004BF1020051F0020051F0020048
:10F0F00051F0020051F0020021F102004BF1020038
:10F1000021F102004BF1020021F102004BF102005B
:10F1100051F0020051F0020021F102004BF1020017
:10F12000B8F1000F94D19DF86C3004931A9B0194B0
:10F13000CDE902B3BDF85C3000934246BDF85830CB
:10F140004946284616F089F982E7B8F1000F3FF4E6
:10F150007FAFE8E73946284616F09BF9804507F16E
:10F160000107E0D0284616F091F9B842F2D86FE7CF
:10F1700070B50F4D2B685B68044623B12B689CB9B2
:10F180000C4A1A6011E0F1F7B9FD90F822002E68E0
:10F1900000EB4000000115F047F92B6870605B68D8
:10F1A000002BEBD11A2001E01C60002070BD00BFD5
:10F1B000AC110020B5A1020010B5064C23685868B8
:10F1C00020B115F035F9236800225A602368002227
:10F1D0001A6010BDAC1100202DE9F84F15F049F967
:10F1E0000026244DDFF890900746884634464FF0BD
:10F1F000300AF1F783FD90F82230B34205D8284653
:10F200002146BDE8F84F15F036B9D9F800305B68F3
:10F210000AFB06FB03EB0B0090F82420BAB153F86D
:10F220000B3042689F4278EB020119D3418C008C6D
:10F23000FAF766FE68B1052015F02DF9854274EBEA
:10F24000010304D3052015F026F905460C460136C6
:10F25000CFE7D9F8003058685844FFF779FEF6E751
:10F26000DB1B62EB0802AB4272EB04013CBF1D46A4
:10F270001446ECE7FFFFE703AC11002073B5254B04
:10F280001B88ADF80430064600230D46144601469F
:10F29000012201A88DF8063012F006F80128034675
:10F2A00002D0002002B070BD9DF80420910902290F
:10F2B00009D003291AD005B12A8014B14FF6FF7284
:10F2C000228098B2EEE7024631460DF1050011F0BA
:10F2D000EBFF0128E5D11DB1BDF804305BBA2B80EE
:10F2E00014B14FF6FF7323800223EAE7022231466E
:10F2F0000DF1050011F0D8FF0228D2D125B19DF8FB
:10F30000043003F03F032B8014B1BDF80530238097
:10F310000323D6E7481905002DE9F04F91B0804648
:10F3200003939DF870300493DDE91D63BDF8689088
:10F330000593219B0693229B07934846239B0291AA
:10F340009246089315F036F902281B9F9DF87C40E1
:10F350009DF8805002D1002F00F0F180FF2D02D1E6
:10F3600016F087FC05462EB196F82830D90748BF1D
:10F3700044F0400414F0040F18BF002514F0830F6C
:10F3800000F0C180F1F7BAFC90F82230013301930C
:10F3900015F06FF8E207CDE909014ED501210FA85C
:10F3A00017F0E4FE9DF83C0000F01F00143015F04B
:10F3B00072F8099BDFF890B11B180B930A9B4FF072
:10F3C000000643EB01030C9331460D91F1F796FCD7
:10F3D00090F822200D995B4B96424FF0300044D3B9
:10F3E0001A68019E464350683044FFF7B1FD554B03
:10F3F0000B991B685A68915193190C9AA3F81EA097
:10F40000C3E90127059ADA60069A1A61079A5A61D8
:10F41000089A9A61029A9A83039A1A84012283F8BD
:10F420002420049AA3F8229083F8252083F82680CC
:10F4300083F8275083F8284043E014F0020008D0F6
:10F4400002210FA817F092FEBDF83C00C0F308009F
:10F45000ACE72306ABD501210FA817F087FEBDF856
:10F460003C0000F01F003C30A1E71A68D2F804C04D
:10F4700070430CEB000292F824E0BEF1000F26D19D
:10F480000B9B13600C9BA2F81EA0C2E90137059BE1
:10F49000D360069B1361079B5361089B9361029B9A
:10F4A0009383039B1384012382F82430049BA2F8E6
:10F4B000229082F8253082F8268082F8275082F840
:10F4C0002840F6F78FFF002011B0BDE8F08F536899
:10F4D0005CF80000099A82420A9A9A410ED2099A6F
:10F4E000B0EB020E0A9A63EB020CDE457CEB0102E4
:10F4F00002D2019683461946013666E74FF0000BAB
:10F5000001965946F8E70F4B089A1B682292079A12
:10F510002192069ACDF87090CDE91F42059A029982
:10F52000CDE91D72039A1B92049A1A921C685246E6
:10F530002B464046A44611B0BDE8F04F604721205D
:10F54000C2E700BFAC110020FFFFE7032DE9F04345
:10F5500089B000260D4604468DF81560F7F750F97E
:10F5600007A9074630460696FEF78EFD002872D1A1
:10F57000079BA3426FD90DF116022146FEF7B6FD97
:10F58000002868D1BDF816000DF11501FCF73CFD0F
:10F59000044600285FD1F7F71BF99DF81510494E76
:10F5A000494A0139814618BF0121CDE90046BDF81D
:10F5B00016002346FCF724FE00284CD1FFB2002F92
:10F5C0009DF81520414C424F14BF02230023022A0C
:10F5D00008BF43F0010363703368C4F802304FF092
:10F5E00001087368C4F80630494604F10A0084F83B
:10F5F000008016F068F93749627833480B46006896
:10F6000003F8012B3268C1F8012072685A60D4F8FF
:10F610000A30C1F809300D223B4619F079F9064647
:10F62000C8B93A68C4F80E207A68C4F812201623C4
:10F630002246014612F02FF80246069035BBCDE96E
:10F640000255CDE900552B462B212846FFF790FBAC
:10F6500008B9002306931C4819F0BAF8069C44BB6D
:10F6600006A811F02BFE1A48102118F094F915483D
:10F67000082118F090F917480D2118F08CF913485B
:10F68000162118F088F909B0BDE8F083284600F08B
:10F69000E5FC0028DFD0104B1C68002CDBD0069B5B
:10F6A0000093CDE902660196334632464146A047B3
:10F6B000CEE704F10C00452200211BF031FF246845
:10F6C000CDE700BF9D3B0020D82F00206A3B0020E3
:10F6D0008D3B0020803B0020682F00202DE9F04169
:10F6E0001F461E4BDDF81C8016461A68137C054623
:10F6F0003BBB0379C4781C44437901341C448379AF
:10F700001C4428235C43A408D5F80F00D5F8131037
:10F71000301A67EB010114F0AEFE4FF47A73B0FBC0
:10F72000F3F0A0420BD39DF81830012B0DD100212E
:10F730004046FFF70BFFC5F80F60C5F81370BDE832
:10F74000F081013B13740524DEE7054B1B68002B99
:10F75000F1D0002140469847EDE700BFB0110020EE
:10F76000DC2F0020F8B5104E33681B680D463BB106
:10F7700030B904461727F1F7C1FAC388A34200D86D
:10F78000F8BD326807FB04F31268D018D35CDB07BE
:10F7900007D5B0F80130AB4203D1BDE8F84019F00D
:10F7A00062BF0134E7E700BFB01100207FB521F050
:10F7B0000404132C17D117290C4909688C680CBF55
:10F7C00000F11305002574B1B0F811109DF9246003
:10F7D00002969DF8206049BACDE9003689B21346F9
:10F7E00001302A46A04704B070BD00BFB011002010
:10F7F0002DE9F04F8DB0C479059383790790E41A11
:10F800000F46002614F0FF019446099609D1079C83
:10F81000002C40F0298107A811F050FD0DB0BDE883
:10F82000F08F03F10C0505441844027B012A12D025
:10F83000022A00F0218132B9059B2846CDE900C398
:10F840003B46FFF7B3FF099B002BE0D00024DFF815
:10F85000B882254603E11629F5D16C7804F001033E
:10F860000493C4F34004B0460DE1B8F1000F0ED18B
:10F87000BDF822102A46404619F02DFF00286FD10E
:10F88000474605F10A0016F01BF80B9018E0DAF86D
:10F890000030D3F814B0BBF1000F48D00BAB00938D
:10F8A000BDF8221008AB2A460020D84700283ED1D8
:10F8B00007469DF8204004F001030493C4F340047C
:10F8C000F6F79EFFA04252D10B9B9E42BBD8069AF0
:10F8D000002A53D02A36B342B5D8BDF82260DFF8EB
:10F8E00024A24FF0000B1725F1F708FAC3889945B9
:10F8F00061D3BBF1000F75D09BF8003043F00103DA
:10F900008BF800300023CBF803308BF807308BF8EE
:10F9100008308BF809308BF80A308BF80B308BF8F5
:10F920000C308BF80D308BF80E30584678E0DAF852
:10F930000030D3F814B0BBF1000F74D00BAB0093C0
:10F94000BDF8221008AB2A460120D84700286AD10A
:10F950000127B8F1000F94D0ABE7B8F1000FE6D162
:10F96000BDF822102A46012019F0B5FEEEE7F6F7A1
:10F970004DFF624B98427FF666AFA5E7BDF82220A7
:10F9800012B19E42FFF45FAFF6F762FF0B9B68B9BE
:10F99000A2199A42A1D2F6F739FF594B98427FF645
:10F9A00052AF0B993046EFF755FA4CE72A369E4294
:10F9B000FFF449AF91E7B8F1000F0ED1DAF800304B
:10F9C000186805FB09000378DB0725D4BBF1000F9D
:10F9D00008BF834609F1010986E7F7F773FF406A1C
:10F9E0000028EED10598F7F789FC09ABCDE9007343
:10F9F0000B9A049BBDF822002146F6F755FF414BB8
:10FA00001B68DD68002D3FF41EAF0B9B0499BDF809
:10FA100022002246A84716E7B0F80130B342D9D1F8
:10FA200019F021FEDEE7013741E0204600F06AFAD6
:10FA3000A0B100F013FB064680B116F0A5FE68B138
:10FA4000D8F8007057B1079B00930023CDE9025509
:10FA500001951A4601213046B8470795013400F058
:10FA60004BFAA042E1D8D2E604F10C004522002175
:10FA70001BF056FD2468CBE61B297FF4E4AE4FF063
:10FA8000010834460496F6F7A3FE00210646084610
:10FA9000FCF7F4F90AA906900020FEF7F5FA0746EC
:10FAA00000287FF4D0AEDFF85CA08DF820000A9B20
:10FAB0009F42BFF4C8AE00230DF12202394618461A
:10FAC0000B93FEF713FB0028ADD1BDF822000DF11A
:10FAD0002101FCF799FA81460028A4D19DF8213034
:10FAE000032BA0D801A252F823F000BF5BF902005B
:10FAF0006BF802005BF902005BF90200FF450500AC
:10FB0000FF8B0A00B0110020682F0020024B1B68F9
:10FB100032221A74704700BFB01100202DE9F74F50
:10FB200014F0A7FCDFF8B89006460F46F7F7CAFEB8
:10FB3000D9F800305B68054623B900284BD003781C
:10FB4000002B48D0DFF89C80D8E90003341A4FF42A
:10FB50007A7067EB030A14F09EFC84427AEB01038F
:10FB600008D22046514614F086FCC0F57A7003B0E6
:10FB7000BDE8F08FC8E9006700244FF001084FF09E
:10FB8000170A4FF0020BF1F7B9F8C388A34202D865
:10FB90004FF47A70EBE7D9F800104A6808FA04F3DA
:10FBA000134208D008683246CDE900843B460AFB80
:10FBB0000400FFF793FD65B12B782341DB0708D5DF
:10FBC000686A3246CDE900B43B460AFB0400FFF701
:10FBD00085FD0134D7E70148C9E700BFFFFFE70310
:10FBE000B01100207817002038B505460C46F1F713
:10FBF00085F8C388AB4210D9094B196801234A68BC
:10FC000003FA05F02CB110434860F6F7EBFB002037
:10FC100038BD22EA00004860F9E72120F8E700BF7C
:10FC2000B011002037B50D4604460192F1F766F891
:10FC3000C388AB4211D901995CB1F7F743FE30B1EB
:10FC4000084B1B685BB1019928469847002003B018
:10FC500030BD2846FFF77AFCF8E72120F7E7184681
:10FC6000F5E700BFDC2F00202DE9F04F87B082467A
:10FC700005A90020FEF708FA0746E8B9F1F7DAFA15
:10FC80000128064607D03D4B1B681BB11B689847EF
:10FC9000012815D002263A4C23684FF6FF75ADF8BF
:10FCA00010507BB94FF00009F7F70CFE0025804695
:10FCB000AB46059BAB421BD8384607B0BDE8F08F7A
:10FCC0003E46E8E71B68984781460028EAD023684B
:10FCD000002BE9D05B68984750EA0103E4D0236821
:10FCE0001BB19B6804A89847DEE7ADF81050DBE72E
:10FCF000B6FA86F40DF11202294600206409FEF7D7
:10FD0000F5F990BBB8F1000F33D098F8002092B30A
:10FD10008DF80E008DF80F0001900DF10E01BDF869
:10FD20001200F7F7DFFD10B1019B8DF80E30BDF822
:10FD300012000DF10F01F1F7FFF908B18DF80FB0C6
:10FD40009DF80E30012B12D09DF80F30012B10D0F2
:10FD5000B9F1000F04D0BDF81030AB4208BF012448
:10FD6000524629462046FFF75DFF0135A1E71C46B4
:10FD7000F6E70024F4E71446F2E700BF942F0020D2
:10FD8000982F002070B58AB0002850D000261C2281
:10FD9000314603A802961BF0C3FBF6F75BFE05464F
:10FDA000F6F744FE012104460DF107008DF80760C7
:10FDB00017F0DCF9F6F764FE1F4A23469670D11C53
:10FDC000103453F8046B41F8046BA342F9D16DBAB7
:10FDD000A2F8135088B10368C2F815301924631EC5
:10FDE00013702B23537050B900231A469BB221463F
:10FDF000114814F06CFB0AB070BD1524EFE71D210B
:10FE00000DF10A0015F0E6FE0028EDD19DF80A304C
:10FE1000002BE9D00DF10A001BF0B7FB2422831C54
:10FE200001308DF809208DF8080002AADEE70AB03B
:10FE3000BDE8704014F056BB513B002010B5084C93
:10FE40002368186820B114F0F3FA236800221A60BE
:10FE500020681822BDE8104000211BF061BB00BFE4
:10FE6000B011002038B50C4C09B12368996008B175
:10FE70002368D860F0F742FFC388256817205843ED
:10FE800014F0D2FA236828601A6812B10020586072
:10FE900038BD1A20FCE700BFB011002038B5F0F7DC
:10FEA0002DFF90F82A300A4C062003FB000025683D
:10FEB00014F0BAFA236868605A6832B100201070F2
:10FEC000507001221A70986038BD1A20FCE700BFFC
:10FED000B411002010B5074C2368586820B114F005
:10FEE000A7FA236800225A60236800221A605A6029
:10FEF0009A6010BDB4110020014B1B681878704740
:10FF0000B4110020034B1B6806225B685043185C49
:10FF1000704700BFB4110020F8B5144D2B68074698
:10FF20001C780E46F0F7EAFE90F82A3001339C4226
:10FF300019D02A68946813785168013403EB43039D
:10FF400008BF012494605800127A0A5401EB43035D
:10FF500001215970C3F8027032702A6813780B447B
:10FF600013700020F8BD1A20FCE700BFB411002078
:10FF7000F8B5044630B1114F3E68327800230625AB
:10FF80009A4201DC212016E0716805FB03FC01EBBD
:10FF90000C0011F80CC0A44503F1010C0CD1D21ACD
:10FFA000013A6A4305FB0C111BF0A0FA3A6813787A
:10FFB000013B13700020F8BD6346E1E7B411002057
:10FFC0002DE9F04F0F46234985B00968DDF84CA0B4
:10FFD00091F800C0DDE91189044601254FF0060BB8
:10FFE000AC451CDD48680BFB05F600EB060E805D9A
:10FFF000A04201D00135F3E717490D687DB10E9994
:020000023000CC
:10000000DEF802000091CDE9029ACDF804800021CB
:10001000A84720B10E9D95B90EA811F04FF9B4B9BB
:10002000109B0093CDE9029ADDE90E23CDF8048000
:100030002A213846FEF79CFE05B0BDE8F08F05F199
:100040000C00452200211BF06BFA2D68E3E700202D
:10005000F2E700BFB4110020682F0020F0B50A4B72
:1000600019680D78012306269D4201DC002008E076
:100070004C6806FB03F2A718A25C824202D1D7F8B3
:100080000200F0BD0133EFE7B411002073B5144B4B
:1000900001911A6811780123062599420EDD5468F2
:1000A00005FB0344D4F80260B0420ED101992078D8
:1000B0006FF07F02F5F7C2FE00230193019C34B973
:1000C00001A811F0FBF802B070BD0133E5E704F1BF
:1000D0000C00452200211BF023FA2468EFE700BF43
:1000E000B4110020F8B50B4E0546012406273368ED
:1000F0001A78A24201D8002009E05B6807FB0433AC
:10010000D3F8020016F007FBA84201D1E0B2F8BD17
:100110000134ECE7B411002010B548B1FFF79EFFA1
:10012000034638B1044B1B6823B1BDE810401847A3
:10013000012010BD1846FCE7642F0020094BF0B5E4
:100140001C682668002328279E4202D10021084609
:10015000F0BD256907FB03F2A918AA5C8242F6D01C
:100160000133F1E7C41100201FB51C469B68CBB1D9
:10017000D4F898308B4217D10F4B1B685B69002174
:10018000C4F898100BB120689847A3686279013BC6
:10019000A36002238DF80430084B01A953F82230E4
:1001A0002046984704B010BDD4F89C308B42F9D15A
:1001B0000023C4F89C30E8E7C4110020E01A0500D1
:1001C00070B50A4E05460024F0F798FD90F82830E7
:1001D000A34201D8002070BD3368DB6853F82400C7
:1001E00010B10368AB42F6D00134EDE7C411002032
:1001F00030B585B00C461546FFF7E2FF58B10295C1
:100200004279064BB4FA84F149098DF8041053F889
:10021000223001A9984705B030BD00BFE01A0500A3
:1002200070B504460079FFF789FF0546D4F89800B9
:1002300008B1EB699847D4F89C0008B1EB6998477E
:10024000606C28B119F0C5FA04F1440011F036F8D9
:1002500004F16405002694F84830B3421AD8A82265
:10026000002120461BF05CF9204614F0E1F80F4E07
:100270000025F0F743FD90F82830AB4209D93368E8
:10028000DB6803EB850253F82530A3420BD1002332
:10029000136070BD286819F09CFA284611F00EF81A
:1002A00001361835D7E70135E3E700BFC411002058
:1002B00070B586B0044610460D46019211F0A6F9BD
:1002C000019B86B233B32EB32046FFF779FF044675
:1002D00000B30079FFF732FF4278019B12F0010270
:1002E0002BD09A791A44127B02F00302012A1BD008
:1002F000022A17D072B9032E0CD904228DF80C20D3
:100300008DF81050059362790F4B03A953F82230F2
:1003100020469847019819F05CFA01A810F0CEFF2A
:1003200006B070BD0522E9E7012EF3D106238DF852
:100330000C308DF810500023E4E707218DF80C10E5
:100340008DF81020DEE700BFE01A050070B50E78CA
:1003500006F0FD03012B04460D460DD0B6B903236C
:10036000437119F042FA0A4B20681B689B683246B9
:100370000121BDE8704018470468FFF751FF044BA6
:100380006A681B6800219B682046F2E770BD00BFC9
:10039000C411002070B50A7802F0FD02012A0C4653
:1003A0000BD10568FFF73CFF044B62681B682846C9
:1003B0009B68BDE870400021184770BDC411002043
:1003C00070B50D78044615B1012D0DD070BD032315
:1003D000437119F00AFA094B20681B689B682A468A
:1003E0000121BDE8704018470468FFF719FF034B6F
:1003F0001B6800229B6811462046F2E7C4110020CA
:10040000F0B5044685B000790E46FFF797FE4578B3
:1004100015F001052ED0D4F89C100023029361BB87
:10042000012302AA08468DF8083011F034F9054678
:1004300003902079FFF782FEA3680133A360E3688D
:100440000133E36004F19C03CDE900432A46876948
:100450000B4B20683146B847054658B1A36803984E
:10046000013BA360E368013BE36019F0B2F903A824
:1004700010F024FF284605B0F0BD0225FAE700BFC2
:10048000C3970400F8B5194E05460024F0F736FC72
:1004900090F828309C4204D23368DB6853F824304B
:1004A0003BB9F0F72BFC90F828309C4203D11A207E
:1004B000F8BD0134EAE70D4E3368A820DF6813F079
:1004C000B5FF336847F82400DB6853F824000028A0
:1004D000EDD0A82200211BF023F83368DB6853F825
:1004E00024302B60F5F77EFF0020E1E7C4110020E7
:1004F00070B51D4C00252826F0F700FC90F8293037
:10050000AB4223680FD8DB6863BB2368186920B14E
:1005100013F08EFF236800221A61236800225A60BC
:100520009A601A6070BD1B6906FB05339B6803B1B6
:1005300098470135E0E7DB6853F8250008B1FFF77D
:100540006FFE0135F0F7DAFB90F82830AB422368F4
:10055000F1D8D8680028D8D013F06AFF23680022A9
:10056000DA60D2E70025EDE7C41100202DE9F84F4D
:100570001F460C4690460546F0F7C0FB90F8280051
:100580002C4E8000D6F8009013F04EFF3368C9F867
:100590000C00DB688BB1F0F7B1FB90F82900D6F8BE
:1005A000009000EB8000C00013F03EFF3368C9F8F4
:1005B00010001A691AB9FFF79BFF1A201CE02A687D
:1005C0005A606A689A604FF0000954F82950ADB932
:1005D000F0F794FB90F829304B4528D3DFF858B05A
:1005E000DFF85890043C4FF0280A54F8040F40B943
:1005F0003368C3E905871D60BDE8F88F09F101097B
:10060000E3E743685946484698470028EDD13368E8
:1006100020681B696A1C0AFB053500F1280350F8A5
:10062000041B45F8041B9842F9D11546DDE721204B
:10063000E2E700BFC4110020B1020300F101030092
:1006400010B5064C0144FF23884202D1D843C0B202
:1006500010BD10F8012B5340E35CF5E7E0190500ED
:10066000F7B5002504460079CDE90055FFF766FD92
:10067000064694F835002B46012598420BDB02A96B
:1006800001EBE30103F0070211F8087C05FA02F21E
:100690003A4301F8082C0133402BEED1082204F133
:1006A000390168461AF004FF054690B973789B0734
:1006B00011D5606C94F8386019F093F986420AD02D
:1006C000264656F8440F19F084F8304610F0F6FD2F
:1006D000656403B0F0BD94F834102046FFF790FE37
:1006E00005460028F5D194F834302363204619F0EC
:1006F0007CF8054B616C1B6820685B68656403B01F
:10070000BDE8F040184700BFC41100202DE9F04FAC
:1007100090F8483087B00446002B00F08C80D0F869
:100720009830002B40F087800079FFF707FD437871
:10073000DA0740F18F8094F8626094F86030B34239
:1007400079D043881F1F002E78D13D464FF0040B0F
:100750003746606E10F05AFFC31BAB42A8BF2B4652
:100760001FFA83F81BFA83F3824698B217F09AF8BF
:100770001FFA8BF9054600285DD083790C3300EB16
:10078000030B002E61D194F86020606E013A920054
:10079000EA54CAF307238BF801308BF802A019F052
:1007A00020F98BF8030013F064FE064664208A46A5
:1007B00013F071FED4E9162330184AEB01011343FC
:1007C000C4E90A010CD113F054FE064647F230503A
:1007D0008A4613F060FE30184AEB0101C4E91601A5
:1007E000BBB2616ECDF800904246284617F0AFF8D4
:1007F000B4F862300133A4F8623094F850102079D4
:1008000003910595FFF79AFCA36803990133A36050
:1008100004F19803CDE900432A468669124B20680B
:10082000B04740B1A3680598013BA36018F0D1FF21
:1008300005A810F043FD07B0BDE8F08F5D1E731EE4
:1008400005FB03774FF0010B83E7B60046F0020685
:10085000C654C5E713F00403656ECED16366204627
:1008600018F0D3FFC9E700BF690103002DE9F04F7D
:1008700085B013F0FEFDDFF8EC9006460F4600242D
:100880002825D9F800301A68A24210D8344DDFF874
:10089000D8B04FF000084FF0030AF0F72FFA90F8A5
:1008A000283043450BD8284605B0BDE8F08F1B69BA
:1008B00005FB04335B6A03B198470134E1E7D9F8DB
:1008C0000030DB6853F82840B4B162799AB1022A4B
:1008D0002CD0D4E908138E4277EB030324D30122F2
:1008E0002068114619F056F805E0D4E90A138E4243
:1008F00077EB0303F4D2322508F10108CDE7D4E900
:100900000A23964277EB0303F5D32079FFF716FC11
:100910004378DB07EFD5A368002BECD1A4F8623055
:100920002046FFF7F3FEE6E7012ADED094F84830D0
:10093000002BE0D0D4E9162352EA0301DFD096421F
:1009400077EB0303DBD320468DF804A018F05DFF9E
:10095000637901A95BF8233020469847CBE700BFB5
:10096000FFFFE703C4110020E01A050010B590F85E
:1009700048300446A3B190F850308B4210D1094B57
:100980001B689B690BB100219847204618F03DFF7A
:1009900094F8483023B12046BDE81040FFF7B6BEBA
:1009A00010BD00BFC411002070B5044600790D468B
:1009B000FFF7C4FB60B32B78013B052B28D8DFE899
:1009C00003F003100327272820462668FFF728FC9A
:1009D000194B6A681B6830469B68BDE8704000216F
:1009E000184743785B070AD5204618F00EFF94F8A5
:1009F0004830B3B12046BDE87040FFF787BE94F899
:100A0000483073B1B4F8622094F860309A42F1D162
:100A100070BD29792046FFF7A9FF94F84830002BD4
:100A2000F6D1A368002BF3D194F8A020206801210F
:100A3000BDE8704018F0AEBFC41100202DE9FF479B
:100A4000044600790D46FFF779FB814600284CD01B
:100A50002B78013B062B48D8DFE813F00700E000B5
:100A600007001A006E00C000C70026680122114668
:100A7000304618F08FFF2046FFF7D2FB764B6A68AE
:100A80001B689B680021304604B0BDE8F04718475A
:100A9000D5F808A095F80480504610F0B7FD216BFA
:100AA000002985B208DB414506D1C9B2204604B011
:100AB000BDE8F047FFF7A4BC00230422514603A879
:100AC00010F0F2FB9DF80D209DF80E3013430CD072
:100AD0009DF80C309B0803D0B9F80230AB4204D12A
:100AE000666C2EB12046FFF7BBFD04B0BDE8F08771
:100AF000BDF80D707FBAB8B216F0D4FE606400285D
:100B0000F3D09DF80C3084F834809B0884F835309D
:100B10002A1F9DF80F3084F83830E78604230096AA
:100B200092B2514616F013FF0123C4F83960C4F89D
:100B30003D6084F83930D5E7D5F808802E7998F8EB
:100B40000650404610F062FD216B0029844601DB0F
:100B5000B142AAD0606C0028C7D094F83430B342B8
:100B6000C3D14544297B8908BFD094F835309942D8
:100B7000BBD81FFA8CF203D2B9F802309342B4D139
:100B800004EBD10601F0070796F839303B41DD0749
:100B90001ED4B9F8023001395D1E15FB01F5043B86
:100BA0002B441FFA8CFCE58E99B21CFA83F3013BAF
:100BB0009D429ADB013A0091012392B2414616F020
:100BC000C6FE0123BB4096F839701F4386F8397082
:100BD000204604B0BDE8F047FFF742BD2979204622
:100BE00004B0BDE8F047FFF7C1BEAE68304610F074
:100BF0000DFD00210546304610F0BCFB6064002866
:100C00003FF473AF0023C4F8393084F83530C4F8AA
:100C10003D300123E58684F83930D9E743785B0716
:100C20000DD5204618F0F1FD94F84830002B3FF424
:100C30005CAF204604B0BDE8F047FFF767BD94F80D
:100C40004830002B3FF451AFB4F8622094F8603084
:100C50009A423FF44AAFECE7C41100202DE9F74374
:100C600081468846684608210A9D16461F4616F0AA
:100C70007DFA0446B0BB01462A4638461AF050FCBD
:100C8000B9F1000F16D0B8F1030F16D9B8F1040F5F
:100C90002FD1194D6B46002124208E4222D913F802
:100CA000012BB2FBF0FC00FB1C22D2B2AA5C7A54EE
:100CB0000131F2E7B8F1020F18D8104B0099013E4C
:100CC00053F82620B1FBF2F302FB13127B19110E2D
:100CD00003F8041C110C03F8031C110A03F8021C8E
:100CE00003F8012C204603B0BDE8F083B8F1030FF0
:100CF000CEE72124F6E700BF1C1B0500401B0500C2
:100D0000014B1B681B691847DC11002037B50446EE
:100D1000002013460A460146019010F0BCFC014633
:100D20000190B0B10C4B1B682046DB689847044625
:100D300020B1019D2DB901A810F0C0FA204603B0E2
:100D400030BD05F10C00452200211AF0E9FB2D68A9
:100D5000F0E71A24F2E700BFDC11002070B404466B
:100D600008461146104A136874B104F11C0554F882
:100D7000046B43F8046BAC42F9D113681C68002380
:100D8000A4461A4670BC6047084C1C60084C5C6066
:100D9000084C9C60084CDC60084C1C61084C5C6191
:100DA000084C9C61E9E700BFDC1100206D050300E1
:100DB00053980400E59804001F9A040095990400D4
:100DC000F10403005999040010B5074C23684BB196
:100DD0005B6903B1984720681C22BDE810400021E0
:100DE0001AF09EBB10BD00BFDC11002070B50B4D8A
:100DF00006460FCD8AB001AC0FC40FCD0FC406F06C
:100E00007F0008282B6823609BBF0AAB03EB8000A0
:100E10004FF4A26050F8240C0AB070BDF81A050017
:100E2000024B18780230C0B2704700BF591300203F
:100E30002DE9F04F14469B46C36B89B007465B69AA
:100E400060680E46012204A99847FB6B01225B698A
:100E500005A93046984704A819F0B7FC054648B1E3
:100E600000254FF0FF33A5756575A360284609B0CE
:100E7000BDE8F08F05A819F0B5FC0123A375237E0A
:100E800004EBC303DE611D846368B3420ED12060AE
:100E900005A819F0C9FC4FF0FF332075A360237D2E
:100EA000043B022B25D80023A375DFE72368834288
:100EB00018BFA57505A819F0B7FC237D83421CBF98
:100EC0000023A37505A819F091FC804604A819F029
:100ED0008DFC80451CBF0023A37505A819F08EFC6E
:100EE000804604A819F08AFC80451CBF0023A37526
:100EF000D5E705A819F07AFC78B1FB6B02225B6993
:100F000006A93046984706A819F07FFC237D032BDD
:100F10005ED8DFE803F05D5D040905A8F4E7227EF2
:100F200004EBC202CC211184184601F0F7F9129BA0
:100F3000187094F8188005A819F04CFC04EBC80848
:100F400088F82200237E04EBC30305A8B3F82090A1
:100F500093F8228019F04AFC039005A819F04EFC82
:100F6000039B8246002B38D0FB6B02225B6906A9EB
:100F70003046984706A819F00DFC6075637D002B7C
:100F80002FD10023A375A27D12B123694B442361A5
:100F90003449237E097899425ED901332376BBF127
:100FA000000F5BD0002A59D0E37D002B56D0002DD6
:100FB00054D1B8F1030F51D0A1684B1C4ED0129BF5
:100FC0000093224601233846FFF732FFA07545E023
:100FD000227E04EBC2021084A6E705A819F0C5FB27
:100FE000CBE7A27D002ACED0B9F1000F0CD1B8F129
:100FF000000F1DD0617E0123E37519BB984529D1EF
:1010000084F819800D4615E07B6C06EB0A00594206
:1010100086EA000C1CEA010F1CBF0021A175591EB5
:1010200001405B1A9945ACD8A37D002BDFD1AAE71C
:10103000E37DABB94B4652463146384619F078F954
:10104000A060A0E7B8F1010F0AD0B8F1030FF1D109
:10105000A376EFE71546EDE70023A375A57D05E729
:10106000154690E758FD04002DE9F04F2DED028B59
:101070008BB00E46044600254FF0FF3110469846CF
:1010800017468DF8135001F033F9C6F313039E424F
:10109000019340F08F80314605AA04F1080019F051
:1010A00049FB451C014600F08780384601F020F9D5
:1010B0000DF1130301223946204619F0B3F9002837
:1010C0007AD09DF8133088F80030002078E0E56A87
:1010D000681C37D1616A204619F070F80546B31CC8
:1010E00018BF012308EE103ADFF8E890636A626CDB
:1010F0000293236802FB053AE36B05A95B690522AD
:101100005046984705A819F019FC19F03CFC5046C8
:1011100019F044FC4FF0000B824601464A1C05D0F2
:10112000636C81EA0A025B42134211D029462046D1
:1011300019F044F8029BAB422DD0BBF1000F2DD12A
:101140000546D3E720682D1A606CB5FBF0F5C6E7BD
:10115000484601F0CDF80DF1130318EE102A494668
:10116000204619F05FF9034690B1B11C03D0D9F8BD
:101170000020B2420CD10393144B9DF8132088F841
:10118000002049461A6838461AF0A2F9039B9B468C
:10119000D9F80810C2E7BBF1000F10D0019B9E42A6
:1011A00093D198F800307A68314604F1080000F0D5
:1011B000DFFF8AE7B31C8AD0237C002B87D1044849
:1011C0000BB0BDEC028BBDE8F08F00BF5CFD0400EE
:1011D0000BE000F0B02500202DE9F3410E461A4D3A
:1011E000816A044617469846E36A8B4201D04B1C3D
:1011F00002D102B0BDE8F081284601F079F80DF186
:10120000070301222946204619F00CF938B19DF850
:101210000720434629462046B8470028E9D0A96858
:101220004A1C04D16968204619F055F80146012E80
:10123000DAD16B6881EA0302636C5B421A4218BF21
:101240004FF0FF31D0E700BFDC2500202DE9F04151
:10125000036B07689046826B9A4288BF8363426C37
:10126000436A02FB0377C36B90B05B690E460522AD
:1012700001A904463846984701A819F05FFB0128E8
:101280000146307057D0656CE26B2368606AD2F813
:1012900014C005FB0030052206A9E04706A819F096
:1012A0004DFB01284FF0000523D0D4E90A3201217B
:1012B0009342CDE90B458DF834800E958DF83C10A6
:1012C0002AD11946204619F006F8236B626CE062B9
:1012D00014339B1A23630C9B53B99DF83C303BB1EC
:1012E000626A616C2368E06B01FB023119F0DEFA7F
:1012F0000C9DE36B05225B6901A93846984701A85C
:1013000019F01CFB3070236BA26B28469A4288BFF1
:10131000A36310B0BDE8F081237C33B91C490BAA4C
:1013200004F1080000F076FFD5E71A4A0BAB20461F
:10133000FFF752FFCFE7237C23BB1749224604F176
:10134000080000F067FF616A204618F058FF616AE4
:10135000421C204618F021FF054620B9236B626C21
:101360001344143B2363A16A204618F0B4FF23689A
:10137000A062C31A606CB3FBF0F32046636218F0FE
:10138000EDFFB6E7054A00232046FFF725FFDAE721
:10139000611A0300DD19030077A4040049A40400C6
:1013A0002DE9F04F89B01646534A9B469DF84830C8
:1013B000009313695B4580460D46C0F09780D2F8D4
:1013C00004A0D946B9F1000F00F08C80D8F83C3069
:1013D00001225B6905A95046984705A819F002FA51
:1013E000454B1B68984240F0848005A819F006FA26
:1013F0000428074614D105A819F007FA009B0446F3
:101400000AEB0700002B3ED1A64212D9361B1C4620
:101410005146404618F05FFFA9EB04098246D1E728
:10142000D8F83C3002225B6906A95046984706A8C6
:10143000E2E7A41B5C4528BF5C46032C00EB0607D3
:10144000ABEB040B1DD9D8F83C3029465B69384614
:10145000A208984724F0030304F003061F441D4428
:10146000002ED5D0D8F83C3001225B6906A9384659
:1014700098473246284606A935441AF029F800262E
:10148000C6E72646ECE704F0030301932B19029309
:10149000031927460393029BDD1B039BD81B019B6B
:1014A0009F420FD1002FB3D0D8F83C30012206A9BB
:1014B0005B6998473A4606A9284619F0F9FF78B9BA
:1014C0003D44A5E7D8F83C30012206A95B6998475E
:1014D000042206A9284619F0EBFF08B9043FDAE711
:1014E000DFF81890484609B0BDE8F08FDFF810909B
:1014F000F8E7DFF81090F5E75825002012E000F03B
:1015000011E000F022E000F02DE9F04F2DED028B0C
:1015100097B00F460C920A69416C0A931439D31D97
:10152000B3FBF1F3013302EBC303026B9A420446AF
:10153000C0F0E7810023099307F120030F93E36ACA
:101540009B480493194600F0D3FED7E9033606936F
:101550000A9B022B0AD1CC2E40F06D810C9B002BF4
:101560004BD03946204618F0F0FF12900C9B656C6A
:10157000782E94BFF87D0120002B42D100F00100AD
:10158000002814BF08230423782E0D930AD8049A48
:101590006B1E1340ED1A331D9D423CD2002E3FD0EE
:1015A000082D41D90123002505934FF0080ADFF8E3
:1015B00000823B6805990A98C8F80030C8F81060A6
:1015C00019F036F94FEA9A0308EE103ADDF8109058
:1015D00088F81400002307930B9303930893616C1E
:1015E0004B1E09EA03028B1A16B35544AB4221D8AD
:1015F000236B5B1A1344236388E0069B1B681293DA
:10160000B4E7E36B78685B69012214A9984714A8D2
:1016100019F0ECF8B4E7002505954FF0040AC6E789
:1016200004250596AA46C2E7002304250593F9E799
:101630005345DDD3A3EB0A039E42B04628BF98462C
:101640009E4209EB0A0B75D9594B196901228E424A
:10165000DA7575D1C3F804900392554BDA7D002AF0
:1016600070D0197E0398CA1C03EBC2020131C2F884
:101670000490A2F8088090721976B8F1000F14D087
:101680000A9B022B61D1079B7BB90B9B4344032B25
:101690000BD9E36B01229B6912A95846984705466E
:1016A000002840F03E8101230793039B0193404AA9
:1016B000059B0093127D3968434614A800F0CCFDC9
:1016C000E36B18EE102A9B6914A948469847051E3B
:1016D000099B18BF4B46099343465246494620464C
:1016E00018F026FE324B9860236B08F10302A3EB3F
:1016F0000A0322F003029B1A2363002D40F011819C
:101700000B9B4344A6EB08060B93D946494620465B
:1017100018F0E1FD00258146002E7FF460AF244AD9
:1017200039689368E36252680A9B04F1080000F08C
:101730001FFDDDE0039B002B18BF032303938CE701
:101740000223FBE7C3F8049097E70C9B002B31D1F1
:10175000B8F1030F28D9E36B06999B694FEA980209
:10176000584698470546B8B918F0030514D0069AAC
:1017700028F00303D1185B444FF0FF32139213A8F3
:101780002A460E9319F0A4FEE26B0E9B956913A9ED
:1017900001221846A8470546069B43440693002DA0
:1017A00083D0CDF824B097E706995B464546E3E73A
:1017B000B02500205B46FA7D7868AAB197F818E05A
:1017C000089A0021CDB2AE4512D90F9D0E9135F881
:1017D00031C0944501F1010126D90E9907EBC105ED
:1017E0000D99E8690A4402E00D9A08990A441044E8
:1017F000E26B0E93556913A90122A847089B139A1F
:1018000011920433E26B08930E9B956918460122EE
:1018100011A9A8470E9B0BEB0802D21A042A054611
:1018200005D930B90433C6E7A2EB0C02CAE79B46E0
:10183000B5E79B46B5E73C4EDFF8F4A004F1080B92
:101840002368606C049AA2EB0309B9FBF0F900FB72
:10185000093019F0A3F8E16A8046204618F03BFDF4
:10186000A36A83424FD0626CDAF808302568E062E0
:10187000511E1940236B9B1A0B442363099B5D1B6C
:10188000B5FBF2F5A94539D1049BB3EB080913D098
:10189000E36B4FEA99029B6941469847E36A049AD1
:1018A00003904B44E362236B9B1A434423635846E3
:1018B00018F012FF039A91462368616CE06B01FBFC
:1018C000053118F0E0FF204618F048FC204618F0DB
:1018D00045FD2063B9F1000F15D03A69616CD31D45
:1018E0001439B3FBF1F3013302EBC3039842A7D2DF
:1018F000304617B0BDEC028BBDE8F08F4FF0000909
:10190000DAE70A4EF4E73A69616CD31D1439B3FB88
:10191000F1F3013302EBC303226B9A42BFF40FAE23
:10192000E6E72E4688E700BF23E000F006E000F07F
:10193000B02500202DE9F7431E4643699DF8289005
:10194000B3420446884617463CD300258DF807501D
:10195000204618F0CEFB236B83420AD2236AB5EBF4
:10196000430F06D200220DF107012046FFF76EFC5F
:1019700030B39DF80730012B05D100220DF107018E
:101980002046FFF763FCB9F1030F06D0314620462D
:1019900018F09AFB236B834218D30D4D4FF0FF31A3
:1019A000284600F0A5FC4B46002229462046C5E902
:1019B0000376C5F8008003B0BDE8F043FFF7A4BD8F
:1019C0000135C5E7034803B0BDE8F0830248FAE7F4
:1019D000842500200FE000F006E000F0032A2DE946
:1019E000F34106460D4617461C4606D1237A012BC5
:1019F00023D0012002B0BDE8F081DFF860800968E3
:101A00000DF107034246FFF72FFB60600028EDD180
:101A10009DF80730032BE9D0D8F804206B689A4270
:101A2000E4D1237A2969D4F80CC0012B07D172695B
:101A30000CEB0103934202D92074207CDAE70831D1
:101A40006144E1603B46012229463046FFF75CFDD8
:101A500060600028CAD00020CCE700BF84250020A9
:101A60002DE9F743032A0A9C904606D1237A012BDD
:101A700023D0012003B0BDE8F0832668DFF88C9006
:101A80000DF107034A463046FFF7EEFA6060002882
:101A9000ECD12568D9F80470A96A6A6C4F405342AA
:101AA0001F40E3D1237A012B09D1E068D9F8103027
:101AB00003447069834202D92774207CDAE72868DE
:101AC000EB6A1B1A081AB3FBF2F3B0FBF2F0834285
:101AD0000BD1706CF36A421E1340326B121A13441E
:101AE0003363284618F0F7FBE862D9F81020E36862
:101AF0000649206808321344E36001224346FFF799
:101B000003FD60600028B1D00020B3E784250020E9
:101B10002DE9F04F4FF0FF334FF6FF72002500F133
:101B20000806C0E9092387B00446C362056205635D
:101B30003046884618F0D0FD204618F00FFB68BBF1
:101B40002046414618F08AFB204618F007FB68BB88
:101B50008A4D204618F034FCD0E02368E26B606CBC
:101B6000576901A9052200FB0530B84701A818F004
:101B7000E5FE012807460CD12946204618F03FFB18
:101B8000012F024600D101322946204618F005FBFC
:101B900003E018F0FDFE0028EED10135E3699D4217
:101BA000DBD3204618F0DAFA0028C9D000254FF61A
:101BB000FF73C4E908534FF0FF39CA46A846E369EA
:101BC00098450AD3A5EB0905012D2DD8636A4FF678
:101BD000FF7293423DD16A4DBBE72368E26B606CB4
:101BE000576901A9052200FB0830B84701A818F081
:101BF000A5FE834601A818F078FE0746584618F05F
:101C0000C2FE70B15745236A38BFC4F82480B94575
:101C100003F1010328BFB946BD42236238BF3D46E8
:101C2000BA4608F10108CAE74FF6FF736362002560
:101C3000E3699D42CAD2676C2068E36B05225B6949
:101C400001A907FB0500984701A818F04EFE0135D1
:101C5000EEE7E26B676C2068556901A9052207FB76
:101C60000300A84701A818F040FE626A2368606C70
:101C7000444D00FB023018F091FE4FF0FF33A0629C
:101C8000E3622A460DF103036FF001012046FFF7DE
:101C9000EBF9002836D1AD68E5622946204618F0F8
:101CA00038FA206320B9E16A204618F014FBE0629C
:101CB0002946204618F00FFB0546A36A9D4223D112
:101CC0006369656C2046A5F11402DD1CB5FBF2F5D5
:101CD00003EBC5050335B5FBF2F518F071FB0235D2
:101CE000A84280463ED2616A204618F067FA002773
:101CF000064604F1400AAF4218D3234D284607B0E8
:101D0000BDE8F08FA56AC7E72946204618F001FA1A
:101D1000236B0344294607462363204618F0DBFA69
:101D20000546002FC9D1C4E90B07C6E7474512D3C2
:101D3000626C236802FB0639E36B05225B6901A92B
:101D40004846984701A818F0D0FD53460246494638
:101D5000E06B18F025FE3146204618F02FFA0137C7
:101D60000646C8E7304618F0B7FC0023074A194674
:101D70002046FFF731FA0025EBE600BF03E000F054
:101D800016E000F08425002013E000F013A4040006
:101D9000614B2DE9F0410025D3F800801D600E460F
:101DA000044618B95D4D2846BDE8F08190F83470BE
:101DB00007B30A6803689A4240F0A3804A68436800
:101DC0009A4240F09E808A6883689A4240F09980E7
:101DD000CA68C3689A4240F094800A6943699A428B
:101DE00040F08F808A69C36B9A4240F08A804B69C9
:101DF0008361D8E750223946856B19F091FB33682F
:101E0000236073686360336963617369A36104F17C
:101E10000800D6E90212A56318F070FCB369E36309
:101E200004F140009B68984720B9676C17B163685C
:101E3000B3FBF7F794F84330E761002BB2D0656C41
:101E4000002D66D0002F64D02368B3FBF5F205FBAC
:101E50001233002B57D16668B6FBF5F305FB13630D
:101E6000002B50D1204618F044F9A36904330344F1
:101E70009E424AD3636940F63472CC3B934246D8C3
:101E8000B5F5007F45D30321204618F05BF9E36BDD
:101E9000D4E900011B689847E36B0546DB68022024
:101EA0009847DDB941462046FFF732FE1C4B984269
:101EB000054604D141462046FFF72AFE05466DB986
:101EC000636C266A143B20465E4318F012F9A3693E
:101ED000144A043303449E4238BF1546002D0CBFFC
:101EE0000123002384F8343007D10F4A1368D4E962
:101EF00000010133136008F0A1FBE06B18F0C9FA90
:101F000051E70A4D4FE70A4D4DE7064D4BE7094DA6
:101F100049E7094D47E700BFE02F002009E000F046
:101F200013E000F002E000F0E42F002008E000F0F1
:101F300001E000F005E000F004E000F02DE9FF41D1
:101F40000E4690461F460546A0B390F834309BB32A
:101F5000C1F31303994231D1194C022118F0F2F860
:101F60000DF10F03224631462846FFF77DF878B180
:101F70000123009342463B4631462846FFF7DAFCF0
:101F80000446E86B18F085FA204604B0BDE8F081FD
:101F90009DF80F30012BEBD12269BA42E8D10093B2
:101FA00002463B4641462846FFF7FAF90446002818
:101FB000DED1E6E7034CE7E7034CE5E7034CE3E754
:101FC0005825002009E000F007E000F00AE000F0EA
:101FD0002DE9FF410C4616461F46054690B390F882
:101FE00034308BB3C1F3130399422FD1DFF87880DB
:101FF000012118F0A7F821460DF10F0342462846AB
:10200000FFF732F8044670B99DF80F30012B11D15B
:10201000D8F81030BB4213D1009002463146284612
:10202000FFF7BEF90446E86B18F033FA204604B017
:10203000BDE8F081064C0748022B18BF0446F2E7C2
:10204000054CF0E7054CF1E7054CEFE7054CEDE7F3
:102050000CE000F00BE000F011E000F009E000F00F
:1020600007E000F00AE000F0582500202DE9F341D8
:102070001E4600230C4617463360054658B390F8B9
:10208000343053B3C1F31303994228D1DFF864808D
:10209000012118F057F821460DF107034246284662
:1020A000FEF7E2FF0446A0B99DF80730032B10D0DD
:1020B000022B07BF01233B60D8F81030386008BFFF
:1020C00004233360E86B18F0E4F9204602B0BDE861
:1020D000F081044CF6E7044CF7E7044CF5E7044CB8
:1020E000F3E700BF0BE000F009E000F007E000F0CC
:1020F0000AE000F05825002030B50C4685B00546B2
:1021000030B390F834302BB3C1F31303994223D189
:10211000022118F017F8114A0DF10F032146284645
:10212000FEF7A2FF90B99DF80F30032B0ED00323CA
:1021300000930246034621462846FFF7FBFB044670
:10214000E86B18F0A6F9204605B030BD044CF7E75F
:10215000044CF8E7044CF6E7044CF4E7582500205B
:102160000BE000F009E000F007E000F00AE000F00A
:102170002DE9F0434668002E47D0056898464FF099
:10218000000CA946AE4655F83C40C4F31307013491
:102190000CF1010C01D0B94218D0B4450EF1080E73
:1021A000F1D12F46002403E0B44207F1080713D011
:1021B00055F83430013304F10104F5D1C1F31301B2
:1021C00041EA0851C7E90012BDE8F08341EA08512D
:1021D000CEE90012BDE8F083B8F1030F15D000235B
:1021E00003E0B34209F108090FD055F83340C4F3B6
:1021F0000754032C03F10103F3D1C1F3130343EAA2
:102200000853C9E90032BDE8F08301230372BDE839
:10221000F08300BF2DE9F043476883B0CFB1064695
:10222000884691460024336853F83450C5F307526A
:10223000C5F31301013503EBC403304604F1010477
:1022400005D05B68CDF80090C04710B17768BC42FC
:10225000E9D303B0BDE8F08337B5044600208DF81C
:10226000070022489DF8185000EAC111012A23F006
:102270007C40606007D9901E012810D9073303F015
:102280007F030B4309E09DF81C00C00600F0C0501E
:1022900042EA0103034343F06043236001E00A4341
:1022A0002260A5B1202221460DF1070018F0CDFAD9
:1022B0001A220DF10700211D18F0C7FA63689DF876
:1022C000072043EA82636360082003B030BD1B220D
:1022D0000DF10700214618F0B8FA23689DF8072091
:1022E00043EAC26323600420EFE700BF80FFFF07DB
:1022F00038B5094B04461A680D46002119F010F94B
:1023000000234FF0FF32C4E900252361A260E3827D
:102310002383A37638BD00BF5CFD040006289ABF66
:10232000014B185C01207047601B05002DE9F0414E
:102330000E46596888B007461546490A0024012907
:1023400022464FEA510104F10104F8D8DC7899786B
:102350001B882403C90201F4006104F480540C4377
:10236000C3F30A032344540304F460441C44294B7C
:1023700003934FF0000825F0784302A90DF1070000
:102380001B2202938DF8078018F05FFA9DF8072052
:10239000029B8DF80780ED4343EAC26302A90DF169
:1023A000070025F078451B220493029518F04DFA9A
:1023B0009DF80720029B6FEA044443EAC263059339
:1023C0006FEA14444FF0FF3306930794BB6907A9E3
:1023D000012206F110009847BB6905A904460122B5
:1023E00006F108009847BB69404518BF044604A998
:1023F0000122301D9847BB69404518BF04460122A1
:1024000003A930469847404508BF204608B0BDE8BC
:10241000F08100BF01009AB21046044A1368591EA9
:10242000033102D80021116018477047EC110020D9
:10243000034B1868034B002808BF1846704700BFBD
:10244000EC2F0020901B0500014818F007BC00BFCE
:10245000F02F0020014818F014BC00BFF02F00201E
:102460000148002118F02FBCF02F002013B50A4CB2
:102470000229226005D1094818F0F0FB002002B0C3
:1024800010BD00930A46064B0146044818F0C9FBEC
:10249000002818BF0220F2E7EC110020F02F0020E6
:1024A0001924030008B5064B1B68013305D0FFF75C
:1024B000D1FF80F00100C0B208BD0020FCE700BFE2
:1024C000EC110020F8B50D4610B900242046F8BDE7
:1024D0000E4F3E68002EF8D100F0A0F80446002808
:1024E000F3D0386000F0E6F8204618F0A4FA38B1CE
:1024F00030463E6000F0DEF8204618F097FAE4E738
:10250000002DE3D02046A847E0E700BFE82F0020D9
:10251000024B1868003818BF01207047E82F0020D0
:1025200070B50C46054618F0E6FEA3780A4A13700B
:102530005A1E56425641B04205D0012B05D03146B5
:10254000284605F0F3FA002004E0204605F0C0FA22
:102550000028F4D070BD00BFA53B0020024B002135
:102560005B680846184700BF0012002010B50446FB
:10257000FFF75EFF0B4B1B1A58425841A04209D08F
:10258000094B1B6843B9094A064B002C08BF134688
:10259000074A1360012010BD18F0B9FD0028F2D0E1
:1025A0000020F8E7681B0500E82F0020901B0500BD
:1025B000EC2F002010B518F0A2FE044618B9034B0A
:1025C00001215B689847204610BD00BF0012002023
:1025D00010B518F09DFE20B9024BBDE810401B68F5
:1025E000184710BD0012002010B518F08AFA20B963
:1025F000024BBDE810401B68184710BD00120020B8
:10260000431E033306D8044B984228BF184664285B
:1026100038BF6420704700BF40420F00F8B5054640
:1026200008F016F80E4B1E68074626B9384608F023
:1026300013F8344610E0B46884B1237C9C46DB0771
:102640000CD495E80F004CF0010C84E80F0084F8DE
:1026500010C0384608F000F82046F8BD3668E4E7B8
:10266000F011002038B505460C4641B10B6833B176
:102670001B68013303D0CB680BB18B684BB918F0E2
:1026800053FCBDE838404FF486724121002000F031
:102690003DBA084601F0D0F8044A00231360044A0A
:1026A00085F8DC30C5E92343136038BD0C300020C9
:1026B0001030002010B5044618B9054B054A1360C8
:1026C00010BD04F037FBD4F89830002BF6D1F4E7B6
:1026D00015AA0400F4110020014B1868704700BFD0
:1026E0000C30002010B50C4604F064FB054B0021B3
:1026F0005B68032098471CB105F0CCFB0128FBD197
:1027000010BD00BF0012002008B502460868FFF7A0
:1027100077FF08604868FFF773FF48608868FFF735
:102720006FFF8860C868FFF76BFF0B69C860581CB3
:1027300003D00B48834228BF03460B614B69581CEA
:1027400003D00748834228BF034688694B61FFF7DF
:1027500057FFBDE808408861104605F043B900BF47
:1027600040420F002DE9F84FD0F8903007460E4652
:1027700013B1038B8B4244D0D7F88CB0BBF1000F60
:1027800042D0DBF80830002B3ED0DBF80C20002ACA
:102790003AD0D7F8A0A0BAF1000F38D04FF0000916
:1027A0004D46C84601E0DBF8083005EBC50403EBF5
:1027B00084040135E389B34214D8238AB3423846EE
:1027C00010D3B4F91220B7F924309342A0464EDD5D
:1027D00097F8D010DAF746FF7B7D8342814646D9D1
:1027E000DBF80C209542DED3B8F1000F27D0002390
:1027F000424619463846D0473E83C7F8908087F84E
:10280000D9900020BDE8F88F0320BDE8F88FD146AD
:102810005446514647F6FF7504EBC40803EB88089D
:10282000B8F80E30B34218D8B8F81030B34214D309
:10283000B8F91220AA4204D14FF0FF09DCE70120C9
:10284000E0E797F8D0103846DAF70CFF7B7D83423B
:1028500081464146D0D9DBF80C200134A24202D98E
:10286000DBF80830D8E70029E9D08846C4E7A0465D
:10287000BDE700BF2DE9F04182B0D0F8A080164638
:102880009DF820208DF8072004460D461F46B8F11C
:10289000000F2ED000220DF107031146C047194941
:1028A000194A0D60194BD4F88C1011602046D4F8E9
:1028B00090201A6004F09AFD05461EB9284602B021
:1028C000BDE8F081B0FA80F04FF473723321400913
:1028D00000F01CF93946204604F044FF0C4BD4F8B4
:1028E00090101B68054620469847284602B0BDE870
:1028F000F081417D90F8D930994228BF194604F003
:1029000049FDCCE7083000200C30002010300020BA
:10291000F41100202DE9F04385B005460F4614461A
:102920001E4605F069FA05F08DFA00283BD1DFF864
:102930002481D8F800301BB1D5F88C2093421FD0E9
:1029400005F0A8FA012838D1D8F800308BB31A68FE
:102950007AB3D5F88C1009688A4246D0D5F8903001
:102960001A68284618F0A2FC38B9012400963346AC
:10297000224639462846FFF77DFF05B0BDE8F083C3
:10298000304B1B68002BDBD0D5F890209342D7D179
:102990002D4B1B689F4222D005F07CFA0128E5D020
:1029A0004FF001090BE0274B00221A6005F042FAB4
:1029B000BDE7D5F88C301968D0E74FF00009012049
:1029C00004F0F8F9214B00215B680320984705F0DB
:1029D00061FA0128FBD1B9F1000FB5D0C6E706B105
:1029E00074B9002005B0BDE8F083164A1268D2B170
:1029F0001168D5F8902012689142B6D05968B0E7B6
:102A0000D5F8A04001228DF80F2084B100220DF1ED
:102A10000F0311462846A0470D4BD5F890101B68B0
:102A200028469847DDE7D5F890201268E6E7697DEB
:102A300095F8D930994228BF1946284604F0AAFCD7
:102A4000EAE700BF1030002008300020001200200C
:102A5000F41100200C300020F8B505460E4607F0B2
:102A6000F7FD314607462846FFF77CFE044620B1B5
:102A7000384607F0F1FD2046F8BD034602463146D0
:102A80002846FFF747FF04460028F1D16B7CDB079F
:102A9000EED5284618F0CFFC0028E9D02246E97D83
:102AA000284618F042FC0446E2E700BF13B504468E
:102AB000694618F070F8204618F086FBFF28024699
:102AC00006D09DF800102046DAF744FE02B010BD93
:102AD0000048FBE70080FFFF07B54FF400730A4989
:102AE000ADF806300DF1060218F072F8BDF80630A8
:102AF000B3F5007F05D1022808BF002003B05DF8C0
:102B000004FB0120FAE700BFA63B002008B550B93E
:102B10000548064B01601A60054B1A68054B1A60A0
:102B20001868E5F73DFC08BDF811002014300020BE
:102B3000E82F002018300020054B1B680BB9184601
:102B40007047834201D01B69F8E70120704700BF3E
:102B50001C300020094A13680BB91846704783429D
:102B600007D11B691360064A1368013B13600120FB
:102B7000704703F110021B69EEE700BF1C30002014
:102B8000203000202DE9F84FDFF83481DFF8349150
:102B90002DED028B054607F062FD98F8007008EEF7
:102BA000100A01233FB189F80030BDEC028BBDE86B
:102BB000F84F07F05ABD404E88F8003089F8007091
:102BC00018F0D0F808B118F0CBF834683B495CB97C
:102BD000DFF8F4A0A346DAF8002033685A4533D86A
:102BE00036484FF0FF3143E0637D8BB12368AB4241
:102BF00002D05A1B8A420BD9626813442360A3682F
:102C0000003A18BF0122003B18BF01236275A3756B
:102C10002469DCE792F816C0BCF1000F05D092F8E9
:102C200014C08C459CBF614610461269002AF1D140
:102C30000028D5D0D0E9011C03688275591AC268F2
:102C4000E0470BF1010BC6E700201A46FF21EDE734
:102C50005A7D62B11A68AA4207D0521B824204D838
:102C6000914204D311461C4601E01C4600211B6919
:102C7000002BEDD15CB12046FFF76CFF38B1336813
:102C80002361DAF8003034600133CAF80030336869
:102C90005C7D1CB1186800F0D9F8044618F05EF8A5
:102CA0000546002C8AD199F80030002B86D118EE09
:102CB000100A88F8004078E71C300020FCFFFFBFB6
:102CC000A63D0020A73D00202030002038B5054655
:102CD00008B31822002118F023FC07F0C0FC0246BC
:102CE0002846FFF729FF20B1104607F0BEFC02205E
:102CF00038BD0A4B1C6854B909491D600B682C612A
:102D0000013310460B6007F0B0FC2046F0E704F1F9
:102D100010032469EFE70120EAE700BF1C30002020
:102D20002030002038B50446FFF706FF07F097FC77
:102D300005462046FFF700FF637D23B9284607F0CC
:102D400094FC032038BD00236375064B1B68A34227
:102D500003D118F003F8FFF715FF284607F085FCAC
:102D60000020EFE71C3000202DE9F84FDDF8289017
:102D7000DDF830B0984604460D46FFF7DDFE92467A
:102D800007F06DFC074617F0E9FF06462046FFF7FF
:102D9000D3FE637D23B12046FFF7C4FF0023A37554
:102DA000BAF1010F0FD155EA08030BD1B9F1000FA9
:102DB00003D05A4631462046C847384607F055FCEE
:102DC00000200AE03544B54203D00C4BAA1B9A42BE
:102DD00005D9384607F049FC0120BDE8F88F0123EA
:102DE00063759DF82C30C4F80890C4E90058237529
:102DF000C4F80CB03046FFF7C5FEDEE7FCFFFFBFAE
:102E00002DE9F04106468846FFF796FE07F027FCBD
:102E10003768054617F0A2FF737D7BB187420DD05E
:102E2000094B3C1A9C4209D8284607F01EFCB8F111
:102E3000010F18BF3C462046BDE8F081284607F048
:102E400014FC0024F7E700BFFCFFFFBF08B5002318
:102E50001946044A04F064F9032896BF024B032084
:102E6000185C08BD27AD0400C41B05002DE9F74F11
:102E70001546032206460F462A70D3B15C681B4BE9
:102E80009C428CBF002401244FF000084FF0060A3A
:102E9000174A5FFA88F310680AFB03F3C2185179E6
:102EA000012908D92878C31E5842584103B0BDE80B
:102EB000F08F1C46E8E7A14202D008F10108E7E7DD
:102EC000117930F90390B2F902B001910022304635
:102ED00017F00DFF0028F0D001992970B7F90020F4
:102EE0004A45EADB5A45E8DC0020DFE7FFC99A3BA8
:102EF000FC110020014917F037BF00BF0580030017
:102F0000014917F031BF00BFD97F03001FB59DF8FD
:102F100024400394BDF820400294079C0194069C31
:102F2000009405F0DDF8044620B9044B01215B68EC
:102F300008469847204604B010BD00BF001200208C
:102F400038B504460D46FFF7E3FA60B104F08AFF96
:102F500048B9012D07D8012018F00AFA0D4B1B685B
:102F600023B15B6898470C4B1C7038BD08F01EFEFF
:102F70000A4B1A68801A1860DDF73AF9084B1B688B
:102F80004FF47A7202FB003017F049FE012004F082
:102F900071FFE8E7E03000205A130020583000208D
:102FA0005C300020054A0B46117831B100211170C8
:102FB000034A18785268012110477047AA3D002043
:102FC0000012002070B5154D032804460E462878DF
:102FD0001DD020FA04F202F00102B2421CD070B1FE
:102FE0000122A24020EA020206FA04F31343D8B2F7
:102FF000287010B90A4B1B689847012070BD002E3D
:10300000EED0074B01201B6898472878E8E7830734
:10301000DFD000F0FC00EBE7002070BDA83D0020F1
:1030200024300020F8B5124F05460C4607F010FB7F
:103030003B78064633B1012D04D01CB90D48DCF7AE
:103040009FFF3C7021462846FFF7BCFF0A4B1B78C8
:1030500004463BB93B782BB918F04BF910B1074B3C
:103060001B689847304607F0F7FA2046F8BD00BFC6
:10307000AA3D002038300020A83D0020001200208A
:10308000124B0239012910B518701ED8FFF740FA0B
:10309000D8B104F0E7FEC0B104F02AFDA8B90C4B8A
:1030A0001C6834B123689847BDE81040002018F030
:1030B0005FB917F0B2FD074B186008F077FD064BBB
:1030C0001860204604F0D6FEEEE710BD5A1300202B
:1030D000E03000205C3000205830002013B588B16B
:1030E00007F0B6FA012104460846DCF799FB0B4AC3
:1030F0000121012008F0CBFC204602B0BDE81040C1
:1031000007F0AABA019007F0A3FA0199044601203A
:10311000DCF786FB014A0199EBE700BFE01B0500E5
:103120002DE9F041354E84B007F092FA3378054628
:1031300023B13348DCF724FF00284ED1DCF7C4FF6D
:1031400002AA03A918F0BEF80446002835D018F0EA
:10315000CEF8029B984221D1DFF8AC800020294BA9
:1031600003991B6888F80000994222D90027C91AE0
:103170000124CDE900772248234B244A347008F01B
:10318000CCFC002834D1224A1378D90718D4284619
:1031900007F062FA002004B0BDE8F08118F0A5F84D
:1031A000029B984220D0174B174A1B6803930020BC
:1031B00010700121FFF706FFE9E728463470E7E7C2
:1031C00098F800100029E2D103F0FE031370002BE1
:1031D000DDD1104B1B689847D9E7284607F03CFA29
:1031E000032004B0BDE8F081DFF81C800220B6E7C0
:1031F00003242846377088F80040EFE7AA3D0020F6
:1032000038300020603000205B130020A52F030021
:10321000A83D00202430002038B5134D07F018FADF
:103220002B780446C3B9114A11491370114B124A45
:103230001A601248124A5A60DCF76AFB11491248B8
:10324000DCF766FB114B124A1A60124B1B68124BDB
:1032500002221A6001232B70AFF30080204607F092
:10326000FBF9002038BD00BFA93D0020AA3D002089
:10327000F01B050000120020213103003030002037
:1032800025300300E81B05002830002024300020F2
:10329000DD30030000300E40603000200D4BD3F8CD
:1032A000E020D20314D50C494FF48032C3F8E82053
:1032B000C1F8EC209A6BD1B2C2F3072299679A67E2
:1032C00004229A6700229A679A679A679A679A67B0
:1032D000704700BF001008400010084638B50B4C7E
:1032E000226060600D4607F0B3F90123A362042356
:1032F000A560C4F8E830064B4FF48072C3F8802113
:1033000007F0AAF90DB10223A36238BD00100840EE
:1033100000E100E0044B1860044B40F6FF721963B3
:1033200058635A65704700BF6430002000100840A1
:103330002DE9F04F042A83B005463AD90B78836112
:103340004B7883618B788361CB7883610068D5F893
:1033500008B06E6800F007004FF00108063008FA68
:1033600000F808F1FF3909EA0B07A2F1040AA8EBFB
:103370000702924501F1040446F000560DD8F019F9
:103380002146524618F0A4F80AEB0B0348EA09025A
:103390001340AB6003B0BDE8F08F2146F0190192F5
:1033A00018F096F8019AA118AAEB080230463A44A0
:1033B000E8E7013A032AEDD8DFE802F00B0805023E
:1033C00011F8013B836111F8013BAB6111F8013B3E
:1033D000AB610B78AB6103B0BDE8F08F38B5124C30
:1033E000154670B10122C4F8B8200A4601460F48BC
:1033F000FFF79EFF1DB10C4B0422C3F8B82000203C
:1034000038BD69B1D4F89C208A4284BF0122C4F837
:10341000B820054A0223C2F89810C2F8B830E9E78C
:103420000123C4F8B830E5E70010084090100840C8
:1034300010B507F00DF9184B184901229A65C3F829
:1034400088201A66164A5A660722C3F884200A8022
:10345000144900220A804FF4A021C3F8E81003F1B8
:10346000C0630446C3F8EC100F4B1A600F4BD3F83F
:1034700088305B020AD50E4B18680E4B4FF4800261
:10348000C3F88820416BA43001F0A8FB2046BDE8BA
:10349000104007F0E1B800BF00100840DC31002008
:1034A000C8180020DA3100206830002000400840B1
:1034B000E82F0020004008440D4B07221A800D4BD6
:1034C00000221A800C4BC3F890204FF40052C3F82E
:1034D0009400C3F8B420094AF021116402F100728B
:1034E000A02111640122C3F8B820FFF7A1BF00BFDB
:1034F000DC310020DA3100200010084000000844D0
:103500002DE9F0410446A0B13B4E3C4F07F0A0F836
:1035100031883B4B01F07802032C054601F07F0E09
:103520001A4456D1D7F800C0BCF1000F03D107F000
:1035300093F803204BE02CF00104386820F00100E0
:10354000A0424BD100233B6023886FEA43436FEADC
:1035500053439442238036D12A4FDFF8BCC03B88C6
:10356000ACF18008CC18083B9BB202F10801E01ACC
:10357000614528BF4146082B80B204D9B1F900E06B
:10358000BEF1000F35DB947812881F493B80C2F3EF
:103590000C02C0B2CA6304F007043080C866C1F8E8
:1035A0008430FFF77BFE042C0DD1184BD3F8883004
:1035B000174B1868174B4FF48002C3F88820416BF3
:1035C000A43001F00BFB284607F046F80020BDE8C8
:1035D000F081601E012898BF1446AEE70948734485
:1035E0000088E31A48BF803308389842ACDC28468C
:1035F0009DE70A46B7E700BFDA31002068300020B7
:10360000C8180020DC3100200010084000400840AD
:10361000E82F002000400844481900200E480F4AB7
:10362000038812880E491A44073A02F078020A44C5
:1036300008339BB2038090780A4900F00700042801
:10364000C1F8843004D101F540514B681B03FCD410
:10365000054B1A60704700BFDC310020DA310020D2
:10366000C8180020001008406830002010B5054C34
:10367000206828B1C30701D4FFF742FF002323606D
:1036800010BD00BF68300020084B4FF48032C3F8F3
:10369000EC2003F17C43C3F8E420D3F88030C3F37B
:1036A0000C03782B01D8FFF7F9BD704700100844D0
:1036B0002DE9F84304460E4606F0CAFF4F4B504D25
:1036C0001A8881464F4802F07801032C078802F0DF
:1036D0007F03294417D14C4804688CB9D419073C9E
:1036E00004F078042C442B44E31A48BF8033BB42D7
:1036F00010DB484606F0B0FF00242046BDE8F88302
:1037000024F00104EFE7012C02D0022CEBD1083F9A
:103710000C46E8E7002E42D08C4244D13B4AD2F816
:103720003C803A490F6B07F00707BA1D0127974005
:10373000D1F88020C2F30C029A4247DDB4F9003080
:103740002588002BD5DBA378C5F30C0503F0070310
:103750007A1EA5EB08053A43052B337005EA0205EE
:103760002CD82DB2E84340F22A420421C00FFFF7C3
:10377000CDF97580E37833747B1E03EA0808244B87
:103780001B6803EB0802B260AAB218FA85F5BD42C5
:103790008BBFA7EB08070023B780B280F3604846D1
:1037A00006F05AFFA9E7A4F10802AA4238BF04F1C3
:1037B0007802B2F80080C8F30C08B2E7154BDB6C56
:1037C000002B0CBF00230823ED1ACAE78A6B1249AD
:1037D0007B1EA2EB08023B4313401DB24A685BB953
:1037E000C2F30362032A0CBF0822002232707380E6
:1037F000D1F890301B0ABEE70822F7E7DA31002043
:10380000C8180020DC31002068300020001008407B
:10381000643000200000084000400840431C08D0ED
:103820000449D1F83C311B0C1B0480B20343C1F89E
:103830003C31704700400840054BD3F8B400431CAE
:1038400014BFC0F38070012098223121FFF75EB9C8
:103850000081E00F034B1A689B8802608380002080
:10386000704700BF221300200F4B0228D3F8883185
:1038700004D183F40010C0F340507047012805D1F3
:1038800013F4400F0CBF01200020704750B9074AC5
:10389000D2F8D40010F0010005D083F48000C0F30A
:1038A000805070470020704700400E400081E00FBC
:1038B0000B4B5B88B3F5E16F8BBF5A23C8235022B3
:1038C000782298428CBF172310230B70054B1B786E
:1038D00023B1904294BF00200120704718467047E2
:1038E000221300205C13002013B5234B1B78032BFD
:1038F00004463ED00DF10701FFF7DAFF1E2C8CBF06
:103900001E491F499DF807204FF001038CBF012479
:103910000024C1F8083170B1194B4DF60171C3F89C
:103920000411120203F1007342F44042C3F804216F
:10393000144BA3F8D420134991F8D82022F00102A7
:10394000024322F0020242EA4402D3B20E4A81F854
:10395000D83012786AB9B1F8D420A1F8D62023F073
:10396000040242EA800323F0080343EAC40381F817
:10397000D83002B010BD00BF22130020004008461E
:1039800000400844001F0021AD3D0020084B094ABB
:10399000D3F88831DB4303F4FE1343F40053B3FA46
:1039A00083F30E33A3EB4313013B1370704700BF47
:1039B00000400E406013002001280CD0022802D0E5
:1039C00020B100207047054B18787047034B1878DA
:1039D0000430C0B270470720704700BF601300205A
:1039E00002289ABF014B185CFF207047F81B0500A6
:1039F0002DE9F743424E434F96F800901546424A50
:103A0000D2F8C820B9F1010F0446884607EA020738
:103A100005D147EA00600C7000232B6040E03B4A70
:103A20001278904228BF1446002B14BF04230023B1
:103A300023440B70002C48D0013CE4B24FF03063BB
:103A40002B606A46204601A917F084FADDE90030B0
:103A50002F4A98F800C0127847EA006040EA8330A5
:103A600040F47F5040F00800002A30D0B3FA83F3CE
:103A70002849294AC3F11F035BB2B9F1020F18BFED
:103A80000A46591C27D0D75CFFB22A6822F07F4132
:103A9000BCF1000F21D141F0306141F004012960F7
:103AA0007288B2F5E16F20F47F538CBF5A22C8228E
:103AB000944223F008039ABF180A00F47F5043F69B
:103AC000C870184303B0BDE8F083144BB8E7FF2774
:103AD0004FF0FF33D9E7FF27D7E7013303D07B1E31
:103AE000DBB2FD2B06D922F07F4323F0040343F021
:103AF0007F4392E741EA076343F004038DE700BF89
:103B0000221300203F00C0E0001F002160130020AE
:103B1000B03D0020B883E00FB083E00F0400000B3D
:103B200073B50446C820FFF7DFFE2C4B2C4D1878E8
:103B3000032801D0FF2C03D1FF20287002B070BDF4
:103B400001282CD1072C204628BF072001284FF040
:103B5000000301AA0DF1030138BF0120FFF748FF60
:103B60000446204B204E019AC3F85821C6F8C8409D
:103B70009DF803002870FFF7B7FE019A130203F4C3
:103B8000E06343EA1263194AA6F8D03012781AB9F2
:103B9000C6F8CC40A6F8D2309DF80300CEE790B925
:103BA000042C14D803460646201A01AA0DF103017D
:103BB000C0B2FFF71DFF4FF4800304465EB10C4A0C
:103BC000C2F80831CDE700231E461846ECE7012372
:103BD0001E460420E8E7074AF2E700BF2213002050
:103BE0005D13002000400840001F0021AD3D002073
:103BF000004008460040084408B501F033F9094B7D
:103C0000094A002808BF1A46136823F47F115B088D
:103C100003F4FE130B431360044B4FF00072DA61A0
:103C200008BD00BF1841084000410840004008405E
:103C300008B501F017F9064B4FF4001228B1C3F88C
:103C400000214FF000621A6208BDC3F81821F8E79E
:103C500000400844014B1868704700BF6C300020DA
:103C6000436C012B38BF01232DE9F0479A46474B9F
:103C7000474F9B69474E484D03F4E073A3F5C0726C
:103C8000804646485142514102685245444A0FD14C
:103C900014788C420CD198F8D0C03C78A44507D158
:103CA00098F816C03478A44502D1A888BDE8F087FA
:103CB000B3F5C07FC0F800A011704CD1D8F8944083
:103CC00024B12368082B5AD994F838400F21204694
:103CD00017F030F9BAFA8AF3002854D0B0FA80F21B
:103CE0009B1A002BC4BFC3F10F09D840274BD8BF84
:103CF0004FF00F0950454FEA0440C3F8BC0003F1F0
:103D0000806340F6FF7288BF09F1FF39C3F8B8201D
:103D100003F100734FEA0921C3F8B81017F02DF929
:103D2000A88000F011FE09F01F094FF4FA7304FA9D
:103D300009F45C4341F66A03B0FBF3F0194BB4FBA2
:103D4000F0F40A2044431C6098F8D0303B7098F897
:103D500016303370A9E798F8D030022B06D1124BF9
:103D60001B78002B14BFC8249624AFE7012B08D082
:103D70000D4B1B78002B14BFF024B424A6E70024BD
:103D8000A4E73224A2E72022AAE700BF006008408F
:103D90005F1300205E130020221300200812002071
:103DA000AB3D00206C300020B03D002070B50646D1
:103DB0000D46144617F03FFBE0B1347D023CE3B200
:103DC0000C2B06D841F6A754DC40E44314F0010460
:103DD00025D000242546134B134AC3F850212B0449
:103DE0002D0503F4E02305F0F8751D430F4BC3F8D0
:103DF000505101E0FF2DEED1FF2C0ED0094B40F2C7
:103E0000F712C3F85021220102F4F87204F00704FB
:103E100003F100731443C3F85041002070BD0C251A
:103E2000D9E700BF004008440000F7010040084601
:103E3000F8B5134B134E1F68134D384600F0FEFFC4
:103E40003378C4B2A34201D12B78A3B1092C14D882
:103E50000E4B012C195D05D10D4B1B78012B01D1A7
:103E600041F0400101F00F0238460909FFF79EFFBB
:103E7000002334702B700020F8BD0024FA21F1E7F4
:103E8000E82F0020AE3D0020AF3D0020FB1B0500C9
:103E90002213002070B5044600F0FEFC142200211D
:103EA0003148324E17F03CFB314B25781A783149B6
:103EB000521B18BF01220A7022681A60C820A2880B
:103EC0009A80FFF711FDD6F8C8202B4B2B491340E1
:103ED000C6F8C8302A4BFF221A70D6F8C830294AD3
:103EE00023F08043022D23F017031AD14FF4EE4044
:103EF000C2F824014FF48A42C1F82421012243F080
:103F00008043C1F82021194AC2F8C8301D4B032252
:103F1000C3F85821FFF78CFF1B4B01221A700020B9
:103F200070BD012D4FF007000ED1C2F80C01062024
:103F3000C1F80C011549C2F808114FF4404143F093
:103F40000303C2F80411DEE7C2F80C010520C1F832
:103F50000C01C020C2F8080143F08043812243F0E5
:103F60000403C1F80821CEE7C81F0021001F00216B
:103F700022130020AF3D00203F00C0E00040084673
:103F80005D13002000400844AC3D0020C10040000B
:103F9000014B1870704700BFB03D002037B5264B6D
:103FA000264D1A78032A01D0FF2804D100232B7054
:103FB000FF2003B030BD002A3BD104288ABF012373
:103FC00000230422801A0DF1030101AAC0B2FFF7F9
:103FD0000FFD1B4CC4F8CC00019A130203F4E063FC
:103FE00043EA1263A4F8D23094F8D83023F00403E3
:103FF00084F8D8309DF803000DF10201FFF758FC5A
:1040000094F8D82042EA80039DF803001E288CBF54
:104010000822002223F00803134384F8D8309DF8C7
:104020000220084B43EA0223A4F8D63001232B7068
:10403000BFE700231A46C5E722130020AD3D00204C
:10404000001F002100C0FFFF104A114B0020187014
:10405000D2F8C830C2F8CC30B2F8D030A2F8D230A2
:10406000B2F8D430A2F8D63092F8D83003F0FB037F
:10407000990001F004010B4303F0F703990001F0EC
:1040800008010B4382F8D830704700BF001F0021A1
:10409000AD3D00202DE9F0472D4C2E4B236000F064
:1040A00053FC4FF4FA7307464FF47A76B0FBF6F6FA
:1040B00029482A4A7343190E1B02181841F10001BE
:1040C000002304F04FFCA0F580730546A36220B9DD
:1040D00062222B21FEF71AFD01254FF47A726A4302
:1040E0004FF0000A53465008310204F03BFC1C4BD1
:1040F00019601C4BB7F57A7F4FEA0568894604467C
:1041000018604FEA152505D272222B215046FEF782
:10411000FDFC01264FF47A71A8FB01087308C01852
:1041200001FB05814FF0000341F10001324604F02C
:1041300019FC0D4B023419600C4B49F10009A4081D
:10414000186044EA8974024B013C1C63BDE8F087A7
:10415000005008400211010020A1070040420F005A
:1041600084300020803000207C3000207830002017
:10417000044B4FF00052C3F880211A60024B012219
:104180005A60704700E100E000500840074B4FF0D4
:104190000052C3F88021C3F88020BFF34F8FBFF3D4
:1041A0006F8F034B04225A60704700BF00E100E0AC
:1041B00000500840824210B5A3EB0101A2EB0004BD
:1041C00004D2044B1B6B01331C440139204601F01F
:1041D000030110BD0050084038B502010A4B01250B
:1041E0009D500A4A4FF4807383405366044606F09C
:1041F0002FFA074A137805FA04F423EA040414702A
:10420000BDE8384006F028BA005108440050084084
:10421000B13D00202DE9F0471546044688461E466C
:1042200006F016FA022D00F0B880074606F017FADD
:104230006D4B6E4AD3F8189092F815A0DA6D5FFABC
:104240008AFA520744BFD3F818900AF1010A06F01F
:104250000CFA674B674A1B6811684FEA8A7CA3FB1C
:10426000093213F1004301FB09CCD8F800304CEBC4
:10427000020C012D04BF01336344ACEB030C08BFF7
:10428000C8F80030BCF1804F0AF0030AC0F09980F2
:10429000594AD2F800C0594AD2F800E0524A23F0F5
:1042A0004041106B4FF000480022ECFB01820EFBF6
:1042B000012282424FEA937381BF01330130121A07
:1042C00003F00303A3EB0A03914588BF4649DFF8D7
:1042D0004CC184BF096B03F1FF3303F003030CF8F7
:1042E0000430A2EB0900A3B1F10742BF444B41F6F1
:1042F0001F71D966B30742BF414B4249D966710766
:1043000042BF394B00211967330742BF364B0021AA
:104310001965354B04F1100103EB041E0901CEF8B9
:104320000C2111225A5038499A69D3F85CE04FF0B9
:104330000108A2EB090908FA04FA0A785FFA8AFA76
:104340004AEA020281450A7026D34FF48072A240E5
:104350001EEA020F20D11CF80400002840D10DB342
:10436000F0071A6608D5264B284941F61F7240F21D
:104370000110DA66C866DA66B10706D5204B234914
:10438000204A2348DA66C866DA66720742BF214BC4
:1043900001229A6033071AD4384606F05DF90120ED
:1043A000BDE8F0871C48240140F804805A6606F0F6
:1043B0004FF915490B7823EA0A0A81F800A006F0A4
:1043C0004BF9384606F048F90020BDE8F087212077
:1043D00000F098F9044B4FF480325A603846DCE71D
:1043E0001A663846D9E700BF00500840C0300020A8
:1043F000783000207C300020803000208430002085
:104400000050084400001F1FB13D00200050084626
:1044100000000101004008400051084470300020B5
:10442000024B1878003818BF01207047B13D0020BA
:104430001030034B0001185800F00100704700BF16
:10444000005008401030044B01F46001000141F0BD
:1044500003011950704700BF0050084038B506F0FE
:10446000FEF8084B084A9D69547DDA6D520748BF33
:104470009D69E4B248BF013406F0F7F8284604F01D
:10448000030138BD00500840C030002038B50B4B48
:1044900003EB001210300001D2F80C411D58FFF759
:1044A000DDFFAB0706D5844200D90139204601F073
:1044B000030138BD844238BF0131F7E7005008409E
:1044C00008B5222000F01EF9024B4FF480225A60FA
:1044D00008BD00BF00500840064B1B68434303EB78
:1044E0008171054B1B68A3FB003013F1004341EBC6
:1044F000000070477C300020783000200D4A10B555
:10450000146820F0404301464FF000420020E4FBD5
:104510000320094A126802FB0300084B1B6B9842F8
:104520004FEA917104D901330131C01A01F003013E
:1045300010BD00BF803000208430002000500840B3
:10454000F8B5064603F08EFC044608B1FFF71EFEE0
:10455000084D094F00232B6130466B61AB617B75C1
:10456000FFF7CCFFC9B27975A8610CB1FFF700FE67
:104570000020F8BD00500840C030002038B5354B51
:10458000354C08220546C3F8C82034480121D7F726
:1045900033F9334B1D702378013B012B0CD8237C5E
:1045A000E07B01229A400C21302313FB001303F11E
:1045B000884303F520431A602A4B00225A67002DD6
:1045C00041D06368002B34D000F0BEF9626800EB84
:1045D0005203B3FBF2F3013B1B0243F0F8032278D2
:1045E000022A28D0032A2AD0012A2FD143F002031D
:1045F00007221D494FF6FF70C86701F10071CB67B4
:10460000184B5A6753070CD5237CE07B01229A4054
:104610000C21302313FB001303F18C4303F52043DB
:104620001A604FF080439DB1104AC2F894300020C8
:1046300038BDF823D3E743F001030522D9E743F05F
:1046400005030122D5E72A46F823D2E70022D0E766
:10465000074AEAE700400E468830002000350A008D
:10466000B23D002000000840000008440040084619
:1046700000400844F8B5064604460FCE1C4F3D46A0
:104680000FC533682B601B4B1B480822C3F8C8209A
:104690000121D7F7B1F8194A00235367A37BE17AC8
:1046A0001B0443EA0123217A0B4393673B78032BD6
:1046B0001BD8DFE803F01402080E617B207B002387
:1046C0000422D8F7E1F9217CE07B00230422D8F70B
:1046D000DBF9A17A607A01230422D8F7D5F9084BD7
:1046E0001878BDE8F840FFF749BF0120F8BD00BFCA
:1046F0008830002000400E4600350A0000000840C7
:10470000B23D0020044BD3F89430002BBCBF034BC8
:10471000C3F88000704700BF004008400000084018
:104720004FF0006318B1034AC2F894307047024A50
:10473000FAE700BF004008460040084408B5074BB0
:104740001B681A68064B920019684FF0045016F067
:10475000BFFEBDE8084000F0D5BE00BFA03000207D
:104760009C30002007B501A8D8F76AFD134B144A06
:10477000C3F8442148F2E672C3F838214FF40862C6
:10478000C3F834210F4AC3F8A0200F4A4AF63F412C
:10479000916002F580424FF0C07191620022C3F82F
:1047A000FC200A4AC3F89C20094B7F225A6203F17D
:1047B000007323225A6203B05DF804FB00400840F6
:1047C000C0E653517A27000F00300840806D630324
:1047D00000300844064B1B783BB1064B064A1A6072
:1047E000064B074A1A60002070470220704700BF3E
:1047F000B33D00209C300020481C0500A030002064
:10480000B43A050038B51B4B0022C3F88820C3F822
:104810008C20C3F89020184A4FF400715162174A57
:104820000121D1605A6812F0706FC2F30365F9D1AB
:104830004FF00452DA671249124C0122C3F880206B
:104840001966227016F0D4FB0F4B2570186820B142
:104850000E4B1868003818BF01204FF49A6254219B
:10486000FEF754F90A4B1B6898470A4B0122DA609D
:1048700038BD00BF00400840000008400040084626
:10488000A01F0021B33D00209C300020A03000205C
:104890000C12002000400844034BFD22C3F8C8203E
:1048A0000122C3F8CC20704700400E4638B5FFF710
:1048B000F3FF1B4B1B481C4C1C490222C3F8C820A9
:1048C0001B4B1A6842B102EA0005A54204BF5D68AD
:1048D000156008338B42F4D1164B0222C3F8C8206E
:1048E000154B164AD3F83C111160154AC3F89420B1
:1048F00000F056FBFFF736FF124B0322C3F8D82017
:10490000A3F500530122C3F894204FF46072DA60DB
:104910004FF04072C3F8F820C3F8102138BD00BF33
:1049200000400E460000FFFF00000840B081E00F8D
:104930000080E00F00400E440040084010120020AC
:104940000048F0000060084608B5D6F7BFF9044BF0
:10495000D3F81031C3F308230133B0FBF3F008BDE3
:1049600000400E40F8B5044620B1264E01252268CD
:10497000531C00D1F8BDC2F30063110C36F81300CC
:1049800011F0FE0F93B243EA004318D00434CAB2C8
:10499000022A216808D9D4E90170033AC3E9001753
:1049A00098600C340C33F3E704D162680834C3E92F
:1049B0000012DCE7012ADAD104341960D7E7120FBC
:1049C00060680834072AD2D8DFE802F00A04081128
:1049D0000C0F1417C04303F1806301E01A685040C4
:1049E0001860C4E716F0F7FAC1E705FA00F003F122
:1049F000C063F5E705FA00F0EDE71A6830EA020255
:104A0000FBD1B4E7061C0500024B0122C3F8942039
:104A1000704700BF00400846024B0122C3F89420B3
:104A2000704700BF00400844024B4022C3F8942066
:104A3000704700BF00400844024B4022C3F8942056
:104A4000704700BF0040084608B50C4B1B68D3F800
:104A5000943023B11A68022A01D9186A08BDFFF7F9
:104A600073FF074B1B6D024698B20028F6D0C3F3C4
:104A70000743D2085343B3FBF0F0EFE7E82F0020E1
:104A800000600840064B5B68C3F30363984206D19D
:104A90000448436B23F0F00242EA0112426370477C
:104AA00000400840001F002110B50446FFF7CCFF6E
:104AB000104AD2F830311B040F4B1B6C03F4C05367
:104AC00048BF4008B3F5805F0ABF136BC4F30113FE
:104AD000C3F34163022B05D0032B09D0012B00D176
:104AE000400810BDC4F3C4240134B0FBF4F0F8E76F
:104AF0008008F6E700600840000008402DE9F84F04
:104B00000D4616F052FADFF898908046002605F020
:104B10009FFD214B5968C1F303639F1E012B834600
:104B2000FFB22AD0052B2AD0A3F10B01D1F1000A44
:104B30004AEB010A012F24D8184B9968C1F3891454
:104B40000A0444BF6FEA84546FEA945424B26B1C85
:104B500003D016F02AFAA0EB0806584605F07CFDB3
:104B600014F5007F0FD1012F02D9BAF1000F01D047
:104B7000AE42CCD32046BDE8F88F9A46DAE74FF034
:104B8000010A4C46E3E7C83C24B26FF4FF739C4231
:104B9000B8BF1C46EEE700BF004008400070084068
:104BA00000FEFFFF024B012218619A60704700BFB0
:104BB00000200840084910B5D1F8703140B11C46BA
:104BC0004A68D1F870319C42F9D1C2F30362027095
:104BD00003F00F0010BD00BF00400840094BD3F8A0
:104BE000883001F0800103F480030B4309D1064BA8
:104BF0004FF400129A61837F1BB1044B0122C3F86A
:104C0000F8207047004008400060084400600846F3
:104C100010B505F01DFD084B1B6804463BB19847D5
:104C200028B1002200204FF4806100F07BFD204677
:104C3000BDE8104005F010BDA43000202DE9F04182
:104C40001F4DDFF89080069FA2FB036C75196CF175
:104C5000000E0024A84574EB0E0507D24FF4B47281
:104C60000E212046FDF752FF02201BE00029FBD059
:104C7000C0F3130001EB5305B5FBF3F3A3FB0030C6
:104C8000DB0C43EA40330F4803600F4B1A600F4BB5
:104C9000994209D10E4BA6FB036103FB0C11890954
:104CA00039602046BDE8F0814FEACC4C0A462346E5
:104CB000F0044CEA563103F055FE3860F1E700BFCE
:104CC00000C9E876A8300020AC30002000F049028E
:104CD0000A3BB2DF0046C32338B5164D2B780C468D
:104CE00023B9154B1B6D03F03F032B70134BD3F807
:104CF00094305B051CD540F24D53114AB0FBF2F2E3
:104D00005343A3F546400C38504300F5C91000F555
:104D1000556028B940F21B322B21FDF7F7FE012028
:104D20002B78084A5343B3FBF0F02060002038BDD5
:104D30000220FCE7B73D002000300840004008405A
:104D400000366E0180969800314B70B51C68314B6F
:104D50001D6B314B1B68ED024CBF1B19E31AB3F1FD
:104D6000804F4CD82D4E002B4BD0B3FA83F5D5F1A4
:104D700002052B4C54BFEB400025A34288BF5B08C3
:104D800003EB5604B4FBF6F4264E88BF0135B3425C
:104D900004F1FF3434BF0026012644EA862444EAA5
:104DA00005340C6050B3B3FBF0F1642400FB113305
:104DB0006343984288BF01F1FF314B08581E072812
:104DC00001F1FF334FEA53011DD80F2B1BD8E0B977
:104DD000012B94BF00230123134C2370134C062591
:104DE000C4F8945033B1124B1B781BB1114B022401
:104DF000C3F894400B0243EA0013136070BD0E4EDB
:104E0000B3E72025B3E70023E6E70123E4E700BF8B
:104E1000AC30002000300840A8300020E0673500AA
:104E20003FBE4025401B5F13B53D002000400844B5
:104E3000B63D002000400846C0CF6A00084B5B6BBF
:104E400003F00700C3F3C20213F0380F18BF50433A
:104E5000C3F3821213F4E07F18BF5043704700BFC2
:104E600000300840034BD3F8380180F01000C0F345
:104E70000010704700400840174B4FF4002210B557
:104E8000C3F89420154C164BB0F1804F98BF1C46C8
:104E9000144BDA6CD2071DD51B6F134804F5F424AC
:104EA00004F59074B4FBF0F4033CE4B203F00703A0
:104EB000A34202D02046D7F70DFD0C4B1B784BB117
:104EC0000B4B4FF47022C3F8942003F100732404B9
:104ED000C3F8944010BD00BF00400846C0CF6A0030
:104EE000E067350000300E4040420F00B43D002026
:104EF000004008447FB50446D5F724FF1C4B2268C8
:104F000006462C33586800933146A379FFF796FE86
:104F1000054648BBA379012B14BF16491649102238
:104F2000C1F83821206815495843FFF7D5FE03AA78
:104F300002A93046FFF708FF0F4A43F6FF53C2F8B5
:104F4000A4300C4B0299C3F8A4104FF4EE61116326
:104F5000039A1A632068FFF78FFF094BA2881A6231
:104F600003F5405300229A63284604B070BD00BF89
:104F700000300840004008460040084450300840D7
:104F80000000084008B5044B01221A70034B186852
:104F9000FFF772FF002008BDB43D0020AC300020B8
:104FA000024B4FF48062C3F89420704700400846DB
:104FB0000D4BD3F80421D3F8B030D2B2FF2A03D07E
:104FC00043F30743591C01D190221923074903EBEE
:104FD000D37302EB630381F84330022381F842303C
:104FE000232381F8413070470081E00F001F00212A
:104FF00040B10368012B05D90069034B002808BFA5
:1050000018467047004870470C1C0500064BD86DC9
:10501000DB69C0F3011203F01F03000C02FB000068
:1050200001331844704700BF0060084038B504469B
:105030001D480D46FFF762FA1C4AC301D2F8300141
:1050400010F400400DD003F57442194C1949243274
:10505000B2FBF1F22A6003EB5402B2FBF4F26A6095
:1050600001E0002CF7D1144B5A68D40219D4134A2A
:105070001268D3F8A810C2F3810211F4806302F120
:105080000102C9B218BFD300FF2906D00A49D1F8DE
:10509000AC10490501D503EBC20300B10333AB608B
:1050A00038BD0023F9E700BF40420F000060084010
:1050B00020A1070048E80100000008400020084047
:1050C000084B1A68C117A2FB000310F1807002FBA5
:1050D000013343F10003400E40EAC310803820EA58
:1050E000E0707047B4300020174B072270B5C3F84A
:1050F0008420FFF729FC154B154A164EC408010BF6
:105100000546E005C01841F10001002303F02AFC28
:10511000114B18604EF66020FFF7D2FF4042C6F8F0
:105120009C000E48FFF7EAF9024658B1E301500827
:1051300018184FEA15714FF0000341F1000103F018
:1051400011FC706770BD00BF00400840B2E60E0061
:1051500065CD1D00001F0021B430002040420F002B
:105160002DE9F047154698460646002800F0B58020
:105170000846FFF73DFF18F0050F074664D0346975
:10518000002C00F0AC80FEF765FD4FF47A735C43B1
:10519000201A7C68A0F6AC50001BFFF791FFB48B7F
:1051A0006862002C00F09E80FEF754FD4FF47A7385
:1051B0005C43201A7C68A0F6AC50001BFFF780FF10
:1051C000A861614BF468D3F80090DFF88CA1002C43
:1051D00000F0B180FEF73EFD4FF47A735C4399F81E
:1051E0001230241A053B7868A4F6AC54012BA4EBCA
:1051F00000047AD8DAF80020A4F53E44EB3CE3172B
:10520000A4FB020402FB034310F1807143F100048C
:10521000490E41EAC4114D4CA2FB0424821A63EBEF
:10522000040312F1807243F10003520E42EAC312EA
:105230008039803AE9612A62B469FEF70BFD0146C4
:10524000204615F020FF286318F0020F29D073685C
:105250004FF47A7058435BB13B6803F51C5310332D
:105260001844B37F002B46F2A81308BF002318444C
:10527000FFF726FF7369E862002B5FD078684FF470
:105280007A7202FB0300B37FA0F50350002BA0F15C
:10529000100046F2A81308BF0023C01AFFF710FF42
:1052A000A86218F0040F18D0B068002849D04FF455
:1052B0007A735843A0F503501038FFF701FF2861B7
:1052C00033684FF47A70584323B13B6803F51C539D
:1052D00010331844FFF7F4FE6861BDE8F0874CF224
:1052E00050305AE74CF2503068E73B68E41ADAF87D
:1052F0000020E117A2FB044314F1807402FB013388
:1053000043F10003640E44EAC314803C104BEC618B
:10531000104CD3F884302B622368002B8CD0484685
:1053200016F027F8002887D02368D9F848002A46C5
:105330003946984780E74CF25034D8E747F230506E
:10534000ACE747F23050B8E7E82F0020101B02000E
:10535000001F0021B0300020B430002008B9FFF752
:1053600055BE0348814214BFBC202F20704700BFA8
:1053700048E80100F8B5074608461E46154615F0F0
:105380001BFE104B0146D3F8F800FFF731FEBB7C43
:105390000468053B012B01EB06000DD80A4B4BF6C8
:1053A000EB64002D18BF1C464FF4FA73074A2344E0
:1053B00093FBF2F31844F8BD002C054BA8BF4FF443
:1053C000FA73F3E7001F0021FBD9020018FCFFFF6E
:1053D0000CFEFFFF2DE9F04F384C0A4685B00D4614
:1053E0000021814616F09CF8D4F8C83043F06C02D6
:1053F0009A4204D00025284605B0BDE8F08F304B16
:10540000DB68D907F6D4FDF767F90028F2D0D4F8A5
:105410001061C6F30826002EECD12A4C2A4BD3F893
:105420001880D4F884300193284B4FF060529A6171
:1054300003F100734FF000629A612423C4F88430B2
:10544000234B04221A604FF4804A4FF48053C4F86F
:1054500068A0B3466362AB4512D31E4B04221A60A8
:10546000184A019BC2F88430184B4FF06051996183
:1054700008EA010318498B614FF480439366BAE749
:10548000226E5204FCD52268D305F9D5C4F868A071
:105490000136D4F888200392012EDCD9A5EB0B0746
:1054A000042FA8BF04273A4609EB0B0003A95F4469
:1054B00016F00EF81FFA87FBCDE700BF00400E4044
:1054C00000400840000008400060084000600844B8
:1054D000004008460040084400600846074BD3F8E7
:1054E000D8304FF604014FF605029BB28B4208BF3D
:1054F0001346034A01209365704700BF0081E00F07
:105500000050084070B5194C0FCC86B001AD0FC5E6
:10551000CC22236816482B60002116F001F8842263
:105520000021144815F0FCFF134B144AC3F8F02077
:10553000FFF73EFD124B1B782BB101AD0FCD0B4E8B
:105540000FC62B6823600F4B0F4AC3F8DC2F0F4A9E
:10555000C3F8E02F0E4AC3F8E42F02F1957202F26D
:105560004952C3F8E82F06B070BD00BFC81F002124
:10557000341F0021B01E0021001F00213F00370012
:10558000AC3D0020001000210200620609C8056E33
:105590000704DC060A4B197801F0FF0229B100214B
:1055A000197008499202C1F8A020597801F0FF0251
:1055B00029B1002159709302024AC2F8A430704701
:1055C000BE3D002000000846074BD3F8E00E074B15
:1055D000D3F88C301A0103D4054B1B6E1B0401D584
:1055E00000F58070704700BF0010002100400840A7
:1055F0000000084008B505F02BF80F4B1A78B2B937
:105600000E4A126812F4843F11D10D4A1021C2F8DB
:1056100094101B786BB9094B1B68DB0509D4084B48
:105620002022C3F89420BDE8084005F015B8054ACB
:10563000ECE7044BF4E700BFB93D00204819002017
:105640000040084400400846044B00221A70044BF6
:10565000197811B11A70FFF7CDBF7047BA3D00201D
:10566000B93D002010B504F0F3FF0E2104460320DD
:10567000FFF708FA044B40F2012220465A62BDE8C7
:10568000104004F0E9BF00BF0000084008B504F076
:10569000DFFF234B4FF08052C3F88020BFF34F8FC2
:1056A000BFF36F8F4FF48072C3F88020BFF34F8F2A
:1056B000BFF36F8F0222C3F88020BFF34F8FBFF379
:1056C0006F8F1022C3F88020BFF34F8FBFF36F8F0F
:1056D0002022C3F88020BFF34F8FBFF36F8F4FF0AE
:1056E0000052C3F88020BFF34F8FBFF36F8F80222B
:1056F000C3F88020BFF34F8FBFF36F8F4022C3F8F2
:105700008020BFF34F8FBFF36F8F0122C3F8842037
:10571000BFF34F8FBFF36F8FBDE8084004F09CBF0D
:1057200000E100E070B5084C01232370074B1E68B0
:10573000074BD3E9005332401940284001F030FABA
:105740000023237070BD00BFB83D0020BC30002096
:10575000481900202DE9F84FDDF828B003EA0108C8
:105760000B9B06460D4602EA000903EA0B0ABBF151
:10577000000F40F06981031F0B4300F02D810528C5
:1057800071F1000380F0008150EA010300F07C8198
:10579000431E0B4300F03C81FFF778FFBB4BD3E97E
:1057A000004724EA060427EA050744EA090447EA11
:1057B0000807C3E90047B64BB64D1E68DFF82883DB
:1057C00026EA0B0646EA0A061E60FFF713FFB248F8
:1057D00014F02A4FC26E14BF48F202034FF4004384
:1057E000B10748BF43F4005383EA020122EA0302EF
:1057F000EA66AA4A81660B40D366620304F48023FA
:1058000048BF4FF48053250348BF43F48073E0063C
:1058100048BF43F40053A248A10648BF43F40073B5
:10582000620648BF43F48063D0F80C22250648BFC7
:1058300043F400639B4D83EA020122EA0302C5F8A8
:105840000C22C0F80812984AB80507F4007503EA5C
:10585000010348BF4FF48025E10448BF45F480357B
:10586000C2F80C32A20348BF45F48015A30748BF15
:1058700045F4800514F4001F06D0D8F8000015F098
:10588000DDFD08B945F40025E00248BF45F40035C8
:10589000F9068649864848BF45F40005620248BFBC
:1058A00045F400150A6A730748BF45F0040585EA08
:1058B000020323F001031A4002621D40CB617D4BBD
:1058C0007D487E4A1D6216F0010F7D4B18BF1346BE
:1058D000826E7D0748BF43F400137A4D83EA0201CC
:1058E00022EA0302AA66784A41660B4000F500509E
:1058F0009366C26B04F0010305F5005583EA0201CB
:1059000022EA0302EA63714A81630B40D363D8F849
:105910000020200248BF6E4B92F8E92058BF6D4B23
:10592000610748BF43F4806322B114F4C06F18BF0D
:1059300043F480736848694CD0F8EC10320748BFD4
:1059400043F0004383EA010222F4A0221140C4F88C
:10595000EC101340C0F8E820614AC2F8EC3004F0C3
:1059600077FE604B4FF080521A604FF480721A60DD
:1059700010221A6020221A604FF000521A60802212
:105980001A6040221A603DE0A0F580630B4306D008
:1059900020F48063A3F500730B437FF4FDAE04F0A5
:1059A00057FE3A4BD3E9004124EA060421EA0501F7
:1059B00044EA090441EA0801C3E900414A4B1B6873
:1059C00093F8E93013B314F4C06F1FD0444B4FF475
:1059D0008072C3F8EC2015E004F03AFE2B4AD2E9BD
:1059E000003123F0040343EA090341EA0801C2E954
:1059F000003159EA080314BF394A384A4FF480632A
:105A0000C2F8EC30BDE8F84F04F026BE334BDEE7B9
:105A100004F01EFE1D4AD2E9003123F0010343EADF
:105A2000090341EA0801C2E90031304A59EA080392
:105A30004FF0010315BF93632D4902F1C062CB63A0
:105A400014BFD3639363DDE750EA01037FF4A4AE90
:105A5000BBF1010F7FF4A0AE04F0FAFD0C4A13680D
:105A600023F0010343EA0A031360134A4FF48063EF
:105A7000BAF1000F04D0536602F1C0629366C1E729
:105A800010498B665366BDE7BDE8F88F48190020C2
:105A9000BC30002000000844000008400000084618
:105AA000006008400060084400600846004008406C
:105AB000004008440040084600500840041C5000C4
:105AC0000418500000500844005008460070084672
:105AD0000D0A0A09090A0A090010084000100844C2
:105AE0000010084600E100E0E82F002000700840A8
:105AF00000700844024B5868C0F3C000704700BFF4
:105B000048190020024B186800F00100704700BFE0
:105B100048190020024B5868C0F3C030704700BFDE
:105B20004819002010B50446FEF7C0FEFFF7AEFD91
:105B300004F14C00FDF7C0FCFEF764FEFEF7AAFA84
:105B4000FEF716FBFFF7D0FA1049114AD1F8F8100A
:105B5000072304F1A400FFF703FB4FF440010020EA
:105B6000FEF770FC4FF400110120FEF76BFCFFF70D
:105B7000B5FC20B940F2E7221421FCF7C7FFFFF77C
:105B800001FABDE810400120FEF7F8BC001F00211B
:105B9000681F0021084B8022C3F8882003F17E4350
:105BA0000822C3F88820054AD2F8B03E23F020032B
:105BB000C2F8B03E704700BF004008460010002108
:105BC00008B504F045FDFFF7E5FF034B01229A609D
:105BD000BDE8084004F040BD00400840F0B583B087
:105BE0000646144602F03EF9002851D05D4BDD68B0
:105BF00015F006054CD104F02BFD23790095022BFE
:105C0000074648D1237B022B34D00320FEF710FC3B
:105C100018B9554B5B685A0437D5A37B257B53498C
:105C2000A2680192003B18BF0123012D0B706CD0BC
:105C30004F4A504C002313702278002A70D1494EED
:105C40000420FEF7C9FAF36E23F0F85323F4F81397
:105C500043F0506343F48033F3662A46022301A9DC
:105C60000420FEF7D7FA58B1434B012130222170AE
:105C7000C3F89420384604F0EFFC002003B0F0BDD8
:105C80000320FEF7A9FA3D4BF366384604F0E4FC26
:105C9000032003B0F0BD0320FEF7CAFB0028F4D1B7
:105CA0002279D6F8AC30012A22684BD0D51A2D4B78
:105CB000324A0095DA6600221A67314B01221A70C7
:105CC000627B304B002A0CBF012200221A702E4B3F
:105CD0002D4AD3F8B03E0CBF43F0200323F020033D
:105CE000C2F8B03E0320FEF777FA1E4B274ADA6669
:105CF0002279012369460320FEF78CFA002881D11E
:105D0000384604F0A9FC0120C3E72379022B8FD089
:105D1000009BD6F8AC100B441A440025019287E78B
:105D2000237004F095FC2378ABB1134B1022C3F819
:105D3000942023784BB1104B2022C3F8942004F018
:105D40008BFC7CE79A42B2D3B0E7114B1B68DB05B2
:105D5000F1D4104BF0E70E4B1B6813F4843FE4D1F1
:105D60000C4BE3E70050084000400840BC3D0020D9
:105D7000BA3D0020B93D0020004008460000010166
:105D8000BB3D0020BD3D002000100021010C0100A2
:105D900048190020004008442DE9F3410D4607460C
:105DA00004F056FC1B4BDFF8788000241C70FFF7D2
:105DB000F1FE194BC8F86C30C8F870400646687997
:105DC000431E5842584101F0C1FC40F60143C8F857
:105DD00070302A792968D7F8B430012A01D1994264
:105DE00000D3CC1A04230DEB030103200194FEF72A
:105DF00011FA50B9094B88223046C3F8882004F0C4
:105E00002BFC012002B0BDE8F081304604F024FCF8
:105E10000020F7E7BB3D00200000010100400844DE
:105E20000050084038B5164C05462078B0FA80F08E
:105E30004FF47F723E214009FCF768FE55B1114BCB
:105E4000D3F8A030C3F3812323700F4B4FF440628B
:105E5000C3F8A0206078B0FA80F04FF47F723E2142
:105E60004009FCF753FE55B1064BD3F8A430C3F3F9
:105E700081236370044B4FF44062C3F8A42038BD03
:105E8000BE3D00200000084000000844F8B50B4C5F
:105E90000B4DD4F888300B4F0423C5F88830D4F864
:105EA00088305B0300D4F8BD0426C7F88860022060
:105EB00015F091F8C5F88860F1E700BF0040084090
:105EC00000400846004008441C4B70B5D3F8886079
:105ED0001B4D03F18063A822C3F8882010221A60AA
:105EE000184A194B93666B66FFF754FB174B1B78E8
:105EF00013B90320FEF770F900242C67FFF7C6FFE3
:105F0000134A144BD2F8E01E0B40C2F8E03E124B8D
:105F10000422C3F88820114BB206C3F8B84008D554
:105F200003F580735B6CB3F5817F22BF034B802246
:105F30009A60BDE8704001F00DBE00BF004008400F
:105F4000005008400050084410000002BB3D0020F3
:105F500000100021DF0000FF00400844001E002167
:105F600010B528B971B9174B4FF4C0625A6210BD11
:105F700041B9154A53681B0E13F00E0FF3D1136885
:105F80009A06F0D4FFF76EFB0F4C0020FEF712FECE
:105F9000032801D0092806D1D4F88C30DB03F4D4CF
:105FA000636F0C2BF1D9FFF771FF084B4FF40072B0
:105FB0005A62074B0122DA6003F17E430422C3F8E0
:105FC0008820D0E7006008440040084000000840F6
:105FD0000040084608B503210920FEF753FD024B97
:105FE00020229A6008BD00BF0040084038B5054631
:105FF00004F02EFB0446FDF71BFA35B1FFF724FB36
:106000002046BDE8384004F027BB084B1B78002B26
:10601000F6D0074B1D78002DF2D1FFF715FB2A466D
:106020004FF480400021FFF77DFBE9E7BA3D0020F7
:10603000B83D00202DE9F843144606460D4601F010
:1060400089FD414BA022C3F888200320FEF7F0F918
:1060500028B10320FEF7C0F80420FEF7BDF83B4B43
:106060003B4ADA664FF00009C3F87090FFF70EFF65
:10607000384B3548D3F8B02E374F42F02002C3F8E2
:10608000B02EFF2202604FF48072BA60D3F8E01E97
:10609000324A4FF004080A40C3F8E02EC0F8888066
:1060A000C3F8B89E56B1FFF7DDFAFEF709FAFFF71D
:1060B00091FF4046FEF790F8FFF76CFAFB68D907AE
:1060C0003FD5254A536813F0706FFBD11E4E244B09
:1060D000244AC6F88830536B23F0F003536315B19C
:1060E0002046FFF783FF204BD3F8B4305A1C01D071
:1060F0005B0001D50123F3601CB31C4BDA6E9A667A
:10610000154A136A23F00103D361194BD3F80C220B
:10611000C3F80822A3F54053DA6F9A67A3F500533A
:10612000D3F8EC20C3F8E82003F5C043DA6B9A6398
:10613000A3F500530F4A5A66034B4FF60842C3F8C3
:106140008820BDE8F88300BF0040084400500840A4
:10615000000001010010002100400840DF0000FFA6
:1061600010003000001F00210081E00F00000840F7
:10617000006008405000F0029E4B196EDA6E2DE967
:10618000F04F01EA0209C3F8689003F5805385B027
:10619000D3F8E070D3F8EC201740C3F8E87003F5AB
:1061A000A043D3F80012D3F80C2201EA020BC3F883
:1061B00008B2A3F5005359691A6A01EA02088E4A27
:1061C00008EA0202DA618D4BD3F80022910006D46E
:1061D000D3F800319A00C3F3407640F1E48004F034
:1061E00037FA874BDA68DE6D12F0060F9A6E06EA10
:1061F000020626F4800222F4006214BF4FF0010A66
:106200004FF0000A5A66730704D57E4A537D013366
:10621000DBB2537504F020FAB9F1000F00F0E6800C
:1062200019F4004400F0D78004F012FA0146FFF799
:10623000CBF9734C0546A269A3699A42FCD0A269C6
:106240009342FCD0FFF7C0F9A842034640F0AD806E
:10625000084604F001FA6C4B1D606C4BD3F8884083
:1062600014F4E05040F0A38025F07F4525F0DF05D1
:10627000002D40F0AE80FFF727FE4FF0807419F03C
:10628000020F16D0614B6249D3F8883003F46042A4
:10629000C1F88820002A00F0A3801D0400F1A3802B
:1062A00013F4005F14BF4FF000634FF000531C4322
:1062B000002519F4005918BF4FF00209554B3B4017
:1062C000002B4AD017F4206F0AD040F2D172062179
:1062D0000020FCF71BFC0020FFF788FE27F4802736
:1062E000F80506D54A4BFF221A6044F4C064FFF754
:1062F000B9F917F0090F0AD040F2E6720821002020
:10630000FCF704FCFFF766FE434B01229A6217F08C
:10631000106F0CD040F2EF7209210020FCF7F6FB61
:10632000FFF758FE002211461046FDF757F817F404
:10633000202F0AD040F2F77207210020FCF7E6FB7D
:106340000020FFF753FE27F48027F90301D5FDF75E
:106350009BF9002FB8BF49F008097A070DD52E4BDD
:106360005B6A13F4005F14BF2C4A2D4A4FF40053AC
:106370001ABF536244F4000453627B0548BF44F0E3
:10638000040417F4802700F0AA80FDF747F90138CC
:10639000062847D8DFE810F02A012D012A01300134
:1063A000330136013601B24636E71D4643E7019018
:1063B000FFF78AFD164B0198C3F8880014F4805546
:1063C0000BD114F4806F14BF4FF080644FF08054F1
:1063D00055E74FF08074002551E74FF08044FAE70D
:1063E0004FF0007363E74FF0004360E74C464D46C3
:1063F00064E700BF000008400000F7FF00E100E094
:1064000000500840C0300020B83000200040084054
:1064100000400844090B0B89001008400010084494
:106420000010084640F6280203210020FCF76EFB0E
:10643000824A136ED2F8800003F00703063301216D
:1064400001FA03F3C0F30C001B1A9BB2072B13D9FC
:106450007B4BD3F8883058020ED47A48136B126DF8
:10646000C06C58B103F0070306339940C2F30C0324
:10647000C91A89B2072901D844F40074724B1B78F9
:106480006BB36E4BD3F8E03013F4A02F27D16F4BD2
:106490006F4A1B7873B916F480530BD1117849B148
:1064A0006C492207D1F8E01E58BF022321FA03F3FA
:1064B0009B0714D10420FDF78FFE674B6749D9660F
:1064C000FFF7C2F8624A13782BB9654B654A1B681F
:1064D0002340134201D144F4804426F48056BBF19A
:1064E000000F1DD01BF4805F18BF44F480241BF400
:1064F000807F18BF44F400241BF4005F18BF44F0F1
:1065000010041BF4007F18BF44F020041BF4806FBC
:1065100018BF44F040041BF4006F18BF44F080041F
:10652000B8F1000F45D018F4802F18BF45F400755E
:1065300018F4803F18BF44F4805418F4801F18BF2B
:1065400044F4003418F4800F18BF44F0020418F427
:10655000003F09D03A4BD3F88830580055D5424B0C
:106560001B68984704430D4318F4000F18BF45F00B
:10657000100518F4002F17D0364BD3F8B03E13F0A7
:10658000C00F11D02E4B5A68C2F30362032A01D008
:10659000072A3DD1D3F88C20D10639D4D3F89020E6
:1065A000120735D444F4001418F4001F18BF44F443
:1065B0008004002E00F01381300540F188802B4AC2
:1065C000DFF894B0D378002B56D0013B4FF4006134
:1065D000DBB2CBF86410D3704BBB254A1278EAB11A
:1065E000244A40F60141D16600226EE044F4803432
:1065F0001EE744F400641BE744F4806418E744F4A5
:10660000807415E744F0080412E744F48014ABE703
:106610004FF40022DA6128F40028C5E7DBF8703077
:1066200013F4A05305D04FF48073CBF850300023FF
:10663000DAE740F60142CBF87020D5E700100840B9
:106640000040084000000840B93D0020BA3D00204D
:10665000BD3D002000100021005008400000010155
:1066600048190020088D01001C1200207030002005
:10667000BB3D0020005008460320FDF7ADFDDBF8D0
:106680000C30A348A34913F0060F02BFA24B41F6FA
:106690001F72DA66A14A4FF400635366D36813F0A1
:1066A000060308BF1367C38A13F4006269D023F49A
:1066B0000063C3820B7803F0FF0B002B65D1FDF75D
:1066C000FFFEFFF701FC5B4620221C431543B1018E
:1066D0000BD52E20FEF716F88F4A4FF00073936605
:1066E00002F17C4245F008055366F20608D52B20DE
:1066F000FEF708F8884A1023936602F17C4253663D
:1067000016F4E00F05D1F3045DD5BAF1000F00F0E7
:10671000A380B0023CD52920FDF7F4FF45F0040A20
:10672000FFF7E8F998B17E497C4A7E4B53668B6649
:106730007D49496849040AD5774920208B6653660C
:10674000FDF7E0FF2D2045F00C0AFDF7DBFF16F406
:10675000800B724D1ED00420FDF73EFD2720FDF773
:10676000D1FFFFF7B1FB4FF480036B666F4BD3F89B
:10677000E03E59065EBF6E4B02221A604AF0020AE2
:106780001DE00B784FF400539FE74FF400432BE7D5
:10679000AA46DCE7F3024CD50420FDF71DFD2820B6
:1067A000FDF7B0FF2B6F002B40D1FFF78DFB5A4A4E
:1067B0005C4B936602F17C424AF0010A5366574BE8
:1067C00000221A655546730509D55A4A9378002B5D
:1067D00000F09280013B9370002349EA03094A4686
:1067E00020462946FEF79EFF0FB1FCF73FFF18F445
:1067F000002F00F086804C4B4FF40022DA6118F035
:10680000206F00F0828018F0007F01D0FDF7F4F9CE
:1068100018F0006F01D0FDF70BFA002200204FF4B2
:10682000006105B0BDE8F04FFEF77CBFC5F870B061
:10683000BDE7F004C3D50420FDF7CEFC3E4BEB666C
:10684000FDF73EFEEB6D13F4A00FB8D12A20FDF743
:1068500059FFFFF739FB89E7364A13794BB1013B02
:10686000DBB2137113B92E4B344ADA6644EA0A04D8
:10687000A9E70420FDF7B0FC0320FDF7ADFC274B92
:106880002D4ADA6603F0E4FE82460DF10F00FEF7B2
:1068900091F92B4B1B7883460BB1FEF7E3FEBBF15E
:1068A000030F0ED1DFF880B00020FEF783F9032834
:1068B00007D1DBF88C30DA03F6D4DBF874300C2B1C
:1068C000F2D99DF80F30032B08D11E4B0122504600
:1068D0001A704FF0000A03F0BFFEC7E71A4BD3F857
:1068E000E03013F4A02FF0D1FEF7AEFE504603F0D7
:1068F000B3FE4FF4804AB9E70220FDF76DFC012397
:106900006BE7B8F1000F7FF47AAF05B0BDE8F08F08
:10691000C0300020BB3D002000500844005008401B
:1069200000500846100000020040084000100021FE
:106930000040084470300020000001010000010DFB
:10694000BC3D0020BA3D002000100840034A01234E
:10695000136202F17C42D361704700BF00400844DB
:106960000B4B10B55C691A6A1440A2B2DA61E207F7
:1069700004D55868C0F30360FFF7E8FF630706D546
:10698000BDE81040042200200021FEF7CBBE10BD60
:10699000004008400C4A08B5136BD16B0B40936361
:1069A000DB070FD5094B187840F65222122100F070
:1069B0000100FCF7ABF8BDE80840002201200021EF
:1069C000FEF7B0BE08BD00BF0070084048190020A7
:1069D000044BDA6FD207FCD41A6FD96F0A409A675A
:1069E000704700BF0030084070B50D46144603F0F4
:1069F0002FFE064BD3F8B06E74402C407440C3F8A1
:106A0000B04E03F029FE06EA050070BD001000211B
:106A1000044BD3F8B03E31EA03030CBF0120002041
:106A2000704700BF00100021431C07D0044B6FF0DB
:106A3000FF029A6103F1007310409861704700BF34
:106A40000070084409490A4AD1F8EC0010B5042343
:106A50000124C2F8EC308C624FF4005151624107BE
:106A600044BF02F10072C2F8EC3010BD00100840C3
:106A7000001008440C4BD0F8C42010B5C3F8B42063
:106A8000027C0446D20102F400624FF40061FFF779
:106A9000ABFF237C13F0100F14BF044A044A4FF4D9
:106AA0000073C2F8883010BD001E00210040084667
:106AB0000040084437B5204D0C4641B90A4607212D
:106AC000FFF792FF1D4BEC625C6003B030BD072204
:106AD0001146FFF789FF1A4B07225A60237985F880
:106AE0002C3063790193012101A814F0CBFC019BA8
:106AF000C2B2D34000F00F0040EA031085F82D0029
:106B0000A27985F82E20E27985F82F2022682A6361
:106B10002BB102EB430132F8023B8A4205D12279C4
:106B2000013A1344074A9361CFE732F8020B8342DC
:106B300028BF0346F1E700BF001F00212C1F0021E2
:106B4000000008440000084010B5054C237823B12C
:106B500001F06CFD0020207010BD0320FCE700BF99
:106B6000C23D002008B501F04BFD024B01221A7016
:106B7000002008BDC23D002000F01803182B074B71
:106B800002D100229A647047010701D50122F9E77A
:106B9000C206F6D540F20112F4E700BF001F002143
:106BA0003A4B2DE9F3411D6840F2022317460B4092
:106BB00000F00102134306460C463AD0A10709D55E
:106BC000334BD3F8E03E03F0C003402B02BF314B00
:106BD000022119604FF000080AB3002300220120AF
:106BE0000021CDE90088FEF7B5FD4FF0FF312846C2
:106BF000FDF784FF414668830120FBF773FD696B55
:106C000005F1A400FDF7EAFF23490868FFF70CFF30
:106C10004FF0FF330B602B7C43F008032B74A2056D
:106C200007D50121284613F0BAFF24F40074064367
:106C30000C43D5E93E233240234052EA030103D0FE
:106C40001649284609688847FB070FD51449154A95
:106C50000868136800211160134A0121117003B103
:106C60009847124B00215B680220984717F00E0FDF
:106C700008D04FF4FC723B21002002B0BDE8F04187
:106C8000FBF744BF02B0BDE8F08100BFE82F002051
:106C900000100021004008461812002014120020A5
:106CA000F0300020EC300020C33D00200012002016
:106CB000F7B5D0E93EC7DDE90865044687EA050176
:106CC0008CEA06001040194080EA0C007940C4E9C3
:106CD0003E0123F4004105EA010322F001000025F2
:106CE00043F4007306EA000243F00203CDE90055C5
:106CF000FEF730FD237C9A0717D5D4F8FC309B05AE
:106D000013D54FF48031204613F049FF237C65F3FF
:106D100041032374D4E93E2302400B4052EA0301AD
:106D200003D00349204609688847002003B0F0BD1E
:106D30001412002038B10368044A002B08BF134620
:106D4000034A13607047014BFAE700BFB3B0040079
:106D500014120020024B586B00F00F00704700BF68
:106D6000001F002170B531F00F0406460D460ED10C
:106D700001F090F801280CD107494B6B23F00F026A
:106D80002A434A63304614F0F7FA204670BD0120CA
:106D9000FCE70220FAE700BF001F0021014B986BBF
:106DA000704700BF001F0021014B0020996370470E
:106DB000001F002103282DE9F7434CD8274B13F877
:106DC0000080274B1E5C274B13F8009003F040FC1B
:106DD0000746FEF797FE054640B10023CDE9003394
:106DE0000022002301200021FEF7B4FCFEF792FEF2
:106DF00048B10023CDE900330022002300204FF4E6
:106E00000041FEF7A7FC26B3174B5C6C04F00804A6
:106E1000164B31465C644046FFF7A2F84A463146BD
:106E20004046FFF707F9124B5C6465B1114B1868D7
:106E3000416BA430FDF7D2FE0F490868FFF7F4FD5F
:106E40004FF0FF330B60384603B0BDE8F04303F06A
:106E500003BC3446DCE703B0BDE8F083141C050036
:106E6000181C05001C1C0500000008400000084418
:106E700000000846E82F002018120020104AD2F81F
:106E8000883013F0A00F16D1D2F88C0010F0040057
:106E900013D10C4BD3F8E03E23F07F4323F0FF03E4
:106EA0005BB15368C3F30363092B07D0B3F10C0044
:106EB00018BF01207047002070470120704700BFB5
:106EC000004008400010002173B516461BB1019127
:106ED000FFF7B8FD01990A480368046A03F0070345
:106EE0009D1D0123AB40C4F30C041B1B9CB2B44298
:106EF00028BF34462246FCF71BFA204602B070BD7C
:106F000000100840F8B50E46074688B9194B1B68B3
:106F10004BBBC1F11C040125C4F11C03002BB8BFFD
:106F20005B42232B23DC7DB1134B1E700020F8BD88
:106F300000F0B0FF012818D10F4B93F90040C4F1C5
:106F40001C04A41B0025E7E7FE7403F081FB0B4A39
:106F50005369E40223F4FF2304F4FF241C43546127
:106F600003F07AFBE2E70320E1E70220DFE70120FC
:106F7000DDE700BFE82F0020C13D00200070084081
:106F800008B5FFF777FD03F063FB074AD2F8B03E80
:106F900023F02003C2F8B03E03F05EFB034B022255
:106FA0001A60002008BD00BF001000210040084604
:106FB00090F8C23053B9074BDA69920208D49B6F3C
:106FC00013F4706F14BF0120002070470020704739
:106FD0000120704700600840F8B51446426B82EA11
:106FE00004030B4053404363344A01F00B030D4646
:106FF00023EA0401516402F1007223406907064646
:10700000536411D50121FFF7D3FF68B1FEF73EFFAE
:1070100014F0040F14BF2A4A2A4A4FF40073D361B4
:10702000294B0422C3F88820EA0606D514F0100F75
:10703000264B14BF00221B22DA642B061DD527061F
:1070400016D51F4B4FF400129A6103F17E430122C3
:10705000C3F8F82003F0FCFA0E2107460320FDF7E1
:1070600011FD1A4B40F201225A62384603F0F4FA3D
:10707000214606F1A400FDF7B1FDE80503D5E105C1
:1070800016D5FDF7C9FCAA0503D5A30513D5FDF751
:10709000D3FC15F0600F09D0D6F89410304614F0E8
:1070A00009F80B4B58640B4B80229A600020F8BD06
:1070B000FDF7AAFCE7E7FDF7B7FCEAE700000844A4
:1070C0000060084600600844004008440000084092
:1070D000001F002100400840014B1868704700BFA6
:1070E000F430002037B5012300240022CDE900341C
:1070F000002310461946FEF72DFB0220FDF76CF821
:10710000054D064B21461C6002206B6898472B6892
:1071100003B0BDE83040184700120020EC300020DA
:107120002DE9FF41022903900C461546984603D1EC
:10713000FFF7D8FF00202EE0194E03F089FA3368DC
:1071400007460BB1AB4229D1164B3560C3F800801E
:1071500001230022CDE90033002310461946FEF733
:10716000F9FA114B002502201D70FDF735F8224673
:107170002B4603A90220FDF74DF80C4B039A1A6029
:107180000B4B1B6804469847384603F065FA002C01
:10719000D0D13460012004B0BDE8F0810024F3E7D1
:1071A000EC300020F0300020C33D0020F4300020FF
:1071B00000120020044BDB6D5B055ABF034B1878AF
:1071C000012000F00100704700500840C33D00203E
:1071D000014B9869FDF768BC00600840014B986955
:1071E00013F00BBF00600840837C5A1F012A01D9AD
:1071F000082B05D14B7C2BB1012B05D0022B05D0E0
:1072000013F098BF02487047024870470248704721
:1072100020A1070048E8010040420F0070B50E466B
:1072200003F016FA054600F04FFE044620B128464A
:1072300003F012FA204670BDFEF728FE114B32789B
:10724000D3F8E03E022A23F0F00316D0042A0CBF44
:107250000222002243EA02137278022A0FD0042A83
:107260000CBF0222002243EA8213064AC2F8E03E23
:10727000054B0422C3F88820D9E70122EAE701225E
:10728000F1E700BF001000210040084470B50E4631
:1072900003F0DEF9054600F02FFE044620B1284633
:1072A00003F0DAF9204670BDFEF7F0FD104B32789E
:1072B000D3F8E03E022A23F00F0315D0042A0CBFB6
:1072C0000222002213437278022A0FD0042A0CBF34
:1072D0000222002243EA8203054AC2F8E03E054B3F
:1072E0000422C3F88820DAE70122EBE70122F1E764
:1072F0000010002100400844F8B50E7890F8D070D6
:10730000044630460D46FCF7AFFAC8B384F8D060A7
:10731000AB88A4F8D4306B88A4F8D230AB8863640F
:10732000FF23A3753046FCF75BFB04F1D0066075C4
:107330003046FCF7AFFD054618BB3046FCF78AFA2D
:107340000546F0B9D4F8903053B194F8D010B94252
:1073500006D0B3F912202046D6F784F984F8D90074
:107360002046FCF77DFC0949A4F8D400084AD1F86E
:10737000F810012304F1A400FDF7F2FE2846F8BD41
:107380000125032384F8D030F8E700BF001F002157
:10739000681F002170B5054690F8D00003280C4600
:1073A0001DD0FF291DD01AB10F4B4FF0FF321A60CC
:1073B000FCF716FB064695F8D000FCF7FDFA844270
:1073C00028BF0446E4B2B44238BF3446E0B2A875E0
:1073D000FCF7A6FBA0F1FF035842584170BD022004
:1073E000FCE70120FAE700BF0812002070B5C36B6C
:1073F000012B84B003D10025284604B070BD374B63
:10740000D0F89060D3F8F830C0F894303146058B4E
:10741000044613F018FEB3898DF80E00D6E9012159
:10742000EB1A9BB201FB032202A80021ADF80C303D
:107430000292FDF75FFD18BB294B228BDA63FCF744
:10744000F7FC05460028D7D1237C60F34103237461
:1074500013F0CCFDD4F890305A69431EDBB21268A9
:107460000192FD2B10D9D61C0ED91E4B01321B6880
:1074700010D0D91CC0D8024601A92046019306E0CD
:107480000225284604B070BD024601A9204613F02B
:1074900036FDB1E7DA1C05D8024601A92046019362
:1074A00013F02DFDD4F8FC309B0504D4237C43F06D
:1074B00002032374A0E74FF48031204613F06FFBE2
:1074C000D4F8F820D4F8FC3002400B4052EA030113
:1074D00092D005492046096888478DE7001F0021A2
:1074E00000300840101200201412002038B590F827
:1074F000DC400546ACB103F0ABF80A4B1F22DA6161
:10750000013C03F100731440DC6103F17A43D5F8C8
:10751000E0201A66D5F8E4205A66BDE8384003F04A
:107520009BB838BD006008442DE9F74F80461546EA
:10753000084619B9012003B0BDE8F08F002AF9D040
:10754000032904D80021FCF7B3F80028F2D0827890
:10755000048803794679C788B0F90000002802F052
:107560000701C0F2CE80A1F1070CDCF1000040EB76
:107570000C00052928738CBFC2F300100020C2F351
:10758000801C6873900985F810C000F00200C2F3F7
:10759000C00C40EA0C00C2F340126874AA74AF82B7
:1075A0000BB998F8CA30013BDBB2EB74D8F8343031
:1075B000D80600F18F800639012900F28B80524BEA
:1075C000DB6C524B5A6B1B6B03F00703063301272E
:1075D0009F40013F083C42F0005A3C4000231AF80B
:1075E00004B0AB6001343C40621D3A40531C3B4048
:1075F000BBF1800F1AF803101AF8023098F8122025
:1076000018BFABF1320B43EA012314BF4FFA8BFBD7
:107610006FF07F0BC3F30B098AB30020D8F89C30BE
:107620000BB159469847631C3B40E87385F80EB090
:107630001AF8031001333B401AF8032001333B4092
:1076400041EA02211AF8032001333B4041EA02419A
:107650001AF803006A7C002341EA00614046FDF706
:1076600089FE286098F81230042B04D1B9F1040F78
:107670009CBF033028600423AB7100205BE7D90472
:1076800024D5D8F89430A3B11A68022A11D993F8F6
:1076900024304FEAC9000BB1B0FBF3F08642BCD8EE
:1076A0000028BAD0C6EB0626B6FBF0F0C043C0B245
:1076B000B4E729464046FFF797FD0190404613F096
:1076C00029FD019BB3FBF0F0C3B2E2E71AF8040016
:1076D0004000ECE70023EB730D4BDA68C2F307239D
:1076E000120448BF63F0FF035AB212F1800F18BFB3
:1076F000323B4FF0000018BF5AB2AA732860A8713D
:1077000019E7022017E700BF0000084000100840FA
:107710000070084070B50A4B0A4DD3F8EC604FF486
:107720008064C5F8EC400020FEF760FC4FF4005385
:107730006B65730544BF044BC3F8EC4070BD00BFDC
:10774000001008400010084400100846082318B133
:10775000024AC2F888307047014AFAE700400846FA
:1077600000400844F8B504460E4619B990F91030A7
:10777000002B5FDB484BA18BD3F88420D4F89470A6
:1077800012F4E05F04BF2022C3F810224FF6FF730B
:10779000994261D0414B1B68002B5DD0404D204683
:1077A0009847D4F894102A688A4207D0204613F0EC
:1077B00081FC3C4B58643C4B80209860974250D0F1
:1077C0003A4B1B684BB11FB13A68002A5DD0BF68C5
:1077D000394620469847D4F89410084613F083FCA5
:1077E00000284ED03249FDF721FC20460727FCF740
:1077F00037FA002E3BD02F4B94F9132093F9003029
:107800002D49D4F89400C3F11C039B1A4A69DB028A
:1078100022F4FF2203F4FF231343284A4B61284B31
:10782000286006211167204601221A7013F0A4FD7A
:107830000020F8BD037C184AD0F8947061F3C71398
:107840000374D2F884304FF6FF7113F4E05F818344
:1078500002D12023C2F81032114D2A68BA423946AB
:10786000A4D120460127FCF7FBF9002EC3D10D4B14
:107870000F4AD3F8F81004F1A4003B46FDF770FC62
:10788000B9E7204613F0E3F8ACE71746394620463F
:107890009847D4F89410A0E700600840E830002032
:1078A000DC300020001F002100400840D8300020BC
:1078B000681F0021C13D00200070084000000844FE
:1078C000C03D002038B5C1F308058D421BD100F042
:1078D000E1FA0128044618D1D4F76AFB00221146C8
:1078E0000220D4F769FA0A4B0A4A1A6303F10073BB
:1078F000ED0202201D6322462146D4F75DFAD4F73B
:1079000027FB002038BD0120FCE70220FAE700BF7A
:1079100000400E4400F80F0002484822002113F0F6
:10792000FFBD00BFE41E0021032337B580F8D0302F
:1079300000234FF0FF35C3746423C0E92C33C0E942
:107940002E33C0E907554564C0F8AC30A0F8C0300C
:107950004575C58204461120D3F7F4FF042835D1BC
:107960001C4B5B6813F4403F30D12046FEF7DAF839
:107970002046FFF7D1FF94F913102046FFF7C2FA13
:10798000154A6023536402F5805240F6FF7151623C
:107990005165124A5364124B4022C3F88820626B2F
:1079A00029462046FFF718FB0E230022CDE90033BD
:1079B00040F2022310461946FDF7CCFEFBF7E6FF26
:1079C000204603B0BDE83040FBF786B8022003B084
:1079D00030BD00BF00300E400000084000000846E7
:1079E000004008440A68F8B50346013208BFD3F8DE
:1079F000AC20B0F8D44008BF0A604A68013204BF26
:107A0000D3F8B8204A608A68571C00F1A40039D125
:107A1000D3F8B450CA688D60561C39D1D3F8B06021
:107A20000A69CE60013204BFD3F8A4200A614A6912
:107A3000013204BFD3F8A8204A618A69013204BF29
:107A4000D3F8BC208A618F6947B304F14102BA427E
:107A500038BF3A460C688A61C3E92B464C68C3F8C4
:107A6000B450C3E92E420A69C3F8A4204A690C49FC
:107A7000C3F8A820D1F8F8100A4A0723FDF770FBD5
:107A80000020F8BD04F14105954238BF1546C1E715
:107A900004F16406964238BF1646C1E76422D9E76E
:107AA000001F0021681F002138B5084D04462868D2
:107AB000003818BF0120621C214600F093FD2B689E
:107AC000003B18BF0123A370002038BDE430002024
:107AD00038B5054C054B417800782568236000F0E7
:107AE000F7FC00B1256038BDE4300020201C050003
:107AF00070B502F0ADFD0C4E054600F0CBF9012843
:107B000004D0284602F0A8FD022070BD736813F06F
:107B1000706FC3F30364F0D1F36BDB06EDD5284639
:107B200002F09AFD2046F0E700400840037C61F334
:107B30008203037429B1044B1968044B002918BF50
:107B40001946034B19607047E43000202C1C0500D7
:107B5000E030002038B502F07BFD0B4A13884FF669
:107B6000FF718B4203D102F077FD032038BD074C33
:107B7000074DE56504F100741B04E365118002F014
:107B80006BFD0020F2E700BF2813002000600844CE
:107B90000000FFFF2DE9F34104460F461546FFF7AD
:107BA0006DF9A0B1DFF84C82D8F80C30DB0704D4B3
:107BB0000326304602B0BDE8F08102F049FD0646DA
:107BC0000320FCF735FC20B1304602F045FD0226CB
:107BD000EFE7D8F80C3013F0060F3046F5D102F07D
:107BE0003BFD784B4FF400612046D3F8E08ED3F88C
:107BF000B86EFEF70DFF40B1734B4FF400720121D8
:107C0000C3F888200846FAF76DFD39462046FAF792
:107C100023FF6C4BC3F8B86EC3F8E08E064600280D
:107C2000C7D1237C9F0601D4002D58D0C5F3400056
:107C3000FEF7F8F815F4807F14BF644A624A4FF0EB
:107C400002031BBFC2F88830614AC2F888300021A5
:107C50001CBFD1609362FEF719F915F0040F14BF31
:107C60005C4A5D4A4FF48063D361574B042215F0A0
:107C7000400FC3F8882014BF584A594A4023284669
:107C8000C2F88030FEF778FF204613F0A4FA40B126
:107C900015F0010F14BF4D4A4B4A4FF48073C2F8E0
:107CA0008830A80645D5638C4FF6FF7293420FD0FB
:107CB0004C4A4D49D26D100CC2F3011208800132BA
:107CC0004549B3FBF2F3434A4848C8651B04D365F2
:107CD000237C003D18BF012565F34513237420461E
:107CE00013F047FB00283DD0204613F074FAE0B1B2
:107CF0004FF400312046FEF78BFE00280CBF012315
:107D00000223032201A9324813F0B0F89DF80410B1
:107D1000374A01F00703052B9DF8053018D10907F4
:107D20000AD443F48073C2F8C030002013F0FFF887
:107D30003FE7FFF70FFFCBE713F0040F08BF9DF8F5
:107D400006302B4A0CBF43F480734FF48073EAE78C
:107D500003F03001202902D113F0010FEEE79DF866
:107D60000630E0E7204613F066FB0028DDD0204611
:107D700013F031FA0028D8D0237DA3F10C02012A98
:107D80001BD8238B032B1AD0194B93F8C93003F05F
:107D90000703072B0CBF082406240D48214613F0C7
:107DA0006EF8431C3FF404AFC0B2114B062C08BF61
:107DB00000F00F0083F8C800B7E70E2BE3E70924B3
:107DC000EBE700BF001000210040084400400846D7
:107DD0000010084000600846006008440070084633
:107DE0000070084400600840281300200000FFFFD6
:107DF000001E00210050084008B50B4BD3F8B430EA
:107E00005A1C0FD05B000DD40320FEF7D3FF074BA5
:107E10004FF08062C3F89420054A4FF4007151621C
:107E20000122DA6008BD00BF0081E00F0040084673
:107E300000000840024B4FF40022C3F8882070472E
:107E400000400844024BD3F88800C0F3C04070479C
:107E500000400840014B024A1A607047D8300020A9
:107E6000B56A0300024BD86800F00100704700BFFC
:107E700000500840064BDA68D20702D508B9FCF773
:107E800085B9DB68DB0702D408B1FCF771B970472C
:107E900000500840094B5B68C3F30363013BDBB24E
:107EA0000B2B02D8064AD05C7047064BDB6813F0F8
:107EB000060F0CBF01200420704700BF004008409F
:107EC000341C0500005008400A4A5368C3F303619C
:107ED0000B2906D00C290AD0092914BF0020022042
:107EE0007047D2F8880010F48030EED1704702203D
:107EF000704700BF004008400C4A5368C3F3036159
:107F0000062906D804290CD8032914BF0020022012
:107F10007047072907D1D2F8440110F00050ECD186
:107F20007047022070470020704700BF00400840A3
:107F30000E4B30B511F0010F4FF00F04DC650C4C07
:107F400012D08AB90125E5650A4CC3F8FC40036CE0
:107F5000074CC3F31303C4F8FC3022B1064BC164D1
:107F60000222C3F8B82030BD0225ECE700600844C7
:107F700000600846FFFF0F000010084013B5837C27
:107F8000033BDBB2072B96BF104A0021D15C0446AD
:107F9000FEF70AFF0120FCF7C3FB0D4B4FF4F06224
:107FA0005A6403F100734FF400725A64A37C053BDA
:107FB000012B08D8074B04211B6E019301220DEB06
:107FC0000100FBF70BFA02B010BD00BF401C05001A
:107FD0000000084400600840012310B580F8C2305A
:107FE0002823C0F8A83004238374054B044619687D
:107FF00012F02FFD2046FFF7C1FF002010BD00BF8B
:10800000C03A0500012310B580F8C2302823C0F81B
:10801000A83002238374054B0446196812F019FD39
:108020002046FFF7ABFF002010BD00BFBC3A0500A3
:10803000012910B5044604D90239012914D90320B5
:1080400011E00B4B19680523012284F8C2204FF47C
:10805000BC72C4F8A820A374204612F0FAFC204693
:10806000FFF78CFF002010BD024B19680623EBE7D9
:10807000B83A0500C43A0500174B30B507245C63D5
:10808000164C03F17C43C1B1442540F04000DD6251
:108090001863012363634FF4804302B989B90F4A1F
:1080A000C2F8A03089B10C4B4FF48042C3F8A42031
:1080B000C3F8A820C3F8AC200DE0D962196361634E
:1080C000E9E7054AC2F8A030EDE7C2F8A430C2F8EB
:1080D000A830C2F8AC3030BD0000084400000846AB
:1080E0002DE9F04F89B09046039305460F4602F004
:1080F000AFFA012106460020FDF732FFAB7C033BBF
:10810000DBB2072B96BF5C4A4FF0000B12F803B0AE
:10811000032F00F2AE80DFE807F0025E6974574B70
:10812000DFF87C91D3F800A00222AA74012285F81E
:10813000C220BAF1000F00F09C80D5F88C20524587
:1081400007D05046FBF778FB0022C5F88CA0C5F895
:10815000902041462846FAF705FB002204460121FB
:108160001046FDF767FF5F4508D0D5F89020DAF894
:1081700004101268284613F099F80446039BDFF8B0
:1081800024A1A3F15A00FCF7B9F9B0F57F4F3CBF29
:108190003B4A126B03463CBF01329B18A3F57F4359
:1081A000CAF8BC304846FCF78BFF0023CAF8C00071
:1081B000CAF8C43044B9012300941A4641462846FF
:1081C000FAF758FB044608B3304602F045FA204659
:1081D00009B0BDE8F08F04222A4BAA740122D3F81B
:1081E00000A0DFF8C49085F8C220A2E7264BD3F8A0
:1081F00000A00522AA740122DFF8B09085F8C22001
:1082000097E7224B0622D3F800A0F3E7204B012288
:108210004FF00209C3F888204146C3F80090284671
:10822000FEF7AEFE044618B11A4BC3F80090CBE738
:1082300039462846FEF7B8FD129B0593139B06931B
:10824000BDF85030ADF81C3005A99DF854308DF8BC
:108250001E30284612F0A5FD04460028B4D10E4970
:108260000E4AD1F8F810072305F1A400FCF778FFB7
:10827000AAE70124ABE700BF401C0500BC3A05009B
:1082800000500840C03A0500B83A0500C43A05005D
:108290000040084600400844001F0021681F0021DC
:1082A000785D0200001E0021F81E0200F87D070024
:1082B00010B50C4CD4F8003203F00702022A0BD0A0
:1082C00003F00303012B0AD102F0D0F8D4F81832DE
:1082D00003F00303D84010BDD2F758FDF6E70020A5
:1082E000F4E700BF00400E402DE9F84FDFF8FCB086
:1082F0002DED028BDBF800A081460F46FCF7AEF8AF
:108300004FF0FF3508EE100A08EE901A00202C46B8
:10831000064606F110031B015BF8033003F0030867
:10832000B8F1010F17D13046FCF7B0F802460B4602
:1083300018EE100A18EE901AFBF73CFFDBF85C30E1
:1083400006F10802D340DB0738D5002F3FD00025C7
:108350003E602C4640460136052EDAD150B3234EFE
:10836000336B0133A4FB03345D190AF4403344F149
:108370000004B3F5003F4FF0000130D1F36A0AF476
:10838000405A013341F10007BAF5805F22D1B66A45
:1083900016F5807641F10001774303FB0171A6FBDE
:1083A00003320A445C4305FB0242A3FB0535154436
:1083B000C9E90035BDEC028BBDE8F88FA84271EB2E
:1083C0000403C7D207B13E6005460C46C2E73D46EE
:1083D0003C46BFE73A0242EA13621B02E2E7B36A95
:1083E00013F5807341F10002DCE700BF0050084044
:1083F0002DE9F843254C264D264E02F029F900239D
:10840000D4F86880A366D4F800212A612A7B12047C
:1084100042F00302C4F800216A7B511C0746C8B22F
:108420000121814031614FF48071616671680832C9
:108430000131A96046F82210AA6801327168E06D26
:1084400010F4807913D18A42F8D13BB1384602F05A
:1084500003F9C3221A214846FAF758FB6A7BAB6836
:1084600008320233AB6046F822300123E4E74FF4D0
:1084700080736366084BC4F868800122C3F800214A
:108480003846BDE8F84302F0E7B800BF00500840A6
:10849000C03000200040044000500844024B99685E
:1084A0005A690A401A6170470040044008B5FFF756
:1084B000F5FF054B5B7B01330122DBB202FA03F3CC
:1084C000024A136108BD00BFC030002000400440D4
:1084D0000B2873B576D8012974D83B4D3B4B2873D4
:1084E00069731B6858002DD4394E3A4AD6F890402B
:1084F0000123A10513605FD422045FD414F080042B
:108500005ED140F21F121B212046FAF7FFFAD6F87F
:10851000003223F007032343C6F800322E4B01221A
:10852000C3F81022A3F5202303221A60294A072347
:10853000536102F17C421361244B4FF08042C3F837
:1085400080211A6001214FF48A40D3F755F96B7BE3
:108550002A7B22490133143243F4801343F48053BD
:1085600041F82230FCF7F0F941080191C407FFF708
:108570009FFE002302460199204600F0F3F909020C
:1085800041EA1061C0F3C05040EA4100144B28603A
:10859000986A10F5807005D14FF4E1722B21FAF73B
:1085A000B5FA0220024600230020012100F0DAF98A
:1085B0006860002002B070BD0224A8E70524A6E789
:1085C0001C46A4E70120F5E7C030002000E100E0F0
:1085D00000400E400040044400400E4600600E4043
:1085E0000050084028B1054B187B08705B7B137066
:1085F000704707230B700123F9E700BFC03000204C
:1086000007B502F025F80190FFF7F2FE054B01983F
:1086100002225A60044B01221A7003B05DF804EB89
:1086200002F01AB800500840C43D00200C490B78F5
:10863000A3B10C4B5B7B5A1C012393400A4A536144
:108640000A4B4FF08042C3F8802100230B70084B87
:10865000D3F80C01D3F8041100F0AAB8704700BF9A
:10866000C43D0020C03000200040044400E100E090
:108670000050084010B50446FFF71AFE604300F5AD
:10868000F420034B00F59070B0FBF3F010BD00BF79
:1086900040420F002DE9F04385B0FFF7EBFF0546A0
:1086A00001F0D6FF3D4F0021064602A83970FFF7C2
:1086B0001BFE3B4BD3F8048003F5802304465B6824
:1086C00013F0706F1ED1374BDB6813F00603019374
:1086D00018D1E8B1FCF738F9691DA1FB00910091B0
:1086E000FFF7E6FD019B00990246484600F03AF983
:1086F000029B090241EA106100029842039B71EB60
:10870000030305D3304601F0A7FF05B0BDE8F083B1
:10871000FFF76EFE002C3BD0DDE90249FFF7C8FDF4
:10872000230A43EA0963A0FB03434FEA192100FB34
:1087300001310091FCF708F9024620461A4C0099D5
:10874000002300F00FF9617BDFF854E08B00013566
:1087500003F14023A8EB050803F58023013108EB62
:1087600000021A625FFA81FC012202FA0CFC8A40C4
:108770000E49CEF810C04A61DEF804201B6A2D1A9B
:10878000D31AAB4204D2074B2269C3F80021B9E7E0
:10879000044B02225A6001233B70B3E7C43D002022
:1087A0000040044000500840C03000200040044613
:1087B0002DE9F74F664C674A237B01911B059360B7
:1087C000654FDFF89C914FF40033936002237B6088
:1087D000D9F80430064603F1FF384FF0000AA3EB46
:1087E0000803002B40F3A8800AF1010ABAF1020F36
:1087F00040D9CE220D210020FAF788F9564D574A6C
:108800004FF080736B662369C5F80031237B1B052D
:1088100043F40033936001F01BFFD5F818C0D5F87E
:108820005CE000210A464FF4807801F110031B013F
:10883000EB5803F00303012B0ED108FA01F313EAFE
:108840000E0F09D105EB0117B445D7F80C717AD397
:10885000BE4201D2BC4578D201310529E5D122B111
:10886000E38A1343E3823C4B1A6603B0BDE8F04F42
:1088700001F0F2BE01F0ECFE4FF080737B66D9F898
:10888000043003F10108637B083349F823803B6817
:10889000DB034FD5A5682368A8EB0505A5FB03E519
:1088A000BB6A03F5807C6368A5FB0312AEFB03B3D0
:1088B0005B1842F10002ACFB031BBEEB01010CFB99
:1088C00002BB65EB0B05090A41EA0561019D2944DC
:1088D000B1EB1C2F4FEA1C2503D3013342F10002F8
:1088E000491B043DA94228BF29463961617DBD6904
:1088F000F318C9B242F10002AE423D6B84BF01F1F0
:10890000FF31C9B2B5F1FF3F0ED04FF0000E05F1B7
:10891000010C9D427EEB020B08D20131B3EB0C033C
:10892000C9B262F10002F4E70A44D1B201F00301D6
:108930006175BB6101F090FED9F80430FA6DD20187
:108940007FF54DAF5AE7BE4284D213439AB283E714
:10895000C030002000500846005008400050084435
:108960000040044053B94AB9002908BF00281CBF81
:108970004FF0FF314FF0FF3000F074B9ADF1080C4B
:108980006DE904CE00F006F8DDF804E0DDE902232D
:1089900004B070472DE9F047089D04468E46002B31
:1089A0004DD18A42944669D9B2FA82F252B101FAA3
:1089B00002F3C2F1200120FA01F10CFA02FC41EAB3
:1089C000030E94404FEA1C48210CBEFBF8F61FFA38
:1089D0008CF708FB16E341EA034306FB07F19942D3
:1089E0000AD91CEB030306F1FF3080F01F81994286
:1089F00040F21C81023E63445B1AA4B2B3FBF8F060
:108A000008FB103344EA034400FB07F7A7420AD9E6
:108A10001CEB040400F1FF3380F00A81A74240F20E
:108A200007816444023840EA0640E41B00261DB179
:108A3000D4400023C5E900433146BDE8F0878B42AE
:108A400009D9002D00F0EF800026C5E9000130466D
:108A50003146BDE8F087B3FA83F6002E4AD18B4247
:108A600002D3824200F2F980841A61EB03030120F1
:108A70009E46002DE0D0C5E9004EDDE702B9FFDEDD
:108A8000B2FA82F2002A40F09280A1EB0C014FEA88
:108A90001C471FFA8CFE0126200CB1FBF7F307FBE5
:108AA000131140EA01410EFB03F0884208D91CEB88
:108AB000010103F1FF3802D2884200F2CB80434625
:108AC000091AA4B2B1FBF7F007FB101144EA014404
:108AD0000EFB00FEA64508D91CEB040400F1FF3193
:108AE00002D2A64500F2BB800846A4EB0E0440EA81
:108AF00003409CE7C6F12007B34022FA07FC4CEA8A
:108B0000030C20FA07F401FA06F31C43F9404FEA7C
:108B10001C4900FA06F3B1FBF9F8200C1FFA8CFE91
:108B200009FB181140EA014108FB0EF0884202FAE5
:108B300006F20BD91CEB010108F1FF3A80F08880A6
:108B4000884240F28580A8F102086144091AA4B263
:108B5000B1FBF9F009FB101144EA014100FB0EFEE4
:108B60008E4508D91CEB010100F1FF346CD28E4513
:108B70006AD90238614440EA0840A0FB0294A1EBA4
:108B80000E01A142C846A64656D353D05DB1B3EB01
:108B9000080261EB0E0101FA07F722FA06F3F14031
:108BA0001F43C5E9007100263146BDE8F087C2F1D8
:108BB0002003D8400CFA02FC21FA03F39140014350
:108BC0004FEA1C471FFA8CFEB3FBF7F007FB103689
:108BD0000B0C43EA064300FB0EF69E4204FA02F435
:108BE00008D91CEB030300F1FF382FD29E422DD988
:108BF000023863449B1B89B2B3FBF7F607FB1633BD
:108C000041EA034106FB0EF38B4208D91CEB01013C
:108C100006F1FF3816D28B4214D9023E6144C91ABC
:108C200046EA004638E72E46284605E70646E3E6CC
:108C30001846F8E64B45A9D2B9EB020864EB0C0ED6
:108C40000138A3E74646EAE7204694E74046D1E7E5
:108C5000D0467BE7023B614432E7304609E7644493
:108C6000023842E7704700BF024B0A4601461868C7
:108C700012F05EBC2412002008B5074B044613B165
:108C80000021AFF30080054B1868836A03B1984751
:108C9000204602F026FD00BF00000000244405002D
:108CA00070B50D4D0D4C641BA4100026A64209D1D1
:108CB0000B4D0C4C12F03AFE641BA4100026A64289
:108CC00005D170BD55F8043B98470136EEE755F8DD
:108CD000043B98470136F2E77C1300207C13002008
:108CE0007C13002080130020024B0146186800F01E
:108CF00077B800BF24120020024B0146186800F02C
:108D000003B800BF2412002037B5002944D051F821
:108D1000043C0190002BA1F10404B8BFE41800F05A
:108D2000BFFB1E4A0198136833B96360146003B037
:108D3000BDE8304000F0BABBA34208D925686119EC
:108D40008B4201BF19685B6849192160EDE71A463B
:108D50005B680BB1A342FAD911685518A5420BD133
:108D6000246821445418A3421160E0D11C685B6858
:108D7000536021441160DAE702D90C230360D6E77F
:108D8000256861198B4204BF19685B68636004BF82
:108D9000491921605460CAE703B030BD3831002062
:108DA00070B50E4E0C463168054611B900F094F8C6
:108DB00030602146284600F08FF8431C0AD0C41CBE
:108DC00024F00304A04207D0211A284600F084F8BA
:108DD000013001D14FF0FF34204670BD3C310020FE
:108DE0002DE9F041CD1C25F0030508350C2D38BFC9
:108DF0000C25002D074601DBA94205D90C233B6059
:108E000000263046BDE8F0812E4E00F049FB336865
:108E10001C4634BB29463846FFF7C2FF431C0446B4
:108E20004DD134682646002E40D12368314638465D
:108E300004EB030800F050F880453AD1216803356F
:108E40006D1A25F0030508350C2D38BF0C25294671
:108E50003846FFF7A5FF01302BD023682B44236051
:108E60000EE02268521B1ED40B2A16D96119A342A8
:108E7000256018BF5960636808BF316062514B605C
:108E8000384604F10B0600F011FB26F00706231DFF
:108E9000F21AB6D09B1BA350B3E76268A3420CBF83
:108EA00032605A60ECE723466468B2E7344676687D
:108EB000B9E70C233B60384600F0F8FAA1E72560DB
:108EC000DEE700BF38310020024B0A460146186831
:108ED00012F0C0BB2412002038B5064D0023044612
:108EE00008462B60D1F77EFF431C02D12B6803B1EB
:108EF000236038BD403100202DE9F7431D465D4B0E
:108F00001F6804460E46904627B1BB6913B9384620
:108F100000F008FA584B9C4267D17C68B8F1020F08
:108F200006D0B8F1010F00F29F80002DC0F29C80A6
:108F3000636EDB0705D4A389980502D4A06D12F0F7
:108F400062FB2146384600F06FF9616B41B104F1D4
:108F50004403994202D03846FFF7D6FE00236363EC
:108F60000023A3616360A389190603D521693846EC
:108F7000FFF7CAFEA38923F44A6323F00303B8F181
:108F8000020FA3816CD001AB6A462146384612F02D
:108F90003CFBA3891843A081002D30D1009D2846B9
:108FA000FFF7A2FE0646002855D1DDF80090A9453E
:108FB0004AD14FF0FF350022A26004F1470222603F
:108FC00022610122B4F90C306261626E43F0020347
:108FD000D207A38105D413F4007F02D1A06D12F053
:108FE00013FB284603B0BDE8F083244B9C4201D11B
:108FF000BC6893E7224B9C4208BFFC688EE7002EBA
:10900000CDD0BB6913B9384600F08CF9B8F1010F27
:1090100008BFA389266004BF43F00103A381A2898E
:1090200012F00803C4E904651CD0D30741BF002334
:109030006D42A360A56158BFA560656E15F001057E
:1090400015D112F4007FC8E74846FFF74DFE0646EB
:109050000028AED04D46A38943F08003A381D0E71A
:109060000025A8E7A360E8E74FF0FF35B9E7002542
:10907000B7E700BF241200204844050068440500FB
:10908000284405000CB430B5174B0C1E1D689DB06C
:1090900008DA8B232B604FF0FF301DB0BDE8304065
:1090A00002B070474FF40273ADF8143014BF04F1EE
:1090B000FF332346049307934FF6FF730290069005
:1090C000ADF81630209A21AB02A92846019300F092
:1090D000F3F9431CBCBF8B232B60002CDDD0029B1B
:1090E00000221A70D9E700BF2412002013B50B46E6
:1090F00009490C68024644B1A16931B9CDE90003C0
:10910000204600F00FF9DDE90023A168204602B0F7
:10911000BDE8104000F0D0BA241200208A892DE961
:10912000F041054610070C4658D44B68002B05DC6F
:109130000B6C002B02DC0020BDE8F081E66A002EFB
:10914000F9D0002312F480522F682B6032D0606D6A
:10915000A3895A0705D56368C01A636B0BB1236CEA
:10916000C01A00230246E66A216A2846B047431C1B
:10917000A38906D129681D292CD82A4ACA40D607B6
:1091800028D500226260D9042269226004D5421CDD
:1091900001D12B6803B96065616B2F600029CAD0CB
:1091A00004F14403994202D02846FFF7ADFD0020A8
:1091B0006063C1E7216A01232846B047411CC7D13B
:1091C0002B68002BC4D01D2B01D0162B01D12F6092
:1091D000B1E7A38943F04003A381ADE70F69002FF6
:1091E000A9D093070E6808BF4B690F6018BF002312
:1091F000A6EB07088B60B8F1000F9CDD216AA66A18
:1092000043463A462846B047002806DCA38943F087
:109210004003A3814FF0FF308EE70744A8EB00081E
:10922000E9E700BF0100402038B50B6905460C4650
:1092300013B90025284638BD18B183690BB900F071
:1092400071F8144B9C421BD16C68B4F90C30002BA4
:10925000EFD0626ED00704D4990502D4A06D12F04D
:10926000D2F928462146FFF759FF636EDA07054613
:10927000E0D4A3899B05DDD4A06D12F0C5F9D9E730
:10928000054B9C4201D1AC68DFE7044B9C4208BF10
:10929000EC68DAE748440500684405002844050006
:1092A000002310B50446C0E90033C0E904338360ED
:1092B00081814366C2818361194608225C3012F0C5
:1092C0002FF9054B6362054BA362054BE362054B27
:1092D0002462236310BD00BF95B80400B7B8040032
:1092E000EFB8040013B90400014912F06CB900BFD3
:1092F00029920300014812F086B900BFC63D002044
:10930000014812F081B900BFC63D0020014812F0AB
:109310007AB900BFC73D0020014812F075B900BFFF
:10932000C73D002010B50446FFF7F0FFA3691BB14D
:10933000BDE81040FFF7F0BFC4E912332365134BBB
:10934000134A1B68A262A34204BF0123A361204603
:1093500000F020F86060204600F01CF8A060204675
:1093600000F018F80022E06004216068FFF798FF21
:10937000A06801220921FFF793FFE0680222122171
:10938000FFF78EFF0123A361D2E700BF244405004D
:10939000E9920300F8B50746FFF7ACFF1E4B1E68C5
:1093A000B36913B93046FFF7BDFF4836D6E901343B
:1093B000013B03D533680BB33668F7E7B4F90C50BB
:1093C000D5B9164BE36004F15800656612F01AF93E
:1093D000FFF796FFC4E90155C4E904552560A5616E
:1093E0000822294604F15C0012F09AF8C4E90D55F0
:1093F000C4E912552046F8BD6834D9E7042138463F
:1094000012F0CBF8044630600028D5D1FFF778FF82
:109410000C233B60EEE700BF244405000100FFFF82
:109420008B8973B59D0706460C4607D504F14703A3
:10943000236023610123636102B070BD01AB6A4602
:1094400012F0E3F8009905463046FFF7C9FC48B929
:10945000B4F90C309A05EFD423F0030343F0020370
:10946000A381E3E70D4BB362A389206043F080033F
:10947000A381009B6361019B20615BB1B4F90E1075
:10948000304600F063FC28B1A38923F0030343F0C6
:109490000103A381A0890543A581CDE7E9920300DB
:1094A000014812F0B0B800BFC53D0020014812F0DD
:1094B000ABB800BFC53D00202DE9F04F98468B8921
:1094C0001B069DB007460D4614460ED50B6963B9C1
:1094D0004021FFF785FC2860286120B90C233B6000
:1094E0004FF0FF30D1E040236B610023099320232C
:1094F0008DF82930CDF80C803023DFF8A8818DF865
:109500002A304FF0010923469A4613F8012B0AB17D
:10951000252AF9D1BAEB040B0BD05B46224629462B
:10952000384612F0C6F8013000F0AA80099A5A4471
:1095300009929AF80030002B00F0A28000234FF02F
:10954000FF32CDE905230AF1010A049307938DF850
:1095500053301A935446052214F8011B5148C6F79C
:10956000D7FD049AD8B9D00644BF20238DF85330D4
:10957000110744BF2B238DF853309AF800302A2B63
:1095800015D0079A544600204FF00A0C214611F8D6
:10959000013B303B092B4ED9B0B1079214E0A0EB50
:1095A000080309FA03F313430493A246D2E7039B8B
:1095B000191D1B680391002BBBBF5B4242F00202E6
:1095C00007930793B8BF049223782E2B0CD16378AE
:1095D0002A2B35D1039B1A1D1B680392002BB8BFA1
:1095E0004FF0FF3302340593DFF8C8A0217803223F
:1095F0005046C6F78DFD40B14023A0EB0A0003FAA8
:1096000000F0049B03430134049314F8011B264823
:109610008DF828100622C6F77BFD002838D0234B92
:109620001BBB039B073323F0070308330393099BFA
:109630003344099367E70CFB02320C460120A5E78F
:1096400000230134059319464FF00A0C204610F808
:10965000012B303A092A03D9002BC5D00591C3E765
:109660000CFB012104460123F0E703AB00932A46DB
:109670000F4B04A93846AFF30080421C0646D6D1F2
:10968000AB895B063FF52CAF09981DB0BDE8F08FA4
:1096900003AB00932A46064B04A9384600F03CF978
:1096A000EBE700BF8844050092440500000000007D
:1096B000B3B604008E4405002DE9F04F0D469DB071
:1096C00014469846064618B183690BB9FFF72AFE7F
:1096D000894B9D421BD175686B6ED90705D4AB8948
:1096E0009A0502D4A86D11F08EFFAB891B0701D536
:1096F0002B69EBB92946304600F098FAC0B16B6E81
:10970000DC070ED54FF0FF301DB0BDE8F08F7B4B6E
:109710009D4201D1B568DFE7794B9D4208BFF568EE
:10972000DAE7AB899805EDD4A86D11F06DFFE9E794
:109730000023099320238DF82930CDF80C803023A5
:10974000DFF8C0818DF82A304FF0010923469A4690
:1097500013F8012B0AB1252AF9D1BAEB040B0BD06F
:109760005B4622462946304612F015F8013000F0DB
:10977000AA80099A5A4409929AF80030002B00F006
:10978000A28000234FF0FF32CDE905230AF1010A40
:10979000049307938DF853301A935446052214F816
:1097A000011B5848C6F7B4FC049AD8B9D10644BF87
:1097B00020238DF85330130744BF2B238DF85330EB
:1097C0009AF800302A2B15D0079A544600204FF003
:1097D0000A0C214611F8013B303B092B4ED9B0B1A0
:1097E000079214E0A0EB080309FA03F31343049370
:1097F000A246D2E7039B191D1B680391002BBBBF38
:109800005B4242F0020207930793B8BF04922378A9
:109810002E2B0CD163782A2B35D1039B1A1D1B6884
:109820000392002BB8BF4FF0FF3302340593DFF8EB
:10983000E4A0217803225046C6F76AFC40B14023D9
:10984000A0EB0A0003FA00F0049B034301340493E5
:1098500014F8011B2C488DF828100622C6F758FC76
:1098600000283FD0294B1BBB039B073323F0070382
:1098700008330393099B3B44099367E70CFB0232CF
:109880000C460120A5E700230134059319464FF04B
:109890000A0C204610F8012B303A092A03D9002B74
:1098A000C5D00591C3E70CFB012104460123F0E775
:1098B00003AB00932A46164B04A93046AFF3008051
:1098C0000746781CD6D16B6ED90705D4AB899A05AB
:1098D00002D4A86D11F098FEAB895B063FF512AF7C
:1098E000099811E703AB00932A46094B04A93046B7
:1098F00000F012F8E4E700BF4844050068440500A2
:10990000284405008844050092440500000000003A
:1099100097B704008E4405002DE9FF470F7E0C9D8C
:10992000782F914680460C469A4601F1430207D8AB
:10993000622F0AD8002F00F0D880582F00F0A380A3
:1099400004F1420584F842703AE0A7F16303152B55
:10995000F6D801A151F823F0B1990300C59903008D
:109960004199030041990300419903004199030083
:10997000C5990300419903004199030041990300EF
:1099800041990300D19A0300F5990300B39A0300AB
:109990004199030041990300F39A030041990300A0
:1099A000F59903004199030041990300BB9A030014
:1099B0002B681A1D1B682A6004F1420584F84230A6
:1099C0000123A3E020682968060601F104030AD5F3
:1099D0000E682B60002E03DA2D23764284F8433084
:1099E0005E480A2319E00E682B6010F0400F18BF84
:1099F00036B2EFE72B682068191D2960010601D5F2
:109A00001E6802E04606FBD51E8854486F2F0CBF27
:109A100008230A23002184F843106568A560002DFF
:109A2000A2BF216821F0040121600EB9002D4DD0A4
:109A30001546B6FBF3F103FB1167C75D05F8017D21
:109A40003746BB420E46F4D9082B0BD12368DE07FC
:109A500008D5236961689942DEBF302305F8013CCF
:109A600005F1FF35521B2261CDF800A04B4603AA39
:109A70002146404611F0A1FE01304CD14FF0FF309D
:109A800004B0BDE8F087354881F84570296823683F
:109A900051F8046B29601D0614D5DF0744BF43F05D
:109AA000200323601EB9236823F0200323601023C2
:109AB000B0E7236843F0200323607823284884F824
:109AC0004530E3E7590648BFB6B2E6E71546BBE7BF
:109AD0002B6826686169181D286035061B6801D54A
:109AE000196002E07006FBD519800023236115463A
:109AF000BAE72B681A1D2A601D6862680021284693
:109B0000C6F706FB08B1401B606063682361002351
:109B100084F84330A8E723692A4649464046D0479F
:109B20000130ABD023689B0713D4E068039B9842B5
:109B3000B8BF1846A4E70123324649464046D047FD
:109B400001309BD00135E36803995B1AAB42F2DC2C
:109B5000EBE7002504F11906F5E700BF994405007D
:109B6000AA440500F8B50E461446054618B18369A7
:109B70000BB9FFF7D7FB214B9C422BD16C68A36933
:109B8000A360A3891A072FD523696BB323692068C3
:109B9000C01A6369F6B28342374604DC2146284680
:109BA000FFF742FB30BBA368013BA36023685A1C4C
:109BB00022601E7063690130834204D0A389DB07F1
:109BC00006D50A2E04D121462846FFF72DFB88B979
:109BD0003846F8BD0A4B9C4201D1AC68CFE7094B2F
:109BE0009C4208BFEC68CAE72146284600F01EF8F0
:109BF0000028CBD04FF0FF37EAE700BF484405000C
:109C0000684405002844050038B5074D0446084659
:109C1000114600222A601A4601F07BFD431C02D146
:109C20002B6803B1236038BD40310020324B70B542
:109C30001D6806460C4625B1AB6913B92846FFF7E7
:109C400071FB2E4B9C420FD16C68A389B4F90C2098
:109C500019072CD4DD0611D40923336042F04003E8
:109C6000A3814FF0FF303EE0254B9C4201D1AC6810
:109C7000EBE7244B9C4208BFEC68E6E7580712D597
:109C8000616B41B104F14403994202D03046FFF7C1
:109C90003BF800236363A38923F02403A3810023FB
:109CA000636023692360A38943F00803A3812369C8
:109CB0004BB9A38903F42073B3F5007F03D0214689
:109CC0003046FFF7ADFBA089B4F90C2010F001037A
:109CD0000AD00023A36063695B42A361236943B98F
:109CE00010F08000BAD170BD810758BF6369A360CE
:109CF000F4E70020F7E700BF2412002048440500E5
:109D0000684405002844050038B5064D0023044684
:109D100008462B6001F0E3FC431C02D12B6803B121
:109D2000236038BD4031002038B5074D002304467C
:109D3000084611462B6001F0D5FC431C02D12B686C
:109D400003B1236038BD00BF4031002038B5064D57
:109D50000023044608462B6001F0C9FC431C02D1D5
:109D60002B6803B1236038BD4031002038B5074D62
:109D700004460846114600222A601A4601F0B9FC42
:109D8000431C02D12B6803B1236038BD4031002051
:109D900038B5074D04460846114600222A601A4687
:109DA00001F0A9FC431C02D12B6803B1236038BD2C
:109DB0004031002038B505460848E0F76FFF0446FB
:109DC00048B9E0F7C1FF04461DB1054B1B689B79FC
:109DD0002B70E0F7D1FF204638BD00BFC44405001A
:109DE000242E00202DE9F84380460D489DF8209050
:109DF0000F4616461D46E0F751FF78B9094B1C681F
:109E000084F80480C4F80570C4F80960A4F80D5003
:109E100084F80F90BDE8F84308F08FBEBDE8F883E2
:109E200004450500202E002038B5054606480C469E
:109E3000E0F734FF38B9054B1B681D715C71BDE854
:109E4000384008F07ABE38BDD4440500202E0020EA
:109E500038B5054606480C46E0F720FF38B9054BF3
:109E60001B681D715C71BDE8384008F066BE38BDE6
:109E7000FC440500202E00202DE9F34180466E466B
:109E80001148089D86E80C000F46E0F707FF0446DE
:109E9000B0B90E4B00981B68B28883F804805F71DC
:109EA000C3F806005A81E0F74FFF044635B1084B6E
:109EB0001B68D3F806202A605B89AB80E0F75CFF63
:109EC000204602B0BDE8F081F4440500202E0020B9
:109ED000242E002010B504460548E0F7DFFE30B917
:109EE000044B1B681C71BDE8104008F026BE10BD75
:109EF000BC440500202E002010B504460548E0F7BC
:109F0000CDFE30B9044B1B681C71BDE8104008F051
:109F100014BE10BD14450500202E002010B50446C7
:109F20000548E0F7BBFE30B9044B1B681C71BDE867
:109F3000104008F002BE10BDCC440500202E0020C9
:109F400070B5064607480D461446E0F7A7FE40B92F
:109F5000054B1B681E715D719C71BDE8704008F077
:109F6000ECBD70BDEC440500202E002038B5054640
:109F700007480C46E0F792FE40B9064B1B681D717E
:109F8000C3F80540BDE8384008F0D7BD38BD00BF74
:109F9000DC440500202E002038B505460C46074855
:109FA0000121E0F78BFE38B9054B1B681D715C7110
:109FB000BDE8384008F0C1BD38BD00BFE44405002D
:109FC000202E002070B5064607480D461446E0F7DF
:109FD00065FE40B9054B1B681E715D719C71BDE843
:109FE000704008F0AABD70BD0C450500202E002071
:109FF00038B505460848E0F751FE044648B9E0F791
:10A00000A3FE04461DB1054B1B68DB882B80E0F7DF
:10A01000B3FE204638BD00BF2C450500242E00208D
:10A0200038B5054606480C46E0F738FE38B9054B0A
:10A030001B689D80DC80BDE8384008F07EBD38BDDF
:10A0400034450500202E002038B5054606480C464C
:10A05000E0F724FE38B9054B1B689D80DC80BDE825
:10A06000384008F06ABD38BD3C450500202E002070
:10A0700010B504460548E0F711FE30B9044B1B68E3
:10A080009C80BDE8104008F058BD10BD2445050077
:10A09000202E002010B504460548E0F7FFFD30B93A
:10A0A000044B1B689C80BDE8104008F046BD10BD05
:10A0B0001C450500202E002038B505460C460748F3
:10A0C0000121E0F7FBFD40B9054B1B681D71A3F8AA
:10A0D0000540BDE8384008F030BD38BD44450500B6
:10A0E000202E002070B5064608480D461446E0F7BD
:10A0F000D5FD50B9064B1B681E71A3F80550A3F897
:10A100000740BDE8704008F018BD70BD4C45050023
:10A11000202E002008B50448E0F7C0FD18B9BDE8BE
:10A12000084008F00ABD08BD5C45050038B5054685
:10A1300006480C46E0F7B2FD38B9054B1B681D71A7
:10A140005C71BDE8384008F0F8BC38BD54450500E6
:10A15000202E0020002008F094BC012903D90239E8
:10A16000012906D9704710B92020E0F701BD8020F1
:10A17000FBE708B94020F8E74FF48070F5E7B1F548
:10A180007A6F05D8B0F5FA7F94BF002001207047A0
:10A190000220704708B501F017FDC6F709F901F074
:10A1A00020FDC6F7B5F9D5F7D5FBF8E7D7F7B8B96D
:10A1B00008B5D6F733FABDE80840E0F775BB10B52F
:10A1C0000446CFF749FB2046E6F794FA2046C6F747
:10A1D0009DFA10BD0120704700B5C3B0D7F734F920
:10A1E00003F051FD48B1FFF7F5FF30B101A808F0C9
:10A1F00042FC10B901A8FFF7E2FF43B05DF804FB91
:10A2000000F0CBB810B50446C7F7E8FA2046CFF700
:10A210003BFE2046C6F7CEFB10BD0120704700B5BF
:10A22000C3B0E4F7A9F948B1FFF7F7FF30B101A8CF
:10A230000AF098F810B901A8FFF7E4FF43B05DF801
:10A2400004FB08B5D0F70CFED1F77CF9C7F7E2F9AB
:10A25000C7F768FABDE80840D0F734BB08B500F08E
:10A260009AF8D5F753FED4F751FE01F0A2F8D5F7CE
:10A2700017F9BDE80840C7F73BBA08B5D3F7D6FAD7
:10A28000D3F7E4FAFFF794FFC7F74CF9BDE80840AD
:10A2900000F0FFBE08B5D0F7DDF8D0F7A7F9BDE8AC
:10A2A0000840D0F7C9B8704708B5D0F727F9BDE81E
:10A2B0000840D0F7BBBA08B5FFF78EFFBDE80840ED
:10A2C000FFF7ADBF7047C7F721BA012070470120E3
:10A2D000704710B5D0F746F90446D0F7D7FA0028F2
:10A2E00008BF0024D7F7D8F8002808BF0024FFF7DC
:10A2F000ECFF002814BF2046002010BD38B5D5F76C
:10A300001DFC0446D0F73EF9042825D002284FF062
:10A31000000508BF0124D0F7AFFA04281ED0022898
:10A3200008BF012403F0EBFC042819D0022808BF61
:10A330000124C7F7F1F9042814D0022808BF01242A
:10A34000FFF7C5FF04280FD0022808BF0124002D05
:10A3500018BF0024204638BD0125DCE70125E1E7D0
:10A360000125E6E70125EBE70024F3E7CFF7ECBA98
:10A37000704770477047704770470022CFF7E0BFC3
:10A380007047704708B50123042205210020D2F749
:10A390007BFB002008BDFFF7F5BF08B5002318467A
:10A3A00004220521D2F770FB002008BD70B50024FF
:10A3B000064625465B210820D0F7B8FD102C04F195
:10A3C000010300D170BD012B14D0022B14D0032B3C
:10A3D00014D0042B14D0052B04D16A1C2946D5B205
:10A3E0001C46E8E70D3C012C0CD9102B0CD0B21FF9
:10A3F000D15CF5E70C21F3E7D121F1E78021EFE70C
:10A400000021EDE75A21EBE75D21E9E707B520F0F0
:10A410007F4040EA81700123019068468DF800304A
:10A42000FFF7C4FF03B05DF804FB70B506680C4687
:10A430008D18AC4201D1002070BD14F8011B91FAB7
:10A44000A1F13046090E00F0EAFAF2E7026813695A
:10A450009B06FCD5704710B5046823691B0600D421
:10A4600010BD204600F0CBFAF7E7FEE74FF40040BE
:10A4700070474FF47A707047002303607047036899
:10A480000B6001607047436803B118472220704792
:10A49000436903B11847FF20704730221C2302FB99
:10A4A000003000F1047000F5204001EBC00189008C
:10A4B0000868704738B50D682B78022B0C460CD015
:10A4C00069792879FFF7E9FFB0FA80F04009287030
:10A4D0002046BDE83840CFF7C7BF38BD03681878BD
:10A4E000704710B504682378022B15D06179207964
:10A4F000FFF7D3FFA279012A15D10038638818BF6E
:10A50000012040EA430363F03F039BB24FF6E07142
:10A510008B4202D12270638010BD4FF6DF729342EE
:10A52000F9D10022F6E7002AF6D1B0FA80F040090E
:10A530002070F1E703681A78022A03D100225A80BA
:10A54000D0F760BC704713B504682378022B10D095
:10A55000A379022B0BD160790021D1F70BF8627936
:10A5600020790023CDE900331146D2F747FA0223C0
:10A57000237002B010BD4FF060420123D2F8001EDC
:10A5800003FA00F00843C2F8000E002070474FF0B5
:10A5900060410122D1F8003E02FA00F023EA0003F4
:10A5A000C1F8003E0020704710B588B00E9C07949B
:10A5B0000D9C06949DF8304005940B9C04949DF8E6
:10A5C000284003940024CDE9013400920B46024652
:10A5D00001212046D0F740FD08B010BD704713B5EB
:10A5E000044601A8D2F72CFE9DF80630238040F2E5
:10A5F00001136380D2F74AFE6060002002B010BDF4
:10A60000D2F7F6BC08B5D2F7E3FC002008BD10B5C0
:10A61000044644EA010313F00303084609D19342B8
:10A6200001D1002010BD54F8231040F8231001334D
:10A63000F5E79200214610F04BFFF2E70A46013998
:10A640000144D4F7A9BF08B5D1F716F9013008BD08
:10A65000EFF3108072B6704700B962B67047EFF33F
:10A660001180602383F31188704780F3118870474D
:10A6700084B00B6800934B6801938B680293CB689E
:10A680000393009B0360019B0360029B0360039B99
:10A6900003600023009301930293039304B0704777
:10A6A00084B003680093036801930368029303680E
:10A6B0000393009B0B60019B4B60029B8B60039B91
:10A6C000CB600023009301930293039304B070477F
:10A6D00030B5D1E90054D1E902230560046002607D
:10A6E000036030BD30B50568046802680368C1E9DD
:10A6F0000054C1E9022330BDFFF7EABF1FB58A0746
:10A70000044609D01022684610F0E2FE6946204651
:10A71000FFF7DEFF04B010BD0091009904B0BDE862
:10A720001040FFF7D5BFFFF7DDBF1FB58B070C4605
:10A7300008D06946FFF7D6FF1022204610F0C8FE69
:10A7400004B010BD0091009904B0BDE81040FFF7BF
:10A75000C9BF10B5FFF7BCFFBDE810401031FFF7CF
:10A76000B7BF10B5FFF7BEFFBDE810401031FFF7CF
:10A77000B9BF10B50C46FFF7ABFF1031FFF7A8FFCC
:10A7800004F12001FFF7A4FF04F13001BDE81040FF
:10A79000FFF79EBF10B500F1424303F58013102A66
:10A7A0004FEA43130AD101221A6000F58870FFF7BF
:10A7B0005FFF1031BDE81040FFF75ABF00221A605A
:10A7C0002430F7E730B589B011F0030F0546144681
:10A7D00018D0082A0CBF10222022684610F078FEFC
:10A7E000224669462846FFF7D5FF082C0CBF0422F5
:10A7F00008226B460021013A01D209B030BD43F86E
:10A80000041BF8E70091009909B0BDE83040FFF75C
:10A81000C1BF436823F01F030E290BD8DFE801F006
:10A8200008080808080B0B0B080808080B0B0B009E
:10A83000194341607047194341F01001F9E710B521
:10A840002030FFF72DFF102A04D1BDE81040103151
:10A85000FFF726BF10BD30B589B08B070C461AD064
:10A860006946FFF7ECFF082A0BD110226946204603
:10A8700010F02EFE04226B460021013A08D209B0E6
:10A8800030BD20226946204610F022FE0822F2E761
:10A8900043F8041BF1E70091009909B0BDE830408E
:10A8A000FFF7CDBF704770477047D1F74FBDD1F765
:10A8B000DDBC70B505460E461446FFF7C9FE296893
:10A8C00081EA040202EA06044C402C60BDE87040B4
:10A8D000FFF7C2BE00F1424000F580104001016068
:10A8E0007047D2F7CBBBCB435B0003F00A03C360D6
:10A8F000C160704738B50D46D2F718FDAB7C0446F1
:10A900001BB1036843F080430360EB7C1BB12B7DDC
:10A9100043F08003A3652A8A6B7B1343EA891343C0
:10A9200063602B7BD5E901122046D2F7BBFC6B7D1F
:10A930001BB1236843F480332360AB7D1BB12368D4
:10A9400043F400432360EB7D2A7E1B07120502F4CB
:10A95000E00203F0E04313432366636F23F0300308
:10A960006367626F6B7E134363672B78E36038BD68
:10A9700038B50D46D2F7DAFCA97B2A8A036800298C
:10A9800042F0010214BF4FF48061002113430B43D6
:10A990002A7D03600368002A14BF4FF00052002292
:10A9A00013430360AB7C04461BB1EB7C43F0800394
:10A9B00083652B7B43F480536360D5E90112204605
:10A9C000D2F7A2FC6B7B0BB11023E3606B7D1BB154
:10A9D000236843F480332360AB7D1BB1236843F4C9
:10A9E00000432360EB7D2A7E1B07120503F0E04342
:10A9F00002F4E002134323662B78E36038BD036959
:10AA00001B06FCD5C069C0B2704703695A06FCD565
:10AA1000416303699B06FCD5C069C0B270470369F6
:10AA20005B06FCD54163704730B102680021538852
:10AA300012880846D2F7C0BC0520704737B50446D7
:10AA4000A8B14568FFF7F0FF014668B9226813898D
:10AA5000528953430193EBB20093C5F30742C5F308
:10AA60000723D2F7C9FC0146084603B030BD0521D3
:10AA7000FAE710B470B1836942698489018A0133AD
:10AA80000132121B5B1A20469BB25DF8044B92B256
:10AA9000D2F792BC05205DF8044B7047F0B4D0B1FA
:10AAA000C9B10E688C68A64218DA4D68CA6895422A
:10AAB00014DA002E14DB002D12DB01680F88BC4273
:10AAC0000EDA49888A420BDAC0E90365C0E905421B
:10AAD000F0BCFFF7CEBF0520F0BC70470420FBE7B9
:10AAE0000320F9E710B5040C0C70010A11701870FE
:10AAF00010BD73B50D461646044690B10C3000F0FB
:10AB0000DDF980B1A26801230193D3B20093B1B201
:10AB1000C2F30723A8B2C2F30742D2F76DFC02B01A
:10AB200070BD0520FBE70120F9E773B50D46164619
:10AB30001C4688B10C3000F0C1F978B101230193B3
:10AB4000E3B20093C4F30742C4F30723B1B2A8B23F
:10AB5000D2F752FC02B070BD0520FBE70120F9E7F7
:10AB600010B50446C3688B426369CCBF0120002046
:10AB70008B42A369B8BF40F0020093422369B8BF7B
:10AB800040F004009342C8BF40F0080010BDF0B58B
:10AB900085B016460546002840D00269B2423FDC27
:10ABA0008269B2423CDB9942C2BF0A46194613464B
:10ABB00042698A4234DBC4689C4231DC8C42B8BFB3
:10ABC0000C469A42D4BFC4EB0207C4EB030701371B
:10ABD000A0B20123BAB2B1B2D2F7EEFB0446D0B9AB
:10ABE000A8680DF10F030DF10E020DF10D01FFF735
:10ABF00079FF9DF80F300093214620469DF80E30D6
:10AC00009DF80D200197D2F7F7FB044618B92846A6
:10AC1000FFF72FFF0446204605B0F0BD0524FAE7F4
:10AC20000124F8E7F0B585B00E460546002840D06F
:10AC3000C168B1423FDC4169B1423CDB9A42C2BFCC
:10AC400011461A460B468169914234DB04699C42E5
:10AC500031DC9442B8BF14469942D4BFC4EB01071B
:10AC6000C4EB03070137A1B2BBB20122B0B2D2F7E5
:10AC7000A3FB0446D0B9A8680DF10F030DF10E0235
:10AC80000DF10D01FFF72EFF9DF80F3000932146C7
:10AC900020469DF80E309DF80D200197D2F7ACFBB1
:10ACA000044618B92846FFF7E4FE0446204605B0DE
:10ACB000F0BD0524FAE70124F8E72DE9F74F0C9FD2
:10ACC0000C4615461E468046002800F0B180994289
:10ACD00005D13B4603B0BDE8F04FFFF7A3BFBA4232
:10ACE00004D103B0BDE8F04FFFF751BFFFF738FFC5
:10ACF0003A46314681464046FFF732FF00228246FF
:10AD0000114649EA0A03DBB2002B00F0958009EAFC
:10AD10000A03DBB2002B40F08D80B9F1000F14BFA5
:10AD20004B465346D80717D5D8F80C100B1B7A1B87
:10AD30005A43331B92FBF3F22A444046FFF710FFBD
:10AD4000B9F1000F02D117460E4603E081461546C1
:10AD50000C4650468246D4E7980702D5D8F814101E
:10AD6000E4E7580709D5D8F81820531B311B59437D
:10AD70007B1B91FBF3F12144DFE71B07DDD5D8F8FE
:10AD80001020F2E77B1BB44224DA321B934224DC0E
:10AD90003B4637461E462B464FF0000B25461C46C9
:10ADA000A5EB0709B442A7EB050309EBD979B4BFBA
:10ADB000A6EB040AA4EB060A01934FEA6909B44220
:10ADC000D4BF01264FF0FF36BD421ADD002003B08C
:10ADD000BDE8F08FA21B93420ADD4FF0010BBD428C
:10ADE000DEDD234634461E462B463D461F46D7E74A
:10ADF0003B4637461E462B464FF0000B25461C4669
:10AE0000EDE7BBF1000F10D02A4621464046FFF780
:10AE100070FE0028DBD1D144B9F1000FC2BF019B05
:10AE2000A419A9EB03090135CEE722462946EDE72F
:10AE30000520CCE70120CAE7BD42A3DBEB1BA2E75C
:10AE40002DE9F04F85B088460646A8B3A2B3012984
:10AE500032D9D2E9009A02F1100457464B464FF01E
:10AE6000010B00253A4654F8047C1946304654F844
:10AE7000083C00970393FFF720FF012819D8039B94
:10AE800000B901350BF1010BD84504F10804E9D1F3
:10AE9000994501D1BA4509D00097524649463046F6
:10AEA000FFF70BFF012804D800B90135B5FA85F08A
:10AEB000400905B0BDE8F08F0520FAE778B10368D6
:10AEC0008B420BDC83688B4208DB4368934205DCD2
:10AED000C0689042B4BF0020012070470020704736
:10AEE0002DE9F04F85B090469DF838200292044637
:10AEF000002800F08180A1F120025E2A7ED890F81F
:10AF00002820022A8DB21AD13A291AD020291AD023
:10AF1000303DADB2228CAA4270D9E26901924FF065
:10AF2000000B1A465E4694F825101FFA8BF39942DF
:10AF30000BD8B6FA86F0400905B0BDE8F08F203D89
:10AF4000E7E70A25E6E70B25E4E794F82230012B32
:10AF500005D0022B1DD0019B53F825A002E0019BD8
:10AF600013F805A04FF0000994F824301FFA89F770
:10AF7000BB4212D894F8243094F827100B449F4217
:10AF800029DB94F823301D44ADB20BF1010B0132E3
:10AF9000C9E7019B33F815A0E4E71AF0010F0FD0C1
:10AFA00008EB090120460392FFF7A3FD0128C3D84F
:10AFB000039A00B901364FEA5A0A09F10109D3E7A9
:10AFC000029B002BF7D06368039208EB090120462F
:10AFD000FFF7ABFDEAE7029B5BB16368039208EB06
:10AFE00007012046FFF7A1FD0128A5D8039A00B963
:10AFF00001360137BFB2BDE705209DE702209BE780
:10B000002DE9F74F0C9F9DF834A09846054678B37C
:10B0100071B390F828306BB30C468E18C3464FF0CE
:10B020000009B44205D1B9FA89F0400903B0BDE87E
:10B03000F08F14F8011B0A2907D195F825303B44FD
:10B0400095F82670C3461F44EBE7CDF800A03B46B9
:10B050005A462846FFF744FF0128E7D808B909F106
:10B06000010995F8243095F8272013449B44D8E72C
:10B070000520DBE70220D9E708B520B11C301022FB
:10B0800019B910F04DFA052002E010F021FA002065
:10B0900008BDF8F7C1B82422002110F041BA18B158
:10B0A0002422002110F03CBA704770B515460E46B8
:10B0B00024220021044610F033FAC02D0DD0B5F53E
:10B0C000807F01D0802D0BD12046EA0840F8045B38
:10B0D000314610F0FDF9002070BD6FF07100FBE704
:10B0E0006FF01F00F8E72DE9F3411546884624224A
:10B0F0000021064610F014FAC02D34D0B5F5807F3B
:10B1000001D0802D32D13560D3F7C6F900234360DA
:10B1100003600446FFF79CFA802D0CBF0822102222
:10B120000746414620460192FFF74CFB3846FFF7A1
:10B1300093FA0523019AA360256915F00205FBD156
:10B140000192FFF785FA019A311D07462046FFF765
:10B1500082FB3846FFF780FA2046D3F7A7F9284646
:10B1600002B0BDE8F0816FF07100F9E76FF01F00E9
:10B17000F6E72DE9F0471F460368802B05460E468B
:10B18000914602D0B3F5807F34D1D3F785F90023FF
:10B19000436003600446FFF75BFA2946804651F896
:10B1A000043B802B0CBF08221022204604F1800AA9
:10B1B000FFF708FB49465046FFF7A0FA4046FFF765
:10B1C0004BFA012E0CBF05230623A360256915F059
:10B1D0000205FBD1FFF73CFA394606465046FFF719
:10B1E000A4FA3046FFF738FA2046D3F75FF928462D
:10B1F000BDE8F0876FF07100FAE703699B07FCD1A7
:10B20000704770B5D1E90123032A0ED803EB8204FD
:10B21000A342114605D10023013108290360FBD167
:10B2200070BD53F8041B0160F2E7D3E90065D3E970
:10B230000241072A06600560046001600ED80424FC
:10B24000A242114605DC0023013108290360FBD12D
:10B25000E6E753F8241001600134F1E7D3E9044133
:10B26000D3E906230460016002600360D8E7F0B50B
:10B2700089B04A68082A05460C460BD1FFF7E8F961
:10B28000A16806462846FFF76CFA3046FFF7E4F956
:10B2900000252FE012D9FFF7DBF9A1680646284602
:10B2A000FFF75FFA3046FFF7D7F96268A068083AFF
:10B2B00092000021203010F033F9E9E769460026BA
:10B2C00033460F46286841F8040B0133002818BFA5
:10B2D0001E46082BF6D1B2420FDA3146204600F066
:10B2E00045FD054630B9A068B200394610F0F0F8C7
:10B2F00001232360284609B0F0BDA06892003946BA
:10B3000010F0E6F8C4E738B50C46D1E90121072A68
:10B3100005460DD8920010F0DBF86068C0F1080215
:10B32000920005EB80000021BDE8384010F0F8B82D
:10B33000BDE83840202210F0CBB80078C31E584238
:10B340005841704700207047704700F0F9B800F08E
:10B35000F7B800F0F5B800F0F3B87FB5044603A8DD
:10B3600001911E461546D1F76BFF9DF80D300199EE
:10B37000012B14D19DF80C30022B10D84FF6FF7220
:10B38000AA424FF0000428BF2A46346092B24FF020
:10B39000FF300FF0C9FB3060204604B070BD33466B
:10B3A0002A46204600F017F9002818BF6FF03B002E
:10B3B000F3E77047F0B591B01446169A492508AEE8
:10B3C0008DF820503746551E0C3215F801CF06F87F
:10B3D00001CF9542F9D14FF48075ADF830509DF80A
:10B3E0005C508DF8325004250695189D0595002275
:10B3F0001025CDE9014300910B46CDE903751146B7
:10B40000CDE90D228DF82E208DF82F408DF83320B8
:10B410000F92D2F733FF11B0F0BD1FB5079C029415
:10B420009DF81840CDE9003413460A460146002035
:10B43000FFF7C0FF04B010BD1FB5079C02949DF834
:10B440001840CDE9003413460A4601460120FFF7B3
:10B45000B1FF04B010BDF7B50546B0201746019105
:10B460001E46D3F73DF8802F4FF0000343600CBF1A
:10B4700008221022019903600446FFF7A3F91DB9C1
:10B480000523A3608C23A36004F180003146019062
:10B49000FFF734F9019855B105230899A360FFF728
:10B4A00044F92046D3F726F8002003B0F0BD062368
:10B4B000F3E72DE9FF478046B020894617461E4630
:10B4C000DDF830A0D3F70CF80546B9F1800F4FF046
:10B4D000000343600CBF0822102245F8843B41461C
:10B4E0000446FFF76FF90EB331462846FFF706F919
:10B4F0004823A3600523A3600323394604F1A00079
:10B50000A360FFF7FBF80D9904F18000FFF70DF938
:10B51000BAF1000F03D051462846FFF706F920463E
:10B52000D2F7E8FF002004B0BDE8F08731461022D2
:10B5300068460FF0F5FF69462846FFF7DDF8D7E7C4
:10B5400008B518B16C2200210FF0EAFF002008BDF9
:10B550002DE9F04716468A4681461D46DDF82080D3
:10B56000D2F79AFF0023436003600446FFF770F8A8
:10B57000BAF1100F0CBF0822102207464946204698
:10B5800004F18009FFF71EF931464846FFF7B6F887
:10B590003846FFF761F8FFF75BF82946074604F1E4
:10B5A000A000FFF7ABF80523A360256915F002059D
:10B5B000FBD141464846FFF7B8F83846FFF74CF84C
:10B5C0001022414630460FF083FF2046D2F76EFF2F
:10B5D0002846BDE8F0872DE9F0411C460023884647
:10B5E00016462360052725682246711B08EB0500D7
:10B5F000D3F71CFB23681D44B54228BF0020013F40
:10B60000256001D00028EED1BDE8F08113B5684671
:10B610000024022300948DF804408DF80530D0F703
:10B6200047FF204602B010BD07B530B9CDE9001282
:10B63000D3F760FCDDE9001230B1436823B1006844
:10B6400003B05DF804EB1847232003B05DF804FB5A
:10B6500030B585B01C4658B9CDE90012D3F74AFC85
:10B66000DDE9001204B903AC20B9232005B030BDD8
:10B6700003B903AC8568002DF7D023460068A847BE
:10B68000F4E7F8B50E461746054690B9D3F732FCF5
:10B690000446054630463946FDF728FDAC420646CD
:10B6A00002D02046D3F71AFC002ED4BF372000204A
:10B6B000F8BDD3F71FFC85420446EBD02846D3F7EC
:10B6C0000DFCE7E70EB403B503AA52F8041B019280
:10B6D000FFF7D7FF02B05DF804EB03B0704700201E
:10B6E0007047FEE74FF400534B6000207047012085
:10B6F00070470020704707B501AB00200190FFF7AD
:10B70000A7FF0198002808BF4FF0FF3003B05DF895
:10B7100004FB10B514460020FFF786FF204610BD3D
:10B7200088B190F8382090F83C3032B1022B04D127
:10B73000012280F83C2018467047042B4FF001028C
:10B74000F7D01346F7E70123F5E780F82C10704790
:10B7500090F82C00704790F839007047037A302237
:10B76000534303F1804303F56223D3F89410D0E9E7
:10B7700003231344994214BF084610467047F8B596
:10B7800090F8393004460D4681B173B990F83A60AB
:10B79000FEF75EFF012105463046D4F741F8284602
:10B7A000FEF75AFF012384F83930F8BD002BFCD096
:10B7B00090F83A70FEF74CFF294606463846D4F713
:10B7C0002FF83046FEF748FF84F83950EDE72DE9B1
:10B7D000F8430446164690F82C700D46FEF73FFFDE
:10B7E00094F8382003469AB1FEF73FFF94F83B9057
:10B7F000FEF72EFF012180464846D4F711F8404657
:10B80000FEF72AFFFEF72BFF0022034684F83820BC
:10B810001846FEF72AFF2E44B54204D1236A0121BF
:10B82000204698473AE094F82D3023B3FEF717FFEF
:10B83000237E8046E3B12046FFF790FF421EE0687A
:10B84000D4F830C082423EBF226902F1FF321218A2
:10B8500013469C450BD013F80119112901D0132967
:10B860001FD1A1F111035942594184F834102263C8
:10B870004046FEF7FAFE94F83430002BCCD037B1B6
:10B880002B780A2B03D1E3690D2120469847E36901
:10B8900015F8011B204698470028BDD00020BDE8C0
:10B8A000F883984282BF236903F1FF331B18D0E766
:10B8B00073B590F83830044603F0FF01A3B9036A6A
:10B8C00001919847012384F8383094F83B60FEF7E3
:10B8D000BFFE019905463046D3F7A2FF2846FEF782
:10B8E000BBFE022384F83C3002B070BD026CD36C06
:10B8F00043F00403D364704710B5026C0446136927
:10B900005906FCD500231A4694F8491094F84800CB
:10B91000D1F7BAF800231A4694F84B1094F84A006D
:10B92000D1F7B2F894F85030DA0707D5002394F82D
:10B930004D1094F84C001A46D1F7A6F894F8503000
:10B940009B0707D5002394F84F1094F84E001A4631
:10B95000D1F79AF8206CC36C23F00103C364C36C65
:10B9600023F00403C3640021FEF7BDFF606C0021D7
:10B97000CFF742FF002010BD08B5006CFFF74FF86D
:10B98000002008BD036CDA6C19B142F00102DA64E0
:10B99000704722F00102DA6401229A64704738B5D8
:10B9A0000468206C056C15F0010509D0012383643F
:10B9B00003699B060FD52046BDE83840FFF778BFE6
:10B9C000042384F83C30237E33B9C36C23F0040392
:10B9D000C3640123237638BD637E23B394F82D30EE
:10B9E0000BB384F835501321FFF719F8236CDA6C88
:10B9F00042F00402DA64DB69DBB2112B0ED10123C1
:10BA000084F83430237A3022534303F1804303F522
:10BA10006223D3F89430013B2363DCE7132BDAD1A4
:10BA200084F83450EEE7C36C23F00403C364D2E718
:10BA300030B5013A42EA520242EA920242EA121256
:10BA400042EA122242EA12420132B2F5807F38BF46
:10BA50004FF480725442044015198D4205D31C6086
:10BA6000039B1D60049B1A6030BD5200F2E708B5CD
:10BA7000D3F7FCFD08BD07B5FEF7EAFD0190D3F74B
:10BA800043FE019803B05DF804EBFEF7E5BD704797
:10BA9000FEF70BBF70477047012070474FF41670D8
:10BAA000D3F748BF00230B707047F0B587B00591FE
:10BAB00015461E46044690B10027C761D4F760FAC8
:10BAC000BDF8343002939DF830300599CDE900631C
:10BAD0003A462B462046D4F7C5F907B0F0BD2220E0
:10BAE000FBE7F0B585B00D4616461F46044690B1FB
:10BAF0000023C361D4F744FABDF82C3002939DF8BB
:10BB000028302A46CDE90073294633462046D4F72B
:10BB1000A9F905B0F0BD2220FBE7F0B587B01F46BC
:10BB200000230D4616468DF817300446A8B1C361B0
:10BB30000DF11701D4F74CFA9DF817207AB9BDF82A
:10BB4000343002939DF830302946CDE90073204609
:10BB50003346D4F787F907B0F0BD2220FBE7032076
:10BB6000F9E7F0B587B01F4600230D4616468DF85D
:10BB700017300446B0B1C3610DF11701D4F728FAAC
:10BB80009DF8173083B9BDF8343002939DF83030FA
:10BB90002A46CDE90073294633462046D4F762F998
:10BBA00007B0F0BD2220FBE70220F9E738B5FEF729
:10BBB00056FD0546D4F764FC04462846FEF755FDBD
:10BBC000204638BDD4F7ECBC08B5C5F7D5FCFEF768
:10BBD00038FBFEF743FBFEF750FBBDE80840FEF7DD
:10BBE00059BB08B5FEF75FFBFEF75EFBFEF763FB94
:10BBF000BDE80840FEF766BB242070473C20704734
:10BC00004C2070479C207047742070477C20704700
:10BC1000242070470C2070476C20704708B502F054
:10BC200023F902F010FDDAF761F803F001FC04F0EB
:10BC30009BF9DAF7BFFC002008BD38B50446FEF7D3
:10BC400007FD05462046FDF74FF804462846FEF757
:10BC500003FD204638BD37B504460191FEF7F8FCD8
:10BC6000019905462046FCF7FFFF04462846FEF7EB
:10BC7000F3FC204603B030BD37B504460191FEF712
:10BC8000E7FC019905462046FDF71EF904462846C3
:10BC9000FEF7E2FC204603B030BD38B50546FEF79E
:10BCA000D7FC04462846FDF727F82046BDE8384073
:10BCB000FEF7D2BC01F18041013900EB81018142E4
:10BCC000034600D270471B680A681BBA12BA40F8D4
:10BCD000042B41F80439F2E72DE9F04711F0030491
:10BCE00018BF01249846436804EB9104A34205461B
:10BCF0000E4617464FEA840AC1EB84091BD34A4615
:10BD0000002180680FF00CFC6A68A868121B920082
:10BD1000002150440FF004FCA968324649444046D3
:10BD2000B847064620B91CB1A8682146FFF7C2FFF4
:10BD30003046BDE8F0876FF00306F9E700230122E3
:10BD4000C0E900238360704710B5044668B180687D
:10BD500030B161688900D5F7DBF9A068FFF79DFF76
:10BD600000230122C4E90023A36010BD70B542F294
:10BD70001073994204460D4602D96FF00F0070BD52
:10BD800043688B4216D204212846FFF764FF06461B
:10BD90000028F2D0A16859B1626892000FF098FBB8
:10BDA0006168A0688900D5F7B3F9A068FFF775FF4F
:10BDB000C4E901560020E2E738B504460D4619B93A
:10BDC000FFF7C2FF002038BD42688A4207D1806871
:10BDD000920000210FF0A4FB01232360F2E7FFF79C
:10BDE000B3FF29462046BDE83840FFF7BFBF70B516
:10BDF000884205460E460AD04C6840686CB9C8B106
:10BE0000012382002B60A86821460FF089FB0020E7
:10BE100010E0B36853F8243013B9013C002CF8D17A
:10BE2000013433682B60844205D921462846FFF748
:10BE30009DFF40B170BD021BA8689200002100EB7D
:10BE400084000FF06DFBB168A868A2000FF040FB02
:10BE5000DDE770B50E4601210446FFF787FF054672
:10BE600088B9626801469200A0680FF059FBA36888
:10BE700086EAE672002EA2EBE6721A60B4BF4FF0BB
:10BE8000FF3301232360284670BD4368B1EB431F95
:10BE90003FBF4A09836853F8220001F01F013ABFEF
:10BEA00020FA01F101F001000020704702464068CD
:10BEB00088B19268431E7BB952F8231000204FF0DE
:10BEC0000042114204D1013020284FEA5202F8D139
:10BED0000133C0EB4310704752F823100029EBD117
:10BEE000013BE8E72DE9F04112F0030418BF0124FB
:10BEF00004EB92048846214607461546FFF75CFF8F
:10BF0000064668B965B1BB68C5EB84002A46414660
:10BF100018440FF0DDFA1CB1B8682146FFF7CAFEDD
:10BF20003046BDE8F081F8B5044608466368B2EBD8
:10BF3000830F4FEA83051BD9521B8E1800210FF087
:10BF4000EFFA30462A46811800239A4212D1002087
:10BF5000F8BDA76823F0030C03F00301CE0057F8E7
:10BF60000C10F140C9B289B90133AB42F1D1EAE713
:10BF70001346FAE7A76823F0030603F00300C500A1
:10BF8000B859E84001F8010D0133DEE76FF0070012
:10BF9000DEE7F8B505460E464C0901F01F07FFF72E
:10BFA00085FF6B683044B0EB431F04D81F2E0ED8BA
:10BFB0006FBB00200AE010F01F0118BF012101EB48
:10BFC00050112846FFF7D2FE0028EFD0F8BD6B686D
:10BFD0006FF003009A0060431946A142A2F10402E7
:10BFE0000CD8E21A9C4288BF002213449B00002216
:10BFF000043B191DDCD0A968CA50F9E7AE6806EB0E
:10C00000020C01395CF800C046F802C0E5E76E6832
:10C010000022C7F1200CA642CBD9A86850F8241002
:10C0200001FA07F3134340F8243021FA0CF20134EB
:10C03000F1E7F0B443684E09B34201F01F0401D3A5
:10C0400004D15CB3F0BC0021FFF703BF1F2927D840
:10C0500004BB0020F0BC70478268575942F8217039
:10C06000043501319A1B8A42F6D800219342EFD958
:10C07000856845F822100132F8E7866856F82350A3
:10C0800025FA04F20A4346F8232005FA07F1013B9A
:10C09000F3D2DEE70021C4F12007F8E71F29D8D941
:10C0A000B5000021DEE730B543682BB94A6862B9B4
:10C0B000181E18BF012028E0826802EB830252F8A4
:10C0C000042C002AF2D1013BEFE78C6804EB8205D7
:10C0D00055F8045C35B9013AE9E7012015E04FF065
:10C0E000FF3012E0002BFAD09342F6D8F7D3013B91
:10C0F000826852F8231054F823209142EDD803F1BE
:10C10000FF33ECD35A1CF3D1002030BD30B5436867
:10C11000024623B9486858B9002B36D12FE0906801
:10C1200000EB830050F8040C0028F3D1013BF0E74A
:10C130008C6804EB800555F8045C15BB0138EAE710
:10C1400002D20868404221E010680968002803DD37
:10C15000002907DA012019E0002903DD10B14FF0B2
:10C16000FF3013E0013B916851F8235054F823103D
:10C170008D420BD803F1FF33E4D3591CF3D10020D7
:10C1800004E0002BDDD08342DAD9106830BD1FB542
:10C1900081EAE173A3EBE17300290093B4BF4FF090
:10C1A000FF330123019301A901230293CDF80CD0A1
:10C1B000FFF7ACFF05B05DF804FB2DE9F0419042BC
:10C1C00006460F46154602D0884229D12F46012344
:10C1D0007D68336065BB29463046FFF7C7FD0446DE
:10C1E00018BBB368B9689C460746854229D103EB62
:10C1F0008503D7B17268AA4205F1010807D8414604
:10C200003046FFF7B3FD68BBB36803EB85031A68DC
:10C21000D21943F8042B2CBF012700274546E8E735
:10C22000FFF7E5FD04460028D0D02046BDE8F081A8
:10C23000BB6803EB850353F8043C002BCBD1013DD5
:10C24000C8E7DCF80020D21951F820702CBF4FF05D
:10C25000010E4FF0000ED2194CF8042B4EF10007DE
:10C260000130C2E70446E0E72DE9F843546805468B
:10C270000E4690463CB97168A1420ED26FF0090794
:10C280003846BDE8F883D8F8083003EB840353F848
:10C29000043C002BEFD1013CECE72846FFF766FD9C
:10C2A00007460028ECD17268A24209D9B168A86893
:10C2B000121B920001EB840100EB84000FF008F9DF
:10C2C0006A687068824207D9AB68121A920000212E
:10C2D00003EB80000FF024F90022A968D6F808E0EB
:10C2E000D8F8088013469C4211D16AB1686801EB06
:10C2F00084034FF0FF36A04223D91A68EAB151F8FF
:10C300002430013B41F8243001232B60B8E75EF86C
:10C3100023C058F82360ACEB0200B0422CBF4FF0B2
:10C3200000094FF00109801B41F8230094452CBF00
:10C330004A4609F101020133D5E743F8046B0134A1
:10C34000D9E7DCD19AE7F8B50D6813686B4304466A
:10C350000F46164616D511463846FFF7A4FE0028AC
:10C3600006DB324639462046FFF77EFF40B1F8BD76
:10C370003A4631462046FFF777FF0028F7D16D4255
:10C380002560F4E7FFF719FFF0E7F8B50D681368CB
:10C390006B43002B04460F46164616DD1146384601
:10C3A000FFF781FE002806DB324639462046FFF7BC
:10C3B0005BFF40B1F8BD3A4631462046FFF754FFD7
:10C3C0000028F7D16D422560F4E7FFF7F6FEF0E7AD
:10C3D0001FB582EAE273A3EBE273002A0093B4BFB5
:10C3E0004FF0FF330123019301AA01230293CDF8FB
:10C3F0000CD0FFF7CAFF05B05DF804FB2DE9F0474C
:10C400009446DD08089AA1EB030A03F0070E644680
:10C4100003462F464FF00008013F791C03F120032B
:10C4200004F1200413D100EB45100CEB45154FEA45
:10C430008E09844605EB8E0E754540F08880484491
:10C44000BAF1010A80F094804046BDE8F08754F8C4
:10C45000206C53F8201CA2FB069618EB090846F145
:10C46000000611EB080843F8208C54F81C1C46F118
:10C470000006A2FB019853F81C1C16EB090648F1B4
:10C4800000088E1943F81C6C54F8186C48F1000829
:10C49000A2FB066918EB060853F8186C49F100096D
:10C4A00016EB080643F8186C54F8146C49F10009AF
:10C4B000A2FB066819EB060953F8146C48F1000852
:10C4C00016EB090643F8146C54F8106C48F1000898
:10C4D000A2FB066918EB060853F8106C49F1000935
:10C4E00016EB080643F8106C54F80C6C49F100097F
:10C4F000A2FB066819EB060953F80C6C48F100081A
:10C5000016EB090643F80C6C54F8086C48F1000867
:10C51000A2FB066918EB060853F8086C49F10009FC
:10C5200016EB080643F8086C54F8046C49F100094E
:10C53000A2FB066819EB060953F8046C48F10008E1
:10C5400016EB090648F1000843F8046C64E755F857
:10C55000044BDCF80070A2FB044618EB040846F11B
:10C56000000417EB08074CF8047B44F1000863E76C
:10C57000036813EB080340F8043B2CBF4FF001089D
:10C580004FF000085CE72DE9F04F8BB01546002313
:10C5900001228842CDE90423CDE90632CDE90833F2
:10C5A00007460E4605D104A8FFF721FC044670BBE0
:10C5B00004AEAF4206D1394607A8FFF718FC04467F
:10C5C00028BB07ADD6F80480B8F1000F29D14FF091
:10C5D000010BD5F80490B9F1000F2ED14FF0010BEB
:10C5E00008EB09013846FFF7C1FB044678B901465C
:10C5F0003846FFF72EFC044648B9824608F101018F
:10C60000CA4524D1BBF1000F31D001233B6007A8FC
:10C61000FFF79AFB04A8FFF797FB20460BB0BDE895
:10C62000F08FB36803EB880353F8043C13B908F1A7
:10C63000FF38C9E74FF0000BCBE7AB6803EB89038A
:10C6400053F8043C002BCBD109F1FF39C3E7AB68A9
:10C65000B86853F82A30009300EB8A00B26803915F
:10C660004346FFF7CBFE0AF1010A0399C8E7336896
:10C670002A6853433B605C46C9E72DE9F3414F68A4
:10C680000546884616463FB1D8F8083003EB8703C5
:10C6900053F8043C3BB146B90021284602B0BDE83E
:10C6A000F041FFF7D6BB013FEDE7791C2846FFF7C5
:10C6B0005DFB044670B941462846FFF798FB0446E7
:10C6C00040B9013ED5E90110D8F8082000963B4654
:10C6D000FFF794FE204602B0BDE8F0812DE9F04F4F
:10C6E0002DED028B99B0074689461846002108EEC9
:10C6F000903A1646FFF74BFD002800F0A381032374
:10C7000000240125139318EE901A15AB3046CDE99D
:10C710000654CDE90845CDE90A44CDE90C54CDE9EC
:10C720000E45CDE9104412951493FFF7BCFCA042CE
:10C730002ADA4FB9B9F1000F1ED10024204619B0F2
:10C74000BDEC028BBDE8F08F21463846FFF781FB38
:10C7500004460028EED006A8FFF7F6FA09A8FFF76E
:10C76000F3FA0CA8FFF7F0FA0FA8FFF7EDFA0C2187
:10C7700015A8D4F7CDFCE1E731464846FFF737FB73
:10C7800004460028E7D1D8E7314606A8FFF72FFB7B
:10C7900004460028DFD10DF1240818EE901A404617
:10C7A000FFF725FB04460028D5D1716809950231B1
:10C7B0000CA80695FFF7DAFA04460028CBD101460B
:10C7C0000CA8FFF746FB04460028C4D171680FA8E7
:10C7D0000231FFF7CBFA04460028BCD14046FFF7F0
:10C7E00065FB00F01F001F2876D0C0F11F0319461B
:10C7F00006A808EE103AFFF7CCFB04460028AAD1A1
:10C8000018EE101A4046FFF7C4FB04460028A2D1D8
:10C81000DDF81CA00A9DAAEB05034FEA431B59460D
:10C8200040460193FFF7B5FB0446002893D1019BD6
:10C830009B00414606A80193FFF768FC0028019B76
:10C840004DDA59464046FFF7F4FB0446002882D1F2
:10C850006B1E01939B00039305F18043023B9B00F9
:10C8600004930AF180430AF1FF38013B0AF1804A40
:10C870005D1BAAF1020AAD004FEA8A0B019B9845A5
:10C880003CD857B10CA93846FFF7B1FA10BB18EEE7
:10C89000902A3368126853433B60B9F1000F3FF4AC
:10C8A0005AAF18EE101A06A8FFF7C3FB90B9336809
:10C8B000069306A94846FFF79AFA0146002840F079
:10C8C000BF804846FFF763FC00287FF444AF012394
:10C8D000C9F8003004463EE708EE104A98E70E9982
:10C8E0000193CA580132CA5006A942460846FFF7CA
:10C8F0004CFD019B044600289BD02CE74FEA88039F
:10C90000DDF820A0039A05930B9B5AF828109A583B
:10C910000E9B914203EB050002907AD34FF0FF3259
:10C920005A51B8F1010F8ABF0AEB0B03002353F8E9
:10C93000043C1593B8F1000F7ED05AF80B301693D3
:10C94000059B029A5AF803301793029B1B68013328
:10C9500013600E9A5359013B535100210FA8FFF762
:10C9600078FA0028B6D1019B0B9A002B66D0049B65
:10C97000D158119B1960039952585A600E9B0FA908
:10C980005A590846FFF779FE0028A3D112A90FA82B
:10C99000FFF7BCFB0028DCDC0E9B09A95A590FA845
:10C9A000FFF76BFE002895D14FEAC50A51460FA844
:10C9B000FFF7EFFA00288DD106A908460FAAFFF766
:10C9C000E4FC014600283BD106A8FFF7E0FB002865
:10C9D00019DA09A90FA8FFF70AFA00287FF47AAF3D
:10C9E00051460FA8FFF7D5FA00287FF473AF06A9C8
:10C9F0000FAA0846FFF7A7FC00287FF46BAF0E9A3A
:10CA00005359013B535108F1FF38043DABF1040B7E
:10CA100034E75AF80B0052B10023FBF7A3FF4FF0A5
:10CA2000FF3383424FF000038B41024601D24FF0A7
:10CA3000FF32029B1A6074E7434680E7019998E74A
:10CA40000C4688E66FF00B0478E670B504460D4698
:10CA5000104600211646FFF79AFB002824DB2A46E1
:10CA6000334621460020FFF739FE054638B12846F7
:10CA700070BD324621462046FFF765FC90B9002183
:10CA80002046FFF784FB0028F3DB31462046FFF702
:10CA90003DFB0028EBDB324621462046FFF775FCC4
:10CAA0000028F2D00546E2E76FF00905DFE72DE93F
:10CAB000F04F87B0054600249946104601238A4668
:10CAC000CDE901341646FFF7F1F9A245074600F11A
:10CAD000070B59DB51463046FFF759FBA04253DDA7
:10CAE000BBF1270F4FF00103716805942846CDE98B
:10CAF00003348CBF4FF01E084FF0FA08FFF75CF9C3
:10CB00000446002836D1716803A8FFF72FF90446C0
:10CB100080BB514603A8FFF79CF9044650BB4FEA7F
:10CB2000DB0A2BF0070BABEB0707109B4A4651467D
:10CB30002846FFF7D1F80446E0B939462846FFF702
:10CB400078FA0446B0B9B8F101081AD001AA03A9CD
:10CB5000284600F0A5FB044660B902AA31462846E3
:10CB600000F09EFB044628B9019B002BDDD1029BFF
:10CB7000002BDAD003A8FFF7E7F8204607B0BDE89E
:10CB8000F08F6FF00D04F5E76FF00304F5E77FB564
:10CB9000016F01F00303032B04463BD1426E2AB917
:10CBA00090F86D30023B012B1DD8C265206E94F9C0
:10CBB000003094F86C50002814BF40200020023A46
:10CBC0005208034343EAC2036A1E1343237004F16D
:10CBD0000F06E36D3046321AD2B2954206D84BB1F9
:10CBE00041F0100121676FF00C0011E000F80139ED
:10CBF0001B0AF0E703AB009310222346214604F101
:10CC00002000D3F76FFD18B1236F43F010032367A3
:10CC100004B070BD0020FBE72DE9F04188B01C4650
:10CC20000023CDE90333CDE905330793154603AB64
:10CC30001022009380460E4604AB81182030D3F7B3
:10CC400051FD074670B1D8F8703043F01003C8F8B2
:10CC5000703010210DEB0100D4F75AFA384608B0B5
:10CC6000BDE8F0810E99234604AA941901391D44A8
:10CC700013F8012B14F8010BAB4282EA000201F811
:10CC8000012FF5D1E5E7742200210EF049BC2DE912
:10CC9000F041044617460846012219461E46D3F7BE
:10CCA000D5FC054698B14369102B10D1203420469D
:10CCB00000F063FA29462046D3F7DCFC48B9324637
:10CCC000394620460123BDE8F041D3F7EBBC6FF0B5
:10CCD0000C00BDE8F08110B5044640B1203000F0F2
:10CCE0004CFA20467421BDE81040D4F711BA10BDAB
:10CCF000F8B51D46073B062B044616462DD8C5F150
:10CD00000F0300F1100780F86D1080F86C301022CE
:10CD1000002138460EF004FC94F86C30013B23747B
:10CD20002A46314604F111000EF0D2FB681C94F83B
:10CD30006C20002138440EF0F3FB0123E377E01868
:10CD40002A4631460EF0C4FB236F43F001032367EC
:10CD50002046BDE8F840FFF71ABF6FF00C00F8BDA1
:10CD600030B4022B12D0102B10D813F001050DD1C6
:10CD7000B1F57F4F0AD2C0E91935036F43F00203C2
:10CD800030BCC0E917210367FFF701BF6FF00C004B
:10CD900030BC70472DE9FF47036F0446D8060F46A5
:10CDA000154649D422B90026304604B0BDE8F087C4
:10CDB00013F0080640D15907226E39D4AA423BD35A
:10CDC000217881EA12212170617843F004034A40FE
:10CDD0006270236704F120080DF10C09A26E931C08
:10CDE00003F00F01C1F11003AB4228BF2B464FF0F7
:10CDF000000C5FFA8CF083420CF1010C1FD81A442E
:10CE0000ED1A1F440B44102BA26602D0236E9A42E7
:10CE10001FD1CDF800902346102221464046D3F77B
:10CE200061FCB0B1236F43F0100323670646BBE7F4
:10CE3000A36E2B449342CDD96FF00C06B4E701EBFF
:10CE4000000E385C14F80EA080EA0A0004F80E0008
:10CE5000CFE7002DC2D1A26E236E9A42A3D1236FD9
:10CE6000A56643F0080323679EE72DE9F04F8BB0DA
:10CE70009946036FDB0604468846164600F1B480E7
:10CE8000436E2BB1836E1344C26D934200F2AC80AB
:10CE9000149B9E4200F2A880159B04F1200B1E609B
:10CEA0000EB9334683E0A36E94F86D2003F00F07AC
:10CEB000C7F11005B54228BF354602F0FD022B44EC
:10CEC000012AA36666D094F86D3013F0FD0F2BD1C4
:10CED0000DF1180A4346CDF800A02A4639462046EF
:10CEE000FFF79AFE0346002861D1C2B2954200F1D5
:10CEF000010066D82A46514648460EF0E9FA10214C
:10CF00005046D4F705F97B19102B03D0A26EE36DC0
:10CF10009A4265D105AB009310222346214658461C
:10CF2000D3F7E0FB034680BB2F44102F54D104F10C
:10CF30001F0194F86C000A468B1ADBB298424FD955
:10CF400013780133DBB202F80139002BF4D047E04B
:10CF5000B81818F8022014F800C082EA0C02225413
:10CF6000CAB2954201F10101F2D87A19102A02D011
:10CF7000E26D934210D105AB009310222346214667
:10CF80005846D3F7AFFB034630B1226F42F0100290
:10CF900022670CE00021E3E74346CDF800902A46E3
:10CFA00039462046FFF738FE034600288BD0102173
:10CFB00006A80393D4F7ACF8039B18460BB0BDE862
:10CFC000F08F02F12803B9180DEB030212F8103CA0
:10CFD000625C5340635488E7A26EE36D9A42A6D028
:10CFE000761BA844A9445BE76FF00C03E5E7F7B5AF
:10CFF000036F1746DA0604460E4635D4026E0AB1B0
:10D000001B072BD5E36D33BB04F11F0194F86C00B3
:10D010000A4600258B1ADBB2984222D80094234698
:10D02000102200212046FFF7F7FD054680B926B102
:10D030003A46214630460EF04BFA00212167102275
:10D0400020460EF06DFA10220021A0180EF068FAAA
:10D05000284603B0F0BDA26E9342D5D06FF00C0508
:10D06000F6E702F80159D5E76FF06D05F0E7F0B586
:10D0700085B015461A460A9B0C9F109E0446FFF782
:10D0800037FED8B933462A4639462046FFF768FEB0
:10D09000A0B90B993A462046FFF77CFE70B903AB66
:10D0A000CDE900530D990E9B2A462046FFF7DDFE81
:10D0B00020B90F9932462046FFF799FF05B0F0BD21
:10D0C000F0B58DB0169D189E069608AFCDE90457B1
:10D0D000159F0397149F0297139F0197129F009724
:10D0E0001446FFF7C4FF60B90246D3B29E4202F174
:10D0F000010208D828B128462146D4F709F86FF074
:10D100000E000DB0F0BD03F13001179F6944FB5CC8
:10D1100011F8101C4B401843E7E710B588B00F9C7E
:10D1200006940E9C05940D9C04940C9C03940B9CFB
:10D1300002940A9CCDE9003413460A460121FFF708
:10D1400096FF08B010BD10B588B00F9C06940E9CD9
:10D1500005940D9C04940C9C03940B9C02940A9CD3
:10D16000CDE9003413460A460021FFF7A9FF08B0B5
:10D1700010BD3C2200210EF0D3B910B5044698B181
:10D18000806B28B14C21D3F7C3FFA06BFEF785FD60
:10D19000606B18B123689B695B69984720463C2106
:10D1A000BDE81040D3F7B4BF10BD10B50446FFF77B
:10D1B00092FD2046BDE81040FEF76FBD10B574210A
:10D1C0000120FEF748FD044608B1FFF75CFD20464C
:10D1D00010BD13460A460221FFF759BD10B504469B
:10D1E000FDF75DFF2046BDE81040FEF756BD10B5C7
:10D1F00024210120FEF72FFD044608B1FDF74BFF67
:10D20000204610BDFDF76FBFFDF74FBFFDF7B1BF63
:10D21000431A4840594008405840C00F7047F0B585
:10D220005F4204390025013B854200D1F0BD52F830
:10D23000256051F8044F3E401C4034430C600135DA
:10D24000F2E72DE9F8430F46496805469146FEF797
:10D250008DFD8046C8B92C687868BA68A968631CD7
:10D260003C6801345C4004EA49045C40C9F10006B2
:10D27000013C4B4646EA09062C60FFF7D0FFF61743
:10D280007B686868F643984202D84046BDE8F88358
:10D29000A96851F82320324041F823200133F2E7F6
:10D2A0002DE9F74F88464168D8F804309942064680
:10D2B00036D10368D8F80010C3F340094B40C3F3DC
:10D2C000400409EA530313604768C9F10103013FB1
:10D2D00003D2002003B0BDE8F08FD8F80810019306
:10D2E00051F827B0B16851F827A058465146FFF7CA
:10D2F0008FFFC4F10105116805EA090505400443E3
:10D300000D4350465946FFF783FF019BC4F1010CC2
:10D3100003EA000101EA0C010D4315600443D6E75E
:10D320006FF00300D6E72DE9F04FBFB0502A064654
:10D330000F46154600F2A1807022002122A80EF0AF
:10D34000EFF80DA8FDF7A7FE002430232A46394642
:10D3500028A88DF89F308DF898408DF899408DF869
:10D360009A408DF89B500EF0B3F805F1F8036B442A
:10D37000802203F8582C05AB984603F8014B013482
:10D38000202CFAD14FF4807241460DA8FDF78DFE96
:10D390000446002855D1193507461022002101A85E
:10D3A0000EF0BEF8AA460DF1880901AA09F1FF3373
:10D3B000934609F10F00117813F8014F6140834241
:10D3C00002F8011BF7D1BAF1100F5B465A464FF035
:10D3D00001010DA894BFAAEB0A0AAAF1100AFDF7F1
:10D3E000C8FE09F11009044658BBBAF1000FDCD1A0
:10D3F00016ABD819102259460EF06AF89DF88B30FA
:10D4000010370133302F8DF88B30C6D14FF4807236
:10D4100016A90DA8FDF749FE044690B906F130079C
:10D4200035461EAB1A4601210DA8FDF7A2FE0446A3
:10D4300038B9284610221EA910350EF049F8AF421F
:10D44000EFD10DA8FDF72BFE702122A8D3F760FEC7
:10D45000302116A8D3F75CFE20214046D3F758FEB2
:10D46000102101A8D3F754FE1CB130213046D3F768
:10D470004FFE20463FB0BDE8F08F6FF03704F8E76D
:10D480002DE9F0438DB005460E4630220021684656
:10D490000EF046F8002705F12009E8460DEB0703DA
:10D4A00005F10F010A780132D2B2084601F80129CC
:10D4B0000AB9A842F6D12A4601214846FDF759FE8D
:10D4C0000446D0B91037302FE7D1731E2F3698F8A5
:10D4D000002013F8011F4A40B34208F8012BF6D18F
:10D4E0004FF4807269464846FDF7DFFD044620B9D7
:10D4F000102208A928460DF0EBFF68463021D3F72B
:10D5000007FE20460DB0BDE8F0832DE9F04194B050
:10D5100017468269502A054688461E4643D8C2F1FE
:10D520005003B3423FD3C6F150039B1ABB423AD3D8
:10D530005022002168460DF0F3FF6B6CAA69A86CBD
:10D540006946984728B16FF03304204614B0BDE80F
:10D55000F081AC6946B16B6CA86C32460DEB0401EE
:10D5600098470028EFD13444B8F1000F07D037B105
:10D570000DEB04003A4641460DF0AAFF3C4422461A
:10D5800069466846FFF7CFFE044638B96946284623
:10D59000FFF776FF044608B901232B615021684646
:10D5A000D3F7B6FDD1E76FF03704CEE710B50446E8
:10D5B0004C2200210DF0B4FF4FF0FF33236142F203
:10D5C0001073E36110BD10B5044660B12030FDF763
:10D5D00066FD4C212046D3F79BFD42F21073E361B8
:10D5E0004FF0FF33236110BD0023FFF78EBFF0B56E
:10D5F0008BB005460F4614460021202202A81E4685
:10D600000DF08EFF05F120000190FDF744FDAB69A0
:10D610000198C5E911740BB92023AB612C69002C6A
:10D6200005DAAC692F2C9ABF0134640800244FF44A
:10D63000807202A9FDF739FD28B9109A23463146B8
:10D640002846FFF762FF0BB0F0BD2DE9F04190B026
:10D65000B2F5806FDDF8588005460F4616461C4629
:10D660005ED8B8F5807F5ED83022002104A80DF086
:10D6700057FF2A69EB699A4201DC6B699BB121462D
:10D6800042462846FFF7B0FF044628BB05F12008B4
:10D6900036BB04A92846FFF7F3FE0446A0B92B6960
:10D6A00001332B6110E0B8F1000FEFD02146424664
:10D6B00004A8FFF738FE044630B904A92846FFF74E
:10D6C000DFFE04460028E1D0302104A8D3F720FD76
:10D6D00010216846D3F71CFD204610B0BDE8F0814C
:10D6E00005F10F0213780133DBB2114602F801395C
:10D6F0000BB9A942F6D16B462A4601214046FDF7F7
:10D7000038FD04460028DFD1102E344628BF1024EF
:10D710003846224669460DF0DBFE2744361BB7E744
:10D720006FF03504D8E76FF03704D5E707B500236D
:10D730000093FFF78AFF03B05DF804FB2DE9FF417A
:10D74000DDF828801D46164643462A4604460F4605
:10D75000D3F740FB48B9CDE90180009504F12803D7
:10D760003A4631462046D3F729FB04B0BDE8F081A4
:10D77000F0B585B00D4604460C3501A81646FEF7F7
:10D78000DDFA00212846FEF702FD211D07462A4644
:10D7900001A8FEF7FAFD044648B9002F0CBF00228D
:10D7A00006F0010201A92846FFF74BFD044601A837
:10D7B000FEF7CAFA204605B0F0BD70B50C46054626
:10D7C000114620461A46FEF7BEFD064630B904351E
:10D7D00029462046FEF79AFC002801DA304670BD43
:10D7E0002A4621462046FEF73FFD0028F0D0064697
:10D7F000F4E710B50446FEF7A7FA04F10C00FEF7B3
:10D80000A3FA04F11800BDE81040FEF79DBA2DE917
:10D81000F743174613F07E0F0C460CBF012200227F
:10D820000646394620461D46C3F345080192FFF7D8
:10D8300008FD40BB04F10C09019A07F10C014846B0
:10D84000FFF7FFFCF8B908F1FF335A425A4107F1DC
:10D85000240120460192FFF7F4FCA0B9019A07F1D8
:10D8600030014846FFF7EDFC68B9EA092146304629
:10D87000FFF77EFF38B9012104F1180003B0BDE8BD
:10D88000F043FEF7E6BA03B0BDE8F0830968D2F7CB
:10D8900097BF036B2BB1C36B002B0CBF0220012081
:10D8A00070471846704710B50446FEF747FA04F172
:10D8B0000C00FEF743FA04F11800BDE81040FEF733
:10D8C0003DBA38B50025044600F8045BFEF736FA89
:10D8D00004F11000FEF732FA04F11C00FEF72EFAF4
:10D8E00004F12800FFF7DFFF04F14C00FEF726FAF1
:10D8F000C4E91655C4E91855C4E91A55C4E91C55BC
:10D90000A56738BD08B1FFF774BF704770B504460E
:10D9100060B3036E012B12D00430FEF715FA04F148
:10D920001000FEF711FA04F11C00FEF70DFA04F1E5
:10D930002800FFF7E7FF04F14C00FEF705FA636FDC
:10D940008BB920467C21BDE87040D3F7E1BB06FBD4
:10D950000500FFF7D7FF0135D4E91D03AB42F6D828
:10D96000FEF79BF9EDE700252426F5E770BD38B5F5
:10D9700004460D46FEF73BFA70B905F10C0104F1BF
:10D980000C00FEF734FA38B905F1180104F118005B
:10D99000BDE83840FEF72BBA38BD08B51830002175
:10D9A000FEF7F5FBB0FA80F0400908BD2DE9F04123
:10D9B0008AB0202B80460E4617461D4609D9002303
:10D9C00002AA2946384600F035F9044600BB02AFEA
:10D9D00020258DF8046046468DF8055056F8041B46
:10D9E00081B10123C8F80030022201A93046D0F7E6
:10D9F00005FC044660B92A4639463046D0F7FEFB9E
:10DA0000044605E03046D0F7E7FB04460028E8D09E
:10DA100002A82021D3F77CFB20460AB0BDE8F081A4
:10DA20002DE9F043A3B0002607460546B0466FF047
:10DA30003B04B1463B6F98450BDB002E08BF6FF0EF
:10DA40003C0402A88021D3F763FB204623B0BDE845
:10DA5000F083D5F884306C6FA86FCDF80490012B5B
:10DA60004FF0800201AB02A908BF0126A04704467F
:10DA70000028E6D1019B5BB102AA5FFA88F1384623
:10DA8000FFF794FF0028E1D1EB6F019A1344EB6795
:10DA900008F101081435CDE710B5036801330446D9
:10DAA0000CD00430FDF753FC00232367282104F138
:10DAB0007400D3F72DFB4FF0FF33236010BD30B55A
:10DAC000056F012D0DDC142404FB05040135C4F899
:10DAD0008030039BC4F88430C4E91D120567002020
:10DAE00030BD6FF03D00FBE72DE9F04188B0202A02
:10DAF00080460F4616466FD84FF48175013D65D0BC
:10DB0000D8F87030002B64D04046FFF789FF0446F8
:10DB1000002840D1D8F870E0024643460120A645CF
:10DB200041DC0028EAD01F2AE8D9202200216846DB
:10DB300008F104050DF0F4FC69462846D0F768FBAF
:10DB4000044640BB2846FDF702FC2846FDF7FDFBD6
:10DB500021462846D0F740FB0446E0B9202269461A
:10DB60002846D0F74BFB0446A8B903466A46202155
:10DB7000684600F05FF8044668B9D8F8702003469C
:10DB8000142108F17C0025469A4219DC3246694688
:10DB900038460DF09DFC20216846D3F7B9FA20469F
:10DBA00008B0BDE8F081D3E91FC18C4538BF002023
:10DBB000D3F88410012908BF624401341433AEE75E
:10DBC00001FB03FC013340F80C50DDE76FF03B0430
:10DBD000E1E76FF03F04DEE76FF03B04DFE70C2284
:10DBE00000210DF09DBC10B5044610B3036803B3CB
:10DBF000406858B11B79032B18D0042B16D0022B88
:10DC000001D1FDF7A8FB6068FEF747F8A06838B1BE
:10DC1000236899794900D3F77BFAA068FEF73DF8AD
:10DC200020460C21BDE81040D3F772BAFDF78FFBF8
:10DC3000E9E710BDF0B59FB0064603A80F461546AC
:10DC40000193FDF782FB019903A8D0F7C5FA0446BA
:10DC500058B93A46314603A8D0F7D0FA044620B95D
:10DC6000294603A8D0F7D4FA044603A8FDF76FFBB2
:10DC700020461FB0F0BD08B5202004F06BFF00382F
:10DC800018BF012008BD08B5FFF7F5FF20B1BDE8BA
:10DC90000840202004F066BF08BD73B506460D4657
:10DCA0001446A2B104F053FFA84212D8304604F043
:10DCB00063FF0146019070B100232A46204603F01D
:10DCC000F3FA01A803F0FAFA002002B070BD222096
:10DCD000FBE72120F9E72D20F7E708B5DAF730FE5A
:10DCE00008B1012008BD00F05FF8DAF731FE002826
:10DCF000F7D1DDF749F8003818BF0120F2E708B581
:10DD0000D3F7CAFB002814BF0120042008BDD3F7B5
:10DD1000D1BB0020704730B5044687B00846154691
:10DD200002F050F91422002101A80DF0F9FBA368BC
:10DD30000293E3680393E38BADF81030238CADF8C6
:10DD40001230ADF80450FFF7E4FF029B8DF8140089
:10DD500043F41053029304F066FE18B1029B43F0A3
:10DD60000403029301A8D7F741F810F0FF0516D17C
:10DD7000A38CADF800300DF10201E38CADF8023058
:10DD8000684604F034FDD3F72FFC02F019F90121A5
:10DD90000CF02BFEDCF7E0F8284607B030BD40F26F
:10DDA0000C40FAE7D3F730BCFDF700BFD2F7C0B99B
:10DDB00050E8003F0B4340E80032002AF8D170479A
:10DDC000C94350E8003F0B4040E80032002AF8D138
:10DDD0007047CB69184770477047002070477047FD
:10DDE0004FF00000704700207047704770470020D8
:10DDF00070470020704700207047002070470020C7
:10DE0000704700207047002070477047002070471F
:10DE10007047704770477047704700207047002078
:10DE20007047704711207047002070474FF0FF3057
:10DE300070470020704770470020704700207047EF
:10DE4000002070474FF0FF307047112070470020CE
:10DE50007047012070470020704700207047002065
:10DE6000704700207047704701F00CBD38B504467C
:10DE7000FCF7F5FBD4E90C1205462046D3F71AFC53
:10DE8000A28CE0600346E08C801A40F2712202FB13
:10DE9000003303F59C53083323612846BDE838401E
:10DEA000FCF7E3BB08B52030FFF782FFBDE8084070
:10DEB0004FF08050D3F740BB37B50446083001918E
:10DEC000D6F7B2FB20460199D9F774FC206C0025E7
:10DED000E56110B1D5F7AEF9256404F1500003B047
:10DEE000BDE8304003F0EAB970B504460E4619B3F8
:10DEF00090F828208AB190F829300133DBB29A4299
:10DF000080F8293009D10121FFF7D6FF4FF0807149
:10DF10002046BDE87040FFF7C5BF236ADA030BD582
:10DF2000E36A62689B1A002B06DA01212046FFF79C
:10DF3000C3FF4FF08061EBE7236A1B0427D402F094
:10DF4000F7FF1123B0FBF3F303EB0313C01A94F9AB
:10DF50005D3085B213FA80F0102888BFC5F1100536
:10DF60006DB2083B2B4484F85D3001212046D9F77F
:10DF700021FC76B1A38C1D44636840F2712202FB40
:10DF8000053363602046BDE87040D9F7C5BB002566
:10DF9000EBE703F009F86368181A0028EADBF1E7F9
:10DFA0002DE9F04704460F46E169DDF828A09DF809
:10DFB00030809DF838C09DF840009DF84890164686
:10DFC0001D469DF84C209DF85030002940F0D88027
:10DFD000E90600F1C18005F00301032908BF05F03F
:10DFE000FD0505F0F705A906BDF83410A4F85E108C
:10DFF00002F0FD0148BF05F0FC05012900F0AF80EB
:10E00000022A08BF042247F6FF711CF0020F84F8B1
:10E010006220A4F8781040F0A4801CF0040F00F0F7
:10E02000A28002F0FD02012A0CBF0422032294F810
:10E030007F1062F3030103F0FD02012A84F87F10D0
:10E0400000F09380022B08BF042347F6FF72A4F868
:10E050008820820784F8633000F18980400740F10E
:10E06000888003F0FD03012B0CBF0421032194F8E9
:10E070008F30606E61F3030384F88F30FFF7D1FEB9
:10E08000216B00222046D3F715FB40F27123734326
:10E09000984277D804F1200049F6FF71FFF790FE0F
:10E0A000FF2384F84730B9F1000F03D0236A43F40B
:10E0B00080532362290705D5236A062643F4841377
:10E0C00023623746236A6A0723F4C04323620CD4D1
:10E0D00018F0010F1CBF43F40053236218F0020F25
:10E0E0001EBF236A43F480432362236AA4F844508A
:10E0F0002B43236204F15703BAF1000F3BD0DAF847
:10E100000020C4F85720BAF804209A809DF82430E3
:10E11000012B03D14FF48061FFF74AFE236A9DF87B
:10E12000202023F4407343EA0223236202F000FF1D
:10E130009DF84430A784C0F30B0040EA03309DF8FB
:10E140002C30A4F86C00E684204684F82A30FFF7CF
:10E150008DFE0020BDE8F0870120844643E70322BE
:10E1600051E7022263E7012261E703236DE7022101
:10E170007DE701217BE7C4F857A0A3F804A0CDE711
:10E180000C20E7E74520E5E72DE9F74389461746E8
:10E190000193044630B901A803F090F8422003B07F
:10E1A000BDE8F083012920D0022910D089B9C369C4
:10E1B000C3B900F130054FF40036236AD9061ED5E5
:10E1C0005A0726D501A803F079F80020E7E7406E4A
:10E1D00020B901A803F072F80C20E0E71946FFF718
:10E1E00021FEDCE700F13805E5E7C36923B900F15A
:10E1F00034054FF48026E0E700F13C05F9E79B0782
:10E2000007D5B9F1000F04D101A803F057F8122087
:10E21000C5E704F1200840463146FFF7D1FDF80775
:10E2200002D5284603F04AF8019921B1284603F0A7
:10E23000F8F900230193286803F0E8F9236AD90666
:10E2400005D51F2801DC032F16D02846DDE740F254
:10E250007262904204DD284603F030F807209EE702
:10E26000B9F1000F08D1BF2806DD9A0704D028466F
:10E2700003F024F8452092E7D4E90E122046D3F7A4
:10E2800019FAE3696BB1A38C40F2712253439842AF
:10E2900007D9E38C8342EAD300F51C70B0FBF2F09F
:10E2A000A084FCF7DCF9E36905467BB1BB070DD51B
:10E2B00031464046FFF77CFD6368C3F57A7602F08D
:10E2C00073FEF04202D52046D9F790FB2846FCF7B2
:10E2D000CCF97AE708B548B111F0010108D0203037
:10E2E0004FF40011FFF764FD002008BD4220FCE759
:10E2F0000846FAE708B548B111F0010108D020300E
:10E300004FF40011FFF75CFD002008BD4220FCE740
:10E310000846FAE7D3F778BC38B5C36904460D461A
:10E320003BB1036A13F0010310D190F84620FE2A96
:10E330000ED004F120004FF48001FFF739FD2B6867
:10E34000A364AB88A4F84C30012038BD0020FCE762
:10E350001846FAE7036A10B5044613F4602025D086
:10E360009A0307D504F1300002F0A8FFA36B2363E2
:10E370000023A363236A5B0307D504F1340002F092
:10E380009DFFE36B63630023E3634FF4602104F1BB
:10E390002000FFF715FD2046FFF768FDB4F86C304C
:10E3A0005A1C62F30B03A4F86C30012010BD08B5B1
:10E3B0000020D3F7E1F9BDE8084001F063BA10B5D9
:10E3C0000446503003F02DF920464FF00071BDE8AF
:10E3D0001040FFF767BD07B50191D9F777FD0198A8
:10E3E000012103B05DF804EBFFF766BD10B50446EC
:10E3F00009B1012010BD406E80B9A06E98B9B4F883
:10E4000044309B07F5D12046D3F75AFDFFF7F5FCC2
:10E410000028EFD0C079C0F34010EBE7FFF7FFFC16
:10E420000028EAD0E5E7FFF7EEFC0028E7D0E0E7B8
:10E4300010B50446FFF7DAFF236A00280CBF00205E
:10E440001820990658BF40F001005A0648BF40F016
:10E4500040005B0748BF40F0020010BD10B50C46FD
:10E460000021FFF7C3FF30B9E3064CBF04F01800EA
:10E4700004F05B0010BD1820FCE72DE9F0470646CC
:10E480008A46114690469946FFF7D2FF96F88F507C
:10E4900005F00F05042D074604D196F86330032BD1
:10E4A00018BF032596F87F4004F00F03042B03D117
:10E4B00096F86230032B28D104F00F043946304619
:10E4C000FFF7CCFF0021D4F741F8C11C2046D7F755
:10E4D00085FB0AF1FF341FFA80FCA6F854004FF4C4
:10E4E000FA704443FB060AFB0C440BD5B6F84430E3
:10E4F00003F00303012B04F5487A08D0022B1FD048
:10E500009BB154462046BDE8F0870324D6E724217A
:10E510002846D7F763FB102106462846D7F75EFB4F
:10E5200004F58A618C1900EB040A404603F06EF88A
:10E5300029460246384600F073F90AEB0004E1E789
:10E540000E212846D7F74AFB0646484603F05EF8F8
:10E5500029460246384600F063F904F58A643444DB
:10E560000444CFE710B50C4606281DD8DFE800F0BC
:10E570000409111C1C171100BDE810400846D3F710
:10E58000AFBED9F72DFA84420ED1BDE81040D9F7BD
:10E590009DBC20460021BDE81040D3F7BBBCBDE8C0
:10E5A00010400846D3F770BE10BD03280B4603D1B8
:10E5B00001211846D3F7AEBCFFF7D4BF032802D120
:10E5C0000846D3F761BEFFF7CDBF042810B50C464F
:10E5D00009D005280DD0032811D1BDE81040497E8F
:10E5E0000120D9F7FBBD0846D3F7E6FE58B1D9F7AD
:10E5F0006DFC20460121BDE81040D3F78BBCBDE87F
:10E600001040FFF7AFBF10BD70B50446FCF727F808
:10E61000002106462046D3F78BF8054628B900248A
:10E620003046FCF722F8204670BD406E20B1FFF75F
:10E63000F6FB04460028F3D1A86E0028EFD0FFF7C0
:10E64000E2FB0446ECE708B501F01CF9BDE8084020
:10E650004FF480500021D6F7BDBB83790C330344BF
:10E66000987810F03F0004D0DB78194214BF0120E5
:10E670000020704773B58DF8071081794FF440750D
:10E680000C31C58000254552455C4418072666F3C9
:10E690000305455402F001019207A27848BF41F0FA
:10E6A000020161F38712A2709DF8072002B95BB1E5
:10E6B00001220DF1070102F0E4FDA378012262F3CB
:10E6C0000503A37002B070BDA27863F30502A270C7
:10E6D000F8E770B50C4602210246FFF7BEFF00B313
:10E6E000957905F10C001118135C6FF3C7131354DF
:10E6F000D379D4F857605B1BDDB251FA83F34E51E6
:10E70000B4F85B109980236A13F4406F1EBF135C4A
:10E7100043F080031354BDE870400621104602F018
:10E72000A5BD70BD38B50D4604210446FFF795FF21
:10E7300030B1A91D20460122BDE8384002F0A1BD3C
:10E7400038BDF7B504460F4616461D460DF10701C4
:10E75000013301228DF8073002F06DFF0DF1070142
:10E76000012220468DF8077002F065FF2A463146E7
:10E77000204603B0BDE8F04002F05DBF13B50A4685
:10E7800004210446FFF769FF78B140F2FF23ADF89A
:10E79000003000238DF802309388ADF803306A46CC
:10E7A0000523FF212046FFF7CCFF02B010BD38B58E
:10E7B0000D4608210446FFF750FF38B105F16C0102
:10E7C00020460222BDE8384002F05BBD38BD202162
:10E7D000FFF743BF13B50A4640210446FFF73DFF4C
:10E7E00050B10A21204692FBF1F20DF107018DF89C
:10E7F0000720012202F045FD02B010BD10B584795A
:10E80000C37904F10C0202441B1B0239D8B251FA3D
:10E8100083F353709378033860F30503937010BD4E
:10E8200070B505460E4600F06B0000211446D3F784
:10E830008DFE54FA80F4FF2C05D821463046BDE801
:10E840007040D7F7CBB9FF213046D7F7C7F905F0AD
:10E850004005FC3D00F5487061190446FF2904EBB2
:10E86000000302D929441C46F8E73046D7F7B6F929
:10E87000204470BD08B50231C0B2D7F7AFF900F53A
:10E88000FA7008BD70B5049C002512F01002E57105
:10E8900002D1A271104670BD0122A2718D786E095D
:10E8A000F040C20720D54A7805F01F0542EA052549
:10E8B00091F90020002AB4BF4FF496721E226A43D9
:10E8C00098180B782060252103F03F03B2F5FA7FFA
:10E8D000B3FBF1F501FB1533237106F1010134BFE0
:10E8E000022301236171E3710320D4E7036A37B582
:10E8F00003F4007403F40015DB0506D47CB9084664
:10E90000D6F78EF9204603B030BD44B9826C0A6058
:10E91000B0F84C208A80B5FA85F46409F2E70191D9
:10E9200090F94730009300231A4619461846B5FA65
:10E9300085F4FFF78AFA6409E4E738B50A4601214D
:10E940000446FFF78AFEA0B1A079E37900F10C0537
:10E950001B1A611951FA83F11046FFF7C7FF635D77
:10E9600060F38613635520460621BDE8384002F067
:10E970007DBC38BD10B541898389C28904460846EB
:10E9800001F027FBE8B1E279531E072B1AD86389FF
:10E99000934217D922899A4214D8237C4BB9637CBD
:10E9A0003BB9A37C2BB9E37C1BB9237D13F0F003A7
:10E9B0000AD0607D1B3000F01F000B288CBF0020A8
:10E9C000012010BD0020FCE71846FAE708B5D9F78A
:10E9D0007DFABDE808400020D9F7EABC2DE9F04FE8
:10E9E00090F8068085B008F10C0800EB08079A46FD
:10E9F0009DF838309DF83C401646032205468B466C
:10EA000007F10309FA70381D83B994B9D6F708F9EC
:10EA100007F10A03BBF1000F0DD16EB9DAF800203F
:10EA2000C7F80A20BAF804209A8012E00CB9D6F789
:10EA30003BF90124ECE776B30393FFF7F7F9039B67
:10EA40000021CDE9000301231A460846FFF7FDF92E
:10EA5000012607F11001A1EB090101F03F02531C4F
:10EA60007B7015F80830A40103F00F0344EAC614C4
:10EA70001C43114605F808400331BA70284602F0DD
:10EA8000F5FB15F80830082262F3030305F8083097
:10EA900005B0BDE8F08F0126C0E770477047024619
:10EAA00019460020D9F794BD002070470020704718
:10EAB00007B500214FF0FF336A46084600938DF8F2
:10EAC0000430D4F73FF803B05DF804FB38B50546D1
:10EAD000006802F081FA0446287900F01F0002F075
:10EAE0007BFA2044C0B2012894BF0020012038BD29
:10EAF00050E8003F0B4340E80032002AF8D170474D
:10EB0000C94350E8003F0B4040E80032002AF8D1EA
:10EB1000704738B505460C46FFF7C8FF20B149F6E7
:10EB200040439C4228BF1C46EB68A3420AD2B5F87A
:10EB30007E2040F271214A43934238BF1346A342DC
:10EB400028BF23462B6138BD034640309A6A9204A1
:10EB500004D5D3F82C21998FD4F74CB893F86B10C7
:10EB6000D4F73EB80020704770470020704700205F
:10EB7000704701207047C820704700207047002070
:10EB800070477047704711207047704770470020EA
:10EB900070477047002070477047012070477047EA
:10EBA000704790F889305A1C02F00F02062A94BF71
:10EBB00062F303036FF3030310B580F8893090F814
:10EBC000893003F00F030344044683F8821090F861
:10EBD00089306F2B4FEA13129EBF013262F3071385
:10EBE00080F88930FFF7DCFF94F83B11204601F0F4
:10EBF0000F01FFF7C7FF10BD704770477047002037
:10EC000070470020704710B101F1B400704701F166
:10EC1000D8007047FC307047806A70472830FFF793
:10EC200067BFC06A70472C30FFF762BF2C30FFF718
:10EC300067BF00F59E70704708B50B79DB0702D4FB
:10EC4000FFF7DAFF08BDBDE8084091F90510FFF7AE
:10EC5000A8BF02290346808F11D0032909D00129BA
:10EC600006D11A8F5B6B1201B2FBF3F3184480B22A
:10EC700070475A6B4FF47A43B3FBF2F3F6E75B8FBE
:10EC8000073000EB4300F2E7836A590505D4D0F85A
:10EC9000A43013B15B799A0708D4D0F8A80000B962
:10ECA000704743799B0701D40068F8E7012070475B
:10ECB00080F87310704770B5856A15F00805044632
:10ECC00017D0836FB0F880505D43436F05F1800229
:10ECD00003EB4203B0F87C20436740F271214A43C2
:10ECE0001B0AB2F5487FACBF9B1803F548732D0A89
:10ECF000C360616B40F27126013971432046FFF712
:10ED000008FF20460121D8F755FD636BB4F8802039
:10ED10005A43636806FB02335D1B65602046BDE80D
:10ED20007040D8F7F9BCB0F8343110B5A0F83831DC
:10ED30000446D4F715F8C0B2FFF71DFF94F83B3135
:10ED400094F83A2103F00F0304F14001FFF7A7FE06
:10ED5000D6F78AFFB4F93421824205D0A4F83401F1
:10ED6000D9F72CFBA4F83601B4F93821B4F93431C1
:10ED70009A4209D0A36A9B0306D520464FF400416E
:10ED8000BDE81040D4F702B810BDFFF7CCBF836ACE
:10ED90000A4600F14001C3F34030D3F7D3BEA0F8D8
:10EDA0007E2040F27122A0F87C105143B1F5487FDB
:10EDB000B8BF4FF44871C1600169FFF7AABE70B5D2
:10EDC00005460E46144692B928354FF4C021284610
:10EDD000FFF796FE1EB14FF40031FFF789FE5CB1DC
:10EDE0004FF480212846FFF783FE002404E0FFF75C
:10EDF000CEFE0028E8D11124204670BD2DE9FF4148
:10EE0000836A9B0304462DD5B0F93471B0F938619B
:10EE10000020D9F7D3FB8742CCBF4FF000084FF05A
:10EE20000108FFF741FE94F83B11C82201F00F01E1
:10EE3000D9F7CEFB05462046D3F792FFAF42ACBFD1
:10EE40000225002594F83B11BE1B36B245EA0805A1
:10EE50000023CDE9007502961A4601F00F0180B239
:10EE600000F0C2FC04B0BDE8F081FFF7C7BF8A30F4
:10EE70007047F7B504460E4621B91B2380F896303B
:10EE800003B0F0BD416B40F271235943A1F28A21D6
:10EE9000490830460191D6F7B1FE851F94F89200DB
:10EEA0000199ADB28542A8BF05463046D6F7A6FE09
:10EEB000831F94F893009BB28342A6F10302A8BF7C
:10EEC0000346012AB4F88C00B4F88A202CD8B2F595
:10EED000296F44F29027B8BF4FF42962BA42114615
:10EEE000A8BF3946B0F5296F0246B8BF4FF4296272
:10EEF000BA42A8BF3A461B2DB8BF1B251B2BB8BF73
:10EF00001B2384F89450A4F88E1084F89530A4F84C
:10EF100090203046D6F772FE063880B28542A8BFF0
:10EF2000054684F89650ABE7B2F5A47FB8BF4FF41E
:10EF3000A472B0F5A47F11460246B8BF4FF4A47284
:10EF4000D9E770B54900466B89B28E4204461FBFAF
:10EF50004068616340F2712505FB060018BF05FBA0
:10EF60001100618F1ABF606001250025914218BF12
:10EF70006287228F18BF01259A4218BF2387A36A90
:10EF800018BF01251B0713D4238F94F83B11626B24
:10EF9000204601F00F011B01B3FBF2F3A4F8A030EF
:10EFA000FFF767FF20460421BDE87040D3F7EEBEAF
:10EFB000616B04F1340001F007F8A067002DE3D184
:10EFC00070BDF0B585B004460E4600F18A036A466E
:10EFD00000F1920718685968154603C50833BB420B
:10EFE0002A46F7D1186828609B88AB8031462046B6
:10EFF000FFF73FFF9DF80B2094F895309A4211D10E
:10F00000BDF80620B4F890309A420BD19DF80A2042
:10F0100094F894309A4205D1BDF80420B4F88E30AB
:10F020009A4207D04FF48141204605B0BDE8F04038
:10F03000D3F7ACBE05B0F0BD37B50446BDF8180037
:10F0400094F892508D420BD1B4F88A50954207D172
:10F0500094F893509D4203D1B4F88C5085421DD052
:10F060008DF80610ADF8042084F8921094F83B1146
:10F07000019D84F89330A4F88C00C4F84451A4F89E
:10F080008A2001F00F012046FFF79BFFB4F88E3075
:10F09000A4F88A30B4F89030A4F88C3003B030BDB6
:10F0A00070B5044616460D46A1B190F83B3103F009
:10F0B0000F038B420ED00122FFF767FD0022294685
:10F0C0002046FFF760FD94F83B3165F3030384F8B5
:10F0D0003B31012694F83B11204601F00F01FFF768
:10F0E00070FF36B120464FF48441BDE87040D3F73D
:10F0F0004DBE70BDF8B51D46C36A5B0704460F469A
:10F10000164610D404212C30FFF7F2FC84F89E70D0
:10F11000A4F89A60A4F89C5020464FF40061BDE822
:10F12000F840D3F733BEF8BD10B511B190F89E404A
:10F130000C7012B1B0F89A10118013B1B0F89C2085
:10F140001A80C06AC0F3800010BD4FF4004128301F
:10F15000FFF7CEBC00F5A470704790F83B0100F0BB
:10F160000F007047B0B50446FBF779FA65680746AB
:10F1700001F01AFF2D1AB5F5FA7504D53846BDE829
:10F18000B040FBF772BA636B40F271225343A28F17
:10F19000B5FBF3F5A9B2521A94F86B30A28794F834
:10F1A0006C2001FB1233252293FBF2F002FB10339B
:10F1B000002BB8BF9B1884F86B30B4F8A0305B1AF2
:10F1C000A4F8A03020460D460021D8F7F3FA636B6F
:10F1D0005D43636840F2712202FB1535656020468D
:10F1E000D8F79AFACAE72DE9F3474E790446B007F3
:10F1F0004FF0000358BF06F0010608460D46ADF873
:10F20000043054BF01360326FEF7EAFD074607F037
:10F210001F03002BE36A0BBF4FF000084FF00108FB
:10F220004FF002094FF0030999050CD59DF8043001
:10F2300066F3010368F345138DF80430019A2946FB
:10F24000204600F090F9284602F0E0F9494682464F
:10F25000284602F0F9F89DF80430AA798DF805A047
:10F2600066F3010368F345130C328DF80430BDF8E2
:10F270000430AB529DF80430A9189A066B7948BF48
:10F280008F7043F001036B71FBF7E9F906462046E6
:10F29000294650F8A88F02F0C4F994F84A31013396
:10F2A00084F84A31A36A1B070CD5B4F88030012BCF
:10F2B00002D92046FFF756FF304602B0BDE8F047BE
:10F2C000FBF7D3B9656801F06FFE0746D8F788FBF6
:10F2D0008442F1D1ED1BB5F57A7FEDDDB8F1000F79
:10F2E00003D0D4F8A430002BE6D1D4F753FFE3E7E2
:10F2F00008B5022002F015F810B100F0E2FD01207F
:10F3000008BD10B54FF4407104462830FFF7F8FBF4
:10F3100020460021BDE81040D4F7A4B9012210B561
:10F32000A1F12003C1F1200422FA04F402FA03F34C
:10F3300023438A40D0E9084122400B40134314BFC5
:10F340000120002010BDC36A13F0080310B513D0CC
:10F350000122A1F12003C1F1200422FA04F402FAEF
:10F3600003F323438A40D0E9084122400B40134372
:10F3700014BF0120002010BD1846FCE710B50C4654
:10F38000C9B2FFF7E0FF70B1D5F77AFDC4F12002F2
:10F39000A4F12003E04001FA02F2104321FA03F342
:10F3A000184300F0010010BD70B504460E46D5F7B5
:10F3B0007BFEFBF754F984F8736005460221204672
:10F3C000D3F7E4FC20460021D8F7F4F92846BDE83D
:10F3D0007040FBF74AB970B504460D46FBF73FF99C
:10F3E0000646D8F7FDFA844201D1D4F7B3FE304681
:10F3F000FBF73BF929462046BDE87040FFF7D4BF34
:10F400000B68C0F84431704738B5D0F844310B6010
:10F4100040F648059BB2AB420C4604D90B21FFF7DE
:10F42000ADFF08B9258038BD44F290232380FAE768
:10F4300008B500F0FBF8D3F7DFFD00F04FFB00F05C
:10F4400008F8D5F75BFDD6F793FABDE80840D6F784
:10F45000F7BA704770B515460E461C46FFF7DAFB43
:10F460002B684EB103606B6843602368C0F8253099
:10F470002368C0F8153070BD83606B68C360236873
:10F48000C0F829302368C0F81930F4E770B5054694
:10F49000FFF7C0FB0446FBF7E2F84FF48071064625
:10F4A0002846FFF7BBFB4FF400612846FFF7BBFB84
:10F4B0003046FBF7DAF8002323612375236284F8D2
:10F4C00024302846FFF7A8FB802310F0080F14BF54
:10F4D000237584F8243070BD10B50446FFF711FF82
:10F4E00020461021BDE81040D3F750BC10B54FF4B2
:10F4F00060610446FFF79AFB2046BDE81040FFF725
:10F5000000BF7FB506460C46FFF784FB4FF4C06191
:10F5100005463046FFF787FB4FF400613046FFF7A2
:10F5200085FB4FF48060D5F74FFC224678B96946D9
:10F530002846D4F77FFC6B4605F10F0213F8011B38
:10F540001170AA4202F1FF32F8D104B070BD6C46CE
:10F5500002F1100610685168234603C30832B24214
:10F560001C46F7D1E7E7F0B587B00D46ADF80C20A3
:10F57000FFF750FB0446284602F048F8064600B361
:10F580002846D4F7F7FC9DF80C3005AF03F02303B1
:10F59000224631460093019704F12003FBF74CFF0C
:10F5A0002846D4F7FDFC04223946284602F043F8E9
:10F5B000236A0133236223B994F82430013384F899
:10F5C000243007B0F0BD30B585B00391ADF8082008
:10F5D000FFF720FB0446039802F018F8051F002DE2
:10F5E00002DC002005B030BD0398D4F7C3FC4319FA
:10F5F00001939DF8083003F023030093224604F1A1
:10F6000010032946FBF709FF0028EAD10398D4F735
:10F61000C7FC042103A802F0D9F823690133236150
:10F6200013B9237D013323750120DBE708B54FF4BF
:10F630000060D5F7C9FB40B94FF48050D5F7C4FB43
:10F6400040B9BDE80840DBF7D1BCFFF7D8FA002885
:10F65000F2D008BDFFF7D5FA0028F2D0F9E7C94388
:10F6600050E8003F0B4040E80032002AF8D17047D4
:10F6700041F0004141F4E0210160704700207047F3
:10F680007047704710B5DC1D043383734379C47130
:10F6900023F0030343F003030E2443710123447357
:10F6A0008371C3730182827410BDD31CC3713E2366
:10F6B00043734379827323F0030343F003034371DD
:10F6C00001238371C17370470F2343730423837332
:10F6D0004379A0F8111023F0030343F003034371AF
:10F6E00040F20173C38001230374C2737047D31CBB
:10F6F000C3714379417323F0030343F00303437160
:10F70000012382738371704708B50023FFF7BAFFA6
:10F71000BDE80840D4F7EABF2DE9F843804602204F
:10F72000894617461E4601F0FCFDD0B14579A0F888
:10F7300010800C2343730823837325F0030540F6E0
:10F740000133C38045F003059DF82030457180F8F2
:10F750001290A0F81370A0F81560C373D4F7C6FF19
:10F760000120BDE8F88308B5022001F0DAFD30B1D0
:10F7700001221121FFF799FFD4F7B8FF012008BD3E
:10F78000F8B50F461646132109221D46FFF78DFFD7
:10F79000837904460C331C44A170E77026712B68F2
:10F7A000C4F80530AB88A4F80930BDE8F840D4F7B8
:10F7B0009DBF70B5064602200D4601F0B2FD04461D
:10F7C00068B114210422FFF770FF83790C331C44C5
:10F7D000A170A4F803606571D4F788FF012070BDA3
:10F7E00008B5FEF7DFFA08BD2DE9F0410746022013
:10F7F0000D4690461E4601F094FD0446E0B10922F4
:10F800002121FFF752FF8379BDF918200C331C44E6
:10F810009DF81C3063720A21BDF9203092FBF1F291
:10F8200093FBF1F384F80380A780A671E57122723F
:10F83000A372D4F75BFF0120BDE8F08137B5044621
:10F8400001F0E4FEA3790C33E518C0B23E22E25485
:10F85000831E6B700D23AB70AB798DF807301C38AD
:10F86000012BE87609D100231A46E91D0DF10700A6
:10F87000FEF7E1FA9DF80730AB712046D4F736FF6A
:10F8800003B030BD704713B5D4F76AFF84790C34E8
:10F8900004440021E078D1F74BFF6168FEF71AFDC0
:10F8A0000190D4F763FF019A00234FF6194102B08B
:10F8B000BDE81040FFF7E6BE13B5D4F751FF8479D9
:10F8C0000C3404440021E078D1F732FF6168FEF780
:10F8D00011FD0190D4F74AFF019A00234FF61A4117
:10F8E00002B0BDE81040FFF7CDBE2DE9F041D4F7DE
:10F8F00037FF002187790446FE20D1F719FF05461E
:10F90000D6F784FA50B10C25D4F730FF2A460023ED
:10F91000BDE8F04142F20501FFF7B4BED6F7BAFAEE
:10F9200006460028EFD13C440F3455B12146284605
:10F93000FEF7F2FC0028E6D02046D5F797F93546C9
:10F94000E2E72046D5F792F9DEE773B5D4F708FF72
:10F9500084790C3404440025E678D4F701FF036869
:10F960000193D4F7FDFEA6F1FE035942594105600B
:10F970003046D1F7DDFE019B22792946FEF704FCD3
:10F980000190D4F7F3FE019A2B4642F2370102B000
:10F99000BDE87040FFF776BE73B5D4F7E1FE847919
:10F9A0000C3404440025E678D4F7DAFE03680193AA
:10F9B000D4F7D6FEA6F1FE03594259410560304600
:10F9C000D1F7B6FE019B22790121FEF7DDFB019004
:10F9D000D4F7CCFE019A2B4642F2380102B0BDE8C2
:10F9E0007040FFF74FBE2DE9F341D4F7B9FE84799B
:10F9F0000C340444277994F80380D7B105340026E9
:10FA00002078E3780093A0F1FE035942B4F8012076
:10FA1000019259410434D1F78BFED8B1DDE90032AF
:10FA20004146D1F7DBFF054648B90136B742E7DC6E
:10FA300005E0B8F1010F0FD0D2F7CEF83D46D4F76C
:10FA400095FE00232A4642F2390102B0BDE8F0419A
:10FA5000FFF718BE4225F2E71225F0E710B5D4F7FC
:10FA60007FFE84790C3404440021E078D1F760FEF5
:10FA700080B1211DFEF750FC002814BF00240C2487
:10FA8000D4F774FE22460023BDE8104042F235014F
:10FA9000FFF7F8BD4224F3E7FE282DE9F8430646B8
:10FAA000894690461F4616D0022001F03AFC0446D3
:10FAB00090B106221221FFF7F8FDA5790C352544F7
:10FAC0001223AB7085F803902E71A5F80580EF71B5
:10FAD0002046D4F70BFE0120BDE8F883704713B52C
:10FAE000D4F73EFE83790C33184441790191B0F884
:10FAF0000300D3F721F968B10199D5F7A3FD84B2CA
:10FB0000D4F734FEE2B240F2064102B0BDE8104044
:10FB1000FFF7DABD0224F3E770B5D4F721FE83794D
:10FB20001844B0F80F50FAF79AFD04462846D3F768
:10FB300003F980B11621FFF74EFC00252046FAF7A5
:10FB400094FDD4F713FE2A460023BDE870404FF61B
:10FB50000441FFF797BD0225F0E773B5D4F700FE27
:10FB600084790C3404440546B4F80300D3F7E4F870
:10FB7000064648B9D4F7FAFD022242F2130102B058
:10FB8000BDE87040FFF7A0BDAB79E97903F10C0245
:10FB90002A44CB1A0220002101F07DFD014618B94C
:10FBA000D4F7E4FD0722E8E7837903338371B4F8DF
:10FBB0000F20B4F80D5001923046D5F7FDFC019AA4
:10FBC000044629463046FFF7EAF8D4F7CFFD22462F
:10FBD000D3E713B5FAF743FD0446D6F717F9002823
:10FBE00014BF00220C220192D4F7C0FD019A42F208
:10FBF0000E01FFF789FDD6F7ABFC204602B0BDE849
:10FC00001040FAF732BD10B5D4F7AAFD8379184435
:10FC1000B0F80F00C0B2D3F7BDFBD4F7A7FD0023A7
:10FC2000BDE810401A4642F22401FFF72BBD2DE932
:10FC3000F84381460220884617461E4601F071FBB4
:10FC4000044690B10A220321FFF72FFDA5790C3558
:10FC5000254400232046EB70A5F80490A5F8068003
:10FC60002F816E81D4F742FD0120BDE8F8832DE994
:10FC7000F743804602209DF83C508DF807200E4641
:10FC80001F4601F04EFB8146D8B322222921FFF7FF
:10FC90000CFD99F806400C344C4404F1140304F1B3
:10FCA0000E0239460DF10700FEF7C5F89DF8383011
:10FCB000E37006F00103A3719DF80730A4F80480F7
:10FCC000E3713B68A360BB88A381BDF828306383E0
:10FCD000BDF82C30A383BDF83030E38316F0FD0F60
:10FCE0009DF8343084F820300ED14FF0FF3384F883
:10FCF000215084F8223084F823304846D4F7F6FCAB
:10FD0000012003B0BDE8F083032E0CBFADB24FF667
:10FD1000FF75FF2384F821306584EEE737B505468B
:10FD20000220CDE9002301F0FCFA0446A0B10C2228
:10FD30000421FFF7BAFCA3796A4603CA0C332344B3
:10FD40009DF81820C3F806009D802046C3F80A10CD
:10FD5000DA70D4F7CBFC012003B030BD70B5064695
:10FD600002200D4601F0DDFA044668B1032230217D
:10FD7000FFF7BDFCA3790C3323442046A3F80360AE
:10FD80009D70D4F7B3FC012070BD70B5064602200B
:10FD90000D4601F0C6FA044688B104220821FFF797
:10FDA000A6FCA3790C332344B5FA85F25209204608
:10FDB000A3F803605A719D70D4F798FC012070BDC0
:10FDC0002DE9F84381460220884617461E4601F079
:10FDD000A8FA0446B0B10B220721FFF766FCA5790B
:10FDE000BDF820300C3525442046A5F80390A5F831
:10FDF0000580A5F80770A5F80960A5F80B30D4F7C1
:10FE000075FC0120BDE8F883F8B5074602200E46D0
:10FE1000154601F086FA0446A0B10D220521FFF730
:10FE200044FCA3790C3323442046A3F80370A3F8C1
:10FE30000D602A68C3F805206A68C3F80920D4F762
:10FE400055FC0120F8BD2DE9FF410A9C16466A4683
:10FE500080460F4603F1100E1546186859689446FF
:10FE6000ACE80300083373456246F6D124B902209A
:10FE700001F057FA044608B31D22ED212046FFF792
:10FE800014FCA3790C332344A3F80380A3F80D706A
:10FE90002EB13268C3F805207268C3F809200F3309
:10FEA00004AE2A4603CAB24218605960154603F1EF
:10FEB0000803F6D12046D4F719FC012004B0BDE8B0
:10FEC000F08113B5827901900C321321815484188A
:10FED0004FF44072C280D3F785FEA07020B901A80C
:10FEE00001F0ECF902B010BD8000013060700198A3
:10FEF000D4F7FCFBF6E770B5064602200D4601F08C
:10FF000010FA044678B104220521FFF7F0FBA3792B
:10FF10000C33234400222046A3F803605D719A70DD
:10FF2000D4F7E4FB012070BD13B5837901900C3345
:10FF3000C418C05CD2F700FF20B901A801F0BEF9D7
:10FF400002B010BD6378019913F0300F8B7903F183
:10FF500004038B714B790CBF0122002262F3000372
:10FF60004B71D3F77FFBEBE700F073BE50E8003F27
:10FF70000B4340E80032002AF8D170470120704757
:10FF800070B50E461546D3F765F8044648B93046B5
:10FF9000D1F7F0FE044620B92846DAF7FBFF044605
:10FFA00040B10020D3F756F80020D1F7E3FE00203F
:10FFB000DAF7F0FF204670BD4FF40010D1F7BCBA5D
:10FFC000D7F75ABED4F734BE40F271235943D4F761
:10FFD0006BBF884210B519D8052817D9B1F5486FFD
:10FFE00014D8B3F5FA7F11D2A2F10A0080B240F61C
:10FFF0007644A0420AD8581C80B201FB00F35B0093
:020000024000BC
:10000000B3EBC20F94BF0120002010BD0020FCE71D
:10001000C94350E8003F0B4040E80032002AF8D1C5
:10002000704700207047FF2070472DE9F0410446DB
:10003000884600270126214687F00100FEF7E3FDF0
:100040004FF48051FFF7E4FF83684BB1028A4245C9
:100050000CD10022012120469847002808BF002625
:1000600017B13046BDE8F0810127E4E70268D20508
:10007000F6D500221146EEE708B5FEF7DAFD0023BB
:100080000380436008BD70B506460C46FAF7E7FAF0
:1000900005463046FEF7CDFD30B101780C430470C3
:1000A0004FF40070D1F748FA2846BDE87040FAF7DF
:1000B000DCBAD3F7D7BA07B542798DF8071022F02A
:1000C000030242F00302427140F20332C2800DF19A
:1000D0000701012201F0D5F803B05DF804FB2DE91A
:1000E000F04107460D4690461E46FEF79AFD10F079
:1000F000080424D002213846FFF710F92824C6F15D
:1001000020014FF08863A6F12002F34004FA01F1C8
:100110000B4324FA02F21343DB0700D488B1112108
:100120002846FFF7C8FF2846D4F75CFF467080F8E2
:10013000028029463846BDE8F041D3F793BA2046FD
:10014000DCE70D212846FFF7B6FF2846D4F74AFF23
:1001500080F80180EDE770B50C4605460721204682
:100160001646FFF7A8FF2046D4F73CFF214646700D
:100170002846BDE87040D3F775BA38B50C46002163
:100180000546FEF766FD241AA4B247F6FE739C42AC
:1001900005D928462821FFF707F9002038BD01209E
:1001A000FCE738B504460D4601460020FEF72BFD5E
:1001B00003689B0505D429462046BDE83840FFF773
:1001C000DCBF002038BD2DE9F04115469DF81880B0
:1001D0001F46FEF718FD0446FAF741FAB8F1010F81
:1001E000064623D154E8003F43F4807344E80032CC
:1001F000002AF7D105B354E8002F42F4007244E816
:100200000023002BF7D1FF212046FFF701FF54E820
:10021000002F48EA020244E80023002BF7D1A56032
:1002200027823046BDE8F041FAF71FBA4FF48071DB
:100230002046FFF7EDFEDDE74FF400712046FFF7A3
:10024000E7FEE0E773B5064601200C46FEF7DBFC4F
:100250000023054600931A4621463046FFF7B3FFB8
:100260006B6863B14FF480712046D2F78FFD55E87B
:10027000003F43F4007345E80032002AF7D1FAF753
:10028000EEF905462046FEF7D4FC28B103881BB1E1
:100290004FF40070D1F750F9284602B0BDE8704025
:1002A000FAF7E3B938B505460C46FEF7ACFC8368AF
:1002B0004BB1022120460022984721462846BDE83E
:1002C0003840FFF7BFBF38BD012938B505460C4699
:1002D00008D0CC1E012C03D801460120FFF7E2FF15
:1002E000012007E02221FEF7E3FC20462946FFF724
:1002F000D9FF002038BD08B5FEF785FC006800F086
:10030000F00008BD07B5014601900120FFF7F3FF9B
:1003100028B9019903B05DF804EBFFF7ECBF03B017
:100320005DF804FB70B506460C4601460120FEF759
:100330006AFC314605460020FEF765FC2B68026822
:1003400043EA0201CE0517D4990543BF2B8A1B1B34
:100350009BB24FF6FF73920543BF028A101B80B217
:100360004FF6FF709842A8BF18464FF6FF739842A9
:1003700008BF4FF0FF3070BD0120FCE72DE9F341CD
:1003800004460191014601201546FEF73CFC21463A
:1003900006460020FEF737FC80462046FEF73CFC70
:1003A000810606D501A800F089FF0C2002B0BDE847
:1003B000F081FAF754F933689A05074603D4D8F860
:1003C00000309B0509D50199301D8D6001F029F998
:1003D0003846FAF74AF90020E8E7FAF746F90199B2
:1003E0002046A847E2E713B5014601900120FEF739
:1003F0000AFC04460C3000F061FF201D00F05EFF97
:1004000001990020FEF7FFFB04460C3000F056FF78
:10041000201D02B0BDE8104000F050BF70B501468D
:1004200005460120FEF7EFFB0646043001F0E6F832
:10043000044670B14FF400713046FFF7E9FDA36840
:1004400021462846984720B12046BDE87040D8F79D
:10045000B1BD70BD0023C0E900318260704708B5AE
:100460000B4601461846FEF7CEFB0068C0F340205D
:1004700008BDFFF729BFCB1E012B37B504460D463B
:1004800008D81A210192FEF713FC40212046D2F72A
:100490007DFC019A2946204603B0BDE83040FFF7B5
:1004A00013BF38B504460D46FEF7EEFB30B1012D03
:1004B00004D120462221FEF7FBFB002038BDF8B511
:1004C0008B790B440C46D3F80D60D3F811303246CB
:1004D0000746D3F7ABF809212046FFF7ECFD20468D
:1004E000D4F780FDA579D4F7CBFC0C35254466F014
:1004F000FF060640C5F80160D4F7C2FC3846C5F8CF
:1005000005102146FFF7D5FD02213846FFF7BBFD58
:10051000F8BD70B50E46054601460020FEF773FB98
:10052000012E044603D0022E11D0012070BDC168F7
:100530008B7919440D312846FEF729FCE068D8F77D
:1005400039FD0020E0602946FFF77CFEEDE7C0683A
:10055000D8F730FD0023E360E7E738B50D460446E1
:1005600001460120FEF74FFB012D08D100F11201D9
:100570002046FEF70CFC21462846FFF763FE0120CB
:1005800038BD08B5FEF748FBC0F3C00008BD2DE933
:10059000F04188460746FFF7F4FF80F00100C6B23D
:1005A00039463046FEF72FFBB8F1010FC468054607
:1005B00005D0B8F1020F1DD00120BDE8F081A0796F
:1005C0000C30044438462389E288A188FEF7B9FC40
:1005D00061886278490089B252003846D2F78AFBB6
:1005E000E868D8F7E7FC0023EB6039463046FFF7B0
:1005F00029FEE1E72046D8F7DDFC0023EB60DBE7CE
:1006000008B5FEF70EFB00F0010008BD38B50C463A
:1006100002210546FEF707FB0C212046FFF74BFDA4
:100620002046D4F7DFFC4FF0FF3383700223C37002
:100630000D2343706FF02F0303710523437121468F
:100640002846BDE83840FFF734BD0429F7B5054614
:100650000C4638D1FFF795FF002814BF0120022077
:10066000D4F7B2FB08B1002019E000F05AFE0446AE
:10067000002866D02846FFF784FF90B12846FEF791
:10068000D0FA4707EFD42846FEF7CBFA8607EAD41C
:1006900021462846D4F76CFFB0FA80F0400903B039
:1006A000F0BD29460120FEF7AEFA06462846FEF7C1
:1006B000B8FA0007D7D433685905D4D42146284660
:1006C000D4F79AFFE8E70129CDD1FFF75AFF0028B8
:1006D000C9D02046D4F778FB0028C4D12846FEF7BD
:1006E000A0FA10F00806BED1334632460DF10701DC
:1006F0002846FEF719FD9DF80730062B19D930461C
:1007000000F00FFE0646D0B129462046FEF77BFAE0
:1007100007462846FEF785FA0207A4D43B685B0526
:10072000A1D431462846D4F767FF00289BD1204644
:10073000B5E7012200232846D2F778FF93E7022489
:10074000F5E70220ABE708B5FEF766FAC0F3C00094
:1007500008BD2DE9F0410F4604469046FFF7F3FF30
:1007600080F00100C5B221462846FEF74CFA012F61
:10077000064603D0032F0FD001200BE02046FEF7E2
:10078000B5FE22212046FEF793FA28462146FFF7C0
:1007900089FD0020BDE8F081C068D8F70BFC00237C
:1007A000F3602046FEF7A2FE5FFA88F12046FEF7CE
:1007B0007FFA20462021D2F7E9FA21462846FFF7A2
:1007C00071FDD9E77FB5014604460020FEF71BFA0C
:1007D00000F1120205464FF480600292D4F7F4FA59
:1007E000029A50B92046D2F7BBFA029A698B80B2BE
:1007F00004B0BDE87040FFF707BB20460392D2F774
:10080000AFFA698B029106462046FEF703FA0346CB
:1008100000200090DDE90212B0B2FFF714FB04B033
:1008200070BD83781A2B09D81B2383700288B2F518
:10083000A47F07D24FF4A473038007E0FB2BF5D904
:10084000FB23F2E744F290239A42F5D87047F0B5C3
:10085000CA798B7987B043EA0223ADF80C308B88D4
:100860008DF80E30CA788B7843EA02230446ADF83F
:10087000103003A80B888DF81230FFF7D2FF04A8C0
:10088000FFF7CFFF05A92046FEF7BEFD0B2120464E
:10089000FEF774FD44F2902540F64803002808BF97
:1008A0001D469DF80E30BDF81460BDF81020BDF84F
:1008B0000C709DF816009DF81210AF42D4BF00973F
:1008C0000095FB2BA8BFFB23B242A8BF3246814252
:1008D000A8BF01462046FEF7AFFB07B0F0BD30B51C
:1008E00085B0054610460192FFF7E5FB0198D4F765
:1008F00079FB03A904462846FEF786FD0B2128460E
:10090000FEF73CFD6FF0040363700023A37040F614
:10091000480244F29023002808BF1346A4F803308D
:100920009DF80E30A4F80530BDF80C30A4F807305F
:1009300005B030BDFFF7C8BC022973B505460C46AB
:1009400003D00024204602B070BD0521FEF7E6FC6E
:100950000028F6D0D2F724FD1B28F2D94FF400402E
:10096000D4F732FA0028ECD100F0DBFC0646002870
:10097000E8D001A92846FEF747FD9DF80630BDF8EE
:10098000042031462846D5F771F8B0FA80F464099E
:10099000D8E738B190FAA0F00123B0FA80F003FA5A
:1009A00000F0C0B2704770B50646FEF73AF980F025
:1009B000400402060546C4F3801406D408213046DC
:1009C000FEF7ACFC08B144F00204EB0506D40B21A1
:1009D0003046FEF7B8FC08B144F00404204670BD70
:1009E0002DE9F843044691460F46FEF71AF9C0F385
:1009F00040152046FEF7AEFB214680462846FEF70E
:100A000002F9494606462046FEF752F998F80110C9
:100A1000384601F00F0100F085F9062814BF0146A1
:100A200000212A462046FEF73BFB21462846FFF7D9
:100A300009FC20212046FEF7F9F856E8003F43F470
:100A4000805346E80032002AF7D1BDE8F883F8B5B4
:100A50000E4604461546FEF7E4F8032EC0F3401791
:100A60000DD0042E16D0012E12D122212046FEF7E1
:100A70001FF938462146FFF715FC0020F8BDEAB201
:100A800000212046FFF7ACFF21463846FFF70AFC5D
:100A90000120F3E70C22F3E7012910B504460BD13E
:100AA000FEF7BFF82146C0F34010FEF7ACF8002275
:100AB000817C2046FFF794FF012010BD2DE9F7430C
:100AC0000F460546FEF7ADF800F02009C0F34018C8
:100AD0002846FEF73FFBBB790C333B445E789B789E
:100AE0001E400378C3F3030000EA13103040FFF701
:100AF00050FF044648B9B9F1000F06D12846FFF768
:100B000052FF3040FFF745FF04462846FEF725FB1D
:100B1000D5F788F8A04223D01CB302212846FEF75F
:100B200098F8002106462846FEF7A3F91821384612
:100B3000FFF7C1FA3846D4F755FAB6B2447084705C
:100B4000A0F8036039462846FFF7B3FA009623461B
:100B5000224629464046D4F7C5FF03B0BDE8F083DE
:100B600000242646E2E713B504460191FFF7CAFBCD
:100B7000019928B9204602B0BDE81040FFF79EBF9A
:100B800040284FF016030CBF23222A22204602B031
:100B9000BDE81040FFF7A3BA13B504460191FEF774
:100BA00040F810F0200F019905D1084602B0BDE8C9
:100BB0001040D8F7FFB9204602B0BDE81040FFF75B
:100BC0007DBF73B58C790C340C4406460D46FEF798
:100BD00028F8A278032AC0F3401014D0052A28BFB1
:100BE00000226378032B10D0052B28BF0023B4F814
:100BF000031000913146D4F775FF284602B0BDE8D6
:100C00007040D8F7D7B90022EBE70023EFE708B52B
:100C10008B790B441B7B162B03D0172B05D00020A0
:100C200008BDFFF7A0FF0120FAE7FFF7B5FFFAE7DD
:100C300008B58B790B441B7B162B03D0182B05D0E2
:100C4000002008BDD4F778FF0120FAE7FFF7B9FFCD
:100C5000FAE770471FB54B1E042B0C465FD80129DD
:100C600002D1008804B010BD022905D10388408854
:100C7000984238BF1846F5E74A00014601A80AF035
:100C800027FC032C07D10023ADF80A304FF6FF7381
:100C9000ADF80C3001E0042CF8D0BDF80620BDF80A
:100CA0000430934284BFADF80630ADF80420BDF89F
:100CB0000A30BDF80C20934288BFADF80A20BDF879
:100CC0000A2088BFADF80C30BDF80430934288BFCD
:100CD000ADF80A30BDF80620BDF80C309A4288BF46
:100CE000ADF80630BDF80820BDF80630934284BF49
:100CF000ADF80830ADF80620BDF80A30BDF8082080
:100D00009A4288BFADF80830BDF80820BDF806301B
:100D10009A4238BFADF80830BDF80800A2E74FF698
:100D2000FF709FE7022808D0042803D0012818BFCD
:100D30000620704701F0010003307047012804D0FD
:100D4000022804D030B9D6F7D3B9D6F7C1B90020FC
:100D5000D5F722BB704710B1012803D0704701209E
:100D6000D5F71ABB0020FBE77FB50C461946A31E3A
:100D7000012B054616460FD80391FDF757F80023BF
:100D8000CDE90005F01A18BF012003991A46FDF7B6
:100D90005CF860B9012004E02CB92846D3F740FF85
:100DA000002004B070BD012C04E0FF20F9E7022C04
:100DB000F3D0032CF9D12846D3F776FFEAE770B5D4
:100DC0009DF810600D4600210446817106F10C016A
:100DD0004173111E03F00F00237B18BF012140EA6D
:100DE000C11003F04003184320732B469DF81410E4
:100DF00004F10E00FFF7B8FF237B60F38613237323
:100E00002B686361AB882383A3790E361E44E67199
:100E100070BD012810B50C4607D002280DD088B946
:100E2000BDE810400846D5F7EDBBD6F7D9FD8442A2
:100E300008D1BDE81040D7F749B8BDE810400846D2
:100E4000D5F7BABC10BD73B505460C4601A80026FF
:100E500041210196D6F750FF019850B1D7F704F819
:100E60000198D5F755F9072805D001A800F026FA12
:100E7000304602B070BD01992A462046D5F73EFDA6
:100E8000F7E7042810B50C460FD006D8032812D077
:100E90002146BDE81040FFF7BCBF431F012BF7D828
:100EA0002046BDE81040D5F787BC0120FFF7CBFFF7
:100EB0000028F5D010BDBDE81040D6F7B1B9042820
:100EC00010B50C4608D10320FFF7BDFF40B92046FE
:100ED000BDE81040D5F770BCBDE81040FFF7D1BFAA
:100EE00010BD032838B504460D460ED0042810D096
:100EF00005384FF0010118BF0120D5F719F8294630
:100F00002046BDE83840FFF7BCBFBDE83840D6F703
:100F100087B9FFF798FF10B92846D5F74DFC012196
:100F2000BDE838400846D5F703B870470120704740
:100F3000DAF782B80A2802D80130C0B270472428F4
:100F400001D80230F9E7252805D0262805D0272822
:100F500018BFFF207047002070470C20704708B56D
:100F6000D6F774FDBDE808404FF00060D0F7E4BA52
:100F700008B5DAF767F820B1BDE808401020FFF7A0
:100F8000EEBF08BD7047704770477047704700203C
:100F90007047704770477047704770471046194652
:100FA000704700200021704709F037BEF1F7A8BF55
:100FB00009F0EBBE10B5044608461146D6F7A0FD71
:100FC00020B1BDE810400420FFF7C9BF2046D6F786
:100FD0004BFD0028F5D110BD430803F05533C01A6E
:100FE00000F03333800800F03330184400EB101069
:100FF0004FF0013300F00F305843000E704710B52A
:10100000044678B1036A41696BB180689847207ED5
:10101000002310286361636004D82146D7F700FFDE
:101020001123237610BD0029F1D08368002BEEDB5D
:101030000846D8F757F9EAE707B5019101A9D7F7AC
:101040002DFD03B05DF804FB07B5002301911A469E
:1010500001A9D7F723FD03B05DF804FB1FB50024F9
:1010600002949DF81C400194069C0094D7F7A0FCC4
:1010700004B010BD13B507240194049C0094FFF73D
:10108000EDFF02B010BD1FB5079C02940724019428
:10109000069C0094D7F78CFC04B010BD07B5002364
:1010A0000093FFF7E7FF03B05DF804FB03680B60F4
:1010B000016070472DE9F041054600680E4617466D
:1010C000002408B9BDE8F081D0E90083B3420BD118
:1010D0008368BB4208D154B9C5F80080C368DB07F8
:1010E00001D5D8F7FFF8204604464046E9E7C4F8A2
:1010F0000080F3E7D1E90112FFF7DCBF002370B5F0
:101100001A46194604680546D7F7C8FC0CB92C6086
:1011100070BDE3682668DB0702D52046D8F7E2F801
:101120003446F3E72DE9F8430E461746054610B955
:101130000020BDE8F8830468002CF9D0D4E90089C8
:10114000A0683B4632462946C8470028F1D14446AC
:10115000F2E72420704738B5054614460A460021B8
:101160000AF0DEF96B7924F01C0444F0100443F01B
:1011700004032C716B7138BD2DE9F74F1F469DF8A4
:101180003030019389468346002851D0002969D028
:101190000D68002D68D04FF0000AA979EC79641A27
:1011A000E4B2BC4207D30C3139442944E41B0BEBB5
:1011B00002085E4638E028683F1BAA46002837D060
:1011C0000546EAE73319984538BFA8EB06043046D0
:1011D00022460AF07DF9019B2644002B3FD017F0F0
:1011E000FF0095F806C0E4B225D16444AC71EA79F9
:1011F000AB799A4233D1D9F800302F68AB4208BF9F
:10120000C9F80070BAF1000F01D0CAF80070284682
:10121000D7F7D0FE57B1BA79FC7902F10C01A41AC4
:1012200039443D46E4B20027B045CBD8A6EB0B00CD
:1012300003B0BDE8F08FEA79A2EB0C02D2B201193B
:10124000914208DA0CF10C0CAC44121A121B6144E6
:1012500060440AF04BF9EA79141BEC71C7E72F6878
:10126000AA46D7E70846E3E72846E1E7C279C2F194
:101270004503DBB2994228BF19460A44C2710846A9
:10128000704738B50546C079C0F14504E4B29442D0
:1012900088BFD4B20C30224628440AF019F9EB7901
:1012A0002344EB71204638BD1FB503910021009106
:1012B00003A9FFF761FF05B05DF804FB38B50446EC
:1012C000206800B938BD0568D7F774FE2560F7E7D8
:1012D00010B501F0EC01034603B910BD1A7902F014
:1012E00013020A431A711A1A544254415A7964F388
:1012F00000025A711B68EFE710B580B101680268FF
:101300000AB113680BB9002304E05C79E40704D543
:10131000002414600360084610BD0360EFE7014637
:10132000F9E700221146D7F781BE38B503680446B5
:101330000D469BB11879FFF7F4FF88B1236803606D
:101340005B794279C3F3400363F3410245235D1B9C
:101350004271C37185712060002038BD0120EAE729
:101360001920FAE75318452B02DCC9B2D7F75EBE45
:1013700000207047F7B5002605460F4601960DB9C7
:10138000019C09E0002211463846D7F74FFE04467B
:1013900028B901A8FFF792FF204603B0F0BDAB7952
:1013A0008371EA79C2716979427961F3000242710D
:1013B0006A794179C2F3400262F341014171EA79ED
:1013C00003F10C00D21A2918D2B220440AF080F896
:1013D000019B03B9019406B134602D682646CEE71F
:1013E000002238B5054608461146D7F71FFE0446C9
:1013F000D0B1AB798371EA79C2716979427961F3CD
:10140000000242716A794179C2F3400262F34101FC
:101410004171EA7903F10C00D21A2918D2B22044A2
:101420000AF056F800232360204638BD002348B157
:10143000C27981790068521A53FA82F310B1427965
:10144000D207F4D51846704770B50D460446E8B18A
:1014500086798E4203D3751A8571012070BDC279D9
:1014600006F145039B1ADBB299420FD806F10C0135
:101470000144921BA81B0844D2B20AF037F8E17964
:101480000D440023AD1BA371E571E6E70020E5E7FD
:1014900038B504460D46FFF7D7FF98B984B12079D7
:1014A000FFF73FFF58B1637942790460C3F340030B
:1014B00063F3410245235D1B4271C371857138BDE1
:1014C0000120EDE72046FAE770B50C4616460546C2
:1014D00018B3006808B309B9002070BD0AB14529E6
:1014E0001DD8E1B2FFF7B0FF0028F5D11EB92B6877
:1014F0009A799E71A41A442C07D8002CECD0E1B242
:101500002846BDE87040FFF710BF45212846FFF789
:101510000CFF0028E1D1453CEDE72220DDE721204A
:10152000DBE72DE9F84390F8078090F80690A8EBE8
:101530000907FFB2B94204460D4602D30020BDE8B8
:10154000F8830079FFF7EDFE06460028F6D0A17972
:1015500080790C317F1B29440C30BAB221443044CD
:1015600009F0B6FFF3791F44F771E17923688944E4
:101570004D44A5EB0805E571012033602660DEE7E8
:1015800038B50C46A0B19CB1A579E279C379521B5C
:10159000C3F14503D2B2DBB2934209D305F10C018A
:1015A0002144FFF76EFE2046D7F704FD012038BD29
:1015B0000020FCE7F8B5076806460D463C460023C8
:1015C00005B12CB90BB100221A6034603846F8BD61
:1015D000E379A2799B1ADBB2AB4207D8E379A2790F
:1015E0009B1ADBB2ED1A23462468E9E7E9B22046EC
:1015F000FFF797FF0028F1D10746E7E703460068A9
:1016000018B102681A60002303607047002308B90C
:1016100018467047C27981790068521A53FA82F3EA
:10162000F5E703680BB9016070471A461B68002B89
:10163000FBD1116070472DE9F8430E46144607466A
:1016400028B331B302B3034699461B68002BFBD184
:10165000A0464D46424631462846FFF712FEA945B0
:10166000A8EB0008064418BFC9F80050B8F1000FF5
:1016700008D0B97938790022D7F7D8FCA9460546B1
:101680000028E7D1A4EB08042046BDE8F88304460F
:10169000FAE70C46F8E737B51546C9B200221C46F2
:1016A000D7F7C4FC019040B122462946FFF7C3FF9B
:1016B000844202D901A8FFF701FE019803B030BDB2
:1016C000036803B10B600160704739B10B461A46DD
:1016D0001B68002BFBD103681360016070472DE984
:1016E000F0470F4615468046002844D00668002E75
:1016F00043D0B479F2794534A41AE4B2AC4228BF9D
:101700002C46E4B1E1B23046FFF79EFEB079A5EB7E
:1017100004090C30224607EB0901304409F0D8FED9
:101720004FF0450AB9F1000F06D03079FFF7F9FD07
:10173000044630B9A5EB09052846BDE8F087A9465F
:10174000EEE74A46452A28BF4522D0B2C0F14503FC
:10175000A9EB0209C0F15100A37184F807A007EBBF
:10176000090154FA80F009F0B3FED8F80030236084
:10177000C8F80040D6E70546DEE73546DCE770B539
:10178000046806460D4644B12046FFF73FFFA842D5
:1017900011D8236813B9E379A37170BD2046336073
:1017A000D7F708FC3468F4E7ED1A23683360204665
:1017B000D7F700FC3468002DEFD0A179E3795B1AEC
:1017C000DBB2AB42F0D92944A171E6E7F8B506686F
:1017D00005460C4646B13046FFF718FFA0421DD81B
:1017E000336813B9F379B371F8BD30462B60D7F77E
:1017F000E1FB2E68F4E7064638460768002FFAD169
:10180000C1798379CB1ADBB2A34202D9091BC1711A
:10181000EAE7E41AD7F7CEFB3EB13760002CE3D0FD
:1018200028680028E0D00026E7E72E60F6E72DE9DB
:10183000F04104460F464FF00008BC4201D1BDE81C
:10184000F081A179E5796D1AEDB2C5F14506B6B220
:101850000EB92468F1E749B10C312A46214404F15C
:101860000C0009F043FEE57184F806802368BB4252
:10187000EFD05A79D207ECD49979DD79A079E27961
:101880006D1AEDB2B54200F10C0028BF3546104488
:101890000C312A461944204409F01AFEE3792068E5
:1018A00053FA85F3E3718279C379761B52FA85F591
:1018B000EDB2AB42B6B2857103D103682360D7F7AE
:1018C00079FB002ED2D1C4E738B50C46016809B9BE
:1018D000046038BD0D4609680029FBD1236823B197
:1018E0002046FFF7A4FF2C60F3E721462846FFF7C8
:1018F00047FE0028EDD1F6E738B505460C4604B999
:1019000038BD013C55F834305B68002BF7D0984760
:10191000F5E72DE9F0410446002654F836302BB99E
:1019200004F10408B34203D100250FE00136F4E7C7
:1019300054F8332012685F1C5AB158F833009047AE
:10194000054630B139462046FFF7D6FF2846BDE8A8
:10195000F0813B46E6E77047704770477047704735
:10196000D7F7A0BC10B5D6F78DF900280CBF01241D
:101970000324D6F797F908B144F00404204610BDBB
:10198000532838B505460C4604D1BDE83840084612
:1019900000F0E7BE0620D7F729FD60B96379142D62
:1019A00003F03F03637104D0722D07D163F03F034E
:1019B0006371A57138BD40F20740FBE72120F9E7CC
:1019C000F7B54FF0FF330093ADF804308379DA06B2
:1019D0000BD5532B08BF00234FF03F028DF8052095
:1019E00004BFADF800308DF802300021451E431DC4
:1019F0006A46084615F8016F12F8014BAB4206EA39
:101A0000040724EA060440EA070041EA0401F1D190
:101A100010B1081E18BF012003B0F0BDF8B5044690
:101A2000082016460F461D46D7F73CFC024670B10B
:101A3000204640F2025150F80C3B93F86C30137082
:101A400016715780D580BDE8F840FFF727BBF8BD79
:101A500038B5044604200D46D7F724FC024660B191
:101A6000204640F2055150F80C3B93F86C3013704F
:101A70005580BDE83840FFF711BB38BD2DE9F34173
:101A80001D469DF8203000240E468046017F0477D5
:101A9000174633B1324601F0C5FA204602B0BDE820
:101AA000F0810C29ADF8063008D10DF106032A4665
:101AB000394601F0F5FABDF80600EFE708291FD115
:101AC0000221092001F05BFA04460028E5D08DF8D8
:101AD0000460022201A9360A8DF80560FFF7ABFD0C
:101AE0002A4639462046FFF7A6FDA3792344AA1CBF
:101AF0005A7321464046D9F735FCADF80650DAE76F
:101B00000DF106032A46394601F0B1FAD3E7F0B5E4
:101B100085B017460024012206460D46ADF80E405A
:101B200001F031FF8DF80D00A0BB284601F0A7FDA4
:101B300010B1284601F060FE284601F091FE38B150
:101B4000327F3B4629463046FFF768FF05B0F0BDBF
:101B50000DF10D030DF10E022946304601F0AAFFEA
:101B60009DF80D305BB9BDF80E20BA4235BF072392
:101B7000D21B8DF80D30C01928BFADF80E209DF88E
:101B80000D3000930246BDF80E3029463046FFF76F
:101B900075FFDBE72046F2E72DE9F3410023054618
:101BA0000E460193144600F1440702BB43691A072D
:101BB0001AD4A0463846FFF79FFB0190B8B183794D
:101BC00003F10C0202440533B2F80160B2F80320BD
:101BD000837131460346284601F09AFFCDF8048010
:101BE0000028E7D0044602E023F00803436101A87F
:101BF000FFF764FB3846FFF761FB00232B777CB1CE
:101C0000234618213246284604F5885401F00AFA82
:101C1000A1B22846FFF71CFF002002B0BDE8F0810A
:101C2000284601F08EFA2146F3E72DE9F84F0E46DB
:101C30009DF828A091469B46054610B1037C012BD8
:101C400061D0284601F0ACFC304601F0F9FD0022DD
:101C500031468046284601F066FE0746304602F0CF
:101C6000E3F842F6052398421CD118F0300F26D134
:101C7000BAF1000F34D018F0200F40D0BA0740D589
:101C8000EB8B002B39D15B464A463146284601F0A2
:101C900085FA0446F0B9EE8340F20A41284601F085
:101CA0008DFC17E0284601F009FD0028DDD028460C
:101CB00001F019FD0028D8D041F212140AE0B9074A
:101CC000D6D03146284601F0C8FE0028D0D000F515
:101CD0008854A4B2284601F068FC2046BDE8F88F7D
:101CE00018F0100F0BD0FB070BD55B464A46314668
:101CF000284601F034FA0446ECE70524EAE72124FB
:101D0000E8E70224E6E70724E7E72DE9F041044687
:101D10000A201646BDF818800F461D46D7F7C2FAAE
:101D2000024680B1204640F2045150F80C3B93F833
:101D30006C30137016715780D580A2F80880BDE80A
:101D4000F041FFF7ABB9BDE8F0812DE9F04F2DED83
:101D5000028B89B080461846149B019392468946AF
:101D600009B191420AD901234A461021404609B0DF
:101D7000BDEC028BBDE8F04F01F054B90199DBF7DF
:101D8000F5F908EE100A02F0F1F808B91023EBE7B4
:101D90000221112001F0F3F8B8F80AB00690ABF177
:101DA0000603ABF102069BB2B6B24C464FF0FF35CC
:101DB000029318EE102A5146204601F05BFF0746B9
:101DC00080B3019B51461A8801F0A4FF04463846AF
:101DD00001F02EFD40B94FF6FF739C4201D0013453
:101DE000A4B2A245E5D21DE04FF00003ADF81630D5
:101DF0000DF116020DF115033946404601F05AFE69
:101E0000BDF81620ABF1050191420299D8BF0A46F0
:101E1000002D0346ADF8162014DB954202D1EA1CD2
:101E2000B24213DB6B1C2FD106A8FFF747FA0A2337
:101E30004A461021404601F0F5F809B0BDEC028B8E
:101E4000BDE8F08F351F9542A8BF1546220A8DF8D0
:101E50001C708DF81F2007A90422069803933F0ADF
:101E60008DF81D708DF81E40FFF7E5FB039B06986B
:101E700019462A46FFF7DFFB043E4FF6FF73761B39
:101E80009C42B6B2ABD1CDE706998B790B440435B1
:101E90005D734046D9F766FACFE72DE9F04F2DED97
:101EA000028B87B00646DDF848B091469A468846D0
:101EB00009B191420AD9012342460821304607B0B0
:101EC000BDEC028BBDE8F04F01F0ACB818465946A6
:101ED000DBF74CF9022108EE100A092001F04FF857
:101EE00073890590023B9BB200931F4640464FF01A
:101EF000FF3518EE102A494601F0BCFE04460028C2
:101F00004DD001F095FC00286DD0012221463046CD
:101F100001F039FD8DF80F0050B105A8FFF7CEF99B
:101F20009DF80F3022460821304601F07BF817E07B
:101F30005946504601F0ADFB10B1204601F05CFC63
:101F4000204601F08DFC80B1002D28DC05A8FFF7AC
:101F5000B5F908223277002321463046FFF75EFDAF
:101F600007B0BDEC028BBDE8F08FADF812000DF1AB
:101F70000F030DF112022146304601F09BFDBDF822
:101F8000122000998A4228BF0A46002D0346ADF868
:101F900012200CDBAA4202D16A1CBA420BDB6B1C7A
:101FA00026D105A8FFF78AF90A234246BBE7BD1EE2
:101FB0009542A8BF1546220A8DF8112004A90222D5
:101FC000059801938DF81040FFF735FB019B0598AC
:101FD00019462A46FFF72FFB023F4FF6FF737F1B80
:101FE0009C42BFB2DBD0601C80B2814581D2D6E773
:101FF00005998B790B4402355D733046D9F7B2F9F8
:10200000AEE72DE9F04F89B0064600920F4609B1C0
:10201000914208D901233A460421304609B0BDE86F
:10202000F04F00F0FFBF0221052000F0A8FF7489E7
:102030000290023C4FF6FF78A4B23D46C2462946C4
:10204000304601F0F8FE504581464DD04FF4006215
:102050002946304601F097FC002840D1484601F05F
:10206000A1FF002814BF4FF0100B4FF0020BD0451A
:102070001ED0484601F096FF0190404601F092FFC5
:10208000019A824203D10BF10102A24211DB029CB0
:10209000A17940460C310C4401F084FF002814BFA4
:1020A0000223012363702146304600F0A5FF28E09B
:1020B000C8462A0A0DF10E0148468DF80D208DF80C
:1020C0000C50023CDBF7E8F802980BF1020203A97E
:1020D000FFF7B1FAA4EB0B045545A4B2D7D0009B8F
:1020E0000135ADB2AB42AAD24FF6FF739845CED1BF
:1020F00002A8FFF7E3F80A233A460421304600F02D
:1021000091FF09B0BDE8F08F2DE9F04F89B04FF095
:102110000008BDF84CB0ADF80C80064691469A46D2
:10212000ADF80E800F46002951D091424FD80121C1
:10213000072000F030FF0546002850D03B460A2417
:102140004B45019306D27089294600F0FBFE032817
:10215000019B09D8B8F1000F1ED02946304600F087
:102160004BFF09B0BDE8F08FADF81030129B06931D
:1021700002AA0DF10A0304A93046ADF81290ADF899
:1021800014A0ADF81CB001F0F1FD0A280446E1D01E
:10219000BDF8083020B11F46284600F023FF17E0A5
:1021A000ADF80C30BDF80A30ADF80E3003AA0423A8
:1021B0007089294600F0D1FEBDF80A304FF6FF7253
:1021C00093421CBF01339BB24FF00108B8E70124D2
:1021D00023463A460621304600F024FFC1E7112489
:1021E000F6E70A2303770022FFF791BC0C2303775D
:1021F000FFF78DBC2DE9F3470023B0F80AA08DF856
:102200000130054688460193174612B112F00106C7
:102210000ED004238DF80130002401A8FFF74EF8FA
:102220009DF8013022460E21284600F0FBFE53E0C7
:102230003346324601210F2000F0B5FE044618B99E
:1022400011238DF80130E8E700F07AFE0AF1FF3A39
:102250000190C14639F8024B01222146284601F07F
:1022600092FB8DF801000028D7D1204601F007FA33
:1022700010B1204601F0C0FA204601F0F1FA08B191
:102280008023DEE70DF1010321460DF1020228460D
:1022900001F010FC9DF801300146002BBDD1BDF8C6
:1022A00002200198AAEB06039A42C8BFADF802309B
:1022B000BDF80220FFF7BFF9BDF80230984204D301
:1022C0001E4408EB07039945C4D1019800F034FE81
:1022D0000146284600F090FE02B0BDE8F087F0B558
:1022E00085B0122703920777022205460E4601F0B9
:1022F0004AFB044668B103A8FEF7E0FF00232B77F2
:10230000002C38D0234632461221284600F08AFE9F
:102310000FE0039A937903339371304601F0A0FAEA
:1023200048B1039B00933A46234631462846D7F7E7
:10233000BFF905B0F0BD42F6293001F0D6FCB0423D
:1023400011D1039808B90D24D5E7FFF75FF980B2E2
:102350000128F8D1039B9A7913442846197B01F090
:10236000E8F90446C7E72246039B3146284601F0B8
:10237000CFFB0446C2E7284600F0ABFED9E72DE9C3
:10238000FF410392042204460D4601F0FCFA074681
:1023900028B103A8FEF792FF04B0BDE8F081039ACC
:1023A00093794FF0520803339371284684F81C80C8
:1023B00001F056FA064640B1039B009342463B4665
:1023C00029462046D7F774F9E6E742F6293001F0AE
:1023D0008CFCA842039B0BD19A7913442046197BAD
:1023E00001F0A7F903A8FEF769FF00232377D3E7DD
:1023F00032462946204601F08BFBF6E7F0B58B7993
:1024000085B00C33039119440546B1F80160B1F869
:102410000370304601F00CFA002853D002223146F6
:10242000284601F0B0FA0446F8B9304601F018FA2F
:10243000044668B1039B16222A7799790531997170
:102440002846009331463B46D7F732F905B0F0BD38
:10245000D6F7DEFCDDF80CC023466246591CCAB92B
:10246000DBB20633984218DC092403A8FEF726FFE6
:1024700005F14400FEF722FF234632461621284686
:1024800000F0D0FD092CE1D141F209112846FFF7F7
:10249000DFFADBE712680B46E0E701216046FEF752
:1024A00069FF01460028DFD005F14400FFF7B9F8C5
:1024B000039B9A7905329A7131463A46284600F0D4
:1024C00016FEC3E70124D0E713B5044641B94430F2
:1024D000FEF7F4FE204602B0BDE8104000F031BE29
:1024E0004269182112F00802017707D000230A463A
:1024F00000931946D7F7DCF802B010BD114602B0C0
:10250000BDE81040FFF748BB7FB5C58B04462DB32F
:1025100042F6052001F0E9FBA84207D10021204640
:1025200001F0E8F8636923F00103636140F20A41B6
:10253000204601F049F800260DF10E0229462046FA
:10254000ADF80E6001F0EFF9BDF80E2000920346E1
:10255000022229462046FFF7D8FBE68304B070BD6F
:10256000F7B51646BDF82070044618B941F20110BF
:1025700003B0F0BD08460193009101F059F900281D
:10258000F4D06589033DADB2BD4209D3DDE9001247
:102590003B462046089603B0BDE8F040FFF745BB38
:1025A0004920E5E77FB50123ADF80C304FF6FF7306
:1025B00005460E46ADF80E30044618B9204601F027
:1025C00051F80446A4B1204601F07DF8024668B9EE
:1025D0003146204601F0A7F9022807D101230093D4
:1025E00003AA042331462046FFF71FFB002DE5D048
:1025F00004B070BD2DE9F041054688B042F60520D3
:1026000001F073FB064604A8DAF752FB102205F12D
:1026100021010DEB020008F04BFF50B101212846CB
:1026200001F068F8284601F018FC6B6923F00103FB
:102630006B6142F6030303A90220ADF80C30DAF710
:1026400095FD012407464FF0000820463A464FF614
:10265000FF7101F00FFB044610B908B0BDE8F0812E
:1026600001F0E6F80134A4B20028EED0A64203D16E
:1026700031462846FFF796FF0DF10E022146284607
:10268000ADF80E8001F04FF90028DED0BDF80E3015
:1026900000930122034621462846FFF736FBD4E784
:1026A00008B5DAF7F3FA0020D7F738FA002008BDAA
:1026B00010B90120D7F724BB70470220D7F716BB0B
:1026C0000020D7F713BB38B50C460546D2F748F8BB
:1026D0004379C47523F0030343F0030343710923D3
:1026E000837104F10C03C371A0F81550153038BD87
:1026F0002DE9F3410D4616468046D2F731F805F133
:102700000C03C3714379019023F0030343F00303E7
:102710004371092383710446A0F8158000F1150761
:102720003046FEF773FF2844E07533463BB901A8F5
:102730003146FEF776FF384602B0BDE8F0815A799F
:1027400022F0030242F002025A711B68EEE708B55C
:10275000D2F70CF883790C33184408BD7047002079
:1027600070470F20704770470020704713B504462C
:1027700001A80191FEF7A2FD022208210020FEF728
:10278000F1FD024648B183790C3318440521D15438
:1027900041700621204601F0C9FC02B010BD8368DB
:1027A00043F4007383600020704770477047002037
:1027B0007047704708B5D7F7F3F9DBF751FCD6F748
:1027C00039FEDAF7E9F8BDE80840FFF779BF10B540
:1027D0000446D7F763FB20B92046BDE81040D6F782
:1027E00013BA2046D6F710FAFFF767FFF1E773B583
:1027F0000E4600F030FB044610BB42F6072001F005
:1028000074FA0546E0B1B6F90030002BCCBF0533B1
:10281000053B4FF00A02CCBFB3FBF2F393FBF2F39C
:102820005BB28DF8073001230DF107020021184635
:10283000FEF731FF002203462946104601F068F9F1
:10284000204602B070BD10B50C46C1B120F0004367
:1028500040F2015293420DD008D8A3F20543012B58
:1028600008D92046BDE81040D6F73CBD40F20352DF
:102870009342F6D104F10800FEF720FDF1E710BD08
:10288000430803F05503C01A00F03303C0F385007A
:1028900000F03300184400EB101000F00F007047F8
:1028A00010B5421D441E002114F8010FFFF7E8FF88
:1028B00094420144F8D1084610BD08B500F090FDDF
:1028C000002008BD08B50078D8F7C0FD08BD7047E6
:1028D00008B5D9F78FFCD9F70DFD08BD2DE9F043F8
:1028E00083780D2B93B00D464FD10BAC821C00F1B9
:1028F0001A03264610685168274603C708329A42D1
:102900003C46F7D113883B801C212846FEF737FF51
:10291000BDF82E4014F00C043FD1296805910846FB
:10292000FEF774FE871EA74205990CDA4FF0FF34BC
:1029300000239C428DF824301DDBA31C012209A832
:10294000FEF7B2FC17E0631C012207A80591FEF711
:10295000ABFC9DF81C300599012BE9D023460122E0
:1029600009A8FEF7A1FC9DF8243013B101331C44E3
:10297000D9E78DF82430D9F7E3FC012808D00228E4
:102980003FD050B92846FEF799FC13B0BDE8F0835C
:102990009DF8243013F0010FF4D09DF83700D8F7DC
:1029A00003F980469DF83800D8F7FEF80DF12409A8
:1029B0009DF8302004460DF1310107A8D6F71CFE22
:1029C0009DF83E200DF13F014846D6F715FE07A8B9
:1029D00000F01CFC07ABCDE901050746CDF80090DF
:1029E00022464146304600F011F82B68002BC9D032
:1029F000CDE9007507AB224641463046D7F7F6FBD6
:102A0000C0E79DF8243013F0030FC5E77047D8F7EF
:102A100079B8D8F75BBA704770477047704700F0D5
:102A2000F1BB704770470020704770477047704790
:102A3000F8B513681D0A04460F46164604350A46C3
:102A4000002108F06DFDEDB2204621223946FEF747
:102A500082FB20462946FEF709FCA079336804442E
:102A6000E360F8BD08B500F092FC002008BD704797
:102A700070477047704702464FF482712020FBF781
:102A80000CB9FFF7C6BF08B5014600F03800D8F70B
:102A9000B1F878B1D0E90132407810F0020F08BFE8
:102AA0001346C1F30741043B53F8040F10B10278F9
:102AB0008A42F9D108BD38B505460C4604B938BD7F
:102AC000013C55F824301B69002BF7D09847F5E7F7
:102AD000F8B54378DB07054601D4D8F7CBF86B7817
:102AE0006F6823F00C0343F002036B70002657F865
:102AF00026402CB905F10C012020D6F789FB0FE008
:102B0000A3680136002BF2D0984704460028EED087
:102B100031463846FFF7CFFF6B7823F002036B7026
:102B20002046F8BD4078C0F340007047437813F06A
:102B30000E0F0CBF01200020704707B5D8F704F92D
:102B40000190D8F719F9019803B05DF804FB4FF430
:102B50008270704708B5D8F74DF8C068003818BFC4
:102B6000012008BD08B5D8F745F820B1BDE80840F8
:102B7000C068FEF75BBC08BD38B5D8F73BF8044623
:102B800050B1F7F76CFD054604F10C00FEF7B4FBFD
:102B900004462846F7F769FD204638BD37B58379E6
:102BA000019003440446D86800F03800D8F722F8B2
:102BB000054690B12046FEF78BFBF7F750FD0199D3
:102BC000044605F10C00FEF72CFD2046F7F74DFDFD
:102BD000CEF770FC002003B030BD01A8FEF76EFBFD
:102BE0000220F8E72DE9F8430502984620F47F44D7
:102BF000C0F3072305F4E0651D4324F0C7048B7977
:102C000005EB080744F0800444EA17243F020C3324
:102C1000BFB20E463C43CC5001EB0309304611468F
:102C2000FFF7BCFF28B94D4485F803804846BDE84E
:102C3000F8834FF00009F9E7427810B504320446F2
:102C400001F00400D2B2002140F02900FEF78AFB17
:102C500018B1837922680344DA6010BD10B50021F1
:102C6000FFF7EAFF044608B9002010BD0179FFF71D
:102C700095FF0028F8D1A0790C302044F5E72DE924
:102C8000F04117461A4603681C0204F4E064C3F3DB
:102C900007231C4301F0040141F0290504340646D2
:102CA0003B4621462846FEF7F6FC804650B1E1B28D
:102CB000FEF7CAFB30683B462A464146BDE8F04174
:102CC000FFF790BFBDE8F081F0B501F0040185B0D9
:102CD00041F029050024076829460646106814605B
:102CE0000390FEF7F5FA0398FEF790FC390201F421
:102CF000E061C7F30727394301900122043103A89B
:102D0000FEF7E2FB019B28B103A8FEF7D7FA2046A5
:102D100005B0F0BD039930682A46FFF763FFF7E777
:102D20002DE9F843DDE908980D4649460446164664
:102D30001F46FEF73FFC70B92068FEF767FCA0EB6A
:102D400009012046FEF742FD00232068236088F831
:102D50000070BDE8F8832368002B18BF354688F85B
:102D60000050F6E700207047F0B585B00D468DF8AD
:102D70000700174622B91BB90124204605B0F0BD53
:102D80009DF807002946FBF766F80646E8B99DF866
:102D900007002946FBF765F8A8B9012427B9FBF716
:102DA00048F80028E9D1E7E79DF80700003818BF88
:102DB00001200EB104B102AD2946D8F7B3F8441C86
:102DC00018BF0124D9E73446D7E7012202A90DF143
:102DD0000700FBF744F80446E0E77047704791426C
:102DE00070B50D4614461E4614D2FEF7A1F8641BBA
:102DF000013490FBF4F101FB140425443580FEF707
:102E000097F833880133B0FBF3F202FB1300049B05
:102E1000188070BD1A80F2E77047704738B50446D5
:102E2000FBF742FE054658B9C820D5F713FCC82267
:102E300002212846D5F7CCFBA042A8BF204604B209
:102E40002046D5F707FCFBF72FFEBDE83840C82227
:102E50000221D5F7BDBBB0F90020B1F900309A428C
:102E60002DE9F04704460D4648DCF7F7F8FB8046AD
:102E7000D0F788F900283ED1D5F7A0FB8246FBF7B2
:102E800013FEC8220221D5F7A3FBB5F9002047F6AF
:102E9000FF739A42814602D1D5F7B4FB2880B4F97A
:102EA000002047F6FF739A4202D1D5F7A5FB208098
:102EB000B5F90000FFF7B2FFB4F900308342C8BF94
:102EC00020800746B4F90000D5F7A2FBFBF755FEBA
:102ED000064658B15046D5F79BFB4846D5F7BAFB96
:102EE0004046F7F7C2FB3046BDE8F087D5F766FBF2
:102EF00020802F80F4E741F20C06F1E72126F2E76B
:102F0000A0F86A107047012303FA01F190F86D30C0
:102F1000194380F86D10704708B50120D5F798FF68
:102F2000C0B208BD08B50120D5F792FF0146D8F719
:102F3000C3F9081AC0B208BD83790C33184470472E
:102F40001438704710B50446A1F11400FEF75EFB7B
:102F5000201A20EAE07080B210BD70B51C460D4604
:102F60001646FFF7EFFFA04207D322463146A5F1F0
:102F70001400FEF760FB012070BD0020FCE710B5D7
:102F80000A46044608210020FEF7ECF910B18379C7
:102F900003441C7310BD08B5FFF7F1FF10B183792E
:102FA0000C33184408BDF7B50646174600200A46FC
:102FB00008211D46FEF7D6F90446019048B12A467D
:102FC0003946FEF738FB854206D901A8FEF776F9A7
:102FD0000024204603B0F0BD019A93790C33D41835
:102FE000D654F6E707B520B11438019001A8FEF7D2
:102FF00065F903B05DF804FB11B11439D8F7B2B923
:103000001A20704738B504460D4602200321FFF709
:10301000C2FF014608B1A0F801502046BDE8384083
:10302000FFF7EABFF8B504460F4601200521164612
:103030001D46FFF7B0FF014638B147704680057165
:103040002046BDE8F840FFF7D7BFF8BD38B50D46BC
:10305000032104460846FFF79EFF014630B1A0F861
:1030600001502046BDE83840FFF7C6BF38BDE0B587
:103070004589013DADB2954228BF154606460A4630
:103080001F4601212B460B20FFF78DFF014628B17B
:103090003D803046BDE8E040FFF7AEBF1A20E0BDFE
:1030A000E0B54589013DADB2954228BF15460646BB
:1030B0000A461F4601212B460D20FFF774FF0146EB
:1030C00028B13D803046BDE8E040FFF795BF1A20AB
:1030D000E0BD10B5012104461320FFF75CFF014657
:1030E00020B12046BDE81040FFF786BF10BDF7B500
:1030F00044890193054618460F461646FEF786FAA0
:10310000053CA4B2844203DA011B01A8FEF75EFB72
:1031100001980521FEF7BCF928B901A8FEF7CEF801
:103120001A2003B0F0BD83790C33C2181721C154A3
:103130000146A2F80170A2F803602846D8F712F9F8
:10314000EFE710B5012104461920FFF724FF0146DF
:1031500020B12046BDE81040FFF74EBF10BD70B54E
:103160004489033CA4B2A34205460E4628BF234629
:1031700003211B20FFF717FF014668B110F80F3C31
:10318000A0F80160012262F3071300F80F3C284603
:10319000BDE87040FFF730BF1A2070BD70B544899C
:1031A000033CA4B2A34205460E4628BF2346032192
:1031B0001D20FFF7F8FE014630B1A0F80160284657
:1031C000BDE87040FFF718BF1A2070BD4B88042B74
:1031D00007D1C36C08885B8998428CBF002001200E
:1031E00070470020704710B50C4600F035FA18B152
:1031F00043892380002010BD2520FCE70020704774
:1032000000F007B80020704700F005B84FF0FF301D
:1032100070470E2070470020704707B501228DF8D7
:1032200007100DF10701FEF706FA03B05DF804FB85
:10323000F0B5054685B04FF428500C4600F055FD1A
:10324000019000F0F5FAB0B3022C019902D80020E9
:1032500005B0F0BD00270DF10D030DF10E0238464B
:10326000ADF80E7000F026FCBDF80E20631E9342F0
:1032700006461EDC072C1AD9023CADF80E40082485
:10328000BDF80E30002BE2D00133D9B22846FFF74B
:10329000C4FF21462846FFF7C0FFBDF80E20314687
:1032A0002846FEF7C8F9BDF80E000230D0E7ADF8A9
:1032B0000E700924E4E74FF0FF30C9E72DE9F04331
:1032C000054685B018460E46174600F00EFD0190E3
:1032D00000F0AEFA019988B34FF000080DF10D032C
:1032E0000DF10E024046ADF80E8000F0E3FBBDF894
:1032F0000E40BDF830108C4228BF0C468146B442C7
:103300009DF80D0028BF3446ADF80E40C8B9ACB1E9
:103310000134A2B2964211D9E1B22846FFF77DFFEF
:1033200039462846FFF779FFBDF80E204946284662
:10333000FEF781F9BDF80E300233D8B205B0BDE812
:10334000F0834046FAE770B51546064608460C4637
:10335000D8F74CF86B1E042B0BD9A36A657543F0A4
:103360001603A362D6F7A0F83046BDE87040D8F740
:1033700077B9032DF1D0A379142B06D0FFF7D2FD36
:103380000028EAD141F2090070BD2120FCE7704716
:10339000836A5B055ABFC06AC0F300100020704703
:1033A00010B5437D042B044601D1002010BDC36A33
:1033B000DB06FAD590F83230012BF6D1027D042AD3
:1033C0000CD18069FEF722F91F28EED8E069FEF7DC
:1033D0001DF91F288CBF00200120E7E71846E5E70C
:1033E000704737B50D460021044601915BB9204670
:1033F00001AA2946D8F722FE044601A8FDF75EFF80
:10340000204603B030BD0846FEF745F9019000287C
:10341000EDD11A24F4E710B50446FEF7A3FA10EA3A
:1034200004020AD014F0050207D0C34363F0050379
:1034300023420CBF0120002010BD1046FCE770475E
:10344000002337B580F86E3040F6FF73A0F86A307D
:1034500083688181DA0404460D4611D443F4806305
:10346000A3606A4640F203212046ADF80450009460
:10347000FDF758FE00212046D7F78EFE03B030BD81
:1034800090F87200D8F7B2FBA36823F48053E7E703
:103490001FB590F87020019002F0010304468DF8EA
:1034A00008300BB102F002038DF80930204694F881
:1034B00071308DF80A30ADF80C10FFF754F901AAFD
:1034C0004FF401712046FDF72DFE2046D7F712FF7D
:1034D00004B010BD07B50190D6F742F8019903B0CA
:1034E0005DF804EBD7F7C6BDD7F72EBEFFF714BDC6
:1034F0000A460021DAF7AEBB13220121DAF7AABB94
:10350000826838B5C2F380320446B0F86A000D46CE
:10351000DAF716FC20B9A3681DB143F40053A36089
:1035200038BD23F40053FAE783791A0705D413F062
:10353000100F14BF0120FF20704700207047704714
:1035400000207047112070471120704710B50446C5
:1035500060B1C06C50B1D9F787FAE06C0028FAD19D
:1035600020460321BDE81040D7F716BE10BD4389A1
:103570008B4210B5044612D00420D5F793FE0246C4
:1035800068B1236893F86C3003706389438040F21C
:10359000014104F10C00BDE81040FDF77FBD10BDF6
:1035A000436943F0040343617047436923F0040314
:1035B000436170474069C0F380007047006847F27C
:1035C00030530022D5F7E6BA0068FDF73DBD38B5A7
:1035D00043699B0704460D4603D540F20941FFF7B6
:1035E000F3FFD7F7D7FE08B1A3691D70204640F25C
:1035F0000941BDE83840FFF7E1BF38B5037C012B36
:1036000004460D4609D040F2094301209942207436
:1036100004D040F20A43994211D038BDD5F742FE9A
:1036200002460028F9D020464FF4816150F80C3B47
:1036300093F86C301370BDE83840FDF72FBDD5F717
:1036400031FE02460028E8D02046294650F80C3BBF
:1036500093F86C301370EEE708B5D7F75FFD00B153
:10366000C06C08BD08B500B10068D7F765FD08B9A2
:10367000034602E0C36C002BF7D0184608BD10B516
:10368000044642F62A3000F030FB031B58425841F2
:1036900010BD022806D1088842F62A33C31A5842C0
:1036A000584170470020704710B5044642F6293053
:1036B00000F01BFB031B5842584110BD90F820003E
:1036C00000F0010070471FB504466846D9F7F0FACC
:1036D0001022694604F1210007F0EAFEB0FA80F0FA
:1036E000400904B010BD08B5FFF7EDFFB0FA80F057
:1036F000400908BD70B5044600F1210591B928467E
:10370000D9F7D6FA236893F97100FFF77DFD78B1F8
:1037100020682B4690F97100BDE8704010220D2101
:10372000FFF76EBD10220021284607F0F9FEE9E7F9
:1037300070BD38B590F820200546002341FA03F00B
:10374000C40703D442FA03F0C0071ED40133082B88
:10375000F4D101F001042B68224385F8202093F96D
:103760007100FFF751FD40B12B46012253F8200BA9
:103770000C2190F97100FFF743FD24B10021284688
:10378000FFF7B8FF0024204638BD1324FBE768B1DB
:103790003F290AD800EBA10001F0030190F83100A5
:1037A0004900084100F0030070470020704710B541
:1037B0000368044693F97100431C0DD0FFF724FD04
:1037C00050B12346102253F8310BBDE8104090F958
:1037D00071000B21FFF714BD10BD10B590F87030CB
:1037E000DB0707D5847CFEF7E2FF844234BF0C2060
:1037F000002010BD0F20FCE730B585B004466846B8
:10380000D9F756FA1021684600F0E6FC2046D9F7B1
:1038100019FEC2686B46063204AD1C4603CCAC42AE
:1038200010605160234602F10802F6D105B030BDA8
:1038300008B5D9F707FE08B1D9F7D8FDC0B208BD61
:10384000013810B580B2D9F7FDFD044608B9002053
:1038500010BD408800F099FB0028F8D0207BF7E7E6
:1038600008B5D9F7EFFD18B1007AC31F5842584187
:1038700008BD70B50546044655F8213B93F9710023
:10388000431C04D12846BDE87040D9F711BAFFF7B0
:10389000BBFC0028F6D02346102253F8310B0B2135
:1038A00090F97100FFF7AAFC2346012253F8200B80
:1038B0000C2190F97100FFF7A1FC20682B4690F9CC
:1038C0007100BDE8704010220D21FFF797BC013058
:1038D0002DE9F04185B228460E46D9F7B3FD42F6F0
:1038E0000217044642F603089CB12046D9F77EFD34
:1038F00078B1204600F058FBB84205D10EB12388BC
:103900003380607BBDE8F081204600F04DFB4045F0
:1039100002D14FF0FF30F5E70135ADB22846D9F7B7
:1039200091FD0446E0E72DE9F04707460E46904634
:103930000D4642F6021942F6030A0135ADB2284699
:10394000D9F780FD044650B1D9F750FD38B1204673
:1039500000F02AFB48450BD1237A072B10D04146B3
:103960003046FFF7B4FF431C014604D1002008E0B5
:103970005045E2D1F3E73846BDE8F047FFF707BF0F
:103980000320BDE8F08770B5054608461446D9F710
:1039900059FD064608B9012070BDD9F727FD00285A
:1039A000F9D0E20713D4A30733D4630702D5B38851
:1039B000580731D514F0060F30D114F40060EBD065
:1039C000B38813F4006F14BF00200620E4E7B38827
:1039D000D80740D513F0700309D02868FFF7FDFE23
:1039E000B38899060AD50F2803D10520D4E71846D5
:1039F000F6E72A6892F870209207F6D50028CBD116
:103A00005906D0D52B6893F971300133CBD10820FA
:103A1000C2E7B3889A07C8D40320BDE7B38813F47C
:103A2000E06316D02868FFF7D8FEB388990506D55D
:103A30000F28DAD02A6892F870209207D5D500288E
:103A4000AAD15B05B9D52B6893F971300133B4D194
:103A5000DDE71846E9E702209EE738B50446084648
:103A6000D9F7F0FC054608B9012038BDD9F7BEFCEE
:103A70000028F9D0AB8813F4E04317D02068FFF793
:103A8000ACFEAB88990406D50F2811D0226892F8B5
:103A9000702092070CD50028E7D15B04E5D5236898
:103AA00093F97130013308BF0820DEE71846E8E7D4
:103AB0000520DAE72DE9F0474FF0000983F8009080
:103AC0000446A2F8009008460F4616461D46D9F750
:103AD000B9FC804620B901232B700020BDE8F08797
:103AE00074B1D9F783FC0028F5D03846FFF7DCFD28
:103AF00030B1012385F8009004F120003380EDE718
:103B00002B46324641462046BDE8F047D9F75CB81F
:103B10002DE9FF4106460846884617460393D9F724
:103B200091FC044638B903A8FDF7C8FB01252846D7
:103B300004B0BDE8F0811EB1D9F758FC0028F2D0DE
:103B4000237A072B22D8DFE803F00C1B1E04110C8C
:103B50000C160225AF421BDD03A8FDF7AFFB0725BE
:103B6000E5E703A8FDF7AAFB0325E0E703A8FDF7B7
:103B7000A5FB0625DBE703A8FDF7A0FB8025D6E71C
:103B8000E2685588E6E7E2689588E3E70025E1E723
:103B9000022B08BFE368039808BF5D8850B1FDF7AA
:103BA00035FD82B2D319AB4206DD03A8FDF786FBD3
:103BB0000D25BCE70246F5E7257A022D27D0032D17
:103BC00028D0012D41D1E068039906300023384404
:103BD000FDF76AFB002E39D0237A032B41D103A8CD
:103BE000FDF76CFB00212046D9F7E6FB002834D016
:103BF0000588617B3046FFF7CAFD01220346CDF8F8
:103C0000008029463046FEF780F800258FE7E068FF
:103C10008380D9E7039B9A79D979891AC9B2481E5A
:103C2000012818D8134402291A7B04BF5B7B42EA9F
:103C30000322237B18BF92B232EA030307D1617BD0
:103C400001233046D8F796FFC4E756B9002503A8EC
:103C5000FDF734FB6BE70D25F9E708F1FF35ADB251
:103C6000C7E7039B0093327F3B4641463046D5F77A
:103C700045FDCAE7884270B50D46164612D80128A0
:103C800038BF012004462046D9F7DCFB10B1438839
:103C9000B34208D00134A4B22046D9F7B7FB08B12B
:103CA000A542F0D20024204670BD70B50C461646E1
:103CB0001D460146B8B1B3B1022C01D0102C12D16F
:103CC000E0B2D9F753FA4FF6FF718842024602D1AB
:103CD00041F20A1070BD3046FFF7CCFF0028F7D044
:103CE00028800020F6E72120F4E707B500238DF8AF
:103CF0000400000A8DF80500ADF8063001220DF130
:103D00000603022101A8FFF7D0FFBDF8060003B0AB
:103D10005DF804FBF8B5441C0F461646A4B22046D5
:103D2000D9F790FB10B9013CA0B2F8BD00F03CF906
:103D30000546304600F014F920B1284600F010F98D
:103D40000028F0D1304600F004F920B1284600F0F8
:103D500000F90028E7D10134A4B22046D9F756FB78
:103D600008B1BC42DBD94FF6FF70DEE72DE9F04F1A
:103D700087B00D4600938B880C888DF810308246F2
:103D80001B0A04A902208DF811309046D9F7EEF9EC
:103D9000AB68AF8905938146A88800F0DAF838B19E
:103DA000102F05D105A8D9F7C7F9022808BF0227A7
:103DB0004FF6FF7B33E04A462046FFF75BFF06469F
:103DC00080B3AA886988FFF7A5FF04463046FFF74D
:103DD0002FFD00B30DF10F030DF1120231465046D5
:103DE000FFF768FE9DF80F302BB1A8F80060184669
:103DF00007B0BDE8F08FBDF81220BA420BD105998B
:103E000001933A4607F054FB019B20B9009AA8F8A9
:103E100000601480EBE75C4501D00134A4B26988EE
:103E2000A142C8D80A23E2E708B5D9F70BFBBDE8E1
:103E3000084000F0B9B838B505460846D9F702FB86
:103E4000044610B94FF6FF7038BD0DB96088FBE726
:103E5000D9F7CCFA0028F9D1F4E770B5044642F658
:103E60000520FFF742FFB0B10021FFF730FD054606
:103E700001462046FFF78BFC10220646002104F184
:103E8000310007F04DFB3246294620460023BDE8AD
:103E90007040D8F76FBE70BD7FB505460C46102246
:103EA0000021684607F03CFB0026A3575A1C1CD093
:103EB00031462846FFF76BFC002B19460246B8BF77
:103EC000D91C04A800EBA101584200F0030003F044
:103ED000030358BF434202F003025B0002FA03F3FC
:103EE00011F8102C134301F8103C0136402EDCD1A0
:103EF0006B4605F1310404AE1A4603CAB242206093
:103F00006160134604F10804F6D1284604B0BDE808
:103F10007040FFF74CBC037A23B1013B012B06D95B
:103F200000207047C3681888023080B27047C368A9
:103F300058880630F9E710B50446D8F787FF4FF6E2
:103F4000FF73984204D12046BDE81040D8F758BF0F
:103F500010BDA0F5205001288CBF00200120704723
:103F600042F60303C31A58425841704708B5030488
:103F700009D4D8F79BFFA0F5205080B201288CBF50
:103F80000020012008BD0020FCE7020408B507D48A
:103F9000D8F78CFF42F60303C31A5842584108BDB4
:103FA0000020FCE7C00B704703464088B3F902309D
:103FB000002B01DBD8F77ABF0020704708B5FFF768
:103FC000F3FFA0F5205080B201288CBF0020012013
:103FD00008BD70B51D4604461646D9F78BF9EB436C
:103FE000844200D970BD617A314315B961721034D1
:103FF000F6E71940FAE770B50D461646D9F722FAEA
:10400000044650B1FFF7DAFF38B1204633462A465E
:104010000121FFF7DEFF002070BD2120FCE72DE924
:10402000F7431C46C307019115461DD510F0020F3A
:1040300048F6010340F601074FF4205818BF1F4609
:10404000022D06D0102D36D101A8D9F775F8022817
:1040500000D10225012200211046D8F763FF40B9A4
:104060001A2003B0BDE8F08340F6010742F60108CC
:10407000E6E7A81CC0B2D8F7A5FF1FFA85F90646E7
:104080000028EDD02A46019920F8029B07F020FA7B
:104090000120D8F725FF05464046FFF74CFF4FF6B5
:1040A000FF7368800020AF80EB802872EE6024B13F
:1040B0002B882380D5E72120D3E72046D1E7402273
:1040C0002021FFF798BF20224021FFF794BF4B88A3
:1040D000052B05D108880E288CBF002001207047D1
:1040E00000207047F8B505460F46164604210A22FF
:1040F0000020FDF737F90246B8B184790C34031972
:10410000052100204FF0060CD870997002F804C009
:1041100013241C715F7102245870D8719C711E8128
:104120002846BDE8F840D5F737BEF8BD73B505465B
:10413000104601920C46FDF769FA042186B20198F7
:10414000FDF7A6F9024628B901A8FDF7B7F81A202D
:1041500002B070BD837901900C33C1184C80C652F7
:1041600021462846D5F718FE0020F1E72DE9F04159
:1041700006468846174604210A220020FDF7F2F879
:104180000246B8B185790C35431900240521062073
:104190009970DC70505501201871022098715C7084
:1041A000304683F80580DC711F81D5F7F5FD204688
:1041B000BDE8F0811A20FBE700207047002070471F
:1041C00007B501A80192FDF779F803B05DF804FB8B
:1041D000704700207047704710B5013903461A1A1E
:1041E000914200D810BD445C1A7803F8014B425448
:1041F0000139F4E701440023884200D1704700F8F8
:10420000013BF9E707B503780D2B41D8DFE803F050
:104210000C1A222A324B5407171F272F435148F2FA
:1042200009014FF6FF7039E0031D012248F2090130
:104230004FF6FF7003B05DF804EBDAF76FBB48F29E
:104240000C01EEE7031D012248F20C01F0E748F2F1
:104250000F01E6E7031D012248F20F01E8E748F2EB
:104260001201DEE7031D012248F21201E0E748F2E5
:104270002401D6E703798DF8043043798DF80530B1
:10428000022201AB48F224014FF6FF70DAF746FB39
:1042900003B05DF804FB808848F2420103B05DF88A
:1042A00004EBDAF749BB831D0122808848F2420102
:1042B000C0E748F22301B4E703798DF8043043796D
:1042C0008DF8053083798DF80630032201AB48F272
:1042D0002301D9E70122DAF733BF38B51C464FF680
:1042E000FF73994206D1114600F089F908B12060A8
:1042F000012038BD00F091F9F8E7F7B50F461546F3
:1043000000F0A1F9002601963E70044610B3ADF806
:104310000260FDF77BF90222C31E21460DEB02006D
:10432000FCF7C2FF2046FDF771F90122431E21462A
:104330003846FCF7B9FFBDF802302B603146204605
:10434000FDF718F80321019001A8FDF73FFA019845
:1043500003B0F0BD2860FAE77047704770477047B8
:104360007047704702464FF482712820F9F795BCD8
:10437000704708B5DBF712FD00B1008808BD73B5C2
:1043800006460DF106000D46F5F732FE044658B913
:10439000BDF80600A9B256B1F5F742FE0446BDF8D5
:1043A00006003CB1F5F776FE204602B070BDF5F789
:1043B0004BFEF3E7F5F75CFE0446F5E7704708B5FA
:1043C00022F00042A2F58050DCF7B8F8012008BDC9
:1043D00008B1DCF783B9F5F79DBE081A18BF0120B4
:1043E000704700210846E2F7F7BD10B518461146A0
:1043F000DCF746FA044660B121F0004049F20102C0
:10440000904208BF2068D4E9033198472046DCF782
:1044100043FA002010BD014620B1102242F23000C4
:1044200004F0CCBB21207047FDF79ABAD4F73ABF0D
:10443000D4F758BF13460A4601460020DCF770BA8D
:1044400049F20101DCF7C2BBFFF7FABF07B5CBF7B2
:1044500021FE6A46CBF7EEFE48B9DDE900014FF4D4
:104460007A720023F4F77EFA03B05DF804FB0020B3
:10447000FAE7CBF70FBE70B50D460446CBF724FE26
:104480004FF47A760246A4FB0601002306FB0511D1
:10449000F4F768FA70BD10B50446CBF715FE4FF47B
:1044A0007A720023A4FB0001F4F75CFA10BD08B592
:1044B0000B4601461846D4F799FF002008BDDBF7EC
:1044C000C7BB0021034602460846DAF7EFBC10B42A
:1044D00020B119B15DF8044BDBF78EBB21205DF8EC
:1044E000044B7047DBF7A2BB38B505460024EBF759
:1044F00003FDA04201D8002038BD2046EBF702FDA5
:104500000146284605F03FF90134F0E72DE9F04770
:10451000F2B0B3F5C67FDDF8E89180460C46174649
:104520001D4606D91846FFF77FFF064610B9192425
:104530003CE00FAE07AB04F1080C206861681A4636
:1045400003C2083464451346F7D12068106022790D
:104550001A710DF12C0A7B994A46504606F0B8FFB5
:104560000023CDE90233CDE9049ACDE900652B465D
:104570003A4607A9404604F079FA044620B92A468B
:104580003146384606F0A4FF2946304603F003FAC8
:10459000B5F5C67F02D93046FFF74AFF0D2107A8BF
:1045A00003F0F9F91021504603F0F5F9204672B0F6
:1045B000BDE8F087830B012B0CD0022B0AD01BB96E
:1045C000003818BF01207047B0F57F4F2CBF042082
:1045D00003207047184670470020FFF785BF07B5D6
:1045E000E1F7B8FF30B10DF1060101F09AFA20B9F8
:1045F000BDF8060003B05DF804FB0020FAE707B53C
:104600000191E1F7A7FF28B1019903B05DF804EB30
:10461000E2F780B803B05DF804FB07B5CDE90021EF
:10462000E1F798FF30B1DDE9002103B05DF804EB5C
:10463000E2F7A0B803B05DF804FB00F0CBBE00F0D9
:1046400023BF00F01FBF01F0B3B801F0B5B870B5DB
:104650000E46054608B9212070BD0120E7F70EFC83
:1046600004460028F7D1284600F010FFA04205D8E4
:1046700031462846BDE8704000F010BF214628466C
:1046800000F007FFB04201D00134ECE740F20150E6
:10469000E2E707B501A9E9F7F7FC18B9019803B0FB
:1046A0005DF804FB0020FAE7E7F7E8BB70B50646C3
:1046B0000C46154652B1FFF7ECFFA04208D92A4636
:1046C00021463046BDE87040E9F710BD212070BD9D
:1046D00040F20250FBE707B500220B46009211465C
:1046E00003F0B9FC03B05DF804FB13B513460446B0
:1046F000002208460092214603F0BEFC02B010BD25
:1047000038B50D46044648B141B100F00FFF28B15D
:1047100029462046BDE8384000F023BF212038BD9F
:1047200038B50D46044648B141B100F0FFFE28B14E
:1047300029462046BDE8384000F041BF212038BD61
:1047400010B5044638B100F0F1FE20B12046BDE8B6
:10475000104000F0C5BD212010BDE0F7B1BDE2F76B
:1047600037B802F003BD2DE9F04FF3B0DDE97C9AD4
:10477000884617469B46044600285DD000295BD03A
:10478000002A59D0002B57D009F1FF330F2B53D8F3
:10479000BAF1000F50D00BF11006B6F5C67F06D95E
:1047A0003046FFF741FE054610B9192440E00FAD31
:1047B000434607AA08F1080E186859689446ACE801
:1047C0000300083373456246F6D11868CCF8000040
:1047D0001B798CF804300DF12C080023CDE902334D
:1047E0002046CDE90498CDE900565B463A4607A934
:1047F00004F0ECF8044648B94A464146504606F0F3
:1048000067FE5A462946384606F062FE314628467B
:1048100003F0C1F8B6F5C67F02D92846FFF708FEB7
:104820000D2107A803F0B7F81021404603F0B3F8B4
:10483000204673B0BDE8F08F2124F9E72DE9F0435D
:1048400085B000241646DDE90C980D461F460394FA
:10485000024600B3F9B1F6B1EBB109F1FF330F2B0A
:1048600019D8B8F1000F16D0204603AB4946E9F736
:10487000C9FB044640B9CDE9009803983B4632464F
:104880002946FFF770FF044603A803F0A1FF204666
:1048900005B0BDE8F0832124F6E7F0B4DDE9047C3F
:1048A00058B151B14AB143B17C1E0F2C05D8BCF1AF
:1048B000000F02D0F0BCFFF729BE2120F0BC7047EA
:1048C0002DE9F04385B000241646DDE90C980D462D
:1048D0001F460394024600B3F9B1F6B1EBB109F1FA
:1048E000FF330F2B19D8B8F1000F16D0204603ABB9
:1048F0004946E9F787FB044640B9CDE9009803989B
:104900003B4632462946FFF7C8FF044603A803F09A
:104910005FFF204605B0BDE8F0832124F6E7F0B53F
:10492000002487B00E4617461D46024601AB2046BE
:10493000FF210194E9F766FB044698B9019802ABA0
:104940003A46314603F0E4FF044658B92B4602AE1E
:1049500006AD324603CAAA4218605960164603F1F2
:104960000803F6D101A803F033FF02A8102103F0D9
:1049700012F8204607B0F0BD70B50E4686B014465A
:104980000546E8B1E1B1DAB1E8F714FA0346A0B997
:1049900001AAB1B2284603F0E3FF034668B901ADAE
:1049A000224605AE2C4603CCB44210605160254629
:1049B00002F10802F6D120681060184606B070BDFA
:1049C0002123FAE7E2F798B8E1F70CBDE2F728BC3B
:1049D000E2F766BC08B5FFF7EDFD012818BF02201D
:1049E00008BD032070470220704737B5002501A994
:1049F0000195DCF73DFA019B044613B12846DCF72C
:104A000033FC204603B030BD37B5002501AB01951E
:104A1000DCF702FA019B044613B12846DCF724FCBC
:104A2000204603B030BD08B50020E2F735F818B9CC
:104A300002F02AFB002008BDDCF764FCFAE708B5A9
:104A4000E3F734FE10B90321E2F72CF80022BDE8A9
:104A5000084001211046DAF743B913B5044640B1C6
:104A60000020E2F719F8032803D101210020E2F722
:104A700019F8E3F71BFE58B154B90DF10600ADF873
:104A80000640E3F71BFE58B1BDF80600E4F796FABE
:104A900022460321002002B0BDE81040DAF720B919
:104AA000E3F722FE0028F3D0E2F7CCFE01F05EF936
:104AB000EEE7F8B5BDF818500C46691C0155A61C68
:104AC0000134A4B2B7B2025519462A4610FA86F04C
:104AD00006F0FEFCE81980B2F8BD30B585B09AB199
:104AE00090B189B1B3F5805F0ED29DF82840039450
:104AF000BDF824400294089CCDE9003413460022FE
:104B0000DEF752F905B030BD2120FBE7F0B50546D0
:104B100085B00E461C4617466AB361B3B3F5805F95
:104B200029D2E1F7B9FF012809D0042825D10021B5
:104B30000220E7F721FE21460020E7F71DFE0321B2
:104B40002846E1F7AFFF9DF830300393BDF82C30D5
:104B500002930A9B0021CDE9004332463B460846BA
:104B6000DEF722F9044618B904212846E1F79AFF36
:104B7000204605B0F0BD2124FAE70224F8E710B57D
:104B8000044604B910BD04F10C004522002106F0D2
:104B9000C7FC2468F5E72DE9F04F8FB005460020EB
:104BA000DDF87CB0DDF884A0DDF88C90259C0D90BC
:104BB0000E4617469846FCF7B4FB0D9050B91A24E0
:104BC0000D98FFF7DCFF0DA8FCF778FB20460FB02F
:104BD000BDE8F08FBDF878104FF6FF720CA804F016
:104BE00086FC0CA902460B900D98FCF74AFB0B9A29
:104BF0008242E4D1BBF1000F1ED19DF874300693C0
:104C00009DF8703005930D9BBDF868109DF8640009
:104C10000022CDE90323BDF860300792CDE90122DF
:104C20000093CDE90867BDF86C204346A8470446C9
:104C30000028C5D10D90C3E720990D985A46FCF77E
:104C4000FAFC5845BBD1BAF1000FD6D022990D9885
:104C50005246FCF7F0FC5045B1D1B9F1000FCCD071
:104C600024990D984A46FCF7E6FC4845A7D1002C4C
:104C7000C3D026990D982246FCF7DDFCA042BCD09B
:104C80009DE710B5084611461A461C46EAF7F6FAA3
:104C900028B122884FF6FF739A4218BF002010BD3A
:104CA00030B521F0010404EB510411F0010109D1E8
:104CB000651C9D4204D81055C0F303205055A11C1B
:104CC000084630BDA11C994297BF651C0021535D69
:104CD00043EA00139FBF001153555054E11CEFE706
:104CE00010B50020DCF724F9044668B9DEF75AFF56
:104CF000044648B9E1F72EFC0321E1F70BFD18B19A
:104D0000BDE81040DEF7EEBB204610BD08B5DCF76D
:104D1000FDF9DEF725FFBDE80840DEF7FBBB0378B1
:104D200003F07F03023B10B5062B11D8DFE803F038
:104D30003A04342929111D00C38842795BBAC38023
:104D4000B0F809305BBAA0F80930C3784371C2707B
:104D500010BD0139490800238B42F9D000EB430410
:104D60000133628852BA6280F6E7013949080023AC
:104D70008B42EDD000EB43040133628852BA62806B
:104D8000F6E7B0F801305BBAA0F80130B0F80330B4
:104D90005BBAA0F80330DBE7B0F805305BBAA0F8E7
:104DA0000530D5E7D0F802301BBAC0F80230CFE7A3
:104DB00030B4BDF80840BDF80C50CDE9024530BC18
:104DC000E7F7BABAE7F786BAE7F784BA00F000BFA8
:104DD0002DE9F0471D468AB00023CDE90833AB79B1
:104DE0000C3305EB030AEF5C0DF124080DF11F03F2
:104DF0000DF120090493CDF80C80CDF808904B8973
:104E000001930B8900930C46CB8816468A8800F0E4
:104E100001016088E7F790FA0446D0B99DF81F3089
:104E200007F07F07BB4218D1504600F066FE139B87
:104E30001860129B0146CDE900533046DDE9082396
:104E400000F057FD0446484603F0C2FC404603F01C
:104E5000BFFC20460AB0BDE8F08741F20504F2E746
:104E60002DE9F04786B00646DDF838900F469046AB
:104E70009A46E1F7C9FD044610B906B0BDE8F087CF
:104E800060880DF11701E7F7BFF8054618B1204615
:104E9000E1F7A2FDEFE7CDE9008A3B463246214625
:104EA0000120FFF795FFE0B19DF81730013B012B82
:104EB000EDD82846CDE9008A3B4632462146FFF729
:104EC00087FF05460028E2D102AE2188304600F077
:104ED000F2FC96E8030089E80300C9F804500120B9
:104EE000CBE70125F0E710B5044604B910BD04F185
:104EF0000C004522002106F013FB2468F5E7F8B505
:104F00000546044655F81C0FFFF7EDFF2846FCF751
:104F1000D5F9256A00279DB9264656F8200FFFF7D8
:104F2000E2FF3046FCF7CAF9237A1BB12368294611
:104F30002046984728220021204606F0F1FAF8BDC5
:104F4000A96839B18E684F7626B1CB68096800220E
:104F50000120B0472D68DEE7F8B50646E2F7A6FC6B
:104F6000054630B3836823B300242827DBF7C6FE49
:104F700090F82A309C4204D2AB6807FB04331B7ABA
:104F80003BB9DBF7BBFE90F82A309C4203D11A20D4
:104F90000EE00134EAE72822A868544300212044A7
:104FA00006F0BEFAAB681C443460E1F71BFA00203F
:104FB000F8BD1120FCE72DE9F84F9946037ADDF89A
:104FC0002CA0022B07468846164645D1E2F76EFC18
:104FD0000446002842D04368002B3FD0737943F049
:104FE000010373710368013308BF01230360E2F713
:104FF0005DFC834610B91A20BDE8F88F4368002B8A
:10500000F9D0DBF77BFE90F82B2000231C219A427D
:10501000F1D9DBF8045001FB0355687EB8B940F2C2
:1050200001132B8385F810800A9BEB602368C5F879
:1050300008902B60BAF1000F0BD107F12000314628
:10504000B560FCF7EEFAE1F7CDF90020D4E70133C3
:10505000DDE7CAF80030F0E70220CDE71120CBE70A
:1050600003230372C068E9F7CFB92DE9F34107467E
:105070000D46E2F71BFC0646002846D08368002B4D
:1050800043D000244FF02808DBF738FE90F82A3090
:10509000A34205D9B36808FB0433DB68BB4212D1D5
:1050A000DBF72CFE90F82A30A3420ED12B78022B8E
:1050B0002BD155F8040FFFF716FF284602B0BDE8C4
:1050C000F041FCF7FBB80134DEE7B0682823634306
:1050D000C418217A022913D0032900F086800129FF
:1050E00013D12A78012A00F08480022AE1D062B923
:1050F00002222272C358204602B0BDE8F041184790
:105100002B78012B75D0022B02D002B0BDE8F081C4
:105110006D6801952846AE79FCF778FA80B20128CF
:105120000AD935442B7B13F03C0F05D1627A03F08A
:105130003F0642B9032E0AD10198FFF7D4FE01A819
:10514000FCF7BCF8E1E7012A01D1032EF4D1E069B4
:1051500030B1227EB24203D02046FFF781FFEBE759
:1051600001998D799A090135DB098D7111D10028DA
:10517000F2D14B79022A6FF300034B711ED0032A40
:1051800025D0012A08D063680A4631462046984750
:1051900009E00028EDD1DFE7FFF76BF9C4E904016E
:1051A000019BE3612676E069002301930028C3D0C8
:1051B000FCF72CFAB0F5007FBED3CDE704F11C005C
:1051C000FCF72FFAE0690021FCF731FBEBE704F173
:1051D0001C00FCF726FAE0690021FCF728FBE269D5
:1051E00001920023E3616368CFE72B78012B7FF402
:1051F0005EAF204602B0BDE8F041FFF780BE002060
:1052000070470A4601460120DFF774B90A46014695
:105210000220DFF76FB90346D0F831000028FAD139
:10522000B3F83700704710B50446D0F831000028B5
:10523000FAD1DBF763FD408904EB4000393010BD43
:1052400038B50446D0F831000028FAD1DBF756FD16
:105250004589DBF753FD8089284404EB4000393051
:1052600038BD837B024613F00100D37A18BF20209B
:105270000BB940F00400704770B5044658B3C388BA
:105280005BB3FFF7F6F8054620460E46DFF772FCE3
:10529000637B03F0070384F82730FFF7FCF894F8EA
:1052A0002730281846EB0101C4F80F00C4F813108A
:1052B0006BB1637B3220DB0803FB0000FFF7EBF8E8
:1052C000281846EB0101C4F81700C4F81B10E1F7D9
:1052D00089F8002070BD2120FCE740F21450F9E766
:1052E00038B5C38804468BB1D0F829304BB19D68DE
:1052F0003DB1FFF7B6FF01462046A84728B9E1F7C0
:1053000071F82046FFF7B8FF002038BD40F2145076
:10531000FBE710B5DBF7F2FC40894400DBF7EEFC5D
:10532000808900EB40002044393010BD2DE9F04366
:105330008BB00646DFF79EFC0446C088ADF810002F
:1053400080B2FFF737F9022808D1207A0DF1120157
:10535000E1F7B4FB40B10BB0BDE8F08310220021AF
:105360000DF1120006F0DCF8A27A637A43EA022318
:10537000ADF82230E37A8DF82430237B8DF8253088
:10538000637B8DF82630A37B9DF82720C3F30003B1
:1053900063F300028DF82720D4F83130B4F835805B
:1053A00004F13909A3B92046FFF735FF0546204629
:1053B000FFF739FF07462046FFF742FF0095CDE98A
:1053C00001704B46424604A9304601F011FCC2E789
:1053D0000025ECE740787047C0F8291091B1CB6800
:1053E00083B14FF0FF33C37780F8203080F821304D
:1053F00080F8223080F8233080F8243080F825307F
:1054000080F826307047F7B546884FF6FF77BE42E2
:1054100004460B4615D1B24202D0002003B0F0BDC5
:10542000184601AA0221DFF7D1FD00238342F4D000
:1054300032F8021BA5888D4201D00133F6E7012026
:10544000ECE7D0F82930002BE7D05B681BB103B044
:10545000BDE8F04018471846E0E7F0B5D0F829401D
:10546000BDF81450BDF818609DF824E04CB12468D4
:105470003CB1CDE90556CDF824E0A446BDE8F040A6
:105480006047F0BD8088704740887047B0F83500AD
:10549000704700EB4101B1F83900704770B5044620
:1054A000B0F835600D46DBF729FC4389B3420FD0D5
:1054B000B4F835305A1C04EB4303A4F835202046D9
:1054C000A3F83950DFF7B8FDBDE87040FFF72EBFF5
:1054D0001A2070BD10B5B0F8352042B13730002326
:1054E00030F8024F8C4204D001339A42F8D8212080
:1054F00010BD0020FCE713B542884FF6FF739A42B7
:1055000010D100248DF8074080880DF10701E6F7DF
:1055100073F928B99DF8070000F0010002B010BD32
:105520002046FBE70078C0F34000F7E713B5428858
:105530004FF6FF739A4210D100248DF807408088FF
:105540000DF10701E6F758F928B99DF8070000F0BA
:10555000020002B010BD2046FBE7007800F0010019
:10556000F7E770B50D46044638B331B3C0880E4630
:1055700026F8020B80B2FFF71DF8022817D1207A17
:105580003146E1F79BFAA27A637A43EA02236B82FF
:10559000E37A2B75237B6B75637BAB75A37BEA7D0D
:1055A000C3F3000363F30002EA75002070BD10220C
:1055B0000021304605F0B4FFE5E72120F6E773B59A
:1055C0000D46044618B92126304602B070BD0029A8
:1055D000F9D0498A4FF6FF73994244D1698A4FF650
:1055E000FF73994247D12B7D83F080037E2BEAD94C
:1055F000E088FEF7DFFF022804D1207AE1F7EEFA17
:10560000FF2323722888FEF7D5FF022845D1AE1C60
:1056100001A93046E1F770FA002834D101982072D0
:10562000E1F7C6FA2B88E3806B8AA4F809302B7D5A
:10563000E3726B7D2373AB7D6373EB7DA27BC3F35E
:10564000000363F30002A2732046DFF7F5FCFFF7C7
:105650006DFE064618B3207AFF28B5D0E1F7A8FA08
:10566000FF232372B0E70120E6F708FC0028B5D03D
:1056700040F20256A8E72046FFF72CFF0028B2D0E0
:1056800041F20336A0E7304601A9E1F753FA064696
:10569000002899D1019B2372C4E7FF23FBE7204632
:1056A000DFF768FA50EA01038ED0637B03F007034B
:1056B00084F8273031462046DFF76EFAE0F792FE95
:1056C00082E730B5044687B0E0B1002529461022B4
:1056D0000DF10200ADF8005005F022FF4FF6FF7308
:1056E000ADF81230BDF81630ADF8145023F4FF7346
:1056F00023F0010369462046ADF81630FFF75FFF3F
:1057000007B030BD2120FBE7F8B500F13905B0F84E
:10571000352004460E4600232F4698B2824201D817
:105720002120F8BD2846591CB0F800C0B44505F149
:10573000020519D1D21A013A520007EB410105F0D6
:10574000D5FEB4F83530013BA4F83530B4F8093053
:10575000B34202D12046FFF7B4FF2046DFF76CFCCE
:10576000BDE8F840FFF7E2BD0B46D6E708B5FFF706
:1057700052FD08BDF8B505461E46FFF74CFD8842B0
:105780000C46174612D92846FFF74DFD30F8140095
:105790003880FEF70FFF022806D12846FFF750FD9C
:1057A0003146005DE1F78AF9002000E02120F8BDD4
:1057B00008B1D0F82D00704708B1C0F82D1070471F
:1057C00010B10170002070472120704738B50C4699
:1057D0001546FEF7EFFE012814D145B124B120464D
:1057E000FEF7E8FE022804D16FF0010009E0002C6A
:1057F000FAD004F58074A4B2F92C34BF6FF0010024
:10580000012038BD4FF0FF30FBE710B5044604B966
:1058100010BD04F10C004522002105F081FE246832
:10582000F5E738B50C461546FEF7C4FE01280CD145
:105830004DB16CB12046FEF7BDFE022814BF012019
:105840006FF0010038BD002CF8E74FF0FF30F9E7AA
:105850006FF00100F6E737B50546FEF7ABFE01280D
:1058600016D0002003B030BD0134E0F76DFE844255
:10587000F7D22046E0F76EFE0DF1060100F051F977
:105880000028F1D1BDF80630AB42EDD10120E9E7A7
:105890000024EAE782B00022ADF800200122019244
:1058A000ADF8021002AA034612E9030083E80300E0
:1058B000184602B070470122028041804260704762
:1058C000006800BA70470B0E03700B0C43700B0A94
:1058D0008370C17070474378027880781B0243EA76
:1058E0000243184370470B0C03700B0A437081701E
:1058F00070472DE9F04F95B082461E980F469146AD
:105900009B46FBF783FE0D28054615D840F2055B44
:1059100005A8092102F03FF80CA8102102F03BF87D
:1059200010A8102102F037F808A80D2102F033F872
:10593000584615B0BDE8F08FEBF772FA0238A8426E
:10594000E4D31E9E96F8068008F10C04344410221D
:1059500000210CA805F0E4FD39460DF13500FFF7F4
:10596000B2FFD4F80720CDF83920B4F80B20ADF8F9
:105970003D20627B8DF83F2058460CA903F098F833
:1059800083460028C4D106EB08030CA91B7B8DF8C5
:10599000143005ABA01D1E4614F801CF11F8012BE1
:1059A000844282EA0C0203F8012FF5D10DF11600B2
:1059B000FFF791FFBDF81940BAF1030F64BA1CBF9D
:1059C0009DF815308DF821304FF00002A4B2014649
:1059D0000DF122000ABF8DF821208DF820208DF8CE
:1059E00020A0FFF780FF230A39460DF129008DF82A
:1059F00026408DF825308DF827208DF82820FFF7D8
:105A000062FF9DF815301E98DB0914BF082404249A
:105A1000FBF7FCFD04F10A0383423FF677AF9DF8E4
:105A200015301E99DB0914BF08230423EF1FEB1A5E
:105A300010AD9BB222462846FBF736FC3F1B0023E5
:105A4000CDE90073CDE902451E9A072308A948460F
:105A500002F0EEFF834600287FF45AAF1E9B9A792E
:105A600013441F9AB3F81330ADF81B3003CE1F9BBD
:105A700018605960337813721EA80921FBF77FFE66
:105A800021461EA8FBF7A2FE42E7F0B589B00D46FD
:105A900016461F460DF11702002300F00101009287
:105AA00028461A46CDE906330391E6F757FB04462C
:105AB000E8B99DF817300399BB421BD1009007ABA2
:105AC00006AA2846E6F74AFB044680B9109B0193D4
:105AD0000F9B0E9900933046DDE90623FFF709FF7F
:105AE000044606A802F074FE07A802F071FE2046E4
:105AF00009B0F0BD41F20504F9E710B50446E0F73E
:105B000067FE237828B180EAD313DB0748BF00F192
:105B1000FF3010BD08B50020E0F71CFD00B1808803
:105B200008BD20B119B183880B8000207047212067
:105B3000704729B9D0F81230934208D80020704736
:105B4000D0F816309A42F9D2D0F80E0001E0D0F821
:105B50000A001044DFF78EB82DE9F8430546884661
:105B600017461E46FEF726FD0128BDF8209020D1DD
:105B70002846E0F7D3FB044618B9E0F7CFFB04460C
:105B8000C8B10020E0F7E6FC00B180886780B8F17A
:105B9000000F08D0A080E5802681A4F80A90258017
:105BA0000020BDE8F883A580E080A4F80890668115
:105BB000F5E72120F5E740F20350F2E708B5E0F7FA
:105BC000ADFB18B100230380184608BD2120FCE777
:105BD000E0F7A4BB37B50A4605460C46002105F0A0
:105BE0009FFC013C0DF1070128468DF8074003F0AA
:105BF0000FFC03B030BD13B500248DF802408DF8C2
:105C00000340DBF717FB012802D1012002B010BDD1
:105C1000E0F770FB0128F8D0204601A9E8F734FA34
:105C20000446A0B10020F1E70DF102010020E1F7E8
:105C300059FE9DF80230012BE7D00DF10301002041
:105C4000DBF77AFA9DF80330012BDED00134019B9B
:105C5000A342E9D8E6E708B5DBF7ECFA012806D05D
:105C6000E0F748FB012814BFFF20022008BD0020F8
:105C7000FCE708B5E1F7A2FA30B10020E0F76AFCD2
:105C80000021E0F747FD18B1BDE80840DBF7BEBAD8
:105C9000052008BD30B5024602250A20884200D3FF
:105CA00030BD1418E378A478023415FB034300EBED
:105CB0004303B3F5BD7FF3D81846EFE7F0B50246CE
:105CC0000020884200D3F0BD1318175C5B78841C59
:105CD00000261F44B74204D8B4F5BD7FF3D8204650
:105CE000EFE7155DC5F3400CAB080CFB0333013344
:105CF00005F001052B441C440136EBE72DE9F0418A
:105D000005460E4681B300240C6003F02DFB28608D
:105D100080462046E1F7B4FA074678B1B8F1000FA3
:105D20000CD1D0E9010103F02DFB044620B1C5F8E8
:105D300000802046BDE8F0817B682B602868FEF774
:105D400073FB0146306010B928601A24F1E7284639
:105D500003F00EFB04460028EBD03068FEF768FB2A
:105D6000002333602B60E4E72124E2E708B500203C
:105D7000E1F786FA28B1D0E9010103F003FB002026
:105D800008BD03F0FBFAFAE708B50C210020FEF786
:105D900036FC08B9002008BDFFF70AFD0028F9D03D
:105DA000807AF8E708B50C210020FEF728FC50B1F6
:105DB000FFF7FEFC38B1837A2BB10023C3720022B7
:105DC0000023C0E9002308BD427C531C22F07F0160
:105DD00003F07F030B4343741046704710B5E1F79F
:105DE00041FD044640B1006818B1FEF721FB0023D5
:105DF00023602046FEF71CFBBDE810400020E1F7C1
:105E000037BD07B5002302210DF10600ADF80630BD
:105E100001F0ACF9E1F726FDBDF80630C2898089B2
:105E2000B3FBF2F102FB1133184480B203B05DF80A
:105E300004FB00B58DB0D0F80D30069300238DF82B
:105E40001C3003238DF81D30D0F809300DF11E02EF
:105E500003F1100153F8040B42F8040B8B42F9D103
:105E6000002106AA16230846FBF715FC0590FFF74C
:105E7000C8FF0023CDE90233CDE90033059A29217B
:105E8000E8F776FF0DB05DF804FB2DE9F843FEF767
:105E9000F0FA04460F46E1F7E5FC002506464FF010
:105EA0001509DAF72BFF90F82830AB4201D8BDE88E
:105EB000F883336809FB05F803EB0800027A022A2D
:105EC00016D153F808204368944277EB03030FD3AD
:105ED000FFF7AFFF40F6B830FEF7DDFA326803197E
:105EE00002EB080C47EB010142F80830CCF8041033
:105EF0000135D6E710B58CB0D0F80D3006930024EC
:105F0000072306AA21468DF81D30204606238DF86A
:105F10001C40FBF7C0FB0590FFF773FFCDE902447F
:105F2000CDE90044059A23462921E8F721FF0CB06A
:105F300010BD70B51C46E1F795FC0546D4B1237A37
:105F4000042B17D1A37C0133DBB2022BA3740BD932
:105F500015220021204605F0E3FA00226B68204656
:105F60001146BDE870401847E17C2046BDE870400E
:105F7000E1F7C4BC70BDF8B50646E1F773FC002438
:105F800005461527DAF7BAFE90F82830A34204D95F
:105F90002B6807FB04331B7A3BB9DAF7AFFE90F8A6
:105FA0002830A34203D11A200CE00134EAE7286824
:105FB000152254432044002105F0B2FA2B681C44FA
:105FC00034600020F8BD37B50023044601A815460B
:105FD0000193FFF7D0FF58B9019B01221A7280226A
:105FE0005A741A7DC3F8095042F001021A752360F1
:105FF00003B030BDF7B50421002307460DEB0100C7
:106000001546009301F0B2F8044618BB6846FFF746
:10601000B2FF0446F0B9009B02221A72019AC3F83B
:106020000D201A7DC3F8095060F3000258741A75E8
:10603000FEF71FFA054640F6B8300E46FEF72BFA7B
:10604000009B2D1846EB01011D60596018463B600E
:10605000FFF7EFFE204603B0F0BDE8F729BFF0B52B
:1060600007468BB00E46104605211D46FBF710FA79
:106070000446C0B1D7F80D3004930522002304A9CB
:106080008DF8146001F02BFCFFF7BBFE119B03930E
:10609000109BCDE901530023009322462921E8F704
:1060A00067FE0BB0F0BD1A20FBE710B5037A9A1E0D
:1060B000012A044608D80423037200238374C3749E
:1060C000BDE81040E1F71ABC012B0CD115220021CC
:1060D00005F026FAE1F7C6FB002243681146204688
:1060E000BDE81040184710BD2DE9F0478EB0019073
:1060F000FBF78CFA019984B209B1052C05D801A8E7
:10610000FBF7DCF80EB0BDE8F0870023062202A8FA
:10611000FBF7CAF89DF80D5005F00303032B40F080
:10612000AB80AD08012D4DD0022D74D0002DE6D1ED
:10613000162CE4D101990091E1F794FB00990646F1
:106140002B46224608A8FBF7AFF84FF0150ADAF7FE
:10615000D5FD90F828309D422FD234680AFB05F90E
:106160004C4494F80880B8F1010F18D1D4F8090014
:1061700010220DF1260105F09BF9074600BB032311
:106180002372089BC4F80D3030684844FFF7B2FE14
:10619000D6E900033A464146484498470DE0B8F135
:1061A000030F0DD1D4F8090010220DF1260105F0DE
:1061B0007FF928B92046FFF79DFEDAF79FFD9EE79D
:1061C0000135C4E7062C9AD101990023224608A87C
:1061D000FBF76AF8E1F746FB002506461527DAF7D4
:1061E0008DFD90F828309D42E7D2346807FB0544C6
:1061F000237A022B0DD1042208A904F10D0005F029
:1062000057F9024628B903232372736801212046F7
:10621000C3E70135E3E7072C7FF471AF224601990C
:10622000002308A8FBF740F8E1F71CFB0027044611
:106230004FF01509DAF762FD90F828309F42BCD282
:10624000266809FB07F84644337A032B12D104224F
:1062500008A906F10D0005F02BF9054650B90146D5
:106260001522304605F05CF9D4E900032A46294698
:10627000404492E70137DDE7E1F7F4FA00250446F0
:106280004FF01508DAF73AFD90F82830AB427FF668
:1062900036AF216808FB05F739440B7A032B13D17D
:1062A00004220D3102A805F003F9064660B9052164
:1062B00001A8FBF764FA2068A368019A9DF80C1006
:1062C0003844984701961AE70135DBE7002070470C
:1062D0000F20704770B50546E1F7D0FA064620203A
:1062E000FEF7A4F8044698B108309DB1294603464C
:1062F00005F1100251F8040B43F8040B9142F9D157
:106300000023A36123603368636003B11C603460C1
:10631000204670BD1022294605F002F9F0E710B5BD
:1063200004461046FFF7D6FF30B1037F43F0010368
:1063300003772060002010BD1A20FCE738B5054621
:106340000C46E1F79BFA18B90C20FEF76DF828B15E
:10635000C0E90154E1F798FA002038BD1A20FCE7A3
:1063600010B5044690B1E1F789FA63680BB1226871
:106370001A60226802B1536003689C4204BF6368DC
:1063800003602046BDE81040FEF752B810BD13B5BB
:106390000446E1F773FA03680BB902B010BD9C42E2
:1063A0000FD1A2697AB920460192FFF7D9FFE1F730
:1063B00065FA019A43681146204602B0BDE81040D4
:1063C00018475B68E8E7104602B0BDE81040FEF7EA
:1063D00047BE70B506460D46E1F750FA046804B9A9
:1063E00070BDA3699E420DD1E1F748FA064615B982
:1063F0002046FFF7B5FF7368294620460022BDE816
:10640000704018476468EAE738B5E1F737FA0446A0
:1064100018B938BD2846FFF7A3FF2568002DF9D12C
:106420002046FEF705F82846BDE83840E1F72CBACB
:1064300073B50446CDE90032DDE90656E1F71EFAF0
:10644000DDE90032016819B18C4204D1A06920B99C
:10645000022002B070BD4968F5E70321CDE9065678
:1064600002B0BDE87040FEF7A6BD37B5032905466A
:10647000019204D001A8FAF721FF03B030BDE1F783
:10648000FDF90468002CF5D0A3699D4207D1E1F71E
:10649000F5F9019A8368002120469847EDE7646882
:1064A000F0E770470378812B0CBF00200320E1F751
:1064B00039BB1FB50190FBF7A9F80228019905D057
:1064C000022005B05DF804EBE1F72CBB01231A466E
:1064D00003A8FAF7E9FE9DF80C0040F08000E1F710
:1064E00021FB05B05DF804FBC37DDB0770B50446F6
:1064F0000D4619D5D1B1438C00269E420DDBDAF74B
:10650000FDFB90F823309E4212D0638CA269591C87
:10651000618422F81350002007E0A26932F81620A7
:10652000AA42F8D00136E8E70F2070BD2120FCE731
:106530001A20FAE7C37DDB0770B504461BD5E1B12D
:10654000438C00229A4212DAA56935F812608E4215
:1065500005EB420002F101060BD19A1A013A5200F2
:1065600005EB460104F0C2FF638C013B638400200D
:1065700070BD3246E6E70F20FAE72120F8E72DE963
:10658000F0478CB00024884691469A460746089406
:10659000E0F71EF905462046DFF7DCFF064640B966
:1065A00040F2034408A8FAF789FE20460CB0BDE883
:1065B000F0870DF11E01FFF7B4FA04460028F1D16F
:1065C000BDF81E30002BEBD053464A460146FBF780
:1065D00062F80890002831D009A93046DFF76EFF35
:1065E00004460028E1D1E0F70BF908B105B1013DFF
:1065F0000AAC20464146FFF74DF9BDF81E20029235
:10660000099A0323CDE90052059308AB04930023B4
:10661000039394E803000122DFF718F804460028EA
:10662000C0D1CDE900000346089A38690221FEF77F
:10663000C2FC04460028B5D10890B3E71A24B1E79C
:10664000F7B50E461146C27DD207044613D590F821
:106650002030002566F3000380F820304584DAF707
:106660004DFB90F82320A0695200294604F058FF02
:10667000284603B0F0BD057F15F0010713D145F0A2
:10668000010583610577022301AA8DF804708DF856
:106690000560FFF774FF0028EBD0237FA76167F345
:1066A00000032377E5E70520E3E7F7B59446C27DCD
:1066B000D20704460DD590F82030DB0704D403B090
:1066C000BDE8F040FFF710BF03B0BDE8F040FFF7B2
:1066D00031BF077F17F001061BD1836190F820308E
:1066E00003F00103013347F001074DBA8DF8043080
:1066F0000777032301AA6146ADF80550FFF73FFF76
:1067000028B1237FA66166F300032377304603B0E8
:10671000F0BD0520FBE700B1808A7047C07DC0F363
:10672000400070470069FEF79BBC37B54A1E012A3E
:106730000BD9C27DD20708D590F82020448C12F0E6
:10674000010213D00022A24217DB099B0193089B90
:1067500000930069DDE90623FEF72DFC03B030BD90
:10676000856935F812509D42EFD00132A242F7DB25
:1067700006A8FAF7A3FD0020F0E7856935F8125066
:106780009D42F5D00132DEE7C07D00F00100704788
:1067900010B50C46E2F7BAFA58B100F114032146DD
:1067A000243053F8042B41F8042B8342F9D1002004
:1067B00010BD40F20250FBE710B50C46E2F7A6FA16
:1067C00058B12146143004F1100351F8042B40F85D
:1067D000042B9942F9D1002010BD40F20250FBE792
:1067E00010B50446002002F051FB20B10020E2F772
:1067F000BFFA2060012010BD37B5044600200D46C9
:10680000E2F7B6FAA0420DD9214601AA002002F013
:10681000A7FC044618B901A8FFF75DF828602046D8
:1068200003B030BD2124FAE7B1F1807F73B504468F
:106830000D46164603D32123184602B070BD002032
:10684000E2F796FAA042F6D9294601A8FFF74BF8DD
:1068500001AA2146002002F0EDFC03460028EBD1FE
:10686000002EE9D0214602F059FA0346E4E710B5BC
:106870000446052002F00AFB28B1052002F0F9FCCD
:1068800040082060012010BD30B585B004460D469B
:10689000DFF75AFE84420ED20223009303AA63005C
:1068A0000021052002F01AFC18B9BDF80C305BBAC3
:1068B0002B8005B030BD2120FBE730B585B0054603
:1068C0000C46DFF741FE854210D223040ED4230A82
:1068D0008DF80C300223009303AA6B0000210520E1
:1068E0008DF80D4002F057FC05B030BD2120FBE7CC
:1068F00010B50446082002F0C9FA38B1082002F0A9
:10690000B8FC1123B0FBF3F02060012010BDF0B5FE
:1069100089B005460C461746DAF7F0F9C38A9D425E
:106920001CD21123009303AA05EB051300210820B4
:1069300002F0D4FB064670B903AD234607AA2C46E5
:1069400003CC944218605960254603F10803F6D140
:106950009DF81C303B70304609B0F0BD2126FAE7A7
:10696000F0B589B005460C461646DAF7C7F9C38A72
:106970009D4217D203AA04F11007206861681346EC
:1069800003C30834BC421A46F7D11123009303AA6B
:1069900005EB0513002108208DF81C6002F0FBFBBD
:1069A00009B0F0BD2120FBE7012002F06FBA73B5FA
:1069B00005460E466A460021012002F0D1FB04463E
:1069C00048B99DF8003003F0010333700DF1010068
:1069D000FEF776FF2860204602B070BD07B501F0D3
:1069E00001018DF8001001460DF10100FEF76BFF6B
:1069F0006A460021012002F01DFC03B05DF804FB93
:106A0000092002F043BA7FB5102205460E466846BB
:106A1000002104F085FD6A460021092002F0A0FB58
:106A2000044650B99DF8002006B132602DB15200E5
:106A30000DF10101284604F04BFD204604B070BD65
:106A40007FB54E00731C102B05460C4613D8102240
:106A50000021684604F064FD324629460DF101002C
:106A60008DF8004004F034FD6A460021092002F050
:106A7000E1FB04B070BD1A20FBE710B5044602200C
:106A800002F004FA20B10220E2F772F9206001203E
:106A900010BD2DE9F84F054602200C4690461F46D2
:106AA000E2F766F9A84240F29D80022002F0E1FB85
:106AB0000646DAF723F9438905334FEA4309DAF743
:106AC0001DF9838903EB43034B44B342C0F08C8030
:106AD000DAF714F94689DAF711F980890536760074
:106AE00000EB40003044FDF79FFC824600287DD03B
:106AF00002462946022002F033FB054668B99AF89F
:106B000008B05A4656000AEB4B0292F80990DAF7A1
:106B1000F5F842895A4506D21E255046FDF788FCF5
:106B20002846BDE8F88FDAF7E9F882894A45F3D3B9
:106B300054B3BAF800206282BAF8020020809AF8B2
:106B40000420E17DD20962F30001E175FDF732FD19
:106B5000022804F1020C09D19AF80400614600F001
:106B60007F00DFF7ABFF30B10546D6E7102229469C
:106B7000604604F0D5FC9AF8052022759AF80620A4
:106B800062759AF80720A275B8F1000F01D0C8F815
:106B900000B027B10AF1090100225A4514D30A9B1B
:106BA000C3B90B9BD3B10A36564400224A45B4D22E
:106BB0000B9B13B1318823F812100C9B0BB1B178E9
:106BC000995401320336F1E731F8020B27F812002D
:106BD0000132E2E70A9BC3F80090E2E70C9B002B2E
:106BE000E1D19AE721259BE71D2599E7192597E72C
:106BF0002DE9F34707469A4602200023DDF8288056
:106C000001930D469146E2F7B3F8B8425FD9DAF73F
:106C100075F84489DAF772F880890534640000EB6E
:106C200040002044FDF700FC0446002851D06B8A48
:106C300003802B8843802888FDF7BCFC02280CD1F8
:106C400001A9A81CDFF758FF064640B12046FDF712
:106C5000EFFB304602B0BDE8F0877F230193EA7D69
:106C6000019B43EAC21323712B7D63716B7DA3717A
:106C7000AB7DE37184F808904FEA4903514604F173
:106C800009020AEB49094945104602F1020212D1F4
:106C9000E2180C9982F809800B9A0A3323440139CF
:106CA00002EB480842450AD122463946022002F04A
:106CB000C1FA0646CAE731F8025B0580E3E732F81D
:106CC000020B188011F8010F98700333EAE72126B0
:106CD000BFE71926BDE7032002F0D8B82DE9F04F31
:106CE0008BB007460E46154600216A460320DDE9B3
:106CF00014BADDF86080994602F032FA044698BB77
:106D00009DF8072017B19DF80010397016B19DF855
:106D10000110317015B19DF802102970B9F1000F02
:106D200003D09DF8031089F80010BBF1000F03D0C9
:106D30009DF804308BF80030BAF1000F03D09DF8B5
:106D400005308AF80030169B1BB116999DF8063065
:106D50000B70179B03B11A60B8F1000F04D05200FA
:106D600002A9404604F0B4FB20460BB0BDE8F08F0A
:106D70002DE9F0438BB08046DDF8549009F104040E
:106D80006400282C0F4616461D4628D820220021D4
:106D900002A804F0C5FB9DF848308DF804309DF83A
:106DA0004C3016998DF80530A4F108029DF850304A
:106DB0008DF8008002A88DF801708DF802608DF8C2
:106DC00003508DF806308DF8079004F081FB6A4679
:106DD0000021032002F02EFA0BB0BDE8F0831A2048
:106DE000FAE710B50446042002F050F820B1042060
:106DF000E1F7BEFF2060012010BD2DE9F04F87B004
:106E000004460420DDF840B0DDF848908846174677
:106E10001E46E1F7ADFFA04230D921466A46042064
:106E200002F09EF9044628BB9DF802509DF803A08D
:106E3000B8F1000F03D09DF8002088F8002017B1AA
:106E40009DF801203A7006B13560BBF1000F04D007
:106E50002A4601A9584604F03BFB119B0BB1C3F82D
:106E600000A0B9F1000F05D0291D524669444846DB
:106E700004F02EFB204607B0BDE8F08F2124F9E78F
:106E80002DE9F04186B01C460D9E331D2344182B7E
:106E900005468846174625D80420E1F769FFA84231
:106EA00022D91422002101A804F03AFB22460C99B1
:106EB0008DF8024001A804348DF800808DF801702F
:106EC0008DF8036004F004FB0E9932460DEB0400CC
:106ED00004F0FEFA6A462946042002F0ABF906B037
:106EE000BDE8F0811A20FAE72120F8E708B50C2068
:106EF00001F0CCFF003818BF012008BD10B5D9F74C
:106F0000FDFE048AD9F7FAFE018A11F00F014FEA5B
:106F1000141418BF012121440123BDE81040902220
:106F20000C2002F0BFB82DE9F04FB5B0902200213F
:106F3000814610A804F0F4FA1122002103A804F0FD
:106F4000EFFAD9F7DBFE068AD9F7D8FE038A13F0E9
:106F50000F0318BF012336091E44E2F747FA04461F
:106F6000D9F7CCFE038A9C4280F08B804FF000085A
:106F70004546B04515D10024202200210DEB02002A
:106F800004F0CEFA0E2308A88DF82030ADF8245076
:106F9000ADF826600A94D9F78FFE204635B0BDE8DB
:106FA000F08F10AA41460C2002F0DAF8BDF840300C
:106FB0000446002BE0D00028DED10DF1430704EB9E
:106FC000C40ADFF705FC0AF1D0030DEB030A834680
:106FD0003AF8903CAAF19002002B4CD01AF88E3C63
:106FE00000F0010103F0010399423FD101460DF188
:106FF0000E000192FEF767FCBB7839888DF82230CD
:10700000ADF8201008990DF11200FEF76CFC5946FE
:107010000DF11500FEF757FCB7F803107B798DF8DA
:107020002230ADF820100DF119000899FEF75BFC35
:10703000019A1AF8903C527803A843EA0223ADF86B
:107040000C30E2F7D9F908B90135ADB2E2F7CEF963
:107050008246D9F753FE038A9A450CD3B9F1000F43
:1070600001D0A9F8005008F1010882E7112200219F
:1070700003A804F055FA0134102C07F109079ED13A
:10708000ECE700251A2477E710B59AB00221ADF895
:10709000081009200321ADF80C10ADF81C000421E4
:1070A0000A20ADF81010ADF8200005210C200122B7
:1070B000ADF81410ADF8240008210D20ADF804201F
:1070C000ADF80620ADF80E20ADF81620ADF818107A
:1070D000ADF81E200F21ADF82800ADF82A202120A0
:1070E0000E22FF230024ADF81A10ADF82C20ADF8C5
:1070F00032001022ADF8341011204FF40071ADF8B9
:107100002E20ADF83820ADF80230ADF80A30ADF8D9
:107110001230ADF82230ADF82630ADF83030ADF891
:107120003610ADF83A30ADF83C001223ADF800400F
:10713000ADF83E106946ADF84030ADF84220E7F7B3
:1071400027FA02F007F902F019F902F0E7F802F065
:10715000EBF802F0EFF802F021F902F056F902F034
:1071600017F901F00BFD20461AB010BD10B109B19E
:10717000FDF79DB9212070478279C37910449B1A8D
:10718000027BDBB2D2090CBF03F1FF30181F80B2C3
:10719000704710B5044604B910BD04F10C00452237
:1071A000002104F0BDF92468F5E7DA6A8A4203D1C8
:1071B0000022DA62DFF716B9704738B505460020BD
:1071C000FAF7AFF8044630B181790C310122455409
:1071D0000144FAF756F8204638BD2DE9F04587B04E
:1071E000984602284FF00003CDE901330E9F9DF829
:1071F00040A003930E4615462BD1136004AACDE997
:107200000433E6F7BDFF044608BBBAF1000F00D017
:107210002EB1049B2B60204607B0BDE8F08505A881
:10722000E5F79EFB064648B1002FF2D105A801F014
:10723000CFFA04A801F0CCFA3446ECE71FB1049B66
:107240002B600490F2E7059B2B600590EEE7064665
:10725000ECE702AB01AAE6F793FF0446B0B9FFB131
:10726000019B0393002301930127039B0BB305AA02
:1072700007F00101304600F0BFFE044630B9039B21
:107280002B609DF81430039088F8003001A801F0BD
:107290009FFA02A801F09CFA03A801F099FABAE754
:1072A000029B13B90F9A002ADAD1039300230293A9
:1072B000DBE740F20254E9E72DE9F04F91B0051EFB
:1072C00088461E9805934FF0000114BF0826042637
:1072D000BDF86CA0BDF870B007919146FAF796F929
:1072E000731C834204460CAF58D81D9A0021002A13
:1072F0004BD1059B1A99002B14BF01230223002DAB
:1073000018BF80250DF122008DF820308DF8215016
:10731000FEF7E9FA4FEA1A23A41B8DF825304146FF
:107320004FEA1B230DF129008DF827308DF826A098
:107330008DF828B0FEF7C7FA23461E993246384624
:10734000F9F7B2FF079B1E9ACDE90043CDE902672A
:10735000002308A9484601F06BFB044618B93146E2
:107360001EA8FAF733FA0798FFF713FF07A8F9F7F3
:10737000A5FF08A80D2100F00EFB3846102100F0F3
:107380000AFB204611B0BDE8F08F10230846FAF73B
:1073900082F907900028ACD11A24E4E72124E2E71F
:1073A0002DE9F04F8FB01F46BDF8703007930D46A2
:1073B000002311460122CDE90132099300900DF11D
:1073C000210309AA28469DF864B0BDF87480FFF730
:1073D00004FF0446002857D1012D05D19DF8212036
:1073E0009DF868309A425CD14046FDF7E3F80228E8
:1073F0004FF000054FD01E9B099A1899CDF80880D0
:10740000CDE90353079B01931B9B009338465B46D2
:10741000FFF752FF044637E051464846DFF74EFB80
:1074200048BB0DF122015046E4F7E8FC064610BBCC
:10743000BDF8223043451DD11E9B099A1899CDF8FD
:107440000880CDE903A3079B01931B9B009338465B
:107450005B46FFF731FF044660B91F9A55462B463D
:1074600003CB51600EA98B4210601D4602F1080249
:10747000F5D10126354609F10109D9F73FFCC38A48
:107480004B450CD9002DC7D009A801F0A1F9204621
:107490000FB0BDE8F08FA9460DF1280AEDE7002DE9
:1074A000F2D141F20504EFE72DE9F04F8DB0064629
:1074B000BDF86490099348469DF85830BDF860A027
:1074C0009DF86CB008930F469046E1F7E3FF78B162
:1074D0004846FDF76FF801280AD116AC54F8100F92
:1074E000FFF757FE2046F9F7E9FE0DB0BDE8F08F33
:1074F000099BC3F10205EDB2DFF760FE50B3022D28
:1075000028D11A9BCDF818B0CDE90493179B0293AC
:10751000089B019300230093CDF80CA043463A4604
:1075200031465046E1F7F0FF0028DED11A9ACDF837
:1075300018B0CDE90492179A0292089ACDF80CA0DF
:10754000CDE9000243463A463146E1F7DDFF002827
:10755000C3D0CAE70BA92846E6F796FD04460028E3
:10756000BBD10B9BA342B8D921460DF12A02284674
:10757000E6F7BCFD01340028F3D11A9BBDF82A00C0
:10758000CDF818B0CDE90493179B0293089B0193A3
:10759000099B0093CDF80CA043463A463146E1F7EB
:1075A000B3FF0028DDD0A0E72DE9F0418EB00AAE90
:1075B00086E80300002015461F46DEF7CBFF0DF1DD
:1075C00032018046FEF7ADFA48B11498FFF7E1FDAD
:1075D00014A8F9F773FE02200EB0BDE8F081BDF8E3
:1075E0003200FCF7E7FF01282ED16DB32846FCF7E7
:1075F000E1FF022828D005F580739BB2F82B23D930
:10760000DFF7E6F80446DFF7FBF808B104B1013C08
:107610000DA94046DEF752FF0028DDD19DF8543019
:107620000593149B0690CDE90353BDF832300293C5
:107630000D9BCDE90700CDE90043012296E8030048
:107640003B46E2F77DFCC7E72120C5E72DE9F04185
:1076500086B0052A074615461C468DF80F102AD815
:107660009DF83000FFF7A9FD064630B301220DF169
:107670000F01F9F706FE04EB45050DF11008AC42C9
:107680000ED139464046FEF716F90023CDE90063D6
:107690003A4698E80300FFF787FF06B0BDE8F0819F
:1076A00034F8023B02225BBA41463046ADF8103056
:1076B000F9F7E7FDE3E72120EFE71A20EDE713B53F
:1076C00007240094FFF7C2FF02B010BD13B50824D1
:1076D0000094FFF7BBFF02B010BD70B586B0054641
:1076E000032002938DF80F108DF80E20FFF765FD33
:1076F0000446002843D0029A1304C2F3074103F45E
:107700007F030B4302F47F4213430293BDF82830FA
:107710005BBAADF82830BDF8303001225BBA0DF10C
:107720000F01ADF83030F9F7ACFD01220DF10E017B
:107730002046F9F7A6FD032202A92046F9F7A1FD8C
:1077400002220AA92046F9F79CFD01220BA9204636
:10775000F9F797FD04AE02220CA92046F9F791FD36
:1077600029463046FEF796F80023CDE900434FF650
:10777000FD7296E80300FFF717FF06B070BD1A20F0
:10778000FBE770B586B0044601208DF80F10FFF7B7
:1077900014FD0546D0B19DF80F30003B18BF012302
:1077A00001220DF10F0104AE8DF80F30F9F769FDDC
:1077B00021463046FEF77FF80023CDE900532246EC
:1077C00096E80300FFF7F0FE06B070BD1A20FBE755
:1077D0002DE9F041804686B00A200D4617461C462A
:1077E000FFF7EBFC0646B8B164BA0322ADF80D40D2
:1077F00003A904AC8DF80C50F9F743FD414620462F
:10780000FEF748F89DF83030CDE900633A4694E839
:1078100003002B46FFF7C8FE06B0BDE8F081F0B5C7
:1078200087B0074605200E46ADF80E20ADF80C30A7
:10783000FFF7C3FC044620B3BDF80E305BBAADF8C9
:107840000E30BDF80C3002225BBA0DF10E01ADF81E
:107850000C30F9F716FD022203A92046F9F711FDB5
:10786000FEF707FA04AD029039462846FEF712F8F3
:107870000022CDE90042029B95E803003246FFF763
:1078800093FE07B0F0BD38B50C469442049D1946EE
:1078900006D2121BAA42A8BF2A46204403F018FEB3
:1078A000601938BD37B50023044601937CB13C2CE8
:1078B00022464FF00001A8BF3C22084695B2D2B242
:1078C000F9F750FD014601A821B9F9F7F7FC019835
:1078D00003B030BD641BF9F7A4FEA4B2E6E72DE9BE
:1078E000F84F002406468A4690469B46A1464445EA
:1078F00001D3BDE8F88FB079F5792D1AEBB20C30D1
:10790000D9451D46304419D209EB03025A4510DB14
:10791000ABEB090C1FFA8CFCA3EB0C074745A8BF87
:107920004746BAB20AEB0401604403F0D1FD3C447F
:10793000A4B2A94436681FFA89F9D8E7A8EB04076E
:107940009F42A8BF1F46BAB20AEB0401EDE72DE93A
:10795000F04790B00746BDF860A0884616469946A5
:107960000024A64202DC10B0BDE8F087351B402D94
:10797000A8BF402509EB04032A4641466846F9F7AB
:1079800093FC0AEB04039BB2AAB269463846FFF7A0
:10799000A6FF2C44E5E708B1FCF72CBC704710B5F6
:1079A00058B1022910D90023C25C541C23448B42D5
:1079B0000AD832B18B42F7D3012010BDC25C1AB98C
:1079C00001338B42FAD3F7E70020F6E708B5DFF77B
:1079D00061FF003818BF012008BD70B504460D4690
:1079E000DFF758FFC28800239A4201D8212006E021
:1079F000866859017158A14202D12B60002070BDE8
:107A00000133F1E770B5012986B00446154619D156
:107A100005A9FFF7E2FFA8B9DFF73CFF059A8368E5
:107A200003EB42131E696EB19DF8383002930D9B33
:107A300001930C9B0093BDF82820BDF82C302946FB
:107A40002046B04706B070BD2DE9F047914680460C
:107A50000C46DFF71FFF4FF6FF739945054602D12D
:107A60000020BDE8F0873F2CFAD80121A4F12006C0
:107A7000C4F1200301FA06F621FA03F31E4301FACA
:107A800004F40027EB88BB42EAD9AB684FEA471AF7
:107A900053F80A30434501D00137F3E74046FDF77C
:107AA000F3FC4845F8D1AB685344D3E902232240A4
:107AB00033401343F0D00120D3E72DE9F0419AB0D1
:107AC0000023CDE9123305460F4611938DF83F3060
:107AD000DFF7E0FE12A906462846FFF77EFF0446C0
:107AE00058BB14A92846FDF73CFD044628BB284690
:107AF000FDF770FCDEF72EFD10A9FEF712F8044624
:107B0000D8B9BDF84030002B5CD0BDF862000DF153
:107B10004201E4F7C9F9044678B9B368129A03EB55
:107B200042135B692BB113AA0DF13F012846984718
:107B30001190119840B940F2034411A8F9F7BEFB27
:107B400020461AB0BDE8F081F9F760FD0028F2D0B8
:107B50009DF83F40BDF86210BDF84220BDF84030AE
:107B60000D913C43BDF850708DF83F4038460C9263
:107B70000B93FCF71FFD02281398D6F800800D998F
:107B80004FF0000CCDE908C01298B66806EB401023
:107B900018BFE646806907909DF864000097CDE91C
:107BA0000540119808BF0DF1520ECDE90350DDE9F3
:107BB0000B32CDE901EC0120C04704460028BCD1BE
:107BC0001190BAE72124B8E72DE9F04706460F46A1
:107BD00090469946DFF75EFE00250446E388AB42F7
:107BE00001D8212019E0A3684FEA451A53F80A008A
:107BF000FDF74AFCB84212D1A36853F80A00FDF71A
:107C000041FC40450BD1A36853F80A00FDF7E2FBA5
:107C1000B04204D1C9F800500020BDE8F08701351A
:107C2000DCE710B5DFF736FE044658B1806808B1CE
:107C3000FCF7FEFB2046FCF7FBFB0020DFF730FEE5
:107C4000002010BD1120FCE70020E3F781BD2DE9E5
:107C5000F04F85B004460E4617460193FFF7B6FE77
:107C600000287AD0DFF716FE05461CB9212005B0A2
:107C7000BDE8F08F03A92046FFF7AFFE0028F5D03E
:107C8000EA88AB889A426AD0B91900263A464FF082
:107C9000010C374691422DD1DFF7FCFD804620468E
:107CA000FDF798FB00902046FDF7EEFB4FF0000932
:107CB0008346B8F8061089452DD30E9B002B14BFC0
:107CC000032102212046FDF77BFD0028CFD1EB8860
:107CD000A9684FEA431C01EB431241F80C4001999B
:107CE00011610E99516101330F999161C2E90267E7
:107CF000EB80BCE712F8010BA0F12003C0F1200ECD
:107D00000CFA03F32CFA0EFE43EA0E030CFA00F011
:107D100006431F43BEE7D8F808004FEA491A50F857
:107D20000A00FDF757FB009B834202D009F10109CD
:107D3000BFE7D8F8080050F80A00FDF7A5FB834517
:107D4000F4D1D8F8080000EB0A01D1E90201304073
:107D5000394050EA0103E9D088E7112087E71A206B
:107D600085E730B585B00446FFF730FEA8B1204660
:107D7000FDF730FB05462046FDF786FB01902046C7
:107D8000FDF780FB0199024603AB2846FFF71CFF75
:107D9000B0FA80F0400905B030BD1120FBE710B506
:107DA0000446043000F014FD04F1080000F010FD5A
:107DB00004F1100000F00CFD04F1140000F008FDC7
:107DC0004FF6FF73238010BD08B5D8F797FF90F8E2
:107DD000260008BD2DE9F041054658B3FFF7F4FF32
:107DE000002607464FF02808B742686806D1FCF71E
:107DF0001FFB2846BDE8F041FCF71ABB08FB060450
:107E000023691BB104F1100000F0E2FC63691BB1AF
:107E100004F1140000F0DCFCE3691BB104F11C0068
:107E200000F0D6FC236A1BB104F1200000F0D0FC66
:107E30000136D9E7BDE8F08108B5D8F75FFF008BC0
:107E4000013008BDFFF7F8BFF0B500248BB0054640
:107E50000E46174621461C2203A8029403F060FB3D
:107E60000194C5B1BEB1B7B1204601AA02A9E6F797
:107E7000E3F8044648B901983B463246294600F0EB
:107E80005BFD044601A800F0A3FC01A800F0A0FCE3
:107E900020460BB0F0BD2124FAE72DE9F0438BB06A
:107EA0001E46002389461546DDE912180193074650
:107EB00088B3B9F11F0F2ED96AB366B359B3B8F1BD
:107EC000000F28D001AA1846E6F7B6F80446D8B93C
:107ED000019802AB4A46394600F02EFD044601A83F
:107EE00000F076FC84B9204601AA02A9E6F7A4F8BE
:107EF000044648B9019843463246294600F01CFD25
:107F0000044601A800F064FC01A800F061FC2046D2
:107F10000BB0BDE8F0832124F6E708B5D8F7EEFEF4
:107F2000C088800008BD08B5E3F7F0FC40B10288C6
:107F30004FF6FF739A4201D0FFF731FF002001E0B6
:107F400040F2025008BD08B5E3F7FEFC20B14FF641
:107F5000FF730380002008BD40F20250FBE708B524
:107F6000FFF732FF800008BD38B50546E3F7ECFCAB
:107F700068B94FF6FF70E3F7E7FC044650B105809F
:107F8000E3F7ACFF10B14FF6FF73238038BD40F22A
:107F90000150FBE740F20350F8E708B5E3F7D4FCE3
:107FA00018B1BDE80840E3F799BF40F2025008BDA0
:107FB00038B50546E3F7AAFC68B94FF6FF70E3F75A
:107FC000A5FC044650B10580E4F738F810B14FF62F
:107FD000FF73238038BD40F20150FBE740F20350AD
:107FE000F8E708B5E3F792FC18B1BDE80840E4F7FC
:107FF00025B840F2025008BD73B50E461546E3F7AA
:10800000A3FC044618B940F2025002B070BD0088CB
:108010000DF10601E3F748FF0028F6D1BDF8060090
:108020000DF10501E3F7F0FF0028EED11EB99DF830
:108030000530002BE7D0002DE7D03444A3782B7017
:10804000E3E709B1E4F70CBB2120704709B1E4F77D
:1080500049BB2120704710B4B0F5805F019C07D266
:1080600033B101B924B901945DF8044BE4F738B891
:1080700021205DF8044B7047F0B587B0B0F5805F04
:108080000C9F05460C461E4602D3212007B0F0BDCA
:10809000B1F5805F0392F8D2002BF6D00DF11701F5
:1080A0002046E3F7B1FF0028F0D19DF81730039A7E
:1080B0000BB9002FE9D10097334621462846E3F754
:1080C00049FFE3E708B51046D1F790F9002008BD55
:1080D000F0B585B0074601A81C460D461646F5F7D3
:1080E0007EFD0420C8F7F4FE0122014601A8C8F76E
:1080F000FBFE3946202201A8C8F770FF3246294608
:1081000001A8C8F7CBFF214601A8C8F7D7FF01A8EF
:10811000F5F769FD002005B0F0BD2DE9F04380467C
:10812000ADF54F7D894614461D468BB31846F9F7C9
:108130006DFA1028074640D802462946002306A8B3
:10814000F9F7B2F806AD2046F9F760FAB0F5C07F4E
:10815000064634D80246002321460AA8F9F7A4F8B7
:10816000D79B0593D69B0295CDE9037306F11003C7
:108170006AAF0193009733460AAA49464046E4F79E
:10818000D3FE0546B0B128460DF54F7DBDE8F0831E
:108190001F46D8E7A079E7793F1AFFB20C30414675
:1081A00020443A4603F094F92468B944B844B145F0
:1081B000F0D3E8E78146B846F9E71925E3E721253A
:1081C000E1E72DE9F04FADF54B7DDDE9D456824670
:1081D0008B46144698466EB33046F9F717FA1028C6
:1081E000074654D802463146002306A8F9F75CF842
:1081F00006AEB5F5C07F4CD843462A4621460AA8AC
:10820000F9F752F8D79B0593D69B0DF5D479CDE9B4
:108210000373CDE90156CDF800902B460AAA5946C2
:108220005046E4F7BBFE064678B330460DF54B7D6D
:10823000BDE8F08F3746DCE7E379A2799B1A57FA5D
:1082400083F343458BBF43462468A8EB0700002017
:108250001F464745F0D3A844B845E6D9A379E57948
:10826000ED1AEDB22D1AA8EB0702954203F10C03AB
:10827000A8BF15461844494620442A4603F028F969
:108280002F442468A9440020E6E70746E1E71926C1
:10829000CBE72126C9E740F20250704721B11AB15D
:1082A000490F1170002070472120704721B11AB189
:1082B000490811800020704721207047F8B50E460C
:1082C00015461C46069FFCF7B3F83046FCF7B0F89D
:1082D0002846FCF7ADF82046FCF7AAF83846BDE87A
:1082E000F840FCF7A5B82DE9F04F440085B0804672
:1082F0002046DDF83C90039117469B46FCF794F826
:108300000646A8B1B9F1000F07D02046FCF78CF85B
:10831000054618B9044682460DE04D464FEA8804EA
:10832000AFB12046FCF780F8824688B9044602E0E7
:10833000044682460546192730460095002322460A
:108340005146FFF7BBFF384605B0BDE8F08FBA468F
:108350002046FCF769F804460028ECD04046FCF7BC
:1083600063F80028E7D0039B1E60B9F1000F02D02C
:10837000C9F8005000251FB1C7F800A04FF0000A4F
:108380000E9BCBF800400024186026462746D3E712
:1083900010B508461446E4F75BFF10B104710020E5
:1083A00010BD40F20250FBE738B5450FC0F3007432
:1083B000C0F34F012846E4F77BFF48B1042D10D8E5
:1083C000DFE805F003070B0D0D0000EB041005308E
:1083D00038BD00EB04100630FAE70430F8E701304E
:1083E000F6E70020F4E738B50C46204611461D4656
:1083F000E4F75EFF70B103782CB1012C08D12B702B
:1084000083886B8002E02B700379AB70002038BD4D
:108410002B70FBE740F20250F9E710B5FFF77DFD46
:108420000446FFF79CFD2044043010BD08B5084603
:10843000E4F726FF30B110220021063003F070F877
:10844000002008BD40F20250FBE708B50846E4F7FB
:10845000FFFE30B110220021053003F061F800204A
:1084600008BD40F20250FBE71FB50446694640884C
:10847000E0F760FC18B9211D6846FEF79DF904B0CD
:1084800010BD1FB5044669464088E0F753FC18B993
:10849000211D6846FEF77CF904B010BDE0F762BC10
:1084A00010B50846E4F7ECFE88B1841D00F1160310
:1084B0002246194652F8040B41F8040B9A42F9D1AE
:1084C00010220021204603F02BF8002010BD40F2BE
:1084D0000250FBE738B50846E4F7BAFE044688B117
:1084E000053004F115020346114653F8045B41F8C8
:1084F000045B9342F9D11022002103F011F800200F
:10850000207138BD40F20250FBE730B5084685B017
:108510001446E4F7B5FE054628B344B100F1160150
:108520001022204602F0C4FF40B905B030BD102132
:108530006846FEF71BFE0028F7D16C4605F11603CE
:10854000A91D1A46263552F8040B41F8040BAA421D
:10855000F9D104F1100254F8041B43F8041B9442AF
:10856000F9D10020E1E740F20250DEE77FB508468E
:108570001446E4F76DFE054678B30379012B0CD160
:1085800074B300F115011022204602F091FF00287B
:1085900014BF2120002004B070BD34B910216846FA
:1085A000FEF7E4FD0028F6D16C4605F115031A46E6
:1085B000691D05F1250052F8046B41F8046B8242F5
:1085C000F9D104F1100254F8041B43F8041B94423F
:1085D000F9D101232B710020DDE740F20250DAE7E8
:1085E0002120D8E737B5084615461C46E4F748FE73
:1085F00060B100EB05100DF107010630E3F71CFB3D
:1086000010B99DF80730237003B030BD40F202501E
:10861000FAE738B50020E4F7FDFD054668B14FF4F0
:108620000040E4F7F7FD58B100244FF6FF73448093
:108630006B80E4F7ADFF204638BD40F20250FBE707
:108640000220F9E740F2025070470020704738B529
:1086500008B3450FC0F30074C0F34F012846E4F798
:1086600027FED0B1032D09D0042D0DD0022D09D144
:10867000002C40F2025018BF002038BD6CB1437C82
:10868000013343740020F8E73CB190F82130013306
:1086900080F82130F6E72120EFE740F20250ECE7C6
:1086A00010B500210446E5F78BF838B920464FF4A1
:1086B0000042BDE810400221E4F720BE022010BDB8
:1086C0001FB501910021E5F77BF850B10023019A15
:1086D000039303A94FF40040E5F788F805B05DF86F
:1086E00004FB0220FAE708B531B9E4F771FE98B946
:1086F000BDE80840E4F7CCBE012903D1BDE808403D
:10870000E4F766BE022906D1C2F30E022AB9BDE81B
:108710000840E4F73DBF212008BD0020FCE72DE91B
:10872000F04385B000240394D8F7E8FAC6887200B5
:1087300010460192FBF778FE054600283ED0019ACC
:10874000FF2102F0EDFEFEF75BF958B3204603A9C6
:10875000FEF759F9044650BB039BB34230D801469B
:108760002846FEF750F9044608BB80464FF6FF79CD
:10877000B04508D3039BB34219D231462846FEF7D1
:108780005FF9044613E035F818704F4507D0C7F37A
:108790000B00E4F75DFD10B1C7F30137077108F175
:1087A0000108E5E7E0F776FB04460028E5D0284617
:1087B000FBF73EFE204605B0BDE8F0831924F6E73E
:1087C0001A24F4E7E5F76CB900207047FFF73FBFC4
:1087D00070B5044670B30068F8B1460FC0F3007579
:1087E000C0F34F013046E4F763FD30B1032E07D0EC
:1087F000042E13D0022E0ED16DB940F202500CE0BF
:10880000002DFAD0417C0139C9B2417419B9102246
:10881000013002F085FE0020206070BD002DECD0FC
:1088200090F821100139C9B280F821100029F2D145
:108830002022EDE72120F0E72DE9F0418EB01C4623
:1088400008460023DDE91565CDE90433179F9046FE
:10885000E4F7FEFCF8B100EB08100DF10F030DF189
:10886000280801932146149ACDF8008006AB053004
:10887000E3F734F9044618BB002E33D004A906A848
:10888000E4F70EFF50B104461AE0049B3360002366
:1088900004936DB910E040F202541FE0002DF4D0B3
:1088A00005A94046E4F7FCFE0028ECD1002EECD1EF
:1088B000059B2B600023059317B19DF80F303B708B
:1088C00004A8FFF785FF05A8FFF782FF102106A87F
:1088D000FFF761F810214046FFF75DF820460EB023
:1088E000BDE8F081002DDBD1E6E71FB50023CDE91F
:1088F0000033CDE9023348B142B113468AB2014692
:108900006846E4F79DFA05B05DF804FB2120FAE71C
:1089100013B51446420F042A0191009309D0FFF7C2
:1089200043FD009B0199A2B202B0BDE81040E4F7FC
:1089300087BA212002B010BD1FB5440F042CCDE929
:108940000221019309D1FFF72FFDDDE901320399DF
:1089500004B0BDE81040FFF7BBBB212004B010BD40
:1089600010B428B121B11AB15DF8044BE4F7AABAEA
:1089700021205DF8044B7047F0B5440F8BB0042CF8
:10898000CDE9042103931FD0FFF70EFD06AD109C27
:108990000094DDE9033205990195FFF7BEFB04461B
:1089A00058B9119A2E460AAF334603CBBB4210602A
:1089B00051601E4602F10802F6D110212846FEF74A
:1089C000EAFF20460BB0F0BD2124FAE7F0B5440FD2
:1089D0008FB0042CCDE90821079327D0FFF7E4FCE2
:1089E000189C0494179C0394169C0294159C019463
:1089F0000AAD149C0094DDE9073209990595E4F766
:108A000093FA044658B9199A2E460EAF334603CB53
:108A1000BB42106051601E4602F10802F6D11021DF
:108A20002846FEF7B8FF20460FB0F0BD2124FAE734
:108A30002DE9FF41440F042CCDE90221DDE90A565E
:108A4000DDE90C7801930DD0FFF7AEFCDDE90132D2
:108A50000399CDE90C78CDE90A5604B0BDE8F041A0
:108A6000FFF7AFBB212004B0BDE8F0812DE9FF473F
:108A7000440F042CCDE90221DDE90C56DDE90E7826
:108A8000DDE9109A01930FD0FFF78EFCDDE901328A
:108A90000399CDE9109ACDE90E78CDE90C5604B0D2
:108AA000BDE8F047E4F77ABA212004B0BDE8F087CA
:108AB00007B5430F042B019107D0FFF775FC01990F
:108AC00003B05DF804EBE4F7A7BA212003B05DF82A
:108AD00004FBE3F7FBB8E3F717B9E3F74DB90A4630
:108AE000014610B90AB1E4F713BE2120704710B453
:108AF0000446084611461A4624B91BB15DF8044BDA
:108B0000E4F706BE21205DF8044B704738B50546F2
:108B1000B0B1006898B190F88140013CE4B280F8AF
:108B2000814054B940222146013002F0F9FC286806
:108B300020222146413002F0F3FC0020286038BD9D
:108B40002120FCE760B159B13F2A09D9431C4130CB
:108B500053F8042B41F8042B8342F9D100207047CD
:108B600021207047134638B131B12AB14A1C00F1B7
:108B700041010130E4F7C0BA21207047002070475E
:108B800010B50C46E4F764FB58B16CB100F1150167
:108B90001022204602F08CFC002814BF2120002067
:108BA00010BD40F20250FBE72120F9E70F2070478B
:108BB00040F20250704740F20250704713B514461D
:108BC000019201AB0A4601464FF48020E5F74EFCC6
:108BD00018B9019BA34218BF022002B010BD0A467B
:108BE00001464FF48020E5F72FBC13460A460146A4
:108BF0004FF4C020E5F73ABC0A4601464FF4C020C6
:108C0000E5F722BC4FF48050704773B50024054649
:108C100001944E1CB54202D1204602B070BD01A99C
:108C2000A8B2FFF7E9FF0028F6D1019B002BF3D093
:108C30001C440135EEE72DE9F3410F461646054683
:108C40009846FFF7E2FF013704463060BD420AD183
:108C500000203368002CA3EB040308BF002033601E
:108C600002B0BDE8F081FE2C234601AAA8BFFE2376
:108C70004146A8B20193FFF7B8FF0028E9D1019B54
:108C8000E41A9844E5D00135E0E70F2803D141F418
:108C9000085080B27047112802D141F41050F8E713
:108CA000102802D141F43C50F3E7FF280AD01228E3
:108CB00089B202D141F4F850704741EA002040F4F3
:108CC0008050E6E74FF40050704708B5E5F724FC04
:108CD000003818BF012008BD10B50C46E5F71CFC94
:108CE00038B1426800F11401204602F0F1FB002087
:108CF00010BD40F21C40FBE738B50546E5F70CFC1B
:108D0000044640B1426800F114012846E5F7D0FB63
:108D10000020A06038BD40F21C40FBE708B5FFF71B
:108D2000B4FF0146FFF7D1FF20B1BDE80840084677
:108D3000FFF7E2BF08BD70B50546E5F7EDFB044659
:108D400078B119B14268143002F0C2FBA368E2683E
:108D500001339342A36007D32846BDE87040FFF774
:108D6000CBBF40F21C4070BD0020FCE72DE9F04372
:108D70008DB01C46149E039207468846FFF742FFBB
:108D8000A04250D304F1040900234846CDE908333A
:108D9000CDE90A33CDE9043306938DF81C30D0F7C2
:108DA00081FA0546002839D00399224671B302F0B2
:108DB0008FFB08A8E5F7BCFB3B0A8DF810302B1998
:108DC0000193042300932A46234604A908A88DF89A
:108DD00011708DF81280FBF731FD1022044600213E
:108DE00008A802F09DFB0D22002104A802F098FBC8
:108DF00044B941463846FFF748FF56B12946FFF7C8
:108E00009AFF04462846D0F76DFA08E002F088FB86
:108E1000CFE74A462946E5F74BFBF2E719242046FF
:108E20000DB0BDE8F0831D24F9E707B501A9FFF7F0
:108E3000D6FE18B9019803B05DF804FB0020FAE7EC
:108E4000F8B500210746FFF720FFFFF7EEFFC0B19E
:108E5000FF213846FFF719FFFFF7E7FF044688B9FF
:108E6000FF26A5196D0829463846FFF70EFFFFF7C4
:108E7000DCFF00280CBF2E462C46731EA342F0D800
:108E8000601CF8BDFF20FCE7FFF7DABF08B5002142
:108E9000FFF7FBFEFFF7C9FF003818BF012008BD30
:108EA00008B5E5F739FB00B1406808BD2DE9F04F82
:108EB0008BB002AF9046D7E9126299460023C7E90A
:108EC0000433C7E90633C7E90033BB603B7306F1DF
:108ED0000B0323F00703ADEB030D8A464146FFF772
:108EE000D4FE341D02AD83465AB3FFF7D9FFA0422A
:108EF0002CD129465846FFF7EFFE0446E0B907F1AA
:108F00001000E5F715FB4FEA1A233B70AB190193EC
:108F1000042300932A463346394607F1100087F8A8
:108F200001A087F80280FBF7CBFC044620B932464B
:108F30002946484602F0CCFA20462437BD46BDE813
:108F4000F08F22462946FFF739FED6E740F2034468
:108F5000F2E72DE9F341DDF820800D46CDE9003838
:108F600016461F4613460A4601460446FFF79EFF73
:108F700041F2050398420ED1A4F10F03B3F5F87F37
:108F800009D804F11101CDE9007833462A4689B2A7
:108F90002046FFF78BFF02B0BDE8F0812DE9F04FCE
:108FA0002DED028B914287B0DDE9124780461646CF
:108FB0001D4659D8A34257D800296ED00BB1A34201
:108FC00054D1012F0FD88DB20027AE4210D92946B7
:108FD0000097234600224046FFF7C8FE0146B0B97D
:108FE000691C8DB2F1E70434CDB2E4B2AE4201D8CF
:108FF00000210CE029464046FFF747FE0DF117031C
:109000003A462146E5F7ECFA38B140F21B410846F2
:1090100007B0BDEC028BBDE8F08F691CCDB2E5E76F
:109020000023009351462B463A464046FFF791FFF6
:10903000014688B918EE102A0390584602F070FADB
:1090400003990091234651463A464046FFF78EFE6B
:1090500009F101090146D0B138460391D0F742F930
:109060000399D4E71921D2E70F21D0E79142FBD130
:10907000012FF9D8201DD0F715F907460028F1D0A7
:10908000631B08EE103A4FF0000900EB050B1FFAC6
:1090900089FA5645C4D80021DEE7002B91D0A342BF
:1090A000E6D18EE707B5CDE9002300230A4619462D
:1090B000FFF774FF03B05DF804FB08B5FFF7E5FDAB
:1090C0000146FFF702FE20B1BDE808400846FFF761
:1090D000E7BEBDE808400846FFF7A7BE2DE9F74FF9
:1090E00007468A46FFF7D1FD90461E46FFF7EDFD85
:1090F000DDF83090834638BB51463846FFF7DDFF38
:10910000044618B3042824D909F1040333448342E4
:1091100022D8D0F7C7F8054600B3231F0246CDF882
:1091200000B051463846FFF714FF044630B12846D8
:10913000D0F7D8F8204603B0BDE8F08F4A46A91909
:10914000404602F0C5F9F2E70F24F3E740F21C4471
:10915000F0E740F20344EDE72124EBE71924E9E7C7
:109160007FB5044603920D46FFF78FFDFFF7ADFD77
:10917000294606462046FFF7A0FF042808D9031F0A
:10918000039A009629462046FFF7E3FE04B070BD1F
:1091900040F20340FAE72DE9F04F85B006460F464E
:1091A000FFF773FD91469846FFF78FFDDDF838A075
:1091B000044698BB39463046FFF77FFF834678B3B5
:1091C000042830D90AF10403434483422ED8D0F74F
:1091D00069F8054660B3ABF10403009402463946D2
:1091E00030460393FFF7B5FE039B044630B1284693
:1091F000D0F778F8204605B0BDE8F08F52464946D2
:1092000005EB0800039302F063F90094039B2A46E0
:1092100039463046FFF7AAFD0446E8E70F24E9E7A0
:1092200040F21C44E6E740F20344E3E72124E1E78F
:109230001924DFE77FB504460D460392FFF725FDAD
:10924000FFF743FD294606462046FFF736FF50B19B
:1092500004280BD9031F039A009629462046FFF7DE
:1092600085FD04B070BD40F21C40FAE740F20340B7
:10927000F7E708B50021FFF720FF043808BD2DE906
:10928000F3410E46984604461746FFF7D9FD0546BA
:109290002046FFF7EEFFB54203460BD8B84209D887
:1092A000CDE90078324629462046FFF777FE02B026
:1092B000BDE8F0812120FAE738B504460D46AC42FE
:1092C00001D9002038BDA0B2E5F71AF90134F6E75C
:1092D0002DE9F04115461E460A1AFE2302FB033310
:1092E000AB4204460F4617D3FFF7E6FFA7420ED363
:1092F000FE2DA846A8BF4FF0FE0842463146A0B258
:10930000E5F7F0F820B9B5EB0805464402D1002096
:10931000BDE8F0810134E9E72120F9E708B5F32041
:10932000E5F7EEF8002008BD08B5F220E5F7E8F80B
:10933000002008BD08B5F120E5F7E2F8002008BDDF
:10934000FC21F920FFF761BC02460B46F920FC2105
:10935000FFF771BCFC21F920FFF7AEBF02460B46B8
:10936000F920FC21FFF7B4BFF821F520FFF74DBC31
:1093700002460B46F520F821FFF75DBCF821F520E9
:10938000FFF79ABF02460B46F520F821FFF7A0BF72
:1093900008B5F420E5F7B4F8002008BDEF21E0207F
:1093A000FFF78ABF30B585B000230193054640B36F
:1093B000D7F742FC012826D101A9DF20FFF71CFCCA
:1093C000044618B9019B082B03D02324204605B07E
:1093D00030BD01AA02A9DF20FFF707FC04460028E0
:1093E000F4D19DF80830012BEFD129460DF1090089
:1093F00000F0D8FD05F11C010DF10D0000F004FE98
:10940000E4E72124E2E70F24E0E7DF20E5F778B87E
:1094100037B505460C46F02001A9FFF7EDFB70B902
:10942000019B1D2B0DD8227893420AD84BB101AA7B
:109430002946F020FFF7D9FB08B9019B237003B040
:1094400030BD2120FBE710B58AB004AC0190C3F712
:1094500015FF1022CDE90201022106A802F060F8F2
:10946000DDE90201019B84E803000822214606A8E9
:10947000FBF755FA0AB010BD01F00F0110B901F564
:1094800000507047012801F500500CBF103020300B
:109490007047704720B1036813B15A79D20700D5DD
:1094A00070471846F6E74B6810B51B683AB1146868
:1094B0002CB1526813604B6800221A6010BD036023
:1094C000F9E710B5044604B910BD04F10C004522BB
:1094D000002102F025F82468F5E7096810B5044674
:1094E0000846FFF7D7FFC4E90010204610BD4FF62D
:1094F000FF739A4212D17F291AD0B1F5404F17D28B
:109500007E29CBB285BFC1F3052161F07F010370D5
:10951000017092BF01204370022070473F2907D895
:10952000427061F03F01120A01708270032070479F
:10953000002070472DE9F04F8FB0CDE90623BDF82C
:1095400060909DF86C30089305460E46B9F1000F07
:109550001DD01A980DF132020CA9E5F78FFEB0B1BB
:10956000DBF782FBBDF832B04FF6FF739B458246B6
:109570006DD10DACBDF8300022460221DBF726FD8F
:10958000002709900B941FFA8AF39F4208D31A9C74
:10959000002C60D11AA8F7F791FE0FB0BDE8F08F4C
:1095A0003846DBF767FB0446FBF76CFF0A90204662
:1095B000FBF76AFF584520D00137E4E70B9B0A9A76
:1095C00033F81830934212D12046DCF7E7FF089BAE
:1095D00005931A9B0493199BCDE90293079B019372
:1095E000069B00932A4633462146E5F7EBFC08F13B
:1095F0000108099B9845E1D1DEE74FF00008F8E744
:109600003846DBF737FB0446FBF73EFFBDF8322058
:10961000824218D1BDF830102046FBF7F4FE90B11D
:109620002046DCF7BBFF089B05931A9B0493199B0C
:10963000CDE90293079B0193069B00932A4633468C
:109640002146E5F7BFFC01374745D9D39FE70027FF
:109650001FFA80F8F8E704F10C004522002101F020
:109660005FFF246894E72DE9F0410446FAF701FF13
:109670000646D4F80700D4F80B30301A0F4661EBD9
:109680000301FAF7F8FE49F63F43984205460BD925
:109690000023C4F80330E378C4F807600133E370B3
:1096A000C4F80B70BDE8F08142F20F739842F2D912
:1096B00004F1030842F21070B5FBF0F5E81CC5F1A7
:1096C00004024146204401F011FF2A460021404691
:1096D00001F026FFDFE770B58EB00446002304AE2C
:1096E0000846CDE9003604F00101154603AA0393AC
:1096F000E2F786FD044618BB08223146A81C01F09B
:10970000D7FED8B96B788DF81830334603CBD5F82F
:109710000A30CDF81900CDF81D10CDF8213003988E
:109720000AAB0D2206A9FFF7F3F8044630B9082268
:1097300005F10E010AA801F0BBFE08B141F20504D3
:1097400003A8FFF745F830460821FEF724F906A8DC
:109750000D21FEF720F90AA81021FEF71CF920467A
:109760000EB070BD10B5DEF7ADF8044638B10D216E
:109770003830FDF7FBFCFAF77CFEC4E90C01BDE8CC
:109780001040FAF79CBEF7B506460F46002001A927
:10979000E4F77AFC044618B90546019BAB4202D8AF
:1097A000204603B0F0BD29463A463046E6F73AFA7D
:1097B0000135F2E7E5F77CBB0A4601460020DCF7FD
:1097C0003DBB30B4DD68013DDD6030BCE6F7CCBCAC
:1097D000704710B5044604B910BD04F10C004522D1
:1097E000002101F09DFE2468F5E770B50646FAF702
:1097F00040FE04464EF660200D46FAF74CFE241853
:1098000045EB0101C6E9084170BD38B590F8483014
:109810000446EBB1054655F8640FFFF7DAFF28461A
:10982000F7F74CFD04F1500318220021184601F00F
:1098300077FE94F84820013AD2B284F8482002EB2F
:10984000420204F16801D200BDE8384001F04EBE8A
:1098500038BD2DE9F7430546984610460023894652
:1098600017460193E6F76AFC0646002838D001A89F
:10987000E6F708FE0446C0B90198012300F1100282
:10988000437107712C46134605F1100154F8045B2F
:1098900043F8045B8C42F9D1F4684B464146A0473B
:1098A000044601982CB1E6F7BBFC204603B0BDE8A6
:1098B000F083FFF79AFFFAF7DCFD054647F23050D8
:1098C0000E46FAF7E8FD019B28184FF0FF3246EBF1
:1098D00001011A63C3E90A011A680A9B1A60E4E7E6
:1098E0002124E2E72DE9F341002380460F46164686
:1098F0000193E6F723FC054660B301A8E6F7C2FD35
:109900000446D0B9019C0223637184F80480DDF71A
:109910008DF8103400F1100350F8042B44F8042B98
:109920009842F9D101982B6900F110023946984705
:10993000044601982CB1E6F773FC204602B0BDE85E
:10994000F0814FF0FF330363FFF74FFF019B1B686C
:109950003360F2E72124F0E770B5E6F731FC044606
:10996000A0B10079E6F7EAFB80B1637983B1FAF739
:1099700080FD05464FF47A700E46FAF78CFD2818E4
:1099800046EB0101C4E90801002070BD2120FCE77D
:109990000220FAE7F8B506460F461546E6F710FC32
:1099A0000446D0B10079E6F7C9FBB0B16379B3B131
:1099B000052B09D057B9A36813B994F848302BB1D7
:1099C0000423637184F8A050002007E0052363712D
:1099D000036A294630469847F6E72120F8BD022061
:1099E000FCE737B50190F7F711FE82B20546104645
:1099F0000092FAF71BFD044678B1DDE9002100234F
:109A0000F7F752FCA9B22046E6F71AFE05462046B3
:109A1000FAF70EFD284603B030BD0546FAE72DE9FA
:109A2000F843804608460E46F7F7F0FD814685B2BA
:109A300016B92120BDE8F883002DFAD04046E6F79C
:109A4000BFFB04460028F4D04379032B43D190F8A0
:109A50004870032F41D00079E6F770FB42881FFA67
:109A600089F9D31E4B4534DC0435AD1A531EADB213
:109A700015FA83F599B2013D95FBF1F50135EDB28B
:109A8000436940469847182303FB07474FF00008F7
:109A900087F8500094F8481003FB014201FB0333A0
:109AA00023444FF00009C2E916894A1C002183F8BB
:109AB0004850A3F84A10DE64D3B2012B84F8483032
:109AC00002D12046E6F722FE2046FFF78EFE002058
:109AD000B0E70125D4E70220ACE71A20AAE7F0B5E9
:109AE000B7B000788DF844000868CDF845004868A4
:109AF000CDF849000889ADF84D00897A10681279CF
:109B00008DF84F10002414908DF854200DF155015C
:109B1000402218460094419EFFF714F811AD044608
:109B2000002837D13C9840220DF19501FFF70AF843
:109B3000044678BB09AA91212846FEF785F9044618
:109B400040BB3F993D986B4609AAFEF7C4FF044607
:109B500000BB3E9B01AA03F1200C17461868596808
:109B6000144603C4083363452246F7D1409B00984E
:109B700020223946FEF7E0FE044658B956B109AA3C
:109B80003346164603CEAE4218605960324603F1A2
:109B90000803F6D16846FEF71BFE204637B0F0BD3D
:109BA000F0B5B3B000788DF834000868CDF8350012
:109BB0004868CDF839000889ADF83D00897A106809
:109BC00012798DF83F10002410908DF844200DF18B
:109BD00045014022184600943D9DFEF7B3FF044620
:109BE000002843D1389840220DF18501FEF7AAFFE5
:109BF000044600283AD101AA91210DA8FEF775FE6E
:109C0000044698BB39986A4601A9FEF762FF0446EC
:109C100060BB3A9B05AE344603F1100718685968DB
:109C2000224603C20833BB421446F7D13B9B09AC22
:109C300003F1100718685968224603C20833BB4273
:109C40001446F7D13C9B009820223146FEF760FE77
:109C5000044658B955B101AF2B463A4603CAB24241
:109C600018605960174603F10803F6D1102101A8C6
:109C7000FDF791FE6846FEF7ABFD204633B0F0BD20
:109C800070B58AB006461D4608460023114606AA4E
:109C90000193FEF72AFE044630BB02AB01AA06A9D7
:109CA0003046FEF71AFF0446F0B9019B2B600E9B6D
:109CB000019002AA04AE154603CDB5421860596062
:109CC0002A4603F10803F6D1286818602A791A7128
:109CD0000F9A06AD0AAE2B4603CBB342106051601B
:109CE0001D4602F10802F6D106A81021FDF753FE29
:109CF0000D2102A8FDF74FFE01A8FEF769FD2046E1
:109D00000AB070BD00B54BB2002B93B008DD09233B
:109D10008DF80510022201A98DF80430E6F7F6FF50
:109D2000002013B05DF804FB2DE9F04192F80080AB
:109D3000B8F1010FDDE90667DDE908C4DDE90AE5F0
:109D400007D1103510340B950994BDE8F041FFF7A9
:109D5000C6BECDE90AE5CDE908C4CDE90667BDE890
:109D6000F041FFF71DBF2DE9F04114788EB0012CB2
:109D700006AD4FF00004DDE9147CDDE916E8189E1D
:109D80000594049513D108F11005CDE902E5CDE95C
:109D9000007CFFF7A4FEA8B92022314606A801F0F6
:109DA00087FBB0FA80F040090EB0BDE8F081CDE944
:109DB00002E8CDE9007CFFF7F3FE18B91022314626
:109DC0002846ECE72046EFE72DE9F0419AB001285C
:109DD0009C46239FDDE921360D460DF1080802F16E
:109DE00010042DD1303220686168C646AEE8030009
:109DF00008349442F046F6D1624602F1200E0DF18D
:109E0000280C10685168644603C408327245A446A1
:109E1000F7D1209A0DF1480C02F1200E106851681C
:109E2000644603C408327245A446F7D1CDE9006701
:109E3000602202A92846FFF723FF1AB0BDE8F0818F
:109E400010685168C646AEE803000832A242F046E8
:109E5000F6D1624602F1100E0DF1180C106851682F
:109E6000644603C408327245A446F7D1209A0DF126
:109E7000280C02F1100E10685168644603C40832C1
:109E80007245A446F7D1CDE900673022D1E7012819
:109E900004D0002814BF00201020704720207047F5
:109EA00001280CBF2020102070470346012B0846D4
:109EB0000CBF20211021FDF759B910B40446012C24
:109EC00008465DF8044B114614BF10222022F7F714
:109ED000EBB910B592B0062301298DF804300DF1CD
:109EE00005030DD102F1200152F8044B43F8044B55
:109EF0008A42F9D1212201A9E6F708FF12B010BD6C
:109F000002F1100152F8044B43F8044B8A42F9D194
:109F10001122F0E701280CBF20201020704710B557
:109F200092B0052301298DF804300ED16B4402F163
:109F3000200152F8044B43F8044B8A42F9D1212204
:109F400001A9E6F7E3FE12B010BD0DF1050302F121
:109F5000100152F8044B43F8044B8A42F9D1112204
:109F6000EEE710B40446012C08465DF8044B114698
:109F700014BF10222022F7F797B9012810B40C461D
:109F800011460CD104F11000202221B15DF8044BE0
:109F9000194401F09DBA5DF8044B01F0C1BA2046A6
:109FA0001022F2E770B369B3037803F00F030133B3
:109FB00003EB83035B000B6003781B094B60437862
:109FC00003F00F038B6043781B09013303EB83031A
:109FD00003EB8303CB60837803F00F03013303EBC0
:109FE000830303EB83030B6183781B094B61C37805
:109FF00003F00F03013303EB830303EB83038B6154
:10A000000020704721207047E0B1D9B1037803F0F8
:10A010001F030B6003785B094B60437803F00F026A
:10A0200041F2883302FB03338B6043781B09013311
:10A0300003EB83035B00CB60837803F003030B61C6
:10A04000002070472120704773B5064608460191ED
:10A05000F7F7DCFA0090FAF7E9F90546C0B1DDE957
:10A0600000210023F7F720F9009A2B460021304603
:10A07000EFF792FF044628B9024604213046EFF775
:10A08000A1FF04462846FAF7D3F9204602B070BD76
:10A090001A24FAE7F8B50E460121044617461D4674
:10A0A000EFF764FF68B901463B4632462046EFF7BA
:10A0B00073FF30B92A4620460421BDE8F840EFF787
:10A0C00081BFF8BDEFF73CBF4369406CDA1C143820
:10A0D000B2FBF0F203EBC203CA1DB2FBF0F2013295
:10A0E00001EBC2010333B3FBF0F3023300FB0310B7
:10A0F000704738B5446905462146FFF7E5FF6B6CAC
:10A10000E11D143BB1FBF3F1013104EBC104204428
:10A1100038BDF7B507460E4600257C6CA819644289
:10A1200080EA06031C4003D02C46204603B0F0BD55
:10A13000FB6B01225B6901A99847019B0133F4D1B4
:10A140000435EAE713B504460191C1F7B9FAE36BA8
:10A150000198DB6802B0BDE81040184770B50025D3
:10A1600086B004460562E369AB4202D8206A06B0B5
:10A1700070BD666C2068E36B05225B6901A906FB74
:10A180000500984701A800F0D9FB00F0FCFB10B1D6
:10A19000236A013323620135E5E738B50446456C8F
:10A1A000006804F1400305FB0101E06B00F0F8FBDF
:10A1B00005462046FFF7D2FF284638BDF0B50546D4
:10A1C00087B00026EC69013CB44203D80C46204617
:10A1D00007B0F0BD01B14C1E6F6C2868EB6B052217
:10A1E0005B6901A907FB0400984701A800F0A6FBE2
:10A1F00000F0C9FB0028EAD101362146E2E7F0B5BC
:10A200000446466CE36B00685B6987B00D46052227
:10A2100001A906FB0500984701A800F08FFB00F09C
:10A22000B2FB20B101A800F060FB07B0F0BD2946E9
:10A230002046FFF7C3FF676CE36B064620685B6947
:10A24000052201A907FB0600984701A800F04DFB75
:10A25000431CEAD0B54238BF0130E6E72DE9F043B0
:10A26000D0F824804FF6FF7987B004460E46C845E3
:10A2700014BF454600250027E369BB4202D807B05A
:10A28000BDE8F083E26B2368606CD2F814C001A9CA
:10A29000052200FB0530E04701A800F04FFB022833
:10A2A00006D0C8450CD1721C29462046FFF775FF21
:10A2B000E36901350137B5FBF3F203FB1255DBE728
:10A2C00029462046FFF79BFFB0F1FF3F14BF02462F
:10A2D00032460132E8E7F0B5046887B0064600254B
:10A2E000091B446CB1FBF4F4F3693768706C5A1EB7
:10A2F000954208D3706C336800FB043007B0BDE8AA
:10A30000F04000F04BBB0134B4FBF3F103FB11440C
:10A31000F36B05225B6901A900FB0470984701A853
:10A3200000F00CFB00F02FFB0028E3D10135DBE748
:10A3300010B423F0030422449B070A44436C18BF63
:10A3400004325B4281EA0204234203D05DF8044BED
:10A35000FFF7C1BF10465DF8044B70472DE9F0418F
:10A36000D0E90A369E4286B0044608D1C3694568E2
:10A37000142202FB1355284606B0BDE8F0810025E3
:10A380002068676CE26B331AD2F81480B3FBF7F3E2
:10A39000052201A907FB0300C04701A800F0CEFA7F
:10A3A000012804D0636C1D44013B3340ED1A314653
:10A3B0002046FFF790FFA36A83420646E0D1DAE722
:10A3C000F0B5002587B004462E46E369B34202D8B3
:10A3D000284607B0F0BD636C276803FB0677E36B84
:10A3E00005225B6901A93846984701A800F0A6FA42
:10A3F00000F0C9FA58B1384600F0D0FA01462046BC
:10A40000FFF787FE636C143B834208BF01350136BA
:10A41000DBE708B508301346D1E90012E7F7A8FEDC
:10A42000012008BD13B50C46002121760093616818
:10A4300013462246E6F7FCFC18B1E37D03B1A07E8B
:10A44000A075A07D02B010BD73B500F108051646D9
:10A450000C460DF107020968284600F06BF9032E3F
:10A4600006D16368834203D12168284600F04AF987
:10A47000012002B070BD10B5032A029C07D1A26A68
:10A480005340626C5242134201D100F03BF901206B
:10A4900010BD08B5C36800209847BDE80840C1F763
:10A4A00017B970B5002401281C700CBF02200420CD
:10A4B000CC7D4243101D02F002024CB91AB10122B8
:10A4C00020F003001A7000F108034868184470BDBA
:10A4D0001AB1012220F003001A700D7E002301F151
:10A4E0002006DAB2AA4201D30020F0E736F8334062
:10A4F00084421A4603F1010305D901EBC20100F1C0
:10A500000803C869E2E7001BEBE737B504461D46C0
:10A5100090F842000DF10303FFF7C3FF94F84220C7
:10A52000E36B012A5B690CD101A998479DF80330C0
:10A5300013B1BDF806300193BDF804302B6003B0B1
:10A5400030BD012229469847F9E770B5054686B027
:10A550004868EB6B00240E465B690294012202A955
:10A560000830984795F84230012B00F08C80312C50
:10A570004BD9029806B070BD05AB2246314628463D
:10A58000FFF7C3FF9DF81430002B40F0828095F850
:10A590004230012B43D1612C2ED803AB22463146E9
:10A5A0002846FFF7B2FF04AB621C31462846FFF78E
:10A5B000ACFF05ABA21C31462846FFF7A6FF1022D0
:10A5C00008230DEB02010DF107008DF8073000F0B4
:10A5D0003CF9102205A90DF1070000F036F9039BA4
:10A5E000DAB24AB99DF80720B2EB132F04D1DDE9A6
:10A5F000043203EB0243029395F84230012B0CBF67
:10A60000022301231C440134ACE742D005AB2246AF
:10A6100031462846FFF779FFBDF81430B4E7302CF7
:10A62000EAD803AB224631462846FFF76EFF04AB5B
:10A63000621C31462846FFF768FF102320220DEBED
:10A6400003010DF107008DF8073000F0FEF8039BC1
:10A650009AB2002AD0D19DF80720B2EB134FCBD18C
:10A66000049BC8E70133CED0102205A90DEB0200F0
:10A6700000F0EBF8059B9DF81010C3F307429142E0
:10A68000C1D19BB224E0632C3FF673AF612C7FF6FF
:10A6900073AF00238DF81030224605AB31462846B3
:10A6A000FFF733FF95F84230012B059BDAD14FF6C7
:10A6B000FF729342A7D0082205A904A800F0C5F8AC
:10A6C000059B9DF81010C3F3072291429BD1DBB28A
:10A6D000029A1344029396E730B5446800234FF082
:10A6E000FF329C4202D10023037230BD016801EBAE
:10A6F000C30541F833206A600133F2E7C0E9001274
:10A70000FFF7EABF30B5456800239D420FD00268CD
:10A7100002EBC30452F83320B2F1FF3F08D0C2F37A
:10A720001302914204D14FF0FF33C4E9003330BD2E
:10A730000133EAE7F0B5456800239D4202D14FF0AE
:10A74000FF300FE0046854F83340671C4FEAC3063B
:10A7500009D0C4F31307B94205D1240D147003685E
:10A7600033445868F0BD0133E7E713B504460023CE
:10A7700001461B220DF107008DF8073000F065F847
:10A7800022689DF80730B3EBD26F0CBF0120002088
:10A7900002B010BD13B500230446014620220DF17E
:10A7A00007008DF8073000F050F80DF107001A226D
:10A7B000211D00F04AF862689DF80730B3EB926FF4
:10A7C0000CBF0120002002B010BD0068431C58429D
:10A7D00058417047006810F07E0F0CBFC0F3C16095
:10A7E000002070470068C0F3D3107047006800F085
:10A7F0007F0001288CBF002001207047036813F000
:10A800007E0F0CBF082004207047036813F07E0FF2
:10A8100003D1406820F07C40704713F078001CBFE3
:10A8200003F07F03D81F7047006800F07F00704777
:10A83000032809D0022803D1002918BF012070473E
:10A84000002914BF0020072070471F2A0B689EBFF5
:10A850004FF0FF3191408B43590801F055315B1A9D
:10A8600003F033319B0803F033330B44017803EBDF
:10A8700013130A4403F00F334FF001314B43A2EBA3
:10A8800013630370704737B501F10C044369054643
:10A890006946012220469847BDF800300193012205
:10A8A000AB6901A92046984703B030BD37B501F127
:10A8B0000C04436901226946054620469847009BDF
:10A8C0004FF6FF7299B291420DD11B0C1B0443F459
:10A8D000254343F0A50301930122AB6901A920465A
:10A8E000984703B030BD0020FBE737B504461B2274
:10A8F000011D00250DF107008DF80750FFF7A5FF9A
:10A9000060689DF80720B2EBD06F03D120F078404B
:10A9100003B030BD0DF107001B2204F108018DF8D2
:10A920000750FFF792FFA0689DF80730B3EBD06F98
:10A9300001D1C043EAE74FF0FF30E9E703684BF28B
:10A940009A22B2EB134F10B5044613D19BB2012BE0
:10A9500013D1FFF7CAFF01300CD0E0684FF6FF7249
:10A96000B2EB104F4FEA104309D180B2C01A18BFA2
:10A97000012010BD2368013303D00420F9E7022031
:10A98000F7E70320F5E701288CBF0020012070477E
:10A99000033801288CBF0020012070471430704715
:10A9A00030B585B00469019105460846CDE902320B
:10A9B000A0470199044638B9DDE902322846E7F795
:10A9C000B5FC0199044610B12846FFF75CFF20460C
:10A9D00005B030BD0220704700207047012070474D
:10A9E0000020704700207047704737B5044601A823
:10A9F0000D46EDF759F801A8FFF7F6FF01A920462B
:10AA00008DF80650E7F78CFD03B030BD08461146BF
:10AA1000E7F768BE7047431E012B03D9031F584256
:10AA2000584170470120704700F080BA4FF4A4727B
:10AA3000002100F075BD10B50021044600F072F849
:10AA40002046BDE81040ECF76FBFECF7C1BBECF758
:10AA5000C5BBF8B50D460646E7F704FEEF680022D1
:10AA60004FF6FF734FF0240CD0B2874208D81C4633
:10AA700021463046E7F7F0FF00F05BFA2046F8BDCC
:10AA8000A9680CFB0011CC899C4202D2002CEFD0AB
:10AA900023460132E8E7E7F7DFBF008B70470A780B
:10AAA00038B505461046FFF7B6FF60B14C78204632
:10AAB000FFF7B1FF38B12243530704D42846BDE85D
:10AAC0003840ECF7ABBB012038BDFFF7E8BF10B54D
:10AAD00004460878FFF79FFF58B14A781046FFF701
:10AAE0009AFF30B1042A04D02046BDE81040ECF7AC
:10AAF000CDBB012010BDFFF7EABFECF7D9B8ECF7EA
:10AB00006BBA37B504460D460192E7F7A5FF38B991
:10AB1000019A2946204603B0BDE83040EBF75EB805
:10AB200003B030BDEDF796B937B50C460192EFF79B
:10AB30008FFD019905462046EAF74CFC044628465D
:10AB4000EFF78AFD204603B030BD13B50446002060
:10AB5000019100F0ECF9D4F8A03033B90199204606
:10AB600002B0BDE8104000F0F2BA022002B010BD01
:10AB700038B5044648880D4600F0D9F9D4F8A0301D
:10AB80002BB929462046BDE83840ECF7B5BB02207A
:10AB900038BD00F0CDB900F00EBBE9F7F9B938B512
:10ABA00005460C46EFF754FD296BEB6A0C40234336
:10ABB000EB62EFF751FD00200CB9002138BD4FF4D6
:10ABC0000071FBE7ECF77EBEECF77EB900F02BBB23
:10ABD00000F04BBB08461146E8F76ABDECF7A4BC91
:10ABE00000F0FDBA38B50446154609B100F05CFB2B
:10ABF00025B12046BDE83840ECF78CBD38BD08468D
:10AC0000E9F738BD10B5044600F08BF820B92046AE
:10AC1000BDE81040E8F75AB810BD00F0C6B9E9F732
:10AC20008FBC70B586B01E46CDE904210446EFF70F
:10AC300016FD05462046FFF7E5FF0A9B0293002319
:10AC4000CDE90063DDE904212046E8F78DF80446EC
:10AC50002846EFF70AFD204606B070BD38B5044619
:10AC6000EFF7FDFC05462046FFF7CCFF2046E8F74E
:10AC700059F804462846EFF7F8FCB4FA84F0400986
:10AC800038BD38B50446EFF7EAFC05462046FFF725
:10AC9000B9FF204600F054F804462846EFF7E5FCDB
:10ACA000204638BD38B50446EFF7D9FC05462046A6
:10ACB000FFF7A8FF204600F049F804462846EFF7C2
:10ACC000D4FC204638BD37B504460191EFF7C7FCE8
:10ACD00005462046FFF796FF01992046E8F790F8D1
:10ACE00004462846EFF7C1FC204603B030BD07B547
:10ACF0000B460DF10700114600228DF8073000F0D9
:10AD0000D9F803B05DF804FB084611461A4600F076
:10AD1000D1B8012070470120704700F087BB0020A8
:10AD20007047E7F709BF10B5EFF799FC044600F04C
:10AD300015F8E7F727FF2046BDE81040EFF795BC70
:10AD400008B50246E7F7F8FE507D08BD08B5024693
:10AD5000E7F7F2FE507D80F0010008BD00F025B954
:10AD6000ECF7C0B900F0D3B9837C03B108470220E7
:10AD7000704710B5044600F020FB20460321BDE8D3
:10AD80001040EBF7EFBFFFF7F4BF837C0BB1EDF79B
:10AD90004FB902207047837C0BB100F00CBB02203E
:10ADA000704713B5827C0C46C2B1053A012A8CBFAC
:10ADB000002201224968019200F008FB206890FA05
:10ADC000A0F0000AE9F7EEFEA17A2089019A81F04D
:10ADD0000101EDF751F9002002B010BD0220FBE7A0
:10ADE0001FB5CDE90112ADF80C3001A99DF818305E
:10ADF0008DF80E30FFF7D5FF05B05DF804FB00209D
:10AE00007047002070472DE9F74F05681C4605F094
:10AE100007059DF830300193AB1D01259D40064686
:10AE2000174605F1FF380B46A1B1416804EA080B4B
:10AE3000A5EB0B0A41F00059524509EB0B0113D960
:10AE40005246184600F044FB7A1B5A444946504487
:10AE500000F03EFB019B23B13C4448EA05052C4031
:10AE6000F46003B0BDE8F08F1846F1E737B5002570
:10AE700000951446FFF7C7FF204603B030BD0268B7
:10AE800002F00702063201239340026AC2F30C0269
:10AE90008A4210B584BF4468C26803F1FF339BB295
:10AEA00083BF891844F000500B404FF0FF3088BF3B
:10AEB000C05C10BDF8B50F461646054610B9002413
:10AEC0002046F8BD0078E8F7CFFC044660B11FB11A
:10AED0002878E8F771FD38700EB90124F0E728787A
:10AEE000E8F77EFD3070EBE72B78032BE7D10FB14D
:10AEF000FF233B70002EF0D0FF233370EDE710B539
:10AF0000044608680A46E8F789FCD4F890304BB14B
:10AF10005B693BB11168013104BF6FF00101116041
:10AF200012681A60002010BDECF766BF70477047CA
:10AF30007047704738B50D460446E9F705FDAC404B
:10AF400042F2107364095C436423B0FBF3F0B4FB7A
:10AF5000F0F038BD30B51F23B0FBF3F35C1CE5B255
:10AF6000C3EB43134FF0FF34AC40C01AE44301304D
:10AF7000E4B2C0B21460086030BD70B505460E463C
:10AF8000C0B201F00F01FFF7D5FFC6F3031104466D
:10AF9000C5F30720FFF7CEFFC6F303210444C5F332
:10AFA0000740FFF7C7FF204470BD08B5E9F756FA20
:10AFB000BDE80840E9F790BA10B50446E9F74EFA43
:10AFC000844288BF01F1FF31204601F00301BDE852
:10AFD0001040E9F781BA38B50446FFF7E6FF0546A9
:10AFE000FFF7E3FF431BA342FAD338BD00207047AD
:10AFF00008B5E9F7EFFB002008BD00F03003202B77
:10B0000010B513D110F4E02FC0F302431CBFC0F3FE
:10B01000C422B2FBF3F310F4C01F18BF5B00052B72
:10B020000DD85C08E9F740FD604310BDC0F3821302
:10B03000012B06D0042B14BF01240224F2E70424C0
:10B04000F0E70224EEE770B505460C4651B10B68F7
:10B0500043B15B6833B11A68032A03D99C6A640E52
:10B06000204670BDEFF7F4FAD5F89060C5F890402F
:10B0700001462846E9F7E2FEC5F890600446084616
:10B08000EFF7EAFAECE738B14FF47A735843A0F6D9
:10B09000AC53581AEAF714B84CF25030FAE7EBF711
:10B0A0006BB8EBF769B8EBF767B8EBF765B8EBF798
:10B0B00063B87047406B00F0600040280ED06028F5
:10B0C00004D0A0F1200358425841704749B10B68A1
:10B0D000012B06D9486940F00100704740F2011089
:10B0E00070470020704788B10368022B0BD9426A71
:10B0F00012F47F4FC2F3072307D0006AD2B2504345
:10B10000B0FBF3F0704700207047184670470220EC
:10B11000E9F78EB9D0F894304BB11A68022A06D9F3
:10B1200093F8250028B11B6AB3FBF0F07047FFF7D6
:10B130008CBC704708B50146D0F89400FFF7D3FFE8
:10B1400020B9BDE808400846FFF781BC08BD10B52E
:10B1500090F8D030032B04462BD04175D0F89000E6
:10B1600020B3D4F8A0304BB994F8D9308B420BD32C
:10B1700020460022BDE81040ECF70CB9B4F92420B9
:10B18000B0F912309A42F3DD94F8D910002220462B
:10B19000ECF700F960B9C4F890002046FFF77DFC99
:10B1A00001462046BDE81040E7F756BCFF23A375D3
:10B1B00010BD0220FCE70346D0F8D0000860B3F8C9
:10B1C000D4308B800020704790F8D030032B14BF10
:10B1D000807DFF2070474FF48071EBF719BC70B58C
:10B1E0000D460646ECF700F80446B07C0538012809
:10B1F00021468CBF00200120EAF7B0F80223AB7192
:10B200007CB1B0F5803F0CD863094FF2244202FBB9
:10B2100000302409B0FBF4F42868041B2C600020E3
:10B2200070BD1846FCE73F2B084610B511461AD9E9
:10B23000B3FA83F4C4F11903DBB2062B01D8192C3D
:10B240000FD0062B28BF06231A46941DE3B2012413
:10B250009C40A4B2A14228BF2146E8F73FF820460F
:10B2600010BD0022F1E70024F9E710B514883F2C47
:10B27000084617D9B4FA84F4C4F11903DBB2062BDB
:10B2800001D8192C0CD0062B28BF062319468B1D7C
:10B29000DCB20123A3401380E8F73CF8002010BD86
:10B2A0000021F4E70120FAE7EBF7CCBB10B5084624
:10B2B00014460121E9F756FB20460121E9F752FB2C
:10B2C000002010BD37B50446CDE90021EFF7C0F9E5
:10B2D000DDE900210546204600F0B2F80446284684
:10B2E000EFF7BAF9204603B030BD022070470320C3
:10B2F0007047E9F795B8007CC0F38000704710B53F
:10B30000ECF748FC044608B9EAF75AFC204610BDA1
:10B3100038B504461D46ECF73DFC28B929462046C1
:10B32000BDE83840EAF738BD38BD38B50546C175C7
:10B33000144642B100F07FF820B16B7C43F001036A
:10B340006B74002038BD0846E8F728FEFF28E87532
:10B350000AD0284600F06FF80028F3D06B7C64F325
:10B3600000036B742046EDE7E8F76EFE0120E9E785
:10B3700070478021EBF74CBB38B50546EBF70EFD67
:10B3800004462846EBF7E6FC072811D1D5F89030A3
:10B3900024F47F41DC6921F0480104B1647841EA7A
:10B3A000042141F020012846BDE83840EBF7FCBC01
:10B3B00024F02001F7E70320704710B50446ECF7AE
:10B3C00021FE2046BDE81040ECF7D8BDD0F8E030B3
:10B3D0008B4270B504460D46164603D190F8DC301A
:10B3E000202B1AD0EA071FD5002E0CBF5523AA2305
:10B3F00093FAA3F0000B00F4702095FAA5F240EA4E
:10B4000012432364202384F8DC300023C4F8E05086
:10B41000C4F8E4302046ECF769F832462946204665
:10B42000BDE87040ECF784BDAA23E1E70120704736
:10B430000020002170474021EBF7EABA0020704756
:10B44000F0B585B005460F4602A81146ECF74CFF53
:10B450000646A0B19FB1DDE902311B0A43EA016350
:10B46000A5FB0343090A05FB01310191E9F76CFAD9
:10B470000199024600232046EDF774FA3860304601
:10B4800005B0F0BD00228A4202D14FF0FF30704774
:10B4900050F8223093FAA3F30BB90132F3E7B3FA71
:10B4A00083F000EB421070470028B8BF404270475D
:10B4B00010B501390244904201D1002005E0037823
:10B4C00011F8014FA34201D0181B10BD0130F2E763
:10B4D0000A44914200F1FF3300D1704710B511F8D2
:10B4E000014B03F8014F9142F9D110BD884210B5CC
:10B4F00001EB020402D98442234607D8431EA1422D
:10B5000008D011F8012B03F8012FF8E70244014697
:10B510008A4200D110BD13F8014D02F8014DF7E742
:10B5200002440346934200D1704703F8011BF9E738
:10B5300037B5A1FB02244CB911460192EDF750FC3E
:10B54000019A054630B9284603B030BD0C2202608E
:10B550000025F8E72146FFF7E3FFF4E710B50246C0
:10B56000147813460132002CFAD1013B11F8012B5B
:10B5700003F8012F002AF9D110BD034611F8012B61
:10B5800003F8012B002AF9D17047034613F8012B69
:10B59000002AFBD1181A0138704770B568224D1E79
:10B5A00055430E4605F17401EDF71AFC044640B10F
:10B5B0000021C0E900160C30A06005F16802FFF719
:10B5C000AFFF204670BD2DE9F8430646884600F1DE
:10B5D00048040027D4E90195B9F1010905D524688B
:10B5E000002CF7D13846BDE8F883AB89012B07D989
:10B5F000B5F90E30013303D029463046C047074322
:10B600006835E9E770477047704770B50E46B1F985
:10B610000E10002996B014461D4608DAB6F90C3013
:10B6200000222A601A0610D44FF480630EE06A46A6
:10B63000EEF77AFB0028F1DB019A02F47042A2F5E2
:10B6400000535A425A412A60EEE74023002023600B
:10B6500016B070BD2DE9F041804614460E4621B962
:10B66000BDE8F0411146EDF7BBBB2AB9EDF74CFB45
:10B6700025462846BDE8F08100F04FF98442074690
:10B6800002D8B4EB500F12D821464046EDF7A8FB84
:10B6900005460028EDD0BC422246314628BF3A4636
:10B6A000FFF716FF31464046EDF72EFBE1E7354642
:10B6B000DFE72DE9F0478E689E4282460C469046B1
:10B6C0001F4638D88A8912F4906F32D025680969EC
:10B6D000A5EB0109656905EB450505EBD57501335A
:10B6E0004B446D109D4238BF1D46530531D5294648
:10B6F000EDF776FB064650B90C23CAF80030A38953
:10B7000043F04003A3814FF0FF30BDE8F08721698B
:10B710004A46FFF7DDFEA38923F4906343F08003DC
:10B72000A381266165614E44A5EB09052660A560ED
:10B730003E46BE4200D93E46206832464146FFF7AB
:10B74000D5FEA3689B1BA3602368334423600020BD
:10B75000DBE72A46FFF77EFF06460028E1D1216994
:10B760005046EDF7D1FAC7E79368013B002B10B4C0
:10B77000936008DA9469A34201DB0A2903D15DF8DA
:10B78000044BEEF7EFB91368581C106019700846A7
:10B790005DF8044B7047F8B506460F461446D518B9
:10B7A000AC4201D1002007E014F8011B3A463046B4
:10B7B000FFF7DAFF431CF3D1F8BD2DE9F047164639
:10B7C00099468A680B69DDF820809342B8BF13461A
:10B7D000336091F8432007460C460AB101333360C9
:10B7E0002368990642BF336802333360256815F039
:10B7F000060506D104F1190AE36832689B1AAB42C8
:10B8000026DC94F84320131E226818BF01239206F9
:10B810002BD404F1430249463846C04701301ED0BC
:10B820002368E568326803F00603042B08BFAD1AED
:10B83000A36822690CBF25EAE57500259342C4BFC1
:10B840009B1AED1800261A34B5421AD1002008E0E0
:10B850000123524649463846C047013003D14FF0D4
:10B86000FF30BDE8F0870135C6E7E1185A1C3020EB
:10B8700081F84300224494F8451082F843100233C3
:10B88000C7E70123224649463846C0470130E6D083
:10B890000136D9E710B50C46B1F90E10EEF778FA7B
:10B8A0000028ABBF636DA3891B1823F48053ACBF82
:10B8B0006365A38110BD2DE9F0411F468B89DB052F
:10B8C00005460C46164605D5B1F90E100223002296
:10B8D000EEF74CFAA389B4F90E1023F48053A38138
:10B8E00032463B462846BDE8F041EEF78DB910B52B
:10B8F0000C46B1F90E10EEF739FA431CA38915BFB7
:10B90000606523F4805343F48053A38118BFA3815F
:10B9100010BDB1F90E10EEF7F7B951F8043C181F3D
:10B92000002BBCBF0B58C01870470000F8B500BF13
:10B93000F8BC08BC9E467047F8B500BFF8BC08BC10
:10B940009E467047000000005FF800F0651300207D
:10B950003D3D3D3D3D3D3D3D3D3D3D3D3D3D3D3D17
:10B960003D0D0A00436C69656E742F4C504E0D0AF4
:10B9700000436C69656E742F4C504E000D0A2D2DDE
:10B980002D2053454E534F5220494E4954202D2DC2
:10B990002D0D0A00202054534C3235393120203AE5
:10B9A000204641494C45440D0A00202054534C3256
:10B9B00035393120203A204F4B0D0A0020205643C4
:10B9C0004E4C34303130203A204641494C45440DEC
:10B9D0000A00202056434E4C34303130203A204F5C
:10B9E0004B0D0A002020506F6C6C2074696D6572DD
:10B9F000203A2033730D0A002D2D2D2D2D2D2D2DA8
:10BA00002D2D2D2D2D2D2D2D2D2D2D0D0A0D0A0019
:10BA100053656E736F7220706F6C6C2074696D6506
:10BA20007220737461727465642028337320696EA8
:10BA300074657276616C292E0D0A005B53454E5376
:10BA40004F525D2054534C32353931202043483019
:10BA50003D25357520204348313D2535750D0A00BB
:10BA60005B53454E534F525D2054534C3235393160
:10BA7000202052454144204552524F520D0A005B4E
:10BA800053454E534F525D2056434E4C3430313067
:10BA90002050524F583D2535750D0A005B53454ED9
:10BAA000534F525D2056434E4C3430313020524576
:10BAB0004144204552524F520D0A005B53544154A9
:10BAC000455D2020252D387320206C696768743D02
:10BAD00025752F2575202070726F783D25752F25CF
:10BAE000750D0A004C55583A2575002573005B4DBD
:10BAF0004553485D20207365745F7075626C69639F
:10BB00006174696F6E206661696C65643A20307893
:10BB10002530346C580D0A005B4D4553485D20209C
:10BB20007075626C697368206661696C65643A203F
:10BB300030782530346C580D0A005B4D4553485D14
:10BB400020207075626C6973686564206F70636F24
:10BB500064653D30782530325820207374617465F7
:10BB60003D25730D0A005B4D4553485D20207075DF
:10BB7000626C6973686564206C75783D25750D0A83
:10BB800000666163746F72792072657365740D0A63
:10BB900000466163746F7279205265736574004E5C
:10BBA0006F646520696E69740D0A005B435D200057
:10BBB0002E2E2F6170702E630025733A2564203A73
:10BBC00025733A20007363005374617475733A20CF
:10BBD0002573203D20307825303478200041737360
:10BBE000657274696F6E206661696C65643A20469F
:10BBF00061696C656420746F20696E6974206E6F72
:10BC000064650D0A00736C5F62745F7379737465A9
:10BC10006D5F6765745F6964656E746974795F618F
:10BC200064647265737328292072657475726E6519
:10BC30006420213D2030207374617475733D307829
:10BC40002530347800253032783A253032783A255C
:10BC50003032783A253032783A253032783A253009
:10BC600032780050423020507265737365642E0D37
:10BC70000A0050423120507265737365642E0D0ABC
:10BC800000504231204C6F6E6720507265737365AF
:10BC9000642E0D0A00536574207075626C696361CF
:10BCA00074696F6E206572726F723A203078253039
:10BCB000346C580D0A00536574207075626C6963AA
:10BCC0006174696F6E20646F6E652E205075626CB2
:10BCD000697368696E672E2E2E0D0A005075626CAE
:10BCE000697368206572726F72203D20307825304C
:10BCF000346C580D0A005075626C69736820646F6B
:10BD00006E652E0D0A006E6574776F726B20006190
:10BD100070706C69636174696F6E20002D004365FB
:10BD20006C736975730046616872656E68656974E5
:10BD3000000D0A2D2D2D204D455348202D2D2D0D64
:10BD40000A00417373657274696F6E206661696C75
:10BD500065643A204661696C656420746F20696E81
:10BD6000697469616C697A652076656E646F7220AA
:10BD70006D6F64656C0D0A00202050726F766973D8
:10BD8000696F6E6564203A205945530D0A004E6F65
:10BD9000646520756E70726F766973696F6E656425
:10BDA0000D0A00556E6963617374204164647265A5
:10BDB0007373203D203078253034580D0A005072BE
:10BDC0006F766973696F6E696E6720697473656CED
:10BDD000662E0D0A00417373657274696F6E20667A
:10BDE00061696C65643A204661696C656420746FB2
:10BDF0002070726F766973696F6E20697473656CF9
:10BE0000660D0A00436F6E66696775726174696FCB
:10BE10006E20646F6E6520616C72656164792E0DB1
:10BE20000A005075622073657474696E67207265CC
:10BE300073756C74203D2030782530346C582C207C
:10BE40007075622073657474696E672061646472D2
:10BE5000657373203D203078253034580D0A004139
:10BE60006464206C6F63616C20617070206B657915
:10BE7000202E2E2E0D0A002020736B6970706564D1
:10BE80003A2030782530346C580D0A0042696E64CF
:10BE9000206C6F63616C20617070206B6579202E5F
:10BEA0002E2E0D0A00536574206C6F63616C206D3B
:10BEB0006F64656C20707562202E2E2E0D0A004175
:10BEC0006464206C6F63616C206D6F64656C2073BB
:10BED0007562202E2E2E0D0A005365742072656C3B
:10BEE0006179202E2E2E0D0A00536574204E657444
:10BEF000776F726B2074782073746174652E0D0AED
:10BF00000050726F766973696F6E696E6720646F37
:10BF10006E652E0D0A0050726F766973696F6E69D7
:10BF20006E67206661696C65642E20526573756C5E
:10BF300074203D203078253034780D0A0050726F1F
:10BF4000766973696F6E696E672073746172746568
:10BF5000642E0D0A00676F74206E657720257320AC
:10BF60006B6579207769746820696E64657820252F
:10BF7000780D0A006576745F6E6F64655F636F6E3F
:10BF80006669675F7365745F69640D0A09006D6FA8
:10BF900064656C20636F6E666967206368616E67B5
:10BFA00065642C20747970653A2025642C20656CBA
:10BFB000656D5F616464723A2025782C206D6F6432
:10BFC000656C5F69643A2025782C2076656E646F15
:10BFD000725F69643A2025780D0A00436C69656ECA
:10BFE000743A2056656E646F72206D6F64656C20C4
:10BFF000646174612072656365697665642E0D0AFB
:10C000002020456C656D656E7420696E64657820CE
:10C010003D2025640D0A202056656E646F722069EC
:10C0200064203D203078253034580D0A20204D6F93
:10C0300064656C206964203D203078253034580DCB
:10C040000A2020536F7572636520616464726573A2
:10C0500073203D203078253034580D0A2020446567
:10C060007374696E6174696F6E2061646472657364
:10C0700073203D203078253034580D0A2020446547
:10C080007374696E6174696F6E206C6162656C2097
:10C090005555494420696E646578203D20307825E7
:10C0A0003032580D0A2020417070206B657920696C
:10C0B0006E646578203D203078253034580D0A2094
:10C0C000204E6F6E2D72656C61796564203D203065
:10C0D00078253032580D0A20204F70636F64652038
:10C0E0003D203078253032580D0A202046696E6197
:10C0F0006C203D203078253034580D0A20205061C6
:10C10000796C6F61643A20002578200054656D7069
:10C1100065726174757265203D20257325642E2536
:10C12000642025730D0A00556E6974203D20257327
:10C130000D0A00506572696F6420726563656976E7
:10C140006564203D20307825640D0A0055706461D7
:10C15000746520706572696F64205B68683A6D6D04
:10C160003A73733A6D735D3D202530326C753A2514
:10C1700030326C753A2530326C753A2530346C7536
:10C180000D0A0020202A2A2A20506572696F6469EE
:10C190006320757064617465206F66662E0D0A00F9
:10C1A000467269656E64204661696C656400202092
:10C1B0002A2A2A467269656E64736869702046612E
:10C1C000696C65640D0A00467269656E642045738A
:10C1D000742E004D65736820426F6E646564005B69
:10C1E0004C504E5D20467269656E647368697020BC
:10C1F00065737461626C69736865640D0A004672E8
:10C2000069656E64205465726D2E00736C5F627494
:10C210006D6573685F6F6E5F6576656E7400736CD5
:10C220005F62745F6F6E5F6576656E740003030313
:10C230000303030303030303030303030342004550
:10C24000004A008C00C100554E4B4E4F574E004FD8
:10C2500050454E0054414D50455200534146450013
:10C260004E4F4E45005B54534C323539315D2045BD
:10C2700052524F523A2049442072656164206661EF
:10C28000696C65642028636865636B2077697269EF
:10C290006E67202F2070756C6C2D757073290D0AD8
:10C2A000005B54534C323539315D204552524F5268
:10C2B0003A2077726F6E67204944203078253032FB
:10C2C000582028657870656374656420307825305F
:10C2D0003258290D0A005B54534C323539315D20F8
:10C2E0004944203D2030782530325820204F4B0DD6
:10C2F0000A005B54534C323539315D204552524F60
:10C30000523A20434F4E54524F4C20777269746515
:10C31000206661696C65640D0A005B54534C3235CC
:10C3200039315D204552524F523A20454E41424CE0
:10C3300045207772697465206661696C65640D0AD1
:10C34000005B54534C323539315D20496E6974209D
:10C350004F4B0D0A005B54534C323539315D20454B
:10C3600052524F523A206368616E6E656C2072655E
:10C370006164206661696C6564206572723D256444
:10C380000D0A005B54534C323539315D204348303F
:10C390003D25357520204348313D2535750D0A0072
:10C3A00056434E4C343031303A20726561645F72CE
:10C3B000656720307825303258206661696C656485
:10C3C0002C206572723D25640D0A0056434E4C3494
:10C3D0003031303A2077726974655F72656720305A
:10C3E0007825303258206661696C65642C2065724E
:10C3F000723D25640D0A0056434E4C343031303ABC
:10C400002050726F647563742049442072656164C2
:10C41000206661696C65640D0A0056434E4C3430E9
:10C4200031303A20556E65787065637465642070AC
:10C43000726F647563742049442030782530325817
:10C440002028657870656374656420307825303203
:10C4500058290D0A0056434E4C343031303A2049A9
:10C460006E6974204F4B202050726F647563745F47
:10C4700049443D3078253032580D0A0056434E4C21
:10C48000343031303A20536574204952204C4544B1
:10C490002063757272656E74206661696C65640DE7
:10C4A0000A0056434E4C343031303A2053657420E4
:10C4B00070726F782072617465206661696C656462
:10C4C0000D0A0056434E4C343031303A2050726FD2
:10C4D00078696D6974792072656164792074696D19
:10C4E000656F75740D0A00002CC504001800180053
:10C4F000AEC604000D000D00ACC604000000000034
:10C50000020001000100000002000118020000000A
:10C5100002000A180C0053696C69636F6E204C614D
:10C5200062730200281802000018000001000000D9
:10C53000010801000000000008C50400020002001C
:10C5400001080100050000002000090003000900A7
:10C550000008010001000000BC12002004000C00D3
:10C5600003080100030000000200000005000200B3
:10C57000010801000500000002000A0006000A0090
:10C580000108010001000000C6120020070002009F
:10C5900001080100050000000A000B0008000B0064
:10C5A0000308010001000000DC1200200900000067
:10C5B000010801000000000026C504000A00020076
:10C5C00001080100050000000A0003000B00030041
:10C5D00003080100010000009E1200200C00020070
:10C5E0000108010005000000020004000D00040025
:10C5F00001080100000000000CC504000E0000004E
:10C60000010801000000000010C504000F00020036
:10C6100001080100050000000200050010000500EF
:10C62000010801000000000014C504001100020010
:10C6300001080100050000000200060012000600CB
:10C640000108010001000000AE12002013000000EC
:10C65000010801000000000022C5040014000200CF
:10C660000108010005000000040007001500070094
:10C67000040801000700000000000000160002008E
:10C680000108010005000000100008001700080064
:10C6900000080100070000000000000018000C0066
:10C6A0000308010003000000010100000000002851
:10C6B00001280328002A012A292A232ADD2ADE2A22
:10C6C000052A2A2B292B0229B40D0500D40D0500BB
:10C6D0006C0E0500800E0500A40E0500C00E0500BE
:10C6E000500E050000000000FF0201001021200094
:10C6F0000A000000020100000200111122220000C5
:10C700001600000000000100040004000400040002
:10C7100004001000200004000400040000000000D9
:10C7200000001000100505080103010002020204C8
:10C7300010000000050000000000000000C2010021
:10C7400000050000001000000000000000000000D4
:10C75000E412002005AE0000E3A4030035A50300A9
:10C7600047A50300DDA40300EC12002005AE000085
:10C77000E3A4030035A5030047A50300DDA40300DF
:10C780003078005B005D006576743A6E6F64655FBB
:10C790007265736574280020290A006576743A6E04
:10C7A0006F64655F696E697469616C697A65642834
:10C7B000002070726F766973696F6E65643D00303A
:10C7C00078253032780020616464726573733D00AF
:10C7D0002069765F696E6465783D00307825303871
:10C7E0006C78006576743A6E6F64655F70726F7610
:10C7F0006973696F6E656428006576743A6E6F645C
:10C80000655F636F6E6669675F6765742800206E99
:10C8100065746B65795F696E6465783D0020696455
:10C820003D006576743A6E6F64655F636F6E66692E
:10C83000675F73657428002076616C75653D0065DF
:10C8400076743A6E6F64655F646973706C61795F6A
:10C850006F75747075745F6F6F622800206F7574E8
:10C860007075745F616374696F6E3D00206F7574DD
:10C870007075745F73697A653D0020646174613D11
:10C88000006576743A6E6F64655F696E7075745F8B
:10C890006F6F625F72657175657374280020696ED1
:10C8A0007075745F616374696F6E3D0020696E70AE
:10C8B00075745F73697A653D006576743A6E6F646E
:10C8C000655F70726F766973696F6E696E675F73AB
:10C8D000746172746564280020726573756C743DB0
:10C8E000006576743A6E6F64655F70726F76697317
:10C8F000696F6E696E675F6661696C656428006563
:10C9000076743A6E6F64655F6B65795F61646465C8
:10C9100064280020747970653D0020696E64657834
:10C920003D006576743A6E6F64655F6D6F64656C2B
:10C930005F636F6E6669675F6368616E67656428D1
:10C9400000206E6F64655F636F6E6669675F737406
:10C950006174653D0020656C656D656E745F616432
:10C9600064726573733D002076656E646F725F69F3
:10C97000643D00206D6F64656C5F69643D006576A1
:10C98000743A6E6F64655F69767265636F7665721F
:10C99000795F6E65656465642800206E6F64655F0D
:10C9A00069765F696E6465783D00206E6574776FA7
:10C9B000726B5F69765F696E6465783D0065767459
:10C9C0003A6E6F64655F6368616E6765645F697620
:10C9D0007570646174655F73746174652800207399
:10C9E000746174653D006576743A6E6F64655F735B
:10C9F00074617469635F6F6F625F7265717565738F
:10CA00007428006576743A6E6F64655F6B65795F54
:10CA100072656D6F76656428006576743A6E6F6432
:10CA2000655F6B65795F7570646174656428006526
:10CA300076743A6E6F64655F686561727462656191
:10CA4000742800207372635F616464723D00206427
:10CA500073745F616464723D0020686F70733D00A1
:10CA60006576743A6E6F64655F686561727462655D
:10CA700061745F7374617274280020706572696FED
:10CA8000645F7365633D006576743A6E6F64655FDD
:10CA90006865617274626561745F73746F70280099
:10CAA0006576743A6E6F64655F626561636F6E5F31
:10CAB00072656365697665642800206B65795F72CD
:10CAC0006566726573683D002069765F75706461A4
:10CAD00074653D006576743A6E6F64655F6C6F6374
:10CAE000616C5F6463645F646174612800207061DD
:10CAF00067653D006576743A6E6F64655F6C6F6361
:10CB0000616C5F6463645F646174615F656E642817
:10CB1000006576743A6E6F64655F6C6F63616C5F1D
:10CB20006D6F64656C5F6D657461646174615F7085
:10CB300061676528006576743A6E6F64655F6C6F37
:10CB400063616C5F6D6F64656C5F6D65746164617A
:10CB500074615F706167655F656E642800657674F7
:10CB60003A6E6F64655F73746172745F726563655A
:10CB700069766564280020616C676F726974686DFE
:10CB80003D00207075626C69635F6B65793D0020C4
:10CB900061757468656E7469636174696F6E5F6DE9
:10CBA0006574686F643D002061757468656E7469B2
:10CBB000636174696F6E5F616374696F6E3D0020BD
:10CBC00061757468656E7469636174696F6E5F73B3
:10CBD000697A653D006576743A6E6F64655F61647D
:10CBE00064726573735F7570646174656428002096
:10CBF0006E65775F616464726573733D006576741A
:10CC00003A6E6F64655F6463645F757064617465D8
:10CC10006428006576743A70726F765F696E697425
:10CC200069616C697A65642800206E6574776F723B
:10CC30006B733D006576743A70726F765F70726FD9
:10CC4000766973696F6E696E675F73757370656E11
:10CC5000646564280020757569643D002072656113
:10CC6000736F6E3D006576743A70726F765F6361C4
:10CC7000706162696C6974696573280020656C6510
:10CC80006D656E74733D0020616C676F72697468C6
:10CC90006D733D0020706B65795F747970653D0040
:10CCA000207374617469635F6F6F625F747970651C
:10CCB0003D00206F757075745F6F6F625F73697A86
:10CCC000653D00206F75747075745F6F6F625F6192
:10CCD0006374696F6E3D0020696E7075745F6F6F6D
:10CCE000625F73697A653D0020696E747075745F68
:10CCF0006F6F625F616374696F6E3D006576743A51
:10CD000070726F765F70726F766973696F6E696E3D
:10CD1000675F6661696C656428006576743A707255
:10CD20006F765F6465766963655F70726F7669734D
:10CD3000696F6E656428006576743A70726F765F0D
:10CD4000756E70726F765F626561636F6E2800202A
:10CD50006F6F625F6361706162696C69746965734A
:10CD60003D00207572695F686173683D00206265EF
:10CD7000617265723D0020616464726573735F74F3
:10CD80007970653D0020727373693D00256400650C
:10CD900076743A70726F765F6F6F625F706B6579F1
:10CDA0005F7265717565737428006576743A707288
:10CDB0006F765F6F6F625F617574685F72657175C2
:10CDC0006573742800206F75747075743D00657606
:10CDD000743A70726F765F6F6F625F646973706CC4
:10CDE00061795F696E70757428006576743A707247
:10CDF0006F765F6464625F6C697374280065767433
:10CE00003A70726F765F7572692800206861736886
:10CE10003D006576743A70726F765F6B65795F720C
:10CE20006566726573685F70686173655F7570646D
:10CE30006174652800206B65793D0020706861731E
:10CE4000653D006576743A70726F765F6B65795FE9
:10CE5000726566726573685F6E6F64655F75706436
:10CE60006174652800206661696C7572653D0065B6
:10CE700076743A70726F765F6B65795F7265667211
:10CE80006573685F636F6D706C65746528006576A7
:10CE9000743A70726F765F6164645F6464625F6548
:10CEA0006E7472795F636F6D706C65746528006570
:10CEB00076743A70726F765F64656C6574655F64F2
:10CEC00064625F656E7472795F636F6D706C6574B8
:10CED0006528006576743A70726F765F696E697462
:10CEE00069616C697A6174696F6E5F6661696C65AE
:10CEF0006428006576743A70726F765F70726F7630
:10CF00006973696F6E696E675F7265636F72647370
:10CF10005F6C6973742800206C6973743D006576DA
:10CF2000743A70726F765F70726F766973696F6E44
:10CF3000696E675F7265636F72645F6461746128B4
:10CF400000207265636F72643D002066696E616CDB
:10CF50003D006576743A70726F765F7374617274B7
:10CF60005F73656E7428006576743A70726F7879B5
:10CF70005F636F6E6E656374656428002068616E20
:10CF8000646C653D006576743A70726F78795F64A1
:10CF90006973636F6E6E656374656428006576748B
:10CFA0003A70726F78795F66696C7465725F7374DA
:10CFB00061747573280020636F756E743D0065762B
:10CFC000743A73696C6162735F636F6E6669675F01
:10CFD000636C69656E745F74785F73746174757384
:10CFE0002800207365727665723D00207374617449
:10CFF00075733D002074785F7068793D0020747807
:10D000005F6F7074696F6E735F6269746D61703D9C
:10D01000006576743A73696C6162735F636F6E6604
:10D0200069675F636C69656E745F6D6F64656C5F83
:10D03000737461747573280020656C656D5F696E2B
:10D040006465783D006576743A73696C6162735FFC
:10D05000636F6E6669675F636C69656E745F6E654A
:10D0600074776F726B5F7064755F737461747573DE
:10D070002800207064755F6D61785F73697A653D23
:10D08000006576743A76656E646F725F6D6F646585
:10D090006C5F7265636569766528002064657374EA
:10D0A000696E6174696F6E5F616464726573733D0C
:10D0B0000020736F757263655F616464726573737A
:10D0C0003D002076615F696E6465783D0020617087
:10D0D000706B65795F696E6465783D00206E6F6E78
:10D0E00072656C617965643D00206D65737361677D
:10D0F000655F666C6167733D00206F70636F646588
:10D100003D00207061796C6F61643D006576743A12
:10D1100076656E646F725F6D6F64656C5F73656E6C
:10D12000645F636F6D706C65746528006576743A32
:10D130006865616C74685F636C69656E745F736564
:10D14000727665725F737461747573280020636C06
:10D1500069656E745F616464726573733D0020730A
:10D1600065727665725F616464726573733D0020F9
:10D1700063757272656E743D0020746573745F69C7
:10D18000643D00206661756C74733D006576743A89
:10D190006865616C74685F636C69656E745F736504
:10D1A000727665725F7374617475735F70657269AE
:10D1B0006F64280020706572696F643D0065767445
:10D1C0003A6865616C74685F636C69656E745F73FF
:10D1D00065727665725F7374617475735F61747480
:10D1E000656E74696F6E280020617474656E746971
:10D1F0006F6E5F7365633D006576743A6865616C58
:10D2000074685F7365727665725F617474656E745D
:10D21000696F6E28002074696D65725F7365633D88
:10D22000006576743A6865616C74685F73657276E0
:10D2300065725F746573745F726571756573742868
:10D240000020726573706F6E73655F7265717569CA
:10D250007265643D006576743A67656E65726963F0
:10D260005F636C69656E745F7365727665725F7318
:10D27000746174757328002072656D61696E696EE2
:10D28000675F6D733D0020666C6167733D002070C1
:10D290006172616D65746572733D006576743A679D
:10D2A000656E657269635F7365727665725F636CE4
:10D2B00069656E745F72657175657374280020749A
:10D2C00072616E736974696F6E5F6D733D00206487
:10D2D000656C61795F6D733D006576743A67656E64
:10D2E000657269635F7365727665725F737461748A
:10D2F000655F6368616E67656428006576743A6788
:10D30000656E657269635F7365727665725F73746B
:10D310006174655F726563616C6C28002074726172
:10D320006E736974696F6E5F74696D655F6D733D6F
:10D33000006576743A746573745F6C6F63616C5FDB
:10D340006865617274626561745F7375627363723C
:10D35000697074696F6E5F636F6D706C657465285A
:10D360000020686F705F6D696E3D0020686F705FB0
:10D370006D61783D006576743A746573745F7265AB
:10D38000706C61795F70726F74656374696F6E5FE2
:10D390006C6973745F656E7472795F73657428006D
:10D3A0002063616E63656C3D006576743A746573E5
:10D3B000745F7265706C61795F70726F74656374AD
:10D3C000696F6E5F6C6973745F656E7472795F63A9
:10D3D0006C656172656428006576743A746573746F
:10D3E0005F7265706C61795F70726F746563746988
:10D3F0006F6E5F6C6973745F73617665642800207B
:10D4000073617665645F636F756E743D0020746F41
:10D4100074616C5F636F756E743D006576743A7409
:10D420006573745F7265706C61795F70726F74653B
:10D430006374696F6E5F6C6973745F66756C6C287A
:10D44000006576743A6C706E5F667269656E6473BF
:10D450006869705F65737461626C6973686564287C
:10D460000020667269656E645F61646472657373DF
:10D470003D006576743A6C706E5F667269656E64C5
:10D48000736869705F6661696C65642800657674AD
:10D490003A6C706E5F667269656E64736869705F1E
:10D4A0007465726D696E6174656428006576743A9E
:10D4B000667269656E645F667269656E64736869D9
:10D4C000705F65737461626C6973686564280020BD
:10D4D0006C706E5F616464726573733D0065767431
:10D4E0003A667269656E645F667269656E647368D8
:10D4F00069705F7465726D696E617465642800653A
:10D5000076743A636F6E6669675F636C69656E74A3
:10D510005F726571756573745F6D6F646966696567
:10D520006428006576743A636F6E6669675F636C42
:10D5300069656E745F6E65746B65795F7374617431
:10D54000757328006576743A636F6E6669675F630A
:10D550006C69656E745F6E65746B65795F6C697319
:10D56000742800206E65746B65795F696E64696309
:10D5700065733D006576743A636F6E6669675F63D5
:10D580006C69656E745F6E65746B65795F6C6973E9
:10D59000745F656E6428006576743A636F6E6669C1
:10D5A000675F636C69656E745F6170706B65795FEE
:10D5B00073746174757328006576743A636F6E6670
:10D5C00069675F636C69656E745F6170706B6579C4
:10D5D0005F6C6973742800206170706B65795F6996
:10D5E0006E64696365733D006576743A636F6E6659
:10D5F00069675F636C69656E745F6170706B657994
:10D600005F6C6973745F656E6428006576743A6355
:10D610006F6E6669675F636C69656E745F62696E81
:10D6200064696E675F7374617475732800657674DE
:10D630003A636F6E6669675F636C69656E745F629B
:10D64000696E64696E67735F6C69737428006576D0
:10D65000743A636F6E6669675F636C69656E745F69
:10D6600062696E64696E67735F6C6973745F656E1F
:10D670006428006576743A636F6E6669675F636CF1
:10D6800069656E745F6D6F64656C5F7075625F7302
:10D69000746174757328002063726564656E7469C3
:10D6A000616C733D002074746C3D0020706572697C
:10D6B0006F645F6D733D002072657472616E736D8F
:10D6C00069745F636F756E743D002072657472617A
:10D6D0006E736D69745F696E74657276616C5F6D8F
:10D6E000733D006576743A636F6E6669675F636C5D
:10D6F00069656E745F6D6F64656C5F7375625F738F
:10D70000746174757328006576743A636F6E666928
:10D71000675F636C69656E745F737562735F6C6974
:10D7200073742800206164647265737365733D00CF
:10D730006576743A636F6E6669675F636C69656E80
:10D74000745F737562735F6C6973745F656E642870
:10D75000006576743A636F6E6669675F636C6965CE
:10D760006E745F6865617274626561745F70756222
:10D770005F737461747573280020636F756E745FD6
:10D780006C6F673D0020706572696F645F6C6F67D6
:10D790003D002066656174757265733D0065767441
:10D7A0003A636F6E6669675F636C69656E745F6824
:10D7B00065617274626561745F7375625F737461D1
:10D7C0007475732800206D696E5F686F70733D001B
:10D7D000206D61785F686F70733D006576743A63A1
:10D7E0006F6E6669675F636C69656E745F626561C1
:10D7F000636F6E5F73746174757328006576743A35
:10D80000636F6E6669675F636C69656E745F64659C
:10D810006661756C745F74746C5F73746174757336
:10D8200028006576743A636F6E6669675F636C693A
:10D83000656E745F676174745F70726F78795F731F
:10D84000746174757328006576743A636F6E6669E7
:10D85000675F636C69656E745F72656C61795F7335
:10D86000746174757328002072656C61793D006580
:10D8700076743A636F6E6669675F636C69656E7430
:10D880005F6E6574776F726B5F7472616E736D69D2
:10D89000745F7374617475732800207472616E73A1
:10D8A0006D69745F636F756E743D00207472616E94
:10D8B000736D69745F696E74657276616C5F6D73A8
:10D8C0003D006576743A636F6E6669675F636C6985
:10D8D000656E745F6964656E746974795F73746191
:10D8E00074757328006576743A636F6E6669675F56
:10D8F000636C69656E745F667269656E645F73748C
:10D900006174757328006576743A636F6E66696733
:10D910005F636C69656E745F6B65795F7265667273
:10D920006573685F70686173655F73746174757344
:10D9300028006576743A636F6E6669675F636C6929
:10D94000656E745F6C706E5F706F6C6C74696D6522
:10D950006F75745F737461747573280020706F6CD9
:10D960006C5F74696D656F75745F6D733D0065768E
:10D97000743A636F6E6669675F636C69656E745F46
:10D980006463645F6461746128006576743A636FF0
:10D990006E6669675F636C69656E745F6463645F1C
:10D9A000646174615F656E6428006576743A636FC4
:10D9B0006E6669675F636C69656E745F72657365D7
:10D9C000745F73746174757328006576743A636F5D
:10D9D0006E6669675F636C69656E745F6F626F5FC7
:10D9E00061636B5F72656365697665642800206CAE
:10D9F000706E5F616464723D0020667269656E647A
:10DA00005F616464723D006576743A6D62745F6351
:10DA10006C69656E745F7365727665725F696E6658
:10DA20006F726D6174696F6E5F7374617475732862
:10DA300000206D696E5F626C6F636B5F73697A65FE
:10DA40005F6C6F673D00206D61785F626C6F636B28
:10DA50005F73697A655F6C6F673D00206D61785F09
:10DA60006368756E6B733D00206D61785F636875E8
:10DA70006E6B5F73697A653D006576743A6D6274AA
:10DA80005F636C69656E745F71756572795F696EED
:10DA9000666F726D6174696F6E5F636F6D706C65D8
:10DAA0007465280020626C6F636B5F73697A655FD1
:10DAB0006C6F675F6D696E3D0020626C6F636B5FBA
:10DAC00073697A655F6C6F675F6D61783D00206D8B
:10DAD00061785F6368756E6B5F73697A655F6D69A6
:10DAE0006E3D00206D61785F6368756E6B735F6D6E
:10DAF000696E3D0020737570706F727465645F7439
:10DB000072616E736665725F6D6F6465733D002050
:10DB1000636F6D6D6F6E5F7472616E736665725F59
:10DB20006D6F6465733D006576743A6D62745F6312
:10DB30006C69656E745F7365727665725F7472612D
:10DB40006E736665725F737461747573280020620A
:10DB50006C6F625F69643D0020626C6F625F736925
:10DB60007A653D0020626C6F636B5F73697A655FF5
:10DB70006C6F673D0020626C6F636B735F6E6F74D8
:10DB80005F72656365697665643D006576743A6DBC
:10DB900062745F636C69656E745F73746172745FE5
:10DBA0007472616E736665725F636F6D706C6574BD
:10DBB0006528006576743A6D62745F636C69656EA2
:10DBC000745F7365727665725F626C6F636B5F73AF
:10DBD00074617475732800206D697373696E675F73
:10DBE0006368756E6B733D006576743A6D62745F41
:10DBF000636C69656E745F73746172745F626C6F7D
:10DC0000636B5F636F6D706C657465280020626C78
:10DC10006F636B5F6E756D6265723D0020626C6F45
:10DC2000636B5F73697A653D006576743A6D627403
:10DC30005F636C69656E745F73656E645F6368755E
:10DC40006E6B5F726571756573742800206F666610
:10DC50007365743D00206C656E6774683D00657681
:10DC6000743A6D62745F636C69656E745F7365723C
:10DC70007665725F7061727469616C5F626C6F630C
:10DC80006B5F7265706F727428006576743A6D62AE
:10DC9000745F636C69656E745F73656E645F6368FF
:10DCA000756E6B735F636F6D706C6574652800656E
:10DCB00076743A6D62745F636C69656E745F7175DA
:10DCC0006572795F626C6F636B5F73746174757397
:10DCD0005F636F6D706C657465280020626C6F63A4
:10DCE0006B5F636F6D706C6574653D00207472616D
:10DCF0006E736665725F636F6D706C6574653D0011
:10DD00006576743A6D62745F636C69656E745F7496
:10DD1000785F636F6D706C65746528006576743A22
:10DD20006D62745F636C69656E745F73657276654E
:10DD3000725F6661696C656428002074696D656F47
:10DD400075743D00206572726F723D006576743A9D
:10DD50006D62745F636C69656E745F7472616E731B
:10DD60006665725F636F6D706C65746528006576BB
:10DD7000743A6D62745F7365727665725F73746115
:10DD800074655F6368616E6765642800206E6577FF
:10DD90005F73746174653D00206368756E6B5F73BB
:10DDA000697A653D006576743A6D62745F73657279
:10DDB0007665725F7472616E736665725F737461AB
:10DDC00072745F7265712800207472616E7366658B
:10DDD000725F6D6F64653D006576743A6D62745F65
:10DDE0007365727665725F626C6F636B5F7374618B
:10DDF000727428006576743A6D62745F736572762A
:10DE000065725F6368756E6B280020746F74616C57
:10DE10005F6F66667365743D0020626C6F636B5F55
:10DE20006F66667365743D006576743A6D62745F03
:10DE30007365727665725F626C6F636B5F636F6D43
:10DE4000706C65746528006576743A6D62745F73F2
:10DE500065727665725F7472616E736665725F6318
:10DE6000616E63656C28006576743A6D62745F73E9
:10DE700065727665725F7061727469616C5F626C05
:10DE80006F636B5F7265706F72745F74785F636FDE
:10DE90006D706C6574652800206E756D5F726571BC
:10DEA0007565737465645F6368756E6B733D0020A0
:10DEB0007265717565737465645F6368756E6B73A5
:10DEC0003D006576743A73656E736F725F73657249
:10DED0007665725F6765745F7265717565737428C6
:10DEE000002070726F70657274795F69643D0065BF
:10DEF00076743A73656E736F725F7365727665726E
:10DF00005F6765745F636F6C756D6E5F7265717569
:10DF1000657374280020636F6C756D6E5F69647340
:10DF20003D006576743A73656E736F725F736572E8
:10DF30007665725F6765745F7365726965735F723A
:10DF400065717565737428006576743A73656E73D0
:10DF50006F725F7365727665725F7075626C6973FC
:10DF60006828006576743A73656E736F725F7365C7
:10DF70007475705F7365727665725F6765745F63F1
:10DF80006164656E63655F726571756573742800A1
:10DF90006576743A73656E736F725F7365747570CE
:10DFA0005F7365727665725F7365745F63616465E4
:10DFB0006E63655F726571756573742800207065A6
:10DFC00072696F645F64697669736F723D00207473
:10DFD0007269676765725F747970653D0020706172
:10DFE00072616D733D006576743A73656E736F721E
:10DFF0005F73657475705F7365727665725F676570
:10E00000745F73657474696E67735F72657175654B
:10E01000737428006576743A73656E736F725F73FC
:10E02000657475705F7365727665725F6765745F3E
:10E0300073657474696E675F726571756573742852
:10E04000002073657474696E675F69643D0065766E
:10E05000743A73656E736F725F73657475705F7316
:10E0600065727665725F7365745F73657474696EEB
:10E07000675F726571756573742800207261775FE0
:10E0800076616C75653D006576743A73656E736F85
:10E09000725F73657475705F7365727665725F70B9
:10E0A00075626C69736828006576743A73656E737F
:10E0B0006F725F636C69656E745F646573637269C8
:10E0C00070746F725F737461747573280020646577
:10E0D0007363726970746F72733D006576743A731E
:10E0E000656E736F725F636C69656E745F636164A4
:10E0F000656E63655F73746174757328006576740B
:10E100003A73656E736F725F636C69656E745F738B
:10E11000657474696E67735F7374617475732800D6
:10E120002073657474696E675F6964733D0065761A
:10E13000743A73656E736F725F636C69656E745F5A
:10E1400073657474696E675F7374617475732800A6
:10E150006576743A73656E736F725F636C69656E32
:10E16000745F73746174757328002073656E736FC8
:10E17000725F646174613D006576743A73656E73B5
:10E180006F725F636C69656E745F636F6C756D6EE3
:10E190005F73746174757328006576743A73656E85
:10E1A000736F725F636C69656E745F7365726965C6
:10E1B000735F73746174757328006576743A736560
:10E1C0006E736F725F636C69656E745F7075626C9D
:10E1D00069736828006576743A66775F7570646164
:10E1E00074655F636C69656E745F696E666F5F739B
:10E1F00074617475735F63757272656E745F667750
:10E20000696428002063757272656E745F66776951
:10E21000643D006576743A66775F75706461746515
:10E220005F636C69656E745F696E666F5F7374615E
:10E230007475735F7570646174655F7572692800C9
:10E24000207570646174655F7572693D00657674F0
:10E250003A66775F7570646174655F636C69656E5B
:10E26000745F7570646174655F737461747573282D
:10E2700000206164646974696F6E616C5F696E66C9
:10E280006F726D6174696F6E3D00207570646174AA
:10E29000655F74696D656F75745F626173653D007C
:10E2A000206469737472696275746F725F74746CE0
:10E2B0003D002066775F696E6465783D0065767421
:10E2C0003A66775F7570646174655F636C69656EEB
:10E2D000745F6D657461646174615F73746174759A
:10E2E0007328006576743A6C635F636C69656E745D
:10E2F0005F6D6F64655F7374617475732800206D62
:10E300006F64655F7374617475735F76616C756556
:10E310003D006576743A6C635F636C69656E745F2B
:10E320006F6D5F7374617475732800206F6D5F7318
:10E3300074617475735F76616C75653D00657674A4
:10E340003A6C635F636C69656E745F6C696768746F
:10E350005F6F6E6F66665F737461747573280020FB
:10E3600070726573656E745F6C696768745F6F6EF9
:10E370006F66663D00207461726765745F6C6967E3
:10E3800068745F6F6E6F66663D002072656D6169CF
:10E390006E696E675F74696D655F6D733D0065766C
:10E3A000743A6C635F636C69656E745F70726F70F2
:10E3B000657274795F73746174757328002070726C
:10E3C0006F70657274795F76616C75653D00657616
:10E3D000743A6C635F7365727665725F6D6F6465C6
:10E3E0005F757064617465642800206D6F64655F9B
:10E3F00076616C75653D00206D616E75616C5F6F57
:10E40000766572726964653D006576743A6C635F27
:10E410007365727665725F6F6D5F75706461746548
:10E42000642800206F6D5F76616C75653D006576D0
:10E43000743A6C635F7365727665725F6C69676866
:10E44000745F6F6E6F66665F757064617465642873
:10E4500000206F6E6F66665F73746174653D0020A7
:10E460006F6E6F66665F7472616E735F74696D65FF
:10E470005F6D733D006576743A6C635F73657276A9
:10E4800065725F6F63637570616E63795F757064E9
:10E49000617465642800206F63637570616E6379D1
:10E4A0005F76616C75653D006576743A6C635F7389
:10E4B00065727665725F616D6269656E745F6C75B9
:10E4C000785F6C6576656C5F7570646174656428EF
:10E4D0000020616D6269656E745F6C75785F6C6554
:10E4E00076656C5F76616C75653D006576743A6C37
:10E4F000635F7365727665725F6C696E6561725F8A
:10E500006F75747075745F757064617465642800EC
:10E51000206C696E6561725F6F75747075745F767B
:10E52000616C75653D006576743A6C635F73657206
:10E530007665725F73746174655F7570646174652C
:10E54000642800207472616E736974696F6E5F7401
:10E55000696D653D006576743A6C635F73657276CC
:10E5600065725F726567756C61746F725F64656216
:10E5700075675F696E666F280020693D00206C3DFD
:10E58000006576743A6C635F73657475705F73656C
:10E59000727665725F7365745F70726F70657274A6
:10E5A0007928006576743A7363656E655F636C699C
:10E5B000656E745F7374617475732800206375727F
:10E5C00072656E745F7363656E653D002074617281
:10E5D0006765745F7363656E653D006576743A7355
:10E5E00063656E655F636C69656E745F72656769AC
:10E5F000737465725F73746174757328002073633C
:10E60000656E65733D006576743A7363656E655F2C
:10E610007365727665725F67657428006576743A13
:10E620007363656E655F7365727665725F72656749
:10E6300069737465725F67657428006576743A73F0
:10E6400063656E655F7365727665725F726563613F
:10E650006C6C28002073656C65637465645F73631C
:10E66000656E653D006576743A7363656E655F73CC
:10E6700065727665725F7075626C69736828006593
:10E6800076743A7363656E655F7365727665725F03
:10E69000636F6D706163745F726563616C6C280099
:10E6A000207374617465733D006576743A736365B5
:10E6B0006E655F73657475705F7365727665725FA2
:10E6C00073746F72652800207363656E655F69649B
:10E6D0003D006576743A7363656E655F7365747546
:10E6E000705F7365727665725F64656C65746528CA
:10E6F000006576743A7363656E655F7365747570F3
:10E700005F7365727665725F7075626C6973682895
:10E71000006576743A7363686564756C65725F63EF
:10E720006C69656E745F737461747573280020730F
:10E7300063686564756C65723D006576743A7363F1
:10E74000686564756C65725F636C69656E745F6142
:10E750006374696F6E5F73746174757328002079D8
:10E760006561723D00206D6F6E74683D00206461CC
:10E77000793D0020686F75723D00206D696E75747B
:10E78000653D00207365636F6E643D0020646179B0
:10E790005F6F665F7765656B3D0020616374696FCD
:10E7A0006E3D00207363656E655F6E756D626572A8
:10E7B0003D006576743A7363686564756C65725F75
:10E7C0007365727665725F616374696F6E5F6368AB
:10E7D000616E67656428006576743A736368656482
:10E7E000756C65725F7365727665725F7363656E73
:10E7F000655F6368616E67656428006576743A7367
:10E8000063686564756C65725F7365727665725F67
:10E81000616374696F6E5F7472696767657265645E
:10E8200028006576743A66775F7570646174655F19
:10E830007365727665725F636865636B5F66775F49
:10E840006D657461646174615F7265712800206D2B
:10E85000657461646174613D006576743A66775FE2
:10E860007570646174655F7365727665725F7570EB
:10E87000646174655F73746172745F72657128009E
:10E880006576743A66775F7570646174655F736509
:10E89000727665725F7665726966795F66775F72B8
:10E8A000657128006576743A66775F757064617487
:10E8B000655F7365727665725F6170706C79280050
:10E8C0006576743A66775F7570646174655F7365C9
:10E8D000727665725F7570646174655F63616E63A3
:10E8E000656C6C656428006576743A66775F757050
:10E8F000646174655F7365727665725F6469737471
:10E9000072696275746F725F73656C665F7570644F
:10E910006174655F72657128002066775F6C69734A
:10E92000745F696E6465783D006576743A74696DEC
:10E93000655F7365727665725F74696D655F75702A
:10E9400064617465642800207461695F7365636F36
:10E950006E64733D00207375627365636F6E643D12
:10E960000020756E6365727461696E74793D002074
:10E9700074696D655F617574686F726974793D0063
:10E98000207461695F7574635F64656C74613D00D8
:10E99000256C64002074696D655F7A6F6E655F6FCA
:10E9A00066667365743D006576743A74696D655F7B
:10E9B0007365727665725F74696D655F7A6F6E6597
:10E9C0005F6F66667365745F7570646174656428F3
:10E9D000002074696D655F7A6F6E655F6F66667340
:10E9E00065745F63757272656E743D002074696D45
:10E9F000655F7A6F6E655F6F66667365745F6E657F
:10EA0000773D00207461695F6F665F7A6F6E655F46
:10EA10006368616E67653D006576743A74696D651B
:10EA20005F7365727665725F7461695F7574635F49
:10EA300064656C74615F757064617465642800203E
:10EA40007461695F7574635F64656C74615F63753D
:10EA50007272656E743D00207461695F7574635FE6
:10EA600064656C74615F6E65773D00207461695FF9
:10EA70006F665F64656C74615F6368616E67653D56
:10EA8000006576743A74696D655F73657276657258
:10EA90005F74696D655F726F6C655F7570646174DA
:10EAA000656428002074696D655F726F6C653D0058
:10EAB0006576743A74696D655F636C69656E745FE1
:10EAC00074696D655F73746174757328006576741D
:10EAD0003A74696D655F636C69656E745F74696DC6
:10EAE000655F7A6F6E655F73746174757328006516
:10EAF00076743A74696D655F636C69656E745F7492
:10EB000061695F7574635F64656C74615F73746180
:10EB100074757328006576743A74696D655F636C0B
:10EB200069656E745F74696D655F726F6C655F7344
:10EB3000746174757328006576743A66775F6469EA
:10EB400073745F7365727665725F6E6F6465735F11
:10EB50006164646564280020746F74616C5F6E6F1B
:10EB60006465733D00206E756D5F61646465645F0C
:10EB70006E6F6465733D002061646465645F6E6FF1
:10EB80006465733D006576743A66775F6469737493
:10EB90005F7365727665725F6E6F6465735F6465DF
:10EBA0006C6574656428006576743A66775F64699D
:10EBB00073745F7365727665725F646973745F7393
:10EBC000746172745F72657128002067726F75706E
:10EBD0005F616464726573733D0020766972747559
:10EBE000616C5F616464726573733D002061707075
:10EBF0006C795F696D6D6564696174656C793D0000
:10EC00002074696D656F75745F626173653D006541
:10EC100076743A66775F646973745F73657276655C
:10EC2000725F646973745F63616E63656C2800650D
:10EC300076743A66775F646973745F73657276653C
:10EC4000725F646973745F63616E63656C5F636F49
:10EC50006D706C65746528006576743A66775F64DC
:10EC60006973745F7365727665725F75706C6F61DE
:10EC7000645F73746172745F6D6574616461746103
:10EC800028006576743A66775F646973745F7365AC
:10EC9000727665725F75706C6F61645F73746172B8
:10ECA000745F72657128002073697A653D00206683
:10ECB0007769643D006576743A66775F646973745A
:10ECC0005F7365727665725F75706C6F61645F63A8
:10ECD000616E63656C28006576743A66775F646977
:10ECE00073745F7365727665725F646973745F7362
:10ECF000746174655F6368616E6765642800206E87
:10ED0000756D5F6163746976655F6E6F6465733D91
:10ED1000006576743A66775F646973745F736572D1
:10ED20007665725F6E6F64655F6661696C656428A5
:10ED300000207570646174655F70686173653D0083
:10ED4000207570646174655F7374617475733D00E0
:10ED5000206D62745F7374617475733D002070720E
:10ED60006F67726573733D006576743A66775F64AA
:10ED70006973745F7365727665725F75706C6F61CD
:10ED8000645F636F6D706C6574655F6D65746164FD
:10ED900061746128006576743A66775F646973749C
:10EDA0005F7365727665725F75706C6F61645F63C7
:10EDB0006F6D706C65746528006576743A66775F70
:10EDC000646973745F7365727665725F75706C6F7A
:10EDD00061645F6661696C656428006576743A6693
:10EDE000775F646973745F7365727665725F75705F
:10EDF0006C6F61645F6F6F625F73746172745F7573
:10EE000072692800207572693D006576743A6677EC
:10EE10005F646973745F7365727665725F75706C39
:10EE20006F61645F6F6F625F73746172745F72654C
:10EE30007128006576743A66775F646973745F73EE
:10EE400065727665725F66775F64656C6574655F31
:10EE500072657128006576743A66775F64697374C9
:10EE60005F7365727665725F66775F64656C657403
:10EE7000655F616C6C5F72657128006576743A66D7
:10EE8000775F646973745F7365727665725F6469D6
:10EE900073745F73757370656E6428006576743A79
:10EEA00066775F646973745F7365727665725F72AB
:10EEB0006573756D655F7265712800206170705FA4
:10EEC000696E6465783D00207570646174655F707B
:10EED0006F6C6963793D006576743A66775F646943
:10EEE00073745F636C69656E745F72656365697680
:10EEF0006572735F7374617475732800206E6F643C
:10EF000065735F6C6973745F73697A653D006576DC
:10EF1000743A66775F646973745F636C69656E7475
:10EF20005F7265636569766572735F6C6973742877
:10EF300000207472616E736665725F7374617475BC
:10EF4000733D006576743A66775F646973745F63D6
:10EF50006C69656E745F7265636569766572735F0F
:10EF60006C6973745F656E642800207374617274D9
:10EF70005F696E6465783D00206E756D5F726570C7
:10EF80006F727465643D006576743A66775F646994
:10EF900073745F636C69656E745F636170616269ED
:10EFA0006C69746965735F7374617475732800208C
:10EFB0006D61785F6E6F6465735F6C6973745F73A6
:10EFC000697A653D00206D61785F66775F6C697373
:10EFD000745F73697A653D00206D61785F66775F65
:10EFE00073697A653D00206D61785F75706C6F6143
:10EFF000645F73706163653D002072656D61696E69
:10F00000696E675F75706C6F61645F737061636573
:10F010003D00206F6F625F737570706F727465640E
:10F020003D00207572695F736368656D655F6E6131
:10F030006D65733D006576743A66775F64697374D5
:10F040005F636C69656E745F64697374726962751D
:10F0500074696F6E5F73746174757328006576747C
:10F060003A66775F646973745F636C69656E745F39
:10F0700075706C6F61645F7374617475732800657B
:10F0800076743A66775F646973745F636C69656E02
:10F09000745F66775F7374617475732800206E7592
:10F0A0006D5F656E74726965733D006576743A666E
:10F0B000775F646973745F636C69656E745F7570A4
:10F0C0006C6F61645F636F6D706C6574652800655B
:10F0D00076743A66775F646973745F636C69656EB2
:10F0E000745F75706C6F61645F6661696C656428DC
:10F0F00000207374617475735F636F64653D0020F5
:10F10000646973745F7374617475735F636F64654E
:10F110003D006576743A72656D6F74655F70726FED
:10F12000766973696F6E696E675F636C69656E742B
:10F130005F7363616E5F6361706162696C6974695A
:10F1400065732800206D61785F6974656D733D009B
:10F15000206163746976653D006576743A72656D09
:10F160006F74655F70726F766973696F6E696E67D1
:10F170005F636C69656E745F7363616E5F73746106
:10F180007475732800206D61785F7265706F72749A
:10F19000733D002074696D656F75745F7365633DC1
:10F1A000006576743A72656D6F74655F70726F7624
:10F1B0006973696F6E696E675F636C69656E745FB2
:10F1C0007363616E5F7265706F72742800206F6F79
:10F1D000623D006576743A72656D6F74655F70723A
:10F1E0006F766973696F6E696E675F636C69656E70
:10F1F000745F657874656E6465645F7363616E5F88
:10F200007265706F727428002061645F7374727528
:10F210006374757265733D006576743A72656D6FDF
:10F2200074655F70726F766973696F6E696E675F20
:10F23000636C69656E745F6C696E6B5F7374617427
:10F24000757328006576743A72656D6F74655F70CA
:10F25000726F766973696F6E696E675F636C6965FB
:10F260006E745F6C696E6B5F7265706F727428008C
:10F270006576743A72656D6F74655F70726F7669EA
:10F2800073696F6E696E675F7365727665725F6CC6
:10F29000696E6B5F6F70656E5F72657175657374B3
:10F2A00028006576743A72656D6F74655F70726F71
:10F2B000766973696F6E696E675F73657276657282
:10F2C0005F6C696E6B5F636C6F73655F72657175A0
:10F2D000657374280020636F6E6E656374696F6E6A
:10F2E0003D006576743A66775F7374616E64616C35
:10F2F0006F6E655F757064617465725F6469737465
:10F300005F73746174655F6368616E67656428002C
:10F310006576743A66775F7374616E64616C6F6E64
:10F32000655F757064617465725F6E6F64655F665A
:10F3300061696C656428006576743A6E63705F6617
:10F34000775F6C6973745F66775F64656C6574651D
:10F350006428006576743A6E63705F66775F6C69E7
:10F3600073745F66775F616C6C5F64656C65746510
:10F370006428006576743A6E63705F66775F6C69C7
:10F3800073745F66775F6164646564280065767492
:10F390003A7361725F636F6E6669675F636C69651C
:10F3A0006E745F7361725F7472616E736D69747491
:10F3B00065725F7374617475732800207365676D7F
:10F3C000656E745F696E74657276616C5F73746587
:10F3D000703D0020756E69636173745F726574724D
:10F3E000616E735F636F756E743D0020756E696347
:10F3F0006173745F72657472616E735F776F5F7053
:10F40000726F67726573735F636F756E743D002012
:10F41000756E69636173745F72657472616E735F38
:10F42000696E74657276616C5F737465703D0020FF
:10F43000756E69636173745F72657472616E735F18
:10F44000696E74657276616C5F696E6372656D6515
:10F450006E743D00206D756C7469636173745F72C6
:10F46000657472616E735F636F756E743D00206DBD
:10F47000756C7469636173745F72657472616E73C5
:10F480005F696E74657276616C5F737465703D0060
:10F490006576743A7361725F636F6E6669675F6306
:10F4A0006C69656E745F7361725F726563656976BE
:10F4B00065725F7374617475732800207365676D7E
:10F4C000656E74735F7468726573686F6C643D0019
:10F4D0002061636B5F64656C61795F696E637265FF
:10F4E0006D656E743D0020646973636172645F745E
:10F4F000696D656F75743D002061636B5F72657443
:10F5000072616E735F636F756E743D006576743AF9
:10F510007361725F636F6E6669675F73657276654C
:10F52000725F7361725F7472616E736D697474651A
:10F53000725F73657428006576743A7361725F63F5
:10F540006F6E6669675F7365727665725F7361720D
:10F550005F72656365697665725F736574280065BF
:10F5600076743A707269766174655F626561636F23
:10F570006E5F636C69656E745F626561636F6E5F19
:10F5800073746174757328002072616E646F6D5FAF
:10F590007570646174655F73746570733D00657642
:10F5A000743A707269766174655F626561636F6EEB
:10F5B0005F636C69656E745F676174745F70726FAE
:10F5C00078795F73746174757328006576743A7026
:10F5D0007269766174655F626561636F6E5F636CAB
:10F5E00069656E745F6964656E746974795F73745C
:10F5F0006174757328006576743A6C63645F636C3C
:10F6000069656E745F646174615F68656164657289
:10F61000280020706167655F6E756D6265723D00E0
:10F6200020746F74616C5F73697A653D00657674F0
:10F630003A6C63645F636C69656E745F6461746186
:10F6400028006576743A6C63645F636C69656E74F8
:10F650005F646174615F656E6428006576743A6FFB
:10F660006E5F64656D616E645F707269766174650A
:10F670005F70726F78795F636C69656E745F7072CA
:10F6800069766174655F676174745F70726F7879B1
:10F690005F73746174757328006576743A736F6C68
:10F6A000696369746174696F6E5F636F6E666967C1
:10F6B0005F636C69656E745F6974656D735F7374A5
:10F6C000617475732800207372633D002064737445
:10F6D0003D002072616E67655F73746172743D00F6
:10F6E000206C656E6774685F70726573656E743DDB
:10F6F000002072616E67655F6C656E6774683D00BF
:10F700006576743A73696C6162735F636F6E666984
:10F71000675F7365727665725F74785F6368616E48
:10F720006765642800207068793D00206F707469F7
:10F730006F6E733D006576743A73696C6162735FD6
:10F74000636F6E6669675F7365727665725F6D6F12
:10F7500064656C5F6F7074696F6E5F6368616E671C
:10F76000656428006576743A73696C6162735F63DF
:10F770006F6E6669675F7365727665725F6E6574DA
:10F78000776F726B5F7064755F6368616E676564E5
:10F790002800206D61785F73697A653D0065767435
:10F7A0003A636F6E6E656374696F6E5F6F70656EDE
:10F7B000656428290A00636F6E6E656374696F6EF5
:10F7C0005F706172616D6574657273280020696E87
:10F7D00074657276616C3D00206C6174656E63794E
:10F7E0003D00636F6E6E656374696F6E5F636C6F0F
:10F7F00073656428005B495D2000547279696E6707
:10F8000020746F2066696E64206120667269656E7F
:10F81000642E2E2E0A005B455D2000726573756CA8
:10F820007400467269656E64206E6F7420666F7531
:10F830006E640A002E2E2F6765636B6F5F73646BB7
:10F840005F342E332E322F6170702F62746D6573AA
:10F85000682F636F6D6D6F6E2F62746D6573685F77
:10F860006C706E2F736C5F62746D6573685F6C7023
:10F870006E2E6300417373657274696F6E206661EA
:10F88000696C65643A204661696C656420746F2018
:10F8900073746172742074696D6572004C504E20EF
:10F8A000696E697469616C697A6174696F6E2066EA
:10F8B00061696C65640A004C504E20696E69746918
:10F8C000616C697A65640A004C504E2071756575EB
:10F8D0006520636F6E66696775726174696F6E200B
:10F8E0006661696C65640A004C504E20706F6C6CE8
:10F8F0002074696D656F757420636F6E66696775D6
:10F90000726174696F6E206661696C65640A004C8F
:10F91000504E20726563656976652064656C617917
:10F9200020636F6E66696775726174696F6E2066B9
:10F9300061696C65640A004C504E20726571756592
:10F940007374207265747269657320636F6E666983
:10F950006775726174696F6E206661696C65640AAF
:10F96000004C504E20726574727920696E74657215
:10F9700076616C20636F6E66696775726174696F1A
:10F980006E206661696C65640A004C504E206765A4
:10F9900074206E6574776F726B7320726571756514
:10F9A0007374206661696C65640A004C504E206770
:10F9B0006574206E6574776F726B732070726F76EA
:10F9C0006964656420696E76616C6964206E756D2A
:10F9D000626572206F66206E65746B65792062794E
:10F9E00074657320283078257A75290A0054727955
:10F9F000696E6720746F20696E697469616C697AD9
:10FA000065206C706E2E2E2E0A0041737365727421
:10FA1000696F6E206661696C65643A204661696C45
:10FA2000656420746F2073746F702074696D6572E3
:10FA300000467269656E6473686970207465726DE2
:10FA4000696E6174696F6E206661696C65640A0035
:10FA50004C504E206465696E6974206661696C65FE
:10FA6000640A004C504E206465696E697469616C6B
:10FA7000697A65640A007365745F636F6E666967AF
:10FA800075726174696F6E5F74696D657200736C15
:10FA90005F62746D6573685F6C706E5F6F6E5F65DB
:10FAA00076656E7400736C5F62746D6573685F6C0D
:10FAB000706E5F666561747572655F6465696E69B5
:10FAC00074002E2E2F6765636B6F5F73646B5F34FA
:10FAD0002E332E322F6170702F62746D6573682F14
:10FAE000636F6D6D6F6E2F62746D6573685F777392
:10FAF000746B5F6C63642F736C5F62746D657368A5
:10FB00005F7773746B5F67726170686963732E638C
:10FB10000073746174757300417373657274696FF7
:10FB20006E206661696C65643A20444D4420696EBC
:10FB30006974206572726F720041737365727469C3
:10FB40006F6E206661696C65643A20474C494220BB
:10FB5000696E6974206572726F72004173736572A9
:10FB600074696F6E206661696C65643A20466F6ED9
:10FB7000742073657474696E67206572726F7200A9
:10FB8000010000007B000000080000007800000079
:10FB9000080000007E0000007700000078000000F0
:10FBA0007E0000007B000000770000007E00000067
:10FBB0006772617068496E6974002E2E2F676563E5
:10FBC0006B6F5F73646B5F342E332E322F617070F6
:10FBD0002F62746D6573682F636F6D6D6F6E2F622A
:10FBE000746D6573685F7773746B5F6C63642F7398
:10FBF0006C5F62746D6573685F7773746B5F6C6361
:10FC0000642E63004C43445F6461746120213D2095
:10FC10004E554C4C00417373657274696F6E2027AA
:10FC2000257327206661696C65643A20004C434463
:10FC300020616C6C6F636174696F6E206572726FA6
:10FC4000722E0053494C49434F4E204C41424F5273
:10FC500041544F524945530A426C7565746F6F7435
:10FC600068204D6573682044656D6F0A0A00696EEF
:10FC7000697469616C697A696E6700736C5F62743C
:10FC80006D6573685F4C43445F77726974655F703C
:10FC900061676564003F0029200000000500000046
:10FCA0000000000040420F000501000000000000BD
:10FCB0000000000000000000800080000101000042
:10FCC000E0C810003C060200000000000500000033
:10FCD0000000000040420F0005010000000000008D
:10FCE000000000000000000013B779FAC925DDB755
:10FCF000ADF3CFE0F1B614B801020000000000003F
:10FD0000FFFFFFFF200000000100000000000000D6
:10FD100000000000000000000000000000000000E3
:10FD200000000000000000000000000000000000D3
:10FD300000000000000000000700000305A603000B
:10FD400001A60300DFA50300DDA503007DB60000CA
:10FD50000FA603003DB60000020000002C000000CA
:10FD60000403020B050C0302010A0D0302060A0D2F
:10FD700040787D0100000000005A6202000100008E
:10FD8000C0CF6A0002000000809FD5000201000081
:10FD9000002D31010202000008091108ACFD040029
:10FDA00020030164060802000100000000040A0AA2
:10FDB0000403060608020000000000000E040E1FE7
:10FDC000081F0C1F0E0E00001000010E0E0E0F0E6D
:10FDD000071F1F0E110E1C110111110E0F0E0F1E09
:10FDE0001F11111111111F0E000E0400020001005D
:10FDF00010000C00010408010600000000000000D3
:10FE0000020000000000000C0406000000000000DA
:10FE100000040A0A1E13090404040404000000007C
:10FE2000110611080C01021011110606080002113A
:10FE3000101111110901011111040809011B1111FF
:10FE400011111101041111111111100200080A0001
:10FE5000040001001000121E010000010400000057
:10FE60000000000002000000000000020408020080
:10FE70000000000000040A1F010805020208150422
:10FE800000000010190410040A0F010811110606E1
:10FE9000041F0410101111011101010111040805C2
:10FEA0000115131111111101041111110A11080288
:10FEB00001081100080E0D0E160E02110D060C0998
:10FEC000040B0D0E0F160D0E0711111111111F024B
:10FED00004081500000000000004000A0E040200DF
:10FEE00002080E1F001F00081504080809100F045F
:10FEF0000E1E00000200080816110F01110F0F1D41
:10FF00001F040803011515110F110F0E041111150F
:10FF1000040A04020208000000101301191107115D
:10FF200013040805041513111119130102111111FD
:10FF30000A11080104100800000000000000001F62
:10FF40001002150002081504060000041304041032
:10FF50001F10110211100606041F0404151F1101C1
:10FF600011010111110408050111191101150510E4
:10FF7000041111150A04020204080000001E1101F8
:10FF8000111F021E11040803041511110F1E010E8A
:10FF900002111115041E04020408000000000000F4
:10FFA0000000000A0F1909000404040404000602FA
:10FFB00011040211081111021108060408000200C0
:10FFC0001511111109010111110409090111111172
:10FFD0000109091004110A151104010208080000A2
:10FFE0000011111111010210110409050411111160
:10FFF0000110011012190A150A100202040800006B
:020000025000AC
:10000000000000000004000A0418160008020000A6
:10001000020006010E0E1F0E080E0E020E06000252
:10002000100001040E110F0E071F010E110E061114
:100030001F11110E0116110F040E040A11041F0ED8
:10004000100E001F001E0F0E1E0E020E110E0609CE
:100050000E11110E0110010F0C16040A110E1F0CC7
:100060000406000000000000000000000000000086
:100070000000000000000000000000000000000080
:100080000000000000000000000000000000000070
:100090000000000000000000000000000000000060
:1000A0000000000000000000000000000000000050
:1000B0000000000000000000000000000000000040
:1000C000000000000000000000000000DC0005004F
:1000D00020030164080802000100000000186C6C95
:1000E00010CE3808600C0000000000007C307C7CE2
:1000F000C6FE7CFE7C7C000070001C7C7C7C7E7CD0
:100100007EFEFE7CC63C78C606C6C67C7E7C7E7CB7
:100110007EC6C6C6C6C6FE7C007C10000C0006006B
:1001200060003800060000060C000000000000001F
:10013000000000000000003018188C0000000000D3
:1001400000186CFEFC6A2C1830186C18000000C0F7
:10015000C638C6C6C606C6C0C6C61818387C38C655
:10016000C6C6C6C6C60606C6C618306606EECEC6E3
:10017000C6C6C6C618C6C6C6C6C6C00C0660380007
:100180000C00060060000C00061830060C00000091
:100190000000000018000000000000181830D60011
:1001A00000000000001848FE162E2C1818303818D1
:1001B00000000060C63060C0C6060660C6C61818DB
:1001C0001C7C70C6F6C6C606C6060606C6183036BD
:1001D00006FEDEC6C6C6C60618C6C6C66CC6600C17
:1001E0000C606C00043C3E3C7C3C3C3C3E000066A9
:1001F0000C6E3E3C3E3C363C186666C666667E1813
:1002000018306200000000000018006C7C10DC0058
:100210001830FE7E1C7E0030C6303070FE7E7E3090
:100220007CFC00000E00E070F6FE7E06C61E1EF688
:10023000FE18301E06D6F6C67EC67E7C18C6C6D60A
:1002400038FC300C1860C6000060660666660C66F6
:10025000661830360CD6666666666E067C6666C6BE
:100260003C66300C0060000000000000000000FE52
:10027000D0E866001830387E1C7E1C18C63018C0C6
:10028000C0C0C618C6C018181C7C703076C6C6061A
:10029000C60606C6C618303606C6E6C606B6C6C0C8
:1002A00018C6C6FE6CC0180C30600000007C6606E4
:1002B000667E0C7C6618301E0CD666663E56063C82
:1002C000186666D6187C1818183000000000000068
:1002D000001800FE7EAC660030186C1818001C0C6C
:1002E000C6300CC6C0C6C60CC6C61818387C380046
:1002F00006C6C6C6C60606C6C618366606C6C6C63C
:100300000666C6C618C66CEEC6C00C0C606000FE61
:100310000066660666060C60661836360CC66666AB
:100320000626066018663CD63C600C1818300000A3
:10033000000000000018006C10E6DC00600C0018E3
:100340000C001C067C78FE7CC07C7C067C7C000C4F
:1003500070001C307CC67E7C7EFE06FCC63C1CC643
:10036000FEC6C67C06DCC67C187C38C6C67EFE7C13
:10037000C07C00FE007C3E3C7C3C0C3E66701C66F3
:1003800038C6663C065C063E707C18FC663E7E30D5
:10039000181800000000000000000000000000002D
:1003A000000000000000000000000000000000004D
:1003B000000000000000000000000000000000003D
:1003C000000000000000000000000000000000002D
:1003D000000000000000000000000000000000001D
:1003E000000000000000000000000000000000000D
:1003F000000000000000000000000000000800FCF9
:100400002C040500010001071C040500000800F889
:1004100070040500000000000000000083FFBFFF23
:10042000E2FFF1FFF9FFFEFF000000008C00FCFE80
:10043000FFFF000000000000FC00D2104C06FAFF95
:1004400075009B05F132FFFF3E0062020B35000094
:1004500025004B01885F00001700E0005E5D000092
:100460000E008C006A4F0000070025008328000062
:100470009600FCFEF8006D23441FEEFFC700F20E4D
:100480008E37FAFF5C00A40324A7FFFF3200D601D9
:10049000AD3400001F003001004D00001200C0000C
:1004A000CA4A00000B006E00F73C000005001F0068
:1004B0002F20000000000F400000000000040F404B
:1004C0000100000067452301EFCDAB8998BADCFE3F
:1004D00010325476C3D2E1F00000000000000000AA
:1004E00000000000C1059ED8367CD5073070DD17AE
:1004F000F70E5939FFC00B316858151164F98FA7F1
:10050000BEFA4FA46A09E667BB67AE853C6EF3721C
:10051000A54FF53A510E527F9B05688C1F83D9ABCE
:100520005BE0CD198000000000000000000000002A
:1005300000000000000000000000000000000000BB
:1005400000000000000000000000000000000000AB
:10055000000000000000000000000000000000009B
:10056000000000000000000000000000000000008B
:10057000000000E1000108070F000A00C800200089
:10058000A000010000000000A00068010A2007068A
:10059000020A0407000000020700010410400100E5
:1005A0000000050000000002000003000000000041
:1005B000600C0500B00B0500D00B0500FC0B05001E
:1005C000A00C0500200C05003C0C050000000000FC
:1005D000000000004E0C00000000000000000000C1
:1005E000E8C4040000000000000000000400000057
:1005F00000000000E2FF5000740C05000000000045
:10060000100C050000000000F40B050000000000C5
:10061000180C050000000000E40B0500480605006A
:10062000C40B0500000000000C0D050000000000D8
:10063000B40C05004A060500340C05005006050000
:10064000000000000000000008000400FB000000A3
:10065000030000004145532D3235362D43434D2ACA
:100660002D4E4F2D544147004145532D3139322DE8
:1006700043434D2A2D4E4F2D544147004145532DA4
:100680003132382D43434D2A2D4E4F2D54414700D2
:100690004145532D3235362D43434D004145532DB1
:1006A0003139322D43434D004145532D3132382DE0
:1006B00043434D004145532D3235362D45434200CD
:1006C0004145532D3139322D454342004145532D8B
:1006D0003132382D454342002608000080000000DA
:1006E000A80605000C00000001000000100000003A
:1006F000EC07050029090000800000007C060500C9
:100700000C0000000100000010000000EC070500D4
:100710000201000080000000CC060500000000007F
:100720000000000010000000D407050027080000AA
:10073000C00000009C0605000C0000000100000045
:1007400010000000EC0705002A090000C0000000AE
:10075000680605000C000000010000001000000009
:10076000EC07050003010000C0000000C006050002
:10077000000000000000000010000000D407050089
:100780002808000000010000900605000C00000091
:100790000100000010000000EC0705002B0900001C
:1007A00000010000540605000C00000001000000DC
:1007B00010000000EC07050004010000000100002B
:1007C000B40605000000000000000000100000005A
:1007D000D4070500020000000DD2030009D2030077
:1007E00005D20300EFD10300DDD1030002000000B9
:1007F00000000000D3D10300D3D10300BDD103001A
:10080000ABD1030002000000100705000300000048
:100810006407050004000000B8070500260000007A
:10082000D8060500270000002C070500280000005E
:100830008007050029000000F40605002A000000DA
:10084000480705002B0000009C0705000000000081
:10085000000000004B60D2273E3CCE3BF6B053CCAC
:10086000B0061D65BC86987655BDEBB3E7933AAAF2
:10087000D835C65A96C298D84539A1F4A033EB2D85
:10088000817D0377F240A463E5E6BCF847422CE1A2
:10089000F2D1176BF551BF376840B6CBCE5E316BE6
:1008A0005733CE2B169E0F7C4AEBE78E9B7F1AFEAA
:1008B000E242E34F512563FCC2CAB9F3849E17A7F5
:1008C000ADFAE6BCFFFFFFFFFFFFFFFF00000000E7
:1008D000FFFFFFFFFFFFFFFFFFFFFFFFFFFFFFFF28
:1008E0000000000000000000000000000100000007
:1008F000FFFFFFFF53484131005348410053484137
:1009000032323400534841323536000018090500B0
:100910002009050028090500F4080500021440001C
:10092000FD080500031C40000409050004204000E8
:100930000001010201020203060601020312010086
:1009400000000102020102070B0B0701160C000058
:100950000108080000050108FFFF02FFFF08080268
:100960000204FF010022FFFFFFFFFFFF030404FF5B
:10097000FFFFFF2A01020404131510801A80128061
:1009800080000F0E0C080C080D18100050004000DD
:100990000800500024000400900150024000900123
:1009A000AE01100001010201F4010000FA00000094
:1009B00096000000640000004B00000032000000C0
:1009C0001E000000140000000000000062675F6D60
:1009D00065737361676520726563656976657273B7
:1009E0000062676275660061636C006C6C5F636FC8
:1009F0006E6E656374696F6E006C6C5F6164765FC8
:100A0000736574006761705F636F6E7465787400FE
:100A10006C6C5F76616C696461746F72006D657394
:100A2000685F70726F765F64620062675F6D6573A6
:100A30007361676500736F66745F74696D65725F7B
:100A40006D65737361676500666F756E6461746967
:100A50006F6E5F636D64006C6C5F6164765F737969
:100A60006E63006C6C5F7363616E5F73796E6300BD
:100A70006761705F706572696F6469635F616476F6
:100A8000006761705F706572696F6469635F737935
:100A90006E63006C326361705F636F635F63686194
:100AA0006E6E656C006D6573685F70726F765F6403
:100AB000625F6170706B6579006D626564746C7300
:100AC0005F636F6E7465787400000000E1090500D3
:100AD000E7090500EB090500F9090500040A05000E
:100AE000100A05001D0A05002A0A0500350A05003E
:100AF000480A0500570A0500630A0500700A050048
:100B0000810A0500930A0500A50A0500B90A050037
:100B100062676275665F696E0062676275665F6FC5
:100B200075740062676275665F6E6F666C6F7700E2
:100B300062675F6D616C6C6F630062675F72616EAC
:100B4000646F6D5F61657300497253144972FF00F1
:100B50000102030405FF0049725314497207490753
:100B6000CDF6145300720000DD280400C9A1010075
:100B700001BE0100CF280400752A04006F2A04007A
:100B8000D5C60100B3270400232A0400712A0400FB
:100B9000732A0400172A0400819B0100B126040077
:100BA000D19C010001020C000000040000000800BC
:100BB0000200000000000000000000000000000033
:100BC00000000000BB28040000000000A00904028F
:100BD0000400000000000000000000000000000011
:100BE00000000000C528040000000000030402000B
:100BF000A0120501D128040000000000050000003B
:100C000000000000000000000000000000000000E4
:100C1000000000000000000045A3010000000000EB
:100C2000460000000000000000000000000000007E
:100C30000000000075A30100000000000A00000091
:100C400000000000000000000000000000000000A4
:100C5000A0000104A0010107000000000000000046
:100C60000100000000000000000000000000000083
:100C700000000000ADA40100000000000204080014
:100C8000A0090609A0070605A00D0600A00A060295
:100C9000A0020604A0050607A0020608A005060695
:100CA000060000000000000000000000CDA50100CB
:100CB00095A50100F5A50100000000000000040258
:100CC0000503060107010108090A0000A00104014B
:100CD000A0035C01A0015C02A0025C00A0030F0362
:100CE000A0030F04A0020F09A0050F02A0050F002A
:100CF000A0010F01A0120100A0030106A00401033E
:100D0000A0020105A003010801010204652A0400F4
:100D1000000000002000011559A501006267617004
:100D2000692062756666657273000100020000004A
:100D300000000000030000000D000300020001009D
:100D400005000102036761747420636F6E6E656352
:100D500074696F6E00000000FB349B5F80000080B0
:100D60000010000000000000CF400400CD3104005E
:100D700069270400B9410400A0050902A00709047D
:100D8000A0040903A0060905A0030900A0030906A1
:100D9000A0070A00A0080A03A0030A04A0010A058C
:100DA000A0060A01A0070A02A0060901A8031B0069
:100DB000A80C1B011B0000000000000089E40100DA
:100DC0000000000000000000A8042300A804230184
:100DD000A80423022300000000000000C9E601006F
:100DE0000000000000000000A8021417A805140C61
:100DF000A8041402A8051403A8001418A8031404D6
:100E0000A8051410A8081411A8041412A8071400A7
:100E1000A8021405A808140BA8051408A805140EA8
:100E2000A805140FA8021414A8021415A802141976
:100E3000A802141AA8071409A8061401A802140786
:100E4000A8021406A800140AA8051416A800140D78
:100E50001400000000000000A1E8010000000000F4
:100E600000000000A8041800A806180118000000DF
:100E70000000000000000000000000000000000072
:100E800026000000000000008DF0010000000000BE
:100E900000000000A8022202A8032201A8002204E8
:100EA000A80622032200000000000000C5F1010096
:100EB0000000000000000000A8121900A805190198
:100EC0001900000000000000000000000000000009
:100ED0000000000028052306C5E7010028002301C3
:100EE000ADE701002802230371E801002800230078
:100EF00091E701002802230589E801002800141C5D
:100F000061EF01002800140065F0010028001415AD
:100F1000C9EF01002829140409EE01002815221A3E
:100F200021F401002808220CFDF201002808220A01
:100F3000C9F2010028062213ADF30100280E221188
:100F400035F301002802220161F201002803220387
:100F500091F2010028081904F5F60100280619038A
:100F6000BDF601002809190185F60100053B0020A6
:100F7000063B0020073B0020271800DD2A00DB2A63
:100F800000DE2A00DC2A000000000000000102044C
:100F90000810204080000000714304000D0302008F
:100FA00071020200BD43040003010200700BAFDFB9
:100FB000D5ECC39B3704A12C0767869C000000007A
:100FC00019F3020000000000000000000000000013
:100FD00005000000000000000000000000FFFF000E
:100FE0000000000000000000000000000000000001
:100FF00000000000000000000000000000000000F1
:1010000000000000000000000000000000000000E0
:1010100000000000000000000000000000000000D0
:1010200000000000000000000000000000000000C0
:1010300000000000000000000000000000000000B0
:1010400000000000000000000000000000000000A0
:101050000000000000000000000000000000000090
:101060000000000000000000000000000000000080
:101070000000000000000000000000000000000070
:101080000000000000000000000000000000000060
:101090000000000000000000000000000000000050
:1010A0000000000000000000000000000000000040
:1010B00061170200000000000000000000000000B6
:1010C00000000000000000003F4A04005B4A0400EA
:1010D000DB4A0400DF8A040019ED010081ED010004
:1010E000A5ED0100C5ED01000100000002000000B7
:1010F00002000000010000001000000010000000CD
:1011000001000000080000000800000003000000CB
:1011100085000000030000008500000001000000C1
:1011200004000000040000000100000002000000B4
:101130000200000004000000080000001000000091
:101140001313804B83838A0302838300010101010F
:10115000000101000101000101000101020304443A
:101160004C5946464446475454540001010002027B
:101170000485068702050202020303000101010043
:1011800009000509464746120200800312020304C3
:101190000000048506870000010000000400000034
:1011A0000100000004000400010000001000000025
:1011B0000000880001000080110000800100000094
:1011C0000200030002000000040000000C00000008
:1011D0000100008002000000010000801F4D04009B
:1011E000614E0400C94D0400CD4D0400C54D0400FE
:1011F000B14D0400553D0200000000000D3B02000F
:1012000000000000000000000000000005020302D2
:1012100002020204F9470200494202008142020030
:10122000C9420200D9420200035204000D520400D8
:101230001543020032000000000000000A020664AC
:1012400000000B000000010044000000030030001B
:1012500000001010010000000F1006000000151023
:10126000C84C0100121030000000111000030000F3
:101270001310003000001410008000000211000064
:101280009E090111000060060212000000200012F9
:1012900000000020011200000010051200000040B4
:1012A0000812000000800F13000004000712030062
:1012B000000010130C0000001113100000000114B6
:1012C0000001000000144000000001148000000034
:1012D000000003B76D7D01000C489282020070008F
:1012E00000000300800000000000DF2A00AF0100C2
:1012F00020550050020000807F00030000008000A5
:101300000000E72A000001001855000004000080DA
:101310004E2705000000B1D80A00DB0000000B00DA
:10132000240100000C00000600000D000008000071
:101330000E0000B001000F0000400200120000008B
:10134000500013000000A00014000000000315006E
:101350000000000400100E0000000110100000004A
:101360000210E01E0000031000010000041000E065
:101370000000051000000100061000000200071028
:101380000000180008100000040009100000E02A06
:101390000B10000000550A10000000800A10070022
:1013A00000000C10080000000D10100000000E10CE
:1013B000600000000F10000300001010800000000B
:1013C0001210000C0000111000300000131000C0BB
:1013D0000000001100000F00011100007000001259
:1013E0000000804801120000009302120000002457
:1013F00002120100000003121E0000000412C000CF
:101400000000051220000000061200030000081270
:1014100000040000001300B8AB0001130000001E20
:101420000213004054010313000000E00313840082
:1014300000000613320000000413001E0000051314
:101440004901000007130020C02A0A1300C0010050
:101450000B1300001C00081300000080091300009B
:1014600022550813070000000F130000EE0E1013A2
:10147000000000201113000010110412000000C031
:10148000001477000000011488000000021400F529
:1014900000000314000A01000414000056DF0514C4
:1014A0000000A82004147B00000005148400000044
:1014B00040120500000003005212050040000F001A
:1014C000AC12050060000600D01205000080040088
:1014D000E81205002080040000130500408004008D
:1014E0001813050060800A005413050000820C00E8
:1014F0009C13050020820E00F013050040820A00B4
:101500002C14050060820900621405008082050029
:101510008014050000830600A41405002083020047
:101520000000000000000000640000000000000057
:10153000E803000000000000102700000000000089
:10154000C0270900000000000A10001006000A1061
:101550000910071006100210041000000000071008
:101560000010040007100610021004100000000014
:10157000000000000F100E1001000F10000000000E
:101580000000000000000000000011101310010016
:10159000111000000000000000000000000000002A
:1015A00012101310010012100000000000000000D3
:1015B00000000000000001130010060001130013DA
:1015C00007100610021004100000000004130010A1
:1015D0000800041303130113001307100610021070
:1015E00004100613021001000613000000000000A2
:1015F00000000000000000000B10011002000B10A2
:1016000008100000000000000000000000000810AA
:1016100001100100081000000000000000000000A0
:101620000000000005130110030005130213081049
:101630000000000000000000000002130110020082
:10164000021308100000000000000000000000006D
:10165000071206120100071200000000000000003F
:101660000000000000000813001008000813071312
:101670000113001307100610021004100A130210C1
:1016800001000A130000000000000000000000003C
:1016900000000B13021001000B13000000000000FB
:1016A000000000000000000000031800497902005B
:1016B000DD5D0400F55F0400C75F0400C95D040040
:1016C0005F6004005B600400AB6004008B5E04009C
:1016D000010041003D630400096404001F6304002D
:1016E000A1790200CD62040031640400D1620400DB
:1016F0008F630400000000002C31A47B5779809E8A
:10170000F44CB5EAAF5C3E43D5F8FAAD4A8794CBCA
:10171000987E9B03745C78DD919512183898DFBE33
:10172000CD52E2408E43871FD021109117BD3ED489
:10173000EAF8437743715D4F008D0297CCB3E7C75A
:101740006B152E0FB025E4E71E3929A0F09D2B8CD8
:1017500045F168B87E16041DE44B024CB80634FC13
:10176000D0706C24A833EDDB2EB57151510316C92E
:10177000893EE4B4BC85F6DE5900F465E43FF23DF1
:101780003F1B9DC7DFC04DA8758184DBC96620471C
:1017900096ECCF0D6CF5E16500CC0201D048BCBBE6
:1017A000D899EEEFC424164E33C201C2B010CA6BF2
:1017B0004D43A8A155CAD8ECB279006D7B0200F167
:1017C00079020000A3640400897A0200117D0200FE
:1017D000C97B020079820200458102005D8502001A
:1017E00009850200E97F0200397E0200E1850200DE
:1017F000A5640400FFFFFFFFFFFFFF0007000000DC
:1018000002000000070000000B00000007000000BD
:1018100005000000050000000000000000000000BE
:1018200002000000040000000700000002000000A9
:10183000070000000B00000007000000050000008A
:10184000050000000200000002000000020000008D
:101850000400000025000000057A0400497A040015
:10186000BB7A04000000000000000000000000003F
:101870000125736225736225736225736200736D9F
:101880006B3200736D6B34006964360100707263F3
:101890006B007072636B323536007072736E00705D
:1018A00072736B0076746164007072646B00736DA8
:1018B0006B33006964363401006E6B626B006964DF
:1018C00031323801006E6B706B006E6B696B00001B
:1018D00039880400A1E20200E585040035D5020044
:1018E0009D820400AD820400E7830400918304001C
:1018F000C1D80200FDD20200E78604006D85040015
:101900000B850400D5840400A18404004B840400EA
:101910002D84040019D60200C1D70200C18604003C
:1019200013860400A18604000000000000000000EF
:1019300000000000000000000000000000000000A7
:101940000000000000000000000000009C190500DD
:10195000A01905006C19050000000000D019050051
:101960000000000100000000000000000000010075
:10197000080004000400040004001000200004001B
:10198000040004001000040004000000000000082F
:10199000041000080202030410000000000A000006
:1019A000140000000700000002000000C800000052
:1019B000320000000100000064000000030000008D
:1019C00002000000102700001400000002000000C8
:1019D00053696C6162734465762D0000000000005D
:1019E0000091E3720796E4750E9FED7C0998EA7BFF
:1019F0001C8DFF6E1B8AF8691283F1601584F667EF
:101A000038A9DB4A3FAEDC4D36A7D54431A0D243DE
:101A100024B5C75623B2C0512ABBC9582DBCCE5FCE
:101A200070E1930277E694057EEF9D0C79E89A0BBE
:101A30006CFD8F1E6BFA881962F3811065F48617AE
:101A400048D9AB3A4FDEAC3D46D7A53441D0A2339E
:101A500054C5B72653C2B0215ACBB9285DCCBE2F8E
:101A6000E0710392E7760495EE7F0D9CE9780A9B7E
:101A7000FC6D1F8EFB6A1889F2631180F56416876E
:101A8000D8493BAADF4E3CADD64735A4D14032A35E
:101A9000C45527B6C35220B1CA5B29B8CD5C2EBF4E
:101AA000900173E2970674E59E0F7DEC99087AEB3E
:101AB0008C1D6FFE8B1A68F9821361F0851466F72E
:101AC000A8394BDAAF3E4CDDA63745D4A13042D31E
:101AD000B42557C6B32250C1BA2B59C8BD2C5ECF0E
:101AE000D19704004D030300C10303003D0A030026
:101AF000A909030095030300090500000A05000079
:101B00000B0500000C0500000D0500000E0500008F
:101B10000F050000100500001105000030313233C0
:101B20003435363738394142434445464748494AB7
:101B30004B4C4D4E4F505152535455565758595A7D
:101B40000A00000064000000E80300001027000005
:101B5000A086010040420F008096980000E1F50544
:101B600001020203000000006D2403006124030051
:101B700049240300A52403005524030023AC0400DA
:101B80005DAC040083AC0400A5AC0400C7AC040049
:101B900021710300D9700300E5700300B5710300E3
:101BA0000FB10400D5A90400D9A90400E5A90400D7
:101BB000DDA90400E1A904000000000048010000C4
:101BC000801700200001030383FF00000100008054
:101BD000FF7F00000080FF7F02010080FF7F030283
:101BE0005241494C000000005000000081300300C9
:101BF000A0000000412F0300000100FA04FA0000D9
:101C000033330A0A0A0008400021000000000000E7
:101C100000000000000101010000010100000001BE
:101C2000D1840300958603002D860300656B0300B5
:101C3000496B0300020203020202020405040404C9
:101C4000010102030000000148700E0E44709A0D5D
:101C50003070DA123C70DA163870F60D34701C0EE3
:101C60003070700F2C70700F2870521124706A1130
:101C70002070000E1C70F611187068121470FC0DA4
:101C8000B110076001D80A7108B87F78020C7E781D
:101C9000641000C6A01F00218CB8707801B00768DE
:101CA0000F305CB30F330111C048069846022FB0C5
:101CB00006D80C7109DD087100B853A809BB1110D2
:101CC000076801682148076004100112FF322150A3
:101CD00007605148076000880698841300C43C1FC1
:101CE000002103DD087214BA281400A000BA03DF33
:101CF000107109DF06720298E8058CB8507800A0D0
:101D00004413281441158110076002D814711088FB
:101D10000698EE1B00C00C7008400698481E009103
:101D200006985C020060B83020D8067190BC637CD5
:101D3000084D5412F03240DE0472404804DB087251
:101D40000DDD0C72044BEF30144806989E0700C45A
:101D5000E01008404412076201322140084C287C00
:101D6000811140D91C72B1123032CF4A013AB1DA36
:101D7000107208D8067104D80871B04C237C3E70EC
:101D8000684C4412FF328722047580B8D84C81D841
:101D9000307140D90472237C084B06989E0704BA20
:101DA00088B9767900C1186008403579E049007932
:101DB00006B904A901D86C72BC4C307C02982E0282
:101DC00008D83C7100C14C000840141110D9307182
:101DD000104C00C11400084014111814076100C50C
:101DE000206008405415FF35047110491814A84CA0
:101DF000441207620132067102981201B84C08D8E9
:101E00000C7107BA24D8047106BA187004D80C7182
:101E100001BA40D80E7102BA0A7005BA20D804720D
:101E200003BA604C4411404C181407611814911106
:101E3000383111429111076910D90472EF3200C193
:101E40000060084014111031016911422814A111D9
:101E50000761181406982E1E181400C1006008406F
:101E600014110769FF31181400C13C3008401411E7
:101E70001814076118143088024806984806009321
:101E800008DB047101F800A05CB00F3000A01088DE
:101E9000B111076980D90A7100C18000084008119A
:101EA000009100A000C400010840441000A000C040
:101EB00020300E40041104101050F47200A054158C
:101EC000504512710698A8070698380718B8707818
:101ED00000B8417806983C0390BA5B7A5C7A5D7AE8
:101EE00000C218500840241200C14C1F00212811C4
:101EF0000698F81B2088008800C5401F0021541553
:101F00005112FF350762FF320698660201595129C6
:101F1000047511590090212920750698FA04069835
:101F20002A050698F602009203D80C728111076107
:101F300002D90472FF0FBA7018B8727800F804D88A
:101F400042710088308800C0FC1F0021041000C1CD
:101F50004C1F00211412012A215A00C318500840B6
:101F60003413312A1A7500C000600840041007308D
:101F7000FE200C76381108B87F78020C7E7800932A
:101F8000009000A000C0F41F0021041000BB1DB48D
:101F900000A000C1DC1F002114111088FF3100C512
:101FA000FFFF0000311207620762513A513B0E7287
:101FB0000698160D1159011201131E703114008874
:101FC00031100698160D1159415C41280698180DDC
:101FD000513801130090012B0090208807600114F4
:101FE0000760FF30215D411207620762312D0876DC
:101FF000FF34415C4128015D31100698180DFF3017
:102000003088011300C0E01F00210410512B0C7612
:10201000076801150768FF356070315BFF32212BBF
:102020000C75076001150760FF354E7000C5E41F91
:1020300000215415076507655112FF35FF30012B4C
:10204000087521100760327021100768FF30012BDE
:102050000A75211007600760207000C2E81F002188
:102060002412211007600760FF30012B0875211032
:102070000768067021100760FF300093009200C1CE
:102080000060084014142C490734FE242A761415E5
:10209000F0BC076C513C076803680154107100C420
:1020A000FF0FFFFF513C01444811311200C5E81FEA
:1020B00000215415FF350762076221435449141269
:1020C0002155FF355152281100A000DF067201137F
:1020D00014703111312B112B016300C1FF07000077
:1020E000113B012B00C278FEFFFF05B86EBD312AFF
:1020F000207505B8C8BDE8221875DCBD06B8DC221D
:10210000107507B8F0220A7508B8E822047509B8F6
:1021100000C10060084014122C490732FE221676D6
:102120000768036800C2FF0FFFFF1414213C01443D
:10213000481150BD544914122155FF3551522811F0
:1021400000A001D82C71008800C004700840041061
:102150008020FF301A7100C1B01E002114110761E8
:1021600020D9087106988204067006984A030090E8
:1021700000A002D8047200A00088069838071DB499
:1021800028B9112C408800C3EC1F002134144044AE
:102190005A7144130698A805411500C00060084014
:1021A00004100730FD20447500C208700840241058
:1021B0000760FF3080DC34710698520D01591C4ACB
:1021C000241007600260FF300698520D0158B220BB
:1021D0000129541331100698520D11280A7504254F
:1021E00054155045EE720698A8050094009000A082
:1021F0007FB9066100C01C60084006988A13041568
:102200005153113B3155581002988413EBBD00C057
:102210003C1F00210411113D10D91271FF33076BCF
:1022200000C190400846381118B97479581000A0C0
:1022300006985C028024E4240D300472044800C136
:102240001C510840141100C3D81E002191150435FB
:102250001A72181388BB08D804716C7B04D80471F7
:102260006A7B8CBB2F7C5B7B1670044B181388BB7E
:1022700008D804716F7B04D804716D7B217C0C300D
:1022800001600698240706980C0C0698D40700B83D
:10229000B111076940D906720298080701BC00C253
:1022A0000060084000DC0A7124150165604A0A706C
:1022B0001C4A241507657C4A043508D9207120245E
:1022C000512A241200C180000840320C28110762F4
:1022D00028110762281107622811500C00C1341F11
:1022E0000021141200DC347120D8067101B80C7082
:1022F000F0DA0C720CDB087102B806982C0748243F
:1023000000C3306108403413076380DB0E7102B9EB
:10231000911308DB047203B906700C49141100C351
:1023200080000840FFB801201141087101411813D5
:102330000824014200C12000084014110141036D2E
:10234000514191152035016D51411813281348133F
:1023500000C37C000840341003D80C71073005DC42
:102360000671084B227B8CB8507800B800C1341F2E
:102370000021141203682150F0300152281100A0EE
:102380004024066400C0FFFF0100013C1DB0022094
:102390000158402806751EAC01EC00A0208800C042
:1023A0001850084004121DB4211304123052F87161
:1023B000066C402400C3741F0021341014110698C9
:1023C000820D0669009211592129067600BB115928
:1023D00006983A0D80B80158013A0662313B047202
:1023E000215A412A00A000C200010840317A00A011
:1023F000308880B9076900C30000C0FF3110312860
:1024000000BC002D0C7511541EAC01EC312DF47084
:10241000066C51134155312C009300A000C0284098
:102420000E400413315107610C3107691153381004
:1024300000A00698EC0800C0F41F002104110698C3
:10244000D407217A237A00C30000100006981408EC
:1024500000C0541F00211DB1181000A000C0501F63
:1024600000211DB1181000C09C1F00210410002D78
:10247000067500B826A80698A80700C09C1F002172
:102480000410012C06750698380728B010B91159A8
:1024900011380EB9114028A880B800C14430084056
:1024A000081100C1F01F00211410303B06710760B5
:1024B000076000C40830084044111150FF3001513A
:1024C00018146FB8076826A8217A050C2110204837
:1024D000267800C063EF0000314026A8050C20ECF0
:1024E000B11140D90872247A20EC217A184826A824
:1024F00028B00AB901510F31115028A8050C207AD3
:1025000020EC0F0C98B8467841780698660200C215
:10251000401F002124100151FF311150081200A06A
:102520000698EC0800B826A800C0581F00211DB16D
:10253000181000A030B840780DB101D9FC72427873
:1025400000C074300E4004114CBA407A1810144880
:1025500004115C7A1810A4BB707B4E7B4F7B00C2C9
:102560000430084000A00698EC08217A227A00BBCB
:102570000698140800C0641F00211DB11810A4BBE8
:1025800000C040300E400411033101492872B112DD
:10259000076207623048041121510F3118726E7BB7
:1025A0006F7B104804114CBA7C7A1810144804113F
:1025B000607A1810B11002D81071707B30B8627850
:1025C00060780DB001D8FC7100C0F86008400411BB
:1025D00001D90C7100C01800084002B9181008B8E1
:1025E0006E780EB84EB110D90C723EA8140C0FB80C
:1025F0003EA8107044A8140C01B800C1AC300E40C5
:10260000081100C077801F003DB201423DAA00C002
:10261000FFFFFFFC013A3DAA140C00C077E01F0049
:1026200001423DAAFFB845207D7808B87E7800C1F8
:1026300024600840141107610631087100B906983A
:10264000D01006988A13B11101D90E710698541E44
:1026500002D906720698520C0698841351140698F3
:102660003807F4B845780A0C00C0601F00211DB17E
:1026700018100298AA10FFB845205D7803B80760CB
:1026800044A83EA800C1AC300E40081110B807683D
:102690003DB101393DA908B86F7800A046A800C037
:1026A000FFFF0000013B076356AB94BA437A01D9A0
:1026B0001471013C47B300C0FE20FFFF013B3144D1
:1026C00047AC637AFFB82120407802D90471607862
:1026D00000A0C8BC066C415C512C067506983807F2
:1026E0000698300EB110076805D8367140BA0698C2
:1026F0005A138CBC7F7C08B86578911004D8187187
:1027000088B86E78577800C0640008402178069831
:10271000F81001400872427C069896130298E40B68
:1027200008B86C7820B859785B7800C0F44008404D
:102730007878797800C1C81F0021141040A8184982
:1027400014130449408814140C4914118112076AA7
:10275000006A01DA187188B8577800C0CC1F0021D0
:102760000410016107630763076407640698540A4D
:1027700000944EB010D842724DB161B80158113872
:1027800040B102D90A72604804BB41540870204825
:1027900002BB02BC4DA8F8B87078190C3EB141419B
:1027A0003EA9F4B973797378717800C4F840084091
:1027B00000C200410840227000C20000010044AA8B
:1027C000230C00C200000B0044AA00C410410840C2
:1027D00000C21841084004BB587C050C597C0C24ED
:1027E0000F0C2FAB050CB11008D81471647A657A00
:1027F0001CB879787B7820B879787B78607CF42471
:10280000411306989E0751144044067506983807F0
:10281000727BFFB84D20050C687840EC00C05C1F4F
:1028200000211DB11810911004D8147100C0B01E01
:102830000021041080D806711CB8737800F818B80D
:1028400000C1D41E002100C21850084024122811D3
:10285000777800F800C0B86008400411076107618C
:1028600080D9047240EC00C4F84008404EB010D843
:102870000471182441130C23527C407B11512FA961
:10288000050C797C0A0C00C0000001020814787C59
:10289000050C507C08B86D7800A000C02870084076
:1028A0000411108800C10018004018104448041199
:1028B000108878480411108800884CBA757A18106E
:1028C0003DB11088F4B84278442072782848737873
:1028D000F8B873784FB200C4FFFF8080413A4FAA26
:1028E00001BC01644113076300C06C70084003B968
:1028F00018100110011001B9181001100110011079
:10290000011068480411076101B80160003A0471C0
:10291000044904D9047241520760003A047108491D
:1029200008D9047231520460003B0E7200630064E7
:10293000314241424FAAB2704FAAF8B853781820DA
:1029400053782848527800913DA9009000911810C2
:1029500000917848181000914448181000A01159AF
:1029600010D906710760076008D90471076004D99F
:102970000471036002D90471016001D9047100601F
:1029800000A000BA01D806710148112A0069006050
:1029900001D8F6720138F67200A08020FF30FF489F
:1029A000812000A002EC00CA02EC00C8076A0142C4
:1029B00002EC00C8076A014202EC00C8076A014243
:1029C00000A000C218500840241211592129127386
:1029D00000210E7100C2305008402412012121292B
:1029E00000A00698EC0888B8577800C57C1F002125
:1029F0005088044D88BC00C0BC1E0021811101D943
:102A00001E71407C009501157C4D5088044DFFBB24
:102A1000076B315B041106987A0D3129F875069819
:102A2000421D54150698541E01D9087206981E09B5
:102A300006700698800988BB547B009500F80698BC
:102A40002E0A0E7006980C0C06982E0A0698D611BF
:102A50000698D8089112211900C0246008400A780D
:102A6000097800F810B901BA069850130698AA1010
:102A700000C57C1F002100F89112033288B900C301
:102A8000B01E0021341300C4A81008408CB842784E
:102A9000707903DE0671447872707179A11020D8C4
:102AA0000A7106981E0902987C0F80DB507102D8CB
:102AB0004C7205B830880763076302DB2A7100C3D4
:102AC000AC0008403413066380DB0472804800C306
:102AD000102008403413315B0472404831283128FB
:102AE00002600814076800930814A110103002480F
:102AF000081400B808149110076008148CB86278A4
:102B0000A11000DC0676517900BA80DB3A7100C072
:102B100000000200003B307150884110344803DE51
:102B200004719048041508200411F82058101C2046
:102B3000217800C0A40008400E7810D904722E78C5
:102B40000698A0160095911120310269911004D8C1
:102B50000E7200C1481F0021141101D90A7120888A
:102B60000698D010009200C1180008400533054BAC
:102B70001872184C03DE0471904C441400C3FF1FFC
:102B80000000413BFF233811B84900C330610840C1
:102B90003413076380DB0E7103BA076A0698640F6B
:102BA00000BA0870076A0698640F04490879097921
:102BB00014102140081100A000BD0698400210B971
:102BC00003DC047100B901BA0698501302D90671EA
:102BD00000404E7201B107690F310698F810FFD816
:102BE0002872811008D8187106DD0A710698400213
:102BF00003DC0C7206983E11069896130C7006DDE5
:102C0000107106984411487020B802A806DD1072B1
:102C100006982E0A0698D80801F840B802A800F8CD
:102C200000C0B01E00210413076301DB2271911064
:102C30000111076911388CB910D8087144790298CC
:102C40007C0F02DBFA72A11328DBF47203BD069835
:102C50009E1006982E0A00C5801F0021069840028B
:102C600000BA03DC4A72044DA11002D804710C4D65
:102C700000C0140008400410026800C3701F002147
:102C80003411112800C1306108401411076180D946
:102C90000C71911108D90671FC230C4DFC233411E1
:102CA00006983A0D00C10C51084006985407541577
:102CB000212D00C0F8600840041101D9227100C024
:102CC000381F00210410033001DC147200C014000E
:102CD00008400411FB21087607BA076A212D0698DF
:102CE000EA0702988A0A91100155033551500119DB
:102CF00000A000C1441F0021141001D842710148F6
:102D00000760FE200E75811020D8087100C1481F91
:102D10000021141101D9287100C024600840041258
:102D2000215107610F3107691152281000C000605E
:102D3000084004119112215120311152211900A093
:102D4000811380DB067201B800A000C30C5008405C
:102D50003410063030727C4B34122C4B3410076028
:102D6000076040302072811080D8DC713410014A35
:102D700007620360803021508C480A717F235523FD
:102D80003410013000A000BD06989E1088B8477826
:102D90004578437800B8447800A006982E0A069833
:102DA0003E1100C58C1F002154150698EA070298B1
:102DB0008A0A00C374000840027B06988A1350BA3E
:102DC00006985A130698F810FFD84A71911004D843
:102DD0004872811007601CD8407220D938721112D5
:102DE000FF322151347180218021111400C0E01E76
:102DF00000210413FFBA3151113A215111538CB9FA
:102E000038107B7940440E7200B900C2B81E002110
:102E10001812067008B860780698841300F800B994
:102E200000C29C1008401812244A0AB9181288BA25
:102E3000507A517A577A8CB942795F7900A0069816
:102E4000400207DC1072911000200A750698D61116
:102E50000298280E0698D80801B9911004D8047178
:102E600000B910BA0698501300BA00402A7100C089
:102E7000B01E00210411076101D9127104D9E27258
:102E80008110076001D8DA718CB8647800C11C51D8
:102E90000840069854070698D61100C5901F0021D7
:102EA0005415212D06981E0900C5941F002100F815
:102EB00000BC811108D9167280D9207201B910BAEC
:102EC0000698501300400E7101BC107006983E1118
:102ED0000698961320B802A800F80698D61181111A
:102EE0000231127100B900C20C1008401812244AB5
:102EF00002B9181206983E1100C5981F00215415FA
:102F00000698CC1D02988A0A04110121147188BA0E
:102F1000737A042004122811042004110121F47290
:102F200000A006989E0701F8911010D834710698F9
:102F30003C030698FA0406982A0500C51C5108406F
:102F4000541106987A0D00C5D01E00215415512940
:102F5000E27518B876788CB8447801B802A800F801
:102F6000B110076810D82E7100C04810084000C387
:102F7000000008403114884C44113411076101D914
:102F8000FA7144122810076228100762281007629D
:102F90002810E8700298760206985C0211380472D4
:102FA000016A00BB00C1E01E0021141120390C721F
:102FB000911210DA0672417B00A006988A1300C2B3
:102FC000B01E0021241220DA0472617B88BA527A82
:102FD00000A088BA727A811204DAFC7200A088B864
:102FE0006B78577800C0640008402F7800A00698DE
:102FF000E4100763076390B9637900B902DB2271BB
:1030000002EC00C909B801D9507200C2AC000840F6
:103010000E7A10D904722E7A0698A016E031076154
:1030200002EC00CD114502EC00CC01DB087100BBC5
:103030000298FE1703B841110731FA211C760621C8
:10304000911210DA087102DD10721E7020B8069815
:10305000160D3038147208B80698240700C02400F2
:1030600008402978207800F8046020D8067102987A
:10307000581502EC00CA05B823DA187104DBDA71BE
:1030800020DAD67110DAD27290B8617800B801DA1D
:10309000067202EC00C8911110D9267100C1C01E41
:1030A000002114111150FF300C720661A110115053
:1030B00002300A7180DB0A720AB89E708CB97C7982
:1030C0000768911111402111C0311140011990B8C8
:1030D000411108D90471667820D904726578A1106D
:1030E00002D80672C0DA1E7190B8273123DD08724B
:1030F00010DB1072607825DD0A7121DD087208DBB3
:103100000471627803B8411107310872A1152035A6
:10311000AA7102DD3272A11120D9A07102D92872E0
:10312000CCDA9872411140D9927206B802DB107164
:10313000046500C1102008401411112D112D054DFA
:103140005C720298E61321114049C0D94E71A0313A
:1031500041154035016551410361076308DA1E726C
:1031600004DA38721049A1150235067110DB0E72AF
:1031700001340A7108DB247190B86778CC321110E1
:103180001A300ADC0872CCDE0471FD3100C00D0F6C
:103190000C0D0698180D01D8607207B8029810142B
:1031A00000BA411108D90C7102EC00CA05B830DA36
:1031B000EC720734F031026101DA0471014900C098
:1031C000F300A3E30698180D01D8D07100C098143D
:1031D00040680698180D4030014440DA0471204CD4
:1031E00004320162204A1110063000680142183191
:1031F0000269114202982E14204A00C00517085097
:103200000698180D113001422088FFBB0DDA50716D
:1032100000C1DE1B250180BC04DA107208DA0A72D4
:1032200000C120841000E024A0240763414301640E
:1032300001DA06711E49024B00C0281F00210763F6
:103240003810BC2002DA127101B91159A11380DBC8
:10325000087100C100FCFF01181002988A1700C411
:10326000B01E0021441080D87C710092D0DA067123
:103270000DDA0C7190BD437DEFBD0698C605036263
:103280000DDA8672A11105D95C7100C238100840B0
:1032900024120C24281401D9067202D9327140D9A3
:1032A0001E7102EC00CA211018320471FA2220D8D3
:1032B00004720822FE22087502EC00C8F87001D9D9
:1032C0000E7102EC00C802D9067204DC187200C04C
:1032D000B01E00210410026801D8067190B864780D
:1032E00018B873780298FE1700C50020084000C087
:1032F0000417000008D904720A480815104D00B8D8
:1033000008D90472FF200815084D00C00884000089
:1033100008D9087200C02083B8ED0815104D207D33
:1033200000A000B8011A00C0740008400278911093
:103330001030011905BA06985A1302D9067101B85E
:1033400002A800C0B01E0021041380DB06710298A1
:10335000A61340DB067102983E198CBA7C7A01DB19
:103360006C7100C22C1F002124111114FF3402ECD7
:1033700000C8FF24FA7607610698260D036111380C
:103380000F3003611114011141100698260D01D868
:10339000087203B8029810141C4A02DB247124102E
:1033A000112811280412023006710762076200C05A
:1033B000FFFF0000213800C218000840FF2008125B
:1033C000411007600698260D01D87C7120BC10338F
:1033D000767100BB00C1281F00211415C021112CDB
:1033E0005112076A0F320E71408851140698541812
:1033F0004143009451120765036A0F320E71411167
:10340000511406985418036C41430765513B00C1A1
:10341000E41E00211411111231100F30127100BA84
:10342000046101D80471114200600FD8F4723110A8
:1034300002601E30047201B8003A087204B80298A3
:1034400010140298161600C130610840141107616B
:1034500080D91A7102EC1DB002EC1DB1015811287F
:10346000A0B91159112806758CBA637A00C0341FAF
:10347000002104110F3103DD1A7200C00060084002
:10348000041007D80E7200C01040084004B918108C
:1034900000F80698E4100698C40500F830885088B3
:1034A000FF34087102ECFF24F87002EC00CD141018
:1034B00001BB5150FFD8047131440760006B10DB31
:1034C000F2710421FF22E4720F4C0095009300A0DA
:1034D00000C01860084004100560073000A00CB858
:1034E00002983A1902EC00CAFFBC80BD0698881801
:1034F0000448187202EC00C92115F03500650F323E
:10350000076A114200C4FF0F000000C1C01E002165
:10351000141031110113413B02EC10D90871211430
:1035200000CA2C70305206714052B47221140760E8
:103530000760FF3055DC187100CA005212710ADEB4
:103540000E714ADE0A7155DE06713052927200C168
:10355000C41E0021108806982E1E073111450765EC
:103560000765414500C30C70084034130763FF33FF
:1035700007633145009158110849281118B875782A
:103580000BB8029810140763076302EC00CA02DB51
:10359000127155DE067202989C1854DE067202986B
:1035A0009C1801DB12710698600D06985C0D02EC08
:1035B00000CA0298FE1700C1BC1E002114147C49E9
:1035C0000698600D40522E7204DBE07190B863786B
:1035D0000698881804486E7200BA0698600D211388
:1035E000141000C1FF0F0000113A10525471015223
:1035F000113A067104B88C7000BA0698600D21115A
:10360000FF3207611114911010D82271073103DDC8
:103610001C7200C1C81E00211411FF311152067125
:103620000AB8D4708CB97C790298FE1741108130A9
:1036300081DC0E72076A034A076A0F4A0698181B54
:103640000298FE171410FFBC013C0698BE1B02EC4A
:1036500000CA02EC00C902EC00CB076A3142076ADB
:1036600021410F3302EC00CD02EC00CA0040087289
:10367000211302EC00CA07621142911110D92A717C
:1036800021110F3103DD227200C1C81E0021141167
:10369000FF31076A00230C71115308710AB80298B0
:1036A000AE198CB97C79147021110F31076A02DDD3
:1036B0005A7101DD067103DD4A7200880AB9069865
:1036C000021B00902111FF32FFDE38712054387246
:1036D000FC25187202EC00CA01DE107202EC00CA6E
:1036E00018DE087288B877781A7006610040047294
:1036F000006180D90E714CBA477A06985A1B90B86F
:1037000043780298FE1704B89670FF32FF24F875CC
:103710000BB90698021B2110E03001584128E875CA
:10372000F83002601F32215A0125212DDA75012A55
:10373000D67602EC00CAFF20FA764111073101B8B3
:103740000698160D003AC071BA70004008710698CC
:10375000921B0470022106B81159112DAC7500A0FE
:1037600000C5A8100840311003600815011107605A
:10377000076007690F30F0311140081507630363D4
:103780003815281507622815076228157FBA2815ED
:1037900000BA28157FBA281590B8437818B87378FE
:1037A00000A00698CE1B11140CB900400A710064E9
:1037B0000AB90698921B03BD514400C5A8100840E1
:1037C000202A047528154815076448151815004067
:1037D000047238150764481500A00088408800C0AE
:1037E000C81E002104100760073000C420000840F4
:1037F0004414412C047201244138405004720121C8
:103800000094009000A000C0C81E002104100760B2
:103810000730074800A000C2C01E00212412211456
:10382000076AFF320CDE0A710D4A0671215A00A0A8
:10383000FF34411200A000C1B41E0021141100A0E9
:1038400030880698041E8111076102D90672029819
:10385000E01C88BB557B076120D906710298D01CFB
:103860000088A11007680698EE1B08211415FC2596
:1038700090BB5C7B5D7B00C1006008401411073188
:10388000FE21307608D82A725113FC23341304DB4E
:103890002071076BFF33315B00C1087008401411C1
:1038A000076180490C71FF313029607590BB7B7BCB
:1038B0001C707B7B7C7B00DD04717D7B01BB38153C
:1038C0008113076B4033067118BB717BEC255413D1
:1038D00000DF5471042505DF54715415211120882F
:1038E00006987A0D009251293E7500C1006008408B
:1038F000141102DB0C710731315B31292A760C700F
:1039000004DF0872006180D91E720698EE1B00C0A9
:10391000087008400698481E0698EE1B1411FFD93F
:1039200060720298261D0090009300A05415A1110A
:10393000076910D9A672082508D8A071082510D8E3
:103940009A712088211106987A0DFC255412112AAB
:10395000F82554110C2520D80871F0255411102594
:10396000202904762159181500920298921C18B942
:103970007179811010D80A7188B8447800B84178FC
:1039800088B9747908B9677900F88110A0D80871EE
:1039900088B9497900A0076002D8FA710698EE1B31
:1039A000108806988A130762076210DA08710821E6
:1039B0001415F025541100C20020FEFF20291275B5
:1039C0000698541E01D90A7206982E0A0698D8083D
:1039D00000941CBB41100C200698C0124111082114
:1039E00014100698C0123128441111120761FF31DA
:1039F000FF32012210521072076918140424441374
:103A0000042438140C700769214118140824081480
:103A1000029884134044147100C1B81E002114158B
:103A20005113036B0FDB0C72066D0698A807411546
:103A300000A00698D80806988A1308BB5114069867
:103A40008C1D4415FC2554150298EA0788B900C35B
:103A5000B01E00213413076308DB1A718113A0DB49
:103A60000671497910706979076302DB087208B939
:103A7000677900F800A08111076102D9107188B937
:103A800075790698EE1B1411FF3100A0FFB900A054
:103A9000041008211411F421081100A081110761FC
:103AA000076110310E710698EE1B08211411F821E0
:103AB000141100A09B070000E83B0500F03F050043
:103AC000C8410500543D0500DC1F04010000000052
:103AD000000000000000000000000000F01F0201D4
:103AE0003F00370000000000FC1F01010000000043
:103AF0000400020001810100000100001800020022
:103B00000000000001000000280003000000000089
:103B10000000000000000000A4000300FF4C0000B3
:103B2000FF4D0000FF4D00000020010008070000CD
:103B300010200100AAAAAA00182001000060DA00E3
:103B40000830010013AC0001343001000100000016
:103B50004030010000000000A04001007A27000F63
:103B6000F4400100201000003441020080080000F1
:103B7000E687000044410100C0E6524D6041040068
:103B80000000000000000000060000000600000029
:103B90001460010010000000286003000000000312
:103BA0000000000000000000606002002941767102
:103BB000000000004C6101000100000020700400C2
:103BC000000000008200000000008001D50000001D
:103BD000487002003C3D0000BC19000078700100F4
:103BE00006E04900FFFFFFFFC83A050000000000A3
:103BF000003C050001000000000000000000000083
:103C0000243C0500809C2B8F80841E000000000057
:103C100027008C002012002000000000000000009F
:103C200000000000F81F01016C430500340004008F
:103C30001000000000000000F83000202007000005
:103C40004800010000040000540002000D0F0000B5
:103C500001010000A000010003C00100303001009C
:103C6000F93D1000B840010000C083004041010050
:103C7000E900880018600400300000461F080400B6
:103C80000020001000500A005060040018000500D9
:103C9000000A00000A00800011000A0078600C0091
:103CA0000F04000000000000140012005B948C1B45
:103CB0000000000001040B192C404C59605B534775
:103CC00036251B114AF33896674523121109000067
:103CD000E46007008208BA8C0000000064048207D8
:103CE000AC0DCB0C90200600F9541C0082940AC73E
:103CF00004610300C7EF1100A01B00000A88000048
:103D000020610100FFDF0000306107004CD4E83B78
:103D100004196F00080E141A20262C32383E103277
:103D20005476980A1D5F00001470011000F8070017
:103D300014700130F8000000187002000003000049
:103D40006000A58370700200060102000F9C030052
:103D5000FFFFFFFFC83A0500000000006C3D0500B2
:103D6000010000000000000000000000903D050080
:103D7000809C2B8F80841E000000000027008C0098
:103D800020120020000000000000000000000000E1
:103D9000F81F0101B84305003400040010000000C2
:103DA00000000000F830002020170000480001004B
:103DB00001040000540002000D0F0000010100008A
:103DC000A000010003C0010030300100F93D1000E7
:103DD000B840010000C0830040410100E9008800B4
:103DE00018600400300000461F0804000020001086
:103DF00000500A005060040018000500000A00008E
:103E00000A00800011000A0078600C000F04000016
:103E100000000000140012005B948C1B00000000E6
:103E200001040B192C404C59605B534736251B117C
:103E30004AF338966745231211090000E460070031
:103E40008208BA8C0000000064048207AC0DCB0C21
:103E500090200600F9541C0082940AC704610300F4
:103E6000C7EF1100A01B00000A88000020610100BC
:103E7000FFDF0000306107004CD4E83B04196F00FD
:103E8000080E141A20262C32383E10325476980A26
:103E90001D5F00001470011000F80700147001305D
:103EA000F800000018700200000300006000A58305
:103EB00070700200060102000F9C0300FFFFFFFF6D
:103EC000F81F0101D4420500340004000000000086
:103ED0000000000000000000A007000048000100F2
:103EE000000000005400020000000000000000007C
:103EF000A0000100FF4C000030300100E33810004A
:103F0000B840010000C08300404101006D008800FE
:103F100018600400000000C61FC00100005000002F
:103F2000008000005060040018000500410C0000F3
:103F3000080000009100040078600C008C000C0068
:103F40000000000014001A00000000000000000043
:103F500001040B192C404C59605B534736251B114B
:103F60004AF338966745231211090000E460070000
:103F70008F0846CB0000000023086404D007CB481C
:103F800091200600F9541C008294EA870461030022
:103F900051551100B01B000089BB000020610100D9
:103FA000FFDF000030610700E853FA000000000066
:103FB0000000000000000000000000000000000001
:103FC000000000001470011000F8070014700130A8
:103FD000F800000018700200000300006000A583D4
:103FE00070700200054100000F9C0300FFFFFFFFFF
:103FF000C83A050000000000084005000400000069
:104000000000000000000000C03E0500809C2B8FD7
:1040100080841E00000000002400FF7F201200208A
:10402000000000000000000000000000C03E05008D
:10403000809C2B8F80841E00000025002500B4008A
:10404000201200200000000000000000000000001E
:10405000C03E0500809C2B8F80841E00000026003F
:10406000260099002012002000000000000000003F
:1040700000000000C03E0500809C2B8F80841E0045
:10408000000027002700FF7F201200200000000012
:104090000000000000000000F81F0101204305009F
:1040A00034000400000000000000000000000000D8
:1040B000A0070000480001000000000054000200BA
:1040C0000000000000000000A0000100FF4C000004
:1040D0003030010011491000B840010000C0E30079
:1040E00040410100EA00880018600400000000C69A
:1040F0001FC000000050000000D0320050600400DB
:10410000FC006900410C00000000000011000800E4
:1041100078600C000804000000000000BE031A00D4
:10412000000000000000000001040C1A2F4653613B
:104130006862584935201407C491A063564433235C
:1041400022529224E46007008108A1CB0000000005
:10415000198407059411CB489920060001612000BD
:104160008294EA870461030065B611001E370000DF
:1041700089BB000020610100FFDF00003061070003
:10418000E853FA00000000000000000000000000FA
:10419000000000000000000000000000147001108A
:1041A00000F8070014700130F802000018700200D7
:1041B000000300006000278470700200C30000004C
:1041C0000F9C0300FFFFFFFFC83A0500000000003E
:1041D000E0410500060000000000000000000000B3
:1041E00098400500809C2B8F80841E0000000000FA
:1041F0002200FF7F201200200000000000000000CD
:104200000000000098400500809C2B8F80841E00D9
:10421000000023002300B600201200200000000050
:10422000000000000000000098400500809C2B8FDB
:1042300080841E000000240024009D002012002025
:104240000000000000000000000000009840050091
:10425000809C2B8F80841E000000250025007D009F
:1042600020120020000000000000000000000000FC
:1042700098400500809C2B8F80841E000000260043
:104280002600530020120020000000000000000063
:104290000000000098400500809C2B8F80841E0049
:1042A000000027002700FF7F2012002000000000F0
:1042B0000000000000000000193F0106041001008A
:1042C0000001010600102700000C000000000000A3
:1042D000000000000D0000001CC77100000000007D
:1042E000B8420500044405000000000018CC660038
:1042F00080DE800240420F0001010000E33800022E
:1043000000000000000000000000000000000000AD
:10431000000000005B420F000000000000000000F1
:104320000D000000388EE30000000000B8420500D8
:104330000C44050000000000E070720080DE800286
:1043400080841E00010100001149000200000000ED
:10435000000000000000000000000000000000005D
:1043600041841E0000000000000000000D0000005D
:104370000000800000000000B84205001444050061
:1043800000000000201089000048E80140420F00B2
:1043900001080000F93D00020000000000000000DC
:1043A000000000000000000000000000E9410F00D4
:1043B00000000000000000000D0000000000800070
:1043C00000000000B84205001C4405000000000089
:1043D000201089000048E80140420F00010200005F
:1043E000F93D000200000000000000000000000095
:1043F0000000000000000000E9410F000000000084
:104400000000000028A00000C4090000B45F000004
:104410005F050000FBD90200E7180000EBBE0000BA
:10442000E718000028120020000000000000000033
:10443000000000000000000000000000000000007C
:10444000000000000000000000000000000000006C
:10445000000000000000000000000000000000005C
:10446000000000000000000000000000000000004C
:10447000000000000000000000000000000000003C
:104480000000000000000000232D302B2000686C8D
:104490004C00656667454647003031323334353667
:1044A00037383941424344454600303132333435A0
:1044B0003637383961626364656600002001041193
:1044C00059A101002000040171A101002001040292
:1044D00099A101002002040495A001002005040711
:1044E000E99F01002003040F919F010020030406AF
:1044F000CD9F010020080410D9A00100200204056E
:10450000B1A00100200C040369A0010020030409EC
:1045100005A001002001040AB1A1010020024610FB
:1045200045A401002002460F15A40100200046000A
:1045300095A301002004460BCDA301002004460CE6
:10454000F1A3010020040A0F75A40100200505064F
:10455000DDA201002002050305A3010020000505DE
:044560002DA3010086
:08456400B4BDFA7F0100000064
:0C456C007845050000100020E100000070
:10457800E8C40400E8C6040000C00040020B020AB8
:104588000E1000000000000060670100000000003D
:1045980000C0004002000000D9160000781A002070
:1045A80050C7040068C7040000040140004204002A
:1045B8000206FFFF02080BFF0B000000C0EA210102
:1045C80000F04902C0EA210100800000C83D002037
:1045D8008813002068100020007007000090000079
:1045E800141F0020C8000000FE00000000000000AA
:1045F8003CFD0400C0EA21010100000021B50400CF
:104608002000000000000000000000000000000082
:104618000000000000000000C9A801000000000020
:1046280000000000000000007515010000000000F7
:104638000000000000000000F994010000000000E4
:104648000000000000000000E99E010000000000DA
:104658000000000000000000E9A4010000000000C4
:1046680000000000000000000F2A04000000000005
:1046780039A5010000000000000000000000000053
:104688002DA601000000000000000000B9AD0100E7
:104698000000000000FFFFFFFF00000028000000EE
:1046A8000000000000000000000000000000000002
:1046B80001000000010000001400000007000000D5
:1046C80002000000C80000003200000001000000E5
:1046D8006400000003000000020000001027000032
:1046E800140000000200000000000100080004009F
:1046F800040004000400100020000400040004006A
:104708001000040004000000000005080410000860
:10471800020203041000000040150020701500205C
:10472800201500207815002098150020DC140020A2
:104738008C160020E8140020981600206817002026
:10474800B4160020D0160020BC1600200415002046
:10475800E8160020F8160020FFFFFFFFFFFFFFFF0D
:10476800B81B050015AA0400FFFFFFFFC81B0500C2
:1047780003AE0400FFAD0400FFFFFFFF3D47030049
:10478800FFFFFFFFB3B00400FFFFFFFF31B40400D9
:10479800FFFFFFFF2812002000000000484405002A
:1047A80068440500284405000000000000000000DF
:1047B80000000000000000000000000000000000F1
:1047C80000000000000000000000000000000000E1
:1047D80000000000000000000000000000000000D1
:1047E80000000000000000000000000000000000C1
:1047F8000000000000000000000011112222010E3C
:104808000102030405060708090A101112130A0019
:1048180009000000596F7572204E616D6500020035
:104828000800000000000000000000002000040054
:10483800000000000000020010000000000000005E
:104848000000000000000000000000000A00010055
:104858000000000000000000050602000000000043
:1048680005070200FFFFFFFF000008070A00170006
:1048780000802000200020002000200020000107E8
:10488800A000A000000000000000000000000100DF
:104898000900030000000000FFFF010101041F01DF
:1048A80001BF8FAF7F8700370F10100004040F057A
:1048B800140A0101FF000A53696C6162734465665A
:1048C80061756C7455494428181D010301FFFF03E5
:1048D800FE000000044AD2F84C3143F0004330BFD8
:1048E800C2F84C31704700BF00300E40FD02000096
:0448F800D9020000E1
:040000030000AC65E8
:00000001FF
