S01B000062746D6573685F76656E646F725F636C69656E742E7333378B
S2140000000010002065AC00006BA403006BA4030086
S2140000106FBA03006BA403006BA403006BA4030079
S2140000206BA403006BA403006BA403006BA4030083
S2140000306BA40300E8FC0400ADA103006BA403005E
S2140000406BA403009FB004006BA403006BA4030022
S21400005079610300AFB00400ABB00400616903002F
S214000060A3B0040081B40000F1B500006BA4030047
S2140000700D170000C7A203006BA403006BA40300C7
S2140000806BA403006BA403000DB600006BA4030072
S2140000906BA403006BA403006BA403006BA4030013
S2140000A06BA403006BA403006BA403006BA4030003
S2140000B095690300A7B00400AD8403006505010040
S2140000C0D16903006BA40300114C03006BA403006A
S2140000D06BA403006BA403006BA403006BA40300D3
S2140000E06BA403006BA403006BA403006BA40300C3
S2140000F06BA403006BA403006BA4030000000000C5
S214000100013800D0FCE77047000000000000000047
S21400011001F0FF01102A2BDB10F0070F08D010F8B3
S214000120013B013A8B422DD010F0070F42B3F6D1B7
S214000130F0B441EA012141EA014122F007047FF0D0
S21400014000070023F0E80256083C85EA010586EA27
S214000150010685FA47F5A3FA87F586FA47F6A5FA63
S21400016087F68EB9EED1F0BC01F0FF0102F007026F
S21400017032B110F8013B013A83EA010313B1F8D11A
S2140001800020704701387047002D06BF35460338FB
S214000190073815F0010F07D1013015F4807F02BF34
S2140001A0013015F4C03F0130F0BC0138704700BF85
S2140001B070B5414C00238AB0E363054618B1008849
S2140001C0236018F0D3F83D4E3D484AF02DFC3D4BD9
S2140001D0336030463C4B736040F0D8FE002130461A
S2140001E032F070F932A3D3E90023A062C4E90623F3
S2140001F040F0D7FED4E90623194310434FF0FF33EF
S214000200C4E90601CDE900014FF0FF32A06A4AF0CA
S21400021074FC02224FF0FF31A06A4AF070FC012005
S21400022017F04EFD2949A06A4FF4007300224AF0E9
S214000230CDFCB0F5007F38D10023CDE90733099314
S21400024094223C23CDE903320593A06A962303A9A2
S214000250069332F059FA35B3287C18F03BF9054678
S214000260F0B9A06A4AF08FFD18F0DCF817F00AFD26
S21400027020B14FF48070002114F0ACFD17F012FD91
S21400028020B14FF40060002114F0A4FD40F04DFEB4
S214000290012032F06BF90E4A0E49A06A40F074FE57
S2140002A028460AB070BDFF20D7E70725F8E700BF4D
S2140002B00DD5015520000000F8130020F42C002076
S2140002C0690345EC517B0100E82C0020E82A002059
S2140002D0310F0400710F040010B5054C237833B9B4
S2140002E0044B13B10448AFF300800123237010BD04
S2140002F050190020000000006445050008B5034BB7
S2140003001BB103490348AFF3008008BD000000009E
S2140003105419002064450500A3F5803A704700BFD5
S214000320174B002B08BF134B9D46FFF7F5FF002128
S2140003308B460F461348144A121A4BF0F1F80E4B30
S214000340002B00D098470D4B002B00D0984700207C
S214000350002104000D000D48002802D00C48AFF321
S214000360008038F09DFC2000290039F013FF38F09B
S21400037083FC00BF00000800000000000000000032
S2140003800010002084130020C83D0020000000005C
S21400039000000000014B01221A707047E631002071
S2140003A0024A136803F5FA7313607047DC190020DD
S2140003B030B589B0444C454D39F0E2FF39F0E1FFE5
S2140003C0434920683BF07EF939F0DAFF39F0D9FF6F
S2140003D0404920683BF076F90AF0A6F80F21002382
S2140003E0042203200CF050FB3B4B4FF40042C3F8B2
S2140003F09C204FF4FA700FF07FFE1622002102A810
S2140004004BF08EF8354A162102A838F03BFE012143
S21400041002A839F0B2FF0123314A00934FF4FA7173
S214000420002330480AF058F939F0AAFF39F0A9FF3E
S2140004302D4920683BF046F9286800F08FFE00281A
S21400044036D139F09DFF39F09CFF284920683BF0F3
S21400045039F9286800F0B2FF80BB39F091FF39F017
S21400046090FF234920683BF02DF939F089FF39F0D9
S21400047088FF204920683BF025F939F081FF39F0E4
S21400048080FF1D4920683BF01DF901231B4A00939D
S21400049040F6B83100231A480AF01EF939F070FF0A
S2140004A039F06FFF174920683BF00CF909B030BDF2
S2140004B039F066FF39F065FF1349C7E739F060FF8A
S2140004C039F05FFF1149CDE7541B002020100020B3
S2140004D050B9040064B9040000A0004671B90400D5
S2140004E0A1030000A41900207CB9040094B90400FC
S2140004F0BCB90400E4B90400F8B904009503000090
S214000500E419002010BA0400AAB90400D2B9040005
S2140005102DE9F04395B06E4A137873B36D4D002302
S21400052013702868ADF818300DF11A0206A9ADF858
S2140005301A30ADF81C3000F0A7FE07A9044628685C
S214000540654D00F095FF0646D4B139F019FF39F035
S21400055018FFBDF81A30BDF81820604928683BF02F
S214000560B1F8B6B139F00CFF39F00BFFBDF81C201E
S2140005705B4928683BF0A6F8A4B915B0BDE8F0833F
S21400058039F0FEFE39F0FDFE564928683BF09AF831
S214000590E7E739F0F5FE39F0F4FE534928683BF0FA
S2140005A091F8EAE7BDF81C10BDF8180039F0E7FD31
S2140005B0064639F0E5FE39F0E4FE30462C6800F0D9
S2140005C0B1FD4FF47A630293BDF81C3001934FF4EB
S2140005D0FA730246454900932046BDF818303BF0B2
S2140005E071F8BDF81830424A162108A838F04AFDBE
S2140005F0304600F097FD3F4A034616210EA838F015
S21400060041FD022108A839F0B8FE03210EA839F0F2
S214000610B4FE022E8DF81760AFD84FF00109CDE971
S2140006200099354C0DF1170306F110070293FFB23F
S214000630A288618820883B461FF074FA804648B13D
S21400064039F09EFE39F09DFE2C49424628683BF064
S21400065039F892E7A288618820881FF085FA8046DC
S21400066030B139F08DFE39F08CFE25494246EDE773
S21400067039F086FE39F085FE3046D5F8008000F069
S21400068051FD204903463A4640463BF01BF8BDF86C
S2140006901830ADF81E300DF11E0302930223CDE98B
S2140006A000931323A288618820881FF03BFA002855
S2140006B07FF463AFA288618820881FF055FA39F06E
S2140006C05FFE39F05EFEBDF818200F49BEE700BF9A
S2140006D0E631002020100020541B00203BBA040006
S2140006E07FBA040060BA04009CBA0400BBBA0400D7
S2140006F0E4BA0400EBBA040088120020EEBA040044
S21400070018BB04003ABB040066BB0400F0B58FB00B
S2140007100368894A23F47F4323F00703934206467F
S21400072006D002F14072934200F088800FB0F0BD10
S214000730824BD3F898211ABBD3F89821002AFBD015
S21400074039F01EFE39F01DFE7D4B7E4918683AF0E2
S214000750B9FF1622002108A84AF0E2FE7A4A1621BE
S21400076008A838F08FFC022108A839F006FE1FF012
S214000770A9F80023754A76480093642109F0ACFF77
S2140007806F4D39F0FDFD39F0FCFD724928683AF0EE
S21400079099FF1FF04DF8044610B36F4928683AF0E9
S2140007A091FF6E4928683AF08DFF39F0E9FD39F07F
S2140007B0E8FD6B4B6B4A6C490093286840F28B133C
S2140007C03AF080FF69496A4A286823463AF07AFF79
S2140007D0204609F031FF674928683AF073FFFEE7C4
S2140007E0654C664920461AF0E7F9014668B107905D
S2140007F039F0C6FD39F0C5FD079928680A466049F4
S2140008000FB0BDE8F0403AF05DBF162208A84AF0E7
S21400081087FE2378049363780393A3780293E378A0
S2140008200193237900936379564A162108A838F075
S21400083029FC042108A839F0A0FD77E700238DF8ED
S214000840203044683E4D14F0200408D039F098FD5E
S21400085039F097FD4C4928683AF034FF0124736854
S21400086013F040070FD0494A49491478092C095D0E
S2140008708DF8201015BF01340021147011700EBFC2
S2140008800127012709241A0608D539F079FD39F021
S21400089078FD404928683AF015FF03247368DB05A5
S2140008A012D53D4B1B78012B0BBF022301230524D9
S2140008B004248DF8203039F063FD39F062FD3749A5
S2140008C028683AF0FFFE012708ABCDE90173344EE5
S2140008D001230093B2887188308823461FF022F9DE
S2140008E0044648B139F04CFD39F04BFD2D492246FF
S2140008F028683AF0E7FE19E739F042FD39F041FD85
S214000900294928683AF0DEFEB288718830881FF0E0
S2140009102BF9044630B139F033FD39F032FD234966
S2140009202246E5E739F02CFD39F02BFD20492868F2
S2140009303AF0C8FEFAE600BFA0000100002014420C
S214000940541B002081BB040091BB040055A103008A
S2140009506C1900209FBB04006CFC0400ABBB0400B9
S2140009601EC20400B0BB0400B9BB0400C8BB040030
S214000970C5BB0400DDBB0400DE310020E4310020EE
S21400098005BC040045BC040063BC0400E53100203F
S2140009903DC2040072BC04002A13002081BC04007F
S2140009A08812002095BC0400B6BC0400DCBC040021
S2140009B0F6BC04002DE9F04192B00368514A23F4D6
S2140009C07F4323F007039342054600F070832FD839
S2140009D002F17E42934200F052830BD8A2F57022B9
S2140009E0934254D002F5A022934200F0718212B0D6
S2140009F0BDE8F081444A934200F0F68102F5702289
S214000A009342F4D1162200210CA84AF089FD3F4AF1
S214000A1016210CA838F036FB02210CA839F0ADFCE4
S214000A2039F0AEFC39F0ADFC39493A4B1868D8E1DC
S214000A30394A934200F0E4810ED802F17C42934298
S214000A4000F0FF8102F140729342D0D139F098FC59
S214000A5039F097FC3149CCE1314A934200F0DD8110
S214000A6002F180729342C2D139F08AFC39F089FCD7
S214000A70B5F807300193B5F8093026480093B5F865
S214000A8005302A79274900683AF01CFEAFE7214C6A
S214000A90254E39F075FC39F074FC244920683AF08C
S214000AA011FE334633F8080B0193F3790093B379BC
S214000AB0B28871881FF06EF80746002848D01C4997
S214000AC020683AF0FFFD1B4920683AF0FBFD39F03C
S214000AD057FC39F056FC184B184A19490093206801
S214000AE040F2FB133AF0EEFD1649174A20683B46E3
S214000AF03AF0E8FD384609F09FFD144920683AF0C0
S214000B00E1FDFEE7A8002302A8001401A0C104002E
S214000B10AEC10400541B0020A80014073DBF04000B
S214000B20A80014088EBF04008812002031BD0400FF
S214000B306CFC0400ABBB04000BC20400B0BB04009A
S214000B40B9BB0400C8BB0400C5BB040042BD04001A
S214000B502D790CAF002D00F0CF8039F011FC39F064
S214000B6010FCBB4920683AF0ADFD0DF12D0304934F
S214000B700BAB03930DF12B0302930DF12A03CDE982
S214000B8000730DF12E03B288718830881EF060FF66
S214000B900546002800F0188139F0F2FB39F0F1FB29
S214000BA02A46BDF83030AB4920683AF08BFD39F064
S214000BB0E7FB39F0E6FBA84920683AF083FDA74B2F
S214000BC00022D86819680090CDE9012201205A68F1
S214000BD09B681EF07DFF054640B139F0D1FB39F029
S214000BE0D0FB9F4920682A463AF06CFD39F0C8FBD6
S214000BF039F0C7FB9B4920683AF064FDB3887288D9
S214000C00308800211EF0B8FE054640B139F0B8FB2A
S214000C1039F0B7FB924920682A463AF053FD39F07E
S214000C20AFFB39F0AEFB904920683AF04BFD00214F
S214000C304CF201030522CDE90311CDE90032029101
S214000C40B388728830881EF0CFFE054640B139F072
S214000C5097FB39F096FB824920682A463AF032FD27
S214000C6039F08EFB39F08DFB804920683AF02AFD7A
S214000C70B288718830884CF201031EF099FE054652
S214000C8040B139F07DFB39F07CFB754920682A4677
S214000C903AF018FD39F074FB39F073FB744920689C
S214000CA03AF010FD0022114601201EF04FFE0546C8
S214000CB040B139F065FB39F064FB694920682A4683
S214000CC03AF000FD39F05CFB39F05BFB69492068BF
S214000CD03AF0F8FC042102201EF024FE0546002807
S214000CE03FF485AE39F04CFB39F04BFB5C4920688D
S214000CF02A463AF0E7FC7AE639F042FB39F041FB47
S214000D005D4920685D4E3AF0DDFC2946384619F00C
S214000D1053FFBDF83030C3F30E03338039F030FB99
S214000D2039F02FFB3288564920683AF0CBFC39F070
S214000D3027FB39F026FB534920683AF0C3FC079599
S214000D403288464B0495CDE905526E461A4603F1A5
S214000D50100710685168354603C50832BA422E4659
S214000D60F7D1186859689A68DB681EF06DFD05466D
S214000D7010B3454920683AF0A5FC444920683AF08B
S214000D80A1FC39F0FDFA39F0FCFA414B414A4249E0
S214000D900093206840F20E233AF094FC3F49404A04
S214000DA020682B463AF08EFC284609F045FC3D4963
S214000DB020683AF087FCFEE7009003463A4A3B4834
S214000DC0642109F089FC12E6BDF830204CF20203DB
S214000DD09A427FF4E1AE39F0D3FA39F0D2FA3449C8
S214000DE020683AF06FFC02E639F0CAFA39F0C9FA20
S214000DF03049314B186812B0BDE8F0413AF062BC99
S214000E0039F0BEFA39F0BDFA2B4BAA882B49186880
S214000E1012B0BDE8F0413AF055BC39F0B1FA39F0FD
S214000E20B0FA28792649274AB5F80530002818BFB1
S214000E300A4621482449006812B0BDE8F0413AF05D
S214000E4041BC39F09DFA39F09CFA2049D1E700BF41
S214000E5078BD040022BE04005FBE04002DC204005C
S214000E6077BE04008CBE0400A5BE0400BFBE04000E
S214000E70D9BE0400E9BE04008EBD04004431002043
S214000E80A3BD0400BEBD04006CFC0400ABBB0400A4
S214000E900BC20400B0BB0400B9BB0400C8BB04000E
S214000EA0C5BB0400D5BD040055A103006C19002085
S214000EB004BE040001BF0400541B002016BF04003B
S214000EC00FBD040006BD040055BF040074BF040037
S214000ED039F056FA39F055FA2B7D0793EB7C0693DA
S214000EE06B7C0593B5F80F30049395F90E30039399
S214000EF0AB880293AB8901936B89744C00932B8962
S214000F00EA8873492068DFF818823AF0DBFB6FF056
S214000F10150705F116067F1B6A7DBB19934238DB61
S214000F2039F02EFA39F02DFA6A4920683AF0CAFBF1
S214000F30EB7C062B38D00A2B4ED0022B45D1D5F8A9
S214000F40165039F01DFA39F01CFA634B634A2768CD
S214000F5032EA250228BF1A464FF47A7895FBF8F64F
S214000F60304609924AF0A0FA089008FB16504AF05C
S214000F709BFA5B495B4D0E785B49DDE90832012E32
S214000F8018BF2946CDE90001584938463AF09AFB81
S214000F901BE039F0F5F939F0F4F916F8012B206862
S214000FA041463AF08FFBB7E74D4EAB7D337039F0D4
S214000FB0E7F939F0E6F931784B4A4A4B20680129BF
S214000FC018BF1A464A493AF07DFB39F0D9F939F08C
S214000FD0D8F9404920680EE7464EAB7D337039F0AD
S214000FE0CFF939F0CEF9327843492068434D3AF0CC
S214000FF069FB337803F0C002802A32D020D82AB3A7
S214001000402A29D02B688BB339F0BAF939F0B9F9F0
S21400101029683B4BB1FBF3F24EF66020002503FB3C
S21400102012130195B3FBF0F3B1FBF0F500FB1511BD
S2140010304FF47A752068B1FBF5F100913149A5E7C8
S214001040C02ADFD1304A23F0C00302E023F0C003F9
S214001050642253432B60D5E723F0C0034FF47A7223
S214001060F7E723F0C00342F21072F2E739F088F98E
S21400107039F087F9254920683AF024FBA5E71622BF
S21400108000210CA84AF04CFA214A16210CA837F089
S214001090F9FF02210CA839F070F903211D4839F038
S2140010A06CF939F06DF939F06CF91B49BDE416227C
S2140010B000210CA84AF034FA184A16210CA837F07A
S2140010C0E1FF02210CA839F058F990E4541B0020E7
S2140010D0DBBF04000DBA04001CBD04003F09050078
S2140010E02A13002026BD04001EBD04000CC1040007
S2140010F027C10400E731002033C10400E0190020B6
S21400110080EE36004CC10400C027090083C10400ED
S214001110C7C10400D3C10400DFC10400FEC104003F
S21400112008C10400022802460CD005D8064B074822
S214001130002A18BF18467047054B0648FF2A18BFF6
S21400114018467047044870474FC204005BC204004C
S21400115047C2040060C2040054C204002DE9F04FE8
S21400116089B0B2238DF808303E4B039301240DF16D
S214001170070300270DF1080903A980468DF80770BC
S214001180CDF81090ADF814400693ADF81C4009F069
S21400119053FF354D064648B139F0F2F839F0F1F80C
S2140011A0324928683AF08EFA38460FE09DF8073044
S2140011B0502B0ED039F0E4F839F0E3F89DF807200C
S2140011C02B49286850233AF07DFA304609B0BDE82E
S2140011D0F08F39F0D5F8DFF8ACB039F0D2F89DF8DA
S2140011E00720244928683AF06DFA4FF0020AA12336
S2140011F003A94046CDE903B98DF808308DF809609B
S214001200ADF814A009F018FF074640B139F0B8F859
S21400121039F0B7F8184928683AF054FAD5E7A02309
S2140012208DF8083003A903234046CDE903B98DF8AD
S2140012300930ADF814A009F0FFFE28B139F0A0F887
S21400124039F09FF80D49ACE778200EF055FF39F0DD
S21400125097F839F096F80A4928683AF033FA2046A3
S214001260B4E700BF52000400541B002065C204000F
S214001270A1C20400D6C20400F2C204001AC30400CD
S21400128041C30400520001002DE9F04188B0B423A8
S2140012908DF807301B4B03930DF10703049302AB45
S2140012A006930D460423012403A91646ADF8144000
S2140012B0ADF81C3009F0C0FEDFF85480074668B170
S2140012C039F05EF839F05DF80F49D8F800003A4674
S2140012D03AF0F8F9002008B0BDE8F081BDF8083013
S2140012E02B80BDF80A30338039F04AF839F049F8D7
S2140012F033882A880549D8F800003AF0E3F92046F2
S214001300E9E700BF5200040055C3040083C304008D
S214001310541B002070B586B08DF800100F4B01935B
S21400132001240D4601A9CDF808D0ADF80C40049272
S214001330ADF8144009F080FE064668B139F020F892
S21400134039F01FF806480749006833462A463AF03F
S214001350B9F9002006B070BD2046FBE72600040061
S214001360541B0020A0C3040030B587B0104B8DF886
S214001370001001930C46022301A98DF80120CDF838
S21400138008D0ADF80C3009F057FE054668B138F0C5
S214001390F7FF38F0F6FF0748074900682B46224655
S2140013A03AF090F9002007B030BD0120FBE700BFFF
S2140013B026000100541B0020CBC3040073B50DF1BA
S2140013C007020023812106468DF80730FFF7A2FFAB
S2140013D0214D044650B938F0D3FF38F0D2FF1F49EC
S2140013E028683AF06FF9204602B070BD9DF80730C5
S2140013F0212B17D038F0C4FF38F0C3FF9DF8072024
S2140014001749286821233AF05DF90A2283213046DD
S214001410FFF7AAFF044680B938F0B2FF38F0B1FFF4
S2140014201049DDE738F0ACFF38F0ABFF9DF8072039
S2140014300D4928683AF046F9E7E70222822130464D
S214001440FFF792FF04460028CDD138F099FF38F018
S21400145098FF0649C4E700BF541B0020F7C30400EA
S2140014601AC404007CC4040055C40400A2C40400CA
S21400147073B50E4600230DF10502802104468DF853
S21400148005308DF806308DF80730FFF743FF10B9AA
S214001490002002B070BD9DF80520802142F00802B1
S2140014A020468DF80520FFF75FFF0028F0D041F2B8
S2140014B088350DF1050280212046FFF72BFF002816
S2140014C0E6D09DF805309B0605F1FF350BD4002DC0
S2140014D0EFD138F055FF38F054FF104B104918681C
S2140014E03AF0F0F8D4E7002DF3D00DF1060287218C
S2140014F02046FFF70FFF0028CAD00DF1070288210B
S2140015002046FFF707FF0028C2D09DF806209DF86A
S214001510073043EA02233380BBE700BF541B00209A
S214001520C3C4040001481DF01FB800BFC8C60400AD
S21400153038B50AF00DFD0E480E4C01210AF05CF994
S2140015400122114600200AF037FC0225012211462E
S214001550C4F8805000200AF02FFC0122C4F8845002
S214001560114600200AF028FCC4F88850002038BD38
S21400157030253E0000400E4007B5204B01225A643D
S2140015801A6842F480721A6001A80BF059FE9DF8A2
S2140015900530012B03D89DF80430022B0DD9184BCB
S2140015A04FF41872C3F88C22164AC3F89022164AD3
S2140015B0C3F8F022154AC3F8F822154AD2F8A43127
S2140015C043F4F843C2F8A4310DF06AFC09F074F94C
S2140015D00DF002FC0DF050FC0DF014FCFFF7A8FF18
S2140015E03AF014F809F05AF909F0D6FB0AF01CF89C
S2140015F003B05DF804EB0EF0DFB800BF00000E404D
S21400160000400E409A6F050018010004008432085E
S21400161000300E4008B5044801210AF0EDF8BDE898
S2140016200840024809F0A4BC00350A000810002053
S21400163030B597B0214D0FCD0FAC0FC495E807001D
S214001640302384E807008DF855301D4A1D4BCDE940
S21400165003234FF08073059303F1022306934FF0A4
S214001660F0511E23CDE90713102200210BA849F0E4
S21400167057FF154B4FF44020CDE909030C238DF896
S2140016802C300D238DF82D30104B0C9320230D930A
S2140016900F4B009309A903AB0FAA0E480DF036FEB8
S2140016A09DF83A30002B04460CBF032100214FF46E
S2140016B0E13038F0ABFE204617B030BD34C704002A
S2140016C000000140003204001C000140E831002008
S2140016D01C1A0020781A0020012905D8034B1B6825
S2140016E0186808B1436A1847704700BF2C100020DE
S2140016F008B5044904480EF00BF9BDE80840FFF7AA
S21400170097BF00BF24100020701A002001483AF04E
S21400171046B900BF781A0020014B1A6A18681047AD
S214001720781A002008B5044838F0ADFEBDE8084039
S214001730024838F0A8BE00BF50C7040068C70400BF
S214001740F8B5084E084F0C4605460849306839F08B
S214001750B9FF013C2A5D3068394639F0B3FF013CD9
S214001760F8D2F8BD541B00205EBC040080C70400FD
S214001770F8B50B4E0B4F04460D4630680A4939F053
S214001780A1FF2544AC42306804D1BDE8F8400749C3
S21400179039F098BF14F8012B394639F093FFF1E77A
S2140017A0541B00205EBC040083C7040085C70400E9
S2140017B010B5074C38F0E4FD38F0E3FD0549206825
S2140017C039F080FF20680449BDE8104039F07ABF40
S2140017D0541B002087C7040097C7040038B504468A
S2140017E0D0B30368974A23F47F4323F0070393425A
S2140017F004F0458401F28E83A2F13472934206F01F
S2140018000A8600F2AD85A2F56D02934207F087873F
S21400181000F2D682A2F56812934207F04A8400F2DC
S2140018204581A2F59012934203F0FD8579D8A2F582
S214001830C022934203F03E840FD8A2F58022934242
S21400184003F07B8002F54032934203F0A383A2F5B7
S2140018508022934202F0078538BD7B4A934203F00C
S214001860E28402F54032934203F08685A2F5802298
S2140018709342F1D1754D38F083FD38F082FD7449FE
S214001880286839F01FFF7349286839F01BFFA288C3
S2140018907149286839F016FF7049286839F012FF38
S2140018A0E2886D49286839F00DFF6D49286839F0DF
S2140018B009FF22896849286839F004FF69492868C1
S2140018C039F000FF62896449286839F0FBFE6649F2
S2140018D0286839F0F7FE227B6449286839F0F2FE62
S2140018E06349286839F0EEFE627B6049286839F063
S2140018F0E9FE6049286839F0E5FEE289564928681D
S21400190039F0E0FE5C49286839F0DCFE217C04F101
S2140019101100FFF72DFF28685849BDE8384039F018
S214001920D1BE574A934203F08E8737D8A2F580225D
S214001930934203F0DA8602F58032934203F038874A
S214001940A2F50032934287D1404D38F019FD38F0A9
S21400195018FD4C49286839F0B5FE4B49286839F01F
S214001960B1FEA2883C49286839F0ACFE4749286891
S21400197039F0A8FEA2793D49286839F0A3FE44490B
S214001980286839F09FFEE2793849286839F09AFECF
S21400199028683A49BDE8384039F094BE3D4A93423B
S2140019A004F0F68502F5E022934207F01382A2F5D2
S2140019B0002293427FF450AF244D38F0E1FC38F01B
S2140019C0E0FC3549286839F07DFE2449286839F05E
S2140019D079FEA2882049286839F074FE20492868D4
S2140019E039F070FEE2881C49286839F06BFE2B49F6
S2140019F0286839F067FE227A1C49286839F062FEAA
S214001A002749286839F05EFE627A1849286839F056
S214001A1059FE2449286839F055FE62890E4928681F
S214001A2039F050FE2049286839F04CFEA2890A4950
S214001A30286839F047FE28681049BDE8384039F074
S214001A4041BE00BFA8002804A8001B00541B0020AD
S214001A502CD104004DD104003EBC040038D0040054
S214001A605ED10400D8C804006FD10400BFC70400CC
S214001A7079D1040067C9040083D1040097C7040025
S214001A80A800270031D30400B6CF040061D30400B9
S214001A906BD30400A800290007DA040031DA04003A
S214001AA046DA04005BDA040068DA0400A54A9342CA
S214001AB005F0848700F2AE80A2F5A022934205F0DE
S214001AC08E8354D8A2F54032934205F06C8002F51E
S214001AD08032934205F0AA82A2F5003293427FF448
S214001AE0BBAE994D38F04CFC38F04BFC9749286853
S214001AF039F0E8FD9649286839F0E4FDA288954952
S214001B00286839F0DFFD9449286839F0DBFDE28863
S214001B109049286839F0D6FD9049286839F0D2FDFA
S214001B2022898C49286839F0CDFD8D49286839F01E
S214001B30C9FD62898749286839F0C4FD8949286843
S214001B4039F0C0FD227B8849286839F0BBFD8749FB
S214001B50286839F0B7FDB4F80D207E49286839F0BA
S214001B60B1FD28688249BDE8384039F0ABBD814AEE
S214001B70934205F0998502F58032934205F0D985A7
S214001B80A2F5003293427FF467AE6F4D38F0F8FB53
S214001B9038F0F7FB7849286839F094FD77492868CB
S214001BA039F090FDA2886B49286839F08BFD6A49A8
S214001BB0286839F087FDE2886649286839F082FD92
S214001BC06649286839F07EFD22896249286839F01E
S214001BD079FD6349286839F075FD62895D49286892
S214001BE039F070FD6649286839F06CFD227B5E4945
S214001BF0286839F067FD6349286839F063FD627B21
S214001C005949286839F05EFD28685949BDE83840CA
S214001C1039F058BD5C4A934206F0C6805DD8A2F5FE
S214001C208022934206F0B28202F58032934205F09B
S214001C305F87A2F5003293427FF40EAE424D38F035
S214001C409FFB38F09EFB5149286839F03BFD42491E
S214001C50286839F037FDA2883E49286839F032FDF9
S214001C604B49286839F02EFDA01D0821FFF768FDB6
S214001C704849286839F026FDA27B3B49286839F098
S214001C8021FD4549286839F01DFDE27B3649286864
S214001C9039F018FD4149286839F014FD227C324994
S214001CA0286839F00FFD3E49286839F00BFDD4F856
S214001CB011203C49286839F005FD3B49286839F071
S214001CC001FDB4F915203949286839F0FBFC28686D
S214001CD02749BDE8384039F0F5BC354A934206F04E
S214001CE05E8302F5003293427FF4B6AD164D38F0AF
S214001CF047FB38F046FB2F49286839F0E3FC1649C5
S214001D00286839F0DFFCA2881249286839F0DAFC26
S214001D102949286839F0D6FCA2791349286839F091
S214001D20D1FC2649286839F0CDFCB4F807200949CB
S214001D30286839F0C7FC28680D49BDE8384039F0F6
S214001D40C1BC00BFA8005100541B002063DF040084
S214001D505ED104003EBC040038D004004DD104001F
S214001D60CDD0040086D20400BFC70400E1DE040024
S214001D7097C70400A8004E00CEE304009BD00400E2
S214001D80EAE30400F7E30400A800570029E904008A
S214001D9047E9040055E9040061E904006FE904001E
S214001DA080E9040090E9040094E904008CCD040066
S214001DB0A8005800E2F20400DEC90400FEEC0400AD
S214001DC0A04A934207F0398000F20881A2F58812F3
S214001DD0934203F092837FD8A2F5E022934203F069
S214001DE0F18041D8A2F58022934202F0688202F583
S214001DF08032934202F02E86A2F5A01293427FF420
S214001E002BAD914D38F0BCFA38F0BBFA8F492868F4
S214001E1039F058FC8E49286839F054FCA2888D4960
S214001E20286839F04FFC8C49286839F04BFCA279B9
S214001E308A49286839F046FC8949286839F042FC06
S214001E40E2798649286839F03DFC8649286839F0E9
S214001E5039FCA2688449286839F034FC286883492C
S214001E60BDE8384039F02EBC814A934203F09F818A
S214001E7002F58032934203F0F781A2F500329342D6
S214001E807FF4EAAC704D38F07BFA38F07AFA79498C
S214001E90286839F017FC7849286839F013FCA288BE
S214001EA06C49286839F00EFC7449286839F00AFC39
S214001EB0E2886849286839F005FC7149286839F0D5
S214001EC001FC227A6549286839F0FCFB28686749D6
S214001ED0BDE8384039F0F6BB6A4A934203F0CB843B
S214001EE02FD8A2F58022934203F0208402F5803298
S214001EF0934203F07E84A2F5003293427FF4ACACAA
S214001F00514D38F03DFA38F03CFA5F49286839F010
S214001F10D9FB5E49286839F0D5FBA2884D49286868
S214001F2039F0D0FB5A49286839F0CCFBA2794B49E6
S214001F30286839F0C7FB28684C49BDE8384039F0B6
S214001F40C1BB544A934204F0E88002F580329342C3
S214001F507FF482AC3C4D38F013FA38F012FA4E4952
S214001F60286839F0AFFB4D49286839F0ABFBA288EA
S214001F703849286839F0A6FB4949286839F0A2FB99
S214001F80E2883449286839F09DFB4649286839F0CC
S214001F9099FB08216018FFF7D3FB4349286839F0FE
S214001FA091FB228A2B49286839F08CFB3F49286828
S214001FB039F088FB628A2749286839F083FB3C4958
S214001FC0286839F07FFBA28A2249286839F07AFB14
S214001FD028682649BDE8384039F074BB354A934234
S214001FE005F0018400F2B680A2F5C022934204F008
S214001FF01F8665D8A2F50032934204F0548302F59A
S2140020008032934204F08584A2F5B81293427FF49E
S21400201023AC0D4D38F0B4F938F0B3F926492868EA
S21400202039F050FB2549286839F04CFB22790B49DA
S214002030286839F047FB28680C49BDE8384039F075
S21400204041BB00BFA8003001541B0020BECF0400D7
S214002050E2CF04003EBC0400EBCF0400BFC7040080
S214002060F4CF0400FDCF0400DBC7040097C70400CC
S214002070A8001A010CD10400D8C804007CCF0400C4
S214002080E9D00400A800270175D30400C6C70400E1
S214002090A0D30400A8002801D8DD040038D004002E
S2140020A04DD104004EDB04000DDC040098DD040076
S2140020B01CDC0400A8004F01A2F20400D5F20400C4
S2140020C08A4A934205F0C78002F58032934205F0B3
S2140020D08081A2F5403293427FF4BEAB844D38F047
S2140020E04FF938F04EF98349286839F0EBFA8249FF
S2140020F0286839F0E7FAA2888049286839F0E2FAB9
S2140021007F49286839F0DEFAE2887C49286839F089
S214002110D9FA7C49286839F0D5FA227A7A492868AB
S21400212039F0D0FA7949286839F0CCFA627A7649DB
S214002130286839F0C7FA7649286839F0C3FAA17AD0
S21400214004F10B00FFF714FB28687249BDE838401D
S21400215039F0B8BA704A934206F0838041D8A2F5A7
S2140021600032934205F0668402F58032934205F011
S2140021704C87A2F5003293427FF46EAB5C4D38F08C
S214002180FFF838F0FEF86549286839F09BFA64498C
S214002190286839F097FAA2885849286839F092FAE0
S2140021A05549286839F08EFAE2885449286839F08B
S2140021B089FA5C49286839F085FA22894F492868E7
S2140021C039F080FA5849286839F07CFA62894B4918
S2140021D0286839F077FA28684E49BDE8384039F063
S2140021E071BA524A934205F0E18402F58032934276
S2140021F07FF432AB3E4D38F0C3F838F0C2F84C49A5
S214002200286839F05FFA3C49286839F05BFAA288FA
S2140022103A49286839F056FA3A49286839F052FAA5
S214002220A2793949286839F04DFA4249286839F0C8
S21400223049FAE2793449286839F044FA3E49286870
S21400224039F040FA22892D49286839F03BFA3B4993
S214002250286839F037FAA27A2B49286839F032FA1A
S2140022603749286839F02EFAE27A2749286839F083
S21400227029FA3449286839F025FA227B2249286849
S21400228039F020FA3049286839F01CFA627B1E497A
S214002290286839F017FA2D49286839F013FAA27B16
S2140022A01949286839F00EFA2949286839F00AFAD7
S2140022B0E27B1549286839F005FA2649286839F07E
S2140022C001FA22692449286839F0FCF9234928686C
S2140022D039F0F8F9A28A0949286839F0F3F928682C
S2140022E00C49BDE8384039F0EDB900BFA8004C01F4
S2140022F0541B002013E2040038D004003EBC040047
S2140023005ED104001AC90400BFC70400B6CF04009B
S21400231040E2040097C70400A800530106E6040044
S2140023209BD004004DD10400CDD00400A800540179
S214002330B2E704005EE7040065E704006DE704000A
S21400234073E704007AE7040083E704008CE70400E0
S2140023509AE704001CD30400DBC70400A3E70400CC
S214002360AE4A934206F0738700F22083A2F57C12F1
S214002370934203F0FC8100F29381A2F53802934267
S21400238007F0EF8100F2A680A2F5E022934207F064
S2140023903F805CD8A2F50032934206F0F58602F53F
S2140023A08032934206F0E487A2F5102293427FF42F
S2140023B053AA9B4D37F0E4FF37F0E3FF99492868AE
S2140023C039F080F99849286839F07CF9A28897494D
S2140023D0286839F077F99649286839F073F9E28861
S2140023E09249286839F06EF99249286839F06AF9F6
S2140023F0227A9149286839F065F99049286839F0B9
S21400240061F9627A8C49286839F05CF98C49286849
S21400241039F058F9A27A8849286839F053F9894979
S214002420286839F04FF9E27A8349286839F04AF982
S2140024308549286839F046F9227B7F49286839F0B3
S21400244041F928688149BDE8384039F03BB9804AEF
S214002450934207F0BD8002F58032934207F01A815E
S214002460A2F5403293427FF4F7A96D4D37F088FF0E
S21400247037F087FF7749286839F024F976492868C5
S21400248039F020F962687549286839F01BF97449F3
S214002490286839F017F9227A6749286839F012F95E
S2140024A07049286839F00EF9B4F809205F492868A1
S2140024B039F008F96C49286839F004F9B4F80B20AB
S2140024C05A49286839F0FEF828686049BDE838405F
S2140024D039F0F8B8654A934202F0958553D8A2F5CC
S2140024E08022934201F00D8702F58032934202F07B
S2140024F01983A2F5A01293427FF4AEA9484D37F097
S2140025003FFF37F03EFF5A49286839F0DBF8594953
S214002510286839F0D7F8A2884449286839F0D2F8F4
S2140025205549286839F0CEF8A2794349286839F029
S214002530C9F83D49286839F0C5F8E2793E49286867
S21400254039F0C0F84D49286839F0BCF82289374977
S214002550286839F0B7F84A49286839F0B3F862892C
S2140025603249286839F0AEF84649286839F0AAF8A2
S214002570A2892E49286839F0A5F828683349BDE8AD
S214002580384039F09FB8404A934202F0F28702F58D
S2140025904032934203F02980A2F5002293427FF452
S2140025A05BA91F4D37F0ECFE37F0EBFE3749286885
S2140025B039F088F83649286839F084F8A2881B492B
S2140025C0286839F07FF81849286839F07BF8E288DF
S2140025D01649286839F076F82E49286839F072F8D6
S2140025E022891249286839F06DF82B49286839F095
S2140025F069F862890D49286839F064F8274928681F
S21400260039F060F8227B0C49286839F05BF82868B6
S2140026100E49BDE8384039F055B800BFA800620240
S214002620541B002010F3040038D004003EBC040005
S214002630C6C7040031ED0400BFC7040040ED040027
S21400264050ED04005DED0400B2E2040097C70400FC
S214002650A8006801F6F504007CCF0400DBC7040080
S21400266012F604004CDC040020F60400A800180251
S21400267011D00400E2CF0400EBCF040067C90400C9
S21400268073C9040037C80400A8001F02BDD10400A7
S2140026904DD104005ED10400D8C80400E8D104007F
S2140026A0A44A934204F0D18600F29380A2F5A022B9
S2140026B0934204F08F812FD8A2F5C012934206F001
S2140026C0018402F5B812934204F03380A2F500129A
S2140026D093427FF4C1A8984D37F052FE37F051FE72
S2140026E09649286838F0EEFF9549286838F0EAFFE2
S2140026F062689449286838F0E5FF9349286838F0FE
S214002700E1FF217A04F10900FFF732F828688F49C3
S214002710BDE8384038F0D6BF8D4A934204F0C284F4
S21400272002F50032934204F00586A2F54032934249
S2140027307FF492A8804D37F023FE37F022FE8549BD
S214002740286838F0BFFF8449286838F0BBFFA288A5
S2140027508249286838F0B6FF8149286838F0B2FF09
S214002760E2887E49286838F0ADFF7E49286838F050
S214002770A9FF22897949286838F0A4FF7A49286891
S21400278038F0A0FF62897549286838F09BFF7749C2
S214002790286838F097FF227B7549286838F092FF42
S2140027A07449286838F08EFFB4F80D206B49286805
S2140027B038F088FF7049286838F084FFE17B04F120
S2140027C01000FEF7D5FF28686049BDE8384038F0AD
S2140027D079BF6A4A934205F0948541D8A2F5003243
S2140027E0934205F0638102F58032934205F04284FD
S2140027F0A2F5003293427FF42FA84F4D37F0C0FD6C
S21400280037F0BFFD5E49286838F05CFF5D492868F0
S21400281038F058FFA2885149286838F053FF5049CD
S214002820286838F04FFFE2884C49286838F04AFF9D
S2140028304949286838F046FF22894849286838F010
S21400284041FF4949286838F03DFF628943492868B6
S21400285038F038FF28683D49BDE8384038F032BFC8
S214002860494A934205F0398202F5403293427EF49B
S214002870F3AF314D37F084FD37F083FD43492868C8
S21400288038F020FF3649286838F01CFFA288334904
S214002890286838F017FF3049286838F013FFE288B8
S2140028A02E49286838F00EFF3949286838F00AFFA4
S2140028B022892A49286838F005FF3649286838F002
S2140028C001FF04F10A001021FEF73AFF324928689A
S2140028D038F0F8FEA27E2649286838F0F3FE2F4925
S2140028E0286838F0EFFEE27E2149286838F0EAFED4
S2140028F02B49286838F0E6FEA28B1849286838F07D
S214002900E1FE2849286838F0DDFEE28B1349286886
S21400291038F0D8FE2449286838F0D4FE94F82020F1
S2140029201349286838F0CEFE28680849BDE83840C4
S21400293038F0C8BEA8004D02541B002044D5040041
S2140029407CCF0400DBC7040063D5040097C70400EF
S214002950A8004A02FDE004004DD104003EBC04007D
S21400296038D004005ED10400CDD0040086D2040026
S214002970BFC70400E1DE040020E10400A800530203
S2140029801CE604009BD00400A8005502A7EB040038
S214002990CAEB0400DAEB0400A5D60400ECEB040056
S2140029A019E9040000EC0400C8DD0400934A9342D1
S2140029B004F0B68100F25E81A2F51C12934202F08A
S2140029C05B8600F28B80A2F53702934206F0FF8604
S2140029D04BD8A2F5E022934206F04E8502F500326F
S2140029E0934206F0B285A2F5403293427EF434AFAD
S2140029F0834D37F0C5FC37F0C4FC8249286838F0B0
S214002A0061FE8149286838F05DFE22797F49286892
S214002A1038F058FE7E49286838F054FE62797B49C3
S214002A20286838F04FFE7B49286838F04BFED4F80B
S214002A3006207949286838F045FE7849286838F035
S214002A4041FEA27A7149286838F03CFE744928682D
S214002A5038F038FEE27A6D49286838F033FE286888
S214002A607049BDE8384038F02DBE6F4A934201F0F9
S214002A70698402F58032934202F07480A2F5A012B7
S214002A8093427EF4E9AE5E4D37F07AFC37F079FC7F
S214002A906649286838F016FE6549286838F012FE40
S214002AA0A2886449286838F00DFE6349286838F023
S214002AB009FEA2795549286838F004FE5F4928685F
S214002AC038F000FEB4F807205A49286838F0FAFDB6
S214002AD028685449BDE8384038F0F4BD584A934257
S214002AE006F02E8230D8A2F50022934203F0C4836B
S214002AF002F58032934203F08F85A2F500329342AE
S214002B007EF4AAAE3E4D37F03BFC37F03AFC4D491A
S214002B10286838F0D7FD4C49286838F0D3FDA288DD
S214002B204449286838F0CEFD4849286838F0CAFD80
S214002B30D4F806203849286838F0C4FD2868394992
S214002B40BDE8384038F0BEBD414A934203F0708677
S214002B5002F5803293427EF47FAE294D37F010FCAA
S214002B6037F00FFC3B49286838F0ACFD3A49286836
S214002B7038F0A8FDA2882F49286838F0A3FD374909
S214002B80286838F09FFDE2882A49286838F09AFDC0
S214002B903349286838F096FD22892649286838F097
S214002BA091FD3049286838F08DFD628921492868F2
S214002BB038F088FD2C49286838F084FD227B1349BC
S214002BC0286838F07FFD2949286838F07BFDB4F87E
S214002BD00D201849286838F075FD2549286838F012
S214002BE071FDB4F80F201349286838F06BFD28688B
S214002BF00C49BDE8384038F065BD00BFA800490361
S214002C00541B002037F50400BBF40400BFC70400C3
S214002C10D0F40400E6F40400DBC70400BBF30400B1
S214002C20F8F4040097C70400A800140345D0040075
S214002C30E2CF04003EBC0400EBCF040072D00400D8
S214002C40A800300374D50400D8C804007CCF040064
S214002C50A800470314E004005ED1040038D0040046
S214002C604DD10400CDD0040086D20400E1DE04007D
S214002C7041E004008E4A934205F02A8400F2A480C4
S214002C80A2F5C022934205F02A8253D8A2F5A022CC
S214002C90934204F0208402F54032934204F0F28519
S214002CA0A2F5802293427EF4D7AD824D37F068FBC2
S214002CB037F067FB8049286838F004FD7F492868AC
S214002CC038F000FDA2887E49286838F0FBFC7D4974
S214002CD0286838F0F7FCE2887949286838F0F2FC72
S214002CE07949286838F0EEFC22897549286838F05A
S214002CF0E9FC7649286838F0E5FC6289704928685E
S214002D0038F0E0FC7249286838F0DCFCA2896C498F
S214002D10286838F0D7FC6F49286838F0D3FCA17BC8
S214002D2004F10F00FEF724FD28686B49BDE8384023
S214002D3038F0C8BC694A934204F0FA8702F50032BC
S214002D40934205F09980A2F5802293427EF484ADEA
S214002D50584D37F015FB37F014FB6149286838F0FA
S214002D60B1FC6049286838F0ADFCA2885449286850
S214002D7038F0A8FC5349286838F0A4FCE28850498B
S214002D80286838F09FFC5049286838F09BFC228958
S214002D904B49286838F096FC4C49286838F092FC75
S214002DA062894749286838F08DFC4F49286838F012
S214002DB089FC227B4D49286838F084FC28684649FF
S214002DC0BDE8384038F07EBC494A934201F0E482C0
S214002DD042D8A2F53002934206F0798302F500321B
S214002DE0934206F0D383A2F5502293427EF434AD8C
S214002DF0304D37F0C5FA37F0C4FA3E49286838F047
S214002E0061FC3049286838F05DFCA2882C492868A7
S214002E1038F058FC2C49286838F054FCE2882849D9
S214002E20286838F04FFC3449286838F04BFC227A82
S214002E302E49286838F046FC3049286838F042FCAD
S214002E40B4F809201E49286838F03CFC2868224956
S214002E50BDE8384038F036BC294A934202F0368442
S214002E6002F5A02293427EF4F7AC124D37F088FAB2
S214002E7037F087FA2349286838F024FC2249286866
S214002E8038F020FCA2880E49286838F01BFC1F4941
S214002E90286838F017FCD4F806201D49286838F052
S214002EA011FC28680C49BDE8384038F00BBC00BF60
S214002EB0A8005803541B00209EE304009BD0040087
S214002EC03EBC040038D004005ED10400CDD004001F
S214002ED0E1DE0400BDE3040097C70400A800550324
S214002EE015EB04004DD10400A4EA0400BFC704009B
S214002EF0A8001404D7EE0400EBCF0400FCEE040098
S214002F00A800220497D50400D8C804007CCF04008B
S214002F10DBC704009A4A934201F02C8300F23C85FA
S214002F2002F17B4202F58A02934205F0E38500F245
S214002F30DF82A2F18672934204F0098300F29B813D
S214002F40A2F57502934205F0E48200F29A80A2F59B
S214002F507022934203F03D8749D8A2F5003293428F
S214002F6003F0B58402F58032934203F0A185A2F502
S214002F70F81293427EF470AC824D37F001FA37F0C7
S214002F8000FA8149286838F09DFB8049286838F0A7
S214002F9099FBA2887E49286838F094FB7D4928680A
S214002FA038F090FBE2887A49286838F08BFB7A493B
S214002FB0286838F087FB08216018FEF7C1FB7749C0
S214002FC0286838F07FFB228A7149286838F07AFB37
S214002FD07349286838F076FB628A6D49286838F0AD
S214002FE071FB28686F49BDE8384038F06BBB6E4A05
S214002FF0934204F0C18402F5E022934204F07787FE
S214003000A2F5202293427EF427AC5E4D37F0B8F945
S21400301037F0B7F96549286838F054FB64492868E2
S21400302038F050FBA2885A49286838F04BFB5749BD
S214003030286838F047FBE2885549286838F042FB94
S2140030405C49286838F03EFB22895149286838F0E8
S21400305039FB5949286838F035FB62894C4928689D
S21400306038F030FB5549286838F02CFBE2685449A4
S214003070286838F027FB28684A49BDE8384038F009
S21400308021BB504A934203F0A08000F2B380A2F521
S214003090A012934201F0A98102F59812934202F021
S2140030A00C84A2F54E0293427EF4D6AB354D37F033
S2140030B067F937F066F94449286838F003FB334966
S2140030C0286838F0FFFAA2883149286838F0FAFAFA
S2140030D03E49286838F0F6FAE2882D49286838F024
S2140030E0F1FA3B49286838F0EDFA22892849286821
S2140030F038F0E8FA3749286838F0E4FA6289244953
S214003100286838F0DFFA3449286838F0DBFAA289F4
S2140031101F49286838F0D6FA3049286838F0D2FABD
S214003120A27B2F49286838F0CDFA2E49286838F057
S214003130C9FAE27B2A49286838F0C4FA2A4928687E
S21400314038F0C0FA227C2649286838F0BBFA2749AE
S214003150286838F0B7FA627C2149286838F0B2FA55
S2140031602349286838F0AEFAA27C1D49286838F052
S214003170A9FA28680B49BDE8384038F0A3BA00BF62
S214003180A800140B541B002028DE040038D00400CE
S2140031903EBC04004DD104004EDB04000DDC0400F0
S2140031A01CDC040097C70400A8005004A8E4040030
S2140031B09BD00400B1D00400CDD00400D1E40400BC
S2140031C0DBC70400A80028050EEF04005ED104004B
S2140031D01AC90400FCEE0400C6C704003BCE040077
S2140031E0BFC7040040ED040031EF04005DED0400AD
S2140031F0B2E20400A04A934203F0B38402F58032A0
S214003200934203F02B86A2F5C81293427EF424ABB9
S2140032109A4D37F0B5F837F0B4F89949286838F081
S21400322051FA9849286838F04DFAA28896492868D5
S21400323038F048FA9549286838F044FAE288924906
S214003240286838F03FFA9249286838F03BFA227A24
S2140032509049286838F036FA8F49286838F032FAEC
S214003260627A8C49286838F02DFA28688B49BDE8C0
S214003270384038F027BA8A4A934203F0308051D853
S214003280A2F54F02934205F0F98325D8A2F5003245
S214003290934204F0448602F58032934205F05A8148
S2140032A0A2F5002293427EF4D7AA744D37F068F850
S2140032B037F067F87B49286838F004FA7A492868B6
S2140032C038F000FA2179601DFEF752FA2868734933
S2140032D0BDE8384038F0F6B9744A934201F092845B
S2140032E002F59012934202F00983A2F598129342D7
S2140032F07EF4B2AA614D37F043F837F042F86C49D5
S214003300286838F0DFF95F49286838F0DBF9A288CA
S2140033105D49286838F0D6F928686049BDE8384025
S21400332038F0D0B9634A934204F032815FD8A2F5F0
S214003330E812934205F08A8602F5C812934203F01B
S214003340DC85A2F5001293427EF486AA4B4D37F038
S21400335017F837F016F85849286838F0B3F957497F
S214003360286838F0AFF9A2884749286838F0AAF9E3
S2140033705349286838F0A6F9A2794649286838F0F3
S214003380A1F95049286838F09DF9E01D0821FEF79C
S214003390D7F94D49286838F095F9D4F80F204B49ED
S2140033A0286838F08FF94A49286838F08BF9B4F85D
S2140033B013203549286838F085F94649286838F0DA
S2140033C081F9D4F815204149286838F07BF942493C
S2140033D0286838F077F9B4F819202B49286838F0AF
S2140033E071F928682D49BDE8384038F06BB93B4A7A
S2140033F0934204F0B58502F5803293427EF42CAAFF
S2140034001E4D36F0BDFF36F0BCFF3549286838F053
S21400341059F92A49286838F055F9A2881A492868BF
S21400342038F050F92F49286838F04CF9E2881649E8
S214003430286838F047F92C49286838F043F9A2681C
S2140034402249286838F03EF91E49286838F03AF9CB
S21400345004F10C000821FEF773F92449286838F0B7
S21400346031F9217D04F11500FEF782F928680B4931
S214003470BDE8384038F026B9A8004805541B00209F
S21400348018F20400D8C804003EBC0400E2CF0400D2
S214003490EBCF0400BFC70400DEC9040097C70400D2
S2140034A0A80028067FE60400A0E60400A80015068B
S2140034B0B9C80400A8004D066EDD040038D004002C
S2140034C08CDD04004EDB040058DB0400DBC7040080
S2140034D00DDC04001CDC040098DD0400A800570680
S2140034E082EC04004DD10400A7EC0400AEEC04000E
S2140034F0964A934205F0588000F2608102F17E42BF
S21400350002F57F02934204F04C8563D8A2F53C1284
S214003510934202F00E8726D8A2F59812934201F045
S214003520888302F59012934202F03A82A2F598122E
S21400353093427EF491A9864D36F022FF36F021FFA5
S2140035408449286838F0BEF88349286838F0BAF805
S214003550A2888249286838F0B5F828688049BDE80E
S214003560384038F0AFB87F4A934203F0158502F52D
S2140035708022934204F06E80A2F5101293427EF4ED
S2140035806BA9734D36F0FCFE36F0FBFE76492868D4
S21400359038F098F87549286838F094F8A2886F498A
S2140035A0286838F08FF87249286838F08BF8E28877
S2140035B06A49286838F086F86E49286838F082F834
S2140035C008216018FEF7BCF828686549BDE8384051
S2140035D038F078B8684A934202F0048200F283809A
S2140035E0A2F59812934200F0638702F58032934268
S2140035F001F05183A2F53C0293427EF42DA9544D6E
S21400360036F0BEFE36F0BDFE5C49286838F05AF843
S2140036105649286838F056F8A2885049286838F085
S21400362051F85749286838F04DF8E2884B49286821
S21400363038F048F85349286838F044F8227A524956
S214003640286838F03FF85149286838F03BF8627A25
S2140036504D49286838F036F84D49286838F032F871
S21400366062893E49286838F02DF84A49286838F0BB
S21400367029F8A2893949286838F024F84649286884
S21400368038F020F8A27B4049286838F01BF84349F8
S214003690286838F017F8B4F80F203049286838F052
S2140036A011F83F49286838F00DF8627C36492868DA
S2140036B038F008F83B49286838F004F8A27C32490C
S2140036C0286837F0FFFF3849286837F0FBFFB4F862
S2140036D013202249286837F0F5FF28682049BDE8FE
S2140036E0384037F0EFBF314A934202F0778602F552
S2140036F0803293427EF4B0A8154D36F041FE36F087
S21400370040FE2B49286837F0DDFF1849286837F057
S214003710D9FFA2881149286837F0D4FF25492868C0
S21400372037F0D0FFE2880D49286837F0CBFF2249F2
S214003730286837F0C7FF217A04F10900FEF718F869
S21400374028680749BDE8384037F0BCBFA8005808CD
S214003750541B0020E1C80400D8C804003EBC040086
S21400376097C70400A800490747DE040038D00400C5
S2140037704DD104004EDB0400A800270835F00400F5
S2140037805ED10400EBCF0400BFC704003BCE0400AC
S214003790CAEB0400CDD00400A0E2040000EC040054
S2140037A0C8DD0400ECEB040019E90400A8002808B2
S2140037B067DE040098DE0400AFDE0400B34A9342DE
S2140037C005F0C18400F29380A2F59802934201F0BE
S2140037D094825CD8A2F53402934205F08A8402F5FE
S2140037E03302934200F09086A2F53B0293427EF4A9
S2140037F033A8A74D36F0C4FD36F0C3FDA5492868AA
S21400380037F060FFA449286837F05CFFA288A34918
S214003810286837F057FFA249286837F053FFE28838
S2140038209E49286837F04EFF9E49286837F04AFFC1
S214003830227A9D49286837F045FF9C49286837F06A
S21400384041FF627A9849286837F03CFF9849286813
S21400385037F038FFA27A9449286837F033FF954945
S214003860286837F02FFFE27A8F49286837F02AFF5A
S2140038709149286837F026FF217B04F10D00FDF7FB
S21400388077FF28688D49BDE8384037F01BBF8C4A63
S214003890934202F0BB8502F54412934205F08A81FA
S2140038A0A2F5481293427DF4D7AF794D36F068FD05
S2140038B036F067FD8349286837F004FF8249286898
S2140038C037F000FFA2887549286837F0FBFE7F496D
S2140038D0286837F0F7FED4F806207D49286837F0C8
S2140038E0F1FE28687549BDE8384037F0EBBE794AE6
S2140038F0934203F0388412D8A2F50C12934202F0D9
S214003900928002F58032934202F0AA85A2F5A012B8
S21400391093427DF4A1AFBDE83840FDF749BF6E4A3B
S214003920934205F08E8102F5002293427DF494AF17
S214003930574D36F025FD36F024FD6849286837F0E7
S214003940C1FE5549286837F0BDFEA288534928684D
S21400395037F0B8FE6249286837F0B4FED4F806207F
S2140039605B49286837F0AEFE5E49286837F0AAFE45
S21400397004F10A000821FDF7E3FE4F49286837F0F6
S214003980A1FEA17C04F11300FDF7F2FE28684B4966
S214003990BDE8384037F096BE534A934204F09E87FF
S2140039A000F24A8202F17B42934204F0978600F2CC
S2140039B0028102F17E42934204F0428600F2A08029
S2140039C0A2F57F02934205F0AD8130D8A2F54412ED
S2140039D0934202F05D8502F54012934204F005869C
S2140039E0A2F5441293427DF437AF294D36F0C8FC59
S2140039F036F0C7FC3D49286837F064FE324928682F
S214003A0037F060FEA2882549286837F05BFE2F490C
S214003A10286837F057FED4F806202D49286837F076
S214003A2051FE28682549BDE8384037F04BBE304A7D
S214003A30934202F05A8002F58032934202F0A48448
S214003A40A2F5A01293427DF407AF114D36F098FC14
S214003A5036F097FC2749286837F034FE2649286850
S214003A6037F030FE62681A49286837F02BFE234983
S214003A70286837F027FE227A0B49286837F022FE9E
S214003A8028680E49BDE8384037F01CBEA80061091A
S214003A90541B00205DF0040038D004003EBC040037
S214003AA05ED10400EBCF0400BFC704003BCE040089
S214003AB013C904005DED0400AEEC040097C70400D3
S214003AC0A80028094ED60400D8C804007CCF0400FD
S214003AD0DBC70400A8004A0AA800590A73F30400CA
S214003AE0A7EC04004EDB0400A8005813E3D604003D
S214003AF0A800270CBDC90400D0C70400DEC9040016
S214003B00AF4A934202F0F7841DD8A2F5981293426A
S214003B1001F01C8102F59012934202F00780A2F594
S214003B20981293427DF498AEA64C36F029FC36F0F7
S214003B3028FCA549206837F0C5FD2068A349BDE8E4
S214003B40384037F0BFBDA24A934200F0348502F5F4
S214003B509812934202F00C80A2F54F0293427DF435
S214003B607BAE984D36F00CFC36F00BFC9949286875
S214003B7037F0A8FD9849286837F0A4FDA288974931
S214003B80286837F09FFD9649286837F09BFDE28845
S214003B909249286837F096FD9249286837F092FDDA
S214003BA0217A04F10900FDF7E3FD28688749BDE89E
S214003BB0384037F087BD8C4A934202F0C1807BD8EC
S214003BC002F17E4202F56D02934200F020853AD85B
S214003BD0A2F56D02934202F05B8002F54412934216
S214003BE004F0EC85A2F5880293427DF435AE754D5F
S214003BF036F0C6FB36F0C5FB7C49286837F062FD18
S214003C007B49286837F05EFD22797A49286837F0C4
S214003C1059FD7949286837F055FDB4F805206F49F5
S214003C20286837F04FFD7549286837F04BFDB4F823
S214003C3007206A49286837F045FD28686349BDE8CB
S214003C40384037F03FBD6E4A934204F0F38502F5E4
S214003C503C02934200F00585A2F56D0293427DF486
S214003C60FBAD584D36F08CFB36F08BFB654928686B
S214003C7037F028FD6449286837F024FDA2885749A4
S214003C80286837F01FFD6149286837F01BFDD4F817
S214003C9006205F49286837F015FD5E49286837F02A
S214003CA011FDA27A5349286837F00CFD2868474969
S214003CB0BDE8384037F006BD574A934204F0E48525
S214003CC038D8A2F58802934200F0F58402F59812DF
S214003CD0934202F06080A2F54F0293427DF4BCADA1
S214003CE0384D36F04DFB36F04CFB4C49286837F023
S214003CF0E9FC3949286837F0E5FCA2883749286886
S214003D0037F0E0FC3649286837F0DCFCE2883349B7
S214003D10286837F0D7FC4249286837F0D3FC217A68
S214003D2004F10900FDF724FD28682849BDE838405D
S214003D3037F0C8BC3B4A934200F0DE8402F5981286
S214003D4093427DF489AD1F4D36F01AFB36F019FB11
S214003D503549286837F0B6FC2B49286837F0B2FC9E
S214003D60A2881E49286837F0ADFC2849286837F035
S214003D70A9FCD4F806202649286837F0A3FC2B496E
S214003D80286837F09FFCA27A1A49286837F09AFC10
S214003D902749286837F096FCE27A1649286837F0F3
S214003DA091FC2449286837F08DFCA2890B492868C5
S214003DB037F088FC28680549BDE8384037F082BCF3
S214003DC0A800280D541B0020E6C9040097C704006D
S214003DD0A800140E68ED040038D004003EBC0400B1
S214003DE04DD104004EE80400A800271119CA0400AB
S214003DF013C90400BFC704001AC904000EC8040093
S214003E00A8005810DBD70400D8C804007CCF0400F4
S214003E10DBC7040037C80400A80058120AEE0400E6
S214003E20AEEC0400A800141347D8040067D80400BA
S214003E30B7D60400CAD60400B24A934200F06E8594
S214003E4000F2ED8002F17E42934200F0138574D8B2
S214003E5002F17F42934200F0BD842ED8A2F57F0285
S214003E60934200F0948702F59012934201F0BE87C9
S214003E70A2F5981293427DF4EFACA34D36F080FA8B
S214003E8036F07FFAA149286837F01CFCA04928685C
S214003E9037F018FC22799F49286837F013FC9E49B2
S214003EA0286837F00FFC6179A01DFDF761FC2868D3
S214003EB09A49BDE8384037F005BC994A934201F06C
S214003EC0CA8702F54412934204F02985A2F58602B9
S214003ED093427DF4C1AC8C4D36F052FA36F051FA6E
S214003EE09049286837F0EEFB8F49286837F0EAFBE0
S214003EF0A2888E49286837F0E5FB8D49286837F098
S214003F00E1FBA2798349286837F0DCFB89492868F9
S214003F1037F0D8FBE01D1021FDF712FC8649286813
S214003F2037F0D0FBE27D7B49286837F0CBFB28686A
S214003F307A49BDE8384037F0C5BB804A934200F066
S214003F40D5842FD8A2F56D02934201F0AF8702F513
S214003F504412934204F00485A2F5860293427DF44F
S214003F607BAC694D36F00CFA36F00BFA74492868CB
S214003F7037F0A8FB6C49286837F0A4FBA2886B4989
S214003F80286837F09FFB6F49286837F09BFBE2886C
S214003F906649286837F096FB28686049BDE83840CF
S214003FA037F090BB684A934200F0F38402F5901213
S214003FB093427DF451AC544D36F0E2F936F0E1F917
S214003FC06249286837F07EFB5E49286837F07AFB3E
S214003FD0A2885649286837F075FB5D49286837F08F
S214003FE071FBD4F806205B49286837F06BFB5A490A
S214003FF0286837F067FB62894C49286837F062FB0F
S2140040005649286837F05EFB227B4249286837F01D
S21400401059FB28684149BDE8384037F053BB504A41
S214004020934201F0C78700F2A580A2F189729342FD
S21400403000F00C872ED8A2F56E02934201F08E8710
S21400404002F56D02934200F0DD83A2F57F029342F3
S2140040507DF402AC2C4D36F093F936F092F94149D6
S214004060286837F02FFB3349286837F02BFB201DD4
S2140040701021FDF765FB3C49286837F023FB227DBD
S2140040802449286837F01EFB28682449BDE83840D4
S21400409037F018BB354A934200F0D48302F58032DD
S2140040A0934200F0F386A2F56E0293427DF4D4AB01
S2140040B0154D36F065F936F064F92D49286837F065
S2140040C001FB2349286837F0FDFA62682149286811
S2140040D037F0F8FA0E49286837F0F4FA227A0D49D4
S2140040E0286837F0EFFA0C49286837F0EBFA617A5F
S2140040F004F10A00FDF73CFB28680849BDE8384093
S21400410037F0E0BAA8001418541B0020D4CA0400E4
S214004110EDCA0400BFC704007AC8040097C70400AD
S214004120A800271543CE040035CE04003EBC04008C
S2140041303BCE040055CC040065CE0400A80014173E
S2140041406FCE0400D8C80400A800151706D90400CE
S2140041507CCF0400DBC704000EC8040037C8040088
S214004160A800271A34CC04005CCC0400A800141A5B
S2140041706ED90400AD4A934201F0608726D802F15A
S2140041807F42934201F0388702F56E02934200F0B8
S2140041909D8602F17F4293427DF45EABA44D36F0DD
S2140041A0EFF836F0EEF8A349286837F08BFAA24904
S2140041B0286837F087FAA288A049286837F082FA7C
S2140041C028689F49BDE8384037F07CBA9D4A93423C
S2140041D000F0A58602F1807293427DF43DAB944DCB
S2140041E036F0CEF836F0CDF89749286837F06AFAF8
S2140041F09649286837F066FA201D1021FDF7A0FAC8
S2140042009349286837F05EFA227D9249286837F08D
S21400421059FA9149286837F055FA627D8D49286821
S21400422037F050FA8D49286837F04CFAA27D894954
S214004230286837F047FA8A49286837F043FAE27D5B
S2140042408449286837F03EFA8649286837F03AFAF3
S214004250227E8049286837F035FA28687849BDE814
S214004260384037F02FBA724D36F08AF836F089F8B3
S2140042707D49286837F026FA7C49286837F022FA04
S21400428022797449286837F01DFA7949286837F08A
S21400429019FAB4F805206949286837F013FA754901
S2140042A0286837F00FFAD4F807207349286837F0E3
S2140042B009FA28686249BDE8384037F003BA5C4D11
S2140042C036F05EF836F05DF86C49286837F0FAF993
S2140042D06749286837F0F6F9A2885849286837F001
S2140042E0F1F96449286837F0EDF9D4F806206249F8
S2140042F0286837F0E7F928685149BDE8384037F0B4
S214004300E1B94B4D36F03CF836F03BF85C4928688E
S21400431037F0D8F95B49286837F0D4F9A2884749BE
S214004320286837F0CFF95849286837F0CBF9E28883
S2140043304249286837F0C6F928684149BDE8384040
S21400434037F0C0B93A4D36F01BF836F01AF84F4938
S214004350286837F0B7F94B49286837F0B3F9A288D0
S2140043603649286837F0AEF94749286837F0AAF981
S214004370E2883249286837F0A5F94549286837F0B9
S214004380A1F9217A04F10900FDF7F2F928682C4911
S214004390BDE8384037F096B9254D35F0F1FF35F0D9
S2140043A0F0FF3C49286837F08DF93B49286837F01C
S2140043B089F922792749286837F084F93749286827
S2140043C037F080F962792349286837F07BF9344959
S2140043D0286837F077F9A179E01DFDF7C9F9286854
S2140043E01749BDE8384037F06DB9114D35F0C8FFB4
S2140043F035F0C7FF2B49286837F064F92A49286842
S21400440037F060F922791349286837F05BF92749B5
S214004410286837F057F962790E49286837F052F95C
S21400442028680749BDE8384037F04CB9A800271C73
S214004430541B0020D3CE0400D8C804003EBC0400A1
S21400444097C70400A800151D52CF040055CC0400E1
S21400445076CB0400BFC7040082CB04008FCB0400D9
S214004460A7CB0400BFCB04009BC70400B1C7040061
S214004470C6C70400D0C70400DBC70400E3C70400B7
S214004480F9C704000EC804001DC8040022C80400B2
S21400449037C804003FC804005CC804006CC80400A9
S2140044A07AC8040081C804009DC80400ACC8040093
S2140044B0AB4D35F065FF35F064FFAA49286837F044
S2140044C001F9A949286837F0FDF82279A749286834
S2140044D037F0F8F8A649286837F0F4F8B4F805205D
S2140044E0A449286837F0EEF8A349286837F0EAF8B8
S2140044F0B4F807209F49286837F0E4F828689F49F1
S214004500BDE8384037F0DEB8954D35F039FF35F068
S21400451038FF9B49286837F0D5F89A49286837F05D
S214004520D1F822799149286837F0CCF8964928685E
S21400453037F0C8F8B4F805208E49286837F0C2F876
S2140045409249286837F0BEF8B4F8072089492868E9
S21400455037F0B8F88E49286837F0B4F8B4F8092070
S2140045608449286837F0AEF828688449BDE83840A2
S21400457037F0A8B87A4D35F003FF35F002FF8549CD
S214004580286837F09FF88449286837F09BF86268F7
S2140045908249286837F096F88149286837F092F8FB
S2140045A0A2687E49286837F08DF828687349BDE808
S2140045B0384037F087B86A4D35F0E2FE35F0E1FE58
S2140045C07849286837F07EF86749286837F07AF81F
S2140045D022796649286837F075F86549286837F003
S2140045E071F8B4F805206349286837F06BF862491B
S2140045F0286837F067F8B4F807205E49286837F06F
S21400460061F828685D49BDE8384037F05BB8544D1E
S21400461035F0B6FE35F0B5FE6349286837F052F837
S2140046206249286837F04EF8A2885249286837F061
S21400463049F85F49286837F045F8E2884D49286808
S21400464037F040F85B49286837F03CF8227A47494B
S214004650286837F037F828684849BDE8384037F00A
S21400466031B83F4D35F08CFE35F08BFE5249286848
S21400467037F028F84D49286837F024F8A2883D49D5
S214004680286837F01FF84A49286837F01BF8E28890
S2140046903849286837F016F84849286837F012F87D
S2140046A0A2683E49286837F00DF828683349BDE807
S2140046B0384037F007B82A4D35F062FE35F061FE17
S2140046C03F49286836F0FEFF3849286836F0FAFF7A
S2140046D0A2882849286836F0F5FF3549286836F05C
S2140046E0F1FFE2882349286836F0ECFF2868234962
S2140046F0BDE8384036F0E6BF194D35F041FE35F0DE
S21400470040FE3049286836F0DDFF1B49286836F041
S214004710D9FFA2881749286836F0D4FF2A492868A6
S21400472036F0D0FFA2791149286836F0CBFF27492A
S214004730286836F0C7FFE2790C49286836F0C2FFD1
S2140047402349286836F0BEFFA2681449286836F068
S214004750B9FF28680949BDE8384036F0B3BF00BF46
S214004760541B0020FFC8040013C90400BFC7040080
S2140047701AC904003EBC04000EC8040097C7040013
S21400478022C9040041C9040055C9040067C90400D1
S21400479073C904007EC904009AC90400DBC704007C
S2140047A0AAC9040003CA04002FCA040043CA0400AE
S2140047B04ECA040059CA040060CA04007ACA04003B
S2140047C087CA0400A0CA0400BACA0400C8CA040003
S2140047D0D0C70400AF4D35F0D3FD35F0D2FDAE495D
S2140047E0286836F06FFFAD49286836F06BFFA28860
S2140047F0AB49286836F066FF2868AA49BDE8384005
S21400480036F060BFA34D35F0BBFD35F0BAFDA649C6
S214004810286836F057FFA549286836F053FF2279F6
S214004820A349286836F04EFFA249286836F04AFFAA
S2140048306179A01DFCF79CFF28689A49BDE83840BE
S21400484036F040BF934D35F09BFD35F09AFD9A4902
S214004850286836F037FF9149286836F033FFA2887B
S2140048608F49286836F02EFF28688E49BDE8384004
S21400487036F028BF874D35F083FD35F082FD8F4931
S214004880286836F01FFF8E49286836F01BFF22790D
S2140048908749286836F016FF8A49286836F012FFDE
S2140048A062798349286836F00DFF8749286836F014
S2140048B009FFA2797E49286836F004FF83492868F4
S2140048C036F000FFE2797A49286836F0FBFE804928
S2140048D0286836F0F7FE227A7549286836F0F2FE28
S2140048E028687049BDE8384036F0ECBE694D35F0B2
S2140048F047FD35F046FD7749286836F0E3FE7649F1
S214004900286836F0DFFEA2886549286836F0DAFEA9
S21400491028686449BDE8384036F0D4BE5D4C35F0B2
S2140049202FFD35F02EFD6D49206836F0CBFE206851
S2140049305C49BDE8384036F0C5BE564D35F020FD22
S21400494035F01FFD6649286836F0BCFE65492868C4
S21400495036F0B8FE22795649286836F0B3FE62492A
S214004960286836F0AFFEB4F805204D49286836F0C2
S214004970A9FE5E49286836F0A5FED4F807205C49F3
S214004980286836F09FFE28684649BDE8384036F06D
S21400499099BE404D35F0F4FC35F0F3FC55492868D7
S2140049A036F090FE5449286836F08CFE201D102103
S2140049B0FCF7C6FE5149286836F084FE227D3C4945
S2140049C0286836F07FFE4E49286836F07BFEB4F83D
S2140049D015203349286836F075FE4A49286836F0AF
S2140049E071FEE27D3249286836F06CFE464928683A
S2140049F036F068FE227E2E49286836F063FE43496C
S214004A00286836F05FFE627E2949286836F05AFE2E
S214004A103F49286836F056FE628B2149286836F0F2
S214004A2051FE3C49286836F04DFE227F2049286812
S214004A3036F048FE3849286836F044FEB4F81D20A3
S214004A401749286836F03EFE28681649BDE8384003
S214004A5036F038BE0F4D35F093FC35F092FC2F49FA
S214004A60286836F02FFE2E49286836F02BFE22796D
S214004A700F49286836F026FE1F49286836F022FEC1
S214004A80601D1021FCF75CFE28680649BDE838402A
S214004A9036F018BE541B0020F4CA0400D8C8040020
S214004AA03EBC040097C7040011CB0400EDCA040006
S214004AB0BFC704007AC8040035CB04005DCB0400F1
S214004AC076CB040082CB04008FCB0400A7CB040077
S214004AD0BFCB0400D5CB0400EFCB0400FDCB040015
S214004AE013CC040029CC0400C6C70400D0C70400B9
S214004AF0DBC7040065CC040055CC04007CCC040065
S214004B0087CC040094CC0400A0CC0400B2CC0400F3
S214004B10C3CC0400D7CC0400E8CC0400FCCC0400D2
S214004B205CCC0400AA4D35F02BFC35F02AFCA949D4
S214004B30286836F0C7FDA849286836F0C3FDA28865
S214004B40A649286836F0BEFDA549286836F0BAFDA5
S214004B50A01D1021FCF7F4FD2868A249BDE83840E6
S214004B6036F0B0BD9A4D35F00BFC35F00AFC9E4988
S214004B70286836F0A7FD9D49286836F0A3FDA28870
S214004B809649286836F09EFD9949286836F09AFDC1
S214004B90D4F806209749286836F094FD9649286888
S214004BA036F090FDA27A9549286836F08BFD8A4942
S214004BB0286836F087FD04F10B000621FCF7C0FDDF
S214004BC08F49286836F07EFD627C8C49286836F06E
S214004BD079FD8349286836F075FD04F1120010212E
S214004BE0FCF7AEFD8749286836F06CFD94F9222064
S214004BF08549286836F066FD28687A49BDE8384059
S214004C0036F060BD724D35F0BBFB35F0BAFB7F4920
S214004C10286836F057FD7249286836F053FD201D87
S214004C201021FCF78DFD28686E49BDE8384036F047
S214004C3049BD674D35F0A4FB35F0A3FB74492868E1
S214004C4036F040FD7349286836F03CFD22796B4902
S214004C50286836F037FD7049286836F033FD6279EB
S214004C606649286836F02EFD6C49286836F02AFD1D
S214004C70A2796249286836F025FD5949286836F039
S214004C8021FDE01D1021FCF75BFD28685549BDE8B5
S214004C90384036F017BD4E4D35F072FB35F071FBDF
S214004CA05F49286836F00EFD4D49286836F00AFD43
S214004CB0201D1021FCF744FD5A49286836F002FDF5
S214004CC0227D4E49286836F0FDFC5749286836F0A4
S214004CD0F9FC627D4949286836F0F4FC5349286897
S214004CE036F0F0FCA17D04F11700FCF741FD2868C2
S214004CF03C49BDE8384036F0E5BC354D35F040FB64
S214004D0035F03FFB4A49286836F0DCFC3449286811
S214004D1036F0D8FC201D1021FCF712FD2E4928681D
S214004D2036F0D0FCA28A2D49286836F0CBFC4149E3
S214004D30286836F0C7FCA27D3049286836F0C2FCE9
S214004D4028682849BDE8384036F0BCBC204D35F010
S214004D5017FB35F016FB3849286836F0B3FC3749A0
S214004D60286836F0AFFC62682249286836F0AAFC4C
S214004D702E49286836F0A6FC217A04F10900FCF7D3
S214004D80F7FC28681749BDE8384036F09BBC104D44
S214004D9035F0F6FA35F0F5FA2949286836F092FC2F
S214004DA02849286836F08EFCA2880C49286836F018
S214004DB089FC2549286836F085FCA2790F492868C1
S214004DC036F080FC28680749BDE8384036F07ABCE3
S214004DD0541B00201ACD0400C6C704003EBC0400C5
S214004DE055CC040097C7040037CD04004FCD04000F
S214004DF062CD0400DBC704006DCD0400BFC704000D
S214004E0076CD040085CD04008CCD04008FCD040043
S214004E10AACD0400C5CD04005CC804006CC804001C
S214004E20CECD04009DC80400ACC804007AC80400B7
S214004E30EACD04007CCC0400FDCD04000BCE0400BB
S214004E4012CE040035CE04003BCE0400834D35F070
S214004E5097FA35F096FA8249286836F033FC81498D
S214004E60286836F02FFCA2887F49286836F02AFC8E
S214004E707E49286836F026FCA01D1021FCF760FC51
S214004E8028687B49BDE8384036F01CBC734D35F0C9
S214004E9077FA35F076FA7749286836F013FC7149C8
S214004EA0286836F00FFCA2886F49286836F00AFC9E
S214004EB06E49286836F006FCA01D1021FCF740FC61
S214004EC028686B49BDE8384036F0FCBB634D35F0CA
S214004ED057FA35F056FA6849286836F0F3FB614908
S214004EE0286836F0EFFBA2885F49286836F0EAFBB0
S214004EF05E49286836F0E6FBA01D1021FCF720FC72
S214004F005E49286836F0DEFBA17D04F11700FCF749
S214004F102FFC28685649BDE8384036F0D3BB4F4DC5
S214004F2035F02EFA35F02DFA5549286836F0CAFBCA
S214004F304C49286836F0C6FBA2884B49286836F0EC
S214004F40C1FB4A49286836F0BDFBA01D1021FCF7BE
S214004F50F7FB4C49286836F0B5FBE28A42492868D8
S214004F6036F0B0FB4849286836F0ACFB227E47494D
S214004F70286836F0A7FB4649286836F0A3FB617E12
S214004F8004F11A00FCF7F4FB28683949BDE83840FC
S214004F9036F098BB314D35F0F3F935F0F2F93D496E
S214004FA0286836F08FFB3C49286836F08BFB626831
S214004FB03A49286836F086FB28682D49BDE838400F
S214004FC036F080BB254D35F0DBF935F0DAF934499B
S214004FD0286836F077FB3049286836F073FB62683D
S214004FE02E49286836F06EFB2E49286836F06AFB94
S214004FF022891D49286836F065FB28681C49BDE8EB
S214005000384036F05FBB154D35F0BAF935F0B9F9D2
S2140050102549286836F056FB1F49286836F052FBAB
S21400502062681E49286836F04DFB2049286836F02D
S21400503049FB227A1549286836F044FB1C49286843
S21400504036F040FBB4F809200749286836F03AFBEA
S21400505028680749BDE8384036F034BB541B0020AA
S2140050608ECE0400D8C804003EBC040055CC040014
S21400507097C70400AFCE0400F3CE040017CF040099
S2140050801ECF040041CF04004ACF0400BFC704006F
S2140050907AC8040067CF04007CCF0400DBC7040096
S2140050A085CF04005CCC04009DCF040013C9040027
S2140050B0B6CF0400944D35F063F935F062F99349A4
S2140050C0286836F0FFFA9249286836F0FBFAA2887C
S2140050D09049286836F0F6FA8F49286836F0F2FAD2
S2140050E0E2888C49286836F0EDFA8C49286836F054
S2140050F0E9FA22898749286836F0E4FA8849286858
S21400510036F0E0FA62898349286836F0DBFA85498A
S214005110286836F0D7FAA2897E49286836F0D2FA8F
S2140051208149286836F0CEFA94F90E207F4928681F
S21400513036F0C8FA7E49286836F0C4FAB4F80F206C
S2140051407449286836F0BEFA7A49286836F0BAFA02
S214005150627C7949286836F0B5FA7849286836F0CE
S214005160B1FAA27C7449286836F0ACFA744928680B
S21400517036F0A8FAE27C7049286836F0A3FA71493E
S214005180286836F09FFA227D6B49286836F09AFA2E
S2140051906D49286836F096FA617D04F11600FCF732
S2140051A0E7FA28686949BDE8384036F08BBA564DAC
S2140051B035F0E6F835F0E5F86549286836F082FA05
S2140051C06449286836F07EFAA2885249286836F084
S2140051D079FA5149286836F075FAE2884D49286808
S2140051E036F070FA5C49286836F06CFA228949492C
S2140051F0286836F067FA5949286836F063FA6289F3
S2140052004449286836F05EFA5549286836F05AFA56
S214005210227B4949286836F055FA28684B49BDE88C
S214005220384036F04FBA384D35F0AAF835F0A9F8C0
S2140052304C49286836F046FA3749286836F042FA6C
S214005240A2883449286836F03DFA4749286836F07F
S21400525039FAA2793849286836F034FA28683B4982
S214005260BDE8384036F02EBA274D35F089F835F0CF
S21400527088F83E49286836F025FA3749286836F017
S21400528021FAA2882349286836F01CFA22492868A1
S21400529036F018FAE2881F49286836F013FA2D49C6
S2140052A0286836F00FFA22891A49286836F00AFA72
S2140052B01F49286836F006FA62891649286836F0CB
S2140052C001FA2B49286836F0FDF9227B1A4928682E
S2140052D036F0F8F91149286836F0F4F9B4F80D20DC
S2140052E00C49286836F0EEF92249286836F0EAF9C3
S2140052F0E27B1149286836F0E5F928681349BDE8CD
S214005300384036F0DFB900BF541B002081D00400BF
S2140053109BD004003EBC040038D0040067C90400DB
S21400532073C90400B1D00400C2D004008CCD0400C0
S214005330CDD00400DCD00400BFC70400E9D00400D0
S214005340F9D004004ACF040002D1040097C7040035
S2140053508CD104004DD104005ED10400D8C80400EE
S214005360B4D10400F8D1040015D2040021D2040000
S21400537079D1040041D20400A84D35F001F835F08B
S21400538000F8A749286836F09DF9A649286836F03F
S21400539099F9A288A449286836F094F9A3492868A0
S2140053A036F090F9E288A049286836F08BF9A049D3
S2140053B0286836F087F922899B49286836F082F9F2
S2140053C09C49286836F07EF962899749286836F045
S2140053D079F99949286836F075F9E2689749286896
S2140053E036F070F99649286836F06CF9228A8E49AC
S2140053F0286836F067F99349286836F063F9A27C86
S2140054009149286836F05EF99049286836F05AF9CE
S214005410E17C04F11400FCF7ABF928688C49BDE880
S214005420384036F04FB97D4D34F0AAFF34F0A9FF6E
S2140054308849286836F046F97E49286836F042F9E9
S214005440A2887949286836F03DF97849286836F008
S21400545039F9E2887449286836F034F974492868BE
S21400546036F030F922897049286836F02BF96D49F4
S214005470286836F027F962896B49286836F022F9E1
S2140054807549286836F01EF9A2896749286836F0FB
S21400549019F97249286836F015F9D4F80E206749CC
S2140054A0286836F00FF96E49286836F00BF9628ADC
S2140054B05D49286836F006F96149286836F002F931
S2140054C0A28A5949286836F0FDF85E49286836F001
S2140054D0F9F8A27D5C49286836F0F4F85B4928683C
S2140054E036F0F0F8E17D04F11800FCF741F9286881
S2140054F05749BDE8384036F0E5B8484D34F040FF2F
S21400550034F03FFF5749286836F0DCF847492868EA
S21400551036F0D8F8A2884449286836F0D3F84449CB
S214005520286836F0CFF8E2883F49286836F0CAF88F
S2140055304149286836F0C6F8A2684049286836F01F
S214005540C1F84049286836F0BDF8227B3E492868F5
S21400555036F0B8F83D49286836F0B4F8617B04F1B7
S2140055600E00FCF705F928683949BDE8384036F0E2
S214005570A9B82A4D34F004FF34F003FF3A492868EE
S21400558036F0A0F82949286836F09CF8A288264903
S214005590286836F097F82649286836F093F8E288A7
S2140055A02149286836F08EF83049286836F08AF89F
S2140055B0A2682249286836F085F82249286836F01D
S2140055C081F8227B2049286836F07CF81F49286835
S2140055D036F078F8617B04F10E00FCF7C9F828680D
S2140055E01B49BDE8384036F06DB80C4D34F0C8FEA7
S2140055F034F0C7FE1E49286836F064F81D4928684E
S21400560036F060F8A2880849286836F05BF8286803
S2140056100F49BDE8384036F055B800BF541B00208F
S21400562055D204004DD104003EBC040038D004001E
S21400563073C904005ED1040077D20400DBC70400FF
S21400564086D2040013C90400BFC704008ED204002B
S21400565097C704009BD20400CDD00400BED204003D
S214005660CED20400D9D20400FBD204001CD304001E
S214005670A9D30400C6C70400B14D34F081FE34F04F
S21400568080FEB049286836F01DF8AF49286836F025
S21400569019F8A288AD49286836F014F8AC4928688D
S2140056A036F010F8E288A949286836F00BF8A949C0
S2140056B0286836F007F82289A449286836F002F8E8
S2140056C02868A549BDE8384035F0FCBF9C4C34F04E
S2140056D057FE34F056FEA149206835F0F3FF2068E7
S2140056E09D49BDE8384035F0EDBF954D34F048FE95
S2140056F034F047FE9A49286835F0E4FF994928684F
S21400570035F0E0FFA2889149286835F0DBFF96491E
S214005710286835F0D7FFE2888C49286835F0D2FF34
S21400572028688D49BDE8384035F0CCBF844D34F04C
S21400573027FE34F026FE8D49286835F0C3FF8949D8
S214005740286835F0BFFFA2888049286835F0BAFF80
S2140057508749286835F0B6FFE2887C49286835F026
S214005760B1FF28687C49BDE8384035F0ABBF744DC2
S21400577034F006FE34F005FE7E49286835F0A2FFB8
S2140057807849286835F09EFFA2887049286835F069
S21400579099FF7749286835F095FFE2886B492868B5
S2140057A035F090FF28686C49BDE8384035F08ABF70
S2140057B0634D34F0E5FD34F0E4FD6F49286835F0BC
S2140057C081FF6849286835F07DFFA2885F49286810
S2140057D035F078FF6949286835F074FFE2885B4940
S2140057E0286835F06FFF28685B49BDE8384035F01B
S2140057F069BF534D34F0C4FD34F0C3FD60492868DA
S21400580035F060FF5749286835F05CFFA2884F499D
S214005810286835F057FF5949286835F053FFE28865
S2140058204A49286835F04EFF5149286835F04AFF46
S21400583022894649286835F045FF28684649BDE86C
S214005840384035F03FBF3E4D34F09AFD34F099FDB8
S2140058504C49286835F036FF4B49286835F032FF4A
S21400586062684A49286835F02DFF28683A49BDE83D
S214005870384035F027BF324D34F082FD34F081FDDC
S2140058804349286835F01EFF2F49286835F01AFF6F
S214005890A2882E49286835F015FF3B49286835F060
S2140058A011FFD4F806203949286835F00BFF286820
S2140058B02949BDE8384035F005BF214D34F060FD7C
S2140058C034F05FFD3349286835F0FCFE2E49286821
S2140058D035F0F8FE62682D49286835F0F3FE2E494B
S2140058E0286835F0EFFE217A04F10900FBF740FF47
S2140058F028681949BDE8384035F0E4BE104D34F04C
S2140059003FFD34F03EFD2549286835F0DBFE0E49A4
S214005910286835F0D7FEA2880C49286835F0D2FEF4
S2140059201949286835F0CEFED4F8062017492868AD
S21400593035F0C8FE28680849BDE8384035F0C2BED4
S214005940541B0020D8D30400D8C804003EBC040072
S214005950FFD304000DD4040097C704001BD4040032
S21400596041D404000EC8040061D4040072D40400BC
S2140059705CCC04008DD40400ACD40400CFD4040066
S214005980DDD40400FFD404007CCF0400DBC7040091
S21400599023D50400B8D50400D7D50400E8D5040004
S2140059A0A04D34F0EDFC34F0ECFC9F49286835F04F
S2140059B089FE9E49286835F085FEA2889C4928689D
S2140059C035F080FE9B49286835F07CFED4F806202A
S2140059D09949286835F076FE28689849BDE8384029
S2140059E035F070BE8F4D34F0CBFC34F0CAFC9449D1
S2140059F0286835F067FE8F49286835F063FE6268D0
S214005A008D49286835F05EFE8E49286835F05AFEC6
S214005A10217A04F10900FBF7ABFE28688749BDE848
S214005A20384035F04FBE7F4D34F0AAFC34F0A9FC68
S214005A308549286835F046FE7C49286835F042FEE0
S214005A40A2887B49286835F03DFE7A49286835F0FB
S214005A5039FED4F806207849286835F033FE7B49AD
S214005A60286835F02FFE62897149286835F02AFECD
S214005A707749286835F026FEA2896D49286835F0F2
S214005A8021FE7449286835F01DFEA27B72492868FD
S214005A9035F018FE7149286835F014FEE27B6E4931
S214005AA0286835F00FFE6E49286835F00BFE22692F
S214005AB06149286835F006FE6A49286835F002FE16
S214005AC0227D6549286835F0FDFD6749286835F070
S214005AD0F9FDB4F815205649286835F0F3FD286816
S214005AE05649BDE8384035F0EDBD4E4D34F048FC23
S214005AF034F047FC5D49286835F0E4FD4D492868D8
S214005B0035F0E0FD62684C49286835F0DBFD584901
S214005B10286835F0D7FD217A04F10900FBF728FE46
S214005B2028684649BDE8384035F0CCBD3D4D34F0D8
S214005B3027FC34F026FC4F49286835F0C3FD3B4966
S214005B40286835F0BFFDA2883949286835F0BAFDC7
S214005B503849286835F0B6FDD4F806203649286856
S214005B6035F0B0FD28683549BDE8384035F0AABDA7
S214005B702C4D34F005FC34F004FC3F49286835F021
S214005B80A1FD2A49286835F09DFDA2882849286885
S214005B9035F098FD2749286835F094FDD4F806209E
S214005BA02549286835F08EFD3449286835F08AFD89
S214005BB062891F49286835F085FD3149286835F027
S214005BC081FDA2891A49286835F07CFD2D49286890
S214005BD035F078FDA27B2049286835F073FD2A4908
S214005BE0286835F06FFDE27B1B49286835F06AFDB2
S214005BF01A49286835F066FD227C1749286835F072
S214005C0061FD2249286835F05DFDB4F81120084989
S214005C10286835F057FD28680849BDE8384035F053
S214005C2051BD00BF541B00200BD60400D8C804008A
S214005C303EBC04007CCF0400DBC7040097C704000A
S214005C402DD60400D7D5040073D60400C6C70400BA
S214005C50CDD0040097D60400BFC70400A5D6040024
S214005C60ABD60400B7D60400CAD6040007D7040093
S214005C7024D7040030D7040051D704009BD004007A
S214005C800EC8040079D7040085D7040092D7040014
S214005C909C4D34F075FB34F074FB9B49286835F056
S214005CA011FD9A49286835F00DFDA28898492868A4
S214005CB035F008FD9749286835F004FDD4F806202D
S214005CC09549286835F0FEFC9449286835F0FAFCBA
S214005CD062898F49286835F0F5FC9149286835F0C7
S214005CE0F1FCA2898A49286835F0ECFC8D492868C1
S214005CF035F0E8FCA27B8C49286835F0E3FC8B493C
S214005D00286835F0DFFCE27B8749286835F0DAFC46
S214005D108749286835F0D6FC227C8349286835F008
S214005D20D1FC8449286835F0CDFC627C7E49286821
S214005D3035F0C8FC28688049BDE8384035F0C2BC5C
S214005D40704D34F01DFB34F01CFB7C49286835F0A0
S214005D50B9FC6E49286835F0B5FCA2886C492868FD
S214005D6035F0B0FC6B49286835F0ACFCD4F806205A
S214005D706949286835F0A6FC7149286835F0A2FC08
S214005D80A27A6949286835F09DFC28686A49BDE80A
S214005D90384035F097BC5B4D34F0F2FA34F0F1FA47
S214005DA06849286835F08EFC5849286835F08AFC22
S214005DB0A2885749286835F085FC5649286835F08A
S214005DC081FCD4F806205449286835F07BFC5C49F1
S214005DD0286835F077FCA27A5349286835F072FCBB
S214005DE028685549BDE8384035F06CBC454D34F060
S214005DF0C7FA34F0C6FA5449286835F063FC4349BC
S214005E00286835F05FFCA2884149286835F05AFCBE
S214005E104049286835F056FCD4F806203E492868E4
S214005E2035F050FC4949286835F04CFCA27A3E49CA
S214005E30286835F047FC4649286835F043FCB4F836
S214005E400B203349286835F03DFC28683A49BDE800
S214005E50384035F037BC2B4D34F092FA34F091FAD6
S214005E603C49286835F02EFC2849286835F02AFC7D
S214005E70A2882749286835F025FC2649286835F089
S214005E8021FCD4F806202449286835F01BFC2C4950
S214005E90286835F017FCA27A2349286835F012FCEA
S214005EA028682549BDE8384035F00CBC154D34F05F
S214005EB067FA34F066FA2849286835F003FC134977
S214005EC0286835F0FFFBA2881149286835F0FAFBF0
S214005ED01049286835F0F6FBD4F806200E492868E5
S214005EE035F0F0FB1649286835F0ECFBA27A0E492F
S214005EF0286835F0E7FB28680F49BDE8384035F0DC
S214005F00E1BB00BF541B00209DD70400D8C8040086
S214005F103EBC04007CCF0400DBC70400B1D0040004
S214005F209BD0040085D70400BFC7040079D70400BF
S214005F30C5D70400D0D7040097C70400FCD70400D8
S214005F4037C8040022D804006FD804009AD804008A
S214005F50ABD80400C2D80400E5D80400A74D34F03E
S214005F600FFA34F00EFAA649286835F0ABFBA549BF
S214005F70286835F0A7FBA288A349286835F0A2FB5D
S214005F80A249286835F09EFBD4F80620A049286868
S214005F9035F098FB9F49286835F094FBD4F80A2022
S214005FA09B49286835F08EFB28689B49BDE8384039
S214005FB035F088BB914D34F0E3F934F0E2F99749B7
S214005FC0286835F07FFB8F49286835F07BFBA28870
S214005FD08D49286835F076FB8C49286835F072FBC9
S214005FE0D4F806208A49286835F06CFB28688A4968
S214005FF0BDE8384035F066BB804D34F0C1F934F06A
S214006000C0F98749286835F05DFB7E49286835F079
S21400601059FBA2887C49286835F054FB7B492868E0
S21400602035F050FBD4F806207949286835F04AFB4D
S21400603028687949BDE8384035F044BB6F4D34F0E8
S2140060409FF934F09EF97749286835F03BFB76498E
S214006050286835F037FBA2886B49286835F032FB94
S2140060607249286835F02EFBE2886749286835F0C3
S21400607029FB28686849BDE8384035F023BB5F4DEA
S21400608034F07EF934F07DF96949286835F01AFB5A
S2140060906849286835F016FBA2885B49286835F001
S2140060A011FB6549286835F00DFBA279634928681D
S2140060B035F008FB6249286835F004FBE2795F4951
S2140060C0286835F0FFFA5F49286835F0FBFA228920
S2140060D04D49286835F0F6FA5B49286835F0F2FA3B
S2140060E062894949286835F0EDFA5849286835F03C
S2140060F0E9FA227B5149286835F0E4FA54492868C1
S21400610035F0E0FA627B4D49286835F0DBFA2868FE
S2140061104149BDE8384035F0D5BA384D34F030F94D
S21400612034F02FF94B49286835F0CCFA41492868F5
S21400613035F0C8FAA2883449286835F0C3FA4649CB
S214006140286835F0BFFAE2882F49286835F0BAFA91
S2140061504249286835F0B6FA227A3849286835F078
S214006160B1FA3F49286835F0ADFA627A33492868B3
S21400617035F0A8FA3B49286835F0A4FA04F10A007D
S2140061800821FBF7DDFA3849286835F09BFAD4F881
S21400619012201F49286835F095FA3449286835F0EA
S2140061A091FAA27D2549286835F08CFA304928688E
S2140061B035F088FAE17D04F11800FBF7D9FA286873
S2140061C01549BDE8384035F07DBA0C4D34F0D8F8A6
S2140061D034F0D7F82749286835F074FA1549286846
S2140061E035F070FAA2880849286835F06BFA2868F6
S2140061F00949BDE8384035F065BA00BF541B002099
S21400620032D90400D8C804003EBC04007CCF040089
S214006210DBC704005CD9040097C704008AD90400D1
S214006220AAD90400CAD90400EED90400F9D904009A
S21400623079DA040038D00400A4DA0400BFC70400EA
S214006240B9DA0400CEDA0400E3DA0400F4DA040073
S2140062500FDB040027DB04005ED10400EBCF040054
S2140062603BCE04004EDB040058DB040064DB040075
S21400627075DB04008BDB0400AB4D34F081F834F0A2
S21400628080F8AA49286835F01DFAA949286835F02B
S21400629019FAA288A749286835F014FAA64928688A
S2140062A035F010FAE288A349286835F00BFAA349BE
S2140062B0286835F007FA227AA149286835F002FAEC
S2140062C0A049286835F0FEF9617A04F10A00FBF768
S2140062D04FFA28689C49BDE8384035F0F3B9924D2E
S2140062E034F04EF834F04DF89849286835F0EAF95D
S2140062F08F49286835F0E6F9A2888E49286835F077
S214006300E1F99349286835F0DDF9E288894928687B
S21400631035F0D8F98F49286835F0D4F9A2688E4947
S214006320286835F0CFF928688749BDE8384035F049
S214006330C9B97D4D34F024F834F023F8874928682D
S21400634035F0C0F97A49286835F0BCF9A288794951
S214006350286835F0B7F98249286835F0B3F9D4F8DB
S21400636006207D49286835F0ADF97E49286835F065
S214006370A9F962896F49286835F0A4F92868724936
S214006380BDE8384035F09EB9674D33F0F9FF33F07D
S214006390F8FF7549286835F095F96549286835F09D
S2140063A091F9A2886349286835F08CF96249286813
S2140063B035F088F9E2885F49286835F083F9614945
S2140063C0286835F07FF9217A04F10900FBF7D0F947
S2140063D028685D49BDE8384035F074B9524D33F051
S2140063E0CFFF33F0CEFF6149286835F06BF950498E
S2140063F0286835F067F9A2884E49286835F062F9B2
S21400640028685149BDE8384035F05CB9464D33F050
S214006410B7FF33F0B6FF5649286835F053F94449BC
S214006420286835F04FF9A2884249286835F04AF9BD
S2140064305049286835F046F9A2794149286835F070
S21400644041F94D49286835F03DF9E2793C4928681C
S21400645035F038F928683C49BDE8384035F032B99F
S214006460314D33F08DFF33F08CFF4449286835F00A
S21400647029F92F49286835F025F9A2882D4928687A
S21400648035F020F928683049BDE8384035F01AB9AB
S214006490254D33F075FF33F074FF3949286835F021
S2140064A011F92349286835F00DF9A2882149286892
S2140064B035F008F92049286835F004F9E2881D49C6
S2140064C0286835F0FFF82F49286835F0FBF8227A5F
S2140064D01B49286835F0F6F82B49286835F0F2F89D
S2140064E0627A1749286835F0EDF828681649BDE83D
S2140064F0384035F0E7B80C4D33F042FF33F041FF3B
S2140065002249286835F0DEF80949286835F0DAF8B7
S214006510A2880849286835F0D5F828680A49BDE8F1
S214006520384035F0CFB800BF541B0020B3DB040062
S21400653038D004003EBC04005ED10400EBCF04005B
S214006540BFC70400D7DB040097C70400E8DB0400DD
S2140065500DDC04001CDC0400DBC7040029DC04009E
S2140065604CDC040055DC04005EDC04008ADC04001D
S214006570AFDC0400DBDC0400ECDC040000DD04001F
S2140065801CDD04003ADD040044DD04004CDD04009C
S2140065908F4D33F0F5FE33F0F4FE8E49286835F063
S2140065A091F88D49286835F08DF8A2888B492868BF
S2140065B035F088F88A49286835F084F8E2888749F3
S2140065C0286835F07FF88749286835F07BF8082179
S2140065D06018FBF7B5F88449286835F073F8226927
S2140065E08249286835F06EF88149286835F06AF8DF
S2140065F0227D8049286835F065F87F49286835F09F
S21400660061F8627D7B49286835F05CF828687B492C
S214006610BDE8384035F056B86D4D33F0B1FE33F076
S214006620B0FE7749286835F04DF86B49286835F094
S21400663049F8A2886949286835F044F86849286806
S21400664035F040F8E2886549286835F03BF86D4932
S214006650286835F037F822896049286835F032F81E
S2140066606949286835F02EF8D4F80A205F4928686A
S21400667035F028F86549286835F024F8D4F80E2057
S2140066805A49286835F01EF86149286835F01AF826
S214006690A17C04F11300FBF76BF828685749BDE8A6
S2140066A0384035F00FB84A4D33F06AFE33F069FED5
S2140066B05849286835F006F85749286835F002F832
S2140066C0A2884649286834F0FDFF4349286834F01C
S2140066D0F9FFE2884149286834F0F4FF4049286809
S2140066E034F0F0FF22893D49286834F0EBFF4B492F
S2140066F0286834F0E7FF62893849286834F0E2FFFA
S2140067004749286834F0DEFF227B3A49286834F08F
S214006710D9FF4449286834F0D5FFB4F80D202F4936
S214006720286834F0CFFF28683449BDE8384034F094
S214006730C9BF274D33F024FE33F023FE3A492868BC
S21400674034F0C0FF3449286834F0BCFFA2882349DF
S214006750286834F0B7FF2049286834F0B3FFE28891
S2140067601E49286834F0AEFF1D49286834F0AAFF99
S21400677022891A49286834F0A5FF2849286834F089
S214006780A1FF62891549286834F09CFF24492868CF
S21400679034F098FF227B1749286834F093FF21498C
S2140067A0286834F08FFFB4F80D200C49286834F0C0
S2140067B089FF1E49286834F085FFE17B04F110004C
S2140067C0FAF7D6FF28680D49BDE8384034F07ABF9E
S2140067D0541B0020A5DD040038D004003EBC040095
S2140067E04DD104004EDB040058DB0400DBC7040078
S2140067F064DB0400BFC70400C8DD040097C70400BC
S214006800F4DD04000DDC04000ADE040019DE0400DA
S2140068107AC80400C2DE04005ED10400CDD00400B5
S21400682086D20400E1DE0400EFDE040015DF04007B
S2140068308B4D33F0A5FD33F0A4FD8A49286834F06B
S21400684041FF8949286834F03DFFA28887492868B7
S21400685034F038FF8649286834F034FFE2888349EC
S214006860286834F02FFF8349286834F02BFF2289EC
S2140068707E49286834F026FF7F49286834F022FFD6
S21400688062897A49286834F01DFF7C49286834F00C
S21400689019FF227B7A49286834F014FF7949286862
S2140068A034F010FFB4F80D207049286834F00AFF61
S2140068B07549286834F006FFE17B04F11000FAF70A
S2140068C057FF28687149BDE8384034F0FBBE644D78
S2140068D033F056FD33F055FD6D49286834F0F2FE6E
S2140068E06349286834F0EEFEA2886049286834F0D0
S2140068F0E9FE6849286834F0E5FED4F806206649C3
S214006900286834F0DFFE28686049BDE8384034F077
S214006910D9BE534D33F034FD33F033FD5F4928685C
S21400692034F0D0FE5049286834F0CCFEA2884F4997
S214006930286834F0C7FE4E49286834F0C3FEE28863
S2140069404A49286834F0BEFE4A49286834F0BAFE40
S21400695022894649286834F0B5FE4749286834F04D
S214006960B1FE62894149286834F0ACFE4349286884
S21400697034F0A8FE227B4249286834F0A3FE414941
S214006980286834F09FFEB4F80D203849286834F0A3
S21400699099FE4349286834F095FEE27B384928681A
S2140069A034F090FE3F49286834F08CFE227C34494F
S2140069B0286834F087FE3C49286834F083FE617C02
S2140069C004F11200FAF7D4FE28683049BDE83840D2
S2140069D034F078BE224D33F0D3FC33F0D2FC33498A
S2140069E0286834F06FFE2049286834F06BFEA288D1
S2140069F01E49286834F066FE1D49286834F062FE99
S214006A00E2881A49286834F05DFE1A49286834F08E
S214006A1059FE22891549286834F054FE164928681C
S214006A2034F050FE62891149286834F04BFE134951
S214006A30286834F047FE227B1149286834F042FE6D
S214006A401049286834F03EFEB4F80D20074928683F
S214006A5034F038FE28680D49BDE8384034F032BEC0
S214006A60541B002022DF04005ED104003EBC04005C
S214006A7038D004004DD10400CDD0040086D20400E6
S214006A80BFC70400E1DE040015DF040097C704005A
S214006A9048DF0400ABD60400DBC7040090DF040028
S214006AA0BDDF0400CEDF0400DDDF0400E6DF040007
S214006AB0874D33F065FC33F064FC8649286834F073
S214006AC001FE8549286834F0FDFDA28883492868C0
S214006AD034F0F8FD8249286834F0F4FDE2887F49F6
S214006AE0286834F0EFFD7F49286834F0EBFD2289F2
S214006AF07A49286834F0E6FD7B49286834F0E2FDE0
S214006B0062897649286834F0DDFD7849286834F0D3
S214006B10D9FD227B7649286834F0D4FD754928686B
S214006B2034F0D0FDB4F80D206C49286834F0CAFD66
S214006B307149286834F0C6FDB4F80F206749286804
S214006B4034F0C0FD6D49286834F0BCFD617C04F16A
S214006B501200FAF70DFE28686949BDE8384034F09F
S214006B60B1BD5B4D33F00CFC33F00BFC6549286877
S214006B7034F0A8FD5A49286834F0A4FDA288574985
S214006B80286834F09FFD6049286834F09BFDD4F8EF
S214006B9006205E49286834F095FD28685849BDE807
S214006BA0384034F08FBD4A4D33F0EAFB33F0E9FB52
S214006BB05749286834F086FD4A49286834F082FD33
S214006BC0A2884649286834F07DFD4549286834F097
S214006BD079FDE2884149286834F074FD3E4928680A
S214006BE034F070FD22893D49286834F06BFD3E493B
S214006BF0286834F067FD62893849286834F062FDF9
S214006C003A49286834F05EFD227B3949286834F01A
S214006C1059FD4049286834F055FD617B04F10E00AB
S214006C20FAF7A6FD28683649BDE8384034F04ABD74
S214006C30274D33F0A5FB33F0A4FB3749286834F022
S214006C4041FD2849286834F03DFDA288234928687C
S214006C5034F038FD2249286834F034FDE2881F49B4
S214006C60286834F02FFD1C49286834F02BFD228953
S214006C701A49286834F026FD1B49286834F022FD9E
S214006C8062891649286834F01DFD1849286834F0D2
S214006C9019FD227B1649286834F014FD154928682A
S214006CA034F010FDB4F80D200C49286834F00AFDC5
S214006CB01A49286834F006FDE17B04F11000FAF763
S214006CC057FD28680E49BDE8384034F0FBBC00BFCD
S214006CD0541B00204EE004005ED104003EBC0400BD
S214006CE038D004004DD10400CDD0040086D2040074
S214006CF0BFC70400E1DE040041E004007BE00400BE
S214006D0097C7040087E00400ABD60400DBC7040086
S214006D10A8E00400CDE00400DBE00400DDDF0400B2
S214006D20AE4D33F02DFB33F02CFBAD49286834F024
S214006D30C9FCAC49286834F0C5FCA288AA49286872
S214006D4034F0C0FCA949286834F0BCFCE288A649A7
S214006D50286834F0B7FCA649286834F0B3FC2289CA
S214006D60A149286834F0AEFCA249286834F0AAFC91
S214006D7062899D49286834F0A5FC9F49286834F04C
S214006D80A1FC227B9D49286834F09CFC9C4928681D
S214006D9034F098FCB4F80D209349286834F092FC3F
S214006DA09849286834F08EFCB4F80F208E4928687D
S214006DB034F088FC9449286834F084FC617C04F143
S214006DC01200FAF7D5FC28689049BDE8384034F040
S214006DD079BC824D33F0D4FA33F0D3FA8C49286864
S214006DE034F070FC7F49286834F06CFCA2887E4939
S214006DF0286834F067FC7D49286834F063FCE28834
S214006E007949286834F05EFC7949286834F05AFCE1
S214006E1022897549286834F055FC7649286834F08C
S214006E2051FC62897049286834F04CFC7249286825
S214006E3034F048FC227B7149286834F043FC7549DD
S214006E40286834F03FFC617B04F10E00FAF790FCF2
S214006E5028686E49BDE8384034F034BC5F4D33F0E6
S214006E608FFA33F08EFA6C49286834F02BFC5D49B3
S214006E70286834F027FCA2885B49286834F022FC96
S214006E805A49286834F01EFCE2885749286834F0CE
S214006E9019FC5749286834F015FC2289524928689D
S214006EA034F010FC5349286834F00CFC62894E49D3
S214006EB0286834F007FC5049286834F003FC227B2D
S214006EC04E49286834F0FEFB4D49286834F0FAFB3A
S214006ED0B4F80D204449286834F0F4FB4D4928687E
S214006EE034F0F0FBE17B04F11000FAF741FC28686F
S214006EF04649BDE8384034F0E5BB384D33F040FA3B
S214006F0033F03FFA4549286834F0DCFB35492868F9
S214006F1034F0D8FBA2883449286834F0D3FB3349D0
S214006F20286834F0CFFBE2882F49286834F0CAFB83
S214006F302F49286834F0C6FB22892B49286834F08C
S214006F40C1FB2C49286834F0BDFB628926492868B5
S214006F5034F0B8FB2849286834F0B4FB227B274974
S214006F60286834F0AFFB2649286834F0ABFBB4F849
S214006F700D201D49286834F0A5FB2649286834F002
S214006F80A1FBE17B04F11000FAF7F2FB28681F4929
S214006F90BDE8384034F096BB104D33F0F1F933F0CD
S214006FA0F0F91F49286834F08DFB1049286834F042
S214006FB089FBA2880C49286834F084FB19492868A4
S214006FC034F080FBD4F806201749286834F07AFBA2
S214006FD028680E49BDE8384034F074BB541B0020C6
S214006FE02EE104004DD104003EBC040038D004005D
S214006FF05ED10400CDD0040086D20400BFC70400D2
S214007000E1DE040041E004007BE0040097C70400D2
S21400701050E104006AE1040078E1040099E104000C
S214007020BAE10400ABD60400DBC70400A84D33F079
S214007030A7F933F0A6F9A749286834F043FBA64918
S214007040286834F03FFBA288A449286834F03AFB4D
S214007050A349286834F036FBE288A049286834F053
S21400706031FBA049286834F02DFB227A9E49286817
S21400707034F028FB9D49286834F024FB627A9A494C
S214007080286834F01FFB9A49286834F01BFBA17A65
S21400709004F10B00FAF76CFB28689649BDE8384007
S2140070A034F010BB8A4D33F06BF933F06AF992492D
S2140070B0286834F007FB8849286834F003FBA28868
S2140070C08649286834F0FEFA8549286834F0FAFACA
S2140070D0E2888249286834F0F5FA8849286834F04E
S2140070E0F1FA227A8049286834F0ECFA8449286854
S2140070F034F0E8FA627A7C49286834F0E3FA814989
S214007100286834F0DFFAA27A7749286834F0DAFA89
S2140071107D49286834F0D6FAB4F80B206F49286801
S21400712034F0D0FA7949286834F0CCFA627B6E499C
S214007130286834F0C7FA7649286834F0C3FA04F1B0
S2140071400E000821FAF7FCFA7249286834F0BAFAF9
S214007150A27D6549286834F0B5FA28686549BDE817
S214007160384034F0AFBA5A4D33F00AF933F009F923
S2140071706949286834F0A6FA5749286834F0A2FA14
S214007180A2885649286834F09DFA5549286834F094
S21400719099FAE2885149286834F094FA57492868E1
S2140071A034F090FA227A5049286834F08BFA554920
S2140071B0286834F087FA627A4B49286834F082FAF5
S2140071C05449286834F07EFAA27A4749286834F091
S2140071D079FA28684749BDE8384034F073BA3C4D20
S2140071E033F0CEF833F0CDF84C49286834F06AFA1C
S2140071F04B49286834F066FAA2883849286834F083
S21400720061FA3549286834F05DFAE288334928681F
S21400721034F058FA3249286834F054FA22892F4953
S214007220286834F04FFA3F49286834F04BFA6289F0
S2140072302A49286834F046FA3B49286834F042FA6E
S214007240227B2949286834F03DFA28682949BDE898
S214007250384034F037BA1E4D33F092F833F091F8D8
S2140072603249286834F02EFA2D49286834F02AFA74
S214007270A2881A49286834F025FA1749286834F095
S21400728021FAE2881549286834F01CFA144928685F
S21400729034F018FA22891149286834F013FA214983
S2140072A0286834F00FFA62890C49286834F00AFA24
S2140072B01F49286834F006FA227B0B49286834F008
S2140072C001FA28680B49BDE8384034F0FBB900BF26
S2140072D0541B0020D5E1040038D004003EBC040056
S2140072E05ED104001AC90400BFC70400B6CF04006C
S2140072F004E2040097C704004DE20400EBCF04004C
S2140073003BCE040071E204008AE20400A0E204001E
S2140073104EDB0400B2E20400BDE20400E3E2040037
S2140073209BD00400CDD00400FEE2040012E304006B
S2140073302BE30400AC4D33F023F833F022F8AB49CE
S214007340286834F0BFF9AA49286834F0BBF9A28847
S214007350A849286834F0B6F9A749286834F0B2F985
S214007360E288A449286834F0ADF9A449286834F0C6
S214007370A9F922899F49286834F0A4F9A049286809
S21400738034F0A0F962899B49286834F09BF99D493E
S214007390286834F097F9227B9B49286834F092F9E4
S2140073A09A49286834F08EF9627B9749286834F049
S2140073B089F99749286834F085F9D4F80E2095495C
S2140073C0286834F07FF928689349BDE8384034F0DF
S2140073D079B9854D32F0D4FF32F0D3FF8F49286853
S2140073E034F070F98249286834F06CF9A288814933
S2140073F0286834F067F98049286834F063F9E28831
S2140074007C49286834F05EF98549286834F05AF9D2
S21400741022897849286834F055F97949286834F083
S21400742051F962897349286834F04CF97D49286817
S21400743034F048F9227B7449286834F043F9286808
S2140074407549BDE8384034F03DB9674D32F098FFD5
S21400745032F097FF7449286834F034F96449286894
S21400746034F030F9A2886349286834F02BF9624971
S214007470286834F027F9E2885E49286834F022F953
S2140074806A49286834F01EF922895A49286834F077
S21400749019F95B49286834F015F962895549286856
S2140074A034F010F96249286834F00CF9227B56490A
S2140074B0286834F007F95F49286834F003F9D4F8EF
S2140074C00D205449286834F0FDF828685249BDE874
S2140074D0384034F0F7B8444D32F052FF32F051FFE6
S2140074E05549286834F0EEF84149286834F0EAF83F
S2140074F0A2884049286834F0E5F83F49286834F007
S214007500E1F8E2883B49286834F0DCF84749286807
S21400751034F0D8F822893749286834F0D3F8384947
S214007520286834F0CFF862893249286834F0CAF8FF
S2140075304249286834F0C6F8227B3349286834F07C
S214007540C1F828683449BDE8384034F0BBB8264D49
S21400755032F016FF32F015FF3949286834F0B2F8D9
S2140075602549286834F0AEF8A2882249286834F005
S214007570A9F83449286834F0A5F8E2881D49286837
S21400758034F0A0F828682449BDE8384034F09AB8AA
S214007590154D32F0F5FE32F0F4FE2B49286834F033
S2140075A091F81549286834F08DF8A28811492868A2
S2140075B034F088F82549286834F084F8A27912490E
S2140075C0286834F07FF82249286834F07BF8D4F82D
S2140075D007201049286834F075F828680E49BDE879
S2140075E0384034F06FB800BF541B00203DE3040061
S2140075F09BD004003EBC040038D004005ED10400DA
S214007600CDD004005FE30400BFC7040075E30400A8
S2140076108AE30400DBC7040097C7040009E40400FB
S2140076204DD1040023E404002EE40400B1D004008D
S21400763051E404005FE4040075E4040096E40400EA
S214007640EBE4040010E5040026E50400DEC90400AF
S21400765043E50400AE4D32F093FE32F092FEAD49A3
S214007660286834F02FF8AC49286834F02BF8A28844
S214007670AA49286834F026F8A949286834F022F880
S214007680E288A649286834F01DF8A649286834F030
S21400769019F82289A149286834F014F82868A24904
S2140076A0BDE8384034F00EB8994D32F069FE32F03D
S2140076B068FE9E49286834F005F89D49286834F02D
S2140076C001F8A2889549286833F0FCFF924928689B
S2140076D033F0F8FFE2889149286833F0F3FF9549C4
S2140076E0286833F0EFFF22898C49286833F0EAFFD8
S2140076F09149286833F0E6FF62898849286833F0A4
S214007700E1FF8E49286833F0DDFFA28983492868A7
S21400771033F0D8FF8A49286833F0D4FFA17B04F100
S2140077200F00FAF725F828687F49BDE8384033F09F
S214007730C9BF774D32F024FE32F023FE8149286817
S21400774033F0C0FF7A49286833F0BCFFA28873493B
S214007750286833F0B7FF7049286833F0B3FFE28833
S2140077606E49286833F0AEFF7749286833F0AAFFE1
S21400777022896A49286833F0A5FF6F49286833F0E4
S214007780A1FF62896549286833F09CFF6F49286825
S21400779033F098FF227B6E49286833F093FF6D49DB
S2140077A0286833F08FFFB4F80D205C49286833F062
S2140077B089FF6949286833F085FFB4F80F205749D8
S2140077C0286833F07FFF6549286833F07BFFD4F8DC
S2140077D011206349286833F075FF28685249BDE8D0
S2140077E0384033F06FBF4A4D32F0CAFD32F0C9FD63
S2140077F05C49286833F066FF4D49286833F062FF1D
S214007800A2884649286833F05DFF4349286833F06C
S21400781059FFE2884149286833F054FF4A492868EE
S21400782033F050FF22893D49286833F04BFF424928
S214007830286833F047FF62893849286833F042FFEA
S2140078404249286833F03EFF227B4149286833F0DE
S21400785039FF4049286833F035FFB4F80D202F492A
S214007860286833F02FFF4049286833F02BFFE17B70
S21400787004F11000F9F77CFF28682B49BDE8384072
S21400788033F020BF224D32F07BFD32F07AFD3749CF
S214007890286833F017FF2649286833F013FFA288BC
S2140078A01E49286833F00EFF1B49286833F00AFF8C
S2140078B0E2881A49286833F005FF2D49286833F016
S2140078C001FF22891549286833F0FCFE194928680B
S2140078D033F0F8FE62891149286833F0F3FE164942
S2140078E0286833F0EFFEA2890C49286833F0EAFED8
S2140078F02049286833F0E6FED4F80E201849286898
S21400790033F0E0FE28680849BDE8384033F0DABEB8
S214007910541B002055E5040038D004003EBC04008B
S21400792079E504007DE5040097C7040081E50400BE
S2140079309BD004004DD10400CDD00400E1DE04004D
S214007940BDE30400A3E504005ED10400EBCF040011
S214007950BFC70400BCE50400CCE504008AE30400CD
S214007960DBC70400DBE50400FDE504003BE604009D
S21400797054E604001CD304007B4D32F001FD32F0C7
S21400798000FD7A49286833F09DFE7949286833F06F
S21400799099FEA2887749286833F094FE76492868CD
S2140079A033F090FED4F806207449286833F08AFE37
S2140079B028687349BDE8384033F084BE6A4D32F01B
S2140079C0DFFC32F0DEFC6F49286833F07BFE6E4940
S2140079D0286833F077FEA2886649286833F072FE7E
S2140079E06349286833F06EFEE2886249286833F0FF
S2140079F069FE6649286833F065FE22895D49286875
S214007A0033F060FE6249286833F05CFE62895949AB
S214007A10286833F057FE5F49286833F053FEA28982
S214007A205449286833F04EFE28685549BDE838406A
S214007A3033F048BE4C4D32F0A3FC32F0A2FC56495F
S214007A40286833F03FFE5049286833F03BFEA28892
S214007A504849286833F036FE4549286833F032FE38
S214007A60E2884449286833F02DFE4849286833F0F8
S214007A7029FE22893F49286833F024FE44492868B5
S214007A8033F020FE62893B49286833F01BFE4149EB
S214007A90286833F017FEA2893649286833F012FEAC
S214007AA028683749BDE8384033F00CBE2E4D32F01A
S214007AB067FC32F066FC3949286833F003FE2C492F
S214007AC0286833F0FFFDA2882A49286833F0FAFDBB
S214007AD02949286833F0F6FDD4F806202749286897
S214007AE033F0F0FD28682649BDE8384033F0EABD9B
S214007AF01D4D32F045FC32F044FC2949286833F02D
S214007B00E1FD2349286833F0DDFDA288194928687D
S214007B1033F0D8FD1649286833F0D4FDE2881549BD
S214007B20286833F0CFFD1F49286833F0CBFD228943
S214007B301049286833F0C6FD1649286833F0C2FDA0
S214007B4062890C49286833F0BDFD1749286833F070
S214007B50B9FDA2890749286833F0B4FD28680849AA
S214007B60BDE8384033F0AEBD541B002065E6040087
S214007B7038D004003EBC0400ABD60400DBC70400CB
S214007B8097C70400A9E604009BD00400C7E60400DB
S214007B904DD10400CDD00400D2E60400F1E6040086
S214007BA011E704005ED104002EE70400984D32F081
S214007BB0E7FB32F0E6FB9749286833F083FD9649E9
S214007BC0286833F07FFDA2889449286833F07AFD50
S214007BD09349286833F076FDE2889049286833F0A8
S214007BE071FD9049286833F06DFD22898B4928681D
S214007BF033F068FD8C49286833F064FD6289874954
S214007C00286833F05FFD8949286833F05BFD227BE6
S214007C108749286833F056FD8649286833F052FDB8
S214007C20627B8349286833F04DFD8349286833F02A
S214007C3049FDE2897949286833F044FD7F49286880
S214007C4033F040FD227C7A49286833F03BFD7C49BE
S214007C50286833F037FD627C7549286833F032FDBA
S214007C607849286833F02EFDA27C7149286833F0E5
S214007C7029FD7549286833F025FDE27C6C492868A3
S214007C8033F020FD7149286833F01CFD227D6849D9
S214007C90286833F017FD6E49286833F013FD627DBF
S214007CA06349286833F00EFD6A49286833F00AFDF8
S214007CB0D4F816206849286833F004FD6749286818
S214007CC033F000FD628B5549286833F0FBFC2868CA
S214007CD06349BDE8384033F0F5BC4D4D32F050FBFB
S214007CE032F04FFB5F49286833F0ECFC4C492868BB
S214007CF033F0E8FCA2884949286833F0E3FC55498C
S214007D00286833F0DFFCD4F806205349286833F09F
S214007D10D9FC5249286833F0D5FC62893F49286867
S214007D2033F0D0FC28684E49BDE8384033F0CABC72
S214007D30374D32F025FB32F024FB4B49286833F0F0
S214007D40C1FC3749286833F0BDFCA288334928684F
S214007D5033F0B8FC3549286833F0B4FCA2793449CE
S214007D60286833F0AFFC3A49286833F0ABFCE27978
S214007D702F49286833F0A6FC3649286833F0A2FC61
S214007D80A2683549286833F09DFC3449286833F0EA
S214007D9099FCA2892149286833F094FC2868304968
S214007DA0BDE8384033F08EBC194D32F0E9FA32F0B7
S214007DB0E8FA2E49286833F085FC1949286833F01C
S214007DC081FCA2881549286833F07CFC1249286893
S214007DD033F078FCE2881149286833F073FC2449B4
S214007DE0286833F06FFC227A1149286833F06AFC61
S214007DF02049286833F066FC617A04F10A00F9F736
S214007E00B7FC28681649BDE8384033F05BBC00BFB5
S214007E10541B00203AE704004DD104003EBC040089
S214007E2038D004005ED10400CDD004001AC9040086
S214007E30BFC704005EE7040065E704006DE70400C2
S214007E4073E704007AE7040083E704008CE7040085
S214007E509AE704001CD30400DBC70400A3E7040071
S214007E6097C70400D7E70400FBE7040022E80400F5
S214007E70B2E204004EE80400A94D32F081FA32F076
S214007E8080FAA849286833F01DFCA749286833F013
S214007E9019FCA288A549286833F014FCA449286870
S214007EA033F010FCE288A149286833F00BFCA149A6
S214007EB0286833F007FC08216018F9F741FC9E4952
S214007EC0286833F0FFFB227C9C49286833F0FAFBD5
S214007ED09B49286833F0F6FB617C04F11200F9F741
S214007EE047FC28689749BDE8384033F0EBBB8C4D1B
S214007EF032F046FA32F045FA9349286833F0E2FB4E
S214007F008949286833F0DEFBA2888849286833F060
S214007F10D9FB28688B49BDE8384033F0D3BB804D89
S214007F2032F02EFA32F02DFA8849286833F0CAFB70
S214007F307D49286833F0C6FBA2887C49286833F060
S214007F40C1FB7B49286833F0BDFBE2887749286887
S214007F5033F0B8FB28687B49BDE8384033F0B2BB45
S214007F606F4D32F00DFA32F00CFA7949286833F08A
S214007F70A9FB6D49286833F0A5FBA2886B492868E1
S214007F8033F0A0FB6A49286833F09CFBE288674917
S214007F90286833F097FB28686A49BDE8384033F014
S214007FA091BB5F4D32F0ECF932F0EBF96949286885
S214007FB033F088FB5C49286833F084FBA2885B4971
S214007FC0286833F07FFB5A49286833F07BFBE28849
S214007FD05649286833F076FB5749286833F072FB19
S214007FE0227A5649286833F06DFB5B49286833F0DF
S214007FF069FBB4F809204D49286833F063FB28680C
S2140080005049BDE8384033F05DBB454D32F0B8F915
S21400801032F0B7F95149286833F054FB42492868D2
S21400802033F050FBA2884149286833F04BFB4C499B
S214008030286833F047FBB4F906204A49286833F02D
S21400804041FB4949286833F03DFBB4F9082045490F
S214008050286833F037FB4549286833F033FB04F1D2
S2140080600A000821F9F76CFB28683649BDE8384055
S21400807033F028BB2A4D32F083F932F082F93C49BE
S214008080286833F01FFB2849286833F01BFBA288BA
S2140080902649286833F016FB3649286833F012FB69
S2140080A0D4F806203449286833F00CFB3349286896
S2140080B033F008FBD4F80A202F49286833F002FB77
S2140080C02F49286833F0FEFA04F10E000821F9F76C
S2140080D037FB28681B49BDE8384033F0F3BA104D2B
S2140080E032F04EF932F04DF92649286833F0EAFAB4
S2140080F00D49286833F0E6FAA2880C49286833F060
S214008100E1FA2149286833F0DDFAA2790B4928689C
S21400811033F0D8FA28680B49BDE8384033F0D2BAB5
S214008120541B002059E8040038D004003EBC04006C
S2140081304DD104004EDB0400B2E20400BFC70400C9
S2140081404EE8040097C7040080E80400A4E8040092
S214008150C0E80400E7E8040019E90400A7E9040001
S214008160D1E904008CCD0400ECE9040003EA040025
S21400817018EA04003FEA040090E9040057EA040005
S2140081806BEA040081EA0400A4EA0400B24D32F06F
S214008190F7F832F0F6F8B149286833F093FAB049A8
S2140081A0286833F08FFAA288AE49286833F08AFA36
S2140081B0AD49286833F086FAE288AA49286833F081
S2140081C081FAAA49286833F07DFA2289A5492868E9
S2140081D033F078FAA649286833F074FA6289A14920
S2140081E0286833F06FFAA349286833F06BFA04F175
S2140081F00C000821F9F7A4FA9F49286833F062FAC0
S214008200227D9E49286833F05DFA9D49286833F040
S21400821059FA627D9949286833F054FA99492868D2
S21400822033F050FAA27D9549286833F04BFA964908
S214008230286833F047FAD4F817209449286833F0B2
S21400824041FA9349286833F03DFAB4F91B20914966
S214008250286833F037FA28688F49BDE8384033F08D
S21400826031BA7D4D32F08CF832F08BF88B492868A5
S21400827033F028FA7A49286833F024FAA288794934
S214008280286833F01FFA7849286833F01BFAE2882A
S2140082907449286833F016FA7449286833F012FADD
S2140082A022897049286833F00DFA7149286833F03E
S2140082B009FA62896B49286833F004FA7849286815
S2140082C033F000FAB4F90C207249286833F0FAF952
S2140082D07449286833F0F6F9B4F90E206D49286819
S2140082E033F0F0F97049286833F0ECF904F1100027
S2140082F00821F9F725FA28686749BDE8384033F0C1
S214008300E1B9554D32F03CF832F03BF86749286841
S21400831033F0D8F95249286833F0D4F9A288514985
S214008320286833F0CFF95049286833F0CBF9E28853
S2140083304C49286833F0C6F94C49286833F0C2F92E
S21400834022894849286833F0BDF94949286833F03E
S214008350B9F962894349286833F0B4F95449286862
S21400836033F0B0F9E2684949286833F0ABF951496F
S214008370286833F0A7F922694449286833F0A2F93F
S2140083804D49286833F09EF904F114000821F9F7E6
S214008390D7F928684049BDE8384033F093B92E4DE8
S2140083A031F0EEFF31F0EDFF4449286833F08AF9EA
S2140083B02D49286833F086F9A2882A49286833F0C0
S2140083C081F92749286833F07DF9E288254928682D
S2140083D033F078F93A49286833F074F9228921494C
S2140083E0286833F06FF93749286833F06BF96289EB
S2140083F01C49286833F066F93349286833F062F977
S214008400217B04F10D00F9F7B3F928682249BDE88D
S214008410384033F057B9104D31F0B2FF31F0B1FFAC
S2140084202A49286833F04EF90F49286833F04AF98C
S214008430A2880C49286833F045F90949286833F0C2
S21400844041F9E2880749286833F03CF92868124960
S214008450BDE8384033F036B9541B0020B0EA0400BB
S2140084604DD104003EBC040038D004005ED10400A8
S214008470CDD0040047E9040055E90400BFC7040056
S21400848061E904006FE9040080E9040090E9040053
S21400849094E904008CCD040097C70400CDEA0400DC
S2140084A0D1E90400ECE9040003EA0400EFEA040062
S2140084B03FEA040057EA04006BEA040037EB0400C6
S2140084C057EB040065EB040077EB040085EB040033
S2140084D0A04D31F055FF31F054FF9F49286833F026
S2140084E0F1F89E49286833F0EDF8A2889C49286880
S2140084F033F0E8F89B49286833F0E4F8E2889849B6
S214008500286833F0DFF828689749BDE8384033F02C
S214008510D9B8904D31F034FF31F033FF93492868D5
S21400852033F0D0F88D49286833F0CCF8A2888C490F
S214008530286833F0C7F88B49286833F0C3F8E28818
S2140085408749286833F0BEF828688749BDE8384070
S21400855033F0B8B87F4D31F013FF31F012FF844985
S214008560286833F0AFF87D49286833F0ABF8A28866
S2140085707B49286833F0A6F87A49286833F0A2F8D1
S214008580E2887749286833F09DF87A49286833F0FE
S21400859099F8217A04F10900F9F7EAF8286872498F
S2140085A0BDE8384033F08EB86A4D31F0E9FE31F060
S2140085B0E8FE7149286833F085F86849286833F082
S2140085C081F8A2886649286833F07CF865492868EF
S2140085D033F078F8E2886249286833F073F8286840
S2140085E06149BDE8384033F06DB85A4D31F0C8FEE9
S2140085F031F0C7FE6149286833F064F857492868A7
S21400860033F060F8A2885649286833F05BF85C4976
S214008610286833F057F8A2795A49286833F052F898
S2140086205949286833F04EF8B4F807204C492868B2
S21400863033F048F828684C49BDE8384033F042B873
S214008640444D31F09DFE31F09CFE5049286833F0D1
S21400865039F84249286833F035F8A2884049286836
S21400866033F030F84A49286833F02CF8E2883C4961
S214008670286833F027F84749286833F023F8227A29
S2140086804049286833F01EF84349286833F01AF842
S214008690627A3C49286833F015F84049286833F078
S2140086A011F8A27A3749286833F00CF83C49286854
S2140086B033F008F8E27A3349286833F003F839498A
S2140086C0286832F0FFFF227B2E49286832F0FAFF36
S2140086D028682549BDE8384032F0F4BF1D4D31F01A
S2140086E04FFE31F04EFE3049286832F0EBFF1B4952
S2140086F0286832F0E7FFA2881949286832F0E2FFBE
S2140087001849286832F0DEFFE2881549286832F0FA
S214008710D9FF2649286832F0D5FFA2682449286880
S21400872032F0D0FF2349286832F0CCFF04F10C0069
S2140087300821F9F705F82049286832F0C3FF217DA3
S21400874004F11500F9F714F828680749BDE8384021
S21400875032F0B8BF541B00200FEC040038D00400E1
S2140087603EBC04004DD1040097C704002FEC040063
S21400877058EC04004EE80400B5EC0400D7EC040006
S214008780DEC90400BFC70400FEEC040011ED0400BF
S214008790C6C7040031ED040040ED040050ED0400AF
S2140087A05DED0400B2E2040095ED0400A7EC0400C1
S2140087B0DBC704004EDB0400AEEC0400984D31F03D
S2140087C0DFFD31F0DEFD9749286832F07BFF9649E1
S2140087D0286832F077FFA2889449286832F072FF42
S2140087E09349286832F06EFFE2889049286832F094
S2140087F069FF9049286832F065FFA2688E492868AC
S21400880032F060FF8D49286832F05CFF04F10C00FE
S2140088100821F8F795FF8A49286832F053FF217D32
S21400882004F11500F8F7A4FF28688649BDE838402B
S21400883032F048BF7A4D31F0A3FD31F0A2FD8249F7
S214008840286832F03FFF7849286832F03BFFA2885C
S2140088507649286832F036FF7549286832F032FFCC
S214008860E2887249286832F02DFF7849286832F08D
S21400887029FF217A04F10900F8F77AFF2868714980
S214008880BDE8384032F01EBF654D31F079FD31F05D
S21400889078FD6F49286832F015FF6349286832F082
S2140088A011FFA2886149286832F00CFF60492868E9
S2140088B032F008FFE2885D49286832F003FF60491D
S2140088C0286832F0FFFE217A04F10900F8F750FF1D
S2140088D028685C49BDE8384032F0F4BE504D31F0AF
S2140088E04FFD31F04EFD5B49286832F0EBFE4E49F5
S2140088F0286832F0E7FEA2884C49286832F0E2FE8B
S2140089004B49286832F0DEFEE2884849286832F093
S214008910D9FE28684B49BDE8384032F0D3BE404DFA
S21400892031F02EFD31F02DFD4B49286832F0CAFE9D
S2140089303D49286832F0C6FEA2883C49286832F0D5
S214008940C1FE3B49286832F0BDFEE28837492868F8
S21400895032F0B8FE28683B49BDE8384032F0B2BE77
S2140089602F4D31F00DFD31F00CFD3C49286832F0FA
S214008970A9FE2D49286832F0A5FEA2882B49286852
S21400898032F0A0FE2A49286832F09CFEE288274989
S214008990286832F097FE3249286832F093FE228922
S2140089A02249286832F08EFE2E49286832F08AFE68
S2140089B062891E49286832F085FE2B49286832F005
S2140089C081FEA2891949286832F07CFE274928686A
S2140089D032F078FEE2891549286832F073FE2449A1
S2140089E0286832F06FFE228A1049286832F06AFE44
S2140089F02049286832F066FE628A0C49286832F000
S214008A0061FE1D49286832F05DFEA28A0749286883
S214008A1032F058FE28680B49BDE8384032F052BEA6
S214008A20541B0020B9ED040038D004003EBC0400FE
S214008A304DD10400A7EC0400DBC704004EDB0400A5
S214008A40AEEC040097C70400DBED040004EE04005F
S214008A5033EE040055EE04007BEE04009CEE0400AA
S214008A60CAEB0400BBEE0400A5D60400C7EE040063
S214008A70B2E2040000EC0400C8DD04008E4D31F0C4
S214008A807FFC31F07EFC8D49286832F01BFE8C4955
S214008A90286832F017FEA2888A49286832F012FE4B
S214008AA08949286832F00EFEE2888649286832F046
S214008AB009FE8649286832F005FE22898149286821
S214008AC032F000FE8249286832F0FCFD62897D495A
S214008AD0286832F0F7FD7F49286832F0F3FDA28956
S214008AE07849286832F0EEFD28687B49BDE83840B2
S214008AF032F0E8BD704D31F043FC31F042FC77496E
S214008B00286832F0DFFD6E49286832F0DBFDA28867
S214008B106C49286832F0D6FD6B49286832F0D2FDE1
S214008B20E2886849286832F0CDFD6D49286832F041
S214008B30C9FD22896349286832F0C4FD694928685E
S214008B4032F0C0FD62895F49286832F0BBFD664995
S214008B50286832F0B7FDE2686449286832F0B2FD52
S214008B606349286832F0AEFD22696049286832F011
S214008B70A9FD6049286832F0A5FD62695B4928684E
S214008B8032F0A0FD5C49286832F09CFD227E5B49ED
S214008B90286832F097FD5A49286832F093FD617EC6
S214008BA004F11A00F8F7E4FD28684B49BDE83840A0
S214008BB032F088BD404D31F0E3FB31F0E2FB514925
S214008BC0286832F07FFD3E49286832F07BFDA28897
S214008BD03C49286832F076FD3B49286832F072FD41
S214008BE0E2883849286832F06DFD4749286832F037
S214008BF069FD227A4149286832F064FD43492868B5
S214008C0032F060FDB4F809202E49286832F05AFD8B
S214008C103F49286832F056FDB4F80B2029492868E9
S214008C2032F050FD3B49286832F04CFD617B04F180
S214008C300E00F8F79DFD28682749BDE8384032F059
S214008C4041BD1D4D31F09CFB31F09BFB324928683D
S214008C5032F038FD1A49286832F034FDA2881949E6
S214008C60286832F02FFD1849286832F02BFDE2887C
S214008C701449286832F026FD2849286832F022FD7B
S214008C8008216018F8F75CFD2549286832F01AFDBF
S214008C9022691649286832F015FD1E49286832F008
S214008CA011FD217D04F11500F8F762FD28680A49D8
S214008CB0BDE8384032F006BD541B002043EF0400E8
S214008CC038D004003EBC04005ED104006AEF040005
S214008CD078EF0400FCEE040097C7040087EF04005A
S214008CE0AFEF0400C5EF0400D8EF0400DBC70400B4
S214008CF0E6EF0400F9EF040012F00400BFC704001A
S214008D0022F004007FF00400EBCF04009DF0040086
S214008D101AC90400AEEC0400ABF004004EDB0400FD
S214008D2058DB0400A94D31F02BFB31F02AFBA84993
S214008D30286832F0C7FCA749286832F0C3FCA2882E
S214008D40A549286832F0BEFCA449286832F0BAFC6F
S214008D50E288A149286832F0B5FCA149286832F0BB
S214008D60B1FC227A9F49286832F0ACFC9E492868FC
S214008D7032F0A8FC627A9B49286832F0A3FC9B4933
S214008D80286832F09FFCA27A9649286832F09AFC4E
S214008D909749286832F096FC04F10B000821F8F792
S214008DA0CFFC9449286832F08DFCD4F81320924901
S214008DB0286832F087FC9149286832F083FCE17D10
S214008DC004F11800F8F7D4FC28688D49BDE838404F
S214008DD032F078BC7D4D31F0D3FA31F0D2FA8949C1
S214008DE0286832F06FFC8849286832F06BFCA2884D
S214008DF07949286832F066FC8449286832F062FCBB
S214008E00E2887549286832F05DFC8149286832F0AE
S214008E1059FC227A7349286832F054FC7D49286848
S214008E2032F050FC627A6F49286832F04BFC2868B2
S214008E307349BDE8384032F045BC644D31F0A0FAC5
S214008E4031F09FFA7449286832F03CFC6E49286875
S214008E5032F038FCA2886049286832F033FC6B494F
S214008E60286832F02FFCE2885B49286832F02AFC3A
S214008E706A49286832F026FC227A5A49286832F075
S214008E8021FC6749286832F01DFC627A554928683B
S214008E9032F018FC6349286832F014FCA27A514973
S214008EA0286832F00FFC6049286832F00BFCE27A42
S214008EB04C49286832F006FC28685149BDE838401D
S214008EC032F000BC414D31F05BFA31F05AFA5749A6
S214008ED0286832F0F7FB4D49286832F0F3FBA28889
S214008EE03D49286832F0EEFB5149286832F0EAFB2B
S214008EF094F906204F49286832F0E4FB4E4928686A
S214008F0032F0E0FBE01D1021F8F71AFC4B49286808
S214008F1032F0D8FBB4F817202F49286832F0D2FB7D
S214008F204749286832F0CEFBD4F819203249286821
S214008F3032F0C8FB28683249BDE8384032F0C2BB80
S214008F40224D31F01DFA31F01CFA3E49286832F005
S214008F50B9FB2D49286832F0B5FBA2881E4928685F
S214008F6032F0B0FB2949286832F0ACFBE2881A4997
S214008F70286832F0A7FB2949286832F0A3FB227A3A
S214008F801849286832F09EFB2B49286832F09AFB75
S214008F9004F109001021F8F7D3FB2849286832F0BD
S214008FA091FBB4F819200C49286832F08BFB26494F
S214008FB0286832F087FBE17E04F11C00F8F7D8FB46
S214008FC028680F49BDE8384032F07CBB541B0020AF
S214008FD0CFF0040038D004003EBC04005ED104008C
S214008FE0F1F00400BFC70400FFF004005DED0400CC
S214008FF04EDB040058DB0400DBC70400AEEC0400C4
S21400900097C7040012F10400D8C80400E2CF040099
S21400901044F1040050F1040059F10400EBCF0400C1
S214009020DEC9040085F1040093F10400A1F10400F8
S21400903085CD04008CCD040055CC0400CDF1040091
S21400904004EE0400D3F1040008F20400A74D31F04A
S21400905097F931F096F9A649286832F033FBA5490E
S214009060286832F02FFBA288A349286832F02AFB32
S214009070A249286832F026FBA279A149286832F076
S21400908021FBA049286832F01DFBE2799C4928683C
S21400909032F018FB9C49286832F014FB227A984973
S2140090A0286832F00FFB28689849BDE8384032F04F
S2140090B009BB8E4D31F064F931F063F994492868A4
S2140090C032F000FB9349286832F0FCFA201D062196
S2140090D0F8F736FB9049286832F0F4FAA27A884905
S2140090E0286832F0EFFA28688849BDE8384032F040
S2140090F0E9BA7E4D31F044F931F043F987492868E2
S21400910032F0E0FA8649286832F0DCFAA2887A491A
S214009110286832F0D7FA8349286832F0D3FAE28812
S2140091207549286832F0CEFA7F49286832F0CAFAC4
S214009130217A04F10900F8F71BFB28687349BDE89B
S214009140384032F0BFBA694D31F01AF931F019F9EA
S2140091507649286832F0B6FA7149286832F0B2FAD1
S214009160A2886549286832F0ADFA6E49286832F060
S214009170A9FAE2886049286832F0A4FA28686349A8
S214009180BDE8384032F09EBA584D31F0F9F831F06B
S214009190F8F86749286832F095FA6649286832F088
S2140091A091FAA2885449286832F08CFA62492868F5
S2140091B032F088FAD4F806206049286832F082FA3D
S2140091C05F49286832F07EFAA27A4D49286832F064
S2140091D079FA5C49286832F075FAE27A48492868D4
S2140091E032F070FA5849286832F06CFA227B44490B
S2140091F0286832F067FA5549286832F063FAB4F8FE
S2140092000D203D49286832F05DFA5149286832F051
S21400921059FAB4F80F203849286832F053FA4D4905
S214009220286832F04FFA627C3549286832F04AFAEC
S2140092304949286832F046FA628A2F49286832F08F
S21400924041FA28683149BDE8384032F03BBA274D2C
S21400925031F096F831F095F84049286832F032FA45
S2140092603449286832F02EFAA2882349286832F05A
S21400927029FA3149286832F025FAD4F806202F4911
S214009280286832F01FFA3649286832F01BFAA27AAC
S2140092901B49286832F016FA3249286832F012FA6A
S2140092A0E27A1749286832F00DFA2F49286832F01A
S2140092B009FAE2682149286832F004FA2049286849
S2140092C032F000FA227C0E49286832F0FBF9274972
S2140092D0286832F0F7F9627C0949286832F0F2F91A
S2140092E028680A49BDE8384032F0ECB9541B002023
S2140092F044F20400E2CF04003EBC0400EBCF0400BE
S214009300BFC70400DEC904005CCC040097C7040095
S21400931070F20400C6C7040076CD040037F30400DC
S21400932038D004004DD10400AEEC040053F3040022
S2140093308DF30400D8C804007CCF0400DBC704000B
S214009340BBF30400D3F30400EBF304000FF40400B3
S2140093502FF4040054F404006EF4040090F40400A7
S214009360BBF40400D0F40400E6F40400F8F40400AF
S214009370AD4D31F005F831F004F8AC49286832F00C
S214009380A1F9AB49286832F09DF92279A9492868E5
S21400939032F098F9A849286832F094F96279A5491C
S2140093A0286832F08FF9A549286832F08BF9A2793F
S2140093B0A049286832F086F9A149286832F082F977
S2140093C0B4F807209F49286832F07CF99E4928683F
S2140093D032F078F9B4F809209A49286832F072F920
S2140093E09A49286832F06EF9E27A9249286832F093
S2140093F069F99749286832F065F9A2899149286881
S21400940032F060F928689349BDE8384032F05AB91E
S214009410854D30F0B5FF30F0B4FF8F49286832F044
S21400942051F98E49286832F04DF9A2888549286896
S21400943032F048F98A49286832F044F9D4F8062010
S2140094408849286832F03EF98749286832F03AF9A8
S214009450A27A7849286832F035F98449286832F0CB
S21400946031F9E27A7349286832F02CF9286879498C
S214009470BDE8384032F026B96B4D30F081FF30F051
S21400948080FF7B49286832F01DF97449286832F05D
S21400949019F9A2886B49286832F014F970492868CF
S2140094A032F010F9D4F806206E49286832F00AF92E
S2140094B06D49286832F006F9A27A5E49286832F0CB
S2140094C001F928686349BDE8384032F0FBB8564DCC
S2140094D030F056FF30F055FF6649286832F0F2F853
S2140094E05E49286832F0EEF8A2885649286832F0BD
S2140094F0E9F85B49286832F0E5F8D4F806205949BF
S214009500286832F0DFF85C49286832F0DBF8A27A87
S2140095104849286832F0D6F85849286832F0D2F818
S214009520B4F80B204749286832F0CCF84E49286832
S21400953032F0C8F8627B3F49286832F0C3F82868E2
S2140095404449BDE8384032F0BDB8374D30F018FF1A
S21400955030F017FF4A49286832F0B4F840492868C6
S21400956032F0B0F862683F49286832F0ABF84549F7
S214009570286832F0A7F8217A04F10900F8F7F8F81D
S21400958028683449BDE8384032F09CB8264D30F0A3
S214009590F7FE30F0F6FE3C49286832F093F82F4983
S2140095A0286832F08FF8A2882649286832F08AF8B0
S2140095B02B49286832F086F8D4F80620294928680E
S2140095C032F080F828682349BDE8384032F07AB88F
S2140095D0154D30F0D5FE30F0D4FE2C49286832F018
S2140095E071F81E49286832F06DF8A2881549286877
S2140095F032F068F81A49286832F064F8D4F8062081
S2140096001849286832F05EF82149286832F05AF87E
S214009610A27A0849286832F055F828680D49BDE84E
S214009620384032F04FB800BF541B00200CF5040041
S214009630BBF30400BFC70400D3F30400EBF304003D
S2140096400FF404003EBC04002FF4040054F404009D
S2140096506EF4040097C704005FF50400D8C8040041
S2140096607CCF0400DBC70400DEC9040088F50400D4
S2140096709EF50400CBF50400EBCF04000EC80400F2
S2140096802DF604007AC8040042F604005BF60400D7
S21400969037C804005A4D30F073FE30F072FE594958
S2140096A0286832F00FF85849286832F00BF8A2887C
S2140096B05649286832F006F85549286832F002F80C
S2140096C0E2885249286831F0FDFF5249286831F097
S2140096D0F9FF22894D49286831F0F4FF4E49286881
S2140096E031F0F0FF62894949286831F0EBFF4B49B9
S2140096F0286831F0E7FF227B4949286831F0E2FF0D
S2140097004849286831F0DEFF627B4549286831F019
S214009710D9FF28684449BDE8384031F0D3BF384DFA
S21400972030F02EFE30F02DFE4049286831F0CAFF9A
S2140097303F49286831F0C6FF22793949286831F058
S214009740C1FF3C49286831F0BDFFD4F805203A49EE
S214009750286831F0B7FF28683349BDE8384031F053
S214009760B1BF274D30F00CFE30F00BFE33492868B1
S21400977031F0A8FF3249286831F0A4FF2279284941
S214009780286831F09FFF2F49286831F09BFFB4F816
S21400979005201E49286831F095FF2B49286831F0CE
S2140097A091FFB4F807201949286831F08BFF274944
S2140097B0286831F087FFB4F809201449286831F08A
S2140097C081FF28681849BDE8384031F07BBF0C4D52
S2140097D030F0D6FD30F0D5FD1D49286831F072FF17
S2140097E01C49286831F06EFFA2880849286831F0C5
S2140097F069FF28680C49BDE8384031F063BF00BFF8
S214009800541B002099F60400C6F604003EBC040073
S214009810CCF60400CDD00400D2F60400E0F6040036
S214009820BFC70400F1F6040097C7040000F7040061
S21400983025F704002BF70400DBC7040035F7040007
S21400984038D0040067C9040073C9040037C8040090
S21400985064F7040092F7040073B5044600285AD053
S21400986003682E4A23F47F4323F00703934241D034
S21400987002F1807293420FD002F17E4293424AD1A7
S21400988030F07EFD30F07DFD254B2649186802B08D
S214009890BDE8704031F016BF214D30F071FD30F05C
S2140098A070FD2149286831F00DFFB4F805200192BB
S2140098B01E492868B4F80760B4F8094031F002FF82
S2140098C0019A1B49286831F0FDFE1A49286831F0D4
S2140098D0F9FE32461649286831F0F4FE1649286823
S2140098E031F0F0FE22461249286831F0EBFE1349AB
S2140098F02868CCE70A4D30F043FD30F042FD1049B1
S214009900286831F0DFFEA2880E492868019231F0FF
S214009910D9FE019AE7E702B070BD00BFA0000601BD
S214009920541B00209DF70400B6F70400CDF7040092
S2140099303EBC0400D8F704003ADD040097C70400D4
S214009940E2F704005CCC040038B5032000F02EFEDD
S21400995060B1184C1849206831F0B4FE30F010FDA4
S21400996030F00FFD1549206831F0ACFE144B188816
S21400997015F024FF0446D8B1012000F017FEB8B158
S2140099800C4D1049286831F09DFE30F0F9FC30F09F
S214009990F8FC0D490D4A2868234631F093FE204610
S2140099A000F04AFE28680A49BDE8384031F08ABE11
S2140099B038BD00BF541B0020F5F70400FAF704007A
S2140099C04831002016F80400C8BB04001BF8040049
S2140099D022F8040037B500230146164A16480093BD
S2140099E000F07AFE054618B3144C1549206831F08D
S2140099F069FE1449206831F065FE30F0C1FC30F095
S214009A00C0FC114B114A12490093206840F2CB1358
S214009A1031F058FE0F49104A20682B4631F052FEAE
S214009A20284600F009FE0D49206831F04BFEFEE79F
S214009A3003B030BDF19C0000D81A0020541B002053
S214009A406CFC0400ABBB040076FA040034F8040097
S214009A50B9BB0400C8BB0400C5BB040074F804000E
S214009A6030B585B0904D914B2A781B78134340F063
S214009A70FA8015F08BFE0446F0B1012000F096FD4A
S214009A80002800F0F0808A4D8A49286831F01AFED6
S214009A9030F076FC30F075FC8749884A2868234603
S214009AA031F010FE204600F0C7FD8549286805B055
S214009AB0BDE8304031F006BE012303202B7000F0D5
S214009AC075FD60B17A4C7F49206831F0FBFD30F0BF
S214009AD057FC30F056FC7C49206831F0F3FD30F03E
S214009AE047FC0421002015F08DFE0446C8B1012075
S214009AF000F05CFD002800F0B6806D4D6D492868CA
S214009B0031F0E0FD30F03CFC30F03BFC6A496B4A3B
S214009B102868234631F0D6FD204600F08DFD6B49BF
S214009B20C4E741F28831012015F06CFE0446C8B146
S214009B30012000F03BFD002800F095805C4D5D495B
S214009B40286831F0BFFD30F01BFC30F01AFC5A4993
S214009B505A4A2868234631F0B5FD204600F06CFDD1
S214009B605B49A3E73221022015F04CFE0446C0B143
S214009B70012000F01BFD002875D04D4D4D4928688A
S214009B8031F0A0FD30F0FCFB30F0FBFB4A494B4ABD
S214009B902868234631F096FD204600F04DFD4D49DD
S214009BA084E70821032015F02DFE0446C0B10120ED
S214009BB000F0FCFC002856D03D4D3E49286831F0A8
S214009BC081FD30F0DDFB30F0DCFB3B493B4A28688A
S214009BD0234631F077FD204600F02EFD3E4965E72E
S214009BE06421042015F00EFE0446C0B1012000F0EA
S214009BF0DDFC002837D02E4D2E49286831F062FD56
S214009C0030F0BEFB30F0BDFB2B492C4A28682346BB
S214009C1031F058FD204600F00FFD304946E702AA15
S214009C2001A9082015F05AFE0446F0B1012000F004
S214009C30BDFCA8B11E4D1F49286831F043FD30F029
S214009C409FFB30F09EFB1C491C4A2868234631F0D7
S214009C5039FD204600F0F0FC2149286831F032FD3D
S214009C60204B00221A6005B030BD019B012B13D893
S214009C70012000F09BFC0028F2D00D4C0D49206816
S214009C8031F020FD30F07CFB30F07BFB019A16496A
S214009C90206831F017FDE3E7144BBDF808201A8062
S214009CA0FFF752FEDCE700BF083200200932002032
S214009CB0541B002016F80400C8BB04001BF8040060
S214009CC09CF80400F5F70400B7F80400C8F8040090
S214009CD0E8F804000FF9040037F9040061F90400FD
S214009CE08AF90400D41A0020ABF904004831002099
S214009CF010B50C4B1B78A3B9032000F057FC60B1DD
S214009D00094C0A49206831F0DDFC30F039FB30F0B0
S214009D1038FB0749206831F0D5FCBDE81040FFF756
S214009D209FBE10BD08320020541B0020F5F704002B
S214009D30EDF9040073B5414E3378002B7CD04048D3
S214009D4000F0B0FC054610B33E4C3F49206831F0A9
S214009D50B9FC3E49206831F0B5FC30F011FB30F01C
S214009D6010FB3B4B00933B4A3B492068E12331F014
S214009D70A9FC3A493A4A20682B4631F0A3FC28460B
S214009D8000F05AFC3749206831F09CFCFEE7364B61
S214009D90188815F025FD0446C8B1012000F006FC21
S214009DA0A8B1284D3149286831F08CFC30F0E8FA2B
S214009DB030F0E7FA29492E4A2868234631F082FC1B
S214009DC0204600F039FC2B49286831F07BFC15F062
S214009DD0E9FC0446C8B1012000F0E8FBA8B1194D23
S214009DE02249286831F06EFC30F0CAFA30F0C9FA21
S214009DF01A491F4A2868234631F064FC204600F0C2
S214009E001BFC1D49286831F05DFC1C4A002303201A
S214009E103370138000F0CAFB60B10A4C1849206802
S214009E2031F050FC30F0ACFA30F0ABFA154920684F
S214009E3031F048FC30F09DFA02B070BD08320020C8
S214009E409C1A0020541B00206CFC0400ABBB0400D2
S214009E50A5FA040034F80400B9BB0400C8BB04002B
S214009E60C5BB04000AFA04004831002016F80400B6
S214009E701BF8040031FA040050FA040046310020B2
S214009E80F5F7040063FA040037B50368644A23F460
S214009E907F4323F0070393424ED024D802F17F423B
S214009EA0934242D00ED8A2F56022934236D002F5F5
S214009EB04032934200F0AB80A2F58022934225D038
S214009EC003B030BD574A934228D002F58022934211
S214009ED0F6D1554A1378002BF2D0013BDBB2137053
S214009EE0002BEDD115E0514A93420AD00CD802F16E
S214009EF07A4202F57022934250D002F571029342E4
S214009F00DED141F288300BE0494AF8E70379002BAE
S214009F10D6D003B0BDE83040FFF7A2BD47F23050C0
S214009F2003B0BDE83040FFF755BDC088414B1880F0
S214009F3080B230F01FFAC3E7C08830F01CFA002366
S214009F403D4A3E4800934FF4FA6100F0C5FB0546D3
S214009F500028B5D03A4C3B49206831F0B3FB3A496B
S214009F60206831F0AFFB30F00BFA30F00AFA374BCE
S214009F70374A3849009320684FF49A7331F0A2FBB1
S214009F803549364A20682B4631F09CFB284600F0BF
S214009F9053FB3349206831F095FBFEE7C08830F06C
S214009FA0EBF9244B00221A801F4B1B78002B87D11D
S214009FB0214A224800934FF4FA6100F08DFB0546D3
S214009FC000283FF47DAF1E4C1E49206831F07AFB16
S214009FD01D49206831F076FB30F0D2F930F0D1F927
S214009FE01A4B1B4A1B49009320684FF4A27331F0AA
S214009FF069FB1949194A20682B4631F063FB28464D
S21400A00000F01AFB1649206831F05CFBFEE7064AB2
S21400A01013780133137003B0BDE83040FFF78ABEF3
S21400A020A8002301A800140109320020A800140883
S21400A030A8001409463100206DA303009C1A0020D6
S21400A040541B00206CFC0400ABBB04008EFA04001A
S21400A05034F80400B9BB0400C8BB0400C5BB040048
S21400A06074F80400F7B51E4C1E4D014600260B463C
S21400A0701F4613F8012B0A2A01D0002AF8D17A1AB3
S21400A08012F0FF0208D13B780A2B24D03946087814
S21400A0900028ECD103B0F0BD236894F82600B3F88E
S21400A0A000C094F8243095F800E0019613FB02F304
S21400A0B0DBB2ACEB030394F825C084440CFB0E0023
S21400A0C0C0B20090C3F34703054830F099FF01285B
S21400A0D0D9D90120DEE72B7801332B70791CD6E71F
S21400A0E0141B00200A32002073B50646002003F039
S21400A0F015FA054610B33E4C3E49206831F0E2FAA8
S21400A1003D49206831F0DEFA30F03AF930F039F99E
S21400A1103A4B00933A4A3B492068552331F0D2FA2D
S21400A12039493A4A20682B4631F0CCFA284600F0E6
S21400A13083FA3749206831F0C5FAFEE7354D2846E0
S21400A14003F056FA044610B3294D2A49286831F020
S21400A150B9FA2949286831F0B5FA30F011F930F02B
S21400A16010F9264B0093264A26492868582331F0D2
S21400A170A9FA2549254A2868234631F0A3FA20463D
S21400A18000F05AFA2449286831F09CFAFEE76FF08E
S21400A1907F43C5E901302149284630F06DFF05466A
S21400A1A010B3134C1349206831F08CFA124920681A
S21400A1B031F088FA30F0E4F830F0E3F80F4B009313
S21400A1C00F4A104920685F2331F07CFA0E490F4A87
S21400A1D020682B4631F076FA284600F02DFA104912
S21400A1E0206831F06FFAFEE70E4B1E6002B070BDBD
S21400A1F0541B00206CFC0400ABBB0400B0FB040046
S21400A200C2FA0400B9BB0400C8BB040011FB04007A
S21400A21018FB0400141B002039FB04009CFD0400FE
S21400A2205BFB0400101B002010B504460B4830F002
S21400A23005FC80B90A4A0B4B10701868FFF712FF2E
S21400A24040B92046FFF70EFF20B903F091F9003819
S21400A25018BF012010BD0120FCE700BF141B002022
S21400A2600A320020101B002070B58CB0144C064635
S21400A2700FCC6D460FC594E80300083485E803004C
S21400A2800FCC06AD0FC594E8030085E8030016F072
S21400A290010004D00B486A46032130F0D1FDB30715
S21400A2A005D538B9074806AA032130F0C9FD08B914
S21400A2B003F05EF9003818BF01200CB070BD00BF77
S21400A2C080FB0400141B0020F0B5B3B001A80021E9
S21400A2D0C222174E009141F023F9164B34781A68C3
S21400A2E0154FC62304FB03251A4413FB04242946F2
S21400A2F0684641F033F916353946684641F02EF97E
S21400A300A542F4D16846FFF78FFF33781BB110B92A
S21400A3100120FFF7A9FF094B32781B78013B9A42D0
S21400A32003DA10B90220FFF79FFF33B0F0BD00BF7D
S21400A3300C320020401B00206CFC04000B32002076
S21400A3402DE9F3474E1EF3B2082B0746144656D89F
S21400A350DFF8E0A02C4D9AF80090914536D8531CB3
S21400A360DBB24FF0C60828688AF8003003FB08F115
S21400A37031F082FC2860F0B9244C2549206831F081
S21400A380A1F92449206831F09DF92FF0F9FF2FF04C
S21400A390F8FF214B0093214A214920686D2331F0B4
S21400A3A091F92049204A206831F08CF91F4920682D
S21400A3B031F088F9FEE79AF80020A2EB090208FBC4
S21400A3C002F2002109FB080041F0AAF82D68C62316
S21400A3D004FB03551620394600FB065041F0CDF825
S21400A3E0134B1B780020A34285F8C50002D0013C21
S21400A3F09C4205D102B0BDE8F047FFF765BF2120BB
S21400A40002B0BDE8F08700BF401B0020541B0020B0
S21400A4106CFC0400ABBB04007BFC0400BAFB04002D
S21400A420B9BB040015FC040004FC04002DFC040069
S21400A4300C3200200B32002008B50448FFF754FE0B
S21400A440BDE80840024802212FF097BF43FC0400F5
S21400A4506EFC0400034B0421002219711A60197364
S21400A4609A607047441B00202DE9F843204B1B7868
S21400A4700546ABB9DFF880901E4C4FF0020859F83D
S21400A480043BAB4207D1284630F002F801280CD135
S21400A49031F08CFB2060B8F1010F04F1080401D103
S21400A4A0BDE8F8834FF00108E9E728462FF0F0FFF3
S21400A4B007460028EFD131F079FB2368C61AFA2048
S21400A4C005F008FEB04201D92771E4E74FF47A7030
S21400A4D005F000FEB04202D901232371DBE741F20A
S21400A4E0883005F0F7FDB0428CBF02230323F4E763
S21400A4F02B130020441B00203010002010B5094C00
S21400A5002179042904D000202FF027FE042323718C
S21400A510217B042904D001202FF01FFE042323737F
S21400A52010BD00BF441B002010B50B4C20682FF058
S21400A530AFFF012803D131F039FB084B1860606883
S21400A5402FF0A6FF012803D131F030FB034B9860B3
S21400A550034B00221A7010BD30100020441B002050
S21400A5602B130020054B187838B9054B1A79042AA6
S21400A57003D1187B031F5842584170472B13002005
S21400A580441B0020074B1B7843B9074B1879042857
S21400A59006D11B7B042B08BF0120704701207047A3
S21400A5A0042070472B130020441B00200B4B1B7805
S21400A5B002468BB10A4B1B78834234BF0020012031
S21400A5C0084B1B783BB1084B1B7843FA02F212F09B
S21400A5D0010F08BF002070470120F1E72C13002070
S21400A5E02D1300200D3200202E13002008B5084B36
S21400A5F001221A70074B00221A70074B04221A70A9
S21400A600064B1F221A7004F075FC054B186008BD37
S21400A6102C1300200D3200202D1300202E130020B6
S21400A620541B0020024B0349186831F04BB800BF9A
S21400A630541B002095FC040070B50C4C0C490646D3
S21400A640206831F03FF804F055FC0546206804F019
S21400A65045FC3046FFF7E6FF284604F03FFC20683E
S21400A6600449BDE8704031F02DB800BF541B0020EF
S21400A670EBCA040097FC040009490B6800224BB1A2
S21400A680834204D1836A4AB19362012070471A4616
S21400A6909B6AF4E70028F5D0184670470B60F4E78D
S21400A6A0581B002010B5044690B105F069FC204602
S21400A6B0FFF7E2FF58B194F82C0040B12FF0CFFF1F
S21400A6C0044A1368013B13602FF0CFFF002010BD33
S21400A6D02220FCE75C1B00202DE9F04F85B09DF89A
S21400A6E038700546914698460E4609B9002F62D145
S21400A6F02846FFF7D7FF044600283CD185F82C00F3
S21400A700686305F06FFD864239D905F0DDFC40F23E
S21400A710E7318C462146E6FB00C160464FF47A726C
S21400A72000232EF01FF94FF0FF32002383468A469F
S21400A7302EF018F94FF0FF32E886002358465146AF
S21400A7402EF010F9CDE9004411462B461B4A284648
S21400A75031F007FA044670B9194A85F82D70136867
S21400A7602E63C5E9089823B31A469B6A002BFBD1D3
S21400A77095620023AB62204605B0BDE8F08F47B176
S21400A780CDE900440D4A2B463146284605F0EEFC3E
S21400A790E0E703A9304605F0CBFC04460028EAD1E2
S21400A7A0CDE90077054A03992B46284631F0B5F9DE
S21400A7B0D0E71560DDE72124DDE700BFC5A7000070
S21400A7C0581B002013B591F82C300C4683B98B8E9D
S21400A7D0CA8E93420ED243B9CDE90033114A0B46D6
S21400A7E020464FF0FF3131F07CF9A38E0133A3866B
S21400A7F002B010BD52B191F82D307BB10123009309
S21400A800D1E908232046096BFFF766FF064A0123B5
S21400A81084F82C30136801331360E9E7084605F026
S21400A820AFFBF3E7C5A700005C1B002070B5104D1A
S21400A8302B681BB10F4B1C68002604B970BD94F83A
S21400A8402C3093B12FF00BFF2B6884F82C60013B63
S21400A8502B602FF00AFF94F82D3013B92046FFF72F
S21400A8600BFFD4E9083120469847A46AE5E700BF05
S21400A8705C1B0020581B0020034B1B68002B0CBFE2
S21400A88001200420704700BF5C1B0020024B1868A4
S21400A890B0FA80F0400970475C1B002008B50548F8
S21400A8A0012100F0A9FF2FF0ABFCBDE8084000F046
S21400A8B04FB900BF00350A000148012100F09CBFD7
S21400A8C000350A0007B508202FF055FE02238DF844
S21400A8D000306846044B01932FF068FD082003B053
S21400A8E05DF804EB2FF053BE006A18102DE9F04314
S21400A8F089B01F4E0446894690460FCE01AD0FC55F
S21400A90096E8070085E8070025681A486E6FAF6F5F
S21400A910012100F071FF6068012100F06DFF617B8E
S21400A920207B0023042202F0AFF8617A207A04220A
S21400A930002302F0A9F80123284601A98DF8123059
S21400A940CDF80C90ADF8148030F012F8237CA27B82
S21400A9501B0643EA022307F01F0706F001063B43E7
S21400A96046F00A060020AB676E6709B0BDE8F083C4
S21400A9709CFC040000350A00024B4FF40052C3F85A
S21400A980A820704700A0004013B5044605F09CFBC5
S21400A990247B00230122CDE900326400034AB0FB89
S21400A9A0F4F1034831F09DF802B010BD79A900001B
S21400A9B0601B002073B50F4B0F4E4FF48045C3F855
S21400A9C09C500446407B05F009FE042302220DF14C
S21400A9D006013046ADF806302FF027FD30462FF042
S21400A9E035FDA07B05F0FAFD044B0020C3F89C5013
S21400A9F002B070BD00A000463810002000A0004441
S21400AA0070B5064601211248124C00F0F5FEB168FA
S21400AA1011480022FFF76AFF002304220E210320BC
S21400AA2002F032F83546002304220D21032002F0FE
S21400AA302BF80FCD0FC42B682360084B012230463D
S21400AA401A70FFF7A1FF3046FFF7B4FF002070BD75
S21400AA5000350A00801B0020381000200E3200202F
S21400AA602DE9F74F0688DFF8A8B0984603795E43CD
S21400AA70264B14464FF48042C3F89C200134A4B2FF
S21400AA800546407B0F4605F0A9FD230243F001036F
S21400AA901F48ADF8063002220DF1060101342FF0F2
S21400AAA0C4FC2402F610A4B24FF0000908F1FF3AE5
S21400AAB0C14511D116482FF0C9FCA87B05F08EFDC4
S21400AAC0144B13484FF48042C3F89C202FF0C3FC6D
S21400AAD0002003B0BDE8F08F3946324658462FF0C6
S21400AAE0A4FCCA4514BF44F0FF034FF6FF730222CE
S21400AAF00DF10601584604F58074ADF8063037446B
S21400AB002FF093FC09F10109A4B2D1E700A000469A
S21400AB103810002000A00044034B04481B78002B8C
S21400AB2008BF0020704700BF0E320020801B0020A8
S21400AB3030B587B0054D0FCD01AC0FC42B68236030
S21400AB4001A8FFF75DFF07B030BD00BFB8FC0400EA
S21400AB502DE9F04389B03B4D3B4FDFF80091DFF81D
S21400AB6000810FCD01AC0FC495E8070084E807000C
S21400AB70364C3748012100F03FFE3846012100F0F0
S21400AB803BFE0125334B039301A920468DF8125056
S21400AB902FF0EEFE2B4604220621022001F074FF61
S21400ABA02A4600230721022001F06EFF2B460422CE
S21400ABB00821022001F068FF042211462B460020DF
S21400ABC001F062FF244BA3670B23636710264FF444
S21400ABD0487005F003FDC9F80C60142005F0FEFC73
S21400ABE0C8F80C60232005F0F9FCC9F80C60B92100
S21400ABF020462FF00AFF00231A46C8F80C600621EC
S21400AC00022001F041FF00231A460721022001F02E
S21400AC103BFF2B4600220821022001F035FF0022D0
S21400AC2010462B46042101F02FFF204602F07EFB43
S21400AC300021A1673846616700F0DEFD09B0BDE877
S21400AC40F08300BFCCFC0400004204000004014076
S21400AC5000350A0000127A000B0B000B00A000441F
S21400AC6000A0004608B500F083F8124B12498B424C
S21400AC7012D3124B124900208B4218D3F5F750FB23
S21400AC80186850F82240586840F822400132986808
S21400AC908242F5D30C33EAE70022F8E71C6844F852
S21400ACA0220001325C68A242F8D30833E4E70022AF
S21400ACB0F8E700BF6C4505007845050078450500B7
S21400ACC0784505000048704700F04902104AD2F85F
S21400ACD0943003F00703023B032B13D8DFE803F09E
S21400ACE00C14020E0B4B1B68D2F80001C0F30420B4
S21400ACF00130B3FBF0F07047074BF4E7074B1B68D7
S21400AD005B08F1E7054BEEE74FF40043ECE700BFC6
S21400AD1000400E4058100020501000205410002014
S21400AD2008B5FFF7D3FF054BD3F80831C3F3082364
S21400AD300133B0FBF3F0024B186008BD00400E4034
S21400AD404C100020014B1868704700BF50100020C0
S21400AD50054B1860054BD3F8943003F00703022B1D
S21400AD6001D1FFF7DDBF70475010002000400E40B5
S21400AD70044B054A9A60D3F8882042F47002C3F860
S21400AD808820704700ED00E000000000014B1868C6
S21400AD90704700BF5810002010B50F4BD3F8283866
S21400ADA0A3F17E62A2F58432B2F5605F0ED2196816
S21400ADB00A4A91420AD10A4C227812F0FD0F08D1B5
S21400ADC0DB69984708B90123237010BD4FF48170E2
S21400ADD0FBE70020F9E700BF0000E10F07B0CD5EFB
S21400ADE00F32002005490A681318054883428CBFB5
S21400ADF04FF0FF320B601046704700BF5C1000201B
S21400AE000000012037B5046801210546124800F00D
S21400AE10F3FC002361792079012201F035FE617987
S21400AE2020792FF03AFBB0FA80F35B092370A37900
S21400AE30022B0ED100F086FB084960792A4600F006
S21400AE40ABFB0123617902462079CDE9003301F09E
S21400AE50D5FD002003B030BD00350A00B5A40300C0
S21400AE6008B52948012100F0C7FC0123042202216D
S21400AE70052001F009FE002001F0B4FD234B01225D
S21400AE80C3F810281146042000F096FF204800F072
S21400AE90F9FD204BD3F8F02042F00102C3F8F02071
S21400AEA0D3F8FC2042F08072C3F8FC20A3F55D4383
S21400AEB0194A1A6000F5D520184B00F2FC40B0FB8A
S21400AEC0F3F0174B013802221861C3F8F0204FF454
S21400AED08072C3F804234FF06043124AC3F8B02FC1
S21400AEE0114AC3F8802ED3F8002E42F48072C3F8BD
S21400AEF0002EFF2283F82020D3F8002E22F4807242
S21400AF00C3F8002E002008BD00350A000080144259
S21400AF1006000E0000ED00E0FF030040F8590D00AB
S21400AF20000004E055CEACC50900010030B54FF076
S21400AF306043D3F8802ED20715D501240B4D8440EC
S21400AF40D5F8FC2042F08072C5F8FC20D3F8002E1D
S21400AF502243C3F8002E53F82020002AF0D003F82E
S21400AF602010002030BD1120FCE700BF00ED00E0FF
S21400AF702DE9FF41044601212B4800F03DFC2368E3
S21400AF802A4A934205D002F58062934249D1284866
S21400AF9000E02848012100F02FFC61792079012388
S21400AFA00A2201F071FDE179A07901230A2201F05D
S21400AFB06BFD0A2701263025227963794FF00C08AD
S21400AFC015FB028202F1884202F5204206FA03F3DC
S21400AFD01360642005F002FB2379627915FB038376
S21400AFE003F18C4303F5204306FA02F21A6064204C
S21400AFF005F0F4FA013FDFD1206803234364238978
S21400B0005BBA9BB2836440F20113ADF8003023694B
S21400B0100293E36801936946237D8DF80C3001F0B6
S21400B020B3FD04B0BDE8F0814041050000C000401B
S21400B030007204000062040038B5054601F0BEFE4A
S21400B040044C012801D1013C00D138BD284601F04E
S21400B050B7FDF6E7E19304002DE9F04F85B09A4678
S21400B060544BDDF83C901B789DF844B0DDF85080DA
S21400B07006460F461546002B00F08B80072A00F286
S21400B0808A800E9B002B00F08680B9F1000F00F03E
S21400B0908280129BB3F5006F7DDC012802D1109BE5
S21400B0A0002B78D0444B03EB05131B7B002B74D08E
S21400B0B0424C10220021684640F032FA04EB451458
S21400B0C01022002F57D13946204640F029FA43F285
S21400B0D010036380BBF1000F03D1E37843F0030352
S21400B0E0E370364A0E9BCDF800A002EB451CCCE977
S21400B0F00193129B013BC3F30A009DF84C30690193
S21400B10003F003039B0643EA001E53582C481840DE
S21400B1104EEA0003012E535041D11323CCF80C30D5
S21400B1209CE80F000CF1100E8EE80F00DCF81C20D7
S21400B130109BCCF814306FF0030161F39F02012FCF
S21400B140CCF81C2003D1CCF81890CCF804301A4A5E
S21400B150290102EB051342F801800027159A5A6070
S21400B16028469F605E732246694601F0B1FE384667
S21400B17005B0BDE8F08F0021204640F0D1F94FF42D
S21400B18044736380BBF1000FABD1E37843F0300328
S21400B190A6E70C48ECE70C48EAE70C48E8E7B8F105
S21400B1A0000FD4D19CF8023068F304138CF80230F8
S21400B1B0CDE700BF10320020941B0020141C002096
S21400B1C00F80FFF3028000F0018000F0078000F09F
S21400B1D038B5124B1B780546DBB1E0B12FF03FFACD
S21400B1E00F4A00231146147B54B92B601A0101EB59
S21400B1F0031301258C501D732FF037FA204638BDF7
S21400B2000133082B02F11002EDD12FF02EFA05487B
S21400B210F5E70548F3E70548F1E700BF10320020E0
S21400B220941B0020048000F0028000F0018000F0F3
S21400B23013B52FF014FA0C4A0023147B7CB90133A3
S21400B240082B02F11002F8D1019001F0F7FD074B30
S21400B25001981C702FF009FA204602B010BD2FF09E
S21400B26004FA0348F9E700BF941B002010320020C0
S21400B270058000F010B50D4B1B78044693B10728E7
S21400B28012D82FF0ECF90A4B03EB04131A7B2AB101
S21400B29000241C732FF0E9F9204610BD2FF0E5F9C5
S21400B2A00448FAE70448F8E70448F6E710320020B6
S21400B2B0941B0020068000F0028000F0018000F061
S21400B2C013B5164B1868019000238DF804302FF044
S21400B2D0C6F9134B1C7824B12FF0C7F9114802B0F9
S21400B2E010BD01221A702FF0C0F90F4B1C731C778B
S21400B2F083F82C4083F83C4083F84C4083F85C404D
S21400B30083F86C4083F87C4004230DEB03008DF833
S21400B310073001F0B3FD2046E1E700BF38FD04002A
S21400B32010320020038000F0941B002008B50A4A63
S21400B33012785AB107280BD8084A02EB00131B7B79
S21400B34043B1002101F090FD002008BD0448FCE751
S21400B3500448FAE70448F8E710320020941B00205F
S21400B360028000F0018000F0078000F008B50A4A6D
S21400B37012785AB107280BD8084A02EB00131B7B39
S21400B38043B1012101F070FD002008BD0448FCE730
S21400B3900448FAE70448F8E710320020941B00201F
S21400B3A0028000F0018000F0078000F008B50A4A2D
S21400B3B0127852B107280AD8084A02EB00131B7B02
S21400B3C03BB101F0D7FD002008BD0548FCE7054865
S21400B3D0FAE70548F8E700BF10320020941B00206B
S21400B3E0028000F0018000F0078000F00D4B1B7813
S21400B3F093B1072812D889B10B4B03EB00131B7BC4
S21400B40073B10A4B1A6E012303FA00F010401ABFFC
S21400B41000200B7008707047054870470548704755
S21400B4200548704710320020941B002000200E4074
S21400B430028000F0018000F0078000F010B50B4A93
S21400B44012780C4662B107280CD859B1084A02EBAC
S21400B45000131B7B43B101F0A3FD2070002010BD3C
S21400B4600448FCE70448FAE70448F8E710320020EE
S21400B470941B0020028000F0018000F0078000F09E
S21400B4802DE9F0471E4E1F4C326EF36E12EA03088B
S21400B4900FD54FF00043B3667068C0F30220030177
S21400B4A004EB0012E3584BB3BDE8F04752680021A6
S21400B4B01847DFF854900127002518EA070F16D022
S21400B4C02368B7669BB1A16862680131A16028460F
S21400B4D09847637B012B0AD148B909EB45131A7BC1
S21400B4E060F341021A731A7F60F341021A7701353E
S21400B4F0082D4FEA470704F11004DED1BDE8F087B7
S21400B50000200E40941B0020141C002070B50C4E2A
S21400B5100446012504B970BD94FAA4F0B0FA80F090
S21400B52006EB001205FA00F324EA03045368002B26
S21400B530F0D0117B11B191689847EBE79847E9E79F
S21400B540141D002008B5122000F0F4FD28B1084BA9
S21400B5504FF48022C3F880211A600A2000F0EAFD2A
S21400B56028B1034B4FF48062C3F880211A6008BDEF
S21400B57000E100E038B505460C462FF070F8054BA4
S21400B58003EB051300225C601A73BDE838402FF009
S21400B5906CB800BF141D0020F8B505460F461646C9
S21400B5A02FF05DF8104B05F0FC02D3F828140023AA
S21400B5B0EC1804F00304144321FA04FC1CF0010FF9
S21400B5C007D00133042BF3D1FF242FF04EF820468A
S21400B5D0F8BDFF2CF9D0054B03EB04130122C3E999
S21400B5E001761A73F1E700BF00A00040141D00208A
S21400B5F0054BD3F82804D3F81C24104000F055302F
S21400B600C3F82404FFF782BF00A00040054BD3F820
S21400B6102804D3F81C24104000F0AA30C3F82404F1
S21400B620FFF774BF00A00040024B1968024B186871
S21400B63026F0AEBB641000206010002037B59200E4
S21400B64004460D4601922FF04CF9431C0BD060B90E
S21400B650019A294620463FF02BFF0028044808BFE1
S21400B660002003B030BD0348FBE70348F9E700BFFE
S21400B67010E000F021E000F024E000F010B50446F1
S21400B68001F03CFD431C10D088B901F0FFFD20F00E
S21400B690030023462044984201D1002010BD53F8F1
S21400B6A0042B0132F7D00348F8E70348F6E70348CF
S21400B6B0F4E700BF0EE000F021E000F024E000F028
S21400B6C008B52EF0C5FF014B186008BD54250020B4
S21400B6D0014B18682EF0C0BF542500200C4B984232
S21400B6E010D90C4B984210D9022201230A490B6448
S21400B6F00A49D1F8003123F0807343EA0263C1F8A7
S21400B7000031704700221346F0E70122FBE700BF36
S21400B7100048E8010090D0030000C84300400E40F7
S21400B72030B50F4B5B680F4B00221C46C9B21D7923
S21400B7308D4202D11D6885420DD20132052A03F1E1
S21400B7400803F4D1032206494B6823F0407343EA0A
S21400B75002634B6030BD04EBC2025279F3E700BFD0
S21400B76000000E4070FD040070B5084C41F67136BE
S21400B770256C2664FFF7A6FA0021FFF7D1FFADB2CD
S21400B780B5421CBF0023236470BD00BF00000E40FE
S21400B790044BDB6B5B0604D4034AD2F8C830002B9C
S21400B7A0FBD1704700300E400000C64308B5FFF7D7
S21400B7B0EFFF024B5868C0F3014008BD00300E4052
S21400B7C0044BD3F84421D20703D4D3F840211042C7
S21400B7D0FBD1704700400E4070B5064C41F67136FE
S21400B7E0256C2664FFF79CFFADB2B5421CBF002354
S21400B7F0236470BD00000E4038B5C0F30323013B40
S21400B800092B16D8DFE803F02616151505191C15A2
S21400B8101F23124C0023C0F3043513B11846FFF75C
S21400B820CFFF04F1424404F5801405EBC404A400E1
S21400B830216038BD0A4C0023EDE70A4C0123EAE7F5
S21400B840094C1023E7E7094C4FF48033E3E7084C34
S21400B8500023E0E7074C0023DDE700BFB0400E40C2
S21400B860C0400E40E0400E40E8400E40F0400E4023
S21400B87050410E4000400E40C0F30313013B092B1D
S21400B8802AD8DFE803F0050B0F1929291F23374BA9
S21400B890274BD3F80001C0F304207047244BD3F89D
S21400B8A01401F8E7224BD3F80001C0F30060431CF4
S21400B8B001209840013870471D4BD3F80C01C0F3A7
S21400B8C0082070471A4BD3F80801F8E7194B98423E
S21400B8D004D0194B984207D000207047144BD3F879
S21400B8E0203103F00F03E3E7114BD3F82031C3F305
S21400B8F00113DDE7114B98420CD003F5B01303F5A6
S21400B90080539842E8D10A4BD3F82801C0F30120AF
S21400B910031DCDE7064BD3F82831E8E7084B9842DD
S21400B920DAD1034BD3F8300100F00300704700BFB4
S21400B93000400E408006160080162E0090171A0053
S21400B940A009140000F00F000138072844D8DFE8EB
S21400B95000F0040F1943232D4335244BD3F89430BD
S21400B96003F00703023B052B38D8214AD05C70470A
S21400B9701E4BD3F8803003F00703013B042B2FD86F
S21400B9801C4AF3E7194BD3F8843003F00703013B56
S21400B990042B25D8184AE9E7144BD3F8883003F06F
S21400B9A00703013B042B1BD8144ADFE70F4B1B6F22
S21400B9B013F0010F0CBF0720092070470B4BD3F87C
S21400B9C05C3103F03003202B0CD0302B0CD0102B26
S21400B9D014BF0120072070470020704705207047DD
S21400B9E001207047042070470820704700400E4032
S21400B9F060FD040066FD04006BFD040066FD0400A7
S21400BA0008B50146FFF79EFF1A4B994212D01A4B13
S21400BA10994213D0194B994204D1194BD3F88000A0
S21400BA2000F007000138042822D8DFE800F00B0FEA
S21400BA3017130B00124BD3F88400F1E7104BD3F822
S21400BA408800EDE7BDE808402EF010BDBDE80840D0
S21400BA50FFF79CB9BDE808402EF00BBDFFF736F99E
S21400BA60074BD3F80031C3F300630133D84008BD59
S21400BA700020FCE7030020000500240002001E0052
S21400BA8000400E4010B500F47813B3F5B01F04461E
S21400BA9074D025D8B3F5402F5ED010D8B3F5802FDC
S21400BAA049D005D83BB1B3F5003F4FD0002010BDBC
S21400BAB0B3F5202FFAD1BDE81040FFF707B9B3F56C
S21400BAC0801F00F08480B3F5A01F4DD0B3F5602F23
S21400BAD0ECD14A48FFF736FF072878D00928E9E76F
S21400BAE0B3F5381F53D013D8B3F5001F58D00AD873
S21400BAF0B3F5D01F56D0B3F5F01FD7D14048BDE8F8
S21400BB001040FFF77DBFB3F5101FCFD13D48F6E7D5
S21400BB10B3F5481F4DD0B3F5781F65D0B3F5401F79
S21400BB20C4D13948FFF76CFF384BD3F82831C3F33C
S21400BB300123043320E0FFF7C9F8344BD3F80C3167
S21400BB40C3F308230133B0FBF3F0B0E7FFF7BEF80A
S21400BB502E4BD3F80831F3E7FFF7B8F82B4BD3F8A2
S21400BB601431C3F30423EDE72648FFF749FF274BBC
S21400BB70D3F8303103F00303D84098E72048FFF7A6
S21400BB803FFF224BD3F8203103F00F03F4E71C48A5
S21400BB90FFF736FF1D4BD3F82031C3F30113EBE755
S21400BBA01948ACE71848FFF72BFF184BD3F8283195
S21400BBB0F3E71748FFF7C6FE072808D0082809D07D
S21400BBC004287FF473AFBDE81040FFF7BBB8114BF5
S21400BBD018686CE7FFF77AF80C4BD3F80031C3F31C
S21400BBE0042303FB000062E7FFF770F801462046D7
S21400BBF02EF029FDB1FBF0F059E700BF06000E005D
S21400BC0002001E00050024000300200000400E4035
S21400BC10B80032008410002010B5FFF7A5FD094BD0
S21400BC2007225A67FFF752F8FFF758FDFFF778F834
S21400BC300446FFF7BBFD01462046BDE81040FFF76F
S21400BC40CBBD00BF00400E4008B5FFF77BFE0228C4
S21400BC5006D00D284FF6FF7008BF4FF4FA7008BDE7
S21400BC60014B1888FBE700BFF6120020014B188036
S21400BC70704700BFF6120020014B1880704700BFC7
S21400BC80F412002010B5042813D8DFE800F04703AC
S21400BC902F132100294AC1F30801D2F86838002B77
S21400BCA0FBD1274A136A23F4FF7323F001031943D9
S21400BCB0116210BD214A01F07F01D2F86038002BD6
S21400BCC0FBD11F4A136923F07F0319431161F0E784
S21400BCD01A4A01F07F01D2F86438002BFBD1184ACB
S21400BCE0936923F07F0319439161E2E7144AD2F87F
S21400BCF09030536A23F0300343F010035362146B02
S21400BD00104BC1F3C31003300F2803EA040328BF07
S21400BD100F20194341EA00711163CAE74F29074A09
S21400BD2028BF4F21D2F87438002BFBD1044A936BFE
S21400BD3023F07F0319439163BBE700BF0020C8438D
S21400BD4000400E4000F8FF0F104A536A13F0300F01
S21400BD5018D0202913D0302914D000290C4B08BF46
S21400BD604FF44003D2F8901033EA0101FAD15B0297
S21400BD7046BFD2F8A000C0F38020012070474FF4E1
S21400BD800003EFE74FF44003ECE700BF00400E402F
S21400BD90FFF3E17F02280AD129B1064B4FF48060F9
S21400BDA0C3F8A800596612B10220FFF7CDBF0120E4
S21400BDB0704700BF00400E402DE9F34106460F468F
S21400BDC09046072868D8DFE800F0049025208B67A7
S21400BDD0670D4FF400714FF4807408230925002F77
S21400BDE069D05FE001A801F02BFA9DF80530012B21
S21400BDF006D94FF400414FF480440E230F25EEE79A
S21400BE009DF80430022BF4D8FEE70124022100231B
S21400BE102546E4E700294BD0364A536A13F0300F24
S21400BE203DD1354BDB6B536ADB0705D5536A23F0F0
S21400BE30300343F0100353620424022303252D4AE3
S21400BE4014662E4A13449B0019680029FCD0B8F1EA
S21400BE50000F21D01544AD002B68002BFCD0022E1D
S21400BE601AD1CFB1234F796A11F001011CD00122FB
S21400BE7020213046FFF78EFFD7F89C600122002174
S21400BE800220FFF799FFC6F30A010220FFF7FAFE29
S21400BE903C662B68002BFCD002B0BDE8F081042481
S21400BEA0022303250027CAE73046FFF74DFFE3E7E6
S21400BEB00821022303250F480122016602FA03F334
S21400BEC0D0F890201A42FBD1B8F1000FE4D001233D
S21400BED0084A03FA05F5D2F890302B42FBD1DBE78F
S21400BEE0202110240423052579E7802140240623F9
S21400BEF0072574E700400E4000300E408004F21024
S21400BF0010B50446C0B901221146FFF755FFFFF7EA
S21400BF102BFCB4B90D4B04225A67FEF7D7FEFFF789
S21400BF20DDFBFEF7FDFE0446FFF740FC014620461B
S21400BF30BDE81040FFF750BC0128E8D10246014694
S21400BF40E3E7012CE9D1014B0322E5E700400E4070
S21400BF5038B5FEF7F7FE0021044600F001FB124854
S21400BF60FFF7BCFB012211460220FFF725FFFFF773
S21400BF70FBFB0CB1FFF70CFC0C4B02225A67FEF7DA
S21400BF80A5FEFFF7ABFBFEF7CBFE0546FFF70EFC64
S21400BF9001462846FFF720FC2CB920460121BDE8C3
S21400BFA0384000F0DDBA38BD0148E80100400E40D8
S21400BFB070B5184B1C68184B9C4227D900212046A8
S21400BFC000F0CEFA1548FFF789FB01221146032040
S21400BFD0FFF7F2FEFFF7C8FB0CB1FFF7D9FB104BDB
S21400BFE001265E67FEF772FEFFF778FBFEF798FE07
S21400BFF00546FFF7DBFB01462846FFF7EDFB3CB99D
S21400C00031462046BDE8704000F0AABA0024D9E7C1
S21400C01070BD00BF54100020002D31010148E8011A
S21400C02000400E4010B5012211460320FFF7C4FE63
S21400C030FFF79AFB084B05225A67FEF747FEFFF705
S21400C0404DFBFEF76DFE0446FFF7B0FB01462046AB
S21400C050BDE81040FFF7C0BB00400E4010B50446D8
S21400C0601120FFF76FFC002101220220FFF7A4FE3B
S21400C070184A217C536A23F00103022908BF43F0C3
S21400C08001035362144B2178C3F8A014637AA18885
S21400C09043EAC123D362136BA07A217A03F07F634D
S21400C0A00343E08843EAC02343EAC11303310F2960
S21400C0B028BF0F2143EA01731363A37B617B1B0137
S21400C0C043EA0133E17B0B43217B43EA014353639D
S21400C0D010BD00BF00400E400000C84338B50E4DEE
S21400C0E001461120FFF72EFCAA6B0C4B0C78134070
S21400C0F01C434B7844EAC3248B7844EA0364CB7829
S21400C10044EA0324AB6BA34205D000210122084673
S21400C110FFF752FEAC6338BD00400E4080E4FFF8E7
S21400C120034B5868C0F30800003818BF012070475A
S21400C13000ED00E04209054B53F8223000F01F00E6
S21400C14023FA00F0C04300F00100704700E100E071
S21400C150034BD86B80F04000C0F38010704700BFE0
S21400C16000300E4042EA0323B3F5007F39D016D8DC
S21400C170B3F5807F31D007D85BB3012B1ED00022E9
S21400C180134603600A60704740F201129342F6D1EC
S21400C190184BD3F824321A0EC3F30743F1E7B3F56E
S21400C1A0407F22D040F2013293420ED040F201226C
S21400C1B09342E4D10F4BD3F8283202E00D4BD3F86C
S21400C1C02432C3F30722DBB2DBE70A4BD3F828326C
S21400C1D0E1E7084BD3F81C32F3E7064BD3F81C32E2
S21400C1E0D9E7044BD3F82032EBE7024BD3F82032E2
S21400C1F0D1E700BF0081E00F08B5FFF7A9FF20B127
S21400C200024AD2F8C830002BFBD108BD0000C64356
S21400C21008B5FFF79DFF80B1FFF7EEFF074B1968E3
S21400C2205A68C1F30121C2F3014291421A688CBFD9
S21400C23042F0100222F010021A6008BD00300E40D4
S21400C240064B1B68DB0608D5054B1B69C3F3044386
S21400C250082B02BF034B044A1A60704700300E409A
S21400C26000400E4054100020C0EA210137B5FFF709
S21400C2706FFF38B12E4B1B78C3F102021023934098
S21400C2802C4A13612C492D4DD1F8804145F60E03FA
S21400C290C1F880312B6823F0AA03DB05DB0D0B66A3
S21400C2A0FFF7AAFF234B1B68D80604F0010416D537
S21400C2B0D1F84031DA01FBD4214B1B680B61214BCE
S21400C2C01B78052B0BD1204B18680190FFF794FFC5
S21400C2D0184B01985968C1F30141FFF77DFA194BD5
S21400C2E01B78023B0A2B0AD8DFE803F0061618096B
S21400C2F009090909091B1E000020FFF701FE2B682B
S21400C300DB075EBF0C4B02221A661CB10A4B0022EA
S21400C310C3F8802103B030BD0120EEE7FFF718FE1A
S21400C320EDE7FFF77FFEEAE7FFF776FCE7E700BFFB
S21400C3301332002000300E4000400E400826002039
S21400C3400C260020113200205410002010B50B4C93
S21400C3500B4BD4F890201A601120FFF7F3FA094B24
S21400C3601870FFF749FF084B084A5B68C3F30143A0
S21400C3701370074B22691A6010BD00BF00400E40C4
S21400C380082600201132002000300E401332002014
S21400C3900C260020064942780B6823F4407343EAD3
S21400C3A00223022A0B6004BF024B5B6A704700BF81
S21400C3B000300E4000400E4010B5044608B1FFF7AE
S21400C3C0C5FFFFF725FF164A136943F00403136100
S21400C3D02EF068FA2EF067FA124B1B68DB0618D5AB
S21400C3E02EF036F93FF0B0FA2EF036F92EF05CFA61
S21400C3F003F03AFC7CB1FFF739FF0A4AD2F84C3119
S21400C40023F00043C2F84C3144B9BDE81040FEF7B3
S21400C41087BC30BFEAE7FFF713FFEEE710BD00BFAB
S21400C42000ED00E000300E4038B5044608B1FFF7D6
S21400C4308DFFFFF7EDFE1B4B1B4DD3F8802145F615
S21400C4400E01D207C3F8801148BF00224FF42071B6
S21400C450196648BFC3F88021144A136943F00403E1
S21400C46013612EF01FFA2B68DB0615D52EF0F0F8B8
S21400C4703FF06AFA2EF0F0F803F0F6FB74B1FFF71F
S21400C480F5FED5F84C3123F00043C5F84C3144B9DD
S21400C490BDE83840FEF744BC30BFEDE7FFF7D0FEFE
S21400C4A0EFE738BD00400E4000300E4000ED00E0E3
S21400C4B070B50378124A002B4378946914BF04269B
S21400C4C00026002B837814BF02250025002B037955
S21400C4D024F03F0443EA0403C47814BF0821002173
S21400C4E0012C08BF43F0010333432B430B439361F6
S21400C4F01368417923F4403343EA0143136070BD67
S21400C50000300E4070B504460E46FFF721FE10B30D
S21400C510FFF772FE104B5B68C3F301439C421AD0D0
S21400C5200E4BD3F80031FEF7D1FB022C054602D1A4
S21400C5302146FFF751F9C4F1020210239340064A40
S21400C54013610EB1FFF758FE2CB921462846BDE808
S21400C5507040FFF741B970BD00300E4000400E40FD
S21400C56013B50246FFF7F4FDC8B152B90D4B019161
S21400C570D3F80041FEF7AAFBC4F30422019902FB9C
S21400C5800002094B1B7843B1084B9A4205D802209B
S21400C59002B0BDE81040FFF7B5BF0020F8E702B0D4
S21400C5A010BD00BF00400E4012320020002D3101A9
S21400C5B0034B02781A7001210020FFF7D1BF00BF9D
S21400C5C01232002010B5174B4AF6E852596B5A63E0
S21400C5D09A6FD407FCD41B6C13F003031EBF124AD9
S21400C5E00124C2F8B44A834216D00E4B9A6FD20783
S21400C5F0FCD41A6C22F0030202431A649A6F12F0FB
S21400C6000102FBD10038084C18BF01200129C4F8EC
S21400C610B40A08BF5A6303E010B9034BC3F8B40A60
S21400C62010BD00BF00300E400000C6432DE9F04F9D
S21400C63089B00023CDE90233CDE90433CDE90633D2
S21400C640A0F5E163B3F5966F04460D46914604D90E
S21400C6500025284609B0BDE8F08FB0F5E16F674BBE
S21400C6608CBF0122002240F0BC80D3F81832C3F3FE
S21400C6700721DBB2079104934FF4167A4FF4966BBA
S21400C680DFF87C81D8F84C700192C7F301773B46FF
S21400C69005A902A8FFF766FDD8F8E060019AC6F380
S21400C6A00126334606A903A8FFF75CFD049B0799FD
S21400C6B0A4EB0B0EA1EB030C0EFB0CFCBCFBFAF27E
S21400C6C013EB020C2CBF012300236145C0D3002BC3
S21400C6D0BED1069A0398131A0EFB03F3B3FBFAF3C4
S21400C6E0C0182CBF012300238242B1D3002BAFD148
S21400C6F0059B02995A1A0EFB02FEBEFBFAFA11EBD4
S21400C7000A012CBF4FF0010E4FF0000E8B429FD354
S21400C710BEF1000F9CD1B9F1000F10D0D8F85C2004
S21400C72022F4FE4222F00202B4F5E16F42EA0C2245
S21400C73018BF4FF0020E42EA0E02C8F85C20002D29
S21400C7404DD02E4B022FD3F830223ED0032F3FD0B1
S21400C750012F14BFD2B2C2F30722120312F4702FB5
S21400C7607FF476AF264FFB6E23F470431A43234BB9
S21400C770FA66022ED3F830222CD0032E2DD0012EAE
S21400C78014BFD2B2C2F30722120312F4702F7FF442
S21400C7905FAF1B4ED6F8E03023F470431A43C6F85A
S21400C7A0E020736E814238BF014623F4FF73E72909
S21400C7B023F0010328BFE721B4F5E16F18BF43F06B
S21400C7C0010343EA4103736643E7C2F30742C4E743
S21400C7D0120EC2E7C2F30742D6E7120ED4E70125CF
S21400C7E037E7D3F81832190EC3F3074307910493BB
S21400C7F04FF4966A4FF4E16B42E700BF0081E00F0A
S21400C80000300E40304B1A6FD96C11F0010F02F059
S21400C810060244D0002A42D0132851D914381328CF
S21400C8208CBF102308232849013BCA6C180322F446
S21400C8307F4240EA03231343CB64244BCA6C1B8815
S21400C840C2F303222833013202EB820003EB5303C8
S21400C850B3FBF0F3C86C013B072B28BF072320F07F
S21400C860EE6040EA036343F48013CB64184BB3F9DD
S21400C8700030002B12DB03F12800C0F34E03034404
S21400C880500800EB4202B3FBF2F20B6D072A28BFFA
S21400C890072223F0700343EA02120A657047D96C38
S21400C8A001F00101114304D1092809D90A380928E1
S21400C8B0B6E7DB6C13F00103B5D01AB92728AFE74B
S21400C8C00423B0E70023AEE700300E404C310020D2
S21400C8D04E310020064A074BD3F88039136F23F0F9
S21400C8E007031843044B10671888FFF78BBF00BF79
S21400C8F000300E400000C6434A31002038B50446DA
S21400C9008088E388B4F90C504A2B50D9B3F5FA7FE7
S21400C9104FD340F6C312934294BF4FF000524FF0ED
S21400C92040522949CB6C23F0405323F00103002DDD
S21400C930A8BF43F001031343CB64D1F8E03043F4BF
S21400C9404073C1F8E030214B1880CB6E43F0807303
S21400C950CB661F4BD3F8800900B10420FFF7BAFF5F
S21400C9601C4B218919801C4BB4F90C20A0881A8016
S21400C970FFF748FFA37BFBB1012B21D00122608883
S21400C9801146FFF753FE054678B10F4AD36B43F4C2
S21400C9908063D3636078FFF715FEA37AA3F12002C5
S21400C9A0534253410A4AC2F89437284638BD0022FB
S21400C9B0B7E74FF08052B4E7034B084A9A65DDE7C5
S21400C9C0014B074AFAE700BF00300E404A3100200C
S21400C9D00000C6434C3100204E31002077402057DF
S21400C9E0372110B7044AD2F8443423F0030318431F
S21400C9F0C2F84404704700BF00A00040F8B5072AFC
S21400CA0001F0030614461F464FF00F0120D895008C
S21400CA1000FA05F2A94016482DF04BFF03211548F1
S21400CA2006FA05F2A9402DF044FF13499DF8183088
S21400CA302144890001220F60C1F880300F4B02FAB2
S21400CA4004F4C3F824449DF81C30C1F80033F8BD44
S21400CA50A2F10805AD0000FA05F2A94008482DF03D
S21400CA6028FF0321074806FA05F2A940DBE700BFC6
S21400CA7000A4004008A400408020851000A00040CC
S21400CA8004A400400CA40040F8B500EB40000D469E
S21400CA901F46040116463AB1164801238B4020442F
S21400CAA0CFB100F1C0600360072D4FF00F0115D81D
S21400CAB0AB00114806FA03F2994020442DF0F9FE27
S21400CAC046B90C4A012101FA05F5224477B102F174
S21400CAD0C0621560F8BD00F18060E4E7A5F10803C8
S21400CAE09B00064806FA03F29940E6E702F18062E8
S21400CAF0EFE700BF0CA0004004A0004008A00040E4
S21400CB00F8B505460E4614466AB3026822F440722B
S21400CB10026003F003072DF09BFD2A6882EA0723D4
S21400CB2003F4407353402B602DF096FD36B9114B3D
S21400CB309D4219D11048FEF7A5FF06462B680F4BFD
S21400CB40D85D60430FD02A686FEAC4040444920795
S21400CB5004EB0603B3FBF0F303F1FF3302D5002B1F
S21400CB6008BF01232B61F8BD054B9D42E6D1054861
S21400CB70E1E700BF00C000400062040098FD04002A
S21400CB8000C400400072040038B5002303640B4B59
S21400CB90C3634A78430103F1844382F001020C46E2
S21400CBA05A600B7B0546D1E90112FFF7A9FF2178F1
S21400CBB02846BDE838402DF08DBE00BFFFFF0700B9
S21400CBC02DE9F0417A4B984220D003F580639842D5
S21400CBD040F0EA80774B9968402405254FF0000E18
S21400CBE00327426B12F4C06F16D0950510D5FD22B0
S21400CBF05A7009221A700022026493F90110012962
S21400CC0000D15A7093F90100BDE8F0816A4BE2E763
S21400CC105405EED5FE22EBE71E78082E00F2C08003
S21400CC20DFE806F0051B3B45626D8F97B7004C8822
S21400CC300A88E1060AD5120A02F0060242F0F0025D
S21400CC4001211970C26241600120DDE702F0FE0298
S21400CC50A70748BF42F00102F2E7160605D5802274
S21400CC60C2634FF608721A8061E05206ECD54A8815
S21400CC70C463D60604D502221A700B78C362E3E7B3
S21400CC80920764D507221A701B7901EBC3010B8942
S21400CC90012BD9D108234360D6E71606DFD4520607
S21400CCA0D2D54A88C463960751D51F7099E74C8839
S21400CCB00A88E50643BF120A02F0060242F0F002B6
S21400CCC002F0FE02670709D51C7901EBC40142F0A9
S21400CCD001020989012904BF082141600421197055
S21400CCE001234360C262AFE71606B8D45606ABD53A
S21400CCF04A88C46352072AD507221A70A4E71A790D
S21400CD005E8801EBC20CBCF80880B04511D8013231
S21400CD10D2B21A714E88A3F802E016F0040FC4D1FE
S21400CD20F60702D4012A7FF65CAF08221A700223A7
S21400CD30B1E7DCF80420711C5980925DC2620622BD
S21400CD40DBE716068BD456067FF57EAFC4631D70F0
S21400CD5047E794067FF578AF1A795C88C56901EBDA
S21400CD60C2010A89A24281BF4968661C5E800D55D1
S21400CD7059888A42D9D90424012A446004D9013A40
S21400CD80914201D1082242601A78092A3FF433AF53
S21400CD905AE7D2057FF558AF4FF48072C26328E792
S21400CDA04FF609321A8026E76FF003002CE700BF23
S21400CDB000C000401C2600201026002010B41B4B8C
S21400CDC0984208D003F5806398422AD06FF003009B
S21400CDD05DF8044B7047164B8268D20744BF20228A
S21400CDE042604A88940702D50C89002CEED0520780
S21400CDF002D50A8A002AE9D04FF480721A6000220F
S21400CE001A719960C0234360C368DB050BD4094BD5
S21400CE10C363036C5DF8044B43F4FC630364FFF7E1
S21400CE20CFBE054BD8E7C369EEE700BF00C00040A1
S21400CE3010260020FFFF07001C260020084B4FF49A
S21400CE400072C3F88020BFF34F8FBFF36F8F054B80
S21400CE500021D9664FF4AA401962FEF7CDBC00BF88
S21400CE6000E100E000200E40034B03449B0081F0ED
S21400CE7001011960704700BFA001F11010B504460B
S21400CE8001214FF4AA40FEF7B7FCB4F8013022782F
S21400CE905BBA9BB243EA02630B4A13600023136239
S21400CEA0D36253634FF00043D3664FF0FF3393666D
S21400CEB0064A4FF40071C2F88011E3785B01DBB2DA
S21400CEC082F80933116010BD00200E4000E100E03A
S21400CED02DE9F041C3B201259D40CB7A8F7A234ECF
S21400CEE0D1F800E00C464FF03008097B94F80DC0EE
S21400CEF0B5661B0508FB006043EA074343EA415357
S21400CF0022F00302C0F880E0C0F888C0C0F8843081
S21400CF10C0F898202DF0A3FBF36E2B43F366237A1C
S21400CF2013B1736B2B437363637A13B1F36A2B43AA
S21400CF30F3620E4B1A68237923B1DB431B0263F4BA
S21400CF407F431A4063790BB142EA0322A3790BB1FF
S21400CF5022EA0302E3791A43044B1A60044A9562F4
S21400CF60DD63BDE8F0412DF080BB00BF00200E4021
S21400CF7000200E4410B5C0B2012484402DF06FFB93
S21400CF80054AD36E23EA0403D366044B1C62BDE84D
S21400CF9010402DF06ABB00BF00200E4000200E445B
S21400CFA010B5C0B2012484402DF059FB074B1A6A15
S21400CFB0224209D19B6A34EA03030CBF01240024F1
S21400CFC02DF053FB204610BD0024F9E700200E404C
S21400CFD0054B5A685B68054B41F671321A649A68CD
S21400CFE022F001029A60704700300E4000000E40AA
S21400CFF0034B9A6822F001029A6000221A64704776
S21400D00000000E40094A0A4BD969C90705D512B96E
S21400D0106FF002007047013AF6E7002AF8D00122C6
S21400D0201861DA60D86940F38000704780969800EF
S21400D03000000E4070B5C1B10E4A0023082550F816
S21400D040234094610C4CD5600133D669F60705D5AC
S21400D05014B96FF0020009E0013CF6E7002CF8D0A6
S21400D060D469A40703D49942E9D1002070BD6FF0BB
S21400D0700100FBE700000E40809698002DE9F8437B
S21400D0801C4B884641F671311D6C19641A490746D7
S21400D09048684968996841F00101ADB29960960800
S21400D0A04FF00009B14501D3002005E007EB8904E5
S21400D0B02046FFF7A7FF48B10E4B9A6822F0010200
S21400D0C09A600DB100221A64BDE8F883C4F30A041E
S21400D0D0C4F50064A408A6EB0901A14228BF2146B6
S21400D0E04046FFF7A7FF0028E6D1894408EB8108F1
S21400D0F0D8E700BF00000E4000300E4010B5234BAE
S21400D10041F671311A6C196421494C68496899686E
S21400D11041F00101996001211861D960D9694C0775
S21400D12092B209D5996821F0010199600AB10022EE
S21400D1301A644FF0FF3026E00221D9601549D869FD
S21400D140C00700D569B9D86910F002000BD09968FD
S21400D15021F0010199600AB100221A646FF0010003
S21400D16011E00139EBE741B9986820F001009860BA
S21400D17002B119646FF0020005E0996821F0010120
S21400D18099600AB1186410BD1046FCE700000E4016
S21400D19000300E40809698008B784A789B0143EAD0
S21400D1A082030A781343CA7843EA02130A7943EAE9
S21400D1B0C2234A7943EA02338A79043043EA424377
S21400D1C00001014A1350704700200440014B1860CC
S21400D1D0704700BF0000844270B54278017903783A
S21400D1E0002A827814BF04260026002AC27814BFBC
S21400D1F010250025002A42794FEA023242EA01222F
S21400D20042EA0302837914BF20240024002BC3794A
S21400D21042EA034343EA0603027A43EA050314BFDD
S21400D2204FF4004100212343002A14BF4FF400327C
S21400D23000220B431343014A136070BD00200440D4
S21400D2400D4AD2F8E430D2F8E0109B0003F03C031D
S21400D250C1F381110B438370D2F8E03003F03F0333
S21400D2604370D2F8E830D2F8EC2003F0F003C2F3B3
S21400D270031213430370704700FF0FE0024BD3F80E
S21400D280F000D3F8F41070470081E00F044BD3F899
S21400D290E4301B0E0A3303F01F030120984070474A
S21400D2A00081E00F70B5054616461C4619B91448AD
S21400D2B0FEF7E8FB0146402C1BD003D8DCB1202C3F
S21400D2C01BD070BD602CFCD1042303FB06F256086D
S21400D2D006EB4113B3FBF2F30A4A203B02EAC30310
S21400D2E02A6822F060022A602A6814432C606B6168
S21400D2F0E7E70623E9E71023E7E70823E5E700BFAB
S21400D30040410500F8FF7F0038B50546144619B9B8
S21400D3100548FEF7B7FB014601396400B1FBF4F19E
S21400D3200902696138BD00BF4041050040F6AA63A6
S21400D330C36041F205020023036042600C4A83602A
S21400D3404361C36482640B4A03669042436702F5F6
S21400D35080628367C36704D0904202D00649884241
S21400D36000D1036500239042836508BFC3657047FC
S21400D370F9FF010000000140000801404111064A83
S21400D380012300F01F0003FA00F052F82130184382
S21400D39042F82100704700BF28260020044B1B6877
S21400D3A01BB1044B0360002070470120704700BF8C
S21400D3B0382600205031002070B50D4C246884B10A
S21400D3C00C4C26888518B5420DDC6688CD18B5420B
S21400D3D009DC52B14BB1A080E1802281638100203C
S21400D3E070BD0120FCE70420FAE70520F8E700BF3F
S21400D3F038260020503100202DE9F74F0093444B8B
S21400D4001B68002B7FD0DFF810910D9FB9F806300F
S21400D410B9F80A205D181A441FFA82FAADB24FF026
S21400D420010B1FB9384603B0BDE8F08FABB29A4582
S21400D4306BD9384AB9F80840B9F80430241A02EB18
S21400D4400511009ABC4228BF3C46161E18BF01268E
S21400D45003447642072CA7EB04079BB2F6B221D80A
S21400D4601C44BEB9A34217D2DE0803F007020BFA2B
S21400D47002F08A5D013322EA00028A559BB2F1E788
S21400D480D80803F007020E5C0BFA02F232430133AF
S21400D4900A549BB2A342F3D32846FFF76FFF013529
S21400D4A00020BEE74FEAD30C01EBD30813F00703C6
S21400D4B010D00BFA03F211F80CE0D2B2501E524212
S21400D4C00EEA000032401043083B01F80C0008F159
S21400D4D001081C44E20809D03146404601923EF05D
S21400D4E01FF814F00704019AD6D090440BFA04F4FF
S21400D4F098F80030E4B26242013C134034401C43CA
S21400D50088F80040C8E701278CE704278AE700BFB1
S21400D51038260020143200205031002037B5124D36
S21400D5202B68FBB9FDF704FB044618B1012420461E
S21400D53003B030BDFDF7F0FA28600028F6D0028868
S21400D54041880A4B1A801A814A4359809C80DC80A5
S21400D55059812046CDE90042234622462146FFF760
S21400D5604BFFE4E70024E2E7382600205031002095
S21400D5702DE9F8431B4FDFF874803C68DFF86890AD
S21400D580002301251A46D8F800004188D6188E4296
S21400D59007D3FBB91348102200213DF0C1FF00203D
S21400D5A012E0E10708D50133D118C9060ABF57F8BB
S21400D5B0254064080135E6E753B109EB0211FDF793
S21400D5C04FFA034610B10720BDE8F883721CEBE75C
S21400D5D00132E9E7044901EB0211FDF741FA0028A0
S21400D5E0D8D0F0E728260020143200203826002065
S21400D5F030B587B0054600B300226FF07F43C0E920
S21400D600012301A8FFF7CAFE044698B9019B2B60C8
S21400D6101A885B88CDE90200013A013B02A9284638
S21400D620049205932DF03AFA044618B904492846A0
S21400D6302DF022FD204607B030BD0524FAE700BFD6
S21400D640CC00050038B504463DF0A3FA0FCC044DD7
S21400D6500FC594E80F0085E80F00002038BD00BF16
S21400D6603C260020F0B547F6FF739A426BD002299D
S21400D6706BD8374D05EBC10615F83130B078012868
S21400D68038BF0120012B4FEAC107044613D1F378B7
S21400D6901B1A0020984202D3E018C0B2F0BD191A37
S21400D6A0A3EB5101756835F911509542CCBF01F1D5
S21400D6B0FF330846EEE770680028EFD0B0F9003078
S21400D6C0934204DBB0F902309342B8BF1346828817
S21400D6D0FF2A04BFB0F90610B0F908C03D440FBFDA
S21400D6E001260026C8214FF0280C6D78CA1A92FB36
S21400D6F0FCF2324412B2954201DD002A01DA6A1EBB
S21400D70012B24FF47A7700EBC2060132F188B6689F
S21400D71012B213FB016121EAE171954201F15C014D
S21400D720B1FBF7F104DD00EBC206B6888E42EAD202
S21400D73000EBC20232F8040C884228BF0846A0421A
S21400D74038BF2046A9E7FF20A8E70020A6E700BFCD
S21400D7503C260020F0B502295FD8314B13F8310083
S21400D760012816D103EBC1018C78C878012C23461A
S21400D77038BF0123904294BFC3EB0003C3EB020300
S21400D780DBB2001B4A688342C8BF002332F913008D
S21400D790F0BD002A3FD003EBC1014B68002B3CD004
S21400D7A08878904202D3B3F90200F1E7CC78B3F957
S21400D7B000009442ECD94C789988A1F1FF06013C10
S21400D7C0714203F10405E4B2714103F10C071FFA3C
S21400D7D082FCCEB2B44216D805EBC1014FF47A757E
S21400D7E0B1F9024049686A43521A04EBD47102EB5D
S21400D7F0610292FBF4F29042CADBB3F90200904257
S21400D800C6DC10B2C4E737F831E0E64501F10106A0
S21400D810E2D33146DDE70348BAE70348B8E700BF7E
S21400D8203C2600200CFEFFFF0080FFFF08B50448E2
S21400D830FFF708FFBDE8084001203DF0AEB900BF85
S21400D840FC03050000487047F81200207FB5094B1E
S21400D85009490222CDE901234FF08373CDE9031372
S21400D8604FF0FF300D2301A905933DF0C8F907B02E
S21400D8705DF804FB006A180006010C0010B50329C9
S21400D8804FF000030A4A03600446026343630ED166
S21400D89005212CF0BEFF636823F4407343F4007345
S21400D8A06360636823F4406343F40063636010BD01
S21400D8B0200010002DE9F04F8BB0044689469246B2
S21400D8C01946202201A800251E46149F3DF000FEA2
S21400D8D009952CF0BDFE5146804604F582702CF06A
S21400D8E038FF494604F584702CF033FF314604F5C2
S21400D8F086702CF02EFF40462CF0AEFEDFF8C89166
S21400D900604BDFF8C8A12365DFF8C4B12CF0A0FE99
S21400D910C4F850B0D4F814802CF09EFE18F0807F27
S21400D92019D0594B23652CF093FEC4F850B06569A6
S21400D9302CF092FEEB0140F18D802CF089FE3946EA
S21400D940054604F588702CF00CFF28462CF084FE63
S21400D9500BB0BDE8F08F18F4807F1CD14B4B2365CD
S21400D960013D9023A360636913F4807F484B2365D1
S21400D9700ED02CF06DFE3146834604F580702CF0F8
S21400D980E8FE58462CF068FE424B2365424B636522
S21400D9908823A360B8E7002D13DA404B2365404B7D
S21400D9A063652CF055FE01A9834604F580702CF0C3
S21400D9B0D8FE63695846C3F3034309932CF04CFE24
S21400D9C06D42384B23656369DFF808C113F4407F66
S21400D9D04FF08803A3604FF00100334B6269236564
S21400D9E060656369C4F850C00ABF01214FF0FF317B
S21400D9F005F1FF358142C2F30722C3F307230CD19A
S21400DA00D20706D5D80704D5284B2365284B63656F
S21400DA10A7E7284B2365284BF9E70131A1D1D107A9
S21400DA2013D4DA0711D5254BC4F850A06365A0655A
S21400DA3001A904F580702CF08CFE099B03F00F03FF
S21400DA40C4F848318323A3608BE71D4BC4F850907D
S21400DA506365EDE72CF0FCFD04F58078314605465D
S21400DA6040462CF076FE28462CF0F6FD154B236536
S21400DA702CF0EEFD3946044640462CF072FE204659
S21400DA8064E700BF3084880198390100C93E8101EF
S21400DA90D23E8201C024D0340982010090A284883C
S21400DAA099830100D9080100C93E8198C8340981CC
S21400DAB0E20C8201C80881E20C82010081E2148235
S21400DAC0E2148201E010010083D9108183D9341159
S21400DAD035393801DB3E01002DE9F04F8BB0814629
S21400DAE00D4616460021202202A81F463DF018FDCE
S21400DAF04FF00A0A99F80030022B3FD0032B07D0CC
S21400DB00012B46D06FF0710420460BB0BDE8F08FB5
S21400DB10202202A93846B0470446002CF4D100F073
S21400DB20BBFC99F800108346FFF7A8FE2CF090FD8A
S21400DB3002A904460BF582702CF00BFE20462CF052
S21400DB408BFD3C4BCBF8503058462DF056FB2CF056
S21400DB507FFD0BF58078044602A940462CF001FEB6
S21400DB6020462CF079FD029A012A1BD8584600F070
S21400DB709DFCBAF1010ABDD12F4CC5E71C2202A9B3
S21400DB803846B04704220446002109A83DF0C8FCE8
S21400DB90C3E7182202A93846B047082204460021E7
S21400DBA008A8F3E72CF054FD05F10C0604462946B8
S21400DBB00BF584702DF025FB31460BF586702DF0A5
S21400DBC020FB05F118010BF5887001912DF019FB6B
S21400DBD020462CF041FD194ACBF8502058462DF02F
S21400DBE00CFB019940462DF042FB0446E8B9144A66
S21400DBF0CBF85020134ACBF8542058462DF0FDFAA7
S21400DC00294640462DF033FB044670B90E4ACBF841
S21400DC1050204FF48E72CBF8542058462DF0EDFA73
S21400DC20314640462DF023FB0446584600F03EFCA5
S21400DC306AE700BF30C80C0100B3FFFF81E11C019A
S21400DC408CE11C81D11C0100E11C81D92DE9F8432F
S21400DC50064610460F4690461D462FF09EFE28B1FB
S21400DC6029463846BDE8F8432FF081BE2B6A002BC4
S21400DC7040F0AD8000F010FC31780446FFF7FEFD62
S21400DC802CF0E6FC04F5807608F118018146304653
S21400DC902DF0B7FA48462CF0DFFC574B236540F2D0
S21400DCA08113636520462DF0A8FA2CF0D1FC294696
S21400DCB0814630462DF0A5FA48462CF0CDFC4F4B59
S21400DCC023650123204663652DF097FA4C4B2365A8
S21400DCD02DF093FA2CF0BCFC05F10C018146304681
S21400DCE02DF08FFA48462CF0B7FC464B23652046AD
S21400DCF02DF083FA2CF0ACFC08F10C0949460546D9
S21400DD0004F582702DF07DFA28462CF0A5FC3E4BDB
S21400DD10236520462DF071FA2CF09AFC4146054604
S21400DD2030462DF06EFA28462CF096FC374B2365CD
S21400DD30374B636520462DF060FA07F11801304630
S21400DD402DF095FA054600283BD1324B2365204638
S21400DD502DF053FA304B23652DF04FFA2F4B2365E9
S21400DD602DF04BFA2E4B23654FF48A7363652DF026
S21400DD7044FA2C4B23652DF040FA394630462DF0F8
S21400DD8076FA0546E8B9284B2365284B6365204696
S21400DD902DF033FA2CF05CFC4946054630462DF053
S21400DDA030FA28462CF058FC214B2365214B63653E
S21400DDB020462DF022FA07F10C0130462DF057FAD6
S21400DDC00546204600F072FB2846BDE8F883284644
S21400DDD02FF0E3FD08B1414643E72B6A002B3FF4E2
S21400DDE049AF012105F118002EF0D1F900283FF4C3
S21400DDF041AF114DE8E700BF8184E11C83D91C8345
S21400DE00E11C810182D11C01C81482019983D914B6
S21400DE1081E11C018CE11C01811C8401D91C830159
S21400DE2091D11CE0D814140181CB1481D11C82013D
S21400DE3081E11C84E214010080B0FFFF2DE9F04769
S21400DE4088B0904605460F4600F026FB2978DFF896
S21400DE5054910446FFF712FD2CF0FAFB04F5807689
S21400DE6008F11801054630462DF0CBF928462CF06F
S21400DE70F3FB40F28313C4F85090204663652DF000
S21400DE80BCF92CF0E5FB08F10C01054630462DF0F8
S21400DE90B8F928462CF0E0FB4FF0010A354B236515
S21400DEA02046C4F854A02DF0A8F907F11801304612
S21400DEB02DF0DDF90546002854D12F4B23654FF48D
S21400DEC08673636520462DF098F92CF0C1FB414619
S21400DED0054604F588702DF094F9694630462CF016
S21400DEE040FC28462CF0B8FB244B2365244B636586
S21400DEF0244BA36520462DF080F9234B2365234B46
S21400DF0063652DF07AF9224B2365224B6365C4F8CE
S21400DF1058A02DF072F9394630462DF0A8F905467E
S21400DF2000BB1D4B23651D4B636520462DF065F930
S21400DF302CF08EFB6946054630462CF00AFC284637
S21400DF402CF08AFB164BC4F8509063654FF48A7326
S21400DF50A36520462DF051F907F10C0130462DF04F
S21400DF6086F90546204600F0A1FA284608B0BDE826
S21400DF70F08700BF821CC00C91D11CC0C00C81E190
S21400DF801C82DC0C81148401E11C81C80C0C81010C
S21400DF90D20C848BD91CE01484E21482D11C830139
S21400DFA0C00C82D38182D11C2DE9F043A5B00E4669
S21400DFB0054600F071FA15F8041B044606F118072A
S21400DFC0FFF75CFC1C22002105A83DF0A9FA4FF0E3
S21400DFD0010839460CA80DF17009CDF810802DF017
S21400DFE092F9294614A82DF08EF914AB0CAA04A9B0
S21400DFF0CDF800902046FFF75DFC2CF029FB494643
S21400E000054604F5867904F582702CF0A2FB3146AD
S21400E01048462DF0F6F806F10C0104F588700391D9
S21400E0202DF0EFF828462CF017FB134B23652046FF
S21400E0302DF0E3F8114B23652DF0DFF8104B236528
S21400E0402DF0DBF80F4B23652DF0D7F8039904F578
S21400E05080702DF00CF958B9314648462DF007F976
S21400E06030B9204600F022FA414638462DF0F1FE3F
S21400E07025B0BDE8F08300BF8AD11C0181D91C0100
S21400E08083D11C0181E11C0110F1860F06D038B146
S21400E0909330044808BF6FF06F0070476FF0710050
S21400E0A0704700BF009FFFFF70B58CB004460D465A
S21400E0B016460021242203A83DF032FA4FF41053EE
S21400E0C0ADF80C304CB323683BB335B31B78022B4A
S21400E0D005D0042B1BD06FF071000CB070BD8023F0
S21400E0E0A06BADF80E304C21A0B901202DF0B3FD89
S21400E0F0A8B1A0630B4B0093A06BF3082A4603A9B4
S21400E10000F092FC0CB0BDE87040FFF7BDBF4FF4C6
S21400E1108073E5E702F0FCFFECE70348DDE7034821
S21400E120DBE700BF0002C003009FFFFF809EFFFFEB
S21400E13010B550B1046844B139B1806B28B100F015
S21400E140B3FCBDE81040FFF79FBF014810BD00BFFD
S21400E150009FFFFF07B578B102686AB1806B58B1BF
S21400E16051B100230193102201AB00F003FD03B070
S21400E1705DF804EBFFF788BF014803B05DF804FBC9
S21400E180009FFFFF10F1860F1BD010F1850F08DAF5
S21400E19010F1930F18D010F1870F07D04FF0FF3013
S21400E1A07047003818BF012040427047094B99421B
S21400E1B00DD00433994214BF6FF06D006FF07300FA
S21400E1C070476FF0710070476FF06F0070476FF028
S21400E1D0720070470500000210B5064C064B002979
S21400E1E014BF1946214600F0FFF92146BDE810404D
S21400E1F0FFF7C8BF090000020800000208B500F0DB
S21400E20023FABDE808400149FFF7BCBF0900000239
S21400E21007B500230193202201AB00F097FA0349CB
S21400E22003B05DF804EBFFF7ADBF00BF09000002C6
S21400E23008B5044900F0D8F9BDE808400149FFF7E1
S21400E240A1BF00BF0500000208B500F0FDF9BDE85B
S21400E25008400149FFF796BF0500000207B50023F6
S21400E2600193142201AB00F071FA034903B05DF884
S21400E27004EBFFF787BF00BF050000022DE9F74F4C
S21400E2800F9D0190F5202F78DDF830A089461646C0
S21400E2909B4600F025F900230446036008224360ED
S21400E2A00E9904F180082CF08DFA294640462CF091
S21400E2B023FA07F007072A78013702F00702C7F1AA
S21400E2C010072A700023EA1905F1100702F8013B2F
S21400E2D0BA42FBD1294604F184002CF00DFA05233E
S21400E2E0A360109BF34200F08780102B12D08EB1F3
S21400E2F0C3F11002B24228BF32460F3349462B44C0
S21400E30009EB020011F801CB03F801CF8142F9D1E5
S21400E3109144B61A394604F18C002CF0EDF95923D5
S21400E320A3600523A3604623A360CEB10023266323
S21400E3306363514B236501236365B1440F2EA9EB3C
S21400E340060153D80023C5E90033C5E90233CA5C89
S21400E350EA540133B342FAD3294640462CF0CCF9AE
S21400E3600D9B236300236363019B002B47D0434B25
S21400E3702365434B6365434BA365434BE36501232A
S21400E3800D9F23660026FFB10F2F4AD8C5E9006609
S21400E390C5E9026600231BF80320EA5401339F42B6
S21400E3A0F9D1294640462CF0A7F9294640462CF0DC
S21400E3B0BAF9BAF1000F06D00023EA5C0AF8032087
S21400E3C001339F42F9D10027294640462CF0ABF98D
S21400E3D0204600F08FF8019B002B43D11846129A76
S21400E3E0904241D1002B18BF2C2737E040462CF036
S21400E3F085F9103EA2D1B3E74623A360B0E7234BCE
S21400E400236503F1BC4303F5262303F64D436365FA
S21400E41003F12243A3F5C053A3651D4BE3651D4BD3
S21400E420AEE7594640462CF069F9103F0BF1100B49
S21400E430BAF1000F06D0514640462CF076F90AF1A4
S21400E440100AA0E7294640462CF06DF99BE7119983
S21400E450EA5CCA540133129A9342F8D1384603B0A4
S21400E460BDE8F08F0023F6E711992A5C095C4A4064
S21400E47013430130B3E700BF70590546F87045599D
S21400E48005460348055163FB04480559F80348054B
S21400E49046FB044805590100024B03480122C3F815
S21400E4A0002670470010C84300000F40094B9842F2
S21400E4B00ED003F58063984209D10122064B03EB88
S21400E4C0C2035A68054B13449B0000221A6070472B
S21400E4D00022F3E700000F40B40405008005F210A8
S21400E4E0024B03480122C3F8002670470010C843B9
S21400E4F000000F40044B984203D003F58063984217
S21400E50001D1FFF7D3BF704700000F402DE9F04759
S21400E51088B006461F4688461546FFF7BDFF2F4BB8
S21400E5209E42044657D006F17E40083801284FD850
S21400E5300423236000236360E364626822F440627D
S21400E540626023636A466363A8F1040308F11C084B
S21400E55053F8040F00BA434542F8040BF8D12CF0E8
S21400E56077F86946064604F582702CF0F2F83046D5
S21400E5702CF072F81A4B2365109BDFF8689005EBB9
S21400E580831604F5D27A2CF063F829468046504666
S21400E5902CF0EFF8403540462CF05EF8AE42C4F85A
S21400E5A05090F0D12CF054F83946054604F58070AA
S21400E5B02CF0D7F828462CF04FF82046FFF776FFC9
S21400E5C03B1F1C3753F8042F12BABB421A60F9D10E
S21400E5D008B0BDE8F0870023ABE700BF05000002E7
S21400E5E0888AC801070D810138B50D460446E8B192
S21400E5F06C2200213CF094FF0F4B9D4210D001335B
S21400E6009D4210D0043B9D4213D10C49202204F1B8
S21400E6100C003CF05DFF0020C4E90100256038BD19
S21400E62007492022F3E707492022F0E76FF086002B
S21400E630F5E76FF08500F2E708000002C404050065
S21400E640E4040500040505002DE9F04F85B00E46EC
S21400E6501446054600286DD009B9002A6AD12B68F1
S21400E660394A934204D003F17E43083B012B64D819
S21400E6701CB9002005B0BDE8F08F6B6803F03F07BB
S21400E680E3186B6022BFAB680133AB60002F57D036
S21400E690C7F140094C4553D305F12C0831464A468C
S21400E6A008EB07003CF014FF0122009205F10C0372
S21400E6B0403C3C44286842461946FFF727FF3F2C5B
S21400E6C04E444FF0000711D9B1074FEA9412B046F6
S21400E6D005F10C0314D10092286832461946FFF75C
S21400E6E015FF24F03F031E4404F03F04002CC0D066
S21400E6F005F12C002246314638443CF0E9FEB8E7E6
S21400E70006EB821905F12C0A4FF0010B4146402218
S21400E710504603933CF0DCFE039BCDF800B0194650
S21400E7202868524608F14008FFF7F0FEC145039BF3
S21400E730ECD1D6E76FF086009CE76FF0880099E78B
S21400E7403F2CC1D8D4E700BF050000022DE9F341F5
S21400E7500E461F46054608B11BB922B16FF0860467
S21400E7604AE00029F9D02B682B498B4248D001316A
S21400E7708B4248D004398B4248D14FF0140890455C
S21400E78047D86A68D3008DF8073053098DF80630ED
S21400E790530B8DF80530530D8DF80430AB68D90057
S21400E7A001EB52718DF8031002F03F025909372A27
S21400E7B08DF802104FEA53318DF801104FEA53538B
S21400E7C016498DF8003094BFC2F13802C2F17802C3
S21400E7D02846FFF739FF044670B9082269462846DE
S21400E7E0FFF732FF044638B9C7F80080424605F105
S21400E7F00C0130463CF06CFE204602B0BDE8F081CD
S21400E8004FF01C08BBE74FF02008B8E76FF088040D
S21400E810F2E76FF08904EFE7080000022405050020
S21400E8202DE9F04F8FB09B469DF86C30BDF86880A0
S21400E8300090914601930E46002900F0B8804F1EC6
S21400E8403F09FFF729FE08F1FF330F2B044600F2BD
S21400E850DB80B9F1000F00F0D780BBF1100F03D0BA
S21400E860BBF1200F40F0D0802BF0F2FE0023236097
S21400E87023636363664B23656649824604F184001E
S21400E8802BF03AFFBBF1100F0CBF4FF0080B4FF008
S21400E890100B5A46494620462BF094FF5E4B2365E4
S21400E8A05E4B63655E4BA3655E4BE3654FF4C173D9
S21400E8B0236623699B07FCD106F00F03C3F1100300
S21400E8C0DDB2102D02A901D1002E72D104F1800014
S21400E8D02BF029FF50462BF0BFFE1022002106A881
S21400E8E03CF01EFE009BA6EB071203EB071106A8E2
S21400E8F03CF0EEFD102D4FEA071A5DD00EAB5A1B0A
S21400E9008021012D02F8101C07D0C5F1110006ABBE
S21400E9106A1E002118443CF003FE06AA02A804233F
S21400E920116850F8046B013B81EA060142F8041BAB
S21400E930F6D12BF08DFE236B43F01003494623637C
S21400E9405A46064604F1800720462BF03BFF384621
S21400E95018992BF0D3FE009D04F1A000AA4440F2C3
S21400E9600519554533D106A92BF0C6FE40F205130E
S21400E9702365256915F00305FBD10AA938462BF057
S21400E980D2FE019B63B3199842460AA93CF0A0FD4B
S21400E990102200210AA83CF0C3FD30462BF05CFE96
S21400E9A02046FFF783FD28460FB0BDE8F08F0F46E0
S21400E9B047E704F188008BE7002EAED12A463146A1
S21400E9C006A83CF0ADFD80238DF81830A5E7294653
S21400E9D0009010352BF092FE0098C4F85090C0E7D7
S21400E9E0199B019A0AA8984413F8011B10F8015BBA
S21400E9F0984581EA050142EA0102F5D1002A0CBFDA
S21400EA0000256FF09405C3E76FF08605CBE700BFDF
S21400EA103082010064050500F50536F024FC31FE61
S21400EA2036833624FC31FE362DE9F041DDF81880B9
S21400EA300C4617461E46054610B96FF086002BE0BA
S21400EA400029FAD00AB9002BF7D14C22002128461B
S21400EA503CF066FD2388B3F5105F1FD108F0FE4337
S21400EA60B3F1407FE9D10F4B28F47E129A4215D1BC
S21400EA706488C5F80080E208B2426A62DDD8182AC7
S21400EA800CD0202A01D0102AD7D1B242D5D139468F
S21400EA90281D3CF01DFD0020BDE8F0816FF08500CC
S21400EAA0FAE700BF0002C0032DE9F74F0D461646F1
S21400EAB00446002856D009B9002A53D123682C4AA8
S21400EAC023F47E13934250D10EB9002016E0A06CBA
S21400EAD0F0B1C0F11002B2421AD2383029462044B2
S21400EAE03CF0F6FC04F128020092616A04F1380357
S21400EAF0201D2CF02DFD20B16FF0920003B0BDE874
S21400EB00F08FA36CA064C3F11002103E15441E449F
S21400EB1006F10F0805EB060A4FEA18184FF0010930
S21400EB2004F1280604F1040BC145AAEB05070CD333
S21400EB30002FCAD0A06C38303A46294620443CF014
S21400EB40C7FCA36C3B44A364BFE70096616A2B46F0
S21400EB50324658462CF0FCFC0028CDD1103509F181
S21400EB600109E1E76FF08600C8E76FF08800C5E7A7
S21400EB700002C0037FB51D4608B301B3FAB1F3B176
S21400EB800368154C23F47E16A6421BD113F47C1F93
S21400EB90C3F3054408BF1024944216D80123CDE9D8
S21400EBA0024300F1280301910093436A816C021D21
S21400EBB03830FFF735FE58B92C6004B070BD6FF0E2
S21400EBC08600FAE76FF08800F7E76FF08900F4E751
S21400EBD06FF09200F1E700BF0002C00370B5114C61
S21400EBE0114E0A25236843F4807223F48073226052
S21400EBF030462360FCF746FF0023800A62680AB9A5
S21400EC0083420AD1636853B9013DEBD1236823F0F0
S21400EC10010323606FF0920070BD0133EEE7002021
S21400EC20FAE700BF00D00140700002002DE9F04F67
S21400EC3085B0CDE90012654A654DD2F8C03043F480
S21400EC400043C2F8C0302B688046D80719D5002488
S21400EC50DDF800A05E4D4746A3464FF00A09BAF11C
S21400EC60000F2DD14CB114F1940F06D0524600215E
S21400EC7040463CF055FC4FF0000B019BC3F800B03B
S21400EC801AE040F271632B60FFF7A8FF044698B9BC
S21400EC906B68032BFCD9D5F800312B61D5F8003111
S21400ECA06B61D5F80031AB61D5F80031EB61FFF749
S21400ECB095FF04460028CAD0204605B0BDE8F08F70
S21400ECC06C68A40005D02E6B16F45C7F12D100246D
S21400ECD036E04048FCF7D6FEC00A844205D16B6891
S21400ECE0002BF0D16FF09304C7E76B68002BF6D1CA
S21400ECF00134F2E7F10515D526F480762E636B68AD
S21400ED005BB9B9F1010BEDD0DDF800A047466FF016
S21400ED1093040020D9468346A1E7D5F80031039333
S21400ED20039BECE7FFF75AFF044618B916F41C7F5E
S21400ED30CDD0E6E710F1930F98D010F1940FE0D005
S21400ED406B6868689B00534528BF5346BA07384629
S21400ED503AD123F0030C9E08BC44844514D16FF0CE
S21400ED60030C0CFB063646B1D5F80021064400F825
S21400ED70012BB0424FEA1222F9D10BEB03001F44DD
S21400ED80AAEB030ACB46C5E7D5F8002140F8042BCA
S21400ED90E3E7D5F8006100F8046C4FEA162E00F899
S21400EDA003EC4FEA164E360E00F802EC00F8016C43
S21400EDB0ACF1040CBCF1030F00F10400E9D823F019
S21400EDC003009E083844CAE79C46F3E700400E401E
S21400EDD000D00140700002007FB5094B6A4603F17F
S21400EDE01006154618685968144603C40833B3421B
S21400EDF02246F7D12846FDF781FD002004B070BDFD
S21400EE007405050070B586B0174B01AA03F110060D
S21400EE10154618685968144603C40833B342224698
S21400EE20F7D11B882380114BD3F8B420120311D4DA
S21400EE30D3F8B830C3F308030D48ADF80A30FBF733
S21400EE4087FF2846FDF70AF93220FCF715FF002059
S21400EE5006B070BD074B1A884FF6FF7140F24F138D
S21400EE608A4218BF1346E7E7840505000081E00FD5
S21400EE7000F049020001E00F07B5084B1868019042
S21400EE80202301A88DF80430FDF728F96420FCF74C
S21400EE90EDFE002003B05DF804FB00BF96050500FC
S21400EEA010B50C480C4C6FF00402A02112F0800F35
S21400EEB0D3B21BBF03F00F03043BA3181B1802F1C9
S21400EEC001020CBF83F8001319762F2AEED100201A
S21400EED010BD00BF00ED00E000E100E010B5044604
S21400EEE02BF0B6FB024B1C602BF0B6FB002010BDCF
S21400EEF05C26002010B52BF0ABFB034B1C682BF0F8
S21400EF00ABFB204610BD00BF5C260020034B1868F4
S21400EF10002380680222194629F0EEBF2412002042
S21400EF2030B587B01446054610462CF017FC6369CA
S21400EF3083423CBFD4E903315B181B1A02467BB1FF
S21400EF400F4903910021CDE9013101230093049478
S21400EF50D4E9001328462BF027FB002007B030BD6D
S21400EF600122627694F82D20002AF6D084F83530F7
S21400EF701321E36920469847636A20469847ECE7E2
S21400EF8021EF00002DE9F04788B004468846174672
S21400EF9099462BF064FB8246002F7BD0237E03F03D
S21400EFA0FF02002B00F0A38020462CF0D7FB6669FA
S21400EFB0B04205D1637ED4E903521544AD1B01E08F
S21400EFC0F9D9851BBD4228BF3D462BF048FB94F877
S21400EFD02D300646002B6ED161692A4640463CF02D
S21400EFE077FA63692B4463612F4621E0037803F0C8
S21400EFF0FD0111295CD1216B814205D1A3F11101DC
S21400F0004B424B4184F83430013F6369216B8B429D
S21400F01003F1010308BF236363610132954260690F
S21400F020E4D1D4E90323216B1344994200D122632F
S21400F030D4E903236169207A134499424FF000050E
S21400F04008BF62616576FCF771F920462CF086FBF6
S21400F0506369834232D194F82D302576E568656180
S21400F06003B12563636A20469847224B0393002327
S21400F0700293236901930123009321686368207A31
S21400F08004942A462BF090FA207AFCF76FF9304663
S21400F0902BF0EBFA5046C9F800702BF0E6FAD9F8D8
S21400F0A00030002B0CBF1B20002008B0BDE8F08706
S21400F0B008F8013BA9E72F460022AFE70123237695
S21400F0C0207A0DF11E01FCF7B9F99DF81E30002BD1
S21400F0D0DAD00DF11F01207AFCF788F99DF81F1091
S21400F0E00029D1D1207A2246FFF71AFFCCE717462F
S21400F0F0D0E700BF21EF0000002808DB012342090B
S21400F10000F01F0003FA00F0014B43F8220070479E
S21400F11000E100E0002809DB4309012200F01F009F
S21400F12002FA00F06033024A42F82300704700BF3C
S21400F13000E100E070B504460568FFF7DBFE844298
S21400F14002D10020FFF7CAFE95F93600FFF7E2FF6E
S21400F15095F93630002B0DDB5A09012103F01F0309
S21400F16001FA03F32032184941F82230BFF34F8FDB
S21400F170BFF36F8F95F93700FFF7CCFF95F937305F
S21400F180002B0DDB5A09012103F01F0301FA03F3DC
S21400F19020320D4941F82230BFF34F8FBFF36F8FF7
S21400F1A0287AFCF703F9287AFCF764F8FCF740F8AD
S21400F1B00023C4E90033C4E90433A3602846AB6ADD
S21400F1C0BDE87040184700BF00E100E02DE9F041BF
S21400F1D086B00C46154606464022002120461F46AD
S21400F1E03CF09EF9002395E803002A692376EB6835
S21400F1F0E360C4E904232A7D84F82C20AA7D2363D7
S21400F200012384F8343084F835300C9B236284E87C
S21400F21003000D9B63620E9B84F82D20E761A362BA
S21400F2202B7A84F836306B7A84F837302D4B73603F
S21400F2302D4BB3602D4B33612D4B346073612D4BDA
S21400F240F360FCF73DF838B12B4B984204D01024FD
S21400F250204606B0BDE8F081002104F10800FBF767
S21400F260B7FF07460028F2D1244B33624FF001085F
S21400F270234B84F83C80B361224BF3619DF8403009
S21400F28084F83B309DF83C3084F83A3084F83900F6
S21400F290697D84F8388020462CF071FA95F90900CB
S21400F2A0FFF738FF95F90900FFF726FF164B049481
S21400F2B0CDE902732369CDE900836368E2682168BB
S21400F2C0207A2BF071F904460028C0D195F9080081
S21400F2D0FFF720FF95F90800FFF70EFF3046FFF70F
S21400F2E0FDFDB5E7CFB7030085EF00004BB7030081
S21400F2F051B7030035F10000038000F021B703008A
S21400F3007FB7030057B7030021EF00002DE9F04157
S21400F31086B01C46524B0C9D0293524B019301261D
S21400F320514B0093CDE90366504B90460A4629465A
S21400F330FFF74CFF0746002856D123682B64636806
S21400F3406B64637A85F84930237A85F84830E37A27
S21400F35085F84B30A37A85F84A30637B85F84D30C4
S21400F360237B85F84C30E37B85F84F30A37B85F80C
S21400F3704E303F483146FCF73FFA3E483146FCF7F0
S21400F3803BFA617A207A33460422FDF77DFB33464A
S21400F3900222E17AA07AFDF777FB60683146FCF737
S21400F3A02BFA88F80070414620682BF0A3FA2268F2
S21400F3B0536F43F003035367936FA17C23F4F85312
S21400F3C023F01F030B43617C43EA01230321936769
S21400F3D0516785F8507098F81930202B2CD007D834
S21400F3E003B3102B09D02327384606B0BDE8F081BA
S21400F3F0302BF8D185F8501002E085F850603E4674
S21400F40000230222617B207BFDF73EFB2368E27C23
S21400F410DA675A6E42F004025A665A6F42F01002D9
S21400F4205A6766B92A6C2068D36C43F00403D36429
S21400F43005212BF058FAD7E7022385F85030E17BF8
S21400F440A07B00230422FDF71FFB2368217DDA6FD3
S21400F45042EA0122DA675A6F42F020025A67E1E771
S21400F460F9B80300EDB8030085B9030079B90300C5
S21400F4704041050000350A00BFF35F8F074B5A6A0C
S21400F48022F480325A62D3F8942022F00102C3F8A4
S21400F4909420BFF34F8FBFF36F8F704700ED00E0EF
S21400F4A0F0B587B0364D374937480023CDE90333EA
S21400F4B0FFF7E2FF2C68354B4FF00052C3F8984038
S21400F4C0661CC3F89C208142314AC3F8A0202E60F7
S21400F4D042D005AB019304AB0A1A009303AB2CF0A1
S21400F4E0A7FADDE90372059BDFF8A8E0072BA2EB7D
S21400F4F001024FF001018CBF4FEAD30C4FF0200CF5
S21400F500B2FBFCF201FA02F2013AD2B2AEEB070EFF
S21400F510C01BBEFBFCFEB3FA83F38E44B0FBFCFCC0
S21400F52001FA0CF102FA0EF20139C3F11E030A4386
S21400F5305B0002F0FF0203F03E0343EA022343F0BF
S21400F5404073124A43F001130234C2F89860C2F8BE
S21400F5509C70C2F8A0302C60BFF35F8F0B4B052267
S21400F560C3F894205A6A42F480325A62BFF34F8F2F
S21400F570BFF36F8FBFF34F8FBFF36F8F07B0F0BD32
S21400F580602600207C1300206413002000ED00E0BD
S21400F590390001137B130020F0B589B00023CDE9B4
S21400F5A005330392FFF768FF07AB019306AB039A98
S21400F5B0009305AB2CF03CFA079A069B059D072A9C
S21400F5C003F1FF338CBFD70820275B1A4FF0010CDE
S21400F5D03B44B3FBF7F30CFA03F3013B0446DBB200
S21400F5E0E8430144B1FBF7F103FA01F123183B4469
S21400F5F0B3FBF7F30CFA03FC0CF1FF33194301F0ED
S21400F600FF01FF292BD0B2FA82F3C3F11E03154C7B
S21400F610154A2068C2F898005B0003F03E0343EAF0
S21400F620012343F0985343F001130130C2F89C5075
S21400F630C2F8A0302060BFF35F8F0523C2F8943075
S21400F640536A43F480335362BFF34F8FBFF36F8F19
S21400F650BFF34F8FBFF36F8F002009B0F0BD282097
S21400F660FBE700BF6026002000ED00E0BFF34F8FF1
S21400F6700549064BCA6802F4E0621343CB60BFF349
S21400F6804F8F00BFFDE700BF00ED00E00400FA0565
S21400F690054B1A782AB95B78002B14BF022003208A
S21400F6A070470120704700BF1C3A0020F8B50329B8
S21400F6B098BF134B054698BF5C5C0E4688BF002477
S21400F6C0032805D8DFE800F002080B0E44F0020419
S21400F6D00C4B1F684FB9F8BD44F00804F8E744F037
S21400F6E02004F5E744F08004F2E77B681A681442C9
S21400F6F003D05B683146284698473F68EAE700BF74
S21400F7009A0505008826002038B5104D2B78ABB139
S21400F7100F4C23781BB12CF0BEF900232370002079
S21400F7202CF0BAF90B4C50B100F0BCFA002320784C
S21400F7302B700121FFF7BAFF0123237038BD064B5B
S21400F74001221A70054B22781A70F7E71B3A002040
S21400F750163A0020143A00201A3A0020203A0020D8
S21400F76010B52AF075FF064B1B7804461BB1BDE8A2
S21400F77010402AF071BFFFF7C7FF2046F7E700BF2B
S21400F780153A0020094A0028137814BF0121FF21EA
S21400F7900B44137008D0064B1B78012B04D9054B7D
S21400F7A01B780BB9FFF7B0BF704700BF1C3A0020AC
S21400F7B0143A00201A3A002070B5144E2AF048FF7A
S21400F7C033780546ABB900F0A1FB044620B12846C5
S21400F7D02AF042FF204670BDAFF300800C482AF0A6
S21400F7E04BFE00F0E3FE0B4B1C6000F06DFC0A4B7A
S21400F7F0186000F0D9F92CF051F9084B1860012375
S21400F8002846337000242AF027FFE3E7173A002043
S21400F81088260020902600208C26002084260020A3
S21400F8202DE9F3410138274A0029135C14BF012152
S21400F830FF210B4413543AD0234E3178012936D990
S21400F840FFF726FF0128044634D8204F2AF000FF91
S21400F8503B781BB31E4D2B781BB901222A701D4A1C
S21400F8601370DFF8748098F8003033B101902CF0F4
S21400F87012F90023019888F800302AF0EDFE0120E6
S21400F8802CF00AF92AF0E4FE2B782BB1019000F058
S21400F89009FA002301982B7000233B702AF0DCFE47
S21400F8A03078844203D02146FFF700FF347002B060
S21400F8B0BDE8F0810329F3D10228F1D100F03EFA29
S21400F8C0EEE700BF1C3A0020143A00201B3A002046
S21400F8D0153A00201A3A0020163A002068B52AF099
S21400F8E0B7FE094B1B78012B064604D82AF0B4FE57
S21400F8F00025284668BD054B1D6800F011FA054432
S21400F90030462AF0A9FEF4E7143A0020902600209C
S21400F91038B5416004462AF09BFE21460546044859
S21400F9202AF0ADFD2846BDE838402AF095BE00BF57
S21400F93088260020054B1B68584300F57420044BAE
S21400F94000F23F20B0FBF3F0704700BF8C2600208B
S21400F95040420F002DE9F04385B0EFF3108672B6F3
S21400F960AFF300802AF0B5FC002800F08980674DD0
S21400F970674F2B7823B10020FFF704FF00232B707E
S21400F980FFF786FE0446002800F08180841EE4B25D
S21400F990012C40F28380FFF77BFE0128804604D9C5
S21400F9A05C4B1B780BB92CF073F85B4CDFF8889136
S21400F9B02078404507D099F8003013B94146FFF744
S21400F9C075FE84F80080B8F1010F0FD9DFF8448186
S21400F9D098F8003053B9514B1B7823B92CF05AF8DD
S21400F9E04F4B01221A70012388F80030207800F06F
S21400F9F081F999F8003013B14A4B1B782370AFF3A6
S21400FA00008006B962B6EFF3108672B6464B1A78D7
S21400FA1052B100221A70434B20781B78984203D1CB
S21400FA2001212170FFF742FE384600F0A9FA2AF0BD
S21400FA3065FC804600289CD1364F3B789BB189F800
S21400FA400000DFF8DC9099F800301BB12CF023F8AA
S21400FA5089F8008000202CF01FF800284DD000F018
S21400FA6021F900233B702B7823B10020FFF78AFE94
S21400FA7000232B7020780021FFF718FE0023237048
S21400FA80AFF3008006B962B605B0BDE8F0832B7808
S21400FA90002B80D0FFF776FE2C707CE703A90020B1
S21400FAA000F0B2FA044600287FF475AF1F4B039AA5
S21400FAB01B689A4205D80120FFF764FE01232B70CD
S21400FAC069E71B4BD3F8008000F02AF9039B8044BB
S21400FAD09845F0D200F048F900280399154A0CBF63
S21400FAE00023042343F00203CDE90043A1EB080101
S21400FAF0234638462BF0D9FF4DE7012000F0FAF8F0
S21400FB0006B962B6EFF3108672B6A3E71F3A002076
S21400FB10642600201B3A0020143A00201E3A0020DB
S21400FB20163A0020203A0020193A002084260020A9
S21400FB309026002061F700001A3A002010B52AF03F
S21400FB4087FD054B00221C781A702AF085FD00F010
S21400FB5047FC2043C0B210BD183A002073B5104EC3
S21400FB6033788342044611D000238DF8043078B1F0
S21400FB7001A88DF805300B4DFCF70CFC1E204CB18F
S21400FB80FFF7D8FE2B68181A2860347002B070BDD4
S21400FB900223EDE7FFF7CEFE2B681844F4E700BF1C
S21400FBA02F130020A026002073B5284C002501A89E
S21400FBB0636A636A8DF80450FCF7FAFC2846FFF780
S21400FBC0CDFFD4F8903003F00403AB42204B14BFB3
S21400FBD001222A461A70D4F890301E4CC3F3003324
S21400FBE0237005D04FF41670FFF7A4FE1A4B18606A
S21400FBF023781A4DEBB11120FBF744FF134BD3F8D3
S21400FC000021C2F3042202FB000292B15C6C144E87
S21400FC10C4F30B44002301341946501E04EB84043D
S21400FC20E4FB060128F09EFEFFF784FE2B681844CE
S21400FC3028606420FFF77EFE2B681844034B28607C
S21400FC40D3F89020074B1A6002B070BD00400E40FB
S21400FC50233A0020213A00209C260020A0260020DF
S21400FC6040420F009426002008B50B4B1B7893B13A
S21400FC70022000F067FC70B100F0F8F958B10022DD
S21400FC8001210220FCF798F82BF090FF034B186038
S21400FC90034B01221A7008BD233A00209826002044
S21400FCA0223A002038B50E4C0E4D23782BB92B780F
S21400FCB01BB12BF07BFF0C4B18602AF0F8FD2B785D
S21400FCC06BB10A4AD2F890301B07FBD52BF06EFFBB
S21400FCD0054B1B68C01A064B18600023237038BDFE
S21400FCE0223A0020233A00209826002000400E40AA
S21400FCF09C26002002280AD003280BD001280CD10D
S21400FD00064A136923F00403136130BF70470020CE
S21400FD10FCF752BB0020FCF787BB704700ED00E005
S21400FD20044B1B680BB103EBD303034A106818445B
S21400FD30704700BF9C260020A0260020084B45F6F2
S21400FD400E02D3F88011C3F88021064A126802F426
S21400FD50A0721A66CA0744BF0022C3F88021704703
S21400FD6000400E4094260020014B1878704700BFD4
S21400FD70233A002010B500F083FB0A4C0A4B1968A2
S21400FD802368C31A01B10BB9206010BD4A699A42B4
S21400FD902EBFD21A9B1A00224A6128BF0023896808
S21400FDA0F0E700BFA4260020B026002070B5C38868
S21400FDB004460D463BB9FFF791FD8542064602D242
S21400FDC02BF059FE35460F4965610B68ABB90C60E0
S21400FDD0A36011E0AD1A9A68656118462AB1134609
S21400FDE05A69AA42F6D950B11A4684601346A360EF
S21400FDF013B15969491B596170BD0020F0E70C60CA
S21400FE00F5E700BFB026002038B5134D2B685B69B8
S21400FE1093B1124A146802201C4400F065FB204689
S21400FE2000F034FB0E492A6800230B70D088800748
S21400FE3009D501230B7038BD022000F055FB0220C7
S21400FE4000F078FBEEE79268002AF4D0506903448D
S21400FE50012BEBD9EFE700BFB0260020A426002038
S21400FE60253A002070B516469DF814200271049AB3
S21400FE700260C0E903360022BDF8183082600446EE
S21400FE800D46C38006BB00F0FBFA2844A0613DB9CE
S21400FE90E368656113B121682046984796B13546F8
S21400FEA02AF0D6FB0646FFF765FF29462046FFF7F1
S21400FEB07DFF074B1B68A34201D1FFF7A5FF304625
S21400FEC02AF0CAFB002070BD00F0DAFA3044DDE705
S21400FED0B02600200C490B6800227BB183420AD171
S21400FEE083687AB1936083681BB15A6941690A4492
S21400FEF05A61002070471A469B68EEE70028EFD04C
S21400FF00022070470B60EEE7B026002070B5154E55
S21400FF102AF0A5FB34780546FCB9134B1C60134B3E
S21400FF201C60134B1C8000F067FA012000F0DCFA1E
S21400FF3000F030FB0F4B0246186020B928462AF026
S21400FF4094FB232070BD23460B4840F2E73128F08F
S21400FF5009FD0A4B18600123337028462AF085FBFA
S21400FF600020EFE7243A0020B0260020A426002038
S21400FF705C310020AC26002018FCFFFFA8260020DD
S21400FF802DE9F0410546F8B12AF062FB0F4F064610
S21400FF90FFF7F0FE2846D7F80080FFF79BFF0446E1
S21400FFA028B130462AF058FB2046BDE8F081A84527
S21400FFB03B6803D123B1FFF727FFF2E7002BF0D110
S21400FFC0022000F09FFAECE72224EDE7B02600209E
S21400FFD038B50C46054698B191B100230B702AF04F
S21400FFE03EFB084B1B6801210BB122781AB12AF0A0
S21400FFF03CFB002038BDAB4214BF9B682170F3E782
S2140100002220F7E7B02600202DE9F0410746884672
S2140100102AF025FB134B1C680546002624B9284602
S2140100202AF023FB1B2016E063691E44E388BB42CB
S21401003015D10D4C00F024FA2368C01AB0420CD238
S21401004000F01EFA22683244121A2846C8F8002028
S2140100502AF00BFB0020BDE8F0810022F5E7A4683A
S214010060DCE700BFB0260020A426002008B5074B19
S214010070187848B12BF09AFD054B1B689B69C01A8E
S21401008002288CBF0020012008BD00BF253A0020B1
S214010090B026002070B52AF0E2FA064600F0F0F924
S2140100A0084B1D8804460120ADB200F04BFA18B18A
S2140100B000F0E6F90135044630462AF0D6FA204625
S2140100C0294670BD5C310020014B1868704700BF9F
S2140100D0AC26002038B5074B1D6840F2E7340021F6
S2140100E0E5FB00414FF47A720023204628F03AFCE3
S2140100F038BD00BFAC26002000B58DB001238DF8B9
S2140101000F30FFF7E7FF0023CDE900330146074A2A
S2140101100DF10F0304A82BF000FD18B99DF80F3060
S214010120002BFBD10DB05DF804FB00BFA5BA0300A0
S21401013070B50C4B1B6883420D4611D30A4B40F237
S214010140E7311E6800248C462146E0FB06C14FF4C9
S2140101507A720023604628F005FC2860204670BDB0
S2140101602120FCE7A8260020AC260020F0B587B0A9
S2140101701F4600230C4616468DF81330054658B325
S2140101800DF11301FFF724FF9DF8133033BB05A9CA
S2140101902046FFF7CDFFE8B9114B059A19684C4385
S2140101A04FF47A71B4FBF1F301FB13440C1BA4B2B8
S2140101B000238C42EB83BDF834300CBFA883AC839C
S2140101C002939DF830301146CDE900732846334638
S2140101D0FFF748FE07B0F0BD2220FBE70220F9E753
S2140101E0AC260020014B1868704700BFA8260020E7
S2140101F010B50F4B1A689AB1531E4FF47A71134219
S214010200A0FB01010ED1B2FA82F2C2F11F04531C07
S214010210E040D24301FA03F3184321FA02F2024303
S214010220104610BD002328F09DFB0246F8E700BFEC
S214010230AC26002070B5164B8342164B8B411546F3
S21401024024D3154B1A680AB34FF47A76541EA0FBD2
S2140102500603144006FB013111D1B2FA82F3C3F151
S2140102601F025E1C01FA06F6DB43D04021FA03F3B7
S21401027030431843D140C5E90001204670BD002334
S21401028028F070FB0024C5E90001F6E72124F4E715
S214010290EFA7C64B37894100AC2600202DE9F04771
S2140102A0C20704460BD54B4A138801339BB2138011
S2140102B0FFF760FD484B1B680BB1FFF7A5FDA307D1
S2140102C040F185802AF0CBF98046FFF753FD4FF0C9
S2140102D00009414E4D464F4634680CB163698BB1F7
S2140102E03E4B0022012D1A7003D119F0020F18BFE0
S2140102F01D70002C5BD0FFF787FD4046BDE8F04738
S2140103002AF0B3B923461A792179914288BF1C464F
S2140103109B6813B15A69002AF5D040462AF0A5F920
S214010320D4F81090B9F1000F45D000F0A9F8A269F1
S214010330A0EB02084FEAE873C14577EB03033BDA0B
S21401034023691344A36101232269CAB1C3B9A38BEC
S214010350B9EB080833B1E28B13449BB2B3F57A7F4D
S2140103601CD2E3832AF07BF9414681462046FFF7FB
S2140103701DFDA36922691344A36148462AF075F955
S214010380E368B4F80690013513B121682046984712
S2140103902AF065F98046FFF7EDFC9DE7A3F57A7331
S2140103A0E383A369013B18F1FF38A361DAE7022072
S2140103B000F0A8F8A1E7C8462AF051F9824620467F
S2140103C0FFF788FD50462AF050F90023BCE7BDE848
S2140103D0F08700BF5C310020B0260020263A0020BE
S2140103E010B52AF03CF9034B1C782AF03EF920465A
S2140103F010BD00BF263A002010B586B01C4B186809
S214010400596803AA03C2197AD3F80900117001903A
S214010410B3F80D201748DB7BADF8082001218DF8D5
S2140104200A300024FBF7E8F903A88DF80C408DF894
S2140104301040FCF7D1FE01A901208DF80440FCF71D
S214010440ABFE0D4A536A23F4FF6323F0070353629E
S21401045040F2FF73136201209460FCF7B7FE074B6E
S2140104604FF00042C3F880211A6006B010BD00BFED
S2140104709E050500A00914000020044000E100E0EC
S214010480014B9868704700BF0020044010B5044631
S2140104902AF0DEF8124A9368516D9269520704D425
S2140104A0CA1A032A01D899420DD1E21A022A98BF24
S2140104B0DC1C0B4BB4F1FF3F38BF013C5C655A6A4C
S2140104C042F004025A622AF0C7F8064A137833B19A
S2140104D003490B6D43F002030B650023137010BD37
S2140104E000200440301300208207054A00F0010373
S2140104F0516A48BF43F004030B435362704700BF81
S21401050000200440820700F0010309D5074A0121B3
S214010510117007490A6D22F0030243F004030A65CD
S21401052003494A6A22EA03034B62704730130020EC
S21401053000200440830742BF014B0422DA61704762
S21401054000200440064B01289B6904D0022805D1EF
S214010550C3F38000704703F0010070470020704726
S2140105600020044010B52AF07AF8094A9369044637
S214010570590703F0010003F0070348BF40F00200EB
S2140105801362FFF78BFE2046BDE810402AF06DB8D7
S214010590002004400148FBF775BA00BFA00914000B
S2140105A00148FBF751BB00BF0500240010B50A4BFC
S2140105B0D3F8883003F00703013B012B0BD82AF050
S2140105C047F8012104460220FFF72AF92046BDE834
S2140105D010402AF041B810BD00400E4010B5044648
S2140105E0FAF79EFB0B4BA0F57A729A4210D84FF49D
S2140105F07A735C43B0FBF3F0074BB3FBF0F0B4FB4C
S214010600F0F0032804D9BDE810408008EFF778BD64
S21401061010BD00BFFFC99A3B40420F00024A034982
S214010620034800F091BD00BFB0050500F8050500C0
S214010630D0050500044B5A680AB910467047197868
S2140106408142FAD00833F6E70408050030B5084BB6
S2140106500446586800B930BD85692D78A54205D194
S21401066045688D4202D145789542F4D00833F0E7CB
S2140106700408050038B505460C4659B13C22002150
S2140106803AF04EFFA3691B699847686320B12C6056
S214010690002038BD0148FCE70148FAE7009FFFFF4C
S2140106A0809EFFFF30B40468B4B12569AD0702D45B
S2140106B06568954210D1012B4260037203D06578BC
S2140106C0033D022D04D8A3699B68406B30BC1847D4
S2140106D013B9A369DB68F8E7014830BC704700BF6F
S2140106E0009FFFFF2DE9F3410768DDF820E014467F
S2140106F067B30025CEF800507D694DB397F80180A9
S214010700B8F1010F0ED1AA4224D1CEF80020BA6961
S21401071054680A4690F90810406BA44602B0BDE83A
S214010720F0416047B8F1090F07D1CDE9002E406BC3
S2140107302CF09BFB02B0BDE8F08199420CD1C36955
S21401074023B9B2FBF5F205FB12442CB10348F1E7DD
S2140107500348EFE70348EDE70348EBE7009FFFFF99
S214010760809CFFFF809DFFFF809FFFFF70B590B0CC
S214010770044607A816460D4605932DF094F8002367
S2140107800293159B0193149B00932046059A3346CA
S21401079007A900F013FB044640B907A82DF0FDF8A1
S2140107A050B907A928462BF022FB044607A82DF0CE
S2140107B0A9F8204610B070BD004CF7E780B0FFFFE7
S2140107C038B50D460446002105F118002BF0DFFC74
S2140107D050B120462AF0B1FD28B129462046BDE891
S2140107E03840FDF7E1BB014838BD00BF80B1FFFFCF
S2140107F070B50C460646114620461A462BF0C3FE37
S214010800054698B9736E33B9321D21462046BDE8B8
S21401081070402CF01AB92368002B09DB20462BF018
S21401082045FBB36DB0EB430F09D9184D284670BD93
S214010830014620462BF0ABFC0028EFD0F5E7736E9F
S2140108402046984705460028F0D104362368002B39
S21401085004DA002120462BF09AFC68B9314620467E
S2140108602BF054FC0028E1DB3246214620462BF0D3
S214010870FBFC0028F2D006E03246214620462BF04B
S21401088062FD0028E2D00546D0E700BF80B0FFFF3A
S214010890F0B589B00E460546012106F118002BF089
S2140108A076FC014658B928462CF0F3FF012879D189
S2140108B0304601912BF06BFC0028019901DA3A4C85
S2140108C06DE006F10C0420462BF061FC0028F6DBF7
S2140108D02F1D394630462BF019FC0028EFDA394631
S2140108E020462BF013FC0028E9DA02A82BF026FAA2
S2140108F005A82BF023FA2346224602A92846FFF72D
S21401090077FF0446002844D13346324605A92846D7
S214010910FFF76EFF044600283BD1AB697BBB05A9F8
S214010920032208462BF054FD044690BB059B002B82
S21401093019DB05AA334611462846FFF759FF044638
S21401094038BB05AA05F11C03114628462CF035FFD5
S2140109500446F0B905A902A82BF0D8FB124B041ED9
S21401096018BF1C4615E0002105A82BF010FC002836
S214010970DFD005A93A4608462BF0E5FCD4E705AAE0
S21401098005F11003114628462CF017FF04460028EF
S214010990CFD002A82BF0D8F905A82BF0D5F9204620
S2140109A009B0F0BD014CFAE780B3FFFF80B0FFFF4E
S2140109B038B505462CF06DFF01280C4601460DD1D1
S2140109C020462BF0E4FB002806DB05F14C0120460F
S2140109D02BF09CFB002803DB024838BD0248FCE7ED
S2140109E00020FAE780B3FFFF80B0FFFF2DE9F04F4C
S2140109F0BBB00546884691469B462AF09EFC019070
S214010A00002862D149462846FFF7D2FF044600284F
S214010A1040F0BB8059462846FFF73AFF04460028B7
S214010A2040F0B38028462CF034FF012840F0BD8109
S214010A3024210220EF6D2BF00EF901377F080646C0
S214010A40002800F0B08106F1240A2CF02CFF504655
S214010A502CF029FF0D9419ABE0180C343C2C3ED138
S214010A60594630462CF083FF044600285CD1834665
S214010A705F4537D101220DA92846CDF834A02CF0C8
S214010A8005FF044600284FD128462AF056FC0028C8
S214010A903BD05346324651462846FDF7D7F8044622
S214010AA0002841D101220DA92846CDF834A02CF00A
S214010AB0EDFE0446002837D106F118002BF044F964
S214010AC006F13C002BF040F92EE028462AF03AFCCD
S214010AD00446002896D028462AF036FC58E02BF02B
S214010AE02DF9B8E70123BBFBF7F003FA00F1C9B211
S214010AF0242307FB10B003FB016240B12846029293
S214010B002AF01BFC029A002846D1A94C0CE04908A1
S214010B1001EBC101104606EB810102922CF027FF82
S214010B20029A04460028E9D04FF0000A19AB0AEBF6
S214010B3003000AF10C0ABAF13C0F37D19CB90DF14A
S214010B40100A50462BF0FAF80DA82BF0F7F805F12D
S214010B504C031846214602932BF097F90128029B75
S214010B6027D0A4F59F446B6F9E420AD04EB1304603
S214010B702CF0C8FE06F124002CF0C4FE30462BF003
S214010B808CF814B140462CF0BDFE019B002BA2D17F
S214010B9020463BB0BDE8F08F11462846FDF74EF9DA
S214010BA004460028C0D10BF1010B61E72BF0CCF80D
S214010BB0BCE72146484602932BF067F94946B0FA4E
S214010BC080FB50462BF013F94FEA5B1B04460028C6
S214010BD059D1029B4A4619460DA82BF0D6FB04466E
S214010BE0002850D15A460DA950462CF02AFB04463F
S214010BF0002848D17A1C01460DF1640919A83AF07B
S214010C008FFC4B462246974203937FD011465046AF
S214010C1002922BF03AF9039B029A1978084303F8DB
S214010C20010BB918504603932BF02FF9039B029A38
S214010C3013F8011C41EA400003F8010C0132E2E717
S214010C4099F8010080EA0E03D94301F0010A99F8E8
S214010C50001011FB0AF15BB249B2029300EA0E0ED4
S214010C600B4043EA0E0E029B4B4009F8013F19F870
S214010C70013C43EACA135FFA8EFE09F8013C0CF107
S214010C80010C6245DCD20DA82BF05EF804A82BF00F
S214010C905BF8002C7FF467AF04A82CF004FE0DABC4
S214010CA018190C343C2C36D107F1E8036B44324654
S214010CB013F8843C414628462CF0A9FD044638B971
S214010CC0449B002B59D028462AF037FB30BB384CC2
S214010CD004A82CF08EFD00270DABD8190C373C2F3D
S214010CE04ED1002C7FF43FAF5A46414628462CF0A1
S214010CF03FFD044600287FF436AF449B002B42D1CB
S214010D0041462846FFF75CFD04462CE74FF0000EEF
S214010D104FF0010CB5E72BF011F8C0E7DDE94423ED
S214010D2041462846FCF7D8FE38B30446D0E72846A5
S214010D30013F2AF002FB0028C9D042464146284618
S214010D40FDF77CF80028F0D119F80730324604A9DF
S214010D5028462CF05CFD0028E7D128462AF0EDFA5B
S214010D600028B4D004AB424641462846FCF76EFF45
S214010D700028DAD1002FDAD1AAE70DF16409F9E7E4
S214010D802AF0E2FFA8E728462AF0D7FA48B1DDE9BB
S214010D90442341462846FCF79FFE04460028AFD070
S214010DA0E1E6034CDFE6034CDDE6034CEDE600BF6F
S214010DB080B1FFFF80B2FFFF80B0FFFF30B4DDE9F6
S214010DC0024514B130BCFFF711BE014830BC704774
S214010DD080B0FFFF37B505460C4619462CF059FD85
S214010DE001280FD11346009105F14C020146204619
S214010DF02BF05DFE044B10F10E0F18BF034618468C
S214010E0003B030BD014BFAE700B3FFFF80B0FFFF30
S214010E1038B504460D462CF079FD20462CF051FDE0
S214010E20032D257027D1164AE26001250823154AAD
S214010E306262C4E90153C4E90753C4E91353C4E920
S214010E400A53114AA363114B6265114A6564C4E9EA
S214010E500F35104BA364C4E90C25201D2BF026F892
S214010E60A06504F14C002BF021F8C4E91705002019
S214010E70C4E91D0038BD002307482370FAE700BF08
S214010E80D408050054080500B408050094080500B8
S214010E90740805008810002080B1FFFF37B50025D3
S214010EA0044629460567282274303AF039FB204665
S214010EB040F8045B2AF049FA0123009303492023F2
S214010EC02A4620462CF0FBFD03B030BD5BB3030081
S214010ED00238C0B202289ABF024B53F82000002005
S214010EE0704700BF0C09050070B5044616460D464E
S214010EF069B360B30023C0E9013301600B79032BAA
S214010F0010D0042B0ED0022B21D16C2101202AF007
S214010F10A2FE606008B90F4803E02AF01AFA5EB92B
S214010F20002070BD6C2101202AF095FE606000282B
S214010F30F1D02AF00AFAF2E7A97902202AF08BFE0C
S214010F40A0600028ECD120462CF04DFEE3E70248D5
S214010F50E7E700BF80AEFFFF00AFFFFF88B1036881
S214010F607BB11B79032B06D0042B08D0022B08D1AA
S214010F704068FDF75DB901214068FDF72DB90021F4
S214010F80FAE70148704700BF00AFFFFF68B103688A
S214010F905BB11B79022B05D0033B012B05D84068BA
S214010FA0FDF72CB94068FDF74FB90148704700BFFF
S214010FB000AFFFFF68B103685BB11B79022B05D058
S214010FC0033B012B05D84068FDF722B94068FDF7C1
S214010FD045B90148704700BF00AFFFFF2DE9F0415A
S214010FE088B00E4617460546002852D00368002BE7
S214010FF04FD08268002A4CD09B79BB4213D2FFF7B0
S214011000ADFF044688BB3A4631462846FFF7BEFF89
S214011010044650BB69462846FFF7CCFF044620BB72
S2140110202B685F796E462B68D5F808809A79362149
S214011030404608EB02043AF073FA2B685C219A7971
S21401104020463AF06DFA013E4346601E47449F42F1
S21401105013D12846FFF782FF044630B92B68414674
S2140110609A792846FFF792FF04462021684600F049
S2140110704FF8204608B0BDE8F08116F8011F1A782F
S2140110804A4003F8012B10F8012F31784A400270CC
S214011090DDE7014CEDE700BF00AFFFFF10B438B14C
S2140110A004682CB183681BB15DF8044BFFF76EBF73
S2140110B001485DF8044B704700AFFFFFF0B589B0FB
S2140110C00D46044600B30368F3B18668E6B1694687
S2140110D09F79FFF76FFFA8B92046FFF73FFF88B952
S2140110E02368F1199A792046FFF750FF50B9236813
S2140110F069465A792046FFF749FF18B9294620461E
S214011100FFF758FF09B0F0BD0048FBE700AFFFFF4F
S2140111100A4619B1024B00211B681847704700BFE9
S2140111208C100020431C07B5014606D00023CDE9EC
S2140111300033034A03482AF0B8FC03B05DF804FB09
S2140111400FDD0300C827002070B50E46154604467D
S21401115010B309F0D9FE08B3236813F4807F114B4E
S2140111601CBF01221A70104A1B7814600F4A1660C1
S2140111700F4A15601BB909F0BDFE09F091FE08F093
S21401118085F809F043FD0B4B0B48197809F048FD2B
S214011190BDE8704009F07EBB212070BD40F20440DE
S2140111A0FBE700BF283A0020EC270020F0270020AC
S2140111B0E82700209D3A0020A5920100F0B589B0ED
S2140111C008F038F8914B924D1A789249112007F0A1
S2140111D0F1FD2B685A685423B2FBF3F2002392B256
S2140111E05121184607F07CFD18B10446204609B087
S2140111F0F0BD07F09FFE2AF0FFFC04462AF0FEFC35
S214011200844240F2CD802AF0F7FC81B2002301220D
S214011210102007F065FD0028E7D17F4B19687F4B4A
S214011220186820F0B5FD00F055F90028DDD12B68CF
S2140112301C7F002C00F0B780102C28BF10242FF044
S21401124088FF621C81B20023D2B2082007F048FD55
S2140112500028CAD1724A7349142007F077FC002887
S214011260C3D107F0F1FA06AA0221322000F0E8F90C
S21401127028B9BDF818104FF0FF3039F0A3FC02AEC4
S2140112800023324606212C208DF80E3000F0D8F9C6
S21401129060B9304631F004FB10B1302840F085804B
S2140112A03C2000F0EDF92C2000F0EAF99DF80E3014
S2140112B0190740F18B8096E80300ADF81410090C6D
S2140112C004908DF816109DF80E3013F0280F07D1F4
S2140112D0DDE90401ADF80C10090C02908DF80E1032
S2140112E02B68186920B131F0DBF900287FF47DAF57
S2140112F02B68586900F032F92B6893F82220D20740
S21401130079D42AF05FFC04A90746024628682CF027
S21401131002FD00287FF469AF21F07EFF2AF07EFCF3
S214011320044600287FF462AF012008F08BF83E4B9C
S214011330186830F0EEFA044600287FF457AF32F012
S214011340D5F804460AF068F9019031F068FB019976
S214011350024620462EF014FE044600287FF446AFCF
S2140113602B681B689B050CD4B7F5FA7F09D929F0C1
S2140113706FF9012107460846FEF752FA384629F06A
S2140113806BF92B689A69294B1A602CF00DFD284BD6
S2140113901860304608F0F2F8264807F0D1FB25E73A
S2140113A02AF02CFC31E7042449E706AA01213C2057
S2140113B000F046F940B99DF81830012B14BF4923B7
S2140113C072238DF80E3071E74923FAE7FBF756FFD3
S2140113D0CDE90601030C8DF81230BDF81D30ADF8CD
S2140113E013309DF81F308DF815304923ADF81000E5
S2140113F08DF8163067E793F8230031F0B3FC002828
S2140114003FF47FAF40F20C44F0E600BF9D3A002067
S214011410EC270020A5920100641000206010002037
S214011420ADDD0300A9DD0300F0270020F42700202E
S214011430C4270020251101000248002203212FF0B5
S2140114402DBE00BFD82D0020F8B5114831F06EFB37
S214011450E0B92CF0A9FC0F4D0D4E286006F10C07E3
S214011460286831F0B4F907F02BFA0446304631F01B
S21401147059FB10B938462FF021FF09F085FC08B951
S214011480002CEDD1BDE8F84031F0C8BAF8BD00BF78
S21401149090100020C427002008B5054B1B782BB9F7
S2140114A02CF01BFCB0FA80F0400908BD0020FCE7D8
S2140114B0273A002010B5054C01232370044B1B6806
S2140114C003B198470023237010BD00BF273A0020C0
S2140114D0F42700200C4B98420BD8023B98420ED8BA
S2140114E060B1023B98420CD0C0F30C0000F590604E
S2140114F07047064B9842F7D140F21C4070472120B6
S214011500704740F21B4070470AE000F00BE000F025
S214011510024B4FF080525A60704700BF00ED00E06A
S214011520044A002352E8000F42E800310029F9D1AD
S21401153003F0CABBF8270020064A52E8003F0343DF
S21401154042E800310029F8D1034B1B6803B1184764
S214011550704700BFF8270020FC270020034B044AF1
S214011560002818BF03461360704700BF111501001D
S214011570FC27002037B51C68E10705D531F01AF9BC
S214011580164917482FF092FDA20723D508F086FCCE
S214011590D0B9144D019029F062F8044628462FF080
S2140115A0ABFE0190204629F060F8019890B143798E
S2140115B09B070CD401A8022130F0E1F8019808F04D
S2140115C05DFC31F07AF8E6E731F077F8DEE708F00F
S2140115D049FCF6E7002003B030BD00BFA410002090
S2140115E0D82D00200028002008B5054807F038F956
S2140115F0044B1870BDE80840012107F043B900BF4D
S214011600B4100020293A002038B5044648B129F024
S21401161026F821460546084830F003F8284629F002
S21401162024F8064B022193F9000007F02BF9BDE8D8
S2140116303840FFF73FBF00BF00280020293A0020AE
S21401164037B50D4DCDE900210C49044609682868D7
S21401165020F09EFBFFF73EFF58B9DDE9002328681E
S21401166044F4802120F0B4FC03B0BDE83040FFF71D
S21401167031BF03B030BD00BF6010002064100020F1
S21401168038B50A4B0A4D19680446286820F080FBD5
S214011690FFF720FF40B9286844F4802120F02CFD94
S2140116A0BDE83840FFF716BF38BD00BF6410002004
S2140116B0601000207FB50C46194905460868496840
S2140116C0134602AA03C295F82A2010326A4412F879
S2140116D0086CB5F84420D20608D42246314628467E
S2140116E02CF0CBFE00F5FA7004B070BD20460193D5
S2140116F02FF08CFFB5F84420019B00F10A0412F08C
S214011700030F4FEAC40405D018462FF07FFF04F5F7
S2140117100C740444701EE823584304FB0600E1E7FA
S21401172030090500014B9868704700BF0428002067
S214011730F0B5104B1E6893F804C0024635464FF0CC
S214011740FF3400239C4508DC91B1631C10D0902324
S21401175003FB046080F84620F0BD95F8467097427A
S2140117602846F9D0FF2F08BF1C4690350133E9E71C
S2140117700020F1E70428002070B5224D0446002819
S2140117803ED0083002F050FF0026FF2384F8463092
S21401179004F13000E6612FF091FD04F134002FF0E2
S2140117A08DFD04F138002FF089FD04F13C002FF087
S2140117B085FD2868144B201A00115843C0B22CF03E
S2140117C01CFB014630462CF011FB206C10B101F0D9
S2140117D031FD2664606E18B12CF026FB002363668B
S2140117E0A06E2CF017FB0023A36670BD286806FBCD
S2140117F00400FFF7C1FF01342B79A342F6DCF4E7BE
S2140118009026F9E704280020398EE338F7B5044618
S2140118102FF08EFBC0F30F23542B3ED9AA2B34BFD7
S21401182001230223C0B27F2834BF012202220321F2
S2140118308DF804301344B3FBF1F000EB40001B1AA3
S2140118408DF805301344B3FBF1F202EB42029B1A0A
S21401185013498DF8063000234B7501AF18461D4617
S2140118601A4617F8016B44FA06FC1CF0010F06D065
S21401187053009E4030430132C0B2D2B2012301353B
S214011880EDB2032DEDD103B148754B7D43EA8212CB
S214011890FF234A750B7503B0F0BD0023C2E700BFF6
S2140118A00428002010B4094B1A68437ED47AD278F3
S2140118B01B1B9342A8BFDAB281F001015DF8044B0D
S2140118C0427601F001012CF00FBB00BFE429002095
S2140118D0B0F860302BB9836813F4601F08BFA0F816
S2140118E0603011B1012911D070474369417E23F060
S2140118F010034361064B1A68D37A92780B449342DD
S214011900D8BFDAB2427601212CF0EEBAFFF7CABF91
S214011910E42900202DE9F0412F4E88B000253379C7
S214011920AB4203DC012008B0BDE8F08134689023A7
S21401193003FB054494F84630FF2B0DD0236A98012B
S21401194006D504F1500840462FF058FE074628B940
S214011950226A12F0A06F13D10135E0E7BB7994F843
S21401196046100C333B441A8AADF81C209A7AD86884
S214011970069006ABC2F3801238462DF001FFE2E76F
S214011980B4F844301D2B18D13C23FF210020CDE9AB
S2140119900431CDE90200CDE9000004F15703C2F39A
S2140119A0802201212EF063F90028BCD04FF0A061FF
S2140119B004F120002CF004FACEE712F0807F94F8B0
S2140119C0293094F846004FF0000214BF43213C2111
S2140119D02EF062F8E8E700BF042800202DE9F04168
S2140119E01F46C36904460D4616469BB1002940F0C2
S2140119F0B08028F034FE29460646A06E2CF005FA83
S214011A00204629462CF058FA304628F02EFE284665
S214011A10BDE8F0810029FAD0036A03F01203022B15
S214011A2000F09980236ADD0700F19D8094F8463026
S214011A30FE2B0CD104F1480003F036F903F02CF923
S214011A4028B14FF4800104F120002CF0B1F9256A89
S214011A505D4B2B40B3F5807F00F0B280A80524D5FE
S214011A60C5F3802504F157080022414628462CF08C
S214011A70E9F9002884F8470080F281804FF400716C
S214011A8004F120002CF09CF9B4F8442002F0030283
S214011A90012A0AD1414628462CF0D9F928B14FF43B
S214011AA0006104F120002CF083F9236AD9066FD572
S214011AB0464BE361002384F82930236AB4F860506A
S214011AC0E16884F8287023F48032226221613DB9EE
S214011AD013F0100F14BF3C25C825257605F2B31563
S214011AE04EB1E38C40F27121C3EB06134B4342F433
S214011AF08032E3622262236A43F400232362344B7A
S214011B001B68DB78637628F0AAFD636943F010034F
S214011B100746636104F1080029462DF0A9FD01205E
S214011B2005F0F0FD28B963691A075CBF43F00403AA
S214011B30636126B12FF038FAE36A1844E062204662
S214011B4005F0EAFD384628F090FDA06E01212CF044
S214011B505CF900255BE7406B2FF058FD00287FF409
S214011B6061AF0C2553E7236C002B7FF45FAF01F0C8
S214011B700FFB206400287FF459AF092547E70022B0
S214011B80414628462CF063F900283FF477AF7BE7FF
S214011B90D4E90C122046FFF78DFD012F0ED0A28C42
S214011BA040F271235A43904208D9E28C5A4390423C
S214011BB008D800F51C70B0FBF3F0A084054B78E75D
S214011BC0122524E7452522E7000140000D1D0100EE
S214011BD0E4290020BDE5030070B50A4D00249026D7
S214011BE02B79A34200DC70BD286806FB040090F840
S214011BF04630FF2B04D000231A461946FFF7EEFEA7
S214011C000134EDE7042800202DE9F04F91F806A0F5
S214011C108DB00AF10C0A04460E4601EB0A050122B4
S214011C200AA90DF127002CF01AF98146002866D181
S214011C30A97A05F10C07C1F38011384601F03AFB89
S214011C4030B1304607F0B6F900200DB0BDE8F08F90
S214011C50236AD4F840B0206403F01008EB79298990
S214011C6056F80AA00793184603F0B8FF5044B8F197
S214011C70000F37D1079B033B012B8CBF04220622A2
S214011C80214B1B6840F2712A5B7963760AFB0202DC
S214011C9005F11803B9F1000F26D09DF827C094F876
S214011CA046E0B8F1000F24D0A97A0120C1F3401113
S214011CB095F90550CDE902E1CDE90405CDE9007CB1
S214011CC00121584601F072FBB8F1000F05D02CF047
S214011CD07DFE012120462CF0EFF8304607F06AF928
S214011CE00120B2E70222CBE795F80AC0CCF3801CAC
S214011CF0D5E794F88F00012100F00F00D8E79DF892
S214011D0027100AAF99E700BFE4290020012810B583
S214011D100C461ED0022824D048BB08462CF01AFBDD
S214011D20E38CA28C94F82A009A1AE36803F59C5374
S214011D3040F27121083301FB02332361FFF766FD90
S214011D400B4B9968236B0B602046BDE8104000F0F2
S214011D5023BD05F045FE844209D1BDE810402CF0B4
S214011D6035BE20460021BDE81040FFF79BBD10BDE3
S214011D70042800202DE9F0474D4D0446A86818B107
S214011D8007F018F90023AB602CF011FB2B791BBB75
S214011D9000202CF036F81CBB002603202C712E6088
S214011DA0EE8206F0EBFFB4422BDC28792CF029F802
S214011DB0E0B9BDE8F087286808FB06F738443030FC
S214011DC02FF07CFA2868384434302FF077FA013641
S214011DD02B79B342EFDCDBE700264FF09008F7E7FC
S214011DE002202FF09EFAA8600028D5D1A86800240A
S214011DF02C712C60002857D100202CF002F8072007
S214011E00D7E704EBC401090189B233460122032056
S214011E1006F066FF07460028E8D1032006F0DEFF3D
S214011E2028600028E2D090226243394639F078FBD8
S214011E30DFF880A0DFF88080DFF880902B79BB4246
S214011E40B3DD2C68902303FB07440026C4E9036630
S214011E50DAF80030E6616661DB786376314604F1D4
S214011E6008002DF005FC1323A4F84430236AA4F8D7
S214011E70606043F0130323624FF008236362072375
S214011E8084F82A30FF23C4E90C66C4E90E66C4E967
S214011E901C98C4E92098268584F846302665204695
S214011EA02BF0E4FF0137C9E707F084F8AC60A3E73D
S214011EB004280020E429002055555500D6BE898EF9
S214011EC0034B1B68C01A034B00115843C0B270473E
S214011ED004280020398EE33870B50D4CB0F85460F4
S214011EE0237DE168054606F5FA7606FB1311A06820
S214011EF000F04CFB217D6B686A7E06FB01310020F9
S214011F002FF058F8A068BDE8704006F07DB900BF14
S214011F100428002038B5114B04461868637EC27A3F
S214011F200D46A1B1817813448B4214DC6376216B94
S214011F3020462CF05BFA20B194F88E0000212CF09C
S214011F40ADFD29462046BDE838402BF0CDBFC1780F
S214011F509B1A8B42EADA6176E9E700BFE4290020A2
S214011F6070B50D4D002490262B79A34200DC70BD80
S214011F702B6806FB043393F84620FF2A03D0986E9D
S214011F8018B12BF048FF0134EEE7586E0028FAD05E
S214011F902BF042FFF7E700BF042800202DE9F84F99
S214011FA016469B4688460446FFF7BCFBDFF864A14D
S214011FB098F80070054630462FF028FBBAF91060F5
S214011FC0801B20EAE0760021384600F0BFFA7B0746
S214011FD048BF07303318FF2BC4BF47F01007C0F1C6
S214011FE0FC0617F010090CD02EF0A2FF2521B0FB3D
S214011FF0F1F303FB1101C9B2002000F0F1FD84F8F2
S2140120008E00BBF1000F01D094F844B000235A466D
S214012010394628462CF02EFB214628462CF08DFC0E
S214012020214628462CF055FB2046FFF749FF2BF0AA
S214012030E4FE014628462CF075FB214628462CF086
S214012040B6FBB9F1000F56D094F88F2094F88E1095
S21401205002F00F02284600F04FFA214628462CF0DF
S214012060B6FBB0B1636895F806C0DAF80C10EA79E9
S214012070A06E19440CF10C032B44A2EB0C0253FA8C
S21401208082F200283ED02BF0C1FEC1B228462FF0C6
S214012090EDF8B9F1000F39D0B4F9881028462CF0C4
S2140120A099FB2046FFF70CFF2BF0A7FE01462846BA
S2140120B02CF064FB214628462CF089FB20B1A06E4B
S2140120C010B129462BF0A4FE314628462CF096FB8B
S2140120D0B9F1000F0AD094F88F00FF2100F00F002D
S2140120E02CF0C8FB0146284600F050FA88F800702C
S2140120F03046BDE8F88F94F87F2094F87E1002F001
S2140121000F02A7E7606E2BF088FEBEE7B4F97810E1
S214012110C4E700BF042800202DE9F7431D4690F8C8
S2140121208F308DF80710044603F00F030021164682
S21401213090F88E20B0F95E002CF0B1FC03F094FD0F
S214012140B4F98820824204F1800704D0A4F88800FC
S21401215006F034F97881384605F068FF002211460A
S21401216010462BF038FE9DF807305B0709D5204650
S214012170FFF7A6FE2BF041FE0021024604202BF0BD
S2140121802AFEFFF7CFFA9DF80730DFF8709023F0AC
S21401219010038DF8073080469DF8283032460DF141
S2140121A007012046FFF7FAFE0746A9F812009DB17F
S2140121B00F4BE3610220D9F80C306168627E194446
S2140121C02EF0F8FEB9F910203B463146404606F09F
S2140121D047F803B0BDE8F0839DF80730054A13F0D1
S2140121E0100F054B08BF1346E3612846E3E700BF1F
S2140121F0CBE50300ABE503005D23010004280020C6
S21401220073B5044690F85650406E05F0EF0548BB8E
S214012210A06E002830D1204645F00806FFF750FE94
S2140122202BF0EBFD48B1C3799B0606D5636E23B947
S2140122308388013345F00C068380124B00221A82F4
S214012240236A226B13F0020F18BF0022012113F03C
S2140122500303009118BF0B4620463146FFF75CFF8B
S21401226002B070BD2BF0DBFD0028D1D0236A9A079F
S214012270D1D145F02005CEE72BF0C5FD0028F5D1DC
S214012280C9E700BF04280020436923F0100310B5F6
S2140122904361B0F8603004462BB9836813F4601FBD
S2140122A008BFA0F860300D4BE361204600F01EFA2F
S2140122B020B12046BDE81040FFF70EBE216B204638
S2140122C02CF094F820B12046BDE81040FFF798BFE7
S2140122D020460121BDE81040FFF71CBEBDE5030006
S2140122E037B504462CF036F828B1216B20462CF081
S2140122F09FF884F85600174D94F82A00FFF786FADF
S214012300B4F854306A7D03F5FA739209534303F522
S21401231096732046EB6000F0E9F90F4BE3616369C1
S21401232094F8561043F00103636120462CF096F8AA
S2140123300DF107018DF80700012300222046FFF763
S2140123402DFEAB6800221A602046FFF7C5FD03B0DC
S21401235030BD00BF04280020BDE50300032837B5C3
S2140123600C4622D1134D91F88F002B8A6A8AFF21E1
S214012370134400F00F002B822CF07CFAEB6894F8E3
S21401238056101844E860B4F84430D4E90C2013F031
S214012390020F4FF0000318BF0246009301F04801F8
S2140123A02046FFF7B9FE03B030BD03B0BDE83040AC
S2140123B02CF0D8B804280020F0B585B04FF0FF31D6
S2140123C00446002603A8039605F096FC039949B136
S2140123D0204600F099FA032806D0052856D003A80F
S2140123E02EF06CFF01204AE0FFF79CF90923626B8F
S2140123F08DF80B30054601230DF10B012046FFF742
S214012400CDFD0746A87905443046AB7B66F38713B6
S214012410AB73354D617E05F08FFF616BA8686F82E7
S2140124203B4632462E8205F01BFF9DF80B302F4AA5
S214012430039813F0100F2E4B08BF1346E36105F007
S21401244013FD039A93790C33D018D7580189C079B4
S21401245003F0C4FB6368C3F196033B441844E86089
S214012460206A10F480550CD0039904F150002FF027
S214012470D8F820464FF000712BF014FD304605B019
S214012480F0BD03A82EF01AFF2846F8E7039D617EEB
S214012490AB79154F0C3330461D4405F04DFF226ACB
S2140124A0144BB868E361C2F34023A97A0193837998
S2140124B00344C2F3C0221B7BC3F38013C1F3801114
S2140124C0009305F10C032CF089FAB868066005F054
S2140124D09BFE039805F0C8FC03992046FFF794FB82
S2140124E080F00100C0B2CAE704280020ABE5030073
S2140124F05D230100D7E3030030B50D4685B01021FA
S21401250004462CF0AAF8E0B10F4B18681B798DF839
S2140125100C300023ADF8043065F305038DF8043064
S21401252053180DEB0302029012F8082C4FF000032B
S21401253062F3471301A9032220468DF806302EF0D8
S214012540A0FE05B030BD00BF400905000E4A82B0AE
S21401255003461068009090889279ADF804008DF8D3
S21401256006202BB900290CBF0120022002B07047BB
S2140125706A460220D90744BF117840185B0802F169
S2140125800102F7D1F2E700BF3809050038B58379B3
S2140125900C33C518C35C03F00F03072B0C4625D17B
S2140125A0AB789A0622D0E878C3061FD5012100F041
S2140125B00F00FFF7CBFF02350D4B9C422B5C95BFFE
S2140125C01E214FF49671B4FBF1F4B4FBF1F494BF01
S2140125D00021012161F3C7132B542A1893785470F4
S2140125E023F01F03C4F304241C43947038BD00BFBA
S2140125F0C3BF0300054B1B681B6A13F0100003D012
S21401260013F0030018BF0120704700BF1C280020EC
S2140126102DE9F341344B9C68A5790C356719635D48
S21401262003F04F036355B0F844300622103B0646CC
S21401263088467A700D2B32D8DFE803F052314E0708
S214012640310C313131313131310C635D6FF30303BC
S214012650635524E0625D006A012363F30302625559
S21401266010F4006F4FF00C027A7006F1570107F173
S21401267008020CD001924FF0FF320092C0F3802086
S2140126801A462BF0E2FB635D43F08003E0E7D6F8E1
S2140126905730BB608B889380336A5B05F3D4635DE8
S2140126A0B6F8442062F345136355B91C30462CF046
S2140126B01DF9635D60F386136355A3797978B8F1E4
S2140126C0000F03F102030B44A8BF4144E371A8BF06
S2140126D0797002B0BDE8F081635D62F30303B7E78A
S2140126E0635D0222F9E700BF0428002038B52949B6
S2140126F00B7D4A7D0133DBB2B3EB921F04460B75AB
S21401270003D303230B75002038BD016AC90235D5F2
S21401271090F87E200323243A92FBF3F303EB430362
S214012720D21A2532D2B2B4F8441094F87F30B4F9F4
S2140127305E0084F87E2011F0100103F00F0323D110
S2140127402CF0ADF903F090FAB4F97820824204F146
S214012750700504D0A4F8780005F030FE688128469C
S21401276005F064FC0022114610462BF034FB94F869
S2140127707E0000212CF092F90120C5E75B001A418A
S21401278002F003022532CEE702461946002005F084
S2140127901FFFD7E7042800201F4B2DE9F041044610
S2140127A01860006B0E462EF031FF01462046FFF7FB
S2140127B02FFF1A4B226B9B6820461A60FFF796FF85
S2140127C0FFF718FF164B051E164808BF184605F0FA
S2140127D0EFFD6369676803F010082EF0E5FB627E83
S2140127E0B8F1000F03D13F1AB7F59B7F0BD5002D2B
S2140127F0114614BF0220002005F07AFD3046BDE8E0
S214012800F04105F001BD002D616814BF02200020D3
S2140128102EF0D0FBF2E700BF1C2800200428002081
S214012820B9280100ED2A010070B50446FFF7E2FE63
S214012830114B124E051E124808BF184605F0B8FD8A
S2140128402046FFF753FF044668B13368002D597ED2
S21401285014BF0220002005F04BFD0A4BBDE8704076
S214012860986805F0D1BC05F0A3FD30682146BDE8A7
S2140128707040FFF72DB800BFB92801001C280020C2
S214012880ED2A010004280020052808B50BD00628EB
S2140128900FD1002005F08CFD064B01211868BDE81C
S2140128A00840FFF715B8034B1868BDE80840FFF766
S2140128B0BBBF08BD1C280020032803D1024B1868A3
S2140128C0FFF7B2BFFFF7E0BF1C280020032810B5B2
S2140128D011D10B4B1C68206B2EF098FE014620464A
S2140128E0FFF796FE074B226B9B6820461A60BDE8F1
S2140128F01040FFF799BFBDE81040FFF7C5BF00BF06
S2140129001C280020042800202DE9F7438C790C347C
S2140129100C4406462379DA0704D44FF0FF3003B09F
S214012920BDE8F083E77A252FF7D8394B9A68937973
S2140129300C33D118D35CA27AC3F38013B3EBD21F46
S214012940EBD1056AEB064CBF02310431062204F1D5
S214012950120038F0ADFD0028DFD194F80A902BF074
S21401296078FA05F4C04580F001002A1EC9F38019E3
S21401297004F10C08C3B2414618BF0122484630F0A4
S214012980F3F9014678B14FF4C045A37A03F00F037B
S214012990032B11D1A804C0D5326A9107BDD50C2FDF
S2140129A0BBD11846BBE72BF05CFA0028B5D1002D49
S2140129B0E9D085F4C045E8E7052BAED16A04ACD56D
S2140129C0306AC307A9D500F01403142B07D004F10D
S2140129D018002BF0CFFF00289FD005209FE706F1B7
S2140129E05701C0F3802001912BF028FA0028EED180
S2140129F0A27A336AC2F38012C3F380239A428CD13F
S214012A0001990622404638F053FD0028DFD084E7BE
S214012A10042800202DE9F3474FF0FF310546002436
S214012A2001A8019405F068F9019949B12846FFF714
S214012A306BFF032806D0052847D001A82EF03EFCE0
S214012A4001203BE0264E33681B6ADB0439D5019929
S214012A5028462BF0B4FC3368DFF88C80597E0020C2
S214012A6005F06AFCD6F800A0D8F80870DAF8340049
S214012A702EF0CCFDBC790C3407EB04093B5D03F06A
S214012A80400343F0040305463B5509F10201504655
S214012A902BF02CFF3B5D60F386133B553368D8F86B
S214012AA008005B6B002DA4BF063589F80150036052
S214012AB005F0AAFB0B4805F07BFC002002B0BDE840
S214012AC0F08701A82EF0FAFBC5E7019805F0CCF9CE
S214012AD0019928462BF01EFC0028B1D02046EAE7D3
S214012AE01C280020CD280100042800200E4A0328B7
S214012AF010B5146805D0042809D0BDE81040FFF7CA
S214012B00C3BE617E0120BDE8104005F067BB2046CC
S214012B10FFF780FF30B105F0D9F92046BDE8104037
S214012B20FFF782BE10BD00BF1C280020044BD3F85F
S214012B30012002605B7903F01F030371704700BF39
S214012B402A3A0020F0B5254B002918BF0B4611681C
S214012B50C3F801101179597100218BB01970012544
S214012B60C1F3C404CFB2165D01F0070405FA04F4FC
S214012B70264207D01C7804F128066E44013406F874
S214012B80287C1C7001312529EAD11C7830B12246F7
S214012B906946981D38F09CFC0BB0F0BD002CFBD0AC
S214012BA006330126C0F3C405C1B2575D00F0070520
S214012BB006FA05F52F4201BFB1FBF4F504FB15112A
S214012BC00AAD55FA81F100F1010008BF11F8281C81
S214012BD01970252803F10103E4D1DDE72A3A002024
S214012BE0034B002818BF034619448879704700BF75
S214012BF02A3A002082EA12421FFA82FC8CEA01017C
S214012C0091FAA1F109BA8BB203EB031363449BB2A9
S214012C1093FAA3F31BBA9BB203EB031363449BB271
S214012C2093FAA3F31BBA9BB203EB031363448CEA38
S214012C300303144A9BB2A2FB0312991A02EB510238
S214012C40520902EBC20C00B502EB8C020E499A1A2D
S214012C50002818BF0146C2F3C400084402F0070E5C
S214012C6090F801C0D0B2012202FA0EF21CEA020F5D
S214012C7001BF91F800C003FB0CF301EB1341887907
S214012C805DF804FB4D91CFBA2A3A002030B5184BB7
S214012C90826A1B6812065D7901D4457630BD1C79BF
S214012CA0018FB0F8A020436B0903B1FBF3F1631B5E
S214012CB0B1FBF3F102B1013AD0F8A43003B15210DE
S214012CC01302B3FBF1F35B190CD090F8992012F0C4
S214012CD0F00F07D01209B3EB820F4FEA8201ACBFA7
S214012CE05B1A0023A342A8BF23464376D6E700BF5C
S214012CF0E429002070B50446343015460E462DF002
S214012D0063F9636840F2712202FB0633A3EB1021DC
S214012D10A36A61601B0743BF064901FB0500656F97
S214012D2055434BBF05EB400001EB55016067616001
S214012D3070BD00BF80380100084B9A7E82420AD9D6
S214012D401B684FF4A87202FB0030836A13F0100F61
S214012D5008BF002070470020704700BF20280020D1
S214012D6008490A68821A08481311002A03FB00F072
S214012D7005DB8B7E8342D8BF4FF0FF3070474FF0A4
S214012D80FF307047202800203DCFF33C37B504467E
S214012D90019127F064FC0199054604F130002BF0FF
S214012DA0A7FE2046FFF7DCFF0121814006482BF0F5
S214012DB09FFE4FF48070FEF7BFFB284603B0BDE8C8
S214012DC0304027F052BC00BF44280020F8B55A4EC8
S214012DD0338D04460F4623B9836813F4601F08BF7A
S214012DE03385F32F27D0258F618F636BB4F8A0202E
S214012DF02D01B5FBF3F5ABB25B1A9A4214DC73698D
S214012E0094F83A019B074CBF002102212BF046FEA5
S214012E10726940F2022393430DD1A4F8A0502046D4
S214012E202BF0ECFE012515E0737F002BF0D094F813
S214012E303A010321EAE720462BF0DFFEB4F8A05062
S214012E40002DEFD1A36A13F0800F14BF08233E2391
S214012E5084F873302046FFF719FFF32F04D0A36AD6
S214012E60190701D5628F0AB901231CE013F4C05F6C
S214012E70FAD1736913F00C0FF6D140F2022232EA4E
S214012E800303F1D1D4F8A830002BEDD1A18F2DF09A
S214012E9049FA031E42DD628F013293423EDC012B6A
S214012EA0E2D0013B9BB2A4F88030236B5A0409D5CB
S214012EB04FF4804104F130002BF022FE0021204621
S214012EC0FFF764FFB4F88020A38F94F86C101344C6
S214012ED0A387B4F8A0309B1AA4F8A03094F86B30FE
S214012EE002FB01332522B3FBF2F102FB113384F816
S214012EF06B303DB120462AF072FFA18F20462DF09F
S214012F0094F80546A36A1B0702D40C4B1B68984726
S214012F103DB12046BDE8F8402BF0CDBE638F0133AE
S214012F20C0E720460221FFF731FF20460121BDE818
S214012F30F84004F03FBC00BF20280020582800209D
S214012F40074B002210B55A77202204465A612BF00F
S214012F50FBFD84F83A0120462BF017FF10BD00BF99
S214012F6020280020012810B50C462AD0022830D08F
S214012F7000283DD191F8993060F3071381F8993014
S214012F800846FFF7DDFFA36A1B07204616D501F0AA
S214012F90EDF8042001F018FF50B3164A937F3BB3B7
S214012FA0D37F0133DBB2D37792F821209A421FD127
S214012FB0BDE810404FF08060FEF7BEBA01F0AAFAF5
S214012FC0E7E704F00DFD844212D1BDE8104001F0A0
S214012FD0C1B891F89930C3F30312013262F30713B3
S214012FE081F899302046F321BDE81040FFF7EEBE88
S214012FF010BD00BF2028002010B501F047FF134B7D
S214013000FB221A7710F0020F1A7E0CBF0121032152
S21401301061F303021A76420742BF1A7E42F00402A7
S2140130201A761A7EC2F3030161F307121A764FF479
S21401303041710022DA76DA8319845A621A611A8596
S214013040034BBDE810401B68184700BF202800202E
S214013050502800202DE9F843464C0546A06818B1D3
S21401306005F0A8FF0023A360022005F087FEEFB25B
S21401307000202AF0C4FE38462BF081FD06460028C3
S21401308066D138462BF086FD002861D1002D59D037
S21401309005EB4501C1EBC101090189B233460122A5
S2140130A0022005F01DFE00284AD102204FF4A8791F
S2140130B0A77605F093FE09FB05F8424631462060E7
S2140130C038F02EFA2368324603EB0901681E824265
S2140130D02EDB002DA8F5A872D8BF0022002199503A
S2140130E0636028462AF08BFE90BB38462BF03FFDE6
S2140130F0074668BB002D16DD02202EF012F90223CA
S214013100A060C3718379C3F102020C33D2B239468F
S214013110184438F005FAA3689A79134401211A7BFA
S21401312061F301021A73FFF767FF3046BDE8F883C3
S21401313009FB02FC013243F80C1001F5A871C6E741
S21401314041F207000023C4E90033A3760028C8D063
S21401315000202BF014FD00202BF01CFD0020C4E9FC
S2140131600000A0762AF04BFE022005F007FE072697
S214013170DBE700BF20280020014B987E704700BF88
S21401318020280020014BD87E704700BF2028002051
S21401319070B5264D27F063FA6C6824B123686B601E
S2140131A0EB7E0133EB7627F060FA002C3BD04FF430
S2140131B0A8720021204638F0B3F94FF4A473A4F89E
S2140131C08A3003F1A473C4F88C3003F1CE5303F5AF
S2140131D09813C4F8903041F61B33A4F894300126B6
S2140131E01B2384F89630402104F1280066612BF0F9
S2140131F07FFC2B8BA4F8483194F83B3166F303032C
S21401320084F83B310A4BE3672B7F84F8463144F25E
S2140132109023A4F84431072384F88930002104F16F
S21401322008002CF025FA204670BD00BF202800209B
S2140132300000FFFF38B54021044628302BF060FC23
S21401324020462DF0D0F804F1A8002EF037F804F14E
S214013250AC002EF033F804F1080001F0E5F904F1B2
S214013260A4002EF02BF8114B20461B68984727F038
S214013270F6F90F4B5A682260DA7E5C60013ADA761C
S21401328027F0F3F90023C4E90A332046FFF768FD67
S214013290C4B220462AF0ABFD054620462AF0A9FD19
S2140132A0014628462AF0A2FD38BD00BF4C28002062
S2140132B0202800202DE9F04106464FF480400F46B5
S2140132C001F082FD044630B90E4B1D6893F81A8052
S2140132D06D35A04502D80020BDE8F08155F8453C83
S2140132E0DA0609D5C3F38003BB4205D10622294677
S2140132F0304638F0DDF818B1013405F5A875E8E771
S2140133000B20E9E72028002008B5B0F898305A1CB1
S21401331062F30B03A0F89830042001F055FD70B15C
S214013320074A937F0133DBB2937792F820209A42C3
S21401333005D1BDE808404FF08060FEF7FDB808BD36
S2140133402028002013B58B7901910C3319440446CB
S214013350CB7A23B901A82DF0B1FF02B010BD8B7A4C
S21401336003F00303032B09D101212C302BF0C0FB02
S2140133704FF4006104F128002BF0BAFB01990448D0
S2140133808C602EF04EF94FF00050FEF7D5F8E4E7CA
S2140133902C280020014B1877704700BF20280020FA
S2140133A0014B187F704700BF202800202DE9F74FFA
S2140133B01D4616469DF8383080F89F302A469DF8FF
S2140133C03C7052F8103BC0F82C3104468A4600F196
S2140133D04001381E18BF0120DDF830909DF840806E
S2140133E09DF834B0FFF7AEFB20462CF045FE204694
S2140133F02BF0D2FB2BF058FB4146024620462BF021
S214013400C5FBC8230DF106012046ADF806302BF0AA
S214013410B0FB47F6FF73A4F83431AB88A4F830311B
S214013420AB7984F83231D9F80030C4F86D30B9F888
S2140134300430A4F8713004F12809BBF1000F03D061
S214013440042148462BF054FB27B14FF4005148465F
S2140134502BF04EFB4FF4607001F0B6FC10F08007C5
S21401346018BF4027C30548BF47F08007810548BFFE
S21401347047F4807727F0F3F84FF482618346484695
S2140134802BF036FB394604F12C002BF031FB584665
S21401349027F0EBF8AAF10203012B00F28F804FF41C
S2140134A0002148462BF024FB01212046FFF76EFC45
S2140134B0042120462CF0E7FD6B7DC3F3040384F85A
S2140134C06C306A8952006263697B2A7B42EA012278
S2140134D06287E97BAA7B42EA012222876A7D84F819
S2140134E06B30C2F3421284F83E2000220523A287E5
S2140134F00122A4F8A030A4F880209DF944102046AB
S2140135002BF04FFB01F0BCFC20F40060C4E908017D
S2140135102046FFF7BBFB4248078D2AF002032FB96E
S214013520002B40F2C71718BF4FF4D777298940F20E
S214013530712A49000AFB01623A4E6260E661002B7D
S21401354043D10261EB795B000AFB03F302EB530202
S214013550B4F87C3062600AFB03F3B3F5487FB8BF6A
S2140135604FF44873B8F1010FE3600AD094F83B3189
S21401357068F3030384F83B3108F00F0120462BF073
S21401358078FC04F1080039462CF072F8012004F0AA
S214013590B9F828B963691A075CBF43F0040363618D
S2140135A06B8940F27121013B594320462BF0B1FA59
S2140135B0204604F0B1F803B0BDE8F08FBAF1010F70
S2140135C040F2014118BF01216FE704F1340B0231CB
S2140135D058462CF0F9FC636800F5A056A3EB1623B9
S2140135E0636040F6080148462BF082FAE8790E4BF4
S2140135F0616B400003FB00667600666758462CF058
S214013600E3FCB4F87C30A0670AFB03FA636F1B0A7D
S214013610BAF5487FACBF534403F54873A2E700BF31
S21401362020280020652F01008038010070B51D4656
S214013630C36A1B07044616460FD408212C302BF00C
S21401364057FA0649064A31402A40C4E9081220467C
S2140136504021BDE87040FFF799BB70BD2FCF87F7BB
S214013660EF1B000C2DE9F04F85B00446019108468A
S214013670002933D04B799A0720D42DF0C7FF78B9AB
S214013680019B5B79DB0705D54FF4803104F12800F7
S2140136902BF02EFA01A82DF011FE05B0BDE8F08F33
S2140136A0A36ADF030AD54FF4803104F128002BF01A
S2140136B027FA019A537943F0010353710199009156
S2140136C026F0CDFF00994B799E07054613D504F1E8
S2140136D0B0002DF0FAFF284626F0C7FFDFF89491D8
S2140136E026F0BDFF94F94A31022B074608DD38461D
S2140136F026F0BBFFD1E704F1AC002DF092FFEAE71C
S214013700A36A13F4807FD4F8B03017D0002BEED024
S2140137109A7913441B7B2A2BE9D829FA03F3D80795
S214013720E5D504F1B0002DF0E7FD0090384626F00F
S2140137309CFF009920462BF056FDD1E7D4F8AC202B
S21401374012B9002BD3D0ECE7002BEAD194F896807F
S214013750039304F1AC0BD4F8AC6096F807A0B379E8
S214013760AAEB030A5FFA8AFAC24526DC58462DF010
S21401377045FFA8EB0A0805466B796FF3C3036B7127
S214013780294603A82DF04DFFD4F8AC302BB15B7958
S214013790990702D1B8F1000FDDDC039B002BA6D000
S2140137A09B79022B40D800202DF0BBFD70BB0399FE
S2140137B004F1AC002DF089FF99E700202DF0B1FD52
S2140137C0054630B9039904F1AC002DF07EFF039550
S2140137D08DE78079B1790C300C314246314428446A
S2140137E037F076FEEB7953FA88F3EB71B379727999
S2140137F053FA88F3B3716B7962F300036B717379D3
S2140138006FF3000373714FF00008B5E7039B42792D
S214013810597961F3000242715A796FF30002014649
S2140138205A7103A82DF04CFFE36A9A0512D5039846
S214013830034600680028FBD1DB79C3F14503DBB200
S214013840032B07D82DF06DFD01460028AFD003A845
S2140138502DF0E7FED4F8AC3013B15B79DB0704D565
S214013860039A537943F008035371384626F0FDFE58
S21401387003995FE77C2C020070B5036BDA0786B00C
S214013880044634D5866A330724D516F4002F14BFB0
S214013890032501252046FFF763FA94F89F30059328
S2140138A00023049394F83E300393238F0293638F8F
S2140138B00193636BC3F34F030093C6F3800204F1D5
S2140138C06D03294680B22CF0D2F938B90025284676
S2140138D006B070BDB50C05F00205DBE7012104F169
S2140138E030002BF00DF94FF400512BF001F9236B4A
S2140138F0980410D52046FFF733FAA16AC0B2C1F387
S21401390040312BF056FF0028E0D04FF4005104F16F
S21401391030002BF0F5F8236BD90409D50021204699
S214013920FFF7A0FE4FF4805104F130002BF0E8F8C9
S214013930236B5A0511D52046FFF712FA0023C2B2AF
S214013940194694F89F002CF0A7F80028BED04FF433
S214013950806104F130002BF0D3F8236B5B0711D59F
S2140139602046FFF7FDF9616B238F628FC1F34F018C
S21401397080B22CF05CF90028A8D0042104F13000B4
S2140139802BF0BEF8236B1E0709D520462CF01AFF34
S21401399000289BD0082104F130002BF0B1F8236BEE
S2140139A0DD0618D52046FFF7DBF9E16A11F48051F0
S2140139B080B200F0E38000212CF0D0F9002885D0F9
S2140139C04FF4805104F12C002BF09AF8102104F1E9
S2140139D030002BF095F8236B580615D52046FFF7D7
S2140139E0BFF994F87330009380B2D4E908232CF021
S2140139F095F900283FF46AAF002384F8733040211C
S214013A0004F130002BF07CF8236B190516D52046FF
S214013A10FFF7A6F900230093B4F89A20B4F89C3077
S214013A2094F89E1080B22BF077FE00283FF44EAF3C
S214013A304FF4006104F130002BF062F8236B13F4AD
S214013A40804532D19A0516D52046FFF789F994F8B4
S214013A503B1194F8732001F00F0180B201F07AF85F
S214013A6000283FF433AF84F873504FF4007104F12B
S214013A7030002BF045F8236B1B0616D52046FFF7C2
S214013A806FF9B4F890300093B4F88E2094F895301E
S214013A9094F8941080B22CF093F900283FF416AFF6
S214013AA0802104F130002BF02BF8236B9E0612D5F3
S214013AB02046FFF755F994F8731080B22CF065F99B
S214013AC000283FF403AF002384F87330202104F16B
S214013AD030002BF015F8236BDD0508D504F1300016
S214013AE04FF480712BF00CF820462CF097FC236BDA
S214013AF0180408D504F130004FF400412BF000F80B
S214013B0020462BF0B2F9236BD90308D504F1300017
S214013B104FF480312AF0F4FF20462BF032F8236B65
S214013B209A0308D504F130004FF400312AF0E8FF7B
S214013B3020462BF034F8236B9B0722D50022114632
S214013B4020462BF02AF820462BF029F82046FFF7CE
S214013B5007F994F8731080B22CF0CDF905460028C9
S214013B603FF4B4AE022104F130002AF0C9FF20462A
S214013B70FFF760FB044B1B689847A8E62CF005F995
S214013B801CE70125A3E600BF50280020134AF8B51C
S214013B90002302F1240151E8004F41E80035002DD1
S214013BA0F7D1012734B9BDB10D4829462AF0A0FF47
S214013BB02046F8BD94FAA4F0B0FA80F007FA00F6B1
S214013BC024EA0604FFF7B8F80028EBD0FFF754FE06
S214013BD00028E7D13543E5E70120EAE72028002061
S214013BE0442800202DE9F74F04460190002860D0B4
S214013BF0C579314F0C35054426F031FD4FF00008EC
S214013C00814646464046BA7E5FFA88FA524519D939
S214013C104FF4A8733A6803FB0AFB5A44916ACB0631
S214013C2044D5B2F89820C2F30B02002A3ED0E279BE
S214013C30C2F14502D2B2032A15D802202DF071FB3B
S214013C40044640B900234846FB8326F00EFD304665
S214013C5003B0BDE8F08F014601A82DF0E2FCE5793E
S214013C600C35254400200422012312FB00330021D9
S214013C7005F820A0E9543B685B4402FB005CB3F8FE
S214013C8098308CF80230032312FB00320136A95417
S214013C903B685B440130B3F8982061F30B02A3F84C
S214013CA09820E3790433E371C0B2F6B208F1010853
S214013CB0A9E70646CBE700BF20280020F7B56846EF
S214013CC0FEF734FF134E00254FF4A877B37EAB42C0
S214013CD001DC03B0F0BD346807FB0544A36A03F0BA
S214013CE01803102B13D10522694604F1410037F061
S214013CF0DFFB60B1012120462CF0B1FB38B9012071
S214013D002DF00FFB014610B1204601F06FFC013586
S214013D10DCE700BF202800202DE9F74F26F09FFCA6
S214013D20424BDA6800920022DA6026F09EFC009B85
S214013D3013B903B0BDE8F08F68462DF0DDFA82793D
S214013D408768019002F10C0404440A32A17A11F04A
S214013D50200F0CBF022103210A448271FA6A520520
S214013D6010D5E17AA27A42EA0122014638462BF0C2
S214013D702AFC38B901A82DF0A1FA3D2138462BF0CE
S214013D8013FBD4E7BA6A94F80AB0019912F40072E8
S214013D900BF0030013D00328ECD18A790A44127B76
S214013DA02A2AE7D8224B23FA02F2D307E2D54A7928
S214013DB042F002024A71384601F02AF9B7E70328B1
S214013DC0F5D0487962F341004871084694F80690A8
S214013DD094F905A02DF01AFC019DAC79063CE4B2DD
S214013DE00646AC713846FEF7BBFF0C3405EB0408FB
S214013DF00BF0030BC0F3032343EA0B13F6B288F868
S214013E00033088F80200A8F804602B4605F804A0E1
S214013E1088F801905A796FF341025A711B68002B9A
S214013E20F8D128462BF0DCFC81E700BF20280020D3
S214013E307C2C020030B58BB0D37B8DF80830937B99
S214013E40C47B8DF80930537B8DF818408DF80A3005
S214013E50847B137B8DF819408DF80B30447BD37A25
S214013E608DF81A408DF80C30047B937A8DF81B4040
S214013E708DF80D30C47A537A8DF81C408DF80E30CB
S214013E80847A137A8DF81D408DF80F30447A037AC0
S214013E908DF81E408DF81F30C3798DF820300D4601
S214013EA0837991798DF811108DF821305179437904
S214013EB08DF812108DF82230117903798DF81310D0
S214013EC08DF82330D178C378D4798DF814108DF815
S214013ED02430917883788DF810408DF81510547839
S214013EE0417812788DF8253003788DF816408DF8D4
S214013EF026108DF817208DF8273006AC009423463F
S214013F00802202A9012027F0A6FA0028F6D19DF802
S214013F1027009DF826109DF825209DF8243028704E
S214013F2069709DF823009DF82210AA70EB709DF829
S214013F3021209DF82030287169719DF81F009DF899
S214013F401E10AA71EB719DF81D209DF81C30287279
S214013F5069729DF81B009DF81A10AA72EB729DF803
S214013F6019209DF8183028736973AA73EB730BB088
S214013F7030BD00BFF8B5094F044600260CB9074806
S214013F80F8BDA179E5796D1AEDB20C312144B81965
S214013F902A4637F09DFA2E442468EFE76028002071
S214013FA0F8B5094F0446002604B9F8BDA079E579AD
S214013FB02D1AEDB20C30B91920442A4637F088FA8A
S214013FC02E442468F0E700BF6028002037B5044679
S214013FD00020019104F0ECF903F078FF0B4A0C4D38
S214013FE05369019913F0400F09D02B68986A0007AE
S214013FF005D51269143A5A604FF420525A67204682
S214014000FEF7E4FE00232B6003B030BD202800201D
S214014010702900200123074A03FA00F002F1140375
S21401402053E8003F034302F1140C4CE80031002929
S214014030F4D1704720280020F8B5234F7B6913F48C
S214014040C07F05460C4603D0990639D4012014E0FA
S21401405039B15A0705D4D5F8A83013B90820FFF7A7
S214014060D9FF7B699B0625D47B7FAE6A022B06F0BF
S214014070080604D916B114B90220F8BDE4B995F8BA
S214014080961095F83B01063100F00F0001F0A6FDF1
S21401409085B20EB904B16D0003F02AFBA8420DDB10
S2140140A07B6913F01C0F05D116B11CB90520E4E796
S2140140B0002CFBD10020E0E70320DEE70420DCE74C
S2140140C0002CF7D0C5E700BF2028002038B5124DD8
S2140140D06B69044643F400734FF4806128306B61CA
S2140140E02BF0BDFA012120462AF0A0FD0021204632
S2140140F0FFF7A2FF014620B12046BDE83840FFF792
S21401410065BF6869617E80F48070BDE83840C0F3A1
S214014110002004F063B800BF202800200C4B13B524
S2140141201860044600F5967003F080FF2046FEF7FF
S21401413017FEC4B2204629F05AFE0190204629F007
S21401414058FE01990246022029F045FE02B010BD34
S2140141507029002008B5002004F02AF903F0B6FE05
S214014160014B00221A6008BD7029002010B50446D4
S214014170FFF7D4FF064804F01BF96168626F637E9F
S21401418001EB1222BDE81040112003F0DBBF00BF97
S2140141905D44010037B53E4B1C6800230193A36ABA
S2140141A0580514D5D4F8A430019304F1A8002DF0D5
S2140141B0A3F8C4F8A40050B194F84A31013B84F83E
S2140141C04A314FF4806104F128002BF048FAD4F804
S2140141D0A4500DB92F4B9D6894F94A31022B0DDC82
S2140141E0D4F8AC3013B1A36AD90502D5D4F8B030EF
S2140141F023B14FF480512046FEF7C8FDD4F8A8102D
S214014200A36AAA79002902F10C024FEA830314BFBC
S2140142100121002103F00C0343EA0113A95C21F0FC
S2140142201C0143EA0103AB540DD11A4A02F11403EF
S21401423053E8003F23F0080302F1140040E8003180
S2140142400029F3D102E00320FFF7E4FE284603F03D
S214014250DBFF019B53B15B7903F00A03082B02D104
S2140142602046FFF751F801A82DF028F86B799A0738
S2140142700BD5A36A1B0408D50820FFF7CBFE4FF425
S214014280004104F128002BF0EAF903B030BD00BF6D
S21401429070290020202800202DE9F04387B0002354
S2140142A00646032105A8059303F026FD059D35B9AD
S2140142B0F4213046FFF78AFE07B0BDE8F083AB79FC
S2140142C0654F0C331D447B692C7914F001086FD1BE
S2140142D013F0100404D00720FFF79CFE002402E030
S2140142E00420FFF797FE01213046FFF7A5FE05469D
S2140142F050B97B69717E13F4807F0CBF02200020C9
S21401430004F01AF8FFF746FF059803F0ADFDDDF857
S21401431014807A6998F80630510603F10C0308EB0D
S214014320030915D458F803303B610620FFF772FEE7
S214014330B36A1A060CD406F1280252E8003F43F08D
S214014340800342E800310029F7D10120FFF762FE21
S214014350494630462AF070FC99F80430DB0772D5DE
S214014360002C72D03046FEF7FBFCC0B229F03FFDB0
S21401437003903046FEF7F4FCB38F009382B20399A4
S214014380CDF804800023022029F02DFD4FF0FF31E7
S21401439005A803F0B1FC05993046FEF7D3FF002DC2
S2140143A08AD029463046FFF711FE002C84D14EE014
S2140143B023F0100301207B61FFF72CFEAB7AD806B1
S2140143C030D50220FFF726FEB36AAA7A83F00203ED
S2140143D0C2F38002C3F340039A4230D106F12800AB
S2140143E04FF400612BF03BF950E8003F43F4806343
S2140143F040E80032002AF7D1B36A7A7783F00203E5
S214014400B362B36AAC7A03F00102C4F3C00191420D
S2140144107FF464AF83F0010314F00304B36218BFA2
S214014420012460E707F1140353E8003F23F0040377
S21401443007F1140141E80032002AF3D1C4E77B7F7B
S21401444001337B77DDE7002CA0D1002DA9D105A88B
S2140144502CF034FF30E700BF2028002008B5124AB0
S2140144600346042B10680BD002D8032B18D008BDC6
S214014470053B012BFBD8BDE80840F121FFF7A6BD9F
S214014480FFF70AFF094A02F1140353E8003F23F03D
S214014490200302F1140040E800310029F3D1E6E7D9
S2140144A0BDE80840FFF712BE702900202028002032
S2140144B0164B033810B51C68032818D8DFE800F03F
S2140144C00702181E2046BDE81040FFF7E5BE20464D
S2140144D0FFF7FCFD0E4A02F1140353E8003F23F0F8
S2140144E0200302F1140040E800310029F3D110BD89
S2140144F0F1212046BDE81040FFF768BD4FF480610A
S21401450004F128002BF0ABF8F221F2E77029002025
S2140145102028002010B50446FFF700FE054803F0EA
S21401452047FFFFF737FE627E61680220BDE8104054
S2140145302CF040BDB1440100104B1A7842F0F00255
S2140145401A701A7C42F0F0021A7493F8202042F096
S214014550F00283F8202093F8302042F0F00283F82E
S214014560302093F8402042F0F00283F8402093F880
S214014570502042F0F00283F8502070477429002042
S2140145800368054A23F07F6323F4002302EAC1414E
S2140145900B430360704700BF0000F80F70B54688F4
S2140145A01F4C06F00702072A0546164615D126F0C7
S2140145B056F800231A019EB2A25C12090F2A04EBD8
S2140145C0031125D00133062BF4D1164A1388013383
S2140145D0138026F04AF8192019E01201A35CC3F3F0
S2140145E00311013101F00F01042994BF61F3071390
S2140145F06FF30713A3542CF0D7FC04EB0614E0600A
S2140146002B6823F4E02343EA06462E60002070BDA3
S2140146102B684B8011230B7026F027F8EBE700BFC1
S214014620742900205E31002038B5448804F0070460
S214014630072C05460FD026F012F82401064A135D12
S21401464043F0F00313552B6843F4E0232B60BDE8D9
S214014650384026F00AB838BD742900202DE9F04705
S214014660448804F00705072D0746894637D01D4CB8
S2140146704FEA051804EB051A14F808602CF094FCB0
S2140146803609DAF80C3006EBC50604EB4606C01A06
S214014690708014F8083003F00F02042A9EBF01321E
S2140146A062F3030304F80830B9F1030F14D114F8C8
S2140146B0081004EB0514A01C01F00F012CF0CAFA37
S2140146C0044625F0CCFF3A68074B134023433B6072
S2140146D0BDE8F04725F0C9BF4FF6FF74F1E7BDE826
S2140146E0F08700BF742900200000FF7F064A926809
S2140146F0824208B507D0427922F0030242F0030253
S2140147004271FCF781FF08BDD429002010B5064C84
S21401471020462CF0D3FD201D2CF0D0FD04F108001E
S214014720BDE810402CF0CABDD429002010B50220E7
S2140147302CF0F7FD034C606002202CF0F2FDA06027
S21401474010BD00BFD429002008B5FFF7DFFF034BDB
S2140147500022DA60BDE80840FFF7E8BFD429002050
S214014760014B5868704700BFD4290020014B986858
S214014770704700BFD429002038B50C4CE3681BB144
S214014780E36898470023E36023686BB107482CF081
S214014790B3FD054640B123681BB14FF00040FCF75E
S2140147A0CBFE28462BF0C0FB38BD00BFD429002025
S2140147B010B5064CE0604FF00040FCF7BDFEE36824
S2140147C01BB1E36898470023E36010BDD42900209D
S2140147D038B58379034404465B7B13F0300F437985
S2140147E023F0030308BF43F00103437125F037FFAD
S2140147F02146054605482CF014FF4FF00040FCF713
S2140148009BFE2846BDE8384025F02FBFD42900205E
S214014810F7B5144F7C68A3790C331C4400F036FBC3
S2140148206679E6B116F0020519D136EA000316D10B
S214014830E378B4F80920B4F80710A0790196247932
S214014840009401F099FA002808BF0C25B8682A469A
S21401485042F2410103B0BDE8F0402AF055BF1125F0
S214014860F4E700BFD429002010B50D4C6268937997
S2140148700C331A441179D078B2F80730B2F8052013
S214014880003918BF0121003818BF012001F006FDCC
S21401489042F242010246A068BDE810402AF034BF49
S2140148A0D42900202DE9F041164E7468A3790C3303
S2140148B01C44B4F803801FFA88F0FEF73DFA074659
S2140148C0E8B1A27961792AF07AFA0546B06802233E
S2140148D02A4642F27A012AF0D5FE83790344A3F8E8
S2140148E01280FFF703FF45B9A37933B138462AF0A2
S2140148F034FC014638462AF04CF9BDE8F081022521
S214014900E4E700BFD429002010B5084C606883791D
S21401491018440F3000F08CF90023A0681A46BDE851
S21401492010404FF628412AF0ADBE00BFD429002022
S21401493020F00403202B0AD01D289FBF054B23FA25
S21401494000F0C04300F0010088BF0120704700203E
S214014950704700BF66002D202DE9F04F95B0FFF798
S214014960FFFE86790C3642F2360330F8068098450B
S214014970054600EB06040ED1FFF7F2FE02212CF0ED
S21401498075FCA3787F220233A370AA550023202248
S214014990627023776377E0780121FCF7C9FE002374
S2140149A00646002800F0CF80E288CDE91233ADF844
S2140149B04820B4F80920ADF84C20A288237A8DF857
S2140149C04A3012F01000E37A8DF84E304FF6FF733E
S2140149D018BF4FF4804312F0050F25D1DDE91212FE
S2140149E091421DD900251126FFF7C0FE012332464C
S2140149F04146ACB22AF046FE002DCCBF0534053C3C
S214014A0024B2002E40F0A2800A2394FBF3F4E4B211
S214014A10FFF7ACFEC3791844C47215B0BDE8F08F39
S214014A201F29DFD99A42DDD8E57D00285FD0012D08
S214014A307CD1E07829F0E8FD002872D1444A237F32
S214014A401278002A75D0042B70D8637F042B6DD89A
S214014A50A388DB0674D500200121C822084003F094
S214014A60B7FD054694F91600B4F804E0677EE188C0
S214014A70B4F8092094F80C9094F815A094F818B09E
S214014A8000EB8003B5EB430FC8BF1846637B0F935B
S214014A90A37B109304F10F031193637FC8BF4500F6
S214014AA0E07D0C93237F0B93E37E032808BF04204D
S214014AB0032F08BF0427003B18BF01230A93A37ED8
S214014AC0CDF80C90CDE90873119B02931FFA85FC73
S214014AD0109B0193CDE9060BCDE904AC0F9B009327
S214014AE030465FFA8EF329F05BFA06467CE705F05E
S214014AF0FD03012B7FF476AF677E7B1E022B3FF60C
S214014B0071AF00F0C3F9032D08BF04250540EDB2CF
S214014B10002D3FF467AF032F08BF0427384288D122
S214014B2060E7A088FFF704FF002887D1002512263A
S214014B305AE7002B7FF456AF637F002B88D051E7EE
S214014B4029F0B2FF88E7054607264DE700245FE710
S214014B50553A0020F8B5074601200D4616462CF0BA
S214014B60E0FB0446C0B106220C212AF09EFD691E18
S214014B70A379C9B2032998BF084A03F10C03234459
S214014B8098BF525C9F8088BF00222046DE70DA7193
S214014B909A71FFF7ABFD0120F8BD00BF450905007E
S214014BA0F8B5FFF7DDFD83791844B0F80F60B0B2B1
S214014BB0FEF7C2F80446C0B12AF0CFFA0138C0B2F7
S214014BC0032814D80B4B1C5C0027FFF7CFFD0546C6
S214014BD004233A4642F230012AF054FDA8790C30FB
S214014BE02844C68004724472F8BD0227EDE700240B
S214014BF02746EAE7450905000B4610B50649074C66
S214014C000622002818BF2146184636F051FCB0FA95
S214014C1080F0400910BD00BF573A00205D3A0020E1
S214014C20024B1A6802609B8883807047573A0020BF
S214014C3013B50D4C28B1036823608388A38002B0A6
S214014C4010BDF8F71BFBCDE900019DF80230A370FB
S214014C50BDF80530BDF80020A4F803309DF80730F4
S214014C6022806371EBE700BF573A002010B5044677
S214014C7025F0F5FC064B22681A60A2889A80054A40
S214014C80137843F00103137025F0EFFC012010BDEB
S214014C905D3A0020563A0020024B1878003818BFBB
S214014CA001207047563A0020024B1A6802609B8822
S214014CB0838070475D3A0020024B186908B1FCF703
S214014CC03BBC7047D813002010B53A4A002302F1C6
S214014CD0100151E8004F8C464CE800310029F6D10E
S214014CE00443A20201D502F081FD230101D503F0A0
S214014CF01BF9002C01DAFFF73FFD600001D501F03A
S214014D00D1F8A10001D5FFF707F8E20007D5FCF7B7
S214014D1001FE20B928484FF080512BF027F9630196
S214014D2007D52AF0E5FA20B923484FF080612BF029
S214014D301DF9A00105D529F0B0FEFEF7BFFF29F049
S214014D4068F8E10108D529F010FF072804D11A48B0
S214014D504FF080712BF00AF9620201D5FDF700F9D8
S214014D60230201D529F041F8E00207D52BF006F918
S214014D7020B911484FF480112BF0F8F8E10507D55A
S214014D80FEF704FF20B90C484FF480712BF0EEF8C3
S214014D90A20507D500F006F920B907484FF40071BF
S214014DA02BF0E4F8630503D52AF06AFC2AF069FCC7
S214014DB010BD00BFD8130020E813002001460148AB
S214014DC02BF0D4B8D8130020014B1B68184070474D
S214014DD0D8130020044B10B5D3E9064220431143F3
S214014DE0C3E9060110BD00BFD8130020F8B51F4E59
S214014DF03368002B05464FF0000402DAFFF7A4FCE7
S214014E0032E01B4F4CF20C000021FFF7E3FF3C6041
S214014E1025B16B683360AB6803B13B604FF000406F
S214014E20FFF7CCFF3B680BB9124B3B60124B1348A4
S214014E30B3600023337304F0DDF9FFF77DFB2846EA
S214014E40EBF7B6F9044678B92DB1B5F90E10B5F9F8
S214014E500C0000F0F1FE29F02BFE06F095F803F0A9
S214014E609FFC04460028C9D02046F8BDD813002070
S214014E70E429002031130020B94C0100DC13002086
S214014E80014BD3E906017047D8130020054B9B69F7
S214014E90DA054CBF032001201B0548BF40F0040083
S214014EA0704700BFD813002038B505460C4603F0FE
S214014EB057FA0B4AAB7A52F8200052F82330094AC7
S214014EC00344A3FB04010902074B41EA10610002F7
S214014ED0C01841F10001002323F044FD38BD00BF96
S214014EE0A809050040420F003F420F00024B1A6816
S214014EF002601860704700BFE8290020024B0022BC
S214014F001A6000F0F3B900BFE82900202DE9F04748
S214014F10064629F08EFE044608B901203AE0457897
S214014F204DB925F09CFB237863701D4B1B686360AD
S214014F30257025F09AFBDFF86880012794F8019028
S214014F40B9F1000F07D12378002BE6D04FF400709B
S214014F50FCF7F2FAE1E799FAA9F5B5FA85F507FA49
S214014F6005F55FFA85FA636833B929EA05056570C0
S214014F70D8F800306360E1E79B681BB963681B687B
S214014F806360F0E7514630469847012804D16368CC
S214014F901B686360BDE8F0870228EFD10020F9E7BF
S214014FA0E829002070B50E4E0025FEF7E5F8A84268
S214014FB001D8012012E03068FDF7BEFE50B9346812
S214014FC0FEF7DAF80134B4FBF0F303FB1044346067
S214014FD00135EAE7FFF79AFF0028F0D170BD00BF60
S214014FE0EC29002010B5837903440446187B2A284F
S214014FF008D8064B195C20462CF038F9A0790C30FD
S214015000204410BD2BF00FF80146F4E749090500CE
S2140150102DE9F34105460C46019129F0FDFD830675
S21401502005D501A82CF04AF902B0BDE8F081DDF8FB
S214015030048098F806700C3718F807002A280DD84F
S214015040174B1E5CFF2E0DD101982CF037F918F87E
S2140150500720019928462BF07EF8E5E72AF0E3FFC2
S2140150600646EFE701982CF0D1FA0138B042EBD1B1
S2140150700C4B1E684EB9A379234421461A7B284659
S21401508002B0BDE8F0412BF066B873680BB936681C
S214015090F0E72146284698470028F8D0C4E700BF25
S2140150A049090500E829002037B504460D462021A8
S2140150B029F0B4FD2946204629F0FAFD21460120B3
S2140150C02BF0F0F8214600202BF0ECF80120044AE2
S2140150D00090002321462BF076F803B030BD00BFC8
S2140150E02300040030B585B00C46039205462BF02C
S2140150F048FA80F001002946C0B229F084FD012C4F
S214015100039A06D02146284605B0BDE830402BF06C
S2140151103EBAC3689A7913441022DB8A0092294664
S214015120034A00202BF04FF8204605B030BD00BFE3
S2140151308F05040037B504462BF068FA0321204694
S21401514029F087FD00250346044A009521460120E3
S2140151502BF039F8284603B030BD00BF73040400B5
S2140151602DE9F347074602200E462CF0DAF80446EE
S214015170002849D0B3790C3333440021B3F80480B6
S214015180B3F806A0B3F808902AF095FF2046FFF77B
S21401519029FF02210546384629F05BFDA5F8048063
S2140151A06881A5F806A0A5F808902BF0C1FE08F1C5
S2140151B00108B0FBF8F303FB18080223A5F80280E8
S2140151C06B70A079B071E379F371A179E2790C3053
S2140151D0521A0C31D2B22144304436F079F93946AC
S2140151E0012029F010FD1022C6606B890092394615
S2140151F0064A01202AF0E7FF384621462AF059FFE1
S214015200002002B0BDE8F0870720FAE78F0504000A
S2140152102DE9F34104460D460146012029F0F3FC31
S2140152200121074628462AF046FF2846FFF7DAFE00
S214015230064600F101084046FDF778FCD6F8013035
S214015240C7F812307379BB750221204629F001FD9B
S21401525029460746F08020462AF02BFF202300939C
S214015260044A3B46214601202AF0ADFF002002B049
S214015270BDE8F0815B050400F7B504460D4601461E
S214015280012029F0C0FC50E8003F43F4806340E869
S2140152900037002FF7D120462BF073F9002814BFF2
S2140152A00E21082128462AF006FF2846FFF79AFE17
S2140152B00646FFF7E5FDC6F80510FFF7E1FD2946AE
S2140152C0C6F8010020462AF0F4FE0321204629F004
S2140152D0C0FC054A00970346214601202AF073FFC9
S2140152E0384603B0F0BD00BF7704040008B5054892
S2140152F0054A06492BF0AEF8BDE808400148FFF71D
S214015300F5BD00BFF02900204B06040071540100D2
S214015310F0B58B790C33CD18CB5C023B85B00446D7
S2140153200E460F2B00F29C80DFE803F0089A9A9A4B
S2140153309A729A829A9A23639A9A9A46697829F077
S214015340B7FC2021204629F069FC214601202AF0DD
S214015350A9FF214600202AF0A5FF01250023414A86
S2140153600095214618462AF02EFF304603F022FE0D
S2140153702FE0AB886A88697829F0BCFE204629F0C0
S21401538050FC830708D4314620462BF03FF9012113
S21401539020462AF078FE1CE02146012029F033FC45
S2140153A0314B82689A4203D1214601202AF04AFFF6
S2140153B0304603F0FFFDEAE76F78AA7803920846C5
S2140153C003F0F8FD162F039A06D1032120462BF091
S2140153D03EFB012005B0F0BD21460120039229F0D5
S2140153E012FC8368039A002BF3D0032120469847CA
S2140153F0EFE70146012029F006FC07466A7803928A
S214015400304603F0D7FDBB68002BE2D0039AECE7E9
S2140154100146012029F0F7FB07466A7803923046D9
S21401542003F0C8FDBB68002BD3D0039A0421DDE747
S2140154300146012029F0E7FB0C4B82689A4294D181
S214015440D5F80120D5F805302046FEF7EFF83046AE
S21401545003F0B0FD214601202AF0F4FE022197E771
S2140154600020B7E701060400730404007704040073
S2140154702DE9F3410C4606462BF083F8A3798046C6
S214015480002868D00C33E718E35C012B40D0082BCA
S21401549038D0002B52D1798930462AF082FE7B889B
S2140154A0B9887A788B4294BF05460025092986BFBC
S2140154B001F1FF339BB208239A4288BF00250846B4
S2140154C0002AFB883A8908BF00252AF082FD38B9F0
S2140154D0204603F06FFD4546284602B0BDE8F08140
S2140154E0002DF5D03146002029F08DFBC4607B8964
S2140154F01022013B00921C4A9BB2314600202AF042
S21401550062FEE9E7214630462AF0D9FF0125E3E7A6
S214015510F98830462AF045FE0546781C29F0D6FA69
S2140155200028D5D0002DD3D03146002029F06BFBC2
S2140155302023C4600093FB880C4ADEE721463046F0
S2140155402BF076FB0028E1D12146304602B0BDE8BB
S214015550F041FFF7DDBE23441B7B0E2BD2D0214644
S21401556030462BF054FBEDE7E5500100130504002F
S21401557038B504460D4629F054FB420709D528469E
S21401558003F018FD4FF400612046FDF7FFFB0020F5
S21401559038BD204629F045FB830703D5284603F08E
S2140155A009FDF4E729462046024ABDE838402AF0BC
S2140155B0E5BE00BF3551010013B50446019129F03F
S2140155C02BFB00F018001028019906D1064A204648
S2140155D002B0BDE810402AF0D1BE084603F0EAFC4E
S2140155E00C2002B010BD00BF61510100014A2AF033
S2140155F0C5BE00BF1152010070B504460D460146F6
S214015600012029F000FB0646204629F00AFB020786
S21401561008D5284603F0CEFC40212046FDF7B6FB10
S214015620002070BD33685B0503D5284603F0C2FC35
S214015630F6E729462046024ABDE870402AF09EBE9B
S2140156407952010073B504460E4629F0E5FA00F0DA
S214015650300010284FF0020031D12BF062FE0546D3
S21401566078B3437943F00203437102212AF023FD04
S2140156702846FFF7B7FC2946467020462AF019FD52
S2140156801621204629F014FB2021204629F0C6FACF
S214015690214601202AF006FE214600202AF002FEBD
S2140156A020462AF0A0FE0121204629F0D2FA034620
S2140156B001200090044A21462AF085FD002002B010
S2140156C070BD0720FBE700BFA30404002DE9F041ED
S2140156D088B00D4604462BF036F8AB79064600280E
S2140156E000F0A5800C33EA18EB5C033B082B00F2B4
S2140156F03B81DFE813F009003901390186003901E1
S214015700390139015F008000D2F80100D2F8051096
S214015710B2F8098003AB03C302F1130301210B3274
S214015720204629F097FE042128462AF0C4FC284684
S214015730FFF758FC0C21074605A803F045F805AB12
S21401574003CB3B46C7F80100C7F80510079A43F894
S214015750092F00217A1C204629F07CFE21460020D4
S21401576029F051FA03AA0346A0F81A8003CAC3F81F
S2140157701200C3F8161020460821FDF707FB4FF468
S2140157800071204629F04AFA204629F07FFE294674
S21401579020462AF08EFC0321204629F05AFA0346B9
S2140157A00020724A009021462AF00DFD304608B0CE
S2140157B0BDE8F0810B2128462AF07DFC2846FFF73C
S2140157C011FC294620462AF074FC24F048FF4FF4C9
S2140157D040710546204629F021FA4FF480512046B3
S2140157E029F021FA284624F040FF4FF48061204634
S2140157F029F01CFADAE7284603F0DCFB4FF40071C7
S214015800F5E7062128462AF056FC2846FFF7EAFB6C
S214015810204629F09AFC294620462AF04AFC2046D2
S21401582029F05AFE214600202AF00CFDBEE72B4443
S2140158301B7B043B072BB9D801A252F823F000BF0B
S2140158406158010089580100EB580100AD5701006D
S214015850AD570100AD570100AD57010001590100D8
S2140158604FF40071204629F0D9F9AA790C322A445E
S21401587002F1090320460132002129F0EBFD2846FA
S21401588003F098FB012691E74FF48060FFF79CFA3E
S214015890B0B14FF40061204629F0C0F90027204638
S2140158A0CDE90577FDF75CFA0646204629F0B2F900
S2140158B00095034605AA3946B0B22AF0C4FAE1E7D4
S2140158C02146012029F09FF900F11201204629F016
S2140158D018FE062128462AF0EEFB2846FFF782FB33
S2140158E0294620462AF0E5FBCCE7284603F062FB72
S2140158F0214601202AF0D6FC204629F0EDFDC1E71D
S21401590024F0ADFE4FF400710646204629F086F9D4
S2140159104FF48051204629F086F9304624F0A5FE42
S2140159204FF4C061204629F081F9294620462AF025
S214015930C0FB2146012029F066F9C268054682B1FE
S21401594093790C331A4402F1130301210B322046DA
S21401595029F080FD204629F099FDE96820462AF0C5
S214015960A8FB0023EB608DE700261FE75307040022
S21401597008B50749074800222AF06CFD0548FFF7DD
S214015980B5FABDE8084001200021FFF723BA00BFA1
S214015990CD560100FC29002038B58B790C460C3316
S2140159A01944E35C142B054603D0152B0FD00020B9
S2140159B038BD01312AF04BFF1521284622462AF030
S2140159C08EFF214628462AF074FB0120F0E70146A7
S2140159D0012029F018F90B4B82689A4203D0204621
S2140159E003F0E8FAF1E7A17921440D3128462AF0BF
S2140159F02EFF204603F0DEFA294601202AF022FC7B
S214015A00E3E700BF3509040037B504460A460D46EC
S214015A1014212AF064FF294620462AF04AFB032176
S214015A20204629F016F93022034600922146034A01
S214015A3001202AF0C8FB002003B030BD3509040060
S214015A4008B507490748084A2AF004FD0548FFF744
S214015A504DFABDE8084020200021FFF7BBB900BF82
S214015A6099590100082A00203909040037B5ADF814
S214015A7000208DF80230009B0193044601A82AF00D
S214015A80D0FE9DF806209DF802309A420D4605D1BB
S214015A90BDF80420BDF800309A4205D0284603F030
S214015AA089FA122003B030BD204629F0E0F99DF8AE
S214015AB00230827A9A4209D18288BDF800309A4231
S214015AC004D1284603F076FA0020EBE76946204623
S214015AD029F096FC024A294620462AF04FFCE1E7C7
S214015AE0095A01002DE9F04116461A43BDF81880FF
S214015AF007460C461D4605D120461146BDE8F04135
S214015B002AF06EBF414620462AF037FB78B121467F
S214015B10384629F078F840238674C57421460693E2
S214015B2038464346034ABDE8F0412AF04CBBBDE87F
S214015B30F08100BF990A0400F7B505460E460146F6
S214015B40012029F060F8036813F0F00F03D029460E
S214015B5001202AF0A7FB284629F0FCFAB3790C337A
S214015B6033445F789B781F400378C3F3030000EA51
S214015B70131038402AF00DFF044668B928462AF06B
S214015B8012FF38402AF005FF044628B9284629F0B6
S214015B90E4FA00F047F804462846002129F069F99E
S214015BA0172130462AF087FA3046FFF71BFA3146AE
S214015BB04470847028462AF07CFA0321284629F08E
S214015BC048F84022034600922946034A00202AF05C
S214015BD0FAFA03B0F0BD00BF4F0A040010B50C4638
S214015BE030B9054B58690279408804FB020010BDA4
S214015BF001F046FDF7E700BFF813002010B50C468C
S214015C0050B9074B58694188A1423BBF0079641AD5
S214015C100020B4FBF0F010BD01F032FDF3E700BF49
S214015C20F81300200138C0B203289ABF014B185C54
S214015C3000207047740905008BB20029054AB4BFDD
S214015C40053B05331BB20A21108093FBF1F39370D9
S214015C50704700BF60310020024B9B78C01A40B2EB
S214015C60704700BF60310020024B1B88C01A00B28B
S214015C70704700BF6031002010B5084C81B204F1B6
S214015C80080029F0F5FC012001F03CFD28B9636904
S214015C901A075CBF43F00403636110BD142A002099
S214015CA0012303FA00F0074AC04302F1240353E834
S214015CB0003F034002F1240C4CE800310029F4D1E6
S214015CC0704700BF142A00200123074A03FA00F098
S214015CD002F1240353E8003F034302F1240C4CE88D
S214015CE000310029F4D17047142A002038B51D4C24
S214015CF04FF01013E3624FF4E063238647F6FF7319
S214015D00A4F8603094F86730012262F3030384F844
S214015D106730154A154B0025C4E916326562FFF750
S214015D20B5F84FF48073A4F84830114BE361114B7A
S214015D3084F856001A68656113785278A4F8BC5046
S214015D4013445B10294604F108006376A4F8B450A6
S214015D5029F08EFC294604F19400BDE8384029F06C
S214015D6087BC00BF142A002055555500D6BE898E23
S214015D703D0D0400E42900202DE9F041224C9DF858
S214015D801C801F46636ADB070E46154626D4F8B10B
S214015D900120FFF799FF626A9DF8183084F8548055
S214015DA022F4C07242EAC312B8F1050F62621CD136
S214015DB001F07EFFA0B194F8673068F3030384F81E
S214015DC06730A685E58584F830700120BDE8F0814E
S214015DD00120FFF765FFDEE702220FE00020F5E76E
S214015DE06D00ADB2B54228BF354694F854309907D8
S214015DF0F2D413F0040F0CBF0122032294F867308B
S214015E0062F30303DBE700BF142A0020024B586A43
S214015E10C0F38000704700BF142A002010B51C4C48
S214015E20626A12F0010218BF94F85420FFF7EEFFE1
S214015E3010B194F855301A4302F00502052A13D121
S214015E4001F036FF80B994F8673003F00F02012A9B
S214015E5005D1032262F3030384F8673010BD0122E3
S214015E6062F3030384F8673094F8663094F83110CF
S214015E70253BDBB20133DBB2032B28BF002341FAFB
S214015E8003F2D207F6D5253384F86630E6E700BF7D
S214015E90142A0020024B586A00F00100704700BF28
S214015EA0142A002013B5114C24F0D9FB236A019360
S214015EB00023236224F0D9FB019B5BB9636A1B04B0
S214015EC006D529F050FC58B1636A23F40043636297
S214015ED002B010BD01A82BF00FFA29F0AFFCEBE7DA
S214015EE04FF08040FBF728FBF2E700BF142A0020A2
S214015EF038B50E4C054680B10320FFF7D1FE0023CE
S214015F0084F845300123A4F846300420FFF7C8FE84
S214015F10BDE838401020FFF7C3BE0520FFF7C0FEDE
S214015F200123A4F8B83084F8B650EEE7142A00200E
S214015F30274B70B55A6A0D4609B3160747D503F1C4
S214015F40450603F1460428B3D1061FD52388012B45
S214015F501CD95B0823800420FFF7A2FE1020FFF760
S214015F609FFE2AF0E5FF2388B0FBF3F202FB130045
S214015F70307055B30320BDE87040FFF791BE94061C
S214015F8025D503F1B60603F1B804DCE70420FFF7D4
S214015F909BFEE3E7D20314D5B3F84610B3F84820C6
S214015FA091420ED22288520092B22280B3F8483033
S214015FB09A4228BF1A4622801020FFF771FE04205D
S214015FC0CDE71020FFF780FEF9E70520D3E770BD87
S214015FD0142A002070B54B4A054651681068AC7902
S214015FE0127A8AB06B4603C30C3408201A702C440C
S214015FF0FEF7EAFE20B10122A11D28462BF041F949
S214016000A3798DF80F30A37A03F00F0303F128026A
S2140160106A44002112F8282CADF81020CDF8211082
S214016020ADF825108DF82010062B08D8DFE803F010
S2140160300450070760074C000D20FFF745FEA37AC2
S214016040C3F380138DF81230E368CDF81330238A3A
S214016050ADF8173000231A460DF113010DF11200A9
S21401606027F0E9FEE3798DF8193000238DF81A3010
S214016070ADF81E30AB79FF2212338DF81B207F223C
S2140160808DF81C201C216279AB7128468DF81D20E5
S2140160902BF0DAF9AB792B4403AC0C3309AE22466C
S2140160A003CAB24218605960144603F10803F6D1D8
S2140160B010681860294614482BF0B3FA4FF0804058
S2140160C0FBF73AFA0AB070BD0D20FFF7E9FDB6E717
S2140160D0D4F81230CDF82130E38AADF82530EB79CB
S2140160E0063BEB71A37AC3F3C0138DF82030A6E705
S2140160F0064B5B6A9B0444BF42F00102ADF81020D8
S2140161009DE700BF78090500342A0020142A0020E4
S21401611070B584790C3404442379DA0702D44FF03D
S214016120FF3070BDA37AE27A03F00F05082DF6D88A
S214016130062D02D8911F1F29F1D8012D1ED10C2A38
S214016140EDD1234E736A13F0060F01D1DB0506D499
S21401615027F07FFE28B927F073FE0028DFD02846F7
S214016160DFE7A37A96F83020B2EBD31F4FEAD310BD
S214016170D5D104F11201FEF73FFDEEE7042DEED175
S2140161801349144A486A0240002AC8D0C96B00293C
S214016190E5D08A790C3288188A5CC3F38013B3EB96
S2140161A0D21F13D104F10C010622083035F080F914
S2140161B0B0FA80F4640927F04CFE0028CFD1002CF9
S2140161C0CDD127F033FE0028C9DBA8E70024F2E78B
S2140161D0142A002008000400F0B5194C606B87B043
S2140161E008B3A76BD7B1BE790C36FCF7B9FD02230D
S2140161F0FF21BA5DCDE90431BD19D20995F82330E6
S2140162005B090393AB8B02936B8B01932B8B0093F0
S214016210002105F1080380B229F029FD606BFDF726
S21401622009F800236363A06B38B102F0C3FE0023B4
S214016230A363636A23F00403636207B0F0BD00BF83
S214016240142A002038B50D4D044600F041FFE86BD6
S21401625018B102F0AFFE0023EB6300F08BFA08489A
S214016260FEF7E2F9FFF7B8FF0448214601F0A2FA6B
S214016270BDE8384003482BF021B800BF142A00209F
S2140162801C2A0020342A0020034B586A10F005000F
S21401629001D1FFF7D7BF7047142A002073B53C4CD5
S2140162A01646626A02F0010370B95BB124F0D7F9B1
S2140162B0636A019023F001036362FFF7E5FF01982B
S2140162C024F0D3F900202AE0002BFBD1930704D554
S2140162D0E36BBBB10120FFF70BFE94F8303003F0FF
S2140162E0FD03012B16D024F0BAF90546CEB10E20D7
S2140162F0FFF7EAFC2AF058FE42F2107202FB060093
S214016300A06211E002202BF00CF8E0630028E1D136
S214016310072004E0FEF7C0FC0028E4D1122002B0FA
S21401632070BD0E20FFF7BCFC0020FFF7CDFC636AB2
S21401633013F0040329D1E364E38D40F27122023B9A
S2140163405343E26023612AF0F3FD0322B0FBF2F22D
S21401635002EB4202831A253384F86630FFF75EFDAE
S2140163602AF022FE60602065B4F8BC00002808BF51
S214016370F520FFF781FC074B05481A681378527819
S21401638013445B10637601F0C7F9284698E700BF0F
S214016390142A0020E4290020F8B53E4C054600F0FA
S2140163A097FEB4F8BC302BB9A36813F4601F08BF7E
S2140163B0A4F8BC303748012101F0FCF9364BE36103
S2140163C0636A580426D42AF0EFFD0DB9E368184431
S2140163D0E38DE66C1D1F40F271277D43AE4207FB3D
S2140163E003F32CD2216DB4F82CC0A1F5967207FBED
S2140163F00C222189E768121A394491421FDA9B1B45
S21401640060609342D4BF23612261BDE8F840214811
S21401641001F082B9A26A6168521A002AD3DA23F01F
S214016420010343F400436362FFF72EFF4FF0804001
S214016430FBF782F8FFF7EAFC0028C4D1F8BDA3F504
S214016440AF732361FFF7EAFCA38D226D40F2712141
S21401645001FB03220023E364104B6260AE42226517
S2140164601A680BD3616A137B4907617E4CBF927928
S21401647012780B4493420BDC6376C6E7636A117BA2
S2140164805B07637E4CBFD27952785B1A9342F3DA8C
S2140164906276BAE7142A00203D0D0400E4290020A4
S2140164A02DE9F04F284CD4E90D958BB0236CAE79CD
S2140164B007938B46002722218246C4E90D77FFF712
S2140164C08DFB079B0C3696331A18079205EB0608C8
S2140164D001F0FCFCAB5D08F10806C3F3C0133146BE
S2140164E00DF127008DF8273027F0BDFC636A079A67
S2140164F0C3F380230393FF2302939DF82730394685
S214016500CDE90063484608F10E03CDE904ABFCF77C
S2140165104DFF284602F04EFD636A23F02402DB0796
S214016520626205D40120FFF78DFE0BB0BDE8F08F47
S214016530064B1A681378527813445B100120637671
S214016540FFF72AFFF1E700BF142A0020E429002004
S21401655010B524F084F80446FFF758FC40B1074A0A
S214016560536A23F004035362FFF78EFEFFF734FEEF
S2140165702046BDE8104024F078B800BF142A002059
S214016580042808B508BF0320FF21FFF727FB42F2C6
S2140165900F7200F5AF70064B904298BF42F2107230
S2140165A0C3F898008CBFC3F89C00C3F89C2008BDB4
S2140165B0142A002010B5114C0023C4F8A83001237A
S2140165C0C4F8A030B4F8B430ABB1B4F8BC100C4881
S2140165D029F04EF8012001F095F838B9D4F8A0302A
S2140165E01A075CBF43F00403C4F8A030BDE81040AE
S2140165F00120FFF7C5BFF521E9E700BF142A0020F7
S214016600A82A00207FB5284C01F060FC04F158034D
S2140166100FCB6D4685E80F0094F876309DF80F2075
S21401662063F303028DF80F2003F00F0394F8AC20F8
S2140166308DF80E200021C82028F031FAFFF714FB50
S214016640BDF90820824205D0ADF8080001F0B6FE7B
S214016650ADF80A00284601F0E9FC27F0CCFB002241
S2140166600146042027F0B7FBD4F8B0502AF09CFC72
S214016670636AD4F8B06013F4003FA5EB000514BFBD
S214016680112010208C2D94F8A53006F5FA6105DC52
S2140166901A4601F0EFFC012004B070BD0A463146EF
S2140166A001F050FDF7E700BF142A002073B54379C7
S2140166B001906FF30003437101221C2101A82AF007
S2140166C003FF48B1144A536A43F40063536201A8B6
S2140166D02AF0F4FD02B070BD019A104C537943F0D4
S2140166E001035371937913440C3304F118062546BC
S2140166F003CDB542186059602C4603F10803F6D164
S21401670028681860114606482AF08BFF4FF0804033
S214016710FAF712FFDEE700BF142A00207C2A0020C9
S214016720342A002010B5124C636A1B051FD50120C0
S2140167302AF0F7FD28B9BDE810404FF08040FAF77F
S214016740FBBEB4F86C3023F0600343F04003A4F8BA
S2140167506C30FFF7ABFF04F1240353E8003F23F44A
S214016760006304F1240141E80032002AF3D110BD90
S214016770142A002010B50D4CD4F8A8308BB101F0C6
S2140167802FF904F18C03834201D101F09FFB0848E5
S214016790002101F00FF80748FDF746FF0023C4F873
S2140167A0A830BDE81040FFF7BDBF00BF142A002087
S2140167B0A02A0020A82A002010B5044601F010F9EE
S2140167C0844201D101F082FB084BB3F8B42032B900
S2140167D0D3F8942012F4601F08BFA3F8B420FFF783
S2140167E0C9FFBDE810400120FFF7D6BD142A0020DE
S2140167F0F7B53D4C05460E4617462AF0D5FB94F8EC
S2140168008B30022B05D0D4F884301B1AB3F5FA7FEF
S2140168102FD2364B364AEE61CDE9003294F8761027
S214016820D4F8843094F88820384601F059FC06469E
S21401683027F0E1FA00220146042027F0CCFA0020D6
S21401684001F0B6FDA54209D1D4F8A83033B1012133
S21401685004F18C0000F0AEFFFFF78CFFD4F8843013
S214016860C4F8B03094F8883084F8AC30304603B0C1
S214016870F0BDA54209D1D5F8A83033B1012105F103
S2140168808C0000F097FFFFF775FFD4F88430C4F84A
S214016890B030002194F8883084F8AC30284600F0F7
S2140168A089FFD4F88430C4F89030637E84F8A5302C
S2140168B0C4F8A860FFF7AAFA0E4B1B6890B1DB7903
S2140168C094F8A52094F8760093423CBF02F1FF337A
S2140168D0DBB284F8A530FFF753FE074800F01CFF33
S2140168E00126C3E75B78EBE7142A002055555500CF
S2140168F0D6BE898EE4290020A02A00202DE9F04F7B
S21401690091F806A00AF10C0A8BB001EB0A0689463B
S2140169100791F17A029031B1144662B9B04DD5F8BB
S214016920A830002B6BD007A82AF0C8FC00273846F1
S2140169300BB0BDE8F08F337BA94D13F03F0B4FEA48
S214016940931759D16A6A012C22F400326A6206F161
S2140169500E0863D05FD9E01E0128E4D8B7FA87F0A5
S21401696040090028DFD003F03F008842DBDA002C24
S21401697000F0F581042C07D1B5F86C30580754BFE8
S2140169800A230E23A5F86C301BF0010F40F0688235
S214016990CDF80C801BF0020F40F05B821BF0040F59
S2140169A040F045821BF0080F07D0039A5378023255
S2140169B0C3F30313039285F87730012C37D1337B69
S2140169C003F0C003402B01D0802B30D100231BF0F5
S2140169D0100FA5F88A3018BF039B6A6A1CBF0333E1
S2140169E00393B5F86C3022F4003223F060036A6238
S2140169F09BB2A5F86C3039E096F80DB0A2E7337B70
S214016A0013F03F0B4FEA9317F6D16A6A22F400326D
S214016A106A6206F10E08032FA5D184E7B5F86C006B
S214016A2000F00300C01BB0FA80F0400999E76D4AF8
S214016A3059F80A300092039995F856005A4627F0FD
S214016A4021FF039B95F88A106A6A03440393B5F8FD
S214016A506C3023F060039BB20029CAD043F02003B8
S214016A60A5F86C3095F8893085F876301BF0200350
S214016A70049300F05B8103988378C178069043EA1B
S214016A800123A5F87A3000F112030393012C00F0DC
S214016A90AF80059227F0DDF91BF0100F0FD1059A94
S214016AA0514980F00100C2F3C012C3B295F86E00DE
S214016AB005922CF059F9059A002800F0AE80042CB6
S214016AC000F28580022C00F22581002C7CD1022F59
S214016AD06A6A00F0CD8195F88B70002F40F028810E
S214016AE0049B93B14FF0000895F877203E4995F83E
S214016AF06E0059F80AA028F035F88146002840F0C3
S214016B00A380B8F1000F40F0C7801BF0400F18BFFC
S214016B10039B079A1CBF1B7885F87830337B089255
S214016B2003F03F086B6ADB0753D5002C40F0D68094
S214016B301BF0100F4DD14FF0FF3108A801F0DCF823
S214016B40B37985F86B30737985F8793008A808F140
S214016B500D012AF014FE0898002800F0D380C480A6
S214016B60B5F86C30099003F06003202B6B6A0CBFFC
S214016B7043F4006323F400636B6243796FF300030D
S214016B80437101221C2109A82AF09EFC002840F02E
S214016B904881099E154C7379B57943F001037371E9
S214016BA00FCC3544E86029616A61AB6107CCE861C6
S214016BB02962A4F164006A6231462AF032FD4FF080
S214016BC08040FAF7B9FCB2E6012C00F0B481002748
S214016BD086E708A82AF072FB38460BB0BDE8F08FAE
S214016BE0142A0020982A0020832A00207C2A0020CC
S214016BF050073ED4C2F3C012059227F02AF980F05E
S214016C000100059AB0490592C3B295F86E002CF0C2
S214016C10ABF8059A002840F08E81002A00F08D809E
S214016C20049B002B3FF47FAE95F87720A64995F894
S214016C306E0059F80AA027F095FF00283FF473AEBE
S214016C404FF00009C8464F4695F87630029306F194
S214016C500C0028F013FD069A03465146029827F0C9
S214016C6083FFB8F1000F17D1B9F1000F3FF45BAE07
S214016C704BE7F90707F0010348BFA046BAD503F072
S214016C80FF00002B61D10746049B002B7FF42CAF3D
S214016C90B8F1000F3FF439AFD5F8248027F0D9F8C2
S214016CA01BF0100F02D0012C7FF42FAF80F00100F3
S214016CB08549C3B2C8F3C01295F86E002CF054F89B
S214016CC008F0800100287FF420AF00297FF42BAE66
S214016CD027F0C7F800283FF418AF24E64FF0FF313D
S214016CE008A801F009F8B37985F86B30737985F84F
S214016CF0793008A808F10D012AF041FD089800280E
S214016D007FF42EAF01202AF00CFB089000283FF4F8
S214016D100EAE25E795F88B70002F3FF4E1AE029892
S214016D206A490022FFF764FD0746D9E60693ADE6F9
S214016D3002986749C2F34042F4E71146104627F02D
S214016D4090F800283FF4BBAE6AE7C2F30032009227
S214016D505D4B32460121002000F088FA93E7FF20C0
S214016D6095F8671085F86E007F2085F878004FF457
S214016D707F40A5F87600C1F3030001F00F019B09DF
S214016D800529A5F86C30A5F87A4085F8750041D03C
S214016D9013B142F400326A621BF0010F40F0A0808A
S214016DA01BF0020FCDF80C803FF4F8AD95F83000DB
S214016DB0B27AB0FA80F35B09B3EBD21F08D0003881
S214016DC018BF01200399FDF717FF002855D1B27AA5
S214016DD00399D00927F03FF8049027F02DF8049A7C
S214016DE00346002A40F09580D5F8A8307BB100F024
S214016DF0F7FD384B834200F09B803648002100F0B7
S214016E00D9FC3548FDF710FC0023C5F8A830FFF77C
S214016E1089FC88E5F179042908BF032185F87510F6
S214016E20B6E76B6A43F4006309A86B62D2E6039B7C
S214016E300133039326F0DFFF4FF6FF730093CDF87F
S214016E4004900146204B95F86E20042026F0CBFFD7
S214016E50A8E5A31E022BA9D8039B063303939DE541
S214016E6095F86E30FF2B3BD006F11403039391E5A2
S214016E7091073FF530AE274632E6B07A0399C0094E
S214016E8026F0E9FF049026F0D7FF049A0346A2B93C
S214016E90002B44D1B37ADB09039885F87C3003686C
S214016EA0C5F87D30B5F86C300C4A8188918043F086
S214016EB00403A5F86C30831DD0E76A6AD205E7D5CE
S214016EC06BBBFE23E8E700BF832A0020BF0E040049
S214016ED0830E0400A02A0020A82A0020912A002060
S214016EE0D6F80E30C5F86F302F4BB8F804109980DD
S214016EF0B37A13F040031BBF42F48052012322F4FD
S214016F0080526A6212BF85F86E3085F86E306A620A
S214016F10AAE76A6AD105D3D400283FF465AF95F88D
S214016F2030300BB90223B7E7012B08BF0323B3E7C1
S214016F3000F0CCFF61E76A6A079802F004036BBBB6
S214016F40BF0703D502F0030103290FD095F88B3054
S214016F504BB102981549C2F34042FFF749FC4FF086
S214016F600008074690E698461F468DE6059329F0E9
S214016F70DDFF059B08B96A6AE8E7B17A05934046E2
S214016F80C1F3801100F026F9059B074698460028B4
S214016F903FF47AAE029A064BD36175E607F0010319
S214016FA04FF000086BE600BF832A0020BF0E0400E6
S214016FB0E30E040004282DE9F74F0D4617D007D835
S214016FC003286DD0294603B0BDE8F04F29F021BF54
S214016FD0431F012BF6D8831F584258410021FEF764
S214016FE0A7FF284603B0BDE8F04FFFF7E5BB01A8B1
S214016FF04FF000094FF0FF31CDF8049000F07CFE11
S214017000019848B100F030FF0198FFF781F8082891
S21401701013D001A82AF052F900F0E2FC854201D112
S21401702000F054FF0121284600F0C4FBFFF7A2FB45
S21401703003B0BDE8F04FFFF7CFB8019CDFF87880CA
S214017040A379D8F838700C33BE791C4426F0F1FECB
S214017050E8B126F0EBFE002819DB0C3607EB060B31
S214017060B85D0BF1080A4A465146C00926F0F5FEFE
S21401707068B1D4F80E30CBF80830638AABF80C3020
S214017080A37ABA5DC3F3801363F3C712BA5500F04F
S2140170901DFF94F9051098F87600FFF701FAB8E796
S2140170A0044B1B685978112003B0BDE8F04F01F07E
S2140170B095B800BFE4290020142A0020034B5B6A20
S2140170C013F0060F14BFF120E2207047142A0020A7
S2140170D008B500F085FC054B834206D100F0F6FEAC
S2140170E0BDE80840002001F063B908BD142A00205D
S2140170F073B5234C234801F05BF994F8673094F894
S214017100662003F00F030021C82027F0C8FCFEF715
S214017110ABFDB4F96020824205D0A4F8600001F00E
S2140171204DF9A4F86200184800F080FF00221146CD
S214017130104626F050FE666829F036FF0246FFF735
S214017140BDFFB61AB6F5FA6F05460ADC00F0CAFAB4
S214017150627EA0F5AF71284602B0BDE8704000F02F
S21401716089BF6168019100F0BDFA637E0199A0F5BF
S214017170AF72284602B0BDE8704000F0E3BF00BF22
S214017180142A0020F57401006C2A002038B500F09E
S2140171909DFE00F0ADFAB0F5967F0D4C0CDDFFF7C5
S2140171A08DFF054600F09EFA627EA0F5AF71284677
S2140171B0BDE8384000F05EBF29F0F6FEE36C626879
S2140171C09B1A0344E3640020BDE8384029F0C3BDA0
S2140171D0142A00207FB5104C94F8455006462DB170
S2140171E0013D84F84550002004B070BD0B4B03915F
S2140171F01B680220597801F09FF894F83030039A02
S214017200E06BCDE900533146032329F0D8FDE06B4E
S21401721000F0FAFF0120E7E7142A0020E429002005
S21401722010B5104C636A9B0608D500F04FFE94F922
S21401723044100120BDE81040FFF732B904F12403E1
S21401724053E8003F43F0080304F1240141E800320B
S214017250002AF3D1044B1B68BDE810405978012081
S21401726000F0BCBF142A0020E42900202DE9F04FCD
S2140172701F469C4B9D6BAC798BB00C34CDE903213A
S214017280021E01922A5D9DF850A008BF002161F3FD
S21401729045122A555A6A394602F04003504602936F
S2140172A0C2F3801826F0D7FD2B198146285D03F11D
S2140172B0080B5946C00926F0CEFD029B0646A3B927
S2140172C0A8B926F0C6FD80F00100C3B2424603F01D
S2140172D00103394650462BF047FD804648B94FF02A
S2140172E0000840460BB0BDE8F08F0123EEE7029B95
S2140172F0ECE7029B002B00F0BC807A4B5B6A98059A
S21401730040F1EC8026F092FD0028C0F2E7800022D2
S2140173101146104626F09BFD81462E5DC6F380166B
S214017320B9F1000F0AD00023022128191A46084491
S21401733029F01AFD2B5D60F386132B552A193B683D
S2140173409360BB88ABF804302B5D6AF3C7132B55EB
S214017350019BDBB9634A92F8B630BBB1013B82F8B8
S214017360B630BCE70AF1FF32D2F1000A2B5D4AEBD8
S214017370020ABAEBD31FB2D106223946584634F078
S21401738097F806460028AAD18146E1E7564B1F68C2
S21401739029F00AFE2B19014603F10E00B847534B9C
S2140173A0019A1B68002A59D15978022000F0C4FFBF
S2140173B0039BDF7900F014FB4D4BC361DFF824A17A
S2140173C0DAF8380000F020FF039B1B680593039B47
S2140173D038461989FEF702FC059B1844019B002BD1
S2140173E042D1033F012F8CBF0423062340F27122B2
S2140173F002FB0300039BCAF84000049A5B798AF8F3
S2140174004430DAF824308AB343F4806343F020032F
S214017410CAF82430029B8BB9019B7BB92B5D019A7C
S214017420C3F3C013594608A88DF8203026F017FD7F
S2140174302B5D9DF8202062F3C7132B55B9F1000F81
S2140174403FF44FAF002328191A46F1B2023029F053
S2140174508BFC2B5D60F386132B5542E7D979002010
S21401746000F06AFF0127A9E70223BFE723F4806340
S214017470CCE7002E7FF476AFB9F1000F3FF472AF80
S21401748026F0D7FC00283FF46DAF012208A90DF1C4
S2140174901F0026F0E4FC00283FF421AF9DF81F30C2
S2140174A02A5D591E4B424B41B3EBD21F7FF417AFF7
S2140174B0062208A9584633F0FBFF064600287FF44B
S2140174C00EAF2A193B689360BB88ABF804302B5D7E
S2140174D0DDF808906AF3C7132B5539E74FF000091A
S2140174E01BE700BF142A00205C280020E4290020A6
S2140174F0B56F010004282DE9FF471ED005D80328E3
S21401750000F0B28004B0BDE8F087431F012BF9D824
S21401751005384FF0010118BF0120FEF709FD29F0DB
S21401752043FD554AD36C51685B1A03440020D3646B
S21401753004B0BDE8F04729F00EBC03A800244FF0C4
S214017540FF31039400F0D8FB039870B100F08CFC77
S2140175500398FEF7DDFD0828064603D8474B1F5C57
S21401756039070AD403A829F0A9FE434B5B6A13F036
S214017570060F0DD0FFF70AFE0AE00728039D0ED17D
S21401758022463D482946FFF7B9F90446002CECD0BF
S2140175900121084604B0BDE8F047FEF7C9BCDFF894
S2140175A0D880D8F8244014F0040010D017F0020058
S2140175B00DD0AA790C322A440120917AC1F38013A6
S2140175C00093C1F3401102F10C03FFF74FFED8F808
S2140175D02430DA07044643D595F8069009F10C09DC
S2140175E003F0800AA94426F034FC99F80AC080F01A
S2140175F00100BAF10002C3B218BF012209F10C0161
S214017600CCF380102BF0B0FB10B3ACB9D8F8243013
S21401761098072ED5F90715D5284629F087FC044684
S21401762050B1A8790C3028440C3010F8021CC1F374
S2140176308011FFF7CFFD0446042E03D1D8F824307D
S2140176409A070DD57B070BD52846FEF7C3FC9DE7A9
S214017650BAF1000F04D1514626F003FC0028D4D01D
S214017660284601F0A7FC91E704B0BDE8F047FFF714
S214017670D7BD042EE6D1F3E7142A002082090500BF
S2140176800528044B08BF03200622013802FB003000
S214017690704700BF8C09050010B5074C2368DA0651
S2140176A007D523F01003236018B9A168012026F03E
S2140176B090FB0023A36010BDD42A0020014610B51C
S2140176C00446022026F085FB054B1B68D90305D42A
S2140176D063691A075CBF43F00403636110BD00BF12
S2140176E0D42A0020014BD868DC387047D42A002001
S2140176F010B5034BDC6829F057FCDC3C201A10BDA2
S214017700D42A0020034B1B6813EA004314BF012050
S21401771000207047D42A002038B50023036043694F
S214017720044658070DD5204650F8081FC90C01F429
S214017730FC7141F00501FCF723FF636923F00403A4
S21401774063616369D90602D529F02EFC606018488A
S214017750024652F8043F8BB92360146083684BB12C
S214017760617E5A7E914219D26269D2060ED50020F8
S214017770FFF792FFBDE8384028F01EBC59686568DF
S214017780491B0029E8DA1A461B68E4E75A681B69B0
S214017790134462689B1A002BECDBE8E71A895B68E6
S2140177A0D31A62681344E268D342E3D5DFE700BF29
S2140177B0D42A002038B50B4DAB680446A3420846D0
S2140177C001D1FFF769FF6B68074A1BB1A34219682D
S2140177D004D11160BDE8384028F0EEBB1A460B46CE
S2140177E0F3E700BFD42A0020D82A00202DE9F3476A
S2140177F0754D2B68580700F1DC80AB68002B40F014
S214017800D88055E8003F43F0040345E80032002ADB
S214017810F7D16C683CB329F0C7FBD4E904370646B8
S21401782017F0100FA06805BF616882B216FA80F2E1
S2140178308A1A16BF6260921B0022F90723D4002A17
S21401784009DAE168591AD1421FD4626816FA80F043
S21401785013441B1A60602068D4F80480B8B9DC337E
S2140178604344C5E9024355E8003F23F0040345E8D5
S2140178700032002AF7D1AC68002C67D102B0BDE80F
S214017880F04700F089BB002AE5DA204652E041695C
S2140178900289D0F804E0CF0648BF06EB020E11F0CD
S2140178A0010C08BFD0E90371AEEB020206BFC91B8B
S2140178B08918114608EB03077F1A002F2ADDBB4201
S2140178C005D9E768A1EB0801DC378F423CD9D4F82B
S2140178D014A01AF0010F1FD12169D0F80C90E768A7
S2140178E04144B4F80880A1EB0901A1EB0801A1EB22
S2140178F00E01DC37B9420FDD971BBCF1000F03D137
S2140179000169A1EB09010F44002F05DBC0F804E073
S2140179104B46044600689FE7477E617E8F42F9D258
S214017920921BBCF1000F03D1D0E903135B1A1A4472
S214017930002A02DAFFF7C2FE6BE71AF0100FA4D096
S214017940C368C0F804E0E4E70B46E3E7A36813F472
S214017950601FC3F3C2462FD100262B6843F01003E5
S2140179602B602146002026F034FA16B3A36813F4E0
S214017970601F04F10800C3F3C841C3F3C24508D031
S214017980013DEDB201F4FC7129430190FCF7F8FDCD
S214017990019801900321FCF761FE01980DB9FCF7EF
S2140179A043FEA268237E1344120C9BB212041343B7
S2140179B0A36002B0BDE8F08704F10800FCF7EEFD15
S2140179C00028C9D1C9E700BFD42A002008B5034B57
S2140179D0996809B126F0FDF908BD00BFD42A002038
S2140179E0014B9868704700BFD42A00200A4B70B537
S2140179F09C6884420FD12146012026F0EAF9666888
S214017A00258929F0D1FAAD1BC54221464CBF00207D
S214017A10022026F0DEF970BDD42A0020024BDB6B73
S214017A2003B11847FFF7D2BFF813002010B5064A76
S214017A30C043131D53E8003F0340141D44E80031C2
S214017A400029F6D110BD00BFF813002010B5054A75
S214017A50131D53E8003F0343141D44E80031002979
S214017A60F6D110BDF813002007B50C4B10F0020F2D
S214017A701B88ADF804304FF002000BD0FFF7E6FF8D
S214017A808DF80400064B01A9986A33F01EF803B07E
S214017A905DF804FBFFF7CAFFF4E700BFA409050081
S214017AA0F813002013B5144B04465B88ADF8043078
S214017AB040F20140FFF7BAFFE30503D54FF48060BB
S214017AC0FFF7C4FF04F00F0001280CD0022810D0E5
S214017AD010B901238DF80430084B01A9986A33F0D8
S214017AE00AF802B010BD04238DF80430FFF7AEFF8C
S214017AF0F2E78DF80400EFE7A4090500F81300206B
S214017B00F0B5124C85B00E46022300270546A06A42
S214017B10E372CDE902771AF021FD304602958DF821
S214017B200C7029F034FA0090617AA06A02AB3A46EA
S214017B301AF04EFD044628B902463346012128466E
S214017B4029F021FA204605B0F0BD00BFF813002049
S214017B5070B582B019460446444D01931046009212
S214017B6029F017FADDE90023204629F017FAD5E9AE
S214017B70062300EA020401EA030654EA060314D0C7
S214017B80630104F0806012D56B6819061DD4384B6A
S214017B902340002B39D1374A06F0200322401343F5
S214017BA057D12046314629F0F0F902B070BDA4F154
S214017BB00803334316D0A4F10C03334310D0231F1C
S214017BC0334331D129F0E7F9EBE72B1D53E8003FAA
S214017BD023F08003291D41E80032002AF5D1E4E7AD
S214017BE029F0D8F9EB7A012B25D16A6812F0010F3A
S214017BF06A8C18BF03230132EB726A840420FFF7F4
S214017C000DFF012029F0C6F9CBE7EB7A012B12D143
S214017C106A6840F2014393430CBF03230023052007
S214017C20EB72FFF7FBFEBCE704F17F433343AED1B3
S214017C30EB7A022B03D0042029F091F9B1E76B68A7
S214017C409A070ED50423EB722B8C013303202B8469
S214017C50D5E70420FFF7FAFE4FF00060F9F76CFC59
S214017C609FE713F02003EFD1EDE700BFF8130020E4
S214017C70015001000DD50155014B986A704700BFB0
S214017C80F813002010B5064CA06A33F042F828B964
S214017C90A06A33F040F800F0010010BD0120FAE7B9
S214017CA0F8130020014B986A33F037B8F813002018
S214017CB0024B5868C0F34020704700BFF8130020FD
S214017CC010B504464FF40070FFF7B0FE094B986AF2
S214017CD033F025F830B154B14FF40070FFF7B6FE1B
S214017CE0002010BD002C0CBF00200C20F9E7204618
S214017CF0F7E700BFF81300202DE9F04F0468594D4F
S214017D0089B006468846002C48D0A77920460C370D
S214017D1029F07CFC27440A383C89B8F1FF3FA4EBE4
S214017D20000402D04445A8BF4446B5F83890B0EBED
S214017D30090713D4002C0EDD6D6B36683D44FF2C0D
S214017D40224629463046A8BFFF2229F09AFA241A6D
S214017D5036680544F3D109B0BDE8F08FA9EB0009F8
S214017D60296BD6F800A0A145A8BFA14601EB000BE0
S214017D70C846B9F1000F0DD04246FF2A5946504673
S214017D80A8BFFF2229F07DFAB8EB0008DAF800A0B8
S214017D908344F1D1A4EB09044F44CBE7A86A03AAB4
S214017DA0032132F017FFBDF80E700294A146E86277
S214017DB00A3702AC09E023601B682B602368C3F80E
S214017DC000902368002F1C4611DD2B68453F002BD1
S214017DD0F1D1012029F0A5FA034620600028F1D14F
S214017DE0019002A829F06AFA019B3360B3E72B1DC4
S214017DF053E8003F43F008032A1D42E80034002CF4
S214017E00F5D14FF00060F9F797FB0298BDF8102006
S214017E10437943F001034371069B30606B63059B16
S214017E202A872B638379BDF80E200C3303441C711B
S214017E301A819DF80C20297A9971072ADC711FBFD7
S214017E40AB8C0133AB846B8C0ABF012203F1FF3389
S214017E501A714FF00A0118BF6B8429F007FA3468CB
S214017E6053E700BFF8130020F0B58779164E0C379C
S214017E7087B0C4196A460546D6E90A0132F0AEFE55
S214017E802389B06A03336946ADF8043032F0A8FEA0
S214017E90009BEB519DF90E00FDF7DEFE6071B37A93
S214017EA0022B02D8E37107B0F0BD9DF81130012B0B
S214017EB004D0022B04D02BB90423F3E70323F1E704
S214017EC00123EFE70023EDE7F813002038B50E4C49
S214017ED0E37A23B100221146104629F053F8002513
S214017EE02846E57229F056F8A06A0122032132F0ED
S214017EF08DFDA06A2A46012132F074FEBDE83840A5
S214017F008020FFF793BD00BFF813002008B5FFF7E8
S214017F10DDFF044AD38C0133D3840620BDE8084034
S214017F20FFF77CBDF8130020F7B51A4E73685907A2
S214017F3004D50420FFF77AFDFFF7E8FF73681A07F8
S214017F400FD522F08CFB134C0546052723681BB979
S214017F50012029F0E6F920602468B4B9284622F009
S214017F6084FB7368DB0613D51020FFF75FFD03F073
S214017F7069F868B122F073FB0190FFF7C7FF01981B
S214017F8003B0BDE8F04022F070BB013FDED1E5E76B
S214017F9003B0F0BDF813002010B50022084C1046BF
S214017FA0114628F0EFFFA06A1AF0D8FA28F0F5FF7C
S214017FB0204629F083F9BDE810400820FFF736BDBA
S214017FC0F8130020014B986A32F0E5BEF813002042
S214017FD038B5154CA37A8342054610D0431E042BB0
S214017FE008D8DFE803F0030D11161800A06A1AF08E
S214017FF081FF20B92846A572FFF742FB606138BDB4
S214018000A06A28F0D3FFF4E70121A06A28F0D0FF88
S214018010EFE70321F9E7FFF74BFE0028EAD0A06A55
S214018020FFF7D0FFE5E700BFF813002073B504465D
S2140180300F4D408900F030FBA07B287228F07AFFB4
S2140180406872E07B002600F00F00FFF7C1FFD4E95D
S2140180500021A37BA86A009632F0C2FE3246314662
S214018060304625F0B8FE206828F096FF02B070BDB5
S214018070F8130020F0B585B00023184E00938DF854
S2140180800C30C0F3401301278DF80E30C0F30013F7
S21401809004461546F7728DF8047002918DF80D307E
S2140180A0FFF700FD20B1042028F059FF05B0F0BD10
S2140180B0284628F06CFF717A03466A46B06A1AF0C1
S2140180C093FA2A460646C4F38011384628F05AFF2A
S2140180D025F082FE002EE9D0E5E700BFF813002068
S2140180E0F0B5174C85B007461046227228F022FFDD
S2140180F01646607202460020CDE902600B98019098
S2140181000D460A9800900139C9B2A06A1AF0FEFE1F
S21401811006462846A572FFF7B3FA01256061E572A7
S21401812016B1002005B0F0BD3846FFF7BBFCC0B263
S2140181300028F6D18020FFF789FC2846F2E700BF29
S214018140F81300202DE9F043234D85B004460E4672
S2140181509046002110224FF0010968461F4685F817
S2140181600B9033F0DDF9A86A1AF0F8F900238DF8C0
S2140181700430E3060096CDF8088005D56B691A88A9
S2140181808DF80D904244029200238DF80C3038464B
S214018190C4F340138DF80E3028F0F9FE697A0346D1
S2140181A06A46A86A1AF020FA28B1042028F0D7FEF9
S2140181B005B0BDE8F0832046FFF774FC3B46054654
S2140181C0C4F380120121304628F0DDFE25F004FEBE
S2140181D0002DEDD0E9E700BFF8130020094B10B5DC
S2140181E001220C46DA72FFF75DFC10B1042028F07C
S2140181F0B6FE22460021012028F0C4FE25F0ECFD43
S21401820010BD00BFF813002070B5044625F0E5FD4B
S214018210A179E279114E521A0C3105460123B06A52
S214018220D2B2214432F0D0FCE079A379C01A55FAD3
S21401823080F524680CB9356170BDA179E279B06A20
S214018240521A0C310023D2B2214432F0BDFCE3793C
S214018250A2799B1A55FA83F5EBE700BFF8130020C5
S2140182602DE9F84305460C461646984625F0B5FD19
S214018270A979EA79DFF87490521A0C31074601237E
S214018280D9F82800D2B2294432F09EFCE879AB79BD
S214018290C01A57FA80F70CB3E379A2799B1ADBB2BE
S2140182A0B3421FD3B8F1000F18DDA179E579D9F8EB
S2140182B028006D1AEDB2AD1B454501F10C01A8BFB2
S2140182C04546314421440023AAB232F07DFC24689D
S2140182D02F44A8EB05080026002CE3D1C9F810703E
S2140182E0BDE8F8832468F61AD5E700BFF813002026
S2140182F073B5104E02230D46F372FFF7B5FB044625
S21401830028B1042002B0BDE8704028F028BE2846F7
S21401831028F03DFE2A4601902146012028F032FE33
S214018320019B717AB06A22461AF044F90028E8D116
S21401833002B070BDF8130020084B10B502220C469F
S214018340DA72FFF791FB10B1042028F008FE2246EE
S2140183500021012028F016FE10BD00BFF8130020F2
S214018360014B187B704700BFF813002058B1094A2B
S214018370134652F8041B51B9074A9B1A9B10074A29
S214018380013B13737047054B01221A7370478142F4
S214018390EED2F1E7AC090500A8090500F8130020A4
S2140183A0024B1B6803B11847704700BFE42A002040
S2140183B0014BD863704700BFF813002073B50F4B0D
S2140183C00F4E9B7DFF2B044615D1ADF8040000230C
S2140183D0B06A8DF803300DF1030201A91AF046FDCB
S2140183E09DF80350B06A22462946F5F73BF940EA64
S2140183F0052002B070BD034B1D78F3E76031002005
S214018400F81300207831002082B0054BADF8040047
S214018410C2B2C0F30721986A02B0F5F79BB900BF54
S214018420F813002010B50D4C0021A06A32F033FB82
S2140184300B49A06A32F09CFBFE21A06A32F085FB54
S214018440A06A1AF033FB074BB3F910208242C8BF6B
S21401845018821A8A9A805A8ADA8010BDF813002088
S2140184607831002060310020F0B585B0174CADF8AA
S2140184700630C823ADF80000ADF80420ADF808308A
S214018480ADF80A306A468223B4F91000ADF802103E
S214018490ADF80C30ADF80E3002AD0421134632F9BA
S2140184A0026B8642C8BF22F8020C35F9026B32F91C
S2140184B0027CB742C8BF22F8026C0139EFD103CB68
S2140184C0034BA060596005B0F0BD00BF60310020CD
S2140184D06831002073B50646F5F7B4F9344D0368E4
S2140184E02B608388334CAB80FF2E4FF00003A370C4
S2140184F0238008BFA6752B782F4E8DF8013018BF44
S214018500A3750DF10303B06A0DF102020DF101012D
S21401851032F0FAFB9DF8013040B90133DBB2022B91
S2140185208DF80130EDD9012002B070BDA27DFF2A81
S21401853000D0A3758DF805302B709DF802308DF8AC
S21401854004300198FFF760FFC828C4BFC823238200
S2140185509DF803308DF80430D8BF20820198FFF7CC
S21401856053FF10F5FA7FB4BF4FF60C636082B4F97F
S2140185701000B8BF6382FFF721FFADF80400019831
S214018580FFF742FF2082B4F91200FFF717FFADF89C
S21401859004000198FFF738FF4FF6FF73A3826423A8
S2140185A060821A4618461946FFF75EFF0020BBE7B1
S2140185B07831002060310020F8130020034A03467A
S2140185C0B2F906000BB1FDF74FBB704760310020D2
S2140185D0084B10B5B3F9044030B903EB4103B3F9C6
S2140185E006309C42A8BF1C46A242A8BF224610469F
S2140185F010BD00BF60310020014BB3F91200704777
S21401860060310020014BB3F9100070476031002043
S21401861073B50F4D064622F022F8B5F91230B34273
S214018620B8BF334604461846B5F910309842A8BF7D
S2140186301846FFF7C3FEADF804000198FFF7E4FE05
S214018640E880204602B0BDE8704022F00EB800BFB8
S2140186506031002073B50F4D064622F000F8B5F9DB
S2140186601030B342A8BF334604461846B5F9123057
S2140186709842B8BF1846FFF7A1FEADF8040001986E
S214018680FFF7C2FEA880204602B0BDE8704021F088
S214018690ECBF00BF60310020F0B5C0F3072585B000
S2140186A0FE2DADF8040027D0144C9DF8047021F07F
S2140186B0D6FF637DAB4206460ED0114B18689B88E9
S2140186C0ADF80C300F4B029002A9986A8DF808504D
S2140186D032F04EFAFF232375237DBB4206D0094BA9
S2140186E03946986A32F031FA27756575304605B015
S2140186F0BDE8F04021F0B9BF05B0F0BD6031002003
S21401870078310020F81300202DE9F047DFF8449077
S21401871086B007460E4614460DF10808A9F1100A60
S214018720CDE900980B4B3A468021504622F0C1FE17
S2140187300028F5D1102C254628BF102530462A469C
S214018740414632F0C5FE641B2F442E44E8D106B0E4
S214018750BDE8F087733A002030B589B0202269461B
S2140187600D4DFFF7D1FF6A4604AB144603CC9C427D
S21401877028606960224605F10805F6D1074C08AD68
S2140187801A4603CAAA4220606160134604F108042F
S214018790F6D109B030BD00BF633A0020733A00201D
S2140187A010B588B06946202000F020FE044630B996
S2140187B06846FFF7D1FF034B012283F820202046AD
S2140187C008B010BD633A002070B5134B93F8203003
S2140187D08CB005460C460BB9FFF7E2FF0023CDE946
S2140187E00033CDE9023354B91C22214605A804946E
S2140187F032F096FE04A8FFF7AFFF0CB070BD102C48
S214018800264628BF1026294632466846FFF77CFFD3
S2140188103544A41BE7E700BF633A0020094A5168C4
S214018820C84390FAA0F048B1B0FA80F0042805DCFD
S214018830012383400B43536040B270474FF0FF3033
S214018840704700BF042D0020034B04480021C3E9F4
S2140188500011282232F064BE042D00200C2D0020C9
S21401886013B50190FFF7DAFF054B0199044600B2F4
S21401887003EBC00028F01AFC204602B010BD00BF72
S2140188800C2D002010B5C4B2042C14D80A4B03EBEF
S214018890C000043050E8003F0B4340E80032002A95
S2140188A0F8D101220549A24051E8003F134341E8AF
S2140188B000300028F8D110BD0C2D0020042D00201A
S2140188C0F7B51B491B4A1C4C0125082604270868D6
S2140188D010B3137805FA03F318421FD0DB4351E8AF
S2140188E0000F184041E8000CBCF1000FF7D11378D7
S2140188F016FB0373234453E8000F43E800CEBEF192
S214018900000FF8D1019048B110780C4901AA04EB88
S214018910C00028F007FC012003B0F0BD13784868BA
S21401892083423ABF0133DBB200231370CFE700BFA7
S214018930042D0020843A00200C2D00207856341295
S214018940024B1868003818BF01207047042D00201C
S21401895010B5044621F083FE074B1B684BB1DB685C
S2140189601B1B002BCCBF0024012421F07EFE2046D9
S21401897010BD1C46F9E700BF382D002038B5054666
S21401898021F06DFE094B1A684FF0FF341AB921F039
S2140189906CFE204638BDD2E903310B445B1B23F045
S2140189A000439C42526828BF1C46EFE7382D002042
S2140189B02DE9F3470C9F9DF82C900D4698461146DD
S2140189C0064608B103687BB937B12846B84740F276
S2140189D0034002B0BDE8F0870029F8D0002DF6DB91
S2140189E0084600F07FFCF2E7019221F038FE82464D
S2140189F0484600F0F3F90446504621F036FE019948
S214018A0064B91FB12846B8471A20E2E70029FBD00F
S214018A10002DF9DB084600F065FCF5E784F81890B0
S214018A20DFF874900A9BA5600025C4E90787616199
S214018A30266023616560D9F80030984708EB000688
S214018A4021F00DFE07461248E66003681A4632B169
S214018A50D168891B002913DBD1688E4210D09DB9DD
S214018A6063600C4B04601C682CB1D9F80030984741
S214018A70FFF784FFA047384621F0F7FD0020A8E75E
S214018A80516815460A46E2E76A6862606C60F2E77A
S214018A90382D0020482D0020402D00202DE9F74FCD
S214018AA0DFF8949000900C4690461D4621F0D7FDC5
S214018AB0DFF888B0D9F800A006460027BAF1000F03
S214018AC005D1304603B0BDE8F04F21F0CEBDDAF84F
S214018AD00020009B9A421FD134B1DAF808202168A1
S214018AE022F000428A4217D185B9DAF80420BFB9CC
S214018AF0104BC9F800201A68019292B1DBF80010F9
S214018B008847FFF73BFF019A90470AE0DAF814001E
S214018B104146A8470028E8D05746DAF804A0CDE732
S214018B207A60DAF804200192504628F068FA019A31
S214018B309246C3E7482D0020382D0020402D002006
S214018B40014B1860704700BF482D002070B50B4BD5
S214018B5004460E4615461978094A0A4828F0FBFECF
S214018B60094A00231360094A1660094A2421156040
S214018B7007202246BDE8704000F0B2B89D3A0020BA
S214018B80CC090500853A0020382D0020402D002014
S214018B90442D002030B587B00446184600230593BF
S214018BA0094B1B680D4613B9212007B030BD05A936
S214018BB0039298470028F7D10090059B039A29460F
S214018BC0204628F057FAF0E7442D0020F8B5054670
S214018BD010200F46164600F065FB0A4B044618782F
S214018BE018B11022214628F0B9FE44B10123E360F2
S214018BF02B682360C4E9017600202C60F8BD1A209A
S214018C00FCE700BF853A00202DE9F843254FDFF841
S214018C10A480254D38603868FFF79AFE30B9234B9B
S214018C201B689847BDE8F843FFF7A8BE21F017FD7B
S214018C30D8F80040064674B16368C8F800301C4B8B
S214018C40D3F80090B9F1000F05D0184B1B68984770
S214018C50FFF794FEC847304621F007FD2C60002C34
S214018C60D9D0A36833F0004305D1286828F0C7F9A6
S214018C7000232B60CFE72368002BF6D01868002866
S214018C80F3D0A26832F00043EFD0D0E900696369FF
S214018C9021688068C8470028E7D1002EE5D0304615
S214018CA0EFE700BF3C2D0020342D0020402D002092
S214018CB0482D0020382D002038B505460C4621F0F9
S214018CC0CEFC064B1B683BB1DA692A601B69236040
S214018CD0BDE8384021F0C9BC2B60F8E7342D0020F0
S214018CE02DE9F74FDFF88C90DFF88CB009EB001513
S214018CF003314FEA001A4FF6FC770F400024DBF8E9
S214018D00003029F80A7080466A80EC6002FB07F0A2
S214018D101646984717FB06F39BB268602B8110B383
S214018D200093124A9BF8041052F828200346104874
S214018D30404428F011FE21462A89686832F0F0FB8B
S214018D40214623469E4206DCD1440020A9F8026053
S214018D5003B0BDE8F08F6A68E86850505418EC60BC
S214018D6001333944EEE71A20F2E700BFCC0A0500CA
S214018D70863A0020B42600204C2D002070B50B4EFC
S214018D8006EB00150446696839B1094B2A89185C57
S214018D9028F0E3FD686800F0A5FA06EB041010223F
S214018DA0BDE87040002132F0BBBB00BFB4260020F6
S214018DB0863A0020044B19601A719860020100215E
S214018DC0024832F0ADBB00BF4C2D0020B426002077
S214018DD0014B185C704700BF863A002070B50A4CFC
S214018DE004EB00130601DD68084B185C18B1A25BA2
S214018DF0294628F0B3FD2DB134442B68E36063881F
S214018E00013B6380284670BDB4260020863A0020C8
S214018E10024B03EB00108078704700BFB426002099
S214018E20094B03EB001310B45A88DC680C6001325E
S214018E30D9605A80054B185C18B15DF8044B28F0D0
S214018E408EBD5DF8044B7047B4260020863A00209C
S214018E50044A010102EB0013505A10B11B89B3FBFF
S214018E60F0F07047B4260020F8B5194B9B6898427D
S214018E7005460C4628DA39B3164B03EB00160101FA
S214018E8072681AB35B5A3289B2FBF3F20732D20820
S214018E90FF21201D32F044FBF36801271BB9257022
S214018EA063801846F8BD726831889A1A92FBF1F20F
S214018EB004EBD20002F00702017907FA02F221EA76
S214018EC0020202711B68E9E72120EBE71120E9E7BE
S214018ED04C2D0020B4260020F0B538B331B303780A
S214018EE0134A4FEA031C02EB03134FF0010E1C89D1
S214018EF0438832F80C70B4FBF7F4A34201D32D205B
S214018F0011E000EBD30603F0070536790EFA05F5F6
S214018F102E4203F1010507D06244526803FB072382
S214018F200B6045800020F0BD2B46E6E72120FAE7DE
S214018F30B4260020174B37B500241C70164B174D6E
S214018F401C60174B2C6020461C706C60AC60FFF7F1
S214018F507FFF80B2A0F10E036B80A0F114030130F5
S214018F6068812046EB80FFF733FF0E4C01900146E7
S214018F700D4A601C28F0EFFC01990C4A204628F0A7
S214018F80EAFC0B4A0199A01C03B0BDE8304028F06A
S214018F90E2BC00BF973A0020582D00207E31002009
S214018FA09B3A0020983A0020100B0500190B05008B
S214018FB0230B050070B5044680B321F050FB63799E
S214018FC06FF382036371237913F01006054605D00B
S214018FD010232371BDE8704021F047BB03F0030363
S214018FE00F4931F82320013A21F823203046214643
S214018FF0FFF716FF0B4B0C4E1C681CB90A4B284694
S2140190001C70E7E7237A1BB933781BB92468F4E7A9
S214019010012BFBD1636820469847F7E770BD00BF78
S2140190207E310020582D0020973A00202DE9F04F80
S2140190300546680748BF05F0F70589B0DFF8B08137
S214019040039205F00306019121F009FB08EB860364
S21401905038F826205B889A4205F0EF0B81464FEAE6
S214019060860738D20020FFF7B9FE044678B338F8F1
S2140190702630013328F82630484621F0F6FA002C2F
S21401908072D129071BD515F0E003029317D0474488
S21401909021F0E5FA7B8838F82620DFF854814F4F17
S2140190A09A422CBF00230123009321F0DEFA08EB3D
S2140190B08603A14604934A4B1B7899450DD385F048
S2140190C004005946C0F3800000F0D0F87BE0454B21
S2140190D001221A70D0E70024CEE73B78029A1A42A2
S2140190E004D0D7F804A0DAF800301BB909F1010959
S2140190F00837E0E7079300215A79D2074DD51A7948
S21401910050074AD50098002843D001B1079350462E
S21401911028F0F2F80179079007A8009128F0CEF818
S2140191200099002000F0A2F821F099FA049B38F883
S21401913026105B88994234BF012300230246009320
S2140191400BD200200592FFF749FE059A079050B30F
S21401915038F82630013328F82630104621F085FAF3
S214019160079B002BBFD01C46002363602360A360CF
S2140191706379039984F804B043F004036371019B97
S214019180A3711944E17121F06AFA174B07461D686D
S21401919014E002F003029642B7D09A461B680121FA
S2140191A0002BA9D19FE70F4B01211970D5E72B7A28
S2140191B0012B02D16B68284698472D68002DF6D101
S2140191C0384621F052FA094B985D18B145222146DE
S2140191D028F0C4FB204609B0BDE8F08F5C2D0020C6
S2140191E09B3A0020973A0020582D0020983A0020FC
S2140191F07E31002010B5044621F031FA034B1A687F
S21401920022601C60BDE8104021F02FBA582D0020C6
S21401921010B5064B1A78541C1C70054B00F0E00084
S21401922003F8320003EBC203596010BD9B3A0020DD
S2140192305C2D0020014B00221A607047742D00201F
S21401924010B5044621F00BFA074A13682BB91460CF
S2140192502360BDE8104021F008BAA34202D01A46A6
S2140192601B68F3E710BD00BF742D0020064B70B5D8
S2140192701C6805460E4604B970BD6368314628462B
S21401928098472468F7E700BF742D0020024B034A75
S2140192901978034828F05FBB9C3A0020300B050084
S2140192A09D3A002013B5033020F0030210460192C8
S2140192B022F0C3FC0A4B019A0446187818B12146DD
S2140192C028F04CFB019A34B911460220FFF7CEFF75
S2140192D0204602B010BD0021204632F021F9F7E702
S2140192E09D3A002010B5044628B1054B187810B1F8
S2140192F0214628F034FB2046BDE8104022F0CDBCC4
S2140193009D3A002038B50B4C0B4B206800251D708C
S21401931028B124F058F92068FFF7E4FF2560074CD0
S214019320206830B124F0B8FB2068FFF7DBFF00238C
S214019330236038BD782D00209F3A00207C2D002028
S214019340F0B5234E337885B0002B3FD1214B224F09
S214019350224A1978224C384628F0FDFA22F050FCB1
S2140193600390FFF79FFF014620603878039A08B103
S21401937028F0F4FA236883B122F044FC0390FFF747
S21401938091FF184D039A28600146387808B128F0F5
S214019390E5FA2B681BB9FFF7B5FF1A2011E0206824
S2140193A024F004F92868F7F779FD00232A680E49A6
S2140193B02068009324F01BF928B1FFF7A3FF40F2C1
S2140193C0074005B0F0BD01233370FAE70020F8E747
S2140193D09F3A00209D3A00209E3A00203A0B050055
S2140193E0782D00207C2D0020E9DA03000D4B1B7838
S2140193F013B502460C465BB10B4B2146186824F0A8
S21401940095F9002840F2074008BF002002B010BDC1
S214019410019006490648FFF793FF019A0028EBD012
S214019420F4E700BF9F3A0020782D0020EFBEADDEA6
S214019430BEBAFECA0149024827F038BEC410002051
S214019440D82D00200A4B1022DA8228216422C3E993
S21401945006124FF6FF721A8402225A60002283F81F
S2140194602B200F2283F82D0083F82C20704700BF95
S214019470802D002038B502F069FF40B9094B1A6803
S21401948093F82A102832034638248B4200DB38BD75
S21401949004FB03F55559ED0601D40133F5E7012028
S2140194A0F5E700BF802D002013B5114C94F82B3042
S2140194B0DBB1626812F0010217D104F108000192D3
S2140194C029F04FF9FFF7D6FF019A70B194F82C30C6
S2140194D008484EF660214B434FF48271FFF75AFB62
S2140194E018B9636843F00103636002B010BD00BFA2
S2140194F0802D0020D82D002022F00042052A10B52C
S2140195000DD0B2F5827F14D0032A06D1114A5368D2
S21401951023F00203536002F029FF002010BD0D4A1C
S2140195201B88118D99424FF00000F7D1108501205C
S214019530F4E7084B5A6893F82B4022F00102012CFD
S2140195405A60F4D102F03EF9FFF7AEFF204602F072
S214019550B5FFECE7802D0020004870478F2D0020D6
S214019560054B93F82B0003F108020F3301280CBFBB
S21401957010461846704700BF802D0020F0B482794F
S21401958012F0280F03462AD0164A0168C2F80F10B7
S2140195908188A2F81310817951754FF0380C00219B
S2140195A092F82A00884207DC536843F00403F0BCB3
S2140195B05360032002F082BF17680CFB01F6BC194A
S2140195C0A56A15F4404F08D11868B85145F008054A
S2140195D09E889879A071A680A5620131E0E72120D6
S2140195E0F0BC7047802D00204379024A9B09D05C6D
S2140195F0704700BF620B05000B6810B503608B88CF
S2140196008380FF2A044602D10723A37109E0032AB7
S21401961008D8054B9B5C8371072B02D1FFF7E4FF4B
S214019620A07110BD0023F0E75E0B050010B50B68B6
S21401963003608B888380FF2A044602D10723A37127
S21401964010BD052A0FD8094B995C8171CB0605D54B
S214019650FFF7CAFF81421CBF0023A371204628F0F2
S214019660AFF90028ECD10023E9E700BF480B05005D
S2140196708379024A03F00703D05C70474E0B05005E
S21401968010B582798B79094C02F0070203F00703C3
S214019690A25CE35C9A4206D1062231F009FFB0FAD9
S2140196A080F0400910BD0020FCE700BF560B050006
S2140196B0F7B504460C2016460F461D46FFF7F2FD89
S2140196C0024620B908A827F0F9FD03B0F0BD2046F0
S2140196D040F2035150F80C3B93F86C301370089B22
S2140196E09360054B57801671D58001930023009334
S2140196F027F0C9FCE9E700BF47280400F7B5044690
S2140197000C2016460F461D46FFF7CCFD024620B933
S21401971008A827F0D3FD03B0F0BD204640F2015162
S21401972050F80C3B93F86C301370089B9360054B14
S21401973057801671D58001930023009327F0A3FC70
S214019740E9E700BF4728040070B50A4E0D46318888
S214019750044629F07BFC33886189AB4228BF2B463F
S214019760172BB8BF172363812046BDE8704029F048
S214019770FEBE00BFFE1200202DE9F04385B0044670
S214019780039129F00DFF039883790C33C518C75C44
S21401979027F03CFF1E2F804615D8012F34D9BB1E5B
S2140197A01C2B31D8DFE803F013301330133013309D
S2140197B0133013301330133013303030133013306E
S2140197C030303030130007F07F03522B1CD1039E3C
S2140197D0304696F8069027F019FF628983B29A42BE
S2140197E024D217F001020AD107F07F03522B06D0CC
S2140197F01E2F04D004233946204629F013FC03A863
S21401980027F05CFD21260AE0062300223946204681
S21401981029F008FC03A827F051FD41F20616204660
S21401982029F0C3FE304605B0BDE8F0834E44013B47
S214019830327B1E2A9BB241D8012AD2D9023A1C2A6F
S214019840CFD801A151F822F0D9980100E397010081
S214019850DD980100E3970100D3980100E39701002A
S214019860C9980100E3970100D9980100E397010028
S214019870DD980100E3970100E1980100E3970100FC
S214019880C9980100E397010011990100E3970100CF
S214019890E3970100E397010015990100E3970100A2
S2140198A019990100E3970100E3970100E39701008E
S2140198B0E3970100E39701001D990100522A27D082
S2140198C0D22A8ED10D2B05E0062B0FD0142B88D172
S2140198D00CE0052B85D909E0022BF8E7042BF6E707
S2140198E0032B7FF67EAFD9073FF57BAF022F1FFA1A
S2140198F088F900F0AB8023689E6816F4007640F085
S214019900068104F1440027F0D9FC039B636486E7D3
S214019910012BDFE7032BDDE7012BD8E7002B7FF4D4
S21401992060AFE3E7204629F0CEFE064600283ED18A
S214019930204629F0C3FE002839D007F07F03522BBA
S21401994000F08980082F27D1B9F1150F0CBF102020
S2140199500220691D29F09DFEF0B16369DA0749BF4F
S21401996023F0010343F00103636131465CBF636189
S2140199700121204629F0BEFEB5F80110B5F80320F6
S214019980B9F1150F05F1050500950CBF102302234B
S214019990204628F082FA5EE0636913F001023FD0A8
S2140199A023F0010363610021204629F0A3FE1E2F48
S2140199B045D8012F47D9BB1E162B44D801A252F811
S2140199C023F000BF4D9A0100479A01007F9A0100DB
S2140199D0479A01008F9A0100479A01007999010080
S2140199E0479A0100B19A0100479A0100BD9A010009
S2140199F0479A0100CD9A0100479A01005F9A01003B
S214019A00479A0100DD9A0100479A0100479A010032
S214019A10479A0100FB9A0100479A0100059B010045
S214019A2043F00103636101212046029229F062FEA0
S214019A30029A12233946204629F0F4FA0BE0522FF7
S214019A4054D0D22F07D006230022F3E7B5F8011031
S214019A502046FFF779FE03A827F030FC44E0B5F86E
S214019A600110B5F80320B9F1150F05F105050095AC
S214019A700CBF3B460223204628F067F9EBE7B5F812
S214019A800320B5F80110204628F0BBFAE3E7A9F158
S214019A900709B5F80530B5F80320B5F801101FFA27
S214019AA089F0073501900095204628F02DFBD2E776
S214019AB0B5F80110204628F094FBCCE7B5F8032052
S214019AC0B5F80110204628F091FBC4E71FFA88F28A
S214019AD0013A691C204628F08DFBBCE7039AB5F8CD
S214019AE00110204628F0FBFB002698E6039AB5F8FD
S214019AF00110204628F043FCF6E70399204628F09B
S214019B007DFCF1E76978204628F0DEFCA3E71E2FEE
S214019B107FF408AF204628F0F7FC9CE77FB5174A8C
S214019B201368064623F0080342F6052013602AF060
S214019B30DCF8054650B1684603F0BAF8002029F073
S214019B4091FD044620B9294628F02CFD04B070BDCD
S214019B50102204F12101684631F0AAFC38B1012136
S214019B60204629F0C7FD636923F0010363611EB136
S214019B70314620462AF090F92046E0E7982E00204C
S214019B8007B5837801916A46082104488DF80030AC
S214019B9027F0C8FA03B05DF804FB00BFD82D0020FB
S214019BA0054B0022C3E90322C3E905221A70DA61D4
S214019BB04FF6FF725A847047B42D0020014B18608F
S214019BC0704700BFB02D00200D4B827813B55A6048
S214019BD0B0F8032091B2102910D040F60344A142F8
S214019BE00CD041795B8C8DF80210ADF80420054845
S214019BF0ADF800306A46052127F094FA02B010BD90
S214019C00B42D0020D82D002037B582790190034667
S214019C100C3210449B5C132B0ED8042B10D9053B39
S214019C200E2B0DD8DFE803F01D0C0C1D0C0C0C0CD4
S214019C300C16190C0C0C2100302B12D03E2B18D010
S214019C40FAF794FD019B834202D001A827F036FB68
S214019C5003B030BDFFF7B8FFF2E70E4BC2785A608B
S214019C60EEE701A902F036FDEAE701A928F0DAFEDF
S214019C70E6E7094D0024019B43B155F8043B0090EB
S214019C8001A9013498470D2C0098F4D101A827F0BA
S214019C9015FBD5E7B42D0020680B050007B500F0CD
S214019CA0E7F820B103B05DF804EBFFF7ADBF00F0B5
S214019CB0EBF8019018B1054B1B681BB1984703B030
S214019CC05DF804FB01A827F0F9FAF8E7B02D0020AB
S214019CD0024610B1022804D070470348032127F03A
S214019CE0DDB9FFF7DBBF00BFD82D0020024B1A7885
S214019CF0024B53F822301847B42D00209C0B050068
S214019D0010B504460120FFF7F1FF034B1C70BDE8B8
S214019D1010400020FFF7EABFB42D002010B5062141
S214019D20044642F2050028F0CEFC2368C0F8033052
S214019D30A388A0F807300648FAF73AFD28F007FD91
S214019D40407920B128F003FD407940F4805010BDE1
S214019D50EBF8030010B5062104464FF6284028F01C
S214019D60B2FC2368C0F80330A388A0F80730064881
S214019D70FAF71EFD28F0EBFC407920B128F0E7FC4D
S214019D80407940F4805010BD09490100014827F090
S214019D90B3BA00BFC42D00202DE9F3410D46B0F83B
S214019DA06A10019240F6FF73994205D101A827F087
S214019DB085FA02B0BDE8F08113460121A3BB1F4816
S214019DC0114627F02EFCFFF7E1FF04460028F0D0ED
S214019DD027F01CFC6379A66803F001086FF3000303
S214019DE0074663710421204627F052FB43798179A7
S214019DF0B6F86A208660044668F300030C314371A6
S214019E00DB4362540844C2F3032203F0010342EA2F
S214019E1003134370478022463046294628F007FE42
S214019E202046FAF7D5FCCEE75C79986024F0030467
S214019E300C435C7100211B68C0E700BFC42D0020E5
S214019E4070B5074C0546206800B970BD8368AB4203
S214019E5004D10668FFF7AEF82660F4E70446F2E799
S214019E60C42D00200146014827F0DBBBC82D002089
S214019E70014827F041BA00BFC82D0020014601481D
S214019E8027F0CFBBC02D0020034BD86818B103F1D3
S214019E900C0027F031BA7047B42D0020044BDA6865
S214019EA022B95869003818BF012070470120704751
S214019EB0B42D00200138C0B20A289ABF014B185CA5
S214019EC000207047A40B050007B5064827F014FAD2
S214019ED0042101900DEB010027F051FC019803B01D
S214019EE05DF804FBDC2D0020F7B5186810F00200C1
S214019EF01ED0164E3168D1B10024042223460DEB44
S214019F000200019427F0D0F9BDF80630DB0702D431
S214019F10FFF7DAFF04460E4F002557F8043B23B13E
S214019F20BDF804002146984720B1336833B90120B3
S214019F3003B0F0BD0135062DEFD1F6E7054B022142
S214019F4093F90000FEF79EFCF1E700BFDC2D002030
S214019F50E02D0020A03A002010B50948FEF780FC4D
S214019F60084B09491870002420200C60FFF750F9AF
S214019F70064BC3E90044C3E90244C3E9044410BDE7
S214019F80D4100020A03A0020DC2D0020E02D002077
S214019F9010B54178012903460BD802469B7812F882
S214019FA0030B29F01EFA0446074800F0FBFE8480E6
S214019FB010BD082906D101469A7811F8030B29F03D
S214019FC0C1FAF0E72124EFE72002040F10B58278EA
S214019FD04178007801F0DCFE0446024800F0E2FE1B
S214019FE0848010BD2002040610B5D0F80110007858
S214019FF001F0CAFF0446024800F0D4FE848010BD7A
S21401A0002002040710B582784178007802F050F8F3
S21401A0100446024800F0C6FE848010BD20020409F2
S21401A02073B5411D027904466846FFF7E5FA6846AE
S21401A03029F0ECF80546684629F076FA06460948FE
S21401A040E47828F00BFE034648B104710098C3F883
S21401A0500500BDF80420A3F80920DE721D7302B0C6
S21401A06070BD00BFCC0B050013B5C37A0093B0F8E2
S21401A0700930D0F80520D0F80110007801F0F0FC86
S21401A0800446034800F08EFE848002B010BD00BF77
S21401A0902002040310B54178007801F013FD044650
S21401A0A0024800F07FFE848010BD00BF2002040439
S21401A0B010B5064B064A417800781A6001F020FD7B
S21401A0C00446044800F06EFE848010BDF82D002082
S21401A0D021A001002002040537B54478FE2C054670
S21401A0E027D06CB91B4800F05DFE21230371447133
S21401A0F0D5F80230C0F80630EB88438103B030BD96
S21401A100022C17D16946532027F03AFC0446E0B9E1
S21401A1102878694601F018FD04460E4800F042FE14
S21401A120848003460098C3F80600BDF804205A81CF
S21401A130E4E700242246A91C6846FFF777FA9DF853
S21401A140063013F0180FE3D1212400230093CDF835
S21401A1500330E2E72008041010B5007801F01EFD78
S21401A1600446024800F01EFE848010BD2002041141
S21401A17037B5FF230DF107008DF8073001F08CFD90
S21401A180044604489DF8075000F00CFE8480857153
S21401A19003B030BD2003040110B5007801F0A6FD20
S21401A1A00446024800F0FEFD848010BD2002040231
S21401A1B010B5007801F056FD0446024800F0F2FDA5
S21401A1C0848010BD2002040A8378132B10B50C4638
S21401A1D008D1054B1B6803B198472046BDE81040DF
S21401A1E027F06CB810BD00BFF82D00202DE9F04F08
S21401A1F08DB0CDE906121F469DF958300893448864
S21401A200DDF85C90E106054614D5A4F110039BB277
S21401A210032B1FD82F4AD65CDFF8BCA0384629F09E
S21401A22083F904F060040590D9F80030A3B90DB0A5
S21401A230BDE8F08FE20709D4230709D414F0020F12
S21401A2400CBF0326022646F08006E5E70126FAE75C
S21401A2500426F8E70426DFE70DF12B030193EE232E
S21401A2600093202240232146484628F059FD6B7B67
S21401A270099395F90E30029395F90F300B900393DD
S21401A2800BAA6B780493042150469DF82B80B5F8F1
S21401A29010B028F019FD099B0028C5D048EA060829
S21401A2A080F804803A68C0F80520BA88A0F809202A
S21401A2B0059AC272C373089A029B02730374069AC4
S21401A2C0039B42734374079A049B82738374A0F8BA
S21401A2D013B0A9E7EC0B0500F00B050010B5B0F8BC
S21401A2E00110B0F803200078002302F011F80446AC
S21401A2F008B901F0CBFF024800F054FD848010BD80
S21401A3002002050638B50546007801F08FFF0446A1
S21401A31020B96978287802F097F80446024800F0D8
S21401A32041FD848038BD00BF2002050310B502F050
S21401A330B7F80446024800F035FD848010BD00BF22
S21401A3402002050508B529F07AF8024B002018709E
S21401A35008BD00BFA13A0020054B1A88D20705D5D3
S21401A3605B88834214BF2920002070470220704773
S21401A3708A31002008B50068054B002200F0010173
S21401A380C0F340001A805A8003F0D0FB08BD00BF1E
S21401A3908A3100200B4A38B5138813F001050ED117
S21401A3A05488013443F00103A4B21380548003F0AF
S21401A3B0C1F8054800F0F6FC8580C48038BD00244D
S21401A3C02E25F6E78A3100202004460010B5014606
S21401A3D00088FFF7C1FF044618B9488829F06FFEC8
S21401A3E00446024800F0DEFC848010BD2002460BC5
S21401A3F010B501460088FFF7AFFF044618B9488834
S21401A40029F061FE0446024800F0CCFC848010BDB1
S21401A4102002460C10B50088FFF79EFF044638B9A7
S21401A420064A138823F00103138003F093F80446C9
S21401A430034800F0B7FC848010BD00BF8A310020BD
S21401A4402002460F10B50088FFF786FF044638B98C
S21401A450064A138823F00103138003F0ADF904467E
S21401A460034800F09FFC848010BD00BF8A310020A5
S21401A470200246101FB5B0F80110C4780391031DE1
S21401A4800078029329F0E8F860B10094029B0399E2
S21401A490002228F065F80446034800F083FC848017
S21401A4A004B010BD2524F7E720020A0F08B50649B7
S21401A4B0064826F0FBFD0649064826F0F7FD064845
S21401A4C0FEF7BEFE002008BDFC100020002E002076
S21401A4D0E4100020FC2D0020F4100020014828F094
S21401A4E021BB00BF9010002030B5114B994285B0BA
S21401A4F00D46144618D193000FD503A902A8FEF7FE
S21401A500DBFB0823E1B20193039B00930022029B2D
S21401A51041F00051284626F0A1FD064828F09EFB92
S21401A52000B10471012000E0002005B030BD00BF7D
S21401A530FC2D0020540C050022F00042B2F1A04F81
S21401A54008B504D1034828F089FB012008BD002086
S21401A550FCE700BF500C050070B5FFF7BFFF90B1D8
S21401A560FEF7FAFF002604462046FFF781F8054667
S21401A570064800F017FC86802268C0F80620A288EC
S21401A5804281057370BD024C0226EDE720090115D4
S21401A590580C05000A4B10B50020187100F0CCFDD0
S21401A5A004463CB901F0A2FFBDE810400549064843
S21401A5B026F0A0BD204628F09FFF6468F1E700BFA3
S21401A5C08E3100200C110020D82D002070B50020FF
S21401A5D000F0B2FD064D0446012604B970BD2E7189
S21401A5E028F01AFA2046132128F082FF6468F4E75F
S21401A5F08E31002038B50A4C00232360A3800368FF
S21401A6002360207828F070FF054630B905480649D2
S21401A61026F04CFD608801F07FFF284638BD00BF5C
S21401A6208E310020D82D00200C11002022F000428F
S21401A630B2F5037F2DE9F0471C460FD840F20523FB
S21401A6409A420ED840F203139A426CD040F2091394
S21401A6509A4200F0F4800E2A00F0E5800020BDE862
S21401A660F087A2F20622062AF8D801A353F822F0B0
S21401A670D9A6010061A701005DA601005DA6010043
S21401A6805DA601008DA6010089A701006668002568
S21401A6906560B379F371212333710721304626F0C3
S21401A6A0E5FDB2790C32B3186FF05F01B1540322A5
S21401A6B05A7006229A7001226188DA7022789A719D
S21401A6C099803179304628F069FA684B1B79002B5E
S21401A6D0C4D028F0A2F9C1E720685030FEF7C8FFC1
S21401A6E02568A48895F86F6095F86CA095F9719027
S21401A6F095F8728007465E4828F0B0FA0028ADD07B
S21401A7002B6D4360B5F854300381731E5E425E4183
S21401A7108772C67280F80CA080F80D9080F80E80C3
S21401A720A0F80F409AE7207800F0F8FC002895D0B2
S21401A730504894F80090B4F80280A788E688257AF5
S21401A740648928F08BFA002888D080F80490A0F855
S21401A7500580A0F80770A0F80960C57284817DE7BE
S21401A760207800F0DBFC00283FF478AF607825788D
S21401A770FFF7A0FB0446404828F070FA00283FF493
S21401A7806DAF0571447169E7A578012D1DD0022DC5
S21401A7902BD0C5B9E37894F8008094F904706679F3
S21401A7A0364894F90640023BDBB2022B9ABF344A84
S21401A7B0D55C012528F052FA28B180F8048045714D
S21401A7C08771C6710472012049E7E37894F8008026
S21401A7D094F9047066792B4894F90640023BDBB283
S21401A7E0022B9CBF264AD55CE4E7E378264894F81A
S21401A7F00180277894F90490667994F90640023B23
S21401A800DBB2022B96BF1E4A0125D55C28F026FA3C
S21401A8100028D8D0A0F804808771C57180F8089008
S21401A82046728472CFE72346184813F8014B082274
S21401A830002128F024FA0028C5D00471C3E7144883
S21401A84094F800806788A688E588248928F006FAA7
S21401A8500028B8D080F80480A0F80570A0F807603A
S21401A860A0F80950A0F80B40ADE700BF8E310020DC
S21401A870880C05008C0C0500900C05009C0C05004E
S21401A8807C0C0500940C0500840C0500980C050052
S21401A890800C0500024B1A68024B00205A60704774
S21401A8A0E82700209010002010B5F6F787FC044634
S21401A8B030B9044828F00CF9044608B9F6F7BCFD8F
S21401A8C0204610BD9010002073B522F000421C46B1
S21401A8D040F20A639A4209D8B2F5C06F09D80D2A28
S21401A8E065D023D8032A33D0042A58D0002002B0DA
S21401A8F070BD6FF4C0631A44092AF7D801A353F850
S21401A90022F000BF1BAA0100C5A90100E9A90100A8
S21401A910FBA9010013AA0100EDA8010033AA01005A
S21401A92049AA010069AA0100B7AA0100B2F5817F10
S21401A930DCD16248257828F091F9002840D101A998
S21401A9400A2023F033FA0199207800F06BFECDE758
S21401A95001A8F2F775FC5A48BDF8044028F07EF9C4
S21401A9600028C3D000234371C37103724372C372BC
S21401A970037343738373C3736FF07B03062283747D
S21401A98071230271C37402224FF0FF338271037583
S21401A9906FF02B024C23827204824375A6E7494866
S21401A9A0248828F05BF90028A0D084809EE72346FF
S21401A9B0042233F8044B4448002128F060F9F2E7FA
S21401A9C0057193E7207800F0A9FB00288ED03F4858
S21401A9D0267894F90150A47828F040F9002885D00B
S21401A9E006714571847181E72478394828F036F973
S21401A9F000283FF47BAF047178E725783548646812
S21401AA0028F02CF900283FF471AF0571C0F8054015
S21401AA106CE7257830486468F2E730482578648822
S21401AA2028F01CF900283FF461AF0571A0F8054035
S21401AA305CE72B482578646828F010F900283FF475
S21401AA4055AF0571447151E76378264824780D2B7C
S21401AA5096BF254A0125D55C28F000F900283FF469
S21401AA6045AF0471457141E76378204826780D2B80
S21401AA7098BF1D4A4FF0000198BFD55C6368A27865
S21401AA8088BF012528F0FBF808B106714571637887
S21401AA90012B3FF62BAF8DF804301448247801AB18
S21401AAA00122002128F0EBF800283FF41FAF012314
S21401AAB0047143711AE724780D4897E7CC0C05001A
S21401AAC0F40C0500000D0500F80C0500DC0C050073
S21401AAD0F00C0500EC0C0500E80C0500E00C050088
S21401AAE0E40C0500D80C0500BC0C0500D00C0500D4
S21401AAF0D40C050002481422002130F011BD00BF1D
S21401AB00042E002070B5184C05461FF0A8FD637989
S21401AB105B0706460ED414212046144A27F088FF08
S21401AB202179204628F03AF820B13046BDE8704039
S21401AB301FF09BBDA3790C331C442DB92379FF2B41
S21401AB40F3D001332371F0E7012D05D16379FF2B93
S21401AB50EBD001336371E8E7022DE6D1A379FF2B31
S21401AB601CBF0133A371E0E7042E0020040D05008D
S21401AB7010B504460A4827F0D5FF60B10948002100
S21401AB8028F05AF848B18279024414610179BDE887
S21401AB90104028F003B8022010BD1A20FCE700BFC1
S21401ABA090100020FC0C05000428024B28BF002052
S21401ABB0185C7047080D050070B505460B480E4633
S21401ABC000F06CF8044678B900F0BEF8084B04466D
S21401ABD01B6825B1D3F806202A605A89AA800EB1CF
S21401ABE01B7B337000F0C8F8204670BD140D0500BD
S21401ABF0242E0020044A0346106810B102789A42B7
S21401AC0000D170470069F8E71C2E002008B5FFF751
S21401AC1071FF024B00221A6008BD00BF1C2E0020E7
S21401AC2038B5104D104A0446284626F094FE4FF4D7
S21401AC308270A0470D4B01461860287818B14FF472
S21401AC40827226F08BFE4FF48270A047084B0146B5
S21401AC501860287828B1BDE838404FF4827226F093
S21401AC607DBE38BDA23A00201C0D0500202E002016
S21401AC70242E0020084A136833B94178036141F055
S21401AC800101417010607047197802789142FAD03C
S21401AC9003F110021B69EFE71C2E002010B50446D5
S21401ACA029F097FA28B9034B22681C60024B1B68EF
S21401ACB01A6010BD182E0020202E00202DE9F34723
S21401ACC004684FEA04290F4609F4E0691946C4F3FB
S21401ACD0072349EA030909EB0205B5F5807F824699
S21401ACE0164605D94FF01D08404602B0BDE8F0876C
S21401ACF0019129F06EFA80460028F5D1104B019992
S21401AD00C3F800A024F47F4424F0C7040D4B44EAA2
S21401AD1015242D02ADB22C431D6845F8044B4D4455
S21401AD203246284630F0D4FB012F04D1FF2ED9D865
S21401AD3005F8016CD8E7022F08BF25F8026CD3E7A7
S21401AD40182E0020202E002008B5074B1A68074B46
S21401AD5052F8040B1968064B49681B689847054B5F
S21401AD601B68988808BD00BF202E0020182E0020E2
S21401AD701C110020242E0020024B00221A6029F00C
S21401AD802ABA00BF182E0020054B186808B1C36800
S21401AD901BB1003818BF012070470069F6E700BFF5
S21401ADA01C2E002010B5034C23681860F6F782FBB2
S21401ADB0206810BD242E0020F8B504460D46164620
S21401ADC0F1F7AEF960B124F47F4020F0C70040F4FB
S21401ADD00070FFF7E7FF1423037100234371F8BDEA
S21401ADE0194B1A4F1B681C603B6818705870987096
S21401ADF0D870204627F047FE28B19DB94368220E39
S21401AE000BB11D684DB924F47F4020F0C70040F413
S21401AE100070FFF7C7FF0F23DEE75979914201D093
S21401AE200833EDE73046A8473B681D68002DD6D1AC
S21401AE3024F47F4020F0C70040F40070FFF7B2FF13
S21401AE40012303714571CAE7202E0020242E00201D
S21401AE50F8B5124B05021B680E4605F4E065C0F313
S21401AE6007210D43691E043304465E5400F038077B
S21401AE70581811462AB10130904202D0324630F0BD
S21401AE8035FB240C2404A9193C4344EA1124090285
S21401AE9088B22043BDE8F840FFF784BF242E002087
S21401AEA0094B802283F8012383F8042383F80523C2
S21401AEB083F8062383F8072383F8082383F81D23E2
S21401AEC0A02283F8222C704700E100E04FF00053E7
S21401AED01860BFF34F8F0549054BCA6802F4E0625C
S21401AEE01343CB60BFF34F8F00BFFDE700ED00E0DB
S21401AEF00400FA05034AD2F8B03043F05403C2F80E
S21401AF00B030704700400E40054BD3F8E80010F40F
S21401AF1080501CBFD3F8EC0000F00100704700BF62
S21401AF200081E00F2DE9F047164B1D68D3F8048029
S21401AF3098FAA8F4B4FA84F40F4693F8089004EB50
S21401AF404401064605EB81054FF0010A4C4504DB3A
S21401AF504FF0FF342046BDE8F0870AFA04F313EAFF
S21401AF60080F0BD0AB6803F00103B34206D10622EB
S21401AF702946384630F09CFA0028EBD001340C35CF
S21401AF80E4E700BF282E0020014B00225A607047DC
S21401AF90282E0020F8B50446134D24EAE4741FF069
S21401AFA05EFB202C2B7AA8BF2024A342064605D19F
S21401AFB0002430461FF059FB2046F8BD28682C7245
S21401AFC000276F6010B1FEF78DF92F602B7A002BEA
S21401AFD0EED00C206043FEF765F928600028E7D123
S21401AFE028720724E5E700BF282E0020084B094AEF
S21401AFF01A60094B094A1A60094B0A4A1A600A4B39
S21401B0000A4A1A600A4B0B4A1A600120704700BFB1
S21401B01054280020DF2D04005C280020DB2D0400CE
S21401B02058280020192E04004C280020DD2D04008D
S21401B030502800201B2E0400014B986D80B27047EB
S21401B040005008400A4B586800F07060B0F1106F6D
S21401B0500CD008D8B0F1E06F08D0B0F1006F14BF83
S21401B060002001207047B0F1406FF8E701207047DB
S21401B070004008402DE9F041DFF88080D8F8004014
S21401B08006460D461CB900242046BDE8F081012085
S21401B09026F047F907460028F5D0D8F800305B6857
S21401B0A0C8F80030742294F86C800021204630F0F5
S21401B0B037FA84F86C803368C4F85730B388A4F83C
S21401B0C05B30B37984F85D3028682065AB79AA884F
S21401B0D084F85630FF2384F8713084F8723040F6D5
S21401B0E0FF73A4F86A30044BA4F854201A68E76387
S21401B0F062601C60C8E700BF382E0020342E002096
S21401B100054A0346106800B97047B0F86A209A42AB
S21401B110FAD04068F7E700BF382E0020054A0346FC
S21401B120106800B9704790F86C209A42FAD04068CF
S21401B130F7E700BF382E002010B9024B1868704799
S21401B14040687047382E0020114A00232DE9F0414F
S21401B15074211360804602460120FDF7C1FD0446B6
S21401B16020B90C4E05463060A84502D82046BDE8F9
S21401B170F0810120FDF732FE0746742200210135D9
S21401B18030F0CEF987F86C5037603E1DECE700BF13
S21401B190382E0020342E002013B5012303FA01F1C6
S21401B1A090F86D3023EA010149B2044680F86D102B
S21401B1B0002957D127F03AFC204627F0F7FA10214C
S21401B1C004F1180029F016F82046FEF739FE04F1BE
S21401B1D0380026F073F8204628F0FAFF284A13684C
S21401B1E01BB19C4240D163681360A3685A0515D50C
S21401B1F013F4006212D143F40063A36094F86C3038
S21401B2008DF80030A389ADF802301E48E36BE26387
S21401B21040F20B216A46019325F084FF0023636008
S21401B220204625F06BFF04F13C0026F047F827F096
S21401B23073FE94F86C304FF48072B2FBF0F2424326
S21401B2400344B3FBF2F102FB1133DBB2591EC9B260
S21401B250FD29F5D884F86C30002363600A4B1A6820
S21401B2605AB91C6002B010BD1A465B68002BBCD0F0
S21401B2709C42F9D163685360B7E7131D5268EFE744
S21401B280382E0020D82D0020342E002010B5084C72
S21401B290206830B9074BBDE8104018600120FDF763
S21401B2A06DBD436890F86D102360FFF775FFEFE7FB
S21401B2B0382E0020342E0020064B1B68002003B9D0
S21401B2C0704793F86E205B68012A84BF0130C0B2D4
S21401B2D0F5E700BF382E002090F8703003F00B031E
S21401B2E0013BDBB20A2B9ABF014AD05C00207047B3
S21401B2F02A0D05001FB5014690F86C308DF8043014
S21401B300FFF7EAFFB1F85E30ADF80630B1F860300D
S21401B310ADF80A30B1F862308DF80C00ADF808309F
S21401B32001AAB1F868300548ADF80E3040F20311B5
S21401B33025F0F8FE05B05DF804FB00BFD82D00200F
S21401B34007B590F86C308DF8051001AA40F2072178
S21401B35003488DF8043025F0E5FE03B05DF804FBE4
S21401B360D82D002038B50A4B1B6804460D462BB174
S21401B37043699B0702D528F01DF930B120682A469B
S21401B3800421BDE8384028F0D1BEA3699D6138BDCF
S21401B3903C2E0020024B1868003818BF0120704769
S21401B3A03C2E002013B50446019120B901A825F0D2
S21401B3B085FF21200FE008460029FAD026F026F95D
S21401B3C080B20028F2D0084B01991B682BB901996D
S21401B3D02046FEF7D1F902B010BD20469847002856
S21401B3E0F5D00020F7E700BF3C2E002038B5836A71
S21401B3F05904044615D4134A92F82B20012A03F463
S21401B40000430FD1C26A92040CD4002B014614BF2C
S21401B4101420532026F0B4FA18B9A36A43F008039F
S21401B420A36238BD002BFCD1074D20462946FEF706
S21401B43027F90028F5D12868AA88AB792060A28070
S21401B440A371EAE7802D00208F2D00202DE9F0471B
S21401B450244E86F82A00002841D0C0EBC000C10067
S21401B46089B2002301220420FDF73AFC054668B99B
S21401B4700420FDF7B3FC2F4630604FF03809A8468C
S21401B4804FF0A00A96F82A30BB4202DC2846BDE8F7
S21401B490F087346809FB07444FF4A07363620723FF
S21401B4A084F8353004F11800A4F81480C4F820A0FC
S21401B4B084F8068025F002FF04F11C0025F0FEFE4C
S21401B4C040F2011363867F23C4F82C8084F836305B
S21401B4D0C4F82880204600F047FD0137D2E73060E7
S21401B4E00546D3E7802D0020074B93F82A20824299
S21401B4F081BF1B68C0EBC00003EBC000806A8CBF35
S21401B50000F0010000207047802D002008B501469C
S21401B510FFF7EAFF40B1054B1868C1EBC10100EB2C
S21401B520C101886AC0F3C02008BD00BF802D00207D
S21401B5302DE9F04F364A93B05168064610680FABB6
S21401B54003C39068334A18601468C6EBC60304EB5D
S21401B550C30412AA637D02EB430333F80C1CA36AEF
S21401B560DD0442D4012541F010012F4694F80D80E8
S21401B57094F835A0C3F340495B0348BF49F002097C
S21401B58088F00808012FD4E9082304F1070B89B2D3
S21401B59094F93640C8F3C00805D0022F03D0042F13
S21401B5A00CBF03270027012D05D0022D03D0042D43
S21401B5B00CBF032500253046CDE90C230B91FFF780
S21401B5C0A5FFCDE907500120CDE900A0CDE905474B
S21401B5D0CDE903B9DDE90C230B99CDF80880304697
S21401B5E002F03AFC13B0BDE8F08FE26A94F83270CC
S21401B5F094F83350900648BF41F02001500648BFEA
S21401B60041F04001DA0348BF41F00401AEE700BF54
S21401B610360D0500802D0020014B93F82A00704757
S21401B620802D00201FB504460391FFF75DFF0B46F2
S21401B63068B1084A084912680848C4EBC40402EB1A
S21401B640C4040022009204F10E0225F013FD04B09A
S21401B65010BD00BF802D002002010080D82D0020E3
S21401B6603F4A70B51468C0EBC00304EBC30406463A
S21401B670A36A5B0704D500231A46194602F0CEFCDE
S21401B680A36A9D0706D53046FFF752FFA36A23F04B
S21401B6900203A362A36A18070CD5A2792146C2F356
S21401B6A0C002304602F058FC0546A0B9A36A23F052
S21401B6B00803A362304627F043FF054658B9A36A3C
S21401B6C0D90608D5DA0408D5304600F02DFC40BB73
S21401B6D0A16A480727D4284670BD1A0611D4637D8F
S21401B6E0023B012BF4D8A36ADB05F1D5E1693046AC
S21401B6F002F076FC0023E361A36A23F48073A3625D
S21401B700E5E7637D03F0FB03012BE8D0A169304632
S21401B71002F048FCA36AA56123F08003A362002817
S21401B720DDD00546D7E7637D228E012B03D1AAB172
S21401B730802A28BF802211F0400F94F834304FF051
S21401B740010118BF0123304602F068FC05460028B7
S21401B750C1D1A36A23F00403A362BCE74022EAE74F
S21401B760802D0020F8B505461646FFF7BDFE20B32E
S21401B770134B37681B68C5EBC50403EBC40499B9C2
S21401B78004F1180025F09AFDA36AA76143F080032F
S21401B790A362A06A002310F0100033600ED0284682
S21401B7A0BDE8F840FFF75CBF04F11C0025F086FDFC
S21401B7B0A36AE76143F48073EAE72120F8BD00BF7E
S21401B7C0802D00202DE9F041114D0024382695F8F2
S21401B7D02A30A34201DCBDE8F081E7B23846FFF724
S21401B7E083FE98B1286806FB04F84044836ADA06AB
S21401B7F00CD55B040AD4FFF7F9FD2B6843443846A1
S21401B8009A6A42F006029A62FFF72AFF0134DEE7DF
S21401B810802D00202DE9F04FDFF84092D9F8005036
S21401B820C0EBC0032DED028B05EBC30505F1180B2C
S21401B83087B0804658460C46174625F03FFD05F171
S21401B8401C03184608EE103A25F038FD002025F0B6
S21401B85068FD0646002800F0FA80012F40F2726764
S21401B86018BF1F27012C2C7571D0022C14BF04247D
S21401B87006240221304627F0D0FC0121304627F06D
S21401B880CCFC2146304627F0C8FC304625F0BEFEEB
S21401B89084B2391B89B202295BD9012300930A229B
S21401B8A042F60723304627F009FD0444A4B2391BAB
S21401B8B089B202294FD904230093122242F60423A7
S21401B8C0304627F0FBFC0444A4B23B1B012B049634
S21401B8D0039342DC002199F82B30002B40F0B18015
S21401B8E0039B591A89B2304627F0A2FC04465846F3
S21401B8F025F0E4FCAB6AAE6143F0800203F48053AA
S21401B9002343AA6216D199F82B0098B925F009FDB0
S21401B910059078B1394627F08BFC002800F093801B
S21401B92018EE100A059C25F0C9FCAB6AEC6143F4DD
S21401B9308073AB62A86A10F0100000F08980404660
S21401B94007B0BDEC028BBDE8F04FFFF789BE0524BA
S21401B9508FE70020A9E70020B5E7002025F0E1FCED
S21401B96005900028B6D0BB1E02211C1B01F090FDDD
S21401B970A4B2844282465AD224F001018AB2411A04
S21401B98005A8029225F022FF029A92460222BAF1F7
S21401B990000F16D00AF1010104980292C9B227F0ED
S21401B9A03CFC029A0498114627F037FC059904A836
S21401B9B025F08AFF002025F0B4FCA4EB0A040590CC
S21401B9C0A4B20598002837D0022C38BF0224A21E44
S21401B9D092B20F2A30D91021029201F059FD029A33
S21401B9E08242044625D222F00F018BB2411A05A8E5
S21401B9F0029325F0EBFE029C0622611C049802923B
S21401BA00C9B227F00AFC029A0498114627F005FCF1
S21401BA10059904A825F058FF04EB0A01023189B202
S21401BA20BAF1000F3FF457AF023189B253E7032250
S21401BA30ADE708B10722E0E705A825F03FFC51462F
S21401BA40EEE7002453E705A825F038FC72E71A2034
S21401BA5007B0BDEC028BBDE8F08F00BF802D002043
S21401BA6070B5044615461E46FFF73EFD30B3144B2F
S21401BA70C4EBC4001C6804EBC000826A93050BD4B7
S21401BA80A1F120044FF6DF739C4217D8A5F12004DC
S21401BA909C4213D8A94211D8036A8B4202D1436A49
S21401BAA0AB4204D0C0E9081542F0020282629DF85A
S21401BAB0103080F834300686002070BD2120FCE767
S21401BAC0802D002010B50446FFF70EFD98B14B07F8
S21401BAD011D00A4B1B68C4EBC40003EBC00090F8FE
S21401BAE035308B4205D0836A80F8351043F0020367
S21401BAF08362002000E0212010BD00BF802D0020C1
S21401BB0038B504460D46FFF7EFFCC8B12046FFF7EF
S21401BB10FDFC2B1E18BF012383420CD0094B18686D
S21401BB20C4EBC40400EBC404A36A35B143F4006358
S21401BB3043F00203A362002003E023F40063F7E767
S21401BB40212038BD802D002070B50446FFF7CCFCBF
S21401BB50E8B18B7913F0180F19D00F4B1D68C4EBA1
S21401BB60C40405EBC403E6009A6A12F0100410D16F
S21401BB700868A85122F4004242F4804288888979F4
S21401BB80997142F0080298809A62204670BD212081
S21401BB90FCE70220FAE700BF802D002070B50146C1
S21401BBA0FFF7A2FCE0B1104C2568C1EBC10105EB23
S21401BBB0C103CE009A6A12F0100113D112F480402C
S21401BBC00DD0D4F80F00A85122F48042607DB4F85D
S21401BBD013509D8042F0080298719A62084670BD23
S21401BBE02120FCE70220FAE7802D0020044A116894
S21401BBF0C0EBC00301EBC3014A7D27F0A4BB00BF25
S21401BC00802D0020F8B505460C46FFF76DFC28B3DD
S21401BC10052923D8124E3368C5EBC50203EBC203D0
S21401BC20D700986925F0F2FC1F2817D833683B44E3
S21401BC30D86925F0EBFC1F2810D8012C0ED0231F45
S21401BC40012B0BD93168394422468B6A23F482537F
S21401BC508B622846BDE8F84027F075BB2120F8BD69
S21401BC60802D002008B50146FFF73EFC80B1094A49
S21401BC701268C1EBC10302EBC3020846936A23F0C4
S21401BC80500343F004039362BDE80840FFF7E8BCA5
S21401BC90212008BD802D002070B50546114890F87A
S21401BCA02A60026800239E4201DC1A2016E0946A8C
S21401BCB014F0010F114602F1380210D10A4AD0F8E9
S21401BCC00F00086044F0090490888C6292798A71AA
S21401BCD0DCB288802046FFF72BFC2C7070BD013348
S21401BCE0E1E700BF802D00208F2D0020F8B5064625
S21401BCF0FFF7FAFB002847D0304627F025FC11282D
S21401BD000546304608BF002527F019FC1F4B1B6867
S21401BD10C6EBC60403EBC404A36AD90608D523F010
S21401BD20100343F00403A3623046FFF799FC05466F
S21401BD30A36A23F00103A022A3624FF4A073002795
S21401BD40C4E90823072384F8353004F11800A782D4
S21401BD50A77125F0B3FA04F11C0025F0AFFA40F202
S21401BD60011363867F2384F836302046E762A76294
S21401BD7000F0FAF83946304602F014F939463046F2
S21401BD8002F02EF92846F8BD2125FBE7802D00207C
S21401BD9070B506460D461446FFF7A6FB18B125F00A
S21401BDA0E1FD054201D1212070BD04426FEA000386
S21401BDB0F9D045EA04021A42F5D1012D01D0042D2D
S21401BDC0F1D1631E012B01D9042CECD10B4B1B685E
S21401BDD0C6EBC60003EBC00090F83230AB4203D18D
S21401BDE090F83330A34207D0836A80F8325043F08C
S21401BDF0020380F8334083620020D5E7802D0020BF
S21401BE00F8B58378122B0F4636D10C68A3790C331C
S21401BE101C44E57826790DB145F480553046FFF788
S21401BE2063FB58B17DB9B4F80500FFF769F928B18D
S21401BE3080F872602A46294600F092FB3846BDE833
S21401BE40F84025F03BBA0D4AE0791468C6EBC60304
S21401BE5004EBC3039A6A22F01001996212F04001C2
S21401BE6003D022F050029A62E8E758829E731D8240
S21401BE703046FFF7D7FBE1E7F8BD00BF802D002075
S21401BE802DE9F843DDF8209005460E4690461F46FC
S21401BE90FFF72AFB002841D0052E3FD8731E012B41
S21401BEA03CD9052E3AD01F4B1B68C5EBC50103EBE9
S21401BEB0C10118F0010FCC6A8A6A14BF44F020044D
S21401BEC024F0200418F0020F14BF44F0400424F0BC
S21401BED04004F807CC621DD5D9F80030C1F8073008
S21401BEE0B9F80430A1F80B3099F806304B7342F4D8
S21401BEF080328A628B6ABA074CBF43F0400323F054
S21401BF00400343F480538B6232462846BDE8F8432B
S21401BF1027F019BA22F480328A62EBE72120BDE8C5
S21401BF20F88300BF802D00200E4B1B6810B5C0EBB8
S21401BF30C00403EBC404A36A13F080030FD0637D2F
S21401BF40A169032B08D102F04BF80023A361A36A71
S21401BF5023F08003A36210BD02F024F8F5E718462B
S21401BF60F9E700BF802D0020064B93F82D301BB15A
S21401BF70836A43F480638362C36A43F01003C36237
S21401BF80704700BF802D002038B504460D46FFF7E8
S21401BF90ABFA00284BD0284B1968C4EBC404EB0756
S21401BFA001EBC4040CD5A36AE26A23F48063D006CD
S21401BFB0A3625FBF42F0100243F00203E262A36293
S21401BFC0A90709D5E36A9A0606D4A26A43F02003B4
S21401BFD042F00202E362A262280709D5E36A590623
S21401BFE006D4A26A43F0400342F00202E362A26270
S21401BFF0A36A5A040CD46B070AD52146142025F0EF
S21401C000BFFC98B9A36A43F4004343F00803A36254
S21401C01015F010000AD0E36A13F4005009D143F476
S21401C0200053E362A36A43F00203A36238BD2120F2
S21401C030FCE70020FAE700BF802D0020F8B5044693
S21401C04010680E46174625F0E1FA05462046FFF72A
S21401C0504BFAA8B1154B1B68C4EBC40003EBC00038
S21401C060836ADA0619D5DB0402D41F2D0EDD07E03C
S21401C07040F272639D4203DC437D042B02D12EB154
S21401C0802120F8BD032B01D1002EF9D03A463146C6
S21401C0902046BDE8F840FFF765BB27F079F9002890
S21401C0A0E3D140F272639D42E0E700BF802D00209D
S21401C0B02DE9F34107460E461546FFF715FA18B95E
S21401C0C0212002B0BDE8F081042EF9D8052DF7D85D
S21401C0D005F0FB03012BF3D03A4B1B68C7EBC704F3
S21401C0E0042D03EBC40403D094F83230012B0BD09B
S21401C0F0A36A5B0508D4E36AD806E1D4022DDFD033
S21401C100032E08BF002614E0022DF9D1E36AD906F2
S21401C110D6D594F83230012BD2D1042EF0D1A069B5
S21401C12025F074FA1F28CBD8E06925F06FFA1F288E
S21401C130C6D8042E267565750AD1204627F028F93B
S21401C140C8B12946384602B0BDE8F041FFF75ABDEE
S21401C150204627F01DF960B9204627F021F980F026
S21401C1600100C2B2217D3846FFF754FB0028E4D017
S21401C170A7E70022F6E7204627F012F90028E0D1CB
S21401C180E36A5A06C3F34016A36A48BF46F002069E
S21401C19013F080080ED1DB050CD504F1180025F04C
S21401C1A08DF8E369C4E90638A36A23F4807343F083
S21401C1B08003A36200230093324629463846FFF7E0
S21401C1C05FFE7EE7802D0020094B5A79D97A8A4294
S21401C1D0A8BF0A465A7419895A888A42A8BF0A46CD
S21401C1E0DA81D9881A888A42B8BF0A469A81704786
S21401C1F0402E002038B50B4C10252A460021201D64
S21401C2002FF08EF94FF010122260E26005222274A0
S21401C210054AE5800123042125812371A172646109
S21401C220137038BD402E0020A33A002010B50446F6
S21401C23027F0F1F8F8B100F091F8F0B9114B1B783E
S21401C240EBB1012C04D0042C13D0FFF7BDFF022064
S21401C2500D4900EB400301EB43034B6106235843B2
S21401C2600C1800236288095A6079BDE8104000F076
S21401C2704FB80120ECE7212010BD0220FCE718464C
S21401C280FAE700BFA33A0020402E0020014B00220F
S21401C2901A707047A33A002073B5144D144C6B689E
S21401C2A0206803F0800200F0020010431BD05B06FA
S21401C2B054BFA67A0126FDF753F901968379A28821
S21401C2C0217A607A83F00803C3F3C0030093E388FE
S21401C2D001F07EFD38B9236823F0020323606B6802
S21401C2E023F080036B6002B070BD00BF802D00207C
S21401C2F0582E0020054B012200204FF01011C3E9F3
S21401C3000200C3E900215A72704700BF582E002070
S21401C310032910B510D9032A0ED991420CD301284E
S21401C3200AD8064CA3722368207243F00203A18048
S21401C330E2802360002010BD2120FCE7582E00205B
S21401C340014B187B704700BF582E0020024BD87A4D
S21401C350003818BF01207047582E0020024B187B6A
S21401C360003818BF01207047582E002038B51F4DE1
S21401C370696811F0020137D11D4C2368580706D5AC
S21401C380084601F04BFD236823F00403236023686D
S21401C39003F008026B6803F0040313430FD0FDF7A4
S21401C3A0DFF883791A071CD5FDF7D4FCC0B92368DA
S21401C3B023F0080323606B6823F004036B60FFF728
S21401C3C06BFF68B9E37A5BB123685B0708D4012188
S21401C3D0084601F023FD18B9236843F004032360DF
S21401C3E038BDFDF79BFCE1E71120F9E7802D002021
S21401C3F0582E002070B5124C257B637B22689D4227
S21401C400B8BF1D469207E37AEEB201D49E4215D01C
S21401C4101BB10023E372FFF7A9FFE67275B1094B62
S21401C42093F82B30012B05D1236843F002032360D8
S21401C430FDF73AF8BDE87040FFF798BF002070BDE1
S21401C440582E0020802D0020022938B504460D46BE
S21401C45001D9212038BD26F0DEFF0028F9D00E4B89
S21401C4601A7BB2B91A68D10742BF22F0010242F024
S21401C47002021A60094A525D1A735A7AA2421FBF13
S21401C4801A685C7242F002021A60BDE83840FFF793
S21401C490B1BF0220DEE700BF582E0020420D050086
S21401C4A0054A137B013B022B03D800231373FFF7C6
S21401C4B0A1BF0020704700BF582E0020032806D1D8
S21401C4C0094A136843F008031360FFF74FBF0128BA
S21401C4D005D1054BDB7A002BF2D10020704710F016
S21401C4E0FD0FFAD1ECE700BF582E0020094B10B51E
S21401C4F000205862FEF720FE04461CB9BDE8104035
S21401C500FEF7C4BE204641F2160126F099FF646884
S21401C510F3E700BF802D0020A0F11B03E02B10B530
S21401C520044618D8042142F2240026F0CCF86FF015
S21401C5306F03437142238371A0F803400748F8F75D
S21401C54037F926F004F9407920B126F000F9407950
S21401C55040F4805010BD2120FCE700BF07FC03001B
S21401C56073B504460E465AB390F86F1082810023C5
S21401C570012980F86E3014D154494B62ADF804207D
S21401C58040F201216A462046009424F0CBFDA368C0
S21401C59043F48063A36000212046FEF7FDFD02B050
S21401C5A070BD90F87230FF2BE8D048490968C3EB9C
S21401C5B0C30301EBC303996A21F010019962DDE719
S21401C5C090F86E30032BEAD190F872303F4DFF2B76
S21401C5D00ED02868C3EBC30200EBC20150F832004C
S21401C5E0C4F857008A798888A4F85B0084F85D202F
S21401C5F01B22A4F86820EA8BA4F86420FF2B2A8C5F
S21401C600A4F8662005D194F86F30012B01D0002ED6
S21401C610C5D0022384F86E30204626F006FA20465E
S21401C62026F0BDF894F86F30012B2BD100236B62F6
S21401C6300021204600F0D0F93046009400F084F93D
S21401C6406A46ADF8040040F20621214824F06AFD4E
S21401C650002240F20221204624F020FD2046FEF76B
S21401C66049FE204626F0A1F8204601F085FBA36886
S21401C670012123F480432046A36002B0BDE8704048
S21401C68026F03EBF94F87230FF2B08D02A68C3EB21
S21401C690C30302EBC3039A6A22F010029A6226F0E1
S21401C6A05EF870B194F9713001330AD1A36805219F
S21401C6B043F480532046A36002B0BDE8704026F0E4
S21401C6C017BF0021204626F01EFCB1E7802D002072
S21401C6D0D82D0020F0B50378302B85B004460F46E0
S21401C6E039D005D8052B25D0082B41D005B0F0BD93
S21401C6F03E2BFBD183780C2B4CD8022BF6D9033B6F
S21401C700092BF3D801A252F823F000BFA5C70100F8
S21401C710DBC80100EDC60100EDC6010073C80100CB
S21401C720EDC60100EDC60100EDC60100EDC6010033
S21401C730C7C80100B0F80300FEF7E2FC28B1617932
S21401C74009B141F4805126F07BFE384605B0BDE8BC
S21401C750F04024F0B3BDB0F80300FEF7D1FC00288A
S21401C760F3D0A17809B141F4805126F091FEECE7AF
S21401C770B0F80300FEF7C4FC0028E6D0627990F812
S21401C780703022B143F0010380F87030E9E703F01E
S21401C790FE03F9E7212B00F0B280292B1FD0202BB6
S21401C7A0D3D0A3E78088FEF7ABFC0028CDD0E27893
S21401C7B0002ACAD1E179A27942EA0122A0F85E20D4
S21401C7C0E17AA27A42EA0122A0F86020227A617A0E
S21401C7D042EA0122A0F86220FEF78CFDB5E701A827
S21401C7E0E27904F10801FCF707FFA67901A85EBB10
S21401C7F0534B5D6A002DA8D003C8A5F85410090C48
S21401C800286585F85610E378ABB9A188284626F046
S21401C81077FBE27EA37E43EA0223A5F85E30E27F41
S21401C820A37F43EA0223A5F86030237F627F43EAB1
S21401C8300223A5F86230E2780AB142F4805231460A
S21401C8402846FFF78DFE80E726F044FE054618B120
S21401C85040F20323A0F86E30608C4FF6FF739842C7
S21401C86005D000F083F80646002DCCD16DE70026F2
S21401C870FAE7B0F80300FEF743FC00283FF465AF83
S21401C880B4F80530A0F8683090F86C208DF80420D4
S21401C890ADF80630227AE37943EA0223ADF8083090
S21401C8A0A27A637A43EA0223ADF80A30227BE37A5E
S21401C8B043EA0223ADF80C3001AA40F209112148DF
S21401C8C024F030FC41E78088FEF71AFC00283FF48C
S21401C8D03CAFA179FEF734FD37E78088FEF710FC00
S21401C8E090F86C308DF80430D4F80630CDF8053069
S21401C8F0D4F80A30CDF8093001AA0E21DFE7808886
S21401C900FEF7FEFB00283FF420AF90F86C308DF860
S21401C9100430E3788DF80530A3798DF80630E37995
S21401C9208DF80730237A8DF80830637A8DF8093050
S21401C930A37A8DF80A3001AA4FF40371BFE700BF4E
S21401C940802D0020D82D002050B1074B1B68C31A3C
S21401C950807A0C22B3FBF2F340EA032080B27047E0
S21401C9604FF6FF70704700BF2011002009490B7A6F
S21401C97009680246FF2B01D10020704703EB4303F1
S21401C98001EB830031F82330C3F30B039342F4D059
S21401C990C37AEFE72011002008B5054B054A197840
S21401C9A0054824F0D8FF054BF7221A8008BD00BFC2
S21401C9B09D3A0020450D0500A43A0020FE120020F5
S21401C9C0A0F11703E82B9DBF024B18800020212001
S21401C9D0704700BFFE120020F8B5054648200E46F7
S21401C9E024F0BEFF1E4F0446387818B1482221466F
S21401C9F024F0B4FF94B1FEF7CDFC98B11C2024F0CE
S21401CA00AFFF0146A061387810B11C2224F0A6FFC2
S21401CA10A7692FB92046FCF765FC3C462046F8BDC1
S21401CA2000233B700321284626F06DFAEB6C636009
S21401CA30EC6417232681002663810A492560224675
S21401CA40267766642846FCF7C1F801F019FD3246E0
S21401CA50014604F10C00FCF7B9F802232374DDE764
S21401CA60A43A0020D5CA010010B5044670B3006888
S21401CA70C36CA34222D16368C3641549224624F0DD
S21401CA8019FB04F10C0024F039FB04F1440024F0F6
S21401CA9015FCFEF77FFC58B1A06948B1143024F0AC
S21401CAA00DFCA069183024F009FCA069FCF71AFCFB
S21401CAB02046BDE81040FCF715BC1346002BDCD021
S21401CAC05A68A242F9D162685A60D6E710BD00BF23
S21401CAD0D5CA010038B50D4622F0004340F20321C5
S21401CAE08B42044638D0B3F5017F09D240F20122C9
S21401CAF0934231D040F2022293420AD0002038BD40
S21401CB006FF481610B44012BF8D8114626F075FDB0
S21401CB10F4E7FEF73FFCC0B1154B1988172914D965
S21401CB20A3691B788BB9636923F00203636120460E
S21401CB3026F068FA48B9A36912219861204626F0C2
S21401CB4046FD636943F002036361204626F091FEC9
S21401CB50204625F04FFDD1E763699B0704D540F2D7
S21401CB600941204626F030FD284626F0EFFCC5E7B1
S21401CB70FE120020F8B5054618B3002921DB114C3A
S21401CB802468247E8C421CDD3F291ADC01F0030652
S21401CB9000EBA1017600032404FA06F791F8314070
S21401CBA002F0030224EA0704B240224381F831204E
S21401CBB013B1002126F09EFD2846BDE8F84026F078
S21401CBC0F6BDF8BD682E002070B5164600221A7014
S21401CBD032800A7A0D46072A4ED8DFE802F00409A9
S21401CBE00D111A1E304BE86830F8023B338070BDD9
S21401CBF0EB68981D5B88F9E7EB68981D9B88F5E75D
S21401CC00697B1E4B26F0C3FD02221880328018462F
S21401CC10EDE702231A483380E9E71A4C2B7B237091
S21401CC202B88E889013363702B8801331B12A370AC
S21401CC30E11C00F031FB033030802046D7E7124C70
S21401CC40A889EB89A370020A1B0A20706270E37040
S21401CC5000F0F8FB50B1C3681A88022A06D19A7808
S21401CC602271DB78637106233380E6E704230648E6
S21401CC703380BCE780221A700020B8E7CE3A002045
S21401CC80550D0500BB3A0020B53A0020054A064B73
S21401CC901860136843F001031360044B828B1A80FB
S21401CCA0704700BF982E0020682E00209431002087
S21401CCB02DE9F04F4F4F3E688FB0002316F008065F
S21401CCC0CDE90433CDE9063304460CD04A4B03F1D3
S21401CCD0100253F8041B44F8041B9342F9D10020B8
S21401CCE00FB0BDE8F08F1020FCF778F80546002855
S21401CCF077D020F03EFA0220F3F79CFC0146284646
S21401CD00F3F7B8FC00286ED1802204A92846F1F773
S21401CD10CBF9002867D1B146384B1B68D988B2B227
S21401CD20914218D821462846F1F714FA284620F0F1
S21401CD3024FA29461020FCF773F82F4B04F1100251
S21401CD4054F8041B43F8041B9442F9D13B6843F0A2
S21401CD5008033B60C3E71A68ADF80E901FFA86FB1E
S21401CD604FEA0B1802EB0B1B5846019227F01CF9F1
S21401CD708246584600F03AFB20B3AAF520539BB2F0
S21401CD80032B019A02D9BAF5245F1DD132F8083077
S21401CD90ADF820300DF10E0259460DF10D030020BD
S21401CDA0ADF822A0FFF710FFBDF80E20014609A836
S21401CDB02EF08EFBBDF80E2008A904322846F1F7A6
S21401CDC0B7F980B90136A7E70AF55643FF339BB298
S21401CDD0042BF7D832F80830ADF82030ADF822A091
S21401CDE0E8E71A207CE7014640F2074025F0B6FC4A
S21401CDF09CE700BF982E0020A53A0020682E002050
S21401CE000F4B196810B5CC0717D40E4BDA899C89DD
S21401CE10944212D9490748BF0B499C6848BF096824
S21401CE2024F81200DA894ABFC8891046801802F130
S21401CE30010248BF80B2DA8110BD4FF6FF70FBE7F2
S21401CE40982E0020702E00206C2E0020144B1B689C
S21401CE5013F0040370B5014606D0124B1C68E38933
S21401CE60002290B2834209D80F4A1468E58900224D
S21401CE7090B285420AD84FF6FF7006E0A56835F8ED
S21401CE8012508D4202F10102EBD170BDA66836F850
S21401CE9012608E4202F10102EAD1034498B2F4E72D
S21401CEA0982E00206C2E0020682E0020094B1B684F
S21401CEB05B070AD5084B1A68D389834203D993685E
S21401CEC033F810007047C01A80B2044B1B689B6889
S21401CED0F6E700BF982E00206C2E0020682E00205A
S21401CEE0F0B50E4E0E4FF18832683C8802EB011207
S21401CEF0154600234FF00B0C04EB030E01339BB2D7
S21401CF009842A5F800E085F809C005F11005F3D8A8
S21401CF1004440844F0803C801046F0BD702E00208A
S21401CF20963100202DE9F041254CA589E389EB1ABD
S21401CF3083428846164613DA0A35ADB26800FCF716
S21401CF40B1F9074610B90020BDE8F081E289A16871
S21401CF5052002EF0BDFAA068FCF7C4F9A760A581BF
S21401CF60A58AE38AEB1A434511DA0A35ADB22801E0
S21401CF70FCF798F907460028E5D0E28A21691201F4
S21401CF802EF0A6FA2069FCF7ADF92761A582A588DF
S21401CF90E388EB1AB34211DA1435ADB22801FCF777
S21401CFA081F906460028CED0E288216812012EF0CB
S21401CFB08FFA2068FCF796F92660A5800120C3E762
S21401CFC0702E0020F8B51D4CA688E388F31A83421C
S21401CFD007461DDAB0F5FA7F2CBF361806F5FA7645
S21401CFE0B6B23046FCF75EF90546B0B1E288216874
S21401CFF02EF06EFA124A20681368D188A5EB000C51
S21401D00003EB011199420AD1FCF76CF92560A68061
S21401D010E38825681D443B44E3802846F8BD5A7AD8
S21401D020920704D51A7A22B1013A012A01D910339E
S21401D030E8E7DA686244DA60F9E700BF902E00207C
S21401D040702E00200B4B0C4A1888D188136810B537
S21401D05003EB01118B4200D110BD5A7A940707D415
S21401D060DC88204214BF42F0040222F004025A7205
S21401D0701033EFE794310020702E002010B50E4CCF
S21401D080206820B1FCF72EF900232360A3800B4C07
S21401D090206818B1FCF726F900232360A06818B1B0
S21401D0A0FCF720F90023A360206918B1FCF71AF9F0
S21401D0B00023236110BD00BF902E0020702E00209B
S21401D0C038B505464FF4FA70FCF7ECF8134B1860C8
S21401D0D0E0B1134C4FF4FA725A6000212022204628
S21401D0E02EF01EFA2801FCF7DDF820601420FCF76C
S21401D0F0D9F8A060A020FCF7D5F82368206113B109
S21401D100A36803B118B9FFF7B9FF002038BD0A2399
S21401D110A580A381A3822046F8E700BF902E0020B9
S21401D120702E0020034A1368990744BF23F00203B8
S21401D13013607047982E002038B5046809490546E3
S21401D1400C2220462EF0B4F950B90749022204F108
S21401D1500E002EF0ADF918B90C342C60022038BD43
S21401D1601020FCE7580D0500660D05002DE9F74374
S21401D170102801914AD101A8FFF7DEFF022806D147
S21401D180019B1888FFF762FE03B0BDE8F083102804
S21401D19002D04FF6FF70F7E71E4B019F186810F09C
S21401D1A0040031D01C4BD3F80080B8F81660002478
S21401D1B0A5B2AE421AD8194BD3F80080B8F816902B
S21401D1C00025ACB24C45E4D2D8F81000102200EB92
S21401D1D0051039462EF06CF901350028F1D1A01959
S21401D1E06FEA40406FEA504080B2CDE7D8F81000B1
S21401D1F0102200EB041039462EF05AF901340028AB
S21401D200D6D145F40040BFE70646D4E70228C0D190
S21401D210B6E700BF982E00206C2E0020682E002056
S21401D22070B505460C46FFF7A1FF4FF6FF7398420F
S21401D2302AD1022D04D12088BDE87040FFF7E0BD59
S21401D240102D21D1114D2B68DA071DD4104BDE8A23
S21401D2509A8AB24218D91A69214602EB061204F1DB
S21401D260100051F8044B42F8044B8142F9D1D88A98
S21401D270421CDA822B685B0704D5064B1B68DB8AE7
S21401D280184480B240F4004070BD00BF982E0020C4
S21401D290702E00206C2E0020020408B51DD5124BFE
S21401D2A01B685B07C0F30E0013D5104B1A68D38AB0
S21401D2B098420CD2136903EB001000F1100350F8EA
S21401D2C0042B41F8042B9842F9D1102008BDC01A4E
S21401D2D080B2074B1B681B69EDE7FFF7E7FD087097
S21401D2E0000A48700220F1E7982E00206C2E0020DC
S21401D2F0682E0020F8B50D4B1B68DA881D680446B9
S21401D30005EB021542F6030726461034A5420AD05D
S21401D31021B9204626F048FEB84204D0204626F021
S21401D3204DFE0028F0D03046F8BD00BF682E002024
S21401D3302DE9F0411E4E0C461146FFF7DBFFF38840
S21401D340326800F1100502EB03129542074604D13C
S21401D3502046BDE8F041FFF7C3BD521BC2F30F12D2
S21401D3604FEA04181201294605EB04102EF0BEF808
S21401D3704246002128462EF0D3F80E49B6F806C0DC
S21401D3800A88384600230B27A4B202EB030E0133AA
S21401D3909BB2A342A0F810E0477600F11000F4D348
S21401D3A0224464440A80F4802846BDE8F08100BF28
S21401D3B0702E0020963100200B4B1B6870B51D683F
S21401D3C0044642F60306A54204D2204621B126F0C1
S21401D3D0F5FD38B1204670BD26F0E6FDB04201D11C
S21401D3E01034F7E7103CEEE7682E0020437ADA07A0
S21401D3F002D5C3F380007047034BC2881B881A42CC
S21401D40014BF012000207047943100200A4B1B688E
S21401D410DB0708D570B1094B1B68DB88834234BF34
S21401D42000200120704728B1054B1B88834294BF1A
S21401D43000200120704700BF982E0020682E002093
S21401D4409631002070B50246FFF7E0FFE8B10F4BBA
S21401D4501968CD88954209D302F18053013B0C68C7
S21401D4601E0104EB0310A35B93420ED0002398B277
S21401D470854201D8002008E00E681C0106EB031067
S21401D480345B944203F10103F1D170BD682E002094
S21401D4902DE9F3410025184F0190A8460E463B683A
S21401D4A0D988AAB291421DD91B68ACB203EB041409
S21401D4B0B4F90430002B1CDA2046FFF797FFC0B101
S21401D4C0E1680B889E4214D132460198023124F05D
S21401D4D0B2F8E3681B8882B2934207D0114601A8CE
S21401D4E024F074F9404602B0BDE8F08143441FFAC7
S21401D4F083F80135D3E700BF682E002010B5094C2C
S21401D5002368DB070CD4FFF7B9FD074B1B683BB15B
S21401D510064A1360DB88064A013313800123236021
S21401D520002010BD982E00206C2E0020682E0020B2
S21401D53096310020064A1368D90706D413F0020074
S21401D54003D143F002031360704741F20C007047A9
S21401D550982E00202DE9F04F934B1B689F0795B03E
S21401D56040F11F81914C42F6020026F0E4FCD4F80B
S21401D5700090B4F806B009EB0B13824601934946B6
S21401D5800027019B8B423DD1DFF82492B9F8043085
S21401D590BB4216D03846FBF785FE824688B1064662
S21401D5A04FF0000BE2881FFA8BF39A427CD8D9F829
S21401D5B00000FBF797FEC9F800A0A9F80470A9F8C7
S21401D5C00670DFF8F0810025012340224FF0FF317D
S21401D5D004A8A8F8003025762DF0A2FF2E46A9460D
S21401D5E0E3881FFA85FA53457DD8E680FFF79AFD52
S21401D5F0B9F1000F02D004A8FCF790FA002015B08C
S21401D600BDE8F08F4B7ADE061FD49D0704D5084689
S21401D61026F081FC384487B24B88534515D18E8954
S21401D620C8460023012598B2834510D8AE4238BFBC
S21401D6302E4600F10108B6B21FFA88F809EB081366
S21401D6403546C3451DD88E81CD81103199E7B8F88E
S21401D65000209642EAD098F80900C0060DD4AA42E6
S21401D660039208D94046029326F0A8FC039A029B2F
S21401D670002818BF15460135ADB2013308F1100870
S21401D680D1E71846029326F099FC0028DBD1029BCD
S21401D6905A7AD20658BF013508F1010858BFADB213
S21401D6A01FFA88F81033CCE723681FFA8BF503EBD3
S21401D6B005156B7A03F01203022B09D1284626F0D2
S21401D6C02AFC804620B12B7A2BB1013B012B02D9D3
S21401D6D00BF1010B66E73046E96842462DF0F8FE8D
S21401D6E0EE604644F4E72768A9B24FEA011B07EB50
S21401D6F001114B7AD80651D41A0744BF23F0080308
S21401D7004B724B7A48BF4FF00109980642BF43F06F
S21401D710040323F020034B724B7A48BF4FF00109F4
S21401D7205A0644BF23F044034B7237F80B30B8F85F
S21401D7300020029348BF4FF0010993421DD90846C5
S21401D740019226F03BFC019AB8B1029BA8F8003082
S21401D750564509D207EB061701F1100351F8042BC1
S21401D76047F8042B9942F9D1B8F800300136013355
S21401D770B6B2A8F80030013532E70B7A032B0AD18E
S21401D7804B7B207E3E2B9EBF50336B4403F8400CF0
S21401D790431C2376487327F80B20D9E74FF001097D
S21401D7A0E9E741F20C002AE7982E0020702E0020AF
S21401D7B0902E0020963100202A4B1B689A072DE9EF
S21401D7C0F0414CD5284C2568B4F80680002105EBBD
S21401D7D008180E46A8450BD119B1244AD388591A00
S21401D7E0D180002E38D1FFF79DFC0020BDE8F081E6
S21401D7F06F7A3B0706D5731C28469EB226F08BFB34
S21401D800084481B227F070076F721035E2E783B2E1
S21401D81002EB03135F7A3F070DD4A94209D202EB4C
S21401D820011203F1100553F8047B42F8047BAB4266
S21401D830F9D1013189B20130E388226885B2AB4261
S21401D840E5D89B1B9BB202EB0312E38032F8103C37
S21401D850074A01331380C6E700200146ECE741F290
S21401D8600C00C3E7982E0020702E0020902E00207A
S21401D870963100202DE9F04F87B083469DF850A0E1
S21401D8800193BDF840300293BAF1020FBDF844305F
S21401D890BDF84890DDF84C8005911646039324D0D8
S21401D8A0994503D9212007B0BDE8F08FB9F1000FE3
S21401D8B002D0B8F1000FF5D0022E1CD102200021B3
S21401D8C00646019B13F0300520D09DF85430DD0745
S21401D8D01BD4019B01309C0680B2C3F3001501D511
S21401D8E045F002050124032712E04FF00008C14667
S21401D8F0CDF80C80E0E7102ED4D105A8FFF71CFC6C
S21401D9000228DBD001210846DBE700252C4602274A
S21401D910FFB23A46C0B2FFF705FB08B91A20C2E7C4
S21401D9205846FFF78FFD83460028BBD026F046FBFE
S21401D9300028B7D0BAF1020F6CD0039B981D80B2B5
S21401D940FFF740FB03460028E8D039460122584637
S21401D9500493FFF7EDFC074642F6030026F0EBFAC8
S21401D9603A4A9DF804B07A60102E4FF0050278808E
S21401D9703A720CBF30460220059987F80CB0FFF7C3
S21401D9804FFC029BBB824FF6FF72BAF1010F049B5C
S21401D990F8817882FA823FD0BAF1020F0CBF0722D3
S21401D9A00122BAF1020F3A7638D10023FB61169BA9
S21401D9B013B1169A3B8A1380002C45D042F602100A
S21401D9C026F0B9FA029B7884D90454BF40F60303C3
S21401D9D040F60313BB84029B87F82C509A0448BF79
S21401D9E0BB8C1B4A44BF43F40073BB84029B5B049D
S21401D9F042BFBB8C43F48063BB844FF6FF73FB844A
S21401DA00032387F82830137E87F82D30591C1176AA
S21401DA10002048E7002398E70222C2E7039AFB6149
S21401DA2083F800B05A80B9F1000FC0D0B8F1000FEA
S21401DA30BDD0BAF1010F08BFA3F804904A4641468B
S21401DA40981D2DF045FDB2E720462CE70108FFFFA3
S21401DA50702E002010B58EB041F60103ADF82430CB
S21401DA6042F60523ADF8283042F62A33ADF82C30BD
S21401DA7042F62933ADF830302B4BDB88002B50D1E2
S21401DA80FFF758FD00284AD10DAB022209A9012053
S21401DA9026F0C5FA002842D14FF4006304210DF1A7
S21401DAA03604CDE90031CDE90504CDE90300029045
S21401DAB02023BDF8340002220AA9FFF7DBFE70BB63
S21401DAC040F601031022CDE900320223CDE9050418
S21401DAD0CDE9030002901A46BDF834000BA9FFF702
S21401DAE0C9FEE0B90DF1230303930123CDE9013308
S21401DAF040F60303CDE905048DF823000490009356
S21401DB00BDF834000A2302220CA9FFF7B3FE30B990
S21401DB10BDF8340026F0D3FA08B9FFF71BFD0EB0A6
S21401DB2010BD0220FBE700BF702E00202DE9F04754
S21401DB30DFF8F8A0DFF8F880DFF8F8902022064634
S21401DB400D46504600212DF0EBFC354A0023C2E974
S21401DB500033C8F800300123A9F80030002E51D058
S21401DB60304F3B68DB074DD52F4E3368D8881430CD
S21401DB7080B2FFF7A5FA044618B91A252846BDE86B
S21401DB80F08736680068F288316812012DF0A0FC33
S21401DB90F388E380337E2376738B6383B38BA3830F
S21401DBA03B68BAF8062023F001033B60DAF8003040
S21401DBB003EB02129A421FD1FFF744FA3B6843F087
S21401DBC004033B60E3880133A9F80030164B1A685A
S21401DBD0C8F80020134A1C60136823F00103136081
S21401DBE0002DCBD0E388CBB9FFF734FF05460028DC
S21401DBF0C4D0FFF783FCC1E7597A41F0010159729D
S21401DC001033D7E71420FFF75BFA04460028B4D098
S21401DC10044A136823F004031360D7E70025ADE731
S21401DC20902E0020982E0020682E0020702E0020B6
S21401DC306C2E00209631002008B5002142F20E001D
S21401DC4024F041FDBDE808400148F6F7B1BD00BF2C
S21401DC50D3FB030038B590F86E30032B0446154607
S21401DC6006D1FFF7E9FF012384F86E30002019E0A2
S21401DC70D1B9012B2ED9032140F2064024F023FD11
S21401DC80B4F86A30A0F8033045711348F6F790FDF2
S21401DC9024F05DFD8378002BE5D024F058FD8078D4
S21401DCA040F4805080B238BDA3B102214FF6044043
S21401DCB024F009FDB4F86A30A0F803300748F6F7F7
S21401DCC077FD24F044FD4379002BCCD024F03FFDB2
S21401DCD04079E5E70220E6E7DFFA030019FB0300D7
S21401DCE0F8B507460E4642F213000E2115461C46AD
S21401DCF024F0E9FCB7F86A30A0F80330BDF8183014
S21401DD00A0F80B30BDF81C30A0F80D30BDF820305F
S21401DD10A0F80F30A0F80560A0F80750A0F8094059
S21401DD200648F6F745FD24F012FD807820B124F070
S21401DD300EFD807840F48050F8BD00BF5BFB030009
S21401DD4070B506460D4642F27A000421144624F0C8
S21401DD50BAFCA0F80360457184710648F6F728FD01
S21401DD6024F0F5FC407920B124F0F1FC407940F430
S21401DD70805070BDA548010010B50221044642F24C
S21401DD80300024F0A0FCB4F86A30A0F803300F4845
S21401DD90F6F70EFD24F0DBFC437963B924F0D7FCDB
S21401DDA0C088FDF7ADF9044628B124F0D0FC017A0D
S21401DDB02046FDF7C5FA24F0CAFC407920B124F0CC
S21401DDC0C6FC407940F4805010BD00BFA14B010055
S21401DDD0F8B507460E4642F24100082115461C4694
S21401DDE024F071FC9DF81830C3709DF81C30037147
S21401DDF047718671A0F80750A0F809400648F6F763
S21401DE00D7FC24F0A4FC407920B124F0A0FC407992
S21401DE1040F48050F8BD00BF1148010038B50546F2
S21401DE200C4642F24200062124F04DFC00234371C9
S21401DE308371C3710372C57004710648F6F7B8FCA6
S21401DE4024F085FC407920B124F081FC407940F42F
S21401DE50805038BD694801002DE9F04106460F465D
S21401DE6042F23600192115461C46DDF8248024F0BE
S21401DE702AFC2B0AC371230A83729DF81830037398
S21401DE809DF81C308571447243732D0C9DF820302B
S21401DE90C670240C87800572C4728373D8F800306C
S21401DEA0C0F80F30B8F80430A0F813309DF82830C9
S21401DEB043759DF92C3083759DF83030C37500236A
S21401DEC003769DF8343043769DF83830C3768676EF
S21401DED00648F6F76DFC24F03AFC407920B124F0B0
S21401DEE036FC407940F48050BDE8F0815949010084
S21401DEF038B505460C464FF61940052124F0E3FBDC
S21401DF00C57044600648F6F753FC24F020FC4079BF
S21401DF1020B124F01CFC407940F4805038BD00BF8D
S21401DF2087F8030038B505460C464FF61A4005211A
S21401DF3024F0C9FBC57044600648F6F739FC24F0A6
S21401DF4006FC407920B124F002FC407940F4805070
S21401DF5038BD00BFB9F8030070B50D46064601216D
S21401DF60DAB1FFF7C5FF0446A8B9072142F235002A
S21401DF7024F0A9FBC6702B684360AB880381084870
S21401DF80F6F716FC24F0E3FB437923B124F0DFFB1C
S21401DF90447944F48054204670BDFFF7C3FFE2E79E
S21401DFA05DFA030010B50A460446042142F2370022
S21401DFB024F09EFB03230371002343718371C47015
S21401DFC00648F6F7F5FB24F0C2FB407920B124F0B1
S21401DFD0BEFB407940F4805010BD00BF4BF90300F2
S21401DFE010B50A460446042142F2380024F080FBAC
S21401DFF003230371002343718371C4700648F6F747
S21401E000D7FB24F0A4FB407920B124F0A0FB407993
S21401E01040F4805010BD00BF99F90300F8B50646DC
S21401E0200F4642F23900062114461D4624F04BFBEA
S21401E03001238471240A0371C7704671C471057285
S21401E0400648F6F7B5FB24F082FB407920B124F0B0
S21401E0507EFB407940F48050F8BD00BFE7F903002D
S21401E0600148FBF7ABBD00BF6DE001002DE9F04FA5
S21401E070867987B00C3605900546805BC0F30B00A9
S21401E080FDF73EF8044618B905A823F017F94EE047
S21401E09090F86E30022BF7D1AB5B059AC3F30B01F8
S21401E0A003F44053B3F5805F9060A95342D153798E
S21401E0B06FF300035371836B002BE5D0042105A891
S21401E0C004F1380623F05BFB0599304623F0A9FAE4
S21401E0D0A06B00230146DAB20133A1BB012A01D9A4
S21401E0E023F0A5FBA06B23F091FA03281FD9D4F8DF
S21401E0F0389099F80670484623F088FA0C3709EBF1
S21401E100070539F80770A0F10408474521D94A4F99
S21401E110D4F838A007F1100957F804BB5346424615
S21401E12029462046D8474F450FD00028F4D007B0DF
S21401E130BDE8F08F383023F0C1F8059A537943F0E3
S21401E14001035371BAE70968C5E70028EFD13046E5
S21401E1509BE7A06B23F05AFA04378742F7D3698806
S21401E160A1F140033F2B0BD80421304623F007FBD7
S21401E170A26B6988204626F023F80023A363D6E71E
S21401E18005290BD0062951D00429E0D1304623F0C9
S21401E190F6FAA16BE06CFDF705F9EEE72946204695
S21401E1A026F00CF802460028D1D12B79122B06D086
S21401E1B0132B36D06979204625F0D8FFC7E794F8A7
S21401E1C06F30022BF6D029898B1F9BB240F67A401E
S21401E1D0834224D86A89931F9BB283421FD89142F7
S21401E1E01DD8AB89B3F5FA7F19D2EF89A7F10A00DA
S21401E1F080B240F6764C604511D8B4F866000290BD
S21401E200B4F86400CDE900702046FFF769FD021EF0
S21401E21018BF01226979204625F064FF97E701229D
S21401E220F8E794F86F30012B91D1C3E7A16B204634
S21401E23024F09CFAA1E700BF680D0500184622F0FD
S21401E240004240F20A439A422DE9F04122D8B2F543
S21401E250806F02D80020BDE8F0816FF4806422440C
S21401E260092AF7D801A353F822F000BFB1E2010052
S21401E270BDE20100DBE2010027E30100FDE201004F
S21401E28043E3010067E301006FE3010055E201008B
S21401E29089E301006FF4A0631A44042ADAD8042A39
S21401E2A0D8D8DFE812F07A008D009500BA00CE00CB
S21401E2B005784488654824F0D1FC3CE0057844683C
S21401E2C0826900F108030021614824F0D8FC002887
S21401E2D0C0D00571C0F80540BCE7067845880479CA
S21401E2E0826900F1080300215A4824F0C8FC00287E
S21401E2F0B0D00671A0F80550C471ABE70479077871
S21401E3004688C5881B2C00F108020CBF0421002199
S21401E310514824F0D9FC00289CD00771A0F805606C
S21401E320C471058196E7057844884269031D00217A
S21401E3304A4824F0A4FC00288CD00571A0F80540BA
S21401E34088E706784588848800F108020021444859
S21401E35024F0BAFC00283FF47DAF0671A0F8055002
S21401E360A0F8074076E7057844883E48A3E7047896
S21401E3703C4824F073FC00283FF46CAF072343713C
S21401E38000230471837165E70478374824F066FC3E
S21401E39000283FF45FAF04715CE70778468805798B
S21401E3A0C48800F108020021304824F08DFC0028C2
S21401E3B03FF450AF0771A0F80560C571048149E7C5
S21401E3C0077846880579C488294824F047FCEEE793
S21401E3D087680479067845887FB1C78800F1080206
S21401E3E00021244824F070FC00283FF433AF067166
S21401E3F0A0F80550C47107812CE71E483B463A46F3
S21401E400394624F03CFC00283FF424AF0671A0F8FE
S21401E4100550C471077247721CE790F80080478860
S21401E4200679C5880489144824F018FC00283FF4AE
S21401E43011AF80F80480A0F80570C671058144818B
S21401E44008E7057844880D4835E700BF880D0500C4
S21401E450A80D0500780D05007C0D0500800D050052
S21401E460840D05008C0D05009C0D0500900D050022
S21401E470A00D0500A40D0500940D0500980D0500DE
S21401E480004870473DE2010008B5024800F08CF8EC
S21401E490002008BD99E4010037B520F00040182897
S21401E4A00ED18B79084801910C33CA18CD5A94784D
S21401E4B024F0D4FB08B18580847101A822F0FEFE09
S21401E4C0012003B030BD00BFAC0D050030B587B0EC
S21401E4D0054600208DF80F1008F0DEFA032806D155
S21401E4E0002022F01EFF044640B91A201DE000203D
S21401E4F008F0D2FA0428F3D0022016E002220DF129
S21401E5001601ADF8165022F0BCFE01220DF10F01E6
S21401E510204622F0B6FE00220023CDE9002304485F
S21401E5202246182125F086FF002007B030BD00BF27
S21401E530B5E50100F8B506460A480D4617461C46DD
S21401E54024F08CFB68B19DF818300373BDF81C30BD
S21401E550A0F80D309DF820308780C6800581448163
S21401E560C373F8BDB00D0500024B5860184624F081
S21401E570AFBA00BF2C110020014BD86822F056BF5D
S21401E5802C110020014B1860704700BFAC2E0020F4
S21401E590014B1860704700BFB42E0020014B186075
S21401E5A0704700BFA42E0020014B1860704700BFC3
S21401E5B0A02E0020322838B504464AD8431E2C4DDA
S21401E5C0312B27D8DFE803F01919263023282B2E04
S21401E5D02E30303032464646262626263030304803
S21401E5E030303026262619191919193030303030B6
S21401E5F0301919191919191919191E4B1B684BB11C
S21401E6002A5D042A8CBF00220122204618E0084613
S21401E61025F0A2FE00231BE025F09FFEFAE725F079
S21401E6209DFEF7E7144BE9E7144BE7E7144B1B682D
S21401E630002BEFD06A7B042A8CBF002201220D201A
S21401E64098470028E6D12B5D0133DBB2042BE1D8D5
S21401E6502B5538BD0B4BD1E70B4B1B68002BD9D084
S21401E6602A7E042A8CBF002201221820E8E700BF78
S21401E670D03A0020AC2E0020B42E0020B02E002070
S21401E6809C2E0020A42E0020A02E0020014B1860F6
S21401E690704700BFA82E0020014B1860704700BFCE
S21401E6A0B82E002003780D2B03D90E3B052B04D979
S21401E6B07047034B1B6813B11847024BFAE77047C4
S21401E6C0A82E0020B82E002008B50248FFF766FFE6
S21401E6D0002008BD35E7010007B588B10378012B96
S21401E6E011D0022B19D05BB98288C3880021002083
S21401E6F0CDE9000143EA02420E210D4825F09AFEBB
S21401E70003B05DF804FB8288038900210020CDE96F
S21401E710000143EA02420F21EFE7828803890021C4
S21401E7200020CDE9000143EA02421021E5E700BFDF
S21401E730B5E501000F2873B506460D4614460CD004
S21401E74010280CD00E2806D10D4824F087FA40B1C7
S21401E7502B0C8380C58001240FE00A48F5E70A48A0
S21401E760F3E754B1042025F096FE2A46CDE90001D0
S21401E7700648314625F05EFE0024204602B070BDF4
S21401E780C80D0500CC0D0500D00D0500B5E501004E
S21401E79010B5044806F0FAF804460348FCF702FBF5
S21401E7A0848010BDD9E601002802230008B506F0D2
S21401E7B033F90348FCF7F6FA00230371437108BDE9
S21401E7C02802230130B585B00023054601A8CDE90E
S21401E7D00133039306F03CF90446B8B92B78052BB0
S21401E7E040D8DFE803F02103192A333BD5F801307E
S21401E7F01D4AA3F57A71914234D863336422B3FB80
S21401E800F2F3019301A806F037F904461748FCF71E
S21401E810C9FA848005B030BDD5F80130DBB2092BCA
S21401E82020D98DF80C30EDE7D5F80130DBB29A1E11
S21401E8307E2A17D88DF80D30E4E7D5F8013001337C
S21401E840DBB20B2B0ED88DF80E30DBE7D5F8013096
S21401E850DBB2642B06D88DF80F30D3E7D5F801303C
S21401E8600293CFE72124D1E7B46B9914280223063B
S21401E87010B5008806F024F904460248FCF792FA1F
S21401E880848010BD2802230310B5008806F038F9ED
S21401E89004460248FCF786FA848010BD2802230548
S21401E8A008B50448FFF76EFE0348FFF7EFFE0020A9
S21401E8B008BD00BF69E901000542040038B50546F8
S21401E8C003480C4624F0CAF908B18580C48038BDD7
S21401E8D0080E0500112A70B506460D4614460BD8DB
S21401E8E01AB1541E012202FA04F4044824F0B6F9BF
S21401E8F010B18680C580846070BD00BF040E05001F
S21401E90070B5064604480D46144624F0A7F910B122
S21401E9108680C580047270BD000E050038B50546B8
S21401E9200C460448002124F0AAF908B18580C48069
S21401E93038BD00BFF40D050038B5054603480C4642
S21401E94024F08CF908B18580C48038BDF00D05002F
S21401E950024A0349034802F01FBE00BFBDE801009A
S21401E960D5E8010001E901002DE9F04F89B0431E09
S21401E97002AF80460C461546322B47D8DFE813F027
S21401E9804D0033004600460046004600460046005D
S21401E9904600460046004600460046004600460041
S21401E9A04600460046004600460046004600460031
S21401E9B04600460046004600460046006F007500C9
S21401E9C08500870095004600460046004600460042
S21401E9D04600B800DD000E011801330033001A01AD
S21401E9E08401860155010228C1F30B09C1F30B36D8
S21401E9F0C1F3016A0CD1A64824F030F900284ED0A4
S21401EA0080F804A0A0F80590A0F80760012547E06B
S21401EA102E280CBF9F48A048EEE7002008F03CF8DF
S21401EA208146002025F0DBFD834625F098FE8246D0
S21401EA309A4824F013F9064660B1A9F10403D3F10C
S21401EA40000949EB030980F80490A0F805B0C0F866
S21401EA5007A00126FFF77CFF002ED7D11FE09048C4
S21401EA6024F0FCF8D8B18480D0E725F078FE06467D
S21401EA70002025F0B4FD81468A4824F0EFF870B1F5
S21401EA80A0F80490C0F80660C0E78748E8E70020D1
S21401EA9025F09EFC854824F0E1F80028B6D185B91A
S21401EAA028461C37BD46BDE8F08F8B798048396112
S21401EAB00C33CA1851F80390566824F0CFF860B9A1
S21401EAC0A5B1042025F0E7FC2246CDE900017948EE
S21401EAD0414625F0AFFC0025E2E78660C0F80490C9
S21401EAE0012607F1100022F0E9FBB5E72E46F8E70C
S21401EAF00023052207F11000F96022F0D5FB3B7CCC
S21401EB006D4897F811B097F812A097F813903E7DCC
S21401EB107B6024F0A3F860B17B680672037180F80D
S21401EB2005B080F806A080F80790012607F10C00D2
S21401EB30D9E7002DC5D12E46F8E7E94608468AB042
S21401EB40396122F063FD23280DF1080B21D83969BC
S21401EB507960084622F05AFD796802460023584635
S21401EB6022F0A2FB9DF80A2054489DF808A09DF8C3
S21401EB7009600DF10B03002124F081F848B14671BC
S21401EB8080F804A0012607F1100022F097FBCD467D
S21401EB9062E70DB1CD4694E72E46F4E7484824F0E7
S21401EBA05DF800283FF47BAF230A037144712DE71B
S21401EBB0444870E7C1F3074A4FF0000907F1100215
S21401EBC007F10C015046C7E9039925F0FFFE3E699F
S21401EBD0A3B2B3420AD33C4824F040F800283FF4DD
S21401EBE05EAF80F8049080F805900FE7F61AFA6891
S21401EBF03648642E28BF642613444946324624F01C
S21401EC003EF800283FF44BAF16FA84F680F804A0CD
S21401EC10002104F47F02B6B20020CDE900013243A0
S21401EC203021244825F006FCF0E6C1F3074A4FF0F0
S21401EC30000907F1100207F10C015046C7E90399D4
S21401EC4025F0C6FE3E69A3B2B34201D32048C3E70E
S21401EC50F61AFA681F48642E28BF642613444946EC
S21401EC60324624F00CF800283FF419AF16FA84F661
S21401EC7080F804A0002104F47F02B6B20020CDE99A
S21401EC80000132433321CCE71348E9E6134802E793
S21401EC90180E05001C0E0500200E05000C0E0500C2
S21401ECA0400E0500380E05003C0E0500440E05001A
S21401ECB0140E0500B5E50100480E0500FC0D050023
S21401ECC0100E05004C0E0500280E0500240E05004A
S21401ECD0300E05002C0E0500E80D0500F80D0500A8
S21401ECE0012907B50AD100210020CDE900011F2125
S21401ECF0084825F09FFB03B05DF804FB0329FAD111
S21401ED0000200021CDE900010AB92021F0E72121E8
S21401ED10EEE700BFB5E50100B0B5102B84B00D4697
S21401ED2002AF11461A4601D0202B25D102F10A0462
S21401ED3024F00704ADEB040DD31C8DF808000DF18B
S21401ED400B007B608DF80A2002AC8DF809502CF080
S21401ED50BFFB00217B682246084622F09CFC00216E
S21401ED6002460020CDE9000104482B2125F062FB74
S21401ED7000200837BD46B0BD2120FAE7B5E5010001
S21401ED8007B500230022CDE9002341EA00222C2109
S21401ED90034825F04FFB002003B05DF804FB00BFDD
S21401EDA0B5E5010007B500230022CDE900232D219A
S21401EDB0034825F03FFB002003B05DF804FB00BFCD
S21401EDC0B5E501001FB58DF809108DF80B3000214F
S21401EDD09DF818308DF808008DF80A208DF80C3053
S21401EDE002AA0523084622F056FC40B10022002361
S21401EDF0CDE900232A210246024825F01BFB05B077
S21401EE005DF804FBB5E501001FB590F828300293C4
S21401EE10C38C0193D0F822300093038C014600F195
S21401EE201002002025F072FE04460348FBF7BAFFE5
S21401EE30848004B010BD00BF2802140438B505460E
S21401EE4003480C4623F00AFF08B14560047238BD3A
S21401EE50EC0D05001FB5124A13689842CDE9021061
S21401EE60104B02D81C688C4218D210600220196020
S21401EE7022F057FA044688B1042203A922F001FAC7
S21401EE80042202A9204622F0FCF900220023CDE943
S21401EE90002305482246232125F0CCFA04B010BDF4
S21401EEA0C02E0020BC2E0020B5E5010013B5124C83
S21401EEB0C2F30B0204EA033313430A0602F040725C
S21401EEC01A4348B900210020CDE9000102210B4870
S21401EED025F0B0FA02B010BD022805D100210020AD
S21401EEE0CDE900012E21F2E70128F3D1002100200F
S21401EEF0CDE900012F21EAE700F0FF00B5E50100AA
S21401EF00F8B5074607480E4615461C4623F0A6FEEA
S21401EF1030B10771A0F80560A0F80750A0F80940C5
S21401EF20F8BD00BF340E050007B500230022CDE969
S21401EF3000232221024825F07DFA03B05DF804FB88
S21401EF40B5E5010007B500230022CDE900233221F3
S21401EF50024825F06FFA03B05DF804FBB5E5010041
S21401EF602DE9F04100208CB025F093FB02AE04465B
S21401EF702822002130462CF0D3FA374600251FFA06
S21401EF8084F8454502D3A1B2002007E00DF1060240
S21401EF902946002025F08AFB68B10021002984B2A9
S21401EFA014BF3246002249000648FBF751FF848011
S21401EFB00CB0BDE8F081BDF8063027F8023B0135FC
S21401EFC0DFE700BF2803141C10B525F02CFD04460E
S21401EFD00248FBF7E7FE848010BD00BF2802141527
S21401EFE0024B188808B925F0FCBC70479831002000
S21401EFF030B58FB00DF13705CDE90A2104460993E6
S21401F000FFF7EEFF07950DF136050695124D0B99A4
S21401F0102D7805950025CDE90305BDF85000029031
S21401F0209DF84C000190BDF848000090DDE90932DA
S21401F030204601F027FD044658B9084801F036FE7F
S21401F04000220023CDE9002305482246012125F0B0
S21401F050F1F920460FB030BD033B0020A5E60100C4
S21401F060B5E501001FB50023CDE9013300931A462B
S21401F07001211846FFF7BCFF04460348FBF792FE42
S21401F080848004B010BD00BF2802140008B500211A
S21401F090054809F077FC04F041FC00F0FFFF034847
S21401F0A0FFF776FA002008BDD5420400B1F0010052
S21401F0B020F00043082B73B506460D46144605D0CE
S21401F0C0092B09D00124204602B070BD0E4823F05A
S21401F0D0C5FD58B14560F5E70C4823F0BFFD28B1E2
S21401F0E003230372042345604372EBE7002CEAD046
S21401F0F0042025F0D0F92A46CDE90001044831461E
S21401F10025F098F90024DEE7640E0500680E050078
S21401F110B5E5010010B5142025F088F9044650B174
S21401F120142200212CF0FCF9044A1368A360013371
S21401F13008BF01231360204610BD00BF4011002008
S21401F14073B51E4D064628680446B4B99AB191B106
S21401F150FFF7E0FF044670B12B68C660436003B159
S21401F16018602C6000220023CDE900231448A26811
S21401F170082125F05FF902B070BDE368B34201D003
S21401F1806468E2E70029EDD122680AB1636853603A
S21401F190636803B11A60A04208BF2B6000220023F7
S21401F1A0CDE900230921A268054825F043F9204648
S21401F1B002B0BDE8704025F03BB900BFC42E002068
S21401F1C0B5E5010008B50248FFF766FA002008BD5C
S21401F1D0D5F1010070B503780F3B042B11D8DFE899
S21401F1E003F00310111F2B00184B1B784BB18668D8
S21401F1F08588C488164823F031FD10B18680C58005
S21401F200048170BD114B1B78002BFAD08588847958
S21401F210104823F023FD0028F3D085808471F0E7A1
S21401F2200A4B1B78002BECD084880B4823F016FD84
S21401F2300028E6D08480E4E7044B1B78002BE0D05E
S21401F240BDE87040054823F009BD00BF043B00201F
S21401F250A00E0500980E0500940E05009C0E0500F4
S21401F26010B50378072B0FD841781F290CD81846FC
S21401F27002F066FA002840F2034408BF002403485F
S21401F280FBF790FD848010BD2124F8E728022201B7
S21401F29010B50378012B12D8417807290FD8827848
S21401F2A01F2A0CD8184625F0AFFB002840F203446D
S21401F2B008BF00240348FBF775FD848010BD212498
S21401F2C0F8E700BF2802220313B504460088E28847
S21401F2D0A18801ABC0B225F000F850B16188019851
S21401F2E025F0B5F904460448FBF75CFD848002B0BE
S21401F2F010BD40F20254F6E72802220A13B504466E
S21401F3000088A288618801ABC0B224F0E6FF58B13C
S21401F310E1880198002225F020FA04460448FBF70C
S21401F32041FD848002B010BD40F20254F6E700BFF2
S21401F3302802220C10B5427A037A88B043EA0223E7
S21401F340ADF80830C278837843EA0223ADF81A3064
S21401F350837A8DF81C30C37A8DF81D30037B8DF8C7
S21401F3601E30437B0446003B18BF012310220021B8
S21401F3700DF10A008DF81F302CF0D2F82088E288B3
S21401F380A18801ABC0B224F0A8FF50B1019802A930
S21401F39025F0C6F904460448FBF704FD848008B04E
S21401F3A010BD40F20254F6E7280222112DE9F0477B
S21401F3B0044688B01822002102A82CF0B1F8208853
S21401F3C0A288618801ABC0B224F087FF10B3019810
S21401F3D002A925F095F904461048BDF81AA0BDF813
S21401F3E008909DF81C809DF81D709DF81E609DF884
S21401F3F01F50FBF7D7FCC5F300058480A0F806A0D4
S21401F400A0F8089080F80A80C7720673457308B0A2
S21401F410BDE8F08740F20254DEE700BF280A221357
S21401F42010B5037853B9411CB0F8110025F053F913
S21401F43004460848FBF7B6FC848010BD012B07D1B3
S21401F440B0F81110421CB0F8130025F04EF9EFE7A2
S21401F4502124EEE72802221A70B59CB2064615460C
S21401F46034B1044823F0FAFB10B18680C4800572DB
S21401F47070BD00BFBC0E05002DE9F04F1F46B7B0AA
S21401F480002306463846CDE904120B9325F092F880
S21401F4900228DDF804919DF808A158D0304625F0E1
S21401F4A0CCF80290484622F0B1F81FFA80F8B8F17D
S21401F4B0020F054651D90023032249460AA821F026
S21401F4C0F3FE9DF82830DFF898B003F03F0303936E
S21401F4D0CAF380030193ABB203240893304625F0A8
S21401F4E0B0F80690304625F0AAF8089B07901D1B39
S21401F4F0A82DA8BFA825AAB2234649460CA809925A
S21401F5002C4421F0D1FE099A0B9D0CAB00215846E4
S21401F510A4B223F0B4FBB8B1029BC380079B03815E
S21401F520069B4381059B8381049BA0F80F30019BBA
S21401F5304374A8EB0402039BC37453425341878070
S21401F540857380F812A00375A045C7D805E04098DA
S21401F5500BA925F037FA0028A0D037B0BDE8F08F08
S21401F560B80E05002DE9F74F9DF830709DF8344030
S21401F570424D98463F2F4FF00003DDE90EB98A460B
S21401F5800193ADF802308DF8013068D825F045F8C2
S21401F590064600286DD028F0E4FB00286CD02868C9
S21401F5A0002851D14B465A46032122F074F82860B0
S21401F5B0002852D0032121F047FF2B689A79134483
S21401F5C067F03F071F73A3F80DA02868002122F0FB
S21401F5D02EF9002C34D0109B5BB1294A1099138860
S21401F5E00B80ADF8023001336FEA43436FEA5343B1
S21401F5F01380022228680DEB020122F01CF8022873
S21401F60028D1B8F1000F05D09DF8013043F0100362
S21401F6108DF80130012228680DEB020122F00BF86B
S21401F620012817D1304625F00EF8019010B101A837
S21401F63021F044FE29683046002425F006F82C60A7
S21401F640204603B0BDE8F08F4A46594621F0F3FF45
S21401F6504845BAD0094821F031FE1924F0E72124A3
S21401F6602B68002BECD0054821F028FE00232B60E8
S21401F670E6E740F20254F3E70224F1E7C82E002041
S21401F6800013002010B586B000230493027A03927B
S21401F69000F109020292C27901928279009282886F
S21401F6A041880088FFF75EFF04460348FBF77AFBB4
S21401F6B0848006B010BD00BF2802190110B58288EB
S21401F6C04188008824F0A9FF044658B128F049FB78
S21401F6D058B1204625F034F804460548FBF762FB8E
S21401F6E0848010BD40F20254F7E70224F5E700BF1C
S21401F6F02802190373B5054628F0A6FA044608B190
S21401F700122829D1EA79402A30D805F108036FF08A
S21401F71007001C46401BC1188A4223D8AA8869885C
S21401F720288824F07AFF064610B328F01AFB10BB8F
S21401F730AB79124AE979002B114B08BF0023CDE9BA
S21401F7400032304622460F4B28F081FA044618B99B
S21401F7500146304624F079FF0B48FBF723FB8480F3
S21401F76002B070BD13F8011B3F29D4D92124F3E759
S21401F77040F20254F0E70224EEE700BF59F401001C
S21401F780FB42040079F401002802190408B5044874
S21401F790FBF784FA18B9BDE8084023F0CEB908BDD6
S21401F7A0EC0E050008B50448FBF778FA18B9BDE871
S21401F7B0084023F0C2B908BDDC0E050010B50446AA
S21401F7C00548FBF76BFA30B9044B1B689C80BDE813
S21401F7D0104023F0B2B910BDE40E0500202E002023
S21401F7E010B504460548FBF759FA30B9044B1B68B7
S21401F7F09C80BDE8104023F0A0B910BDF40E0500B2
S21401F800202E002038B5054607480C46FBF746FA79
S21401F81040B9064B1B681D71C3F80540BDE838406A
S21401F82023F08BB938BD00BFD40E0500202E002072
S21401F83008B50448FBF732FA18B9BDE8084023F0CA
S21401F8407CB908BD040F05002DE9F04385B06C4670
S21401F85084E80F001948BDF84090DDF84480BDF8F3
S21401F86048709DF84C60FBF719FA18BB144B1B68DF
S21401F8700DF1100C1D1D224603CA62452860696001
S21401F880144605F10805F6D10CAA03F1140110A8D7
S21401F89052F8044B41F8044B8242F9D1A3F8249064
S21401F8A0C3F826805F8583F82C6005B0BDE8F04379
S21401F8B023F043B905B0BDE8F08300BF140F05007F
S21401F8C0202E002008B50448FBF7E8F918B9BDE872
S21401F8D0084023F032B908BD0C0F0500F8B50746FD
S21401F8E00E480E461546FBF7D9F9044688B9FBF7CC
S21401F8F02BFA0B4B044619680EB18B79336035B180
S21401F9008A79BA4207D8073128462BF0E1FDFBF782
S21401F91033FA2046F8BD1D24F9E700BFFC0E0500AA
S21401F920242E002038B5054606480C46FBF7B6F9E6
S21401F93038B9054B1B681D715C71BDE8384023F072
S21401F940FCB838BD440F0500202E002070B50646D1
S21401F95007480D461446FBF7A1F940B9054B1B684D
S21401F9601E715D719C71BDE8704023F0E6B870BDF4
S21401F9704C0F0500202E00202DE9F04180460A4854
S21401F9800F4616461D46FBF789F950B9074B1C680A
S21401F990A4F80480E78026816581BDE8F04123F064
S21401F9A0CCB8BDE8F08100BF2C0F0500202E00204A
S21401F9B02DE9F04180460A480F4616461D46FBF7DC
S21401F9C06DF950B9074B1C68A4F80480E7802681BE
S21401F9D06581BDE8F04123F0B0B8BDE8F08100BF15
S21401F9E0240F0500202E00202DE9F74F80461646ED
S21401F9F01D46BDF830209DF8343013489DF838B0C8
S21401FA009DF83CA09DF8409001920F460093FBF7AD
S21401FA1045F9A8B90D49019A0C68009BA4F8048021
S21401FA20E78026816581A281A37384F80FB084F8EC
S21401FA3010A084F8119003B0BDE8F04F23F07DB814
S21401FA4003B0BDE8F08F00BF3C0F0500202E00205C
S21401FA502DE9F84F83461B48DDF828A0DDE90D7631
S21401FA60894690461D46FBF719F9044638BB164BE6
S21401FA701B68A3F804B0A3F80690A3F80880FBF768
S21401FA8063F9124B04461A680DB1D3882B80BAF17C
S21401FA90000F02D01389AAF800300B9B13B10B9903
S21401FAA0937A0B700C9B13B10C99D37A0B700FB130
S21401FAB0137B3B700EB1537B3370FBF75DF9204629
S21401FAC0BDE8F88F340F0500202E0020242E0020DC
S21401FAD084B0F8B5054607AC1048BDF82C70BDF8E3
S21401FAE0306084E80E00FBF7D9F898B90C4B1B6818
S21401FAF00BA91D715A1D54F8040B42F8040B8C42D5
S21401FB00F9D1A3F81570A3F81760BDE8F84004B062
S21401FB1023F013B8BDE8F84004B070471C0F050089
S21401FB20202E00202DE9F84380460F4616461D4636
S21401FB300B489DF82090DDE909230121FBF7BEF86B
S21401FB4060B9084B1C68A4F80480E7802681A5727A
S21401FB5084F80B90BDE8F84322F0EFBFBDE8F883C8
S21401FB60640F0500202E002070B5064607480D4696
S21401FB701446FBF793F840B9054B1B689E80DD8061
S21401FB801C81BDE8704022F0D8BF70BD5C0F050037
S21401FB90202E00202DE9F04180460F4616461D46D0
S21401FBA00948DDE906230121FBF788F850B9074B20
S21401FBB01C68A4F80480E7802681A572BDE8F041A0
S21401FBC022F0BBBFBDE8F081540F0500202E0020B7
S21401FBD070B5074B074E0D463160014618782AF07E
S21401FBE033FA044610B100233360A847204670BD9F
S21401FBF0053B0020CC2E002070B51446024609486D
S21401FC001D46007800232AF045FA48B944B1034658
S21401FC100548224629460078BDE870402AF03ABADF
S21401FC2070BD00BF063B0020073B002008B5064B11
S21401FC3018781AF061F928B9044B1878BDE808401D
S21401FC401AF05AB908BD00BF063B0020073B00204A
S21401FC5010B5114B1B7886B0B3B102AC0621204615
S21401FC6024F025FC70B99DF80D300C4803F03F03D5
S21401FC708DF80D3004AB009394E80C000078032156
S21401FC801AF0FAF806B010BD044B187806B0BDE8B5
S21401FC9010401AF01FB900BF43130020053B002097
S21401FCA02DE9F04F2DED028B89B008EE100A039274
S21401FCB02D4A0F4607CA99462C4B05AE93F800A06D
S21401FCC086E80700BAF1040F0CBF4FF0040B4FF0A3
S21401FCD0010BB046002558F8040B1AF06BF80446E1
S21401FCE068B12DB9204609B0BDEC028BBDE8F08F96
S21401FCF0013D56F8252010781AF010F9F1E7013584
S21401FD00032DE8D11A4D5246287859462AF0DAF9D9
S21401FD100446D8B9039B009318EE101A2346287898
S21401FD203A461AF05FF8044680B9287849461AF030
S21401FD307BF8044650B9014628781AF089F804463B
S21401FD4020B9FFF785FF04460028CBD0094B287859
S21401FD501F78094B1E781AF0E1F838461AF0DEF8DB
S21401FD6030461AF0DBF8BDE76C0F050042130020A1
S21401FD70053B0020063B0020073B0020064B186889
S21401FD8000B97047037E022B01D1037B0BB180685B
S21401FD90F6E70120704700BFE42E002073B560BB74
S21401FDA001A803F0F7F9019D0120002600224FF675
S21401FDB0FF71ADF804608DF8036023F05BFF044625
S21401FDC0C8B10DF10303014601AA002023F072FE1B
S21401FDD09DF803309BB9BDF80420022A0FD12946AD
S21401FDE02BF066FB58B9074B1B6804F18054186862
S21401FDF0013C00EB041002B070BD034DD4E7601C5B
S21401FE0080B2D3E700100020780F0500F8B516463B
S21401FE1005460F4624F0ADFA104B114984B2002D69
S21401FE2018BF19460220FDF7A1F94FF6FF710246E9
S21401FE30204623F01FFF0B4B0B493880002D18BFBF
S21401FE4019460220FDF792F94FF6FF710246204649
S21401FE5023F010FF30800020F8BD00BF7E0F0500A4
S21401FE607B0F0500840F0500810F05002DE9FF417A
S21401FE7005460F461646CAB9314B32491B6803EB95
S21401FE804013D87F009213462F4A1288098819F02A
S21401FE90A9FF0446C7B92A4B186800EB4515E87F49
S21401FEA01AF02AF8204604B0BDE8F081012A42D1B2
S21401FEB0234B264A1B68264903EB4013D87F0023B1
S21401FEC000931288E2E700242249C5F3C40205F034
S21401FED007038A5C2049CB5C1A4229D0022EDFF840
S21401FEE060804FEA451717D1D8F800301B4A3B44CB
S21401FEF0106802909288D87FADF80C2019F0FCFFAC
S21401FF00D8F800303B4402ACD87F009494E80C004B
S21401FF10314619F0B1FF0446002CBCD1D8F80010C8
S21401FF20C8190223C218C95BC07F2AF0B3F8044679
S21401FF30002CB7D0AFE70029C5D10C46ABE700BF10
S21401FF40F02E0020041300200213002006130020C8
S21401FF5008130020293B00208D0F0500870F0500A0
S21401FF60CA08044B01F00701595C835C23EA0103CC
S21401FF70835470478D0F0500084B1B7870B50446F7
S21401FF801BB1074B074D186800B970BD037E866824
S21401FF9055F82330214698473046F5E7493B00207F
S21401FFA0E42E0020980F050038B5044600200D46C3
S21401FFB024F0DFF9A8421BD1FFF7E0FEC0B10F4ADB
S21401FFC092F900304BB1012B0CD0013303D1003C28
S21401FFD018BF01241470002038BD003C18BF01244E
S21401FFE06442F7E7002C08BF4FF0FF331370F2E7C7
S21401FFF029462046BDE8384024F0C1B94413002004
S2140200000B460749097831B1017E022905D1818B59
S214020010407E1AF051B80F2070470220704700BF8A
S214020020493B00200A4B1B7807B51BB9002003B0DA
S2140200305DF804FB0023407EADF806300DF10601A4
S21402004023F0D1F80028F1D1BDF80600EFE700BF93
S214020050493B0020074B1B7810B5044643B10120EC
S21402006024F087F901462046BDE81040FFF79CBF02
S2140200700F2010BD493B0020074B1B7810B50446E5
S21402008043B1002024F075F901462046BDE8104031
S214020090FFF78ABF0F2010BD493B00202DE9F84329
S2140200A02C4D2B78002B4ED14520FCF789FC0120E5
S2140200B0FFF774FE00B1C088274C20600020FFF7CF
S2140200C06DFE00B1C088236803433ED0DFF89C80F3
S2140200D0DFF89C90B8F806004001F9F7E3F8C9F893
S2140200E00000A0B30026B8F806309E4211D31B4982
S2140200F01B480022F8F76AFD0446C0B9194B1A4A93
S2140201001A6001232B70FFF7A5FF2046FFF7B4FF06
S2140201100DE0D9F8000000EB46101F3019F04AFE39
S2140201207701044668B1203F17F1200F02D120461E
S214020130BDE8F883D9F800303B44D87F19F0EEFECC
S214020140F1E70136CFE70024F1E70F24EFE71A24A0
S214020150EDE700BF493B0020EC2E0020BF43040021
S214020160E02E0020E82E002079FF010004C70400DC
S214020170F02E00200B4B1B7870B58BB10A4D0B4E40
S21402018028700024F3889C4201D3002070BD297891
S21402019003222046FFF76AFE0028F7D10134F1E772
S2140201A00F20F3E7493B0020283B002004C7040049
S2140201B010B50346F0B182680AB1416851605968C9
S2140201C001B18A600C4C22689A4204BF9A68226087
S2140201D00021202218462BF0A3F9F9F783F82068AD
S2140201E018B9BDE81040FFF7C5BF037E012B01D04A
S2140201F08068F5E710BD00BFE42E00202DE9FF4120
S2140202000323057B0376D0E9047804460E46FFF7FF
S214020210CFFF45B9FFF7B2FD28B90D4B93F9005051
S21402022065B1012D0AD001238DF8043002964246AC
S21402023001A92046B84704B0BDE8F081FF221A7033
S21402024024F097F80146284624F099F8EBE700BF19
S2140202504413002008B5054B1B7823B10021FFF795
S214020260CDFF002008BD0F20FCE700BF493B002061
S2140202701FB50B68244A23F47F4323F007039342F7
S214020280044623D002F1807293420ED0A2F101728C
S214020290934219D18A79437E9A4215D1002120468B
S2140202A004B0BDE81040FFF7A9BF0A79437E9A4220
S2140202B00AD1B1F80520838B9A4205D1CB79012B5E
S2140202C002D10B89DB07E9D504B010BDCB79522BDE
S2140202D0FAD10A79437E9A42F6D1B1F80520438BC9
S2140202E09A42F1D18B7A01F10B020021084621F0E5
S2140202F0D2F902238DF804300290D4E9043201A91F
S21402030020469847E0E700BFA0000A0210B50A6838
S214020310034622F47F42224822F00702824286B037
S21402032038D000F10170824230D1B1F805009A8BC4
S21402033090422BD1CA79012A28D10A89D40725D519
S214020340184A09791268BAB99A7F597642F00102B8
S2140203509A77022000220192ADF808208DF80C2030
S21402036001A9187603C90492ADF81410D3E9044221
S21402037003A91846A04709E0907FC00708D5507E1B
S214020380884205D1107B1A7B9042DDD106B010BDA3
S2140203909268D8E7012006B0BDE81040FFF7EABE33
S2140203A0A0000601E42E00202DE9F04F85B0054698
S2140203B00193244B1B7889469046002B39D0224F56
S2140203C03E6866BB0DF10E0203A92846FFF71EFD26
S2140203D0824600BB2020BDF80CB0BDF80EA0F8F790
S2140203E061FF044658B3202231462BF099F83B6849
S2140203F02573C4E90498A4F81AB0A4F81CA0A36054
S21402040003B15C6001203C60FFF7B4FE824658B13F
S2140204102046FFF7CDFE504605B0BDE8F08F327E8F
S214020420012A09D0B668CCE701232376019B1C601B
S214020430F1E74FF00F0AEEE74FF0020AEBE74FF054
S2140204401A0AE8E7493B0020E42E00202DE9F04F87
S2140204502DED028B1746324A85B012789DF840B0D1
S21402046008EE101A0446002A50D02E4AD28882423B
S21402047052D9DFF8C4A0C6B2C0F3C40500F007081C
S214020480002B39D0DFF8AC901AF8086019F805206E
S2140204903240039242D14FF47A70584323F0FBFF66
S2140204A0039A009204F58051034641F000411E482B
S2140204B020F0E0FD58BB19F805301E4309F8056028
S2140204C01A4B1B68620103EB44109F5218EE101A77
S2140204D03A4602302AF0FCFF154A1AF80810535D15
S2140204E00B43535501215A46204605B0BDEC028BFC
S2140204F0BDE8F04FFFF7BABC00F580510A4820F07D
S214020500A3FD0C483146FFF72BFDD9E70F2005B0B7
S214020510BDEC028BBDE8F08F2120F8E70220F6E75B
S214020520493B002004C70400E02E0020F02E0020E5
S214020530293B0020083B00208D0F0500114B1B783D
S21402054013B50446CBB1104BDB88984217D200F5A0
S21402055080510E4820F078FDE1B20D480191FFF778
S214020560FFFC01990B48FFF7FBFC03220021204603
S214020570FFF77CFC002002B010BD0F20FBE7212015
S214020580F9E700BF493B002004C70400E02E002024
S214020590083B0020293B0020124B1B78F7B5DBB93D
S2140205A00F2003B0F0BD04F58051304620F04CFD1C
S2140205B0E1B238460191FFF7D3FC01990A48FFF7EA
S2140205C0CFFC204603220021FFF750FC0134EB88C3
S2140205D09C42E8D30020E4E7044D054E054F002474
S2140205E0F5E700BF493B0020293B002004C7040072
S2140205F0E02E0020083B002037B54378314AC3F38B
S2140206004113012B044602D1137003B030BD11789A
S21402061009B9022B01D10023F6E7417AC06827F018
S214020620BEF90028F1D010F0FBFB1F28617805D137
S214020630254B1B78012B01D10B0640D401F0070392
S214020640032B3CD111F0600139D1E2681378002BFC
S2140206502ED05078A0F12905022D1FD80232013B78
S214020660084621F018F8024640B1E068257A40783C
S214020670234613F9021B009500F0E4FA134B1D689B
S214020680002DC2D0E2685378293B022BBDD9617A8D
S214020690A01C2B4603B0BDE830401847242807D1DB
S2140206A00B490D68002DE9D0591E901CA847E5E7B6
S2140206B0084B1B68002BE1D020469847DEE7064B26
S2140206C0F7E700BF4A3B002042130020F42E00202A
S2140206D0002F0020FC2E0020F82E0020044B187855
S2140206E004284FF0020118BF012019F01FBD00BFF9
S2140206F0421300201FB5414B1B78002B54D00368D1
S2140207003F4A23F47F4323F00703934233D00CD8A7
S21402071002F17F42934249D002F57F02934262D0B1
S21402072004B0BDE8104000F015B9364A9342F7D13E
S2140207300279530738D4437B8DF80030032A98BFDA
S214020740314B017F94BF9B5C042343EA411363F061
S2140207507F038DF80130D0F80530CDF80230B0F8BE
S2140207600930ADF80630C37A8DF80830837F8DF8ED
S21402077009301F3014E0437C8DF8003003798DF881
S2140207800130D0F80530CDF80230B0F80930ADF8B7
S2140207900630C37A8DF80830437D8DF8093016305E
S2140207A003906846FFF728FF04B010BD03795A0786
S2140207B0FAD4427B8DF80020032B96BF124A0423FC
S2140207C0D35C8DF80130D0F80530CDF80230B0F8A1
S2140207D00930ADF80630C37A8DF80830837D8DF87F
S2140207E009301730DCE7094B02791B789A42DBD1D5
S2140207F0074C2368984700232360D5E74B3B00202D
S214020800A0000501A0000502A80F0500053B002078
S214020810CC2E002070B50D4B1E780546042E0C46D5
S2140208200A4601464FF0000018BF012619F05AFC8E
S21402083058B90221304619F079FC30B9044B01222E
S2140208401A70044B1D80044B1C8070BD421300209E
S2140208504B3B00209A3100209C31002070B5074C9B
S214020860204620F02BFD65683DB10022A368E168B2
S214020870AC461046BDE87040604770BD042F0020AD
S214020880044A0346106800B9704702689A42FBD0D1
S2140208904069F8E7202F00200B4910B50A68134676
S2140208A01C465B6933B960B182420AD153690B6058
S2140208B0104604E08342F3D15A6962611846F8F79B
S2140208C011FD002010BD00BF202F00202DE9F843A7
S2140208D0114D1E462B68013308BF01238146884608
S2140208E017462B602C682046FFF7CAFF80B91820EF
S2140208F0F8F7D8FC094B04461A684261286884F85F
S21402090004902060C4E9028726611C60BDE8F88373
S21402091001342C60E6E700BF142F0020202F0020B1
S2140209207FB5089E1546044600B903AC0A46012068
S2140209300021FFF7CBFF002320600246009345F01C
S21402094000413346024820F095FB04B070BD00BF5C
S214020950182F0020064B1B6810B5044603B19847B3
S214020960044B1B681BB12046BDE81040184710BD5B
S214020970D42E0020E82E002008B5094B1A7872B94A
S21402098001201870F8F78EFC064B074918600246DD
S2140209900648F8F71BF9BDE8084023F0E2BC08BD9C
S2140209A04C3B00201C2F0020EB430400182F002095
S2140209B0F0B591B001AC204623F02DFD0546002887
S2140209C04FD0ECF75BFC2D4D0AAE03460A4605F106
S2140209D0100EB44628686968374603C70835754559
S2140209E03E46F7D1110E8DF83810110C8DF83910DD
S2140209F08DF83B20110A1A0E8DF83C201A0C8DF841
S214020A003D2005AE1A0A8DF83A108DF83E201821C0
S214020A10324660468DF83F3023F0AEFF054698B961
S214020A2096E80F0084E80F009DF80B3003F00F03E2
S214020A3043F050038DF80B309DF80C3003F03F0363
S214020A4063F07F038DF80C300D4A234603CBB34286
S214020A50106051601C4602F10802F6D1284611B019
S214020A60F0BD074A05AE234603CBB3421060516081
S214020A701C4602F10802F6D1F0E700BFAC0F0500F3
S214020A80471300202DE9F0473B4E88B005460C463A
S214020A9091460021202268469846BDF848A0149F39
S214020AA02AF03EFD3378002B61D1FFF765FFBAF1DD
S214020AB0000F03D004F002032B435AD0FFF778FF4F
S214020AC000284DD1BDF840308DF81A309DF84430DC
S214020AD08DF81B308DF816509DF90C308DF81740A6
S214020AE08DF818908DF81980ADF814A0002F3AD121
S214020AF09DF85420002A14BF0622002213438DF8C4
S214020B000C30BDF84C30ADF81C301C4B04931C4B1B
S214020B1000931C4B01931C4B1C490293684627BB4F
S214020B2002F026FBE0B9002023F019FC23F059FC62
S214020B30164B1878169B187005F0AEFF179B1870A8
S214020B4013484379027941880088FFF7A9F838B933
S214020B50104B59881888FFF75DFE08B901233370D9
S214020B6008B0BDE8F0870622C8E7B847DAE70220F1
S214020B70F6E72120F4E700BF4D3B00204713002094
S214020B80451300204811002004C704004E3B0020F5
S214020B900A13002010130020D3B50F46144606464B
S214020BA0EFF792FA4FF47A720023A4FB000117F0D3
S214020BB0D9FE3B46CDE9000149F201020249304620
S214020BC0FFF7AEFE02B0D0BDD96F020010B50246E6
S214020BD00446064B064820F02FFA2046FFF750FE42
S214020BE018B1BDE81040FFF757BE10BDDB43040046
S214020BF0182F0020024B1868003818BF01207047D3
S214020C004411002030B4094C029D24684CB1084CB3
S214020C10C4E90001C4E9022530B130BC0549FEF73B
S214020C20D7BF0F2030BC70472120FBE744110020BD
S214020C30042F00205D080200014B1878704700BFA1
S214020C4042130020F7B52A289DF8206001921C4620
S214020C5012D008D816281BD0292813D001A820F0B5
S214020C602DFB21200CE02B28F8D10B4601983246AA
S214020C7021460EF0BDFD02E0104628F09DFD002044
S214020C8003B0F0BD01983246194625F02DFAF6E774
S214020C90054B18680028F3D0476801980B46324681
S214020CA02146B847EBE700BFC42F0020014B18606F
S214020CB000207047242F0020024B1B6803B1184700
S214020CC0704700BF242F0020036830B583B1C38865
S214020CD0102B0FD8084C034600F1300518685968E7
S214020CE0224603C20833AB421446F7D1002030BD79
S214020CF02320FCE71A20FAE7781100200048704704
S214020D0078110020044B1B68DA6822B1B3F833105E
S214020D10B3F8310010477047B81100202DE9F04FA4
S214020D20284C23688FB093F8108005F0C1FBC107EA
S214020D3044BF23685D7C236848BF05F0010593F82D
S214020D40129058BF022505F0B3FB820745BF236801
S214020D50DE7C022606F0010605F0AAFB430744BF26
S214020D6023681F7D236848BF07F0010793F83BA05E
S214020D7093F83CB058BF0227FFF7C0FF2368C0882D
S214020D8006A903F13E0208F07F0809F001095E3366
S214020D900C4632F802CB21F802CB9A42F9D1CDE9C1
S214020DA00304CDE901AB009733464A46294640463E
S214020DB025F0DEFF002814BF092000200FB0BDE892
S214020DC0F08F00BFB8110020022838B51AD8104D8F
S214020DD02B681A7D904217D0022A17D0022815D007
S214020DE01875DB8C5B0744BF01230B60FFF796FF89
S214020DF0084B1B6804461BB12A685B68107D98473F
S214020E00204638BDFF24FBE70024F9E70F24F7E766
S214020E10B8110020342F002001F0070141EAC20277
S214020E20022810B4D2B21BD8104909684C7CA042E2
S214020E3005D191F83C40944203D1002011E0022CE7
S214020E4012D0022810D081F83C20CA8C4874D207EF
S214020E5048BF01225DF8044B48BF1A60FFF75EBF29
S214020E60FF205DF8044B70470F20FAE7B811002008
S214020E700228F8B504460D462DD81A4E3368DB7C98
S214020E8098422AD0022B0DD001280BD1164F3B6870
S214020E9043B11B689847012804D13B6813B1DB684D
S214020EA0002098473368DA7C022A01D10F20F8BD69
S214020EB0022CFBD0DC74DB8C9B0744BF01232B6027
S214020EC00A4B1B68002BF1D02046984738B9BDE87C
S214020ED0F840FFF723BFFF20E9E70020E7E70E20F0
S214020EE0E5E700BFB8110020942F0020402F002015
S214020EF070B50D46B8B170BD0134FFF7FFFEC3886A
S214020F00A342F8D9336804F11C0203EB4203B3F997
S214020F100610DA880029EFDAC2F30B02AA42EBD1F6
S214020F200022DA80E7E7014E0446E6E7B811002021
S214020F302DE9F041054692B0002405F005FBA042DB
S214020F4000F28F80002005F005FB002105F0E2FB91
S214020F500746002800F08D80684C69492068F02218
S214020F60D0F868802AF0B4FA26682022C6F868808C
S214020F70002106F13E002AF0D3FA05B1356005F0ED
S214020F8097FA2368C6074CBF002202225A7405F05D
S214020F908FFA236885074CBF00220222DA7405F016
S214020FA087FA236840074CBF012202221A7525F0F1
S214020FB092FE002800F099800023049309AB039365
S214020FC00DF1230302930DF1220301930DF1210388
S214020FD000930DF11F0208AB0DF11E010DF11D006D
S214020FE025F07CFE002839D1099B102B7BD89DF872
S214020FF01D30226803F07F03137405F059FAC10707
S21402100041BF9DF81E30226803F0010353749DF819
S2140210101F30226803F00103937405F049FA420771
S21402102041BF9DF82130226803F00103137523683F
S2140210309DF8222083F83B209DF8232083F83C204D
S2140210400AAE0023CDE90233CDE9003304961A46F0
S2140210501946184625F042FE054698B141F2093077
S21402106009E0204605F076FA002105F053FB28B980
S21402107034B940F2025012B0BDE8F081002C39D1EA
S21402108001345AE7236803F13E025E3336F8021B48
S21402109022F8021B9A42F9D105F00AFA830709D50B
S2140210A0184B1B6833B19DF82000226800F001003F
S2140210B0D0749847FFF722FEC388AB420CD8099B30
S2140210C00F2B03D8FFF72AFE0028C7D138460E4951
S2140210D024F082F90020CEE723682846997C0EF099
S2140210E083FD0135E6E71A20C5E707F02DFF002845
S2140210F0E8D0B3E740F20340BDE700BFB8110020D6
S214021100C00F0500402F0020B010050008B5094B9F
S21402111000211868F0222AF003FA002005F01AFAD5
S214021120002105F0F7FA20B1BDE80840002124F0BE
S21402113053B908BDB8110020F8B502230B700D464E
S214021140064605F0B5F9820744BF00232B703146E8
S21402115000200AF093FE0446E0B905F0A9F98307D9
S21402116005D50D4FFFF7CAFDC3889C4201D3002068
S214021170F8BD3A6802EB4402D38FB2F93E20002A49
S21402118006DAC3F30B02964204BFC3F341332B7055
S2140211900134E7E70420EBE7B8110020012970B517
S2140211A004460D460DD8014600200AF067FE50B9E7
S2140211B0074B1B689B6E43B129462046BDE870402C
S2140211C01847FF2070BD0420FCE71846FAE700BF68
S2140211D0B8110020012838B5044612D80A4B1B68FD
S2140211E000259874FFF78AFDC3889D4203D3BDE8A5
S2140211F03840FFF793BD284621460EF0F5FC013530
S214021200F0E7FF2038BD00BFB8110020014B1B6875
S214021210187C7047B8110020012806D0030604D4B3
S214021220034B1B681874FFF779BDFF20704700BF99
S214021230B8110020014B1B68D87C7047B8110020FB
S21402124010B5084B1C68647C0470186890F83C0063
S21402125000F0070008701B6893F83C30DB08137038
S21402126010BD00BFB81100207FB50DF10F0202239A
S214021270114606460DF10E008DF80E301F4DFFF793
S214021280DFFF9DF80E402B68611E4C424C41D97C14
S2140212901A7DB3F81F30012908BF44F00204012A60
S2140212A008BF44F0040433B3154B1B6823B1DB6854
S2140212B0984708B144F008042B68B3F81F2093F847
S2140212C02810B3F81D0000230093234626F080FA68
S2140212D08EB123F0CEF82B68D3F82120C3F819106C
S2140212E04FF6FF718A4218BF02F1FF32C3F81500AB
S2140212F018BFC3F8212004B070BD00BFB81100208B
S214021300742F00202DE9F04188B001A900200CF0CE
S214021310BBFE0146C0B9019BB3B10DF102020CF04F
S214021320E5FE88B9BDF802100BF026FAEDE7019B40
S2140213308BB10DF1020202200CF0D8FE58B9BDF8AE
S214021340021002200BF018FA01A902200CF09CFEF3
S21402135001460028EBD0002405F0F6F8A0421AD881
S2140213600024DFF87C8026464FF6FF7703F07CFCED
S214021370A04218D800221146104623F045FB002052
S21402138023F033FB25F080FE0021084605F08AFB99
S21402139008B0BDE8F081204605F0DCF8002105F033
S2140213A027F90134D8E7204603F064FC054624F00A
S2140213B0BDF878B1BDF81E30ADF8086003EA080340
S2140213C002A92846ADF81A70ADF81C60ADF81E30BA
S2140213D024F0F5F8284603F03BFE0134C6E700BFCA
S2140213E000FEFFFF014B1B68187D7047B8110020F6
S2140213F0054B1B6803F11502293352F8041B40F80B
S214021400041B9A42F9D17047B81100202DE9F84F13
S214021410074690461D469DF82CB00E4623F029F846
S21402142082468946002039460AF028FD044618BB43
S214021430304623F0BFF8022820D01BF0800F1FD1C1
S214021440112D1DD80F4BBDF828201B6802F00F0285
S214021450C3F815A0C3F81990A3F81D70A3F81F606F
S214021460C3F8218083F82550DA8483F828B004F084
S214021470B9FF2046BDE8F88F0420FBE70120F9E714
S214021480FF20F7E7B811002070B5124D2A6804460F
S21402149002F12903393253F8046B44F8046B934281
S2140214A0F9D11B8823802B68B3F8312012B1B3F828
S2140214B0333073B90023994214BF1A467F2203724F
S2140214C043728372C372037343738373C373027468
S2140214D0437470BDB81100202DE9F74F074600206F
S2140214E09B4615460E4605F035F82A4C824622F0F3
S2140214F0C0FF23680C9AC3F860B0814688465A66D5
S2140215000DF10601504624F00CFB002840D1112DA7
S2140215100ED8384623F04EF8012800D047B9304698
S21402152023F048F8012805D1BDF80630B34203D0AF
S214021530FF202AE00228FBD024683846C4F8299007
S214021540C4F82D8023F036F8012813D1304623F054
S21402155031F8012803D0C31EDBB2012B0AD84DB1E5
S21402156000237F2284F8353084F8363084F8392018
S21402157084F83A30A4F83170A4F8336084F837500F
S21402158084F8385004F02EFF002003B0BDE8F08F38
S2140215901020FAE7B8110020024B1B68C3E90101CC
S2140215A0DA607047B811002030B4164B1B6893F807
S2140215B038402CB3B3F8315015B3B3F83340FCB10E
S2140215C085421DD18C421BD1B3F835403CB983F815
S2140215D0392083F83A200134A3F835400CE093F81A
S2140215E0395083F83A209542A8BF154683F83950F9
S2140215F04FF6FF75AC42EED15B680BB130BC1847B4
S21402160030BC7047B8110020F8B53D4F22F031FFCC
S2140216103B68B3F81F2005460E46002A4AD0D3F888
S2140216202120002A46D093F82540002C42D04FF4C1
S2140216307A70013C00FA04F4D3F81500D3F81910B6
S214021640281A66EB010122F016FF844203D8012015
S214021650FFF70AFE00202B4B241A9C4228BF1C468A
S2140216603B6893F83820002A48D0B3F83120002A85
S21402167044D0B3F83320002A40D0D3F82900D3F858
S2140216802D10281A66EB010122F0F5FE3E6896F848
S21402169037504FF47A73013DAB40DF17834277F140
S2140216A0000209D2002386F83830336E33B3706EE8
S2140216B0984723E0134CD3E71D1A40F2E73067F150
S2140216C0000728184FF000034FF47A7247F1000122
S2140216D017F048F9112301211A46013B01FA03FCCF
S2140216E0604502D2002BF7D11A46A54277F10003D5
S2140216F086F8382038BF2C46002AD6D02046F8BDB9
S214021700B8110020FFFFE703044B1B68DB8C034283
S21402171002D00020FFF7A8BD704700BFB811002016
S214021720064A136893F83B3003F007030370136806
S21402173093F83B30DB080B70704700BFB8110020EF
S214021740072809D81F2907D8044B1B6840EAC1009E
S21402175083F83B00FFF7E2BAFF207047B81100207B
S2140217602DE9F04F2DED028BADF5137D89461093D2
S214021770BDF878321292119304469DF88832BDF86D
S2140217807C82DDF884A213933822002125A829F052
S214021790C7FEB9F1020F6BD1404622F00BFF0128BB
S2140217A0074665D118AB0DF15E025146204623F07E
S2140217B068FA86B20546002E5AD01199404609F0BC
S2140217C0CBFE50461FF022FF801B86B21B2E4FD840
S2140217D0BDF85E00314601F0ADFD002848D01EACD3
S2140217E0ABB23246514620461FF05EFDBDF85E5053
S2140217F048F24D039D4207D829043FD4012D40F2FA
S2140218008981032D00F099829DF8C830DA0702D547
S2140218102AA8FFF751FABDF8A43013B3BC4A0DF15B
S21402182096011068CDE90731BDF894300693FF2380
S2140218300593139B43F001030493109B039300222A
S214021840129B0293CDE90D220223CDE90B22CDE9AC
S21402185009220193119B009300684346114623F028
S2140218609AF99DF8C8309B0702D50020FFF7FCFCCA
S2140218700DF5137DBDEC028BBDE8F08FA5F5004398
S2140218804D2BC1D801A252F823F000BF151B02004F
S214021890491C020009180200091802000918020071
S2140218A0091802000918020009180200E31F0200C4
S2140218B0952002009520020009180200DD20020091
S2140218C0DD200200091802001D2102001D2102006F
S2140218D0091802006F2102006F2102000918020097
S2140218E0B9210200B921020009180200F31C020005
S2140218F009180200F31C02006122020061220200A3
S214021900612202006122020009180200612202001E
S21402191061220200612202004325020043250200E2
S214021920091802009F2502009F25020009180200DE
S214021930412402000918020041240200091802008C
S21402194025260200091802000918020009180200DA
S21402195009180200091802000918020009180200F4
S2140219600918020009180200091802006F26020070
S2140219706F26020089270200892702000918020042
S214021980BF28020009180200BF280200C51902007B
S214021990C51902008F1A020009180200091802006F
S2140219A0C51902007B2A02007B2A020009180200DF
S2140219B00D2B020009180200C929020009180200AC
S2140219C0C929020048F240039D42268826D1B6F570
S2140219D0805F10D304238DF8963023788DF89730E5
S2140219E048F2440263788DF89830ADF894200323C9
S2140219F0ADF8A43008E7002200920DF17A031146F2
S214021A00304626F028FBD0B340F20353984238D033
S214021A1040F20153984236D00923DCE748F24103EC
S214021A209D4217D1109BB3422FD0B6F5805FD1D21C
S214021A30314600200AF0A0FE40F20253984201D03E
S214021A400028E9D10023194632464846FDF72EFA09
S214021A500023C0E7B6F5805FBCD20DF17A013046AE
S214021A6026F0EFFA40F203539842D5D040F20253E2
S214021A709842AFD0002801F07A800B23ABE781466C
S214021A80E0E70523A7E70623A5E70C23A3E71AA9A1
S214021A9000200CF0F9FA054600287FF4B5AE04469D
S214021AA010E019AA214600200CF020FB48B9BDF828
S214021AB064004FF4BD7333AA214623F0F1F820B137
S214021AC0054601341A9B9C42EBD3114B0022186840
S214021AD0CDE90D22CDE90B22CDE9092233ABCDE9C2
S214021AE0075348F243030693FF230593139B43F0E1
S214021AF001030493109B0393129B02930223019308
S214021B00119B009300684346114623F044F87BE697
S214021B10B81100206678A2782778330212013609B7
S214021B2003F470631F431643002D36D100950DF162
S214021B307B032A463946304626F09EFA00287BD09A
S214021B4040F20353984279D040F20253984277D03B
S214021B5040F2015398420CBF0620092048F20303C4
S214021B60ADF8943023788DF8973063788DF89830F6
S214021B70A3788DF896008DF8993060B935B1012DAD
S214021B8060D0B5F5004F14BF032002203B46324614
S214021B900121FDF78BF904232AE7B5F5004F3946F4
S214021BA04FF0000020D10AF069F98146002847D19B
S214021BB0314601200AF062F990B933A930460AF09C
S214021BC073F978B9BDF8CC30BB420BD1314601204F
S214021BD00AF0D2FD002818BF092008BF0020BDE782
S214021BE04846BBE70C20B9E70AF048F940BB314645
S214021BF001200AF043F908B10320AFE733A93046C3
S214021C000AF052F9A0B9BDF8CC30BB4210D10DF1A2
S214021C107B01304626F01AFA40F20353984209D066
S214021C2040F202539842E7D0002818BF0B20D4E7B0
S214021C30112093E7092091E728468FE705208DE7D4
S214021C4004208BE72846A1E7B4F800A000205146FE
S214021C500AF014F90546002846D10DF168094946EE
S214021C6001200CF011FA0646002840D10746054628
S214021C70D9F800309F4216D300202288ADF865209E
S214021C809C4A8DF8640019AB10680893002203235F
S214021C9033A90793CDE90D22CDE90B22CDE90951EF
S214021CA048F202031FE719AA394601200CF01EFA71
S214021CB0C0B9BDF864000DF162010AF0F5F888B902
S214021CC0BDF8623053450DD1BDF8640040F277137B
S214021CD033AA314606F1010B22F0E2FF0028CCD0EF
S214021CE085B25E460137C3E700250420C5E7092012
S214021CF0C3E748F218039D420CBF02231723F61AC5
S214021D00E75AB6B2E118022E324628A816BFBA46DD
S214021D104FF6FF7A4F8829F0DBFB06F10A02BDF880
S214021D207860ADF8A4203046ADF8976022F042FC09
S214021D30012804D04FF00109BFE00923DFE730464F
S214021D4004F014FC0028F5D04FF6FF739A4510D124
S214021D50394604F0DFFC0446002800F0AE8048F264
S214021D6018039D4235D123F0E1FB38B94FF007093D
S214021D70A3E03A46514604F0FDFCECE733A92046C0
S214021D8023F0EFFB002840F0B180BDF8CC30ADF870
S214021D909930DBB1BDF8DE309DF8E3208DF89B303C
S214021DA0D207C3F303238DF89C3044BF43F01003DD
S214021DB08DF89C309DF8E0308DF89D309DF8E1302E
S214021DC08DF89E309DF8E2308DF89F304FF0000976
S214021DD073E0032D4FF018024FF0000133A840F0D5
S214021DE08B8029F09DFB204623F0A0FB0028BDD067
S214021DF0BDF87A00ADF8CC0048BB204623F061FC63
S214021E00BDF8CC309DF8E320ADF89930BDF8DE3051
S214021E108DF89B30D407C3F303238DF89C3044BF60
S214021E2043F010038DF89C309DF8E0308DF89D301D
S214021E309DF8E1308DF89E309DF8E2308DF89F30A7
S214021E403B46524631460120FDF75AF8BEE722F0DD
S214021E50B1FB02283FF46EAF002110220DF1CE0036
S214021E6029F05EFB9DF87D109DF87C30090201F496
S214021E70706119430120ADF8DE1009F0FFFF00285B
S214021E8040F0AC809DF87D209DF8E330121162F39D
S214021E9000038DF8E330DB0709D49DF87E308DF819
S214021EA0E03083F080037E2B0ED80023A0E504F0FA
S214021EB0FFFA0507F1D44FF00A0948F21903ADF804
S214021EC094308DF896909FE49DF87F308DF8E1303F
S214021ED033A99DF880308DF8E230204623F06FFB60
S214021EE041F20333984279D0002889D04FF009098D
S214021EF0E3E700BFB811002029F012FB204623F0CA
S214021F0015FB00283FF432AF9DF88B109DF88A30FF
S214021F10090201F4706119430120ADF8DE1009F0E0
S214021F20ADFF00285AD19DF88B309DF8E3201B1197
S214021F3063F300029DF88C308DF8E03083F0800366
S214021F407E2B8DF8E320B0D99DF88D308DF8E130E8
S214021F500DF1CE029DF88E308DF8E2300DF18A0139
S214021F600DF17A03104653F804CB42F804CB8B42A9
S214021F70F9D133A909F042FF0028B7D133A9204688
S214021F8023F01DFB41F20333984227D00028ADD13F
S214021F90BDF8CC309DF8E320ADF89930BDF8DE30C0
S214021FA08DF89B30D007C3F303238DF89C3044BFD3
S214021FB043F010038DF89C309DF8E0308DF89D308C
S214021FC09DF8E1308DF89E309DF8E2308DF89F3016
S214021FD048F21A039D427FF4F9AE31E74FF0030947
S214021FE06BE7002320781A93339305F0FFF8012855
S214021FF019AD0446287041D080280CD098B91AA989
S21402200033A805F085F91A9800283FF4FDAB3399FA
S21402201023F040FE07E08F4B18688F4B1A90196822
S21402202023F038FE33908D4B18681A9B0A93339B25
S2140220300121CDE908530223CDE90631FF2105919E
S214022040139941F00101049110990391129900220B
S214022050CDE90131CDE90D22CDE90B22119B00938A
S21402206000684346114622F096FD2B78002B7FF43B
S214022070CBAB1A9822F0DCF9FFF7C6BB05F0A6F840
S2140220800028D0D02C70836841681A93184623F033
S21402209015FEC7E748F20A039D4207D12078FFF7EC
S2140220A099F8FF283FF4B0AB002200E007226B4B02
S2140220B01B689B7C8DF8963048F20B018DF8AC308D
S2140220C09DF8C830ADF894100121ADF8A4108DF833
S2140220D0A8200B438DF8C830FFF796BB48F20D03D5
S2140220E09D4219D12078FFF797F8FF283FF48CAB72
S2140220F05A4B1B6848F20E021B7CADF894208DF8F2
S214022100963001228DF8AC309DF8C830ADF8A42088
S2140221108DF8A8701343DDE70827E9E70023339319
S21402212048F210039D421FD1207833A9FEF74CFED9
S214022130FF283FF469AB494B1B681B7D8DF8963030
S21402214048F211028DF8AC30339BADF89420012290
S21402215013409340ADF8A4208DF8A89013439DF841
S214022160C82022F00302D5E74FF00909E3E700236F
S214022170339348F213039D421CD1207833A9FEF70D
S21402218077FEFF283FF440AB0322344B1B68DB7C10
S2140221908DF8963048F214018DF8AC30339BADF8CA
S2140221A0941001210B408B40ADF8A4108DF8A820A6
S2140221B00B43D4E70A22E8E748F2160300209D42C2
S2140221C026888DF8680038D1A5788DF86850314693
S2140221D009F054FE002839D133A9304609F014FF1D
S2140221E048BB9DF8CC309D4203D0C3B9032D7FF483
S2140221F00BAB00251AA9304609F006FF48F2170372
S214022200ADF8943023788DF8973063788DF898304F
S2140222109DF868308DF896508DF89930BBE4012B06
S21402222040F0AF84022D40F0AF84294630460AF0D3
S2140222307BF90028DDD00925DCE7314609F01EFED1
S21402224020B91AA9304609F0DFFE08B10425D1E705
S2140222500546CFE70410002000C70400B81100208E
S214022260B4F800904FF0000A4846ADF8CCA022F031
S214022270A1F9012883467FF4C7AA05F5FF43653313
S2140222809BB2012B03D948F21E039D4255D1A78863
S214022290062E1CBF3E46E7886488ADF8CC40204632
S2140222A008BF4FF6FF7622F085F90138C0B2012842
S2140222B07FF6AAAA601E80B24FF6FD7398423FF6DA
S2140222C0A3AA0024484604F051F9002800F08A80A8
S2140222D04FF6FF739E4256D1394604F01BFA8246E9
S2140222E0002800F09D8023F006F9002800F09B806D
S2140222F005F5FF4363339BB2012B04D948F2220350
S2140223009D4240F04684504602F0A2FE90B948F242
S2140223101B039D423CD1BDF8CC102246504602F02B
S214022320CFFF1A2800F0828040F2035398427DD0F5
S21402233000284BD04FF0090B54E005F5FF436033FD
S2140223409BB2022B10D8678A142E33A90DF17A009D
S21402235016BF3E464FF6FF76A78A09F04FFD0028C5
S214022360E8D10DF17A04ADE748F21D039D427FF4F1
S2140223704BAA042E678802D03E46A788A1E7544699
S2140223804FF6FF769EE73A46314604F0F3F9A6E7A3
S21402239048F21E039D42BED0834625F0020348F251
S2140223A020029342B7D048F21C039D4203D048F263
S2140223B021039D4213D1BDF8CC102246504603F0AD
S2140223C025F818B140F202539842B3D13B46324642
S2140223D049460220FCF794FD4FF0000B02E0BBF1E9
S2140223E0000FF3D048F21F03BDF8CC40ADF894308E
S2140223F08DF896B0ADF89790BBF1000F05D0204649
S21402240022F0D8F8022808BF00244FF6FF739E4237
S214022410ADF899400DD1ADF89B700723FFF7E8BAE7
S2140224204FF0020BDEE74FF0080BDBE74FF0050B31
S214022430D8E7ADF89B60ADF89D700923FFF7D8BAD0
S2140224402788731C9BB23846149322F0B3F80128EF
S2140224500DF1CC0B38D04FF0010900272146324649
S2140224600DF169008DF8689029F032F8BD4B1B68B3
S2140224701868139BCDF828B048F2290243F00101F0
S21402248048F22A0448F22C03954208BF234600224B
S214022490CDE90D22CDE90B227F000DF1680A0997DE
S2140224A0149CCDF820A0CDE90634FF23CDE9041311
S2140224B0109B0393129B029302230193119B00939A
S2140224C011464346FFF721BB384604F04FF8002872
S2140224D0C1D048F229039D42618817D104F01AF947
S2140224E082460028B9D023F006F820B3504623F0DF
S2140224F03DF987B21FB3BA2FA8BFBA27D946002123
S2140225008BB29F4206D84FF00009A7E7A28804F0D4
S21402251031F9E5E71AAB19AA5046159123F02AF9C4
S2140225201599013110B14FF0090997E7BDF86430EB
S21402253029F8023BE4E707464FF008098EE7B9465A
S2140225408CE748F224039D4227D12078C10800F088
S2140225500700FFF7F5F8FF283FF456A904241AA847
S21402256033A9FFF7DDF800780A788DF8A84048F21C
S2140225702503ADF8943000F0070343EAC2038DF852
S21402258096300123ADF8A4309DF8C8308DF8AC0023
S2140225908DF8AD2043F001039CE50B24DFE7002312
S2140225A0339348F227039D423AD161782078CA08CD
S2140225B033AB01F00701FEF72FFCFF283FF424A9F6
S2140225C0062419A9002302251AAA0DF162008DF825
S2140225D064308DF868308DF86250FEF731FE097867
S2140225E012789DF862008DF8960048F22803ADF83E
S2140225F0943001F0070343EAC2038DF89730339B09
S214022600ADF8A45003F001035B008DF8A8408DF8E6
S214022610AC008DF8AD108DF8AE2043F001039EE5B8
S2140226200D24CEE72588284621F0C4FF01287FF432
S214022630EBA848F22E03ADF8943023788DF8963046
S21402264063788DF89730484B1B686BB11B6933A9CA
S2140226502846984740B1339B6422B3FBF2F3ADF8A9
S21402266098301B0C8DF89A300523FFF7C1B9142257
S214022670002133A828F054FF48F238039D4245D083
S214022680A3782188ADF8D61023B1FF2B36D14FF6AA
S214022690FF733693E378112B3FF6B6A82579B4F884
S2140226A00520B4F80700ADF8DD20CDE90025369AFE
S2140226B08DF8DF508DF8DC30ADF8D400FEF7A6FEBC
S2140226C0054633A8FEF794FE042D21D103CC2378C9
S2140226D0CDF89700CDF89B108DF89F300623ADF805
S2140226E094300A238DF89650ADF8A430002D7FF46E
S2140226F08BA80120FEF7B8FDFFF786B8112B3FF630
S21402270083A8013B012202FA03F3C2E70025D8E7B9
S214022710369ABDF8D630ADF89730DAB98DF89920EA
S2140227209DF8DC308DF89A309DF8DF308DF89B30BE
S214022730379BC3F30F23ADF89C30BDF8D4304FF669
S214022740FF72934208BF0023FF2DADF89E30C5D11D
S214022750FFF75AB84FF6FF739A4207D1FF238DF858
S2140227609930DDE7B8110020342F00201123012014
S2140227701946013B00FA03F4A24202D2002BF7D11B
S21402278019468DF89910CBE71222002133A828F0BB
S214022790C7FE48F23A039D423BD1012133A8FEF719
S2140227A073FEBDF8D4302BB3BDF8D63013B34FF05A
S2140227B00009BDF8D430ADF89730BDF8D820BDF882
S2140227C0D630ADF899309DF8DB308DF896908DF8BE
S2140227D09B30002A5DD18DF89C2048F23C03ADF870
S2140227E094309DF8DC308DF89D309DF8DD308DF804
S2140227F09E3022E64FF00009ADF8D490ADF8D690A0
S214022800ADF8D8908DF8DB908DF8DC908DF8DD90E1
S214022810CFE72279112A3EF6F7AF258815B16688EA
S21402282006B1A2B9002133A8FEF72EFE0091B44BE2
S21402283022790846FEF750FE8146B8B9ADF8D400B4
S214022840ADF8D6008DF8DA008DF8DB00B1E7002788
S2140228503146AB4B00972846FEF73EFE3946814688
S21402286033A8FEF711FEB9F1000F04D0B9F1FF0F3D
S2140228703EF4CAAF9DE79DF8DB30002B97D0A14B04
S2140228801B689B68002B92D02279314628469847CF
S2140228908FE74FF6FF739A4203D1FF238DF89C30E1
S2140228A09BE7112301201946013B00FA03F4A242DA
S2140228B002D2002BF7D119468DF89C108DE723889B
S2140228C0184608EE103A03F051FE824698B1B4F864
S2140228D002B00120594609F0D1FA074600286FD106
S2140228E0062EB4F8049017D14946504603F012FF5C
S2140228F0044600BB022748F23E0332461EA90DF1EB
S21402290097000136ADF894308DF8967028F0E0FD09
S214022910ADF8A460FEF778BFE288149249465046A6
S21402292003F028FF04460028E4D04FF6FF718945DD
S214022930149A0BD19146B9F1130F04D8724A22FAAF
S21402294009F2D3073ED44FF6FF7A01E0CA46914613
S21402295048F23D0295421ED1204622F097FD87425C
S2140229600CD35946204622F099FD88B918EE101A63
S2140229704B4652460020FCF7C3FA05E0394620468D
S21402298022F087FD834501D10027B4E70137E3E74C
S2140229900927B0E70137204622F078FD874205D2A4
S2140229A03946204622F075FD8345F3D1204622F0B3
S2140229B06DFD8742E8D05946204622F0A5FED4E7B0
S2140229C0032798E70D2796E706F1010B1FFA8BF30C
S2140229D02088149303F0CAFD814690B148F24B0357
S2140229E09D4261882FD103F095FE824600283FD093
S2140229F04FF0000BD946504622F048FD834526D3B9
S214022A000027214632460DF169008DF8687028F0DD
S214022A105FFD3C4B1B681868139B48F24B0248F25A
S214022A204C0443F0010148F24E03954208BF234688
S214022A30002233ACCDE90D22CDE90B22CDE9099473
S214022A400DF1680A2CE5A28803F094FECDE75946FC
S214022A50504622F01EFD40F2751333AA59460BF17A
S214022A60010722F01DF930B11FFA80F9BB46C2E712
S214022A7002278146C5E70746C3E748F246039D425A
S214022A80268819D133A93046FEF756FBFF283EF4B6
S214022A90BBAE0C210E289DF8CC301DD99DF8C8205F
S214022AA08DF8A81042F00102ADF8AC608DF8AE3099
S214022AB08DF8C820002014E0A1788DF8CC1030469E
S214022AC0FEF76CFBFF2805D133A93046FEF734FB30
S214022AD0FEF79ABE0521DDE744F21022C240D50772
S214022AE0DCD548F24802ADF8942022788DF897207B
S214022AF062788DF896008DF89820FFF78DBB00BFA0
S214022B00050D0200B811002033FC0C0080230024BF
S214022B108DF868304A238DF869301AAA02232146B6
S214022B20204633941EF0B7FD339000283EF46CAE78
S214022B301C4B12991B680794FF220692139A019463
S214022B40CDE90402CDE90844CDE90244119A009287
S214022B501C68109A43460220A04710B133A81EF004
S214022B60ADFBFEF7CFFBFCF7DFF9FEF74DBE48F2F2
S214022B7045094D450CBF4FF001094FF00309FEF71A
S214022B8061BF022B7EF440AE032D7EF43DAEFFF70E
S214022B904CBB48F21B039D423FF4BDAB4FF0100BFB
S214022BA0FFF7FBBBB8110020024B034A1B689A666C
S214022BB0704700BFB8110020F12B02000F2870B535
S214022BC0044612D821F055FC05464EF660200E4605
S214022BD021F061FC054B1B680E34281803EBC40277
S214022BE046EB010143F83400516070BDB811002075
S214022BF0F7B505460E4603F05BFC10F0020063D004
S214022C00012E30D10DF10701284604F06BFE9DF827
S214022C100730012B03D10021284604F059FE2B4F22
S214022C200024FEF76BF8C3889C4214D23B6804F17A
S214022C301C0203EB4203B3F90610DA88002919DAFC
S214022C40C2F30B02954215D1720302F4C04221F47C
S214022C50C0410A43DA80FEF751F8C3889C4225D168
S214022C601A4F002409E0022ED9D103B0BDE8F04085
S214022C70FEF754B80134D4E70134FEF73FF8C388B0
S214022C809C4213D23A6804F11C0302EB4302B2F9E7
S214022C900630002BF0DB730303F4C043C5F30B05C9
S214022CA02B436FEA43436FEA5343D380FEF726F87B
S214022CB0C388A34207D0012E02D12046FFF77EFF2B
S214022CC003F0A2FFD1E70F2003B0F0BDB811002039
S214022CD00F2810B5044604D900231A461846114692
S214022CE010BD21F0C6FB064B1B680E3403EBC40274
S214022CF053F83430526898429141EDD2EEE700BF65
S214022D00B81100202DE9F34D06460F46002001A912
S214022D100BF0BAF9044648B9DFF888804FF0000A8B
S214022D204FF0000B019BA1B2994202D302B0BDE85C
S214022D30F08DD8F8003003EBC103D3E91C0250EA49
S214022D4002052DD0864277EB020229D3C3E91CABDB
S214022D500DF1020200200BF0C9F9054600BBFF2365
S214022D60BDF802008DF801300DF1010104F0BAFD44
S214022D709DF80130012B04D1BDF80200294604F06B
S214022D80A7FDBDF802000DF10101FEF7D5F99DF889
S214022D900130012B04D1BDF802000021FEF7FEF936
S214022DA00134BFE7B81100202DE9F04F2DED028B5C
S214022DB083B00746BDF84060BDF838909DF844B031
S214022DC0304608EE103A8846154621F0F3FB0128F5
S214022DD006D02124204603B0BDEC028BBDE8F08F5E
S214022DE003F0B2FB731E184480B221F0E3FB012805
S214022DF0EFD1002003F050FE032829D105F056FC3F
S214022E0020B9824603F0A0FB504527D805F04EFCB9
S214022E10024698BB4FEA4B01009018EE103A01F0BA
S214022E200201484625F017F9044638B305F03EFC81
S214022E300028CFD1054603F087FBA842CAD9284608
S214022E4003F088FB10B1002103F0D2FB0135F2E754
S214022E5005F02CFC0028D1D10224BBE7504603F033
S214022E6079FB002854D006EB0A0189B203F0C0FBB6
S214022E7004460028DAD10AF1010AC3E705F016FC77
S214022E80014620B14146384609F0C2FD03E0DDB1F5
S214022E902A4609F017FD002838D105F007FCC8B10C
S214022EA01BF0020F2BD105F001FC10B91A4803F0F3
S214022EB0BDFC0421002003F0F5FD0F99324648467A
S214022EC021F0FFFA002485E743463A46294609F0F0
S214022ED029FDE0E70F9803F081FC04460028DFD0C6
S214022EE005F0E4FB014610B9022009F045FC05F0A6
S214022EF0DDFB00289AD1494609F03EFC96E7012000
S214022F0003F072FC04460028CDD0E9E70446EEE75B
S214022F1040F203448AE700BFE245050070B5164E4C
S214022F2003F04EFA05F05CFC336803B19847134C85
S214022F30236803B19847124D2B6803B198470CF0EB
S214022F403BF908F013FA02F0E5FE0CF0C3FF06F0B8
S214022F5011FA0CF073FF03F035F925F033FC00F09C
S214022F60EDFC00F0C5FC05F013FF03F059FA002053
S214022F7030602860206070BD282F0020302F00208F
S214022F802C2F00202DE9F04788B01F4605460E4636
S214022F909046DDF840A0DDF8489021F022FD044678
S214022FA021F021FD0023CDE9013303936A4B002D66
S214022FB008BF1D46AB7D012B00F2C980EB7D0F2BAF
S214022FC000F2C5802B7E1F2B00F2C1806B7E082B81
S214022FD000F2BD80AB7E0F2B00F2B980EB7E082B91
S214022FE000F2B580AB8B33EA040240F0B0801BB12E
S214022FF030EA030340F0AB80A868FDF765FE0028C0
S21402300040F0A780A86805F0D3FE0446002840F0EA
S214023010958000F065FC044610B10F2840F08E80C3
S21402302000F084FC044610B10F2840F087802B7B0A
S2140230304A489B077BD50AF0BDFF044600287DD18F
S2140230403146284604F09AF90446002876D1A88A22
S21402305003F010FD03F0CAF8044600286ED10146BC
S2140230600CF000FF0446002868D106F097F90446E3
S214023070002863D10CF012FF044600285ED12B68AC
S2140230800246014602F00CFE0446002856D16A6843
S214023090014608F0C5F9044600284FD10CF068F83E
S2140230A0044600284AD1BAF1000F43D1B9F1000F05
S2140230B048D1C0470446002840D1294B119A1A60CD
S2140230C0284B139A1F60284B1A6004F065FC019087
S2140230D004F086FCAB7D0290003B18BF01238DF8FE
S2140230E01030EB7D2149C3F340028DF811202A7E71
S2140230F0ADF814206A7E8DF8122003F00103AA7E32
S214023100ADF818208DF81A30EA7EAB8B8DF81620B3
S214023110ADF81C30224601AB04A805F0F5FA0446C9
S21402312060B903F03BF9204608B0BDE8F0870AF024
S21402313055FF82E7D04704460028B7D03078FFF71D
S214023140EDFEF0E7FDF7DAFD008BC847B1E7212474
S214023150E9E71A24E7E700BF4C19050011660200EA
S2140231602C2F0020282F0020302F0020C81005000A
S2140231701FB50023CDE90233CDE90033034A044BE1
S214023180FFF700FF05B05DF804FB00BFE14C04004A
S2140231900D4D0400014B03600020704757130020BA
S2140231A02DE9F04F144695B00022054610460692C9
S2140231B0DDF878A08DF80F10984603F0CBF90DF1E4
S2140231C01C0983460BAE09AF0022B8F1000F17D1D7
S2140231D021244846082124F0DEFB0FA8132124F000
S2140231E0DAFB3046102124F0D6FB0821384624F0BC
S2140231F0D2FB06A825F0ECFA204615B0BDE8F08F03
S214023200BAF1000FE4D02046CDE9002906AB012131
S21402321008F0F6FF04460028DBD1454B01461B8822
S214023220ADF83C301022304628F07AF908213846AC
S21402323023F09CFF04460028CBD10DF11601584618
S21402324022F06FFC04460028C3D1012D10D13B4664
S21402325003CB8DF83E50CDF83200CDF83610BBF1D8
S214023260000F60D0BDF816305BBAADF83A300CE00D
S214023270022D3CD199E8030086E8030097E8030094
S2140232800DAB83E803008DF83E500698314625F0D4
S2140232900FFC00284AD10DAB03CB3B46CDF83F00CE
S2140232A0CDF8431003CB1325CDF84700CDF84B10CD
S2140232B0BAF80020AB1D9A428AD9012200920DF17B
S2140232C00F030021404621F0F4FB0223014600933F
S2140232D00322174B404621F0ECFB009501460FAB4C
S2140232E01622404621F0E5FBAAF8000071E7032DFE
S2140232F00CD13B463071306003CB8DF83E508DF8D2
S2140233003150CDF83200CDF83610ABE7002D7FF401
S2140233105FAF4B468DF83E0003CB0B25CDF83F0042
S214023320CDF84310C4E740F2034452E7044650E7A0
S2140233305713002048F24E03984220D806280CD88D
S214023340304BC35C03F03F0213F0800F10460AD0E6
S214023350814234BF00200120704780F400434E2B88
S2140233604DD8294BEDE75B0607D5914245D0901C18
S214023370884214BF0020012070479142F9E700F509
S214023380FF4331339BB2102B0AD8A0F500401F4BE7
S2140233904F3853F82000002825DA20F00040D7E7FF
S2140233A000F5FF4320339BB2082B04D8A0F500405B
S2140233B0174B6038EDE700F5FF4317339BB2082B37
S2140233C004D8A0F50040134B6938E2E700F5FF4346
S2140233D00C339BB2032B12D8A0F500430E4A743B63
S2140233E052F82300D7E7030602D520F08000AFE7A5
S2140233F0012303FA01F108407047012070470020BC
S214023400704700BF4011050047910400981105005F
S2140234101C110500E81005000C1105002DE9F04FFF
S21402342093B021F026F806468846092009A9F5F742
S2140234301BFD2B4D002851D10446694609A8F5F715
S2140234404BFD0746D0B1FEF7DFF821F024F8A8427C
S21402345071EB04033CBF0C46054600F0BFFD21F0AD
S2140234601AF8A84271EB04033CBF05460C462846F0
S214023470214621F000F813B0BDE8F08F0099D1E99B
S2140234800223964278EB0303D7D3D1E90C9A09209C
S214023490B1F800B0F5F7C4FCB9F1000F11D0394607
S2140234A01C2202A828F03CF8009BDA8B1B8CADF895
S2140234B00420ADF8063052465B4601A9FE20C847F6
S2140234C0BBE7009AD2E902329B1B62EB0802AB42D0
S2140234D072EB04013CBF1D461446AEE70024B2E779
S2140234E0FFFFE7030A4B19684A8810B512F0010479
S2140234F00CD142F001024A800C80FDF7FFFB234606
S21402350090F8272040210920F5F7EAFB002010BD9D
S214023510C011002010B5074C23685B88DB0707D56F
S2140235200920F5F72BFC2268538823F00103538009
S21402353010BD00BFC011002008B509F081FA10B90D
S214023540014B024A1A6008BD382F0020DC11050024
S21402355008B509F0A9FA024B00221A6008BD00BF9E
S214023560382F002010B504F0A1F90446F0B18068A7
S21402357018B120F05DFF0023A360606818B120F048
S21402358057FF00236360204620F052FF002004F01D
S21402359093F9074A00231360064A1360064A13602B
S2140235A0064A1360064A1360064A136010BD00BF3F
S2140235B03C2F0020582F0020602F0020682F00206C
S2140235C0642F0020402F002038B504F06FF904461F
S2140235D0002836D10C2020F027FF054660B1FDF703
S2140235E08DFB90F82A0000EB8000C00020F01CFF44
S2140235F0A86018B9FFF7B6FF1A2021E0FDF77EFB98
S21402360090F82B00C0EBC000800020F00DFF686031
S2140236100028EFD00C4B0D4A1A600D4B0D4A1A606B
S2140236200D4B0E4A1A600E4B0E4A1A600E4B0F4A8C
S2140236301A600F4B0F4A1A60284604F03DF92046DE
S21402364038BD1220FCE700BF3C2F002035370200B1
S214023650582F0020D9790200602F0020AB660400A4
S214023660682F00202B670400642F00201D670400CB
S214023670402F00206171020010B50D4C237823B94B
S214023680FFF7A2FF98B9012323700A4B0A4A1A6071
S2140236900A4B0B4A1A600B4B0B4A1A600B4B0C4A2E
S2140236A01A600C4B0C4A1A60FFF77EFA002010BD17
S2140236B04F3B00204C2F002055000200502F0020C8
S2140236C079000200542F00204D040200482F0020EB
S2140236D03D050200442F0020990502002DE9F7431C
S2140236E005464FF0000801A80E4691461F46CDF843
S2140236F0048021F031FC044688B9019A0C495672BE
S214023700C2E9009702F10C032A603046FCF74CFE31
S214023710044640B1019821F0F2FBC5F8008020462D
S21402372003B0BDE8F083019B01221A72F7E700BFDF
S2140237306B5004002DE9F04FBBB004F0B7F8054615
S21402374020F097FECDE90001002D00F0C480AB68A2
S214023750DFF888813BB14FF0000AFDF7CFFA90F808
S2140237602A30534503D840463BB0BDE8F08FAB68DD
S214023770282606FB0AF633441A7A022A40F092807A
S2140237801B6A002B59D0AB6803EB0609D9F8203028
S214023790002B52D009F1200B58461DF0ADFD87686C
S2140237A005903B7CD9F80C0002930AF03BFE0438E5
S2140237B080B2C828A8BFC8200390059A42B9BC6840
S2140237C07A76002CDFD0FB6839681046A047DAE725
S2140237D0976010461DF01AFF039A397E83B2934211
S2140237E01C46A8BF1446A2B200295ED09B1A18BF78
S2140237F00123029A059942EA83138DF8183022466D
S21402380000230DF119001DF04FFDD9F80C00621CC3
S21402381006A90AF0EBFD00284CD0059958461DF083
S21402382054FFD9F8200000211EF001F8AB6833449B
S2140238301B6A002B18BF4FF00108AB683344DA69E5
S21402384082B3D3E90401009B181A019B63EB0101C2
S21402385020F011FE44F61F63984223D9AB6803EBAF
S214023860060C67460FCF06AC0FC40FCF0FC497E8FF
S214023870030084E80300604621F041FB06A821F01D
S214023880EFFBAB681E44D6E90401009B181A019BA5
S21402389063EB010120F0EFFDC0F59C40203080452F
S2140238A0A8BF80460AF1010A57E793420CBF0323DA
S2140238B002239EE705A821461DF061FF05981DF02C
S2140238C0A5FE28B9059821F00EFB05A81DF0F6FC0A
S2140238D000233B7671E7DFF8048044E7FFFFE70347
S2140238E0024B1B6803B118470F2070476C2F00204D
S2140238F0074B1B6810B543B1064B00241C60FFF74C
S21402390031FE054B20461C7010BD0F20FCE700BFA1
S2140239106C2F00205C2F00204F3B0020014B024AF8
S2140239201A607047702F002079360200024B1B681F
S21402393003B118470F207047702F002008B50A4BB6
S2140239401B687BB1FFF70EFE084B00201870084B71
S2140239501860084B1860084B1860084B1860084B34
S214023960186008BD0F20FCE7702F00204F3B002098
S2140239704C2F0020502F0020542F0020482F0020CC
S214023980442F0020F0B5104D85B00024182602F012
S214023990DBFDA04202D8002005B0F0BD2B681869F6
S2140239A006FB040000F1090783784278817B0297C0
S2140239B0C778019704300090204623F061FA08B9D0
S2140239C00134E4E70920E7E7C8110020F8B5044609
S2140239D01E460D461746FDF791F990F82430A3428D
S2140239E01BD3012D1BD80F490B6818201B69604397
S2140239F003445B783B700B681A6902442A44927847
S214023A0032700B68052101FB050019690430014478
S214023A10069827F05DFD0020F8BD0120FCE7102087
S214023A20FAE700BFC811002010B50446FDF766F994
S214023A3090F82430A3420DD3074B1B68186918234D
S214023A4003FB04040023638002F0CCFCBDE81040B4
S214023A50FFF798BF0B2010BDC8110020F0B51D4619
S214023A6095B0002307460E46284611A9CDE9123323
S214023A7014468DF842308DF8433008F015FA0028C7
S214023A803FD10DF14601304602F094FD002838D1B0
S214023A900DF14B0300930DF142020DF14303E1B227
S214023AA03046FFF793FF024658BB9DF842308DF82A
S214023AB04830154BADF849701E6812AB08939DF856
S214023AC04330033307939DF86C3005939DF87030AE
S214023AD00493BDF84430CDE90D00CDE90253CDE99B
S214023AE00B000123CDE9090004340193A4B2BDF80A
S214023AF06830009306940146BDF84630306821F0DF
S214023B004AF815B0F0BD00BFC811002070B58AB0E3
S214023B1004460E4621F05EFC04A90546204621F026
S214023B2020FD0446B0B90D4B1B681B69182202FB28
S214023B3005339B7873B902F0B5FC9DF824300193E7
S214023B40BDF8103000930296BDF822302246294670
S214023B50FFF784FF20460AB070BD00BFC8110020E0
S214023B6010B50F4C2368186920B120F061FC236859
S214023B7000221A6120681822002127F0D1FC0024B6
S214023B8002F0E2FCA04200D810BD0221204620F03E
S214023B9036FD10B1002121F01FFC0134F0E700BF12
S214023BA0C811002070B54E4D88B004461822286809
S214023BB0002127F0B5FC2B689CB11C60FDF79EF82F
S214023BC090F824002C6800EB4000C00020F02CFC8B
S214023BD02B6820611B693BB9FFF7C2FF1A2008B0A9
S214023BE070BD404A1A60E9E707A823F0FAF80028F1
S214023BF059D0FDF783F8079B90F824209A42EBD31E
S214023C00FDF77CF8079B90F824209A4210D80024EF
S214023C10079BA34217D802F097FC079B98424AD804
S214023C20314D002402F090FCA04249D80020D6E78D
S214023C3002F08AFC05F0AAF90028E8D0FFF790FF08
S214023C4041F20930CBE7002306AACDE900320293FF
S214023C500DF1130205AB0DF11201204623F0CDF84B
S214023C600028EBD105990529E8D8069B052BE5D84F
S214023C702A681269182606FB04229DF812609673BB
S214023C809DF813609170D370567002F109030432E6
S214023C90CDE901030092034602460146204623F080
S214023CA0ACF80134B4E7FDF729F890F8240005F0E3
S214023CB061F90028C2D1FFF765FE0028B0D0BDE743
S214023CC00221204620F09BFC28B93CB9FFF748FFAA
S214023CD040F2025083E7294621F07EFB0134A1E739
S214023CE0C811002019F30200F411050038B5044685
S214023CF00D4602F029FCA04208D9064B1B68182084
S214023D0044431B691B5D00202B7038BD0023012035
S214023D10FAE700BFC811002038B504460D4602F087
S214023D2013FCA04211D920462946FAF7CFFB1823E6
S214023D305C43074B1B681B6920B91D5502F052FBFA
S214023D40002038BD00221A55F8E70F20F9E700BF19
S214023D50C81100202DE9F04F9BB017469846BDF8D3
S214023D609090BDF894A0279C834621F033FB0DF17A
S214023D705201054602F01EFC0646002878D10DF1D7
S214023D804E02584614AB214620F07BFF82B2834691
S214023D901192002A6CD020461DF038FC119A821A25
S214023DA092B2BDF84E0011921146FFF7C3FA0028F0
S214023DB05ED01FFA8BF32146119A15A81DF074FAED
S214023DC0BDF84E4048F233039C424BD848F22E03CD
S214023DD09C4250D848F204039C420CD004F5FF449F
S214023DE07B34A4B2012C43D89DF854108DF8581099
S214023DF02846FFF791FFBDF84E2048F206039A4286
S214023E0036D016A92846FFF771FF9DF858308DF870
S214023E106030012448F207066F4B1B6850461D6847
S214023E20BDF85230119320F0D5FD18A9CDE907410F
S214023E30FF2105919DF8A010119B069608430022CB
S214023E40C0B20121CDE90380CDE90091CDE90D2272
S214023E50CDE90B22CDE9092202971146284620F029
S214023E609AFE05E004F5FF434C339BB2022B6ED953
S214023E701BB0BDE8F08F02F015FB48F231039C42FE
S214023E80064627D1BDF854308342F1D100230DF106
S214023E90580B8DF84C308DF84D300DF14D0213ABAA
S214023EA00121CDF800B02846FFF790FD9DF84C4062
S214023EB09DF84D30ADF86160052CA8BF052422465A
S214023EC059460DF163008DF86030033427F000FB8D
S214023ED00526A1E704F5FF4351339BB2012B0DD80B
S214023EE0BDF854308342C3D12846FFF79DFD48F201
S214023EF02F039C42BCD1FF28C8D1B9E7BDF8553084
S214023F008342B5D19DF8548002F0CCFA8642AFD1F6
S214023F102846FFF789FD0028AAD12F4B1B681B698C
S214023F20182202FB0533494683F8018048F2320321
S214023F30E31A5C425C4152463B462846CDE90164A0
S214023F40CDF80080FAF7F6FAFFF71CFD90E748F284
S214023F5034039C4210D102F0F7FA854206D21E4B79
S214023F601B681869182303FB0505AE7B8DF8606095
S214023F70012448F237064FE79DF854600F2E24D8E6
S214023F8002F0E2FA854223D2134B1B681B69182201
S214023F9002FB05339E7302F025FAFFF7F3FC834615
S214023FA002F0D2FA854206D20B4B1B681869182318
S214023FB003FB0505AE7B48F236039C423FF458AF3E
S214023FC0BBF1FF0F3FF454AFD0E74FF0FF0BE7E72C
S214023FD04FF00F0BE4E700BFC81100202DE9F04FA9
S214023FE08FB020F046FA0025DFF8A88104460E4678
S214023FF02F464FF0180902F0A7FAB84218D8002D3B
S21402400052D0644D2B68D3E90201201A66EB0101F7
S21402401020F031FAB0F57A7F41D82B68D3E9020155
S214024020201A66EB010120F026FAC0F57A7527E021
S214024030D8F800301A6909FB07F3D35C03B10135DF
S2140240400137D8E72B6809FB07F81B6913F8081035
S21402405061B10139C9B23846FAF738FA2B68D0B9D5
S2140240601A6912F80830013B02F80830013702F0EC
S2140240706BFAB842E6D82B68C3E902464FF47A7563
S214024080DFF810B1002702F05FFAB8420ED82846D1
S2140240900FB0BDE8F08F1B6903F808A0E6E700271B
S2140240A04FF01809BA46E2E73B4DE9E702213846E7
S2140240B020F0A5FA814600285ED008A921F051FA20
S2140240C08046002858D1BDF82030002B54D0BDF8C9
S2140240D032204FF6FF739A424ED0484600F04AFD11
S2140240E050EA010348D018237B430493DBF80030E0
S2140240F0049A1B6913449A78002A3DD09B7B002BB6
S2140241003AD0484600F036FDDBF80030049A1B69C8
S21402411003EB020A01229AF80E309A40D31714F0E3
S21402412021FCCDE905000791DAE90401201A66EBC5
S214024130010120F0A0F9069A079B904278EB030251
S2140241401CD3484621F08DF8814602F0ABF99DF863
S21402415034300193BDF8203000934246BDF8323029
S214024160CDF808903946FFF779FCDBF80030049A60
S2140241701B691344C3E90446013784E7059A101AFB
S21402418063F10003854278EB030338BF28460546F1
S214024190F2E700BFC8110020FFFFE70338B5064B61
S2140241A01B681B681B6804460D4603B938BD2946C2
S2140241B0204698470346F8E7CC11002038B50B4D49
S2140241C02B681B681B6804461BB100210120FFF701
S2140241D0E5FF2B681B6800200021C3E902010021CD
S2140241E01C600846BDE83840FFF7D8BFCC11002057
S2140241F0074B1B681A6892F82C303BB1937E013B42
S214024200DBB2044882F82630FFF7D8BF0523F8E76A
S214024210CC11002015470200044B05481B681B689A
S214024220032283F82620FFF7C9BF00BFCC11002067
S21402423059430200034B1B681B68DB6903B118472E
S214024240704700BFCC11002082B002AB03E9030026
S2140242500A4B1B681B6893F82C0060B19DF800207F
S214024260012A08D1BDF80210DA8D914204BF93F8F4
S214024270270080F0010002B0704700BFCC1100207A
S21402428030B587B06C4684E806000D4909680968AF
S21402429091B1ADF8080094E8030003AD85E8050087
S2140242A005935BB11B78023BDBB2072B06D8054AA7
S2140242B0D05C02A9FFF772FF07B030BD0220F8E714
S2140242C0CC1100200C120500024B1B681B6893F8E9
S2140242D02C007047CC110020034B1B681B6893F818
S2140242E02C0000B1D88D7047CC11002038B5084C90
S2140242F023681B68986A28B923681B6883F8370006
S214024300986238BD056820F093F82846F3E700BFA8
S214024310CC11002038B501460546002020F0C4F92D
S214024320044680B90A4B1B681B6893F82C206AB1B6
S2140243301A8CAA420AD11A68064B9A4201D1FFF792
S21402434057FF204638BD40F20254FAE70224F8E747
S214024350CC11002049470200F0B585B020B10828EC
S2140243602FD01A4805B0F0BD194B1B6819688B6A26
S214024370002BF6D0CDE90100ADF80C001C791E7AB0
S214024380024601AD01201F79A74214D10EB11F7A51
S2140243908FB1DF8825F8027B18721B6801320BB1D9
S2140243A0052AF0D1012CC88D91F8371001AB05D142
S2140243B023F085F9D5E7002AD3D0F3E723F086F970
S2140243C0CFE70448FFF7FAFE0020CBE7D14702000A
S2140243D0CC110020A5460200F8B51C4E0F4620F070
S2140243E05AF833681A4A1B680D4659690446A1FBF7
S2140243F0040C01FB05C1002314F0B4FA022FDFF807
S21402440054C015D0032F17D0012F02D1241A65EB02
S2140244100105CCE9000120F02CF8336820181B684F
S21402442045EB0101C3E90201BDE8F84001F0DABF3D
S214024430241845EB0105ECE7DCE90037DB187F4181
S2140244401B1945EB0705C418F3E700BFCC11002083
S21402445040420F003814002030B5012885B015D030
S21402446008281DD000283DD11F4D2B681B6801204F
S21402447083F827001FF0ACFF2B681B68032193F814
S2140244803500FFF7A9FF002005B030BD164B1B68AC
S2140244901B68002483F8274020461FF099FFF2E7A6
S2140244A0114B1B681B6893F826203AB1013A83F831
S2140244B0262000210620FFF771FEE4E793F82C1071
S2140244C01A8C072361B1022101A88DF80410ADF8F9
S2140244D008200393FFF7AEFE0448FFF76FFED2E70D
S2140244E00121F1E70248CFE7CC1100205546020031
S2140244F0FF5104002DE9F843DFF86C90D9F800303C
S2140245001B68904693F82C2007460E4602B39C6A18
S214024510002594B90C201FF089FF28B10771C680C8
S21402452004600472DDB12860B8F1000F10D0BDE857
S214024530F84300210720FFF731BEE288B2420BD1D2
S214024540227A4AB92279BA4202D0226815B12A6082
S214024550BDE8F8839A62FBE725462468D9E7D9F8CE
S21402456000301B689862DFE7CC110020F0B5052802
S21402457087B00D4623D0062804D002280ED0304835
S21402458007B0F0BD2F4B1B681B6893F82C401CB17C
S2140245902D48FFF713FE10E02C48FAE7294B1B685C
S2140245A01B6893F82C000028EAD093F8362082F095
S2140245B0010283F83620FFF71BFE0020E0E7214FBA
S2140245C03B681B6893F8362093F82C4082F0010271
S2140245D083F8362003AEECB9DA8D5A84012183F8CB
S2140245E02C100820FDF790F83B681B6830461A8CA2
S2140245F0DB8D0394B460ADF81020ADF81230FFF7EF
S21402460019FE204600F000FE044618B1002120F0F4
S214024610F8FDF6E7EB685978D3F802203B681B688A
S214024620188C2B7A0093019601F00103C1F3400126
S21402463002F03AF9EB689B79002BBCD10448A8E754
S21402464059440200CC1100209D4702001547020083
S2140246504947020038B50446F0B9104D1FF0B8FEBF
S214024660FFF744FE2B681B6893F82C2083F836402D
S2140246702AB183F82C4021460820FDF745F806F0BB
S21402468053FF2B681B68D88D28B121F097FA2B6848
S2140246901B680020D88538BD0148FCE7CC110020F5
S2140246A0FF510400042870B506D0062827D1154805
S2140246B0FFF784FD002420E0134D2B681A68CB68B0
S2140246C092F837005B788342F4D10133946A82F819
S2140246D0373034B92B681B689C625CB1FFF79CFDCF
S2140246E0E8E7237A002BF5D0266820461FF0A0FEC6
S2140246F03446EEE70548FFF761FD204670BD044CE0
S214024700FBE700BF59430200CC11002049470200D4
S2140247105944020008B518B108280AD0074808BD4F
S214024720074B1B681B6893F83610D88D23F029F8C0
S214024730F4E70448FFF742FD0020F0E7D147020005
S214024740CC1100206D450200072838B507D008288E
S21402475019D0E0B90F4B1B681B689C6A14B1FFF7AF
S2140247605BFD12E09D7E1A6BD87E00FB152093F847
S214024770342093F835301344012105FB1300FFF76C
S2140247802BFE204638BDFFF733FD0024F9E7024C26
S214024790F7E700BFCC110020FF51040010B518B196
S2140247A008280AD0074810BD074B1B681B6801463D
S2140247B0D87EFFF711FE0020F5E70448FFF7FEFC5F
S2140247C0F9E700BFFF510400CC1100201547020094
S2140247D010B5044648B9064B1B681B68012193F8BE
S2140247E03400FFF7F9FD204610BD0248FCE700BF83
S2140247F0CC110020FF510400F8B5114D0026002709
S2140248002B681B68D3E90223134317D01FF031FE2F
S2140248102B681C68D4E90232984271EB020C06D26D
S214024820181A62EB0101BDE8F8401FF024BEC4E985
S214024830026700210820FFF7B1FCE1E70148F8BD56
S214024840CC110020FFFFE70330B50C4687B00828DE
S21402485044D8DFE800F0050F4326434343431300E2
S21402486001201FF0B5FD02214FF47A70FFF7B4FD68
S214024870002034E000201FF0ABFDF9E7194B1B685F
S2140248801B681B8CADF8103001224FF4A16303A8FD
S2140248908DF80C200593FFF7CDFC1348FFF78EFC2E
S2140248A0E6E7C9684878D0B10E4D88782B681A6852
S2140248B0537E9842DCD32088D085B1F80510938CBD
S2140248C0128C0091012121F047F92B68E2681B68DF
S2140248D0527883F83520FFF78BFCC9E7034807B008
S2140248E030BD00BFCC11002055460200FF51040027
S2140248F02DE9F043194D2B6819684C7E0F69888C98
S2140249000E7E81F83460012C4FF0640288BF04F1F9
S214024910FF3407FB02F200F1010085B088BFB4FA4B
S21402492084F40A638884B1F82080B1F822908CBFA0
S214024930C4F12004002401F007FE2B681B68C0B2F5
S2140249409B8C0293CDE900903B463246E1B240464C
S21402495022F0C3FE05B0BDE8F08300BFCC110020F4
S21402496010B518B1082809D0064810BDFFF7C0FFD9
S21402497001216420FFF730FD0020F6E70248FFF72A
S2140249801DFCF9E7FF51040049480200F8B5054648
S21402499001F08EFD030728D5FCF7B0F990F8263013
S2140249A02BB3002002F078F8042823D1154E336882
S2140249B01B680BBBFEF7C0FD0446A0B9382037685B
S2140249C01FF032FD336838601B68C3B10E4A07CA4F
S2140249D003F1100686E80700DD610C48FFF7EEFBE0
S2140249E00B4B0C4A1A602046F8BD0F24FBE740F238
S2140249F00354F8E70224F6E740F20654F3E71924D4
S214024A00F1E700BFCC110020341205005546020023
S214024A10742F00201412050010B50B4C23681B6877
S214024A2043B1FFF763FC236818681FF001FD236893
S214024A3000221A6001201FF0CBFCFEF789FD034B13
S214024A400020186010BD00BFCC110020742F00207B
S214024A5010B5044601F02CFD030741BF054B1B6849
S214024A601B68103349BF93E807000F2084E807004D
S214024A70002010BDCC110020D8B103680E4A0A3BB4
S214024A80934216D8037A092B13D9437A023B7E2B1C
S214024A900FD8837A013B0A2B0BD8C37A642B08D82B
S214024AA0064B1B6807C81B68103383E80700002004
S214024AB070472120704700BFF5BB3400CC110020A0
S214024AC038B50146054600201FF0EEFD044660B9E3
S214024AD0084B094A1B681B681968914208D10748A7
S214024AE01D84FFF76BFB204638BD40F20254FAE7FE
S214024AF00224F8E7CC110020554602006149020064
S214024B00F0B5014687B0054600201FF0CDFD0446ED
S214024B1030BB164E33681B6893F82C201AB31F8CD2
S214024B20AF4220D1D98D019120F0F4FF336801996C
S214024B301B6802469B8C384622F071FE33681B685F
S214024B4005941B8CADF81030022203A88DF80C20B9
S214024B50FFF770FB0648FFF731FB204607B0F0BDB3
S214024B6040F20254F9E70224F7E700BFCC11002016
S214024B705546020010B5037B064A990902EBC104AA
S214024B8052F83100626803F03F03A0FB030103FB07
S214024B90021110BD281505002DE9F04104460D4608
S214024BA01FF067FCD4F8293006460F4653B1D3F8F7
S214024BB00880B8F1000F05D0204620F052FB0146CF
S214024BC02046C0476DBB2046FFF7D4FF50EA0103DC
S214024BD0054605D11B4D2846BDE8F0411FF05BBCDB
S214024BE0637B03F0070384F827301FF054FC94F825
S214024BF02730801947EB0101C4F80F00C4F81310E0
S214024C00002BE8D0637B3220DB0803FB00001FF09A
S214024C1042FC801947EB0101C4F81700C4F81B10C8
S214024C20D9E794F82730002BD4D0013BDBB284F8C6
S214024C302730002BCED0657BEB08322503FB0555CB
S214024C402846E4E7FFFFE70310B5064C23685868DA
S214024C5020B11FF0EDFB236800225A602368002271
S214024C601A6010BDD0110020014B1B6818687047EF
S214024C70D011002038B5044B1B6804465D6820F04E
S214024C8048FB04FB005038BDD011002070B51C460E
S214024C90164B15461A681368013313600E46FFF763
S214024CA0E9FFFF220323027242728272C272827B81
S214024CB00370002363F30002467003734373458058
S214024CC084808371C371827380F8353080F8363001
S214024CD080F8373080F8383080F8313080F832305B
S214024CE080F8333080F8343070BD00BFD011002019
S214024CF02DE9F04F93B0064688460792FBF7FEFF73
S214024D0090F82530B342C0F05981AE4D2B685C68EE
S214024D10002C40F0558120F0FCFA0746FBF7EEFF28
S214024D2090F82500D5F8009078431FF07DFB2B689D
S214024D30C9F804005B68002B49D1FFF785FF1A24E7
S214024D40204613B0BDE8F08F08EB070302229D78D9
S214024D50DB7804931146049AAB1C11FB02335B000A
S214024D6005933B1D069308EB030B04EB05094C4524
S214024D7018D102231A46069B12FB0535049B2344D0
S214024D8045441C46A14505F1040515D1059B0AF1CB
S214024D90010A1F44079B9F42D6D38B4C4FF0000953
S214024DA0002721E020463BF8023B4FF6FF725146B1
S214024DB0FFF76CFF0134DAE7484635F8023C35F86F
S214024DC0042C5146FFF762FF09F10109DAE70A27C8
S214024DD0A246DFE7384601F0BDFB34F8061C8046E3
S214024DE001F098FC18BB013701F0AEFBB842F1D8CF
S214024DF009F10109B9F1100F04F11604D0D108A87F
S214024E0021F03BFE002800F0C480089BB34299467E
S214024E10A8BFB146B34224D14FF00008C24609AD3E
S214024E20C84527D1B145C0F0AA80002488E734F8E7
S214024E30041C404601F06EFC05460028D3D0A3466B
S214024E404FF0000A14F8023C5345CCD93BF8021B3B
S214024E50404601F05FFC08B1C0F831500AF1010A81
S214024E60F0E7304604F056F804460028D4D0FFF7A0
S214024E70EBFE65E74046FFF7FDFE0023CDE901AAFB
S214024E80074600950AAA1946404621F002FE044645
S214024E900028ECD1FBF732FF0A9B42899A4201D2E4
S214024EA01A24E4E7FBF72AFF099B82899A42F7D382
S214024EB0FBF724FF4489FBF721FF8389640004EB98
S214024EC04303393339343B443C44CDE9005402931E
S214024ED00AAA07F139030CA9404621F0DAFD044676
S214024EE00028C4D1BDF830001FF064FB022844D16C
S214024EF00BA90DF1320001F0FFFD04460028B6D1E1
S214024F000B9B3B72BDF83030FB80BDF84230A7F8F1
S214024F1009309DF84430FB729DF845203A739DF89F
S214024F2046307B739DF84730B97BC3F3000363F3C7
S214024F300001B973AAB102210BA822F017F9BDF835
S214024F402C00C0F3080014301FF0A5FA04468B4666
S214024F501FF08FFA20184BEB0101C7F80F00C7F8B5
S214024F6013100A9BA7F83530D7F8313013B9099BCE
S214024F70A7F8373008F1010852E7FF23C1E7484691
S214024F8020F0D4F9044600287FF471AF09F1010934
S214024F9048E7304603F08AFF044600287FF467AFEE
S214024FA0B4423FF442AF204620F0C0F9054618B19D
S214024FB0FFF74AFE2C46C3E60134F1E72124BFE69A
S214024FC00224BDE6D01100204E1505002DE9F0435F
S214024FD0184F002307EBC306B488844203D804F1B3
S214024FE01F0585421BDA01330F2BF3D10020BDE8E3
S214024FF0F08357F833C00EFB04F60CEB06090134B7
S214025000D9F8029019EA050F1EBF3CF8066022F88E
S21402501010600130A045EAD98142EAD8E7E7001BD2
S21402502001258540002096F8068004464FF0060EBD
S214025030F0E700BFB0140500044B1B6810B55C68AF
S214025040041B20F066F9B4FBF0F010BDD01100206E
S2140250502DE9F047044620F04EFA002840D02046BC
S21402506020F0D9F8204F0646002500F1FF38ABB2F3
S2140250709E4214D823461A46D3F83130002BFAD172
S21402508082F8373082F838302046D4F83140002C87
S214025090FAD1FFF7D1FFBDE8F04720F047B93B68E9
S2140250A04FEA45095BB12046D3F818A020F0BBF8BA
S2140250B0A8EB0503594230F815005941D04720465F
S2140250C020F0B1F830F809001FF074FA022805D172
S2140250D0204620F0B5F8405D01F080FD0135C6E7B8
S2140250E041F20830BDE8F087742F00202DE9F84F12
S2140250F01FF0BFF907464248DFF808A188461FF0AE
S214025100CAF94FF0000906460D464FF6FF7BDAF85D
S21402511000301B684B4505D830462946BDE8F84F97
S2140251201FF0A9B94846FFF7A5FDC38804467BB31E
S214025130B0F809305B452BD0FFF71CFD50EA01039F
S21402514011D0D4F80F30D4F813209F4278EB020126
S21402515041D300212046FFF71FFDB04271EB050345
S21402516001D206460D4694F827308BB1D4F8173094
S214025170D4F81B209F4278EB020136D30121204649
S214025180FFF70AFDB04271EB050301D206460D4653
S214025190D4F82930E3B1DB68D3B1D4F81F10D4F8C1
S2140251A023208F4278EB020205D320469847C4F8A4
S2140251B01F00C4F82310D4F81F30D4F82320DB1BBA
S2140251C062EB0802B34272EB05013CBF1E4615466F
S2140251D009F101099BE7DB1B62EB0802B34272EBA3
S2140251E005013CBF1E461546BDE7DB1B62EB080207
S2140251F0B34272EB05013CBF1E461546C8E700BF28
S214025200FFFFE703D01100202DE9F041DFF85080C0
S21402521007464FF480360024D8F800301B68A342B5
S21402522002D8B0B2BDE8F0812046FFF723FD05465E
S214025230FBF764FD428905EB42023932002128461B
S2140252401FF0E9FF814201D30134E5E732F8023B61
S214025250BB4202D99E4228BF1E460131EFE700BF7D
S214025260D01100202DE9F041DFF8508006460F46A7
S2140252700024D8F800301B68A34202D80020BDE8FC
S214025280F081BC4201D10134F3E72046FFF7F2FC7D
S2140252900546FBF733FD428905EB4202393200210F
S2140252A028461FF0B8FF8142EDD232F8023BB342E5
S2140252B001D00131F4E70120E1E700BFD011002060
S2140252C02DE9F74304461FF0A6FF074620460E4682
S2140252D0904620F010F9002800F08A8030461FF031
S2140252E069F9022870D1B8F1000F00F0878001A991
S2140252F0404601F001FC0546002858D0FBF7FEFCAC
S2140253008389BB427ED030461FF054F9022869D109
S21402531001A9404601F0F0FB002857D12046019D26
S2140253201FF08EFFC555019801F042FC20461FF083
S2140253307AFF20F8176020461FF06DFF013080B21A
S21402534023461A46D3F83130002BFAD1A2F837009A
S2140253502046FFF771FE01463046FFF783FF30B95D
S214025360294B1B681BB15B690121304698472046D2
S214025370D4F83140002CFAD1FFF75EFE03B0BDE848
S214025380F0431FF0D3BF20461FF04DFF30F8193010
S214025390B34207D120461FF053FF019B10F80920A5
S2140253A09A4227D009F10109B945ECD3A6E781460E
S2140253B0FAE720461FF037FF30F81530B3421FD009
S2140253C00135BD42F5D399E70025FAE701A9404623
S2140253D001F0B0FB054668B92046019D1FF030FF7C
S2140253E0C555A3E720461FF02BFFFF23C3559DE7B5
S2140253F041F20835284603B0BDE8F0832125F9E7D7
S2140254000025F7E71A25F5E7742F00202DE9F84363
S21402541004460E46154620F06EF8002860D0304648
S2140254201FF0C8F8022801D1002D5CD000252046C6
S2140254301FF0F1FEABB2984203D840F20250BDE82C
S214025440F88320461FF0EFFE1FFA85F9074630F86C
S2140254501930B34200EB490805F10105E7D13046A1
S2140254601FF0A8F8022806D120461FF0E9FE10F821
S214025470090001F0B3FB20461FF0CDFEA0EB0900A9
S214025480421E09F1010107EB41015200404626F097
S2140254902DF820461FF0BFFE013880B223461A467A
S2140254A0D3F83130002BFAD1A2F837002046FFF7A6
S2140254B0C3FD01463046FFF7D5FE30B90B4B1B68DD
S2140254C01BB19B690121304698472046D4F83140EB
S2140254D0002CFAD1FFF7B0FDBDE8F8431FF026BF57
S2140254E041F20830ABE72120A9E700BF742F002065
S2140254F0014B1B689B681847D81100202DE9F04F16
S2140255008FB08246049300230993414B1C680D46D4
S21402551090462CB10092646809AB0BAAA0470446D9
S2140255200AA9002008F0B0FD064638B98146002CCC
S21402553051D10A9B4B4505D841F2050630460FB0BD
S214025540BDE8F08F0DF122024946204608F0CEFD56
S21402555000283BD1AB79BDF822B00C33EF180DF121
S2140255602101EB5C0593584606F04EFD70BB059B89
S214025570384603F07F03059320F0BFFA0BAF09907D
S2140255800090CDE90157059B52465946012020F06E
S2140255907CFAF0B19DF82120059B013A012A15D824
S2140255A0099A0092CDE9015752465946204620F004
S2140255B06CFA58B906AF5946384620F06BF997E8A8
S2140255C0030088E80300C8F80440012409F1010931
S2140255D0ADE70124EEE79DF82D300499DA090A704A
S2140255E0189A03F07F031370199B099A1A600DF13B
S2140255F02E0020F070F91A9B1B9A1860BDF8313005
S2140256005BBA1380BDF833301C9A5BBA138095E7F9
S214025610382F002007B502AB03E903009DF80030DF
S214025620BDF8020063B1012B02D1074B1B6813B908
S2140256304FF6FF7004E0DB6898470028F8D04088F1
S21402564003B05DF804FB00BF382F00202DE9F04FB1
S2140256509DB00AAF87E803000793BDF8A43008930D
S21402566000219DF828300993CDE90E11131E97E804
S2140256700300069314BF4FF008094FF00409DDE952
S2140256802668BDF8A0502A9C9DF8ACA0FFF7C2FF82
S2140256900DF13701074606F0B7FC834600283BD1DA
S2140256A09DF83710099B013918BF012183BB0DF104
S2140256B0360300930EAA0FAB384606F04FFD83461C
S2140256C050BBBAF1030F4FEA15274FF00002EDB2B6
S2140256D065D18DF840A08DF8412041460DF142007B
S2140256E020F001F931460DF149008DF845708DF82C
S2140256F046508DF847208DF8482020F0E4F82068C0
S21402570002211BF0C5FE002854D14FF01A0B03E00D
S214025710012B17D04FF0210B10A80D2122F03BF9D8
S21402572014A8102122F037F9102118A822F033F914
S2140257300EA823F04DF80FA823F04AF858461DB0DD
S214025740BDE8F08FDFF844B10991DBF80030002B9A
S214025750E0D0DB68BDF82A0098470028DAD0DBF8EC
S21402576000C0BCF1000F00F08E800DF1360EC3882B
S2140257708288CDF810E00DF13C0ECDF80CE00DF16C
S214025780380ECDF808E0B0F80AE0CDF804E000895B
S2140257900090DCF814B009993846D8478FE7079B83
S2140257A006998DF8402003F07F0343EAC1138DF873
S2140257B0413092E7206083791844089B1B0A0373E2
S2140257C00DF1600A089B4373CDE9009A0E98226891
S2140257D0002310A923F0D0F8834600289CD1206825
S2140257E04A4651461BF027FF81458ED15946102264
S2140257F014A825F095FE31460DF1550020F063F809
S21402580007225B4621680DF159001BF04DFD0F98EB
S21402581014A923F04DF9834600287FF47DAF206853
S21402582007211BF035FE00283FF46FAF20609DF87D
S2140258303630827903F07F030C3243EAC616079BA2
S214025840865400EB020903F07F02069B42EAC3126B
S21402585089F8012009F10200414620F044F889F84F
S214025860057089F8065023689A790C321344981DFD
S21402587014AA13F8014F12F8011B984281EA040198
S2140258801970F6D148E74FF00F0B45E7382F002086
S2140258902DE9F0418AB00DF12008BDF85040BDF860
S2140258A0545088E80C0006469DF840200792204691
S2140258B00F461FF0D0FF079A70B1294620461FF008
S2140258C085FF431C079A0DD1224B1B6813B1DA6879
S2140258D00132DA60212039E02946204607921FF07D
S2140258E0A0FFEEE7023007D11A4B1B68002BF1D05F
S2140258F01A6901321A61EDE70023059316ABCDE96A
S2140259000353139B0193129B0093029498E803009F
S2140259109DF84430FFF79AFEC0B90F4B1A681A9BDF
S2140259200593199B0493189B03939DF82030591EE8
S2140259304B424B410293179B0193169B0093D2F85E
S21402594004802B46224639463046C0470AB0BDE898
S214025950F08100BF902F0020D811002070B590B0C3
S2140259600CAC84E80C0000230F938DF83B309DF8B6
S2140259703030012B05460E4607D194E80300FFF7A8
S21402598049FE014620461FF085FFB54208BFB5FA1C
S21402599085F41A984FF000010CBF640901241BF02D
S2140259A0E9FC0F90A0B93D4B1B685CB113B1DA6AF3
S2140259B00132DA620F981FF028FF0FA81BF07EFC58
S2140259C010B070BD002BF5D09A6B01329A63F1E7E6
S2140259D0EDB9334D2B681A785B789A4210D20121C2
S2140259E00DF13B0021F0C2FB29689DF83B304A7856
S2140259F00978521A93FBF2F102FB11338DF83B3011
S214025A002B689DF83B201B7813448DF83B301D9B7A
S214025A100A931C9B09931B9B0893012307930F9BD6
S214025A200693BDF864300593BDF860300493179B67
S214025A300393169B02939DF8543001939DF85030C1
S214025A4000939DF83B10DDE90C233046FFF720FF5C
S214025A50124B1B68A0B15CB11A280CBF02220322AB
S214025A60002BA7D003EB82035A6A01325A62A1E7DF
S214025A70002B9FD01A3818BF012003EB8003A3E740
S214025A8034B113B11A6A01321A6200230F9391E7F6
S214025A90002BFAD05A6B01325A63F6E7902F002099
S214025AA0D81100202DE9F04F97B01D46249BBDF873
S214025AB08880BDF88C400DF1380A8AE80300164645
S214025AC0002B00F0E6809DF83890B9F1000F2DD13A
S214025AD020461FF0C0FE07462046D7B100F046FD1E
S214025AE020B36D4B6FF07F021B680592249ACDF8A7
S214025AF00880CDE90342219A0192209A0092DC683E
S214025B009AE803002B463246A047002017B0BDE8AD
S214025B10F08F1EF04FFD042829D00238C3B2012BA5
S214025B2004D8B946FFF7A0F8484510D8012D48D149
S214025B305A4B1B6813B11A6C01321A6420AC54F823
S214025B40100F1FF062FE20461BF0B8FBDDE748464A
S214025B50FFF790F84FF0000B824650461FF006FE05
S214025B6058451DD8002309F10109002BDAD02498E4
S214025B7000211BF0FFFB0028D8D0474B6FF07F02B6
S214025B801B68CDE90402CDE90284219A0192209A8B
S214025B900092DF68DDE90E012B463246B847C5E7BC
S214025BA0594612AB0DF1460250461FF0E3FD0BF1CB
S214025BB0010B0028D1D1BDF84630A342CDD1012336
S214025BC0D1E7FBF717F8002858D1DDE927B7DDF84B
S214025BD098A04FF0000921E048460AF093F90D908C
S214025BE0D0B10AF099FAB8B1249B0D99CDF81CA051
S214025BF0CDE90543219B0393209BCDF81080CDE988
S214025C0008B7CDE9015300960EAB0CCB0846FFF75A
S214025C10A5FE0027BB46BA4609F101090AF06CF94F
S214025C204845D9D8FAF7E6FF002887D0289B0A937A
S214025C30279B0993269B0893249BCDF81080CDE9D9
S214025C400543219B0393209B00960021CDE9015337
S214025C500791DDE90E230846FFF71AFE0F4B1B6875
S214025C6080B1002B3FF452AFB0F11A0218BF0122E6
S214025C7003EB82039A6B01329A6347E70027BB461F
S214025C80BA46A6E7002B3FF441AF5A6B01325A637D
S214025C903CE721203AE700BFD8110020902F0020D1
S214025CA02DE9F041DFF868801C4605460E46D8F816
S214025CB0000017460021142225F032FCD8F80030E6
S214025CC084B122781A7062785A70D8F8003077B1A8
S214025CD0DF607EB19E6085B15D6000F09BFA0020B9
S214025CE0BDE8F081064A117819705278ECE7054A49
S214025CF0DA60EEE7044A9A60EDE7044A5A60ECE797
S214025D009C190500F1B00200B5970400C1FF02001D
S214025D10D8110020024B14221868002125F000BC7E
S214025D20D81100202DE9F0414FF6FF7398428AB051
S214025D30054601D1012422E0C31D9BB2022B78D96D
S214025D401EF038FC044600F0B3FBC1071BD54FF625
S214025D50FE739D4217D102238DF8023005AA002356
S214025D6001A90DF102008DF804308DF81430FBF70E
S214025D7067FA9DF80240012C14BF00240124204635
S214025D800AB0BDE8F081820707D54FF6FC739D4244
S214025D9003D1FBF74FFA0128EEE7430706D54FF685
S214025DA0FD739D4202D1FBF71DFBF4E7224B1B68F5
S214025DB01BBB012C27D0023CE4B2022C39D80021AE
S214025DC005A8FBF761FBBDF81E30AB42B2D04FF020
S214025DD000084446FEF748FF4045D0D9002CCED1F5
S214025DE04046FEF747FF2646074638461FF0BEFCEB
S214025DF0B0420FD808F10108ECE79B69284698479D
S214025E00002897D1D5E728461FF025FD041E18BFA7
S214025E100124B4E701AB0DF10202314638461FF009
S214025E20A9FC20B9BDF80230AB4208BF01240136F6
S214025E30DBE70024A3E700BF342F00202DE9F04F54
S214025E409BB00DF14E03049313AB039315AB029371
S214025E5014AB019316AC12ABCDE90E2100930546A6
S214025E600DF1470322460020FFF748FBDFF8588271
S214025E70D8F8003060B113B11A6801321A600F9870
S214025E801FF0C3FC0FA81BF019FA1BB0BDE8F08F79
S214025E9013B15A6801325A60874B1B6813BB022340
S214025EA018AA0DF14B010DF14A008DF84A30BDF8E3
S214025EB04C60BDF84E709DF84790FBF7C1F99DF80F
S214025EC04A30012B15D14A46394630461FF0A9FC06
S214025ED0431C14D1D8F80030002BD0D0DA68013237
S214025EE0DA60CCE794E803005B6898470028D6D0CF
S214025EF0C5E74A46394630461FF068FCE8E70230F6
S214025F0007D1D8F80030002BB9D01A6901321A61CD
S214025F10B5E79DF85830012B10D8DDE91412BDF80C
S214025F204C30BDF85A0000F08BF938B9D8F800307A
S214025F30002BA4D09A6801329A60A0E794E8030086
S214025F409DF84730BDF84E700A93149B0B930DF1E3
S214025F50600B159B0C938BE803000F9B9DF8486023
S214025F60BDF84C909DF858A00D9338461FF073FC70
S214025F7058B948461FF06FFC38B9012E09D8D8F830
S214025F80003013B19A6A01329A62002D00F0D58071
S214025F9037E0FBF74FF9013EF6B2044630B9474BFD
S214025FA01B68002B45D01B6898470446012C40F01E
S214025FB08D80434B1B681B69002B3CD14FF00008B9
S214025FC00DF1600B09F098FF844255D3002D00F0C6
S214025FD085800D9B8DF860A0CDE905730C9B03931D
S214025FE00B9BCDF810900021CDE90163CDE9081195
S214025FF00A9B009307911AAB13E90C002846FFF799
S214026000ADFC28460AF02AF80446002800F09580DF
S21402601020F0BAFB002800F090802A4B1D68002D65
S21402602000F08B800023BDF84C101A462046A84785
S21402603083E00220B9E738461EF0BCFA0128BDD13B
S21402604038460AF04FF801460028B7D00023CDE9BB
S214026050083307930D9BCDF81090CDE905730C9B82
S21402606003930B9BCDE901630A9B00939BE80C000C
S2140260702846FFF773FC88E7204609F043FF85426F
S214026080014616D00D9B8DF860A0CDE905730C9BDA
S21402609003930B9BCDF81C80CDE90163CDE90888FC
S2140260A00A9BCDF8109000939BE80C002846FFF759
S2140260B055FC013486E700BF742F0020942F002081
S2140260C0D8110020602F0020902F0020D8F8003032
S2140260D013B15A6A01325A62002D92D10223002469
S2140260E00DF14B020DF14A010DF149008DF84930D0
S2140260F08DF84A408DF84B40FBF7A2F89DF84930E0
S214026100012B02D0BAF1010F3DD10D9B8DF860A094
S214026110CDE905730C9B03930B9B0794CDE90163B2
S214026120CDE908440A9B0093CDF810901AAB0021E3
S21402613013E90C000846FFF711FCBDF84E001F4C91
S2140261401FF089FB38B31E4B0E9A1B6805920F9AF6
S2140261500492BDF84E200392BDF84C200292159A86
S2140261600192149A0092DD689DF847209DF8483007
S214026170DDE91601A84700230F932368D3B90E98CA
S21402618001F0BCF87BE60D4B1B68002BD5D05A6A93
S21402619001325A62D1E7BDF84C10BDF84E00FFF747
S2140261A0C1FD0028CFD12368002BE8D0DA6901327E
S2140261B0DA61E4E79A6901329A61E0E7902F0020FB
S2140261C0D811002010B5084C2368186820B11EF0BC
S2140261D02FF9236800221A6020681022BDE81040BA
S2140261E0002125F09DB900BFD411002038B5FAF77A
S2140261F085FDC089064CC00025681EF015F9236887
S21402620028601A6812B10020586038BD1A20FCE7D0
S214026210D411002070B5094D2B681E680024C3E90E
S21402622001443EB1FAF76AFDC2892146D2003046E1
S21402623025F076F92B680122DA6070BDD4110020B1
S2140262402DE9F0412A4C98462368DB6807460D463E
S21402625016460BB9FFF7DEFF23681A68002A2BD012
S21402626026F07F469A6846EAC5750026236859686E
S214026270B14224D81A689E6802EBC60322F836702A
S214026280C3F80250A3F80680FAF738FDC3892268DD
S214026290013B9E4218BF2368556816BF9B680023C1
S2140262A001339360FAF72AFDC38922689D42236868
S2140262B05B6818BF013353600120BDE8F0818AB1E4
S2140262C02368013A196801EBC20331F83210B94269
S2140262D006D1D3F80210A94202D1DB88434505D085
S2140262E00136C3E7FAF70AFDC289E9E70020E4E7C8
S2140262F0D4110020034B1B680BB11B681847022001
S214026300704700BF942F0020034B93F86010986DDF
S21402631001F0010120F062BB50140020F8B50B4ECC
S214026320054600240C27FAF7E9FC90F82620E3B28B
S2140263309A4201D8002007E0326F7B43D018D35A26
S214026340AB4204F10104EED1F8BD00BF50140020A8
S214026350034BD3E91D32125C03EB001120F000BBA5
S214026360501400201FB500B131B90B4B002283F840
S2140263702C2005B05DF804FB6A4622F0B6FA002827
S214026380F7D1054B009A9A6210210122684683F8DB
S2140263902C2021F000FBECE75014002008B5322236
S2140263A0054840F26661FAF7F7FB044A136843F0C1
S2140263B00103136008BD00BF842F00208C2F00202D
S2140263C010B5064C2368DB0703D5054B18681EF08C
S2140263D03BF8236823F00103236010BD8C2F0020B6
S2140263E0842F002013B50C490B6813F0020204D068
S2140263F043F004030B6002B010BD084C0192206803
S2140264001EF022F8019A40F26661204602B0BDE80C
S2140264101040FAF7C1BB00BF8C2F0020842F00204B
S21402642010B51C4805F010FB1B4B1B680BB102F0A5
S214026430E9FA1A4CFEF708FCE06E18B11DF0F8FFF8
S2140264400023E366206F18B11DF0F2FF00232367D6
S214026450606F18B11DF0ECFF00236367A06F18B1E0
S2140264601DF0E6FF0023A367606818B11DF0E0FF89
S21402647000236360E06808B11DF0DAFF882207484F
S214026480002125F04DF8064A0023C4F82031536057
S21402649010BD00BF11660200502F002050140020CD
S2140264A070150020014B5B68188870475014002056
S2140264B0014B5B681889704750140020F8B50E46E9
S2140264C030B3164D164BEC6E041B67105F43FAF79B
S2140264D015FCEB6E1C44D4F80650B5F1807F19D239
S2140264E00368B5FBF3F2691CB1FBF3F39A42C4F8F6
S2140264F006100BD16FF07F42AB1A5A425A41384609
S21402650020F092F908B906B13560F8BD0122F6E727
S2140265102120FAE740F20350F7E700BF50140020AC
S214026520C54EECC450B1064BDB6EC0F80610C31A5B
S21402653004485B100122584320F076B921207047A8
S21402654050140020C54EECC4014B186B704700BFB8
S21402655050140020044B1A6B824283BFDB6E1A2251
S21402656002FB0030002070475014002070B504462D
S2140265701EF020F8012806D1074B1A251A6BD96E91
S21402658000239A4201D1002070BD05FB03108688C5
S214026590A642F9D00133F4E75014002008B51EF0E5
S2140265A019FF034BDB6E1A2202FB003008BD00BF48
S2140265B050140020074B1A6B824208D939B1DB6EA1
S2140265C01A2202FB003083880B80002070472120AD
S2140265D0704700BF50140020034BDB6EC01A034BFB
S2140265E040105843704700BF50140020C54EECC4FC
S2140265F040B1054B8180DB6EC01A044B40105843F5
S21402660020F05BB92120704750140020C54EECC420
S2140266102DE9F0430378032B89B0044620D0062BDD
S21402662026D0012B3BD141880020FAF761FC618815
S214026630002009F097F802A86588FAF7D9FEBDF897
S2140266401000A84206D10023CDE900331A461946A7
S214026650FAF7DCFE608809B0BDE8F04302F0B6BC8B
S2140266604379032B1BD009B0BDE8F04323F07AB878
S2140266704188DFF89C900120FAF73AFC61880120F5
S21402668009F070F8B4F802800026D9F830309E423D
S21402669008D366880024FEF7E7FA844226D309B0B8
S2140266A0BDE8F0833046FFF755FF00270546D5F8CC
S2140266B012309F4206D30027D5F816309F420BD3DE
S2140266C00136E2E73A46002128461FF032FA4146F2
S2140266D01FF01AF80137EAE73A46012128461FF06A
S2140266E028FA41461FF010F80137E5E72046FEF784
S2140266F0C1FA02A905461EF034FF30B9BDF81A30B9
S214026700B34202D128461EF0DCFF0134C3E700BFC5
S214026710501400202DE9F843144BD0F80A60DC6EC2
S214026720D0F81280124B041B64100F465C43B04430
S2140267304FF6FF79464501D3002513E03046FEF7B3
S21402674099FA05461EF046FEA04201D00136F1E750
S21402675028461EF099FE4845F8D128461EF092FEBD
S214026760B842F3D12846BDE8F88300BF5014002093
S214026770C54EECC42DE9F843134BD0F80E60DC6E20
S214026780D0F81690114B041B64100F4690465C43DB
S214026790B1444E4501D3002513E03046FEF76AFAAF
S2140267A005461EF017FEA04201D00136F1E7284644
S2140267B01EF06AFEB842F8D128461EF063FE404537
S2140267C0F3D12846BDE8F88350140020C54EECC429
S2140267D0014B986D704700BF50140020014B98651E
S2140267E0FFF792BD5014002008B5044B83F86000F2
S2140267F0FFF7F8FDBDE80840FFF786BD50140020FD
S214026800014B93F8600070475014002008B51DF045
S2140268101DFE054B93F8632012B99B6EC01A08BD85
S2140268204FF0FF30FBE700BF5014002010B50446BF
S2140268301DF00CFE014B001B986610BD5014002084
S21402684008B51DF003FE014B986608BD50140020E3
S214026850014B93F86400704750140020F8B5104CB2
S21402686094F86030834206460D46174602D1A36D61
S2140268708B4213D00B4B1B680BB19B6A984722F0D6
S21402688071FF94F861303BB9012384F8613084F8D3
S2140268906260E56584F86570FFF7A4FD0020F8BD28
S2140268A050140020342F00202DE9F04F85B0DFF879
S2140268B024810F9F0C460021396082460846164600
S2140268C09B468DF80F1005F0D9FAD8F8583098F88C
S2140268D060909E4205464FF0000135D1B9F1010F96
S2140268E00CD15CB998F8633043B122463146204653
S2140268F0FFF7B4FF09F00AF9C7F800900DF10F018F
S214026900504605F081FB9DF80F30012B58D19DF8BB
S2140269103830012B15D1BBF1000F14BF022403241B
S2140269202146504605F000FE01233B60BBF1000FF6
S21402693007D0022C05D1264B1B6813B1DB6A5046E2
S214026940984705B0BDE8F08F78B9B9F1000F17D1B6
S214026950B4B1F31A012B13D14A46314620460193AD
S214026960FFF77CFF019B3B60C8E7B9F1000F23D11C
S21402697024B34A4631462046FFF770FF0123F2E76A
S21402698098F86430002BB9D0D8F830309D420BD33B
S2140269903046FFF723FF2046FFF726FF002388F83E
S2140269A06430FFF74DFFE9E72846FFF7D3FD0021E5
S2140269B0FFF7B8FD0135E7E70D46E5E72546E3E7CD
S2140269C0022BBED1BBF1000FBBD10324A8E700BF48
S2140269D0342F00205014002038B50A4B04461D6F91
S2140269E0FAF78CF990F826300C2202FB03550C3D80
S2140269F02046A84201D3002003E030F80C3F002BCB
S214026A00F7D038BD5014002008B5FAF777F990F899
S214026A10260038B1044B186F03881BB9BDE808403E
S214026A20FFF7DABF08BD00BF5014002000487047C9
S214026A306414002030B5064C034600F110051868B1
S214026A405968224603C20833AB421446F7D130BD1A
S214026A506414002008B5054B186800B18047044B43
S214026A609B8C23F4C073184380B208BD802F00208D
S214026A7050140020014B9884704700BF5014002029
S214026A80044890F82C30002B00F1280008BF0020A4
S214026A90704700BF50140020014B1878704700BFA3
S214026AA05014002010B5044C0429217002D11DF0A8
S214026AB0CDFCA06610BD00BF5014002038B50546B8
S214026AC00C46FAF71BF9C38AAB4211D9094B9A6FE7
S214026AD0525D6AB164B1586F00EB051000F1100305
S214026AE050F8042B44F8042B9842F9D1002038BD04
S214026AF02120FCE750140020F8B50D4F05460E463F
S214026B000024FAF7FBF8C38AA34202D840F20250E6
S214026B100BE0BB6F1B5D4BB1786F1022294600EB72
S214026B20041024F0C5FC08B93460F8BD0134E8E767
S214026B30501400202DE9F0411C4E05460F46002455
S214026B40FAF7DCF8C38AA34202D9B36F1B5D33B9E6
S214026B50FAF7D4F8C38AA34203D11A2521E00134F6
S214026B60EEE7124E736F4FEA0418284603EB04133F
S214026B7005F1100250F8041B43F8041B9042F9D1A9
S214026B80B36F01221A552046FFF7E2FB054658B1BD
S214026B90706F10220021404424F0C2FCB36F002222
S214026BA01A552846BDE8F0813C60FAE750140020EA
S214026BB010B50446FAF7A2F8C38AA3420AD9064BCE
S214026BC09A6F135D33B1013313552046BDE810406A
S214026BD0FFF7BEBB212010BD5014002010B504469E
S214026BE0FAF78CF8C38AA3420AD9064B9A6F135D4A
S214026BF033B1013B13552046BDE81040FFF7A8BB52
S214026C00212010BD501400202DE9F04F674B1B6861
S214026C1091B0002B50D098471FF01DF807A903909B
S214026C20002007F031FA0446002845D1DFF88881B3
S214026C3088F800031DF01DFC4FF6FF73C8E9C20179
S214026C40ADF816301FF0A0F800283FD0584F3B682A
S214026C50002B34D01B68984706463D68B6F1000AFA
S214026C6018BF4FF0010AADB36B68984750EA0103AC
S214026C700546894608D07EB33B6813B39B680DF180
S214026C80160098474FF0010A00270297079BA34277
S214026C9024D8029BC8F8FC3298F80033C8F8F87279
S214026CA0C8E9C45933B9029B3D4343EA090955EA88
S214026CB0090301D0FFF796FB11B0BDE8F08F264618
S214026CC0CBE74FF6FF73ADF81630DBE7A246254654
S214026CD0A146D9E7A946D7E7B246D5E71F23002043
S214026CE00DF11A022146ADF818308DF8140007F09F
S214026CF0FDF9002853D1BDF81A0005A9FAF71CFAC7
S214026D0000284CD19DF81460039B8DF81500012EC7
S214026D1014BF9B464FF0010B13D0BDF81A000DF1BD
S214026D20150100F0DFFD002839D19DF81530012B42
S214026D3037D0BBF1020F4FF0010602D188F800638C
S214026D405E469DF81530012B03D09DF81430012BBA
S214026D5004D12046FBF7BCFF07460291BBF1FF0FAA
S214026D600BD11FF011F8D0B1BAF1000F17D0BDF851
S214026D701630A34213D10226B34606ABBDF81A203C
S214026D800093062108AB5846FCF70AFA094B009610
S214026D901E68BDF81820002308A92046B047013413
S214026DA074E702264FF0030BCBE700BF442F002008
S214026DB0982F0020542F0020501400202DE9F34174
S214026DC07E4C94F86130002B00F09B8094F8623081
S214026DD053B903F07DF80546002840F0928094F8F7
S214026DE06230002B00F08980E06DFFF7F7FC94F824
S214026DF0623084F86030002584F86150FFF720FD89
S214026E00FFF782FA94F86010A06DF8F717F894F876
S214026E1065301BB11DF0E0FB84F8655094F86130D4
S214026E20002B40F0858094F86030012B40F0828081
S214026E30FFF7ECFCC0F5A82505F5C0651DF019FBAB
S214026E40D4E9BE3253EA020C06460F4605D09842F3
S214026E5071EB020C70D3FBF755FFD4E9C40150EA7C
S214026E60010300F08880864277EB010374D31EF09C
S214026E7099FF4FF00108D4E9C201301A67EB01010D
S214026E801DF0F9FA94F800334BB14D4A904275D88A
S214026E90C0F5122000F5F860854228BF0546D4E901
S214026EA02001301A67EB01011DF0E5FA454B9842C6
S214026EB066D9C4E920671DF002FB434CD4E90201FF
S214026EC050EA010373D0864277EB010360D323684E
S214026ED023B13E49002201A801F0C6FD3A4810221D
S214026EE0002124F01DFBFFF78FFE63E02846FFF724
S214026EF031FB0021FFF716FB0135236B9D42F5D3CC
S214026F0075E794F86030012B88D1FFF77FFC304B91
S214026F10984283D902F0DCFF00287FF47FAF94F812
S214026F206320002A7FF47AAFA16DFFF797FC75E71E
S214026F30322583E7274D81E7181A62EB01011DF01F
S214026F409AFAA84289D8D4E9BE01801B61EB0701F0
S214026F501DF091FA054680E7801B61EB07011DF0E4
S214026F608AFAA84207D8D4E9C401801B61EB07015C
S214026F701DF081FA05464FF000087CE798468EE73A
S214026F80C0F5132000F6A970854228BF054694E78F
S214026F90801B61EB07011DF06EFAA84207D8D4E900
S214026FA00201801B61EB07011DF065FA0546B8F188
S214026FB0000F98D1284602B0BDE8F0815014002098
S214026FC0BF270900A83F090040140020E97002000C
S214026FD000460500FFFFE703F0B53B4D3B482B6834
S214026FE093B043F0020301AE2B6032460023013316
S214026FF0112B42F8040BFAD140F26663994260D133
S21402700007F06CFF0190FFF7D9FE029008F086FDAC
S214027010039003F0D5FA049009F028FC0590FEF7D9
S21402702065F80690FCF7FAF9294B07901B68002BC7
S21402703041D01B689847274B08901B68002B3CD012
S2140270409B689847099008F0C7F80A9001F0AAFFD3
S214027050214B0B901B68002B31D098470C240C90C8
S2140270601E4B1B683BB1984712AB671C03EB8404AC
S21402707044F8440C3C461A4A002356F8041B0133D3
S2140270808A4228BF0A469C42F7D12B681548590700
S21402709044BF23F004032B602B6858BF013223F051
S2140270A0020348BF002240F266612B6013B0BDE8BF
S2140270B0F040F9F771BD0548BDE70448C2E70B2466
S2140270C0CEE713B0F0BD00BF8C2F0020FFFFE70312
S2140270D0742F0020342F00203C2F0020882F002001
S2140270E0FEFFE703842F002073B50C46019001F0E3
S2140270F05FFCE8B10198214601F04EFCFAF79AF8D7
S214027100012817D11349002201A801F0ADFC7CB971
S214027110114E30601DF0ADF904460A200D461DF0F2
S214027120BAF9201845EB0101C6E902011DF04CFC34
S21402713002B070BDFAF77EF80028F9D1002CF7D11C
S214027140FFF762FD054B1B68002BF1D020469847DF
S214027150EEE700BFE970020040140020502F002026
S214027160012857B504460DD0022809D0F8B9FFF712
S2140271704BFD1EF040FDA8B90E4B1C6894B1A0470B
S21402718000240FE001F022FC024670B90A4901A869
S21402719001F06AFC0446074B1B680BB101209847B6
S2140271A0FFF732FD204603B050BD0024F3E721244A
S2140271B0F8E700BF502F0020E9700200024B93F858
S2140271C04000C0F34000704750140020064A0346B1
S2140271D0106810B182680AB91046704702789A425F
S2140271E0FBD00C30F5E700BF782F00200B4B1A6857
S2140271F00146002032B90B0603D510F0800F08BFF7
S214027200802070479368002BF5D013788B4203D802
S214027210834238BF0346D8B20C32EBE7782F002001
S21402722038B50346154609B9212038BD00240C603E
S21402723078B1802814D00E4B1B68002BF4D0FFF7D1
S214027240C5FF0028F0D0836842680B602A606BB9DD
S214027250EAE7084A5068926808602A601846E4E737
S214027260054B1B680B60054B1B6813602046DCE76A
S214027270782F0020501400200410002000C70400BD
S214027280064A0346106810B182680AB9104670476B
S21402729002789A42FBD00C30F5E700BF7C2F002024
S2140272A038B5154609B9212038BD00240C60146093
S2140272B078B1802814D00F4B1B68002BF3D0FFF751
S2140272C0DFFF0028EFD0836842680B602A602BB984
S2140272D0E9E7094AD068126908602A600020E3E7F5
S2140272E02046FFF7CDFF0028F8D083680B6043687E
S2140272F02B60F3E77C2F002050140020034B93F9F9
S214027300F4228242B8BF83F8F40270475014002079
S2140273102DE9F0414FF00008C1F8008005460E4600
S21402732022F00EF8072828600ED8124B124F196862
S214027330386822F013F8044620B1C5F800802046CB
S214027340BDE8F0813B682B6028681DF06DF80146A9
S214027350306010B928601A24F1E7284621F0F4FFBD
S21402736004460028EBD030681DF062F80023336034
S2140273702B60E4E70410002000C704002DE9F04F5C
S214027380B74D802391B085F8F4320023CDE903335C
S214027390CDE905332B7804460E46002B40F0488292
S2140273A0F9F7ACFC90F824001A2358431DF03CF879
S2140273B0E866002800F03A82F9F7A0FCC08A0001CD
S2140273C01DF032F86867002800F03082F9F796FC64
S2140273D090F8260000EB400080001DF025F8286794
S2140273E0002800F02382F9F789FCC08A1DF01CF8F9
S2140273F0A867002800F01A82234605F1340704F134
S214027400200C186859683A4603C208336345174683
S214027410F7D1002385F8543033702069FFF70AFB52
S214027420904B1B681BB92124FEF7FAFFD6E18E4B60
S2140274301B68072BF7D904A903A8FFF769FF0446C0
S214027440002840F0CB8106A905A81EF057FC04468A
S214027450002840F0C381069BDDF810C00398EB605D
S214027460059B2B61C5F804C0A860274626460A235A
S2140274704FF0020998423AD8F9F740FC90F82430C7
S214027480B342D0D3F9F73AFC90F82530BB42CAD3C0
S214027490EB6E2E6300271F60D5F808C0DDF810E0FB
S2140274A0EB6E0A203E464FF00208844536D8F9F7BE
S2140274B025FCB0F81680686F4FEA0812002124F007
S2140274C02FF8A86F4246002124F02AF808A81FF0D9
S2140274D00FFA002800F0A880089B984542D940463B
S2140274E001F0C0FC064600283CD034469CE7A0EBE0
S2140274F00308B8F1030F96D90CEB03018A7891F8CA
S21402750003E0911C19FB0E11B8EB410F4FEA410A3A
S21402751089D37244534417440136ABE70EEB00029C
S2140275201A601E715E719178D278C3F81210C3F891
S2140275300A700F440231C3F81620C3F80E701744BF
S21402754018FB021200EB42001A33AEE7D5E91D1211
S2140275502046224401EB04111FF0D9F90646002802
S214027560C3D10134DDF820904C45EFD3C84551D83D
S214027570D5E901123846FDF7BBFB044600287FF426
S21402758053AF02A906F080FD06460028ADD1029B45
S214027590002B14BF04210121FFF784FA85F86060EE
S2140275A0AE651FF001FA00284FD03049A1F108005D
S2140275B01FF0FDF9044600287FF436AF2F6BF9F76B
S2140275C09DFB0168019107A81FF00AF9019900289E
S2140275D04ED1384601F002FC044600287FF424AF60
S2140275E04FF01A098046A7425AD0EB6E09FB0433C5
S2140275F0012283F8068083F8078083F8088083F8E0
S2140276000980002120461FF00FF9002840F0128161
S2140276100134E8E74846FEF79BFE064600287FF45C
S21402762064AF09F10109A1E7404601F00DFC0646E8
S21402763000287FF45AAFB0459AD93046FEF788FE46
S214027640002840F0F9800136F5E701F017FC044601
S21402765000287FF4E9AE01461FF0C0F9AAE700BF92
S214027660501400200410002000C70400B0140020AC
S214027670079B9F4238462AD901F0C0FB04460028E1
S2140276807FF4D2AE4FF000084FF0010ADDF81CB0CE
S214027690D8451FD34FF01A094FF000085F454DD862
S2140276A007A81FF0E4F800285FD1384601F0B4FBC3
S2140276B0044600287FF4B8AEA74263D000212046D5
S2140276C01FF0FBF8002840F0B5800134F4E701F023
S2140276D085FBD3E7002308A9404608931FF08CF8E1
S2140276E0044600287FF4A0AEE96E08981A2303FB2E
S2140276F008F319449946C1F80600F9F7FFFAE96E4D
S21402770003680193494408F10108D1F806B0F9F775
S214027710F5FAE96E019A01EB090301688B445142BE
S2140277200BEA0101B1F1807F31BFC3F806109C71EC
S214027730DC711C7228BF83F809A0A7E7EB6E09FB71
S2140277400B33012283F8068083F8078083F80880CB
S21402775083F80980002158461FF066F80446002880
S2140277607FF462AE0BF1010B98E7079B9F4239D874
S2140277704FF000094FF01A0ADDF81C80464538D350
S214027780474548D82D4804F053F9044600287FF4AC
S2140277904BAE21461A2209A8089423F0C1FE1E21E8
S2140277A008A81EF017FA48B99DF8203033B108A889
S2140277B023F0EBFE014608A8FEF7D4FD204E336800
S2140277C063B101F00BF92B78042B07D1F9F732FDE0
S2140277D00128336894BF012000209847204611B044
S2140277E0BDE8F08F384601F023FB04460028BFD0E0
S2140277F01AE608A93046ADF820901FF045F8044670
S21402780000287FF411AEEB6EBDF820200AFB06338B
S21402781001369A80B0E7002140461FF04EF8044633
S21402782000287FF401AE08F10108A9E71A24FBE557
S2140278300224D3E70446F7E5064656E6116602003A
S214027840502F002008B5054B1968054B186821F023
S21402785085FDF7F777FB002008BD00BF0410002067
S21402786000C70400014BD3F8900270475014002062
S214027870014BC3F89002704750140020014BD3F816
S2140278809402704750140020014BC3F894027047CC
S21402789050140020014BD3F8EC027047501400201D
S2140278A0014BC3F8EC02704750140020014BD3F88A
S2140278B04002704750140020014BC3F84002704744
S2140278C050140020014BD3F8E800704750140020F3
S2140278D0034B1B680BB19B6818470220704700BF1A
S2140278E0942F0020044B1B680A460BB15B681847AE
S2140278F00221117018467047942F002030B58DB0C3
S214027900D0F80D30069300240B2306AA05468DF800
S2140279101D308DF81E100723214620468DF81C4088
S21402792019F0B9FE05901EF06CFA064B059ACDE9E1
S2140279300043CDE902542346292107F019FA0DB077
S21402794030BD00BF335F040070B506460D46FFF734
S21402795089FF044620B910201CF066FD044668B173
S214027960F9F7CCF990F8283003EB4303C3EBC300D6
S2140279701CF05AFD206018B91EF030FA1A2007E0F3
S214027980044BE3602046C4E90165FFF771FF00205F
S21402799070BD00BF1400200000487047A8160500FE
S2140279A070B5064610461EF095FC044670B1084BAC
S2140279B0084A01211830FBF791FE054618B1204609
S2140279C01EF0CEFC00243460284670BD1A25FBE764
S2140279D06B640400D363040000487047D0160500A9
S2140279E0024B186800B10047704700BF582F0020AE
S2140279F000B50C4B1B688FB05BB169B180228DF865
S214027A00002093F83420084B019053F82230684641
S214027A1098470FB05DF804FB81218DF800100D9297
S214027A20EFE700BFA02F0020C417050038B5154C9D
S214027A30236833B30021084693F84951FCF76CF9E2
S214027A40206800F59C7020F0C3FE20680C3021F000
S214027A505DF82068103021F059F823684FF4A872B8
S214027A601846002123F05CFD1CF0E2FC0023236094
S214027A703DB92846F8F7EEFA2846BDE83840F8F74A
S214027A805DBD38BDA02F002070B50378802B04465C
S214027A9017D0812B3FD1204B1A6843681168994250
S214027AA002D05268934236D1002008F06BF91B4B85
S214027AB01B684FF4A2605B689847BDE87040FFF70A
S214027AC0B5BF154D002008F05DF92B68616818688F
S214027AD09960002281421A6015D1114B1A602B68F8
S214027AE0002258685A606368984210D10C4B0122F3
S214027AF01A602B68022283F83420084B1B68BDE804
S214027B0070401B681847012109F0FAF8E7E70121DF
S214027B1009F0F6F8EDE770BDA02F00209C2F00209C
S214027B20E811002038B50F4D2B680446986810B14E
S214027B30214622F0E7F82B6893F849310BB104F09E
S214027B4035FF54B9084B1B6820465D6809F04EF9AC
S214027B50A847BDE83840FFF769BF2B680B2283F8B9
S214027B60342038BDA02F00209C2F002010B5144CC6
S214027B7090B02368019133B1084619F047FD38B931
S214027B800220FFF7CFFF01A819F098FB10B010BD36
S214027B90019B9A791A44127B12F0C00FF0D10D2A7B
S214027BA001D90120EDE7039323688DF8082093F8A6
S214027BB03420044B02A853F822309847E3E700BF6C
S214027BC0A02F0020C417050030B50378802B85B09F
S214027BD004460BD006D8022B0ED0092B00F0898063
S214027BE0032004E0812BFBD1002000E0072005B033
S214027BF0BDE83040FFF796BF406819F007FD06283B
S214027C0004D00220FFF78EFF05B030BD6168012365
S214027C10052202A819F048FB3A4A9DF808109389F3
S214027C209DF80A000B4113F0010F04D014789DF85A
S214027C30093044B94BB151EA0003E2D1937A002BE2
S214027C40DFD10720DEE7012BF5D80328F3D8DFE8DB
S214027C5000F0022D3144937A002B50D09DF80B2071
S214027C609DF80C301343CCD100210846FCF754F89B
S214027C70254B02981C689DF80C3084F84530042386
S214027C8084F83430214BC4F841001B68DD69002DAE
S214027C90BAD094F8443094F8432094F8421094F8FA
S214027CA0410094F845400094A847ADE75378DB07B7
S214027CB0A7D5D3E79478002CA3D09DF80C305D1E90
S214027CC0072D9ED89C429CD393889DF80B40234157
S214027CD003F00103002BC7D1ADE79479002C90D0B6
S214027CE09DF80C305D1E072D8BD89C4289D31389D4
S214027CF0EBE7406805B0BDE830401EF0DABB00296D
S214027D009FD07EE714130020A02F00209C2F002077
S214027D1070B505780C2D92B0044611D006D8092D00
S214027D207CD00A2D15D0B5B1032004E0802D28D0D2
S214027D30812DF9D1002012B0BDE87040FFF7F2BEE7
S214027D40394B1B68002B67D0606812B0BDE87040E4
S214027D501847364BF5E7406819F058FC022801D060
S214027D600220E8E7324E6168306801231A46353051
S214027D7019F09AFA3368284693F83510FBF7CCFFC9
S214027D8008B10720D7E73368032283F8342001239B
S214027D908DF80430FEF7D8FB264B8DF8050099893E
S214027DA04ABAADF806205A7822F002008DF8090089
S214027DB0987A28B9022904BF42F002028DF80920F7
S214027DC01A788DF808209A788DF80A209A8852BA7E
S214027DD0ADF80B209A791B898DF80D205BBAADF8A9
S214027DE00E303368DDF80520C3F83620DDF80920AA
S214027DF0C3F83A20BDF80D20DA879DF80F2083F8E5
S214027E00402098680C2201A908F080FF1A2801D1A8
S214027E10052090E70028B4D112B070BD406812B0B9
S214027E20BDE870401EF045BBA82F0020A42F0020FE
S214027E30A02F0020141300202DE9F04F0378802B8A
S214027E40A9B004460BD006D8072B0ED0092B00F09B
S214027E50BF80032004E0812BFBD1002000E0072036
S214027E6029B0BDE8F04FFFF75DBE406819F0CEFBC3
S214027E70222801D00220F3E76168594C012321220F
S214027E800EA819F011FADDF85100DDF855100AAB0C
S214027E9003C30AAB2068059308220023CDE9033208
S214027EA0029317AE19230193009600F59E710EAA4F
S214027EB0D0F8380120F0DAFD002840F08F8096E8EE
S214027EC00F0006AD85E80F000DF16F001DF0F8FCFF
S214027ED081462068BDF873A0BDF86C709DF86EB040
S214027EE000F59C7020F074FC20689AFA9AFA0D212C
S214027EF000F59E701FFA8AF81FF04DFD40461CF0F2
S214027F0059FB012803D00820FFF70CFE5DE0FEF7C0
S214027F101BFB08F1FF33184480B21CF04BFB012810
S214027F20F1D1236893F849217FBABFB2E2B193F840
S214027F304A31012B05D11DF0EDFD40450AD109203D
S214027F40E2E71DF0E7FD4045F9D1236893F84A3190
S214027F50012BF0D0FEF73CFC4845F0D129463846C6
S214027F6020F00EFE0028EAD120681E4BA0F84CA195
S214027F701B68CDF80090CDE9018B00F22711D3F8EB
S214027F8008802A463B461430C04708B10720BBE7A4
S214027F902068202114301FF0FEFC2068102100F219
S214027FA027101FF0F8FC102128461FF0F4FC236867
S214027FB00A2283F8342008228DF85C209868012271
S214027FC0314608F0A3FE0028E0D129B0BDE8F08FC4
S214027FD0406829B0BDE8F04F1EF06BBA062093E762
S214027FE0A02F00209C2F002070B5554C2368054614
S214027FF086B093F8410021F053FF2B78802B06467B
S2140280007DD006D8062B0CD0092B00F092800320D8
S21402801002E0812BFBD1002006B0BDE87040FFF7DE
S21402802081BD686819F0F2FA0136B04201D002202A
S214028030F2E720686A6800F20711012390F841000F
S21402804021F03BFF206800F19603049300F14603FB
S214028050039300F20713029300F114030193C3681B
S2140280600093036900F1410200F13601353021F038
S2140280707AFE08B90420CFE72068012135301FF0C8
S2140280808AFC20680B2136301FF085FC2068102100
S21402809046301FF080FC2068202196301FF07BFCC3
S2140280A020680C3020F032FD2068103020F02EFDC3
S2140280B02168092381F8343001F2271391F8410030
S2140280C0039301F59E73029301F59C73019301F1EC
S2140280D0E703009301F1B70201F20713143121F00E
S2140280E073FE08B1052097E7236893F84110986855
S2140280F003F1E70221F0EDFE1A28F3D008B10720BB
S2140281008AE72068052141301FF045FC20683021AF
S214028110B7301FF040FC20682021E7301FF03BFC00
S2140281202068202100F2071006B0BDE870401FF05C
S21402813032BC686806B0BDE870401EF0BAB900BF2F
S214028140A02F002010B50378812B92B023D005D83B
S214028150092B29D0802B21D0032020E0F02BFBD145
S214028160154B1B68021D03F14601343052F8044BCE
S21402817041F8044B8242F9D1042207248DF80420E8
S214028180986883F83440012201A908F0BFFD1A2836
S21402819003D1052003E0002001E058B1072012B009
S2140281A0BDE81040FFF7BEBC406812B0BDE8104004
S2140281B01EF07FB912B010BDA02F002010B51E4CC5
S2140281C0206886B000F1B703059300F176030493A6
S2140281D000F14603039300F1E703029300F1140350
S2140281E00193C3680093036900F1410200F136016E
S2140281F0353021F099FD28B1072006B0BDE81040C1
S214028200FFF790BC2368082293F8411083F83420C5
S214028210986803F1760221F082FE1A28014601D1FF
S2140282200520EAE70028E7D120682022763006B04B
S214028230BDE8104023F074B9A02F002010B50D4CF5
S2140282402368A0B069461869402220F07BFC2368A8
S21402825040220DEB0201D86820F074FC40220DEBA0
S2140282600201684623F024F9B0FA80F0400920B0F3
S21402827010BD00BFA02F002070B50378802BA4B0DD
S21402828004460BD006D8032B0ED0092B00F0028131
S214028290032004E0812BFBD1002000E0072024B05D
S2140282A0BDE87040FFF73EBC406819F0AFF94128C0
S2140282B001D00220F3E761684022012303A818F0E8
S2140282C0F3FF7949402203A823F0F2F8B0B17749C8
S2140282D0402203A823F0ECF880B17549402203A897
S2140282E023F0E6F850B1734C23680022103303A93A
S2140282F0104620F0FCFB28B1072011E00720FFF70C
S21402830011FCF9E7206890F84230002B49D16A4DFB
S21402831021682B680C31DB680020984718B10520CD
S214028320FFF700FC57E0FFF789FF0028F0D123682B
S21402833093F84210186903F1140200293BD1014652
S214028340D86820F00FFC0028D6D1236893F8422084
S214028350AAB903228DF84C20D86840220DF14D01AF
S21402836020F0F0FB002840F09B80236841229868AA
S21402837013A908F0CBFC1A28D1D00028BCD1236858
S21402838093F8410003F1E70121F08FFD0028B3D1F5
S214028390206890F84330032B1DD8DFE803F0101E48
S2140283A0426F0C3020F004FC0028A5D1FFF746FFF0
S2140283B00028BCD0A0E7114620F0F8FBC3E7002354
S2140283C000F1460190F841001A4621F0D6FD2368D6
S2140283D0072283F8342024B070BD90F8410021F0C3
S2140283E056FD431E1F2B014686D813A820F0E3FB3A
S2140283F038B92568034613AA95F8410005F14601E7
S214028400E3E740F2025398427FF476AF23680622EF
S21402841083F83420284B1B689B6998470028DAD0DB
S2140284206AE790F8410021F032FD054600283FF445
S21402843063AF236893F8452093F84410009013AB7B
S214028440012008F00BFC034600287FF455AF26688F
S21402845013AA96F8410006F1460121F08EFD206827
S214028460072380F83430144B90F845101B6890F8B8
S21402847044001C6913AA2B46A047CFE7052380F8C1
S21402848034300D4B90F845101B6890F844005B6939
S2140284909847C3E7406824B0BDE870401EF009B8AC
S2140284A01A283FF43CAF27E7F81605007A170500AE
S2140284B039170500A02F00209C2F002070B5114E02
S2140284C03368054693F8410021F024FD04466868A7
S2140284D019F09CF80134A04205D00220FFF722FBD7
S2140284E040F2034070BD30686A68012300F19601CD
S2140284F090F8410021F035FD3368012283F8B6205A
S2140285000020EFE7A02F002008B50278802A0AD0C4
S21402851005D8052A0CD0092A17D0032004E0812AA0
S214028520FBD1002000E00720BDE80840FFF7FABABA
S214028530094B1B6893F8B630002BEED1FFF7BEFF4F
S21402854040B9BDE80840FFF739BEBDE808404068BC
S2140285501DF0AFBF08BD00BFA02F002010B40278E8
S214028560802A03461DD005D8052A27D0092A2FD0EF
S214028570032017E0812A19D0F02AF9D1174A126887
S214028580011D343302F1460051F8044B40F8044B07
S2140285909942F9D192F8B63053B15DF8044BFFF721
S2140285A00DBE07205DF8044BFFF7BCBA0020F9E7C2
S2140285B0072382F834305DF8044B7047074B1B687C
S2140285C093F8B630002BD3D15DF8044BFFF776BF95
S2140285D040685DF8044B1DF06CBF00BFA02F002062
S2140285E030B50378802B8DB009D0812B0DD0092BA6
S2140285F04DD140680DB0BDE830401DF05ABF07208F
S2140286000DB0BDE83040FFF78DBA406B00283AD176
S214028610204B1B685B689847FFF708FAF8F70AFED4
S21402862001282ED81C4B1B685BB31F22ADF80E2008
S21402863000209847194B01201B689847014600BB4B
S214028640174B1D68012D1CD103AA05F04FFDC0B9BA
S214028650144B28461B689847044690B90DF10E0342
S214028660BDF80C200093062104AB2846FAF798FDC5
S2140286700D4B00951D68BDF80E203C2304A920462C
S214028680A8470DB030BD0720FFF74CFAC4E7032019
S214028690B6E700BF9C2F0020482F0020502F002056
S2140286A0E8110020402F0020542F0020024B1868AB
S2140286B008B190F849017047A02F0020094B1B68AB
S2140286C002466BB193F8490138B193F84A11012971
S2140286D005D1B3F84C31138070470346FBE70023FD
S2140286E01846F8E7A02F0020064B1B6843B193F804
S2140286F0490130B193F84A01831E584258417047E7
S21402870018467047A02F0020F0B51646314A85B0AD
S21402871004460D46D2F84100D2F845101F4602AB79
S21402872003C314B9212005B0F0BD237833F001024B
S214028730F8D1D90708D501A8019220F039FA002805
S214028740F1D101A820F0E2F9627812F0FC0FE9D12B
S214028750A0780828E6D8A38823F01F03002BE1D1CF
S214028760A1790829DED8238923F00F03002BD9D15B
S214028770002DD7D02B68002BD4D06B68002BD1D01D
S214028780AB68002BCED010B12B69002BCAD011B12A
S2140287906B69002BC6D0D30702D5AB69002BC1D0BC
S2140287A00D4B0E491D6004F10C030D4654F8042BC4
S2140287B041F8042B9C42F9D123880B80AB8913B96C
S2140287C01CF00FF9A8813A4602A9304608F0C6FA0C
S2140287D0A9E700BF7A1705009C2F0020141300207B
S2140287E038B5084B084D094800240E2221461C6065
S2140287F022F096FE08F0E8FA286810B11BF018FE80
S2140288002C6038BD9C2F0020A02F002014130020BF
S21402881010B50446E0B143680BB102681A602268DC
S21402882002B153600B4BA07D1A68A24204BF626875
S2140288301A6008B107F09CFBE37D6FF38203E375D1
S214028840DB0705D5A06918B11BF0F2FD0023A36172
S21402885010BD00BFB42F002038B5134B1C680D4660
S21402886004B938BD2369984215D12A1EE37D18BF84
S214028870012262F34103E375DB070ED4A3681BB142
S214028880E268294620469847002DEAD12046BDE8F0
S2140288903840FFF7BDBF6468E2E7002DEED0A07D4A
S2140288A007F0E2F9EAE700BFB42F00202DE9F8430B
S2140288B00E461746314C0546F8F720FA216890F81E
S2140288C02A20002324209A424BD900FB03F801EB0E
S2140288D0080C9CF817C01CF0040F46D185BB246810
S2140288E0444445F00405E37D94F8202005F007058E
S2140288F023F007032B43E3756FF30002002513F002
S2140289000103C4E9026784F8202065842FD0F8F7B3
S214028910F5F990F82320A0695200294622F000FEBD
S214028920174A1368636003B11C6004F116012046FF
S214028930146007F0F1FAA8B12046FFF769FF10E0CD
S214028940F8F7DCF990F823002368400003EB0809E7
S2140289501BF06CFD2368C9F8180043449B69002B82
S214028960BDD100242046BDE8F8830133ABE7227F61
S214028970A36163F300022277D2E700BFB82F00207C
S214028980B42F0020024B1860024B1960704700BFDC
S214028990AC2F0020B02F0020034B1B6813B1034AF4
S2140289A012681847704700BFAC2F0020B02F002077
S2140289B0054B1B680BB918467047834201D05B68AB
S2140289C0F8E70120704700BFB42F0020024B18685A
S2140289D0003818BF01207047B42F002008B5F8F7FA
S2140289E08DF990F82A0000EBC00080001BF01CFDF9
S2140289F0034B002818600CBF1A20002008BD00BFD9
S214028A00B82F00202DE9F843154D2C689CB9154D5A
S214028A102B6873B1F8F772F990F82A704FF02408B1
S214028A20A146A74228680AD118B11BF001FD00230F
S214028A302B60BDE8F8832046FFF7EAFEE5E708FB71
S214028A4004F63044C37DDB0707D5806928B11BF0E6
S214028A50EFFC2B683344C3F818900134E1E700BFFB
S214028A60B42F0020B82F002070B506460120FFF76D
S214028A701DFF044670B1084B084A00211030FAF771
S214028A802DFE054608B9346004462046FFF7C0FEB0
S214028A90284670BD1A25FBE7A18A02005988020003
S214028AA02DE9F041984B90B01C6807922CB907A8A4
S214028AB018F004FC10B0BDE8F0812369984200F07B
S214028AC015816468F2E70799204607F0DFFA00236B
S214028AD00793ECE7002207986FF07F03114606F033
S214028AE087FEF4E7E37D079913F0010F0DF12605E3
S214028AF009A80CAA0BAF0DF1210300F0A280CDE964
S214028B000305CDE9017200930EAA08AB03200A9171
S214028B10FCF7F4FC0546002859D10A9818F076FDB1
S214028B2087B206460FB9212551E09DF82050012D47
S214028B30F9D19DF82130002BF5D1BDF82630002B57
S214028B40F1D1FDF745FE0B9B0C9ABDF82410A3EB62
S214028B50000CDCF1000040EB0C0000F0ABFB03461F
S214028B6000286BD12A460A990DF1220018F09CFBC8
S214028B709DF82250012D38D0022D4AD0002DD2D198
S214028B80022FD0D101230A991A460DF1230018F0BC
S214028B908BFB9DF823100129C5D800231A462046D0
S214028BA01DF04EFD03238DF8343094F82030BDF8C6
S214028BB03A10C3F300038DF83530638C5BBAADF818
S214028BC036300DAA042320461DF0D9FC05460AA815
S214028BD018F074FB002D7FF47AAFA38A002B7FF483
S214028BE076AFBDF82430A38271E7F2079BD5ABB20D
S214028BF09F42D7D92B460A9902220DA818F054FB99
S214028C00BDF8341049BA89B220461DF06DFC023513
S214028C10EDE7F30787D50125ABB29F42C2D92B46B3
S214028C200A9902220DA818F03FFBBDF8341049BA83
S214028C3089B220461DF07EFC0235EDE740F2034580
S214028C40C5E7CDE903050DA8CDE901200DF1220205
S214028C50009203200EAA0B91FCF750FC054628B999
S214028C600B9818F0D3FC86B216B921253846AFE722
S214028C709DF82180B8F1010FF7D19DF82230002B24
S214028C80F3D1BDF82630002BEFD142460B992B4686
S214028C900DF1230018F008FB9DF82320032AE4D1E7
S214028CA0042EE2D10B9943460AA818F0FDFA9DF865
S214028CB02820012ADAD894F8203062F3000384F8D8
S214028CC02030BDF829305BBA6384237F65F3000346
S214028CD02377A369002BC9D000212046984700239A
S214028CE0A361C3E720461DF01DFDE0E60329F9D87F
S214028CF001A353F821F000BFC78A0200D58A0200FA
S214028D00E58A0200AF8A0200B42F002038B5084B6D
S214028D101C6805460CB9204638BD10222946201D7F
S214028D2022F0C6FB0028F6D0D4F82640F2E700BFB1
S214028D30BC2F00200A4B1B6813B940F20250704742
S214028D401A88824209D11A1D143352F8040B41F8CC
S214028D50040B9A42F9D100207047D3F82630EBE78D
S214028D60BC2F0020014B1888704700BF9E310020A0
S214028D7038B5064D35F8103004461BB920F084F895
S214028D8025F8140035F8140038BD00BFA0310020C5
S214028D9008B526220021044822F0C2FB05F0ECFBAF
S214028DA0024B00221A7008BDA0310020503B002062
S214028DB010B5084C23780BB1FFF7EAFF06482622C7
S214028DC0002122F0ADFB01232370BDE8104005F020
S214028DD0C9BB00BF503B0020A031002038B5044676
S214028DE0054D0B46002003222146288020F05AF922
S214028DF000B92C8038BD00BFA0310020054A10B44F
S214028E00002414800B460322014620465DF8044BDC
S214028E1020F035BAA0310020044B00225A810123EB
S214028E2000FA03F21946052020F03CB9A0310020D2
S214028E30044B00225A81012300FA03F21946052048
S214028E4020F01DBAA0310020054B0021198230B156
S214028E50012300EB00121946082020F023B97047C0
S214028E60A0310020044B00221A82012300EB0012DC
S214028E701946082020F003BAA0310020044B002235
S214028E805A80012305221946184620F00BB900BF66
S214028E90A0310020044B00225A82012310221946D8
S214028EA0092020F0FFB800BFA031002070B50546AB
S214028EB0F7F724FF4489F7F721FF8389053403EB8C
S214028EC0430303EB4404F7F719FF438905335E00B7
S214028ED0F7F714FF838903EB430333449C4214D809
S214028EE00B4B00229A80F7F709FF4489F7F706FF33
S214028EF082890534640002EB420222442946012399
S214028F00BDE87040022020F0CDB81A2070BD00BF28
S214028F10A031002013B50B4B019000229A80F7F780
S214028F20EDFE4489F7F7EAFE82890199053464006A
S214028F3002EB420201232244022002B0BDE81040A6
S214028F4020F09DB9A031002010B5F7F7D7FEC388F0
S214028F500433142B0AD8064B0022DA800123BDE81C
S214028F60104028221946032020F09CB81A2010BD73
S214028F70A0310020044B00221A8101460123182248
S214028F80042020F08FB800BFA0310020044B00223E
S214028F901A81014601231822042020F070B900BF6E
S214028FA0A0310020034B1B680BB11B681847024810
S214028FB0704700BFC02F0020FFFFE703024B1B686D
S214028FC00BB15B6818477047C02F0020024B1B6826
S214028FD00BB19B6818477047C02F0020104B1B68C8
S214028FE05A6830B5511E0446B2B11D6800225318A5
S214028FF0580800EB0013EB5AC3F30E039C420DD045
S2140290008A4209D09C4203D2824205D0411EEEE734
S214029010814201D0421CEAE74FF0FF3030BD00BF6C
S214029020E0110020F7B5074608461C461646FFF72D
S214029030D5FF431C05462AD0FDF7CAFB01460FB9E9
S21402904000B1411E68461CF03EFC314601A81CF0E9
S2140290504AFC124B12491B681F6805EB05157E1960
S21402906009360722304622F023FA18B90123236074
S21402907003B0F0BD07223146684622F019FA206096
S21402908038B97A5BD20B06D04FF0FF33EFE72120D8
S214029090EEE70020ECE71046EAE700BFE01100200A
S2140290A0F4170500F0B589B00446FFF797FF431C96
S2140290B023D0134D2B685A681F6800EB0016121A4D
S2140290C002EB021206F11101113A3944B81922F0E4
S2140290D00DFA2A685368013B536000212022684635
S2140290E022F01EFA122368468DF80030ADF80440CE
S2140290F0F7F7E2FD002009B0F0BD40F20250FAE7B1
S214029100E01100202DE9F0473D4D2B6888B05C68E1
S21402911006460F46F7F7F2FD038A9C4222D02B68DA
S214029120D3E90002002404EB0418A24200EB080173
S21402913053D12B681A6802EB080322F808604FF036
S214029140FF32C3F802202968C3F805200B6898444A
S2140291500020C8F80920C8F80C204B6801334B6081
S2140291603C6035E0FDF734FB012825D9411E6846F0
S2140291701CF0A9FB0024D5F800908DF804408DF869
S21402918005408DF80640D9F804A0544514D0D9F805
S214029190003004EB041898440722694608F10200DE
S2140291A022F086F9002816DAB8F80000C0F30E009E
S2140291B0FFF778FF0028B2D020220021684622F06E
S2140291C0AFF9132368468DF80030F7F775FD1A20BD
S2140291D008B0BDE8F0870134D7E730F808C0CCF312
S2140291E00E0C664504F1010301D31C469BE7121BD5
S2140291F003EB031302EB0212184422F077F998E706
S214029200E01100202DE9F04304468BB008460F46D5
S21402921090461E46FFF7E2FE0190013038D0FDF779
S214029220D7FA0146002C3CD0DFF88490019DD9F88D
S214029230003005EB05151B685C5B5819002E34D010
S2140292406FEA44446FEA54445C5309301CF03BFB1B
S214029250D9F8003001981B6800EB0010184441460C
S2140292600D301CF040FB2022002102A822F058F903
S214029270003E4FF0110318BF012602A88DF80830F1
S214029280ADF80C708DF80E60F7F716FD002005E0BD
S21402929001A93846FFF736FF0028C0D00BB0BDE85C
S2140292A0F0830028C0D0411EBEE7C4F30E04CBE70D
S2140292B0E0110020F0B506468DB008460D4614466D
S2140292C0FFF78CFE019001300AD101A92846FFF76C
S2140292D019FF002844D1254B1A689368013393601E
S2140292E0FDF776FA01460EB900B1411E02A81CF03F
S2140292F0EAFA214603A81CF0F6FA1C4B019C1F68EA
S2140293001B493B6804EB04141C44A61C0722304687
S21402931022F0CEF830B1072202A9304622F0C8F871
S21402932000281FDA237C23B1BB680133BB6000230D
S21402933023740298C4F80200BDF80C209DF80E3083
S214029340B371B2800021202204A822F0E9F811238A
S21402935004A88DF81030ADF81450F7F7ADFC0020D5
S2140293600DB0F0BD40F20340FAE700BFE011002066
S214029370F417050010B5084C2368186820B11BF0D6
S21402938057F8236800221A6020681022BDE81040B1
S214029390002122F0C5B800BFE011002037B5F7F76C
S2140293A0ADFC008A104C00EB001025681BF03CF860
S2140293B0236828601A68AAB100225A601DF096FD3A
S2140293C030B91DF09BFD044610B1FFF7D3FF06E04F
S2140293D00DF106001DF0A7FD04460028F5D1204633
S2140293E003B030BD1A24FAE7E0110020014B1B68D7
S2140293F058687047E01100202DE9F843164B1F68A5
S214029400D7E900860446002500F1020905EB05139C
S214029410AE4208EB03010FD101367E60204604F10E
S214029420100350F8042B41F8042B9842F9D1037824
S2140294300B700020BDE8F883228838F803309A4281
S21402944005D107220231484622F032F808B101352A
S214029450DCE70120EEE700BFE01100202DE9F0472F
S21402946005460B489DF820C00768BDF82C90BDF84D
S21402947030A0DDE909E84FB1CDE90B9ACDF820C05E
S2140294807C692846A446BDE8F0476047BDE8F087F9
S214029490342F0020034B1B680BB19B6918471846F4
S2140294A0704700BF342F002010B4054C246824B146
S2140294B0E469A4465DF8044B60475DF8044B7047C8
S2140294C0342F0020F8B50F461C461AF0D2FF064687
S2140294D00D46ACB12378012B12D1636CBB420FD17F
S2140294E0084B1B6898681AF0D6FF801945EB0101F5
S2140294F00023C4E902016364BDE8F840FCF772BFCA
S214029500F8BD00BFE41100202DE9F04F91B00E46E1
S214029510054608930DF12D019DF86C309DF868A064
S214029520BDF874B0BDF8788009933046914602F0D3
S2140295306BFD18B1002011B0BDE8F08FBAF1000F34
S21402954059D00DF12E01284602F0AEFC0028F1D1CA
S214029550BDF82E30B342EDD154461F9BCDF810B065
S214029560CDE905831C9B0393099B0CAFCDE901A3B0
S214029570089B009307974B462A46214601201DF07A
S2140295800FFFF8B19DF82D30013B012B01D9022CBB
S214029590D0D11F9B0797CDE905831C9B0393099B9C
S2140295A0CDF810B0CDE901A3089B00932A464B469E
S2140295B0214600201DF0F4FE0028BBD1022C01D16A
S2140295C003F0DAF90D4B1B684046D3F804901AF004
S2140295D0F1FF9DF88030039302281F9BCDF8008090
S2140295E018BF0027CDE9017320465B46324629465E
S2140295F0C84701209FE70224AFE700BFE41100201E
S214029600F8B50E4F05460E460024F7F777FB038A99
S2140296109C4202DB40F202500CE03A682301126CD4
S214029620D35AAB4202EB041105D1D1E90223C6E9B3
S21402963000230020F8BD0134E7E700BFE411002054
S214029640054B1B6833B103EB8000D0F8D0300133F2
S214029650C0F8D030704700BF902F00202DE9F341AC
S2140296600C4600294BD007294BD041F213039942EE
S21402967049D01A2949D041F2440399420CBF052326
S2140296800423234E326850254543D06B214A116885
S214029690284469B10522B3FBF2F202EB82029B1A5E
S2140296A0DBB201EB8303D3F89C200132C3F89C2083
S2140296B0406C08B1FBF71CFF3368DA6B2A44136C64
S2140296C0906C976B92F8348001931DF062FD3268BD
S2140296D0D06B2844483017F0F1FD3268D06B002179
S2140296E05022284421F01CFF27B1019B424600214C
S2140296F02046B84702B0BDE8F041FCF773BE0B4601
S214029700BFE70123BDE70223BBE70323B9E700BF98
S214029710E4110020902F002038B5174D2B6838240E
S2140297204443986B154B1A6820445AB10323B1FB85
S214029730F3F303EB4303C91AC9B202EB81010B6FC1
S21402974001330B67C06A08B1FBF7D2FE2B689B6B2E
S2140297502344186B1DF01DFD2B68986B2044303097
S21402976017F0ACFD2B68986B382220440021BDE828
S214029770384021F0D5BE00BFE4110020902F002013
S214029780044B1B6823B103EB8000836C01338364B4
S214029790704700BF902F00202DE9F04F1D468FB076
S2140297A00023CDE90A33494BBDF860701B68199E49
S2140297B0824688469146002B5CD128461AF0FAFE6D
S2140297C0012860D12846FFF765FE834610B11CF0DB
S2140297D0A1F905462846FCF7C9FE0446002852D0E1
S2140297E000210722084617F0BDFD0A9000285CD02B
S2140297F082790C32831800218154320EC7F3861008
S214029800DA70320C40EACB1B1A71BF00320A9E7124
S21402981083F801B09F705A71FCF7DAFF0646FCF730
S214029820EFFF08B106B1013E20460BA9FCF746FE43
S214029830044620BB264B0CAF1B6851463846D3F86D
S21402984000B01CF027F81C9B08931B9B07931A9BDF
S2140298500295CDE905430A9BCDE903930B9BCDE91F
S2140298600063012297E803004346D847044658B9E6
S2140298700A9009E0DB68984700289ED0002420461C
S2140298800FB0BDE8F08F21240A981DF082FC0AA8CA
S21402989017F014FD0F4B1B684CB9002BEED0D3F813
S2140298A080200132C3F88020E9E71A24ECE7002B77
S2140298B0E5D0B4F11A0218BF012203EB8203D3F8F3
S2140298C084200132C3F88420D9E700BF742F002019
S2140298D0E4110020902F002008B51AF06BFE044B0E
S2140298E01B6801280CBFD868D8690130C0B208BD11
S2140298F0E411002008B51AF05DFE044B1B6801282F
S2140299000CBF1869D8690130C0B208BDE411002046
S2140299102DE9F0410F4F04460E4600254FF0500841
S214029920F7F7ECF9438AAB4205D93B68DB6B08FBD9
S21402993005339C420BD1218C638B228B0120FFF7CF
S214029940B3FD31462846BDE8F041FFF787BE013534
S214029950E6E700BFE41100202DE9F043077891B056
S2140299600023012FCDE90A33044612D190F83020A5
S214029970C16A1F2A1DBF531C07FA03F303F1FF3304
S2140299804FF0FF33994204D090F831600123B2427F
S21402999002D2022500272AE003FA06F50D4000F05F
S2140299A00D810136F6B2F2E776BB608BFFF794FFC5
S2140299B094F83230834227D1E3690B93A06C17F0F8
S2140299C025FEA0EB06101028A8BF10201FFA80F86C
S2140299D0A16C330142460CA817F066FC00214346F0
S2140299E00CAA084617F057FE0A90D8B91A25784BE3
S2140299F01B68002B00F0958003EB8707D7F8C03072
S214029A000133C7F8C0308CE00BA94046FCF756FD80
S214029A100028D3D005461A2DE8D0022D0CBF002709
S214029A200227E4E7731C608B84F83130FFF732FDBF
S214029A3008B9002649E0608B1AF0BCFD0128804672
S214029A4079D1F7F75BF994F8302090F820309A42F3
S214029A5026D8B4F81A904846FFF73EFF94F83230FC
S214029A6083421BD1D4E904010A9B079305AB83E822
S214029A700300238B03930B9B0293636A019394F870
S214029A8028300093002E4FF00003218CCDF8109062
S214029A901A4614BF40460220FFF7E0FC002601E00B
S214029AA040F203460A981DF074FB0AA817F006FC5B
S214029AB000230A932EB994F8312094F830309A4253
S214029AC0B7D931462046FFF723FF0A9B002B6FD0FB
S214029AD0404A04F144011268CDE907413E49069125
S214029AE094F83410CDE90431638B0393238B0293ED
S214029AF00B9B0193636A0093166894F82830D4E9A6
S214029B0004010022B0470646002851D10A90FCF70D
S214029B1069FC2F4B1B6823B1D3F8BC200132C3F873
S214029B20BC200A981DF035FB0AA817F0C7FB28468A
S214029B3011B0BDE8F083F7F7E1F894F8302090F81A
S214029B4020309A423FF675AFB4F81A804046FFF7C7
S214029B50C3FE94F8323083427FF46BAFD4E904013B
S214029B600A9B079305AB83E80300238B03930B9BA7
S214029B700293636A019394F828300093002E4FF004
S214029B8000031A460CBF02200120218CCDF810805B
S214029B90FFF764FC94F8312094F830309A427FF64E
S214029BA048AF638B228B218C0120FFF77DFC40E7B8
S214029BB0FCF718FC002EACD035462CE7208BFCF7C1
S214029BC0D5FC804600287FF4EFAE212502270EE75B
S214029BD0902F0020E4110020C594020038B5154BE2
S214029BE01B685021DD6B41430446681890F832200A
S214029BF090F83330013A013BD2B2DBB280F8322021
S214029C0080F833304AB143B1002380F83130012363
S214029C106B54BDE83840FFF79FBE408B1AF0CAFC73
S214029C20012808BF0721204618BF0021BDE838409A
S214029C30FFF714BDE41100202DE9F04F8FB006ACFB
S214029C4084E803001B98BDF86080BDF864A0154642
S214029C50994617F0DBFC0446002800F094800B2897
S214029C6002464FF00003A8BF0B221B990BA817F061
S214029C701BFB9DF82C3003F07F030A2B63D88D4A1A
S214029C8052F8232094427ED38B4A52F823200AB1FC
S214029C90944278D8013B092B0BD8DFE813F0000179
S214029CA000010001000100010001000100010001A5
S214029CB0F6001B9B08939A790C32134400265D78B3
S214029CC09A78D3F803704FEA851B0BF4FE5B4BEAD7
S214029CD0920BED093FBAF7F711F8408A774B8642A6
S214029CE04FF050011ADA1868C06B01FB0600B0F894
S214029CF018C0D44504D1B0F81AC0C44502D11DB16B
S214029D000136E8E7002DFBD0B0F820C0DC45F7D1DD
S214029D10406A814502D001388145F1D1F6F7EEFF5F
S214029D20438A9E42664B39D11B6823B1D3F8B420CE
S214029D300132C3F8B42008981DF02BFA08A817F0D1
S214029D40BDFA00231B931B9BA3B106AA92E803004D
S214029D505C4A126809AB83E803005AB101AD85E894
S214029D6003009DF968300093156823460BAA5146F6
S214029D704046A847544B1B682BB106AA9C6806CAE5
S214029D800BAB4046A04718AC54F80C0F1DF001FA76
S214029D90204617F093FA0FB0BDE8F08F474A1168D5
S214029DA04FF05009C96B09FB06F901EB090BAFB975
S214029DB0BBF81A001AF0FEFB0128414B0ED141F205
S214029DC013013046FFF74AFC3D4B1B68002BB2D00E
S214029DD0D3F8B0200132C3F8B020ACE7DBF82C0091
S214029DE01B6830EA070207D0002BA4D0D3F8B820AD
S214029DF00132C3F8B8209EE738439BF83070CBF8A0
S214029E002C001F2F1EBF0137012000FA07F7BBF8F0
S214029E101A00059314BF07F1FF374FF0FF37FFF71D
S214029E2069FD059B8BF8330023B1D3F8B0000130EF
S214029E30C3F8B000DBF83C304BB1DBF840109DB104
S214029E4000208DF82400ADF8268009A898471B4B01
S214029E501B68DB6B03EB0901C96AB9420CD100210E
S214029E603046FFF7FBFB66E70220ADF825508DF87B
S214029E7027508DF82400E8E713F80930022B7FF408
S214029E805AAF3046FFF7AAFE55E79DF82D2001325D
S214029E90521BD2B251464046F7F786FB53E70B4BAE
S214029EA01B68002B3FF44FAF1B6821460BA8984750
S214029EB049E700BF28180500FC170500E41100203A
S214029EC0902F0020342F0020742F0020382F0020DF
S214029ED0F8B50024094E25465027F6F70FFF438AA9
S214029EE0AB4201D82046F8BD3368DB6B23B107FBD3
S214029EF005F29B5C03B101340135EEE7E411002064
S214029F002DE9F0410D4F05460E4600244FF050084D
S214029F10F6F7F4FE438AA34202DC0020BDE8F08195
S214029F203B68DB6B08FB04331A8BAA4202D15B8BBD
S214029F30B34201D00134EBE70120EFE7E411002041
S214029F402DE9F04F8FB01F461C9BBDF86890BDF8F8
S214029F506C509DF8748093469A7913440CAE1C7B21
S214029F60E40986E8030039D1DFF844A2DAF80020D3
S214029F70002A3BD1002C40F087809DF83030002B21
S214029F804BD12846FFF786FA002846D01C9B07933B
S214029F9096E8030005AB83E80300199B0293189B1F
S214029FA02246CDE9007321465B462046CDE903955D
S214029FB0FFF754FA28461AF0FDFA01282DD118ADFB
S214029FC055F8100F1DF0E5F8284617F077F91E9B96
S214029FD0E3B9002528460FB0BDE8F08F294648466B
S214029FE0FFF78EFF0028BFD00225F3E7D26890471E
S214029FF00028BFD018F0200FBCD0DAF800301B695A
S21402A0009847014630461BF056FCB3E7209B1E9D40
S21402A010424621462046A847DBE7634B00221B68E0
S21402A0200892209A07921E9ACDF80890CDE90582EA
S21402A0301C9ACDE90352199A0192189A00920EA917
S21402A0401D6811E903003B465A46A847574B05468A
S21402A05040B91B68002BBCD0D3F8BC200132C3F831
S21402A060BC20B7E71A280DD0022818BF02241B68A6
S21402A070002BAFD003EB8404D4F8C0300133C4F80D
S21402A080C030A7E70124F2E71C98474C90F806B0C8
S21402A0900BF10C0B00EB0B030A9317F0B7FA0F3019
S21402A0A00009431E0B9300264FF0500AF6F726FED1
S21402A0B0428A96420EDBF6F721FE438A9E4212D170
S21402A0C03A4B1B6823B1D3F898200132C3F8982084
S21402A0D01A257FE72268D16B0AFB06F28A5C002A01
S21402A0E0E9D00136E2E7DFF8C0B0DBF80010502313
S21402A0F0C96B03FB06FA01200EAB01EB0A0401F85A
S21402A1000A0013E9030004F1100C8CE80300199B03
S21402A110E3610A9BA4F81890658359789878189B8F
S21402A1206362890101F4FE510B9B84F8287041EAB0
S21402A13090010027218484F83030E76284F8317079
S21402A1402846FFF7C9FB84F832002846FFF7D2FB01
S21402A1501E9B1F99A363209BE1631C9984F833001E
S21402A160A164C4E9103784F83480FCF73BF9DBF8C5
S21402A1700010C86B0D490968504421B1D1F89440CB
S21402A1800134C1F89440FFF7E7FB054600283FF488
S21402A19021AFDBF80020D36B5344002201469A64B9
S21402A1A03046FFF75BFA15E7E4110020902F0020F7
S21402A1B0742F00202DE9F04F2DED028B9BB008EE98
S21402A1C0903ABDF89C300C93BDF8A0300A939DF8E7
S21402A1D0AC300D9300230F930D9B9DF89860DDF82D
S21402A1E0A88008EE102A5A0605460C461BD506F02D
S21402A1F017FE10381FFA80F90D9BDB0616D4A81E30
S21402A20047424741404617F001FA031D4B4502D824
S21402A210002F00F09F810D9B022E43F010030D933A
S21402A22006D001279DE14FF00F09E5E70127E9E790
S21402A23000F10F060C231330B6FBF3F6B0FBF3F077
S21402A240864234BF00260126EBE74FF0FF3001308E
S21402A25018BF0120FFF7F4F921240FA81EF0B8FA60
S21402A26020461BB0BDEC028BBDE8F08F6FF00100FC
S21402A270EDE7299B002B40F08B814846EAE7022D4A
S21402A28016D09DF83B30013B18BF01230122002166
S21402A290CDE90121009321460DF13A030FAA284683
S21402A2A01CF09BFF044628B10220FFF7C9F9D4E749
S21402A2B00123EBE710A95046FCF700F904460028F4
S21402A2C0CBD1FCF785FA0B90FCF79AFA18B10B9BE8
S21402A2D00BB1013B0B93012D4FF0000314BF1D463B
S21402A2E00DF13A054046002E14BF4FF0080A4FF013
S21402A2F0040A0F9CDDF840B0119317F087F9002886
S21402A3003ED1212411981CF044FF11A816F0D6FF66
S21402A31016AD0D2112A81DF03EFB102128461DF099
S21402A3203AFB002C40F00D8118EE101A28461BF05E
S21402A330B1FA2E9B08932D9B07932C9B06930D9B9D
S21402A340CDE904830A9B03930C9B0293109B019313
S21402A3500B9B0093224695E8030018EE903AFFF70F
S21402A360EFFD0446002840F0EC80944B1B68002B5F
S21402A3703FF473AFD3F8CC200132C3F8CC206CE79D
S21402A380CAF5C0739842BCD8299B002B40F08E8039
S21402A390002D08BF4FF002098DF84890002F40F0BC
S21402A3A091808DF8497059460DF14A001BF09BFAD0
S21402A3B00C9B0B991B0A8DF84D300C9B8DF84E307A
S21402A3C00A9B1B0A8DF84F300DF151000A9B8DF83F
S21402A3D050300DF158091BF076FA2046CDE900A957
S21402A3E0119B424612A91EF0C7FA0446002889D1DC
S21402A3F052464946404617F01EF9824560D1002F64
S21402A4007CD0003E18BF0126002D62D095F8009041
S21402A410404617F0FBF80B30B0F5C67F4FF00C0342
S21402A420B0FBF3F3BFF46DAF003D18BF0125CBF3CD
S21402A430861709F03F0949EA851947EAC6174BF31A
S21402A440050B5E1E49F080094FEA8B0B0025C246BB
S21402A45006F01F06BAF1000F3FF454AF9AF8073021
S21402A4609AF806209B1ADBB20B2B38D8DAF80030A3
S21402A4708BBB0421504616F0E7FF08B39AF8063065
S21402A4800C330AEB03020AF80390C5F3C1034BEA46
S21402A4900303937046EA45135770D370DAF800A0A8
S21402A4A04046514617F0C3F90135D3E70021299AF1
S21402A4B01023084617F0EFF8119000287FF468AFD3
S21402A4C01A241FE7002E14BF802300238DF849307C
S21402A4D069E7A9469CE70021504617F0A8F99AF8C2
S21402A4E007309AF806209B1ADBB20C2BC1D90C2136
S21402A4F0504617F016F80028BBD1E1E7404617F0A1
S21402A50085F8042806467FF6FCAE06F089FC10386D
S21402A51086423FF6F6AE0121404616F0B9FF002805
S21402A520CED082790C3255B12B78003D18BF01256A
S21402A53003F03F0343EA851585548046E2E62B4640
S21402A540F3E71A2C04D0022C0CBF03200520ACE63D
S21402A5500420AAE6022E04D10830814534BF002624
S21402A56001260C981AF026F8012881467FF46DAE73
S21402A5700A9B002B3FF47AAE03F580739BB2F82B4E
S21402A5807FF674AE0A981AF015F802283FF471AEF8
S21402A5900C98FBF7EBFF824600283FF45BAE18EE02
S21402A5A0100A0DF13B0101F02FFD00283FF467AEC3
S21402A5B00220FFF745F840F203444EE6902F0020B3
S21402A5C02DE9F04F89B019F054FFDFF81CB30446AA
S21402A5D00D460026F6F792FB838A9E4244D3DFF8A6
S21402A5E00093DFF804A34FF00008F6F787FB438AD0
S21402A5F09845C0F0C7804FF00008B84EDFF8E092EA
S21402A60047464FF0500AF6F779FB438A984518D228
S21402A610D9F800200AFB08F3D16BCA18CB5C002BD2
S21402A62000F03081012B03D1536C002B40F02A81BD
S21402A630D2E902329C4275EB0201C0F01A81002672
S21402A6403746DFF89C924FF000084FF0380AF6F7CC
S21402A65055FB838A9845C0F018813046394609B0C2
S21402A660BDE8F04F19F007BF9D4B1B684FF0380846
S21402A6709B6B08FB06F803EB080C13F80830012B5B
S21402A68003D0022B3AD00136A4E7DCE90223944237
S21402A69075EB0303F7D3DBF80030BCF81280BCF886
S21402A6A01490BCF81CA0DCF8182023B1D3F8901044
S21402A6B00131C3F89010DCF8203006921F46FCF7F2
S21402A6C087F83F1A78427841069A01234146FEF7F8
S21402A6D099FD01213046FFF71FF84046069A494683
S21402A6E019F03EFE4846FEF7D5FE0028CBD04B4674
S21402A6F0424651460020FEF7D7FEC4E7DCE90223B5
S21402A700944275EB0303BED3DBF80000BCF81220BC
S21402A710BCF81430BCF81CE020B1D0F8901001311F
S21402A720C0F890100CF12C099CF82910BCF8100007
S21402A730CDE903C9DFF8B491CDF80890DCF82470AF
S21402A740CDE900E7FFF728F800289CD1644F3B6864
S21402A750D86A19F0A0FE3B689B6B201803EB080230
S21402A76045EB0101C2E90201012203F80820DBF8E9
S21402A770003023B1D3F88C200132C3F88C20FBF7CB
S21402A78031FE80E7D9F800C05026DCF83C3006FBE4
S21402A79008F698199A5D012A04D0022A46D008F1D2
S21402A7A0010822E7436C002BF9D190F8313090F87B
S21402A7B030E0734514D919F05CFED9F800300793DF
S21402A7C08B46D96B074602208A198855508B06920B
S21402A7D019F0F0FE0128DDE9062309D0186A0FE019
S21402A7E0C16A02FA03F70F426CD00133DBB2E0E72C
S21402A7F092F82800596900B101389B6903FB0010E2
S21402A80019F049FED9F80030DB6B38181E44DAF826
S21402A81000304BEB0101C6E9020123B1D3F8E82070
S21402A8200132C3F8E820FBF7DDFDB8E7D0E90223E2
S21402A830944275EB0303B2D32A4F3B686BB1DB68D5
S21402A840984750B1D9F80030DB6B1E44D6E90401B4
S21402A850FAF7E0FE3B68DB699847DAF8003023B186
S21402A860D3F8EC200132C3F8EC204046FFF7B6F9E5
S21402A87095E71B1B62EB0502B34272EB07013CBF76
S21402A8801E46174608F10108BDE6D9F800200AFB65
S21402A89008F3916BCA18CB5C73B1D2E902329C42C0
S21402A8A075EB02010BD21B1B62EB0502B34272EB85
S21402A8B007013CBF1E46174608F10108C7E60026F8
S21402A8C03746CAE6DCF808302BB1D0E90223A242AA
S21402A8D0AB41BFF464AFFFF73FF860E7FFFFE70363
S21402A8E0E4110020742F0020902F0020AB7104008A
S21402A8F00D4B1B6830B5083348B100F1300250F8F2
S21402A900041B43F8041B9042F9D1002030BD074CCB
S21402A91004F13005224603CAAA421860596014465A
S21402A92003F10803F6D1F0E7E4110020A0190500B0
S21402A9302DE9F843DFF86090064690461F464FF032
S21402A940FF340025F6F7DAF9038AAB4206DDD9F8BA
S21402A95000301A6C2B01D35AB34211D1F6F7CEF956
S21402A960038AAB4213D02C460B4B1B681B6C22018E
S21402A97003EB04149E52C4E902870020BDE8F88364
S21402A980621C02D1002B08BF2C460135DAE7631C95
S21402A990EAD140F20250F1E7E41100202DE9F04F2F
S21402A9A02DED028B9FB0CDE911239DF8B430BDF892
S21402A9B0AC700A93BDF8A8600991814619F059FD5A
S21402A9C001231B93099B002B0CBF14231023CDE9F4
S21402A9D0170119931BF04DF90C903846FEF75AFDF5
S21402A9E01390FBF7F5FE01462C980A9A83790C33EE
S21402A9F0C418002A34D1C35CC3F3801203F03F03A9
S21402AA000D9363781592DB09A578E2781493EB0030
S21402AA1003F0180343EA521310930A9B002B14BF49
S21402AA2008230C230E93109B02F01F0A9A451BD292
S21402AA300320FEF7A5FE21242AAD55F8080F1CF0C8
S21402AA40A8FB284616F03AFC2CB9874B1B6813B1B4
S21402AA505A6C01325A641FB0BDEC028BBDE8F08F0F
S21402AA6000230D931593CFE706D91CF085FB0E9BAA
S21402AA70984201D00020DCE70A9B1BB19DF8B83053
S21402AA80002BF7D0BAF11F0F1EBF01230AF10102F5
S21402AA909340647814BF03F1FF334FF0FF330F93F4
S21402AAA0A401129B04F4FE5444EA9504B3F5005F35
S21402AAB00B940DD323F4FF5323F01F0323430B936E
S21402AAC00B9A129B93423EBF1346A3F500530B9379
S21402AAD0119BCA1A5342534108EE103A0B9A18EECB
S21402AAE0100A1BAB3146FEF79DFA002877D11B9B56
S21402AAF0002B7ADA04209CE7B8F1FF3F03D1435CCF
S21402AB00002B08BFA8460135F6F7F8F8838A9D425F
S21402AB104FF038021CDADBF80030986B02FB05F1C6
S21402AB204318B3F812C0B445E6D1B3F814C0BC4516
S21402AB30E2D19B690B9A9A420AD928460221FEF76D
S21402AB40EBFDF6F7DBF8B8F1FF3F08BFA846858AAB
S21402AB500A9B003B18BF01231693F6F7CFF8838AA9
S21402AB60AB42A4B240F09D811B9B002B41D1002238
S21402AB700023CDE91C2319F07CFC054688463046A6
S21402AB801CA9FEF73DFD28BB1C9B9D421D9B78EB36
S21402AB9003031FD3099B0C990290002B0F9B32468E
S21402ABA008BF0021CDE90300CDE9004348463B46F5
S21402ABB0FEF7F2FD2D4B1B68186B9B6A03FB000326
S21402ABC003EB500019F067FC2A1848EB01033046E5
S21402ABD0FFF7AEFE0520FEF7D3FD00242CE74FF06C
S21402ABE0FF380025DFF884B08EE74FF0FF380546C1
S21402ABF0F8E7B8F1FF3F14D1099A0C9900940023A4
S21402AC009A42CDE90333CDE9013332463B4608BFCB
S21402AC1000214846FEF7C0FD0620FEF7B1FD1A24C5
S21402AC200AE7139B2BB1384619F0C4FC012800F042
S21402AC302B810E9B0AFB0330169B18441CF032FE37
S21402AC400546A8B9099B0C990094002BCDE903553B
S21402AC50CDE901553B46324608BF00214846FEF77D
S21402AC609BFD0720D9E700BF902F0020E4110020AB
S21402AC70139BF3B1F6F742F890F820200AF101038D
S21402AC809A4280F00381384619F094FC012840F07D
S21402AC90FD80099A0C99009400239A42CDE9033369
S21402ACA0CDE9013332463B4608BF00214846FEF74F
S21402ACB073FD994B19684FF0380B886B0BFB08FB3A
S21402ACC0012200F80B20C86A19F0E5FB924B159A90
S21402ACD01B689B6B9B44179BABF810901818189B2D
S21402ACE0ABF8126043EB0101CBE902010D99099B17
S21402ACF0ABF8147042EA4101149AABF81C4041EAE0
S21402AD00C211002B0A9A0C9B8BF82A1008BF00234C
S21402AD109BF834108BF829300B9BCBF8183062F373
S21402AD200001119BCBF820308BF83410002311461B
S21402AD30CBE90B35CBF824308BF828A0012219B1C9
S21402AD402EA928461CF0CBFDFBF74CFB734B1B6869
S21402AD503BB1D3F88C200132C3F88C20DA6E013274
S21402AD60DA66109BDFF8B0B14FF0010A0AFA03F375
S21402AD700D93DBF800300D9A9B6B382505FB08F522
S21402AD802B445B6A1A4240F0CB803046FBF7EEFB60
S21402AD90E8B9DBF800309B6B2B44DDE92F015A6AD9
S21402ADA0002A93F828202C9B079305AB83E8030020
S21402ADB0129B0293119B0193099B0093CDE90367B3
S21402ADC00A9B214614BF50460220FEF747FB139B00
S21402ADD023B1384619F0EEFB01281AD04E4B2C98B8
S21402ADE01B689B6B2B44D3F830B083790C33C118A5
S21402ADF0C35CDB090CBF013104311CF0BDF9109AAB
S21402AE00169B84460E9802FB0033624658461CF098
S21402AE1066FDDFF804A10D9BDAF80020926B02EBC8
S21402AE20050BDBF824201A43CBF82420109B9BF852
S21402AE3028209A421FD12C981CF09EF90E9B191AB4
S21402AE4019D00BF1300016F0C1FCDAF80020926B34
S21402AE502A44106B16F0DAFB68B9DAF80020926B17
S21402AE602A44106B1CF095F9DAF80030986B2844E7
S21402AE70303016F023FA294B1B6813B1DA6F013211
S21402AE80DA674FF0010B4DE00025F3E6002D7FF464
S21402AE9010AF01201CF006FD054600287FF409AF1E
S21402AEA0D0E61D4B1B68996B382303FB05110B8AF2
S21402AEB04B451ED10B6A119A9A421AD191F82A3042
S21402AEC0159803F00102824213D10D98C3F345028E
S21402AED082420ED1149AB2EBD31F0AD191F82830CF
S21402AEE0534506D191F834300A9A03F0010393428F
S21402AEF001D008209DE50A9B5BB100230122096B65
S21402AF001CA816F0D1F99DF870209DF8B8309A4228
S21402AF10EFD1A84625E700BFE4110020902F0020BD
S21402AF204FF0000BDFF8C4A10F99DAF800309B6BE4
S21402AF302B445A6A914240F08280988A19F03AFB72
S21402AF40012826D1099A0C9900239A42CDE90333A7
S21402AF5002930F9B08BF0021CDE9004332463B46D1
S21402AF604846FEF719FCA0B919F083FADAF8003061
S21402AF708346186B9B6A03FB000303EB500089466B
S21402AF8019F089FA1BEB000249EB01033046FFF782
S21402AF90CFFC3846FEF77EFA28B13B4632462146BB
S21402AFA00120FEF781FADAF800309A6B2A4492F80A
S21402AFB03430108ADB0728D4199B92F82A1005939E
S21402AFC0136B0493938A0393538A029393690193B0
S21402AFD092F82A30C3F345030093126A01F0010384
S21402AFE0C9091CF061FADAF800309B6B1D44002494
S21402AFF0214640462C63FEF78FFB0B9A18EE100A8A
S21402B00023463146FEF7FEF816E51CAC01462046FE
S21402B0101AF040FCDAF800309B6B2B44196B93F85D
S21402B020292003916FF07F010291998A0191598A32
S21402B030009194E803001B6AFEF7FEFDD3E7294B56
S21402B0401B68002B37D1BBF1000F39D1DAF800406C
S21402B050A66B735D022B06EB05073FF4BEADB88AFE
S21402B06019F0A8FA01287FF4B8AD02237355A26A34
S21402B07097F82830206B93423ABF420800FB032021
S21402B080504319F008FADAF800309B6B1D44179B00
S21402B0901818189B43EB0101C5E90201FBF7A2F958
S21402B0A0114B1B68002B3FF498ADD3F88C2001326D
S21402B0B0C3F88C2091E5DB6898470028C3D08CE55E
S21402B0C0DAF800309B6B2B44D86A0028BED0FAF719
S21402B0D00FFADAF800309B6B2B440022DA62FBF799
S21402B0E081F9B3E7742F0020902F0020E41100208E
S21402B0F02DE9F04F8FB01E1E1C9FDDF86080BDF854
S21402B1006850BDF86C9097F806A008920EAC04E959
S21402B11003000CBF0423002338460B9316F076FA7E
S21402B1200446002859D0574408993B7BDA0900297F
S21402B13041D1002A3CD105284FD905F071FE0F38BF
S21402B14084424AD800211C9816F071FBDDF870A0E4
S21402B1509AF806B00BF10C0B0AEB0B031AF80B402D
S21402B1600993FBF735FBA0EB080778427841199A5A
S21402B1702946FEF79FF898BBE4091AF80B3040D030
S21402B180C3F38013C3F10203DBB2074648460993B2
S21402B19019F010FA089B002B40F0CA80099B022B7C
S21402B1A040F0C28001285DD004285BD0012015E063
S21402B1B0441F0B2CC5E7F2B923B10A2B0BD0441E51
S21402B1C00F2CBEE7A0F1070CDCF1000444EB0C04E4
S21402B1D0002CB7D101E00428B4D00020FEF7D0FA44
S21402B1E018AC54F8100F1BF0D4FF204616F066F881
S21402B1F00FB0BDE8F08F441F072C8CBF002401243B
S21402B200E6E75B062BD1099B5F789B78BF0107F4C4
S21402B210FE5747EA93070323FFB20A932846FBF733
S21402B220A5F9024690B91C9B07930EA911E90300E3
S21402B23005AB83E80300199B0A980096CDE90183C3
S21402B240CDE90359089B3946FEF708F91AF80B3080
S21402B250099FC3F38013C3F10203DBB296E72746C6
S21402B2600A94DBE70DF1300A9AE80300FAF7D2F9FE
S21402B2704FF6FF7398428346B2D04CBB01211CA8FE
S21402B28016F07DFA0B9A3B7805921C9A0295CDE948
S21402B2900392199A019203F03F020092C3F38013BD
S21402B2A04246214658461CF0FFF82E4B1B6813B147
S21402B2B05A6C01325A6400231C932B4B1B68002BDA
S21402B2C08ED09C689AE8060000232846A04787E7A7
S21402B2D09AE8030005AB83E803001C9B0095002454
S21402B2E0CDE90193CDE90344199B424631465846BF
S21402B2F0FFF754FB1C94E0E797E8030005AB83E8EE
S21402B30003001AF80B3003F07F030493089BCDE981
S21402B3100059CDE902233146199B42466046FFF7A3
S21402B3203DFB00231C935BE700289BD1022055E7D8
S21402B3300028FBD00CAF97E80300FAF76BF91C9ACB
S21402B3408446002CD8D19DF974300392CDE901933E
S21402B350009597E8030043463246FEF76DFC1C94C0
S21402B3603EE700BF902F0020742F0020F8B52B4C2C
S21402B3700025382723689B6B03BB002550272368CC
S21402B380DB6B002B2FD12368186C002840D1236872
S21402B390986B20B119F04CF8236800229A63236850
S21402B3A0D86B20B119F044F823680022DA632068CB
S21402B3B04422BDE8F840002120F0B2B8F5F79EFC22
S21402B3C0838AAB42D9D923689B6B07FB05F63344C5
S21402B3D00135186B1BF0DDFE2368986B3044303065
S21402B3E015F06CFFC6E7F5F789FC438AAB42CAD96B
S21402B3F02368DB6B07FB05F633440135986C1BF0BC
S21402B400C8FE2368D86B3044483015F057FFB6E7BD
S21402B41019F00EF8236800221A64B8E7E411002037
S21402B4202DE9F04F3C4C8DB007460E4620680021B1
S21402B4309046442220F074F8F5F760FC808A25686E
S21402B4404FF0380909FB00F018F0EEFF2368A863F6
S21402B4509B6B2BB9FFF78AFF1A200DB0BDE8F08F61
S21402B460F5F74CFC438A25685020584318F0DCFF59
S21402B4702368E863DB6B002BECD00025AA46F5F7C1
S21402B4803DFC838AAB4227D8F5F738FC008A25684C
S21402B490000118F0C9FF236828641B6C002BD9D062
S21402B4A00025DFF880A0A9464FF0000BF5F726FC32
S21402B4B0038AAB4223681FD847B31F604EB35E6051
S21402B4C06C4620461DF06EFF002814BF40462046FC
S21402B4D0FFF70EFA0020C0E723689B6B09FB0533D3
S21402B4E00135A3F812A0A3F814A0A3F81CA0C3F871
S21402B4F024A0C3F830A0C2E71B6C290103EB051297
S21402B50023F801900135C2E902ABCFE7034A1A607D
S21402B510D4E7034A5A60D3E7E4110020A55A020092
S21402B52035950400FFFFE70370B50A4D0024382660
S21402B530F5F7E4FB838AA34200D870BD2B689A6BAA
S21402B54006FB04F3D35C1BB103212046FEF7E4F8A6
S21402B5500134EDE7E41100202DE9F041114F3B687C
S21402B560DB6B05460E46C3B9BDE8F0810134F5F73C
S21402B570C5FB438AA342F7D93B68DB6B08FB04335F
S21402B5801A8BAA42F2D15B8BB342EFD1204641F22C
S21402B5904401BDE8F041FEF761B800244FF05008C0
S21402B5A0E5E700BFE41100200CB42DE9F04385B0B6
S21402B5B00D460C9C0746002800F0C48089B3002C78
S21402B5C000F0C2800DABDFF88481039300204FF0B9
S21402B5D00A09237823B3252B04F101066DD163787B
S21402B5E0622B24D018D8252B63D0303B092B17D8D2
S21402B5F0002316F8012BA2F13001092955D9732A26
S21402B6000ED1039A0093111D1368039101462A4630
S21402B61038461CF038F92CE06C2B34D0732B16D03D
S21402B6200546284605B0BDE8F04302B07047039BC6
S21402B6301A1D1B688DF8083001230093039202AB93
S21402B64001462A4638461CF01EF9A61C11E0A378CD
S21402B6506C2B10D1039B1A1D1B680392ADF80830A1
S21402B66002230093014602AB2A4638461CF00BF929
S21402B670E61C3446ADE7622BD2D1039B1A1D1B682B
S21402B68003925BBAEAE7A3786C2B06D1039B1A1DDA
S21402B6901B68039202930423E3E7622BC0D1039B49
S21402B6A01A1D1B6803921BBAF4E709FB0323303BFF
S21402B6B09FE7012300934346C2E75C2B3ED16378A3
S21402B6C0002BADD0782B35D1A378A3F13002D1B2BE
S21402B6D0092913D812018DF80820E378A3F1300265
S21402B6E0092A1AD803F00F039DF8082013438DF891
S21402B6F0083001230093261D02AB87E7A3F16102FF
S21402B700052A04D8573B1B018DF80830E5E7A3F15C
S21402B7104102052A84D8373BF5E7A3F16102052AE0
S21402B72001D8573BE0E7A3F14102052A3FF678AF7E
S21402B730373BD9E701230093334681E70123009381
S21402B740234663E705466CE725466AE75418050074
S21402B7502DE9F04107461CF039F90446002845D188
S21402B7600C2018F061FE054670B126464FF6FF78AB
S21402B770F9F77AFA844209D39EB1700118F056FEA0
S21402B780A86078B91CF04DFA1A201FE02046F9F797
S21402B79071FA19F079FE40451CBF0136B6B2013483
S21402B7A0E6E7AE60124BDFF84C80AE800024A7427C
S21402B7B008BF1F462F60EC804FF6FF77F9F754FA62
S21402B7C0844205D32846FCF76BF80020BDE8F081DA
S21402B7D02046F9F74FFA064619F056FEB84203D04D
S21402B7E04146304619F0F8FD0134E7E71220EDE74E
S21402B7F019F302005818050041F20213984259D86C
S21402B800B0F5885F6FD2152823D9A0F5805083B291
S21402B810152B0FD90F207047A0F5985001380C2829
S21402B82061D8DFE800F06460606460606064606055
S21402B830606064001528EDD8DFE800F055555555D0
S21402B8405555555955555955555555595555555595
S21402B85055551528DED801A353F820F0F3B8020098
S21402B860F3B80200E7B80200F3B80200F3B8020029
S21402B870F3B8020015B8020015B8020015B80200A7
S21402B88015B80200F3B80200F3B80200F3B80200DB
S21402B890F3B80200F3B80200F3B8020015B80200CB
S21402B8A015B80200F3B80200F3B80200F3B80200BB
S21402B8B0F3B8020041F21133984210D8B0F5985FFF
S21402B8C0AAD2A0F5905083B2082BA3D80828A1D8F4
S21402B8D0DFE800F0090F09090D09090D0900A0F5B6
S21402B8E0A050052896D803230B700020704701232A
S21402B8F0FAE7002008707047034B1B681B6813B1F9
S21402B900DB6E03B118477047BC110020F8B5044639
S21402B910F5F7F4F90B4BC6881B68186820B10023AC
S21402B9201C27B34201D30020F8BDC16D07FB03F20A
S21402B93009688D188A5AA24201D00133F1E72846D7
S21402B940F2E700BFBC11002038B50446F5F7D6F979
S21402B9500A4B05891B68186818B10023AB4201D34D
S21402B960002038BD026E126802EB830132F82320F3
S21402B970A24201D00133F1E70846F2E7BC110020EB
S21402B9802DE9F04F244F3B681B6889B00446002B14
S21402B9903FD0838902934389019303890093C38826
S21402B9A01E4A092105A8FFF7FFFD04F11005064609
S21402B9B04FF00008284605F1040A1CF009FF50461D
S21402B9C01CF006FF3B68A28818680021D0F810B069
S21402B9D000684346D84750B90C35B8F1000F03D07B
S21402B9E0002009B0BDE8F08F4FF00108E2E73B689F
S21402B9F0A188186805F10803CDE902A3CDE9006520
S21402BA0005ABD0F804A000684246D0470028E3D031
S21402BA10E7E71120E5E700BFBC110020701805001B
S21402BA20024B1B680BB11B6918477047382F002062
S21402BA30044B1B681B6813B1D866002070471120A0
S21402BA40704700BFBC110020064B1B681B6833B151
S21402BA50DA6E82424FF0000002D1D866704711209B
S21402BA60704700BFBC110020F0B51D461A4B1B687C
S21402BA7087B01B68064600200F4601904BB301AB09
S21402BA80FF2102F0BFFA0446C8B9019802AB3A4653
S21402BA9031461CF03DFF044601A81CF099FE74B91D
S21402BAA0204601AB02AAFF2102F0ACFA044630B9E6
S21402BAB0DDE90C23019829461CF02AFF044602A859
S21402BAC010211BF068FF01A81CF082FE204607B07A
S21402BAD0F0BD1124FAE700BFBC1100202DE9F04F9B
S21402BAE097B09B46102A4FF0000307468846164634
S21402BAF0009309AD00F29C804E4801AA04211CF076
S21402BB00F4FE044600287CD16B4601AAFF2102F00F
S21402BB1079FA0446002874D1009805AB10223946FB
S21402BB201CF0F6FE044668461CF052FE002C68D155
S21402BB300DAF3246414638461FF0CAFC06F158039E
S21402BB406B44012203F8242C20466B4605AAFF21EB
S21402BB5002F058FA0446002853D100982B46721C6D
S21402BB6039461CF0D5FE044600284AD19DF83330EB
S21402BB70219A03F07F03137095E80F0087E80F0001
S21402BB803246414611A81FF0A3FC06F168030DEBEE
S21402BB90030906F1110A022309F8243C00982B46F1
S21402BBA0524639461CF0B4FE044650BB2C465B4651
S21402BBB0224603CABA4218605960144603F10803C3
S21402BBC0F6D195E80F000DAF87E80F0032464146E2
S21402BBD011A81FF07DFC032309F8243C00982B468D
S21402BBE0524639461CF094FE044650B9209A2E4618
S21402BBF0334603CBBB42106051601E4602F1080278
S21402BC00F6D101A810211BF0C6FE05A810211BF0D4
S21402BC10C2FE284610211BF0BEFE21210DA81BF0F5
S21402BC20BAFE68461CF0D4FD204617B0BDE8F08F79
S21402BC302124E6E77E18050070B58EB0002306467E
S21402BC400D462048019306AA04211CF04EFE044627
S21402BC5030BB01AB06AAFF2102F0D4F90446F8B9BC
S21402BC6001980AAB102231461CF052FE044601A887
S21402BC701CF0AEFDA4B9204601AB0AAAFF2102F0D1
S21402BC80C1F9044660B91049019802AB04221CF0BF
S21402BC903FFE044620B99DF8173003F03F032B7091
S21402BCA006A810211BF077FE0AA810211BF073FECF
S21402BCB0102102A81BF06FFE01A81CF089FD204689
S21402BCC00EB070BD831805008818050030B51446FE
S21402BCD087B0A8B1A1B19AB1042302AD00930A4677
S21402BCE0084B01952021FFF7BFFE014628B9FF2128
S21402BCF023462A4602F086F90146084607B030BDBA
S21402BD002121FAE78D180500F0B50D469BB01E46B8
S21402BD1068B361B35AB353B304460AAF00F1200CBA
S21402BD20206861683B4603C3083464451F46F7D162
S21402BD302C4604F1200712AD206861682B4603C327
S21402BD400834BC421D46F7D102ACCDE9002440219E
S21402BD50084A07230AA81CF0A0F8014620B9214683
S21402BD60324602F069F9014608461BB0F0BD2121B1
S21402BD70FAE700BF921805002DE9F0470E468AB092
S21402BD8017461D46804698B391B38AB383B306AB73
S21402BD904FF0040A01930A46164BCDF800A0202164
S21402BDA0FFF762FE0446F8B90DF10809CDE900A9CD
S21402BDB0114B324620214046FFF756FE044698B9FC
S21402BDC03B464A46082102F01DF9044660B90DF1C9
S21402BDD01B022B460DF1270152F8040B43F8040B05
S21402BDE08A42F9D112781A7020460AB0BDE8F08766
S21402BDF02124F9E79A1805009F18050070B58AB045
S21402BE00002306460D461C48019302AA04211CF094
S21402BE106CFD0446E8B901AB02AAFF2102F0F2F873
S21402BE200446B0B9019806AB102231461CF070FDEC
S21402BE30044670B99DF826301B0203F47C529DF826
S21402BE4027301343ADF802306FEA43436FEA534399
S21402BE502B8002A810211BF09EFD06A810211BF0C5
S21402BE609AFD02210DEB01001BF095FD01A81CF0C6
S21402BE70AFFC20460AB070BDA418050038B5094BC1
S21402BE801B681C680A4654B10146256920680123CE
S21402BE90A847002840F2025018BF002038BD1120E3
S21402BEA0FCE700BFBC1100200B4B1B6873B51D6876
S21402BEB002460C465DB161B1EE69286801AB01210C
S21402BEC0B04710B9BDF80630238002B070BD11200D
S21402BED0FBE72120F9E700BFBC1100202DE9F7435C
S21402BEE01B4E33681B68054663B300884FF6FF7324
S21402BEF0984229D00DF10601FFF7D6FF0446E8B9AD
S21402BF0005F1020833682A88186804F00107D0F899
S21402BF10109000683B460121C84718B9012C0DD085
S21402BF200124EFE73368298818683A46D0F80C905F
S21402BF30006808EB0403C8470028EFD0002003B0CF
S21402BF40BDE8F0831120FAE740F20250F7E700BF9F
S21402BF50BC1100202DE9F043DFF8A8801F46D8F870
S21402BF6000301B6887B006460D461446002B44D0A8
S21402BF701CF02AFC34EA000141D1D8F800301868D7
S21402BF802A46D0F8109000680123C84728B940F224
S21402BF900254204607B0BDE8F0830DF10A01304690
S21402BFA0FFF782FF18B9BDF80A30AB42EFD1D8F8D6
S21402BFB000308DF80C4018680E9BADF80E50CDE997
S21402BFC000733246446A006803AB0121A047044668
S21402BFD028B140F20343984208BF0024D9E730460E
S21402BFE01BF0C2FF052304A88DF81030ADF81260CE
S21402BFF0ADF81450FFF780FCCBE71124C9E72124E3
S21402C000C7E700BFBC1100200B4B1B6873B51D6849
S21402C01002460C465DB161B1EE69286801AB0021AB
S21402C020B04710B99DF80630237002B070BD1120DB
S21402C030FBE72120F9E700BFBC1100202DE9F04FF5
S21402C040264F87B000238DF817303B681B680446DE
S21402C050002B3ED000884FF6FF7398423BD00DF17E
S21402C0601601FFF7D1FF064618B1002007B0BDE85B
S21402C070F08F251D4FF0010A284605F104091CF031
S21402C080A7FB48461CF0A4FB3B682288186806F00B
S21402C0900108D0F810B0006843460021D84728B9F6
S21402C0A0012E05F10C05E0D00126E5E73B68218864
S21402C0B0186805F10803CDE90293CDE900A50DF154
S21402C0C01703D0F8049000684246C8470028E7D015
S21402C0D0CBE71120CAE740F20250C7E7BC110020A6
S21402C0E02DE9F041DFF870801E46D8F800301B6854
S21402C0F086B005460F4614464BB31CF065FB34EA81
S21402C100000126D1D8F800308DF80C4018680C9B38
S21402C1108DF80E70CDE900632A46446A006803ABC8
S21402C120A047044640B140F20343984208BF0024A9
S21402C130204606B0BDE8F08128461BF039FF04A869
S21402C1408DF81040ADF81250FFF7D6FBF0E7112439
S21402C150EEE72124ECE700BFBC1100202DE9F043F6
S21402C1601E4685B00023CDE90233244BDDF830901D
S21402C1701B681B6888461746002B3AD0FFF7C6FB9B
S21402C1800446002837D000880DF10701FFF73CFF70
S21402C190054608BBB8F1000F02D19DF807302BB355
S21402C1A00C2101FB08446068A3680290247B039379
S21402C1B01CF00CFB03981CF009FB1FB1029B3B60B2
S21402C1C0002302931EB1039B336000230393B9F14D
S21402C1D0000F01D089F8004002A81CF0F9FA03A863
S21402C1E01CF0F6FA284605B0BDE8F08340F2025588
S21402C1F0F2E71125F6E740F20255F3E7BC110020FC
S21402C2002DE9F04F8DB0324D05930023CDE907336B
S21402C21009932B681B680F461646002B53D0FFF770
S21402C22075FB8146002850D000880DF11B01FFF7F0
S21402C230EBFE0DF1280804460DF1240B0DF1200A41
S21402C24000282CD11FB99DF81B10002938D02A6867
S21402C250B9F800101068CDF800A0CDE901B807AB18
S21402C260846800683A46A0470446C0B916B1079BE0
S21402C27033600790059B23B1059A089B1360002341
S21402C2800893179B23B1434603CB179B186059604C
S21402C290169B23B1169A099B13600023099307A8DD
S21402C2A01CF096FA58461CF093FA50461CF090FA88
S21402C2B0082140461BF06FFB20460DB0BDE8F08F0C
S21402C2C040F20254EBE71124F6E740F20254F3E799
S21402C2D0BC1100202DE9F341164F05461BF074FDF4
S21402C2E03B681B6806461BB35B6E23B900242046D8
S21402C2F002B0BDE8F0810DF107012846FFF784FE83
S21402C30004460028F3D14FF02808B442EED03B682A
S21402C3101B685B6E586808FB04008388AB4201D03A
S21402C3200134F2E7FFF72CFB0028F9D00446DEE7DB
S21402C3301124DCE7BC1100202DE9F04F8FB0064631
S21402C34005930023CDE90933754BBDF860A01B6841
S21402C350BDF864B01B6888469146002B00F0DD806D
S21402C3600DF122015F6EFFF74FFE0546002840F0F2
S21402C3709680B8F1000F04D19DF82230002B00F011
S21402C380CA80002F00F097801BF01EFD00234FF09E
S21402C390280C984209D11BF017FD7B6806930021F2
S21402C3A007900B464FF0FF323DE07C680CFB0344DF
S21402C3B0A188B1420CD1E188494509D12189059A63
S21402C3C0914205D16189514502D1A18959453FD093
S21402C3D00133DEE7282000FB03FC069800EB0C0482
S21402C3E04FF6FF70B4F804E0864523D0764510D1A8
S21402C3F0B4F806E0CE450CD1B4F808E005988645B8
S21402C40007D1B4F80AE0D64503D0B4F80CE0DE450E
S21402C41010D1069850F80C408C4201D3501C48D1DB
S21402C4201A460133214607989842D3D10699282303
S21402C43003FB0214059BA680A4F806902381A4F8A9
S21402C4400AA0A4F80CB02046FFF79AFA00285DD19D
S21402C4503B6823600C2101FB084401333B6063699F
S21402C46020690A93237E09908DF823301CF0AEF9DA
S21402C4700A981CF0ABF91A9B23B11A9A099B13600F
S21402C480002309931B9B23B11B9A0A9B136000236C
S21402C4900A931C9B1BB11C9A9DF82330137009A8A3
S21402C4A01CF096F90AA81CF093F928460FB0BDE8CE
S21402C4B0F08F0C46B5E7059B1A4A0093CDE901AB0F
S21402C4C04B460921DFF858900BA8FFF76DF8D9F80C
S21402C4D00030044618683246D0F810A0006843467A
S21402C4E03946D047A0B1D9F8003018680DF12303B9
S21402C4F003930AAB029309ABCDE900434246446874
S21402C50000680BAB3146A0470028B4D00546C6E704
S21402C51040F20250FAE72125C1E71125C5E700BF20
S21402C520BC110020701805002DE9F0414B4E33680F
S21402C5300546186886B08846002800F08D80C469D3
S21402C540006802AB2A460021A047044600287FD195
S21402C5509DF80A70012F03D0022F0BD0212477E01A
S21402C560A8F10203012BF9D8B8F1030F05D04FF05A
S21402C57002081CE0B8F1030FF0D103A9012001F074
S21402C58083FD0446002863D1039BA34230D8336858
S21402C5901B6829461A6C186890470446002857D12B
S21402C5A028461BF01EFD2846FFF73AFAA0463368D7
S21402C5B01B6842461C6A18682946A047044600289B
S21402C5C046D133681B6801469E6C18682A46B047F7
S21402C5D0044600283CD1032304A88DF81030ADF899
S21402C5E012508DF814708DF81580FFF785F92FE03C
S21402C5F00DF106022146012001F078FD38BB3368B2
S21402C600BDF8062018680121D0F81C80006804AB2B
S21402C610C047E0B9BDF81230AB4201D00134B3E7EF
S21402C6203368BDF806101B685A6C1868904770B9D4
S21402C630BDF806001BF0B1FC3368BDF806201B6887
S21402C6400121D3F848801868C0470028E6D004467F
S21402C650204606B0BDE8F0811124F9E7BC1100209F
S21402C660F0B51F4F3B680546186885B00E46002891
S21402C67033D0C469006801AB2A460021A0470446AD
S21402C68040BB9DF80630012B02D11EB9212421E0C1
S21402C690002BFBD13B681B6832461C6B1868294688
S21402C6A0A0470446B0B928461BF09BFC2846FFF775
S21402C6B0B7F93B681B6821469E6C18682A46B04745
S21402C6C0044638B9022302A88DF80830ADF80A509D
S21402C6D0FFF712F9204605B0F0BD1124FAE700BFB5
S21402C6E0BC1100202DE9FF41224E3368054618682A
S21402C6F00F46002839D0C469006801AB2A460121DA
S21402C700A047044668BB3368BDF806201868214671
S21402C710D0F81C80006801ABC047044608BB9DF8F1
S21402C7200680B8F1010F22D133681B683A465C6B6B
S21402C73018682946A047044698B928461BF02DFCDF
S21402C74033681B682A469C6C18684146A047044614
S21402C75038B9072302A88DF80830ADF80A50FFF75B
S21402C760CBF8204604B0BDE8F0811124F9E7212475
S21402C770F7E700BFBC1100202DE9F041504F3B689F
S21402C7801B6886B006460D46002B00F096800128F0
S21402C79004D8B1F5805F21D321241BE00228FBD107
S21402C7A00A04F9D49C6A0A4601461868A047044659
S21402C7B080B93B681B682A46DC6A18683146A0477F
S21402C7C0044638B90A2304A88DF81030ADF8125082
S21402C7D0FFF792F8204606B0BDE8F081012818D18E
S21402C7E008461BF0B0FB3B681B682A469C6A186822
S21402C7F03146A04704460028ECD13B681B682A460F
S21402C800DC6A18683146A04704460028E2D10623AF
S21402C810D9E702A9012001F037FC04460028D9D145
S21402C8200646029BB34218D828461BF07CFB3B68A0
S21402C8301B682A469C6A18680021A04704460028FE
S21402C840C8D13B681B680146DE6A18682A46B047AC
S21402C85004460028BED10123B5E70DF106022146A3
S21402C860012001F043FC30BB3B68BDF80620186887
S21402C8700121D0F81C80006803ABC047D8B9BDF8C8
S21402C8800E30AB4202D001340136CAE73B68BDF82F
S21402C89006201B680121D3F828801868C04750B9C3
S21402C8A006238DF8103004A8BDF80630ADF8123015
S21402C8B0FFF722F8E8E704468CE711248AE700BF70
S21402C8C0BC110020F0B5030487B005460C46164698
S21402C8D003D52124204607B0F0BD114F3B681B68E4
S21402C8E0E3B11BF071FF34EA0000F2D13B688DF829
S21402C8F00C401C68CDE9006003AB666A20682A46D5
S21402C9000221B04704460028E4D1092304A88DF882
S21402C9101030ADF81250FEF7EFFFDBE71124D9E72F
S21402C920BC11002070B5044610461A46230486B091
S21402C9300D4611D480B17AB1042302AE009301965B
S21402C940064B2021FFF790F820B9324629462046AA
S21402C950FFF7B8FF06B070BD2120FBE7A918050057
S21402C960044B1B681B68014613B1DA6C1868104743
S21402C97011207047BC1100200B4B1B681B6813B5B7
S21402C9807BB15A6D18689047044638B90C23ADF847
S21402C990020068468DF80030FEF7AEFF204602B071
S21402C9A010BD1124FAE700BFBC1100200B4B1B6818
S21402C9B01B6813B57BB19A6D18689047044638B960
S21402C9C00D23ADF8020068468DF80030FEF794FF9E
S21402C9D0204602B010BD1124FAE700BFBC110020A9
S21402C9E00A4B1B681B6813B501466BB11A6D1868B3
S21402C9F09047044628B90B2368468DF80030FEF7A8
S21402CA007BFF204602B010BD1124FAE7BC110020BD
S21402CA1010B50A4686B070B169B1042302AC009321
S21402CA200194064B2021FFF71FF810B92046FFF7A6
S21402CA30D7FF06B010BD2120FBE700BFA9180500EE
S21402CA40F8B5174E33681D683DB36B6E1BBB1BF003
S21402CA50BBF90446D8B1082017F0E6FC074650B1E9
S21402CA6028204443204617F0DFFC0346786020B9AE
S21402CA70384617F0DDFC1A2010E004444FF6FF7229
S21402CA809A802833A342FBD100233B606F6633684B
S21402CA90044A1B689A66002000E00220F8BD00BF28
S21402CAA0BC110020D57D040010B5074C23681B6816
S21402CAB043B19A6E32B1586E904723681B680022C3
S21402CAC0C3E9192210BD00BFBC1100202DE9F843AE
S21402CAD0264D2B681B68002B38D0FFF7E5FF2B6826
S21402CAE01B681C6E6CB1F4F709F9028920680023F2
S21402CAF04FF6FF719A422BD817F09AFC204617F091
S21402CB0097FC2B681B68DE6D00241C667EB1F4F76A
S21402CB10F5F8C7884FF01C084FF6FF79A74233682E
S21402CB201AD8184617F084FC304617F081FC2E6897
S21402CB3030680024C4655822214604301EF0F0FCFA
S21402CB403068046017F074FC2B681C60BDE8F8833C
S21402CB5020F823100133CDE708FB04F298189B5AFD
S21402CB604B4501D01BF01BF90134D7E7BC1100205E
S21402CB702DE9F0472E4D064670202C680F4617F01A
S21402CB8053FC2B682060D3F80080B8F1000F04D164
S21402CB90FFF79CFF1A20BDE8F087F4F7AFF8B0F86D
S21402CBA00690042017F040FC04460028F0D04FF010
S21402CBB01C0A0AFB09F017F037FC206018BB204657
S21402CBC017F036FCE4E70AFB03F1013342529945BB
S21402CBD0F9D82B68C8F85C40D3F80090F4F78EF8C2
S21402CBE0B0F80880042017F01FFC04460028CFD0B7
S21402CBF04FEA880017F018FC20600028DFD00023D8
S21402CC004FF6FF7206E000234FF6FF72DFE720F8CA
S21402CC10232001339845FAD82B68C9F860401C686F
S21402CC2058223946201D1EF053FC26600020B2E72B
S21402CC30BC110020F8B50E4615461C46074640B104
S21402CC4010F064FE0EF0E2FF0021024638461EF0A7
S21402CC5067FC4EB1304610F055FE0EF0D9FF0021AB
S21402CC60024630461EF05CFC4DB128460FF06CF8CA
S21402CC700EF0D0FF0021024628461EF051FC4CB1B1
S21402CC8020460FF061F80EF0C5FF0021024620464E
S21402CC901EF046FC054C23689B68586917F0C8FBD3
S21402CCA023689B6800225A61F8BD00BFBC110020B1
S21402CCB010B5044610F00FF80EF0A6FF002102464B
S21402CCC020461EF02DFC024B1B689B689C6010BD24
S21402CCD0BC1100202DE9F047DFF898A01C46DAF8D0
S21402CCE000309B685B6981468846174613B1192057
S21402CCF0BDE8F0870EF08AFF05460EF089FF054470
S21402CD000EF088FF05448CB30EF084FFDAF800308C
S21402CD1028449E6817F088FBDAF8003070619B683A
S21402CD205B69002BE3D0C9F800300EF06FFFDAF82B
S21402CD3000309B685B690344C8F8003005460EF075
S21402CD4067FFDAF800309B685B6905442B443B605A
S21402CD500EF060FF64B1DAF800309B68054458694B
S21402CD60054425600EF056FF0020C1E72046CDE7B9
S21402CD702046BDE7BC11002038B50D4D2B68B3B177
S21402CD809B68A3B1186817F053FB2B689B680024B6
S21402CD9058691C61C3E90044C3E9024417F048FB22
S21402CDA02B689868446117F043FB2B689C6038BD7B
S21402CDB0BC110020F8B5214D2C68A768002F3BD186
S21402CDC0182017F031FB2B68A0609B681BB9FFF791
S21402CDD0D3FF1920F8BD0EF011FF04460EF014FF23
S21402CDE004440EF009FF04440EF016FF2B6820449C
S21402CDF09E6817F019FB2B6830609B681A68002A39
S21402CE00E5D05A600EF0FAFE2B689A68136803445F
S21402CE10936004460EF0F8FE2B689A681368044482
S21402CE202344D3600EF0E8FE2B689B6820441C68FF
S21402CE3004441C610EF0F0FE0020CBE7BC1100207B
S21402CE402DE9F843DFF878801C46D8F800309B6856
S21402CE505D6881460E4617465DB300225A60022080
S21402CE60E3F7E8FB01462846E3F704FC80B9802294
S21402CE7049462846E1F718F950B93A463146284657
S21402CE80E1F756F920B921462846E1F763F9A0B141
S21402CE9040F20344284610F070F90EF0AFFE00216F
S21402CEA0024628461EF03CFBD8F800309B685D60C0
S21402CEB000E019242046BDE8F8830446EAE700BFEE
S21402CEC0BC1100202DE9F843DFF85890D9F800305D
S21402CED09B681C690746884616460CB300251D61EA
S21402CEE020460EF036FA2046E1F7A2F942463946C7
S21402CEF02046E1F7A9F931462046E1F7AFF9204688
S21402CF000EF029FA0EF088FE2946024620461EF04A
S21402CF1007FBD9F800309B6828461C61BDE8F883F9
S21402CF201920FBE7BC1100202DE9F04387B090469C
S21402CF301E4603F110020F9B9A4281460F4627D8DF
S21402CF40154B1B689B689D6825B300249C60284689
S21402CF500FF099FE80234A46022128460FF097FEDC
S21402CF60129B0593139B04930E9BCDE90283119BA0
S21402CF700193109B00933A460D233146284610F043
S21402CF80CCF82846FFF794FE204607B0BDE8F083AB
S21402CF902120FAE71920F8E7BC1100202DE9F0411C
S21402CFA086B01C460D9BA34280460E4617462CD3DF
S21402CFB0184B1B689B689D684DB300229A602846F2
S21402CFC00FF061FE80234246022128460FF05FFEE4
S21402CFD0109B0593119B04930C9BCDE902730F9B48
S21402CFE001930E9B009321460D233246284610F0ED
S21402CFF0AAF80028284641F2050408BF0024FFF7D5
S21402D00057FE204606B0BDE8F0812124F9E7192430
S21402D010F7E700BFBC110020F7B5144F01913A683C
S21402D0209268D4680646FCB10025D56020460EF00C
S21402D03032F88022314620460EF037F8019B012155
S21402D0401A4620460EF095F820460EF028F80EF006
S21402D050D3FD2946024620461EF062FA3B689B68CC
S21402D0602846DC6003B0F0BD1920FBE7BC110020A7
S21402D07070B586B0002305460E4605AA04A903A885
S21402D080CDE903330593FFF725FE044648B9039816
S21402D09010F017FC03980321E3F7BAFE50B140F2F2
S21402D0A003440398DDE904120023FFF7C3FD20467C
S21402D0B006B070BD049810F0F6FB05980EF03EFE22
S21402D0C0DDE904210B4B0398009410F037FB00288F
S21402D0D0E5D12946049820220EF025FF0498202246
S21402D0E0A9180C300EF01FFF0598202231460EF0CC
S21402D0F01AFFD6E7C58004002DE9F0411F469EB010
S21402D1000023CDE90233CDE904330D461446002848
S21402D1107CD000297AD0002A78D0002F76D005ABB2
S21402D12004AA03A902A8FFF7D5FD064600283FD1A8
S21402D130029810F0C6FB039810F0B5FB05980EF0A7
S21402D140FDFD04980EF0FAFD02980321E3F760FE57
S21402D15006AB224604F1200E9C46106851681C4617
S21402D16003C4083272452346F7D10EAB02F1200EF5
S21402D1709846106851681C4603C408327245234616
S21402D180F7D16146202203980EF0ACFE03982022C7
S21402D19041460C300EF0A6FE0398012118300EF020
S21402D1A058FEDDE90201E3F773FB58B141F20506CA
S21402D1B0DDE90423DDE90201FFF73CFD30461EB03F
S21402D1C0BDE8F08116AB2A4605F1200C1D46106814
S21402D1D051681C4603C4083262452346F7D1202212
S21402D1E0294604980EF07EFE00230193084B009316
S21402D1F005990298DDE90323E3F7B8FA0028D5D1AA
S21402D2000598202239460EF08EFED1E72126D5E774
S21402D210C58004000C4A1268526803465069418869
S21402D220994210B503D0C18A994201D1143010BD7B
S21402D230064C002163802170D36A20469847002856
S21402D2400CBF20460020F2E7BC110020C6310020A9
S21402D25070B50446F3F752FD084BC1881D680022DC
S21402D26026268A4201D3002070BD6B68586806FBEA
S21402D27002004388A342F7D00132F2E7BC11002035
S21402D28070B50446F3F73AFD084B01891D68002283
S21402D29026268A4201D3002070BD6B68D86806FB3A
S21402D2A002004388A342F7D00132F2E7BC11002005
S21402D2B04FF6FF729142034608461AD0042B18D83E
S21402D2C0DFE803F0030507091100FFF7C1BFFFF708
S21402D2D0D7BFFFF79FBF084B1B685B68996912238D
S21402D2E003FB00107047044B1B685B68D969222356
S21402D2F0F6E70020704700BFBC110020F0B50C46D0
S21402D30087B0114620461646FFF7D2FF054600288C
S21402D31057D0012C1CD0022C32D0002C54D14FF600
S21402D320FF734380047004711022214605301EF0FC
S21402D330F7F81022214605F115001EF0F1F8234BEE
S21402D3401B685A681368013B1360204607B0F0BD9D
S21402D3504FF6FF7300244380838004701022214618
S21402D36006301EF0DDF81022214605F116001EF0EA
S21402D370D7F8164B1B685A689368013B9360E4E73C
S21402D380124BC6F30E041F686CB94FF6FF73438048
S21402D39004701022214604301EF0C2F87A6813691F
S21402D3A0013B1361D1E70021102202A88DF8041078
S21402D3B0ADF806601EF0B4F87B6801A81B6B9847B0
S21402D3C0C4E740F20250C1E72120BFE7BC110020AB
S21402D3D02DE9F0478AB0F3F791FC002305890993FB
S21402D3E0CDE90533CDE9073306AB019307AB0093CE
S21402D3F008AA09AB05A928461AF075FF0446F0B933
S21402D4000146224826274FF6FF7CA646A942DDE9BA
S21402D410089318D3069A0292079A0394CDE900322B
S21402D4200121059A4B46002001F022FA069B009342
S21402D4300446DDE90812079B05981AF03FFF2046CE
S21402D4400AB0BDE8F08702685268D26807FB01F6A8
S21402D4503244B2F80280E04515D002F1060A1632CE
S21402D46049F824A043F82420079B03F804E0059B10
S21402D47023F8148003685B68DB681E44069BB28848
S21402D48023F8142001340131C0E700BFBC1100208C
S21402D4902DE9F04389B0F3F731FC0023C5880193E8
S21402D4A0CDE90433CDE9063305AB009306AA07ABF4
S21402D4B004A928461AF017FF0446E0B91C4E014696
S21402D4C026274FF6FF7C8646A942DDE9063016D3AC
S21402D4D0059A03940025CDE900022946049A02958E
S21402D4E0284601F0C5F9DDE906120446059B0498B4
S21402D4F000951AF0E3FE204609B0BDE8F0833268D4
S21402D5005268526807FB0122B2F80280E0450DD04D
S21402D51002F10509153243F8249040F82420059BB1
S21402D52003F804E0049B23F8148001340131CBE7AE
S21402D530BC11002038B50D46284611461C46FFF79A
S21402D540B7FEB8B1012D05D0022D01D06DB1002471
S21402D550204638BD002CFBD11022811D06481DF046
S21402D560A7FF041E18BF0124F2E7002CF0D11022F8
S21402D570411DF3E70446EBE73819050008B5034BEF
S21402D5801B685B685B6A9847013008BDBC110020C7
S21402D590F0B589B0002206AB0093019207AB05A94D
S21402D5A00220CDE9052207921AF09DFE044668BBCA
S21402D5B0024618484FF6FF75264603685B685B69A5
S21402D5C013445988A94209D0079F043347F82430E8
S21402D5D0069B1E55059B23F8141001341432282A84
S21402D5E0EBD1069B01930025079B059A03940093B3
S21402D5F002212B460295284601F03AF9DDE9063269
S21402D60004460095059829461AF058FE204609B0A9
S21402D610F0BD00BFBC1100200129F8B503D1BDE85A
S21402D620F840FFF7D5BEA1BBFFF7D2FE0446D0B93D
S21402D630FFF72EFF0446B0B9F3F760FBC68870000A
S21402D64016F0F2FE054630B3144B18684FF6FF711B
S21402D6502627A64209D83146284619F0F1F904468B
S21402D660284616F0E5FE2046F8BD436825F8141055
S21402D6705B6807FB04335A888A4208D01B791B036F
S21402D68003F44053C2F30B02134325F8143001345B
S21402D690DFE72124E7E71924E5E700BFBC110020F5
S21402D6A0F8B50E4605461AF0B8FE17490F6800246C
S21402D6B04FF0120CA04201D11A2022E07A68926939
S21402D6C00CFB04F31A4492F811E0BEF1000F19D1D4
S21402D6D028460132103550F8047B42F8047BA842F3
S21402D6E0F9D10A68526892690020D118D0540123F1
S21402D6F04B74064B03EA440343F0E04343F0010352
S21402D7003360F8BD0134D5E7BC110020FEFF0100EE
S21402D7102DE9F047294F81460C4615464FF0000882
S21402D7204FF0820AF3F7EAFA90F82830B8EB430F84
S21402D73002D340F203503BE03B685B68196A0AFB7F
S21402D74008F6314491F88130A3BB481CB9F1000FAA
S21402D75029D04B4609F1400253F8041B40F8041B3B
S21402D7609342F9D13B685B68ACB11B6A33444133E0
S21402D77004F1200254F8041B43F8041B9442F9D126
S21402D7803B685B681A6A002093199055012283F859
S21402D79081202B600CE0186A30442022214641305A
S21402D7A01DF0BEFEECE74131FFF762FC0028E7D031
S21402D7B0BDE8F08708F10108B4E700BFBC110020FD
S21402D7C038B54FF400400C46FFF724FD38B14CB193
S21402D7D0054D28461AF03BFF2560002038BD40F272
S21402D7E00250FBE72046F9E701000150F0B587B08A
S21402D7F004460E461546FFF7C1FE02281AD9C4F3A0
S21402D8000E03BBB10023ADF806402A468DF804305D
S21402D81002AC103510685168234603C30832AA4288
S21402D8201C46F7D1254B1B685B6801A81B6B984703
S21402D83007B0F0BDFFF7A2FE022803D1C4F30E0321
S21402D840002B33D12046FFF7E5FC58B13278037837
S21402D8509A422DD11022294604301DF029FE38BBEB
S21402D8600020E5E7154B19684B685B6958884FF648
S21402D870FF72904203D0D88A90421CD114332A46B3
S21402D880181D103552F8047B40F8047BAA42F9D1E1
S21402D8905C8032781A704A681369C4F30E04013346
S21402D8A01361002CDCD1FFF773FED9E72120BFE716
S21402D8B040F20150BCE740F20350B9E7BC11002029
S21402D8C02DE9FF410129DDE90A4517461E4672D0B9
S21402D8D0022900F0D880002940F0DD8034B91021FA
S21402D8E0684619F043FC044640BB6C463846FFF7D0
S21402D8F0AFFC804630B300F11501102220461DF021
S21402D900D7FD00286CD1B27898F80430934267D1DC
S21402D910317898F80020914262D1002B7BD0002DFE
S21402D9205ED0102208F1050128461DF0C1FD40F226
S21402D930015440F20343002808BF1C46204604B0A8
S21402D940BDE8F0814FF6FF70FFF782FC80460028A4
S21402D95000F0968000F1150304F1100254F8041B3F
S21402D96043F8041B9442F9D108F10500F5B10346C9
S21402D97005F1100255F8041B43F8041B9542F9D131
S21402D980A8F80270337888F80030B37888F8043044
S21402D990424B1B685A68136801331360FFF778FD21
S21402D9A01021684619F0F7FF0024C7E7102229461F
S21402D9B01DF0B6FDE4E73CB91021684619F0D6FB27
S21402D9C004460028BAD16C463846FFF759FC804612
S21402D9D020B300F11601102220461DF069FD10B199
S21402D9E040F20154AAE7B8F8043070889842F7D19A
S21402D9F0327898F800309A42F2D1FFF729FC037980
S21402DA004BB1002DECD0102208F1060128461DF07D
S21402DA104FFD0028E4D140F203448FE74FF6FF7033
S21402DA20FFF72EFC804658B300F1160304F11002ED
S21402DA3054F8041B43F8041B9442F9D108F106007B
S21402DA40CDB1034605F1100255F8041B43F8041B3A
S21402DA509542F9D1A8F80270337888F800307388B6
S21402DA60A8F804300D4B1B685A689368013393601C
S21402DA70FFF7AEFC94E7102229461DF051FDE9E7B8
S21402DA8040F203545AE722461946384604B0BDE827
S21402DA90F041FFF7ABBE212450E700BFBC110020C7
S21402DAA038B5294C23685B68002B4BD0FFF70EF87D
S21402DAB023685B68586800251D6020B116F0B8FC24
S21402DAC023685B685D6023685B68D86800259D6094
S21402DAD020B116F0ADFC23685B68DD6023685B68E6
S21402DAE0586900251D6120B116F0A2FC23685B6808
S21402DAF05D6123685B68986928B116F099FC236813
S21402DB005B6800229A6123685B68D86928B116F0C0
S21402DB108FFC23685B680022DA6123685B68186AF8
S21402DB2028B116F085FC23685B6800221A621BF097
S21402DB30B0FCFFF721F92368586816F079FC2368D1
S21402DB4000225A6038BD00BFBC1100202DE9F04FFC
S21402DB500A4D2C681F4663688DB006468946904675
S21402DB60002B40F02482342016F05EFC2B686060A6
S21402DB705C682CB91A24FFF793FF62E1BC110020FF
S21402DB80169BE762C4E909982363FFF713F9044674
S21402DB900028F0D1F3F7B2F800F052FD0446002850
S21402DBA0E9D1B049FEF7E4FF04460028E3D1304647
S21402DBB0FDF73EFF04460028DDD11AF02EFC2B6846
S21402DBC00646122070435F6816F02EFC2B68B8617A
S21402DBD05F68BB69002BCDD022462146964203F1F0
S21402DBE0120340F03281222016F01EFC2B68F861E8
S21402DBF05B68DB69002BBDD000261E7083F82160AF
S21402DC00F3F77CF890F828702B687F008220784320
S21402DC10D3F8048016F008FC2B68C8F820005B686E
S21402DC201B6A002BA6D0BC4203F1820340F013818C
S21402DC30CDE90866CDE90A66F3F760F8C7882B686F
S21402DC404FF0260808FB07F05C6816F0EDFB2B6821
S21402DC5060605B685B68002B00F04B8109AB009349
S21402DC6001960BAB0AAA08A938461AF03CFB0446F2
S21402DC7038BBDDE90A202968A74200F2F58007AB27
S21402DC800493099B00920021CDE901030391089BAE
S21402DC903A46084600F0F8FC044690B94FF0260AC9
S21402DCA08046A74200F2EC801AF039FD044640B9DD
S21402DCB006462627079A2B6896425B68C0F01081B4
S21402DCC01A6000230093DDE90A12099B08981AF0ED
S21402DCD0F5FA002C7FF44FAFCDE90744CDE90944AD
S21402DCE00B94F3F70BF807892B68262606FB07F03A
S21402DCF05C6816F099FB2B68E0605B68DB68002BBB
S21402DD0000F03E8108AB019309AB00930AAA0BAB65
S21402DD1007A938461AF0E7FA044600287FF42BAF24
S21402DD20DDE90A212868A74200F2E78006AB0493E1
S21402DD30089B0393099B0092CDE901133A46079B81
S21402DD400121002000F0A0FC0446A0B906464FF0D0
S21402DD50260B8246D5F80090069AD9F80430B742C8
S21402DD6000F2D88000262627069A2B6896425B6821
S21402DD70C0F0FD809A60089B0093DDE90A12099BB9
S21402DD8007981AF09BFA002C7FF4F5AE2B680B94DA
S21402DD9028205E68CDE9094416F046FB2B687061C0
S21402DDA05B685B69002B00F000810AAB019400936C
S21402DDB022460BAB09A902201AF095FA044600285F
S21402DDC07FF4D9AE2B680B9A5B685B69191D183312
S21402DDD01160536008ABCDE903030A9B0090CDE9BE
S21402DDE001230222099B114600F04EFC0446F0B9BC
S21402DDF006464FF0140B8246D5F80080DDF82090D8
S21402DE00D8F804305B690BFB06F7B14503EB070055
S21402DE1040F2BC80099A03F807A032F81630438015
S21402DE20002E00F0B180D8F80430C3F8109000211C
S21402DE30DDE90A32099800911AF040FA002C7FF4C4
S21402DE409AAE20460DB0BDE8F08F03F8121C03F818
S21402DE50011C0132C2E603F8826C03F8016C01343D
S21402DE60E1E600BFD01805004B685B6808FB043388
S21402DE705E1D153342F8246040F824300134FBE678
S21402DE80D5F80090079AD9F804305B680AFB04F6C6
S21402DE90A24203EB060009D903F80680089B33F872
S21402DEA01430438080F804800134FAE61022002100
S21402DEB005301DF035FBD9F804305868304410227E
S21402DEC0002115301DF02CFBD9F804305A6893193E
S21402DED002F806804FF6FF725A8083F80480E3E762
S21402DEE05B6807FB063358881AF062F818B90136E1
S21402DEF0E0E61A24E5E60446E3E64368DB6806FB4A
S21402DF00043303F1060C163342F824C041F82430D9
S21402DF10013408E7DB680BFB06F8B24203EB0800A5
S21402DF200BD903F808A0079B33F816304380089BEA
S21402DF3033F81630838001360CE7102200210630B3
S21402DF401DF0EEFAD9F80430D868404410220021B9
S21402DF5016301DF0E5FAD9F80430DA6802EB080349
S21402DF6002F808A04FF6FF725A809A80E3E7DB6851
S21402DF7007FB0633588819F0F7FF18B90136F3E69F
S21402DF801A24F8E60446F6E6012635E710220021B2
S21402DF9004301DF0C5FAD8F804305B69DA1903F8C4
S21402DFA007A04FF6FF7353803AE71A243FE740F282
S21402DFB00154E0E507B5054B0093054A054B0649B3
S21402DFC0FFF7C4FD03B05DF804FB00BF69840400DC
S21402DFD09D84040083840400457E040007B5054B37
S21402DFE00093054A054B0649FFF7B0FD03B05DF8FE
S21402DFF004FB00BF458604004B860400978204009B
S21402E000397E040010B40C462AB120B91BB110297F
S21402E01005D9FF2908D021205DF8044B7047054931
S21402E02021FA04F4E107F6D55DF8044B19461046CA
S21402E030FFF736BB1101010030B5E1B1D8B9D2B154
S21402E0400F4803685B68DB6993F82140ACB901337B
S21402E05001F1200451F8045B43F8045BA142F9D1B4
S21402E06003685B68DB6900200121187083F82110C1
S21402E070044B136030BD2120FCE71A20FAE700BFEC
S21402E080BC11002001000090C31E012B70B50D4686
S21402E09027D931B3012809D002280CD0F8B9124B7F
S21402E0A01B685B6818682860002070BD0E4B1B68F2
S21402E0B05B689868F7E70C4E33685B681C699B6A76
S21402E0C0984733685B685B695A88B2F5004F20440C
S21402E0D003D0DB8AB3F5004FE5D10138E3E7002031
S21402E0E0E1E72120E1E700BFBC1100202DE9F8435B
S21402E0F0C31E012B0446884617463DD9002A3BD04C
S21402E10002281AD088B1012813D000251B4B0026FE
S21402E110D3F800C04FF0140E334626214FF6FF798F
S21402E120AB420CD140F2025019E0F2F7E7FDC58887
S21402E130ECE7F2F7E3FD0589E8E70546E6E7DCF8F3
S21402E140042074B9526801FB03225088484511D056
S21402E150B0F5004F0ED046450BD138800020BDE802
S21402E160F883012C01D1D268EDE752690EFB032237
S21402E170EBE701360133D3E72120F0E7BC1100209C
S21402E180F8B51E46C31E012B04460D46174604D993
S21402E190012804D8B1F5805F05D3212026E00228A5
S21402E1A001D10B04F9D429462046FFF781F8B0B313
S21402E1B0012C1CD0022C2AD074BB411D10221A48F6
S21402E1C01DF076F9690008B141F0010441F080556E
S21402E1D045F001051FB128461AF039FA3D600EB324
S21402E1E014B120461AF033FA34600020F8BD811DBF
S21402E1F010220D481DF05CF9690030B141F0005460
S21402E20044F0010441F04055E2E70446FAE7074BC2
S21402E210002443EA4505DDE700242546DAE740F216
S21402E2200250E3E73046E1E72819050001000050F6
S21402E23070B50D468CB0064658B351B316486A46BA
S21402E24004211AF052FB044698B908AB1022314654
S21402E2506846FEF7F5FD044658B9104904AB052298
S21402E26008A8FEF7EDFD044618B906AB03CB2860F6
S21402E27069606846102119F08EFB10210DEB010033
S21402E28019F089FB08A8102119F085FB20460CB06E
S21402E29070BD2124EDE700BFAE180500B3180500D7
S21402E2A02DE9F04F99B0994608460023CDE903338D
S21402E2B0DDF8908005939246FEF7CAFF05460028D1
S21402E2C000F08980454814AA04211AF00EFB08AF14
S21402E2D0044610AE002861D105EB0A1505354FF04D
S21402E2E0060A3F4B0197CDF800A014AA1021284633
S21402E2F0FDF7BAFB0446002850D13A4814AA042176
S21402E3001AF0F3FA0446002848D1CDE900A6344BA9
S21402E31014AA10212846FDF7A7FB044600283DD183
S21402E320314814AA04211AF0E0FA0446002835D12E
S21402E3300DF1300BCDE900AB294B14AA102128466B
S21402E340FDF792FB044648BB06A92846FFF770FF76
S21402E350044618BB03A93846FFF7A2F90446E8B9F3
S21402E36005A93046FFF79CF90446B8B904A95846F1
S21402E370FFF796F9044688B9039BC9F80030239B39
S21402E380059A1A60229B049A1A6006AB03900590BF
S21402E390049003CBC8F80000C8F8041003A81AF0CB
S21402E3A017FA05A81AF014FA04A81AF011FA10219E
S21402E3B0384619F0F0FA1021304619F0ECFA10211E
S21402E3C00CA819F0E8FA082106A819F0E4FA204683
S21402E3D019B0BDE8F08F40F20254F8E7B91805000C
S21402E3E0BE180500C5180500CA1805000378012BDB
S21402E3F003D1044B1B6813B11847F1F701BE022084
S21402E400704700BFDC2E00200378012B03D1044B9B
S21402E4101B6813B11847F1F71DBF0220704700BFF3
S21402E420D02E002010B50378012B05D1054B1B68B2
S21402E43033B1BDE810401847F1F7F4FD80B210BDC5
S21402E4400220FCE7D82E002013B5014306481446E6
S21402E45001AB6A46006803F009FEE3F73BF808B929
S21402E460019B236002B010BD601000207FB50F4EE6
S21402E470014315461C4602AA03AB3068019103F01D
S21402E480F5FDE3F727F870B92368039A0199306817
S21402E4909342A8BF13462A4603F09AFDE3F71AF8FA
S21402E4A008B9039B236004B070BD00BF6010002053
S21402E4B008B513460A4640F480210348006803F074
S21402E4C03DFDE3F707F808BD6010002008B5044BD1
S21402E4D040F48021186803F00FFEE2F7FBFF08BD48
S21402E4E06010002008B513460A4640F4C0210348CF
S21402E4F0006803F023FDE2F7EDFF08BD6010002080
S21402E50008B5044B40F4C021186803F0F5FDE2F7A5
S21402E510E1FF08BD60100020044A0346106800B9F7
S21402E520704702889A42FBD00069F8E7C82F00209D
S21402E53010B588B01022019001210DEB02001CF0EC
S21402E540EFFF074A019B92E8030002AC84E803004F
S21402E5500822214604A816F0E2F908B010BD00BF52
S21402E5607017002008B5DEF789FE024BC3E90001EA
S21402E570002008BD7017002010B5044C206800B9B2
S21402E58010BD03692360EAF7ADFEF7E7C82F002047
S21402E5902DE9F04707460D46002401F10209A7427D
S21402E5A005D80E4B18680023A8B9BDE8F08735F8E1
S21402E5B0240000211AF069FB39F824A080460026C0
S21402E5C0564501D30134EAE708EB060080B2FFF7AE
S21402E5D07DFF0136F4E783600069E5E7C82F002077
S21402E5E02DE9F041804614461F46FFF795FF0D467B
S21402E5F00646F8B901F11400EAF754FEE0B10F4BF3
S21402E600C4601A68A0F80080C0E9015400F114043E
S21402E610026118602A46214640461AF0CFFA38B1FF
S21402E62001233B702A46314620461CF079FF3046CD
S21402E630BDE8F0812120FBE71920F9E7C82F00206A
S21402E64008B921207047C38801335B105A1E0F2A6F
S21402E650F7D80A4A1360038901335B105A1E0F2A41
S21402E660EFD8074A1360038B04339B085A1E0F2AFF
S21402E670E7D8044A00201360704700BFD42F00205A
S21402E680CC2F0020D02F00202DE9F04FA9B0CDE9E5
S21402E69005230023CDE90C33CDE90E33CDE908334B
S21402E6A00A938DF82C30894600296BD16D4B1B6876
S21402E6B00393039B002B00F0D1805020EAF7F2FD73
S21402E6C00546002800F0CC800026374639464846E4
S21402E6D01AF0D2FE04461AF0A8FB002800F0BC800E
S21402E6E0502220460DEB02011AF068FA0446002872
S21402E6F03ED150220DEB020128461CF0E9FE0CA882
S21402E7001AF0A1FE21460D2208A81CF009FF05F109
S21402E7104C030193042300932A464C2308A90CA811
S21402E7208DF8209016F0CCF81022044600210CA892
S21402E7301CF0F6FE0D22002108A81CF0F1FEBCB962
S21402E7402B780493049A0121222313FB02130793C6
S21402E7508B46A2462346049A924502D0059A9642D2
S21402E76015D3059B9E4277D0039B01379F42ADD1BE
S21402E7702846EAF7B7FD0CB9369B1E60204629B03C
S21402E780BDE8F08F01290CBF374B384B8FE7B9F144
S21402E790010F35F80B200BF102080DD80698C2F3CC
S21402E7A00B0120F816103499120B8A55329A002A59
S21402E7B045D10BF1120811E0069921F81620349A79
S21402E7C005EB0801935510A81022CDE91033CDE9C8
S21402E7D012331CF06DFE00230028EAD0339905EBB5
S21402E7E0080251F8261002F1100052F804CB41F844
S21402E7F004CB8242F9D1B9F1010F08F1100B18D1FE
S21402E80003221046079A4FEA5A0110FB01216818A4
S21402E8101AF0010F427817BF8178695C120202F47F
S21402E82070620ABF12090A4342EA0112359921F8B8
S21402E83016200AF1010A5FFA8AFA01368BE7329A43
S21402E840A84452F8262008F1100158F8040B42F8A2
S21402E850040B8845F9D1ACE7002489E711248DE73B
S21402E86019248BE7D42F0020CC2F0020D02F002095
S21402E8702DE9F04F8FB0884603930023CDE90A3383
S21402E880CDE90C33CDE90633059208938DF8243092
S21402E89031B9694B1F68002F00F0CB8002260CE0CE
S21402E8A0012901D1654BF5E7654B1F68002F00F083
S21402E8B0C08002290CBF042602261B9A07FB06F319
S21402E8C09342C0F0AF805020EAF7ECFC05460028E1
S21402E8D000F0AD804FF0000AD3464C21284615F0D2
S21402E8E040FF044600283FD11B9BA3EB0A03B3421A
S21402E8F028BF334699462B70222303FB09F3049361
S21402E900012053464C4533D10AA81AF09CFD0D222D
S21402E910002106A81CF004FE05F14C030193042313
S21402E92000932A464C2306A90AA88DF8188015F0EB
S21402E93085FFA2441022044600210AA81CF0F0FD1E
S21402E9400D22002106A81CF0EBFD6CB95946404684
S21402E9501AF092FD50222946FFF7AAFD044618B97E
S21402E9600BF1010BBB45B8D32846EAF7BBFC5AE0CD
S21402E970B8F1010F059A98BF199932F813209EBF75
S21402E980C95CC2F30B0242EA0132B8F1010F2A5205
S21402E99000F102020ED8039951B151F823102A440D
S21402E9A001F1100C51F804EB42F804EB6145F9D181
S21402E9B000F11202189951F82310A81801F1100C50
S21402E9C051F804EB40F804EB6145F9D1B8F1010FB8
S21402E9D002F110001AD1049924F0010202EB54024B
S21402E9E00A441A9914F0010F02F1020C31F81310BE
S21402E9F02A440ED015F80CE0C1F3032141EA0E01B9
S21402EA0005F80C101A9931F81310D170013401333D
S21402EA1078E7091151701A9A32F81320120105F894
S21402EA200C20F3E71A2420460FB0BDE8F08F192415
S21402EA30F9E71124F7E700BFD42F0020CC2F0020DF
S21402EA40D02F002038B50A4C21688B6ACD68013376
S21402EA508B6215B10B698968A847206816220021C7
S21402EA6008301CF05DFDBDE83840F7F7BBBC00BFC0
S21402EA70A81100202DE9F04104688CB002AE0546CC
S21402EA800F4620460021029171601AF003FD1622FD
S21402EA90CDE9044006A81CF043FD04AC049929B352
S21402EAA00023162206A812F0FFFB069B9F420DD0FB
S21402EAB094E80300E84686E80300059940461AF003
S21402EAC00CFD98E8030084E80300E7E73246214697
S21402EAD028461AF0E8FC04981AF0F3FC204612F0D6
S21402EAE0EDFB044B1A68D36A0133D3620CB0BDE85F
S21402EAF0F08100BFA8110020044B1B681A6A01327D
S21402EB0008BF01221A62186A704700BFA8110020C7
S21402EB1070B51B4C2668316886B079B3B5686DBB94
S21402EB2008461AF0B7FC2A46CDE9041004A9304676
S21402EB301AF0B9FC2068049903912B461622083075
S21402EB4012F0B2FB03A8162112F019FE039812F077
S21402EB505DFD28B903981AF0B4FC03A812F0AEFBC8
S21402EB6000230849039800931A46F2F74BF818B99F
S21402EB702268536A0133536206B070BD0020FBE779
S21402EB80A811002045EA0200234B2DE9F04FD3F8E6
S21402EB9000900568D9F8004085B00746ACB3AB795B
S21402EBA02B44204693F821B01AF074FC0023CBF3D2
S21402EBB0800B0646A0469A4698F80620424492F8EB
S21402EBC02120C2F380025A450CD2C3B1514602A894
S21402EBD01AF083FC029CCAF800507B681C6005B0E1
S21402EBE0BDE8F08F314668461AF077FCDDE9002171
S21402EBF0B2464346002AE9D090460E46DCE7204657
S21402EC001AF048FCC9F80050E7E7C9F8005005B00A
S21402EC10BDE8F04FFFF77CBFA81100202DE9F04FAA
S21402EC208FB0DFF848B10DF1180815F022FC00236A
S21402EC300693C8F80430DBF8003001908A4659681B
S21402EC4008461AF027FCCDE9081008AD0DF11009A8
S21402EC500CAF089E16B90FB0BDE8F08FB4790199D3
S21402EC600C343444E268236991427AEB030352D3AC
S21402EC70237D5B0712D1099938461AF02EFCDBF881
S21402EC8000002946424604301AF00DFC2846FFF7DB
S21402EC907BFF97E8030085E80300DAE73179304620
S21402ECA012F09EFB002841D1CDE90A000A9B3BB137
S21402ECB00AA8FFF769FF002323716371A371E3714A
S21402ECC0237DDA1D62F30203237515F0D2FB064696
S21402ECD002913846012118F049FA237DDA080A2300
S21402ECE002FB03331A219DF83020B2FBF1F200201A
S21402ECF01344039315F0CFFB029B361843EB010235
S21402ED00039B0292184615F0C6FB029A301842EB95
S21402ED100101E060216195E8030088E803004846A7
S21402ED2007991AF0DAFB99E80300B4E7CDE90C007C
S21402ED30099B9E4205D197E803000AAB83E80300CD
S21402ED40B4E736683179304612F04AFB50B9029081
S21402ED500C981AF0B6FB384612F0B0FA029BCDE9D0
S21402ED600A33A3E70D9A10600D90E1E7A811002080
S21402ED70F0B58BB00646139D01920C461F46104610
S21402ED8012B921200BB0F0BD12F040FC0028F8D0DA
S21402ED90019812F03BFCFD28F3D8162C10D00198EF
S21402EDA012F034FC01308DF81000022204A901A8EA
S21402EDB08DF8114012F093FC022801D01A20E1E7E8
S21402EDC00DB100232B600021019B0393162204A899
S21402EDD08DF809108DF80A101CF0A2FB2A2C09D116
S21402EDE0002F5CD00DF10A020DF109010DF10B00A6
S21402EDF0F2F726FAFFF780FE119B0593129B069305
S21402EE00003FA4F12A0318BF01275C425C419DF82B
S21402EE102530049023F0030344EA47041C438DF88C
S21402EE20254015F026FB044630460F4615F033FB08
S21402EE309DF809309DF80A2003F0070343EAC2034F
S21402EE408DF82430109B9DF82520201847EB0101F1
S21402EE50003B18BF012363F38202CDE907018DF858
S21402EE60252004A9162203A812F039FCC0B280B1EC
S21402EE700398002112F0DBFC03994B7943F001035F
S21402EE804B710A4B1868043012F0CBFB0DB1049B91
S21402EE902B60FFF7C3FEF7F7A5FA002072E70DF125
S21402EEA00A010DF10900F2F73BFCA3E7A8110020C6
S21402EEB038B5094D0446286883689C4204BF00237F
S21402EEC0C3603CB121460430FFF7D4FD28682146D2
S21402EED0FFF7D0FD002038BDA81100202DE9F34130
S21402EEE015F0C7FA0F460646FFF712FEFFF796FE24
S21402EEF0154B164D1B685C6820461AF0CBFA4FF08D
S21402EF00000834B92846214602B0BDE8F04115F0A3
S21402EF10B2BAA1790C44A369E269B34272EB070163
S21402EF200FD39B1B62EB07029D4278EB020238BFAF
S21402EF302B461D46014668461AF0CFFADDE9004028
S21402EF40DFE70025F6E700BFA8110020FFFFE70372
S21402EF5030B51B4B82691B688BB004460892426927
S21402EF6007920269069290F828200592C2680492D7
S21402EF7082680392428C0292028C019290F82520BB
S21402EF8000921D68C28B90F82730818B90F826007D
S21402EF90A84728B1E56855B904F10C0012F08EF9BD
S21402EFA03022002120461CF0BBFA0BB030BD05F122
S21402EFB00C00452200211CF0B3FA2D68EBE700BFD7
S21402EFC0AC1100202DE9F04F8DB00D4607A9BDF813
S21402EFD06040DDF864B006469146984616F0A1FDFC
S21402EFE00746A8BBBDF81C3093B3A3425DD04FF6CC
S21402EFF0FF739C4209D13046F7F7EEFA002854D048
S21402F000E31D9BB2022B0DD822E04FF6FC739C4206
S21402F0100BD1F2F70FF9012804D13046F7F7DCFAE4
S21402F020002842D04FF0000A33E04FF6FE739C42AF
S21402F03011D108AA0DF11E010DF11B00F2F700F91D
S21402F0409DF81B30012B03D13046F7F7C5FA60B3A3
S21402F0500DB0BDE8F08F4FF6FD739C42D0D1F2F7AB
S21402F060C1F9D8E708AB0DF11E025146284616F044
S21402F07081FB204615F09EFA022810D1102208A91C
S21402F08058461CF015FAB0FA80F676090AF1010A1B
S21402F0905EB9284616F06AFB5045E3D8D8E7BDF8B5
S21402F0A01E60331B5E425E41F0E7B9F1020F59D192
S21402F0B0284616F0E9F94FF6FF739842C8D128465B
S21402F0C016F0E0F91328C3D801A353F820F000BFC6
S21402F0D021F102004BF1020051F0020051F0020051
S21402F0E021F102004BF1020051F0020051F0020041
S21402F0F051F0020051F0020021F102004BF1020031
S21402F10021F102004BF1020021F102004BF1020054
S21402F11051F0020051F0020021F102004BF1020010
S21402F120B8F1000F94D19DF86C3004931A9B0194A9
S21402F130CDE902B3BDF85C3000934246BDF85830C4
S21402F1404946284616F089F982E7B8F1000F3FF4DF
S21402F1507FAFE8E73946284616F09BF9804507F167
S21402F1600107E0D0284616F091F9B842F2D86FE7C8
S21402F17070B50F4D2B685B68044623B12B689CB9AB
S21402F1800C4A1A6011E0F1F7B9FD90F822002E68D9
S21402F19000EB4000000115F047F92B6870605B68D1
S21402F1A0002BEBD11A2001E01C60002070BD00BFCE
S21402F1B0AC110020B5A1020010B5064C23685868B1
S21402F1C020B115F035F9236800225A602368002220
S21402F1D01A6010BDAC1100202DE9F84F15F049F960
S21402F1E00026244DDFF890900746884634464FF0B6
S21402F1F0300AF1F783FD90F82230B34205D828464C
S21402F2002146BDE8F84F15F036B9D9F800305B68EC
S21402F2100AFB06FB03EB0B0090F82420BAB153F866
S21402F2200B3042689F4278EB020119D3418C008C66
S21402F230FAF766FE68B1052015F02DF9854274EBE3
S21402F240010304D3052015F026F905460C460136BF
S21402F250CFE7D9F8003058685844FFF779FEF6E74A
S21402F260DB1B62EB0802AB4272EB04013CBF1D469D
S21402F2701446ECE7FFFFE703AC11002073B5254BFD
S21402F2801B88ADF80430064600230D461446014698
S21402F290012201A88DF8063012F006F8012803466E
S21402F2A002D0002002B070BD9DF804209109022908
S21402F2B009D003291AD005B12A8014B14FF6FF727D
S21402F2C0228098B2EEE7024631460DF1050011F0B3
S21402F2D0EBFF0128E5D11DB1BDF804305BBA2B80E7
S21402F2E014B14FF6FF7323800223EAE70222314667
S21402F2F00DF1050011F0D8FF0228D2D125B19DF8F4
S21402F300043003F03F032B8014B1BDF80530238090
S21402F3100323D6E7481905002DE9F04F91B0804641
S21402F32003939DF870300493DDE91D63BDF8689081
S21402F3300593219B0693229B07934846239B0291A3
S21402F3409246089315F036F902281B9F9DF87C40DA
S21402F3509DF8805002D1002F00F0F180FF2D02D1DF
S21402F36016F087FC05462EB196F82830D90748BF16
S21402F37044F0400414F0040F18BF002514F0830F65
S21402F38000F0C180F1F7BAFC90F822300133019305
S21402F39015F06FF8E207CDE909014ED501210FA855
S21402F3A017F0E4FE9DF83C0000F01F00143015F044
S21402F3B072F8099BDFF890B11B180B930A9B4FF06B
S21402F3C0000643EB01030C9331460D91F1F796FCD0
S21402F3D090F822200D995B4B96424FF0300044D3B2
S21402F3E01A68019E464350683044FFF7B1FD554BFC
S21402F3F00B991B685A68915193190C9AA3F81EA090
S21402F400C3E90127059ADA60069A1A61079A5A61D1
S21402F410089A9A61029A9A83039A1A84012283F8B6
S21402F4202420049AA3F8229083F8252083F82680C5
S21402F43083F8275083F8284043E014F0020008D0EF
S21402F44002210FA817F092FEBDF83C00C0F3080098
S21402F450ACE72306ABD501210FA817F087FEBDF84F
S21402F4603C0000F01F003C30A1E71A68D2F804C046
S21402F47070430CEB000292F824E0BEF1000F26D196
S21402F4800B9B13600C9BA2F81EA0C2E90137059BDA
S21402F490D360069B1361079B5361089B9361029B93
S21402F4A09383039B1384012382F82430049BA2F8DF
S21402F4B0229082F8253082F8268082F8275082F839
S21402F4C02840F6F78FFF002011B0BDE8F08F536892
S21402F4D05CF80000099A82420A9A9A410ED2099A68
S21402F4E0B0EB020E0A9A63EB020CDE457CEB0102DD
S21402F4F002D2019683461946013666E74FF0000BA4
S21402F50001965946F8E70F4B089A1B682292079A0B
S21402F5102192069ACDF87090CDE91F42059A02997B
S21402F520CDE91D72039A1B92049A1A921C685246DF
S21402F5302B464046A44611B0BDE8F04F6047212056
S21402F540C2E700BFAC110020FFFFE7032DE9F0433E
S21402F55089B000260D4604468DF81560F7F750F977
S21402F56007A9074630460696FEF78EFD002872D19A
S21402F570079BA3426FD90DF116022146FEF7B6FD90
S21402F580002868D1BDF816000DF11501FCF73CFD08
S21402F590044600285FD1F7F71BF99DF81510494E6F
S21402F5A0494A0139814618BF0121CDE90046BDF816
S21402F5B016002346FCF724FE00284CD1FFB2002F8B
S21402F5C09DF81520414C424F14BF02230023022A05
S21402F5D008BF43F0010363703368C4F802304FF08B
S21402F5E001087368C4F80630494604F10A0084F834
S21402F5F0008016F068F93749627833480B4600688F
S21402F60003F8012B3268C1F8012072685A60D4F8F8
S21402F6100A30C1F809300D223B4619F079F9064640
S21402F620C8B93A68C4F80E207A68C4F812201623BD
S21402F6302246014612F02FF80246069035BBCDE967
S21402F6400255CDE900552B462B212846FFF790FBA5
S21402F65008B9002306931C4819F0BAF8069C44BB66
S21402F66006A811F02BFE1A48102118F094F9154836
S21402F670082118F090F917480D2118F08CF9134854
S21402F680162118F088F909B0BDE8F083284600F084
S21402F690E5FC0028DFD0104B1C68002CDBD0069B54
S21402F6A00093CDE902660196334632464146A047AC
S21402F6B0CEE704F10C00452200211BF031FF24683E
S21402F6C0CDE700BF9D3B0020D82F00206A3B0020DC
S21402F6D08D3B0020803B0020682F00202DE9F04162
S21402F6E01F461E4BDDF81C8016461A68137C05461C
S21402F6F03BBB0379C4781C44437901341C448379A8
S21402F7001C4428235C43A408D5F80F00D5F8131030
S21402F710301A67EB010114F0AEFE4FF47A73B0FBB9
S21402F720F3F0A0420BD39DF81830012B0DD1002127
S21402F7304046FFF70BFFC5F80F60C5F81370BDE82B
S21402F740F081013B13740524DEE7054B1B68002B92
S21402F750F1D0002140469847EDE700BFB0110020E7
S21402F760DC2F0020F8B5104E33681B680D463BB1FF
S21402F77030B904461727F1F7C1FAC388A34200D866
S21402F780F8BD326807FB04F31268D018D35CDB07B7
S21402F79007D5B0F80130AB4203D1BDE8F84019F006
S21402F7A062BF0134E7E700BFB01100207FB521F049
S21402F7B00404132C17D117290C4909688C680CBF4E
S21402F7C000F11305002574B1B0F811109DF92460FC
S21402F7D002969DF8206049BACDE9003689B21346F2
S21402F7E001302A46A04704B070BD00BFB011002009
S21402F7F02DE9F04F8DB0C479059383790790E41A0A
S21402F8000F46002614F0FF019446099609D1079C7C
S21402F810002C40F0298107A811F050FD0DB0BDE87C
S21402F820F08F03F10C0505441844027B012A12D01E
S21402F830022A00F0218132B9059B2846CDE900C391
S21402F8403B46FFF7B3FF099B002BE0D00024DFF80E
S21402F850B882254603E11629F5D16C7804F0010337
S21402F8600493C4F34004B0460DE1B8F1000F0ED184
S21402F870BDF822102A46404619F02DFF00286FD107
S21402F880474605F10A0016F01BF80B9018E0DAF866
S21402F8900030D3F814B0BBF1000F48D00BAB009386
S21402F8A0BDF8221008AB2A460020D84700283ED1D1
S21402F8B007469DF8204004F001030493C4F3400475
S21402F8C0F6F79EFFA04252D10B9B9E42BBD8069AE9
S21402F8D0002A53D02A36B342B5D8BDF82260DFF8E4
S21402F8E024A24FF0000B1725F1F708FAC3889945B2
S21402F8F061D3BBF1000F75D09BF8003043F00103D3
S21402F9008BF800300023CBF803308BF807308BF8E7
S21402F91008308BF809308BF80A308BF80B308BF8EE
S21402F9200C308BF80D308BF80E30584678E0DAF84B
S21402F9300030D3F814B0BBF1000F74D00BAB0093B9
S21402F940BDF8221008AB2A460120D84700286AD103
S21402F9500127B8F1000F94D0ABE7B8F1000FE6D15B
S21402F960BDF822102A46012019F0B5FEEEE7F6F79A
S21402F9704DFF624B98427FF666AFA5E7BDF82220A0
S21402F98012B19E42FFF45FAFF6F762FF0B9B68B9B7
S21402F990A2199A42A1D2F6F739FF594B98427FF63E
S21402F9A052AF0B993046EFF755FA4CE72A369E428D
S21402F9B0FFF449AF91E7B8F1000F0ED1DAF8003044
S21402F9C0186805FB09000378DB0725D4BBF1000F96
S21402F9D008BF834609F1010986E7F7F773FF406A15
S21402F9E00028EED10598F7F789FC09ABCDE900733C
S21402F9F00B9A049BBDF822002146F6F755FF414BB1
S21402FA001B68DD68002D3FF41EAF0B9B0499BDF802
S21402FA1022002246A84716E7B0F80130B342D9D1F1
S21402FA2019F021FEDEE7013741E0204600F06AFACF
S21402FA30A0B100F013FB064680B116F0A5FE68B131
S21402FA40D8F8007057B1079B00930023CDE9025502
S21402FA5001951A4601213046B8470795013400F051
S21402FA604BFAA042E1D8D2E604F10C00452200216E
S21402FA701BF056FD2468CBE61B297FF4E4AE4FF05C
S21402FA80010834460496F6F7A3FE00210646084609
S21402FA90FCF7F4F90AA906900020FEF7F5FA0746E5
S21402FAA000287FF4D0AEDFF85CA08DF820000A9B19
S21402FAB09F42BFF4C8AE00230DF122023946184613
S21402FAC00B93FEF713FB0028ADD1BDF822000DF113
S21402FAD02101FCF799FA81460028A4D19DF821302D
S21402FAE0032BA0D801A252F823F000BF5BF9020054
S21402FAF06BF802005BF902005BF90200FF450500A5
S21402FB00FF8B0A00B0110020682F0020024B1B68F2
S21402FB1032221A74704700BFB01100202DE9F74F49
S21402FB2014F0A7FCDFF8B89006460F46F7F7CAFEB1
S21402FB30D9F800305B68054623B900284BD0037815
S21402FB40002B48D0DFF89C80D8E90003341A4FF423
S21402FB507A7067EB030A14F09EFC84427AEB010388
S21402FB6008D22046514614F086FCC0F57A7003B0DF
S21402FB70BDE8F08FC8E9006700244FF001084FF097
S21402FB80170A4FF0020BF1F7B9F8C388A34202D85E
S21402FB904FF47A70EBE7D9F800104A6808FA04F3D3
S21402FBA0134208D008683246CDE900843B460AFB79
S21402FBB00400FFF793FD65B12B782341DB0708D5D8
S21402FBC0686A3246CDE900B43B460AFB0400FFF7FA
S21402FBD085FD0134D7E70148C9E700BFFFFFE70309
S21402FBE0B01100207817002038B505460C46F1F70C
S21402FBF085F8C388AB4210D9094B196801234A68B5
S21402FC0003FA05F02CB110434860F6F7EBFB002030
S21402FC1038BD22EA00004860F9E72120F8E700BF75
S21402FC20B011002037B50D4604460192F1F766F88A
S21402FC30C388AB4211D901995CB1F7F743FE30B1E4
S21402FC40084B1B685BB1019928469847002003B011
S21402FC5030BD2846FFF77AFCF8E72120F7E718467A
S21402FC60F5E700BFDC2F00202DE9F04F87B0824673
S21402FC7005A90020FEF708FA0746E8B9F1F7DAFA0E
S21402FC800128064607D03D4B1B681BB11B689847E8
S21402FC90012815D002263A4C23684FF6FF75ADF8B8
S21402FCA010507BB94FF00009F7F70CFE002580468E
S21402FCB0AB46059BAB421BD8384607B0BDE8F08F73
S21402FCC03E46E8E71B68984781460028EAD0236844
S21402FCD0002BE9D05B68984750EA0103E4D023681A
S21402FCE01BB19B6804A89847DEE7ADF81050DBE727
S21402FCF0B6FA86F40DF11202294600206409FEF7D0
S21402FD00F5F990BBB8F1000F33D098F8002092B303
S21402FD108DF80E008DF80F0001900DF10E01BDF862
S21402FD201200F7F7DFFD10B1019B8DF80E30BDF81B
S21402FD3012000DF10F01F1F7FFF908B18DF80FB0BF
S21402FD409DF80E30012B12D09DF80F30012B10D0EB
S21402FD50B9F1000F04D0BDF81030AB4208BF012441
S21402FD60524629462046FFF75DFF0135A1E71C46AD
S21402FD70F6E70024F4E71446F2E700BF942F0020CB
S21402FD80982F002070B58AB0002850D000261C227A
S21402FD90314603A802961BF0C3FBF6F75BFE054648
S21402FDA0F6F744FE012104460DF107008DF80760C0
S21402FDB017F0DCF9F6F764FE1F4A23469670D11C4C
S21402FDC0103453F8046B41F8046BA342F9D16DBAB0
S21402FDD0A2F8135088B10368C2F815301924631EBE
S21402FDE013702B23537050B900231A469BB2214638
S21402FDF0114814F06CFB0AB070BD1524EFE71D2104
S21402FE000DF10A0015F0E6FE0028EDD19DF80A3045
S21402FE10002BE9D00DF10A001BF0B7FB2422831C4D
S21402FE2001308DF809208DF8080002AADEE70AB034
S21402FE30BDE8704014F056BB513B002010B5084C8C
S21402FE402368186820B114F0F3FA236800221A60B7
S21402FE5020681822BDE8104000211BF061BB00BFDD
S21402FE60B011002038B50C4C09B12368996008B16E
S21402FE702368D860F0F742FFC388256817205843E6
S21402FE8014F0D2FA236828601A6812B1002058606B
S21402FE9038BD1A20FCE700BFB011002038B5F0F7D5
S21402FEA02DFF90F82A300A4C062003FB0000256836
S21402FEB014F0BAFA236868605A6832B100201070EB
S21402FEC0507001221A70986038BD1A20FCE700BFF5
S21402FED0B411002010B5074C2368586820B114F0FE
S21402FEE0A7FA236800225A60236800221A605A6022
S21402FEF09A6010BDB4110020014B1B681878704739
S21402FF00B4110020034B1B6806225B685043185C42
S21402FF10704700BFB4110020F8B5144D2B68074691
S21402FF201C780E46F0F7EAFE90F82A3001339C421F
S21402FF3019D02A68946813785168013403EB430396
S21402FF4008BF012494605800127A0A5401EB430356
S21402FF5001215970C3F8027032702A6813780B4474
S21402FF6013700020F8BD1A20FCE700BFB411002071
S21402FF70F8B5044630B1114F3E68327800230625A4
S21402FF809A4201DC212016E0716805FB03FC01EBB6
S21402FF900C0011F80CC0A44503F1010C0CD1D21AC6
S21402FFA0013A6A4305FB0C111BF0A0FA3A68137873
S21402FFB0013B13700020F8BD6346E1E7B411002050
S21402FFC02DE9F04F0F46234985B00968DDF84CA0AD
S21402FFD091F800C0DDE91189044601254FF0060BB1
S21402FFE0AC451CDD48680BFB05F600EB060E805D93
S21402FFF0A04201D00135F3E717490D687DB10E998D
S214030000DEF802000091CDE9029ACDF804800021C3
S214030010A84720B10E9D95B90EA811F04FF9B4B9B3
S214030020109B0093CDE9029ADDE90E23CDF80480F8
S2140300302A213846FEF79CFE05B0BDE8F08F05F191
S2140300400C00452200211BF06BFA2D68E3E7002025
S214030050F2E700BFB4110020682F0020F0B50A4B6A
S21403006019680D78012306269D4201DC002008E06E
S2140300704C6806FB03F2A718A25C824202D1D7F8AB
S2140300800200F0BD0133EFE7B411002073B5144B43
S21403009001911A6811780123062599420EDD5468EA
S2140300A005FB0344D4F80260B0420ED101992078D0
S2140300B06FF07F02F5F7C2FE00230193019C34B96B
S2140300C001A811F0FBF802B070BD0133E5E704F1B7
S2140300D00C00452200211BF023FA2468EFE700BF3B
S2140300E0B4110020F8B50B4E0546012406273368E5
S2140300F01A78A24201D8002009E05B6807FB0433A4
S214030100D3F8020016F007FBA84201D1E0B2F8BD0F
S2140301100134ECE7B411002010B548B1FFF79EFF99
S214030120034638B1044B1B6823B1BDE8104018479B
S214030130012010BD1846FCE7642F0020094BF0B5DC
S2140301401C682668002328279E4202D10021084601
S214030150F0BD256907FB03F2A918AA5C8242F6D014
S2140301600133F1E7C41100201FB51C469B68CBB1D1
S214030170D4F898308B4217D10F4B1B685B6900216C
S214030180C4F898100BB120689847A3686279013BBE
S214030190A36002238DF80430084B01A953F82230DC
S2140301A02046984704B010BDD4F89C308B42F9D152
S2140301B00023C4F89C30E8E7C4110020E01A0500C9
S2140301C070B50A4E05460024F0F798FD90F82830DF
S2140301D0A34201D8002070BD3368DB6853F82400BF
S2140301E010B10368AB42F6D00134EDE7C41100202A
S2140301F030B585B00C461546FFF7E2FF58B10295B9
S2140302004279064BB4FA84F149098DF8041053F881
S214030210223001A9984705B030BD00BFE01A05009B
S21403022070B504460079FFF789FF0546D4F89800B1
S21403023008B1EB699847D4F89C0008B1EB69984776
S214030240606C28B119F0C5FA04F1440011F036F8D1
S21403025004F16405002694F84830B3421AD8A8225D
S214030260002120461BF05CF9204614F0E1F80F4EFF
S2140302700025F0F743FD90F82830AB4209D93368E0
S214030280DB6803EB850253F82530A3420BD100232A
S214030290136070BD286819F09CFA284611F00EF812
S2140302A001361835D7E70135E3E700BFC411002050
S2140302B070B586B0044610460D46019211F0A6F9B5
S2140302C0019B86B233B32EB32046FFF779FF04466D
S2140302D000B30079FFF732FF4278019B12F0010268
S2140302E02BD09A791A44127B02F00302012A1BD000
S2140302F0022A17D072B9032E0CD904228DF80C20CB
S2140303008DF81050059362790F4B03A953F82230EA
S21403031020469847019819F05CFA01A810F0CEFF22
S21403032006B070BD0522E9E7012EF3D106238DF84A
S2140303300C308DF810500023E4E707218DF80C10DD
S2140303408DF81020DEE700BFE01A050070B50E78C2
S21403035006F0FD03012B04460D460DD0B6B9032364
S214030360437119F042FA0A4B20681B689B683246B1
S2140303700121BDE8704018470468FFF751FF044B9E
S2140303806A681B6800219B682046F2E770BD00BFC1
S214030390C411002070B50A7802F0FD02012A0C464B
S2140303A00BD10568FFF73CFF044B62681B682846C1
S2140303B09B68BDE870400021184770BDC41100203B
S2140303C070B50D78044615B1012D0DD070BD03230D
S2140303D0437119F00AFA094B20681B689B682A4682
S2140303E00121BDE8704018470468FFF719FF034B67
S2140303F01B6800229B6811462046F2E7C4110020C2
S214030400F0B5044685B000790E46FFF797FE4578AB
S21403041015F001052ED0D4F89C100023029361BB7F
S214030420012302AA08468DF8083011F034F9054670
S21403043003902079FFF782FEA3680133A360E36885
S2140304400133E36004F19C03CDE900432A46876940
S2140304500B4B20683146B847054658B1A368039846
S214030460013BA360E368013BE36019F0B2F903A81C
S21403047010F024FF284605B0F0BD0225FAE700BFBA
S214030480C3970400F8B5194E05460024F0F736FC6A
S21403049090F828309C4204D23368DB6853F8243043
S2140304A03BB9F0F72BFC90F828309C4203D11A2076
S2140304B0F8BD0134EAE70D4E3368A820DF6813F071
S2140304C0B5FF336847F82400DB6853F82400002898
S2140304D0EDD0A82200211BF023F83368DB6853F81D
S2140304E024302B60F5F77EFF0020E1E7C4110020DF
S2140304F070B51D4C00252826F0F700FC90F829302F
S214030500AB4223680FD8DB6863BB2368186920B146
S21403051013F08EFF236800221A61236800225A60B4
S2140305209A601A6070BD1B6906FB05339B6803B1AE
S21403053098470135E0E7DB6853F8250008B1FFF775
S2140305406FFE0135F0F7DAFB90F82830AB422368EC
S214030550F1D8D8680028D8D013F06AFF23680022A1
S214030560DA60D2E70025EDE7C41100202DE9F84F45
S2140305701F460C4690460546F0F7C0FB90F8280049
S2140305802C4E8000D6F8009013F04EFF3368C9F85F
S2140305900C00DB688BB1F0F7B1FB90F82900D6F8B6
S2140305A0009000EB8000C00013F03EFF3368C9F8EC
S2140305B010001A691AB9FFF79BFF1A201CE02A6875
S2140305C05A606A689A604FF0000954F82950ADB92A
S2140305D0F0F794FB90F829304B4528D3DFF858B052
S2140305E0DFF85890043C4FF0280A54F8040F40B93B
S2140305F03368C3E905871D60BDE8F88F09F1010973
S214030600E3E743685946484698470028EDD13368E0
S21403061020681B696A1C0AFB053500F1280350F89D
S214030620041B45F8041B9842F9D11546DDE7212043
S214030630E2E700BFC4110020B1020300F10103008A
S21403064010B5064C0144FF23884202D1D843C0B2FA
S21403065010BD10F8012B5340E35CF5E7E0190500E5
S214030660F7B5002504460079CDE90055FFF766FD8A
S214030670064694F835002B46012598420BDB02A963
S21403068001EBE30103F0070211F8087C05FA02F216
S2140306903A4301F8082C0133402BEED1082204F12B
S2140306A0390168461AF004FF054690B973789B072C
S2140306B011D5606C94F8386019F093F986420AD025
S2140306C0264656F8440F19F084F8304610F0F6FD27
S2140306D0656403B0F0BD94F834102046FFF790FE2F
S2140306E005460028F5D194F834302363204619F0E4
S2140306F07CF8054B616C1B6820685B68656403B017
S214030700BDE8F040184700BFC41100202DE9F04FA4
S21403071090F8483087B00446002B00F08C80D0F861
S2140307209830002B40F087800079FFF707FD437869
S214030730DA0740F18F8094F8626094F86030B34231
S21403074079D043881F1F002E78D13D464FF0040B07
S2140307503746606E10F05AFFC31BAB42A8BF2B464A
S2140307601FFA83F81BFA83F3824698B217F09AF8B7
S2140307701FFA8BF9054600285DD083790C3300EB0E
S214030780030B002E61D194F86020606E013A92004C
S214030790EA54CAF307238BF801308BF802A019F04A
S2140307A020F98BF8030013F064FE064664208A469D
S2140307B013F071FED4E9162330184AEB01011343F4
S2140307C0C4E90A010CD113F054FE064647F2305032
S2140307D08A4613F060FE30184AEB0101C4E916019D
S2140307E0BBB2616ECDF800904246284617F0AFF8CC
S2140307F0B4F862300133A4F8623094F850102079CC
S21403080003910595FFF79AFCA36803990133A36048
S21403081004F19803CDE900432A468669124B206803
S214030820B04740B1A3680598013BA36018F0D1FF19
S21403083005A810F043FD07B0BDE8F08F5D1E731EDC
S21403084005FB03774FF0010B83E7B60046F002067D
S214030850C654C5E713F00403656ECED1636620461F
S21403086018F0D3FFC9E700BF690103002DE9F04F75
S21403087085B013F0FEFDDFF8EC9006460F46002425
S2140308802825D9F800301A68A24210D8344DDFF86C
S214030890D8B04FF000084FF0030AF0F72FFA90F89D
S2140308A0283043450BD8284605B0BDE8F08F1B69B2
S2140308B005FB04335B6A03B198470134E1E7D9F8D3
S2140308C00030DB6853F82840B4B162799AB1022A43
S2140308D02CD0D4E908138E4277EB030324D30122EA
S2140308E02068114619F056F805E0D4E90A138E423B
S2140308F077EB0303F4D2322508F10108CDE7D4E9F8
S2140309000A23964277EB0303F5D32079FFF716FC09
S2140309104378DB07EFD5A368002BECD1A4F862304D
S2140309202046FFF7F3FEE6E7012ADED094F84830C8
S214030930002BE0D0D4E9162352EA0301DFD0964217
S21403094077EB0303DBD320468DF804A018F05DFF96
S214030950637901A95BF8233020469847CBE700BFAD
S214030960FFFFE703C4110020E01A050010B590F856
S21403097048300446A3B190F850308B4210D1094B4F
S2140309801B689B690BB100219847204618F03DFF72
S21403099094F8483023B12046BDE81040FFF7B6BEB2
S2140309A010BD00BFC411002070B5044600790D4683
S2140309B0FFF7C4FB60B32B78013B052B28D8DFE891
S2140309C003F003100327272820462668FFF728FC92
S2140309D0194B6A681B6830469B68BDE87040002167
S2140309E0184743785B070AD5204618F00EFF94F89D
S2140309F04830B3B12046BDE87040FFF787BE94F891
S214030A00483073B1B4F8622094F860309A42F1D15A
S214030A1070BD29792046FFF7A9FF94F84830002BCC
S214030A20F6D1A368002BF3D194F8A0202068012107
S214030A30BDE8704018F0AEBFC41100202DE9FF4793
S214030A40044600790D46FFF779FB814600284CD013
S214030A502B78013B062B48D8DFE813F00700E000AD
S214030A6007001A006E00C000C70026680122114660
S214030A70304618F08FFF2046FFF7D2FB764B6A68A6
S214030A801B689B680021304604B0BDE8F047184752
S214030A90D5F808A095F80480504610F0B7FD216BF2
S214030AA0002985B208DB414506D1C9B2204604B009
S214030AB0BDE8F047FFF7A4BC00230422514603A871
S214030AC010F0F2FB9DF80D209DF80E3013430CD06A
S214030AD09DF80C309B0803D0B9F80230AB4204D122
S214030AE0666C2EB12046FFF7BBFD04B0BDE8F08769
S214030AF0BDF80D707FBAB8B216F0D4FE6064002855
S214030B00F3D09DF80C3084F834809B0884F8353095
S214030B102A1F9DF80F3084F83830E78604230096A2
S214030B2092B2514616F013FF0123C4F83960C4F895
S214030B303D6084F83930D5E7D5F808802E7998F8E3
S214030B400650404610F062FD216B0029844601DB07
S214030B50B142AAD0606C0028C7D094F83430B342B0
S214030B60C3D14544297B8908BFD094F835309942D0
S214030B70BBD81FFA8CF203D2B9F802309342B4D131
S214030B8004EBD10601F0070796F839303B41DD0741
S214030B901ED4B9F8023001395D1E15FB01F5043B7E
S214030BA02B441FFA8CFCE58E99B21CFA83F3013BA7
S214030BB09D429ADB013A0091012392B2414616F018
S214030BC0C6FE0123BB4096F839701F4386F839707A
S214030BD0204604B0BDE8F047FFF742BD297920461A
S214030BE004B0BDE8F047FFF7C1BEAE68304610F06C
S214030BF00DFD00210546304610F0BCFB606400285E
S214030C003FF473AF0023C4F8393084F83530C4F8A2
S214030C103D300123E58684F83930D9E743785B070E
S214030C200DD5204618F0F1FD94F84830002B3FF41C
S214030C305CAF204604B0BDE8F047FFF767BD94F805
S214030C404830002B3FF451AFB4F8622094F860307C
S214030C509A423FF44AAFECE7C41100202DE9F7436C
S214030C6081468846684608210A9D16461F4616F0A2
S214030C707DFA0446B0BB01462A4638461AF050FCB5
S214030C80B9F1000F16D0B8F1030F16D9B8F1040F57
S214030C902FD1194D6B46002124208E4222D913F8FA
S214030CA0012BB2FBF0FC00FB1C22D2B2AA5C7A54E6
S214030CB00131F2E7B8F1020F18D8104B0099013E44
S214030CC053F82620B1FBF2F302FB13127B19110E25
S214030CD003F8041C110C03F8031C110A03F8021C86
S214030CE003F8012C204603B0BDE8F083B8F1030FE8
S214030CF0CEE72124F6E700BF1C1B0500401B0500BA
S214030D00014B1B681B691847DC11002037B50446E6
S214030D10002013460A460146019010F0BCFC01462B
S214030D200190B0B10C4B1B682046DB68984704461D
S214030D3020B1019D2DB901A810F0C0FA204603B0DA
S214030D4030BD05F10C00452200211AF0E9FB2D68A1
S214030D50F0E71A24F2E700BFDC11002070B4044663
S214030D6008461146104A136874B104F11C0554F87A
S214030D70046B43F8046BAC42F9D113681C68002378
S214030D80A4461A4670BC6047084C1C60084C5C605E
S214030D90084C9C60084CDC60084C1C61084C5C6189
S214030DA0084C9C61E9E700BFDC1100206D050300D9
S214030DB053980400E59804001F9A040095990400CC
S214030DC0F10403005999040010B5074C23684BB18E
S214030DD05B6903B1984720681C22BDE810400021D8
S214030DE01AF09EBB10BD00BFDC11002070B50B4D82
S214030DF006460FCD8AB001AC0FC40FCD0FC406F064
S214030E007F0008282B6823609BBF0AAB03EB800098
S214030E104FF4A26050F8240C0AB070BDF81A05000F
S214030E20024B18780230C0B2704700BF5913002037
S214030E302DE9F04F14469B46C36B89B007465B69A2
S214030E4060680E46012204A99847FB6B01225B6982
S214030E5005A93046984704A819F0B7FC054648B1DB
S214030E6000254FF0FF33A5756575A360284609B0C6
S214030E70BDE8F08F05A819F0B5FC0123A375237E02
S214030E8004EBC303DE611D846368B3420ED12060A6
S214030E9005A819F0C9FC4FF0FF332075A360237D26
S214030EA0043B022B25D80023A375DFE72368834280
S214030EB018BFA57505A819F0B7FC237D83421CBF90
S214030EC00023A37505A819F091FC804604A819F021
S214030ED08DFC80451CBF0023A37505A819F08EFC66
S214030EE0804604A819F08AFC80451CBF0023A3751E
S214030EF0D5E705A819F07AFC78B1FB6B02225B698B
S214030F0006A93046984706A819F07FFC237D032BD5
S214030F105ED8DFE803F05D5D040905A8F4E7227EEA
S214030F2004EBC202CC211184184601F0F7F9129B98
S214030F30187094F8188005A819F04CFC04EBC80840
S214030F4088F82200237E04EBC30305A8B3F8209099
S214030F5093F8228019F04AFC039005A819F04EFC7A
S214030F60039B8246002B38D0FB6B02225B6906A9E3
S214030F703046984706A819F00DFC6075637D002B74
S214030F802FD10023A375A27D12B123694B4423619D
S214030F903449237E097899425ED901332376BBF11F
S214030FA0000F5BD0002A59D0E37D002B56D0002DCE
S214030FB054D1B8F1030F51D0A1684B1C4ED0129BED
S214030FC00093224601233846FFF732FFA07545E01B
S214030FD0227E04EBC2021084A6E705A819F0C5FB1F
S214030FE0CBE7A27D002ACED0B9F1000F0CD1B8F121
S214030FF0000F1DD0617E0123E37519BB984529D1E7
S21403100084F819800D4615E07B6C06EB0A005942FE
S21403101086EA000C1CEA010F1CBF0021A175591EAD
S21403102001405B1A9945ACD8A37D002BDFD1AAE714
S214031030E37DABB94B4652463146384619F078F94C
S214031040A060A0E7B8F1010F0AD0B8F1030FF1D101
S214031050A376EFE71546EDE70023A375A57D05E721
S214031060154690E758FD04002DE9F04F2DED028B51
S2140310708BB00E46044600254FF0FF3110469846C7
S21403108017468DF8135001F033F9C6F313039E4247
S214031090019340F08F80314605AA04F1080019F049
S2140310A049FB451C014600F08780384601F020F9CD
S2140310B00DF1130301223946204619F0B3F900282F
S2140310C07AD09DF8133088F80030002078E0E56A7F
S2140310D0681C37D1616A204619F070F80546B31CC0
S2140310E018BF012308EE103ADFF8E890636A626CD3
S2140310F00293236802FB053AE36B05A95B690522A5
S2140311005046984705A819F019FC19F03CFC5046C0
S21403111019F044FC4FF0000B824601464A1C05D0EA
S214031120636C81EA0A025B42134211D029462046C9
S21403113019F044F8029BAB422DD0BBF1000F2DD122
S2140311400546D3E720682D1A606CB5FBF0F5C6E7B5
S214031150484601F0CDF80DF1130318EE102A494660
S214031160204619F05FF9034690B1B11C03D0D9F8B5
S2140311700020B2420CD10393144B9DF8132088F839
S214031180002049461A6838461AF0A2F9039B9B4684
S214031190D9F80810C2E7BBF1000F10D0019B9E429E
S2140311A093D198F800307A68314604F1080000F0CD
S2140311B0DFFF8AE7B31C8AD0237C002B87D1044841
S2140311C00BB0BDEC028BBDE8F08F00BF5CFD0400E6
S2140311D00BE000F0B02500202DE9F3410E461A4D32
S2140311E0816A044617469846E36A8B4201D04B1C35
S2140311F002D102B0BDE8F081284601F079F80DF17E
S214031200070301222946204619F00CF938B19DF848
S2140312100720434629462046B8470028E9D0A96850
S2140312204A1C04D16968204619F055F80146012E78
S214031230DAD16B6881EA0302636C5B421A4218BF19
S2140312404FF0FF31D0E700BFDC2500202DE9F04149
S214031250036B07689046826B9A4288BF8363426C2F
S214031260436A02FB0377C36B90B05B690E460522A5
S21403127001A904463846984701A819F05FFB0128E0
S2140312800146307057D0656CE26B2368606AD2F80B
S21403129014C005FB0030052206A9E04706A819F08E
S2140312A04DFB01284FF0000523D0D4E90A32012173
S2140312B09342CDE90B458DF834800E958DF83C109E
S2140312C02AD11946204619F006F8236B626CE062B1
S2140312D014339B1A23630C9B53B99DF83C303BB1E4
S2140312E0626A616C2368E06B01FB023119F0DEFA77
S2140312F00C9DE36B05225B6901A93846984701A854
S21403130019F01CFB3070236BA26B28469A4288BFE9
S214031310A36310B0BDE8F081237C33B91C490BAA44
S21403132004F1080000F076FFD5E71A4A0BAB204617
S214031330FFF752FFCFE7237C23BB1749224604F16E
S214031340080000F067FF616A204618F058FF616ADC
S214031350421C204618F021FF054620B9236B626C19
S2140313601344143B2363A16A204618F0B4FF236892
S214031370A062C31A606CB3FBF0F32046636218F0F6
S214031380EDFFB6E7054A00232046FFF725FFDAE719
S214031390611A0300DD19030077A4040049A40400BE
S2140313A02DE9F04F89B01646534A9B469DF84830C0
S2140313B0009313695B4580460D46C0F09780D2F8CC
S2140313C004A0D946B9F1000F00F08C80D8F83C3061
S2140313D001225B6905A95046984705A819F002FA49
S2140313E0454B1B68984240F0848005A819F006FA1E
S2140313F00428074614D105A819F007FA009B0446EB
S2140314000AEB0700002B3ED1A64212D9361B1C4618
S2140314105146404618F05FFFA9EB04098246D1E720
S214031420D8F83C3002225B6906A95046984706A8BE
S214031430E2E7A41B5C4528BF5C46032C00EB0607CB
S214031440ABEB040B1DD9D8F83C3029465B6938460C
S214031450A208984724F0030304F003061F441D4420
S214031460002ED5D0D8F83C3001225B6906A9384651
S21403147098473246284606A935441AF029F8002626
S214031480C6E72646ECE704F0030301932B19029301
S214031490031927460393029BDD1B039BD81B019B63
S2140314A09F420FD1002FB3D0D8F83C30012206A9B3
S2140314B05B6998473A4606A9284619F0F9FF78B9B2
S2140314C03D44A5E7D8F83C30012206A95B69984756
S2140314D0042206A9284619F0EBFF08B9043FDAE709
S2140314E0DFF81890484609B0BDE8F08FDFF8109093
S2140314F0F8E7DFF81090F5E75825002012E000F033
S21403150011E000F022E000F02DE9F04F2DED028B04
S21403151097B00F460C920A69416C0A931439D31D8F
S214031520B3FBF1F3013302EBC303026B9A420446A7
S214031530C0F0E7810023099307F120030F93E36AC2
S2140315409B480493194600F0D3FED7E90336069367
S2140315500A9B022B0AD1CC2E40F06D810C9B002BEC
S2140315604BD03946204618F0F0FF12900C9B656C62
S214031570782E94BFF87D0120002B42D100F00100A5
S214031580002814BF08230423782E0D930AD8049A40
S2140315906B1E1340ED1A331D9D423CD2002E3FD0E6
S2140315A0082D41D90123002505934FF0080ADFF8DB
S2140315B000823B6805990A98C8F80030C8F810609E
S2140315C019F036F94FEA9A0308EE103ADDF8109050
S2140315D088F81400002307930B9303930893616C16
S2140315E04B1E09EA03028B1A16B35544AB4221D8A5
S2140315F0236B5B1A1344236388E0069B1B681293D2
S214031600B4E7E36B78685B69012214A9984714A8CA
S21403161019F0ECF8B4E7002505954FF0040AC6E781
S21403162004250596AA46C2E7002304250593F9E791
S2140316305345DDD3A3EB0A039E42B04628BF984624
S2140316409E4209EB0A0B75D9594B196901228E4242
S214031650DA7575D1C3F804900392554BDA7D002AE8
S21403166070D0197E0398CA1C03EBC2020131C2F87C
S2140316700490A2F8088090721976B8F1000F14D07F
S2140316800A9B022B61D1079B7BB90B9B4344032B1D
S2140316900BD9E36B01229B6912A958469847054666
S2140316A0002840F03E8101230793039B0193404AA1
S2140316B0059B0093127D3968434614A800F0CCFDC1
S2140316C0E36B18EE102A9B6914A948469847051E33
S2140316D0099B18BF4B460993434652464946204644
S2140316E018F026FE324B9860236B08F10302A3EB37
S2140316F00A0322F003029B1A2363002D40F0118194
S2140317000B9B4344A6EB08060B93D9464946204653
S21403171018F0E1FD00258146002E7FF460AF244AD1
S21403172039689368E36252680A9B04F1080000F084
S2140317301FFDDDE0039B002B18BF032303938CE7F9
S2140317400223FBE7C3F8049097E70C9B002B31D1E9
S214031750B8F1030F28D9E36B06999B694FEA980201
S214031760584698470546B8B918F0030514D0069AA4
S21403177028F00303D1185B444FF0FF32139213A8EB
S2140317802A460E9319F0A4FEE26B0E9B956913A9E5
S21403179001221846A8470546069B43440693002D98
S2140317A083D0CDF824B097E706995B464546E3E732
S2140317B0B02500205B46FA7D7868AAB197F818E052
S2140317C0089A0021CDB2AE4512D90F9D0E9135F879
S2140317D031C0944501F1010126D90E9907EBC105E5
S2140317E00D99E8690A4402E00D9A08990A441044E0
S2140317F0E26B0E93556913A90122A847089B139A17
S21403180011920433E26B08930E9B956918460122E6
S21403181011A9A8470E9B0BEB0802D21A042A054609
S21403182005D930B90433C6E7A2EB0C02CAE79B46D8
S214031830B5E79B46B5E73C4EDFF8F4A004F1080B8A
S2140318402368606C049AA2EB0309B9FBF0F900FB6A
S214031850093019F0A3F8E16A8046204618F03BFDEC
S214031860A36A83424FD0626CDAF808302568E062D8
S214031870511E1940236B9B1A0B442363099B5D1B64
S214031880B5FBF2F5A94539D1049BB3EB080913D090
S214031890E36B4FEA99029B6941469847E36A049AC9
S2140318A003904B44E362236B9B1A434423635846DB
S2140318B018F012FF039A91462368616CE06B01FBF4
S2140318C0053118F0E0FF204618F048FC204618F0D3
S2140318D045FD2063B9F1000F15D03A69616CD31D3D
S2140318E01439B3FBF1F3013302EBC3039842A7D2D7
S2140318F0304617B0BDEC028BBDE8F08F4FF0000901
S214031900DAE70A4EF4E73A69616CD31D1439B3FB80
S214031910F1F3013302EBC303226B9A42BFF40FAE1B
S214031920E6E72E4688E700BF23E000F006E000F077
S214031930B02500202DE9F7431E4643699DF82890FD
S214031940B3420446884617463CD300258DF8075015
S214031950204618F0CEFB236B83420AD2236AB5EBEC
S214031960430F06D200220DF107012046FFF76EFC57
S21403197030B39DF80730012B05D100220DF1070186
S2140319802046FFF763FCB9F1030F06D03146204625
S21403199018F09AFB236B834218D30D4D4FF0FF319B
S2140319A0284600F0A5FC4B46002229462046C5E9FA
S2140319B00376C5F8008003B0BDE8F043FFF7A4BD87
S2140319C00135C5E7034803B0BDE8F0830248FAE7EC
S2140319D0842500200FE000F006E000F0032A2DE93E
S2140319E0F34106460D4617461C4606D1237A012BBD
S2140319F023D0012002B0BDE8F081DFF860800968DB
S214031A000DF107034246FFF72FFB60600028EDD178
S214031A109DF80730032BE9D0D8F804206B689A4268
S214031A20E4D1237A2969D4F80CC0012B07D1726953
S214031A300CEB0103934202D92074207CDAE70831C9
S214031A406144E1603B46012229463046FFF75CFDD0
S214031A5060600028CAD00020CCE700BF84250020A1
S214031A602DE9F743032A0A9C904606D1237A012BD5
S214031A7023D0012003B0BDE8F0832668DFF88C90FE
S214031A800DF107034A463046FFF7EEFA606000287A
S214031A90ECD12568D9F80470A96A6A6C4F405342A2
S214031AA01F40E3D1237A012B09D1E068D9F810301F
S214031AB003447069834202D92774207CDAE72868D6
S214031AC0EB6A1B1A081AB3FBF2F3B0FBF2F083427D
S214031AD00BD1706CF36A421E1340326B121A134416
S214031AE03363284618F0F7FBE862D9F81020E3685A
S214031AF00649206808321344E36001224346FFF791
S214031B0003FD60600028B1D00020B3E784250020E1
S214031B102DE9F04F4FF0FF334FF6FF72002500F12B
S214031B200806C0E9092387B00446C3620562056355
S214031B303046884618F0D0FD204618F00FFB68BBE9
S214031B402046414618F08AFB204618F007FB68BB80
S214031B508A4D204618F034FCD0E02368E26B606CB4
S214031B60576901A9052200FB0530B84701A818F0FC
S214031B70E5FE012807460CD12946204618F03FFB10
S214031B80012F024600D101322946204618F005FBF4
S214031B9003E018F0FDFE0028EED10135E3699D420F
S214031BA0DBD3204618F0DAFA0028C9D000254FF612
S214031BB0FF73C4E908534FF0FF39CA46A846E369E2
S214031BC098450AD3A5EB0905012D2DD8636A4FF670
S214031BD0FF7293423DD16A4DBBE72368E26B606CAC
S214031BE0576901A9052200FB0830B84701A818F079
S214031BF0A5FE834601A818F078FE0746584618F057
S214031C00C2FE70B15745236A38BFC4F82480B9456D
S214031C1003F1010328BFB946BD42236238BF3D46E0
S214031C20BA4608F10108CAE74FF6FF736362002558
S214031C30E3699D42CAD2676C2068E36B05225B6941
S214031C4001A907FB0500984701A818F04EFE0135C9
S214031C50EEE7E26B676C2068556901A9052207FB6E
S214031C600300A84701A818F040FE626A2368606C68
S214031C70444D00FB023018F091FE4FF0FF33A06294
S214031C80E3622A460DF103036FF001012046FFF7D6
S214031C90EBF9002836D1AD68E5622946204618F0F0
S214031CA038FA206320B9E16A204618F014FBE06294
S214031CB02946204618F00FFB0546A36A9D4223D10A
S214031CC06369656C2046A5F11402DD1CB5FBF2F5CD
S214031CD003EBC5050335B5FBF2F518F071FB0235CA
S214031CE0A84280463ED2616A204618F067FA00276B
S214031CF0064604F1400AAF4218D3234D284607B0E0
S214031D00BDE8F08FA56AC7E72946204618F001FA12
S214031D10236B0344294607462363204618F0DBFA61
S214031D200546002FC9D1C4E90B07C6E7474512D3BA
S214031D30626C236802FB0639E36B05225B6901A923
S214031D404846984701A818F0D0FD53460246494630
S214031D50E06B18F025FE3146204618F02FFA0137BF
S214031D600646C8E7304618F0B7FC0023074A19466C
S214031D702046FFF731FA0025EBE600BF03E000F04C
S214031D8016E000F08425002013E000F013A40400FE
S214031D90614B2DE9F0410025D3F800801D600E4607
S214031DA0044618B95D4D2846BDE8F08190F83470B6
S214031DB007B30A6803689A4240F0A3804A684368F8
S214031DC09A4240F09E808A6883689A4240F09980DF
S214031DD0CA68C3689A4240F094800A6943699A4283
S214031DE040F08F808A69C36B9A4240F08A804B69C1
S214031DF08361D8E750223946856B19F091FB336827
S214031E00236073686360336963617369A36104F174
S214031E100800D6E90212A56318F070FCB369E36301
S214031E2004F140009B68984720B9676C17B1636854
S214031E30B3FBF7F794F84330E761002BB2D0656C39
S214031E40002D66D0002F64D02368B3FBF5F205FBA4
S214031E501233002B57D16668B6FBF5F305FB136305
S214031E60002B50D1204618F044F9A36904330344E9
S214031E709E424AD3636940F63472CC3B934246D8BB
S214031E80B5F5007F45D30321204618F05BF9E36BD5
S214031E90D4E900011B689847E36B0546DB6802201C
S214031EA09847DDB941462046FFF732FE1C4B984261
S214031EB0054604D141462046FFF72AFE05466DB97E
S214031EC0636C266A143B20465E4318F012F9A36936
S214031ED0144A043303449E4238BF1546002D0CBFF4
S214031EE00123002384F8343007D10F4A1368D4E95A
S214031EF000010133136008F0A1FBE06B18F0C9FA88
S214031F0051E70A4D4FE70A4D4DE7064D4BE7094D9E
S214031F1049E7094D47E700BFE02F002009E000F03E
S214031F2013E000F002E000F0E42F002008E000F0E9
S214031F3001E000F005E000F004E000F02DE9FF41C9
S214031F400E4690461F460546A0B390F834309BB322
S214031F50C1F31303994231D1194C022118F0F2F858
S214031F600DF10F03224631462846FFF77DF878B178
S214031F700123009342463B4631462846FFF7DAFCE8
S214031F800446E86B18F085FA204604B0BDE8F081F5
S214031F909DF80F30012BEBD12269BA42E8D10093AA
S214031FA002463B4641462846FFF7FAF90446002810
S214031FB0DED1E6E7034CE7E7034CE5E7034CE3E74C
S214031FC05825002009E000F007E000F00AE000F0E2
S214031FD02DE9FF410C4616461F46054690B390F87A
S214031FE034308BB3C1F3130399422FD1DFF87880D3
S214031FF0012118F0A7F821460DF10F0342462846A3
S214032000FFF732F8044670B99DF80F30012B11D153
S214032010D8F81030BB4213D100900246314628460A
S214032020FFF7BEF90446E86B18F033FA204604B00F
S214032030BDE8F081064C0748022B18BF0446F2E7BA
S214032040054CF0E7054CF1E7054CEFE7054CEDE7EB
S2140320500CE000F00BE000F011E000F009E000F007
S21403206007E000F00AE000F0582500202DE9F341D0
S2140320701E4600230C4617463360054658B390F8B1
S214032080343053B3C1F31303994228D1DFF8648085
S214032090012118F057F821460DF10703424628465A
S2140320A0FEF7E2FF0446A0B99DF80730032B10D0D5
S2140320B0022B07BF01233B60D8F81030386008BFF7
S2140320C004233360E86B18F0E4F9204602B0BDE859
S2140320D0F081044CF6E7044CF7E7044CF5E7044CB0
S2140320E0F3E700BF0BE000F009E000F007E000F0C4
S2140320F00AE000F05825002030B50C4685B00546AA
S21403210030B390F834302BB3C1F31303994223D181
S214032110022118F017F8114A0DF10F03214628463D
S214032120FEF7A2FF90B99DF80F30032B0ED00323C2
S21403213000930246034621462846FFF7FBFB044668
S214032140E86B18F0A6F9204605B030BD044CF7E757
S214032150044CF8E7044CF6E7044CF4E75825002053
S2140321600BE000F009E000F007E000F00AE000F002
S2140321702DE9F0434668002E47D0056898464FF091
S214032180000CA946AE4655F83C40C4F31307013489
S2140321900CF1010C01D0B94218D0B4450EF1080E6B
S2140321A0F1D12F46002403E0B44207F1080713D009
S2140321B055F83430013304F10104F5D1C1F31301AA
S2140321C041EA0851C7E90012BDE8F08341EA085125
S2140321D0CEE90012BDE8F083B8F1030F15D0002353
S2140321E003E0B34209F108090FD055F83340C4F3AE
S2140321F00754032C03F10103F3D1C1F3130343EA9A
S2140322000853C9E90032BDE8F08301230372BDE831
S214032210F08300BF2DE9F043476883B0CFB106468D
S214032220884691460024336853F83450C5F3075262
S214032230C5F31301013503EBC403304604F101046F
S21403224005D05B68CDF80090C04710B17768BC42F4
S214032250E9D303B0BDE8F08337B5044600208DF814
S214032260070022489DF8185000EAC111012A23F0FE
S2140322707C40606007D9901E012810D9073303F00D
S2140322807F030B4309E09DF81C00C00600F0C05016
S21403229042EA0103034343F06043236001E00A4339
S2140322A02260A5B1202221460DF1070018F0CDFAD1
S2140322B01A220DF10700211D18F0C7FA63689DF86E
S2140322C0072043EA82636360082003B030BD1B2205
S2140322D00DF10700214618F0B8FA23689DF8072089
S2140322E043EAC26323600420EFE700BF80FFFF07D3
S2140322F038B5094B04461A680D46002119F010F943
S21403230000234FF0FF32C4E900252361A260E38275
S2140323102383A37638BD00BF5CFD040006289ABF5E
S214032320014B185C01207047601B05002DE9F04146
S2140323300E46596888B007461546490A00240129FF
S21403234022464FEA510104F10104F8D8DC78997863
S2140323501B882403C90201F4006104F480540C436F
S214032360C3F30A032344540304F460441C44294B74
S21403237003934FF0000825F0784302A90DF10700F8
S2140323801B2202938DF8078018F05FFA9DF807204A
S214032390029B8DF80780ED4343EAC26302A90DF161
S2140323A0070025F078451B220493029518F04DFA92
S2140323B09DF80720029B6FEA044443EAC263059331
S2140323C06FEA14444FF0FF3306930794BB6907A9DB
S2140323D0012206F110009847BB6905A904460122AD
S2140323E006F108009847BB69404518BF044604A990
S2140323F00122301D9847BB69404518BF0446012299
S21403240003A930469847404508BF204608B0BDE8B4
S214032410F08100BF01009AB21046044A1368591EA1
S214032420033102D80021116018477047EC110020D1
S214032430034B1868034B002808BF1846704700BFB5
S214032440EC2F0020901B0500014818F007BC00BFC6
S214032450F02F0020014818F014BC00BFF02F002016
S2140324600148002118F02FBCF02F002013B50A4CAA
S2140324700229226005D1094818F0F0FB002002B0BB
S21403248010BD00930A46064B0146044818F0C9FBE4
S214032490002818BF0220F2E7EC110020F02F0020DE
S2140324A01924030008B5064B1B68013305D0FFF754
S2140324B0D1FF80F00100C0B208BD0020FCE700BFDA
S2140324C0EC110020F8B50D4610B900242046F8BDDF
S2140324D00E4F3E68002EF8D100F0A0F80446002800
S2140324E0F3D0386000F0E6F8204618F0A4FA38B1C6
S2140324F030463E6000F0DEF8204618F097FAE4E730
S214032500002DE3D02046A847E0E700BFE82F0020D1
S214032510024B1868003818BF01207047E82F0020C8
S21403252070B50C46054618F0E6FEA3780A4A137003
S2140325305A1E56425641B04205D0012B05D03146AD
S214032540284605F0F3FA002004E0204605F0C0FA1A
S2140325500028F4D070BD00BFA53B0020024B00212D
S2140325605B680846184700BF0012002010B50446F3
S214032570FFF75EFF0B4B1B1A58425841A04209D087
S214032580094B1B6843B9094A064B002C08BF134680
S214032590074A1360012010BD18F0B9FD0028F2D0D9
S2140325A00020F8E7681B0500E82F0020901B0500B5
S2140325B0EC2F002010B518F0A2FE044618B9034B02
S2140325C001215B689847204610BD00BF001200201B
S2140325D010B518F09DFE20B9024BBDE810401B68ED
S2140325E0184710BD0012002010B518F08AFA20B95B
S2140325F0024BBDE810401B68184710BD00120020B0
S214032600431E033306D8044B984228BF1846642853
S21403261038BF6420704700BF40420F00F8B5054638
S21403262008F016F80E4B1E68074626B9384608F01B
S21403263013F8344610E0B46884B1237C9C46DB0769
S2140326400CD495E80F004CF0010C84E80F0084F8D6
S21403265010C0384608F000F82046F8BD3668E4E7B0
S214032660F011002038B505460C4641B10B6833B16E
S2140326701B68013303D0CB680BB18B684BB918F0DA
S21403268053FCBDE838404FF486724121002000F029
S2140326903DBA084601F0D0F8044A00231360044A02
S2140326A085F8DC30C5E92343136038BD0C300020C1
S2140326B01030002010B5044618B9054B054A1360C0
S2140326C010BD04F037FBD4F89830002BF6D1F4E7AE
S2140326D015AA0400F4110020014B1868704700BFC8
S2140326E00C30002010B50C4604F064FB054B0021AB
S2140326F05B68032098471CB105F0CCFB0128FBD18F
S21403270010BD00BF0012002008B502460868FFF798
S21403271077FF08604868FFF773FF48608868FFF72D
S2140327206FFF8860C868FFF76BFF0B69C860581CAB
S21403273003D00B48834228BF03460B614B69581CE2
S21403274003D00748834228BF034688694B61FFF7D7
S21403275057FFBDE808408861104605F043B900BF3F
S21403276040420F002DE9F84FD0F8903007460E464A
S21403277013B1038B8B4244D0D7F88CB0BBF1000F58
S21403278042D0DBF80830002B3ED0DBF80C20002AC2
S2140327903AD0D7F8A0A0BAF1000F38D04FF000090E
S2140327A04D46C84601E0DBF8083005EBC50403EBED
S2140327B084040135E389B34214D8238AB3423846E6
S2140327C010D3B4F91220B7F924309342A0464EDD55
S2140327D097F8D010DAF746FF7B7D8342814646D9C9
S2140327E0DBF80C209542DED3B8F1000F27D0002388
S2140327F0424619463846D0473E83C7F8908087F846
S214032800D9900020BDE8F88F0320BDE8F88FD146A5
S2140328105446514647F6FF7504EBC40803EB880895
S214032820B8F80E30B34218D8B8F81030B34214D301
S214032830B8F91220AA4204D14FF0FF09DCE70120C1
S214032840E0E797F8D0103846DAF70CFF7B7D834233
S21403285081464146D0D9DBF80C200134A24202D986
S214032860DBF80830D8E70029E9D08846C4E7A04655
S214032870BDE700BF2DE9F04182B0D0F8A080164630
S2140328809DF820208DF8072004460D461F46B8F114
S214032890000F2ED000220DF107031146C047194939
S2140328A0194A0D60194BD4F88C1011602046D4F8E1
S2140328B090201A6004F09AFD05461EB9284602B019
S2140328C0BDE8F081B0FA80F04FF47372332140090B
S2140328D000F01CF93946204604F044FF0C4BD4F8AC
S2140328E090101B68054620469847284602B0BDE868
S2140328F0F081417D90F8D930994228BF194604F0FB
S21403290049FDCCE7083000200C30002010300020B2
S214032910F41100202DE9F04385B005460F46144612
S2140329201E4605F069FA05F08DFA00283BD1DFF85C
S2140329302481D8F800301BB1D5F88C2093421FD0E1
S21403294005F0A8FA012838D1D8F800308BB31A68F6
S2140329507AB3D5F88C1009688A4246D0D5F89030F9
S2140329601A68284618F0A2FC38B9012400963346A4
S214032970224639462846FFF77DFF05B0BDE8F083BB
S214032980304B1B68002BDBD0D5F890209342D7D171
S2140329902D4B1B689F4222D005F07CFA0128E5D018
S2140329A04FF001090BE0274B00221A6005F042FAAC
S2140329B0BDE7D5F88C301968D0E74FF00009012041
S2140329C004F0F8F9214B00215B680320984705F0D3
S2140329D061FA0128FBD1B9F1000FB5D0C6E706B1FD
S2140329E074B9002005B0BDE8F083164A1268D2B168
S2140329F01168D5F8902012689142B6D05968B0E7AE
S214032A00D5F8A04001228DF80F2084B100220DF1E5
S214032A100F0311462846A0470D4BD5F890101B68A8
S214032A2028469847DDE7D5F890201268E6E7697DE3
S214032A3095F8D930994228BF1946284604F0AAFCCF
S214032A40EAE700BF10300020083000200012002004
S214032A50F41100200C300020F8B505460E4607F0AA
S214032A60F7FD314607462846FFF77CFE044620B1AD
S214032A70384607F0F1FD2046F8BD034602463146C8
S214032A802846FFF747FF04460028F1D16B7CDB0797
S214032A90EED5284618F0CFFC0028E9D02246E97D7B
S214032AA0284618F042FC0446E2E700BF13B5044686
S214032AB0694618F070F8204618F086FBFF28024691
S214032AC006D09DF800102046DAF744FE02B010BD8B
S214032AD00048FBE70080FFFF07B54FF400730A4981
S214032AE0ADF806300DF1060218F072F8BDF80630A0
S214032AF0B3F5007F05D1022808BF002003B05DF8B8
S214032B0004FB0120FAE700BFA63B002008B550B936
S214032B100548064B01601A60054B1A68054B1A6098
S214032B201868E5F73DFC08BDF811002014300020B6
S214032B30E82F002018300020054B1B680BB91846F9
S214032B407047834201D01B69F8E70120704700BF36
S214032B501C300020094A13680BB918467047834295
S214032B6007D11B691360064A1368013B13600120F3
S214032B70704703F110021B69EEE700BF1C3000200C
S214032B80203000202DE9F84FDFF83481DFF8349148
S214032B902DED028B054607F062FD98F8007008EEEF
S214032BA0100A01233FB189F80030BDEC028BBDE863
S214032BB0F84F07F05ABD404E88F8003089F8007089
S214032BC018F0D0F808B118F0CBF834683B495CB974
S214032BD0DFF8F4A0A346DAF8002033685A4533D862
S214032BE036484FF0FF3143E0637D8BB12368AB4239
S214032BF002D05A1B8A420BD9626813442360A36827
S214032C00003A18BF0122003B18BF01236275A37563
S214032C102469DCE792F816C0BCF1000F05D092F8E1
S214032C2014C08C459CBF614610461269002AF1D138
S214032C300028D5D0D0E9011C03688275591AC268EA
S214032C40E0470BF1010BC6E700201A46FF21EDE72C
S214032C505A7D62B11A68AA4207D0521B824204D830
S214032C60914204D311461C4601E01C4600211B6911
S214032C70002BEDD15CB12046FFF76CFF38B133680B
S214032C802361DAF8003034600133CAF80030336861
S214032C905C7D1CB1186800F0D9F8044618F05EF89D
S214032CA00546002C8AD199F80030002B86D118EE01
S214032CB0100A88F8004078E71C300020FCFFFFBFAE
S214032CC0A63D0020A73D00202030002038B505464D
S214032CD008B31822002118F023FC07F0C0FC0246B4
S214032CE02846FFF729FF20B1104607F0BEFC022056
S214032CF038BD0A4B1C6854B909491D600B682C6122
S214032D00013310460B6007F0B0FC2046F0E704F1F1
S214032D1010032469EFE70120EAE700BF1C30002018
S214032D202030002038B50446FFF706FF07F097FC6F
S214032D3005462046FFF700FF637D23B9284607F0C4
S214032D4094FC032038BD00236375064B1B68A3421F
S214032D5003D118F003F8FFF715FF284607F085FCA4
S214032D600020EFE71C3000202DE9F84FDDF828900F
S214032D70DDF830B0984604460D46FFF7DDFE924672
S214032D8007F06DFC074617F0E9FF06462046FFF7F7
S214032D90D3FE637D23B12046FFF7C4FF0023A3754C
S214032DA0BAF1010F0FD155EA08030BD1B9F1000FA1
S214032DB003D05A4631462046C847384607F055FCE6
S214032DC000200AE03544B54203D00C4BAA1B9A42B6
S214032DD005D9384607F049FC0120BDE8F88F0123E2
S214032DE063759DF82C30C4F80890C4E90058237521
S214032DF0C4F80CB03046FFF7C5FEDEE7FCFFFFBFA6
S214032E002DE9F04106468846FFF796FE07F027FCB5
S214032E103768054617F0A2FF737D7BB187420DD056
S214032E20094B3C1A9C4209D8284607F01EFCB8F109
S214032E30010F18BF3C462046BDE8F081284607F040
S214032E4014FC0024F7E700BFFCFFFFBF08B5002310
S214032E501946044A04F064F9032896BF024B03207C
S214032E60185C08BD27AD0400C41B05002DE9F74F09
S214032E701546032206460F462A70D3B15C681B4BE1
S214032E809C428CBF002401244FF000084FF0060A32
S214032E90174A5FFA88F310680AFB03F3C2185179DE
S214032EA0012908D92878C31E5842584103B0BDE803
S214032EB0F08F1C46E8E7A14202D008F10108E7E7D5
S214032EC0117930F90390B2F902B00191002230462D
S214032ED017F00DFF0028F0D001992970B7F90020EC
S214032EE04A45EADB5A45E8DC0020DFE7FFC99A3BA0
S214032EF0FC110020014917F037BF00BF058003000F
S214032F00014917F031BF00BFD97F03001FB59DF8F5
S214032F1024400394BDF820400294079C0194069C29
S214032F20009405F0DDF8044620B9044B01215B68E4
S214032F3008469847204604B010BD00BF0012002084
S214032F4038B504460D46FFF7E3FA60B104F08AFF8E
S214032F5048B9012D07D8012018F00AFA0D4B1B6853
S214032F6023B15B6898470C4B1C7038BD08F01EFEF7
S214032F700A4B1A68801A1860DDF73AF9084B1B6883
S214032F804FF47A7202FB003017F049FE012004F07A
S214032F9071FFE8E7E03000205A1300205830002085
S214032FA05C300020054A0B46117831B100211170C0
S214032FB0034A18785268012110477047AA3D00203B
S214032FC00012002070B5154D032804460E462878D7
S214032FD01DD020FA04F202F00102B2421CD070B1F6
S214032FE00122A24020EA020206FA04F31343D8B2EF
S214032FF0287010B90A4B1B689847012070BD002E35
S214033000EED0074B01201B6898472878E8E783072C
S214033010DFD000F0FC00EBE7002070BDA83D0020E9
S21403302024300020F8B5124F05460C4607F010FB77
S2140330303B78064633B1012D04D01CB90D48DCF7A6
S2140330409FFF3C7021462846FFF7BCFF0A4B1B78C0
S21403305004463BB93B782BB918F04BF910B1074B34
S2140330601B689847304607F0F7FA2046F8BD00BFBE
S214033070AA3D002038300020A83D00200012002082
S214033080124B0239012910B518701ED8FFF740FA03
S214033090D8B104F0E7FEC0B104F02AFDA8B90C4B82
S2140330A01C6834B123689847BDE81040002018F028
S2140330B05FB917F0B2FD074B186008F077FD064BB3
S2140330C01860204604F0D6FEEEE710BD5A13002023
S2140330D0E03000205C3000205830002013B588B163
S2140330E007F0B6FA012104460846DCF799FB0B4ABB
S2140330F00121012008F0CBFC204602B0BDE81040B9
S21403310007F0AABA019007F0A3FA01990446012032
S214033110DCF786FB014A0199EBE700BFE01B0500DD
S2140331202DE9F041354E84B007F092FA3378054620
S21403313023B13348DCF724FF00284ED1DCF7C4FF65
S21403314002AA03A918F0BEF80446002835D018F0E2
S214033150CEF8029B984221D1DFF8AC800020294BA1
S21403316003991B6888F80000994222D90027C91AD8
S2140331700124CDE900772248234B244A347008F013
S214033180CCFC002834D1224A1378D90718D4284611
S21403319007F062FA002004B0BDE8F08118F0A5F845
S2140331A0029B984220D0174B174A1B6803930020B4
S2140331B010700121FFF706FFE9E728463470E7E7BA
S2140331C098F800100029E2D103F0FE031370002BD9
S2140331D0DDD1104B1B689847D9E7284607F03CFA21
S2140331E0032004B0BDE8F081DFF81C800220B6E7B8
S2140331F003242846377088F80040EFE7AA3D0020EE
S21403320038300020603000205B130020A52F030019
S214033210A83D00202430002038B5134D07F018FAD7
S2140332202B780446C3B9114A11491370114B124A3D
S2140332301A601248124A5A60DCF76AFB11491248B0
S214033240DCF766FB114B124A1A60124B1B68124BD3
S21403325002221A6001232B70AFF30080204607F08A
S214033260FBF9002038BD00BFA93D0020AA3D002081
S214033270F01B05000012002021310300303000202F
S21403328025300300E81B05002830002024300020EA
S214033290DD30030000300E40603000200D4BD3F8C5
S2140332A0E020D20314D50C494FF48032C3F8E8204B
S2140332B0C1F8EC209A6BD1B2C2F3072299679A67DA
S2140332C004229A6700229A679A679A679A679A67A8
S2140332D0704700BF001008400010084638B50B4C76
S2140332E0226060600D4607F0B3F90123A36204234E
S2140332F0A560C4F8E830064B4FF48072C3F880210B
S21403330007F0AAF90DB10223A36238BD00100840E6
S21403331000E100E0044B1860044B40F6FF721963AB
S21403332058635A65704700BF643000200010084099
S2140333302DE9F04F042A83B005463AD90B7883610A
S2140333404B7883618B788361CB7883610068D5F88B
S21403335008B06E6800F007004FF00108063008FA60
S21403336000F808F1FF3909EA0B07A2F1040AA8EBF3
S2140333700702924501F1040446F000560DD8F019F1
S2140333802146524618F0A4F80AEB0B0348EA090252
S2140333901340AB6003B0BDE8F08F2146F0190192ED
S2140333A018F096F8019AA118AAEB080230463A4498
S2140333B0E8E7013A032AEDD8DFE802F00B08050236
S2140333C011F8013B836111F8013BAB6111F8013B36
S2140333D0AB610B78AB6103B0BDE8F08F38B5124C28
S2140333E0154670B10122C4F8B8200A4601460F48B4
S2140333F0FFF79EFF1DB10C4B0422C3F8B820002034
S21403340038BD69B1D4F89C208A4284BF0122C4F82F
S214033410B820054A0223C2F89810C2F8B830E9E784
S2140334200123C4F8B830E5E70010084090100840C0
S21403343010B507F00DF9184B184901229A65C3F821
S21403344088201A66164A5A660722C3F884200A801A
S214033450144900220A804FF4A021C3F8E81003F1B0
S214033460C0630446C3F8EC100F4B1A600F4BD3F837
S21403347088305B020AD50E4B18680E4B4FF4800259
S214033480C3F88820416BA43001F0A8FB2046BDE8B2
S214033490104007F0E1B800BF00100840DC31002000
S2140334A0C8180020DA3100206830002000400840A9
S2140334B0E82F0020004008440D4B07221A800D4BCE
S2140334C000221A800C4BC3F890204FF40052C3F826
S2140334D09400C3F8B420094AF021116402F1007283
S2140334E0A02111640122C3F8B820FFF7A1BF00BFD3
S2140334F0DC310020DA3100200010084000000844C8
S2140335002DE9F0410446A0B13B4E3C4F07F0A0F82E
S21403351031883B4B01F07802032C054601F07F0E01
S2140335201A4456D1D7F800C0BCF1000F03D107F0F8
S21403353093F803204BE02CF00104386820F00100D8
S214033540A0424BD100233B6023886FEA43436FEAD4
S21403355053439442238036D12A4FDFF8BCC03B88BE
S214033560ACF18008CC18083B9BB202F10801E01AC4
S214033570614528BF4146082B80B204D9B1F900E063
S214033580BEF1000F35DB947812881F493B80C2F3E7
S2140335900C02C0B2CA6304F007043080C866C1F8E0
S2140335A08430FFF77BFE042C0DD1184BD3F88830FC
S2140335B0174B1868174B4FF48002C3F88820416BEB
S2140335C0A43001F00BFB284607F046F80020BDE8C0
S2140335D0F081601E012898BF1446AEE7094873447D
S2140335E00088E31A48BF803308389842ACDC284684
S2140335F09DE70A46B7E700BFDA31002068300020AF
S214033600C8180020DC3100200010084000400840A5
S214033610E82F002000400844481900200E480F4AAF
S214033620038812880E491A44073A02F078020A44BD
S21403363008339BB2038090780A4900F007000428F9
S214033640C1F8843004D101F540514B681B03FCD408
S214033650054B1A60704700BFDC310020DA310020CA
S214033660C8180020001008406830002010B5054C2C
S214033670206828B1C30701D4FFF742FF0023236065
S21403368010BD00BF68300020084B4FF48032C3F8EB
S214033690EC2003F17C43C3F8E420D3F88030C3F373
S2140336A00C03782B01D8FFF7F9BD704700100844C8
S2140336B02DE9F84304460E4606F0CAFF4F4B504D1D
S2140336C01A8881464F4802F07801032C078802F0D7
S2140336D07F03294417D14C4804688CB9D419073C96
S2140336E004F078042C442B44E31A48BF8033BB42CF
S2140336F010DB484606F0B0FF00242046BDE8F883FA
S21403370024F00104EFE7012C02D0022CEBD1083F92
S2140337100C46E8E7002E42D08C4244D13B4AD2F80E
S2140337203C803A490F6B07F00707BA1D01279740FD
S214033730D1F88020C2F30C029A4247DDB4F9003078
S2140337402588002BD5DBA378C5F30C0503F0070308
S2140337507A1EA5EB08053A43052B337005EA0205E6
S2140337602CD82DB2E84340F22A420421C00FFFF7BB
S214033770CDF97580E37833747B1E03EA0808244B7F
S2140337801B6803EB0802B260AAB218FA85F5BD42BD
S2140337908BBFA7EB08070023B780B280F3604846C9
S2140337A006F05AFFA9E7A4F10802AA4238BF04F1BB
S2140337B07802B2F80080C8F30C08B2E7154BDB6C4E
S2140337C0002B0CBF00230823ED1ACAE78A6B1249A5
S2140337D07B1EA2EB08023B4313401DB24A685BB94B
S2140337E0C2F30362032A0CBF0822002232707380DE
S2140337F0D1F890301B0ABEE70822F7E7DA3100203B
S214033800C8180020DC310020683000200010084073
S214033810643000200000084000400840431C08D0E5
S2140338200449D1F83C311B0C1B0480B20343C1F896
S2140338303C31704700400840054BD3F8B400431CA6
S21403384014BFC0F38070012098223121FFF75EB9C0
S2140338500081E00F034B1A689B8802608380002078
S214033860704700BF221300200F4B0228D3F888317D
S21403387004D183F40010C0F340507047012805D1EB
S21403388013F4400F0CBF01200020704750B9074ABD
S214033890D2F8D40010F0010005D083F48000C0F302
S2140338A0805070470020704700400E400081E00FB4
S2140338B00B4B5B88B3F5E16F8BBF5A23C8235022AB
S2140338C0782298428CBF172310230B70054B1B7866
S2140338D023B1904294BF00200120704718467047DA
S2140338E0221300205C13002013B5234B1B78032BF5
S2140338F004463ED00DF10701FFF7DAFF1E2C8CBFFE
S2140339001E491F499DF807204FF001038CBF012471
S2140339100024C1F8083170B1194B4DF60171C3F894
S2140339200411120203F1007342F44042C3F8042167
S214033930144BA3F8D420134991F8D82022F001029F
S214033940024322F0020242EA4402D3B20E4A81F84C
S214033950D83012786AB9B1F8D420A1F8D62023F06B
S214033960040242EA800323F0080343EAC40381F80F
S214033970D83002B010BD00BF221300200040084616
S21403398000400844001F0021AD3D0020084B094AB3
S214033990D3F88831DB4303F4FE1343F40053B3FA3E
S2140339A083F30E33A3EB4313013B1370704700BF3F
S2140339B000400E406013002001280CD0022802D0DD
S2140339C020B100207047054B18787047034B1878D2
S2140339D00430C0B270470720704700BF6013002052
S2140339E002289ABF014B185CFF207047F81B05009E
S2140339F02DE9F743424E434F96F800901546424A48
S214033A00D2F8C820B9F1010F0446884607EA020730
S214033A1005D147EA00600C7000232B6040E03B4A68
S214033A201278904228BF1446002B14BF04230023A9
S214033A3023440B70002C48D0013CE4B24FF03063B3
S214033A402B606A46204601A917F084FADDE90030A8
S214033A502F4A98F800C0127847EA006040EA83309D
S214033A6040F47F5040F00800002A30D0B3FA83F3C6
S214033A702849294AC3F11F035BB2B9F1020F18BFE5
S214033A800A46591C27D0D75CFFB22A6822F07F412A
S214033A90BCF1000F21D141F0306141F004012960EF
S214033AA07288B2F5E16F20F47F538CBF5A22C82286
S214033AB0944223F008039ABF180A00F47F5043F693
S214033AC0C870184303B0BDE8F083144BB8E7FF276C
S214033AD04FF0FF33D9E7FF27D7E7013303D07B1E29
S214033AE0DBB2FD2B06D922F07F4323F0040343F019
S214033AF07F4392E741EA076343F004038DE700BF81
S214033B00221300203F00C0E0001F002160130020A6
S214033B10B03D0020B883E00FB083E00F0400000B35
S214033B2073B50446C820FFF7DFFE2C4B2C4D1878E0
S214033B30032801D0FF2C03D1FF20287002B070BDEC
S214033B4001282CD1072C204628BF072001284FF038
S214033B50000301AA0DF1030138BF0120FFF748FF58
S214033B600446204B204E019AC3F85821C6F8C84095
S214033B709DF803002870FFF7B7FE019A130203F4BB
S214033B80E06343EA1263194AA6F8D03012781AB9EA
S214033B90C6F8CC40A6F8D2309DF80300CEE790B91D
S214033BA0042C14D803460646201A01AA0DF1030175
S214033BB0C0B2FFF71DFF4FF4800304465EB10C4A04
S214033BC0C2F80831CDE700231E461846ECE701236A
S214033BD01E460420E8E7074AF2E700BF2213002048
S214033BE05D13002000400840001F0021AD3D00206B
S214033BF0004008460040084408B501F033F9094B75
S214033C00094A002808BF1A46136823F47F115B0885
S214033C1003F4FE130B431360044B4FF00072DA6198
S214033C2008BD00BF18410840004108400040084056
S214033C3008B501F017F9064B4FF4001228B1C3F884
S214033C4000214FF000621A6208BDC3F81821F8E796
S214033C5000400844014B1868704700BF6C300020D2
S214033C60436C012B38BF01232DE9F0479A46474B97
S214033C70474F9B69474E484D03F4E073A3F5C07264
S214033C80804646485142514102685245444A0FD144
S214033C9014788C420CD198F8D0C03C78A44507D150
S214033CA098F816C03478A44502D1A888BDE8F087F2
S214033CB0B3F5C07FC0F800A011704CD1D8F894407B
S214033CC024B12368082B5AD994F838400F2120468C
S214033CD017F030F9BAFA8AF3002854D0B0FA80F213
S214033CE09B1A002BC4BFC3F10F09D840274BD8BF7C
S214033CF04FF00F0950454FEA0440C3F8BC0003F1E8
S214033D00806340F6FF7288BF09F1FF39C3F8B82015
S214033D1003F100734FEA0921C3F8B81017F02DF921
S214033D20A88000F011FE09F01F094FF4FA7304FA95
S214033D3009F45C4341F66A03B0FBF3F0194BB4FB9A
S214033D40F0F40A2044431C6098F8D0303B7098F88F
S214033D5016303370A9E798F8D030022B06D1124BF1
S214033D601B78002B14BFC8249624AFE7012B08D07A
S214033D700D4B1B78002B14BFF024B424A6E70024B5
S214033D80A4E73224A2E72022AAE700BF0060084087
S214033D905F1300205E130020221300200812002069
S214033DA0AB3D00206C300020B03D002070B50646C9
S214033DB00D46144617F03FFBE0B1347D023CE3B2F8
S214033DC00C2B06D841F6A754DC40E44314F0010458
S214033DD025D000242546134B134AC3F850212B0441
S214033DE02D0503F4E02305F0F8751D430F4BC3F8C8
S214033DF0505101E0FF2DEED1FF2C0ED0094B40F2BF
S214033E00F712C3F85021220102F4F87204F00704F3
S214033E1003F100731443C3F85041002070BD0C2512
S214033E20D9E700BF004008440000F70100400846F9
S214033E30F8B5134B134E1F68134D384600F0FEFFBC
S214033E403378C4B2A34201D12B78A3B1092C14D87A
S214033E500E4B012C195D05D10D4B1B78012B01D19F
S214033E6041F0400101F00F0238460909FFF79EFFB3
S214033E70002334702B700020F8BD0024FA21F1E7EC
S214033E80E82F0020AE3D0020AF3D0020FB1B0500C1
S214033E902213002070B5044600F0FEFC1422002115
S214033EA03148324E17F03CFB314B25781A783149AE
S214033EB0521B18BF01220A7022681A60C820A28803
S214033EC09A80FFF711FDD6F8C8202B4B2B491340D9
S214033ED0C6F8C8302A4BFF221A70D6F8C830294ACB
S214033EE023F08043022D23F017031AD14FF4EE403C
S214033EF0C2F824014FF48A42C1F82421012243F078
S214033F008043C1F82021194AC2F8C8301D4B03224A
S214033F10C3F85821FFF78CFF1B4B01221A700020B1
S214033F2070BD012D4FF007000ED1C2F80C0106201C
S214033F30C1F80C011549C2F808114FF4404143F08B
S214033F400303C2F80411DEE7C2F80C010520C1F82A
S214033F500C01C020C2F8080143F08043812243F0DD
S214033F600403C1F80821CEE7C81F0021001F002163
S214033F7022130020AF3D00203F00C0E0004008466B
S214033F805D13002000400844AC3D0020C100400003
S214033F90014B1870704700BFB03D002037B5264B65
S214033FA0264D1A78032A01D0FF2804D100232B704C
S214033FB0FF2003B030BD002A3BD104288ABF01236B
S214033FC000230422801A0DF1030101AAC0B2FFF7F1
S214033FD00FFD1B4CC4F8CC00019A130203F4E063F4
S214033FE043EA1263A4F8D23094F8D83023F00403DB
S214033FF084F8D8309DF803000DF10201FFF758FC52
S21403400094F8D82042EA80039DF803001E288CBF4C
S2140340100822002223F00803134384F8D8309DF8BF
S2140340200220084B43EA0223A4F8D63001232B7060
S214034030BFE700231A46C5E722130020AD3D002044
S214034040001F002100C0FFFF104A114B002018700C
S214034050D2F8C830C2F8CC30B2F8D030A2F8D2309A
S214034060B2F8D430A2F8D63092F8D83003F0FB0377
S214034070990001F004010B4303F0F703990001F0E4
S21403408008010B4382F8D830704700BF001F002199
S214034090AD3D00202DE9F0472D4C2E4B236000F05C
S2140340A053FC4FF4FA7307464FF47A76B0FBF6F6F2
S2140340B029482A4A7343190E1B02181841F10001B6
S2140340C0002304F04FFCA0F580730546A36220B9D5
S2140340D062222B21FEF71AFD01254FF47A726A43FA
S2140340E04FF0000A53465008310204F03BFC1C4BC9
S2140340F019601C4BB7F57A7F4FEA05688946044674
S21403410018604FEA152505D272222B215046FEF77A
S214034110FDFC01264FF47A71A8FB01087308C0184A
S21403412001FB05814FF0000341F10001324604F024
S21403413019FC0D4B023419600C4B49F10009A40815
S214034140186044EA8974024B013C1C63BDE8F0879F
S214034150005008400211010020A1070040420F0052
S21403416084300020803000207C300020783000200F
S214034170044B4FF00052C3F880211A60024B012211
S2140341805A60704700E100E000500840074B4FF0CC
S2140341900052C3F88021C3F88020BFF34F8FBFF3CC
S2140341A06F8F034B04225A60704700BF00E100E0A4
S2140341B000500840824210B5A3EB0101A2EB0004B5
S2140341C004D2044B1B6B01331C440139204601F017
S2140341D0030110BD0050084038B502010A4B012503
S2140341E09D500A4A4FF4807383405366044606F094
S2140341F02FFA074A137805FA04F423EA0404147022
S214034200BDE8384006F028BA00510844005008407C
S214034210B13D00202DE9F0471546044688461E4664
S21403422006F016FA022D00F0B880074606F017FAD5
S2140342306D4B6E4AD3F8189092F815A0DA6D5FFAB4
S2140342408AFA520744BFD3F818900AF1010A06F017
S2140342500CFA674B674A1B6811684FEA8A7CA3FB14
S214034260093213F1004301FB09CCD8F800304CEBBC
S214034270020C012D04BF01336344ACEB030C08BFEF
S214034280C8F80030BCF1804F0AF0030AC0F09980EA
S214034290594AD2F800C0594AD2F800E0524A23F0ED
S2140342A04041106B4FF000480022ECFB01820EFBEE
S2140342B0012282424FEA937381BF01330130121AFF
S2140342C003F00303A3EB0A03914588BF4649DFF8CF
S2140342D04CC184BF096B03F1FF3303F003030CF8EF
S2140342E00430A2EB0900A3B1F10742BF444B41F6E9
S2140342F01F71D966B30742BF414B4249D96671075E
S21403430042BF394B00211967330742BF364B0021A2
S2140343101965354B04F1100103EB041E0901CEF8B1
S2140343200C2111225A5038499A69D3F85CE04FF0B1
S2140343300108A2EB090908FA04FA0A785FFA8AFA6E
S2140343404AEA020281450A7026D34FF48072A240DD
S2140343501EEA020F20D11CF80400002840D10DB33A
S214034360F0071A6608D5264B284941F61F7240F215
S2140343700110DA66C866DA66B10706D5204B23490C
S214034380204A2348DA66C866DA66720742BF214BBC
S21403439001229A6033071AD4384606F05DF90120E5
S2140343A0BDE8F0871C48240140F804805A6606F0EE
S2140343B04FF915490B7823EA0A0A81F800A006F09C
S2140343C04BF9384606F048F90020BDE8F08721206F
S2140343D000F098F9044B4FF480325A603846DCE715
S2140343E01A663846D9E700BF00500840C0300020A0
S2140343F0783000207C30002080300020843000207D
S2140344000050084400001F1FB13D0020005008461E
S21403441000000101004008400051084470300020AD
S214034420024B1878003818BF01207047B13D0020B2
S2140344301030034B0001185800F00100704700BF0E
S214034440005008401030044B01F46001000141F0B5
S21403445003011950704700BF0050084038B506F0F6
S214034460FEF8084B084A9D69547DDA6D520748BF2B
S2140344709D69E4B248BF013406F0F7F8284604F015
S214034480030138BD00500840C030002038B50B4B40
S21403449003EB001210300001D2F80C411D58FFF751
S2140344A0DDFFAB0706D5844200D90139204601F06B
S2140344B0030138BD844238BF0131F7E70050084096
S2140344C008B5222000F01EF9024B4FF480225A60F2
S2140344D008BD00BF00500840064B1B68434303EB70
S2140344E08171054B1B68A3FB003013F1004341EBBE
S2140344F0000070477C300020783000200D4A10B54D
S214034500146820F0404301464FF000420020E4FBCD
S2140345100320094A126802FB0300084B1B6B9842F0
S2140345204FEA917104D901330131C01A01F0030136
S21403453010BD00BF803000208430002000500840AB
S214034540F8B5064603F08EFC044608B1FFF71EFED8
S214034550084D094F00232B6130466B61AB617B75B9
S214034560FFF7CCFFC9B27975A8610CB1FFF700FE5F
S2140345700020F8BD00500840C030002038B5354B49
S214034580354C08220546C3F8C82034480121D7F71E
S21403459033F9334B1D702378013B012B0CD8237C56
S2140345A0E07B01229A400C21302313FB001303F116
S2140345B0884303F520431A602A4B00225A67002DCE
S2140345C041D06368002B34D000F0BEF9626800EB7C
S2140345D05203B3FBF2F3013B1B0243F0F8032278CA
S2140345E0022A28D0032A2AD0012A2FD143F0020315
S2140345F007221D494FF6FF70C86701F10071CB67AC
S214034600184B5A6753070CD5237CE07B01229A404C
S2140346100C21302313FB001303F18C4303F52043D3
S2140346201A604FF080439DB1104AC2F894300020C0
S21403463038BDF823D3E743F001030522D9E743F057
S21403464005030122D5E72A46F823D2E70022D0E75E
S214034650074AEAE700400E468830002000350A0085
S214034660B23D002000000840000008440040084611
S21403467000400844F8B5064604460FCE1C4F3D4698
S2140346800FC533682B601B4B1B480822C3F8C82092
S2140346900121D7F7B1F8194A00235367A37BE17AC0
S2140346A01B0443EA0123217A0B4393673B78032BCE
S2140346B01BD8DFE803F01402080E617B207B00237F
S2140346C00422D8F7E1F9217CE07B00230422D8F703
S2140346D0DBF9A17A607A01230422D8F7D5F9084BCF
S2140346E01878BDE8F840FFF749BF0120F8BD00BFC2
S2140346F08830002000400E4600350A0000000840BF
S214034700B23D0020044BD3F89430002BBCBF034BC0
S214034710C3F88000704700BF004008400000084010
S2140347204FF0006318B1034AC2F894307047024A48
S214034730FAE700BF004008460040084408B5074BA8
S2140347401B681A68064B920019684FF0045016F05F
S214034750BFFEBDE8084000F0D5BE00BFA030002075
S2140347609C30002007B501A8D8F76AFD134B144AFE
S214034770C3F8442148F2E672C3F838214FF40862BE
S214034780C3F834210F4AC3F8A0200F4A4AF63F4124
S214034790916002F580424FF0C07191620022C3F827
S2140347A0FC200A4AC3F89C20094B7F225A6203F175
S2140347B0007323225A6203B05DF804FB00400840EE
S2140347C0C0E653517A27000F00300840806D63031C
S2140347D000300844064B1B783BB1064B064A1A606A
S2140347E0064B074A1A60002070470220704700BF36
S2140347F0B33D00209C300020481C0500A03000205C
S214034800B43A050038B51B4B0022C3F88820C3F81A
S2140348108C20C3F89020184A4FF400715162174A4F
S2140348200121D1605A6812F0706FC2F30365F9D1A3
S2140348304FF00452DA671249124C0122C3F8802063
S2140348401966227016F0D4FB0F4B2570186820B13A
S2140348500E4B1868003818BF01204FF49A62542193
S214034860FEF754F90A4B1B6898470A4B0122DA6095
S21403487038BD00BF0040084000000840004008461E
S214034880A01F0021B33D00209C300020A030002054
S2140348900C12002000400844034BFD22C3F8C82036
S2140348A00122C3F8CC20704700400E4638B5FFF708
S2140348B0F3FF1B4B1B481C4C1C490222C3F8C820A1
S2140348C01B4B1A6842B102EA0005A54204BF5D68A5
S2140348D0156008338B42F4D1164B0222C3F8C82066
S2140348E0154B164AD3F83C111160154AC3F89420A9
S2140348F000F056FBFFF736FF124B0322C3F8D8200F
S214034900A3F500530122C3F894204FF46072DA60D3
S2140349104FF04072C3F8F820C3F8102138BD00BF2B
S21403492000400E460000FFFF00000840B081E00F85
S2140349300080E00F00400E440040084010120020A4
S2140349400048F0000060084608B5D6F7BFF9044BE8
S214034950D3F81031C3F308230133B0FBF3F008BDDB
S21403496000400E40F8B5044620B1264E01252268C5
S214034970531C00D1F8BDC2F30063110C36F81300C4
S21403498011F0FE0F93B243EA004318D00434CAB2C0
S214034990022A216808D9D4E90170033AC3E900174B
S2140349A098600C340C33F3E704D162680834C3E927
S2140349B00012DCE7012ADAD104341960D7E7120FB4
S2140349C060680834072AD2D8DFE802F00A04081120
S2140349D00C0F1417C04303F1806301E01A685040BC
S2140349E01860C4E716F0F7FAC1E705FA00F003F11A
S2140349F0C063F5E705FA00F0EDE71A6830EA02024D
S214034A00FBD1B4E7061C0500024B0122C3F8942031
S214034A10704700BF00400846024B0122C3F89420AB
S214034A20704700BF00400844024B4022C3F894205E
S214034A30704700BF00400844024B4022C3F894204E
S214034A40704700BF0040084608B50C4B1B68D3F8F8
S214034A50943023B11A68022A01D9186A08BDFFF7F1
S214034A6073FF074B1B6D024698B20028F6D0C3F3BC
S214034A700743D2085343B3FBF0F0EFE7E82F0020D9
S214034A8000600840064B5B68C3F30363984206D195
S214034A900448436B23F0F00242EA01124263704774
S214034AA000400840001F002110B50446FFF7CCFF66
S214034AB0104AD2F830311B040F4B1B6C03F4C0535F
S214034AC048BF4008B3F5805F0ABF136BC4F30113F6
S214034AD0C3F34163022B05D0032B09D0012B00D16E
S214034AE0400810BDC4F3C4240134B0FBF4F0F8E767
S214034AF08008F6E700600840000008402DE9F84FFC
S214034B000D4616F052FADFF898908046002605F018
S214034B109FFD214B5968C1F303639F1E012B8346F8
S214034B20FFB22AD0052B2AD0A3F10B01D1F1000A3C
S214034B304AEB010A012F24D8184B9968C1F389144C
S214034B400A0444BF6FEA84546FEA945424B26B1C7D
S214034B5003D016F02AFAA0EB0806584605F07CFDAB
S214034B6014F5007F0FD1012F02D9BAF1000F01D03F
S214034B70AE42CCD32046BDE8F88F9A46DAE74FF02C
S214034B80010A4C46E3E7C83C24B26FF4FF739C4229
S214034B90B8BF1C46EEE700BF004008400070084060
S214034BA000FEFFFF024B012218619A60704700BFA8
S214034BB000200840084910B5D1F8703140B11C46B2
S214034BC04A68D1F870319C42F9D1C2F3036202708D
S214034BD003F00F0010BD00BF00400840094BD3F898
S214034BE0883001F0800103F480030B4309D1064BA0
S214034BF04FF400129A61837F1BB1044B0122C3F862
S214034C00F8207047004008400060084400600846EB
S214034C1010B505F01DFD084B1B6804463BB19847CD
S214034C2028B1002200204FF4806100F07BFD20466F
S214034C30BDE8104005F010BDA43000202DE9F0417A
S214034C401F4DDFF89080069FA2FB036C75196CF16D
S214034C50000E0024A84574EB0E0507D24FF4B47279
S214034C600E212046FDF752FF02201BE00029FBD051
S214034C70C0F3130001EB5305B5FBF3F3A3FB0030BE
S214034C80DB0C43EA40330F4803600F4B1A600F4BAD
S214034C90994209D10E4BA6FB036103FB0C1189094C
S214034CA039602046BDE8F0814FEACC4C0A462346DD
S214034CB0F0044CEA563103F055FE3860F1E700BFC6
S214034CC000C9E876A8300020AC30002000F0490286
S214034CD00A3BB2DF0046C32338B5164D2B780C4685
S214034CE023B9154B1B6D03F03F032B70134BD3F8FF
S214034CF094305B051CD540F24D53114AB0FBF2F2DB
S214034D005343A3F546400C38504300F5C91000F54D
S214034D10556028B940F21B322B21FDF7F7FE012020
S214034D202B78084A5343B3FBF0F02060002038BDCD
S214034D300220FCE7B73D0020003008400040084052
S214034D4000366E0180969800314B70B51C68314B67
S214034D501D6B314B1B68ED024CBF1B19E31AB3F1F5
S214034D60804F4CD82D4E002B4BD0B3FA83F5D5F19C
S214034D7002052B4C54BFEB400025A34288BF5B08BB
S214034D8003EB5604B4FBF6F4264E88BF0135B34254
S214034D9004F1FF3434BF0026012644EA862444EA9D
S214034DA005340C6050B3B3FBF0F1642400FB1133FD
S214034DB06343984288BF01F1FF314B08581E07280A
S214034DC001F1FF334FEA53011DD80F2B1BD8E0B96F
S214034DD0012B94BF00230123134C2370134C062589
S214034DE0C4F8945033B1124B1B781BB1114B0224F9
S214034DF0C3F894400B0243EA0013136070BD0E4ED3
S214034E00B3E72025B3E70023E6E70123E4E700BF83
S214034E10AC30002000300840A8300020E0673500A2
S214034E203FBE4025401B5F13B53D002000400844AD
S214034E30B63D002000400846C0CF6A00084B5B6BB7
S214034E4003F00700C3F3C20213F0380F18BF504332
S214034E50C3F3821213F4E07F18BF5043704700BFBA
S214034E6000300840034BD3F8380180F01000C0F33D
S214034E700010704700400840174B4FF4002210B54F
S214034E80C3F89420154C164BB0F1804F98BF1C46C0
S214034E90144BDA6CD2071DD51B6F134804F5F424A4
S214034EA004F59074B4FBF0F4033CE4B203F0070398
S214034EB0A34202D02046D7F70DFD0C4B1B784BB10F
S214034EC00B4B4FF47022C3F8942003F100732404B1
S214034ED0C3F8944010BD00BF00400846C0CF6A0028
S214034EE0E067350000300E4040420F00B43D00201E
S214034EF0004008447FB50446D5F724FF1C4B2268C0
S214034F0006462C33586800933146A379FFF796FE7E
S214034F10054648BBA379012B14BF16491649102230
S214034F20C1F83821206815495843FFF7D5FE03AA70
S214034F3002A93046FFF708FF0F4A43F6FF53C2F8AD
S214034F40A4300C4B0299C3F8A4104FF4EE6111631E
S214034F50039A1A632068FFF78FFF094BA2881A6229
S214034F6003F5405300229A63284604B070BD00BF81
S214034F7000300840004008460040084450300840CF
S214034F800000084008B5044B01221A70034B18684A
S214034F90FFF772FF002008BDB43D0020AC300020B0
S214034FA0024B4FF48062C3F89420704700400846D3
S214034FB00D4BD3F80421D3F8B030D2B2FF2A03D076
S214034FC043F30743591C01D190221923074903EBE6
S214034FD0D37302EB630381F84330022381F8423034
S214034FE0232381F8413070470081E00F001F002122
S214034FF040B10368012B05D90069034B002808BF9D
S21403500018467047004870470C1C0500064BD86DC1
S214035010DB69C0F3011203F01F03000C02FB000060
S21403502001331844704700BF0060084038B5044693
S2140350301D480D46FFF762FA1C4AC301D2F8300139
S21403504010F400400DD003F57442194C194924326C
S214035050B2FBF1F22A6003EB5402B2FBF4F26A608D
S21403506001E0002CF7D1144B5A68D40219D4134A22
S2140350701268D3F8A810C2F3810211F4806302F118
S2140350800102C9B218BFD300FF2906D00A49D1F8D6
S214035090AC10490501D503EBC20300B10333AB6083
S2140350A038BD0023F9E700BF40420F000060084008
S2140350B020A1070048E8010000000840002008403F
S2140350C0084B1A68C117A2FB000310F1807002FB9D
S2140350D0013343F10003400E40EAC310803820EA50
S2140350E0E0707047B4300020174B072270B5C3F842
S2140350F08420FFF729FC154B154A164EC408010BEE
S2140351000546E005C01841F10001002303F02AFC20
S214035110114B18604EF66020FFF7D2FF4042C6F8E8
S2140351209C000E48FFF7EAF9024658B1E30150081F
S21403513018184FEA15714FF0000341F1000103F010
S21403514011FC706770BD00BF00400840B2E60E0059
S21403515065CD1D00001F0021B430002040420F0023
S2140351602DE9F047154698460646002800F0B58018
S2140351700846FFF73DFF18F0050F074664D034696D
S214035180002C00F0AC80FEF765FD4FF47A735C43A9
S214035190201A7C68A0F6AC50001BFFF791FFB48B77
S2140351A06862002C00F09E80FEF754FD4FF47A737D
S2140351B05C43201A7C68A0F6AC50001BFFF780FF08
S2140351C0A861614BF468D3F80090DFF88CA1002C3B
S2140351D000F0B180FEF73EFD4FF47A735C4399F816
S2140351E01230241A053B7868A4F6AC54012BA4EBC2
S2140351F000047AD8DAF80020A4F53E44EB3CE31723
S214035200A4FB020402FB034310F1807143F1000484
S214035210490E41EAC4114D4CA2FB0424821A63EBE7
S214035220040312F1807243F10003520E42EAC312E2
S2140352308039803AE9612A62B469FEF70BFD0146BC
S214035240204615F020FF286318F0020F29D0736854
S2140352504FF47A7058435BB13B6803F51C53103325
S2140352601844B37F002B46F2A81308BF0023184444
S214035270FFF726FF7369E862002B5FD078684FF468
S2140352807A7202FB0300B37FA0F50350002BA0F154
S214035290100046F2A81308BF0023C01AFFF710FF3A
S2140352A0A86218F0040F18D0B068002849D04FF44D
S2140352B07A735843A0F503501038FFF701FF2861AF
S2140352C033684FF47A70584323B13B6803F51C5395
S2140352D010331844FFF7F4FE6861BDE8F0874CF21C
S2140352E050305AE74CF2503068E73B68E41ADAF875
S2140352F00020E117A2FB044314F1807402FB013380
S21403530043F10003640E44EAC314803C104BEC6183
S214035310104CD3F884302B622368002B8CD048467D
S21403532016F027F8002887D02368D9F848002A46BD
S2140353303946984780E74CF25034D8E747F2305066
S214035340ACE747F23050B8E7E82F0020101B020006
S214035350001F0021B0300020B430002008B9FFF74A
S21403536055BE0348814214BFBC202F20704700BFA0
S21403537048E80100F8B5074608461E46154615F0E8
S2140353801BFE104B0146D3F8F800FFF731FEBB7C3B
S2140353900468053B012B01EB06000DD80A4B4BF6C0
S2140353A0EB64002D18BF1C464FF4FA73074A2344D8
S2140353B093FBF2F31844F8BD002C054BA8BF4FF43B
S2140353C0FA73F3E7001F0021FBD9020018FCFFFF66
S2140353D00CFEFFFF2DE9F04F384C0A4685B00D460C
S2140353E00021814616F09CF8D4F8C83043F06C02CE
S2140353F09A4204D00025284605B0BDE8F08F304B0E
S214035400DB68D907F6D4FDF767F90028F2D0D4F89D
S2140354101061C6F30826002EECD12A4C2A4BD3F88B
S2140354201880D4F884300193284B4FF060529A6169
S21403543003F100734FF000629A612423C4F88430AA
S214035440234B04221A604FF4804A4FF48053C4F867
S21403545068A0B3466362AB4512D31E4B04221A60A0
S214035460184A019BC2F88430184B4FF0605199617B
S21403547008EA010318498B614FF480439366BAE741
S214035480226E5204FCD52268D305F9D5C4F868A069
S2140354900136D4F888200392012EDCD9A5EB0B073E
S2140354A0042FA8BF04273A4609EB0B0003A95F4461
S2140354B016F00EF81FFA87FBCDE700BF00400E403C
S2140354C000400840000008400060084000600844B0
S2140354D0004008460040084400600846074BD3F8DF
S2140354E0D8304FF604014FF605029BB28B4208BF35
S2140354F01346034A01209365704700BF0081E00FFF
S2140355000050084070B5194C0FCC86B001AD0FC5DE
S214035510CC22236816482B60002116F001F884225B
S2140355200021144815F0FCFF134B144AC3F8F0206F
S214035530FFF73EFD124B1B782BB101AD0FCD0B4E83
S2140355400FC62B6823600F4B0F4AC3F8DC2F0F4A96
S214035550C3F8E02F0E4AC3F8E42F02F1957202F265
S2140355604952C3F8E82F06B070BD00BFC81F00211C
S214035570341F0021B01E0021001F00213F0037000A
S214035580AC3D0020001000210200620609C8056E2B
S2140355900704DC060A4B197801F0FF0229B1002143
S2140355A0197008499202C1F8A020597801F0FF0249
S2140355B029B1002159709302024AC2F8A4307047F9
S2140355C0BE3D002000000846074BD3F8E00E074B0D
S2140355D0D3F88C301A0103D4054B1B6E1B0401D57C
S2140355E000F58070704700BF00100021004008409F
S2140355F00000084008B505F02BF80F4B1A78B2B92F
S2140356000E4A126812F4843F11D10D4A1021C2F8D3
S21403561094101B786BB9094B1B68DB0509D4084B40
S2140356202022C3F89420BDE8084005F015B8054AC3
S214035630ECE7044BF4E700BFB93D0020481900200F
S2140356400040084400400846044B00221A70044BEE
S214035650197811B11A70FFF7CDBF7047BA3D002015
S214035660B93D002010B504F0F3FF0E2104460320D5
S214035670FFF708FA044B40F2012220465A62BDE8BF
S214035680104004F0E9BF00BF0000084008B504F06E
S214035690DFFF234B4FF08052C3F88020BFF34F8FBA
S2140356A0BFF36F8F4FF48072C3F88020BFF34F8F22
S2140356B0BFF36F8F0222C3F88020BFF34F8FBFF371
S2140356C06F8F1022C3F88020BFF34F8FBFF36F8F07
S2140356D02022C3F88020BFF34F8FBFF36F8F4FF0A6
S2140356E00052C3F88020BFF34F8FBFF36F8F802223
S2140356F0C3F88020BFF34F8FBFF36F8F4022C3F8EA
S2140357008020BFF34F8FBFF36F8F0122C3F884202F
S214035710BFF34F8FBFF36F8FBDE8084004F09CBF05
S21403572000E100E070B5084C01232370074B1E68A8
S214035730074BD3E9005332401940284001F030FAB2
S2140357400023237070BD00BFB83D0020BC3000208E
S214035750481900202DE9F84FDDF828B003EA0108C0
S2140357600B9B06460D4602EA000903EA0B0ABBF149
S214035770000F40F06981031F0B4300F02D810528BD
S21403578071F1000380F0008150EA010300F07C8190
S214035790431E0B4300F03C81FFF778FFBB4BD3E976
S2140357A0004724EA060427EA050744EA090447EA09
S2140357B00807C3E90047B64BB64D1E68DFF82883D3
S2140357C026EA0B0646EA0A061E60FFF713FFB248F0
S2140357D014F02A4FC26E14BF48F202034FF400437C
S2140357E0B10748BF43F4005383EA020122EA0302E7
S2140357F0EA66AA4A81660B40D366620304F48023F2
S21403580048BF4FF48053250348BF43F48073E00634
S21403581048BF43F40053A248A10648BF43F40073AD
S214035820620648BF43F48063D0F80C22250648BFBF
S21403583043F400639B4D83EA020122EA0302C5F8A0
S2140358400C22C0F80812984AB80507F4007503EA54
S214035850010348BF4FF48025E10448BF45F4803573
S214035860C2F80C32A20348BF45F48015A30748BF0D
S21403587045F4800514F4001F06D0D8F8000015F090
S214035880DDFD08B945F40025E00248BF45F40035C0
S214035890F9068649864848BF45F40005620248BFB4
S2140358A045F400150A6A730748BF45F0040585EA00
S2140358B0020323F001031A4002621D40CB617D4BB5
S2140358C07D487E4A1D6216F0010F7D4B18BF1346B6
S2140358D0826E7D0748BF43F400137A4D83EA0201C4
S2140358E022EA0302AA66784A41660B4000F5005096
S2140358F09366C26B04F0010305F5005583EA0201C3
S21403590022EA0302EA63714A81630B40D363D8F841
S2140359100020200248BF6E4B92F8E92058BF6D4B1B
S214035920610748BF43F4806322B114F4C06F18BF05
S21403593043F480736848694CD0F8EC10320748BFCC
S21403594043F0004383EA010222F4A0221140C4F884
S214035950EC101340C0F8E820614AC2F8EC3004F0BB
S21403596077FE604B4FF080521A604FF480721A60D5
S21403597010221A6020221A604FF000521A6080220A
S2140359801A6040221A603DE0A0F580630B4306D000
S21403599020F48063A3F500730B437FF4FDAE04F09D
S2140359A057FE3A4BD3E9004124EA060421EA0501EF
S2140359B044EA090441EA0801C3E900414A4B1B686B
S2140359C093F8E93013B314F4C06F1FD0444B4FF46D
S2140359D08072C3F8EC2015E004F03AFE2B4AD2E9B5
S2140359E0003123F0040343EA090341EA0801C2E94C
S2140359F0003159EA080314BF394A384A4FF4806322
S214035A00C2F8EC30BDE8F84F04F026BE334BDEE7B1
S214035A1004F01EFE1D4AD2E9003123F0010343EAD7
S214035A20090341EA0801C2E90031304A59EA08038A
S214035A304FF0010315BF93632D4902F1C062CB6398
S214035A4014BFD3639363DDE750EA01037FF4A4AE88
S214035A50BBF1010F7FF4A0AE04F0FAFD0C4A136805
S214035A6023F0010343EA0A031360134A4FF48063E7
S214035A70BAF1000F04D0536602F1C0629366C1E721
S214035A8010498B665366BDE7BDE8F88F48190020BA
S214035A90BC30002000000844000008400000084610
S214035AA00060084000600844006008460040084064
S214035AB0004008440040084600500840041C5000BC
S214035AC0041850000050084400500846007008466A
S214035AD00D0A0A09090A0A090010084000100844BA
S214035AE00010084600E100E0E82F002000700840A0
S214035AF000700844024B5868C0F3C000704700BFEC
S214035B0048190020024B186800F00100704700BFD8
S214035B1048190020024B5868C0F3C030704700BFD6
S214035B204819002010B50446FEF7C0FEFFF7AEFD89
S214035B3004F14C00FDF7C0FCFEF764FEFEF7AAFA7C
S214035B40FEF716FBFFF7D0FA1049114AD1F8F81002
S214035B50072304F1A400FFF703FB4FF440010020E2
S214035B60FEF770FC4FF400110120FEF76BFCFFF705
S214035B70B5FC20B940F2E7221421FCF7C7FFFFF774
S214035B8001FABDE810400120FEF7F8BC001F002113
S214035B90681F0021084B8022C3F8882003F17E4348
S214035BA00822C3F88820054AD2F8B03E23F0200323
S214035BB0C2F8B03E704700BF004008460010002100
S214035BC008B504F045FDFFF7E5FF034B01229A6095
S214035BD0BDE8084004F040BD00400840F0B583B07F
S214035BE00646144602F03EF9002851D05D4BDD68A8
S214035BF015F006054CD104F02BFD23790095022BF6
S214035C00074648D1237B022B34D00320FEF710FC33
S214035C1018B9554B5B685A0437D5A37B257B534984
S214035C20A2680192003B18BF0123012D0B706CD0B4
S214035C304F4A504C002313702278002A70D1494EE5
S214035C400420FEF7C9FAF36E23F0F85323F4F8138F
S214035C5043F0506343F48033F3662A46022301A9D4
S214035C600420FEF7D7FA58B1434B012130222170A6
S214035C70C3F89420384604F0EFFC002003B0F0BDD0
S214035C800320FEF7A9FA3D4BF366384604F0E4FC1E
S214035C90032003B0F0BD0320FEF7CAFB0028F4D1AF
S214035CA02279D6F8AC30012A22684BD0D51A2D4B70
S214035CB0324A0095DA6600221A67314B01221A70BF
S214035CC0627B304B002A0CBF012200221A702E4B37
S214035CD02D4AD3F8B03E0CBF43F0200323F0200335
S214035CE0C2F8B03E0320FEF777FA1E4B274ADA6661
S214035CF02279012369460320FEF78CFA002881D116
S214035D00384604F0A9FC0120C3E72379022B8FD081
S214035D10009BD6F8AC100B441A440025019287E783
S214035D20237004F095FC2378ABB1134B1022C3F811
S214035D30942023784BB1104B2022C3F8942004F010
S214035D408BFC7CE79A42B2D3B0E7114B1B68DB05AA
S214035D50F1D4104BF0E70E4B1B6813F4843FE4D1E9
S214035D600C4BE3E70050084000400840BC3D0020D1
S214035D70BA3D0020B93D002000400846000001015E
S214035D80BB3D0020BD3D002000100021010C01009A
S214035D9048190020004008442DE9F3410D46074604
S214035DA004F056FC1B4BDFF8788000241C70FFF7CA
S214035DB0F1FE194BC8F86C30C8F87040064668798F
S214035DC0431E5842584101F0C1FC40F60143C8F84F
S214035DD070302A792968D7F8B430012A01D199425C
S214035DE000D3CC1A04230DEB030103200194FEF722
S214035DF011FA50B9094B88223046C3F8882004F0BC
S214035E002BFC012002B0BDE8F081304604F024FCF0
S214035E100020F7E7BB3D00200000010100400844D6
S214035E200050084038B5164C05462078B0FA80F086
S214035E304FF47F723E214009FCF768FE55B1114BC3
S214035E40D3F8A030C3F3812323700F4B4FF4406283
S214035E50C3F8A0206078B0FA80F04FF47F723E213A
S214035E604009FCF753FE55B1064BD3F8A430C3F3F1
S214035E7081236370044B4FF44062C3F8A42038BDFB
S214035E80BE3D00200000084000000844F8B50B4C57
S214035E900B4DD4F888300B4F0423C5F88830D4F85C
S214035EA088305B0300D4F8BD0426C7F88860022058
S214035EB015F091F8C5F88860F1E700BF0040084088
S214035EC000400846004008441C4B70B5D3F8886071
S214035ED01B4D03F18063A822C3F8882010221A60A2
S214035EE0184A194B93666B66FFF754FB174B1B78E0
S214035EF013B90320FEF770F900242C67FFF7C6FFDB
S214035F00134A144BD2F8E01E0B40C2F8E03E124B85
S214035F100422C3F88820114BB206C3F8B84008D54C
S214035F2003F580735B6CB3F5817F22BF034B80223E
S214035F309A60BDE8704001F00DBE00BF0040084007
S214035F40005008400050084410000002BB3D0020EB
S214035F5000100021DF0000FF00400844001E00215F
S214035F6010B528B971B9174B4FF4C0625A6210BD09
S214035F7041B9154A53681B0E13F00E0FF3D113687D
S214035F809A06F0D4FFF76EFB0F4C0020FEF712FEC6
S214035F90032801D0092806D1D4F88C30DB03F4D4C7
S214035FA0636F0C2BF1D9FFF771FF084B4FF40072A8
S214035FB05A62074B0122DA6003F17E430422C3F8D8
S214035FC08820D0E7006008440040084000000840EE
S214035FD00040084608B503210920FEF753FD024B8F
S214035FE020229A6008BD00BF0040084038B5054629
S214035FF004F02EFB0446FDF71BFA35B1FFF724FB2E
S2140360002046BDE8384004F027BB084B1B78002B1E
S214036010F6D0074B1D78002DF2D1FFF715FB2A4665
S2140360204FF480400021FFF77DFBE9E7BA3D0020EF
S214036030B83D00202DE9F843144606460D4601F008
S21403604089FD414BA022C3F888200320FEF7F0F910
S21403605028B10320FEF7C0F80420FEF7BDF83B4B3B
S2140360603B4ADA664FF00009C3F87090FFF70EFF5D
S214036070384B3548D3F8B02E374F42F02002C3F8DA
S214036080B02EFF2202604FF48072BA60D3F8E01E8F
S214036090324A4FF004080A40C3F8E02EC0F888805E
S2140360A0C3F8B89E56B1FFF7DDFAFEF709FAFFF715
S2140360B091FF4046FEF790F8FFF76CFAFB68D907A6
S2140360C03FD5254A536813F0706FFBD11E4E244B01
S2140360D0244AC6F88830536B23F0F003536315B194
S2140360E02046FFF783FF204BD3F8B4305A1C01D069
S2140360F05B0001D50123F3601CB31C4BDA6E9A6672
S214036100154A136A23F00103D361194BD3F80C2203
S214036110C3F80822A3F54053DA6F9A67A3F5005332
S214036120D3F8EC20C3F8E82003F5C043DA6B9A6390
S214036130A3F500530F4A5A66034B4FF60842C3F8BB
S2140361408820BDE8F88300BF00400844005008409C
S214036150000001010010002100400840DF0000FF9E
S21403616010003000001F00210081E00F00000840EF
S214036170006008405000F0029E4B196EDA6E2DE95F
S214036180F04F01EA0209C3F8689003F5805385B01F
S214036190D3F8E070D3F8EC201740C3F8E87003F5A3
S2140361A0A043D3F80012D3F80C2201EA020BC3F87B
S2140361B008B2A3F5005359691A6A01EA02088E4A1F
S2140361C008EA0202DA618D4BD3F80022910006D466
S2140361D0D3F800319A00C3F3407640F1E48004F02C
S2140361E037FA874BDA68DE6D12F0060F9A6E06EA08
S2140361F0020626F4800222F4006214BF4FF0010A5E
S2140362004FF0000A5A66730704D57E4A537D01335E
S214036210DBB2537504F020FAB9F1000F00F0E68004
S21403622019F4004400F0D78004F012FA0146FFF791
S214036230CBF9734C0546A269A3699A42FCD0A269BE
S2140362409342FCD0FFF7C0F9A842034640F0AD8066
S214036250084604F001FA6C4B1D606C4BD3F888407B
S21403626014F4E05040F0A38025F07F4525F0DF05C9
S214036270002D40F0AE80FFF727FE4FF0807419F034
S214036280020F16D0614B6249D3F8883003F460429C
S214036290C1F88820002A00F0A3801D0400F1A38023
S2140362A013F4005F14BF4FF000634FF000531C431A
S2140362B0002519F4005918BF4FF00209554B3B400F
S2140362C0002B4AD017F4206F0AD040F2D172062171
S2140362D00020FCF71BFC0020FFF788FE27F480272E
S2140362E0F80506D54A4BFF221A6044F4C064FFF74C
S2140362F0B9F917F0090F0AD040F2E6720821002018
S214036300FCF704FCFFF766FE434B01229A6217F084
S214036310106F0CD040F2EF7209210020FCF7F6FB59
S214036320FFF758FE002211461046FDF757F817F4FC
S214036330202F0AD040F2F77207210020FCF7E6FB75
S2140363400020FFF753FE27F48027F90301D5FDF756
S2140363509BF9002FB8BF49F008097A070DD52E4BD5
S2140363605B6A13F4005F14BF2C4A2D4A4FF40053A4
S2140363701ABF536244F4000453627B0548BF44F0DB
S214036380040417F4802700F0AA80FDF747F90138C4
S214036390062847D8DFE810F02A012D012A0130012C
S2140363A0330136013601B24636E71D4643E7019010
S2140363B0FFF78AFD164B0198C3F8880014F480553E
S2140363C00BD114F4806F14BF4FF080644FF08054E9
S2140363D055E74FF08074002551E74FF08044FAE705
S2140363E04FF0007363E74FF0004360E74C464D46BB
S2140363F064E700BF000008400000F7FF00E100E08C
S21403640000500840C0300020B8300020004008404C
S21403641000400844090B0B8900100840001008448C
S2140364200010084640F6280203210020FCF76EFB06
S214036430824A136ED2F8800003F007030633012165
S21403644001FA03F3C0F30C001B1A9BB2072B13D9F4
S2140364507B4BD3F8883058020ED47A48136B126DF0
S214036460C06C58B103F0070306339940C2F30C031C
S214036470C91A89B2072901D844F40074724B1B78F1
S2140364806BB36E4BD3F8E03013F4A02F27D16F4BCA
S2140364906F4A1B7873B916F480530BD1117849B140
S2140364A06C492207D1F8E01E58BF022321FA03F3F2
S2140364B09B0714D10420FDF78FFE674B6749D96607
S2140364C0FFF7C2F8624A13782BB9654B654A1B6817
S2140364D02340134201D144F4804426F48056BBF192
S2140364E0000F1DD01BF4805F18BF44F480241BF4F8
S2140364F0807F18BF44F400241BF4005F18BF44F0E9
S21403650010041BF4007F18BF44F020041BF4806FB4
S21403651018BF44F040041BF4006F18BF44F0800417
S214036520B8F1000F45D018F4802F18BF45F4007556
S21403653018F4803F18BF44F4805418F4801F18BF23
S21403654044F4003418F4800F18BF44F0020418F41F
S214036550003F09D03A4BD3F88830580055D5424B04
S2140365601B68984704430D4318F4000F18BF45F003
S214036570100518F4002F17D0364BD3F8B03E13F09F
S214036580C00F11D02E4B5A68C2F30362032A01D000
S214036590072A3DD1D3F88C20D10639D4D3F89020DE
S2140365A0120735D444F4001418F4001F18BF44F43B
S2140365B08004002E00F01381300540F188802B4ABA
S2140365C0DFF894B0D378002B56D0013B4FF400612C
S2140365D0DBB2CBF86410D3704BBB254A1278EAB112
S2140365E0244A40F60141D16600226EE044F480342A
S2140365F01EE744F400641BE744F4806418E744F49D
S214036600807415E744F0080412E744F48014ABE7FB
S2140366104FF40022DA6128F40028C5E7DBF870306F
S21403662013F4A05305D04FF48073CBF850300023F7
S214036630DAE740F60142CBF87020D5E700100840B1
S2140366400040084000000840B93D0020BA3D002045
S214036650BD3D00200010002100500840000001014D
S21403666048190020088D01001C12002070300020FD
S214036670BB3D0020005008460320FDF7ADFDDBF8C8
S2140366800C30A348A34913F0060F02BFA24B41F6F2
S2140366901F72DA66A14A4FF400635366D36813F099
S2140366A0060308BF1367C38A13F4006269D023F492
S2140366B00063C3820B7803F0FF0B002B65D1FDF755
S2140366C0FFFEFFF701FC5B4620221C431543B10186
S2140366D00BD52E20FEF716F88F4A4FF000739366FD
S2140366E002F17C4245F008055366F20608D52B20D6
S2140366F0FEF708F8884A1023936602F17C42536635
S21403670016F4E00F05D1F3045DD5BAF1000F00F0DF
S214036710A380B0023CD52920FDF7F4FF45F0040A18
S214036720FFF7E8F998B17E497C4A7E4B53668B6641
S2140367307D49496849040AD5774920208B66536604
S214036740FDF7E0FF2D2045F00C0AFDF7DBFF16F4FE
S214036750800B724D1ED00420FDF73EFD2720FDF76B
S214036760D1FFFFF7B1FB4FF480036B666F4BD3F893
S214036770E03E59065EBF6E4B02221A604AF0020ADA
S2140367801DE00B784FF400539FE74FF400432BE7CD
S214036790AA46DCE7F3024CD50420FDF71DFD2820AE
S2140367A0FDF7B0FF2B6F002B40D1FFF78DFB5A4A46
S2140367B05C4B936602F17C424AF0010A5366574BE0
S2140367C000221A655546730509D55A4A9378002B55
S2140367D000F09280013B9370002349EA03094A467E
S2140367E020462946FEF79EFF0FB1FCF73FFF18F43D
S2140367F0002F00F086804C4B4FF40022DA6118F02D
S214036800206F00F0828018F0007F01D0FDF7F4F9C6
S21403681018F0006F01D0FDF70BFA002200204FF4AA
S214036820006105B0BDE8F04FFEF77CBFC5F870B059
S214036830BDE7F004C3D50420FDF7CEFC3E4BEB6664
S214036840FDF73EFEEB6D13F4A00FB8D12A20FDF73B
S21403685059FFFFF739FB89E7364A13794BB1013BFA
S214036860DBB2137113B92E4B344ADA6644EA0A04D0
S214036870A9E70420FDF7B0FC0320FDF7ADFC274B8A
S2140368802D4ADA6603F0E4FE82460DF10F00FEF7AA
S21403689091F92B4B1B7883460BB1FEF7E3FEBBF156
S2140368A0030F0ED1DFF880B00020FEF783F903282C
S2140368B007D1DBF88C30DA03F6D4DBF874300C2B14
S2140368C0F2D99DF80F30032B08D11E4B01225046F8
S2140368D01A704FF0000A03F0BFFEC7E71A4BD3F84F
S2140368E0E03013F4A02FF0D1FEF7AEFE504603F0CF
S2140368F0B3FE4FF4804AB9E70220FDF76DFC01238F
S2140369006BE7B8F1000F7FF47AAF05B0BDE8F08F00
S214036910C0300020BB3D0020005008440050084013
S21403692000500846100000020040084000100021F6
S2140369300040084470300020000001010000010DF3
S214036940BC3D0020BA3D002000100840034A012346
S214036950136202F17C42D361704700BF00400844D3
S2140369600B4B10B55C691A6A1440A2B2DA61E207EF
S21403697004D55868C0F30360FFF7E8FF630706D53E
S214036980BDE81040042200200021FEF7CBBE10BD58
S214036990004008400C4A08B5136BD16B0B40936359
S2140369A0DB070FD5094B187840F65222122100F068
S2140369B00100FCF7ABF8BDE80840002201200021E7
S2140369C0FEF7B0BE08BD00BF00700840481900209F
S2140369D0044BDA6FD207FCD41A6FD96F0A409A6752
S2140369E0704700BF0030084070B50D46144603F0EC
S2140369F02FFE064BD3F8B06E74402C407440C3F899
S214036A00B04E03F029FE06EA050070BD0010002113
S214036A10044BD3F8B03E31EA03030CBF0120002039
S214036A20704700BF00100021431C07D0044B6FF0D3
S214036A30FF029A6103F1007310409861704700BF2C
S214036A400070084409490A4AD1F8EC0010B504233B
S214036A500124C2F8EC308C624FF4005151624107B6
S214036A6044BF02F10072C2F8EC3010BD00100840BB
S214036A70001008440C4BD0F8C42010B5C3F8B4205B
S214036A80027C0446D20102F400624FF40061FFF771
S214036A90ABFF237C13F0100F14BF044A044A4FF4D1
S214036AA00073C2F8883010BD001E0021004008465F
S214036AB00040084437B5204D0C4641B90A46072125
S214036AC0FFF792FF1D4BEC625C6003B030BD0722FC
S214036AD01146FFF789FF1A4B07225A60237985F878
S214036AE02C3063790193012101A814F0CBFC019BA0
S214036AF0C2B2D34000F00F0040EA031085F82D0021
S214036B00A27985F82E20E27985F82F2022682A6359
S214036B102BB102EB430132F8023B8A4205D12279BC
S214036B20013A1344074A9361CFE732F8020B8342D4
S214036B3028BF0346F1E700BF001F00212C1F0021DA
S214036B40000008440000084010B5054C237823B124
S214036B5001F06CFD0020207010BD0320FCE700BF91
S214036B60C23D002008B501F04BFD024B01221A700E
S214036B70002008BDC23D002000F01803182B074B69
S214036B8002D100229A647047010701D50122F9E772
S214036B90C206F6D540F20112F4E700BF001F00213B
S214036BA03A4B2DE9F3411D6840F2022317460B408A
S214036BB000F00102134306460C463AD0A10709D556
S214036BC0334BD3F8E03E03F0C003402B02BF314BF8
S214036BD0022119604FF000080AB3002300220120A7
S214036BE00021CDE90088FEF7B5FD4FF0FF312846BA
S214036BF0FDF784FF414668830120FBF773FD696B4D
S214036C0005F1A400FDF7EAFF23490868FFF70CFF28
S214036C104FF0FF330B602B7C43F008032B74A20565
S214036C2007D50121284613F0BAFF24F4007406435F
S214036C300C43D5E93E233240234052EA030103D0F6
S214036C401649284609688847FB070FD51449154A8D
S214036C500868136800211160134A0121117003B1FB
S214036C609847124B00215B680220984717F00E0FD7
S214036C7008D04FF4FC723B21002002B0BDE8F0417F
S214036C80FBF744BF02B0BDE8F08100BFE82F002049
S214036C90001000210040084618120020141200209D
S214036CA0F0300020EC300020C33D0020001200200E
S214036CB0F7B5D0E93EC7DDE90865044687EA05016E
S214036CC08CEA06001040194080EA0C007940C4E9BB
S214036CD03E0123F4004105EA010322F001000025EA
S214036CE043F4007306EA000243F00203CDE90055BD
S214036CF0FEF730FD237C9A0717D5D4F8FC309B05A6
S214036D0013D54FF48031204613F049FF237C65F3F7
S214036D1041032374D4E93E2302400B4052EA0301A5
S214036D2003D00349204609688847002003B0F0BD16
S214036D301412002038B10368044A002B08BF134618
S214036D40034A13607047014BFAE700BFB3B0040071
S214036D5014120020024B586B00F00F00704700BF60
S214036D60001F002170B531F00F0406460D460ED104
S214036D7001F090F801280CD107494B6B23F00F0262
S214036D802A434A63304614F0F7FA204670BD0120C2
S214036D90FCE70220FAE700BF001F0021014B986BB7
S214036DA0704700BF001F0021014B00209963704706
S214036DB0001F002103282DE9F7434CD8274B13F86F
S214036DC00080274B1E5C274B13F8009003F040FC13
S214036DD00746FEF797FE054640B10023CDE900338C
S214036DE00022002301200021FEF7B4FCFEF792FEEA
S214036DF048B10023CDE900330022002300204FF4DE
S214036E000041FEF7A7FC26B3174B5C6C04F008049E
S214036E10164B31465C644046FFF7A2F84A463146B5
S214036E204046FFF707F9124B5C6465B1114B1868CF
S214036E30416BA430FDF7D2FE0F490868FFF7F4FD57
S214036E404FF0FF330B60384603B0BDE8F04303F062
S214036E5003BC3446DCE703B0BDE8F083141C05002E
S214036E60181C05001C1C0500000008400000084410
S214036E7000000846E82F002018120020104AD2F817
S214036E80883013F0A00F16D1D2F88C0010F004004F
S214036E9013D10C4BD3F8E03E23F07F4323F0FF03DC
S214036EA05BB15368C3F30363092B07D0B3F10C003C
S214036EB018BF01207047002070470120704700BFAD
S214036EC0004008400010002173B516461BB101911F
S214036ED0FFF7B8FD01990A480368046A03F007033D
S214036EE09D1D0123AB40C4F30C041B1B9CB2B44290
S214036EF028BF34462246FCF71BFA204602B070BD74
S214036F0000100840F8B50E46074688B9194B1B68AB
S214036F104BBBC1F11C040125C4F11C03002BB8BFF5
S214036F205B42232B23DC7DB1134B1E700020F8BD80
S214036F3000F0B0FF012818D10F4B93F90040C4F1BD
S214036F401C04A41B0025E7E7FE7403F081FB0B4A31
S214036F505369E40223F4FF2304F4FF241C4354611F
S214036F6003F07AFBE2E70320E1E70220DFE70120F4
S214036F70DDE700BFE82F0020C13D00200070084079
S214036F8008B5FFF777FD03F063FB074AD2F8B03E78
S214036F9023F02003C2F8B03E03F05EFB034B02224D
S214036FA01A60002008BD00BF0010002100400846FC
S214036FB090F8C23053B9074BDA69920208D49B6F34
S214036FC013F4706F14BF0120002070470020704731
S214036FD00120704700600840F8B51446426B82EA09
S214036FE004030B4053404363344A01F00B030D463E
S214036FF023EA0401516402F100722340690706463E
S214037000536411D50121FFF7D3FF68B1FEF73EFFA6
S21403701014F0040F14BF2A4A2A4A4FF40073D361AC
S214037020294B0422C3F88820EA0606D514F0100F6D
S214037030264B14BF00221B22DA642B061DD5270617
S21403704016D51F4B4FF400129A6103F17E430122BB
S214037050C3F8F82003F0FCFA0E2107460320FDF7D9
S21403706011FD1A4B40F201225A62384603F0F4FA35
S214037070214606F1A400FDF7B1FDE80503D5E105B9
S21403708016D5FDF7C9FCAA0503D5A30513D5FDF749
S214037090D3FC15F0600F09D0D6F89410304614F0E0
S2140370A009F80B4B58640B4B80229A600020F8BDFE
S2140370B0FDF7AAFCE7E7FDF7B7FCEAE7000008449C
S2140370C0006008460060084400400844000008408A
S2140370D0001F002100400840014B1868704700BF9E
S2140370E0F430002037B5012300240022CDE9003414
S2140370F0002310461946FEF72DFB0220FDF76CF819
S214037100054D064B21461C6002206B6898472B688A
S21403711003B0BDE83040184700120020EC300020D2
S2140371202DE9FF41022903900C461546984603D1E4
S214037130FFF7D8FF00202EE0194E03F089FA3368D4
S21403714007460BB1AB4229D1164B3560C3F8008016
S21403715001230022CDE90033002310461946FEF72B
S214037160F9FA114B002502201D70FDF735F822466B
S2140371702B4603A90220FDF74DF80C4B039A1A6021
S2140371800B4B1B6804469847384603F065FA002CF9
S214037190D0D13460012004B0BDE8F0810024F3E7C9
S2140371A0EC300020F0300020C33D0020F4300020F7
S2140371B000120020044BDB6D5B055ABF034B1878A7
S2140371C0012000F00100704700500840C33D002036
S2140371D0014B9869FDF768BC00600840014B98694D
S2140371E013F00BBF00600840837C5A1F012A01D9A5
S2140371F0082B05D14B7C2BB1012B05D0022B05D0D8
S21403720013F098BF02487047024870470248704719
S21403721020A1070048E8010040420F0070B50E4663
S21403722003F016FA054600F04FFE044620B1284642
S21403723003F012FA204670BDFEF728FE114B327893
S214037240D3F8E03E022A23F0F00316D0042A0CBF3C
S2140372500222002243EA02137278022A0FD0042A7B
S2140372600CBF0222002243EA8213064AC2F8E03E1B
S214037270054B0422C3F88820D9E70122EAE7012256
S214037280F1E700BF001000210040084470B50E4629
S21403729003F0DEF9054600F02FFE044620B128462B
S2140372A003F0DAF9204670BDFEF7F0FD104B327896
S2140372B0D3F8E03E022A23F00F0315D0042A0CBFAE
S2140372C00222002213437278022A0FD0042A0CBF2C
S2140372D00222002243EA8203054AC2F8E03E054B37
S2140372E00422C3F88820DAE70122EBE70122F1E75C
S2140372F00010002100400844F8B50E7890F8D070CE
S214037300044630460D46FCF7AFFAC8B384F8D0609F
S214037310AB88A4F8D4306B88A4F8D230AB88636407
S214037320FF23A3753046FCF75BFB04F1D0066075BC
S2140373303046FCF7AFFD054618BB3046FCF78AFA25
S2140373400546F0B9D4F8903053B194F8D010B9424A
S21403735006D0B3F912202046D6F784F984F8D9006C
S2140373602046FCF77DFC0949A4F8D400084AD1F866
S214037370F810012304F1A400FDF7F2FE2846F8BD39
S2140373800125032384F8D030F8E700BF001F00214F
S214037390681F002170B5054690F8D00003280C46F8
S2140373A01DD0FF291DD01AB10F4B4FF0FF321A60C4
S2140373B0FCF716FB064695F8D000FCF7FDFA844268
S2140373C028BF0446E4B2B44238BF3446E0B2A875D8
S2140373D0FCF7A6FBA0F1FF035842584170BD0220FC
S2140373E0FCE70120FAE700BF0812002070B5C36B64
S2140373F0012B84B003D10025284604B070BD374B5B
S214037400D0F89060D3F8F830C0F894303146058B46
S214037410044613F018FEB3898DF80E00D6E9012151
S214037420EB1A9BB201FB032202A80021ADF80C3035
S2140374300292FDF75FFD18BB294B228BDA63FCF73C
S214037440F7FC05460028D7D1237C60F34103237459
S21403745013F0CCFDD4F890305A69431EDBB21268A1
S2140374600192FD2B10D9D61C0ED91E4B01321B6878
S21403747010D0D91CC0D8024601A92046019306E0C5
S2140374800225284604B070BD024601A9204613F023
S21403749036FDB1E7DA1C05D8024601A9204601935A
S2140374A013F02DFDD4F8FC309B0504D4237C43F065
S2140374B002032374A0E74FF48031204613F06FFBDA
S2140374C0D4F8F820D4F8FC3002400B4052EA03010B
S2140374D092D005492046096888478DE7001F00219A
S2140374E000300840101200201412002038B590F81F
S2140374F0DC400546ACB103F0ABF80A4B1F22DA6159
S214037500013C03F100731440DC6103F17A43D5F8C0
S214037510E0201A66D5F8E4205A66BDE8384003F042
S2140375209BB838BD006008442DE9F74F80461546E2
S214037530084619B9012003B0BDE8F08F002AF9D038
S214037540032904D80021FCF7B3F80028F2D0827888
S214037550048803794679C788B0F90000002802F04A
S2140375600701C0F2CE80A1F1070CDCF1000040EB6E
S2140375700C00052928738CBFC2F300100020C2F349
S214037580801C6873900985F810C000F00200C2F3EF
S214037590C00C40EA0C00C2F340126874AA74AF82AF
S2140375A00BB998F8CA30013BDBB2EB74D8F8343029
S2140375B0D80600F18F800639012900F28B80524BE2
S2140375C0DB6C524B5A6B1B6B03F007030633012726
S2140375D09F40013F083C42F0005A3C4000231AF803
S2140375E004B0AB6001343C40621D3A40531C3B4040
S2140375F0BBF1800F1AF803101AF8023098F812201D
S21403760018BFABF1320B43EA012314BF4FFA8BFBCF
S2140376106FF07F0BC3F30B098AB30020D8F89C30B6
S2140376200BB159469847631C3B40E87385F80EB088
S2140376301AF8031001333B401AF8032001333B408A
S21403764041EA02211AF8032001333B4041EA024192
S2140376501AF803006A7C002341EA00614046FDF7FE
S21403766089FE286098F81230042B04D1B9F1040F70
S2140376709CBF033028600423AB7100205BE7D9046A
S21403768024D5D8F89430A3B11A68022A11D993F8EE
S21403769024304FEAC9000BB1B0FBF3F08642BCD8E6
S2140376A00028BAD0C6EB0626B6FBF0F0C043C0B23D
S2140376B0B4E729464046FFF797FD0190404613F08E
S2140376C029FD019BB3FBF0F0C3B2E2E71AF804000E
S2140376D04000ECE70023EB730D4BDA68C2F3072395
S2140376E0120448BF63F0FF035AB212F1800F18BFAB
S2140376F0323B4FF0000018BF5AB2AA732860A87135
S21403770019E7022017E700BF0000084000100840F2
S2140377100070084070B50A4B0A4DD3F8EC604FF47E
S2140377208064C5F8EC400020FEF760FC4FF400537D
S2140377306B65730544BF044BC3F8EC4070BD00BFD4
S214037740001008400010084400100846082318B12B
S214037750024AC2F888307047014AFAE700400846F2
S21403776000400844F8B504460E4619B990F910309F
S214037770002B5FDB484BA18BD3F88420D4F894709E
S21403778012F4E05F04BF2022C3F810224FF6FF7303
S214037790994261D0414B1B68002B5DD0404D20467B
S2140377A09847D4F894102A688A4207D0204613F0E4
S2140377B081FC3C4B58643C4B80209860974250D0E9
S2140377C03A4B1B684BB11FB13A68002A5DD0BF68BD
S2140377D0394620469847D4F89410084613F083FC9D
S2140377E000284ED03249FDF721FC20460727FCF738
S2140377F037FA002E3BD02F4B94F9132093F9003021
S2140378002D49D4F89400C3F11C039B1A4A69DB0282
S21403781022F4FF2203F4FF231343284A4B61284B29
S214037820286006211167204601221A7013F0A4FD72
S2140378300020F8BD037C184AD0F8947061F3C71390
S2140378400374D2F884304FF6FF7113F4E05F81833C
S21403785002D12023C2F81032114D2A68BA423946A3
S214037860A4D120460127FCF7FBF9002EC3D10D4B0C
S2140378700F4AD3F8F81004F1A4003B46FDF770FC5A
S214037880B9E7204613F0E3F8ACE717463946204637
S2140378909847D4F89410A0E700600840E83000202A
S2140378A0DC300020001F002100400840D8300020B4
S2140378B0681F0021C13D00200070084000000844F6
S2140378C0C03D002038B5C1F308058D421BD100F03A
S2140378D0E1FA0128044618D1D4F76AFB00221146C0
S2140378E00220D4F769FA0A4B0A4A1A6303F10073B3
S2140378F0ED0202201D6322462146D4F75DFAD4F733
S21403790027FB002038BD0120FCE70220FAE700BF72
S21403791000400E4400F80F0002484822002113F0EE
S214037920FFBD00BFE41E0021032337B580F8D03027
S21403793000234FF0FF35C3746423C0E92C33C0E93A
S2140379402E33C0E907554564C0F8AC30A0F8C03004
S2140379504575C58204461120D3F7F4FF042835D1B4
S2140379601C4B5B6813F4403F30D12046FEF7DAF831
S2140379702046FFF7D1FF94F913102046FFF7C2FA0B
S214037980154A6023536402F5805240F6FF71516234
S2140379905165124A5364124B4022C3F88820626B27
S2140379A029462046FFF718FB0E230022CDE90033B5
S2140379B040F2022310461946FDF7CCFEFBF7E6FF1E
S2140379C0204603B0BDE83040FBF786B8022003B07C
S2140379D030BD00BF00300E400000084000000846DF
S2140379E0004008440A68F8B50346013208BFD3F8D6
S2140379F0AC20B0F8D44008BF0A604A68013204BF1E
S214037A00D3F8B8204A608A68571C00F1A40039D11D
S214037A10D3F8B450CA688D60561C39D1D3F8B06019
S214037A200A69CE60013204BFD3F8A4200A614A690A
S214037A30013204BFD3F8A8204A618A69013204BF21
S214037A40D3F8BC208A618F6947B304F14102BA4276
S214037A5038BF3A460C688A61C3E92B464C68C3F8BC
S214037A60B450C3E92E420A69C3F8A4204A690C49F4
S214037A70C3F8A820D1F8F8100A4A0723FDF770FBCD
S214037A800020F8BD04F14105954238BF1546C1E70D
S214037A9004F16406964238BF1646C1E76422D9E766
S214037AA0001F0021681F002138B5084D04462868CA
S214037AB0003818BF0120621C214600F093FD2B6896
S214037AC0003B18BF0123A370002038BDE43000201C
S214037AD038B5054C054B417800782568236000F0DF
S214037AE0F7FC00B1256038BDE4300020201C0500FB
S214037AF070B502F0ADFD0C4E054600F0CBF901283B
S214037B0004D0284602F0A8FD022070BD736813F067
S214037B10706FC3F30364F0D1F36BDB06EDD5284631
S214037B2002F09AFD2046F0E700400840037C61F32C
S214037B308203037429B1044B1968044B002918BF48
S214037B401946034B19607047E43000202C1C0500CF
S214037B50E030002038B502F07BFD0B4A13884FF661
S214037B60FF718B4203D102F077FD032038BD074C2B
S214037B70074DE56504F100741B04E365118002F00C
S214037B806BFD0020F2E700BF2813002000600844C6
S214037B900000FFFF2DE9F34104460F461546FFF7A5
S214037BA06DF9A0B1DFF84C82D8F80C30DB0704D4AB
S214037BB00326304602B0BDE8F08102F049FD0646D2
S214037BC00320FCF735FC20B1304602F045FD0226C3
S214037BD0EFE7D8F80C3013F0060F3046F5D102F075
S214037BE03BFD784B4FF400612046D3F8E08ED3F884
S214037BF0B86EFEF70DFF40B1734B4FF400720121D0
S214037C00C3F888200846FAF76DFD39462046FAF78A
S214037C1023FF6C4BC3F8B86EC3F8E08E0646002805
S214037C20C7D1237C9F0601D4002D58D0C5F340004E
S214037C30FEF7F8F815F4807F14BF644A624A4FF0E3
S214037C4002031BBFC2F88830614AC2F8883000219D
S214037C501CBFD1609362FEF719F915F0040F14BF29
S214037C605C4A5D4A4FF48063D361574B042215F098
S214037C70400FC3F8882014BF584A594A4023284661
S214037C80C2F88030FEF778FF204613F0A4FA40B11E
S214037C9015F0010F14BF4D4A4B4A4FF48073C2F8D8
S214037CA08830A80645D5638C4FF6FF7293420FD0F3
S214037CB04C4A4D49D26D100CC2F3011208800132B2
S214037CC04549B3FBF2F3434A4848C8651B04D365EA
S214037CD0237C003D18BF012565F345132374204616
S214037CE013F047FB00283DD0204613F074FAE0B1AA
S214037CF04FF400312046FEF78BFE00280CBF01230D
S214037D000223032201A9324813F0B0F89DF80410A9
S214037D10374A01F00703052B9DF8053018D10907EC
S214037D200AD443F48073C2F8C030002013F0FFF87F
S214037D303FE7FFF70FFFCBE713F0040F08BF9DF8ED
S214037D4006302B4A0CBF43F480734FF48073EAE784
S214037D5003F03001202902D113F0010FEEE79DF85E
S214037D600630E0E7204613F066FB0028DDD0204609
S214037D7013F031FA0028D8D0237DA3F10C02012A90
S214037D801BD8238B032B1AD0194B93F8C93003F057
S214037D900703072B0CBF082406240D48214613F0BF
S214037DA06EF8431C3FF404AFC0B2114B062C08BF59
S214037DB000F00F0083F8C800B7E70E2BE3E70924AB
S214037DC0EBE700BF001000210040084400400846CF
S214037DD0001008400060084600600844007008462B
S214037DE00070084400600840281300200000FFFFCE
S214037DF0001E00210050084008B50B4BD3F8B430E2
S214037E005A1C0FD05B000DD40320FEF7D3FF074B9D
S214037E104FF08062C3F89420054A4FF40071516214
S214037E200122DA6008BD00BF0081E00F004008466B
S214037E3000000840024B4FF40022C3F88820704726
S214037E4000400844024BD3F88800C0F3C040704794
S214037E5000400840014B024A1A607047D8300020A1
S214037E60B56A0300024BD86800F00100704700BFF4
S214037E7000500840064BDA68D20702D508B9FCF76B
S214037E8085B9DB68DB0702D408B1FCF771B9704724
S214037E9000500840094B5B68C3F30363013BDBB246
S214037EA00B2B02D8064AD05C7047064BDB6813F0F0
S214037EB0060F0CBF01200420704700BF0040084097
S214037EC0341C0500005008400A4A5368C3F3036194
S214037ED00B2906D00C290AD0092914BF002002203A
S214037EE07047D2F8880010F48030EED17047022035
S214037EF0704700BF004008400C4A5368C3F3036151
S214037F00062906D804290CD8032914BF002002200A
S214037F107047072907D1D2F8440110F00050ECD17E
S214037F207047022070470020704700BF004008409B
S214037F300E4B30B511F0010F4FF00F04DC650C4CFF
S214037F4012D08AB90125E5650A4CC3F8FC40036CD8
S214037F50074CC3F31303C4F8FC3022B1064BC164C9
S214037F600222C3F8B82030BD0225ECE700600844BF
S214037F7000600846FFFF0F000010084013B5837C1F
S214037F80033BDBB2072B96BF104A0021D15C0446A5
S214037F90FEF70AFF0120FCF7C3FB0D4B4FF4F0621C
S214037FA05A6403F100734FF400725A64A37C053BD2
S214037FB0012B08D8074B04211B6E019301220DEBFE
S214037FC00100FBF70BFA02B010BD00BF401C050012
S214037FD00000084400600840012310B580F8C23052
S214037FE02823C0F8A83004238374054B0446196875
S214037FF012F02FFD2046FFF7C1FF002010BD00BF83
S214038000C03A0500012310B580F8C2302823C0F813
S214038010A83002238374054B0446196812F019FD31
S2140380202046FFF7ABFF002010BD00BFBC3A05009B
S214038030012910B5044604D90239012914D90320AD
S21403804011E00B4B19680523012284F8C2204FF474
S214038050BC72C4F8A820A374204612F0FAFC20468B
S214038060FFF78CFF002010BD024B19680623EBE7D1
S214038070B83A0500C43A0500174B30B507245C63CD
S214038080164C03F17C43C1B1442540F04000DD6249
S2140380901863012363634FF4804302B989B90F4A17
S2140380A0C2F8A03089B10C4B4FF48042C3F8A42029
S2140380B0C3F8A820C3F8AC200DE0D9621963616346
S2140380C0E9E7054AC2F8A030EDE7C2F8A430C2F8E3
S2140380D0A830C2F8AC3030BD0000084400000846A3
S2140380E02DE9F04F89B09046039305460F4602F0FC
S2140380F0AFFA012106460020FDF732FFAB7C033BB7
S214038100DBB2072B96BF5C4A4FF0000B12F803B0A6
S214038110032F00F2AE80DFE807F0025E6974574B68
S214038120DFF87C91D3F800A00222AA74012285F816
S214038130C220BAF1000F00F09C80D5F88C2052457F
S21403814007D05046FBF778FB0022C5F88CA0C5F88D
S214038150902041462846FAF705FB002204460121F3
S2140381601046FDF767FF5F4508D0D5F89020DAF88C
S21403817004101268284613F099F80446039BDFF8A8
S21403818024A1A3F15A00FCF7B9F9B0F57F4F3CBF21
S2140381903B4A126B03463CBF01329B18A3F57F4351
S2140381A0CAF8BC304846FCF78BFF0023CAF8C00069
S2140381B0CAF8C43044B9012300941A4641462846F7
S2140381C0FAF758FB044608B3304602F045FA204651
S2140381D009B0BDE8F08F04222A4BAA740122D3F813
S2140381E000A0DFF8C49085F8C220A2E7264BD3F898
S2140381F000A00522AA740122DFF8B09085F8C220F9
S21403820097E7224B0622D3F800A0F3E7204B012280
S2140382104FF00209C3F888204146C3F80090284669
S214038220FEF7AEFE044618B11A4BC3F80090CBE730
S21403823039462846FEF7B8FD129B0593139B069313
S214038240BDF85030ADF81C3005A99DF854308DF8B4
S2140382501E30284612F0A5FD04460028B4D10E4968
S2140382600E4AD1F8F810072305F1A400FCF778FFAF
S214038270AAE70124ABE700BF401C0500BC3A050093
S21403828000500840C03A0500B83A0500C43A050055
S2140382900040084600400844001F0021681F0021D4
S2140382A0785D0200001E0021F81E0200F87D07001C
S2140382B010B50C4CD4F8003203F00702022A0BD098
S2140382C003F00303012B0AD102F0D0F8D4F81832D6
S2140382D003F00303D84010BDD2F758FDF6E700209D
S2140382E0F4E700BF00400E402DE9F84FDFF8FCB07E
S2140382F02DED028BDBF800A081460F46FCF7AEF8A7
S2140383004FF0FF3508EE100A08EE901A00202C46B0
S214038310064606F110031B015BF8033003F003085F
S214038320B8F1010F17D13046FCF7B0F802460B46FA
S21403833018EE100A18EE901AFBF73CFFDBF85C30D9
S21403834006F10802D340DB0738D5002F3FD00025BF
S2140383503E602C4640460136052EDAD150B3234EF6
S214038360336B0133A4FB03345D190AF4403344F141
S2140383700004B3F5003F4FF0000130D1F36A0AF46E
S214038380405A013341F10007BAF5805F22D1B66A3D
S21403839016F5807641F10001774303FB0171A6FBD6
S2140383A003320A445C4305FB0242A3FB053515442E
S2140383B0C9E90035BDEC028BBDE8F88FA84271EB26
S2140383C00403C7D207B13E6005460C46C2E73D46E6
S2140383D03C46BFE73A0242EA13621B02E2E7B36A8D
S2140383E013F5807341F10002DCE700BF005008403C
S2140383F02DE9F843254C264D264E02F029F9002395
S214038400D4F86880A366D4F800212A612A7B120474
S21403841042F00302C4F800216A7B511C0746C8B227
S2140384200121814031614FF48071616671680832C1
S2140384300131A96046F82210AA6801327168E06D1E
S21403844010F4807913D18A42F8D13BB1384602F052
S21403845003F9C3221A214846FAF758FB6A7BAB682E
S21403846008320233AB6046F822300123E4E74FF4C8
S21403847080736366084BC4F868800122C3F8002142
S2140384803846BDE8F84302F0E7B800BF005008409E
S214038490C03000200040044000500844024B996856
S2140384A05A690A401A6170470040044008B5FFF74E
S2140384B0F5FF054B5B7B01330122DBB202FA03F3C4
S2140384C0024A136108BD00BFC030002000400440CC
S2140384D00B2873B576D8012974D83B4D3B4B2873CC
S2140384E069731B6858002DD4394E3A4AD6F8904023
S2140384F00123A10513605FD422045FD414F0800423
S2140385005ED140F21F121B212046FAF7FFFAD6F877
S214038510003223F007032343C6F800322E4B012212
S214038520C3F81022A3F5202303221A60294A07233F
S214038530536102F17C421361244B4FF08042C3F82F
S21403854080211A6001214FF48A40D3F755F96B7BDB
S2140385502A7B22490133143243F4801343F48053B5
S21403856041F82230FCF7F0F941080191C407FFF700
S2140385709FFE002302460199204600F0F3F9090204
S21403858041EA1061C0F3C05040EA4100144B286032
S214038590986A10F5807005D14FF4E1722B21FAF733
S2140385A0B5FA0220024600230020012100F0DAF982
S2140385B06860002002B070BD0224A8E70524A6E781
S2140385C01C46A4E70120F5E7C030002000E100E0E8
S2140385D000400E400040044400400E4600600E403B
S2140385E00050084028B1054B187B08705B7B13705E
S2140385F0704707230B700123F9E700BFC030002044
S21403860007B502F025F80190FFF7F2FE054B019837
S21403861002225A60044B01221A7003B05DF804EB81
S21403862002F01AB800500840C43D00200C490B78ED
S214038630A3B10C4B5B7B5A1C012393400A4A53613C
S2140386400A4B4FF08042C3F8802100230B70084B7F
S214038650D3F80C01D3F8041100F0AAB8704700BF92
S214038660C43D0020C03000200040044400E100E088
S2140386700050084010B50446FFF71AFE604300F5A5
S214038680F420034B00F59070B0FBF3F010BD00BF71
S21403869040420F002DE9F04385B0FFF7EBFF054698
S2140386A001F0D6FF3D4F0021064602A83970FFF7BA
S2140386B01BFE3B4BD3F8048003F5802304465B681C
S2140386C013F0706F1ED1374BDB6813F0060301936C
S2140386D018D1E8B1FCF738F9691DA1FB00910091A8
S2140386E0FFF7E6FD019B00990246484600F03AF97B
S2140386F0029B090241EA106100029842039B71EB58
S214038700030305D3304601F0A7FF05B0BDE8F083A9
S214038710FFF76EFE002C3BD0DDE90249FFF7C8FDEC
S214038720230A43EA0963A0FB03434FEA192100FB2C
S21403873001310091FCF708F9024620461A4C0099CD
S214038740002300F00FF9617BDFF854E08B0001355E
S21403875003F14023A8EB050803F58023013108EB5A
S21403876000021A625FFA81FC012202FA0CFC8A40BC
S2140387700E49CEF810C04A61DEF804201B6A2D1A93
S214038780D31AAB4204D2074B2269C3F80021B9E7D8
S214038790044B02225A6001233B70B3E7C43D00201A
S2140387A00040044000500840C0300020004004460B
S2140387B02DE9F74F664C674A237B01911B059360AF
S2140387C0654FDFF89C914FF40033936002237B6080
S2140387D0D9F80430064603F1FF384FF0000AA3EB3E
S2140387E00803002B40F3A8800AF1010ABAF1020F2E
S2140387F040D9CE220D210020FAF788F9564D574A64
S2140388004FF080736B662369C5F80031237B1B0525
S21403881043F40033936001F01BFFD5F818C0D5F876
S2140388205CE000210A464FF4807801F110031B0137
S214038830EB5803F00303012B0ED108FA01F313EAF6
S2140388400E0F09D105EB0117B445D7F80C717AD38F
S214038850BE4201D2BC4578D201310529E5D122B109
S214038860E38A1343E3823C4B1A6603B0BDE8F04F3A
S21403887001F0F2BE01F0ECFE4FF080737B66D9F890
S214038880043003F10108637B083349F823803B680F
S214038890DB034FD5A5682368A8EB0505A5FB03E511
S2140388A0BB6A03F5807C6368A5FB0312AEFB03B3C8
S2140388B05B1842F10002ACFB031BBEEB01010CFB91
S2140388C002BB65EB0B05090A41EA0561019D2944D4
S2140388D0B1EB1C2F4FEA1C2503D3013342F10002F0
S2140388E0491B043DA94228BF29463961617DBD69FC
S2140388F0F318C9B242F10002AE423D6B84BF01F1E8
S214038900FF31C9B2B5F1FF3F0ED04FF0000E05F1AF
S214038910010C9D427EEB020B08D20131B3EB0C0334
S214038920C9B262F10002F4E70A44D1B201F00301CE
S2140389306175BB6101F090FED9F80430FA6DD2017F
S2140389407FF54DAF5AE7BE4284D213439AB283E70C
S214038950C03000200050084600500840005008442D
S2140389600040044053B94AB9002908BF00281CBF79
S2140389704FF0FF314FF0FF3000F074B9ADF1080C43
S2140389806DE904CE00F006F8DDF804E0DDE9022325
S21403899004B070472DE9F047089D04468E46002B29
S2140389A04DD18A42944669D9B2FA82F252B101FA9B
S2140389B002F3C2F1200120FA01F10CFA02FC41EAAB
S2140389C0030E94404FEA1C48210CBEFBF8F61FFA30
S2140389D08CF708FB16E341EA034306FB07F19942CB
S2140389E00AD91CEB030306F1FF3080F01F8199427E
S2140389F040F21C81023E63445B1AA4B2B3FBF8F058
S214038A0008FB103344EA034400FB07F7A7420AD9DE
S214038A101CEB040400F1FF3380F00A81A74240F206
S214038A2007816444023840EA0640E41B00261DB171
S214038A30D4400023C5E900433146BDE8F0878B42A6
S214038A4009D9002D00F0EF800026C5E90001304665
S214038A503146BDE8F087B3FA83F6002E4AD18B423F
S214038A6002D3824200F2F980841A61EB03030120E9
S214038A709E46002DE0D0C5E9004EDDE702B9FFDED5
S214038A80B2FA82F2002A40F09280A1EB0C014FEA80
S214038A901C471FFA8CFE0126200CB1FBF7F307FBDD
S214038AA0131140EA01410EFB03F0884208D91CEB80
S214038AB0010103F1FF3802D2884200F2CB8043461D
S214038AC0091AA4B2B1FBF7F007FB101144EA0144FC
S214038AD00EFB00FEA64508D91CEB040400F1FF318B
S214038AE002D2A64500F2BB800846A4EB0E0440EA79
S214038AF003409CE7C6F12007B34022FA07FC4CEA82
S214038B00030C20FA07F401FA06F31C43F9404FEA74
S214038B101C4900FA06F3B1FBF9F8200C1FFA8CFE89
S214038B2009FB181140EA014108FB0EF0884202FADD
S214038B3006F20BD91CEB010108F1FF3A80F088809E
S214038B40884240F28580A8F102086144091AA4B25B
S214038B50B1FBF9F009FB101144EA014100FB0EFEDC
S214038B608E4508D91CEB010100F1FF346CD28E450B
S214038B706AD90238614440EA0840A0FB0294A1EB9C
S214038B800E01A142C846A64656D353D05DB1B3EBF9
S214038B90080261EB0E0101FA07F722FA06F3F14029
S214038BA01F43C5E9007100263146BDE8F087C2F1D0
S214038BB02003D8400CFA02FC21FA03F39140014348
S214038BC04FEA1C471FFA8CFEB3FBF7F007FB103681
S214038BD00B0C43EA064300FB0EF69E4204FA02F42D
S214038BE008D91CEB030300F1FF382FD29E422DD980
S214038BF0023863449B1B89B2B3FBF7F607FB1633B5
S214038C0041EA034106FB0EF38B4208D91CEB010134
S214038C1006F1FF3816D28B4214D9023E6144C91AB4
S214038C2046EA004638E72E46284605E70646E3E6C4
S214038C301846F8E64B45A9D2B9EB020864EB0C0ECE
S214038C400138A3E74646EAE7204694E74046D1E7DD
S214038C50D0467BE7023B614432E7304609E764448B
S214038C60023842E7704700BF024B0A4601461868BF
S214038C7012F05EBC2412002008B5074B044613B15D
S214038C800021AFF30080054B1868836A03B1984749
S214038C90204602F026FD00BF000000002444050025
S214038CA070B50D4D0D4C641BA4100026A64209D1C9
S214038CB00B4D0C4C12F03AFE641BA4100026A64281
S214038CC005D170BD55F8043B98470136EEE755F8D5
S214038CD0043B98470136F2E77C1300207C13002000
S214038CE07C13002080130020024B0146186800F016
S214038CF077B800BF24120020024B0146186800F024
S214038D0003B800BF2412002037B5002944D051F819
S214038D10043C0190002BA1F10404B8BFE41800F052
S214038D20BFFB1E4A0198136833B96360146003B02F
S214038D30BDE8304000F0BABBA34208D925686119E4
S214038D408B4201BF19685B6849192160EDE71A4633
S214038D505B680BB1A342FAD911685518A5420BD12B
S214038D60246821445418A3421160E0D11C685B6850
S214038D70536021441160DAE702D90C230360D6E777
S214038D80256861198B4204BF19685B68636004BF7A
S214038D90491921605460CAE703B030BD383100205A
S214038DA070B50E4E0C463168054611B900F094F8BE
S214038DB030602146284600F08FF8431C0AD0C41CB6
S214038DC024F00304A04207D0211A284600F084F8B2
S214038DD0013001D14FF0FF34204670BD3C310020F6
S214038DE02DE9F041CD1C25F0030508350C2D38BFC1
S214038DF00C25002D074601DBA94205D90C233B6051
S214038E0000263046BDE8F0812E4E00F049FB33685D
S214038E101C4634BB29463846FFF7C2FF431C0446AC
S214038E204DD134682646002E40D123683146384655
S214038E3004EB030800F050F880453AD12168033567
S214038E406D1A25F0030508350C2D38BF0C25294669
S214038E503846FFF7A5FF01302BD023682B44236049
S214038E600EE02268521B1ED40B2A16D96119A342A0
S214038E70256018BF5960636808BF316062514B6054
S214038E80384604F10B0600F011FB26F00706231DF7
S214038E90F21AB6D09B1BA350B3E76268A3420CBF7B
S214038EA032605A60ECE723466468B2E73446766875
S214038EB0B9E70C233B60384600F0F8FAA1E72560D3
S214038EC0DEE700BF38310020024B0A460146186829
S214038ED012F0C0BB2412002038B5064D002304460A
S214038EE008462B60D1F77EFF431C02D12B6803B1E3
S214038EF0236038BD403100202DE9F7431D465D4B06
S214038F001F6804460E46904627B1BB6913B9384618
S214038F1000F008FA584B9C4267D17C68B8F1020F00
S214038F2006D0B8F1010F00F29F80002DC0F29C809E
S214038F30636EDB0705D4A389980502D4A06D12F0EF
S214038F4062FB2146384600F06FF9616B41B104F1CC
S214038F504403994202D03846FFF7D6FE00236363E4
S214038F600023A3616360A389190603D521693846E4
S214038F70FFF7CAFEA38923F44A6323F00303B8F179
S214038F80020FA3816CD001AB6A462146384612F025
S214038F903CFBA3891843A081002D30D1009D2846B1
S214038FA0FFF7A2FE0646002855D1DDF80090A94536
S214038FB04AD14FF0FF350022A26004F14702226037
S214038FC022610122B4F90C306261626E43F002033F
S214038FD0D207A38105D413F4007F02D1A06D12F04B
S214038FE013FB284603B0BDE8F083244B9C4201D113
S214038FF0BC6893E7224B9C4208BFFC688EE7002EB2
S214039000CDD0BB6913B9384600F08CF9B8F1010F1F
S21403901008BFA389266004BF43F00103A381A28986
S21403902012F00803C4E904651CD0D30741BF00232C
S2140390306D42A360A56158BFA560656E15F0010576
S21403904015D112F4007FC8E74846FFF74DFE0646E3
S2140390500028AED04D46A38943F08003A381D0E712
S2140390600025A8E7A360E8E74FF0FF35B9E700253A
S214039070B7E700BF241200204844050068440500F3
S214039080284405000CB430B5174B0C1E1D689DB064
S21403909008DA8B232B604FF0FF301DB0BDE830405D
S2140390A002B070474FF40273ADF8143014BF04F1E6
S2140390B0FF332346049307934FF6FF7302900690FD
S2140390C0ADF81630209A21AB02A92846019300F08A
S2140390D0F3F9431CBCBF8B232B60002CDDD0029B13
S2140390E000221A70D9E700BF2412002013B50B46DE
S2140390F009490C68024644B1A16931B9CDE90003B8
S214039100204600F00FF9DDE90023A168204602B0EF
S214039110BDE8104000F0D0BA241200208A892DE959
S214039120F041054610070C4658D44B68002B05DC67
S2140391300B6C002B02DC0020BDE8F081E66A002EF3
S214039140F9D0002312F480522F682B6032D0606D62
S214039150A3895A0705D56368C01A636B0BB1236CE2
S214039160C01A00230246E66A216A2846B047431C13
S214039170A38906D129681D292CD82A4ACA40D607AE
S21403918028D500226260D9042269226004D5421CD5
S21403919001D12B6803B96065616B2F600029CAD0C3
S2140391A004F14403994202D02846FFF7ADFD0020A0
S2140391B06063C1E7216A01232846B047411CC7D133
S2140391C02B68002BC4D01D2B01D0162B01D12F608A
S2140391D0B1E7A38943F04003A381ADE70F69002FEE
S2140391E0A9D093070E6808BF4B690F6018BF00230A
S2140391F0A6EB07088B60B8F1000F9CDD216AA66A10
S21403920043463A462846B047002806DCA38943F07F
S2140392104003A3814FF0FF308EE70744A8EB000816
S214039220E9E700BF0100402038B50B6905460C4648
S21403923013B90025284638BD18B183690BB900F069
S21403924071F8144B9C421BD16C68B4F90C30002B9C
S214039250EFD0626ED00704D4990502D4A06D12F045
S214039260D2F928462146FFF759FF636EDA0705460B
S214039270E0D4A3899B05DDD4A06D12F0C5F9D9E728
S214039280054B9C4201D1AC68DFE7044B9C4208BF08
S214039290EC68DAE7484405006844050028440500FE
S2140392A0002310B50446C0E90033C0E904338360E5
S2140392B081814366C2818361194608225C3012F0BD
S2140392C02FF9054B6362054BA362054BE362054B1F
S2140392D02462236310BD00BF95B80400B7B804002A
S2140392E0EFB8040013B90400014912F06CB900BFCB
S2140392F029920300014812F086B900BFC63D00203C
S214039300014812F081B900BFC63D0020014812F0A3
S2140393107AB900BFC73D0020014812F075B900BFF7
S214039320C73D002010B50446FFF7F0FFA3691BB145
S214039330BDE81040FFF7F0BFC4E912332365134BB3
S214039340134A1B68A262A34204BF0123A3612046FB
S21403935000F020F86060204600F01CF8A06020466D
S21403936000F018F80022E06004216068FFF798FF19
S214039370A06801220921FFF793FFE0680222122169
S214039380FFF78EFF0123A361D2E700BF2444050045
S214039390E9920300F8B50746FFF7ACFF1E4B1E68BD
S2140393A0B36913B93046FFF7BDFF4836D6E9013433
S2140393B0013B03D533680BB33668F7E7B4F90C50B3
S2140393C0D5B9164BE36004F15800656612F01AF936
S2140393D0FFF796FFC4E90155C4E904552560A56166
S2140393E00822294604F15C0012F09AF8C4E90D55E8
S2140393F0C4E912552046F8BD6834D9E70421384637
S21403940012F0CBF8044630600028D5D1FFF778FF7A
S2140394100C233B60EEE700BF244405000100FFFF7A
S2140394208B8973B59D0706460C4607D504F147039B
S214039430236023610123636102B070BD01AB6A46FA
S21403944012F0E3F8009905463046FFF7C9FC48B921
S214039450B4F90C309A05EFD423F0030343F0020368
S214039460A381E3E70D4BB362A389206043F0800337
S214039470A381009B6361019B20615BB1B4F90E106D
S214039480304600F063FC28B1A38923F0030343F0BE
S2140394900103A381A0890543A581CDE7E9920300D3
S2140394A0014812F0B0B800BFC53D0020014812F0D5
S2140394B0ABB800BFC53D00202DE9F04F98468B8919
S2140394C01B069DB007460D4614460ED50B6963B9B9
S2140394D04021FFF785FC2860286120B90C233B60F8
S2140394E04FF0FF30D1E040236B6100230993202324
S2140394F08DF82930CDF80C803023DFF8A8818DF85D
S2140395002A304FF0010923469A4613F8012B0AB175
S214039510252AF9D1BAEB040B0BD05B462246294623
S214039520384612F0C6F8013000F0AA80099A5A4469
S21403953009929AF80030002B00F0A28000234FF027
S214039540FF32CDE905230AF1010A049307938DF848
S21403955053301A935446052214F8011B5148C6F794
S214039560D7FD049AD8B9D00644BF20238DF85330CC
S214039570110744BF2B238DF853309AF800302A2B5B
S21403958015D0079A544600204FF00A0C214611F8CE
S214039590013B303B092B4ED9B0B1079214E0A0EB48
S2140395A0080309FA03F313430493A246D2E7039B83
S2140395B0191D1B680391002BBBBF5B4242F00202DE
S2140395C007930793B8BF049223782E2B0CD16378A6
S2140395D02A2B35D1039B1A1D1B680392002BB8BF99
S2140395E04FF0FF3302340593DFF8C8A02178032237
S2140395F05046C6F78DFD40B14023A0EB0A0003FAA0
S21403960000F0049B03430134049314F8011B26481B
S2140396108DF828100622C6F77BFD002838D0234B8A
S2140396201BBB039B073323F0070308330393099BF2
S2140396303344099367E70CFB02320C460120A5E787
S21403964000230134059319464FF00A0C204610F800
S214039650012B303A092A03D9002BC5D00591C3E75D
S2140396600CFB012104460123F0E703AB00932A46D3
S2140396700F4B04A93846AFF30080421C0646D6D1EA
S214039680AB895B063FF52CAF09981DB0BDE8F08F9C
S21403969003AB00932A46064B04A9384600F03CF970
S2140396A0EBE700BF88440500924405000000000075
S2140396B0B3B604008E4405002DE9F04F0D469DB069
S2140396C014469846064618B183690BB9FFF72AFE77
S2140396D0894B9D421BD175686B6ED90705D4AB8940
S2140396E09A0502D4A86D11F08EFFAB891B0701D52E
S2140396F02B69EBB92946304600F098FAC0B16B6E79
S214039700DC070ED54FF0FF301DB0BDE8F08F7B4B66
S2140397109D4201D1B568DFE7794B9D4208BFF568E6
S214039720DAE7AB899805EDD4A86D11F06DFFE9E78C
S2140397300023099320238DF82930CDF80C8030239D
S214039740DFF8C0818DF82A304FF0010923469A4688
S21403975013F8012B0AB1252AF9D1BAEB040B0BD067
S2140397605B4622462946304612F015F8013000F0D3
S214039770AA80099A5A4409929AF80030002B00F0FE
S214039780A28000234FF0FF32CDE905230AF1010A38
S214039790049307938DF853301A935446052214F80E
S2140397A0011B5848C6F7B4FC049AD8B9D10644BF7F
S2140397B020238DF85330130744BF2B238DF85330E3
S2140397C09AF800302A2B15D0079A544600204FF0FB
S2140397D00A0C214611F8013B303B092B4ED9B0B198
S2140397E0079214E0A0EB080309FA03F31343049368
S2140397F0A246D2E7039B191D1B680391002BBBBF30
S2140398005B4242F0020207930793B8BF04922378A1
S2140398102E2B0CD163782A2B35D1039B1A1D1B687C
S2140398200392002BB8BF4FF0FF3302340593DFF8E3
S214039830E4A0217803225046C6F76AFC40B14023D1
S214039840A0EB0A0003FA00F0049B034301340493DD
S21403985014F8011B2C488DF828100622C6F758FC6E
S21403986000283FD0294B1BBB039B073323F007037A
S21403987008330393099B3B44099367E70CFB0232C7
S2140398800C460120A5E700230134059319464FF043
S2140398900A0C204610F8012B303A092A03D9002B6C
S2140398A0C5D00591C3E70CFB012104460123F0E76D
S2140398B003AB00932A46164B04A93046AFF3008049
S2140398C00746781CD6D16B6ED90705D4AB899A05A3
S2140398D002D4A86D11F098FEAB895B063FF512AF74
S2140398E0099811E703AB00932A46094B04A93046AF
S2140398F000F012F8E4E700BF48440500684405009A
S2140399002844050088440500924405000000000032
S21403991097B704008E4405002DE9FF470F7E0C9D84
S214039920782F914680460C469A4601F1430207D8A3
S214039930622F0AD8002F00F0D880582F00F0A3809B
S21403994004F1420584F842703AE0A7F16303152B4D
S214039950F6D801A151F823F0B1990300C599030085
S214039960419903004199030041990300419903007B
S214039970C5990300419903004199030041990300E7
S21403998041990300D19A0300F5990300B39A0300A3
S2140399904199030041990300F39A03004199030098
S2140399A0F59903004199030041990300BB9A03000C
S2140399B02B681A1D1B682A6004F1420584F842309E
S2140399C00123A3E020682968060601F104030AD5EB
S2140399D00E682B60002E03DA2D23764284F843307C
S2140399E05E480A2319E00E682B6010F0400F18BF7C
S2140399F036B2EFE72B682068191D2960010601D5EA
S214039A001E6802E04606FBD51E8854486F2F0CBF1F
S214039A1008230A23002184F843106568A560002DF7
S214039A20A2BF216821F0040121600EB9002D4DD09C
S214039A301546B6FBF3F103FB1167C75D05F8017D19
S214039A403746BB420E46F4D9082B0BD12368DE07F4
S214039A5008D5236961689942DEBF302305F8013CC7
S214039A6005F1FF35521B2261CDF800A04B4603AA31
S214039A702146404611F0A1FE01304CD14FF0FF3095
S214039A8004B0BDE8F087354881F845702968236837
S214039A9051F8046B29601D0614D5DF0744BF43F055
S214039AA0200323601EB9236823F0200323601023BA
S214039AB0B0E7236843F0200323607823284884F81C
S214039AC04530E3E7590648BFB6B2E6E71546BBE7B7
S214039AD02B6826686169181D286035061B6801D542
S214039AE0196002E07006FBD5198000232361154632
S214039AF0BAE72B681A1D2A601D686268002128468B
S214039B00C6F706FB08B1401B606063682361002349
S214039B1084F84330A8E723692A4649464046D04797
S214039B200130ABD023689B0713D4E068039B9842AD
S214039B30B8BF1846A4E70123324649464046D047F5
S214039B4001309BD00135E36803995B1AAB42F2DC24
S214039B50EBE7002504F11906F5E700BF9944050075
S214039B60AA440500F8B50E461446054618B183699F
S214039B700BB9FFF7D7FB214B9C422BD16C68A3692B
S214039B80A360A3891A072FD523696BB323692068BB
S214039B90C01A6369F6B28342374604DC2146284678
S214039BA0FFF742FB30BBA368013BA36023685A1C44
S214039BB022601E7063690130834204D0A389DB07E9
S214039BC006D50A2E04D121462846FFF72DFB88B971
S214039BD03846F8BD0A4B9C4201D1AC68CFE7094B27
S214039BE09C4208BFEC68CAE72146284600F01EF8E8
S214039BF00028CBD04FF0FF37EAE700BF4844050004
S214039C00684405002844050038B5074D0446084651
S214039C10114600222A601A4601F07BFD431C02D13E
S214039C202B6803B1236038BD40310020324B70B53A
S214039C301D6806460C4625B1AB6913B92846FFF7DF
S214039C4071FB2E4B9C420FD16C68A389B4F90C2090
S214039C5019072CD4DD0611D40923336042F04003E0
S214039C60A3814FF0FF303EE0254B9C4201D1AC6808
S214039C70EBE7244B9C4208BFEC68E6E7580712D58F
S214039C80616B41B104F14403994202D03046FFF7B9
S214039C903BF800236363A38923F02403A3810023F3
S214039CA0636023692360A38943F00803A3812369C0
S214039CB04BB9A38903F42073B3F5007F03D0214681
S214039CC03046FFF7ADFBA089B4F90C2010F0010372
S214039CD00AD00023A36063695B42A361236943B987
S214039CE010F08000BAD170BD810758BF6369A360C6
S214039CF0F4E70020F7E700BF2412002048440500DD
S214039D00684405002844050038B5064D002304467C
S214039D1008462B6001F0E3FC431C02D12B6803B119
S214039D20236038BD4031002038B5074D0023044674
S214039D30084611462B6001F0D5FC431C02D12B6864
S214039D4003B1236038BD00BF4031002038B5064D4F
S214039D500023044608462B6001F0C9FC431C02D1CD
S214039D602B6803B1236038BD4031002038B5074D5A
S214039D7004460846114600222A601A4601F0B9FC3A
S214039D80431C02D12B6803B1236038BD4031002049
S214039D9038B5074D04460846114600222A601A467F
S214039DA001F0A9FC431C02D12B6803B1236038BD24
S214039DB04031002038B505460848E0F76FFF0446F3
S214039DC048B9E0F7C1FF04461DB1054B1B689B79F4
S214039DD02B70E0F7D1FF204638BD00BFC444050012
S214039DE0242E00202DE9F84380460D489DF8209048
S214039DF00F4616461D46E0F751FF78B9094B1C6817
S214039E0084F80480C4F80570C4F80960A4F80D50FB
S214039E1084F80F90BDE8F84308F08FBEBDE8F883DA
S214039E2004450500202E002038B5054606480C4696
S214039E30E0F734FF38B9054B1B681D715C71BDE84C
S214039E40384008F07ABE38BDD4440500202E0020E2
S214039E5038B5054606480C46E0F720FF38B9054BEB
S214039E601B681D715C71BDE8384008F066BE38BDDE
S214039E70FC440500202E00202DE9F34180466E4663
S214039E801148089D86E80C000F46E0F707FF0446D6
S214039E90B0B90E4B00981B68B28883F804805F71D4
S214039EA0C3F806005A81E0F74FFF044635B1084B66
S214039EB01B68D3F806202A605B89AB80E0F75CFF5B
S214039EC0204602B0BDE8F081F4440500202E0020B1
S214039ED0242E002010B504460548E0F7DFFE30B90F
S214039EE0044B1B681C71BDE8104008F026BE10BD6D
S214039EF0BC440500202E002010B504460548E0F7B4
S214039F00CDFE30B9044B1B681C71BDE8104008F049
S214039F1014BE10BD14450500202E002010B50446BF
S214039F200548E0F7BBFE30B9044B1B681C71BDE85F
S214039F30104008F002BE10BDCC440500202E0020C1
S214039F4070B5064607480D461446E0F7A7FE40B927
S214039F50054B1B681E715D719C71BDE8704008F06F
S214039F60ECBD70BDEC440500202E002038B5054638
S214039F7007480C46E0F792FE40B9064B1B681D7176
S214039F80C3F80540BDE8384008F0D7BD38BD00BF6C
S214039F90DC440500202E002038B505460C4607484D
S214039FA00121E0F78BFE38B9054B1B681D715C7108
S214039FB0BDE8384008F0C1BD38BD00BFE444050025
S214039FC0202E002070B5064607480D461446E0F7D7
S214039FD065FE40B9054B1B681E715D719C71BDE83B
S214039FE0704008F0AABD70BD0C450500202E002069
S214039FF038B505460848E0F751FE044648B9E0F789
S21403A000A3FE04461DB1054B1B68DB882B80E0F7D7
S21403A010B3FE204638BD00BF2C450500242E002085
S21403A02038B5054606480C46E0F738FE38B9054B02
S21403A0301B689D80DC80BDE8384008F07EBD38BDD7
S21403A04034450500202E002038B5054606480C4644
S21403A050E0F724FE38B9054B1B689D80DC80BDE81D
S21403A060384008F06ABD38BD3C450500202E002068
S21403A07010B504460548E0F711FE30B9044B1B68DB
S21403A0809C80BDE8104008F058BD10BD244505006F
S21403A090202E002010B504460548E0F7FFFD30B932
S21403A0A0044B1B689C80BDE8104008F046BD10BDFD
S21403A0B01C450500202E002038B505460C460748EB
S21403A0C00121E0F7FBFD40B9054B1B681D71A3F8A2
S21403A0D00540BDE8384008F030BD38BD44450500AE
S21403A0E0202E002070B5064608480D461446E0F7B5
S21403A0F0D5FD50B9064B1B681E71A3F80550A3F88F
S21403A1000740BDE8704008F018BD70BD4C4505001B
S21403A110202E002008B50448E0F7C0FD18B9BDE8B6
S21403A120084008F00ABD08BD5C45050038B505467D
S21403A13006480C46E0F7B2FD38B9054B1B681D719F
S21403A1405C71BDE8384008F0F8BC38BD54450500DE
S21403A150202E0020002008F094BC012903D90239E0
S21403A160012906D9704710B92020E0F701BD8020E9
S21403A170FBE708B94020F8E74FF48070F5E7B1F540
S21403A1807A6F05D8B0F5FA7F94BF00200120704798
S21403A1900220704708B501F017FDC6F709F901F06C
S21403A1A020FDC6F7B5F9D5F7D5FBF8E7D7F7B8B965
S21403A1B008B5D6F733FABDE80840E0F775BB10B527
S21403A1C00446CFF749FB2046E6F794FA2046C6F73F
S21403A1D09DFA10BD0120704700B5C3B0D7F734F918
S21403A1E003F051FD48B1FFF7F5FF30B101A808F0C1
S21403A1F042FC10B901A8FFF7E2FF43B05DF804FB89
S21403A20000F0CBB810B50446C7F7E8FA2046CFF7F8
S21403A2103BFE2046C6F7CEFB10BD0120704700B5B7
S21403A220C3B0E4F7A9F948B1FFF7F7FF30B101A8C7
S21403A2300AF098F810B901A8FFF7E4FF43B05DF8F9
S21403A24004FB08B5D0F70CFED1F77CF9C7F7E2F9A3
S21403A250C7F768FABDE80840D0F734BB08B500F086
S21403A2609AF8D5F753FED4F751FE01F0A2F8D5F7C6
S21403A27017F9BDE80840C7F73BBA08B5D3F7D6FACF
S21403A280D3F7E4FAFFF794FFC7F74CF9BDE80840A5
S21403A29000F0FFBE08B5D0F7DDF8D0F7A7F9BDE8A4
S21403A2A00840D0F7C9B8704708B5D0F727F9BDE816
S21403A2B00840D0F7BBBA08B5FFF78EFFBDE80840E5
S21403A2C0FFF7ADBF7047C7F721BA012070470120DB
S21403A2D0704710B5D0F746F90446D0F7D7FA0028EA
S21403A2E008BF0024D7F7D8F8002808BF0024FFF7D4
S21403A2F0ECFF002814BF2046002010BD38B5D5F764
S21403A3001DFC0446D0F73EF9042825D002284FF05A
S21403A310000508BF0124D0F7AFFA04281ED0022890
S21403A32008BF012403F0EBFC042819D0022808BF59
S21403A3300124C7F7F1F9042814D0022808BF012422
S21403A340FFF7C5FF04280FD0022808BF0124002DFD
S21403A35018BF0024204638BD0125DCE70125E1E7C8
S21403A3600125E6E70125EBE70024F3E7CFF7ECBA90
S21403A370704770477047704770470022CFF7E0BFBB
S21403A3807047704708B50123042205210020D2F741
S21403A3907BFB002008BDFFF7F5BF08B50023184672
S21403A3A004220521D2F770FB002008BD70B50024F7
S21403A3B0064625465B210820D0F7B8FD102C04F18D
S21403A3C0010300D170BD012B14D0022B14D0032B34
S21403A3D014D0042B14D0052B04D16A1C2946D5B2FD
S21403A3E01C46E8E70D3C012C0CD9102B0CD0B21FF1
S21403A3F0D15CF5E70C21F3E7D121F1E78021EFE704
S21403A4000021EDE75A21EBE75D21E9E707B520F0E8
S21403A4107F4040EA81700123019068468DF8003042
S21403A420FFF7C4FF03B05DF804FB70B506680C467F
S21403A4308D18AC4201D1002070BD14F8011B91FAAF
S21403A440A1F13046090E00F0EAFAF2E70268136952
S21403A4509B06FCD5704710B5046823691B0600D419
S21403A46010BD204600F0CBFAF7E7FEE74FF40040B6
S21403A47070474FF47A707047002303607047036891
S21403A4800B6001607047436803B11847222070478A
S21403A490436903B11847FF20704730221C2302FB91
S21403A4A0003000F1047000F5204001EBC001890084
S21403A4B00868704738B50D682B78022B0C460CD00D
S21403A4C069792879FFF7E9FFB0FA80F04009287028
S21403A4D02046BDE83840CFF7C7BF38BD03681878B5
S21403A4E0704710B504682378022B15D0617920795C
S21403A4F0FFF7D3FFA279012A15D10038638818BF66
S21403A500012040EA430363F03F039BB24FF6E0713A
S21403A5108B4202D12270638010BD4FF6DF729342E6
S21403A520F9D10022F6E7002AF6D1B0FA80F0400906
S21403A5302070F1E703681A78022A03D100225A80B2
S21403A540D0F760BC704713B504682378022B10D08D
S21403A550A379022B0BD160790021D1F70BF862792E
S21403A56020790023CDE900331146D2F747FA0223B8
S21403A570237002B010BD4FF060420123D2F8001ED4
S21403A58003FA00F00843C2F8000E002070474FF0AD
S21403A59060410122D1F8003E02FA00F023EA0003EC
S21403A5A0C1F8003E0020704710B588B00E9C079493
S21403A5B00D9C06949DF8304005940B9C04949DF8DE
S21403A5C0284003940024CDE9013400920B4602464A
S21403A5D001212046D0F740FD08B010BD704713B5E3
S21403A5E0044601A8D2F72CFE9DF80630238040F2DD
S21403A5F001136380D2F74AFE6060002002B010BDEC
S21403A600D2F7F6BC08B5D2F7E3FC002008BD10B5B8
S21403A610044644EA010313F00303084609D19342B0
S21403A62001D1002010BD54F8231040F82310013345
S21403A630F5E79200214610F04BFFF2E70A46013990
S21403A6400144D4F7A9BF08B5D1F716F9013008BD00
S21403A650EFF3108072B6704700B962B67047EFF337
S21403A6601180602383F31188704780F31188704745
S21403A67084B00B6800934B6801938B680293CB6896
S21403A6800393009B0360019B0360029B0360039B91
S21403A69003600023009301930293039304B070476F
S21403A6A084B0036800930368019303680293036806
S21403A6B00393009B0B60019B4B60029B8B60039B89
S21403A6C0CB600023009301930293039304B0704777
S21403A6D030B5D1E90054D1E9022305600460026075
S21403A6E0036030BD30B50568046802680368C1E9D5
S21403A6F00054C1E9022330BDFFF7EABF1FB58A073E
S21403A700044609D01022684610F0E2FE6946204649
S21403A710FFF7DEFF04B010BD0091009904B0BDE85A
S21403A7201040FFF7D5BFFFF7DDBF1FB58B070C46FD
S21403A73008D06946FFF7D6FF1022204610F0C8FE61
S21403A74004B010BD0091009904B0BDE81040FFF7B7
S21403A750C9BF10B5FFF7BCFFBDE810401031FFF7C7
S21403A760B7BF10B5FFF7BEFFBDE810401031FFF7C7
S21403A770B9BF10B50C46FFF7ABFF1031FFF7A8FFC4
S21403A78004F12001FFF7A4FF04F13001BDE81040F7
S21403A790FFF79EBF10B500F1424303F58013102A5E
S21403A7A04FEA43130AD101221A6000F58870FFF7B7
S21403A7B05FFF1031BDE81040FFF75ABF00221A6052
S21403A7C02430F7E730B589B011F0030F0546144679
S21403A7D018D0082A0CBF10222022684610F078FEF4
S21403A7E0224669462846FFF7D5FF082C0CBF0422ED
S21403A7F008226B460021013A01D209B030BD43F866
S21403A800041BF8E70091009909B0BDE83040FFF754
S21403A810C1BF436823F01F030E290BD8DFE801F0FE
S21403A82008080808080B0B0B080808080B0B0B0096
S21403A830194341607047194341F01001F9E710B519
S21403A8402030FFF72DFF102A04D1BDE81040103149
S21403A850FFF726BF10BD30B589B08B070C461AD05C
S21403A8606946FFF7ECFF082A0BD1102269462046FB
S21403A87010F02EFE04226B460021013A08D209B0DE
S21403A88030BD20226946204610F022FE0822F2E759
S21403A89043F8041BF1E70091009909B0BDE8304086
S21403A8A0FFF7CDBF704770477047D1F74FBDD1F75D
S21403A8B0DDBC70B505460E461446FFF7C9FE29688B
S21403A8C081EA040202EA06044C402C60BDE87040AC
S21403A8D0FFF7C2BE00F1424000F580104001016060
S21403A8E07047D2F7CBBBCB435B0003F00A03C360CE
S21403A8F0C160704738B50D46D2F718FDAB7C0446E9
S21403A9001BB1036843F080430360EB7C1BB12B7DD4
S21403A91043F08003A3652A8A6B7B1343EA891343B8
S21403A92063602B7BD5E901122046D2F7BBFC6B7D17
S21403A9301BB1236843F480332360AB7D1BB12368CC
S21403A94043F400432360EB7D2A7E1B07120502F4C3
S21403A950E00203F0E04313432366636F23F0300300
S21403A9606367626F6B7E134363672B78E36038BD60
S21403A97038B50D46D2F7DAFCA97B2A8A0368002984
S21403A98042F0010214BF4FF48061002113430B43CE
S21403A9902A7D03600368002A14BF4FF0005200228A
S21403A9A013430360AB7C04461BB1EB7C43F080038C
S21403A9B083652B7B43F480536360D5E901122046FD
S21403A9C0D2F7A2FC6B7B0BB11023E3606B7D1BB14C
S21403A9D0236843F480332360AB7D1BB1236843F4C1
S21403A9E000432360EB7D2A7E1B07120503F0E0433A
S21403A9F002F4E002134323662B78E36038BD036951
S21403AA001B06FCD5C069C0B2704703695A06FCD55D
S21403AA10416303699B06FCD5C069C0B270470369EE
S21403AA205B06FCD54163704730B10268002153884A
S21403AA3012880846D2F7C0BC0520704737B50446CF
S21403AA40A8B14568FFF7F0FF014668B92268138985
S21403AA50528953430193EBB20093C5F30742C5F300
S21403AA600723D2F7C9FC0146084603B030BD0521CB
S21403AA70FAE710B470B1836942698489018A0133A5
S21403AA800132121B5B1A20469BB25DF8044B92B24E
S21403AA90D2F792BC05205DF8044B7047F0B4D0B1F2
S21403AAA0C9B10E688C68A64218DA4D68CA68954222
S21403AAB014DA002E14DB002D12DB01680F88BC426B
S21403AAC00EDA49888A420BDAC0E90365C0E9054213
S21403AAD0F0BCFFF7CEBF0520F0BC70470420FBE7B1
S21403AAE00320F9E710B5040C0C70010A11701870F6
S21403AAF010BD73B50D461646044690B10C3000F0F3
S21403AB00DDF980B1A26801230193D3B20093B1B2F9
S21403AB10C2F30723A8B2C2F30742D2F76DFC02B012
S21403AB2070BD0520FBE70120F9E773B50D46164611
S21403AB301C4688B10C3000F0C1F978B101230193AB
S21403AB40E3B20093C4F30742C4F30723B1B2A8B237
S21403AB50D2F752FC02B070BD0520FBE70120F9E7EF
S21403AB6010B50446C3688B426369CCBF012000203E
S21403AB708B42A369B8BF40F0020093422369B8BF73
S21403AB8040F004009342C8BF40F0080010BDF0B583
S21403AB9085B016460546002840D00269B2423FDC1F
S21403ABA08269B2423CDB9942C2BF0A461946134643
S21403ABB042698A4234DBC4689C4231DC8C42B8BFAB
S21403ABC00C469A42D4BFC4EB0207C4EB0307013713
S21403ABD0A0B20123BAB2B1B2D2F7EEFB0446D0B9A3
S21403ABE0A8680DF10F030DF10E020DF10D01FFF72D
S21403ABF079FF9DF80F300093214620469DF80E30CE
S21403AC009DF80D200197D2F7F7FB044618B928469E
S21403AC10FFF72FFF0446204605B0F0BD0524FAE7EC
S21403AC200124F8E7F0B585B00E460546002840D067
S21403AC30C168B1423FDC4169B1423CDB9A42C2BFC4
S21403AC4011461A460B468169914234DB04699C42DD
S21403AC5031DC9442B8BF14469942D4BFC4EB010713
S21403AC60C4EB03070137A1B2BBB20122B0B2D2F7DD
S21403AC70A3FB0446D0B9A8680DF10F030DF10E022D
S21403AC800DF10D01FFF72EFF9DF80F3000932146BF
S21403AC9020469DF80E309DF80D200197D2F7ACFBA9
S21403ACA0044618B92846FFF7E4FE0446204605B0D6
S21403ACB0F0BD0524FAE70124F8E72DE9F74F0C9FCA
S21403ACC00C4615461E468046002800F0B180994281
S21403ACD005D13B4603B0BDE8F04FFFF7A3BFBA422A
S21403ACE004D103B0BDE8F04FFFF751BFFFF738FFBD
S21403ACF03A46314681464046FFF732FF00228246F7
S21403AD00114649EA0A03DBB2002B00F0958009EAF4
S21403AD100A03DBB2002B40F08D80B9F1000F14BF9D
S21403AD204B465346D80717D5D8F80C100B1B7A1B7F
S21403AD305A43331B92FBF3F22A444046FFF710FFB5
S21403AD40B9F1000F02D117460E4603E081461546B9
S21403AD500C4650468246D4E7980702D5D8F8141016
S21403AD60E4E7580709D5D8F81820531B311B594375
S21403AD707B1B91FBF3F12144DFE71B07DDD5D8F8F6
S21403AD801020F2E77B1BB44224DA321B934224DC06
S21403AD903B4637461E462B464FF0000B25461C46C1
S21403ADA0A5EB0709B442A7EB050309EBD979B4BFB2
S21403ADB0A6EB040AA4EB060A01934FEA6909B44218
S21403ADC0D4BF01264FF0FF36BD421ADD002003B084
S21403ADD0BDE8F08FA21B93420ADD4FF0010BBD4284
S21403ADE0DEDD234634461E462B463D461F46D7E742
S21403ADF03B4637461E462B464FF0000B25461C4661
S21403AE00EDE7BBF1000F10D02A4621464046FFF778
S21403AE1070FE0028DBD1D144B9F1000FC2BF019BFD
S21403AE20A419A9EB03090135CEE722462946EDE727
S21403AE300520CCE70120CAE7BD42A3DBEB1BA2E754
S21403AE402DE9F04F85B088460646A8B3A2B301297C
S21403AE5032D9D2E9009A02F1100457464B464FF016
S21403AE60010B00253A4654F8047C1946304654F83C
S21403AE70083C00970393FFF720FF012819D8039B8C
S21403AE8000B901350BF1010BD84504F10804E9D1EB
S21403AE90994501D1BA4509D00097524649463046EE
S21403AEA0FFF70BFF012804D800B90135B5FA85F082
S21403AEB0400905B0BDE8F08F0520FAE778B10368CE
S21403AEC08B420BDC83688B4208DB4368934205DCCA
S21403AED0C0689042B4BF002001207047002070472E
S21403AEE02DE9F04F85B090469DF83820029204462F
S21403AEF0002800F08180A1F120025E2A7ED890F817
S21403AF002820022A8DB21AD13A291AD020291AD01B
S21403AF10303DADB2228CAA4270D9E26901924FF05D
S21403AF20000B1A465E4694F825101FFA8BF39942D7
S21403AF300BD8B6FA86F0400905B0BDE8F08F203D81
S21403AF40E7E70A25E6E70B25E4E794F82230012B2A
S21403AF5005D0022B1DD0019B53F825A002E0019BD0
S21403AF6013F805A04FF0000994F824301FFA89F768
S21403AF70BB4212D894F8243094F827100B449F420F
S21403AF8029DB94F823301D44ADB20BF1010B0132DB
S21403AF90C9E7019B33F815A0E4E71AF0010F0FD0B9
S21403AFA008EB090120460392FFF7A3FD0128C3D847
S21403AFB0039A00B901364FEA5A0A09F10109D3E7A1
S21403AFC0029B002BF7D06368039208EB0901204627
S21403AFD0FFF7ABFDEAE7029B5BB16368039208EBFE
S21403AFE007012046FFF7A1FD0128A5D8039A00B95B
S21403AFF001360137BFB2BDE705209DE702209BE778
S21403B0002DE9F74F0C9F9DF834A09846054678B374
S21403B01071B390F828306BB30C468E18C3464FF0C6
S21403B0200009B44205D1B9FA89F0400903B0BDE876
S21403B030F08F14F8011B0A2907D195F825303B44F5
S21403B04095F82670C3461F44EBE7CDF800A03B46B1
S21403B0505A462846FFF744FF0128E7D808B909F1FE
S21403B060010995F8243095F8272013449B44D8E724
S21403B0700520DBE70220D9E708B520B11C301022F3
S21403B08019B910F04DFA052002E010F021FA00205D
S21403B09008BDF8F7C1B82422002110F041BA18B150
S21403B0A02422002110F03CBA704770B515460E46B0
S21403B0B024220021044610F033FAC02D0DD0B5F536
S21403B0C0807F01D0802D0BD12046EA0840F8045B30
S21403B0D0314610F0FDF9002070BD6FF07100FBE7FC
S21403B0E06FF01F00F8E72DE9F34115468846242242
S21403B0F00021064610F014FAC02D34D0B5F5807F33
S21403B10001D0802D32D13560D3F7C6F900234360D2
S21403B11003600446FFF79CFA802D0CBF082210221A
S21403B1200746414620460192FFF74CFB3846FFF799
S21403B13093FA0523019AA360256915F00205FBD14E
S21403B1400192FFF785FA019A311D07462046FFF75D
S21403B15082FB3846FFF780FA2046D3F7A7F928463E
S21403B16002B0BDE8F0816FF07100F9E76FF01F00E1
S21403B170F6E72DE9F0471F460368802B05460E4683
S21403B180914602D0B3F5807F34D1D3F785F90023F7
S21403B190436003600446FFF75BFA2946804651F88E
S21403B1A0043B802B0CBF08221022204604F1800AA1
S21403B1B0FFF708FB49465046FFF7A0FA4046FFF75D
S21403B1C04BFA012E0CBF05230623A360256915F051
S21403B1D00205FBD1FFF73CFA394606465046FFF711
S21403B1E0A4FA3046FFF738FA2046D3F75FF9284625
S21403B1F0BDE8F0876FF07100FAE703699B07FCD19F
S21403B200704770B5D1E90123032A0ED803EB8204F5
S21403B210A342114605D10023013108290360FBD15F
S21403B22070BD53F8041B0160F2E7D3E90065D3E968
S21403B2300241072A06600560046001600ED80424F4
S21403B240A242114605DC0023013108290360FBD125
S21403B250E6E753F8241001600134F1E7D3E904412B
S21403B260D3E906230460016002600360D8E7F0B503
S21403B27089B04A68082A05460C460BD1FFF7E8F959
S21403B280A16806462846FFF76CFA3046FFF7E4F94E
S21403B29000252FE012D9FFF7DBF9A16806462846FA
S21403B2A0FFF75FFA3046FFF7D7F96268A068083AF7
S21403B2B092000021203010F033F9E9E769460026B2
S21403B2C033460F46286841F8040B0133002818BF9D
S21403B2D01E46082BF6D1B2420FDA3146204600F05E
S21403B2E045FD054630B9A068B200394610F0F0F8BF
S21403B2F001232360284609B0F0BDA06892003946B2
S21403B30010F0E6F8C4E738B50C46D1E90121072A60
S21403B31005460DD8920010F0DBF86068C0F108020D
S21403B320920005EB80000021BDE8384010F0F8B825
S21403B330BDE83840202210F0CBB80078C31E584230
S21403B3405841704700207047704700F0F9B800F086
S21403B350F7B800F0F5B800F0F3B87FB5044603A8D5
S21403B36001911E461546D1F76BFF9DF80D300199E6
S21403B370012B14D19DF80C30022B10D84FF6FF7218
S21403B380AA424FF0000428BF2A46346092B24FF018
S21403B390FF300FF0C9FB3060204604B070BD334663
S21403B3A02A46204600F017F9002818BF6FF03B0026
S21403B3B0F3E77047F0B591B01446169A492508AEE0
S21403B3C08DF820503746551E0C3215F801CF06F877
S21403B3D001CF9542F9D14FF48075ADF830509DF802
S21403B3E05C508DF8325004250695189D059500226D
S21403B3F01025CDE9014300910B46CDE903751146AF
S21403B400CDE90D228DF82E208DF82F408DF83320B0
S21403B4100F92D2F733FF11B0F0BD1FB5079C02940D
S21403B4209DF81840CDE9003413460A46014600202D
S21403B430FFF7C0FF04B010BD1FB5079C02949DF82C
S21403B4401840CDE9003413460A4601460120FFF7AB
S21403B450B1FF04B010BDF7B50546B02017460191FD
S21403B4601E46D3F73DF8802F4FF0000343600CBF12
S21403B47008221022019903600446FFF7A3F91DB9B9
S21403B4800523A3608C23A36004F18000314601905A
S21403B490FFF734F9019855B105230899A360FFF720
S21403B4A044F92046D3F726F8002003B0F0BD062360
S21403B4B0F3E72DE9FF478046B020894617461E4628
S21403B4C0DDF830A0D3F70CF80546B9F1800F4FF03E
S21403B4D0000343600CBF0822102245F8843B414614
S21403B4E00446FFF76FF90EB331462846FFF706F911
S21403B4F04823A3600523A3600323394604F1A00071
S21403B500A360FFF7FBF80D9904F18000FFF70DF930
S21403B510BAF1000F03D051462846FFF706F9204636
S21403B520D2F7E8FF002004B0BDE8F08731461022CA
S21403B53068460FF0F5FF69462846FFF7DDF8D7E7BC
S21403B54008B518B16C2200210FF0EAFF002008BDF1
S21403B5502DE9F04716468A4681461D46DDF82080CB
S21403B560D2F79AFF0023436003600446FFF770F8A0
S21403B570BAF1100F0CBF0822102207464946204690
S21403B58004F18009FFF71EF931464846FFF7B6F87F
S21403B5903846FFF761F8FFF75BF82946074604F1DC
S21403B5A0A000FFF7ABF80523A360256915F0020595
S21403B5B0FBD141464846FFF7B8F83846FFF74CF844
S21403B5C01022414630460FF083FF2046D2F76EFF27
S21403B5D02846BDE8F0872DE9F0411C46002388463F
S21403B5E016462360052725682246711B08EB0500CF
S21403B5F0D3F71CFB23681D44B54228BF0020013F38
S21403B600256001D00028EED1BDE8F08113B5684669
S21403B6100024022300948DF804408DF80530D0F7FB
S21403B62047FF204602B010BD07B530B9CDE900127A
S21403B630D3F760FCDDE9001230B1436823B100683C
S21403B64003B05DF804EB1847232003B05DF804FB52
S21403B65030B585B01C4658B9CDE90012D3F74AFC7D
S21403B660DDE9001204B903AC20B9232005B030BDD0
S21403B67003B903AC8568002DF7D023460068A847B6
S21403B680F4E7F8B50E461746054690B9D3F732FCED
S21403B6900446054630463946FDF728FDAC420646C5
S21403B6A002D02046D3F71AFC002ED4BF3720002042
S21403B6B0F8BDD3F71FFC85420446EBD02846D3F7E4
S21403B6C00DFCE7E70EB403B503AA52F8041B019278
S21403B6D0FFF7D7FF02B05DF804EB03B07047002016
S21403B6E07047FEE74FF400534B600020704701207D
S21403B6F070470020704707B501AB00200190FFF7A5
S21403B700A7FF0198002808BF4FF0FF3003B05DF88D
S21403B71004FB10B514460020FFF786FF204610BD35
S21403B72088B190F8382090F83C3032B1022B04D11F
S21403B730012280F83C2018467047042B4FF0010284
S21403B740F7D01346F7E70123F5E780F82C10704788
S21403B75090F82C00704790F839007047037A30222F
S21403B760534303F1804303F56223D3F89410D0E9DF
S21403B77003231344994214BF084610467047F8B58E
S21403B78090F8393004460D4681B173B990F83A60A3
S21403B790FEF75EFF012105463046D4F741F82846FA
S21403B7A0FEF75AFF012384F83930F8BD002BFCD08E
S21403B7B090F83A70FEF74CFF294606463846D4F70B
S21403B7C02FF83046FEF748FF84F83950EDE72DE9A9
S21403B7D0F8430446164690F82C700D46FEF73FFFD6
S21403B7E094F8382003469AB1FEF73FFF94F83B904F
S21403B7F0FEF72EFF012180464846D4F711F840464F
S21403B800FEF72AFFFEF72BFF0022034684F83820B4
S21403B8101846FEF72AFF2E44B54204D1236A0121B7
S21403B820204698473AE094F82D3023B3FEF717FFE7
S21403B830237E8046E3B12046FFF790FF421EE06872
S21403B840D4F830C082423EBF226902F1FF3212189A
S21403B85013469C450BD013F80119112901D013295F
S21403B8601FD1A1F111035942594184F834102263C0
S21403B8704046FEF7FAFE94F83430002BCCD037B1AE
S21403B8802B780A2B03D1E3690D2120469847E369F9
S21403B89015F8011B204698470028BDD00020BDE8B8
S21403B8A0F883984282BF236903F1FF331B18D0E75E
S21403B8B073B590F83830044603F0FF01A3B9036A62
S21403B8C001919847012384F8383094F83B60FEF7DB
S21403B8D0BFFE019905463046D3F7A2FF2846FEF77A
S21403B8E0BBFE022384F83C3002B070BD026CD36CFE
S21403B8F043F00403D364704710B5026C044613691F
S21403B9005906FCD500231A4694F8491094F84800C3
S21403B910D1F7BAF800231A4694F84B1094F84A0065
S21403B920D1F7B2F894F85030DA0707D5002394F825
S21403B9304D1094F84C001A46D1F7A6F894F85030F8
S21403B9409B0707D5002394F84F1094F84E001A4629
S21403B950D1F79AF8206CC36C23F00103C364C36C5D
S21403B96023F00403C3640021FEF7BDFF606C0021CF
S21403B970CFF742FF002010BD08B5006CFFF74FF865
S21403B980002008BD036CDA6C19B142F00102DA64D8
S21403B990704722F00102DA6401229A64704738B5D0
S21403B9A00468206C056C15F0010509D00123836437
S21403B9B003699B060FD52046BDE83840FFF778BFDE
S21403B9C0042384F83C30237E33B9C36C23F004038A
S21403B9D0C3640123237638BD637E23B394F82D30E6
S21403B9E00BB384F835501321FFF719F8236CDA6C80
S21403B9F042F00402DA64DB69DBB2112B0ED10123B9
S21403BA0084F83430237A3022534303F1804303F51A
S21403BA106223D3F89430013B2363DCE7132BDAD19C
S21403BA2084F83450EEE7C36C23F00403C364D2E710
S21403BA3030B5013A42EA520242EA920242EA12124E
S21403BA4042EA122242EA12420132B2F5807F38BF3E
S21403BA504FF480725442044015198D4205D31C607E
S21403BA60039B1D60049B1A6030BD5200F2E708B5C5
S21403BA70D3F7FCFD08BD07B5FEF7EAFD0190D3F743
S21403BA8043FE019803B05DF804EBFEF7E5BD70478F
S21403BA90FEF70BBF70477047012070474FF41670D0
S21403BAA0D3F748BF00230B707047F0B587B00591F6
S21403BAB015461E46044690B10027C761D4F760FAC0
S21403BAC0BDF8343002939DF830300599CDE9006314
S21403BAD03A462B462046D4F7C5F907B0F0BD2220D8
S21403BAE0FBE7F0B585B00D4616461F46044690B1F3
S21403BAF00023C361D4F744FABDF82C3002939DF8B3
S21403BB0028302A46CDE90073294633462046D4F723
S21403BB10A9F905B0F0BD2220FBE7F0B587B01F46B4
S21403BB2000230D4616468DF817300446A8B1C361A8
S21403BB300DF11701D4F74CFA9DF817207AB9BDF822
S21403BB40343002939DF830302946CDE90073204601
S21403BB503346D4F787F907B0F0BD2220FBE703206E
S21403BB60F9E7F0B587B01F4600230D4616468DF855
S21403BB7017300446B0B1C3610DF11701D4F728FAA4
S21403BB809DF8173083B9BDF8343002939DF83030F2
S21403BB902A46CDE90073294633462046D4F762F990
S21403BBA007B0F0BD2220FBE70220F9E738B5FEF721
S21403BBB056FD0546D4F764FC04462846FEF755FDB5
S21403BBC0204638BDD4F7ECBC08B5C5F7D5FCFEF760
S21403BBD038FBFEF743FBFEF750FBBDE80840FEF7D5
S21403BBE059BB08B5FEF75FFBFEF75EFBFEF763FB8C
S21403BBF0BDE80840FEF766BB242070473C2070472C
S21403BC004C2070479C207047742070477C207047F8
S21403BC10242070470C2070476C20704708B502F04C
S21403BC2023F902F010FDDAF761F803F001FC04F0E3
S21403BC309BF9DAF7BFFC002008BD38B50446FEF7CB
S21403BC4007FD05462046FDF74FF804462846FEF74F
S21403BC5003FD204638BD37B504460191FEF7F8FCD0
S21403BC60019905462046FCF7FFFF04462846FEF7E3
S21403BC70F3FC204603B030BD37B504460191FEF70A
S21403BC80E7FC019905462046FDF71EF904462846BB
S21403BC90FEF7E2FC204603B030BD38B50546FEF796
S21403BCA0D7FC04462846FDF727F82046BDE838406B
S21403BCB0FEF7D2BC01F18041013900EB81018142DC
S21403BCC0034600D270471B680A681BBA12BA40F8CC
S21403BCD0042B41F80439F2E72DE9F04711F0030489
S21403BCE018BF01249846436804EB9104A342054613
S21403BCF00E4617464FEA840AC1EB84091BD34A460D
S21403BD00002180680FF00CFC6A68A868121B92007A
S21403BD10002150440FF004FCA968324649444046CB
S21403BD20B847064620B91CB1A8682146FFF7C2FFEC
S21403BD303046BDE8F0876FF00306F9E700230122DB
S21403BD40C0E900238360704710B5044668B1806875
S21403BD5030B161688900D5F7DBF9A068FFF79DFF6E
S21403BD6000230122C4E90023A36010BD70B542F28C
S21403BD701073994204460D4602D96FF00F0070BD4A
S21403BD8043688B4216D204212846FFF764FF064613
S21403BD900028F2D0A16859B1626892000FF098FBB0
S21403BDA06168A0688900D5F7B3F9A068FFF775FF47
S21403BDB0C4E901560020E2E738B504460D4619B932
S21403BDC0FFF7C2FF002038BD42688A4207D1806869
S21403BDD0920000210FF0A4FB01232360F2E7FFF794
S21403BDE0B3FF29462046BDE83840FFF7BFBF70B50E
S21403BDF0884205460E460AD04C6840686CB9C8B1FE
S21403BE00012382002B60A86821460FF089FB0020DF
S21403BE1010E0B36853F8243013B9013C002CF8D172
S21403BE20013433682B60844205D921462846FFF740
S21403BE309DFF40B170BD021BA8689200002100EB75
S21403BE4084000FF06DFBB168A868A2000FF040FBFA
S21403BE50DDE770B50E4601210446FFF787FF05466A
S21403BE6088B9626801469200A0680FF059FBA36880
S21403BE7086EAE672002EA2EBE6721A60B4BF4FF0B3
S21403BE80FF3301232360284670BD4368B1EB431F8D
S21403BE903FBF4A09836853F8220001F01F013ABFE7
S21403BEA020FA01F101F001000020704702464068C5
S21403BEB088B19268431E7BB952F8231000204FF0D6
S21403BEC00042114204D1013020284FEA5202F8D131
S21403BED00133C0EB4310704752F823100029EBD10F
S21403BEE0013BE8E72DE9F04112F0030418BF0124F3
S21403BEF004EB92048846214607461546FFF75CFF87
S21403BF00064668B965B1BB68C5EB84002A46414658
S21403BF1018440FF0DDFA1CB1B8682146FFF7CAFED5
S21403BF203046BDE8F081F8B5044608466368B2EBD0
S21403BF30830F4FEA83051BD9521B8E1800210FF07F
S21403BF40EFFA30462A46811800239A4212D100207F
S21403BF50F8BDA76823F0030C03F00301CE0057F8DF
S21403BF600C10F140C9B289B90133AB42F1D1EAE70B
S21403BF701346FAE7A76823F0030603F00300C50099
S21403BF80B859E84001F8010D0133DEE76FF007000A
S21403BF90DEE7F8B505460E464C0901F01F07FFF726
S21403BFA085FF6B683044B0EB431F04D81F2E0ED8B2
S21403BFB06FBB00200AE010F01F0118BF012101EB40
S21403BFC050112846FFF7D2FE0028EFD0F8BD6B6865
S21403BFD06FF003009A0060431946A142A2F10402DF
S21403BFE00CD8E21A9C4288BF002213449B0000220E
S21403BFF0043B191DDCD0A968CA50F9E7AE6806EB06
S21403C000020C01395CF800C046F802C0E5E76E682A
S21403C0100022C7F1200CA642CBD9A86850F82410FA
S21403C02001FA07F3134340F8243021FA0CF20134E3
S21403C030F1E7F0B443684E09B34201F01F0401D39D
S21403C04004D15CB3F0BC0021FFF703BF1F2927D838
S21403C05004BB0020F0BC70478268575942F8217031
S21403C060043501319A1B8A42F6D800219342EFD950
S21403C070856845F822100132F8E7866856F823509B
S21403C08025FA04F20A4346F8232005FA07F1013B92
S21403C090F3D2DEE70021C4F12007F8E71F29D8D939
S21403C0A0B5000021DEE730B543682BB94A6862B9AC
S21403C0B0181E18BF012028E0826802EB830252F89C
S21403C0C0042C002AF2D1013BEFE78C6804EB8205CF
S21403C0D055F8045C35B9013AE9E7012015E04FF05D
S21403C0E0FF3012E0002BFAD09342F6D8F7D3013B89
S21403C0F0826852F8231054F823209142EDD803F1B6
S21403C100FF33ECD35A1CF3D1002030BD30B543685F
S21403C110024623B9486858B9002B36D12FE09068F9
S21403C12000EB830050F8040C0028F3D1013BF0E742
S21403C1308C6804EB800555F8045C15BB0138EAE708
S21403C14002D20868404221E010680968002803DD2F
S21403C150002907DA012019E0002903DD10B14FF0AA
S21403C160FF3013E0013B916851F8235054F8231035
S21403C1708D420BD803F1FF33E4D3591CF3D10020CF
S21403C18004E0002BDDD08342DAD9106830BD1FB53A
S21403C19081EAE173A3EBE17300290093B4BF4FF088
S21403C1A0FF330123019301A901230293CDF80CD099
S21403C1B0FFF7ACFF05B05DF804FB2DE9F0419042B4
S21403C1C006460F46154602D0884229D12F4601233C
S21403C1D07D68336065BB29463046FFF7C7FD0446D6
S21403C1E018BBB368B9689C460746854229D103EB5A
S21403C1F08503D7B17268AA4205F1010807D84146FC
S21403C2003046FFF7B3FD68BBB36803EB85031A68D4
S21403C210D21943F8042B2CBF012700274546E8E72D
S21403C220FFF7E5FD04460028D0D02046BDE8F081A0
S21403C230BB6803EB850353F8043C002BCBD1013DCD
S21403C240C8E7DCF80020D21951F820702CBF4FF055
S21403C250010E4FF0000ED2194CF8042B4EF10007D6
S21403C2600130C2E70446E0E72DE9F8435468054683
S21403C2700E4690463CB97168A1420ED26FF009078C
S21403C2803846BDE8F883D8F8083003EB840353F840
S21403C290043C002BEFD1013CECE72846FFF766FD94
S21403C2A007460028ECD17268A24209D9B168A8688B
S21403C2B0121B920001EB840100EB84000FF008F9D7
S21403C2C06A687068824207D9AB68121A9200002126
S21403C2D003EB80000FF024F90022A968D6F808E0E3
S21403C2E0D8F8088013469C4211D16AB1686801EBFE
S21403C2F084034FF0FF36A04223D91A68EAB151F8F7
S21403C3002430013B41F8243001232B60B8E75EF864
S21403C31023C058F82360ACEB0200B0422CBF4FF0AA
S21403C32000094FF00109801B41F8230094452CBFF8
S21403C3304A4609F101020133D5E743F8046B013499
S21403C340D9E7DCD19AE7F8B50D6813686B43044662
S21403C3500F46164616D511463846FFF7A4FE0028A4
S21403C36006DB324639462046FFF77EFF40B1F8BD6E
S21403C3703A4631462046FFF777FF0028F7D16D424D
S21403C3802560F4E7FFF719FFF0E7F8B50D681368C3
S21403C3906B43002B04460F46164616DD11463846F9
S21403C3A0FFF781FE002806DB324639462046FFF7B4
S21403C3B05BFF40B1F8BD3A4631462046FFF754FFCF
S21403C3C00028F7D16D422560F4E7FFF7F6FEF0E7A5
S21403C3D01FB582EAE273A3EBE273002A0093B4BFAD
S21403C3E04FF0FF330123019301AA01230293CDF8F3
S21403C3F00CD0FFF7CAFF05B05DF804FB2DE9F04744
S21403C4009446DD08089AA1EB030A03F0070E644678
S21403C41003462F464FF00008013F791C03F1200323
S21403C42004F1200413D100EB45100CEB45154FEA3D
S21403C4308E09844605EB8E0E754540F08880484489
S21403C440BAF1010A80F094804046BDE8F08754F8BC
S21403C450206C53F8201CA2FB069618EB090846F13D
S21403C460000611EB080843F8208C54F81C1C46F110
S21403C4700006A2FB019853F81C1C16EB090648F1AC
S21403C48000088E1943F81C6C54F8186C48F1000821
S21403C490A2FB066918EB060853F8186C49F1000965
S21403C4A016EB080643F8186C54F8146C49F10009A7
S21403C4B0A2FB066819EB060953F8146C48F100084A
S21403C4C016EB090643F8146C54F8106C48F1000890
S21403C4D0A2FB066918EB060853F8106C49F100092D
S21403C4E016EB080643F8106C54F80C6C49F1000977
S21403C4F0A2FB066819EB060953F80C6C48F1000812
S21403C50016EB090643F80C6C54F8086C48F100085F
S21403C510A2FB066918EB060853F8086C49F10009F4
S21403C52016EB080643F8086C54F8046C49F1000946
S21403C530A2FB066819EB060953F8046C48F10008D9
S21403C54016EB090648F1000843F8046C64E755F84F
S21403C550044BDCF80070A2FB044618EB040846F113
S21403C560000417EB08074CF8047B44F1000863E764
S21403C570036813EB080340F8043B2CBF4FF0010895
S21403C5804FF000085CE72DE9F04F8BB0154600230B
S21403C59001228842CDE90423CDE90632CDE90833EA
S21403C5A007460E4605D104A8FFF721FC044670BBD8
S21403C5B004AEAF4206D1394607A8FFF718FC044677
S21403C5C028BB07ADD6F80480B8F1000F29D14FF089
S21403C5D0010BD5F80490B9F1000F2ED14FF0010BE3
S21403C5E008EB09013846FFF7C1FB044678B9014654
S21403C5F03846FFF72EFC044648B9824608F1010187
S21403C600CA4524D1BBF1000F31D001233B6007A8F4
S21403C610FFF79AFB04A8FFF797FB20460BB0BDE88D
S21403C620F08FB36803EB880353F8043C13B908F19F
S21403C630FF38C9E74FF0000BCBE7AB6803EB890382
S21403C64053F8043C002BCBD109F1FF39C3E7AB68A1
S21403C650B86853F82A30009300EB8A00B268039157
S21403C6604346FFF7CBFE0AF1010A0399C8E733688E
S21403C6702A6853433B605C46C9E72DE9F3414F689C
S21403C6800546884616463FB1D8F8083003EB8703BD
S21403C69053F8043C3BB146B90021284602B0BDE836
S21403C6A0F041FFF7D6BB013FEDE7791C2846FFF7BD
S21403C6B05DFB044670B941462846FFF798FB0446DF
S21403C6C040B9013ED5E90110D8F8082000963B464C
S21403C6D0FFF794FE204602B0BDE8F0812DE9F04F47
S21403C6E02DED028B99B0074689461846002108EEC1
S21403C6F0903A1646FFF74BFD002800F0A38103236C
S21403C70000240125139318EE901A15AB3046CDE995
S21403C7100654CDE90845CDE90A44CDE90C54CDE9E4
S21403C7200E45CDE9104412951493FFF7BCFCA042C6
S21403C7302ADA4FB9B9F1000F1ED10024204619B0EA
S21403C740BDEC028BBDE8F08F21463846FFF781FB30
S21403C75004460028EED006A8FFF7F6FA09A8FFF766
S21403C760F3FA0CA8FFF7F0FA0FA8FFF7EDFA0C217F
S21403C77015A8D4F7CDFCE1E731464846FFF737FB6B
S21403C78004460028E7D1D8E7314606A8FFF72FFB73
S21403C79004460028DFD10DF1240818EE901A40460F
S21403C7A0FFF725FB04460028D5D1716809950231A9
S21403C7B00CA80695FFF7DAFA04460028CBD1014603
S21403C7C00CA8FFF746FB04460028C4D171680FA8DF
S21403C7D00231FFF7CBFA04460028BCD14046FFF7E8
S21403C7E065FB00F01F001F2876D0C0F11F03194613
S21403C7F006A808EE103AFFF7CCFB04460028AAD199
S21403C80018EE101A4046FFF7C4FB04460028A2D1D0
S21403C810DDF81CA00A9DAAEB05034FEA431B594605
S21403C82040460193FFF7B5FB0446002893D1019BCE
S21403C8309B00414606A80193FFF768FC0028019B6E
S21403C8404DDA59464046FFF7F4FB0446002882D1EA
S21403C8506B1E01939B00039305F18043023B9B00F1
S21403C86004930AF180430AF1FF38013B0AF1804A38
S21403C8705D1BAAF1020AAD004FEA8A0B019B98459D
S21403C8803CD857B10CA93846FFF7B1FA10BB18EEDF
S21403C890902A3368126853433B60B9F1000F3FF4A4
S21403C8A05AAF18EE101A06A8FFF7C3FB90B9336801
S21403C8B0069306A94846FFF79AFA0146002840F071
S21403C8C0BF804846FFF763FC00287FF444AF01238C
S21403C8D0C9F8003004463EE708EE104A98E70E997A
S21403C8E00193CA580132CA5006A942460846FFF7C2
S21403C8F04CFD019B044600289BD02CE74FEA880397
S21403C900DDF820A0039A05930B9B5AF828109A5833
S21403C9100E9B914203EB050002907AD34FF0FF3251
S21403C9205A51B8F1010F8ABF0AEB0B03002353F8E1
S21403C930043C1593B8F1000F7ED05AF80B301693CB
S21403C940059B029A5AF803301793029B1B68013320
S21403C95013600E9A5359013B535100210FA8FFF75A
S21403C96078FA0028B6D1019B0B9A002B66D0049B5D
S21403C970D158119B1960039952585A600E9B0FA900
S21403C9805A590846FFF779FE0028A3D112A90FA823
S21403C990FFF7BCFB0028DCDC0E9B09A95A590FA83D
S21403C9A0FFF76BFE002895D14FEAC50A51460FA83C
S21403C9B0FFF7EFFA00288DD106A908460FAAFFF75E
S21403C9C0E4FC014600283BD106A8FFF7E0FB00285D
S21403C9D019DA09A90FA8FFF70AFA00287FF47AAF35
S21403C9E051460FA8FFF7D5FA00287FF473AF06A9C0
S21403C9F00FAA0846FFF7A7FC00287FF46BAF0E9A32
S21403CA005359013B535108F1FF38043DABF1040B76
S21403CA1034E75AF80B0052B10023FBF7A3FF4FF09D
S21403CA20FF3383424FF000038B41024601D24FF09F
S21403CA30FF32029B1A6074E7434680E7019998E742
S21403CA400C4688E66FF00B0478E670B504460D4690
S21403CA50104600211646FFF79AFB002824DB2A46D9
S21403CA60334621460020FFF739FE054638B12846EF
S21403CA7070BD324621462046FFF765FC90B900217B
S21403CA802046FFF784FB0028F3DB31462046FFF7FA
S21403CA903DFB0028EBDB324621462046FFF775FCBC
S21403CAA00028F2D00546E2E76FF00905DFE72DE937
S21403CAB0F04F87B0054600249946104601238A4660
S21403CAC0CDE901341646FFF7F1F9A245074600F112
S21403CAD0070B59DB51463046FFF759FBA04253DD9F
S21403CAE0BBF1270F4FF00103716805942846CDE983
S21403CAF003348CBF4FF01E084FF0FA08FFF75CF9BB
S21403CB000446002836D1716803A8FFF72FF90446B8
S21403CB1080BB514603A8FFF79CF9044650BB4FEA77
S21403CB20DB0A2BF0070BABEB0707109B4A46514675
S21403CB302846FFF7D1F80446E0B939462846FFF7FA
S21403CB4078FA0446B0B9B8F101081AD001AA03A9C5
S21403CB50284600F0A5FB044660B902AA31462846DB
S21403CB6000F09EFB044628B9019B002BDDD1029BF7
S21403CB70002BDAD003A8FFF7E7F8204607B0BDE896
S21403CB80F08F6FF00D04F5E76FF00304F5E77FB55C
S21403CB90016F01F00303032B04463BD1426E2AB90F
S21403CBA090F86D30023B012B1DD8C265206E94F9B8
S21403CBB0003094F86C50002814BF40200020023A3E
S21403CBC05208034343EAC2036A1E1343237004F165
S21403CBD00F06E36D3046321AD2B2954206D84BB1F1
S21403CBE041F0100121676FF00C0011E000F80139E5
S21403CBF01B0AF0E703AB009310222346214604F1F9
S21403CC002000D3F76FFD18B1236F43F0100323679B
S21403CC1004B070BD0020FBE72DE9F04188B01C4648
S21403CC200023CDE90333CDE905330793154603AB5C
S21403CC301022009380460E4604AB81182030D3F7AB
S21403CC4051FD074670B1D8F8703043F01003C8F8AA
S21403CC50703010210DEB0100D4F75AFA384608B0AD
S21403CC60BDE8F0810E99234604AA941901391D44A0
S21403CC7013F8012B14F8010BAB4282EA000201F809
S21403CC80012FF5D1E5E7742200210EF049BC2DE90A
S21403CC90F041044617460846012219461E46D3F7B6
S21403CCA0D5FC054698B14369102B10D12034204695
S21403CCB000F063FA29462046D3F7DCFC48B932462F
S21403CCC0394620460123BDE8F041D3F7EBBC6FF0AD
S21403CCD00C00BDE8F08110B5044640B1203000F0EA
S21403CCE04CFA20467421BDE81040D4F711BA10BDA3
S21403CCF0F8B51D46073B062B044616462DD8C5F148
S21403CD000F0300F1100780F86D1080F86C301022C6
S21403CD10002138460EF004FC94F86C30013B237473
S21403CD202A46314604F111000EF0D2FB681C94F833
S21403CD306C20002138440EF0F3FB0123E377E01860
S21403CD402A4631460EF0C4FB236F43F001032367E4
S21403CD502046BDE8F840FFF71ABF6FF00C00F8BD99
S21403CD6030B4022B12D0102B10D813F001050DD1BE
S21403CD70B1F57F4F0AD2C0E91935036F43F00203BA
S21403CD8030BCC0E917210367FFF701BF6FF00C0043
S21403CD9030BC70472DE9FF47036F0446D8060F469D
S21403CDA0154649D422B90026304604B0BDE8F087BC
S21403CDB013F0080640D15907226E39D4AA423BD352
S21403CDC0217881EA12212170617843F004034A40F6
S21403CDD06270236704F120080DF10C09A26E931C00
S21403CDE003F00F01C1F11003AB4228BF2B464FF0EF
S21403CDF0000C5FFA8CF083420CF1010C1FD81A4426
S21403CE00ED1A1F440B44102BA26602D0236E9A42DF
S21403CE101FD1CDF800902346102221464046D3F773
S21403CE2061FCB0B1236F43F0100323670646BBE7EC
S21403CE30A36E2B449342CDD96FF00C06B4E701EBF7
S21403CE40000E385C14F80EA080EA0A0004F80E0000
S21403CE50CFE7002DC2D1A26E236E9A42A3D1236FD1
S21403CE60A56643F0080323679EE72DE9F04F8BB0D2
S21403CE709946036FDB0604468846164600F1B480DF
S21403CE80436E2BB1836E1344C26D934200F2AC80A3
S21403CE90149B9E4200F2A880159B04F1200B1E6093
S21403CEA00EB9334683E0A36E94F86D2003F00F07A4
S21403CEB0C7F11005B54228BF354602F0FD022B44E4
S21403CEC0012AA36666D094F86D3013F0FD0F2BD1BC
S21403CED00DF1180A4346CDF800A02A4639462046E7
S21403CEE0FFF79AFE0346002861D1C2B2954200F1CD
S21403CEF0010066D82A46514648460EF0E9FA102144
S21403CF005046D4F705F97B19102B03D0A26EE36DB8
S21403CF109A4265D105AB0093102223462146584614
S21403CF20D3F7E0FB034680BB2F44102F54D104F104
S21403CF301F0194F86C000A468B1ADBB298424FD94D
S21403CF4013780133DBB202F80139002BF4D047E043
S21403CF50B81818F8022014F800C082EA0C0222540B
S21403CF60CAB2954201F10101F2D87A19102A02D009
S21403CF70E26D934210D105AB00931022234621465F
S21403CF805846D3F7AFFB034630B1226F42F0100288
S21403CF9022670CE00021E3E74346CDF800902A46DB
S21403CFA039462046FFF738FE034600288BD010216B
S21403CFB006A80393D4F7ACF8039B18460BB0BDE85A
S21403CFC0F08F02F12803B9180DEB030212F8103C98
S21403CFD0625C5340635488E7A26EE36D9A42A6D020
S21403CFE0761BA844A9445BE76FF00C03E5E7F7B5A7
S21403CFF0036F1746DA0604460E4635D4026E0AB1A8
S21403D0001B072BD5E36D33BB04F11F0194F86C00AB
S21403D0100A4600258B1ADBB2984222D80094234690
S21403D020102200212046FFF7F7FD054680B926B1FA
S21403D0303A46214630460EF04BFA0021216710226D
S21403D04020460EF06DFA10220021A0180EF068FAA2
S21403D050284603B0F0BDA26E9342D5D06FF00C0500
S21403D060F6E702F80159D5E76FF06D05F0E7F0B57E
S21403D07085B015461A460A9B0C9F109E0446FFF77A
S21403D08037FED8B933462A4639462046FFF768FEA8
S21403D090A0B90B993A462046FFF77CFE70B903AB5E
S21403D0A0CDE900530D990E9B2A462046FFF7DDFE79
S21403D0B020B90F9932462046FFF799FF05B0F0BD19
S21403D0C0F0B58DB0169D189E069608AFCDE90457A9
S21403D0D0159F0397149F0297139F0197129F00971C
S21403D0E01446FFF7C4FF60B90246D3B29E4202F16C
S21403D0F0010208D828B128462146D4F709F86FF06C
S21403D1000E000DB0F0BD03F13001179F6944FB5CC0
S21403D11011F8101C4B401843E7E710B588B00F9C76
S21403D12006940E9C05940D9C04940C9C03940B9CF3
S21403D13002940A9CCDE9003413460A460121FFF700
S21403D14096FF08B010BD10B588B00F9C06940E9CD1
S21403D15005940D9C04940C9C03940B9C02940A9CCB
S21403D160CDE9003413460A460021FFF7A9FF08B0AD
S21403D17010BD3C2200210EF0D3B910B5044698B179
S21403D180806B28B14C21D3F7C3FFA06BFEF785FD58
S21403D190606B18B123689B695B69984720463C21FE
S21403D1A0BDE81040D3F7B4BF10BD10B50446FFF773
S21403D1B092FD2046BDE81040FEF76FBD10B5742102
S21403D1C00120FEF748FD044608B1FFF75CFD204644
S21403D1D010BD13460A460221FFF759BD10B5044693
S21403D1E0FDF75DFF2046BDE81040FEF756BD10B5BF
S21403D1F024210120FEF72FFD044608B1FDF74BFF5F
S21403D200204610BDFDF76FBFFDF74FBFFDF7B1BF5B
S21403D210431A4840594008405840C00F7047F0B57D
S21403D2205F4204390025013B854200D1F0BD52F828
S21403D230256051F8044F3E401C4034430C600135D2
S21403D240F2E72DE9F8430F46496805469146FEF78F
S21403D2508DFD8046C8B92C687868BA68A968631CCF
S21403D2603C6801345C4004EA49045C40C9F10006AA
S21403D270013C4B4646EA09062C60FFF7D0FFF6173B
S21403D2807B686868F643984202D84046BDE8F88350
S21403D290A96851F82320324041F823200133F2E7EE
S21403D2A02DE9F74F88464168D8F804309942064678
S21403D2B036D10368D8F80010C3F340094B40C3F3D4
S21403D2C0400409EA530313604768C9F10103013FA9
S21403D2D003D2002003B0BDE8F08FD8F808100193FE
S21403D2E051F827B0B16851F827A058465146FFF7C2
S21403D2F08FFFC4F10105116805EA090505400443DB
S21403D3000D4350465946FFF783FF019BC4F1010CBA
S21403D31003EA000101EA0C010D4315600443D6E756
S21403D3206FF00300D6E72DE9F04FBFB0502A06464C
S21403D3300F46154600F2A1807022002122A80EF0A7
S21403D340EFF80DA8FDF7A7FE002430232A4639463A
S21403D35028A88DF89F308DF898408DF899408DF861
S21403D3609A408DF89B500EF0B3F805F1F8036B4422
S21403D370802203F8582C05AB984603F8014B01347A
S21403D380202CFAD14FF4807241460DA8FDF78DFE8E
S21403D3900446002855D1193507461022002101A856
S21403D3A00EF0BEF8AA460DF1880901AA09F1FF336B
S21403D3B0934609F10F00117813F8014F6140834239
S21403D3C002F8011BF7D1BAF1100F5B465A464FF02D
S21403D3D001010DA894BFAAEB0A0AAAF1100AFDF7E9
S21403D3E0C8FE09F11009044658BBBAF1000FDCD198
S21403D3F016ABD819102259460EF06AF89DF88B30F2
S21403D40010370133302F8DF88B30C6D14FF480722E
S21403D41016A90DA8FDF749FE044690B906F1300794
S21403D42035461EAB1A4601210DA8FDF7A2FE04469B
S21403D43038B9284610221EA910350EF049F8AF4217
S21403D440EFD10DA8FDF72BFE702122A8D3F760FEBF
S21403D450302116A8D3F75CFE20214046D3F758FEAA
S21403D460102101A8D3F754FE1CB130213046D3F760
S21403D4704FFE20463FB0BDE8F08F6FF03704F8E765
S21403D4802DE9F0438DB005460E463022002168464E
S21403D4900EF046F8002705F12009E8460DEB0703D2
S21403D4A005F10F010A780132D2B2084601F80129C4
S21403D4B00AB9A842F6D12A4601214846FDF759FE85
S21403D4C00446D0B91037302FE7D1731E2F3698F89D
S21403D4D0002013F8011F4A40B34208F8012BF6D187
S21403D4E04FF4807269464846FDF7DFFD044620B9CF
S21403D4F0102208A928460DF0EBFF68463021D3F723
S21403D50007FE20460DB0BDE8F0832DE9F04194B048
S21403D51017468269502A054688461E4643D8C2F1F6
S21403D5205003B3423FD3C6F150039B1ABB423AD3D0
S21403D5305022002168460DF0F3FF6B6CAA69A86CB5
S21403D5406946984728B16FF03304204614B0BDE807
S21403D550F081AC6946B16B6CA86C32460DEB0401E6
S21403D56098470028EFD13444B8F1000F07D037B1FD
S21403D5700DEB04003A4641460DF0AAFF3C44224612
S21403D58069466846FFF7CFFE044638B9694628461B
S21403D590FFF776FF044608B901232B61502168463E
S21403D5A0D3F7B6FDD1E76FF03704CEE710B50446E0
S21403D5B04C2200210DF0B4FF4FF0FF33236142F2FB
S21403D5C01073E36110BD10B5044660B12030FDF75B
S21403D5D066FD4C212046D3F79BFD42F21073E361B0
S21403D5E04FF0FF33236110BD0023FFF78EBFF0B566
S21403D5F08BB005460F4614460021202202A81E467D
S21403D6000DF08EFF05F120000190FDF744FDAB6998
S21403D6100198C5E911740BB92023AB612C69002C62
S21403D62005DAAC692F2C9ABF0134640800244FF442
S21403D630807202A9FDF739FD28B9109A23463146B0
S21403D6402846FFF762FF0BB0F0BD2DE9F04190B01E
S21403D650B2F5806FDDF8588005460F4616461C4621
S21403D6605ED8B8F5807F5ED83022002104A80DF07E
S21403D67057FF2A69EB699A4201DC6B699BB1214625
S21403D68042462846FFF7B0FF044628BB05F12008AC
S21403D69036BB04A92846FFF7F3FE0446A0B92B6958
S21403D6A001332B6110E0B8F1000FEFD0214642465C
S21403D6B004A8FFF738FE044630B904A92846FFF746
S21403D6C0DFFE04460028E1D0302104A8D3F720FD6E
S21403D6D010216846D3F71CFD204610B0BDE8F08144
S21403D6E005F10F0213780133DBB2114602F8013954
S21403D6F00BB9A942F6D16B462A4601214046FDF7EF
S21403D70038FD04460028DFD1102E344628BF1024E7
S21403D7103846224669460DF0DBFE2744361BB7E73C
S21403D7206FF03504D8E76FF03704D5E707B5002365
S21403D7300093FFF78AFF03B05DF804FB2DE9FF4172
S21403D740DDF828801D46164643462A4604460F46FD
S21403D750D3F740FB48B9CDE90180009504F12803CF
S21403D7603A4631462046D3F729FB04B0BDE8F0819C
S21403D770F0B585B00D4604460C3501A81646FEF7EF
S21403D780DDFA00212846FEF702FD211D07462A463C
S21403D79001A8FEF7FAFD044648B9002F0CBF002285
S21403D7A006F0010201A92846FFF74BFD044601A82F
S21403D7B0FEF7CAFA204605B0F0BD70B50C4605461E
S21403D7C0114620461A46FEF7BEFD064630B9043516
S21403D7D029462046FEF79AFC002801DA304670BD3B
S21403D7E02A4621462046FEF73FFD0028F0D006468F
S21403D7F0F4E710B50446FEF7A7FA04F10C00FEF7AB
S21403D800A3FA04F11800BDE81040FEF79DBA2DE90F
S21403D810F743174613F07E0F0C460CBF0122002277
S21403D8200646394620461D46C3F345080192FFF7D0
S21403D83008FD40BB04F10C09019A07F10C014846A8
S21403D840FFF7FFFCF8B908F1FF335A425A4107F1D4
S21403D850240120460192FFF7F4FCA0B9019A07F1D0
S21403D86030014846FFF7EDFC68B9EA092146304621
S21403D870FFF77EFF38B9012104F1180003B0BDE8B5
S21403D880F043FEF7E6BA03B0BDE8F0830968D2F7C3
S21403D89097BF036B2BB1C36B002B0CBF0220012079
S21403D8A070471846704710B50446FEF747FA04F16A
S21403D8B00C00FEF743FA04F11800BDE81040FEF72B
S21403D8C03DBA38B50025044600F8045BFEF736FA81
S21403D8D004F11000FEF732FA04F11C00FEF72EFAEC
S21403D8E004F12800FFF7DFFF04F14C00FEF726FAE9
S21403D8F0C4E91655C4E91855C4E91A55C4E91C55B4
S21403D900A56738BD08B1FFF774BF704770B5044606
S21403D91060B3036E012B12D00430FEF715FA04F140
S21403D9201000FEF711FA04F11C00FEF70DFA04F1DD
S21403D9302800FFF7E7FF04F14C00FEF705FA636FD4
S21403D9408BB920467C21BDE87040D3F7E1BB06FBCC
S21403D9500500FFF7D7FF0135D4E91D03AB42F6D820
S21403D960FEF79BF9EDE700252426F5E770BD38B5ED
S21403D97004460D46FEF73BFA70B905F10C0104F1B7
S21403D9800C00FEF734FA38B905F1180104F1180053
S21403D990BDE83840FEF72BBA38BD08B5183000216D
S21403D9A0FEF7F5FBB0FA80F0400908BD2DE9F0411B
S21403D9B08AB0202B80460E4617461D4609D90023FB
S21403D9C002AA2946384600F035F9044600BB02AFE2
S21403D9D020258DF8046046468DF8055056F8041B3E
S21403D9E081B10123C8F80030022201A93046D0F7DE
S21403D9F005FC044660B92A4639463046D0F7FEFB96
S21403DA00044605E03046D0F7E7FB04460028E8D096
S21403DA1002A82021D3F77CFB20460AB0BDE8F0819C
S21403DA202DE9F043A3B0002607460546B0466FF03F
S21403DA303B04B1463B6F98450BDB002E08BF6FF0E7
S21403DA403C0402A88021D3F763FB204623B0BDE83D
S21403DA50F083D5F884306C6FA86FCDF80490012B53
S21403DA604FF0800201AB02A908BF0126A047044677
S21403DA700028E6D1019B5BB102AA5FFA88F138461B
S21403DA80FFF794FF0028E1D1EB6F019A1344EB678D
S21403DA9008F101081435CDE710B5036801330446D1
S21403DAA00CD00430FDF753FC00232367282104F130
S21403DAB07400D3F72DFB4FF0FF33236010BD30B552
S21403DAC0056F012D0DDC142404FB05040135C4F891
S21403DAD08030039BC4F88430C4E91D120567002018
S21403DAE030BD6FF03D00FBE72DE9F04188B0202AFA
S21403DAF080460F4616466FD84FF48175013D65D0B4
S21403DB00D8F87030002B64D04046FFF789FF0446F0
S21403DB10002840D1D8F870E0024643460120A645C7
S21403DB2041DC0028EAD01F2AE8D9202200216846D3
S21403DB3008F104050DF0F4FC69462846D0F768FBA7
S21403DB40044640BB2846FDF702FC2846FDF7FDFBCE
S21403DB5021462846D0F740FB0446E0B92022694612
S21403DB602846D0F74BFB0446A8B903466A4620214D
S21403DB70684600F05FF8044668B9D8F87020034694
S21403DB80142108F17C0025469A4219DC3246694680
S21403DB9038460DF09DFC20216846D3F7B9FA204697
S21403DBA008B0BDE8F081D3E91FC18C4538BF00201B
S21403DBB0D3F88410012908BF624401341433AEE756
S21403DBC001FB03FC013340F80C50DDE76FF03B0428
S21403DBD0E1E76FF03F04DEE76FF03B04DFE70C227C
S21403DBE000210DF09DBC10B5044610B3036803B3C3
S21403DBF0406858B11B79032B18D0042B16D0022B80
S21403DC0001D1FDF7A8FB6068FEF747F8A06838B1B6
S21403DC10236899794900D3F77BFAA068FEF73DF8A5
S21403DC2020460C21BDE81040D3F772BAFDF78FFBF0
S21403DC30E9E710BDF0B59FB0064603A80F461546A4
S21403DC400193FDF782FB019903A8D0F7C5FA0446B2
S21403DC5058B93A46314603A8D0F7D0FA044620B955
S21403DC60294603A8D0F7D4FA044603A8FDF76FFBAA
S21403DC7020461FB0F0BD08B5202004F06BFF003827
S21403DC8018BF012008BD08B5FFF7F5FF20B1BDE8B2
S21403DC900840202004F066BF08BD73B506460D464F
S21403DCA01446A2B104F053FFA84212D8304604F03B
S21403DCB063FF0146019070B100232A46204603F015
S21403DCC0F3FA01A803F0FAFA002002B070BD22208E
S21403DCD0FBE72120F9E72D20F7E708B5DAF730FE52
S21403DCE008B1012008BD00F05FF8DAF731FE00281E
S21403DCF0F7D1DDF749F8003818BF0120F2E708B579
S21403DD00D3F7CAFB002814BF0120042008BDD3F7AD
S21403DD10D1BB0020704730B5044687B00846154689
S21403DD2002F050F91422002101A80DF0F9FBA368B4
S21403DD300293E3680393E38BADF81030238CADF8BE
S21403DD401230ADF80450FFF7E4FF029B8DF8140081
S21403DD5043F41053029304F066FE18B1029B43F09B
S21403DD600403029301A8D7F741F810F0FF0516D174
S21403DD70A38CADF800300DF10201E38CADF8023050
S21403DD80684604F034FDD3F72FFC02F019F901219D
S21403DD900CF02BFEDCF7E0F8284607B030BD40F267
S21403DDA00C40FAE7D3F730BCFDF700BFD2F7C0B993
S21403DDB050E8003F0B4340E80032002AF8D1704792
S21403DDC0C94350E8003F0B4040E80032002AF8D130
S21403DDD07047CB69184770477047002070477047F5
S21403DDE04FF00000704700207047704770470020D0
S21403DDF070470020704700207047002070470020BF
S21403DE007047002070470020704770470020704717
S21403DE107047704770477047704700207047002070
S21403DE207047704711207047002070474FF0FF304F
S21403DE3070470020704770470020704700207047E7
S21403DE40002070474FF0FF307047112070470020C6
S21403DE50704701207047002070470020704700205D
S21403DE60704700207047704701F00CBD38B5044674
S21403DE70FCF7F5FBD4E90C1205462046D3F71AFC4B
S21403DE80A28CE0600346E08C801A40F2712202FB0B
S21403DE90003303F59C53083323612846BDE8384016
S21403DEA0FCF7E3BB08B52030FFF782FFBDE8084068
S21403DEB04FF08050D3F740BB37B504460830019186
S21403DEC0D6F7B2FB20460199D9F774FC206C0025DF
S21403DED0E56110B1D5F7AEF9256404F1500003B03F
S21403DEE0BDE8304003F0EAB970B504460E4619B3F0
S21403DEF090F828208AB190F829300133DBB29A4291
S21403DF0080F8293009D10121FFF7D6FF4FF0807141
S21403DF102046BDE87040FFF7C5BF236ADA030BD57A
S21403DF20E36A62689B1A002B06DA01212046FFF794
S21403DF30C3FF4FF08061EBE7236A1B0427D402F08C
S21403DF40F7FF1123B0FBF3F303EB0313C01A94F9A3
S21403DF505D3085B213FA80F0102888BFC5F110052E
S21403DF606DB2083B2B4484F85D3001212046D9F777
S21403DF7021FC76B1A38C1D44636840F2712202FB38
S21403DF80053363602046BDE87040D9F7C5BB00255E
S21403DF90EBE703F009F86368181A0028EADBF1E7F1
S21403DFA02DE9F04704460F46E169DDF828A09DF801
S21403DFB030809DF838C09DF840009DF8489016467E
S21403DFC01D469DF84C209DF85030002940F0D8801F
S21403DFD0E90600F1C18005F00301032908BF05F037
S21403DFE0FD0505F0F705A906BDF83410A4F85E1084
S21403DFF002F0FD0148BF05F0FC05012900F0AF80E3
S21403E000022A08BF042247F6FF711CF0020F84F8A9
S21403E0106220A4F8781040F0A4801CF0040F00F0EF
S21403E020A28002F0FD02012A0CBF0422032294F808
S21403E0307F1062F3030103F0FD02012A84F87F10C8
S21403E04000F09380022B08BF042347F6FF72A4F860
S21403E0508820820784F8633000F18980400740F106
S21403E060888003F0FD03012B0CBF0421032194F8E1
S21403E0708F30606E61F3030384F88F30FFF7D1FEB1
S21403E080216B00222046D3F715FB40F2712373431E
S21403E090984277D804F1200049F6FF71FFF790FE07
S21403E0A0FF2384F84730B9F1000F03D0236A43F403
S21403E0B080532362290705D5236A062643F484136F
S21403E0C023623746236A6A0723F4C04323620CD4C9
S21403E0D018F0010F1CBF43F40053236218F0020F1D
S21403E0E01EBF236A43F480432362236AA4F8445082
S21403E0F02B43236204F15703BAF1000F3BD0DAF83F
S21403E1000020C4F85720BAF804209A809DF82430DB
S21403E110012B03D14FF48061FFF74AFE236A9DF873
S21403E120202023F4407343EA0223236202F000FF15
S21403E1309DF84430A784C0F30B0040EA03309DF8F3
S21403E1402C30A4F86C00E684204684F82A30FFF7C7
S21403E1508DFE0020BDE8F0870120844643E70322B6
S21403E16051E7022263E7012261E703236DE70221F9
S21403E1707DE701217BE7C4F857A0A3F804A0CDE709
S21403E1800C20E7E74520E5E72DE9F74389461746E0
S21403E1900193044630B901A803F090F8422003B077
S21403E1A0BDE8F083012920D0022910D089B9C369BC
S21403E1B0C3B900F130054FF40036236AD9061ED5DD
S21403E1C05A0726D501A803F079F80020E7E7406E42
S21403E1D020B901A803F072F80C20E0E71946FFF710
S21403E1E021FEDCE700F13805E5E7C36923B900F152
S21403E1F034054FF48026E0E700F13C05F9E79B077A
S21403E20007D5B9F1000F04D101A803F057F812207F
S21403E210C5E704F1200840463146FFF7D1FDF8076D
S21403E22002D5284603F04AF8019921B1284603F09F
S21403E230F8F900230193286803F0E8F9236AD9065E
S21403E24005D51F2801DC032F16D02846DDE740F24C
S21403E2507262904204DD284603F030F807209EE7FA
S21403E260B9F1000F08D1BF2806DD9A0704D0284667
S21403E27003F024F8452092E7D4E90E122046D3F79C
S21403E28019FAE3696BB1A38C40F2712253439842A7
S21403E29007D9E38C8342EAD300F51C70B0FBF2F097
S21403E2A0A084FCF7DCF9E36905467BB1BB070DD513
S21403E2B031464046FFF77CFD6368C3F57A7602F085
S21403E2C073FEF04202D52046D9F790FB2846FCF7AA
S21403E2D0CCF97AE708B548B111F0010108D020302F
S21403E2E04FF40011FFF764FD002008BD4220FCE751
S21403E2F00846FAE708B548B111F0010108D0203006
S21403E3004FF40011FFF75CFD002008BD4220FCE738
S21403E3100846FAE7D3F778BC38B5C36904460D4612
S21403E3203BB1036A13F0010310D190F84620FE2A8E
S21403E3300ED004F120004FF48001FFF739FD2B685F
S21403E340A364AB88A4F84C30012038BD0020FCE75A
S21403E3501846FAE7036A10B5044613F4602025D07E
S21403E3609A0307D504F1300002F0A8FFA36B2363DA
S21403E3700023A363236A5B0307D504F1340002F08A
S21403E3809DFFE36B63630023E3634FF4602104F1B3
S21403E3902000FFF715FD2046FFF768FDB4F86C3044
S21403E3A05A1C62F30B03A4F86C30012010BD08B5A9
S21403E3B00020D3F7E1F9BDE8084001F063BA10B5D1
S21403E3C00446503003F02DF920464FF00071BDE8A7
S21403E3D01040FFF767BD07B50191D9F777FD0198A0
S21403E3E0012103B05DF804EBFFF766BD10B50446E4
S21403E3F009B1012010BD406E80B9A06E98B9B4F87B
S21403E40044309B07F5D12046D3F75AFDFFF7F5FCBA
S21403E4100028EFD0C079C0F34010EBE7FFF7FFFC0E
S21403E4200028EAD0E5E7FFF7EEFC0028E7D0E0E7B0
S21403E43010B50446FFF7DAFF236A00280CBF002056
S21403E4401820990658BF40F001005A0648BF40F00E
S21403E45040005B0748BF40F0020010BD10B50C46F5
S21403E4600021FFF7C3FF30B9E3064CBF04F01800E2
S21403E47004F05B0010BD1820FCE72DE9F0470646C4
S21403E4808A46114690469946FFF7D2FF96F88F5074
S21403E49005F00F05042D074604D196F86330032BC9
S21403E4A018BF032596F87F4004F00F03042B03D10F
S21403E4B096F86230032B28D104F00F043946304611
S21403E4C0FFF7CCFF0021D4F741F8C11C2046D7F74D
S21403E4D085FB0AF1FF341FFA80FCA6F854004FF4BC
S21403E4E0FA704443FB060AFB0C440BD5B6F84430DB
S21403E4F003F00303012B04F5487A08D0022B1FD040
S21403E5009BB154462046BDE8F0870324D6E7242172
S21403E5102846D7F763FB102106462846D7F75EFB47
S21403E52004F58A618C1900EB040A404603F06EF882
S21403E53029460246384600F073F90AEB0004E1E781
S21403E5400E212846D7F74AFB0646484603F05EF8F0
S21403E55029460246384600F063F904F58A643444D3
S21403E5600444CFE710B50C4606281DD8DFE800F0B4
S21403E5700409111C1C171100BDE810400846D3F708
S21403E580AFBED9F72DFA84420ED1BDE81040D9F7B5
S21403E5909DBC20460021BDE81040D3F7BBBCBDE8B8
S21403E5A010400846D3F770BE10BD03280B4603D1B0
S21403E5B001211846D3F7AEBCFFF7D4BF032802D118
S21403E5C00846D3F761BEFFF7CDBF042810B50C4647
S21403E5D009D005280DD0032811D1BDE81040497E87
S21403E5E00120D9F7FBBD0846D3F7E6FE58B1D9F7A5
S21403E5F06DFC20460121BDE81040D3F78BBCBDE877
S21403E6001040FFF7AFBF10BD70B50446FCF727F800
S21403E610002106462046D3F78BF8054628B9002482
S21403E6203046FCF722F8204670BD406E20B1FFF757
S21403E630F6FB04460028F3D1A86E0028EFD0FFF7B8
S21403E640E2FB0446ECE708B501F01CF9BDE8084018
S21403E6504FF480500021D6F7BDBB83790C330344B7
S21403E660987810F03F0004D0DB78194214BF0120DD
S21403E6700020704773B58DF8071081794FF4407505
S21403E6800C31C58000254552455C4418072666F3C1
S21403E6900305455402F001019207A27848BF41F0F2
S21403E6A0020161F38712A2709DF8072002B95BB1DD
S21403E6B001220DF1070102F0E4FDA378012262F3C3
S21403E6C00503A37002B070BDA27863F30502A270BF
S21403E6D0F8E770B50C4602210246FFF7BEFF00B30B
S21403E6E0957905F10C001118135C6FF3C7131354D7
S21403E6F0D379D4F857605B1BDDB251FA83F34E51DE
S21403E700B4F85B109980236A13F4406F1EBF135C42
S21403E71043F080031354BDE870400621104602F010
S21403E720A5BD70BD38B50D4604210446FFF795FF19
S21403E73030B1A91D20460122BDE8384002F0A1BD34
S21403E74038BDF7B504460F4616461D460DF10701BC
S21403E750013301228DF8073002F06DFF0DF107013A
S21403E760012220468DF8077002F065FF2A463146DF
S21403E770204603B0BDE8F04002F05DBF13B50A467D
S21403E78004210446FFF769FF78B140F2FF23ADF892
S21403E790003000238DF802309388ADF803306A46C4
S21403E7A00523FF212046FFF7CCFF02B010BD38B586
S21403E7B00D4608210446FFF750FF38B105F16C01FA
S21403E7C020460222BDE8384002F05BBD38BD20215A
S21403E7D0FFF743BF13B50A4640210446FFF73DFF44
S21403E7E050B10A21204692FBF1F20DF107018DF894
S21403E7F00720012202F045FD02B010BD10B5847952
S21403E800C37904F10C0202441B1B0239D8B251FA35
S21403E81083F353709378033860F30503937010BD46
S21403E82070B505460E4600F06B0000211446D3F77C
S21403E8308DFE54FA80F4FF2C05D821463046BDE8F9
S21403E8407040D7F7CBB9FF213046D7F7C7F905F0A5
S21403E8504005FC3D00F5487061190446FF2904EBAA
S21403E860000302D929441C46F8E73046D7F7B6F921
S21403E870204470BD08B50231C0B2D7F7AFF900F532
S21403E880FA7008BD70B5049C002512F01002E571FD
S21403E89002D1A271104670BD0122A2718D786E0955
S21403E8A0F040C20720D54A7805F01F0542EA052541
S21403E8B091F90020002AB4BF4FF496721E226A43D1
S21403E8C098180B782060252103F03F03B2F5FA7FF2
S21403E8D0B3FBF1F501FB1533237106F1010134BFD8
S21403E8E0022301236171E3710320D4E7036A37B57A
S21403E8F003F4007403F40015DB0506D47CB908465C
S21403E900D6F78EF9204603B030BD44B9826C0A6050
S21403E910B0F84C208A80B5FA85F46409F2E70191D1
S21403E92090F94730009300231A4619461846B5FA5D
S21403E93085F4FFF78AFA6409E4E738B50A46012145
S21403E9400446FFF78AFEA0B1A079E37900F10C052F
S21403E9501B1A611951FA83F11046FFF7C7FF635D6F
S21403E96060F38613635520460621BDE8384002F05F
S21403E9707DBC38BD10B541898389C28904460846E3
S21403E98001F027FBE8B1E279531E072B1AD86389F7
S21403E990934217D922899A4214D8237C4BB9637CB5
S21403E9A03BB9A37C2BB9E37C1BB9237D13F0F0039F
S21403E9B00AD0607D1B3000F01F000B288CBF0020A0
S21403E9C0012010BD0020FCE71846FAE708B5D9F782
S21403E9D07DFABDE808400020D9F7EABC2DE9F04FE0
S21403E9E090F8068085B008F10C0800EB08079A46F5
S21403E9F09DF838309DF83C401646032205468B4664
S21403EA0007F10309FA70381D83B994B9D6F708F9E4
S21403EA1007F10A03BBF1000F0DD16EB9DAF8002037
S21403EA20C7F80A20BAF804209A8012E00CB9D6F781
S21403EA303BF90124ECE776B30393FFF7F7F9039B5F
S21403EA400021CDE9000301231A460846FFF7FDF926
S21403EA50012607F11001A1EB090101F03F02531C47
S21403EA607B7015F80830A40103F00F0344EAC614BC
S21403EA701C43114605F808400331BA70284602F0D5
S21403EA80F5FB15F80830082262F3030305F808308F
S21403EA9005B0BDE8F08F0126C0E770477047024611
S21403EAA019460020D9F794BD002070470020704710
S21403EAB007B500214FF0FF336A46084600938DF8EA
S21403EAC00430D4F73FF803B05DF804FB38B50546C9
S21403EAD0006802F081FA0446287900F01F0002F06D
S21403EAE07BFA2044C0B2012894BF0020012038BD21
S21403EAF050E8003F0B4340E80032002AF8D1704745
S21403EB00C94350E8003F0B4040E80032002AF8D1E2
S21403EB10704738B505460C46FFF7C8FF20B149F6DF
S21403EB2040439C4228BF1C46EB68A3420AD2B5F872
S21403EB307E2040F271214A43934238BF1346A342D4
S21403EB4028BF23462B6138BD034640309A6A920499
S21403EB5004D5D3F82C21998FD4F74CB893F86B10BF
S21403EB60D4F73EB800207047704700207047002057
S21403EB70704701207047C820704700207047002068
S21403EB8070477047704711207047704770470020E2
S21403EB9070477047002070477047012070477047E2
S21403EBA0704790F889305A1C02F00F02062A94BF69
S21403EBB062F303036FF3030310B580F8893090F80C
S21403EBC0893003F00F030344044683F8821090F859
S21403EBD089306F2B4FEA13129EBF013262F307137D
S21403EBE080F88930FFF7DCFF94F83B11204601F0EC
S21403EBF00F01FFF7C7FF10BD70477047704700202F
S21403EC0070470020704710B101F1B400704701F15E
S21403EC10D8007047FC307047806A70472830FFF78B
S21403EC2067BFC06A70472C30FFF762BF2C30FFF710
S21403EC3067BF00F59E70704708B50B79DB0702D4F3
S21403EC40FFF7DAFF08BDBDE8084091F90510FFF7A6
S21403EC50A8BF02290346808F11D0032909D00129B2
S21403EC6006D11A8F5B6B1201B2FBF3F3184480B222
S21403EC7070475A6B4FF47A43B3FBF2F3F6E75B8FB6
S21403EC80073000EB4300F2E7836A590505D4D0F852
S21403EC90A43013B15B799A0708D4D0F8A80000B95A
S21403ECA0704743799B0701D40068F8E70120704753
S21403ECB080F87310704770B5856A15F0080504462A
S21403ECC017D0836FB0F880505D43436F05F1800221
S21403ECD003EB4203B0F87C20436740F271214A43BA
S21403ECE01B0AB2F5487FACBF9B1803F548732D0A81
S21403ECF0C360616B40F27126013971432046FFF70A
S21403ED0008FF20460121D8F755FD636BB4F8802031
S21403ED105A43636806FB02335D1B65602046BDE805
S21403ED207040D8F7F9BCB0F8343110B5A0F83831D4
S21403ED300446D4F715F8C0B2FFF71DFF94F83B312D
S21403ED4094F83A2103F00F0304F14001FFF7A7FEFE
S21403ED50D6F78AFFB4F93421824205D0A4F83401E9
S21403ED60D9F72CFBA4F83601B4F93821B4F93431B9
S21403ED709A4209D0A36A9B0306D520464FF4004166
S21403ED80BDE81040D4F702B810BDFFF7CCBF836AC6
S21403ED900A4600F14001C3F34030D3F7D3BEA0F8D0
S21403EDA07E2040F27122A0F87C105143B1F5487FD3
S21403EDB0B8BF4FF44871C1600169FFF7AABE70B5CA
S21403EDC005460E46144692B928354FF4C021284608
S21403EDD0FFF796FE1EB14FF40031FFF789FE5CB1D4
S21403EDE04FF480212846FFF783FE002404E0FFF754
S21403EDF0CEFE0028E8D11124204670BD2DE9FF4140
S21403EE00836A9B0304462DD5B0F93471B0F9386193
S21403EE100020D9F7D3FB8742CCBF4FF000084FF052
S21403EE200108FFF741FE94F83B11C82201F00F01D9
S21403EE30D9F7CEFB05462046D3F792FFAF42ACBFC9
S21403EE400225002594F83B11BE1B36B245EA080599
S21403EE500023CDE9007502961A4601F00F0180B231
S21403EE6000F0C2FC04B0BDE8F081FFF7C7BF8A30EC
S21403EE707047F7B504460E4621B91B2380F8963033
S21403EE8003B0F0BD416B40F271235943A1F28A21CE
S21403EE90490830460191D6F7B1FE851F94F89200D3
S21403EEA00199ADB28542A8BF05463046D6F7A6FE01
S21403EEB0831F94F893009BB28342A6F10302A8BF74
S21403EEC00346012AB4F88C00B4F88A202CD8B2F58D
S21403EED0296F44F29027B8BF4FF42962BA4211460D
S21403EEE0A8BF3946B0F5296F0246B8BF4FF429626A
S21403EEF0BA42A8BF3A461B2DB8BF1B251B2BB8BF6B
S21403EF001B2384F89450A4F88E1084F89530A4F844
S21403EF1090203046D6F772FE063880B28542A8BFE8
S21403EF20054684F89650ABE7B2F5A47FB8BF4FF416
S21403EF30A472B0F5A47F11460246B8BF4FF4A4727C
S21403EF40D9E770B54900466B89B28E4204461FBFA7
S21403EF504068616340F2712505FB060018BF05FB98
S21403EF601100618F1ABF606001250025914218BF0A
S21403EF706287228F18BF01259A4218BF2387A36A88
S21403EF8018BF01251B0713D4238F94F83B11626B1C
S21403EF90204601F00F011B01B3FBF2F3A4F8A030E7
S21403EFA0FFF767FF20460421BDE87040D3F7EEBEA7
S21403EFB0616B04F1340001F007F8A067002DE3D17C
S21403EFC070BDF0B585B004460E4600F18A036A4666
S21403EFD000F1920718685968154603C50833BB4203
S21403EFE02A46F7D1186828609B88AB8031462046AE
S21403EFF0FFF73FFF9DF80B2094F895309A4211D106
S21403F000BDF80620B4F890309A420BD19DF80A203A
S21403F01094F894309A4205D1BDF80420B4F88E30A3
S21403F0209A4207D04FF48141204605B0BDE8F04030
S21403F030D3F7ACBE05B0F0BD37B50446BDF818002F
S21403F04094F892508D420BD1B4F88A50954207D16A
S21403F05094F893509D4203D1B4F88C5085421DD04A
S21403F0608DF80610ADF8042084F8921094F83B113E
S21403F070019D84F89330A4F88C00C4F84451A4F896
S21403F0808A2001F00F012046FFF79BFFB4F88E306D
S21403F090A4F88A30B4F89030A4F88C3003B030BDAE
S21403F0A070B5044616460D46A1B190F83B3103F001
S21403F0B00F038B420ED00122FFF767FD002229467D
S21403F0C02046FFF760FD94F83B3165F3030384F8AD
S21403F0D03B31012694F83B11204601F00F01FFF760
S21403F0E070FF36B120464FF48441BDE87040D3F735
S21403F0F04DBE70BDF8B51D46C36A5B0704460F4692
S21403F100164610D404212C30FFF7F2FC84F89E70C8
S21403F110A4F89A60A4F89C5020464FF40061BDE81A
S21403F120F840D3F733BEF8BD10B511B190F89E4042
S21403F1300C7012B1B0F89A10118013B1B0F89C207D
S21403F1401A80C06AC0F3800010BD4FF40041283017
S21403F150FFF7CEBC00F5A470704790F83B0100F0B3
S21403F1600F007047B0B50446FBF779FA65680746A3
S21403F17001F01AFF2D1AB5F5FA7504D53846BDE821
S21403F180B040FBF772BA636B40F271225343A28F0F
S21403F190B5FBF3F5A9B2521A94F86B30A28794F82C
S21403F1A06C2001FB1233252293FBF2F002FB103393
S21403F1B0002BB8BF9B1884F86B30B4F8A0305B1AEA
S21403F1C0A4F8A03020460D460021D8F7F3FA636B67
S21403F1D05D43636840F2712202FB15356560204685
S21403F1E0D8F79AFACAE72DE9F3474E790446B007EB
S21403F1F04FF0000358BF06F0010608460D46ADF86B
S21403F200043054BF01360326FEF7EAFD074607F02F
S21403F2101F03002BE36A0BBF4FF000084FF00108F3
S21403F2204FF002094FF0030999050CD59DF80430F9
S21403F23066F3010368F345138DF80430019A2946F3
S21403F240204600F090F9284602F0E0F94946824647
S21403F250284602F0F9F89DF80430AA798DF805A03F
S21403F26066F3010368F345130C328DF80430BDF8DA
S21403F2700430AB529DF80430A9189A066B7948BF40
S21403F2808F7043F001036B71FBF7E9F906462046DE
S21403F290294650F8A88F02F0C4F994F84A3101338E
S21403F2A084F84A31A36A1B070CD5B4F88030012BC7
S21403F2B002D92046FFF756FF304602B0BDE8F047B6
S21403F2C0FBF7D3B9656801F06FFE0746D8F788FBEE
S21403F2D08442F1D1ED1BB5F57A7FEDDDB8F1000F71
S21403F2E003D0D4F8A430002BE6D1D4F753FFE3E7DA
S21403F2F008B5022002F015F810B100F0E2FD012077
S21403F30008BD10B54FF4407104462830FFF7F8FBEC
S21403F31020460021BDE81040D4F7A4B9012210B559
S21403F320A1F12003C1F1200422FA04F402FA03F344
S21403F33023438A40D0E9084122400B40134314BFBD
S21403F3400120002010BDC36A13F0080310B513D0C4
S21403F3500122A1F12003C1F1200422FA04F402FAE7
S21403F36003F323438A40D0E9084122400B4013436A
S21403F37014BF0120002010BD1846FCE710B50C464C
S21403F380C9B2FFF7E0FF70B1D5F77AFDC4F12002EA
S21403F390A4F12003E04001FA02F2104321FA03F33A
S21403F3A0184300F0010010BD70B504460E46D5F7AD
S21403F3B07BFEFBF754F984F873600546022120466A
S21403F3C0D3F7E4FC20460021D8F7F4F92846BDE835
S21403F3D07040FBF74AB970B504460D46FBF73FF994
S21403F3E00646D8F7FDFA844201D1D4F7B3FE304679
S21403F3F0FBF73BF929462046BDE87040FFF7D4BF2C
S21403F4000B68C0F84431704738B5D0F844310B6008
S21403F41040F648059BB2AB420C4604D90B21FFF7D6
S21403F420ADFF08B9258038BD44F290232380FAE760
S21403F43008B500F0FBF8D3F7DFFD00F04FFB00F054
S21403F44008F8D5F75BFDD6F793FABDE80840D6F77C
S21403F450F7BA704770B515460E461C46FFF7DAFB3B
S21403F4602B684EB103606B6843602368C0F8253091
S21403F4702368C0F8153070BD83606B68C36023686B
S21403F480C0F829302368C0F81930F4E770B505468C
S21403F490FFF7C0FB0446FBF7E2F84FF4807106461D
S21403F4A02846FFF7BBFB4FF400612846FFF7BBFB7C
S21403F4B03046FBF7DAF8002323612375236284F8CA
S21403F4C024302846FFF7A8FB802310F0080F14BF4C
S21403F4D0237584F8243070BD10B50446FFF711FF7A
S21403F4E020461021BDE81040D3F750BC10B54FF4AA
S21403F4F060610446FFF79AFB2046BDE81040FFF71D
S21403F50000BF7FB506460C46FFF784FB4FF4C06189
S21403F51005463046FFF787FB4FF400613046FFF79A
S21403F52085FB4FF48060D5F74FFC224678B96946D1
S21403F5302846D4F77FFC6B4605F10F0213F8011B30
S21403F5401170AA4202F1FF32F8D104B070BD6C46C6
S21403F55002F1100610685168234603C30832B2420C
S21403F5601C46F7D1E7E7F0B587B00D46ADF80C209B
S21403F570FFF750FB0446284602F048F8064600B359
S21403F5802846D4F7F7FC9DF80C3005AF03F02303A9
S21403F590224631460093019704F12003FBF74CFF04
S21403F5A02846D4F7FDFC04223946284602F043F8E1
S21403F5B0236A0133236223B994F82430013384F891
S21403F5C0243007B0F0BD30B585B00391ADF8082000
S21403F5D0FFF720FB0446039802F018F8051F002DDA
S21403F5E002DC002005B030BD0398D4F7C3FC4319F2
S21403F5F001939DF8083003F023030093224604F199
S21403F60010032946FBF709FF0028EAD10398D4F72D
S21403F610C7FC042103A802F0D9F823690133236148
S21403F62013B9237D013323750120DBE708B54FF4B7
S21403F6300060D5F7C9FB40B94FF48050D5F7C4FB3B
S21403F64040B9BDE80840DBF7D1BCFFF7D8FA00287D
S21403F650F2D008BDFFF7D5FA0028F2D0F9E7C94380
S21403F66050E8003F0B4040E80032002AF8D17047CC
S21403F67041F0004141F4E0210160704700207047EB
S21403F6807047704710B5DC1D043383734379C47128
S21403F69023F0030343F003030E244371012344734F
S21403F6A08371C3730182827410BDD31CC3713E235E
S21403F6B043734379827323F0030343F003034371D5
S21403F6C001238371C17370470F234373042383732A
S21403F6D04379A0F8111023F0030343F003034371A7
S21403F6E040F20173C38001230374C2737047D31CB3
S21403F6F0C3714379417323F0030343F00303437158
S21403F700012382738371704708B50023FFF7BAFF9E
S21403F710BDE80840D4F7EABF2DE9F8438046022047
S21403F720894617461E4601F0FCFDD0B14579A0F880
S21403F73010800C2343730823837325F0030540F6D8
S21403F7400133C38045F003059DF82030457180F8EA
S21403F7501290A0F81370A0F81560C373D4F7C6FF11
S21403F7600120BDE8F88308B5022001F0DAFD30B1C8
S21403F77001221121FFF799FFD4F7B8FF012008BD36
S21403F780F8B50F461646132109221D46FFF78DFFCF
S21403F790837904460C331C44A170E77026712B68EA
S21403F7A0C4F80530AB88A4F80930BDE8F840D4F7B0
S21403F7B09DBF70B5064602200D4601F0B2FD044615
S21403F7C068B114210422FFF770FF83790C331C44BD
S21403F7D0A170A4F803606571D4F788FF012070BD9B
S21403F7E008B5FEF7DFFA08BD2DE9F041074602200B
S21403F7F00D4690461E4601F094FD0446E0B10922EC
S21403F8002121FFF752FF8379BDF918200C331C44DE
S21403F8109DF81C3063720A21BDF9203092FBF1F289
S21403F82093FBF1F384F80380A780A671E571227237
S21403F830A372D4F75BFF0120BDE8F08137B5044619
S21403F84001F0E4FEA3790C33E518C0B23E22E2547D
S21403F850831E6B700D23AB70AB798DF807301C38A5
S21403F860012BE87609D100231A46E91D0DF107009E
S21403F870FEF7E1FA9DF80730AB712046D4F736FF62
S21403F88003B030BD704713B5D4F76AFF84790C34E0
S21403F89004440021E078D1F74BFF6168FEF71AFDB8
S21403F8A00190D4F763FF019A00234FF6194102B083
S21403F8B0BDE81040FFF7E6BE13B5D4F751FF8479D1
S21403F8C00C3404440021E078D1F732FF6168FEF778
S21403F8D011FD0190D4F74AFF019A00234FF61A410F
S21403F8E002B0BDE81040FFF7CDBE2DE9F041D4F7D6
S21403F8F037FF002187790446FE20D1F719FF054616
S21403F900D6F784FA50B10C25D4F730FF2A460023E5
S21403F910BDE8F04142F20501FFF7B4BED6F7BAFAE6
S21403F92006460028EFD13C440F3455B121462846FD
S21403F930FEF7F2FC0028E6D02046D5F797F93546C1
S21403F940E2E72046D5F792F9DEE773B5D4F708FF6A
S21403F95084790C3404440025E678D4F701FF036861
S21403F9600193D4F7FDFEA6F1FE0359425941056003
S21403F9703046D1F7DDFE019B22792946FEF704FCCB
S21403F9800190D4F7F3FE019A2B4642F2370102B0F8
S21403F990BDE87040FFF776BE73B5D4F7E1FE847911
S21403F9A00C3404440025E678D4F7DAFE03680193A2
S21403F9B0D4F7D6FEA6F1FE035942594105603046F8
S21403F9C0D1F7B6FE019B22790121FEF7DDFB0190FC
S21403F9D0D4F7CCFE019A2B4642F2380102B0BDE8BA
S21403F9E07040FFF74FBE2DE9F341D4F7B9FE847993
S21403F9F00C340444277994F80380D7B105340026E1
S21403FA002078E3780093A0F1FE035942B4F801206E
S21403FA10019259410434D1F78BFED8B1DDE90032A7
S21403FA204146D1F7DBFF054648B90136B742E7DC66
S21403FA3005E0B8F1010F0FD0D2F7CEF83D46D4F764
S21403FA4095FE00232A4642F2390102B0BDE8F04192
S21403FA50FFF718BE4225F2E71225F0E710B5D4F7F4
S21403FA607FFE84790C3404440021E078D1F760FEED
S21403FA7080B1211DFEF750FC002814BF00240C247F
S21403FA80D4F774FE22460023BDE8104042F2350147
S21403FA90FFF7F8BD4224F3E7FE282DE9F8430646B0
S21403FAA0894690461F4616D0022001F03AFC0446CB
S21403FAB090B106221221FFF7F8FDA5790C352544EF
S21403FAC01223AB7085F803902E71A5F80580EF71AD
S21403FAD02046D4F70BFE0120BDE8F883704713B524
S21403FAE0D4F73EFE83790C33184441790191B0F87C
S21403FAF00300D3F721F968B10199D5F7A3FD84B2C2
S21403FB00D4F734FEE2B240F2064102B0BDE810403C
S21403FB10FFF7DABD0224F3E770B5D4F721FE837945
S21403FB201844B0F80F50FAF79AFD04462846D3F760
S21403FB3003F980B11621FFF74EFC00252046FAF79D
S21403FB4094FDD4F713FE2A460023BDE870404FF613
S21403FB500441FFF797BD0225F0E773B5D4F700FE1F
S21403FB6084790C3404440546B4F80300D3F7E4F868
S21403FB70064648B9D4F7FAFD022242F2130102B050
S21403FB80BDE87040FFF7A0BDAB79E97903F10C023D
S21403FB902A44CB1A0220002101F07DFD014618B944
S21403FBA0D4F7E4FD0722E8E7837903338371B4F8D7
S21403FBB00F20B4F80D5001923046D5F7FDFC019A9C
S21403FBC0044629463046FFF7EAF8D4F7CFFD224627
S21403FBD0D3E713B5FAF743FD0446D6F717F900281B
S21403FBE014BF00220C220192D4F7C0FD019A42F200
S21403FBF00E01FFF789FDD6F7ABFC204602B0BDE841
S21403FC001040FAF732BD10B5D4F7AAFD837918442D
S21403FC10B0F80F00C0B2D3F7BDFBD4F7A7FD00239F
S21403FC20BDE810401A4642F22401FFF72BBD2DE92A
S21403FC30F84381460220884617461E4601F071FBAC
S21403FC40044690B10A220321FFF72FFDA5790C3550
S21403FC50254400232046EB70A5F80490A5F80680FB
S21403FC602F816E81D4F742FD0120BDE8F8832DE98C
S21403FC70F743804602209DF83C508DF807200E4639
S21403FC801F4601F04EFB8146D8B322222921FFF7F7
S21403FC900CFD99F806400C344C4404F1140304F1AB
S21403FCA00E0239460DF10700FEF7C5F89DF8383009
S21403FCB0E37006F00103A3719DF80730A4F80480EF
S21403FCC0E3713B68A360BB88A381BDF828306383D8
S21403FCD0BDF82C30A383BDF83030E38316F0FD0F58
S21403FCE09DF8343084F820300ED14FF0FF3384F87B
S21403FCF0215084F8223084F823304846D4F7F6FCA3
S21403FD00012003B0BDE8F083032E0CBFADB24FF65F
S21403FD10FF75FF2384F821306584EEE737B5054683
S21403FD200220CDE9002301F0FCFA0446A0B10C2220
S21403FD300421FFF7BAFCA3796A4603CA0C332344AB
S21403FD409DF81820C3F806009D802046C3F80A10C5
S21403FD50DA70D4F7CBFC012003B030BD70B506468D
S21403FD6002200D4601F0DDFA044668B10322302175
S21403FD70FFF7BDFCA3790C3323442046A3F80360A6
S21403FD809D70D4F7B3FC012070BD70B50646022003
S21403FD900D4601F0C6FA044688B104220821FFF78F
S21403FDA0A6FCA3790C332344B5FA85F25209204600
S21403FDB0A3F803605A719D70D4F798FC012070BDB8
S21403FDC02DE9F84381460220884617461E4601F071
S21403FDD0A8FA0446B0B10B220721FFF766FCA57903
S21403FDE0BDF820300C3525442046A5F80390A5F829
S21403FDF00580A5F80770A5F80960A5F80B30D4F7B9
S21403FE0075FC0120BDE8F883F8B5074602200E46C8
S21403FE10154601F086FA0446A0B10D220521FFF728
S21403FE2044FCA3790C3323442046A3F80370A3F8B9
S21403FE300D602A68C3F805206A68C3F80920D4F75A
S21403FE4055FC0120F8BD2DE9FF410A9C16466A467B
S21403FE5080460F4603F1100E1546186859689446F7
S21403FE60ACE80300083373456246F6D124B9022092
S21403FE7001F057FA044608B31D22ED212046FFF78A
S21403FE8014FCA3790C332344A3F80380A3F80D7062
S21403FE902EB13268C3F805207268C3F809200F3301
S21403FEA004AE2A4603CAB24218605960154603F1E7
S21403FEB00803F6D12046D4F719FC012004B0BDE8A8
S21403FEC0F08113B5827901900C3213218154841882
S21403FED04FF44072C280D3F785FEA07020B901A804
S21403FEE001F0ECF902B010BD80000130607001989B
S21403FEF0D4F7FCFBF6E770B5064602200D4601F084
S21403FF0010FA044678B104220521FFF7F0FBA37923
S21403FF100C33234400222046A3F803605D719A70D5
S21403FF20D4F7E4FB012070BD13B5837901900C333D
S21403FF30C418C05CD2F700FF20B901A801F0BEF9CF
S21403FF4002B010BD6378019913F0300F8B7903F17B
S21403FF5004038B714B790CBF0122002262F300036A
S21403FF604B71D3F77FFBEBE700F073BE50E8003F1F
S21403FF700B4340E80032002AF8D17047012070474F
S21403FF8070B50E461546D3F765F8044648B93046AD
S21403FF90D1F7F0FE044620B92846DAF7FBFF0446FD
S21403FFA040B10020D3F756F80020D1F7E3FE002037
S21403FFB0DAF7F0FF204670BD4FF40010D1F7BCBA55
S21403FFC0D7F75ABED4F734BE40F271235943D4F759
S21403FFD06BBF884210B519D8052817D9B1F5486FF5
S21403FFE014D8B3F5FA7F11D2A2F10A0080B240F614
S21403FFF07644A0420AD8581C80B201FB00F35B008B
S214040000B3EBC20F94BF0120002010BD0020FCE714
S214040010C94350E8003F0B4040E80032002AF8D1BC
S214040020704700207047FF2070472DE9F0410446D2
S214040030884600270126214687F00100FEF7E3FDE7
S2140400404FF48051FFF7E4FF83684BB1028A4245C0
S2140400500CD10022012120469847002808BF00261C
S21404006017B13046BDE8F0810127E4E70268D205FF
S214040070F6D500221146EEE708B5FEF7DAFD0023B2
S2140400800380436008BD70B506460C46FAF7E7FAE7
S21404009005463046FEF7CDFD30B101780C430470BA
S2140400A04FF40070D1F748FA2846BDE87040FAF7D6
S2140400B0DCBAD3F7D7BA07B542798DF8071022F021
S2140400C0030242F00302427140F20332C2800DF191
S2140400D00701012201F0D5F803B05DF804FB2DE911
S2140400E0F04107460D4690461E46FEF79AFD10F070
S2140400F0080424D002213846FFF710F92824C6F154
S21404010020014FF08863A6F12002F34004FA01F1BF
S2140401100B4324FA02F21343DB0700D488B11121FF
S2140401202846FFF7C8FF2846D4F75CFF467080F8D9
S214040130028029463846BDE8F041D3F793BA2046F4
S214040140DCE70D212846FFF7B6FF2846D4F74AFF1A
S21404015080F80180EDE770B50C4605460721204679
S2140401601646FFF7A8FF2046D4F73CFF2146467004
S2140401702846BDE87040D3F775BA38B50C4600215A
S2140401800546FEF766FD241AA4B247F6FE739C42A3
S21404019005D928462821FFF707F9002038BD012095
S2140401A0FCE738B504460D4601460020FEF72BFD55
S2140401B003689B0505D429462046BDE83840FFF76A
S2140401C0DCBF002038BD2DE9F04115469DF81880A7
S2140401D01F46FEF718FD0446FAF741FAB8F1010F78
S2140401E0064623D154E8003F43F4807344E80032C3
S2140401F0002AF7D105B354E8002F42F4007244E80D
S2140402000023002BF7D1FF212046FFF701FF54E817
S214040210002F48EA020244E80023002BF7D1A56029
S21404022027823046BDE8F041FAF71FBA4FF48071D2
S2140402302046FFF7EDFEDDE74FF400712046FFF79A
S214040240E7FEE0E773B5064601200C46FEF7DBFC46
S2140402500023054600931A4621463046FFF7B3FFAF
S2140402606B6863B14FF480712046D2F78FFD55E872
S214040270003F43F4007345E80032002AF7D1FAF74A
S214040280EEF905462046FEF7D4FC28B103881BB1D8
S2140402904FF40070D1F750F9284602B0BDE870401C
S2140402A0FAF7E3B938B505460C46FEF7ACFC8368A6
S2140402B04BB1022120460022984721462846BDE835
S2140402C03840FFF7BFBF38BD012938B505460C4690
S2140402D008D0CC1E012C03D801460120FFF7E2FF0C
S2140402E0012007E02221FEF7E3FC20462946FFF71B
S2140402F0D9FF002038BD08B5FEF785FC006800F07D
S214040300F00008BD07B5014601900120FFF7F3FF92
S21404031028B9019903B05DF804EBFFF7ECBF03B00E
S2140403205DF804FB70B506460C4601460120FEF750
S2140403306AFC314605460020FEF765FC2B68026819
S21404034043EA0201CE0517D4990543BF2B8A1B1B2B
S2140403509BB24FF6FF73920543BF028A101B80B20E
S2140403604FF6FF709842A8BF18464FF6FF739842A0
S21404037008BF4FF0FF3070BD0120FCE72DE9F341C4
S21404038004460191014601201546FEF73CFC214631
S21404039006460020FEF737FC80462046FEF73CFC67
S2140403A0810606D501A800F089FF0C2002B0BDE83E
S2140403B0F081FAF754F933689A05074603D4D8F857
S2140403C000309B0509D50199301D8D6001F029F98F
S2140403D03846FAF74AF90020E8E7FAF746F90199A9
S2140403E02046A847E2E713B5014601900120FEF730
S2140403F00AFC04460C3000F061FF201D00F05EFF8E
S21404040001990020FEF7FFFB04460C3000F056FF6F
S214040410201D02B0BDE8104000F050BF70B5014684
S21404042005460120FEF7EFFB0646043001F0E6F829
S214040430044670B14FF400713046FFF7E9FDA36837
S21404044021462846984720B12046BDE87040D8F794
S214040450B1BD70BD0023C0E900318260704708B5A5
S2140404600B4601461846FEF7CEFB0068C0F3402054
S21404047008BDFFF729BFCB1E012B37B504460D4632
S21404048008D81A210192FEF713FC40212046D2F721
S2140404907DFC019A2946204603B0BDE83040FFF7AC
S2140404A013BF38B504460D46FEF7EEFB30B1012DFA
S2140404B004D120462221FEF7FBFB002038BDF8B508
S2140404C08B790B440C46D3F80D60D3F811303246C2
S2140404D00746D3F7ABF809212046FFF7ECFD204684
S2140404E0D4F780FDA579D4F7CBFC0C35254466F00B
S2140404F0FF060640C5F80160D4F7C2FC3846C5F8C6
S21404050005102146FFF7D5FD02213846FFF7BBFD4F
S214040510F8BD70B50E46054601460020FEF773FB8F
S214040520012E044603D0022E11D0012070BDC168EE
S2140405308B7919440D312846FEF729FCE068D8F774
S21404054039FD0020E0602946FFF77CFEEDE7C06831
S214040550D8F730FD0023E360E7E738B50D460446D8
S21404056001460120FEF74FFB012D08D100F11201D0
S2140405702046FEF70CFC21462846FFF763FE0120C2
S21404058038BD08B5FEF748FBC0F3C00008BD2DE92A
S214040590F04188460746FFF7F4FF80F00100C6B234
S2140405A039463046FEF72FFBB8F1010FC4680546FE
S2140405B005D0B8F1020F1DD00120BDE8F081A07966
S2140405C00C30044438462389E288A188FEF7B9FC37
S2140405D061886278490089B252003846D2F78AFBAD
S2140405E0E868D8F7E7FC0023EB6039463046FFF7A7
S2140405F029FEE1E72046D8F7DDFC0023EB60DBE7C5
S21404060008B5FEF70EFB00F0010008BD38B50C4631
S21404061002210546FEF707FB0C212046FFF74BFD9B
S2140406202046D4F7DFFC4FF0FF3383700223C370F9
S2140406300D2343706FF02F03037105234371214686
S2140406402846BDE83840FFF734BD0429F7B505460B
S2140406500C4638D1FFF795FF002814BF012002206E
S214040660D4F7B2FB08B1002019E000F05AFE0446A5
S214040670002866D02846FFF784FF90B12846FEF788
S214040680D0FA4707EFD42846FEF7CBFA8607EAD413
S21404069021462846D4F76CFFB0FA80F0400903B030
S2140406A0F0BD29460120FEF7AEFA06462846FEF7B8
S2140406B0B8FA0007D7D433685905D4D42146284657
S2140406C0D4F79AFFE8E70129CDD1FFF75AFF0028AF
S2140406D0C9D02046D4F778FB0028C4D12846FEF7B4
S2140406E0A0FA10F00806BED1334632460DF10701D3
S2140406F02846FEF719FD9DF80730062B19D9304613
S21404070000F00FFE0646D0B129462046FEF77BFAD7
S21404071007462846FEF785FA0207A4D43B685B051D
S214040720A1D431462846D4F767FF00289BD120463B
S214040730B5E7012200232846D2F778FF93E7022480
S214040740F5E70220ABE708B5FEF766FAC0F3C0008B
S21404075008BD2DE9F0410F4604469046FFF7F3FF27
S21404076080F00100C5B221462846FEF74CFA012F58
S214040770064603D0032F0FD001200BE02046FEF7D9
S214040780B5FE22212046FEF793FA28462146FFF7B7
S21404079089FD0020BDE8F081C068D8F70BFC002373
S2140407A0F3602046FEF7A2FE5FFA88F12046FEF7C5
S2140407B07FFA20462021D2F7E9FA21462846FFF799
S2140407C071FDD9E77FB5014604460020FEF71BFA03
S2140407D000F1120205464FF480600292D4F7F4FA50
S2140407E0029A50B92046D2F7BBFA029A698B80B2B5
S2140407F004B0BDE87040FFF707BB20460392D2F76B
S214040800AFFA698B029106462046FEF703FA0346C2
S21404081000200090DDE90212B0B2FFF714FB04B02A
S21404082070BD83781A2B09D81B2383700288B2F50F
S214040830A47F07D24FF4A473038007E0FB2BF5D9FB
S214040840FB23F2E744F290239A42F5D87047F0B5BA
S214040850CA798B7987B043EA0223ADF80C308B88CB
S2140408608DF80E30CA788B7843EA02230446ADF836
S214040870103003A80B888DF81230FFF7D2FF04A8B7
S214040880FFF7CFFF05A92046FEF7BEFD0B21204645
S214040890FEF774FD44F2902540F64803002808BF8E
S2140408A01D469DF80E30BDF81460BDF81020BDF846
S2140408B00C709DF816009DF81210AF42D4BF009736
S2140408C00095FB2BA8BFFB23B242A8BF3246814249
S2140408D0A8BF01462046FEF7AFFB07B0F0BD30B513
S2140408E085B0054610460192FFF7E5FB0198D4F75C
S2140408F079FB03A904462846FEF786FD0B21284605
S214040900FEF73CFD6FF0040363700023A37040F60B
S214040910480244F29023002808BF1346A4F8033084
S2140409209DF80E30A4F80530BDF80C30A4F8073056
S21404093005B030BDFFF7C8BC022973B505460C46A2
S21404094003D00024204602B070BD0521FEF7E6FC65
S2140409500028F6D0D2F724FD1B28F2D94FF4004025
S214040960D4F732FA0028ECD100F0DBFC0646002867
S214040970E8D001A92846FEF747FD9DF80630BDF8E5
S214040980042031462846D5F771F8B0FA80F4640995
S214040990D8E738B190FAA0F00123B0FA80F003FA51
S2140409A000F0C0B2704770B50646FEF73AF980F01C
S2140409B0400402060546C4F3801406D408213046D3
S2140409C0FEF7ACFC08B144F00204EB0506D40B2198
S2140409D03046FEF7B8FC08B144F00404204670BD67
S2140409E02DE9F843044691460F46FEF71AF9C0F37C
S2140409F040152046FEF7AEFB214680462846FEF705
S214040A0002F9494606462046FEF752F998F80110C0
S214040A10384601F00F0100F085F9062814BF014698
S214040A2000212A462046FEF73BFB21462846FFF7D0
S214040A3009FC20212046FEF7F9F856E8003F43F467
S214040A40805346E80032002AF7D1BDE8F883F8B5AB
S214040A500E4604461546FEF7E4F8032EC0F3401788
S214040A600DD0042E16D0012E12D122212046FEF7D8
S214040A701FF938462146FFF715FC0020F8BDEAB2F8
S214040A8000212046FFF7ACFF21463846FFF70AFC54
S214040A900120F3E70C22F3E7012910B504460BD135
S214040AA0FEF7BFF82146C0F34010FEF7ACF800226C
S214040AB0817C2046FFF794FF012010BD2DE9F74303
S214040AC00F460546FEF7ADF800F02009C0F34018BF
S214040AD02846FEF73FFBBB790C333B445E789B7895
S214040AE01E400378C3F3030000EA13103040FFF7F8
S214040AF050FF044648B9B9F1000F06D12846FFF75F
S214040B0052FF3040FFF745FF04462846FEF725FB14
S214040B10D5F788F8A04223D01CB302212846FEF756
S214040B2098F8002106462846FEF7A3F91821384609
S214040B30FFF7C1FA3846D4F755FAB6B24470847053
S214040B40A0F8036039462846FFF7B3FA0096234612
S214040B50224629464046D4F7C5FF03B0BDE8F083D5
S214040B6000242646E2E713B504460191FFF7CAFBC4
S214040B70019928B9204602B0BDE81040FFF79EBF91
S214040B8040284FF016030CBF23222A22204602B028
S214040B90BDE81040FFF7A3BA13B504460191FEF76B
S214040BA040F810F0200F019905D1084602B0BDE8C0
S214040BB01040D8F7FFB9204602B0BDE81040FFF752
S214040BC07DBF73B58C790C340C4406460D46FEF78F
S214040BD028F8A278032AC0F3401014D0052A28BFA8
S214040BE000226378032B10D0052B28BF0023B4F80B
S214040BF0031000913146D4F775FF284602B0BDE8CD
S214040C007040D8F7D7B90022EBE70023EFE708B522
S214040C108B790B441B7B162B03D0172B05D0002097
S214040C2008BDFFF7A0FF0120FAE7FFF7B5FFFAE7D4
S214040C3008B58B790B441B7B162B03D0182B05D0D9
S214040C40002008BDD4F778FF0120FAE7FFF7B9FFC4
S214040C50FAE770471FB54B1E042B0C465FD80129D4
S214040C6002D1008804B010BD022905D1038840884B
S214040C70984238BF1846F5E74A00014601A80AF02C
S214040C8027FC032C07D10023ADF80A304FF6FF7378
S214040C90ADF80C3001E0042CF8D0BDF80620BDF801
S214040CA00430934284BFADF80630ADF80420BDF896
S214040CB00A30BDF80C20934288BFADF80A20BDF870
S214040CC00A2088BFADF80C30BDF80430934288BFC4
S214040CD0ADF80A30BDF80620BDF80C309A4288BF3D
S214040CE0ADF80630BDF80820BDF80630934284BF40
S214040CF0ADF80830ADF80620BDF80A30BDF8082077
S214040D009A4288BFADF80830BDF80820BDF8063012
S214040D109A4238BFADF80830BDF80800A2E74FF68F
S214040D20FF709FE7022808D0042803D0012818BFC4
S214040D300620704701F0010003307047012804D0F4
S214040D40022804D030B9D6F7D3B9D6F7C1B90020F3
S214040D50D5F722BB704710B1012803D07047012095
S214040D60D5F71ABB0020FBE77FB50C461946A31E31
S214040D70012B054616460FD80391FDF757F80023B6
S214040D80CDE90005F01A18BF012003991A46FDF7AD
S214040D905CF860B9012004E02CB92846D3F740FF7C
S214040DA0002004B070BD012C04E0FF20F9E7022CFB
S214040DB0F3D0032CF9D12846D3F776FFEAE770B5CB
S214040DC09DF810600D4600210446817106F10C0161
S214040DD04173111E03F00F00237B18BF012140EA64
S214040DE0C11003F04003184320732B469DF81410DB
S214040DF004F10E00FFF7B8FF237B60F3861323731A
S214040E002B686361AB882383A3790E361E44E67190
S214040E1070BD012810B50C4607D002280DD088B93D
S214040E20BDE810400846D5F7EDBBD6F7D9FD844299
S214040E3008D1BDE81040D7F749B8BDE810400846C9
S214040E40D5F7BABC10BD73B505460C4601A80026F6
S214040E5041210196D6F750FF019850B1D7F704F810
S214040E600198D5F755F9072805D001A800F026FA09
S214040E70304602B070BD01992A462046D5F73EFD9D
S214040E80F7E7042810B50C460FD006D8032812D06E
S214040E902146BDE81040FFF7BCBF431F012BF7D81F
S214040EA02046BDE81040D5F787BC0120FFF7CBFFEE
S214040EB00028F5D010BDBDE81040D6F7B1B9042817
S214040EC010B50C4608D10320FFF7BDFF40B92046F5
S214040ED0BDE81040D5F770BCBDE81040FFF7D1BFA1
S214040EE010BD032838B504460D460ED0042810D08D
S214040EF005384FF0010118BF0120D5F719F8294627
S214040F002046BDE83840FFF7BCBFBDE83840D6F7FA
S214040F1087B9FFF798FF10B92846D5F74DFC01218D
S214040F20BDE838400846D5F703B870470120704737
S214040F30DAF782B80A2802D80130C0B270472428EB
S214040F4001D80230F9E7252805D0262805D0272819
S214040F5018BFFF207047002070470C20704708B564
S214040F60D6F774FDBDE808404FF00060D0F7E4BA49
S214040F7008B5DAF767F820B1BDE808401020FFF797
S214040F80EEBF08BD70477047704770477047002033
S214040F907047704770477047704770471046194649
S214040FA0704700200021704709F037BEF1F7A8BF4C
S214040FB009F0EBBE10B5044608461146D6F7A0FD68
S214040FC020B1BDE810400420FFF7C9BF2046D6F77D
S214040FD04BFD0028F5D110BD430803F05533C01A65
S214040FE000F03333800800F03330184400EB101060
S214040FF04FF0013300F00F305843000E704710B521
S214041000044678B1036A41696BB180689847207ECC
S214041010002310286361636004D82146D7F700FFD5
S2140410201123237610BD0029F1D08368002BEEDB54
S2140410300846D8F757F9EAE707B5019101A9D7F7A3
S2140410402DFD03B05DF804FB07B5002301911A4695
S21404105001A9D7F723FD03B05DF804FB1FB50024F0
S21404106002949DF81C400194069C0094D7F7A0FCBB
S21404107004B010BD13B507240194049C0094FFF734
S214041080EDFF02B010BD1FB5079C0294072401941F
S214041090069C0094D7F78CFC04B010BD07B500235B
S2140410A00093FFF7E7FF03B05DF804FB03680B60EB
S2140410B0016070472DE9F041054600680E46174664
S2140410C0002408B9BDE8F081D0E90083B3420BD10F
S2140410D08368BB4208D154B9C5F80080C368DB07EF
S2140410E001D5D8F7FFF8204604464046E9E7C4F899
S2140410F00080F3E7D1E90112FFF7DCBF002370B5E7
S2140411001A46194604680546D7F7C8FC0CB92C607D
S21404111070BDE3682668DB0702D52046D8F7E2F8F8
S2140411203446F3E72DE9F8430E461746054610B94C
S2140411300020BDE8F8830468002CF9D0D4E90089BF
S214041140A0683B4632462946C8470028F1D14446A3
S214041150F2E72420704738B5054614460A460021AF
S2140411600AF0DEF96B7924F01C0444F0100443F012
S21404117004032C716B7138BD2DE9F74F1F469DF89B
S2140411803030019389468346002851D0002969D01F
S2140411900D68002D68D04FF0000AA979EC79641A1E
S2140411A0E4B2BC4207D30C3139442944E41B0BEBAC
S2140411B002085E4638E028683F1BAA46002837D057
S2140411C00546EAE73319984538BFA8EB06043046C7
S2140411D022460AF07DF9019B2644002B3FD017F0E7
S2140411E0FF0095F806C0E4B225D16444AC71EA79F0
S2140411F0AB799A4233D1D9F800302F68AB4208BF96
S214041200C9F80070BAF1000F01D0CAF80070284679
S214041210D7F7D0FE57B1BA79FC7902F10C01A41ABB
S21404122039443D46E4B20027B045CBD8A6EB0B00C4
S21404123003B0BDE8F08FEA79A2EB0C02D2B2011932
S214041240914208DA0CF10C0CAC44121A121B6144DD
S21404125060440AF04BF9EA79141BEC71C7E72F686F
S214041260AA46D7E70846E3E72846E1E7C279C2F18B
S2140412704503DBB2994228BF19460A44C2710846A0
S214041280704738B50546C079C0F14504E4B29442C7
S21404129088BFD4B20C30224628440AF019F9EB79F8
S2140412A02344EB71204638BD1FB5039100210091FD
S2140412B003A9FFF761FF05B05DF804FB38B50446E3
S2140412C0206800B938BD0568D7F774FE2560F7E7CF
S2140412D010B501F0EC01034603B910BD1A7902F00B
S2140412E013020A431A711A1A544254415A7964F37F
S2140412F000025A711B68EFE710B580B101680268F6
S2140413000AB113680BB9002304E05C79E40704D53A
S214041310002414600360084610BD0360EFE701462E
S214041320F9E700221146D7F781BE38B503680446AC
S2140413300D469BB11879FFF7F4FF88B12368036064
S2140413405B794279C3F3400363F3410245235D1B93
S2140413504271C37185712060002038BD0120EAE720
S2140413601920FAE75318452B02DCC9B2D7F75EBE3C
S21404137000207047F7B5002605460F4601960DB9BE
S214041380019C09E0002211463846D7F74FFE044672
S21404139028B901A8FFF792FF204603B0F0BDAB7949
S2140413A08371EA79C2716979427961F30002427104
S2140413B06A794179C2F3400262F341014171EA79E4
S2140413C003F10C00D21A2918D2B220440AF080F88D
S2140413D0019B03B9019406B134602D682646CEE716
S2140413E0002238B5054608461146D7F71FFE0446C0
S2140413F0D0B1AB798371EA79C2716979427961F3C4
S214041400000242716A794179C2F3400262F34101F3
S2140414104171EA7903F10C00D21A2918D2B2204499
S2140414200AF056F800232360204638BD002348B14E
S214041430C27981790068521A53FA82F310B142795C
S214041440D207F4D51846704770B50D460446E8B181
S21404145086798E4203D3751A8571012070BDC279D0
S21404146006F145039B1ADBB299420FD806F10C012C
S2140414700144921BA81B0844D2B20AF037F8E1795B
S2140414800D440023AD1BA371E571E6E70020E5E7F4
S21404149038B504460D46FFF7D7FF98B984B12079CE
S2140414A0FFF73FFF58B1637942790460C3F3400302
S2140414B063F3410245235D1B4271C371857138BDD8
S2140414C00120EDE72046FAE770B50C4616460546B9
S2140414D018B3006808B309B9002070BD0AB14529DD
S2140414E01DD8E1B2FFF7B0FF0028F5D11EB92B686E
S2140414F09A799E71A41A442C07D8002CECD0E1B239
S2140415002846BDE87040FFF710BF45212846FFF780
S2140415100CFF0028E1D1453CEDE72220DDE7212041
S214041520DBE72DE9F84390F8078090F80690A8EBDF
S2140415300907FFB2B94204460D4602D30020BDE8AF
S214041540F8830079FFF7EDFE06460028F6D0A17969
S21404155080790C317F1B29440C30BAB221443044C4
S21404156009F0B6FFF3791F44F771E17923688944DB
S2140415704D44A5EB0805E571012033602660DEE7DF
S21404158038B50C46A0B19CB1A579E279C379521B53
S214041590C3F14503D2B2DBB2934209D305F10C0181
S2140415A02144FFF76EFE2046D7F704FD012038BD20
S2140415B00020FCE7F8B5076806460D463C460023BF
S2140415C005B12CB90BB100221A6034603846F8BD58
S2140415D0E379A2799B1ADBB2AB4207D8E379A27906
S2140415E09B1ADBB2ED1A23462468E9E7E9B22046E3
S2140415F0FFF797FF0028F1D10746E7E703460068A0
S21404160018B102681A60002303607047002308B903
S21404161018467047C27981790068521A53FA82F3E1
S214041620F5E703680BB9016070471A461B68002B80
S214041630FBD1116070472DE9F8430E461446074661
S21404164028B331B302B3034699461B68002BFBD17B
S214041650A0464D46424631462846FFF712FEA945A7
S214041660A8EB0008064418BFC9F80050B8F1000FEC
S21404167008D0B97938790022D7F7D8FCA9460546A8
S2140416800028E7D1A4EB08042046BDE8F883044606
S214041690FAE70C46F8E737B51546C9B200221C46E9
S2140416A0D7F7C4FC019040B122462946FFF7C3FF92
S2140416B0844202D901A8FFF701FE019803B030BDA9
S2140416C0036803B10B600160704739B10B461A46D4
S2140416D01B68002BFBD103681360016070472DE97B
S2140416E0F0470F4615468046002844D00668002E6C
S2140416F043D0B479F2794534A41AE4B2AC4228BF94
S2140417002C46E4B1E1B23046FFF79EFEB079A5EB75
S21404171004090C30224607EB0901304409F0D8FED0
S2140417204FF0450AB9F1000F06D03079FFF7F9FDFE
S214041730044630B9A5EB09052846BDE8F087A94656
S214041740EEE74A46452A28BF4522D0B2C0F14503F3
S214041750A9EB0209C0F15100A37184F807A007EBB6
S214041760090154FA80F009F0B3FED8F8003023607B
S214041770C8F80040D6E70546DEE73546DCE770B530
S214041780046806460D4644B12046FFF73FFFA842CC
S21404179011D8236813B9E379A37170BD204633606A
S2140417A0D7F708FC3468F4E7ED1A2368336020465C
S2140417B0D7F700FC3468002DEFD0A179E3795B1AE3
S2140417C0DBB2AB42F0D92944A171E6E7F8B5066866
S2140417D005460C4646B13046FFF718FFA0421DD812
S2140417E0336813B9F379B371F8BD30462B60D7F775
S2140417F0E1FB2E68F4E7064638460768002FFAD160
S214041800C1798379CB1ADBB2A34202D9091BC17111
S214041810EAE7E41AD7F7CEFB3EB13760002CE3D0F4
S21404182028680028E0D00026E7E72E60F6E72DE9D2
S214041830F04104460F464FF00008BC4201D1BDE813
S214041840F081A179E5796D1AEDB2C5F14506B6B217
S2140418500EB92468F1E749B10C312A46214404F153
S2140418600C0009F043FEE57184F806802368BB4249
S214041870EFD05A79D207ECD49979DD79A079E27958
S2140418806D1AEDB2B54200F10C0028BF354610447F
S2140418900C312A461944204409F01AFEE3792068DC
S2140418A053FA85F3E3718279C379761B52FA85F588
S2140418B0EDB2AB42B6B2857103D103682360D7F7A5
S2140418C079FB002ED2D1C4E738B50C46016809B9B5
S2140418D0046038BD0D4609680029FBD1236823B18E
S2140418E02046FFF7A4FF2C60F3E721462846FFF7BF
S2140418F047FE0028EDD1F6E738B505460C4604B990
S21404190038BD013C55F834305B68002BF7D0984757
S214041910F5E72DE9F0410446002654F836302BB995
S21404192004F10408B34203D100250FE00136F4E7BE
S21404193054F8332012685F1C5AB158F833009047A5
S214041940054630B139462046FFF7D6FF2846BDE89F
S214041950F0813B46E6E7704770477047704770472C
S214041960D7F7A0BC10B5D6F78DF900280CBF012414
S2140419700324D6F797F908B144F00404204610BDB2
S214041980532838B505460C4604D1BDE83840084609
S21404199000F0E7BE0620D7F729FD60B96379142D59
S2140419A003F03F03637104D0722D07D163F03F0345
S2140419B06371A57138BD40F20740FBE72120F9E7C3
S2140419C0F7B54FF0FF330093ADF804308379DA06A9
S2140419D00BD5532B08BF00234FF03F028DF805208C
S2140419E004BFADF800308DF802300021451E431DBB
S2140419F06A46084615F8016F12F8014BAB4206EA30
S214041A00040724EA060440EA070041EA0401F1D187
S214041A1010B1081E18BF012003B0F0BDF8B5044687
S214041A20082016460F461D46D7F73CFC024670B102
S214041A30204640F2025150F80C3B93F86C30137079
S214041A4016715780D580BDE8F840FFF727BBF8BD70
S214041A5038B5044604200D46D7F724FC024660B188
S214041A60204640F2055150F80C3B93F86C30137046
S214041A705580BDE83840FFF711BB38BD2DE9F3416A
S214041A801D469DF8203000240E468046017F0477CC
S214041A90174633B1324601F0C5FA204602B0BDE817
S214041AA0F0810C29ADF8063008D10DF106032A465C
S214041AB0394601F0F5FABDF80600EFE708291FD10C
S214041AC00221092001F05BFA04460028E5D08DF8CF
S214041AD00460022201A9360A8DF80560FFF7ABFD03
S214041AE02A4639462046FFF7A6FDA3792344AA1CB6
S214041AF05A7321464046D9F735FCADF80650DAE766
S214041B000DF106032A46394601F0B1FAD3E7F0B5DB
S214041B1085B017460024012206460D46ADF80E4051
S214041B2001F031FF8DF80D00A0BB284601F0A7FD9B
S214041B3010B1284601F060FE284601F091FE38B147
S214041B40327F3B4629463046FFF768FF05B0F0BDB6
S214041B500DF10D030DF10E022946304601F0AAFFE1
S214041B609DF80D305BB9BDF80E20BA4235BF072389
S214041B70D21B8DF80D30C01928BFADF80E209DF885
S214041B800D3000930246BDF80E3029463046FFF766
S214041B9075FFDBE72046F2E72DE9F341002305460F
S214041BA00E460193144600F1440702BB43691A0724
S214041BB01AD4A0463846FFF79FFB0190B8B1837944
S214041BC003F10C0202440533B2F80160B2F80320B4
S214041BD0837131460346284601F09AFFCDF8048007
S214041BE00028E7D0044602E023F00803436101A876
S214041BF0FFF764FB3846FFF761FB00232B777CB1C5
S214041C00234618213246284604F5885401F00AFA79
S214041C10A1B22846FFF71CFF002002B0BDE8F08101
S214041C20284601F08EFA2146F3E72DE9F84F0E46D2
S214041C309DF828A091469B46054610B1037C012BCF
S214041C4061D0284601F0ACFC304601F0F9FD0022D4
S214041C5031468046284601F066FE0746304602F0C6
S214041C60E3F842F6052398421CD118F0300F26D12B
S214041C70BAF1000F34D018F0200F40D0BA0740D580
S214041C80EB8B002B39D15B464A463146284601F099
S214041C9085FA0446F0B9EE8340F20A41284601F07C
S214041CA08DFC17E0284601F009FD0028DDD0284603
S214041CB001F019FD0028D8D041F212140AE0B90741
S214041CC0D6D03146284601F0C8FE0028D0D000F50C
S214041CD08854A4B2284601F068FC2046BDE8F88F74
S214041CE018F0100F0BD0FB070BD55B464A4631465F
S214041CF0284601F034FA0446ECE70524EAE72124F2
S214041D00E8E70224E6E70724E7E72DE9F04104467E
S214041D100A201646BDF818800F461D46D7F7C2FAA5
S214041D20024680B1204640F2045150F80C3B93F82A
S214041D306C30137016715780D580A2F80880BDE801
S214041D40F041FFF7ABB9BDE8F0812DE9F04F2DED7A
S214041D50028B89B080461846149B019392468946A6
S214041D6009B191420AD901234A461021404609B0D6
S214041D70BDEC028BBDE8F04F01F054B90199DBF7D6
S214041D80F5F908EE100A02F0F1F808B91023EBE7AB
S214041D900221112001F0F3F8B8F80AB00690ABF16E
S214041DA00603ABF102069BB2B6B24C464FF0FF35C3
S214041DB0029318EE102A5146204601F05BFF0746B0
S214041DC080B3019B51461A8801F0A4FF04463846A6
S214041DD001F02EFD40B94FF6FF739C4201D001344A
S214041DE0A4B2A245E5D21DE04FF00003ADF81630CC
S214041DF00DF116020DF115033946404601F05AFE60
S214041E00BDF81620ABF1050191420299D8BF0A46E7
S214041E10002D0346ADF8162014DB954202D1EA1CC9
S214041E20B24213DB6B1C2FD106A8FFF747FA0A232E
S214041E304A461021404601F0F5F809B0BDEC028B85
S214041E40BDE8F08F351F9542A8BF1546220A8DF8C7
S214041E501C708DF81F2007A90422069803933F0AD6
S214041E608DF81D708DF81E40FFF7E5FB039B069862
S214041E7019462A46FFF7DFFB043E4FF6FF73761B30
S214041E809C42B6B2ABD1CDE706998B790B440435A8
S214041E905D734046D9F766FACFE72DE9F04F2DED8E
S214041EA0028B87B00646DDF848B091469A468846C7
S214041EB009B191420AD9012342460821304607B0A7
S214041EC0BDEC028BBDE8F04F01F0ACB8184659469D
S214041ED0DBF74CF9022108EE100A092001F04FF84E
S214041EE073890590023B9BB200931F4640464FF011
S214041EF0FF3518EE102A494601F0BCFE04460028B9
S214041F004DD001F095FC00286DD0012221463046C4
S214041F1001F039FD8DF80F0050B105A8FFF7CEF992
S214041F209DF80F3022460821304601F07BF817E072
S214041F305946504601F0ADFB10B1204601F05CFC5A
S214041F40204601F08DFC80B1002D28DC05A8FFF7A3
S214041F50B5F908223277002321463046FFF75EFDA6
S214041F6007B0BDEC028BBDE8F08FADF812000DF1A2
S214041F700F030DF112022146304601F09BFDBDF819
S214041F80122000998A4228BF0A46002D0346ADF85F
S214041F9012200CDBAA4202D16A1CBA420BDB6B1C71
S214041FA026D105A8FFF78AF90A234246BBE7BD1ED9
S214041FB09542A8BF1546220A8DF8112004A90222CC
S214041FC0059801938DF81040FFF735FB019B0598A3
S214041FD019462A46FFF72FFB023F4FF6FF737F1B77
S214041FE09C42BFB2DBD0601C80B2814581D2D6E76A
S214041FF005998B790B4402355D733046D9F7B2F9EF
S214042000AEE72DE9F04F89B0064600920F4609B1B7
S214042010914208D901233A460421304609B0BDE866
S214042020F04F00F0FFBF0221052000F0A8FF7489DE
S2140420300290023C4FF6FF78A4B23D46C2462946BB
S214042040304601F0F8FE504581464DD04FF400620C
S2140420502946304601F097FC002840D1484601F056
S214042060A1FF002814BF4FF0100B4FF0020BD04511
S2140420701ED0484601F096FF0190404601F092FFBC
S214042080019A824203D10BF10102A24211DB029CA7
S214042090A17940460C310C4401F084FF002814BF9B
S2140420A00223012363702146304600F0A5FF28E092
S2140420B0C8462A0A0DF10E0148468DF80D208DF803
S2140420C00C50023CDBF7E8F802980BF1020203A975
S2140420D0FFF7B1FAA4EB0B045545A4B2D7D0009B86
S2140420E00135ADB2AB42AAD24FF6FF739845CED1B6
S2140420F002A8FFF7E3F80A233A460421304600F024
S21404210091FF09B0BDE8F08F2DE9F04F89B04FF08C
S2140421100008BDF84CB0ADF80C80064691469A46C9
S214042120ADF80E800F46002951D091424FD80121B8
S214042130072000F030FF0546002850D03B460A240E
S2140421404B45019306D27089294600F0FBFE03280E
S214042150019B09D8B8F1000F1ED02946304600F07E
S2140421604BFF09B0BDE8F08FADF81030129B069314
S21404217002AA0DF10A0304A93046ADF81290ADF890
S21404218014A0ADF81CB001F0F1FD0A280446E1D015
S214042190BDF8083020B11F46284600F023FF17E09C
S2140421A0ADF80C30BDF80A30ADF80E3003AA04239F
S2140421B07089294600F0D1FEBDF80A304FF6FF724A
S2140421C093421CBF01339BB24FF00108B8E70124C9
S2140421D023463A460621304600F024FFC1E7112480
S2140421E0F6E70A2303770022FFF791BC0C23037754
S2140421F0FFF78DBC2DE9F3470023B0F80AA08DF84D
S2140422000130054688460193174612B112F00106BE
S2140422100ED004238DF80130002401A8FFF74EF8F1
S2140422209DF8013022460E21284600F0FBFE53E0BE
S2140422303346324601210F2000F0B5FE044618B995
S21404224011238DF80130E8E700F07AFE0AF1FF3A30
S2140422500190C14639F8024B01222146284601F076
S21404226092FB8DF801000028D7D1204601F007FA2A
S21404227010B1204601F0C0FA204601F0F1FA08B188
S2140422808023DEE70DF1010321460DF10202284604
S21404229001F010FC9DF801300146002BBDD1BDF8BD
S2140422A002200198AAEB06039A42C8BFADF8023092
S2140422B0BDF80220FFF7BFF9BDF80230984204D3F8
S2140422C01E4408EB07039945C4D1019800F034FE78
S2140422D00146284600F090FE02B0BDE8F087F0B54F
S2140422E085B0122703920777022205460E4601F0B0
S2140422F04AFB044668B103A8FEF7E0FF00232B77E9
S214042300002C38D0234632461221284600F08AFE96
S2140423100FE0039A937903339371304601F0A0FAE1
S21404232048B1039B00933A46234631462846D7F7DE
S214042330BFF905B0F0BD42F6293001F0D6FCB04234
S21404234011D1039808B90D24D5E7FFF75FF980B2D9
S2140423500128F8D1039B9A7913442846197B01F087
S214042360E8F90446C7E72246039B3146284601F0AF
S214042370CFFB0446C2E7284600F0ABFED9E72DE9BA
S214042380FF410392042204460D4601F0FCFA074678
S21404239028B103A8FEF792FF04B0BDE8F081039AC3
S2140423A093794FF0520803339371284684F81C80BF
S2140423B001F056FA064640B1039B009342463B465C
S2140423C029462046D7F774F9E6E742F6293001F0A5
S2140423D08CFCA842039B0BD19A7913442046197BA4
S2140423E001F0A7F903A8FEF769FF00232377D3E7D4
S2140423F032462946204601F08BFBF6E7F0B58B798A
S21404240085B00C33039119440546B1F80160B1F860
S2140424100370304601F00CFA002853D002223146ED
S214042420284601F0B0FA0446F8B9304601F018FA26
S214042430044668B1039B16222A7799790531997167
S2140424402846009331463B46D7F732F905B0F0BD2F
S214042450D6F7DEFCDDF80CC023466246591CCAB922
S214042460DBB20633984218DC092403A8FEF726FFDD
S21404247005F14400FEF722FF23463246162128467D
S21404248000F0D0FD092CE1D141F209112846FFF7EE
S214042490DFFADBE712680B46E0E701216046FEF749
S2140424A069FF01460028DFD005F14400FFF7B9F8BC
S2140424B0039B9A7905329A7131463A46284600F0CB
S2140424C016FEC3E70124D0E713B5044641B94430E9
S2140424D0FEF7F4FE204602B0BDE8104000F031BE20
S2140424E04269182112F00802017707D000230A4631
S2140424F000931946D7F7DCF802B010BD114602B0B7
S214042500BDE81040FFF748BB7FB5C58B04462DB326
S21404251042F6052001F0E9FBA84207D10021204637
S21404252001F0E8F8636923F00103636140F20A41AD
S214042530204601F049F800260DF10E0229462046F1
S214042540ADF80E6001F0EFF9BDF80E2000920346D8
S214042550022229462046FFF7D8FBE68304B070BD66
S214042560F7B51646BDF82070044618B941F20110B6
S21404257003B0F0BD08460193009101F059F9002814
S214042580F4D06589033DADB2BD4209D3DDE900123E
S2140425903B462046089603B0BDE8F040FFF745BB2F
S2140425A04920E5E77FB50123ADF80C304FF6FF73FD
S2140425B005460E46ADF80E30044618B9204601F01E
S2140425C051F80446A4B1204601F07DF8024668B9E5
S2140425D03146204601F0A7F9022807D101230093CB
S2140425E003AA042331462046FFF71FFB002DE5D03F
S2140425F004B070BD2DE9F041054688B042F60520CA
S21404260001F073FB064604A8DAF752FB102205F124
S21404261021010DEB020008F04BFF50B101212846C2
S21404262001F068F8284601F018FC6B6923F00103F2
S2140426306B6142F6030303A90220ADF80C30DAF707
S21404264095FD012407464FF0000820463A464FF60B
S214042650FF7101F00FFB044610B908B0BDE8F08125
S21404266001F0E6F80134A4B20028EED0A64203D165
S21404267031462846FFF796FF0DF10E0221462846FE
S214042680ADF80E8001F04FF90028DED0BDF80E300C
S21404269000930122034621462846FFF736FBD4E77B
S2140426A008B5DAF7F3FA0020D7F738FA002008BDA1
S2140426B010B90120D7F724BB70470220D7F716BB02
S2140426C00020D7F713BB38B50C460546D2F748F8B2
S2140426D04379C47523F0030343F0030343710923CA
S2140426E0837104F10C03C371A0F81550153038BD7E
S2140426F02DE9F3410D4616468046D2F731F805F12A
S2140427000C03C3714379019023F0030343F00303DE
S2140427104371092383710446A0F8158000F1150758
S2140427203046FEF773FF2844E07533463BB901A8EC
S2140427303146FEF776FF384602B0BDE8F0815A7996
S21404274022F0030242F002025A711B68EEE708B553
S214042750D2F70CF883790C33184408BD7047002070
S21404276070470F20704770470020704713B5044623
S21404277001A80191FEF7A2FD022208210020FEF71F
S214042780F1FD024648B183790C3318440521D1542F
S21404279041700621204601F0C9FC02B010BD8368D2
S2140427A043F400738360002070477047704700202E
S2140427B07047704708B5D7F7F3F9DBF751FCD6F73F
S2140427C039FEDAF7E9F8BDE80840FFF779BF10B537
S2140427D00446D7F763FB20B92046BDE81040D6F779
S2140427E013BA2046D6F710FAFFF767FFF1E773B57A
S2140427F00E4600F030FB044610BB42F6072001F0FC
S21404280074FA0546E0B1B6F90030002BCCBF0533A8
S214042810053B4FF00A02CCBFB3FBF2F393FBF2F393
S2140428205BB28DF8073001230DF10702002118462C
S214042830FEF731FF002203462946104601F068F9E8
S214042840204602B070BD10B50C46C1B120F000435E
S21404285040F2015293420DD008D8A3F20543012B4F
S21404286008D92046BDE81040D6F73CBD40F20352D6
S2140428709342F6D104F10800FEF720FDF1E710BDFF
S214042880430803F05503C01A00F03303C0F3850071
S21404289000F03300184400EB101000F00F007047EF
S2140428A010B5421D441E002114F8010FFFF7E8FF7F
S2140428B094420144F8D1084610BD08B500F090FDD6
S2140428C0002008BD08B50078D8F7C0FD08BD7047DD
S2140428D008B5D9F78FFCD9F70DFD08BD2DE9F043EF
S2140428E083780D2B93B00D464FD10BAC821C00F1B0
S2140428F01A03264610685168274603C708329A42C8
S2140429003C46F7D113883B801C212846FEF737FF48
S214042910BDF82E4014F00C043FD1296805910846F2
S214042920FEF774FE871EA74205990CDA4FF0FF34B3
S21404293000239C428DF824301DDBA31C012209A829
S214042940FEF7B2FC17E0631C012207A80591FEF708
S214042950ABFC9DF81C300599012BE9D023460122D7
S21404296009A8FEF7A1FC9DF8243013B101331C44DA
S214042970D9E78DF82430D9F7E3FC012808D00228DB
S2140429803FD050B92846FEF799FC13B0BDE8F08353
S2140429909DF8243013F0010FF4D09DF83700D8F7D3
S2140429A003F980469DF83800D8F7FEF80DF124099F
S2140429B09DF8302004460DF1310107A8D6F71CFE19
S2140429C09DF83E200DF13F014846D6F715FE07A8B0
S2140429D000F01CFC07ABCDE901050746CDF80090D6
S2140429E022464146304600F011F82B68002BC9D029
S2140429F0CDE9007507AB224641463046D7F7F6FBCD
S214042A00C0E79DF8243013F0030FC5E77047D8F7E6
S214042A1079B8D8F75BBA704770477047704700F0CC
S214042A20F1BB704770470020704770477047704787
S214042A30F8B513681D0A04460F46164604350A46BA
S214042A40002108F06DFDEDB2204621223946FEF73E
S214042A5082FB20462946FEF709FCA0793368044425
S214042A60E360F8BD08B500F092FC002008BD70478E
S214042A7070477047704702464FF482712020FBF778
S214042A800CB9FFF7C6BF08B5014600F03800D8F702
S214042A90B1F878B1D0E90132407810F0020F08BFDF
S214042AA01346C1F30741043B53F8040F10B10278F0
S214042AB08A42F9D108BD38B505460C4604B938BD76
S214042AC0013C55F824301B69002BF7D09847F5E7EE
S214042AD0F8B54378DB07054601D4D8F7CBF86B780E
S214042AE06F6823F00C0343F002036B70002657F85C
S214042AF026402CB905F10C012020D6F789FB0FE0FF
S214042B00A3680136002BF2D0984704460028EED07E
S214042B1031463846FFF7CFFF6B7823F002036B701D
S214042B202046F8BD4078C0F340007047437813F061
S214042B300E0F0CBF01200020704707B5D8F704F924
S214042B400190D8F719F9019803B05DF804FB4FF427
S214042B508270704708B5D8F74DF8C068003818BFBB
S214042B60012008BD08B5D8F745F820B1BDE80840EF
S214042B70C068FEF75BBC08BD38B5D8F73BF804461A
S214042B8050B1F7F76CFD054604F10C00FEF7B4FBF4
S214042B9004462846F7F769FD204638BD37B58379DD
S214042BA0019003440446D86800F03800D8F722F8A9
S214042BB0054690B12046FEF78BFBF7F750FD0199CA
S214042BC0044605F10C00FEF72CFD2046F7F74DFDF4
S214042BD0CEF770FC002003B030BD01A8FEF76EFBF4
S214042BE00220F8E72DE9F8430502984620F47F44CE
S214042BF0C0F3072305F4E0651D4324F0C7048B796E
S214042C0005EB080744F0800444EA17243F020C331B
S214042C10BFB20E463C43CC5001EB03093046114686
S214042C20FFF7BCFF28B94D4485F803804846BDE845
S214042C30F8834FF00009F9E7427810B504320446E9
S214042C4001F00400D2B2002140F02900FEF78AFB0E
S214042C5018B1837922680344DA6010BD10B50021E8
S214042C60FFF7EAFF044608B9002010BD0179FFF714
S214042C7095FF0028F8D1A0790C302044F5E72DE91B
S214042C80F04117461A4603681C0204F4E064C3F3D2
S214042C9007231C4301F0040141F0290504340646C9
S214042CA03B4621462846FEF7F6FC804650B1E1B284
S214042CB0FEF7CAFB30683B462A464146BDE8F0416B
S214042CC0FFF790BFBDE8F081F0B501F0040185B0D0
S214042CD041F0290500240768294606461068146052
S214042CE00390FEF7F5FA0398FEF790FC390201F418
S214042CF0E061C7F30727394301900122043103A892
S214042D00FEF7E2FB019B28B103A8FEF7D7FA20469C
S214042D1005B0F0BD039930682A46FFF763FFF7E76E
S214042D202DE9F843DDE908980D464946044616465B
S214042D301F46FEF73FFC70B92068FEF767FCA0EB61
S214042D4009012046FEF742FD00232068236088F828
S214042D500070BDE8F8832368002B18BF354688F852
S214042D600050F6E700207047F0B585B00D468DF8A4
S214042D700700174622B91BB90124204605B0F0BD4A
S214042D809DF807002946FBF766F80646E8B99DF85D
S214042D9007002946FBF765F8A8B9012427B9FBF70D
S214042DA048F80028E9D1E7E79DF80700003818BF7F
S214042DB001200EB104B102AD2946D8F7B3F8441C7D
S214042DC018BF0124D9E73446D7E7012202A90DF13A
S214042DD00700FBF744F80446E0E770477047914263
S214042DE070B50D4614461E4614D2FEF7A1F8641BB1
S214042DF0013490FBF4F101FB140425443580FEF7FE
S214042E0097F833880133B0FBF3F202FB1300049BFC
S214042E10188070BD1A80F2E77047704738B50446CC
S214042E20FBF742FE054658B9C820D5F713FCC8225E
S214042E3002212846D5F7CCFBA042A8BF204604B200
S214042E402046D5F707FCFBF72FFEBDE83840C8221E
S214042E500221D5F7BDBBB0F90020B1F900309A4283
S214042E602DE9F04704460D4648DCF7F7F8FB8046A4
S214042E70D0F788F900283ED1D5F7A0FB8246FBF7A9
S214042E8013FEC8220221D5F7A3FBB5F9002047F6A6
S214042E90FF739A42814602D1D5F7B4FB2880B4F971
S214042EA0002047F6FF739A4202D1D5F7A5FB20808F
S214042EB0B5F90000FFF7B2FFB4F900308342C8BF8B
S214042EC020800746B4F90000D5F7A2FBFBF755FEB1
S214042ED0064658B15046D5F79BFB4846D5F7BAFB8D
S214042EE04046F7F7C2FB3046BDE8F087D5F766FBE9
S214042EF020802F80F4E741F20C06F1E72126F2E762
S214042F00A0F86A107047012303FA01F190F86D30B7
S214042F10194380F86D10704708B50120D5F798FF5F
S214042F20C0B208BD08B50120D5F792FF0146D8F710
S214042F30C3F9081AC0B208BD83790C331844704725
S214042F401438704710B50446A1F11400FEF75EFB72
S214042F50201A20EAE07080B210BD70B51C460D46FB
S214042F601646FFF7EFFFA04207D322463146A5F1E7
S214042F701400FEF760FB012070BD0020FCE710B5CE
S214042F800A46044608210020FEF7ECF910B18379BE
S214042F9003441C7310BD08B5FFF7F1FF10B1837925
S214042FA00C33184408BDF7B50646174600200A46F3
S214042FB008211D46FEF7D6F90446019048B12A4674
S214042FC03946FEF738FB854206D901A8FEF776F99E
S214042FD00024204603B0F0BD019A93790C33D4182C
S214042FE0D654F6E707B520B11438019001A8FEF7C9
S214042FF065F903B05DF804FB11B11439D8F7B2B91A
S2140430001A20704738B504460D4602200321FFF700
S214043010C2FF014608B1A0F801502046BDE838407A
S214043020FFF7EABFF8B504460F4601200521164609
S2140430301D46FFF7B0FF014638B14770468005715C
S2140430402046BDE8F840FFF7D7BFF8BD38B50D46B3
S214043050032104460846FFF79EFF014630B1A0F858
S21404306001502046BDE83840FFF7C6BF38BDE0B57E
S2140430704589013DADB2954228BF154606460A4627
S2140430801F4601212B460B20FFF78DFF014628B172
S2140430903D803046BDE8E040FFF7AEBF1A20E0BDF5
S2140430A0E0B54589013DADB2954228BF15460646B2
S2140430B00A461F4601212B460D20FFF774FF0146E2
S2140430C028B13D803046BDE8E040FFF795BF1A20A2
S2140430D0E0BD10B5012104461320FFF75CFF01464E
S2140430E020B12046BDE81040FFF786BF10BDF7B5F7
S2140430F044890193054618460F461646FEF786FA97
S214043100053CA4B2844203DA011B01A8FEF75EFB69
S21404311001980521FEF7BCF928B901A8FEF7CEF8F8
S2140431201A2003B0F0BD83790C33C2181721C1549A
S2140431300146A2F80170A2F803602846D8F712F9EF
S214043140EFE710B5012104461920FFF724FF0146D6
S21404315020B12046BDE81040FFF74EBF10BD70B545
S2140431604489033CA4B2A34205460E4628BF234620
S21404317003211B20FFF717FF014668B110F80F3C28
S214043180A0F80160012262F3071300F80F3C2846FA
S214043190BDE87040FFF730BF1A2070BD70B5448993
S2140431A0033CA4B2A34205460E4628BF2346032189
S2140431B01D20FFF7F8FE014630B1A0F8016028464E
S2140431C0BDE87040FFF718BF1A2070BD4B88042B6B
S2140431D007D1C36C08885B8998428CBF0020012005
S2140431E070470020704710B50C4600F035FA18B149
S2140431F043892380002010BD2520FCE7002070476B
S21404320000F007B80020704700F005B84FF0FF3014
S21404321070470E2070470020704707B501228DF8CE
S21404322007100DF10701FEF706FA03B05DF804FB7C
S214043230F0B5054685B04FF428500C4600F055FD11
S214043240019000F0F5FAB0B3022C019902D80020E0
S21404325005B0F0BD00270DF10D030DF10E02384642
S214043260ADF80E7000F026FCBDF80E20631E9342E7
S21404327006461EDC072C1AD9023CADF80E4008247C
S214043280BDF80E30002BE2D00133D9B22846FFF742
S214043290C4FF21462846FFF7C0FFBDF80E2031467E
S2140432A02846FEF7C8F9BDF80E000230D0E7ADF8A0
S2140432B00E700924E4E74FF0FF30C9E72DE9F04328
S2140432C0054685B018460E46174600F00EFD0190DA
S2140432D000F0AEFA019988B34FF000080DF10D0323
S2140432E00DF10E024046ADF80E8000F0E3FBBDF88B
S2140432F00E40BDF830108C4228BF0C468146B442BE
S2140433009DF80D0028BF3446ADF80E40C8B9ACB1E0
S2140433100134A2B2964211D9E1B22846FFF77DFFE6
S21404332039462846FFF779FFBDF80E204946284659
S214043330FEF781F9BDF80E300233D8B205B0BDE809
S214043340F0834046FAE770B51546064608460C462E
S214043350D8F74CF86B1E042B0BD9A36A657543F09B
S2140433601603A362D6F7A0F83046BDE87040D8F737
S21404337077B9032DF1D0A379142B06D0FFF7D2FD2D
S2140433800028EAD141F2090070BD2120FCE770470D
S214043390836A5B055ABFC06AC0F3001000207047FA
S2140433A010B5437D042B044601D1002010BDC36A2A
S2140433B0DB06FAD590F83230012BF6D1027D042ACA
S2140433C00CD18069FEF722F91F28EED8E069FEF7D3
S2140433D01DF91F288CBF00200120E7E71846E5E703
S2140433E0704737B50D460021044601915BB9204667
S2140433F001AA2946D8F722FE044601A8FDF75EFF77
S214043400204603B030BD0846FEF745F90190002873
S214043410EDD11A24F4E710B50446FEF7A3FA10EA31
S21404342004020AD014F0050207D0C34363F0050370
S21404343023420CBF0120002010BD1046FCE7704755
S214043440002337B580F86E3040F6FF73A0F86A3074
S21404345083688181DA0404460D4611D443F48063FC
S214043460A3606A4640F203212046ADF80450009457
S214043470FDF758FE00212046D7F78EFE03B030BD78
S21404348090F87200D8F7B2FBA36823F48053E7E7FA
S2140434901FB590F87020019002F0010304468DF8E1
S2140434A008300BB102F002038DF80930204694F878
S2140434B071308DF80A30ADF80C10FFF754F901AAF4
S2140434C04FF401712046FDF72DFE2046D7F712FF74
S2140434D004B010BD07B50190D6F742F8019903B0C1
S2140434E05DF804EBD7F7C6BDD7F72EBEFFF714BDBD
S2140434F00A460021DAF7AEBB13220121DAF7AABB8B
S214043500826838B5C2F380320446B0F86A000D46C5
S214043510DAF716FC20B9A3681DB143F40053A36080
S21404352038BD23F40053FAE783791A0705D413F059
S214043530100F14BF0120FF2070470020704770470B
S21404354000207047112070471120704710B50446BC
S21404355060B1C06C50B1D9F787FAE06C0028FAD194
S21404356020460321BDE81040D7F716BE10BD438998
S2140435708B4210B5044612D00420D5F793FE0246BB
S21404358068B1236893F86C3003706389438040F213
S214043590014104F10C00BDE81040FDF77FBD10BDED
S2140435A0436943F0040343617047436923F004030B
S2140435B0436170474069C0F380007047006847F273
S2140435C030530022D5F7E6BA0068FDF73DBD38B59E
S2140435D043699B0704460D4603D540F20941FFF7AD
S2140435E0F3FFD7F7D7FE08B1A3691D70204640F253
S2140435F00941BDE83840FFF7E1BF38B5037C012B2D
S21404360004460D4609D040F209430120994220742D
S21404361004D040F20A43994211D038BDD5F742FE91
S21404362002460028F9D020464FF4816150F80C3B3E
S21404363093F86C301370BDE83840FDF72FBDD5F70E
S21404364031FE02460028E8D02046294650F80C3BB6
S21404365093F86C301370EEE708B5D7F75FFD00B14A
S214043660C06C08BD08B500B10068D7F765FD08B999
S214043670034602E0C36C002BF7D0184608BD10B50D
S214043680044642F62A3000F030FB031B58425841E9
S21404369010BD022806D1088842F62A33C31A5842B7
S2140436A0584170470020704710B5044642F629304A
S2140436B000F01BFB031B5842584110BD90F8200035
S2140436C000F0010070471FB504466846D9F7F0FAC3
S2140436D01022694604F1210007F0EAFEB0FA80F0F1
S2140436E0400904B010BD08B5FFF7EDFFB0FA80F04E
S2140436F0400908BD70B5044600F1210591B9284675
S214043700D9F7D6FA236893F97100FFF77DFD78B1EF
S21404371020682B4690F97100BDE8704010220D21F8
S214043720FFF76EBD10220021284607F0F9FEE9E7F0
S21404373070BD38B590F820200546002341FA03F002
S214043740C40703D442FA03F0C0071ED40133082B7F
S214043750F4D101F001042B68224385F8202093F964
S2140437607100FFF751FD40B12B46012253F8200BA0
S2140437700C2190F97100FFF743FD24B1002128467F
S214043780FFF7B8FF0024204638BD1324FBE768B1D2
S2140437903F290AD800EBA10001F0030190F831009C
S2140437A04900084100F0030070470020704710B538
S2140437B00368044693F97100431C0DD0FFF724FDFB
S2140437C050B12346102253F8310BBDE8104090F94F
S2140437D071000B21FFF714BD10BD10B590F87030C2
S2140437E0DB0707D5847CFEF7E2FF844234BF0C2057
S2140437F0002010BD0F20FCE730B585B004466846AF
S214043800D9F756FA1021684600F0E6FC2046D9F7A8
S21404381019FEC2686B46063204AD1C4603CCAC42A5
S21404382010605160234602F10802F6D105B030BD9F
S21404383008B5D9F707FE08B1D9F7D8FDC0B208BD58
S214043840013810B580B2D9F7FDFD044608B900204A
S21404385010BD408800F099FB0028F8D0207BF7E7DD
S21404386008B5D9F7EFFD18B1007AC31F584258417E
S21404387008BD70B50546044655F8213B93F971001A
S214043880431C04D12846BDE87040D9F711BAFFF7A7
S214043890BBFC0028F6D02346102253F8310B0B212C
S2140438A090F97100FFF7AAFC2346012253F8200B77
S2140438B00C2190F97100FFF7A1FC20682B4690F9C3
S2140438C07100BDE8704010220D21FFF797BC01304F
S2140438D02DE9F04185B228460E46D9F7B3FD42F6E7
S2140438E00217044642F603089CB12046D9F77EFD2B
S2140438F078B1204600F058FBB84205D10EB12388B3
S2140439003380607BBDE8F081204600F04DFB4045E7
S21404391002D14FF0FF30F5E70135ADB22846D9F7AE
S21404392091FD0446E0E72DE9F04707460E4690462B
S2140439300D4642F6021942F6030A0135ADB2284690
S214043940D9F780FD044650B1D9F750FD38B120466A
S21404395000F02AFB48450BD1237A072B10D04146AA
S2140439603046FFF7B4FF431C014604D1002008E0AC
S2140439705045E2D1F3E73846BDE8F047FFF707BF06
S2140439800320BDE8F08770B5054608461446D9F707
S21404399059FD064608B9012070BDD9F727FD002851
S2140439A0F9D0E20713D4A30733D4630702D5B38848
S2140439B0580731D514F0060F30D114F40060EBD05C
S2140439C0B38813F4006F14BF00200620E4E7B3881E
S2140439D0D80740D513F0700309D02868FFF7FDFE1A
S2140439E0B38899060AD50F2803D10520D4E71846CC
S2140439F0F6E72A6892F870209207F6D50028CBD10D
S214043A005906D0D52B6893F971300133CBD10820F1
S214043A10C2E7B3889A07C8D40320BDE7B38813F473
S214043A20E06316D02868FFF7D8FEB388990506D554
S214043A300F28DAD02A6892F870209207D5D5002885
S214043A40AAD15B05B9D52B6893F971300133B4D18B
S214043A50DDE71846E9E702209EE738B5044608463F
S214043A60D9F7F0FC054608B9012038BDD9F7BEFCE5
S214043A700028F9D0AB8813F4E04317D02068FFF78A
S214043A80ACFEAB88990406D50F2811D0226892F8AC
S214043A90702092070CD50028E7D15B04E5D523688F
S214043AA093F97130013308BF0820DEE71846E8E7CB
S214043AB00520DAE72DE9F0474FF0000983F8009077
S214043AC00446A2F8009008460F4616461D46D9F747
S214043AD0B9FC804620B901232B700020BDE8F0878E
S214043AE074B1D9F783FC0028F5D03846FFF7DCFD1F
S214043AF030B1012385F8009004F120003380EDE70F
S214043B002B46324641462046BDE8F047D9F75CB816
S214043B102DE9FF4106460846884617460393D9F71B
S214043B2091FC044638B903A8FDF7C8FB01252846CE
S214043B3004B0BDE8F0811EB1D9F758FC0028F2D0D5
S214043B40237A072B22D8DFE803F00C1B1E04110C83
S214043B500C160225AF421BDD03A8FDF7AFFB0725B5
S214043B60E5E703A8FDF7AAFB0325E0E703A8FDF7AE
S214043B70A5FB0625DBE703A8FDF7A0FB8025D6E713
S214043B80E2685588E6E7E2689588E3E70025E1E71A
S214043B90022B08BFE368039808BF5D8850B1FDF7A1
S214043BA035FD82B2D319AB4206DD03A8FDF786FBCA
S214043BB00D25BCE70246F5E7257A022D27D0032D0E
S214043BC028D0012D41D1E0680399063000233844FB
S214043BD0FDF76AFB002E39D0237A032B41D103A8C4
S214043BE0FDF76CFB00212046D9F7E6FB002834D00D
S214043BF00588617B3046FFF7CAFD01220346CDF8EF
S214043C00008029463046FEF780F800258FE7E068F6
S214043C108380D9E7039B9A79D979891AC9B2481E51
S214043C20012818D8134402291A7B04BF5B7B42EA96
S214043C300322237B18BF92B232EA030307D1617BC7
S214043C4001233046D8F796FFC4E756B9002503A8E3
S214043C50FDF734FB6BE70D25F9E708F1FF35ADB248
S214043C60C7E7039B0093327F3B4641463046D5F771
S214043C7045FDCAE7884270B50D46164612D8012897
S214043C8038BF012004462046D9F7DCFB10B1438830
S214043C90B34208D00134A4B22046D9F7B7FB08B122
S214043CA0A542F0D20024204670BD70B50C461646D8
S214043CB01D460146B8B1B3B1022C01D0102C12D166
S214043CC0E0B2D9F753FA4FF6FF718842024602D1A2
S214043CD041F20A1070BD3046FFF7CCFF0028F7D03B
S214043CE028800020F6E72120F4E707B500238DF8A6
S214043CF00400000A8DF80500ADF8063001220DF127
S214043D000603022101A8FFF7D0FFBDF8060003B0A2
S214043D105DF804FBF8B5441C0F461646A4B22046CC
S214043D20D9F790FB10B9013CA0B2F8BD00F03CF9FD
S214043D300546304600F014F920B1284600F010F984
S214043D400028F0D1304600F004F920B1284600F0EF
S214043D5000F90028E7D10134A4B22046D9F756FB6F
S214043D6008B1BC42DBD94FF6FF70DEE72DE9F04F11
S214043D7087B00D4600938B880C888DF810308246E9
S214043D801B0A04A902208DF811309046D9F7EEF9E3
S214043D90AB68AF8905938146A88800F0DAF838B195
S214043DA0102F05D105A8D9F7C7F9022808BF02279E
S214043DB04FF6FF7B33E04A462046FFF75BFF064696
S214043DC080B3AA886988FFF7A5FF04463046FFF744
S214043DD02FFD00B30DF10F030DF1120231465046CC
S214043DE0FFF768FE9DF80F302BB1A8F80060184660
S214043DF007B0BDE8F08FBDF81220BA420BD1059982
S214043E0001933A4607F054FB019B20B9009AA8F8A0
S214043E1000601480EBE75C4501D00134A4B26988E5
S214043E20A142C8D80A23E2E708B5D9F70BFBBDE8D8
S214043E30084000F0B9B838B505460846D9F702FB7D
S214043E40044610B94FF6FF7038BD0DB96088FBE71D
S214043E50D9F7CCFA0028F9D1F4E770B5044642F64F
S214043E600520FFF742FFB0B10021FFF730FD0546FD
S214043E7001462046FFF78BFC10220646002104F17B
S214043E80310007F04DFB3246294620460023BDE8A4
S214043E907040D8F76FBE70BD7FB505460C4610223D
S214043EA00021684607F03CFB0026A3575A1C1CD08A
S214043EB031462846FFF76BFC002B19460246B8BF6E
S214043EC0D91C04A800EBA101584200F0030003F03B
S214043ED0030358BF434202F003025B0002FA03F3F3
S214043EE011F8102C134301F8103C0136402EDCD197
S214043EF06B4605F1310404AE1A4603CAB24220608A
S214043F006160134604F10804F6D1284604B0BDE8FF
S214043F107040FFF74CBC037A23B1013B012B06D952
S214043F2000207047C3681888023080B27047C368A0
S214043F3058880630F9E710B50446D8F787FF4FF6D9
S214043F40FF73984204D12046BDE81040D8F758BF06
S214043F5010BDA0F5205001288CBF0020012070471A
S214043F6042F60303C31A58425841704708B503047F
S214043F7009D4D8F79BFFA0F5205080B201288CBF47
S214043F800020012008BD0020FCE7020408B507D481
S214043F90D8F78CFF42F60303C31A5842584108BDAB
S214043FA00020FCE7C00B704703464088B3F9023094
S214043FB0002B01DBD8F77ABF0020704708B5FFF75F
S214043FC0F3FFA0F5205080B201288CBF002001200A
S214043FD008BD70B51D4604461646D9F78BF9EB4363
S214043FE0844200D970BD617A314315B961721034C8
S214043FF0F6E71940FAE770B50D461646D9F722FAE1
S214044000044650B1FFF7DAFF38B1204633462A4655
S2140440100121FFF7DEFF002070BD2120FCE72DE91B
S214044020F7431C46C307019115461DD510F0020F31
S21404403048F6010340F601074FF4205818BF1F4600
S214044040022D06D0102D36D101A8D9F775F802280E
S21404405000D10225012200211046D8F763FF40B99B
S2140440601A2003B0BDE8F08340F6010742F60108C3
S214044070E6E7A81CC0B2D8F7A5FF1FFA85F90646DE
S2140440800028EDD02A46019920F8029B07F020FA72
S2140440900120D8F725FF05464046FFF74CFF4FF6AC
S2140440A0FF7368800020AF80EB802872EE6024B136
S2140440B02B882380D5E72120D3E72046D1E740226A
S2140440C02021FFF798BF20224021FFF794BF4B889A
S2140440D0052B05D108880E288CBF002001207047C8
S2140440E000207047F8B505460F46164604210A22F6
S2140440F00020FDF737F90246B8B184790C34031969
S214044100052100204FF0060CD870997002F804C000
S21404411013241C715F7102245870D8719C711E811F
S2140441202846BDE8F840D5F737BEF8BD73B5054652
S214044130104601920C46FDF769FA042186B20198EE
S214044140FDF7A6F9024628B901A8FDF7B7F81A2024
S21404415002B070BD837901900C33C1184C80C652EE
S21404416021462846D5F718FE0020F1E72DE9F04150
S21404417006468846174604210A220020FDF7F2F870
S2140441800246B8B185790C3543190024052106206A
S2140441909970DC70505501201871022098715C707B
S2140441A0304683F80580DC711F81D5F7F5FD20467F
S2140441B0BDE8F0811A20FBE7002070470020704716
S2140441C007B501A80192FDF779F803B05DF804FB82
S2140441D0704700207047704710B5013903461A1A15
S2140441E0914200D810BD445C1A7803F8014B42543F
S2140441F00139F4E701440023884200D1704700F8EF
S214044200013BF9E707B503780D2B41D8DFE803F047
S2140442100C1A222A324B5407171F272F435148F2F1
S21404422009014FF6FF7039E0031D012248F2090127
S2140442304FF6FF7003B05DF804EBDAF76FBB48F295
S2140442400C01EEE7031D012248F20C01F0E748F2E8
S2140442500F01E6E7031D012248F20F01E8E748F2E2
S2140442601201DEE7031D012248F21201E0E748F2DC
S2140442702401D6E703798DF8043043798DF80530A8
S214044280022201AB48F224014FF6FF70DAF746FB30
S21404429003B05DF804FB808848F2420103B05DF881
S2140442A004EBDAF749BB831D0122808848F24201F9
S2140442B0C0E748F22301B4E703798DF80430437964
S2140442C08DF8053083798DF80630032201AB48F269
S2140442D02301D9E70122DAF733BF38B51C464FF677
S2140442E0FF73994206D1114600F089F908B120609F
S2140442F0012038BD00F091F9F8E7F7B50F461546EA
S21404430000F0A1F9002601963E70044610B3ADF8FD
S2140443100260FDF77BF90222C31E21460DEB020064
S214044320FCF7C2FF2046FDF771F90122431E214621
S2140443303846FCF7B9FFBDF802302B6031462046FC
S214044340FDF718F80321019001A8FDF73FFA01983C
S21404435003B0F0BD2860FAE77047704770477047AF
S2140443607047704702464FF482712820F9F795BCCF
S214044370704708B5DBF712FD00B1008808BD73B5B9
S21404438006460DF106000D46F5F732FE044658B90A
S214044390BDF80600A9B256B1F5F742FE0446BDF8CC
S2140443A006003CB1F5F776FE204602B070BDF5F780
S2140443B04BFEF3E7F5F75CFE0446F5E7704708B5F1
S2140443C022F00042A2F58050DCF7B8F8012008BDC0
S2140443D008B1DCF783B9F5F79DBE081A18BF0120AB
S2140443E0704700210846E2F7F7BD10B51846114697
S2140443F0DCF746FA044660B121F0004049F20102B7
S214044400904208BF2068D4E9033198472046DCF779
S21404441043FA002010BD014620B1102242F23000BB
S21404442004F0CCBB21207047FDF79ABAD4F73ABF04
S214044430D4F758BF13460A4601460020DCF770BA84
S21404444049F20101DCF7C2BBFFF7FABF07B5CBF7A9
S21404445021FE6A46CBF7EEFE48B9DDE900014FF4CB
S2140444607A720023F4F77EFA03B05DF804FB0020AA
S214044470FAE7CBF70FBE70B50D460446CBF724FE1D
S2140444804FF47A760246A4FB0601002306FB0511C8
S214044490F4F768FA70BD10B50446CBF715FE4FF472
S2140444A07A720023A4FB0001F4F75CFA10BD08B589
S2140444B00B4601461846D4F799FF002008BDDBF7E3
S2140444C0C7BB0021034602460846DAF7EFBC10B421
S2140444D020B119B15DF8044BDBF78EBB21205DF8E3
S2140444E0044B7047DBF7A2BB38B505460024EBF750
S2140444F003FDA04201D8002038BD2046EBF702FD9C
S2140445000146284605F03FF90134F0E72DE9F04767
S214044510F2B0B3F5C67FDDF8E89180460C46174640
S2140445201D4606D91846FFF77FFF064610B919241C
S2140445303CE00FAE07AB04F1080C206861681A462D
S21404454003C2083464451346F7D120681060227904
S2140445501A710DF12C0A7B994A46504606F0B8FFAC
S2140445600023CDE90233CDE9049ACDE900652B4654
S2140445703A4607A9404604F079FA044620B92A4682
S2140445803146384606F0A4FF2946304603F003FABF
S214044590B5F5C67F02D93046FFF74AFF0D2107A8B6
S2140445A003F0F9F91021504603F0F5F9204672B0ED
S2140445B0BDE8F087830B012B0CD0022B0AD01BB965
S2140445C0003818BF01207047B0F57F4F2CBF042079
S2140445D003207047184670470020FFF785BF07B5CD
S2140445E0E1F7B8FF30B10DF1060101F09AFA20B9EF
S2140445F0BDF8060003B05DF804FB0020FAE707B533
S2140446000191E1F7A7FF28B1019903B05DF804EB27
S214044610E2F780B803B05DF804FB07B5CDE90021E6
S214044620E1F798FF30B1DDE9002103B05DF804EB53
S214044630E2F7A0B803B05DF804FB00F0CBBE00F0D0
S21404464023BF00F01FBF01F0B3B801F0B5B870B5D2
S2140446500E46054608B9212070BD0120E7F70EFC7A
S21404466004460028F7D1284600F010FFA04205D8DB
S21404467031462846BDE8704000F010BF2146284663
S21404468000F007FFB04201D00134ECE740F20150DD
S214044690E2E707B501A9E9F7F7FC18B9019803B0F2
S2140446A05DF804FB0020FAE7E7F7E8BB70B50646BA
S2140446B00C46154652B1FFF7ECFFA04208D92A462D
S2140446C021463046BDE87040E9F710BD212070BD94
S2140446D040F20250FBE707B500220B460092114653
S2140446E003F0B9FC03B05DF804FB13B513460446A7
S2140446F0002208460092214603F0BEFC02B010BD1C
S21404470038B50D46044648B141B100F00FFF28B154
S21404471029462046BDE8384000F023BF212038BD96
S21404472038B50D46044648B141B100F0FFFE28B145
S21404473029462046BDE8384000F041BF212038BD58
S21404474010B5044638B100F0F1FE20B12046BDE8AD
S214044750104000F0C5BD212010BDE0F7B1BDE2F762
S21404476037B802F003BD2DE9F04FF3B0DDE97C9ACB
S214044770884617469B46044600285DD000295BD031
S214044780002A59D0002B57D009F1FF330F2B53D8EA
S214044790BAF1000F50D00BF11006B6F5C67F06D955
S2140447A03046FFF741FE054610B9192440E00FAD28
S2140447B0434607AA08F1080E186859689446ACE8F8
S2140447C00300083373456246F6D11868CCF8000037
S2140447D01B798CF804300DF12C080023CDE9023344
S2140447E02046CDE90498CDE900565B463A4607A92B
S2140447F004F0ECF8044648B94A464146504606F0EA
S21404480067FE5A462946384606F062FE3146284672
S21404481003F0C1F8B6F5C67F02D92846FFF708FEAE
S2140448200D2107A803F0B7F81021404603F0B3F8AB
S214044830204673B0BDE8F08F2124F9E72DE9F04354
S21404484085B000241646DDE90C980D461F460394F1
S214044850024600B3F9B1F6B1EBB109F1FF330F2B01
S21404486019D8B8F1000F16D0204603AB4946E9F72D
S214044870C9FB044640B9CDE9009803983B46324646
S2140448802946FFF770FF044603A803F0A1FF20465D
S21404489005B0BDE8F0832124F6E7F0B4DDE9047C36
S2140448A058B151B14AB143B17C1E0F2C05D8BCF1A6
S2140448B0000F02D0F0BCFFF729BE2120F0BC7047E1
S2140448C02DE9F04385B000241646DDE90C980D4624
S2140448D01F460394024600B3F9B1F6B1EBB109F1F1
S2140448E0FF330F2B19D8B8F1000F16D0204603ABB0
S2140448F04946E9F787FB044640B9CDE90098039892
S2140449003B4632462946FFF7C8FF044603A803F091
S2140449105FFF204605B0BDE8F0832124F6E7F0B536
S214044920002487B00E4617461D46024601AB2046B5
S214044930FF210194E9F766FB044698B9019802AB97
S2140449403A46314603F0E4FF044658B92B4602AE15
S21404495006AD324603CAAA4218605960164603F1E9
S2140449600803F6D101A803F033FF02A8102103F0D0
S21404497012F8204607B0F0BD70B50E4686B0144651
S2140449800546E8B1E1B1DAB1E8F714FA0346A0B98E
S21404499001AAB1B2284603F0E3FF034668B901ADA5
S2140449A0224605AE2C4603CCB44210605160254620
S2140449B002F10802F6D120681060184606B070BDF1
S2140449C02123FAE7E2F798B8E1F70CBDE2F728BC32
S2140449D0E2F766BC08B5FFF7EDFD012818BF022014
S2140449E008BD032070470220704737B5002501A98B
S2140449F00195DCF73DFA019B044613B12846DCF723
S214044A0033FC204603B030BD37B5002501AB019515
S214044A10DCF702FA019B044613B12846DCF724FCB3
S214044A20204603B030BD08B50020E2F735F818B9C3
S214044A3002F02AFB002008BDDCF764FCFAE708B5A0
S214044A40E3F734FE10B90321E2F72CF80022BDE8A0
S214044A50084001211046DAF743B913B5044640B1BD
S214044A600020E2F719F8032803D101210020E2F719
S214044A7019F8E3F71BFE58B154B90DF10600ADF86A
S214044A800640E3F71BFE58B1BDF80600E4F796FAB5
S214044A9022460321002002B0BDE81040DAF720B910
S214044AA0E3F722FE0028F3D0E2F7CCFE01F05EF92D
S214044AB0EEE7F8B5BDF818500C46691C0155A61C5F
S214044AC00134A4B2B7B2025519462A4610FA86F043
S214044AD006F0FEFCE81980B2F8BD30B585B09AB190
S214044AE090B189B1B3F5805F0ED29DF82840039447
S214044AF0BDF824400294089CCDE9003413460022F5
S214044B00DEF752F905B030BD2120FBE7F0B50546C7
S214044B1085B00E461C4617466AB361B3B3F5805F8C
S214044B2029D2E1F7B9FF012809D0042825D10021AC
S214044B300220E7F721FE21460020E7F71DFE0321A9
S214044B402846E1F7AFFF9DF830300393BDF82C30CC
S214044B5002930A9B0021CDE9004332463B460846B1
S214044B60DEF722F9044618B904212846E1F79AFF2D
S214044B70204605B0F0BD2124FAE70224F8E710B574
S214044B80044604B910BD04F10C004522002106F0C9
S214044B90C7FC2468F5E72DE9F04F8FB005460020E2
S214044BA0DDF87CB0DDF884A0DDF88C90259C0D90B3
S214044BB00E4617469846FCF7B4FB0D9050B91A24D7
S214044BC00D98FFF7DCFF0DA8FCF778FB20460FB026
S214044BD0BDE8F08FBDF878104FF6FF720CA804F00D
S214044BE086FC0CA902460B900D98FCF74AFB0B9A20
S214044BF08242E4D1BBF1000F1ED19DF874300693B7
S214044C009DF8703005930D9BBDF868109DF8640000
S214044C100022CDE90323BDF860300792CDE90122D6
S214044C200093CDE90867BDF86C204346A8470446C0
S214044C300028C5D10D90C3E720990D985A46FCF775
S214044C40FAFC5845BBD1BAF1000FD6D022990D987C
S214044C505246FCF7F0FC5045B1D1B9F1000FCCD068
S214044C6024990D984A46FCF7E6FC4845A7D1002C43
S214044C70C3D026990D982246FCF7DDFCA042BCD092
S214044C809DE710B5084611461A461C46EAF7F6FA9A
S214044C9028B122884FF6FF739A4218BF002010BD31
S214044CA030B521F0010404EB510411F0010109D1DF
S214044CB0651C9D4204D81055C0F303205055A11C12
S214044CC0084630BDA11C994297BF651C0021535D60
S214044CD043EA00139FBF001153555054E11CEFE7FD
S214044CE010B50020DCF724F9044668B9DEF75AFF4D
S214044CF0044648B9E1F72EFC0321E1F70BFD18B191
S214044D00BDE81040DEF7EEBB204610BD08B5DCF764
S214044D10FDF9DEF725FFBDE80840DEF7FBBB0378A8
S214044D2003F07F03023B10B5062B11D8DFE803F02F
S214044D303A04342929111D00C38842795BBAC3801A
S214044D40B0F809305BBAA0F80930C3784371C27072
S214044D5010BD0139490800238B42F9D000EB430407
S214044D600133628852BA6280F6E7013949080023A3
S214044D708B42EDD000EB43040133628852BA628062
S214044D80F6E7B0F801305BBAA0F80130B0F80330AB
S214044D905BBAA0F80330DBE7B0F805305BBAA0F8DE
S214044DA00530D5E7D0F802301BBAC0F80230CFE79A
S214044DB030B4BDF80840BDF80C50CDE9024530BC0F
S214044DC0E7F7BABAE7F786BAE7F784BA00F000BF9F
S214044DD02DE9F0471D468AB00023CDE90833AB79A8
S214044DE00C3305EB030AEF5C0DF124080DF11F03E9
S214044DF00DF120090493CDF80C80CDF808904B896A
S214044E0001930B8900930C46CB8816468A8800F0DB
S214044E1001016088E7F790FA0446D0B99DF81F3080
S214044E2007F07F07BB4218D1504600F066FE139B7E
S214044E301860129B0146CDE900533046DDE908238D
S214044E4000F057FD0446484603F0C2FC404603F013
S214044E50BFFC20460AB0BDE8F08741F20504F2E73D
S214044E602DE9F04786B00646DDF838900F469046A2
S214044E709A46E1F7C9FD044610B906B0BDE8F087C6
S214044E8060880DF11701E7F7BFF8054618B120460C
S214044E90E1F7A2FDEFE7CDE9008A3B46324621461C
S214044EA00120FFF795FFE0B19DF81730013B012B79
S214044EB0EDD82846CDE9008A3B4632462146FFF720
S214044EC087FF05460028E2D102AE2188304600F06E
S214044ED0F2FC96E8030089E80300C9F804500120B0
S214044EE0CBE70125F0E710B5044604B910BD04F17C
S214044EF00C004522002106F013FB2468F5E7F8B5FC
S214044F000546044655F81C0FFFF7EDFF2846FCF748
S214044F10D5F9256A00279DB9264656F8200FFFF7CF
S214044F20E2FF3046FCF7CAF9237A1BB12368294608
S214044F302046984728220021204606F0F1FAF8BDBC
S214044F40A96839B18E684F7626B1CB680968002205
S214044F500120B0472D68DEE7F8B50646E2F7A6FC62
S214044F60054630B3836823B300242827DBF7C6FE40
S214044F7090F82A309C4204D2AB6807FB04331B7AB1
S214044F803BB9DBF7BBFE90F82A309C4203D11A20CB
S214044F900EE00134EAE72822A8685443002120449E
S214044FA006F0BEFAAB681C443460E1F71BFA002036
S214044FB0F8BD1120FCE72DE9F84F9946037ADDF891
S214044FC02CA0022B07468846164645D1E2F76EFC0F
S214044FD00446002842D04368002B3FD0737943F040
S214044FE0010373710368013308BF01230360E2F70A
S214044FF05DFC834610B91A20BDE8F88F4368002B81
S214045000F9D0DBF77BFE90F82B2000231C219A4274
S214045010F1D9DBF8045001FB0355687EB8B940F2B9
S21404502001132B8385F810800A9BEB602368C5F870
S21404503008902B60BAF1000F0BD107F1200031461F
S214045040B560FCF7EEFAE1F7CDF90020D4E70133BA
S214045050DDE7CAF80030F0E70220CDE71120CBE701
S21404506003230372C068E9F7CFB92DE9F341074675
S2140450700D46E2F71BFC0646002846D08368002B44
S21404508043D000244FF02808DBF738FE90F82A3087
S214045090A34205D9B36808FB0433DB68BB4212D1CC
S2140450A0DBF72CFE90F82A30A3420ED12B78022B85
S2140450B02BD155F8040FFFF716FF284602B0BDE8BB
S2140450C0F041FCF7FBB80134DEE7B06828236343FD
S2140450D0C418217A022913D0032900F086800129F6
S2140450E013D12A78012A00F08480022AE1D062B91A
S2140450F002222272C358204602B0BDE8F041184787
S2140451002B78012B75D0022B02D002B0BDE8F081BB
S2140451106D6801952846AE79FCF778FA80B20128C6
S2140451200AD935442B7B13F03C0F05D1627A03F081
S2140451303F0642B9032E0AD10198FFF7D4FE01A810
S214045140FCF7BCF8E1E7012A01D1032EF4D1E069AB
S21404515030B1227EB24203D02046FFF781FFEBE750
S21404516001998D799A090135DB098D7111D10028D1
S214045170F2D14B79022A6FF300034B711ED0032A37
S21404518025D0012A08D063680A4631462046984747
S21404519009E00028EDD1DFE7FFF76BF9C4E9040165
S2140451A0019BE3612676E069002301930028C3D0BF
S2140451B0FCF72CFAB0F5007FBED3CDE704F11C0053
S2140451C0FCF72FFAE0690021FCF731FBEBE704F16A
S2140451D01C00FCF726FAE0690021FCF728FBE269CC
S2140451E001920023E3616368CFE72B78012B7FF4F9
S2140451F05EAF204602B0BDE8F041FFF780BE002057
S21404520070470A4601460120DFF774B90A4601468C
S2140452100220DFF76FB90346D0F831000028FAD130
S214045220B3F83700704710B50446D0F831000028AC
S214045230FAD1DBF763FD408904EB4000393010BD3A
S21404524038B50446D0F831000028FAD1DBF756FD0D
S2140452504589DBF753FD8089284404EB4000393048
S21404526038BD837B024613F00100D37A18BF202092
S2140452700BB940F00400704770B5044658B3C388B1
S2140452805BB3FFF7F6F8054620460E46DFF772FCDA
S214045290637B03F0070384F82730FFF7FCF894F8E1
S2140452A02730281846EB0101C4F80F00C4F8131081
S2140452B06BB1637B3220DB0803FB0000FFF7EBF8DF
S2140452C0281846EB0101C4F81700C4F81B10E1F7D0
S2140452D089F8002070BD2120FCE740F21450F9E75D
S2140452E038B5C38804468BB1D0F829304BB19D68D5
S2140452F03DB1FFF7B6FF01462046A84728B9E1F7B7
S21404530071F82046FFF7B8FF002038BD40F214506D
S214045310FBE710B5DBF7F2FC40894400DBF7EEFC54
S214045320808900EB40002044393010BD2DE9F0435D
S2140453308BB00646DFF79EFC0446C088ADF8100026
S21404534080B2FFF737F9022808D1207A0DF112014E
S214045350E1F7B4FB40B10BB0BDE8F08310220021A6
S2140453600DF1120006F0DCF8A27A637A43EA02230F
S214045370ADF82230E37A8DF82430237B8DF825307F
S214045380637B8DF82630A37B9DF82720C3F30003A8
S21404539063F300028DF82720D4F83130B4F8358052
S2140453A004F13909A3B92046FFF735FF0546204620
S2140453B0FFF739FF07462046FFF742FF0095CDE981
S2140453C001704B46424604A9304601F011FCC2E780
S2140453D00025ECE740787047C0F8291091B1CB68F7
S2140453E083B14FF0FF33C37780F8203080F8213044
S2140453F080F8223080F8233080F8243080F8253076
S21404540080F826307047F7B546884FF6FF77BE42D9
S21404541004460B4615D1B24202D0002003B0F0BDBC
S214045420184601AA0221DFF7D1FD00238342F4D0F7
S21404543032F8021BA5888D4201D00133F6E701201D
S214045440ECE7D0F82930002BE7D05B681BB103B03B
S214045450BDE8F04018471846E0E7F0B5D0F8294014
S214045460BDF81450BDF818609DF824E04CB12468CB
S2140454703CB1CDE90556CDF824E0A446BDE8F0409D
S2140454806047F0BD8088704740887047B0F83500A4
S214045490704700EB4101B1F83900704770B5044617
S2140454A0B0F835600D46DBF729FC4389B3420FD0CC
S2140454B0B4F835305A1C04EB4303A4F835202046D0
S2140454C0A3F83950DFF7B8FDBDE87040FFF72EBFEC
S2140454D01A2070BD10B5B0F8352042B1373000231D
S2140454E030F8024F8C4204D001339A42F8D8212077
S2140454F010BD0020FCE713B542884FF6FF739A42AE
S21404550010D100248DF8074080880DF10701E6F7D6
S21404551073F928B99DF8070000F0010002B010BD29
S2140455202046FBE70078C0F34000F7E713B542884F
S2140455304FF6FF739A4210D100248DF807408088F6
S2140455400DF10701E6F758F928B99DF8070000F0B1
S214045550020002B010BD2046FBE7007800F0010010
S214045560F7E770B50D46044638B331B3C0880E4627
S21404557026F8020B80B2FFF71DF8022817D1207A0E
S2140455803146E1F79BFAA27A637A43EA02236B82F6
S214045590E37A2B75237B6B75637BAB75A37BEA7D04
S2140455A0C3F3000363F30002EA75002070BD102203
S2140455B00021304605F0B4FFE5E72120F6E773B591
S2140455C00D46044618B92126304602B070BD00299F
S2140455D0F9D0498A4FF6FF73994244D1698A4FF647
S2140455E0FF73994247D12B7D83F080037E2BEAD943
S2140455F0E088FEF7DFFF022804D1207AE1F7EEFA0E
S214045600FF2323722888FEF7D5FF022845D1AE1C57
S21404561001A93046E1F770FA002834D101982072C7
S214045620E1F7C6FA2B88E3806B8AA4F809302B7D51
S214045630E3726B7D2373AB7D6373EB7DA27BC3F355
S214045640000363F30002A2732046DFF7F5FCFFF7BE
S2140456506DFE064618B3207AFF28B5D0E1F7A8FAFF
S214045660FF232372B0E70120E6F708FC0028B5D034
S21404567040F20256A8E72046FFF72CFF0028B2D0D7
S21404568041F20336A0E7304601A9E1F753FA06468D
S214045690002899D1019B2372C4E7FF23FBE7204629
S2140456A0DFF768FA50EA01038ED0637B03F0070342
S2140456B084F8273031462046DFF76EFAE0F792FE8C
S2140456C082E730B5044687B0E0B1002529461022AB
S2140456D00DF10200ADF8005005F022FF4FF6FF73FF
S2140456E0ADF81230BDF81630ADF8145023F4FF733D
S2140456F023F0010369462046ADF81630FFF75FFF36
S21404570007B030BD2120FBE7F8B500F13905B0F845
S214045710352004460E4600232F4698B2824201D80E
S2140457202120F8BD2846591CB0F800C0B44505F140
S214045730020519D1D21A013A520007EB410105F0CD
S214045740D5FEB4F83530013BA4F83530B4F809304A
S214045750B34202D12046FFF7B4FF2046DFF76CFCC5
S214045760BDE8F840FFF7E2BD0B46D6E708B5FFF7FD
S21404577052FD08BDF8B505461E46FFF74CFD8842A7
S2140457800C46174612D92846FFF74DFD30F814008C
S2140457903880FEF70FFF022806D12846FFF750FD93
S2140457A03146005DE1F78AF9002000E02120F8BDCB
S2140457B008B1D0F82D00704708B1C0F82D10704716
S2140457C010B10170002070472120704738B50C4690
S2140457D01546FEF7EFFE012814D145B124B1204644
S2140457E0FEF7E8FE022804D16FF0010009E0002C61
S2140457F0FAD004F58074A4B2F92C34BF6FF001001B
S214045800012038BD4FF0FF30FBE710B5044604B95D
S21404581010BD04F10C004522002105F081FE246829
S214045820F5E738B50C461546FEF7C4FE01280CD13C
S2140458304DB16CB12046FEF7BDFE022814BF012010
S2140458406FF0010038BD002CF8E74FF0FF30F9E7A1
S2140458506FF00100F6E737B50546FEF7ABFE012804
S21404586016D0002003B030BD0134E0F76DFE84424C
S214045870F7D22046E0F76EFE0DF1060100F051F96E
S2140458800028F1D1BDF80630AB42EDD10120E9E79E
S2140458900024EAE782B00022ADF80020012201923B
S2140458A0ADF8021002AA034612E9030083E80300D7
S2140458B0184602B070470122028041804260704759
S2140458C0006800BA70470B0E03700B0C43700B0A8B
S2140458D08370C17070474378027880781B0243EA6D
S2140458E00243184370470B0C03700B0A4370817015
S2140458F070472DE9F04F95B082461E980F469146A4
S2140459009B46FBF783FE0D28054615D840F2055B3B
S21404591005A8092102F03FF80CA8102102F03BF874
S21404592010A8102102F037F808A80D2102F033F869
S214045930584615B0BDE8F08FEBF772FA0238A84265
S214045940E4D31E9E96F8068008F10C043444102214
S21404595000210CA805F0E4FD39460DF13500FFF7EB
S214045960B2FFD4F80720CDF83920B4F80B20ADF8F0
S2140459703D20627B8DF83F2058460CA903F098F82A
S21404598083460028C4D106EB08030CA91B7B8DF8BC
S214045990143005ABA01D1E4614F801CF11F8012BD8
S2140459A0844282EA0C0203F8012FF5D10DF11600A9
S2140459B0FFF791FFBDF81940BAF1030F64BA1CBF94
S2140459C09DF815308DF821304FF00002A4B2014640
S2140459D00DF122000ABF8DF821208DF820208DF8C5
S2140459E020A0FFF780FF230A39460DF129008DF821
S2140459F026408DF825308DF827208DF82820FFF7CF
S214045A0062FF9DF815301E98DB0914BF0824042491
S214045A10FBF7FCFD04F10A0383423FF677AF9DF8DB
S214045A2015301E99DB0914BF08230423EF1FEB1A55
S214045A3010AD9BB222462846FBF736FC3F1B0023DC
S214045A40CDE90073CDE902451E9A072308A9484606
S214045A5002F0EEFF834600287FF45AAF1E9B9A7925
S214045A6013441F9AB3F81330ADF81B3003CE1F9BB4
S214045A7018605960337813721EA80921FBF77FFE5D
S214045A8021461EA8FBF7A2FE42E7F0B589B00D46F4
S214045A9016461F460DF11702002300F0010100927E
S214045AA028461A46CDE906330391E6F757FB044623
S214045AB0E8B99DF817300399BB421BD1009007AB99
S214045AC006AA2846E6F74AFB044680B9109B0193CB
S214045AD00F9B0E9900933046DDE90623FFF709FF76
S214045AE0044606A802F074FE07A802F071FE2046DB
S214045AF009B0F0BD41F20504F9E710B50446E0F735
S214045B0067FE237828B180EAD313DB0748BF00F189
S214045B10FF3010BD08B50020E0F71CFD00B18088FA
S214045B2008BD20B119B183880B800020704721205E
S214045B30704729B9D0F81230934208D8002070472D
S214045B40D0F816309A42F9D2D0F80E0001E0D0F818
S214045B500A001044DFF78EB82DE9F8430546884658
S214045B6017461E46FEF726FD0128BDF8209020D1D4
S214045B702846E0F7D3FB044618B9E0F7CFFB044603
S214045B80C8B10020E0F7E6FC00B180886780B8F171
S214045B90000F08D0A080E5802681A4F80A9025800E
S214045BA00020BDE8F883A580E080A4F8089066810C
S214045BB0F5E72120F5E740F20350F2E708B5E0F7F1
S214045BC0ADFB18B100230380184608BD2120FCE76E
S214045BD0E0F7A4BB37B50A4605460C46002105F097
S214045BE09FFC013C0DF1070128468DF8074003F0A1
S214045BF00FFC03B030BD13B500248DF802408DF8B9
S214045C000340DBF717FB012802D1012002B010BDC8
S214045C10E0F770FB0128F8D0204601A9E8F734FA2B
S214045C200446A0B10020F1E70DF102010020E1F7DF
S214045C3059FE9DF80230012BE7D00DF10301002038
S214045C40DBF77AFA9DF80330012BDED00134019B92
S214045C50A342E9D8E6E708B5DBF7ECFA012806D054
S214045C60E0F748FB012814BFFF20022008BD0020EF
S214045C70FCE708B5E1F7A2FA30B10020E0F76AFCC9
S214045C800021E0F747FD18B1BDE80840DBF7BEBACF
S214045C90052008BD30B5024602250A20884200D3F6
S214045CA030BD1418E378A478023415FB034300EBE4
S214045CB04303B3F5BD7FF3D81846EFE7F0B50246C5
S214045CC00020884200D3F0BD1318175C5B78841C50
S214045CD000261F44B74204D8B4F5BD7FF3D8204647
S214045CE0EFE7155DC5F3400CAB080CFB033301333B
S214045CF005F001052B441C440136EBE72DE9F04181
S214045D0005460E4681B300240C6003F02DFB286084
S214045D1080462046E1F7B4FA074678B1B8F1000F9A
S214045D200CD1D0E9010103F02DFB044620B1C5F8DF
S214045D3000802046BDE8F0817B682B602868FEF76B
S214045D4073FB0146306010B928601A24F1E7284630
S214045D5003F00EFB04460028EBD03068FEF768FB21
S214045D60002333602B60E4E72124E2E708B5002033
S214045D70E1F786FA28B1D0E9010103F003FB00201D
S214045D8008BD03F0FBFAFAE708B50C210020FEF77D
S214045D9036FC08B9002008BDFFF70AFD0028F9D034
S214045DA0807AF8E708B50C210020FEF728FC50B1ED
S214045DB0FFF7FEFC38B1837A2BB10023C3720022AE
S214045DC00023C0E9002308BD427C531C22F07F0157
S214045DD003F07F030B4343741046704710B5E1F796
S214045DE041FD044640B1006818B1FEF721FB0023CC
S214045DF023602046FEF71CFBBDE810400020E1F7B8
S214045E0037BD07B5002302210DF10600ADF80630B4
S214045E1001F0ACF9E1F726FDBDF80630C2898089A9
S214045E20B3FBF2F102FB1133184480B203B05DF801
S214045E3004FB00B58DB0D0F80D30069300238DF822
S214045E401C3003238DF81D30D0F809300DF11E02E6
S214045E5003F1100153F8040B42F8040B8B42F9D1FA
S214045E60002106AA16230846FBF715FC0590FFF743
S214045E70C8FF0023CDE90233CDE90033059A292172
S214045E80E8F776FF0DB05DF804FB2DE9F843FEF75E
S214045E90F0FA04460F46E1F7E5FC002506464FF007
S214045EA01509DAF72BFF90F82830AB4201D8BDE885
S214045EB0F883336809FB05F803EB0800027A022A24
S214045EC016D153F808204368944277EB03030FD3A4
S214045ED0FFF7AFFF40F6B830FEF7DDFA3268031975
S214045EE002EB080C47EB010142F80830CCF804102A
S214045EF00135D6E710B58CB0D0F80D3006930024E3
S214045F00072306AA21468DF81D30204606238DF861
S214045F101C40FBF7C0FB0590FFF773FFCDE9024476
S214045F20CDE90044059A23462921E8F721FF0CB061
S214045F3010BD70B51C46E1F795FC0546D4B1237A2E
S214045F40042B17D1A37C0133DBB2022BA3740BD929
S214045F5015220021204605F0E3FA00226B6820464D
S214045F601146BDE870401847E17C2046BDE8704005
S214045F70E1F7C4BC70BDF8B50646E1F773FC00242F
S214045F8005461527DAF7BAFE90F82830A34204D956
S214045F902B6807FB04331B7A3BB9DAF7AFFE90F89D
S214045FA02830A34203D11A200CE00134EAE728681B
S214045FB0152254432044002105F0B2FA2B681C44F1
S214045FC034600020F8BD37B50023044601A8154602
S214045FD00193FFF7D0FF58B9019B01221A72802261
S214045FE05A741A7DC3F8095042F001021A752360E8
S214045FF003B030BDF7B50421002307460DEB0100BE
S2140460001546009301F0B2F8044618BB6846FFF73D
S214046010B2FF0446F0B9009B02221A72019AC3F832
S2140460200D201A7DC3F8095060F3000258741A75DF
S214046030FEF71FFA054640F6B8300E46FEF72BFA72
S214046040009B2D1846EB01011D60596018463B6005
S214046050FFF7EFFE204603B0F0BDE8F729BFF0B522
S21404606007468BB00E46104605211D46FBF710FA70
S2140460700446C0B1D7F80D3004930522002304A9C2
S2140460808DF8146001F02BFCFFF7BBFE119B039305
S214046090109BCDE901530023009322462921E8F7FB
S2140460A067FE0BB0F0BD1A20FBE710B5037A9A1E04
S2140460B0012A044608D80423037200238374C37495
S2140460C0BDE81040E1F71ABC012B0CD115220021C3
S2140460D005F026FAE1F7C6FB00224368114620467F
S2140460E0BDE81040184710BD2DE9F0478EB001906A
S2140460F0FBF78CFA019984B209B1052C05D801A8DE
S214046100FBF7DCF80EB0BDE8F0870023062202A8F1
S214046110FBF7CAF89DF80D5005F00303032B40F077
S214046120AB80AD08012D4DD0022D74D0002DE6D1E4
S214046130162CE4D101990091E1F794FB00990646E8
S2140461402B46224608A8FBF7AFF84FF0150ADAF7F5
S214046150D5FD90F828309D422FD234680AFB05F905
S2140461604C4494F80880B8F1010F18D1D4F809000B
S21404617010220DF1260105F09BF9074600BB032308
S2140461802372089BC4F80D3030684844FFF7B2FE0B
S214046190D6E900033A464146484498470DE0B8F12C
S2140461A0030F0DD1D4F8090010220DF1260105F0D5
S2140461B07FF928B92046FFF79DFEDAF79FFD9EE794
S2140461C00135C4E7062C9AD101990023224608A873
S2140461D0FBF76AF8E1F746FB002506461527DAF7CB
S2140461E08DFD90F828309D42E7D2346807FB0544BD
S2140461F0237A022B0DD1042208A904F10D0005F020
S21404620057F9024628B903232372736801212046EE
S214046210C3E70135E3E7072C7FF471AF2246019903
S214046220002308A8FBF740F8E1F71CFB0027044608
S2140462304FF01509DAF762FD90F828309F42BCD279
S214046240266809FB07F84644337A032B12D1042246
S21404625008A906F10D0005F02BF9054650B90146CC
S2140462601522304605F05CF9D4E900032A4629468F
S214046270404492E70137DDE7E1F7F4FA00250446E7
S2140462804FF01508DAF73AFD90F82830AB427FF65F
S21404629036AF216808FB05F739440B7A032B13D174
S2140462A004220D3102A805F003F9064660B905215B
S2140462B001A8FBF764FA2068A368019A9DF80C10FD
S2140462C03844984701961AE70135DBE70020704703
S2140462D00F20704770B50546E1F7D0FA0646202031
S2140462E0FEF7A4F8044698B108309DB12946034643
S2140462F005F1100251F8040B43F8040B9142F9D14E
S2140463000023A36123603368636003B11C603460B8
S214046310204670BD1022294605F002F9F0E710B5B4
S21404632004461046FFF7D6FF30B1037F43F001035F
S21404633003772060002010BD1A20FCE738B5054618
S2140463400C46E1F79BFA18B90C20FEF76DF828B155
S214046350C0E90154E1F798FA002038BD1A20FCE79A
S21404636010B5044690B1E1F789FA63680BB1226868
S2140463701A60226802B1536003689C4204BF6368D3
S21404638003602046BDE81040FEF752B810BD13B5B2
S2140463900446E1F773FA03680BB902B010BD9C42D9
S2140463A00FD1A2697AB920460192FFF7D9FFE1F727
S2140463B065FA019A43681146204602B0BDE81040CB
S2140463C018475B68E8E7104602B0BDE81040FEF7E1
S2140463D047BE70B506460D46E1F750FA046804B9A0
S2140463E070BDA3699E420DD1E1F748FA064615B979
S2140463F02046FFF7B5FF7368294620460022BDE80D
S214046400704018476468EAE738B5E1F737FA044697
S21404641018B938BD2846FFF7A3FF2568002DF9D123
S2140464202046FEF705F82846BDE83840E1F72CBAC2
S21404643073B50446CDE90032DDE90656E1F71EFAE7
S214046440DDE90032016819B18C4204D1A06920B993
S214046450022002B070BD4968F5E70321CDE906566F
S21404646002B0BDE87040FEF7A6BD37B50329054661
S214046470019204D001A8FAF721FF03B030BDE1F77A
S214046480FDF90468002CF5D0A3699D4207D1E1F715
S214046490F5F9019A8368002120469847EDE7646879
S2140464A0F0E770470378812B0CBF00200320E1F748
S2140464B039BB1FB50190FBF7A9F80228019905D04E
S2140464C0022005B05DF804EBE1F72CBB01231A4665
S2140464D003A8FAF7E9FE9DF80C0040F08000E1F707
S2140464E021FB05B05DF804FBC37DDB0770B50446ED
S2140464F00D4619D5D1B1438C00269E420DDBDAF742
S214046500FDFB90F823309E4212D0638CA269591C7E
S214046510618422F81350002007E0A26932F816209E
S214046520AA42F8D00136E8E70F2070BD2120FCE728
S2140465301A20FAE7C37DDB0770B504461BD5E1B124
S214046540438C00229A4212DAA56935F812608E420C
S21404655005EB420002F101060BD19A1A013A5200E9
S21404656005EB460104F0C2FF638C013B6384002004
S21404657070BD3246E6E70F20FAE72120F8E72DE95A
S214046580F0478CB00024884691469A4607460894FD
S214046590E0F71EF905462046DFF7DCFF064640B95D
S2140465A040F2034408A8FAF789FE20460CB0BDE87A
S2140465B0F0870DF11E01FFF7B4FA04460028F1D166
S2140465C0BDF81E30002BEBD053464A460146FBF777
S2140465D062F80890002831D009A93046DFF76EFF2C
S2140465E004460028E1D1E0F70BF908B105B1013DF6
S2140465F00AAC20464146FFF74DF9BDF81E2002922C
S214046600099A0323CDE90052059308AB04930023AB
S214046610039394E803000122DFF718F804460028E1
S214046620C0D1CDE900000346089A38690221FEF776
S214046630C2FC04460028B5D10890B3E71A24B1E793
S214046640F7B50E461146C27DD207044613D590F818
S2140466502030002566F3000380F820304584DAF7FE
S2140466604DFB90F82320A0695200294604F058FFF9
S214046670284603B0F0BD057F15F0010713D145F099
S214046680010583610577022301AA8DF804708DF84D
S2140466900560FFF774FF0028EBD0237FA76167F33C
S2140466A000032377E5E70520E3E7F7B59446C27DC4
S2140466B0D20704460DD590F82030DB0704D403B087
S2140466C0BDE8F040FFF710BF03B0BDE8F040FFF7A9
S2140466D031BF077F17F001061BD1836190F8203085
S2140466E003F00103013347F001074DBA8DF8043077
S2140466F00777032301AA6146ADF80550FFF73FFF6D
S21404670028B1237FA66166F300032377304603B0DF
S214046710F0BD0520FBE700B1808A7047C07DC0F35A
S214046720400070470069FEF79BBC37B54A1E012A35
S2140467300BD9C27DD20708D590F82020448C12F0DD
S214046740010213D00022A24217DB099B0193089B87
S21404675000930069DDE90623FEF72DFC03B030BD87
S214046760856935F812509D42EFD00132A242F7DB1C
S21404677006A8FAF7A3FD0020F0E7856935F812505D
S2140467809D42F5D00132DEE7C07D00F0010070477F
S21404679010B50C46E2F7BAFA58B100F114032146D4
S2140467A0243053F8042B41F8042B8342F9D10020FB
S2140467B010BD40F20250FBE710B50C46E2F7A6FA0D
S2140467C058B12146143004F1100351F8042B40F854
S2140467D0042B9942F9D1002010BD40F20250FBE789
S2140467E010B50446002002F051FB20B10020E2F769
S2140467F0BFFA2060012010BD37B5044600200D46C0
S214046800E2F7B6FAA0420DD9214601AA002002F00A
S214046810A7FC044618B901A8FFF75DF828602046CF
S21404682003B030BD2124FAE7B1F1807F73B5044686
S2140468300D46164603D32123184602B070BD002029
S214046840E2F796FAA042F6D9294601A8FFF74BF8D4
S21404685001AA2146002002F0EDFC03460028EBD1F5
S214046860002EE9D0214602F059FA0346E4E710B5B3
S2140468700446052002F00AFB28B1052002F0F9FCC4
S21404688040082060012010BD30B585B004460D4692
S214046890DFF75AFE84420ED20223009303AA630053
S2140468A00021052002F01AFC18B9BDF80C305BBABA
S2140468B02B8005B030BD2120FBE730B585B00546FA
S2140468C00C46DFF741FE854210D223040ED4230A79
S2140468D08DF80C300223009303AA6B0000210520D8
S2140468E08DF80D4002F057FC05B030BD2120FBE7C3
S2140468F010B50446082002F0C9FA38B1082002F0A0
S214046900B8FC1123B0FBF3F02060012010BDF0B5F5
S21404691089B005460C461746DAF7F0F9C38A9D4255
S2140469201CD21123009303AA05EB051300210820AB
S21404693002F0D4FB064670B903AD234607AA2C46DC
S21404694003CC944218605960254603F10803F6D137
S2140469509DF81C303B70304609B0F0BD2126FAE79E
S214046960F0B589B005460C461646DAF7C7F9C38A69
S2140469709D4217D203AA04F11007206861681346E3
S21404698003C30834BC421A46F7D11123009303AA62
S21404699005EB0513002108208DF81C6002F0FBFBB4
S2140469A009B0F0BD2120FBE7012002F06FBA73B5F1
S2140469B005460E466A460021012002F0D1FB044635
S2140469C048B99DF8003003F0010333700DF101005F
S2140469D0FEF776FF2860204602B070BD07B501F0CA
S2140469E001018DF8001001460DF10100FEF76BFF62
S2140469F06A460021012002F01DFC03B05DF804FB8A
S214046A00092002F043BA7FB5102205460E466846B2
S214046A10002104F085FD6A460021092002F0A0FB4F
S214046A20044650B99DF8002006B132602DB15200DC
S214046A300DF10101284604F04BFD204604B070BD5C
S214046A407FB54E00731C102B05460C4613D8102237
S214046A500021684604F064FD324629460DF1010023
S214046A608DF8004004F034FD6A460021092002F047
S214046A70E1FB04B070BD1A20FBE710B50446022003
S214046A8002F004FA20B10220E2F772F92060012035
S214046A9010BD2DE9F84F054602200C4690461F46C9
S214046AA0E2F766F9A84240F29D80022002F0E1FB7C
S214046AB00646DAF723F9438905334FEA4309DAF73A
S214046AC01DF9838903EB43034B44B342C0F08C8027
S214046AD0DAF714F94689DAF711F98089053676006B
S214046AE000EB40003044FDF79FFC824600287DD032
S214046AF002462946022002F033FB054668B99AF896
S214046B0008B05A4656000AEB4B0292F80990DAF798
S214046B10F5F842895A4506D21E255046FDF788FCEC
S214046B202846BDE8F88FDAF7E9F882894A45F3D3B0
S214046B3054B3BAF800206282BAF8020020809AF8A9
S214046B400420E17DD20962F30001E175FDF732FD10
S214046B50022804F1020C09D19AF80400614600F0F8
S214046B607F00DFF7ABFF30B10546D6E71022294693
S214046B70604604F0D5FC9AF8052022759AF806209B
S214046B8062759AF80720A275B8F1000F01D0C8F80C
S214046B9000B027B10AF1090100225A4514D30A9B12
S214046BA0C3B90B9BD3B10A36564400224A45B4D225
S214046BB00B9B13B1318823F812100C9B0BB1B178E0
S214046BC0995401320336F1E731F8020B27F8120024
S214046BD00132E2E70A9BC3F80090E2E70C9B002B25
S214046BE0E1D19AE721259BE71D2599E7192597E723
S214046BF02DE9F34707469A4602200023DDF828804D
S214046C0001930D469146E2F7B3F8B8425FD9DAF736
S214046C1075F84489DAF772F880890534640000EB65
S214046C2040002044FDF700FC0446002851D06B8A3F
S214046C3003802B8843802888FDF7BCFC02280CD1EF
S214046C4001A9A81CDFF758FF064640B12046FDF709
S214046C50EFFB304602B0BDE8F0877F230193EA7D60
S214046C60019B43EAC21323712B7D63716B7DA37171
S214046C70AB7DE37184F808904FEA4903514604F16A
S214046C8009020AEB49094945104602F1020212D1EB
S214046C90E2180C9982F809800B9A0A3323440139C6
S214046CA002EB480842450AD122463946022002F041
S214046CB0C1FA0646CAE731F8025B0580E3E732F814
S214046CC0020B188011F8010F98700333EAE72126A7
S214046CD0BFE71926BDE7032002F0D8B82DE9F04F28
S214046CE08BB007460E46154600216A460320DDE9AA
S214046CF014BADDF86080994602F032FA044698BB6E
S214046D009DF8072017B19DF80010397016B19DF84C
S214046D100110317015B19DF802102970B9F1000FF9
S214046D2003D09DF8031089F80010BBF1000F03D0C0
S214046D309DF804308BF80030BAF1000F03D09DF8AC
S214046D4005308AF80030169B1BB116999DF806305C
S214046D500B70179B03B11A60B8F1000F04D05200F1
S214046D6002A9404604F0B4FB20460BB0BDE8F08F01
S214046D702DE9F0438BB08046DDF8549009F1040405
S214046D806400282C0F4616461D4628D820220021CB
S214046D9002A804F0C5FB9DF848308DF804309DF831
S214046DA04C3016998DF80530A4F108029DF8503041
S214046DB08DF8008002A88DF801708DF802608DF8B9
S214046DC003508DF806308DF8079004F081FB6A4670
S214046DD00021032002F02EFA0BB0BDE8F0831A203F
S214046DE0FAE710B50446042002F050F820B1042057
S214046DF0E1F7BEFF2060012010BD2DE9F04F87B0FB
S214046E0004460420DDF840B0DDF84890884617466E
S214046E101E46E1F7ADFFA04230D921466A4604205B
S214046E2002F09EF9044628BB9DF802509DF803A084
S214046E30B8F1000F03D09DF8002088F8002017B1A1
S214046E409DF801203A7006B13560BBF1000F04D0FE
S214046E502A4601A9584604F03BFB119B0BB1C3F824
S214046E6000A0B9F1000F05D0291D524669444846D2
S214046E7004F02EFB204607B0BDE8F08F2124F9E786
S214046E802DE9F04186B01C460D9E331D2344182B75
S214046E9005468846174625D80420E1F769FFA84228
S214046EA022D91422002101A804F03AFB22460C99A8
S214046EB08DF8024001A804348DF800808DF8017026
S214046EC08DF8036004F004FB0E9932460DEB0400C3
S214046ED004F0FEFA6A462946042002F0ABF906B02E
S214046EE0BDE8F0811A20FAE72120F8E708B50C205F
S214046EF001F0CCFF003818BF012008BD10B5D9F743
S214046F00FDFE048AD9F7FAFE018A11F00F014FEA52
S214046F10141418BF012121440123BDE81040902217
S214046F200C2002F0BFB82DE9F04FB5B09022002136
S214046F30814610A804F0F4FA1122002103A804F0F4
S214046F40EFFAD9F7DBFE068AD9F7D8FE038A13F0E0
S214046F500F0318BF012336091E44E2F747FA044616
S214046F60D9F7CCFE038A9C4280F08B804FF0000851
S214046F704546B04515D10024202200210DEB020021
S214046F8004F0CEFA0E2308A88DF82030ADF824506D
S214046F90ADF826600A94D9F78FFE204635B0BDE8D2
S214046FA0F08F10AA41460C2002F0DAF8BDF8403003
S214046FB00446002BE0D00028DED10DF1430704EB95
S214046FC0C40ADFF705FC0AF1D0030DEB030A834677
S214046FD03AF8903CAAF19002002B4CD01AF88E3C5A
S214046FE000F0010103F0010399423FD101460DF17F
S214046FF00E000192FEF767FCBB7839888DF82230C4
S214047000ADF8201008990DF11200FEF76CFC5946F5
S2140470100DF11500FEF757FCB7F803107B798DF8D1
S2140470202230ADF820100DF119000899FEF75BFC2C
S214047030019A1AF8903C527803A843EA0223ADF862
S2140470400C30E2F7D9F908B90135ADB2E2F7CEF95A
S2140470508246D9F753FE038A9A450CD3B9F1000F3A
S21404706001D0A9F8005008F1010882E71122002196
S21404707003A804F055FA0134102C07F109079ED131
S214047080ECE700251A2477E710B59AB00221ADF88C
S214047090081009200321ADF80C10ADF81C000421DB
S2140470A00A20ADF81010ADF8200005210C200122AE
S2140470B0ADF81410ADF8240008210D20ADF8042016
S2140470C0ADF80620ADF80E20ADF81620ADF8181071
S2140470D0ADF81E200F21ADF82800ADF82A20212097
S2140470E00E22FF230024ADF81A10ADF82C20ADF8BC
S2140470F032001022ADF8341011204FF40071ADF8B0
S2140471002E20ADF83820ADF80230ADF80A30ADF8D0
S2140471101230ADF82230ADF82630ADF83030ADF888
S2140471203610ADF83A30ADF83C001223ADF8004006
S214047130ADF83E106946ADF84030ADF84220E7F7AA
S21404714027FA02F007F902F019F902F0E7F802F05C
S214047150EBF802F0EFF802F021F902F056F902F02B
S21404716017F901F00BFD20461AB010BD10B109B195
S214047170FDF79DB9212070478279C37910449B1A84
S214047180027BDBB2D2090CBF03F1FF30181F80B2BA
S214047190704710B5044604B910BD04F10C0045222E
S2140471A0002104F0BDF92468F5E7DA6A8A4203D1BF
S2140471B00022DA62DFF716B9704738B505460020B4
S2140471C0FAF7AFF8044630B181790C310122455400
S2140471D00144FAF756F8204638BD2DE9F04587B045
S2140471E0984602284FF00003CDE901330E9F9DF820
S2140471F040A003930E4615462BD1136004AACDE98E
S2140472000433E6F7BDFF044608BBBAF1000F00D00E
S2140472102EB1049B2B60204607B0BDE8F08505A878
S214047220E5F79EFB064648B1002FF2D105A801F00B
S214047230CFFA04A801F0CCFA3446ECE71FB1049B5D
S2140472402B600490F2E7059B2B600590EEE706465C
S214047250ECE702AB01AAE6F793FF0446B0B9FFB128
S214047260019B0393002301930127039B0BB305AAF9
S21404727007F00101304600F0BFFE044630B9039B18
S2140472802B609DF81430039088F8003001A801F0B4
S2140472909FFA02A801F09CFA03A801F099FABAE74B
S2140472A0029B13B90F9A002ADAD1039300230293A0
S2140472B0DBE740F20254E9E72DE9F04F91B0051EF2
S2140472C088461E9805934FF0000114BF082604262E
S2140472D0BDF86CA0BDF870B007919146FAF796F920
S2140472E0731C834204460CAF58D81D9A0021002A0A
S2140472F04BD1059B1A99002B14BF01230223002DA2
S21404730018BF80250DF122008DF820308DF821500D
S214047310FEF7E9FA4FEA1A23A41B8DF825304146F6
S2140473204FEA1B230DF129008DF827308DF826A08F
S2140473308DF828B0FEF7C7FA23461E99324638461B
S214047340F9F7B2FF079B1E9ACDE90043CDE9026721
S214047350002308A9484601F06BFB044618B93146D9
S2140473601EA8FAF733FA0798FFF713FF07A8F9F7EA
S214047370A5FF08A80D2100F00EFB3846102100F0EA
S2140473800AFB204611B0BDE8F08F10230846FAF732
S21404739082F907900028ACD11A24E4E72124E2E716
S2140473A02DE9F04F8FB01F46BDF8703007930D4699
S2140473B0002311460122CDE90132099300900DF114
S2140473C0210309AA28469DF864B0BDF87480FFF727
S2140473D004FF0446002857D1012D05D19DF821202D
S2140473E09DF868309A425CD14046FDF7E3F80228DF
S2140473F04FF000054FD01E9B099A1899CDF80880C7
S214047400CDE90353079B01931B9B009338465B46C9
S214047410FFF752FF044637E051464846DFF74EFB77
S21404742048BB0DF122015046E4F7E8FC064610BBC3
S214047430BDF8223043451DD11E9B099A1899CDF8F4
S2140474400880CDE903A3079B01931B9B0093384652
S2140474505B46FFF731FF044660B91F9A55462B4634
S21404746003CB51600EA98B4210601D4602F1080240
S214047470F5D10126354609F10109D9F73FFCC38A3F
S2140474804B450CD9002DC7D009A801F0A1F9204618
S2140474900FB0BDE8F08FA9460DF1280AEDE7002DE0
S2140474A0F2D141F20504EFE72DE9F04F8DB0064620
S2140474B0BDF86490099348469DF85830BDF860A01E
S2140474C09DF86CB008930F469046E1F7E3FF78B159
S2140474D04846FDF76FF801280AD116AC54F8100F89
S2140474E0FFF757FE2046F9F7E9FE0DB0BDE8F08F2A
S2140474F0099BC3F10205EDB2DFF760FE50B3022D1F
S21404750028D11A9BCDF818B0CDE90493179B0293A3
S214047510089B019300230093CDF80CA043463A46FB
S21404752031465046E1F7F0FF0028DED11A9ACDF82E
S21404753018B0CDE90492179A0292089ACDF80CA0D6
S214047540CDE9000243463A463146E1F7DDFF00281E
S214047550C3D0CAE70BA92846E6F796FD04460028DA
S214047560BBD10B9BA342B8D921460DF12A0228466B
S214047570E6F7BCFD01340028F3D11A9BBDF82A00B7
S214047580CDF818B0CDE90493179B0293089B01939A
S214047590099B0093CDF80CA043463A463146E1F7E2
S2140475A0B3FF0028DDD0A0E72DE9F0418EB00AAE87
S2140475B086E80300002015461F46DEF7CBFF0DF1D4
S2140475C032018046FEF7ADFA48B11498FFF7E1FDA4
S2140475D014A8F9F773FE02200EB0BDE8F081BDF8DA
S2140475E03200FCF7E7FF01282ED16DB32846FCF7DE
S2140475F0E1FF022828D005F580739BB2F82B23D927
S214047600DFF7E6F80446DFF7FBF808B104B1013CFF
S2140476100DA94046DEF752FF0028DDD19DF8543010
S2140476200593149B0690CDE90353BDF832300293BC
S2140476300D9BCDE90700CDE90043012296E803003F
S2140476403B46E2F77DFCC7E72120C5E72DE9F0417C
S21404765086B0052A074615461C468DF80F102AD80C
S2140476609DF83000FFF7A9FD064630B301220DF160
S2140476700F01F9F706FE04EB45050DF11008AC42C0
S2140476800ED139464046FEF716F90023CDE90063CD
S2140476903A4698E80300FFF787FF06B0BDE8F08196
S2140476A034F8023B02225BBA41463046ADF810304D
S2140476B0F9F7E7FDE3E72120EFE71A20EDE713B536
S2140476C007240094FFF7C2FF02B010BD13B50824C8
S2140476D00094FFF7BBFF02B010BD70B586B0054638
S2140476E0032002938DF80F108DF80E20FFF765FD2A
S2140476F00446002843D0029A1304C2F3074103F455
S2140477007F030B4302F47F4213430293BDF82830F1
S2140477105BBAADF82830BDF8303001225BBA0DF103
S2140477200F01ADF83030F9F7ACFD01220DF10E0172
S2140477302046F9F7A6FD032202A92046F9F7A1FD83
S21404774002220AA92046F9F79CFD01220BA920462D
S214047750F9F797FD04AE02220CA92046F9F791FD2D
S21404776029463046FEF796F80023CDE900434FF647
S214047770FD7296E80300FFF717FF06B070BD1A20E7
S214047780FBE770B586B0044601208DF80F10FFF7AE
S21404779014FD0546D0B19DF80F30003B18BF0123F9
S2140477A001220DF10F0104AE8DF80F30F9F769FDD3
S2140477B021463046FEF77FF80023CDE900532246E3
S2140477C096E80300FFF7F0FE06B070BD1A20FBE74C
S2140477D02DE9F041804686B00A200D4617461C4621
S2140477E0FFF7EBFC0646B8B164BA0322ADF80D40C9
S2140477F003A904AC8DF80C50F9F743FD4146204626
S214047800FEF748F89DF83030CDE900633A4694E830
S21404781003002B46FFF7C8FE06B0BDE8F081F0B5BE
S21404782087B0074605200E46ADF80E20ADF80C309E
S214047830FFF7C3FC044620B3BDF80E305BBAADF8C0
S2140478400E30BDF80C3002225BBA0DF10E01ADF815
S2140478500C30F9F716FD022203A92046F9F711FDAC
S214047860FEF707FA04AD029039462846FEF712F8EA
S2140478700022CDE90042029B95E803003246FFF75A
S21404788093FE07B0F0BD38B50C469442049D1946E5
S21404789006D2121BAA42A8BF2A46204403F018FEAA
S2140478A0601938BD37B50023044601937CB13C2CDF
S2140478B022464FF00001A8BF3C22084695B2D2B239
S2140478C0F9F750FD014601A821B9F9F7F7FC01982C
S2140478D003B030BD641BF9F7A4FEA4B2E6E72DE9B5
S2140478E0F84F002406468A4690469B46A1464445E1
S2140478F001D3BDE8F88FB079F5792D1AEBB20C30C8
S214047900D9451D46304419D209EB03025A4510DB0B
S214047910ABEB090C1FFA8CFCA3EB0C074745A8BF7E
S2140479204746BAB20AEB0401604403F0D1FD3C4476
S214047930A4B2A94436681FFA89F9D8E7A8EB040765
S2140479409F42A8BF1F46BAB20AEB0401EDE72DE931
S214047950F04790B00746BDF860A08846164699469C
S2140479600024A64202DC10B0BDE8F087351B402D8B
S214047970A8BF402509EB04032A4641466846F9F7A2
S21404798093FC0AEB04039BB2AAB269463846FFF797
S214047990A6FF2C44E5E708B1FCF72CBC704710B5ED
S2140479A058B1022910D90023C25C541C23448B42CC
S2140479B00AD832B18B42F7D3012010BDC25C1AB983
S2140479C001338B42FAD3F7E70020F6E708B5DFF772
S2140479D061FF003818BF012008BD70B504460D4687
S2140479E0DFF758FFC28800239A4201D8212006E018
S2140479F0866859017158A14202D12B60002070BDDF
S214047A000133F1E770B5012986B00446154619D14D
S214047A1005A9FFF7E2FFA8B9DFF73CFF059A8368DC
S214047A2003EB42131E696EB19DF8383002930D9B2A
S214047A3001930C9B0093BDF82820BDF82C302946F2
S214047A402046B04706B070BD2DE9F0479146804603
S214047A500C46DFF71FFF4FF6FF739945054602D124
S214047A600020BDE8F0873F2CFAD80121A4F12006B7
S214047A70C4F1200301FA06F621FA03F31E4301FAC1
S214047A8004F40027EB88BB42EAD9AB684FEA471AEE
S214047A9053F80A30434501D00137F3E74046FDF773
S214047AA0F3FC4845F8D1AB685344D3E9022322409B
S214047AB033401343F0D00120D3E72DE9F0419AB0C8
S214047AC00023CDE9123305460F4611938DF83F3057
S214047AD0DFF7E0FE12A906462846FFF77EFF0446B7
S214047AE058BB14A92846FDF73CFD044628BB284687
S214047AF0FDF770FCDEF72EFD10A9FEF712F804461B
S214047B00D8B9BDF84030002B5CD0BDF862000DF14A
S214047B104201E4F7C9F9044678B9B368129A03EB4C
S214047B2042135B692BB113AA0DF13F01284698470F
S214047B301190119840B940F2034411A8F9F7BEFB1E
S214047B4020461AB0BDE8F081F9F760FD0028F2D0AF
S214047B509DF83F40BDF86210BDF84220BDF84030A5
S214047B600D913C43BDF850708DF83F4038460C925A
S214047B700B93FCF71FFD02281398D6F800800D9986
S214047B804FF0000CCDE908C01298B66806EB40101A
S214047B9018BFE646806907909DF864000097CDE913
S214047BA00540119808BF0DF1520ECDE90350DDE9EA
S214047BB00B32CDE901EC0120C04704460028BCD1B5
S214047BC01190BAE72124B8E72DE9F04706460F4698
S214047BD090469946DFF75EFE00250446E388AB42EE
S214047BE001D8212019E0A3684FEA451A53F80A0081
S214047BF0FDF74AFCB84212D1A36853F80A00FDF711
S214047C0041FC40450BD1A36853F80A00FDF7E2FB9C
S214047C10B04204D1C9F800500020BDE8F087013511
S214047C20DCE710B5DFF736FE044658B1806808B1C5
S214047C30FCF7FEFB2046FCF7FBFB0020DFF730FEDC
S214047C40002010BD1120FCE70020E3F781BD2DE9DC
S214047C50F04F85B004460E4617460193FFF7B6FE6E
S214047C6000287AD0DFF716FE05461CB9212005B099
S214047C70BDE8F08F03A92046FFF7AFFE0028F5D035
S214047C80EA88AB889A426AD0B91900263A464FF079
S214047C90010C374691422DD1DFF7FCFD8046204685
S214047CA0FDF798FB00902046FDF7EEFB4FF0000929
S214047CB08346B8F8061089452DD30E9B002B14BFB7
S214047CC0032102212046FDF77BFD0028CFD1EB8857
S214047CD0A9684FEA431C01EB431241F80C40019992
S214047CE011610E99516101330F999161C2E90267DE
S214047CF0EB80BCE712F8010BA0F12003C0F1200EC4
S214047D000CFA03F32CFA0EFE43EA0E030CFA00F008
S214047D1006431F43BEE7D8F808004FEA491A50F84E
S214047D200A00FDF757FB009B834202D009F10109C4
S214047D30BFE7D8F8080050F80A00FDF7A5FB83450E
S214047D40F4D1D8F8080000EB0A01D1E9020130406A
S214047D50394050EA0103E9D088E7112087E71A2062
S214047D6085E730B585B00446FFF730FEA8B1204657
S214047D70FDF730FB05462046FDF786FB01902046BE
S214047D80FDF780FB0199024603AB2846FFF71CFF6C
S214047D90B0FA80F0400905B030BD1120FBE710B5FD
S214047DA00446043000F014FD04F1080000F010FD51
S214047DB004F1100000F00CFD04F1140000F008FDBE
S214047DC04FF6FF73238010BD08B5D8F797FF90F8D9
S214047DD0260008BD2DE9F041054658B3FFF7F4FF29
S214047DE0002607464FF02808B742686806D1FCF715
S214047DF01FFB2846BDE8F041FCF71ABB08FB060447
S214047E0023691BB104F1100000F0E2FC63691BB1A6
S214047E1004F1140000F0DCFCE3691BB104F11C005F
S214047E2000F0D6FC236A1BB104F1200000F0D0FC5D
S214047E300136D9E7BDE8F08108B5D8F75FFF008BB7
S214047E40013008BDFFF7F8BFF0B500248BB0054637
S214047E500E46174621461C2203A8029403F060FB34
S214047E600194C5B1BEB1B7B1204601AA02A9E6F78E
S214047E70E3F8044648B901983B463246294600F0E2
S214047E805BFD044601A800F0A3FC01A800F0A0FCDA
S214047E9020460BB0F0BD2124FAE72DE9F0438BB061
S214047EA01E46002389461546DDE912180193074647
S214047EB088B3B9F11F0F2ED96AB366B359B3B8F1B4
S214047EC0000F28D001AA1846E6F7B6F80446D8B933
S214047ED0019802AB4A46394600F02EFD044601A836
S214047EE000F076FC84B9204601AA02A9E6F7A4F8B5
S214047EF0044648B9019843463246294600F01CFD1C
S214047F00044601A800F064FC01A800F061FC2046C9
S214047F100BB0BDE8F0832124F6E708B5D8F7EEFEEB
S214047F20C088800008BD08B5E3F7F0FC40B10288BD
S214047F304FF6FF739A4201D0FFF731FF002001E0AD
S214047F4040F2025008BD08B5E3F7FEFC20B14FF638
S214047F50FF730380002008BD40F20250FBE708B51B
S214047F60FFF732FF800008BD38B50546E3F7ECFCA2
S214047F7068B94FF6FF70E3F7E7FC044650B1058096
S214047F80E3F7ACFF10B14FF6FF73238038BD40F221
S214047F900150FBE740F20350F8E708B5E3F7D4FCDA
S214047FA018B1BDE80840E3F799BF40F2025008BD97
S214047FB038B50546E3F7AAFC68B94FF6FF70E3F751
S214047FC0A5FC044650B10580E4F738F810B14FF626
S214047FD0FF73238038BD40F20150FBE740F20350A4
S214047FE0F8E708B5E3F792FC18B1BDE80840E4F7F3
S214047FF025B840F2025008BD73B50E461546E3F7A1
S214048000A3FC044618B940F2025002B070BD0088C2
S2140480100DF10601E3F748FF0028F6D1BDF8060087
S2140480200DF10501E3F7F0FF0028EED11EB99DF827
S2140480300530002BE7D0002DE7D03444A3782B700E
S214048040E3E709B1E4F70CBB2120704709B1E4F774
S21404805049BB2120704710B4B0F5805F019C07D25D
S21404806033B101B924B901945DF8044BE4F738B888
S21404807021205DF8044B7047F0B587B0B0F5805FFB
S2140480800C9F05460C461E4602D3212007B0F0BDC1
S214048090B1F5805F0392F8D2002BF6D00DF11701EC
S2140480A02046E3F7B1FF0028F0D19DF81730039A75
S2140480B00BB9002FE9D10097334621462846E3F74B
S2140480C049FFE3E708B51046D1F790F9002008BD4C
S2140480D0F0B585B0074601A81C460D461646F5F7CA
S2140480E07EFD0420C8F7F4FE0122014601A8C8F765
S2140480F0FBFE3946202201A8C8F770FF32462946FF
S21404810001A8C8F7CBFF214601A8C8F7D7FF01A8E6
S214048110F5F769FD002005B0F0BD2DE9F043804673
S214048120ADF54F7D894614461D468BB31846F9F7C0
S2140481306DFA1028074640D802462946002306A8AA
S214048140F9F7B2F806AD2046F9F760FAB0F5C07F45
S214048150064634D80246002321460AA8F9F7A4F8AE
S214048160D79B0593D69B0295CDE9037306F11003BE
S2140481706AAF0193009733460AAA49464046E4F795
S214048180D3FE0546B0B128460DF54F7DBDE8F08315
S2140481901F46D8E7A079E7793F1AFFB20C3041466C
S2140481A020443A4603F094F92468B944B844B145E7
S2140481B0F0D3E8E78146B846F9E71925E3E7212531
S2140481C0E1E72DE9F04FADF54B7DDDE9D456824667
S2140481D08B46144698466EB33046F9F717FA1028BD
S2140481E0074654D802463146002306A8F9F75CF839
S2140481F006AEB5F5C07F4CD843462A4621460AA8A3
S214048200F9F752F8D79B0593D69B0DF5D479CDE9AB
S2140482100373CDE90156CDF800902B460AAA5946B9
S2140482205046E4F7BBFE064678B330460DF54B7D64
S214048230BDE8F08F3746DCE7E379A2799B1A57FA54
S21404824083F343458BBF43462468A8EB070000200E
S2140482501F464745F0D3A844B845E6D9A379E5793F
S214048260ED1AEDB22D1AA8EB0702954203F10C03A2
S214048270A8BF15461844494620442A4603F028F960
S2140482802F442468A9440020E6E70746E1E71926B8
S214048290CBE72126C9E740F20250704721B11AB154
S2140482A0490F1170002070472120704721B11AB180
S2140482B0490811800020704721207047F8B50E4603
S2140482C015461C46069FFCF7B3F83046FCF7B0F894
S2140482D02846FCF7ADF82046FCF7AAF83846BDE871
S2140482E0F840FCF7A5B82DE9F04F440085B0804669
S2140482F02046DDF83C90039117469B46FCF794F81D
S2140483000646A8B1B9F1000F07D02046FCF78CF852
S214048310054618B9044682460DE04D464FEA8804E1
S214048320AFB12046FCF780F8824688B9044602E0DE
S2140483300446824605461927304600950023224601
S2140483405146FFF7BBFF384605B0BDE8F08FBA4686
S2140483502046FCF769F804460028ECD04046FCF7B3
S21404836063F80028E7D0039B1E60B9F1000F02D023
S214048370C9F8005000251FB1C7F800A04FF0000A46
S2140483800E9BCBF800400024186026462746D3E709
S21404839010B508461446E4F75BFF10B104710020DC
S2140483A010BD40F20250FBE738B5450FC0F3007429
S2140483B0C0F34F012846E4F77BFF48B1042D10D8DC
S2140483C0DFE805F003070B0D0D0000EB0410053085
S2140483D038BD00EB04100630FAE70430F8E7013045
S2140483E0F6E70020F4E738B50C46204611461D464D
S2140483F0E4F75EFF70B103782CB1012C08D12B7022
S21404840083886B8002E02B700379AB70002038BD44
S2140484102B70FBE740F20250F9E710B5FFF77DFD3D
S2140484200446FFF79CFD2044043010BD08B50846FA
S214048430E4F726FF30B110220021063003F070F86E
S214048440002008BD40F20250FBE708B50846E4F7F2
S214048450FFFE30B110220021053003F061F8002041
S21404846008BD40F20250FBE71FB504466946408843
S214048470E0F760FC18B9211D6846FEF79DF904B0C4
S21404848010BD1FB5044669464088E0F753FC18B98A
S214048490211D6846FEF77CF904B010BDE0F762BC07
S2140484A010B50846E4F7ECFE88B1841D00F1160307
S2140484B02246194652F8040B41F8040B9A42F9D1A5
S2140484C010220021204603F02BF8002010BD40F2B5
S2140484D00250FBE738B50846E4F7BAFE044688B10E
S2140484E0053004F115020346114653F8045B41F8BF
S2140484F0045B9342F9D11022002103F011F8002006
S214048500207138BD40F20250FBE730B5084685B00E
S2140485101446E4F7B5FE054628B344B100F1160147
S2140485201022204602F0C4FF40B905B030BD102129
S2140485306846FEF71BFE0028F7D16C4605F11603C5
S214048540A91D1A46263552F8040B41F8040BAA4214
S214048550F9D104F1100254F8041B43F8041B9442A6
S214048560F9D10020E1E740F20250DEE77FB5084685
S2140485701446E4F76DFE054678B30379012B0CD157
S21404858074B300F115011022204602F091FF002872
S21404859014BF2120002004B070BD34B910216846F1
S2140485A0FEF7E4FD0028F6D16C4605F115031A46DD
S2140485B0691D05F1250052F8046B41F8046B8242EC
S2140485C0F9D104F1100254F8041B43F8041B944236
S2140485D0F9D101232B710020DDE740F20250DAE7DF
S2140485E02120D8E737B5084615461C46E4F748FE6A
S2140485F060B100EB05100DF107010630E3F71CFB34
S21404860010B99DF80730237003B030BD40F2025015
S214048610FAE738B50020E4F7FDFD054668B14FF4E7
S2140486200040E4F7F7FD58B100244FF6FF7344808A
S2140486306B80E4F7ADFF204638BD40F20250FBE7FE
S2140486400220F9E740F2025070470020704738B520
S21404865008B3450FC0F30074C0F34F012846E4F78F
S21404866027FED0B1032D09D0042D0DD0022D09D13B
S214048670002C40F2025018BF002038BD6CB1437C79
S214048680013343740020F8E73CB190F821300133FD
S21404869080F82130F6E72120EFE740F20250ECE7BD
S2140486A010B500210446E5F78BF838B920464FF498
S2140486B00042BDE810400221E4F720BE022010BDAF
S2140486C01FB501910021E5F77BF850B10023019A0C
S2140486D0039303A94FF40040E5F788F805B05DF866
S2140486E004FB0220FAE708B531B9E4F771FE98B93D
S2140486F0BDE80840E4F7CCBE012903D1BDE8084034
S214048700E4F766BE022906D1C2F30E022AB9BDE812
S2140487100840E4F73DBF212008BD0020FCE72DE912
S214048720F04385B000240394D8F7E8FAC6887200AC
S21404873010460192FBF778FE054600283ED0019AC3
S214048740FF2102F0EDFEFEF75BF958B3204603A9BD
S214048750FEF759F9044650BB039BB34230D8014692
S2140487602846FEF750F9044608BB80464FF6FF79C4
S214048770B04508D3039BB34219D231462846FEF7C8
S2140487805FF9044613E035F818704F4507D0C7F371
S2140487900B00E4F75DFD10B1C7F30137077108F16C
S2140487A00108E5E7E0F776FB04460028E5D028460E
S2140487B0FBF73EFE204605B0BDE8F0831924F6E735
S2140487C01A24F4E7E5F76CB900207047FFF73FBFBB
S2140487D070B5044670B30068F8B1460FC0F3007570
S2140487E0C0F34F013046E4F763FD30B1032E07D0E3
S2140487F0042E13D0022E0ED16DB940F202500CE0B6
S214048800002DFAD0417C0139C9B2417419B910223D
S214048810013002F085FE0020206070BD002DECD0F3
S21404882090F821100139C9B280F821100029F2D13C
S2140488302022EDE72120F0E72DE9F0418EB01C461A
S21404884008460023DDE91565CDE90433179F9046F5
S214048850E4F7FEFCF8B100EB08100DF10F030DF180
S214048860280801932146149ACDF8008006AB0530FB
S214048870E3F734F9044618BB002E33D004A906A83F
S214048880E4F70EFF50B104461AE0049B336000235D
S21404889004936DB910E040F202541FE0002DF4D0AA
S2140488A005A94046E4F7FCFE0028ECD1002EECD1E6
S2140488B0059B2B600023059317B19DF80F303B7082
S2140488C004A8FFF785FF05A8FFF782FF102106A876
S2140488D0FFF761F810214046FFF75DF820460EB01A
S2140488E0BDE8F081002DDBD1E6E71FB50023CDE916
S2140488F00033CDE9023348B142B113468AB2014689
S2140489006846E4F79DFA05B05DF804FB2120FAE713
S21404891013B51446420F042A0191009309D0FFF7B9
S21404892043FD009B0199A2B202B0BDE81040E4F7F3
S21404893087BA212002B010BD1FB5440F042CCDE920
S2140489400221019309D1FFF72FFDDDE901320399D6
S21404895004B0BDE81040FFF7BBBB212004B010BD37
S21404896010B428B121B11AB15DF8044BE4F7AABAE1
S21404897021205DF8044B7047F0B5440F8BB0042CEF
S214048980CDE9042103931FD0FFF70EFD06AD109C1E
S2140489900094DDE9033205990195FFF7BEFB044612
S2140489A058B9119A2E460AAF334603CBBB42106021
S2140489B051601E4602F10802F6D110212846FEF741
S2140489C0EAFF20460BB0F0BD2124FAE7F0B5440FC9
S2140489D08FB0042CCDE90821079327D0FFF7E4FCD9
S2140489E0189C0494179C0394169C0294159C01945A
S2140489F00AAD149C0094DDE9073209990595E4F75D
S214048A0093FA044658B9199A2E460EAF334603CB4A
S214048A10BB42106051601E4602F10802F6D11021D6
S214048A202846FEF7B8FF20460FB0F0BD2124FAE72B
S214048A302DE9FF41440F042CCDE90221DDE90A5655
S214048A40DDE90C7801930DD0FFF7AEFCDDE90132C9
S214048A500399CDE90C78CDE90A5604B0BDE8F04197
S214048A60FFF7AFBB212004B0BDE8F0812DE9FF4736
S214048A70440F042CCDE90221DDE90C56DDE90E781D
S214048A80DDE9109A01930FD0FFF78EFCDDE9013281
S214048A900399CDE9109ACDE90E78CDE90C5604B0C9
S214048AA0BDE8F047E4F77ABA212004B0BDE8F087C1
S214048AB007B5430F042B019107D0FFF775FC019906
S214048AC003B05DF804EBE4F7A7BA212003B05DF821
S214048AD004FBE3F7FBB8E3F717B9E3F74DB90A4627
S214048AE0014610B90AB1E4F713BE2120704710B44A
S214048AF00446084611461A4624B91BB15DF8044BD1
S214048B00E4F706BE21205DF8044B704738B50546E9
S214048B10B0B1006898B190F88140013CE4B280F8A6
S214048B20814054B940222146013002F0F9FC2868FD
S214048B3020222146413002F0F3FC0020286038BD94
S214048B402120FCE760B159B13F2A09D9431C4130C2
S214048B5053F8042B41F8042B8342F9D100207047C4
S214048B6021207047134638B131B12AB14A1C00F1AE
S214048B7041010130E4F7C0BA212070470020704755
S214048B8010B50C46E4F764FB58B16CB100F115015E
S214048B901022204602F08CFC002814BF212000205E
S214048BA010BD40F20250FBE72120F9E70F20704782
S214048BB040F20250704740F20250704713B5144614
S214048BC0019201AB0A4601464FF48020E5F74EFCBD
S214048BD018B9019BA34218BF022002B010BD0A4672
S214048BE001464FF48020E5F72FBC13460A4601469B
S214048BF04FF4C020E5F73ABC0A4601464FF4C020BD
S214048C00E5F722BC4FF48050704773B50024054640
S214048C1001944E1CB54202D1204602B070BD01A993
S214048C20A8B2FFF7E9FF0028F6D1019B002BF3D08A
S214048C301C440135EEE72DE9F3410F46164605467A
S214048C409846FFF7E2FF013704463060BD420AD17A
S214048C5000203368002CA3EB040308BF0020336015
S214048C6002B0BDE8F081FE2C234601AAA8BFFE236D
S214048C704146A8B20193FFF7B8FF0028E9D1019B4B
S214048C80E41A9844E5D00135E0E70F2803D141F40F
S214048C90085080B27047112802D141F41050F8E70A
S214048CA0102802D141F43C50F3E7FF280AD01228DA
S214048CB089B202D141F4F850704741EA002040F4EA
S214048CC08050E6E74FF40050704708B5E5F724FCFB
S214048CD0003818BF012008BD10B50C46E5F71CFC8B
S214048CE038B1426800F11401204602F0F1FB00207E
S214048CF010BD40F21C40FBE738B50546E5F70CFC12
S214048D00044640B1426800F114012846E5F7D0FB5A
S214048D100020A06038BD40F21C40FBE708B5FFF712
S214048D20B4FF0146FFF7D1FF20B1BDE8084008466E
S214048D30FFF7E2BF08BD70B50546E5F7EDFB044650
S214048D4078B119B14268143002F0C2FBA368E26835
S214048D5001339342A36007D32846BDE87040FFF76B
S214048D60CBBF40F21C4070BD0020FCE72DE9F04369
S214048D708DB01C46149E039207468846FFF742FFB2
S214048D80A04250D304F1040900234846CDE9083331
S214048D90CDE90A33CDE9043306938DF81C30D0F7B9
S214048DA081FA0546002839D00399224671B302F0A9
S214048DB08FFB08A8E5F7BCFB3B0A8DF810302B198F
S214048DC00193042300932A46234604A908A88DF891
S214048DD011708DF81280FBF731FD10220446002135
S214048DE008A802F09DFB0D22002104A802F098FBBF
S214048DF044B941463846FFF748FF56B12946FFF7BF
S214048E009AFF04462846D0F76DFA08E002F088FB7D
S214048E10CFE74A462946E5F74BFBF2E719242046F6
S214048E200DB0BDE8F0831D24F9E707B501A9FFF7E7
S214048E30D6FE18B9019803B05DF804FB0020FAE7E3
S214048E40F8B500210746FFF720FFFFF7EEFFC0B195
S214048E50FF213846FFF719FFFFF7E7FF044688B9F6
S214048E60FF26A5196D0829463846FFF70EFFFFF7BB
S214048E70DCFF00280CBF2E462C46731EA342F0D8F7
S214048E80601CF8BDFF20FCE7FFF7DABF08B5002139
S214048E90FFF7FBFEFFF7C9FF003818BF012008BD27
S214048EA008B5E5F739FB00B1406808BD2DE9F04F79
S214048EB08BB002AF9046D7E9126299460023C7E901
S214048EC00433C7E90633C7E90033BB603B7306F1D6
S214048ED00B0323F00703ADEB030D8A464146FFF769
S214048EE0D4FE341D02AD83465AB3FFF7D9FFA04221
S214048EF02CD129465846FFF7EFFE0446E0B907F1A1
S214048F001000E5F715FB4FEA1A233B70AB190193E3
S214048F10042300932A463346394607F1100087F89F
S214048F2001A087F80280FBF7CBFC044620B9324642
S214048F302946484602F0CCFA20462437BD46BDE80A
S214048F40F08F22462946FFF739FED6E740F203445F
S214048F50F2E72DE9F341DDF820800D46CDE900382F
S214048F6016461F4613460A4601460446FFF79EFF6A
S214048F7041F2050398420ED1A4F10F03B3F5F87F2E
S214048F8009D804F11101CDE9007833462A4689B29E
S214048F902046FFF78BFF02B0BDE8F0812DE9F04FC5
S214048FA02DED028B914287B0DDE9124780461646C6
S214048FB01D4659D8A34257D800296ED00BB1A342F8
S214048FC054D1012F0FD88DB20027AE4210D92946AE
S214048FD00097234600224046FFF7C8FE0146B0B974
S214048FE0691C8DB2F1E70434CDB2E4B2AE4201D8C6
S214048FF000210CE029464046FFF747FE0DF1170313
S2140490003A462146E5F7ECFA38B140F21B410846E9
S21404901007B0BDEC028BBDE8F08F691CCDB2E5E766
S2140490200023009351462B463A464046FFF791FFED
S214049030014688B918EE102A0390584602F070FAD2
S21404904003990091234651463A464046FFF78EFE62
S21404905009F101090146D0B138460391D0F742F927
S2140490600399D4E71921D2E70F21D0E79142FBD127
S214049070012FF9D8201DD0F715F907460028F1D09E
S214049080631B08EE103A4FF0000900EB050B1FFABD
S21404909089FA5645C4D80021DEE7002B91D0A342B6
S2140490A0E6D18EE707B5CDE9002300230A46194624
S2140490B0FFF774FF03B05DF804FB08B5FFF7E5FDA2
S2140490C00146FFF702FE20B1BDE808400846FFF758
S2140490D0E7BEBDE808400846FFF7A7BE2DE9F74FF0
S2140490E007468A46FFF7D1FD90461E46FFF7EDFD7C
S2140490F0DDF83090834638BB51463846FFF7DDFF2F
S214049100044618B3042824D909F1040333448342DB
S21404911022D8D0F7C7F8054600B3231F0246CDF879
S21404912000B051463846FFF714FF044630B12846CF
S214049130D0F7D8F8204603B0BDE8F08F4A46A91900
S214049140404602F0C5F9F2E70F24F3E740F21C4468
S214049150F0E740F20344EDE72124EBE71924E9E7BE
S2140491607FB5044603920D46FFF78FFDFFF7ADFD6E
S214049170294606462046FFF7A0FF042808D9031F01
S214049180039A009629462046FFF7E3FE04B070BD16
S21404919040F20340FAE72DE9F04F85B006460F4645
S2140491A0FFF773FD91469846FFF78FFDDDF838A06C
S2140491B0044698BB39463046FFF77FFF834678B3AC
S2140491C0042830D90AF10403434483422ED8D0F746
S2140491D069F8054660B3ABF10403009402463946C9
S2140491E030460393FFF7B5FE039B044630B128468A
S2140491F0D0F778F8204605B0BDE8F08F52464946C9
S21404920005EB0800039302F063F90094039B2A46D7
S21404921039463046FFF7AAFD0446E8E70F24E9E797
S21404922040F21C44E6E740F20344E3E72124E1E786
S2140492301924DFE77FB504460D460392FFF725FDA4
S214049240FFF743FD294606462046FFF736FF50B192
S21404925004280BD9031F039A009629462046FFF7D5
S21404926085FD04B070BD40F21C40FAE740F20340AE
S214049270F7E708B50021FFF720FF043808BD2DE9FD
S214049280F3410E46984604461746FFF7D9FD0546B1
S2140492902046FFF7EEFFB54203460BD8B84209D87E
S2140492A0CDE90078324629462046FFF777FE02B01D
S2140492B0BDE8F0812120FAE738B504460D46AC42F5
S2140492C001D9002038BDA0B2E5F71AF90134F6E753
S2140492D02DE9F04115461E460A1AFE2302FB033307
S2140492E0AB4204460F4617D3FFF7E6FFA7420ED35A
S2140492F0FE2DA846A8BF4FF0FE0842463146A0B24F
S214049300E5F7F0F820B9B5EB0805464402D100208D
S214049310BDE8F0810134E9E72120F9E708B5F32038
S214049320E5F7EEF8002008BD08B5F220E5F7E8F802
S214049330002008BD08B5F120E5F7E2F8002008BDD6
S214049340FC21F920FFF761BC02460B46F920FC21FC
S214049350FFF771BCFC21F920FFF7AEBF02460B46AF
S214049360F920FC21FFF7B4BFF821F520FFF74DBC28
S21404937002460B46F520F821FFF75DBCF821F520E0
S214049380FFF79ABF02460B46F520F821FFF7A0BF69
S21404939008B5F420E5F7B4F8002008BDEF21E02076
S2140493A0FFF78ABF30B585B000230193054640B366
S2140493B0D7F742FC012826D101A9DF20FFF71CFCC1
S2140493C0044618B9019B082B03D02324204605B075
S2140493D030BD01AA02A9DF20FFF707FC04460028D7
S2140493E0F4D19DF80830012BEFD129460DF1090080
S2140493F000F0D8FD05F11C010DF10D0000F004FE8F
S214049400E4E72124E2E70F24E0E7DF20E5F778B875
S21404941037B505460C46F02001A9FFF7EDFB70B9F9
S214049420019B1D2B0DD8227893420AD84BB101AA72
S2140494302946F020FFF7D9FB08B9019B237003B037
S21404944030BD2120FBE710B58AB004AC0190C3F709
S21404945015FF1022CDE90201022106A802F060F8E9
S214049460DDE90201019B84E803000822214606A8E0
S214049470FBF755FA0AB010BD01F00F0110B901F55B
S21404948000507047012801F500500CBF1030203002
S2140494907047704720B1036813B15A79D20700D5D4
S2140494A070471846F6E74B6810B51B683AB114685F
S2140494B02CB1526813604B6800221A6010BD03601A
S2140494C0F9E710B5044604B910BD04F10C004522B2
S2140494D0002102F025F82468F5E7096810B504466B
S2140494E00846FFF7D7FFC4E90010204610BD4FF624
S2140494F0FF739A4212D17F291AD0B1F5404F17D282
S2140495007E29CBB285BFC1F3052161F07F010370CC
S214049510017092BF01204370022070473F2907D88C
S214049520427061F03F01120A017082700320704796
S214049530002070472DE9F04F8FB0CDE90623BDF823
S21404954060909DF86C30089305460E46B9F1000FFE
S2140495501DD01A980DF132020CA9E5F78FFEB0B1B2
S214049560DBF782FBBDF832B04FF6FF739B458246AD
S2140495706DD10DACBDF8300022460221DBF726FD86
S214049580002709900B941FFA8AF39F4208D31A9C6B
S214049590002C60D11AA8F7F791FE0FB0BDE8F08F43
S2140495A03846DBF767FB0446FBF76CFF0A90204659
S2140495B0FBF76AFF584520D00137E4E70B9B0A9A6D
S2140495C033F81830934212D12046DCF7E7FF089BA5
S2140495D005931A9B0493199BCDE90293079B019369
S2140495E0069B00932A4633462146E5F7EBFC08F132
S2140495F00108099B9845E1D1DEE74FF00008F8E73B
S2140496003846DBF737FB0446FBF73EFFBDF832204F
S214049610824218D1BDF830102046FBF7F4FE90B114
S2140496202046DCF7BBFF089B05931A9B0493199B03
S214049630CDE90293079B0193069B00932A46334683
S2140496402146E5F7BFFC01374745D9D39FE70027F6
S2140496501FFA80F8F8E704F10C004522002101F017
S2140496605FFF246894E72DE9F0410446FAF701FF0A
S2140496700646D4F80700D4F80B30301A0F4661EBD0
S2140496800301FAF7F8FE49F63F43984205460BD91C
S2140496900023C4F80330E378C4F807600133E370AA
S2140496A0C4F80B70BDE8F08142F20F739842F2D909
S2140496B004F1030842F21070B5FBF0F5E81CC5F19E
S2140496C004024146204401F011FF2A460021404688
S2140496D001F026FFDFE770B58EB00446002304AE23
S2140496E00846CDE9003604F00101154603AA0393A3
S2140496F0E2F786FD044618BB08223146A81C01F092
S214049700D7FED8B96B788DF81830334603CBD5F826
S2140497100A30CDF81900CDF81D10CDF82130039885
S2140497200AAB0D2206A9FFF7F3F8044630B908225F
S21404973005F10E010AA801F0BBFE08B141F20504CA
S21404974003A8FFF745F830460821FEF724F906A8D3
S2140497500D21FEF720F90AA81021FEF71CF9204671
S2140497600EB070BD10B5DEF7ADF8044638B10D2165
S2140497703830FDF7FBFCFAF77CFEC4E90C01BDE8C3
S2140497801040FAF79CBEF7B506460F46002001A91E
S214049790E4F77AFC044618B90546019BAB4202D8A6
S2140497A0204603B0F0BD29463A463046E6F73AFA74
S2140497B00135F2E7E5F77CBB0A4601460020DCF7F4
S2140497C03DBB30B4DD68013DDD6030BCE6F7CCBCA3
S2140497D0704710B5044604B910BD04F10C004522C8
S2140497E0002101F09DFE2468F5E770B50646FAF7F9
S2140497F040FE04464EF660200D46FAF74CFE24184A
S21404980045EB0101C6E9084170BD38B590F848300B
S2140498100446EBB1054655F8640FFFF7DAFF284611
S214049820F7F74CFD04F1500318220021184601F006
S21404983077FE94F84820013AD2B284F8482002EB26
S214049840420204F16801D200BDE8384001F04EBE81
S21404985038BD2DE9F7430546984610460023894649
S21404986017460193E6F76AFC0646002838D001A896
S214049870E6F708FE0446C0B90198012300F1100279
S214049880437107712C46134605F1100154F8045B26
S21404989043F8045B8C42F9D1F4684B464146A04732
S2140498A0044601982CB1E6F7BBFC204603B0BDE89D
S2140498B0F083FFF79AFFFAF7DCFD054647F23050CF
S2140498C00E46FAF7E8FD019B28184FF0FF3246EBE8
S2140498D001011A63C3E90A011A680A9B1A60E4E7DD
S2140498E02124E2E72DE9F341002380460F4616467D
S2140498F00193E6F723FC054660B301A8E6F7C2FD2C
S2140499000446D0B9019C0223637184F80480DDF711
S2140499108DF8103400F1100350F8042B44F8042B8F
S2140499209842F9D101982B6900F1100239469847FC
S214049930044601982CB1E6F773FC204602B0BDE855
S214049940F0814FF0FF330363FFF74FFF019B1B6863
S2140499503360F2E72124F0E770B5E6F731FC0446FD
S214049960A0B10079E6F7EAFB80B1637983B1FAF730
S21404997080FD05464FF47A700E46FAF78CFD2818DB
S21404998046EB0101C4E90801002070BD2120FCE774
S2140499900220FAE7F8B506460F461546E6F710FC29
S2140499A00446D0B10079E6F7C9FBB0B16379B3B128
S2140499B0052B09D057B9A36813B994F848302BB1CE
S2140499C00423637184F8A050002007E00523637124
S2140499D0036A294630469847F6E72120F8BD022058
S2140499E0FCE737B50190F7F711FE82B2054610463C
S2140499F00092FAF71BFD044678B1DDE90021002346
S214049A00F7F752FCA9B22046E6F71AFE05462046AA
S214049A10FAF70EFD284603B030BD0546FAE72DE9F1
S214049A20F843804608460E46F7F7F0FD814685B2B1
S214049A3016B92120BDE8F883002DFAD04046E6F793
S214049A40BFFB04460028F4D04379032B43D190F897
S214049A504870032F41D00079E6F770FB42881FFA5E
S214049A6089F9D31E4B4534DC0435AD1A531EADB20A
S214049A7015FA83F599B2013D95FBF1F50135EDB282
S214049A80436940469847182303FB07474FF00008EE
S214049A9087F8500094F8481003FB014201FB033397
S214049AA023444FF00009C2E916894A1C002183F8B2
S214049AB04850A3F84A10DE64D3B2012B84F8483029
S214049AC002D12046E6F722FE2046FFF78EFE00204F
S214049AD0B0E70125D4E70220ACE71A20AAE7F0B5E0
S214049AE0B7B000788DF844000868CDF8450048689B
S214049AF0CDF849000889ADF84D00897A10681279C6
S214049B008DF84F10002414908DF854200DF1550153
S214049B10402218460094419EFFF714F811AD0446FF
S214049B20002837D13C9840220DF19501FFF70AF83A
S214049B30044678BB09AA91212846FEF785F904460F
S214049B4040BB3F993D986B4609AAFEF7C4FF0446FE
S214049B5000BB3E9B01AA03F1200C174618685968FF
S214049B60144603C4083363452246F7D1409B009845
S214049B7020223946FEF7E0FE044658B956B109AA33
S214049B803346164603CEAE4218605960324603F199
S214049B900803F6D16846FEF71BFE204637B0F0BD34
S214049BA0F0B5B3B000788DF834000868CDF8350009
S214049BB04868CDF839000889ADF83D00897A106800
S214049BC012798DF83F10002410908DF844200DF182
S214049BD045014022184600943D9DFEF7B3FF044617
S214049BE0002843D1389840220DF18501FEF7AAFFDC
S214049BF0044600283AD101AA91210DA8FEF775FE65
S214049C00044698BB39986A4601A9FEF762FF0446E3
S214049C1060BB3A9B05AE344603F1100718685968D2
S214049C20224603C20833BB421446F7D13B9B09AC19
S214049C3003F1100718685968224603C20833BB426A
S214049C401446F7D13C9B009820223146FEF760FE6E
S214049C50044658B955B101AF2B463A4603CAB24238
S214049C6018605960174603F10803F6D1102101A8BD
S214049C70FDF791FE6846FEF7ABFD204633B0F0BD17
S214049C8070B58AB006461D4608460023114606AA45
S214049C900193FEF72AFE044630BB02AB01AA06A9CE
S214049CA03046FEF71AFF0446F0B9019B2B600E9B64
S214049CB0019002AA04AE154603CDB5421860596059
S214049CC02A4603F10803F6D1286818602A791A711F
S214049CD00F9A06AD0AAE2B4603CBB3421060516012
S214049CE01D4602F10802F6D106A81021FDF753FE20
S214049CF00D2102A8FDF74FFE01A8FEF769FD2046D8
S214049D000AB070BD00B54BB2002B93B008DD092332
S214049D108DF80510022201A98DF80430E6F7F6FF47
S214049D20002013B05DF804FB2DE9F04192F80080A2
S214049D30B8F1010FDDE90667DDE908C4DDE90AE5E7
S214049D4007D1103510340B950994BDE8F041FFF7A0
S214049D50C6BECDE90AE5CDE908C4CDE90667BDE887
S214049D60F041FFF71DBF2DE9F04114788EB0012CA9
S214049D7006AD4FF00004DDE9147CDDE916E8189E14
S214049D800594049513D108F11005CDE902E5CDE953
S214049D90007CFFF7A4FEA8B92022314606A801F0ED
S214049DA087FBB0FA80F040090EB0BDE8F081CDE93B
S214049DB002E8CDE9007CFFF7F3FE18B9102231461D
S214049DC02846ECE72046EFE72DE9F0419AB0012853
S214049DD09C46239FDDE921360D460DF1080802F165
S214049DE010042DD1303220686168C646AEE8030000
S214049DF008349442F046F6D1624602F1200E0DF184
S214049E00280C10685168644603C408327245A44698
S214049E10F7D1209A0DF1480C02F1200E1068516813
S214049E20644603C408327245A446F7D1CDE90067F8
S214049E30602202A92846FFF723FF1AB0BDE8F08186
S214049E4010685168C646AEE803000832A242F046DF
S214049E50F6D1624602F1100E0DF1180C1068516826
S214049E60644603C408327245A446F7D1209A0DF11D
S214049E70280C02F1100E10685168644603C40832B8
S214049E807245A446F7D1CDE900673022D1E7012810
S214049E9004D0002814BF00201020704720207047EC
S214049EA001280CBF2020102070470346012B0846CB
S214049EB00CBF20211021FDF759B910B40446012C1B
S214049EC008465DF8044B114614BF10222022F7F70B
S214049ED0EBB910B592B0062301298DF804300DF1C4
S214049EE005030DD102F1200152F8044B43F8044B4C
S214049EF08A42F9D1212201A9E6F708FF12B010BD63
S214049F0002F1100152F8044B43F8044B8A42F9D18B
S214049F101122F0E701280CBF20201020704710B54E
S214049F2092B0052301298DF804300ED16B4402F15A
S214049F30200152F8044B43F8044B8A42F9D12122FB
S214049F4001A9E6F7E3FE12B010BD0DF1050302F118
S214049F50100152F8044B43F8044B8A42F9D11122FB
S214049F60EEE710B40446012C08465DF8044B11468F
S214049F7014BF10222022F7F797B9012810B40C4614
S214049F8011460CD104F11000202221B15DF8044BD7
S214049F90194401F09DBA5DF8044B01F0C1BA20469D
S214049FA01022F2E770B369B3037803F00F030133AA
S214049FB003EB83035B000B6003781B094B60437859
S214049FC003F00F038B6043781B09013303EB830311
S214049FD003EB8303CB60837803F00F03013303EBB7
S214049FE0830303EB83030B6183781B094B61C378FC
S214049FF003F00F03013303EB830303EB83038B614B
S21404A0000020704721207047E0B1D9B1037803F0EF
S21404A0101F030B6003785B094B60437803F00F0261
S21404A02041F2883302FB03338B6043781B09013308
S21404A03003EB83035B00CB60837803F003030B61BD
S21404A040002070472120704773B5064608460191E4
S21404A050F7F7DCFA0090FAF7E9F90546C0B1DDE94E
S21404A06000210023F7F720F9009A2B4600213046FA
S21404A070EFF792FF044628B9024604213046EFF76C
S21404A080A1FF04462846FAF7D3F9204602B070BD6D
S21404A0901A24FAE7F8B50E460121044617461D466B
S21404A0A0EFF764FF68B901463B4632462046EFF7B1
S21404A0B073FF30B92A4620460421BDE8F840EFF77E
S21404A0C081BFF8BDEFF73CBF4369406CDA1C143817
S21404A0D0B2FBF0F203EBC203CA1DB2FBF0F201328C
S21404A0E001EBC2010333B3FBF0F3023300FB0310AE
S21404A0F0704738B5446905462146FFF7E5FF6B6CA3
S21404A100E11D143BB1FBF3F1013104EBC10420441F
S21404A11038BDF7B507460E4600257C6CA819644280
S21404A12080EA06031C4003D02C46204603B0F0BD4C
S21404A130FB6B01225B6901A99847019B0133F4D1AB
S21404A1400435EAE713B504460191C1F7B9FAE36B9F
S21404A1500198DB6802B0BDE81040184770B50025CA
S21404A16086B004460562E369AB4202D8206A06B0AC
S21404A17070BD666C2068E36B05225B6901A906FB6B
S21404A1800500984701A800F0D9FB00F0FCFB10B1CD
S21404A190236A013323620135E5E738B50446456C86
S21404A1A0006804F1400305FB0101E06B00F0F8FBD6
S21404A1B005462046FFF7D2FF284638BDF0B50546CB
S21404A1C087B00026EC69013CB44203D80C4620460E
S21404A1D007B0F0BD01B14C1E6F6C2868EB6B05220E
S21404A1E05B6901A907FB0400984701A800F0A6FBD9
S21404A1F000F0C9FB0028EAD101362146E2E7F0B5B3
S21404A2000446466CE36B00685B6987B00D4605221E
S21404A21001A906FB0500984701A800F08FFB00F093
S21404A220B2FB20B101A800F060FB07B0F0BD2946E0
S21404A2302046FFF7C3FF676CE36B064620685B693E
S21404A240052201A907FB0600984701A800F04DFB6C
S21404A250431CEAD0B54238BF0130E6E72DE9F043A7
S21404A260D0F824804FF6FF7987B004460E46C845DA
S21404A27014BF454600250027E369BB4202D807B051
S21404A280BDE8F083E26B2368606CD2F814C001A9C1
S21404A290052200FB0530E04701A800F04FFB02282A
S21404A2A006D0C8450CD1721C29462046FFF775FF18
S21404A2B0E36901350137B5FBF3F203FB1255DBE71F
S21404A2C029462046FFF79BFFB0F1FF3F14BF024626
S21404A2D032460132E8E7F0B5046887B00646002542
S21404A2E0091B446CB1FBF4F4F3693768706C5A1EAE
S21404A2F0954208D3706C336800FB043007B0BDE8A1
S21404A300F04000F04BBB0134B4FBF3F103FB114403
S21404A310F36B05225B6901A900FB0470984701A84A
S21404A32000F00CFB00F02FFB0028E3D10135DBE73F
S21404A33010B423F0030422449B070A44436C18BF5A
S21404A34004325B4281EA0204234203D05DF8044BE4
S21404A350FFF7C1BF10465DF8044B70472DE9F04186
S21404A360D0E90A369E4286B0044608D1C3694568D9
S21404A370142202FB1355284606B0BDE8F0810025DA
S21404A3802068676CE26B331AD2F81480B3FBF7F3D9
S21404A390052201A907FB0300C04701A800F0CEFA76
S21404A3A0012804D0636C1D44013B3340ED1A31464A
S21404A3B02046FFF790FFA36A83420646E0D1DAE719
S21404A3C0F0B5002587B004462E46E369B34202D8AA
S21404A3D0284607B0F0BD636C276803FB0677E36B7B
S21404A3E005225B6901A93846984701A800F0A6FA39
S21404A3F000F0C9FA58B1384600F0D0FA01462046B3
S21404A400FFF787FE636C143B834208BF01350136B1
S21404A410DBE708B508301346D1E90012E7F7A8FED3
S21404A420012008BD13B50C4600212176009361680F
S21404A43013462246E6F7FCFC18B1E37D03B1A07E82
S21404A440A075A07D02B010BD73B500F108051646D0
S21404A4500C460DF107020968284600F06BF9032E36
S21404A46006D16368834203D12168284600F04AF97E
S21404A470012002B070BD10B5032A029C07D1A26A5F
S21404A4805340626C5242134201D100F03BF9012062
S21404A49010BD08B5C36800209847BDE80840C1F75A
S21404A4A017B970B5002401281C700CBF02200420C4
S21404A4B0CC7D4243101D02F002024CB91AB10122AF
S21404A4C020F003001A7000F108034868184470BDB1
S21404A4D01AB1012220F003001A700D7E002301F148
S21404A4E02006DAB2AA4201D30020F0E736F8334059
S21404A4F084421A4603F1010305D901EBC20100F1B7
S21404A5000803C869E2E7001BEBE737B504461D46B7
S21404A51090F842000DF10303FFF7C3FF94F84220BE
S21404A520E36B012A5B690CD101A998479DF80330B7
S21404A53013B1BDF806300193BDF804302B6003B0A8
S21404A54030BD012229469847F9E770B5054686B01E
S21404A5504868EB6B00240E465B690294012202A94C
S21404A5600830984795F84230012B00F08C80312C47
S21404A5704BD9029806B070BD05AB22463146284634
S21404A580FFF7C3FF9DF81430002B40F0828095F847
S21404A5904230012B43D1612C2ED803AB22463146E0
S21404A5A02846FFF7B2FF04AB621C31462846FFF785
S21404A5B0ACFF05ABA21C31462846FFF7A6FF1022C7
S21404A5C008230DEB02010DF107008DF8073000F0AB
S21404A5D03CF9102205A90DF1070000F036F9039B9B
S21404A5E0DAB24AB99DF80720B2EB132F04D1DDE99D
S21404A5F0043203EB0243029395F84230012B0CBF5E
S21404A600022301231C440134ACE742D005AB2246A6
S21404A61031462846FFF779FFBDF81430B4E7302CEE
S21404A620EAD803AB224631462846FFF76EFF04AB52
S21404A630621C31462846FFF768FF102320220DEBE4
S21404A64003010DF107008DF8073000F0FEF8039BB8
S21404A6509AB2002AD0D19DF80720B2EB134FCBD183
S21404A660049BC8E70133CED0102205A90DEB0200E7
S21404A67000F0EBF8059B9DF81010C3F307429142D7
S21404A680C1D19BB224E0632C3FF673AF612C7FF6F6
S21404A69073AF00238DF81030224605AB31462846AA
S21404A6A0FFF733FF95F84230012B059BDAD14FF6BE
S21404A6B0FF729342A7D0082205A904A800F0C5F8A3
S21404A6C0059B9DF81010C3F3072291429BD1DBB281
S21404A6D0029A1344029396E730B5446800234FF079
S21404A6E0FF329C4202D10023037230BD016801EBA5
S21404A6F0C30541F833206A600133F2E7C0E900126B
S21404A700FFF7EABF30B5456800239D420FD00268C4
S21404A71002EBC30452F83320B2F1FF3F08D0C2F371
S21404A7201302914204D14FF0FF33C4E9003330BD25
S21404A7300133EAE7F0B5456800239D4202D14FF0A5
S21404A740FF300FE0046854F83340671C4FEAC30632
S21404A75009D0C4F31307B94205D1240D1470036855
S21404A76033445868F0BD0133E7E713B504460023C5
S21404A77001461B220DF107008DF8073000F065F83E
S21404A78022689DF80730B3EBD26F0CBF012000207F
S21404A79002B010BD13B500230446014620220DF175
S21404A7A007008DF8073000F050F80DF107001A2264
S21404A7B0211D00F04AF862689DF80730B3EB926FEB
S21404A7C00CBF0120002002B010BD0068431C584294
S21404A7D058417047006810F07E0F0CBFC0F3C1608C
S21404A7E0002070470068C0F3D3107047006800F07C
S21404A7F07F0001288CBF002001207047036813F0F7
S21404A8007E0F0CBF082004207047036813F07E0FE9
S21404A81003D1406820F07C40704713F078001CBFDA
S21404A82003F07F03D81F7047006800F07F0070476E
S21404A830032809D0022803D1002918BF0120704735
S21404A840002914BF0020072070471F2A0B689EBFEC
S21404A8504FF0FF3191408B43590801F055315B1A94
S21404A86003F033319B0803F033330B44017803EBD6
S21404A87013130A4403F00F334FF001314B43A2EB9A
S21404A88013630370704737B501F10C04436905463A
S21404A8906946012220469847BDF8003001930122FC
S21404A8A0AB6901A92046984703B030BD37B501F11E
S21404A8B00C04436901226946054620469847009BD6
S21404A8C04FF6FF7299B291420DD11B0C1B0443F450
S21404A8D0254343F0A50301930122AB6901A9204651
S21404A8E0984703B030BD0020FBE737B504461B226B
S21404A8F0011D00250DF107008DF80750FFF7A5FF91
S21404A90060689DF80720B2EBD06F03D120F0784042
S21404A91003B030BD0DF107001B2204F108018DF8C9
S21404A9200750FFF792FFA0689DF80730B3EBD06F8F
S21404A93001D1C043EAE74FF0FF30E9E703684BF282
S21404A9409A22B2EB134F10B5044613D19BB2012BD7
S21404A95013D1FFF7CAFF01300CD0E0684FF6FF7240
S21404A960B2EB104F4FEA104309D180B2C01A18BF99
S21404A970012010BD2368013303D00420F9E7022028
S21404A980F7E70320F5E701288CBF00200120704775
S21404A990033801288CBF002001207047143070470C
S21404A9A030B585B00469019105460846CDE9023202
S21404A9B0A0470199044638B9DDE902322846E7F78C
S21404A9C0B5FC0199044610B12846FFF75CFF204603
S21404A9D005B030BD02207047002070470120704744
S21404A9E00020704700207047704737B5044601A81A
S21404A9F00D46EDF759F801A8FFF7F6FF01A9204622
S21404AA008DF80650E7F78CFD03B030BD08461146B6
S21404AA10E7F768BE7047431E012B03D9031F58424D
S21404AA20584170470120704700F080BA4FF4A47272
S21404AA30002100F075BD10B50021044600F072F840
S21404AA402046BDE81040ECF76FBFECF7C1BBECF74F
S21404AA50C5BBF8B50D460646E7F704FEEF680022C8
S21404AA604FF6FF734FF0240CD0B2874208D81C462A
S21404AA7021463046E7F7F0FF00F05BFA2046F8BDC3
S21404AA80A9680CFB0011CC899C4202D2002CEFD0A2
S21404AA9023460132E8E7E7F7DFBF008B70470A7802
S21404AAA038B505461046FFF7B6FF60B14C78204629
S21404AAB0FFF7B1FF38B12243530704D42846BDE854
S21404AAC03840ECF7ABBB012038BDFFF7E8BF10B544
S21404AAD004460878FFF79FFF58B14A781046FFF7F8
S21404AAE09AFF30B1042A04D02046BDE81040ECF7A3
S21404AAF0CDBB012010BDFFF7EABFECF7D9B8ECF7E1
S21404AB006BBA37B504460D460192E7F7A5FF38B988
S21404AB10019A2946204603B0BDE83040EBF75EB8FC
S21404AB2003B030BDEDF796B937B50C460192EFF792
S21404AB308FFD019905462046EAF74CFC0446284654
S21404AB40EFF78AFD204603B030BD13B50446002057
S21404AB50019100F0ECF9D4F8A03033B901992046FD
S21404AB6002B0BDE8104000F0F2BA022002B010BDF8
S21404AB7038B5044648880D4600F0D9F9D4F8A03014
S21404AB802BB929462046BDE83840ECF7B5BB022071
S21404AB9038BD00F0CDB900F00EBBE9F7F9B938B509
S21404ABA005460C46EFF754FD296BEB6A0C4023432D
S21404ABB0EB62EFF751FD00200CB9002138BD4FF4CD
S21404ABC00071FBE7ECF77EBEECF77EB900F02BBB1A
S21404ABD000F04BBB08461146E8F76ABDECF7A4BC88
S21404ABE000F0FDBA38B50446154609B100F05CFB22
S21404ABF025B12046BDE83840ECF78CBD38BD084684
S21404AC00E9F738BD10B5044600F08BF820B92046A5
S21404AC10BDE81040E8F75AB810BD00F0C6B9E9F729
S21404AC208FBC70B586B01E46CDE904210446EFF706
S21404AC3016FD05462046FFF7E5FF0A9B0293002310
S21404AC40CDE90063DDE904212046E8F78DF80446E3
S21404AC502846EFF70AFD204606B070BD38B5044610
S21404AC60EFF7FDFC05462046FFF7CCFF2046E8F745
S21404AC7059F804462846EFF7F8FCB4FA84F040097D
S21404AC8038BD38B50446EFF7EAFC05462046FFF71C
S21404AC90B9FF204600F054F804462846EFF7E5FCD2
S21404ACA0204638BD38B50446EFF7D9FC054620469D
S21404ACB0FFF7A8FF204600F049F804462846EFF7B9
S21404ACC0D4FC204638BD37B504460191EFF7C7FCDF
S21404ACD005462046FFF796FF01992046E8F790F8C8
S21404ACE004462846EFF7C1FC204603B030BD07B53E
S21404ACF00B460DF10700114600228DF8073000F0D0
S21404AD00D9F803B05DF804FB084611461A4600F06D
S21404AD10D1B8012070470120704700F087BB00209F
S21404AD207047E7F709BF10B5EFF799FC044600F043
S21404AD3015F8E7F727FF2046BDE81040EFF795BC67
S21404AD4008B50246E7F7F8FE507D08BD08B502468A
S21404AD50E7F7F2FE507D80F0010008BD00F025B94B
S21404AD60ECF7C0B900F0D3B9837C03B108470220DE
S21404AD70704710B5044600F020FB20460321BDE8CA
S21404AD801040EBF7EFBFFFF7F4BF837C0BB1EDF792
S21404AD904FB902207047837C0BB100F00CBB022035
S21404ADA0704713B5827C0C46C2B1053A012A8CBFA3
S21404ADB0002201224968019200F008FB206890FAFC
S21404ADC0A0F0000AE9F7EEFEA17A2089019A81F044
S21404ADD00101EDF751F9002002B010BD0220FBE797
S21404ADE01FB5CDE90112ADF80C3001A99DF8183055
S21404ADF08DF80E30FFF7D5FF05B05DF804FB002094
S21404AE007047002070472DE9F74F05681C4605F08B
S21404AE1007059DF830300193AB1D01259D4006467D
S21404AE20174605F1FF380B46A1B1416804EA080B42
S21404AE30A5EB0B0A41F00059524509EB0B0113D957
S21404AE405246184600F044FB7A1B5A44494650447E
S21404AE5000F03EFB019B23B13C4448EA05052C4028
S21404AE60F46003B0BDE8F08F1846F1E737B5002567
S21404AE7000951446FFF7C7FF204603B030BD0268AE
S21404AE8002F00702063201239340026AC2F30C0260
S21404AE908A4210B584BF4468C26803F1FF339BB28C
S21404AEA083BF891844F000500B404FF0FF3088BF32
S21404AEB0C05C10BDF8B50F461646054610B900240A
S21404AEC02046F8BD0078E8F7CFFC044660B11FB111
S21404AED02878E8F771FD38700EB90124F0E7287871
S21404AEE0E8F77EFD3070EBE72B78032BE7D10FB144
S21404AEF0FF233B70002EF0D0FF233370EDE710B530
S21404AF00044608680A46E8F789FCD4F890304BB142
S21404AF105B693BB11168013104BF6FF00101116038
S21404AF2012681A60002010BDECF766BF70477047C1
S21404AF307047704738B50D460446E9F705FDAC4042
S21404AF4042F2107364095C436423B0FBF3F0B4FB71
S21404AF50F0F038BD30B51F23B0FBF3F35C1CE5B24C
S21404AF60C3EB43134FF0FF34AC40C01AE443013044
S21404AF70E4B2C0B21460086030BD70B505460E4633
S21404AF80C0B201F00F01FFF7D5FFC6F30311044664
S21404AF90C5F30720FFF7CEFFC6F303210444C5F329
S21404AFA00740FFF7C7FF204470BD08B5E9F756FA17
S21404AFB0BDE80840E9F790BA10B50446E9F74EFA3A
S21404AFC0844288BF01F1FF31204601F00301BDE849
S21404AFD01040E9F781BA38B50446FFF7E6FF0546A0
S21404AFE0FFF7E3FF431BA342FAD338BD00207047A4
S21404AFF008B5E9F7EFFB002008BD00F03003202B6E
S21404B00010B513D110F4E02FC0F302431CBFC0F3F5
S21404B010C422B2FBF3F310F4C01F18BF5B00052B69
S21404B0200DD85C08E9F740FD604310BDC0F38213F9
S21404B030012B06D0042B14BF01240224F2E70424B7
S21404B040F0E70224EEE770B505460C4651B10B68EE
S21404B05043B15B6833B11A68032A03D99C6A640E49
S21404B060204670BDEFF7F4FAD5F89060C5F8904026
S21404B07001462846E9F7E2FEC5F89060044608460D
S21404B080EFF7EAFAECE738B14FF47A735843A0F6D0
S21404B090AC53581AEAF714B84CF25030FAE7EBF708
S21404B0A06BB8EBF769B8EBF767B8EBF765B8EBF78F
S21404B0B063B87047406B00F0600040280ED06028EC
S21404B0C004D0A0F1200358425841704749B10B6898
S21404B0D0012B06D9486940F00100704740F2011080
S21404B0E070470020704788B10368022B0BD9426A68
S21404B0F012F47F4FC2F3072307D0006AD2B250433C
S21404B100B0FBF3F0704700207047184670470220E3
S21404B110E9F78EB9D0F894304BB11A68022A06D9EA
S21404B12093F8250028B11B6AB3FBF0F07047FFF7CD
S21404B1308CBC704708B50146D0F89400FFF7D3FFDF
S21404B14020B9BDE808400846FFF781BC08BD10B525
S21404B15090F8D030032B04462BD04175D0F89000DD
S21404B16020B3D4F8A0304BB994F8D9308B420BD323
S21404B17020460022BDE81040ECF70CB9B4F92420B0
S21404B180B0F912309A42F3DD94F8D9100022204622
S21404B190ECF700F960B9C4F890002046FFF77DFC90
S21404B1A001462046BDE81040E7F756BCFF23A375CA
S21404B1B010BD0220FCE70346D0F8D0000860B3F8C0
S21404B1C0D4308B800020704790F8D030032B14BF07
S21404B1D0807DFF2070474FF48071EBF719BC70B583
S21404B1E00D460646ECF700F80446B07C0538012800
S21404B1F021468CBF00200120EAF7B0F80223AB7189
S21404B2007CB1B0F5803F0CD863094FF2244202FBB0
S21404B21000302409B0FBF4F42868041B2C600020DA
S21404B22070BD1846FCE73F2B084610B511461AD9E0
S21404B230B3FA83F4C4F11903DBB2062B01D8192C34
S21404B2400FD0062B28BF06231A46941DE3B201240A
S21404B2509C40A4B2A14228BF2146E8F73FF8204606
S21404B26010BD0022F1E70024F9E710B514883F2C3E
S21404B270084617D9B4FA84F4C4F11903DBB2062BD2
S21404B28001D8192C0CD0062B28BF062319468B1D73
S21404B290DCB20123A3401380E8F73CF8002010BD7D
S21404B2A00021F4E70120FAE7EBF7CCBB10B508461B
S21404B2B014460121E9F756FB20460121E9F752FB23
S21404B2C0002010BD37B50446CDE90021EFF7C0F9DC
S21404B2D0DDE900210546204600F0B2F8044628467B
S21404B2E0EFF7BAF9204603B030BD022070470320BA
S21404B2F07047E9F795B8007CC0F38000704710B536
S21404B300ECF748FC044608B9EAF75AFC204610BD98
S21404B31038B504461D46ECF73DFC28B929462046B8
S21404B320BDE83840EAF738BD38BD38B50546C175BE
S21404B330144642B100F07FF820B16B7C43F0010361
S21404B3406B74002038BD0846E8F728FEFF28E87529
S21404B3500AD0284600F06FF80028F3D06B7C64F31C
S21404B36000036B742046EDE7E8F76EFE0120E9E77C
S21404B37070478021EBF74CBB38B50546EBF70EFD5E
S21404B38004462846EBF7E6FC072811D1D5F890309A
S21404B39024F47F41DC6921F0480104B1647841EA71
S21404B3A0042141F020012846BDE83840EBF7FCBCF8
S21404B3B024F02001F7E70320704710B50446ECF7A5
S21404B3C021FE2046BDE81040ECF7D8BDD0F8E030AA
S21404B3D08B4270B504460D46164603D190F8DC3011
S21404B3E0202B1AD0EA071FD5002E0CBF5523AA23FC
S21404B3F093FAA3F0000B00F4702095FAA5F240EA45
S21404B40012432364202384F8DC300023C4F8E0507D
S21404B410C4F8E4302046ECF769F83246294620465C
S21404B420BDE87040ECF784BDAA23E1E7012070472D
S21404B4300020002170474021EBF7EABA002070474D
S21404B440F0B585B005460F4602A81146ECF74CFF4A
S21404B4500646A0B19FB1DDE902311B0A43EA016347
S21404B460A5FB0343090A05FB01310191E9F76CFAD0
S21404B4700199024600232046EDF774FA38603046F8
S21404B48005B0F0BD00228A4202D14FF0FF3070476B
S21404B49050F8223093FAA3F30BB90132F3E7B3FA68
S21404B4A083F000EB421070470028B8BF4042704754
S21404B4B010B501390244904201D1002005E003781A
S21404B4C011F8014FA34201D0181B10BD0130F2E75A
S21404B4D00A44914200F1FF3300D1704710B511F8C9
S21404B4E0014B03F8014F9142F9D110BD884210B5C3
S21404B4F001EB020402D98442234607D8431EA14224
S21404B50008D011F8012B03F8012FF8E7024401468E
S21404B5108A4200D110BD13F8014D02F8014DF7E739
S21404B52002440346934200D1704703F8011BF9E72F
S21404B53037B5A1FB02244CB911460192EDF750FC35
S21404B540019A054630B9284603B030BD0C22026085
S21404B5500025F8E72146FFF7E3FFF4E710B50246B7
S21404B560147813460132002CFAD1013B11F8012B52
S21404B57003F8012F002AF9D110BD034611F8012B58
S21404B58003F8012B002AF9D17047034613F8012B60
S21404B590002AFBD1181A0138704770B568224D1E70
S21404B5A055430E4605F17401EDF71AFC044640B106
S21404B5B00021C0E900160C30A06005F16802FFF710
S21404B5C0AFFF204670BD2DE9F8430646884600F1D5
S21404B5D048040027D4E90195B9F1010905D5246882
S21404B5E0002CF7D13846BDE8F883AB89012B07D980
S21404B5F0B5F90E30013303D029463046C047074319
S21404B6006835E9E770477047704770B50E46B1F97C
S21404B6100E10002996B014461D4608DAB6F90C300A
S21404B62000222A601A0610D44FF480630EE06A469D
S21404B630EEF77AFB0028F1DB019A02F47042A2F5D9
S21404B64000535A425A412A60EEE740230020236002
S21404B65016B070BD2DE9F041804614460E4621B959
S21404B660BDE8F0411146EDF7BBBB2AB9EDF74CFB3C
S21404B67025462846BDE8F08100F04FF98442074687
S21404B68002D8B4EB500F12D821464046EDF7A8FB7B
S21404B69005460028EDD0BC422246314628BF3A462D
S21404B6A0FFF716FF31464046EDF72EFBE1E7354639
S21404B6B0DFE72DE9F0478E689E4282460C469046A8
S21404B6C01F4638D88A8912F4906F32D025680969E3
S21404B6D0A5EB0109656905EB450505EBD575013351
S21404B6E04B446D109D4238BF1D46530531D529463F
S21404B6F0EDF776FB064650B90C23CAF80030A3894A
S21404B70043F04003A3814FF0FF30BDE8F087216982
S21404B7104A46FFF7DDFEA38923F4906343F08003D3
S21404B720A381266165614E44A5EB09052660A560E4
S21404B7303E46BE4200D93E46206832464146FFF7A2
S21404B740D5FEA3689B1BA3602368334423600020B4
S21404B750DBE72A46FFF77EFF06460028E1D121698B
S21404B7605046EDF7D1FAC7E79368013B002B10B4B7
S21404B770936008DA9469A34201DB0A2903D15DF8D1
S21404B780044BEEF7EFB91368581C1060197008469E
S21404B7905DF8044B7047F8B506460F461446D518B0
S21404B7A0AC4201D1002007E014F8011B3A463046AB
S21404B7B0FFF7DAFF431CF3D1F8BD2DE9F047164630
S21404B7C099468A680B69DDF820809342B8BF134611
S21404B7D0336091F8432007460C460AB101333360C0
S21404B7E02368990642BF336802333360256815F030
S21404B7F0060506D104F1190AE36832689B1AAB42BF
S21404B80026DC94F84320131E226818BF01239206F0
S21404B8102BD404F1430249463846C04701301ED0B3
S21404B8202368E568326803F00603042B08BFAD1AE4
S21404B830A36822690CBF25EAE57500259342C4BFB8
S21404B8409B1AED1800261A34B5421AD1002008E0D7
S21404B8500123524649463846C047013003D14FF0CB
S21404B860FF30BDE8F0870135C6E7E1185A1C3020E2
S21404B87081F84300224494F8451082F843100233BA
S21404B880C7E70123224649463846C0470130E6D07A
S21404B8900136D9E710B50C46B1F90E10EEF778FA72
S21404B8A00028ABBF636DA3891B1823F48053ACBF79
S21404B8B06365A38110BD2DE9F0411F468B89DB0526
S21404B8C005460C46164605D5B1F90E10022300228D
S21404B8D0EEF74CFAA389B4F90E1023F48053A3812F
S21404B8E032463B462846BDE8F041EEF78DB910B522
S21404B8F00C46B1F90E10EEF739FA431CA38915BFAE
S21404B900606523F4805343F48053A38118BFA38156
S21404B91010BDB1F90E10EEF7F7B951F8043C181F34
S21404B920002BBCBF0B58C01870470000F8B500BF0A
S21404B930F8BC08BC9E467047F8B500BFF8BC08BC07
S21404B9409E467047000000005FF800F06513002074
S21404B9503D3D3D3D3D3D3D3D3D3D3D3D3D3D3D3D0E
S21404B9603D0D0A00436C69656E742F4C504E0D0AEB
S21404B97000436C69656E742F4C504E000D0A2D2DD5
S21404B9802D2053454E534F5220494E4954202D2DB9
S21404B9902D0D0A00202054534C3235393120203ADC
S21404B9A0204641494C45440D0A00202054534C324D
S21404B9B035393120203A204F4B0D0A0020205643BB
S21404B9C04E4C34303130203A204641494C45440DE3
S21404B9D00A00202056434E4C34303130203A204F53
S21404B9E04B0D0A002020506F6C6C2074696D6572D4
S21404B9F0203A2033730D0A002D2D2D2D2D2D2D2D9F
S21404BA002D2D2D2D2D2D2D2D2D2D2D0D0A0D0A0010
S21404BA1053656E736F7220706F6C6C2074696D65FD
S21404BA207220737461727465642028337320696E9F
S21404BA3074657276616C292E0D0A005B53454E536D
S21404BA404F525D2054534C32353931202043483010
S21404BA503D25357520204348313D2535750D0A00B2
S21404BA605B53454E534F525D2054534C3235393157
S21404BA70202052454144204552524F520D0A005B45
S21404BA8053454E534F525D2056434E4C343031305E
S21404BA902050524F583D2535750D0A005B53454ED0
S21404BAA0534F525D2056434E4C343031302052456D
S21404BAB04144204552524F520D0A005B53544154A0
S21404BAC0455D2020252D387320206C696768743DF9
S21404BAD025752F2575202070726F783D25752F25C6
S21404BAE0750D0A004C55583A2575002573005B4DB4
S21404BAF04553485D20207365745F7075626C696396
S21404BB006174696F6E206661696C65643A2030788A
S21404BB102530346C580D0A005B4D4553485D202093
S21404BB207075626C697368206661696C65643A2036
S21404BB3030782530346C580D0A005B4D4553485D0B
S21404BB4020207075626C6973686564206F70636F1B
S21404BB5064653D30782530325820207374617465EE
S21404BB603D25730D0A005B4D4553485D20207075D6
S21404BB70626C6973686564206C75783D25750D0A7A
S21404BB8000666163746F72792072657365740D0A5A
S21404BB9000466163746F7279205265736574004E53
S21404BBA06F646520696E69740D0A005B435D20004E
S21404BBB02E2E2F6170702E630025733A2564203A6A
S21404BBC025733A20007363005374617475733A20C6
S21404BBD02573203D20307825303478200041737357
S21404BBE0657274696F6E206661696C65643A204696
S21404BBF061696C656420746F20696E6974206E6F69
S21404BC0064650D0A00736C5F62745F7379737465A0
S21404BC106D5F6765745F6964656E746974795F6186
S21404BC2064647265737328292072657475726E6510
S21404BC306420213D2030207374617475733D307820
S21404BC402530347800253032783A253032783A2553
S21404BC503032783A253032783A253032783A253000
S21404BC6032780050423020507265737365642E0D2E
S21404BC700A0050423120507265737365642E0D0AB3
S21404BC8000504231204C6F6E6720507265737365A6
S21404BC90642E0D0A00536574207075626C696361C6
S21404BCA074696F6E206572726F723A203078253030
S21404BCB0346C580D0A00536574207075626C6963A1
S21404BCC06174696F6E20646F6E652E205075626CA9
S21404BCD0697368696E672E2E2E0D0A005075626CA5
S21404BCE0697368206572726F72203D203078253043
S21404BCF0346C580D0A005075626C69736820646F62
S21404BD006E652E0D0A006E6574776F726B20006187
S21404BD1070706C69636174696F6E20002D004365F2
S21404BD206C736975730046616872656E68656974DC
S21404BD30000D0A2D2D2D204D455348202D2D2D0D5B
S21404BD400A00417373657274696F6E206661696C6C
S21404BD5065643A204661696C656420746F20696E78
S21404BD60697469616C697A652076656E646F7220A1
S21404BD706D6F64656C0D0A00202050726F766973CF
S21404BD80696F6E6564203A205945530D0A004E6F5C
S21404BD90646520756E70726F766973696F6E65641C
S21404BDA00D0A00556E69636173742041646472659C
S21404BDB07373203D203078253034580D0A005072B5
S21404BDC06F766973696F6E696E6720697473656CE4
S21404BDD0662E0D0A00417373657274696F6E206671
S21404BDE061696C65643A204661696C656420746FA9
S21404BDF02070726F766973696F6E20697473656CF0
S21404BE00660D0A00436F6E66696775726174696FC2
S21404BE106E20646F6E6520616C72656164792E0DA8
S21404BE200A005075622073657474696E67207265C3
S21404BE3073756C74203D2030782530346C582C2073
S21404BE407075622073657474696E672061646472C9
S21404BE50657373203D203078253034580D0A004130
S21404BE606464206C6F63616C20617070206B65790C
S21404BE70202E2E2E0D0A002020736B6970706564C8
S21404BE803A2030782530346C580D0A0042696E64C6
S21404BE90206C6F63616C20617070206B6579202E56
S21404BEA02E2E0D0A00536574206C6F63616C206D32
S21404BEB06F64656C20707562202E2E2E0D0A00416C
S21404BEC06464206C6F63616C206D6F64656C2073B2
S21404BED07562202E2E2E0D0A005365742072656C32
S21404BEE06179202E2E2E0D0A00536574204E65743B
S21404BEF0776F726B2074782073746174652E0D0AE4
S21404BF000050726F766973696F6E696E6720646F2E
S21404BF106E652E0D0A0050726F766973696F6E69CE
S21404BF206E67206661696C65642E20526573756C55
S21404BF3074203D203078253034780D0A0050726F16
S21404BF40766973696F6E696E67207374617274655F
S21404BF50642E0D0A00676F74206E657720257320A3
S21404BF606B6579207769746820696E646578202526
S21404BF70780D0A006576745F6E6F64655F636F6E36
S21404BF806669675F7365745F69640D0A09006D6F9F
S21404BF9064656C20636F6E666967206368616E67AC
S21404BFA065642C20747970653A2025642C20656CB1
S21404BFB0656D5F616464723A2025782C206D6F6429
S21404BFC0656C5F69643A2025782C2076656E646F0C
S21404BFD0725F69643A2025780D0A00436C69656EC1
S21404BFE0743A2056656E646F72206D6F64656C20BB
S21404BFF0646174612072656365697665642E0D0AF2
S21404C0002020456C656D656E7420696E64657820C5
S21404C0103D2025640D0A202056656E646F722069E3
S21404C02064203D203078253034580D0A20204D6F8A
S21404C03064656C206964203D203078253034580DC2
S21404C0400A2020536F757263652061646472657399
S21404C05073203D203078253034580D0A202044655E
S21404C0607374696E6174696F6E206164647265735B
S21404C07073203D203078253034580D0A202044653E
S21404C0807374696E6174696F6E206C6162656C208E
S21404C0905555494420696E646578203D20307825DE
S21404C0A03032580D0A2020417070206B6579206963
S21404C0B06E646578203D203078253034580D0A208B
S21404C0C0204E6F6E2D72656C61796564203D20305C
S21404C0D078253032580D0A20204F70636F6465202F
S21404C0E03D203078253032580D0A202046696E618E
S21404C0F06C203D203078253034580D0A20205061BD
S21404C100796C6F61643A20002578200054656D7060
S21404C11065726174757265203D20257325642E252D
S21404C120642025730D0A00556E6974203D2025731E
S21404C1300D0A00506572696F6420726563656976DE
S21404C1406564203D20307825640D0A0055706461CE
S21404C150746520706572696F64205B68683A6D6DFB
S21404C1603A73733A6D735D3D202530326C753A250B
S21404C17030326C753A2530326C753A2530346C752D
S21404C1800D0A0020202A2A2A20506572696F6469E5
S21404C1906320757064617465206F66662E0D0A00F0
S21404C1A0467269656E64204661696C656400202089
S21404C1B02A2A2A467269656E647368697020466125
S21404C1C0696C65640D0A00467269656E6420457381
S21404C1D0742E004D65736820426F6E646564005B60
S21404C1E04C504E5D20467269656E647368697020B3
S21404C1F065737461626C69736865640D0A004672DF
S21404C20069656E64205465726D2E00736C5F62748B
S21404C2106D6573685F6F6E5F6576656E7400736CCC
S21404C2205F62745F6F6E5F6576656E74000303030A
S21404C2300303030303030303030303030342004547
S21404C240004A008C00C100554E4B4E4F574E004FCF
S21404C25050454E0054414D5045520053414645000A
S21404C2604E4F4E45005B54534C323539315D2045B4
S21404C27052524F523A2049442072656164206661E6
S21404C280696C65642028636865636B2077697269E6
S21404C2906E67202F2070756C6C2D757073290D0ACF
S21404C2A0005B54534C323539315D204552524F525F
S21404C2B03A2077726F6E67204944203078253032F2
S21404C2C05820286578706563746564203078253056
S21404C2D03258290D0A005B54534C323539315D20EF
S21404C2E04944203D2030782530325820204F4B0DCD
S21404C2F00A005B54534C323539315D204552524F57
S21404C300523A20434F4E54524F4C2077726974650C
S21404C310206661696C65640D0A005B54534C3235C3
S21404C32039315D204552524F523A20454E41424CD7
S21404C33045207772697465206661696C65640D0AC8
S21404C340005B54534C323539315D20496E69742094
S21404C3504F4B0D0A005B54534C323539315D204542
S21404C36052524F523A206368616E6E656C20726555
S21404C3706164206661696C6564206572723D25643B
S21404C3800D0A005B54534C323539315D2043483036
S21404C3903D25357520204348313D2535750D0A0069
S21404C3A056434E4C343031303A20726561645F72C5
S21404C3B0656720307825303258206661696C65647C
S21404C3C02C206572723D25640D0A0056434E4C348B
S21404C3D03031303A2077726974655F726567203051
S21404C3E07825303258206661696C65642C20657245
S21404C3F0723D25640D0A0056434E4C343031303AB3
S21404C4002050726F647563742049442072656164B9
S21404C410206661696C65640D0A0056434E4C3430E0
S21404C42031303A20556E65787065637465642070A3
S21404C430726F64756374204944203078253032580E
S21404C44020286578706563746564203078253032FA
S21404C45058290D0A0056434E4C343031303A2049A0
S21404C4606E6974204F4B202050726F647563745F3E
S21404C47049443D3078253032580D0A0056434E4C18
S21404C480343031303A20536574204952204C4544A8
S21404C4902063757272656E74206661696C65640DDE
S21404C4A00A0056434E4C343031303A2053657420DB
S21404C4B070726F782072617465206661696C656459
S21404C4C00D0A0056434E4C343031303A2050726FC9
S21404C4D078696D6974792072656164792074696D10
S21404C4E0656F75740D0A00002CC50400180018004A
S21404C4F0AEC604000D000D00ACC60400000000002B
S21404C5000200010001000000020001180200000001
S21404C51002000A180C0053696C69636F6E204C6144
S21404C52062730200281802000018000001000000D0
S21404C530010801000000000008C504000200020013
S21404C540010801000500000020000900030009009E
S21404C5500008010001000000BC12002004000C00CA
S21404C56003080100030000000200000005000200AA
S21404C570010801000500000002000A0006000A0087
S21404C5800108010001000000C61200200700020096
S21404C59001080100050000000A000B0008000B005B
S21404C5A00308010001000000DC120020090000005E
S21404C5B0010801000000000026C504000A0002006D
S21404C5C001080100050000000A0003000B00030038
S21404C5D003080100010000009E1200200C00020067
S21404C5E00108010005000000020004000D0004001C
S21404C5F001080100000000000CC504000E00000045
S21404C600010801000000000010C504000F0002002D
S21404C61001080100050000000200050010000500E6
S21404C620010801000000000014C504001100020007
S21404C63001080100050000000200060012000600C2
S21404C6400108010001000000AE12002013000000E3
S21404C650010801000000000022C5040014000200C6
S21404C660010801000500000004000700150007008B
S21404C6700408010007000000000000001600020085
S21404C680010801000500000010000800170008005B
S21404C69000080100070000000000000018000C005D
S21404C6A00308010003000000010100000000002848
S21404C6B001280328002A012A292A232ADD2ADE2A19
S21404C6C0052A2A2B292B0229B40D0500D40D0500B2
S21404C6D06C0E0500800E0500A40E0500C00E0500B5
S21404C6E0500E050000000000FF020100102120008B
S21404C6F00A000000020100000200111122220000BC
S21404C70016000000000001000400040004000400F9
S21404C71004001000200004000400040000000000D0
S21404C72000001000100505080103010002020204BF
S21404C73010000000050000000000000000C2010018
S21404C74000050000001000000000000000000000CB
S21404C750E412002005AE0000E3A4030035A50300A0
S21404C76047A50300DDA40300EC12002005AE00007C
S21404C770E3A4030035A5030047A50300DDA40300D6
S21404C7803078005B005D006576743A6E6F64655FB2
S21404C7907265736574280020290A006576743A6EFB
S21404C7A06F64655F696E697469616C697A6564282B
S21404C7B0002070726F766973696F6E65643D003031
S21404C7C078253032780020616464726573733D00A6
S21404C7D02069765F696E6465783D00307825303868
S21404C7E06C78006576743A6E6F64655F70726F7607
S21404C7F06973696F6E656428006576743A6E6F6453
S21404C800655F636F6E6669675F6765742800206E90
S21404C81065746B65795F696E6465783D002069644C
S21404C8203D006576743A6E6F64655F636F6E666925
S21404C830675F73657428002076616C75653D0065D6
S21404C84076743A6E6F64655F646973706C61795F61
S21404C8506F75747075745F6F6F622800206F7574DF
S21404C8607075745F616374696F6E3D00206F7574D4
S21404C8707075745F73697A653D0020646174613D08
S21404C880006576743A6E6F64655F696E7075745F82
S21404C8906F6F625F72657175657374280020696EC8
S21404C8A07075745F616374696F6E3D0020696E70A5
S21404C8B075745F73697A653D006576743A6E6F6465
S21404C8C0655F70726F766973696F6E696E675F73A2
S21404C8D0746172746564280020726573756C743DA7
S21404C8E0006576743A6E6F64655F70726F7669730E
S21404C8F0696F6E696E675F6661696C65642800655A
S21404C90076743A6E6F64655F6B65795F61646465BF
S21404C91064280020747970653D0020696E6465782B
S21404C9203D006576743A6E6F64655F6D6F64656C22
S21404C9305F636F6E6669675F6368616E67656428C8
S21404C94000206E6F64655F636F6E6669675F7374FD
S21404C9506174653D0020656C656D656E745F616429
S21404C96064726573733D002076656E646F725F69EA
S21404C970643D00206D6F64656C5F69643D00657698
S21404C980743A6E6F64655F69767265636F76657216
S21404C990795F6E65656465642800206E6F64655F04
S21404C9A069765F696E6465783D00206E6574776F9E
S21404C9B0726B5F69765F696E6465783D0065767450
S21404C9C03A6E6F64655F6368616E6765645F697617
S21404C9D07570646174655F73746174652800207390
S21404C9E0746174653D006576743A6E6F64655F7352
S21404C9F074617469635F6F6F625F72657175657386
S21404CA007428006576743A6E6F64655F6B65795F4B
S21404CA1072656D6F76656428006576743A6E6F6429
S21404CA20655F6B65795F757064617465642800651D
S21404CA3076743A6E6F64655F686561727462656188
S21404CA40742800207372635F616464723D0020641E
S21404CA5073745F616464723D0020686F70733D0098
S21404CA606576743A6E6F64655F6865617274626554
S21404CA7061745F7374617274280020706572696FE4
S21404CA80645F7365633D006576743A6E6F64655FD4
S21404CA906865617274626561745F73746F70280090
S21404CAA06576743A6E6F64655F626561636F6E5F28
S21404CAB072656365697665642800206B65795F72C4
S21404CAC06566726573683D002069765F757064619B
S21404CAD074653D006576743A6E6F64655F6C6F636B
S21404CAE0616C5F6463645F646174612800207061D4
S21404CAF067653D006576743A6E6F64655F6C6F6358
S21404CB00616C5F6463645F646174615F656E64280E
S21404CB10006576743A6E6F64655F6C6F63616C5F14
S21404CB206D6F64656C5F6D657461646174615F707C
S21404CB3061676528006576743A6E6F64655F6C6F2E
S21404CB4063616C5F6D6F64656C5F6D657461646171
S21404CB5074615F706167655F656E642800657674EE
S21404CB603A6E6F64655F73746172745F7265636551
S21404CB7069766564280020616C676F726974686DF5
S21404CB803D00207075626C69635F6B65793D0020BB
S21404CB9061757468656E7469636174696F6E5F6DE0
S21404CBA06574686F643D002061757468656E7469A9
S21404CBB0636174696F6E5F616374696F6E3D0020B4
S21404CBC061757468656E7469636174696F6E5F73AA
S21404CBD0697A653D006576743A6E6F64655F616474
S21404CBE064726573735F757064617465642800208D
S21404CBF06E65775F616464726573733D0065767411
S21404CC003A6E6F64655F6463645F757064617465CF
S21404CC106428006576743A70726F765F696E69741C
S21404CC2069616C697A65642800206E6574776F7232
S21404CC306B733D006576743A70726F765F70726FD0
S21404CC40766973696F6E696E675F73757370656E08
S21404CC50646564280020757569643D00207265610A
S21404CC60736F6E3D006576743A70726F765F6361BB
S21404CC70706162696C6974696573280020656C6507
S21404CC806D656E74733D0020616C676F72697468BD
S21404CC906D733D0020706B65795F747970653D0037
S21404CCA0207374617469635F6F6F625F7479706513
S21404CCB03D00206F757075745F6F6F625F73697A7D
S21404CCC0653D00206F75747075745F6F6F625F6189
S21404CCD06374696F6E3D0020696E7075745F6F6F64
S21404CCE0625F73697A653D0020696E747075745F5F
S21404CCF06F6F625F616374696F6E3D006576743A48
S21404CD0070726F765F70726F766973696F6E696E34
S21404CD10675F6661696C656428006576743A70724C
S21404CD206F765F6465766963655F70726F76697344
S21404CD30696F6E656428006576743A70726F765F04
S21404CD40756E70726F765F626561636F6E28002021
S21404CD506F6F625F6361706162696C697469657341
S21404CD603D00207572695F686173683D00206265E6
S21404CD70617265723D0020616464726573735F74EA
S21404CD807970653D0020727373693D002564006503
S21404CD9076743A70726F765F6F6F625F706B6579E8
S21404CDA05F7265717565737428006576743A70727F
S21404CDB06F765F6F6F625F617574685F72657175B9
S21404CDC06573742800206F75747075743D006576FD
S21404CDD0743A70726F765F6F6F625F646973706CBB
S21404CDE061795F696E70757428006576743A70723E
S21404CDF06F765F6464625F6C69737428006576742A
S21404CE003A70726F765F757269280020686173687D
S21404CE103D006576743A70726F765F6B65795F7203
S21404CE206566726573685F70686173655F75706464
S21404CE306174652800206B65793D00207068617315
S21404CE40653D006576743A70726F765F6B65795FE0
S21404CE50726566726573685F6E6F64655F7570642D
S21404CE606174652800206661696C7572653D0065AD
S21404CE7076743A70726F765F6B65795F7265667208
S21404CE806573685F636F6D706C657465280065769E
S21404CE90743A70726F765F6164645F6464625F653F
S21404CEA06E7472795F636F6D706C65746528006567
S21404CEB076743A70726F765F64656C6574655F64E9
S21404CEC064625F656E7472795F636F6D706C6574AF
S21404CED06528006576743A70726F765F696E697459
S21404CEE069616C697A6174696F6E5F6661696C65A5
S21404CEF06428006576743A70726F765F70726F7627
S21404CF006973696F6E696E675F7265636F72647367
S21404CF105F6C6973742800206C6973743D006576D1
S21404CF20743A70726F765F70726F766973696F6E3B
S21404CF30696E675F7265636F72645F6461746128AB
S21404CF4000207265636F72643D002066696E616CD2
S21404CF503D006576743A70726F765F7374617274AE
S21404CF605F73656E7428006576743A70726F7879AC
S21404CF705F636F6E6E656374656428002068616E17
S21404CF80646C653D006576743A70726F78795F6498
S21404CF906973636F6E6E6563746564280065767482
S21404CFA03A70726F78795F66696C7465725F7374D1
S21404CFB061747573280020636F756E743D00657622
S21404CFC0743A73696C6162735F636F6E6669675FF8
S21404CFD0636C69656E745F74785F7374617475737B
S21404CFE02800207365727665723D00207374617440
S21404CFF075733D002074785F7068793D00207478FE
S21404D0005F6F7074696F6E735F6269746D61703D93
S21404D010006576743A73696C6162735F636F6E66FB
S21404D02069675F636C69656E745F6D6F64656C5F7A
S21404D030737461747573280020656C656D5F696E22
S21404D0406465783D006576743A73696C6162735FF3
S21404D050636F6E6669675F636C69656E745F6E6541
S21404D06074776F726B5F7064755F737461747573D5
S21404D0702800207064755F6D61785F73697A653D1A
S21404D080006576743A76656E646F725F6D6F64657C
S21404D0906C5F7265636569766528002064657374E1
S21404D0A0696E6174696F6E5F616464726573733D03
S21404D0B00020736F757263655F6164647265737371
S21404D0C03D002076615F696E6465783D002061707E
S21404D0D0706B65795F696E6465783D00206E6F6E6F
S21404D0E072656C617965643D00206D657373616774
S21404D0F0655F666C6167733D00206F70636F64657F
S21404D1003D00207061796C6F61643D006576743A09
S21404D11076656E646F725F6D6F64656C5F73656E63
S21404D120645F636F6D706C65746528006576743A29
S21404D1306865616C74685F636C69656E745F73655B
S21404D140727665725F737461747573280020636CFD
S21404D15069656E745F616464726573733D00207301
S21404D16065727665725F616464726573733D0020F0
S21404D17063757272656E743D0020746573745F69BE
S21404D180643D00206661756C74733D006576743A80
S21404D1906865616C74685F636C69656E745F7365FB
S21404D1A0727665725F7374617475735F70657269A5
S21404D1B06F64280020706572696F643D006576743C
S21404D1C03A6865616C74685F636C69656E745F73F6
S21404D1D065727665725F7374617475735F61747477
S21404D1E0656E74696F6E280020617474656E746968
S21404D1F06F6E5F7365633D006576743A6865616C4F
S21404D20074685F7365727665725F617474656E7454
S21404D210696F6E28002074696D65725F7365633D7F
S21404D220006576743A6865616C74685F73657276D7
S21404D23065725F746573745F72657175657374285F
S21404D2400020726573706F6E73655F7265717569C1
S21404D2507265643D006576743A67656E65726963E7
S21404D2605F636C69656E745F7365727665725F730F
S21404D270746174757328002072656D61696E696ED9
S21404D280675F6D733D0020666C6167733D002070B8
S21404D2906172616D65746572733D006576743A6794
S21404D2A0656E657269635F7365727665725F636CDB
S21404D2B069656E745F726571756573742800207491
S21404D2C072616E736974696F6E5F6D733D0020647E
S21404D2D0656C61795F6D733D006576743A67656E5B
S21404D2E0657269635F7365727665725F7374617481
S21404D2F0655F6368616E67656428006576743A677F
S21404D300656E657269635F7365727665725F737462
S21404D3106174655F726563616C6C28002074726169
S21404D3206E736974696F6E5F74696D655F6D733D66
S21404D330006576743A746573745F6C6F63616C5FD2
S21404D3406865617274626561745F73756273637233
S21404D350697074696F6E5F636F6D706C6574652851
S21404D3600020686F705F6D696E3D0020686F705FA7
S21404D3706D61783D006576743A746573745F7265A2
S21404D380706C61795F70726F74656374696F6E5FD9
S21404D3906C6973745F656E7472795F736574280064
S21404D3A02063616E63656C3D006576743A746573DC
S21404D3B0745F7265706C61795F70726F74656374A4
S21404D3C0696F6E5F6C6973745F656E7472795F63A0
S21404D3D06C656172656428006576743A7465737466
S21404D3E05F7265706C61795F70726F74656374697F
S21404D3F06F6E5F6C6973745F736176656428002072
S21404D40073617665645F636F756E743D0020746F38
S21404D41074616C5F636F756E743D006576743A7400
S21404D4206573745F7265706C61795F70726F746532
S21404D4306374696F6E5F6C6973745F66756C6C2871
S21404D440006576743A6C706E5F667269656E6473B6
S21404D4506869705F65737461626C69736865642873
S21404D4600020667269656E645F61646472657373D6
S21404D4703D006576743A6C706E5F667269656E64BC
S21404D480736869705F6661696C65642800657674A4
S21404D4903A6C706E5F667269656E64736869705F15
S21404D4A07465726D696E6174656428006576743A95
S21404D4B0667269656E645F667269656E64736869D0
S21404D4C0705F65737461626C6973686564280020B4
S21404D4D06C706E5F616464726573733D0065767428
S21404D4E03A667269656E645F667269656E647368CF
S21404D4F069705F7465726D696E6174656428006531
S21404D50076743A636F6E6669675F636C69656E749A
S21404D5105F726571756573745F6D6F64696669655E
S21404D5206428006576743A636F6E6669675F636C39
S21404D53069656E745F6E65746B65795F7374617428
S21404D540757328006576743A636F6E6669675F6301
S21404D5506C69656E745F6E65746B65795F6C697310
S21404D560742800206E65746B65795F696E64696300
S21404D57065733D006576743A636F6E6669675F63CC
S21404D5806C69656E745F6E65746B65795F6C6973E0
S21404D590745F656E6428006576743A636F6E6669B8
S21404D5A0675F636C69656E745F6170706B65795FE5
S21404D5B073746174757328006576743A636F6E6667
S21404D5C069675F636C69656E745F6170706B6579BB
S21404D5D05F6C6973742800206170706B65795F698D
S21404D5E06E64696365733D006576743A636F6E6650
S21404D5F069675F636C69656E745F6170706B65798B
S21404D6005F6C6973745F656E6428006576743A634C
S21404D6106F6E6669675F636C69656E745F62696E78
S21404D62064696E675F7374617475732800657674D5
S21404D6303A636F6E6669675F636C69656E745F6292
S21404D640696E64696E67735F6C69737428006576C7
S21404D650743A636F6E6669675F636C69656E745F60
S21404D66062696E64696E67735F6C6973745F656E16
S21404D6706428006576743A636F6E6669675F636CE8
S21404D68069656E745F6D6F64656C5F7075625F73F9
S21404D690746174757328002063726564656E7469BA
S21404D6A0616C733D002074746C3D00207065726973
S21404D6B06F645F6D733D002072657472616E736D86
S21404D6C069745F636F756E743D0020726574726171
S21404D6D06E736D69745F696E74657276616C5F6D86
S21404D6E0733D006576743A636F6E6669675F636C54
S21404D6F069656E745F6D6F64656C5F7375625F7386
S21404D700746174757328006576743A636F6E66691F
S21404D710675F636C69656E745F737562735F6C696B
S21404D72073742800206164647265737365733D00C6
S21404D7306576743A636F6E6669675F636C69656E77
S21404D740745F737562735F6C6973745F656E642867
S21404D750006576743A636F6E6669675F636C6965C5
S21404D7606E745F6865617274626561745F70756219
S21404D7705F737461747573280020636F756E745FCD
S21404D7806C6F673D0020706572696F645F6C6F67CD
S21404D7903D002066656174757265733D0065767438
S21404D7A03A636F6E6669675F636C69656E745F681B
S21404D7B065617274626561745F7375625F737461C8
S21404D7C07475732800206D696E5F686F70733D0012
S21404D7D0206D61785F686F70733D006576743A6398
S21404D7E06F6E6669675F636C69656E745F626561B8
S21404D7F0636F6E5F73746174757328006576743A2C
S21404D800636F6E6669675F636C69656E745F646593
S21404D8106661756C745F74746C5F7374617475732D
S21404D82028006576743A636F6E6669675F636C6931
S21404D830656E745F676174745F70726F78795F7316
S21404D840746174757328006576743A636F6E6669DE
S21404D850675F636C69656E745F72656C61795F732C
S21404D860746174757328002072656C61793D006577
S21404D87076743A636F6E6669675F636C69656E7427
S21404D8805F6E6574776F726B5F7472616E736D69C9
S21404D890745F7374617475732800207472616E7398
S21404D8A06D69745F636F756E743D00207472616E8B
S21404D8B0736D69745F696E74657276616C5F6D739F
S21404D8C03D006576743A636F6E6669675F636C697C
S21404D8D0656E745F6964656E746974795F73746188
S21404D8E074757328006576743A636F6E6669675F4D
S21404D8F0636C69656E745F667269656E645F737483
S21404D9006174757328006576743A636F6E6669672A
S21404D9105F636C69656E745F6B65795F726566726A
S21404D9206573685F70686173655F7374617475733B
S21404D93028006576743A636F6E6669675F636C6920
S21404D940656E745F6C706E5F706F6C6C74696D6519
S21404D9506F75745F737461747573280020706F6CD0
S21404D9606C5F74696D656F75745F6D733D00657685
S21404D970743A636F6E6669675F636C69656E745F3D
S21404D9806463645F6461746128006576743A636FE7
S21404D9906E6669675F636C69656E745F6463645F13
S21404D9A0646174615F656E6428006576743A636FBB
S21404D9B06E6669675F636C69656E745F72657365CE
S21404D9C0745F73746174757328006576743A636F54
S21404D9D06E6669675F636C69656E745F6F626F5FBE
S21404D9E061636B5F72656365697665642800206CA5
S21404D9F0706E5F616464723D0020667269656E6471
S21404DA005F616464723D006576743A6D62745F6348
S21404DA106C69656E745F7365727665725F696E664F
S21404DA206F726D6174696F6E5F7374617475732859
S21404DA3000206D696E5F626C6F636B5F73697A65F5
S21404DA405F6C6F673D00206D61785F626C6F636B1F
S21404DA505F73697A655F6C6F673D00206D61785F00
S21404DA606368756E6B733D00206D61785F636875DF
S21404DA706E6B5F73697A653D006576743A6D6274A1
S21404DA805F636C69656E745F71756572795F696EE4
S21404DA90666F726D6174696F6E5F636F6D706C65CF
S21404DAA07465280020626C6F636B5F73697A655FC8
S21404DAB06C6F675F6D696E3D0020626C6F636B5FB1
S21404DAC073697A655F6C6F675F6D61783D00206D82
S21404DAD061785F6368756E6B5F73697A655F6D699D
S21404DAE06E3D00206D61785F6368756E6B735F6D65
S21404DAF0696E3D0020737570706F727465645F7430
S21404DB0072616E736665725F6D6F6465733D002047
S21404DB10636F6D6D6F6E5F7472616E736665725F50
S21404DB206D6F6465733D006576743A6D62745F6309
S21404DB306C69656E745F7365727665725F74726124
S21404DB406E736665725F7374617475732800206201
S21404DB506C6F625F69643D0020626C6F625F73691C
S21404DB607A653D0020626C6F636B5F73697A655FEC
S21404DB706C6F673D0020626C6F636B735F6E6F74CF
S21404DB805F72656365697665643D006576743A6DB3
S21404DB9062745F636C69656E745F73746172745FDC
S21404DBA07472616E736665725F636F6D706C6574B4
S21404DBB06528006576743A6D62745F636C69656E99
S21404DBC0745F7365727665725F626C6F636B5F73A6
S21404DBD074617475732800206D697373696E675F6A
S21404DBE06368756E6B733D006576743A6D62745F38
S21404DBF0636C69656E745F73746172745F626C6F74
S21404DC00636B5F636F6D706C657465280020626C6F
S21404DC106F636B5F6E756D6265723D0020626C6F3C
S21404DC20636B5F73697A653D006576743A6D6274FA
S21404DC305F636C69656E745F73656E645F63687555
S21404DC406E6B5F726571756573742800206F666607
S21404DC507365743D00206C656E6774683D00657678
S21404DC60743A6D62745F636C69656E745F73657233
S21404DC707665725F7061727469616C5F626C6F6303
S21404DC806B5F7265706F727428006576743A6D62A5
S21404DC90745F636C69656E745F73656E645F6368F6
S21404DCA0756E6B735F636F6D706C65746528006565
S21404DCB076743A6D62745F636C69656E745F7175D1
S21404DCC06572795F626C6F636B5F7374617475738E
S21404DCD05F636F6D706C657465280020626C6F639B
S21404DCE06B5F636F6D706C6574653D002074726164
S21404DCF06E736665725F636F6D706C6574653D0008
S21404DD006576743A6D62745F636C69656E745F748D
S21404DD10785F636F6D706C65746528006576743A19
S21404DD206D62745F636C69656E745F736572766545
S21404DD30725F6661696C656428002074696D656F3E
S21404DD4075743D00206572726F723D006576743A94
S21404DD506D62745F636C69656E745F7472616E7312
S21404DD606665725F636F6D706C65746528006576B2
S21404DD70743A6D62745F7365727665725F7374610C
S21404DD8074655F6368616E6765642800206E6577F6
S21404DD905F73746174653D00206368756E6B5F73B2
S21404DDA0697A653D006576743A6D62745F73657270
S21404DDB07665725F7472616E736665725F737461A2
S21404DDC072745F7265712800207472616E73666582
S21404DDD0725F6D6F64653D006576743A6D62745F5C
S21404DDE07365727665725F626C6F636B5F73746182
S21404DDF0727428006576743A6D62745F7365727621
S21404DE0065725F6368756E6B280020746F74616C4E
S21404DE105F6F66667365743D0020626C6F636B5F4C
S21404DE206F66667365743D006576743A6D62745FFA
S21404DE307365727665725F626C6F636B5F636F6D3A
S21404DE40706C65746528006576743A6D62745F73E9
S21404DE5065727665725F7472616E736665725F630F
S21404DE60616E63656C28006576743A6D62745F73E0
S21404DE7065727665725F7061727469616C5F626CFC
S21404DE806F636B5F7265706F72745F74785F636FD5
S21404DE906D706C6574652800206E756D5F726571B3
S21404DEA07565737465645F6368756E6B733D002097
S21404DEB07265717565737465645F6368756E6B739C
S21404DEC03D006576743A73656E736F725F73657240
S21404DED07665725F6765745F7265717565737428BD
S21404DEE0002070726F70657274795F69643D0065B6
S21404DEF076743A73656E736F725F73657276657265
S21404DF005F6765745F636F6C756D6E5F7265717560
S21404DF10657374280020636F6C756D6E5F69647337
S21404DF203D006576743A73656E736F725F736572DF
S21404DF307665725F6765745F7365726965735F7231
S21404DF4065717565737428006576743A73656E73C7
S21404DF506F725F7365727665725F7075626C6973F3
S21404DF606828006576743A73656E736F725F7365BE
S21404DF707475705F7365727665725F6765745F63E8
S21404DF806164656E63655F72657175657374280098
S21404DF906576743A73656E736F725F7365747570C5
S21404DFA05F7365727665725F7365745F63616465DB
S21404DFB06E63655F7265717565737428002070659D
S21404DFC072696F645F64697669736F723D0020746A
S21404DFD07269676765725F747970653D0020706169
S21404DFE072616D733D006576743A73656E736F7215
S21404DFF05F73657475705F7365727665725F676567
S21404E000745F73657474696E67735F726571756542
S21404E010737428006576743A73656E736F725F73F3
S21404E020657475705F7365727665725F6765745F35
S21404E03073657474696E675F726571756573742849
S21404E040002073657474696E675F69643D00657665
S21404E050743A73656E736F725F73657475705F730D
S21404E06065727665725F7365745F73657474696EE2
S21404E070675F726571756573742800207261775FD7
S21404E08076616C75653D006576743A73656E736F7C
S21404E090725F73657475705F7365727665725F70B0
S21404E0A075626C69736828006576743A73656E7376
S21404E0B06F725F636C69656E745F646573637269BF
S21404E0C070746F725F73746174757328002064656E
S21404E0D07363726970746F72733D006576743A7315
S21404E0E0656E736F725F636C69656E745F6361649B
S21404E0F0656E63655F737461747573280065767402
S21404E1003A73656E736F725F636C69656E745F7382
S21404E110657474696E67735F7374617475732800CD
S21404E1202073657474696E675F6964733D00657611
S21404E130743A73656E736F725F636C69656E745F51
S21404E14073657474696E675F73746174757328009D
S21404E1506576743A73656E736F725F636C69656E29
S21404E160745F73746174757328002073656E736FBF
S21404E170725F646174613D006576743A73656E73AC
S21404E1806F725F636C69656E745F636F6C756D6EDA
S21404E1905F73746174757328006576743A73656E7C
S21404E1A0736F725F636C69656E745F7365726965BD
S21404E1B0735F73746174757328006576743A736557
S21404E1C06E736F725F636C69656E745F7075626C94
S21404E1D069736828006576743A66775F757064615B
S21404E1E074655F636C69656E745F696E666F5F7392
S21404E1F074617475735F63757272656E745F667747
S21404E200696428002063757272656E745F66776948
S21404E210643D006576743A66775F7570646174650C
S21404E2205F636C69656E745F696E666F5F73746155
S21404E2307475735F7570646174655F7572692800C0
S21404E240207570646174655F7572693D00657674E7
S21404E2503A66775F7570646174655F636C69656E52
S21404E260745F7570646174655F7374617475732824
S21404E27000206164646974696F6E616C5F696E66C0
S21404E2806F726D6174696F6E3D00207570646174A1
S21404E290655F74696D656F75745F626173653D0073
S21404E2A0206469737472696275746F725F74746CD7
S21404E2B03D002066775F696E6465783D0065767418
S21404E2C03A66775F7570646174655F636C69656EE2
S21404E2D0745F6D657461646174615F737461747591
S21404E2E07328006576743A6C635F636C69656E7454
S21404E2F05F6D6F64655F7374617475732800206D59
S21404E3006F64655F7374617475735F76616C75654D
S21404E3103D006576743A6C635F636C69656E745F22
S21404E3206F6D5F7374617475732800206F6D5F730F
S21404E33074617475735F76616C75653D006576749B
S21404E3403A6C635F636C69656E745F6C6967687466
S21404E3505F6F6E6F66665F737461747573280020F2
S21404E36070726573656E745F6C696768745F6F6EF0
S21404E3706F66663D00207461726765745F6C6967DA
S21404E38068745F6F6E6F66663D002072656D6169C6
S21404E3906E696E675F74696D655F6D733D00657663
S21404E3A0743A6C635F636C69656E745F70726F70E9
S21404E3B0657274795F737461747573280020707263
S21404E3C06F70657274795F76616C75653D0065760D
S21404E3D0743A6C635F7365727665725F6D6F6465BD
S21404E3E05F757064617465642800206D6F64655F92
S21404E3F076616C75653D00206D616E75616C5F6F4E
S21404E400766572726964653D006576743A6C635F1E
S21404E4107365727665725F6F6D5F7570646174653F
S21404E420642800206F6D5F76616C75653D006576C7
S21404E430743A6C635F7365727665725F6C6967685D
S21404E440745F6F6E6F66665F75706461746564286A
S21404E45000206F6E6F66665F73746174653D00209E
S21404E4606F6E6F66665F7472616E735F74696D65F6
S21404E4705F6D733D006576743A6C635F73657276A0
S21404E48065725F6F63637570616E63795F757064E0
S21404E490617465642800206F63637570616E6379C8
S21404E4A05F76616C75653D006576743A6C635F7380
S21404E4B065727665725F616D6269656E745F6C75B0
S21404E4C0785F6C6576656C5F7570646174656428E6
S21404E4D00020616D6269656E745F6C75785F6C654B
S21404E4E076656C5F76616C75653D006576743A6C2E
S21404E4F0635F7365727665725F6C696E6561725F81
S21404E5006F75747075745F757064617465642800E3
S21404E510206C696E6561725F6F75747075745F7672
S21404E520616C75653D006576743A6C635F736572FD
S21404E5307665725F73746174655F75706461746523
S21404E540642800207472616E736974696F6E5F74F8
S21404E550696D653D006576743A6C635F73657276C3
S21404E56065725F726567756C61746F725F6465620D
S21404E57075675F696E666F280020693D00206C3DF4
S21404E580006576743A6C635F73657475705F736563
S21404E590727665725F7365745F70726F706572749D
S21404E5A07928006576743A7363656E655F636C6993
S21404E5B0656E745F73746174757328002063757276
S21404E5C072656E745F7363656E653D002074617278
S21404E5D06765745F7363656E653D006576743A734C
S21404E5E063656E655F636C69656E745F72656769A3
S21404E5F0737465725F737461747573280020736333
S21404E600656E65733D006576743A7363656E655F23
S21404E6107365727665725F67657428006576743A0A
S21404E6207363656E655F7365727665725F72656740
S21404E63069737465725F67657428006576743A73E7
S21404E64063656E655F7365727665725F7265636136
S21404E6506C6C28002073656C65637465645F736313
S21404E660656E653D006576743A7363656E655F73C3
S21404E67065727665725F7075626C6973682800658A
S21404E68076743A7363656E655F7365727665725FFA
S21404E690636F6D706163745F726563616C6C280090
S21404E6A0207374617465733D006576743A736365AC
S21404E6B06E655F73657475705F7365727665725F99
S21404E6C073746F72652800207363656E655F696492
S21404E6D03D006576743A7363656E655F736574753D
S21404E6E0705F7365727665725F64656C65746528C1
S21404E6F0006576743A7363656E655F7365747570EA
S21404E7005F7365727665725F7075626C697368288C
S21404E710006576743A7363686564756C65725F63E6
S21404E7206C69656E745F7374617475732800207306
S21404E73063686564756C65723D006576743A7363E8
S21404E740686564756C65725F636C69656E745F6139
S21404E7506374696F6E5F73746174757328002079CF
S21404E7606561723D00206D6F6E74683D00206461C3
S21404E770793D0020686F75723D00206D696E757472
S21404E780653D00207365636F6E643D0020646179A7
S21404E7905F6F665F7765656B3D0020616374696FC4
S21404E7A06E3D00207363656E655F6E756D6265729F
S21404E7B03D006576743A7363686564756C65725F6C
S21404E7C07365727665725F616374696F6E5F6368A2
S21404E7D0616E67656428006576743A736368656479
S21404E7E0756C65725F7365727665725F7363656E6A
S21404E7F0655F6368616E67656428006576743A735E
S21404E80063686564756C65725F7365727665725F5E
S21404E810616374696F6E5F74726967676572656455
S21404E82028006576743A66775F7570646174655F10
S21404E8307365727665725F636865636B5F66775F40
S21404E8406D657461646174615F7265712800206D22
S21404E850657461646174613D006576743A66775FD9
S21404E8607570646174655F7365727665725F7570E2
S21404E870646174655F73746172745F726571280095
S21404E8806576743A66775F7570646174655F736500
S21404E890727665725F7665726966795F66775F72AF
S21404E8A0657128006576743A66775F75706461747E
S21404E8B0655F7365727665725F6170706C79280047
S21404E8C06576743A66775F7570646174655F7365C0
S21404E8D0727665725F7570646174655F63616E639A
S21404E8E0656C6C656428006576743A66775F757047
S21404E8F0646174655F7365727665725F6469737468
S21404E90072696275746F725F73656C665F75706446
S21404E9106174655F72657128002066775F6C697341
S21404E920745F696E6465783D006576743A74696DE3
S21404E930655F7365727665725F74696D655F757021
S21404E94064617465642800207461695F7365636F2D
S21404E9506E64733D00207375627365636F6E643D09
S21404E9600020756E6365727461696E74793D00206B
S21404E97074696D655F617574686F726974793D005A
S21404E980207461695F7574635F64656C74613D00CF
S21404E990256C64002074696D655F7A6F6E655F6FC1
S21404E9A066667365743D006576743A74696D655F72
S21404E9B07365727665725F74696D655F7A6F6E658E
S21404E9C05F6F66667365745F7570646174656428EA
S21404E9D0002074696D655F7A6F6E655F6F66667337
S21404E9E065745F63757272656E743D002074696D3C
S21404E9F0655F7A6F6E655F6F66667365745F6E6576
S21404EA00773D00207461695F6F665F7A6F6E655F3D
S21404EA106368616E67653D006576743A74696D6512
S21404EA205F7365727665725F7461695F7574635F40
S21404EA3064656C74615F7570646174656428002035
S21404EA407461695F7574635F64656C74615F637534
S21404EA507272656E743D00207461695F7574635FDD
S21404EA6064656C74615F6E65773D00207461695FF0
S21404EA706F665F64656C74615F6368616E67653D4D
S21404EA80006576743A74696D655F7365727665724F
S21404EA905F74696D655F726F6C655F7570646174D1
S21404EAA0656428002074696D655F726F6C653D004F
S21404EAB06576743A74696D655F636C69656E745FD8
S21404EAC074696D655F737461747573280065767414
S21404EAD03A74696D655F636C69656E745F74696DBD
S21404EAE0655F7A6F6E655F7374617475732800650D
S21404EAF076743A74696D655F636C69656E745F7489
S21404EB0061695F7574635F64656C74615F73746177
S21404EB1074757328006576743A74696D655F636C02
S21404EB2069656E745F74696D655F726F6C655F733B
S21404EB30746174757328006576743A66775F6469E1
S21404EB4073745F7365727665725F6E6F6465735F08
S21404EB506164646564280020746F74616C5F6E6F12
S21404EB606465733D00206E756D5F61646465645F03
S21404EB706E6F6465733D002061646465645F6E6FE8
S21404EB806465733D006576743A66775F646973748A
S21404EB905F7365727665725F6E6F6465735F6465D6
S21404EBA06C6574656428006576743A66775F646994
S21404EBB073745F7365727665725F646973745F738A
S21404EBC0746172745F72657128002067726F757065
S21404EBD05F616464726573733D0020766972747550
S21404EBE0616C5F616464726573733D00206170706C
S21404EBF06C795F696D6D6564696174656C793D00F7
S21404EC002074696D656F75745F626173653D006538
S21404EC1076743A66775F646973745F736572766553
S21404EC20725F646973745F63616E63656C28006504
S21404EC3076743A66775F646973745F736572766533
S21404EC40725F646973745F63616E63656C5F636F40
S21404EC506D706C65746528006576743A66775F64D3
S21404EC606973745F7365727665725F75706C6F61D5
S21404EC70645F73746172745F6D65746164617461FA
S21404EC8028006576743A66775F646973745F7365A3
S21404EC90727665725F75706C6F61645F73746172AF
S21404ECA0745F72657128002073697A653D0020667A
S21404ECB07769643D006576743A66775F6469737451
S21404ECC05F7365727665725F75706C6F61645F639F
S21404ECD0616E63656C28006576743A66775F64696E
S21404ECE073745F7365727665725F646973745F7359
S21404ECF0746174655F6368616E6765642800206E7E
S21404ED00756D5F6163746976655F6E6F6465733D88
S21404ED10006576743A66775F646973745F736572C8
S21404ED207665725F6E6F64655F6661696C6564289C
S21404ED3000207570646174655F70686173653D007A
S21404ED40207570646174655F7374617475733D00D7
S21404ED50206D62745F7374617475733D0020707205
S21404ED606F67726573733D006576743A66775F64A1
S21404ED706973745F7365727665725F75706C6F61C4
S21404ED80645F636F6D706C6574655F6D65746164F4
S21404ED9061746128006576743A66775F6469737493
S21404EDA05F7365727665725F75706C6F61645F63BE
S21404EDB06F6D706C65746528006576743A66775F67
S21404EDC0646973745F7365727665725F75706C6F71
S21404EDD061645F6661696C656428006576743A668A
S21404EDE0775F646973745F7365727665725F757056
S21404EDF06C6F61645F6F6F625F73746172745F756A
S21404EE0072692800207572693D006576743A6677E3
S21404EE105F646973745F7365727665725F75706C30
S21404EE206F61645F6F6F625F73746172745F726543
S21404EE307128006576743A66775F646973745F73E5
S21404EE4065727665725F66775F64656C6574655F28
S21404EE5072657128006576743A66775F64697374C0
S21404EE605F7365727665725F66775F64656C6574FA
S21404EE70655F616C6C5F72657128006576743A66CE
S21404EE80775F646973745F7365727665725F6469CD
S21404EE9073745F73757370656E6428006576743A70
S21404EEA066775F646973745F7365727665725F72A2
S21404EEB06573756D655F7265712800206170705F9B
S21404EEC0696E6465783D00207570646174655F7072
S21404EED06F6C6963793D006576743A66775F64693A
S21404EEE073745F636C69656E745F72656365697677
S21404EEF06572735F7374617475732800206E6F6433
S21404EF0065735F6C6973745F73697A653D006576D3
S21404EF10743A66775F646973745F636C69656E746C
S21404EF205F7265636569766572735F6C697374286E
S21404EF3000207472616E736665725F7374617475B3
S21404EF40733D006576743A66775F646973745F63CD
S21404EF506C69656E745F7265636569766572735F06
S21404EF606C6973745F656E642800207374617274D0
S21404EF705F696E6465783D00206E756D5F726570BE
S21404EF806F727465643D006576743A66775F64698B
S21404EF9073745F636C69656E745F636170616269E4
S21404EFA06C69746965735F73746174757328002083
S21404EFB06D61785F6E6F6465735F6C6973745F739D
S21404EFC0697A653D00206D61785F66775F6C69736A
S21404EFD0745F73697A653D00206D61785F66775F5C
S21404EFE073697A653D00206D61785F75706C6F613A
S21404EFF0645F73706163653D002072656D61696E60
S21404F000696E675F75706C6F61645F73706163656A
S21404F0103D00206F6F625F737570706F7274656405
S21404F0203D00207572695F736368656D655F6E6128
S21404F0306D65733D006576743A66775F64697374CC
S21404F0405F636C69656E745F646973747269627514
S21404F05074696F6E5F737461747573280065767473
S21404F0603A66775F646973745F636C69656E745F30
S21404F07075706C6F61645F73746174757328006572
S21404F08076743A66775F646973745F636C69656EF9
S21404F090745F66775F7374617475732800206E7589
S21404F0A06D5F656E74726965733D006576743A6665
S21404F0B0775F646973745F636C69656E745F75709B
S21404F0C06C6F61645F636F6D706C65746528006552
S21404F0D076743A66775F646973745F636C69656EA9
S21404F0E0745F75706C6F61645F6661696C656428D3
S21404F0F000207374617475735F636F64653D0020EC
S21404F100646973745F7374617475735F636F646545
S21404F1103D006576743A72656D6F74655F70726FE4
S21404F120766973696F6E696E675F636C69656E7422
S21404F1305F7363616E5F6361706162696C69746951
S21404F14065732800206D61785F6974656D733D0092
S21404F150206163746976653D006576743A72656D00
S21404F1606F74655F70726F766973696F6E696E67C8
S21404F1705F636C69656E745F7363616E5F737461FD
S21404F1807475732800206D61785F7265706F727491
S21404F190733D002074696D656F75745F7365633DB8
S21404F1A0006576743A72656D6F74655F70726F761B
S21404F1B06973696F6E696E675F636C69656E745FA9
S21404F1C07363616E5F7265706F72742800206F6F70
S21404F1D0623D006576743A72656D6F74655F707231
S21404F1E06F766973696F6E696E675F636C69656E67
S21404F1F0745F657874656E6465645F7363616E5F7F
S21404F2007265706F727428002061645F737472751F
S21404F2106374757265733D006576743A72656D6FD6
S21404F22074655F70726F766973696F6E696E675F17
S21404F230636C69656E745F6C696E6B5F737461741E
S21404F240757328006576743A72656D6F74655F70C1
S21404F250726F766973696F6E696E675F636C6965F2
S21404F2606E745F6C696E6B5F7265706F7274280083
S21404F2706576743A72656D6F74655F70726F7669E1
S21404F28073696F6E696E675F7365727665725F6CBD
S21404F290696E6B5F6F70656E5F72657175657374AA
S21404F2A028006576743A72656D6F74655F70726F68
S21404F2B0766973696F6E696E675F73657276657279
S21404F2C05F6C696E6B5F636C6F73655F7265717597
S21404F2D0657374280020636F6E6E656374696F6E61
S21404F2E03D006576743A66775F7374616E64616C2C
S21404F2F06F6E655F757064617465725F646973745C
S21404F3005F73746174655F6368616E676564280023
S21404F3106576743A66775F7374616E64616C6F6E5B
S21404F320655F757064617465725F6E6F64655F6651
S21404F33061696C656428006576743A6E63705F660E
S21404F340775F6C6973745F66775F64656C65746514
S21404F3506428006576743A6E63705F66775F6C69DE
S21404F36073745F66775F616C6C5F64656C65746507
S21404F3706428006576743A6E63705F66775F6C69BE
S21404F38073745F66775F6164646564280065767489
S21404F3903A7361725F636F6E6669675F636C696513
S21404F3A06E745F7361725F7472616E736D69747488
S21404F3B065725F7374617475732800207365676D76
S21404F3C0656E745F696E74657276616C5F7374657E
S21404F3D0703D0020756E69636173745F7265747244
S21404F3E0616E735F636F756E743D0020756E69633E
S21404F3F06173745F72657472616E735F776F5F704A
S21404F400726F67726573735F636F756E743D002009
S21404F410756E69636173745F72657472616E735F2F
S21404F420696E74657276616C5F737465703D0020F6
S21404F430756E69636173745F72657472616E735F0F
S21404F440696E74657276616C5F696E6372656D650C
S21404F4506E743D00206D756C7469636173745F72BD
S21404F460657472616E735F636F756E743D00206DB4
S21404F470756C7469636173745F72657472616E73BC
S21404F4805F696E74657276616C5F737465703D0057
S21404F4906576743A7361725F636F6E6669675F63FD
S21404F4A06C69656E745F7361725F726563656976B5
S21404F4B065725F7374617475732800207365676D75
S21404F4C0656E74735F7468726573686F6C643D0010
S21404F4D02061636B5F64656C61795F696E637265F6
S21404F4E06D656E743D0020646973636172645F7455
S21404F4F0696D656F75743D002061636B5F7265743A
S21404F50072616E735F636F756E743D006576743AF0
S21404F5107361725F636F6E6669675F736572766543
S21404F520725F7361725F7472616E736D6974746511
S21404F530725F73657428006576743A7361725F63EC
S21404F5406F6E6669675F7365727665725F73617204
S21404F5505F72656365697665725F736574280065B6
S21404F56076743A707269766174655F626561636F1A
S21404F5706E5F636C69656E745F626561636F6E5F10
S21404F58073746174757328002072616E646F6D5FA6
S21404F5907570646174655F73746570733D00657639
S21404F5A0743A707269766174655F626561636F6EE2
S21404F5B05F636C69656E745F676174745F70726FA5
S21404F5C078795F73746174757328006576743A701D
S21404F5D07269766174655F626561636F6E5F636CA2
S21404F5E069656E745F6964656E746974795F737453
S21404F5F06174757328006576743A6C63645F636C33
S21404F60069656E745F646174615F68656164657280
S21404F610280020706167655F6E756D6265723D00D7
S21404F62020746F74616C5F73697A653D00657674E7
S21404F6303A6C63645F636C69656E745F646174617D
S21404F64028006576743A6C63645F636C69656E74EF
S21404F6505F646174615F656E6428006576743A6FF2
S21404F6606E5F64656D616E645F7072697661746501
S21404F6705F70726F78795F636C69656E745F7072C1
S21404F68069766174655F676174745F70726F7879A8
S21404F6905F73746174757328006576743A736F6C5F
S21404F6A0696369746174696F6E5F636F6E666967B8
S21404F6B05F636C69656E745F6974656D735F73749C
S21404F6C0617475732800207372633D00206473743C
S21404F6D03D002072616E67655F73746172743D00ED
S21404F6E0206C656E6774685F70726573656E743DD2
S21404F6F0002072616E67655F6C656E6774683D00B6
S21404F7006576743A73696C6162735F636F6E66697B
S21404F710675F7365727665725F74785F6368616E3F
S21404F7206765642800207068793D00206F707469EE
S21404F7306F6E733D006576743A73696C6162735FCD
S21404F740636F6E6669675F7365727665725F6D6F09
S21404F75064656C5F6F7074696F6E5F6368616E6713
S21404F760656428006576743A73696C6162735F63D6
S21404F7706F6E6669675F7365727665725F6E6574D1
S21404F780776F726B5F7064755F6368616E676564DC
S21404F7902800206D61785F73697A653D006576742C
S21404F7A03A636F6E6E656374696F6E5F6F70656ED5
S21404F7B0656428290A00636F6E6E656374696F6EEC
S21404F7C05F706172616D6574657273280020696E7E
S21404F7D074657276616C3D00206C6174656E637945
S21404F7E03D00636F6E6E656374696F6E5F636C6F06
S21404F7F073656428005B495D2000547279696E67FE
S21404F80020746F2066696E64206120667269656E76
S21404F810642E2E2E0A005B455D2000726573756C9F
S21404F8207400467269656E64206E6F7420666F7528
S21404F8306E640A002E2E2F6765636B6F5F73646BAE
S21404F8405F342E332E322F6170702F62746D6573A1
S21404F850682F636F6D6D6F6E2F62746D6573685F6E
S21404F8606C706E2F736C5F62746D6573685F6C701A
S21404F8706E2E6300417373657274696F6E206661E1
S21404F880696C65643A204661696C656420746F200F
S21404F89073746172742074696D6572004C504E20E6
S21404F8A0696E697469616C697A6174696F6E2066E1
S21404F8B061696C65640A004C504E20696E6974690F
S21404F8C0616C697A65640A004C504E2071756575E2
S21404F8D06520636F6E66696775726174696F6E2002
S21404F8E06661696C65640A004C504E20706F6C6CDF
S21404F8F02074696D656F757420636F6E66696775CD
S21404F900726174696F6E206661696C65640A004C86
S21404F910504E20726563656976652064656C61790E
S21404F92020636F6E66696775726174696F6E2066B0
S21404F93061696C65640A004C504E20726571756589
S21404F9407374207265747269657320636F6E66697A
S21404F9506775726174696F6E206661696C65640AA6
S21404F960004C504E20726574727920696E7465720C
S21404F97076616C20636F6E66696775726174696F11
S21404F9806E206661696C65640A004C504E2067659B
S21404F99074206E6574776F726B732072657175650B
S21404F9A07374206661696C65640A004C504E206767
S21404F9B06574206E6574776F726B732070726F76E1
S21404F9C06964656420696E76616C6964206E756D21
S21404F9D0626572206F66206E65746B657920627945
S21404F9E074657320283078257A75290A005472794C
S21404F9F0696E6720746F20696E697469616C697AD0
S21404FA0065206C706E2E2E2E0A0041737365727418
S21404FA10696F6E206661696C65643A204661696C3C
S21404FA20656420746F2073746F702074696D6572DA
S21404FA3000467269656E6473686970207465726DD9
S21404FA40696E6174696F6E206661696C65640A002C
S21404FA504C504E206465696E6974206661696C65F5
S21404FA60640A004C504E206465696E697469616C62
S21404FA70697A65640A007365745F636F6E666967A6
S21404FA8075726174696F6E5F74696D657200736C0C
S21404FA905F62746D6573685F6C706E5F6F6E5F65D2
S21404FAA076656E7400736C5F62746D6573685F6C04
S21404FAB0706E5F666561747572655F6465696E69AC
S21404FAC074002E2E2F6765636B6F5F73646B5F34F1
S21404FAD02E332E322F6170702F62746D6573682F0B
S21404FAE0636F6D6D6F6E2F62746D6573685F777389
S21404FAF0746B5F6C63642F736C5F62746D6573689C
S21404FB005F7773746B5F67726170686963732E6383
S21404FB100073746174757300417373657274696FEE
S21404FB206E206661696C65643A20444D4420696EB3
S21404FB306974206572726F720041737365727469BA
S21404FB406F6E206661696C65643A20474C494220B2
S21404FB50696E6974206572726F72004173736572A0
S21404FB6074696F6E206661696C65643A20466F6ED0
S21404FB70742073657474696E67206572726F7200A0
S21404FB80010000007B000000080000007800000070
S21404FB90080000007E0000007700000078000000E7
S21404FBA07E0000007B000000770000007E0000005E
S21404FBB06772617068496E6974002E2E2F676563DC
S21404FBC06B6F5F73646B5F342E332E322F617070ED
S21404FBD02F62746D6573682F636F6D6D6F6E2F6221
S21404FBE0746D6573685F7773746B5F6C63642F738F
S21404FBF06C5F62746D6573685F7773746B5F6C6358
S21404FC00642E63004C43445F6461746120213D208C
S21404FC104E554C4C00417373657274696F6E2027A1
S21404FC20257327206661696C65643A20004C43445A
S21404FC3020616C6C6F636174696F6E206572726F9D
S21404FC40722E0053494C49434F4E204C41424F526A
S21404FC5041544F524945530A426C7565746F6F742C
S21404FC6068204D6573682044656D6F0A0A00696EE6
S21404FC70697469616C697A696E6700736C5F627433
S21404FC806D6573685F4C43445F77726974655F7033
S21404FC9061676564003F002920000000050000003D
S21404FCA00000000040420F000501000000000000B4
S21404FCB00000000000000000800080000101000039
S21404FCC0E0C810003C06020000000000050000002A
S21404FCD00000000040420F00050100000000000084
S21404FCE0000000000000000013B779FAC925DDB74C
S21404FCF0ADF3CFE0F1B614B8010200000000000036
S21404FD00FFFFFFFF200000000100000000000000CD
S21404FD1000000000000000000000000000000000DA
S21404FD2000000000000000000000000000000000CA
S21404FD3000000000000000000700000305A6030002
S21404FD4001A60300DFA50300DDA503007DB60000C1
S21404FD500FA603003DB60000020000002C000000C1
S21404FD600403020B050C0302010A0D0302060A0D26
S21404FD7040787D0100000000005A62020001000085
S21404FD80C0CF6A0002000000809FD5000201000078
S21404FD90002D31010202000008091108ACFD040020
S21404FDA020030164060802000100000000040A0A99
S21404FDB00403060608020000000000000E040E1FDE
S21404FDC0081F0C1F0E0E00001000010E0E0E0F0E64
S21404FDD0071F1F0E110E1C110111110E0F0E0F1E00
S21404FDE01F11111111111F0E000E04000200010054
S21404FDF010000C00010408010600000000000000CA
S21404FE00020000000000000C0406000000000000D1
S21404FE1000040A0A1E130904040404040000000073
S21404FE20110611080C010210111106060800021131
S21404FE30101111110901011111040809011B1111F6
S21404FE4011111101041111111111100200080A00F8
S21404FE50040001001000121E01000001040000004E
S21404FE600000000002000000000000020408020077
S21404FE700000000000040A1F010805020208150419
S21404FE8000000010190410040A0F010811110606D8
S21404FE90041F0410101111011101010111040805B9
S21404FEA00115131111111101041111110A1108027F
S21404FEB001081100080E0D0E160E02110D060C098F
S21404FEC0040B0D0E0F160D0E0711111111111F0242
S21404FED004081500000000000004000A0E040200D6
S21404FEE002080E1F001F00081504080809100F0456
S21404FEF00E1E00000200080816110F01110F0F1D38
S21404FF001F040803011515110F110F0E0411111506
S21404FF10040A040202080000001013011911071154
S21404FF2013040805041513111119130102111111F4
S21404FF300A11080104100800000000000000001F59
S21404FF401002150002081504060000041304041029
S21404FF501F10110211100606041F0404151F1101B8
S21404FF6011010111110408050111191101150510DB
S21404FF70041111150A04020204080000001E1101EF
S21404FF80111F021E11040803041511110F1E010E81
S21404FF9002111115041E04020408000000000000EB
S21404FFA00000000A0F1909000404040404000602F1
S21404FFB011040211081111021108060408000200B7
S21404FFC01511111109010111110409090111111169
S21404FFD00109091004110A15110401020808000099
S21404FFE00011111111010210110409050411111157
S21404FFF00110011012190A150A1002020408000062
S214050000000000000004000A04181600080200009C
S214050010020006010E0E1F0E080E0E020E06000248
S214050020100001040E110F0E071F010E110E06110A
S2140500301F11110E0116110F040E040A11041F0ECE
S214050040100E001F001E0F0E1E0E020E110E0609C4
S2140500500E11110E0110010F0C16040A110E1F0CBD
S214050060040600000000000000000000000000007C
S2140500700000000000000000000000000000000076
S2140500800000000000000000000000000000000066
S2140500900000000000000000000000000000000056
S2140500A00000000000000000000000000000000046
S2140500B00000000000000000000000000000000036
S2140500C0000000000000000000000000DC00050045
S2140500D020030164080802000100000000186C6C8B
S2140500E010CE3808600C0000000000007C307C7CD8
S2140500F0C6FE7CFE7C7C000070001C7C7C7C7E7CC6
S2140501007EFEFE7CC63C78C606C6C67C7E7C7E7CAD
S2140501107EC6C6C6C6C6FE7C007C10000C00060061
S21405012060003800060000060C0000000000000015
S214050130000000000000003018188C0000000000C9
S21405014000186CFEFC6A2C1830186C18000000C0ED
S214050150C638C6C6C606C6C0C6C61818387C38C64B
S214050160C6C6C6C6C60606C6C618306606EECEC6D9
S214050170C6C6C6C618C6C6C6C6C6C00C06603800FD
S2140501800C00060060000C00061830060C00000087
S2140501900000000018000000000000181830D60007
S2140501A000000000001848FE162E2C1818303818C7
S2140501B000000060C63060C0C6060660C6C61818D1
S2140501C01C7C70C6F6C6C606C6060606C6183036B3
S2140501D006FEDEC6C6C6C60618C6C6C66CC6600C0D
S2140501E00C606C00043C3E3C7C3C3C3C3E0000669F
S2140501F00C6E3E3C3E3C363C186666C666667E1809
S21405020018306200000000000018006C7C10DC004E
S2140502101830FE7E1C7E0030C6303070FE7E7E3086
S2140502207CFC00000E00E070F6FE7E06C61E1EF67E
S214050230FE18301E06D6F6C67EC67E7C18C6C6D600
S21405024038FC300C1860C6000060660666660C66EC
S214050250661830360CD6666666666E067C6666C6B4
S2140502603C66300C0060000000000000000000FE48
S214050270D0E866001830387E1C7E1C18C63018C0BC
S214050280C0C0C618C6C018181C7C703076C6C60610
S214050290C60606C6C618303606C6E6C606B6C6C0BE
S2140502A018C6C6FE6CC0180C30600000007C6606DA
S2140502B0667E0C7C6618301E0CD666663E56063C78
S2140502C0186666D6187C181818300000000000005E
S2140502D0001800FE7EAC660030186C1818001C0C62
S2140502E0C6300CC6C0C6C60CC6C61818387C38003C
S2140502F006C6C6C6C60606C6C618366606C6C6C632
S2140503000666C6C618C66CEEC6C00C0C606000FE57
S2140503100066660666060C60661836360CC66666A1
S2140503200626066018663CD63C600C181830000099
S214050330000000000018006C10E6DC00600C0018D9
S2140503400C001C067C78FE7CC07C7C067C7C000C45
S21405035070001C307CC67E7C7EFE06FCC63C1CC639
S214050360FEC6C67C06DCC67C187C38C6C67EFE7C09
S214050370C07C00FE007C3E3C7C3C0C3E66701C66E9
S21405038038C6663C065C063E707C18FC663E7E30CB
S2140503901818000000000000000000000000000023
S2140503A00000000000000000000000000000000043
S2140503B00000000000000000000000000000000033
S2140503C00000000000000000000000000000000023
S2140503D00000000000000000000000000000000013
S2140503E00000000000000000000000000000000003
S2140503F0000000000000000000000000000800FCEF
S2140504002C040500010001071C040500000800F87F
S21405041070040500000000000000000083FFBFFF19
S214050420E2FFF1FFF9FFFEFF000000008C00FCFE76
S214050430FFFF000000000000FC00D2104C06FAFF8B
S21405044075009B05F132FFFF3E0062020B3500008A
S21405045025004B01885F00001700E0005E5D000088
S2140504600E008C006A4F0000070025008328000058
S2140504709600FCFEF8006D23441FEEFFC700F20E43
S2140504808E37FAFF5C00A40324A7FFFF3200D601CF
S214050490AD3400001F003001004D00001200C00002
S2140504A0CA4A00000B006E00F73C000005001F005E
S2140504B02F20000000000F400000000000040F4041
S2140504C00100000067452301EFCDAB8998BADCFE35
S2140504D010325476C3D2E1F00000000000000000A0
S2140504E000000000C1059ED8367CD5073070DD17A4
S2140504F0F70E5939FFC00B316858151164F98FA7E7
S214050500BEFA4FA46A09E667BB67AE853C6EF37212
S214050510A54FF53A510E527F9B05688C1F83D9ABC4
S2140505205BE0CD1980000000000000000000000020
S21405053000000000000000000000000000000000B1
S21405054000000000000000000000000000000000A1
S2140505500000000000000000000000000000000091
S2140505600000000000000000000000000000000081
S214050570000000E1000108070F000A00C80020007F
S214050580A000010000000000A00068010A20070680
S214050590020A0407000000020700010410400100DB
S2140505A00000050000000002000003000000000037
S2140505B0600C0500B00B0500D00B0500FC0B050014
S2140505C0A00C0500200C05003C0C050000000000F2
S2140505D0000000004E0C00000000000000000000B7
S2140505E0E8C404000000000000000000040000004D
S2140505F000000000E2FF5000740C0500000000003B
S214050600100C050000000000F40B050000000000BB
S214050610180C050000000000E40B05004806050060
S214050620C40B0500000000000C0D050000000000CE
S214050630B40C05004A060500340C050050060500F6
S214050640000000000000000008000400FB00000099
S214050650030000004145532D3235362D43434D2AC0
S2140506602D4E4F2D544147004145532D3139322DDE
S21405067043434D2A2D4E4F2D544147004145532D9A
S2140506803132382D43434D2A2D4E4F2D54414700C8
S2140506904145532D3235362D43434D004145532DA7
S2140506A03139322D43434D004145532D3132382DD6
S2140506B043434D004145532D3235362D45434200C3
S2140506C04145532D3139322D454342004145532D81
S2140506D03132382D454342002608000080000000D0
S2140506E0A80605000C000000010000001000000030
S2140506F0EC07050029090000800000007C060500BF
S2140507000C0000000100000010000000EC070500CA
S2140507100201000080000000CC0605000000000075
S2140507200000000010000000D407050027080000A0
S214050730C00000009C0605000C000000010000003B
S21405074010000000EC0705002A090000C0000000A4
S214050750680605000C0000000100000010000000FF
S214050760EC07050003010000C0000000C0060500F8
S214050770000000000000000010000000D40705007F
S2140507802808000000010000900605000C00000087
S2140507900100000010000000EC0705002B09000012
S2140507A000010000540605000C00000001000000D2
S2140507B010000000EC070500040100000001000021
S2140507C0B406050000000000000000001000000050
S2140507D0D4070500020000000DD2030009D203006D
S2140507E005D20300EFD10300DDD1030002000000AF
S2140507F000000000D3D10300D3D10300BDD1030010
S214050800ABD103000200000010070500030000003E
S2140508106407050004000000B80705002600000070
S214050820D8060500270000002C0705002800000054
S2140508308007050029000000F40605002A000000D0
S214050840480705002B0000009C0705000000000077
S214050850000000004B60D2273E3CCE3BF6B053CCA2
S214050860B0061D65BC86987655BDEBB3E7933AAAE8
S214050870D835C65A96C298D84539A1F4A033EB2D7B
S214050880817D0377F240A463E5E6BCF847422CE198
S214050890F2D1176BF551BF376840B6CBCE5E316BDC
S2140508A05733CE2B169E0F7C4AEBE78E9B7F1AFEA0
S2140508B0E242E34F512563FCC2CAB9F3849E17A7EB
S2140508C0ADFAE6BCFFFFFFFFFFFFFFFF00000000DD
S2140508D0FFFFFFFFFFFFFFFFFFFFFFFFFFFFFFFF1E
S2140508E000000000000000000000000001000000FD
S2140508F0FFFFFFFF5348413100534841005348412D
S21405090032323400534841323536000018090500A6
S2140509102009050028090500F40805000214400012
S214050920FD080500031C40000409050004204000DE
S214050930000101020102020306060102031201007C
S21405094000000102020102070B0B0701160C00004E
S2140509500108080000050108FFFF02FFFF0808025E
S2140509600204FF010022FFFFFFFFFFFF030404FF51
S214050970FFFFFF2A01020404131510801A80128057
S21405098080000F0E0C080C080D18100050004000D3
S2140509900800500024000400900150024000900119
S2140509A0AE01100001010201F4010000FA0000008A
S2140509B096000000640000004B00000032000000B6
S2140509C01E000000140000000000000062675F6D56
S2140509D065737361676520726563656976657273AD
S2140509E00062676275660061636C006C6C5F636FBE
S2140509F06E6E656374696F6E006C6C5F6164765FBE
S214050A00736574006761705F636F6E7465787400F4
S214050A106C6C5F76616C696461746F72006D65738A
S214050A20685F70726F765F64620062675F6D65739C
S214050A307361676500736F66745F74696D65725F71
S214050A406D65737361676500666F756E646174695D
S214050A506F6E5F636D64006C6C5F6164765F73795F
S214050A606E63006C6C5F7363616E5F73796E6300B3
S214050A706761705F706572696F6469635F616476EC
S214050A80006761705F706572696F6469635F73792B
S214050A906E63006C326361705F636F635F6368618A
S214050AA06E6E656C006D6573685F70726F765F64F9
S214050AB0625F6170706B6579006D626564746C73F6
S214050AC05F636F6E7465787400000000E1090500C9
S214050AD0E7090500EB090500F9090500040A050004
S214050AE0100A05001D0A05002A0A0500350A050034
S214050AF0480A0500570A0500630A0500700A05003E
S214050B00810A0500930A0500A50A0500B90A05002D
S214050B1062676275665F696E0062676275665F6FBB
S214050B2075740062676275665F6E6F666C6F7700D8
S214050B3062675F6D616C6C6F630062675F72616EA2
S214050B40646F6D5F61657300497253144972FF00E7
S214050B500102030405FF0049725314497207490749
S214050B60CDF6145300720000DD280400C9A101006B
S214050B7001BE0100CF280400752A04006F2A040070
S214050B80D5C60100B3270400232A0400712A0400F1
S214050B90732A0400172A0400819B0100B12604006D
S214050BA0D19C010001020C000000040000000800B2
S214050BB00200000000000000000000000000000029
S214050BC000000000BB28040000000000A009040285
S214050BD00400000000000000000000000000000007
S214050BE000000000C5280400000000000304020001
S214050BF0A0120501D1280400000000000500000031
S214050C0000000000000000000000000000000000DA
S214050C10000000000000000045A3010000000000E1
S214050C204600000000000000000000000000000074
S214050C300000000075A30100000000000A00000087
S214050C40000000000000000000000000000000009A
S214050C50A0000104A001010700000000000000003C
S214050C600100000000000000000000000000000079
S214050C7000000000ADA4010000000000020408000A
S214050C80A0090609A0070605A00D0600A00A06028B
S214050C90A0020604A0050607A0020608A00506068B
S214050CA0060000000000000000000000CDA50100C1
S214050CB095A50100F5A5010000000000000004024E
S214050CC00503060107010108090A0000A001040141
S214050CD0A0035C01A0015C02A0025C00A0030F0358
S214050CE0A0030F04A0020F09A0050F02A0050F0020
S214050CF0A0010F01A0120100A0030106A004010334
S214050D00A0020105A003010801010204652A0400EA
S214050D10000000002000011559A5010062676170FA
S214050D206920627566666572730001000200000040
S214050D3000000000030000000D0003000200010093
S214050D4005000102036761747420636F6E6E656348
S214050D5074696F6E00000000FB349B5F80000080A6
S214050D600010000000000000CF400400CD31040054
S214050D7069270400B9410400A0050902A007090473
S214050D80A0040903A0060905A0030900A003090697
S214050D90A0070A00A0080A03A0030A04A0010A0582
S214050DA0A0060A01A0070A02A0060901A8031B005F
S214050DB0A80C1B011B0000000000000089E40100D0
S214050DC00000000000000000A8042300A80423017A
S214050DD0A80423022300000000000000C9E6010065
S214050DE00000000000000000A8021417A805140C57
S214050DF0A8041402A8051403A8001418A8031404CC
S214050E00A8051410A8081411A8041412A80714009D
S214050E10A8021405A808140BA8051408A805140E9E
S214050E20A805140FA8021414A8021415A80214196C
S214050E30A802141AA8071409A8061401A80214077C
S214050E40A8021406A800140AA8051416A800140D6E
S214050E501400000000000000A1E8010000000000EA
S214050E6000000000A8041800A806180118000000D5
S214050E700000000000000000000000000000000068
S214050E8026000000000000008DF0010000000000B4
S214050E9000000000A8022202A8032201A8002204DE
S214050EA0A80622032200000000000000C5F101008C
S214050EB00000000000000000A8121900A80519018E
S214050EC019000000000000000000000000000000FF
S214050ED00000000028052306C5E7010028002301B9
S214050EE0ADE701002802230371E80100280023006E
S214050EF091E701002802230589E801002800141C53
S214050F0061EF01002800140065F0010028001415A3
S214050F10C9EF01002829140409EE01002815221A34
S214050F2021F401002808220CFDF201002808220AF7
S214050F30C9F2010028062213ADF30100280E22117E
S214050F4035F301002802220161F20100280322037D
S214050F5091F2010028081904F5F601002806190380
S214050F60BDF601002809190185F60100053B00209C
S214050F70063B0020073B0020271800DD2A00DB2A59
S214050F8000DE2A00DC2A0000000000000001020442
S214050F900810204080000000714304000D03020085
S214050FA071020200BD43040003010200700BAFDFAF
S214050FB0D5ECC39B3704A12C0767869C0000000070
S214050FC019F3020000000000000000000000000009
S214050FD005000000000000000000000000FFFF0004
S214050FE000000000000000000000000000000000F7
S214050FF000000000000000000000000000000000E7
S21405100000000000000000000000000000000000D6
S21405101000000000000000000000000000000000C6
S21405102000000000000000000000000000000000B6
S21405103000000000000000000000000000000000A6
S2140510400000000000000000000000000000000096
S2140510500000000000000000000000000000000086
S2140510600000000000000000000000000000000076
S2140510700000000000000000000000000000000066
S2140510800000000000000000000000000000000056
S2140510900000000000000000000000000000000046
S2140510A00000000000000000000000000000000036
S2140510B061170200000000000000000000000000AC
S2140510C000000000000000003F4A04005B4A0400E0
S2140510D0DB4A0400DF8A040019ED010081ED0100FA
S2140510E0A5ED0100C5ED01000100000002000000AD
S2140510F002000000010000001000000010000000C3
S21405110001000000080000000800000003000000C1
S21405111085000000030000008500000001000000B7
S21405112004000000040000000100000002000000AA
S2140511300200000004000000080000001000000087
S2140511401313804B83838A03028383000101010105
S2140511500001010001010001010001010203044430
S2140511604C59464644464754545400010100020271
S2140511700485068702050202020303000101010039
S21405118009000509464746120200800312020304B9
S214051190000004850687000001000000040000002A
S2140511A0010000000400040001000000100000001B
S2140511B0000088000100008011000080010000008A
S2140511C00200030002000000040000000C000000FE
S2140511D00100008002000000010000801F4D040091
S2140511E0614E0400C94D0400CD4D0400C54D0400F4
S2140511F0B14D0400553D0200000000000D3B020005
S21405120000000000000000000000000005020302C8
S21405121002020204F9470200494202008142020026
S214051220C9420200D9420200035204000D520400CE
S2140512301543020032000000000000000A020664A2
S21405124000000B0000000100440000000300300011
S21405125000001010010000000F1006000000151019
S214051260C84C0100121030000000111000030000E9
S214051270131000300000141000800000021100005A
S2140512809E090111000060060212000000200012EF
S21405129000000020011200000010051200000040AA
S2140512A00812000000800F13000004000712030058
S2140512B0000010130C0000001113100000000114AC
S2140512C0000100000014400000000114800000002A
S2140512D0000003B76D7D01000C4892820200700085
S2140512E000000300800000000000DF2A00AF0100B8
S2140512F020550050020000807F000300000080009B
S2140513000000E72A000001001855000004000080D0
S2140513104E2705000000B1D80A00DB0000000B00D0
S214051320240100000C00000600000D000008000067
S2140513300E0000B001000F00004002001200000081
S214051340500013000000A000140000000003150064
S2140513500000000400100E00000001101000000040
S2140513600210E01E0000031000010000041000E05B
S214051370000005100000010006100000020007101E
S2140513800000180008100000040009100000E02AFC
S2140513900B10000000550A10000000800A10070018
S2140513A000000C10080000000D10100000000E10C4
S2140513B0600000000F100003000010108000000001
S2140513C01210000C0000111000300000131000C0B1
S2140513D00000001100000F0001110000700000124F
S2140513E0000080480112000000930212000000244D
S2140513F002120100000003121E0000000412C000C5
S2140514000000051220000000061200030000081266
S21405141000040000001300B8AB0001130000001E16
S2140514200213004054010313000000E00313840078
S21405143000000613320000000413001E000005130A
S2140514404901000007130020C02A0A1300C0010046
S2140514500B1300001C000813000000800913000091
S21405146022550813070000000F130000EE0E101398
S214051470000000201113000010110412000000C027
S214051480001477000000011488000000021400F51F
S21405149000000314000A01000414000056DF0514BA
S2140514A00000A82004147B0000000514840000003A
S2140514B040120500000003005212050040000F0010
S2140514C0AC12050060000600D0120500008004007E
S2140514D0E812050020800400001305004080040083
S2140514E01813050060800A005413050000820C00DE
S2140514F09C13050020820E00F013050040820A00AA
S2140515002C1405006082090062140500808205001F
S2140515108014050000830600A4140500208302003D
S214051520000000000000000064000000000000004D
S214051530E80300000000000010270000000000007F
S214051540C0270900000000000A10001006000A1057
S21405155009100710061002100410000000000710FE
S214051560001004000710061002100410000000000A
S214051570000000000F100E1001000F100000000004
S214051580000000000000000000001110131001000C
S2140515901110000000000000000000000000000020
S2140515A012101310010012100000000000000000C9
S2140515B000000000000001130010060001130013D0
S2140515C00710061002100410000000000413001097
S2140515D00800041303130113001307100610021066
S2140515E00410061302100100061300000000000098
S2140515F000000000000000000B10011002000B1098
S21405160008100000000000000000000000000810A0
S2140516100110010008100000000000000000000096
S214051620000000000513011003000513021308103F
S2140516300000000000000000000002130110020078
S2140516400213081000000000000000000000000063
S2140516500712061201000712000000000000000035
S2140516600000000000000813001008000813071308
S2140516700113001307100610021004100A130210B7
S21405168001000A1300000000000000000000000032
S21405169000000B13021001000B13000000000000F1
S2140516A00000000000000000000318004979020051
S2140516B0DD5D0400F55F0400C75F0400C95D040036
S2140516C05F6004005B600400AB6004008B5E040092
S2140516D0010041003D630400096404001F63040023
S2140516E0A1790200CD62040031640400D1620400D1
S2140516F08F630400000000002C31A47B5779809E80
S214051700F44CB5EAAF5C3E43D5F8FAAD4A8794CBC0
S214051710987E9B03745C78DD919512183898DFBE29
S214051720CD52E2408E43871FD021109117BD3ED47F
S214051730EAF8437743715D4F008D0297CCB3E7C750
S2140517406B152E0FB025E4E71E3929A0F09D2B8CCE
S21405175045F168B87E16041DE44B024CB80634FC09
S214051760D0706C24A833EDDB2EB57151510316C924
S214051770893EE4B4BC85F6DE5900F465E43FF23DE7
S2140517803F1B9DC7DFC04DA8758184DBC966204712
S21405179096ECCF0D6CF5E16500CC0201D048BCBBDC
S2140517A0D899EEEFC424164E33C201C2B010CA6BE8
S2140517B04D43A8A155CAD8ECB279006D7B0200F15D
S2140517C079020000A3640400897A0200117D0200F4
S2140517D0C97B020079820200458102005D85020010
S2140517E009850200E97F0200397E0200E1850200D4
S2140517F0A5640400FFFFFFFFFFFFFF0007000000D2
S21405180002000000070000000B00000007000000B3
S21405181005000000050000000000000000000000B4
S214051820020000000400000007000000020000009F
S214051830070000000B000000070000000500000080
S2140518400500000002000000020000000200000083
S2140518500400000025000000057A0400497A04000B
S214051860BB7A040000000000000000000000000035
S2140518700125736225736225736225736200736D95
S2140518806B3200736D6B34006964360100707263E9
S2140518906B007072636B323536007072736E007053
S2140518A072736B0076746164007072646B00736D9E
S2140518B06B33006964363401006E6B626B006964D5
S2140518C031323801006E6B706B006E6B696B000011
S2140518D039880400A1E20200E585040035D502003A
S2140518E09D820400AD820400E78304009183040012
S2140518F0C1D80200FDD20200E78604006D8504000B
S2140519000B850400D5840400A18404004B840400E0
S2140519102D84040019D60200C1D70200C186040032
S21405192013860400A18604000000000000000000E5
S214051930000000000000000000000000000000009D
S2140519400000000000000000000000009C190500D3
S214051950A01905006C19050000000000D019050047
S214051960000000010000000000000000000001006B
S2140519700800040004000400040010002000040011
S2140519800400040010000400040000000000000825
S214051990041000080202030410000000000A0000FC
S2140519A0140000000700000002000000C800000048
S2140519B03200000001000000640000000300000083
S2140519C002000000102700001400000002000000BE
S2140519D053696C6162734465762D00000000000053
S2140519E00091E3720796E4750E9FED7C0998EA7BF5
S2140519F01C8DFF6E1B8AF8691283F1601584F667E5
S214051A0038A9DB4A3FAEDC4D36A7D54431A0D243D4
S214051A1024B5C75623B2C0512ABBC9582DBCCE5FC4
S214051A2070E1930277E694057EEF9D0C79E89A0BB4
S214051A306CFD8F1E6BFA881962F3811065F48617A4
S214051A4048D9AB3A4FDEAC3D46D7A53441D0A23394
S214051A5054C5B72653C2B0215ACBB9285DCCBE2F84
S214051A60E0710392E7760495EE7F0D9CE9780A9B74
S214051A70FC6D1F8EFB6A1889F2631180F564168764
S214051A80D8493BAADF4E3CADD64735A4D14032A354
S214051A90C45527B6C35220B1CA5B29B8CD5C2EBF44
S214051AA0900173E2970674E59E0F7DEC99087AEB34
S214051AB08C1D6FFE8B1A68F9821361F0851466F724
S214051AC0A8394BDAAF3E4CDDA63745D4A13042D314
S214051AD0B42557C6B32250C1BA2B59C8BD2C5ECF04
S214051AE0D19704004D030300C10303003D0A03001C
S214051AF0A909030095030300090500000A0500006F
S214051B000B0500000C0500000D0500000E05000085
S214051B100F050000100500001105000030313233B6
S214051B203435363738394142434445464748494AAD
S214051B304B4C4D4E4F505152535455565758595A73
S214051B400A00000064000000E803000010270000FB
S214051B50A086010040420F008096980000E1F5053A
S214051B6001020203000000006D2403006124030047
S214051B7049240300A52403005524030023AC0400D0
S214051B805DAC040083AC0400A5AC0400C7AC04003F
S214051B9021710300D9700300E5700300B5710300D9
S214051BA00FB10400D5A90400D9A90400E5A90400CD
S214051BB0DDA90400E1A904000000000048010000BA
S214051BC0801700200001030383FF0000010000804A
S214051BD0FF7F00000080FF7F02010080FF7F030279
S214051BE05241494C000000005000000081300300BF
S214051BF0A0000000412F0300000100FA04FA0000CF
S214051C0033330A0A0A0008400021000000000000DD
S214051C1000000000000101010000010100000001B4
S214051C20D1840300958603002D860300656B0300AB
S214051C30496B0300020203020202020405040404BF
S214051C40010102030000000148700E0E44709A0D53
S214051C503070DA123C70DA163870F60D34701C0ED9
S214051C603070700F2C70700F2870521124706A1126
S214051C702070000E1C70F611187068121470FC0D9A
S214051C80B110076001D80A7108B87F78020C7E7813
S214051C90641000C6A01F00218CB8707801B00768D4
S214051CA00F305CB30F330111C048069846022FB0BB
S214051CB006D80C7109DD087100B853A809BB1110C8
S214051CC0076801682148076004100112FF32215099
S214051CD007605148076000880698841300C43C1FB7
S214051CE0002103DD087214BA281400A000BA03DF29
S214051CF0107109DF06720298E8058CB8507800A0C6
S214051D004413281441158110076002D814711088F1
S214051D100698EE1B00C00C7008400698481E0091F9
S214051D2006985C020060B83020D8067190BC637CCB
S214051D30084D5412F03240DE0472404804DB087247
S214051D400DDD0C72044BEF30144806989E0700C450
S214051D50E01008404412076201322140084C287CF6
S214051D60811140D91C72B1123032CF4A013AB1DA2C
S214051D70107208D8067104D80871B04C237C3E70E2
S214051D80684C4412FF328722047580B8D84C81D837
S214051D90307140D90472237C084B06989E0704BA16
S214051DA088B9767900C1186008403579E049007928
S214051DB006B904A901D86C72BC4C307C02982E0278
S214051DC008D83C7100C14C000840141110D9307178
S214051DD0104C00C11400084014111814076100C502
S214051DE0206008405415FF35047110491814A84C96
S214051DF0441207620132067102981201B84C08D8DF
S214051E000C7107BA24D8047106BA187004D80C7178
S214051E1001BA40D80E7102BA0A7005BA20D8047203
S214051E2003BA604C4411404C1814076118149111FC
S214051E30383111429111076910D90472EF3200C189
S214051E400060084014111031016911422814A111CF
S214051E500761181406982E1E181400C10060084065
S214051E6014110769FF31181400C13C3008401411DD
S214051E701814076118143088024806984806009317
S214051E8008DB047101F800A05CB00F3000A01088D4
S214051E90B111076980D90A7100C180000840081190
S214051EA0009100A000C400010840441000A000C036
S214051EB020300E40041104101050F47200A0541582
S214051EC0504512710698A8070698380718B870780E
S214051ED000B8417806983C0390BA5B7A5C7A5D7ADE
S214051EE000C218500840241200C14C1F00212811BA
S214051EF00698F81B2088008800C5401F0021541549
S214051F005112FF350762FF320698660201595129BC
S214051F10047511590090212920750698FA0406982B
S214051F202A050698F602009203D80C7281110761FD
S214051F3002D90472FF0FBA7018B8727800F804D880
S214051F4042710088308800C0FC1F0021041000C1C3
S214051F504C1F00211412012A215A00C318500840AC
S214051F603413312A1A7500C0006008400410073083
S214051F70FE200C76381108B87F78020C7E78009320
S214051F80009000A000C0F41F0021041000BB1DB483
S214051F9000A000C1DC1F002114111088FF3100C508
S214051FA0FFFF0000311207620762513A513B0E727D
S214051FB00698160D1159011201131E70311400886A
S214051FC031100698160D1159415C41280698180DD2
S214051FD0513801130090012B0090208807600114EA
S214051FE00760FF30215D411207620762312D0876D2
S214051FF0FF34415C4128015D31100698180DFF300D
S2140520003088011300C0E01F00210410512B0C7608
S214052010076801150768FF356070315BFF32212BB5
S2140520200C75076001150760FF354E7000C5E41F87
S21405203000215415076507655112FF35FF30012B42
S214052040087521100760327021100768FF30012BD4
S2140520500A75211007600760207000C2E81F00217E
S2140520602412211007600760FF30012B0875211028
S2140520700768067021100760FF300093009200C1C4
S2140520800060084014142C490734FE242A761415DB
S214052090F0BC076C513C076803680154107100C416
S2140520A0FF0FFFFF513C01444811311200C5E81FE0
S2140520B000215415FF35076207622143544914125F
S2140520C02155FF355152281100A000DF0672011375
S2140520D014703111312B112B016300C1FF0700006D
S2140520E0113B012B00C278FEFFFF05B86EBD312AF5
S2140520F0207505B8C8BDE8221875DCBD06B8DC2213
S214052100107507B8F0220A7508B8E822047509B8EC
S21405211000C10060084014122C490732FE221676CC
S2140521200768036800C2FF0FFFFF1414213C014433
S214052130481150BD544914122155FF3551522811E6
S21405214000A001D82C71008800C004700840041057
S2140521508020FF301A7100C1B01E002114110761DE
S21405216020D9087106988204067006984A030090DE
S21405217000A002D8047200A00088069838071DB48F
S21405218028B9112C408800C3EC1F002134144044A4
S2140521905A7144130698A805411500C0006008400A
S2140521A004100730FD20447500C20870084024104E
S2140521B00760FF3080DC34710698520D01591C4AC1
S2140521C0241007600260FF300698520D0158B220B1
S2140521D00129541331100698520D11280A75042545
S2140521E054155045EE720698A8050094009000A078
S2140521F07FB9066100C01C60084006988A1304155E
S2140522005153113B3155581002988413EBBD00C04D
S2140522103C1F00210411113D10D91271FF33076BC5
S21405222000C190400846381118B97479581000A0B6
S21405223006985C028024E4240D300472044800C12C
S2140522401C510840141100C3D81E002191150435F1
S2140522501A72181388BB08D804716C7B04D80471ED
S2140522606A7B8CBB2F7C5B7B1670044B181388BB74
S21405227008D804716F7B04D804716D7B217C0C3003
S21405228001600698240706980C0C0698D40700B833
S214052290B111076940D906720298080701BC00C249
S2140522A00060084000DC0A7124150165604A0A7062
S2140522B01C4A241507657C4A043508D92071202454
S2140522C0512A241200C180000840320C28110762EA
S2140522D028110762281107622811500C00C1341F07
S2140522E00021141200DC347120D8067101B80C7078
S2140522F0F0DA0C720CDB087102B806982C07482435
S21405230000C3306108403413076380DB0E7102B9E1
S214052310911308DB047203B906700C49141100C347
S21405232080000840FFB801201141087101411813CB
S2140523300824014200C12000084014110141036D24
S214052340514191152035016D514118132813481335
S21405235000C37C000840341003D80C71073005DC38
S2140523600671084B227B8CB8507800B800C1341F24
S2140523700021141203682150F0300152281100A0E4
S2140523804024066400C0FFFF0100013C1DB002208A
S2140523900158402806751EAC01EC00A0208800C038
S2140523A01850084004121DB4211304123052F87157
S2140523B0066C402400C3741F0021341014110698BF
S2140523C0820D0669009211592129067600BB11591E
S2140523D006983A0D80B80158013A0662313B0472F8
S2140523E0215A412A00A000C200010840317A00A007
S2140523F0308880B9076900C30000C0FF3110312856
S21405240000BC002D0C7511541EAC01EC312DF4707A
S214052410066C51134155312C009300A000C028408E
S2140524200E400413315107610C31076911533810FA
S21405243000A00698EC0800C0F41F002104110698B9
S214052440D407217A237A00C30000100006981408E2
S21405245000C0541F00211DB1181000A000C0501F59
S21405246000211DB1181000C09C1F00210410002D6E
S214052470067500B826A80698A80700C09C1F002168
S2140524800410012C06750698380728B010B911599E
S21405249011380EB9114028A880B800C1443008404C
S2140524A0081100C1F01F00211410303B06710760AB
S2140524B0076000C40830084044111150FF30015130
S2140524C018146FB8076826A8217A050C211020482D
S2140524D0267800C063EF0000314026A8050C20ECE6
S2140524E0B11140D90872247A20EC217A184826A81A
S2140524F028B00AB901510F31115028A8050C207AC9
S21405250020EC0F0C98B8467841780698660200C20B
S214052510401F002124100151FF311150081200A060
S2140525200698EC0800B826A800C0581F00211DB163
S214052530181000A030B840780DB101D9FC72427869
S21405254000C074300E4004114CBA407A1810144876
S21405255004115C7A1810A4BB707B4E7B4F7B00C2BF
S2140525600430084000A00698EC08217A227A00BBC1
S2140525700698140800C0641F00211DB11810A4BBDE
S21405258000C040300E400411033101492872B112D3
S214052590076207623048041121510F3118726E7BAD
S2140525A06F7B104804114CBA7C7A18101448041135
S2140525B0607A1810B11002D81071707B30B8627846
S2140525C060780DB001D8FC7100C0F86008400411B1
S2140525D001D90C7100C01800084002B9181008B8D7
S2140525E06E780EB84EB110D90C723EA8140C0FB802
S2140525F03EA8107044A8140C01B800C1AC300E40BB
S214052600081100C077801F003DB201423DAA00C0F8
S214052610FFFFFFFC013A3DAA140C00C077E01F003F
S21405262001423DAAFFB845207D7808B87E7800C1EE
S21405263024600840141107610631087100B9069830
S214052640D01006988A13B11101D90E710698541E3A
S21405265002D906720698520C0698841351140698E9
S2140526603807F4B845780A0C00C0601F00211DB174
S21405267018100298AA10FFB845205D7803B80760C1
S21405268044A83EA800C1AC300E40081110B8076833
S2140526903DB101393DA908B86F7800A046A800C02D
S2140526A0FFFF0000013B076356AB94BA437A01D996
S2140526B01471013C47B300C0FE20FFFF013B3144C7
S2140526C047AC637AFFB82120407802D90471607858
S2140526D000A0C8BC066C415C512C067506983807E8
S2140526E00698300EB110076805D8367140BA0698B8
S2140526F05A138CBC7F7C08B86578911004D818717D
S21405270088B86E78577800C0640008402178069827
S214052710F81001400872427C069896130298E40B5E
S21405272008B86C7820B859785B7800C0F440084043
S2140527307878797800C1C81F0021141040A8184978
S21405274014130449408814140C4914118112076A9D
S214052750006A01DA187188B8577800C0CC1F0021C6
S2140527600410016107630763076407640698540A43
S21405277000944EB010D842724DB161B80158113868
S21405278040B102D90A72604804BB4154087020481B
S21405279002BB02BC4DA8F8B87078190C3EB1414191
S2140527A03EA9F4B973797378717800C4F840084087
S2140527B000C200410840227000C20000010044AA81
S2140527C0230C00C200000B0044AA00C410410840B8
S2140527D000C21841084004BB587C050C597C0C24E3
S2140527E00F0C2FAB050CB11008D81471647A657AF6
S2140527F01CB879787B7820B879787B78607CF42467
S214052800411306989E0751144044067506983807E6
S214052810727BFFB84D20050C687840EC00C05C1F45
S21405282000211DB11810911004D8147100C0B01EF7
S2140528300021041080D806711CB8737800F818B803
S21405284000C1D41E002100C21850084024122811C9
S214052850777800F800C0B860084004110761076182
S21405286080D9047240EC00C4F84008404EB010D839
S2140528700471182441130C23527C407B11512FA957
S214052880050C797C0A0C00C0000001020814787C4F
S214052890050C507C08B86D7800A000C0287008406C
S2140528A00411108800C1001800401810444804118F
S2140528B0108878480411108800884CBA757A181064
S2140528C03DB11088F4B84278442072782848737869
S2140528D0F8B873784FB200C4FFFF8080413A4FAA1C
S2140528E001BC01644113076300C06C70084003B95E
S2140528F018100110011001B918100110011001106F
S214052900011068480411076101B80160003A0471B6
S214052910044904D9047241520760003A0471084913
S21405292008D9047231520460003B0E7200630064DD
S214052930314241424FAAB2704FAAF8B853781820D0
S21405294053782848527800913DA9009000911810B8
S21405295000917848181000914448181000A01159A5
S21405296010D906710760076008D90471076004D995
S2140529700471036002D90471016001D90471006015
S21405298000A000BA01D806710148112A0069006046
S21405299001D8F6720138F67200A08020FF30FF4895
S2140529A0812000A002EC00CA02EC00C8076A0142BA
S2140529B002EC00C8076A014202EC00C8076A014239
S2140529C000A000C21850084024121159212912737C
S2140529D000210E7100C23050084024120121212921
S2140529E000A00698EC0888B8577800C57C1F00211B
S2140529F05088044D88BC00C0BC1E0021811101D939
S214052A001E71407C009501157C4D5088044DFFBB1A
S214052A10076B315B041106987A0D3129F87506980F
S214052A20421D54150698541E01D9087206981E09AB
S214052A3006700698800988BB547B009500F80698B2
S214052A402E0A0E7006980C0C06982E0A0698D611B5
S214052A500698D8089112211900C0246008400A7803
S214052A60097800F810B901BA069850130698AA1006
S214052A7000C57C1F002100F89112033288B900C3F7
S214052A80B01E0021341300C4A81008408CB8427844
S214052A90707903DE0671447872707179A11020D8BA
S214052AA00A7106981E0902987C0F80DB507102D8C1
S214052AB04C7205B830880763076302DB2A7100C3CA
S214052AC0AC0008403413066380DB0472804800C3FC
S214052AD0102008403413315B0472404831283128F1
S214052AE002600814076800930814A1101030024805
S214052AF0081400B808149110076008148CB862789A
S214052B00A11000DC0676517900BA80DB3A7100C068
S214052B1000000200003B307150884110344803DE47
S214052B2004719048041508200411F82058101C203C
S214052B30217800C0A40008400E7810D904722E78BB
S214052B400698A0160095911120310269911004D8B7
S214052B500E7200C1481F0021141101D90A71208880
S214052B600698D010009200C1180008400533054BA2
S214052B701872184C03DE0471904C441400C3FF1FF2
S214052B800000413BFF233811B84900C330610840B7
S214052B903413076380DB0E7103BA076A0698640F61
S214052BA000BA0870076A0698640F04490879097917
S214052BB014102140081100A000BD0698400210B967
S214052BC003DC047100B901BA0698501302D90671E0
S214052BD000404E7201B107690F310698F810FFD80C
S214052BE02872811008D8187106DD0A710698400209
S214052BF003DC0C7206983E11069896130C7006DDDB
S214052C00107106984411487020B802A806DD1072A7
S214052C1006982E0A0698D80801F840B802A800F8C3
S214052C2000C0B01E00210413076301DB227191105A
S214052C300111076911388CB910D8087144790298C2
S214052C407C0F02DBFA72A11328DBF47203BD06982B
S214052C509E1006982E0A00C5801F00210698400281
S214052C6000BA03DC4A72044DA11002D804710C4D5B
S214052C7000C0140008400410026800C3701F00213D
S214052C803411112800C1306108401411076180D93C
S214052C900C71911108D90671FC230C4DFC233411D7
S214052CA006983A0D00C10C5108400698540754156D
S214052CB0212D00C0F8600840041101D9227100C01A
S214052CC0381F00210410033001DC147200C0140004
S214052CD008400411FB21087607BA076A212D0698D5
S214052CE0EA0702988A0A91100155033551500119D1
S214052CF000A000C1441F0021141001D842710148EC
S214052D000760FE200E75811020D8087100C1481F87
S214052D100021141101D9287100C02460084004124E
S214052D20215107610F3107691152281000C0006054
S214052D30084004119112215120311152211900A089
S214052D40811380DB067201B800A000C30C50084052
S214052D503410063030727C4B34122C4B341007601E
S214052D60076040302072811080D8DC713410014A2B
S214052D7007620360803021508C480A717F235523F3
S214052D803410013000A000BD06989E1088B847781C
S214052D904578437800B8447800A006982E0A069829
S214052DA03E1100C58C1F002154150698EA070298A7
S214052DB08A0A00C374000840027B06988A1350BA34
S214052DC006985A130698F810FFD84A71911004D839
S214052DD04872811007601CD8407220D938721112CB
S214052DE0FF322151347180218021111400C0E01E6C
S214052DF000210413FFBA3151113A215111538CB9F0
S214052E0038107B7940440E7200B900C2B81E002106
S214052E101812067008B860780698841300F800B98A
S214052E2000C29C1008401812244A0AB9181288BA1B
S214052E30507A517A577A8CB942795F7900A006980C
S214052E40400207DC1072911000200A750698D6110C
S214052E500298280E0698D80801B9911004D804716E
S214052E6000B910BA0698501300BA00402A7100C07F
S214052E70B01E00210411076101D9127104D9E2724E
S214052E808110076001D8DA718CB8647800C11C51CE
S214052E900840069854070698D61100C5901F0021CD
S214052EA05415212D06981E0900C5941F002100F80B
S214052EB000BC811108D9167280D9207201B910BAE2
S214052EC00698501300400E7101BC107006983E110E
S214052ED00698961320B802A800F80698D611811110
S214052EE00231127100B900C20C1008401812244AAB
S214052EF002B9181206983E1100C5981F00215415F0
S214052F000698CC1D02988A0A04110121147188BA04
S214052F10737A042004122811042004110121F47286
S214052F2000A006989E0701F8911010D834710698EF
S214052F303C030698FA0406982A0500C51C51084065
S214052F40541106987A0D00C5D01E00215415512936
S214052F50E27518B876788CB8447801B802A800F8F7
S214052F60B110076810D82E7100C04810084000C37D
S214052F70000008403114884C44113411076101D90A
S214052F80FA71441228100762281007622810076293
S214052F902810E8700298760206985C0211380472CA
S214052FA0016A00BB00C1E01E0021141120390C7215
S214052FB0911210DA0672417B00A006988A1300C2A9
S214052FC0B01E0021241220DA0472617B88BA527A78
S214052FD000A088BA727A811204DAFC7200A088B85A
S214052FE06B78577800C0640008402F7800A00698D4
S214052FF0E4100763076390B9637900B902DB2271B1
S21405300002EC00C909B801D9507200C2AC000840EC
S2140530100E7A10D904722E7A0698A016E03107614A
S21405302002EC00CD114502EC00CC01DB087100BBBB
S2140530300298FE1703B841110731FA211C760621BE
S214053040911210DA087102DD10721E7020B806980B
S214053050160D3038147208B80698240700C02400E8
S21405306008402978207800F8046020D80671029870
S214053070581502EC00CA05B823DA187104DBDA71B4
S21405308020DAD67110DAD27290B8617800B801DA13
S214053090067202EC00C8911110D9267100C1C01E37
S2140530A0002114111150FF300C720661A110115049
S2140530B002300A7180DB0A720AB89E708CB97C7978
S2140530C00768911111402111C0311140011990B8BE
S2140530D0411108D90471667820D904726578A11063
S2140530E002D80672C0DA1E7190B8273123DD087241
S2140530F010DB1072607825DD0A7121DD087208DBA9
S2140531000471627803B8411107310872A11520359C
S214053110AA7102DD3272A11120D9A07102D92872D6
S214053120CCDA9872411140D9927206B802DB10715A
S214053130046500C1102008401411112D112D054DF0
S2140531405C720298E61321114049C0D94E71A03130
S21405315041154035016551410361076308DA1E7262
S21405316004DA38721049A1150235067110DB0E72A5
S21405317001340A7108DB247190B86778CC321110D7
S2140531801A300ADC0872CCDE0471FD3100C00D0F62
S2140531900C0D0698180D01D8607207B80298101421
S2140531A000BA411108D90C7102EC00CA05B830DA2C
S2140531B0EC720734F031026101DA0471014900C08E
S2140531C0F300A3E30698180D01D8D07100C0981433
S2140531D040680698180D4030014440DA0471204CCA
S2140531E004320162204A1110063000680142183187
S2140531F00269114202982E14204A00C0051708508D
S2140532000698180D113001422088FFBB0DDA507163
S21405321000C1DE1B250180BC04DA107208DA0A72CA
S21405322000C120841000E024A02407634143016404
S21405323001DA06711E49024B00C0281F00210763EC
S2140532403810BC2002DA127101B91159A11380DBBE
S214053250087100C100FCFF01181002988A1700C407
S214053260B01E0021441080D87C710092D0DA067119
S2140532700DDA0C7190BD437DEFBD0698C605036259
S2140532800DDA8672A11105D95C7100C238100840A6
S21405329024120C24281401D9067202D9327140D999
S2140532A01E7102EC00CA211018320471FA2220D8C9
S2140532B004720822FE22087502EC00C8F87001D9CF
S2140532C00E7102EC00C802D9067204DC187200C042
S2140532D0B01E00210410026801D8067190B8647803
S2140532E018B873780298FE1700C50020084000C07D
S2140532F00417000008D904720A480815104D00B8CE
S21405330008D90472FF200815084D00C0088400007F
S21405331008D9087200C02083B8ED0815104D207D29
S21405332000A000B8011A00C0740008400278911089
S2140533301030011905BA06985A1302D9067101B854
S21405334002A800C0B01E0021041380DB0671029897
S214053350A61340DB067102983E198CBA7C7A01DB0F
S2140533606C7100C22C1F002124111114FF3402ECCD
S21405337000C8FF24FA7607610698260D0361113802
S2140533800F3003611114011141100698260D01D85E
S214053390087203B8029810141C4A02DB2471241024
S2140533A0112811280412023006710762076200C050
S2140533B0FFFF0000213800C218000840FF20081251
S2140533C0411007600698260D01D87C7120BC103385
S2140533D0767100BB00C1281F00211415C021112CD1
S2140533E05112076A0F320E71408851140698541808
S2140533F04143009451120765036A0F320E7141115D
S214053400511406985418036C41430765513B00C197
S214053410E41E00211411111231100F30127100BA7A
S214053420046101D80471114200600FD8F47231109E
S21405343002601E30047201B8003A087204B8029899
S21405344010140298161600C1306108401411076161
S21405345080D91A7102EC1DB002EC1DB10158112875
S214053460A0B91159112806758CBA637A00C0341FA5
S214053470002104110F3103DD1A7200C000600840F8
S214053480041007D80E7200C01040084004B9181082
S21405349000F80698E4100698C40500F830885088A9
S2140534A0FF34087102ECFF24F87002EC00CD14100E
S2140534B001BB5150FFD8047131440760006B10DB27
S2140534C0F2710421FF22E4720F4C0095009300A0D0
S2140534D000C01860084004100560073000A00CB84E
S2140534E002983A1902EC00CAFFBC80BD06988818F7
S2140534F00448187202EC00C92115F03500650F3234
S214053500076A114200C4FF0F000000C1C01E00215B
S214053510141031110113413B02EC10D90871211426
S21405352000CA2C70305206714052B47221140760DE
S2140535300760FF3055DC187100CA005212710ADEAA
S2140535400E714ADE0A7155DE06713052927200C15E
S214053550C41E0021108806982E1E073111450765E2
S2140535600765414500C30C70084034130763FF33F5
S21405357007633145009158110849281118B8757820
S2140535800BB8029810140763076302EC00CA02DB47
S214053590127155DE067202989C1854DE0672029861
S2140535A09C1801DB12710698600D06985C0D02ECFE
S2140535B000CA0298FE1700C1BC1E002114147C49DF
S2140535C00698600D40522E7204DBE07190B8637861
S2140535D00698881804486E7200BA0698600D21137E
S2140535E0141000C1FF0F0000113A10525471015219
S2140535F0113A067104B88C7000BA0698600D211150
S214053600FF3207611114911010D82271073103DDBE
S2140536101C7200C1C81E00211411FF31115206711B
S2140536200AB8D4708CB97C790298FE17411081309F
S21405363081DC0E72076A034A076A0F4A0698181B4A
S2140536400298FE171410FFBC013C0698BE1B02EC40
S21405365000CA02EC00C902EC00CB076A3142076AD1
S21405366021410F3302EC00CD02EC00CA004008727F
S214053670211302EC00CA07621142911110D92A7172
S21405368021110F3103DD227200C1C81E002114115D
S214053690FF31076A00230C71115308710AB80298A6
S2140536A0AE198CB97C79147021110F31076A02DDC9
S2140536B05A7101DD067103DD4A7200880AB906985B
S2140536C0021B00902111FF32FFDE3871205438723C
S2140536D0FC25187202EC00CA01DE107202EC00CA64
S2140536E018DE087288B877781A700661004004728A
S2140536F0006180D90E714CBA477A06985A1B90B865
S21405370043780298FE1704B89670FF32FF24F875C2
S2140537100BB90698021B2110E03001584128E875C0
S214053720F83002601F32215A0125212DDA75012A4B
S214053730D67602EC00CAFF20FA764111073101B8A9
S2140537400698160D003AC071BA70004008710698C2
S214053750921B0470022106B81159112DAC7500A0F4
S21405376000C5A81008403110036008150111076050
S214053770076007690F30F0311140081507630363CA
S2140537803815281507622815076228157FBA2815E3
S21405379000BA28157FBA281590B8437818B87378F4
S2140537A000A00698CE1B11140CB900400A710064DF
S2140537B00AB90698921B03BD514400C5A8100840D7
S2140537C0202A04752815481507644815181500405D
S2140537D0047238150764481500A00088408800C0A4
S2140537E0C81E002104100760073000C420000840EA
S2140537F04414412C047201244138405004720121BE
S2140538000094009000A000C0C81E002104100760A8
S2140538100730074800A000C2C01E0021241221144C
S214053820076AFF320CDE0A710D4A0671215A00A09E
S214053830FF34411200A000C1B41E0021141100A0DF
S21405384030880698041E8111076102D9067202980F
S214053850E01C88BB557B076120D906710298D01CF1
S2140538600088A11007680698EE1B08211415FC258C
S21405387090BB5C7B5D7B00C100600840141107317E
S214053880FE21307608D82A725113FC23341304DB44
S2140538902071076BFF33315B00C1087008401411B7
S2140538A0076180490C71FF313029607590BB7B7BC1
S2140538B01C707B7B7C7B00DD04717D7B01BB381532
S2140538C08113076B4033067118BB717BEC255413C7
S2140538D000DF5471042505DF547154152111208825
S2140538E006987A0D009251293E7500C10060084081
S2140538F0141102DB0C710731315B31292A760C7005
S21405390004DF0872006180D91E720698EE1B00C09F
S214053910087008400698481E0698EE1B1411FFD935
S21405392060720298261D0090009300A05415A11100
S214053930076910D9A672082508D8A071082510D8D9
S2140539409A712088211106987A0DFC255412112AA1
S214053950F82554110C2520D80871F025541110258A
S214053960202904762159181500920298921C18B938
S2140539707179811010D80A7188B8447800B84178F2
S21405398088B9747908B9677900F88110A0D80871E4
S21405399088B9497900A0076002D8FA710698EE1B27
S2140539A0108806988A130762076210DA08710821DC
S2140539B01415F025541100C20020FEFF20291275AB
S2140539C00698541E01D90A7206982E0A0698D80833
S2140539D000941CBB41100C200698C012411108210A
S2140539E014100698C0123128441111120761FF31D0
S2140539F0FF3201221052107207691814042444136A
S214053A00042438140C700769214118140824081476
S214053A10029884134044147100C1B81E0021141581
S214053A205113036B0FDB0C72066D0698A80741153C
S214053A3000A00698D80806988A1308BB511406985D
S214053A408C1D4415FC2554150298EA0788B900C351
S214053A50B01E00213413076308DB1A718113A0DB3F
S214053A600671497910706979076302DB087208B92F
S214053A70677900F800A08111076102D9107188B92D
S214053A8075790698EE1B1411FF3100A0FFB900A04A
S214053A90041008211411F421081100A081110761F2
S214053AA0076110310E710698EE1B08211411F821D6
S214053AB0141100A09B070000E83B0500F03F050039
S214053AC0C8410500543D0500DC1F04010000000048
S214053AD0000000000000000000000000F01F0201CA
S214053AE03F00370000000000FC1F01010000000039
S214053AF00400020001810100000100001800020018
S214053B00000000000100000028000300000000007F
S214053B100000000000000000A4000300FF4C0000A9
S214053B20FF4D0000FF4D00000020010008070000C3
S214053B3010200100AAAAAA00182001000060DA00D9
S214053B400830010013AC000134300100010000000C
S214053B504030010000000000A04001007A27000F59
S214053B60F4400100201000003441020080080000E7
S214053B70E687000044410100C0E6524D604104005E
S214053B80000000000000000006000000060000001F
S214053B901460010010000000286003000000000308
S214053BA000000000000000006060020029417671F8
S214053BB0000000004C6101000100000020700400B8
S214053BC0000000008200000000008001D500000013
S214053BD0487002003C3D0000BC19000078700100EA
S214053BE006E04900FFFFFFFFC83A05000000000099
S214053BF0003C050001000000000000000000000079
S214053C00243C0500809C2B8F80841E00000000004D
S214053C1027008C0020120020000000000000000095
S214053C2000000000F81F01016C4305003400040085
S214053C301000000000000000F830002020070000FB
S214053C404800010000040000540002000D0F0000AB
S214053C5001010000A000010003C001003030010092
S214053C60F93D1000B840010000C083004041010046
S214053C70E900880018600400300000461F080400AC
S214053C800020001000500A005060040018000500CF
S214053C90000A00000A00800011000A0078600C0087
S214053CA00F04000000000000140012005B948C1B3B
S214053CB00000000001040B192C404C59605B53476B
S214053CC036251B114AF3389667452312110900005D
S214053CD0E46007008208BA8C0000000064048207CE
S214053CE0AC0DCB0C90200600F9541C0082940AC734
S214053CF004610300C7EF1100A01B00000A8800003E
S214053D0020610100FFDF0000306107004CD4E83B6E
S214053D1004196F00080E141A20262C32383E10326D
S214053D205476980A1D5F00001470011000F807000D
S214053D3014700130F800000018700200000300003F
S214053D406000A58370700200060102000F9C030048
S214053D50FFFFFFFFC83A0500000000006C3D0500A8
S214053D60010000000000000000000000903D050076
S214053D70809C2B8F80841E000000000027008C008E
S214053D8020120020000000000000000000000000D7
S214053D90F81F0101B84305003400040010000000B8
S214053DA000000000F8300020201700004800010041
S214053DB001040000540002000D0F00000101000080
S214053DC0A000010003C0010030300100F93D1000DD
S214053DD0B840010000C0830040410100E9008800AA
S214053DE018600400300000461F080400002000107C
S214053DF000500A005060040018000500000A000084
S214053E000A00800011000A0078600C000F0400000C
S214053E1000000000140012005B948C1B00000000DC
S214053E2001040B192C404C59605B534736251B1172
S214053E304AF338966745231211090000E460070027
S214053E408208BA8C0000000064048207AC0DCB0C17
S214053E5090200600F9541C0082940AC704610300EA
S214053E60C7EF1100A01B00000A88000020610100B2
S214053E70FFDF0000306107004CD4E83B04196F00F3
S214053E80080E141A20262C32383E10325476980A1C
S214053E901D5F00001470011000F807001470013053
S214053EA0F800000018700200000300006000A583FB
S214053EB070700200060102000F9C0300FFFFFFFF63
S214053EC0F81F0101D442050034000400000000007C
S214053ED00000000000000000A007000048000100E8
S214053EE00000000054000200000000000000000072
S214053EF0A0000100FF4C000030300100E338100040
S214053F00B840010000C08300404101006D008800F4
S214053F1018600400000000C61FC001000050000025
S214053F20008000005060040018000500410C0000E9
S214053F30080000009100040078600C008C000C005E
S214053F400000000014001A00000000000000000039
S214053F5001040B192C404C59605B534736251B1141
S214053F604AF338966745231211090000E4600700F6
S214053F708F0846CB0000000023086404D007CB4812
S214053F8091200600F9541C008294EA870461030018
S214053F9051551100B01B000089BB000020610100CF
S214053FA0FFDF000030610700E853FA00000000005C
S214053FB000000000000000000000000000000000F7
S214053FC0000000001470011000F80700147001309E
S214053FD0F800000018700200000300006000A583CA
S214053FE070700200054100000F9C0300FFFFFFFFF5
S214053FF0C83A05000000000008400500040000005F
S2140540000000000000000000C03E0500809C2B8FCD
S21405401080841E00000000002400FF7F2012002080
S214054020000000000000000000000000C03E050083
S214054030809C2B8F80841E00000025002500B40080
S2140540402012002000000000000000000000000014
S214054050C03E0500809C2B8F80841E000000260035
S2140540602600990020120020000000000000000035
S21405407000000000C03E0500809C2B8F80841E003B
S214054080000027002700FF7F201200200000000008
S2140540900000000000000000F81F01012043050095
S2140540A034000400000000000000000000000000CE
S2140540B0A0070000480001000000000054000200B0
S2140540C00000000000000000A0000100FF4C0000FA
S2140540D03030010011491000B840010000C0E3006F
S2140540E040410100EA00880018600400000000C690
S2140540F01FC000000050000000D0320050600400D1
S214054100FC006900410C00000000000011000800DA
S21405411078600C000804000000000000BE031A00CA
S214054120000000000000000001040C1A2F46536131
S2140541306862584935201407C491A0635644332352
S21405414022529224E46007008108A1CB00000000FB
S214054150198407059411CB489920060001612000B3
S2140541608294EA870461030065B611001E370000D5
S21405417089BB000020610100FFDF000030610700F9
S214054180E853FA00000000000000000000000000F0
S2140541900000000000000000000000001470011080
S2140541A000F8070014700130F802000018700200CD
S2140541B0000300006000278470700200C300000042
S2140541C00F9C0300FFFFFFFFC83A05000000000034
S2140541D0E0410500060000000000000000000000A9
S2140541E098400500809C2B8F80841E0000000000F0
S2140541F02200FF7F201200200000000000000000C3
S2140542000000000098400500809C2B8F80841E00CF
S214054210000023002300B600201200200000000046
S214054220000000000000000098400500809C2B8FD1
S21405423080841E000000240024009D00201200201B
S2140542400000000000000000000000009840050087
S214054250809C2B8F80841E000000250025007D0095
S21405426020120020000000000000000000000000F2
S21405427098400500809C2B8F80841E000000260039
S2140542802600530020120020000000000000000059
S2140542900000000098400500809C2B8F80841E003F
S2140542A0000027002700FF7F2012002000000000E6
S2140542B00000000000000000193F01060410010080
S2140542C00001010600102700000C00000000000099
S2140542D0000000000D0000001CC771000000000073
S2140542E0B8420500044405000000000018CC66002E
S2140542F080DE800240420F0001010000E338000224
S21405430000000000000000000000000000000000A3
S214054310000000005B420F000000000000000000E7
S2140543200D000000388EE30000000000B8420500CE
S2140543300C44050000000000E070720080DE80027C
S21405434080841E00010100001149000200000000E3
S2140543500000000000000000000000000000000053
S21405436041841E0000000000000000000D00000053
S2140543700000800000000000B84205001444050057
S21405438000000000201089000048E80140420F00A8
S21405439001080000F93D00020000000000000000D2
S2140543A0000000000000000000000000E9410F00CA
S2140543B000000000000000000D0000000000800066
S2140543C000000000B84205001C440500000000007F
S2140543D0201089000048E80140420F000102000055
S2140543E0F93D00020000000000000000000000008B
S2140543F00000000000000000E9410F00000000007A
S2140544000000000028A00000C4090000B45F0000FA
S2140544105F050000FBD90200E7180000EBBE0000B0
S214054420E718000028120020000000000000000029
S2140544300000000000000000000000000000000072
S2140544400000000000000000000000000000000062
S2140544500000000000000000000000000000000052
S2140544600000000000000000000000000000000042
S2140544700000000000000000000000000000000032
S2140544800000000000000000232D302B2000686C83
S2140544904C0065666745464700303132333435365D
S2140544A03738394142434445460030313233343596
S2140544B03637383961626364656600002001041189
S2140544C059A101002000040171A101002001040288
S2140544D099A101002002040495A001002005040707
S2140544E0E99F01002003040F919F010020030406A5
S2140544F0CD9F010020080410D9A001002002040564
S214054500B1A00100200C040369A0010020030409E2
S21405451005A001002001040AB1A1010020024610F1
S21405452045A401002002460F15A401002000460000
S21405453095A301002004460BCDA301002004460CDC
S214054540F1A3010020040A0F75A401002005050645
S214054550DDA201002002050305A3010020000505D4
S2080545602DA301007C
S20C054564B4BDFA7F010000005A
S21005456C7845050000100020E100000066
S214054578E8C40400E8C6040000C00040020B020AAE
S2140545880E10000000000000606701000000000033
S21405459800C0004002000000D9160000781A002066
S2140545A850C7040068C70400000401400042040020
S2140545B80206FFFF02080BFF0B000000C0EA2101F8
S2140545C800F04902C0EA210100800000C83D00202D
S2140545D8881300206810002000700700009000006F
S2140545E8141F0020C8000000FE00000000000000A0
S2140545F83CFD0400C0EA21010100000021B50400C5
S2140546082000000000000000000000000000000078
S2140546180000000000000000C9A801000000000016
S21405462800000000000000007515010000000000ED
S2140546380000000000000000F994010000000000DA
S2140546480000000000000000E99E010000000000D0
S2140546580000000000000000E9A4010000000000BA
S21405466800000000000000000F2A040000000000FB
S21405467839A5010000000000000000000000000049
S2140546882DA601000000000000000000B9AD0100DD
S2140546980000000000FFFFFFFF00000028000000E4
S2140546A800000000000000000000000000000000F8
S2140546B801000000010000001400000007000000CB
S2140546C802000000C80000003200000001000000DB
S2140546D86400000003000000020000001027000028
S2140546E81400000002000000000001000800040095
S2140546F80400040004001000200004000400040060
S2140547081000040004000000000005080410000856
S2140547180202030410000000401500207015002052
S214054728201500207815002098150020DC14002098
S2140547388C160020E814002098160020681700201C
S214054748B4160020D0160020BC160020041500203C
S214054758E8160020F8160020FFFFFFFFFFFFFFFF03
S214054768B81B050015AA0400FFFFFFFFC81B0500B8
S21405477803AE0400FFAD0400FFFFFFFF3D4703003F
S214054788FFFFFFFFB3B00400FFFFFFFF31B40400CF
S214054798FFFFFFFF28120020000000004844050020
S2140547A868440500284405000000000000000000D5
S2140547B800000000000000000000000000000000E7
S2140547C800000000000000000000000000000000D7
S2140547D800000000000000000000000000000000C7
S2140547E800000000000000000000000000000000B7
S2140547F80000000000000000000011112222010E32
S2140548080102030405060708090A101112130A000F
S21405481809000000596F7572204E616D650002002B
S214054828080000000000000000000000200004004A
S2140548380000000000000200100000000000000054
S2140548480000000000000000000000000A0001004B
S2140548580000000000000000050602000000000039
S21405486805070200FFFFFFFF000008070A001700FC
S21405487800802000200020002000200020000107DE
S214054888A000A000000000000000000000000100D5
S2140548980900030000000000FFFF010101041F01D5
S2140548A801BF8FAF7F8700370F10100004040F0570
S2140548B8140A0101FF000A53696C61627344656650
S2140548C861756C7455494428181D010301FFFF03DB
S2140548D8FE000000044AD2F84C3143F0004330BFCE
S2140548E8C2F84C31704700BF00300E40FD0200008C
S2080548F8D9020000D7
S80400AC65EA
